file_name,true_class_index,pred_class_index,correct,pred_1,pred_2,pred_3,pred_4,pred_5,score_1,score_2,score_3,score_4,score_5,top5_correct,true_rank,true_species,pred_1_species,pred_2_species,pred_3_species,pred_4_species,pred_5_species
val/00009_Animalia_Arthropoda_Arachnida_Araneae_Araneidae_Araneus_diadematus/bf628018-8d7d-4f72-accd-c00826d53d7f.jpg,0,44,0,44,0,125,15,8,0.032440185546875,0.031646728515625,0.03155517578125,0.028564453125,0.024505615234375,1,2,Cross Orbweaver,Pearl Veneer,Cross Orbweaver,Long-winged Conehead,Oedemera femorata,Goldenrod Soldier Beetle
val/00009_Animalia_Arthropoda_Arachnida_Araneae_Araneidae_Araneus_diadematus/d9f6368c-1cb5-4129-8193-4bdd303abf30.jpg,0,9,0,9,80,30,0,43,0.025604248046875,0.02227783203125,0.0213623046875,0.0206756591796875,0.01641845703125,1,4,Cross Orbweaver,Spotted Longhorn,Alfalfa Looper,Brown Marmorated Stink Bug,Cross Orbweaver,Garden Webworm Moth
val/00009_Animalia_Arthropoda_Arachnida_Araneae_Araneidae_Araneus_diadematus/605da31a-81c6-4125-b03b-68d8c78aa3bd.jpg,0,222,0,222,169,0,38,94,0.01800537109375,0.0121002197265625,0.01145172119140625,0.0105438232421875,0.01006317138671875,1,3,Cross Orbweaver,White-tailed Deer,Painted Bunting,Cross Orbweaver,New York Carpenter Ant,Thoas Swallowtail
val/00045_Animalia_Arthropoda_Arachnida_Araneae_Araneidae_Trichonephila_clavipes/80740680-611b-4bb0-af20-72f7e609c6fe.jpg,1,93,0,93,9,1,94,26,0.034576416015625,0.031951904296875,0.0222625732421875,0.018951416015625,0.01535797119140625,1,3,Golden Silk Spider,Dainty Swallowtail,Spotted Longhorn,Golden Silk Spider,Thoas Swallowtail,Western Leaf-footed Bug
val/00045_Animalia_Arthropoda_Arachnida_Araneae_Araneidae_Trichonephila_clavipes/9a01c39b-421b-4134-aa67-fdaafeb68675.jpg,1,287,0,287,202,474,1,204,0.0230865478515625,0.0207061767578125,0.0186767578125,0.018218994140625,0.0168914794921875,1,4,Golden Silk Spider,Branched Asphodel,Blue-gray Tanager,elephant tree,Golden Silk Spider,Western Wood-Pewee
val/00045_Animalia_Arthropoda_Arachnida_Araneae_Araneidae_Trichonephila_clavipes/b93706c7-8406-4f61-9223-9ef6aba4759c.jpg,1,37,0,37,1,2,42,27,0.1043701171875,0.053314208984375,0.031158447265625,0.02960205078125,0.0237884521484375,1,2,Golden Silk Spider,Florida Carpenter Ant,Golden Silk Spider,Six-spotted Fishing Spider,Western Paper Wasp,Western Conifer Seed Bug
val/00070_Animalia_Arthropoda_Arachnida_Araneae_Pisauridae_Dolomedes_triton/1d74a0bb-db5a-42ad-b800-aec6f6135cea.jpg,2,27,0,27,1,122,2,37,0.1424560546875,0.08544921875,0.06787109375,0.053253173828125,0.048583984375,1,4,Six-spotted Fishing Spider,Western Conifer Seed Bug,Golden Silk Spider,Neurothemis taiwanensis,Six-spotted Fishing Spider,Florida Carpenter Ant
val/00070_Animalia_Arthropoda_Arachnida_Araneae_Pisauridae_Dolomedes_triton/482d7e58-4759-46ea-9580-bc54a0879e41.jpg,2,143,0,143,141,242,2,31,0.0389404296875,0.038787841796875,0.034698486328125,0.025726318359375,0.0181427001953125,1,4,Six-spotted Fishing Spider,Northern Red-legged Frog,Cachabi Robber Frog,Brown Basilisk,Six-spotted Fishing Spider,Southern Green Stink Bug
val/00070_Animalia_Arthropoda_Arachnida_Araneae_Pisauridae_Dolomedes_triton/bec70d74-99f4-4775-ad24-2524e8f94461.jpg,2,19,0,19,120,27,2,35,0.044586181640625,0.0300445556640625,0.02374267578125,0.0183868408203125,0.017913818359375,1,4,Six-spotted Fishing Spider,Garden soldier fly,Dragonhunter,Western Conifer Seed Bug,Six-spotted Fishing Spider,Elm Sawfly
val/00094_Animalia_Arthropoda_Arachnida_Araneae_Salticidae_Phidippus_johnsoni/8bcfd228-9943-4dbd-8ca1-cdf43e398812.jpg,3,249,0,249,38,127,3,252,0.15234375,0.149169921875,0.06048583984375,0.03936767578125,0.034881591796875,1,4,Johnson's Jumping Spider,Beadlet anemone,New York Carpenter Ant,New Zealand Half Crab,Johnson's Jumping Spider,Common Whelk
val/00152_Animalia_Arthropoda_Arachnida_Scorpiones_Vaejovidae_Paravaejovis_puritanus/7e3d62f2-00d0-4ec5-a415-1e6f2d1e4ebd.jpg,4,101,0,101,4,126,111,123,0.08843994140625,0.0751953125,0.04669189453125,0.0264434814453125,0.025054931640625,1,2,Paravaejovis puritanus,Orange-tipped Oakworm Moth,Paravaejovis puritanus,Virile Crayfish,Bidens Borer Moth,Marsh meadow grasshopper
val/00152_Animalia_Arthropoda_Arachnida_Scorpiones_Vaejovidae_Paravaejovis_puritanus/4f524f75-2a09-4044-89f1-794c35690fd2.jpg,4,101,0,101,6,4,274,257,0.05316162109375,0.04937744140625,0.0482177734375,0.032196044921875,0.030029296875,1,3,Paravaejovis puritanus,Orange-tipped Oakworm Moth,Giant Desert Centipede,Paravaejovis puritanus,ceramic parchment,Decollate Snail
val/00157_Animalia_Arthropoda_Chilopoda_Scolopendromorpha_Scolopendridae_Hemiscolopendra_marginata/4091a551-6ad8-4cea-bc03-4195c592de62.jpg,5,6,0,6,108,5,241,243,0.34228515625,0.03662109375,0.031768798828125,0.017547607421875,0.01708984375,1,3,Eastern Bark Centipede,Giant Desert Centipede,Pine Hawk-Moth,Eastern Bark Centipede,Aesculapian Snake,Texas Coralsnake
val/00159_Animalia_Arthropoda_Chilopoda_Scolopendromorpha_Scolopendridae_Scolopendra_heros/bba39ebe-1c85-470d-9827-deac896e02fa.jpg,6,257,0,257,126,101,10,6,0.034942626953125,0.0300140380859375,0.020050048828125,0.0182342529296875,0.017822265625,1,5,Giant Desert Centipede,Decollate Snail,Virile Crayfish,Orange-tipped Oakworm Moth,Spined Woodborer,Giant Desert Centipede
val/00193_Animalia_Arthropoda_Insecta_Coleoptera_Cantharidae_Chauliognathus_pensylvanicus/e7039cfa-6c52-4b61-ac6c-dbc2230dbcd6.jpg,8,22,0,22,8,15,32,71,0.362548828125,0.11541748046875,0.041717529296875,0.0248870849609375,0.020965576171875,1,2,Goldenrod Soldier Beetle,Transverse-banded Flower Fly,Goldenrod Soldier Beetle,Oedemera femorata,Jagged Ambush Bug,Dorantes Longtail
val/00193_Animalia_Arthropoda_Insecta_Coleoptera_Cantharidae_Chauliognathus_pensylvanicus/ca5274d6-9681-4970-8631-b305f699d778.jpg,8,15,0,15,32,8,22,28,0.048614501953125,0.0477294921875,0.04052734375,0.039337158203125,0.03704833984375,1,3,Goldenrod Soldier Beetle,Oedemera femorata,Jagged Ambush Bug,Goldenrod Soldier Beetle,Transverse-banded Flower Fly,Alfalfa Plant Bug
val/00251_Animalia_Arthropoda_Insecta_Coleoptera_Cerambycidae_Rutpela_maculata/2fe77173-a78b-454b-9127-7f5c829db93f.jpg,9,15,0,15,28,83,9,8,0.034210205078125,0.0254058837890625,0.0227203369140625,0.019622802734375,0.018707275390625,1,4,Spotted Longhorn,Oedemera femorata,Alfalfa Plant Bug,Half-yellow Moth,Spotted Longhorn,Goldenrod Soldier Beetle
val/00251_Animalia_Arthropoda_Insecta_Coleoptera_Cerambycidae_Rutpela_maculata/73037236-5c43-4b70-b387-40d61aeb25a8.jpg,9,363,0,363,313,9,333,318,0.130126953125,0.09033203125,0.0650634765625,0.04254150390625,0.035247802734375,1,3,Spotted Longhorn,Perez's sea lavender,upright hedge-parsley,Spotted Longhorn,Tauhinu,common yarrow
val/00251_Animalia_Arthropoda_Insecta_Coleoptera_Cerambycidae_Rutpela_maculata/34cbb073-f2d7-4c12-86af-4193b0789c92.jpg,9,16,0,16,33,38,9,39,0.0172576904296875,0.016632080078125,0.01546478271484375,0.01406097412109375,0.01262664794921875,1,4,Spotted Longhorn,Kern's Flower Scarab,Ashy Mining Bee,New York Carpenter Ant,Spotted Longhorn,Pure Green Sweat Bee
val/00251_Animalia_Arthropoda_Insecta_Coleoptera_Cerambycidae_Rutpela_maculata/f648252e-af23-4561-81fd-102cd93bb111.jpg,9,12,0,12,8,9,402,15,0.03955078125,0.02783203125,0.024566650390625,0.0203857421875,0.017303466796875,1,3,Spotted Longhorn,Hadda Beetle,Goldenrod Soldier Beetle,Spotted Longhorn,swamp chestnut oak,Oedemera femorata
val/00260_Animalia_Arthropoda_Insecta_Coleoptera_Cerambycidae_Trichocnemis_spiculatus/780908cd-8b2e-4859-8999-ce23f55fba7b.jpg,10,120,0,120,127,10,126,35,0.02557373046875,0.02191162109375,0.021728515625,0.0194549560546875,0.0171966552734375,1,3,Spined Woodborer,Dragonhunter,New Zealand Half Crab,Spined Woodborer,Virile Crayfish,Elm Sawfly
val/00260_Animalia_Arthropoda_Insecta_Coleoptera_Cerambycidae_Trichocnemis_spiculatus/ee6b7a5f-93d6-4091-9b6b-2dff0c856d5f.jpg,10,137,0,137,48,10,113,98,0.033172607421875,0.01512908935546875,0.014923095703125,0.01415252685546875,0.01410675048828125,1,3,Spined Woodborer,Freshwater Drum,Snowy Urola Moth,Spined Woodborer,Australian Green Mantis,Darker Moodna Moth
val/00290_Animalia_Arthropoda_Insecta_Coleoptera_Chrysomelidae_Leptinotarsa_juncta/f943fdda-2838-47fb-ae7a-f363cfa8e8d1.jpg,11,258,0,258,11,259,257,30,0.11505126953125,0.0728759765625,0.01727294921875,0.01454925537109375,0.01096343994140625,1,2,False Potato Beetle,White-lipped Snail,False Potato Beetle,Turkish Snail,Decollate Snail,Brown Marmorated Stink Bug
val/00290_Animalia_Arthropoda_Insecta_Coleoptera_Chrysomelidae_Leptinotarsa_juncta/e986f939-d810-483d-8f0f-478eac866662.jpg,11,42,0,42,11,123,9,29,0.05340576171875,0.035430908203125,0.021331787109375,0.0198974609375,0.01558685302734375,1,2,False Potato Beetle,Western Paper Wasp,False Potato Beetle,Marsh meadow grasshopper,Spotted Longhorn,European Striped Shield Bug
val/00290_Animalia_Arthropoda_Insecta_Coleoptera_Chrysomelidae_Leptinotarsa_juncta/9b68754e-38d9-438e-94f6-e44f9688b95a.jpg,11,10,0,10,47,11,236,250,0.0255889892578125,0.021270751953125,0.016387939453125,0.016265869140625,0.016143798828125,1,3,False Potato Beetle,Spined Woodborer,Volupial Pyrausta Moth,False Potato Beetle,Italian Slow Worm,Nuttall's Cockle
val/00332_Animalia_Arthropoda_Insecta_Coleoptera_Coccinellidae_Psyllobora_vigintiduopunctata/aa5cd3ef-d5d3-4d52-862a-dd995f705001.jpg,13,12,0,12,13,86,256,75,0.497802734375,0.049957275390625,0.0147552490234375,0.00775146484375,0.006412506103515625,1,2,22-spot Ladybird Beetle,Hadda Beetle,22-spot Ladybird Beetle,Lesser Marbled Fritillary,Varicose Wart Slug,Spring Azure
val/00332_Animalia_Arthropoda_Insecta_Coleoptera_Coccinellidae_Psyllobora_vigintiduopunctata/f76cff9c-9e76-4be8-906e-e73e1e9d4064.jpg,13,12,0,12,13,16,97,40,0.412353515625,0.0236053466796875,0.0149993896484375,0.01267242431640625,0.01263427734375,1,2,22-spot Ladybird Beetle,Hadda Beetle,22-spot Ladybird Beetle,Kern's Flower Scarab,Large White Butterfly,Metallic Epauletted-Sweat Bee
val/00332_Animalia_Arthropoda_Insecta_Coleoptera_Coccinellidae_Psyllobora_vigintiduopunctata/d3be320e-855c-4488-abbc-7308e2397e84.jpg,13,12,0,12,13,103,256,196,0.101806640625,0.026092529296875,0.021392822265625,0.0194244384765625,0.01001739501953125,1,2,22-spot Ladybird Beetle,Hadda Beetle,22-spot Ladybird Beetle,Small Emperor Moth,Varicose Wart Slug,Eastern Yellow Robin
val/00332_Animalia_Arthropoda_Insecta_Coleoptera_Coccinellidae_Psyllobora_vigintiduopunctata/80f0408e-3068-40ac-8795-d62cdcba91f8.jpg,13,9,0,9,13,39,12,411,0.0247344970703125,0.02374267578125,0.0196075439453125,0.0196075439453125,0.01678466796875,1,2,22-spot Ladybird Beetle,Spotted Longhorn,22-spot Ladybird Beetle,Pure Green Sweat Bee,Hadda Beetle,lemon balm
val/00332_Animalia_Arthropoda_Insecta_Coleoptera_Coccinellidae_Psyllobora_vigintiduopunctata/8ab5d7f9-a879-43b6-978b-78d224dfaa1f.jpg,13,12,0,12,13,86,256,9,0.3095703125,0.049468994140625,0.034271240234375,0.02691650390625,0.0142822265625,1,2,22-spot Ladybird Beetle,Hadda Beetle,22-spot Ladybird Beetle,Lesser Marbled Fritillary,Varicose Wart Slug,Spotted Longhorn
val/00332_Animalia_Arthropoda_Insecta_Coleoptera_Coccinellidae_Psyllobora_vigintiduopunctata/c7e5cd75-cded-420c-bf62-ad0123548d83.jpg,13,12,0,12,13,86,89,9,0.5,0.02691650390625,0.0088348388671875,0.008758544921875,0.007518768310546875,1,2,22-spot Ladybird Beetle,Hadda Beetle,22-spot Ladybird Beetle,Lesser Marbled Fritillary,Baltimore Checkerspot,Spotted Longhorn
val/00351_Animalia_Arthropoda_Insecta_Coleoptera_Geotrupidae_Anoplotrupes_stercorosus/b30ac1e6-c02d-4574-a434-ca4a10896da2.jpg,14,38,0,38,14,33,18,127,0.119384765625,0.058319091796875,0.046661376953125,0.0290374755859375,0.0181121826171875,1,2,Woodland Dor Beetle,New York Carpenter Ant,Woodland Dor Beetle,Ashy Mining Bee,Blue Blowfly,New Zealand Half Crab
val/00370_Animalia_Arthropoda_Insecta_Coleoptera_Oedemeridae_Oedemera_femorata/d361018a-a906-4279-9403-9e1cebfa3ac5.jpg,15,8,0,8,364,15,187,41,0.0775146484375,0.03289794921875,0.017181396484375,0.01629638671875,0.01551055908203125,1,3,Oedemera femorata,Goldenrod Soldier Beetle,alpine bistort,Oedemera femorata,Chestnut-backed Chickadee,Common Thread-waisted Wasp
val/00370_Animalia_Arthropoda_Insecta_Coleoptera_Oedemeridae_Oedemera_femorata/ef4315cd-ce95-4b72-9b87-09a856c909f1.jpg,15,10,0,10,15,41,28,25,0.13671875,0.0697021484375,0.04107666015625,0.029571533203125,0.0193939208984375,1,2,Oedemera femorata,Spined Woodborer,Oedemera femorata,Common Thread-waisted Wasp,Alfalfa Plant Bug,Florida Leaf-footed Bug
val/00370_Animalia_Arthropoda_Insecta_Coleoptera_Oedemeridae_Oedemera_femorata/eae6a221-1274-482b-b2c2-b3408ce18571.jpg,15,8,0,8,15,22,341,401,0.1524658203125,0.12469482421875,0.09576416015625,0.0202178955078125,0.0113983154296875,1,2,Oedemera femorata,Goldenrod Soldier Beetle,Oedemera femorata,Transverse-banded Flower Fly,tree marigold,Yellow milkwort
val/00370_Animalia_Arthropoda_Insecta_Coleoptera_Oedemeridae_Oedemera_femorata/517aabc8-0c6d-4ea0-936b-12e592cb99aa.jpg,15,10,0,10,27,25,15,113,0.1204833984375,0.061920166015625,0.051025390625,0.049072265625,0.047088623046875,1,4,Oedemera femorata,Spined Woodborer,Western Conifer Seed Bug,Florida Leaf-footed Bug,Oedemera femorata,Australian Green Mantis
val/00384_Animalia_Arthropoda_Insecta_Coleoptera_Scarabaeidae_Euphoria_kernii/01689499-5abc-4c43-b3f6-d084747a5815.jpg,16,32,0,32,8,20,401,16,0.039825439453125,0.0360107421875,0.035430908203125,0.0269012451171875,0.02630615234375,1,5,Kern's Flower Scarab,Jagged Ambush Bug,Goldenrod Soldier Beetle,Mexican Cactus Fly,Yellow milkwort,Kern's Flower Scarab
val/00384_Animalia_Arthropoda_Insecta_Coleoptera_Scarabaeidae_Euphoria_kernii/ad40863e-cef8-42c2-a3fa-dfaf94c0d3c3.jpg,16,9,0,9,16,97,40,12,0.0197906494140625,0.0185546875,0.0169525146484375,0.01509857177734375,0.01503753662109375,1,2,Kern's Flower Scarab,Spotted Longhorn,Kern's Flower Scarab,Large White Butterfly,Metallic Epauletted-Sweat Bee,Hadda Beetle
val/00384_Animalia_Arthropoda_Insecta_Coleoptera_Scarabaeidae_Euphoria_kernii/c4e50d28-92d0-40fe-838b-0a69e045848f.jpg,16,32,0,32,16,33,18,15,0.03338623046875,0.0221099853515625,0.0109100341796875,0.0105438232421875,0.01050567626953125,1,2,Kern's Flower Scarab,Jagged Ambush Bug,Kern's Flower Scarab,Ashy Mining Bee,Blue Blowfly,Oedemera femorata
val/00384_Animalia_Arthropoda_Insecta_Coleoptera_Scarabaeidae_Euphoria_kernii/8f047f9b-6f60-43d1-b029-09430d02f858.jpg,16,32,0,32,300,16,423,20,0.1583251953125,0.041717529296875,0.0360107421875,0.01995849609375,0.0187530517578125,1,3,Kern's Flower Scarab,Jagged Ambush Bug,Leopard Lily,Kern's Flower Scarab,scarlet monkeyflower,Mexican Cactus Fly
val/00386_Animalia_Arthropoda_Insecta_Coleoptera_Scarabaeidae_Exomala_orientalis/f42b16c2-a0a6-4d95-8171-7581b63e90c5.jpg,17,31,0,31,16,281,17,19,0.06298828125,0.044158935546875,0.04229736328125,0.03204345703125,0.01904296875,1,4,Oriental Beetle,Southern Green Stink Bug,Kern's Flower Scarab,nodding onion,Oriental Beetle,Garden soldier fly
val/00435_Animalia_Arthropoda_Insecta_Diptera_Calliphoridae_Calliphora_vicina/5dc6b522-b4eb-4be9-80bd-331dba626a07.jpg,18,71,0,71,18,84,31,81,0.052703857421875,0.04827880859375,0.02984619140625,0.02093505859375,0.0173797607421875,1,2,Blue Blowfly,Dorantes Longtail,Blue Blowfly,Green Silver-lines,Southern Green Stink Bug,Small Mossy Lithacodia
val/00435_Animalia_Arthropoda_Insecta_Diptera_Calliphoridae_Calliphora_vicina/62e1f25f-f692-4518-8187-f98a482ee05c.jpg,18,31,0,31,209,84,18,23,0.03009033203125,0.0214996337890625,0.019744873046875,0.0160369873046875,0.0154876708984375,1,4,Blue Blowfly,Southern Green Stink Bug,Indian White-eye,Green Silver-lines,Blue Blowfly,Maize Calligrapher Fly
val/00457_Animalia_Arthropoda_Insecta_Diptera_Stratiomyidae_Exaireta_spinigera/2ae3e79e-cce0-45e1-835c-1ecfb4ae9748.jpg,19,123,0,123,5,19,108,235,0.0616455078125,0.060455322265625,0.0259246826171875,0.0236053466796875,0.0178375244140625,1,3,Garden soldier fly,Marsh meadow grasshopper,Eastern Bark Centipede,Garden soldier fly,Pine Hawk-Moth,Belize Crocodile
val/00457_Animalia_Arthropoda_Insecta_Diptera_Stratiomyidae_Exaireta_spinigera/7d9bd16e-2b28-48b4-8b5f-8ac55b7cee64.jpg,19,33,0,33,9,31,40,19,0.07147216796875,0.038421630859375,0.03240966796875,0.02276611328125,0.0221099853515625,1,5,Garden soldier fly,Ashy Mining Bee,Spotted Longhorn,Southern Green Stink Bug,Metallic Epauletted-Sweat Bee,Garden soldier fly
val/00461_Animalia_Arthropoda_Insecta_Diptera_Syrphidae_Copestylum_mexicanum/4d5b89ca-dd00-465a-bc0c-c7c596e475b4.jpg,20,34,0,34,20,288,32,9,0.10186767578125,0.07220458984375,0.05999755859375,0.0300750732421875,0.02886962890625,1,2,Mexican Cactus Fly,Southern Carpenter Bee,Mexican Cactus Fly,Mountain flax,Jagged Ambush Bug,Spotted Longhorn
val/00461_Animalia_Arthropoda_Insecta_Diptera_Syrphidae_Copestylum_mexicanum/6880af20-7f98-4b6b-9c82-e5c799632c31.jpg,20,34,0,34,14,20,249,18,0.3212890625,0.040771484375,0.0390625,0.0163421630859375,0.0147247314453125,1,3,Mexican Cactus Fly,Southern Carpenter Bee,Woodland Dor Beetle,Mexican Cactus Fly,Beadlet anemone,Blue Blowfly
val/00461_Animalia_Arthropoda_Insecta_Diptera_Syrphidae_Copestylum_mexicanum/d61f241d-5af4-4227-94f7-7f9628be8f4c.jpg,20,34,0,34,16,18,20,28,0.10845947265625,0.08868408203125,0.06817626953125,0.044769287109375,0.031341552734375,1,4,Mexican Cactus Fly,Southern Carpenter Bee,Kern's Flower Scarab,Blue Blowfly,Mexican Cactus Fly,Alfalfa Plant Bug
val/00461_Animalia_Arthropoda_Insecta_Diptera_Syrphidae_Copestylum_mexicanum/bcf42d61-f7cb-488f-bd31-50c1f455a696.jpg,20,22,0,22,15,8,20,39,0.0999755859375,0.07373046875,0.06390380859375,0.059112548828125,0.035369873046875,1,4,Mexican Cactus Fly,Transverse-banded Flower Fly,Oedemera femorata,Goldenrod Soldier Beetle,Mexican Cactus Fly,Pure Green Sweat Bee
val/00470_Animalia_Arthropoda_Insecta_Diptera_Syrphidae_Eristalis_stipator/d14236d4-0ce2-41ed-b6bf-07aec598c995.jpg,21,17,0,17,21,27,37,257,0.12481689453125,0.08941650390625,0.046844482421875,0.0222320556640625,0.0211944580078125,1,2,Yellow-shouldered Drone Fly,Oriental Beetle,Yellow-shouldered Drone Fly,Western Conifer Seed Bug,Florida Carpenter Ant,Decollate Snail
val/00493_Animalia_Arthropoda_Insecta_Diptera_Syrphidae_Toxomerus_politus/4d5199ae-bca6-4ee7-81df-738a77aa02d7.jpg,23,83,0,83,23,253,257,98,0.0188751220703125,0.01499176025390625,0.01322174072265625,0.01065826416015625,0.0106201171875,1,2,Maize Calligrapher Fly,Half-yellow Moth,Maize Calligrapher Fly,California Cone,Decollate Snail,Darker Moodna Moth
val/00493_Animalia_Arthropoda_Insecta_Diptera_Syrphidae_Toxomerus_politus/8bb85286-6d93-48bc-b841-8e1251360d80.jpg,23,11,0,11,23,111,0,30,0.041046142578125,0.036529541015625,0.023773193359375,0.021728515625,0.01554107666015625,1,2,Maize Calligrapher Fly,False Potato Beetle,Maize Calligrapher Fly,Bidens Borer Moth,Cross Orbweaver,Brown Marmorated Stink Bug
val/00513_Animalia_Arthropoda_Insecta_Hemiptera_Adelgidae_Adelges_tsugae/ac335a27-4023-4b5b-b22c-4354c2db0e45.jpg,24,493,0,493,24,495,490,494,0.09600830078125,0.043975830078125,0.023101806640625,0.021484375,0.01209259033203125,1,2,Hemlock Woolly Adelgid,tangle fern,Hemlock Woolly Adelgid,Crown Fern,white fir,Hen and Chicks Fern
val/00513_Animalia_Arthropoda_Insecta_Hemiptera_Adelgidae_Adelges_tsugae/953a9e2c-a551-46d6-a389-e86feaa56c95.jpg,24,493,0,493,498,495,490,24,0.1021728515625,0.0472412109375,0.04168701171875,0.0173797607421875,0.01451873779296875,1,5,Hemlock Woolly Adelgid,tangle fern,ladder fern,Crown Fern,white fir,Hemlock Woolly Adelgid
val/00513_Animalia_Arthropoda_Insecta_Hemiptera_Adelgidae_Adelges_tsugae/21e405d3-cf31-45e0-9be9-02cd7de20939.jpg,24,310,0,310,392,24,373,309,0.0821533203125,0.06488037109375,0.05560302734375,0.04107666015625,0.034820556640625,1,3,Hemlock Woolly Adelgid,Kangaroo Grass,pygmy-flower rock-jasmine,Hemlock Woolly Adelgid,Stinging Serpent,Saint Augustine grass
val/00558_Animalia_Arthropoda_Insecta_Hemiptera_Coreidae_Acanthocephala_femorata/b16952aa-0a41-4714-abe7-f7992da1d0f8.jpg,25,27,0,27,10,49,25,17,0.056243896484375,0.041015625,0.023651123046875,0.0203094482421875,0.019775390625,1,4,Florida Leaf-footed Bug,Western Conifer Seed Bug,Spined Woodborer,Deduced Graphic,Florida Leaf-footed Bug,Oriental Beetle
val/00567_Animalia_Arthropoda_Insecta_Hemiptera_Coreidae_Leptoglossus_clypealis/fd61b3ee-258a-4cea-b324-f84ec23c28f2.jpg,26,30,0,30,26,42,9,25,0.0479736328125,0.03564453125,0.02777099609375,0.02386474609375,0.021331787109375,1,2,Western Leaf-footed Bug,Brown Marmorated Stink Bug,Western Leaf-footed Bug,Western Paper Wasp,Spotted Longhorn,Florida Leaf-footed Bug
val/00567_Animalia_Arthropoda_Insecta_Hemiptera_Coreidae_Leptoglossus_clypealis/a5b7d4eb-1e40-41f5-9a7d-2ed012710e54.jpg,26,47,0,47,26,30,27,48,0.053985595703125,0.04925537109375,0.02203369140625,0.019287109375,0.018768310546875,1,2,Western Leaf-footed Bug,Volupial Pyrausta Moth,Western Leaf-footed Bug,Brown Marmorated Stink Bug,Western Conifer Seed Bug,Snowy Urola Moth
val/00568_Animalia_Arthropoda_Insecta_Hemiptera_Coreidae_Leptoglossus_occidentalis/70d3ace9-91cc-40a5-ac41-413e779f2821.jpg,27,41,0,41,42,30,1,27,0.04693603515625,0.04693603515625,0.03363037109375,0.031036376953125,0.0275115966796875,1,5,Western Conifer Seed Bug,Common Thread-waisted Wasp,Western Paper Wasp,Brown Marmorated Stink Bug,Golden Silk Spider,Western Conifer Seed Bug
val/00568_Animalia_Arthropoda_Insecta_Hemiptera_Coreidae_Leptoglossus_occidentalis/fcb5125b-b262-42ac-a240-b5eff015f198.jpg,27,19,0,19,27,42,2,17,0.0728759765625,0.06182861328125,0.025970458984375,0.0252227783203125,0.024566650390625,1,2,Western Conifer Seed Bug,Garden soldier fly,Western Conifer Seed Bug,Western Paper Wasp,Six-spotted Fishing Spider,Oriental Beetle
val/00568_Animalia_Arthropoda_Insecta_Hemiptera_Coreidae_Leptoglossus_occidentalis/8291250a-d60e-4606-a649-6998a2318f92.jpg,27,4,0,4,123,42,19,27,0.1531982421875,0.0732421875,0.039276123046875,0.0274200439453125,0.0263214111328125,1,5,Western Conifer Seed Bug,Paravaejovis puritanus,Marsh meadow grasshopper,Western Paper Wasp,Garden soldier fly,Western Conifer Seed Bug
val/00568_Animalia_Arthropoda_Insecta_Hemiptera_Coreidae_Leptoglossus_occidentalis/a3ea78fc-1314-4668-bc48-b7980a4228ef.jpg,27,107,0,107,27,111,0,99,0.054901123046875,0.0386962890625,0.034454345703125,0.027191162109375,0.0254058837890625,1,2,Western Conifer Seed Bug,Blinded Sphinx Moth,Western Conifer Seed Bug,Bidens Borer Moth,Cross Orbweaver,Fatal Metalmark
val/00597_Animalia_Arthropoda_Insecta_Hemiptera_Miridae_Adelphocoris_lineolatus/87f6a50b-61ab-4a65-87db-91364e774a7e.jpg,28,123,0,123,26,42,39,28,0.07733154296875,0.05975341796875,0.038116455078125,0.028167724609375,0.0241851806640625,1,5,Alfalfa Plant Bug,Marsh meadow grasshopper,Western Leaf-footed Bug,Western Paper Wasp,Pure Green Sweat Bee,Alfalfa Plant Bug
val/00597_Animalia_Arthropoda_Insecta_Hemiptera_Miridae_Adelphocoris_lineolatus/785ec115-9da2-4d78-ad41-5b1802782519.jpg,28,42,0,42,26,28,2,123,0.06201171875,0.040191650390625,0.0294342041015625,0.021331787109375,0.0213165283203125,1,3,Alfalfa Plant Bug,Western Paper Wasp,Western Leaf-footed Bug,Alfalfa Plant Bug,Six-spotted Fishing Spider,Marsh meadow grasshopper
val/00624_Animalia_Arthropoda_Insecta_Hemiptera_Pentatomidae_Graphosoma_italicum/ade6530a-40bb-4dba-8c57-d01f5a5037bc.jpg,29,300,0,300,169,29,70,11,0.016998291015625,0.0154266357421875,0.0141143798828125,0.01082611083984375,0.01076507568359375,1,3,European Striped Shield Bug,Leopard Lily,Painted Bunting,European Striped Shield Bug,European Skipper,False Potato Beetle
val/00624_Animalia_Arthropoda_Insecta_Hemiptera_Pentatomidae_Graphosoma_italicum/678b7819-c778-4db0-a690-696990c51916.jpg,29,9,0,9,253,11,29,466,0.026885986328125,0.0183563232421875,0.015869140625,0.0142669677734375,0.011993408203125,1,4,European Striped Shield Bug,Spotted Longhorn,California Cone,False Potato Beetle,European Striped Shield Bug,Himalayan-berry
val/00624_Animalia_Arthropoda_Insecta_Hemiptera_Pentatomidae_Graphosoma_italicum/0f9dd095-6fb1-47c8-91ee-2932316ea9dc.jpg,29,258,0,258,9,11,29,3,0.0667724609375,0.038116455078125,0.0283660888671875,0.025146484375,0.024810791015625,1,4,European Striped Shield Bug,White-lipped Snail,Spotted Longhorn,False Potato Beetle,European Striped Shield Bug,Johnson's Jumping Spider
val/00626_Animalia_Arthropoda_Insecta_Hemiptera_Pentatomidae_Halyomorpha_halys/91909f41-f8f8-443f-b0e1-891ab4dd24cd.jpg,30,32,0,32,15,30,28,120,0.022369384765625,0.0191497802734375,0.0190887451171875,0.015625,0.01313018798828125,1,3,Brown Marmorated Stink Bug,Jagged Ambush Bug,Oedemera femorata,Brown Marmorated Stink Bug,Alfalfa Plant Bug,Dragonhunter
val/00630_Animalia_Arthropoda_Insecta_Hemiptera_Pentatomidae_Nezara_viridula/0b865e49-0f68-49ef-938b-1579ad68a6fa.jpg,31,32,0,32,40,31,423,210,0.048004150390625,0.047882080078125,0.016510009765625,0.01407623291015625,0.01384735107421875,1,3,Southern Green Stink Bug,Jagged Ambush Bug,Metallic Epauletted-Sweat Bee,Southern Green Stink Bug,scarlet monkeyflower,Boat-billed Heron
val/00630_Animalia_Arthropoda_Insecta_Hemiptera_Pentatomidae_Nezara_viridula/729f6d54-4723-4336-9a0f-c1b5988dd574.jpg,31,84,0,84,353,31,40,114,0.022216796875,0.0217437744140625,0.02001953125,0.019378662109375,0.01593017578125,1,3,Southern Green Stink Bug,Green Silver-lines,Mignonette vine,Southern Green Stink Bug,Metallic Epauletted-Sweat Bee,Chrysopa oculata
val/00630_Animalia_Arthropoda_Insecta_Hemiptera_Pentatomidae_Nezara_viridula/827a9709-dbed-4077-b5f2-05a67ee3c5b2.jpg,31,84,0,84,317,31,272,271,0.033843994140625,0.0277557373046875,0.020263671875,0.01434326171875,0.01427459716796875,1,3,Southern Green Stink Bug,Green Silver-lines,American holly,Southern Green Stink Bug,Hoof Fungus,stinkhorn
val/00651_Animalia_Arthropoda_Insecta_Hemiptera_Reduviidae_Phymata_americana/249b76c3-ee2f-45c1-938b-9d6777152ad1.jpg,32,371,0,371,262,32,125,9,0.0127105712890625,0.00970458984375,0.00945281982421875,0.00934600830078125,0.00902557373046875,1,3,Jagged Ambush Bug,canaigre dock,Golden Hair-lichen,Jagged Ambush Bug,Long-winged Conehead,Spotted Longhorn
val/00651_Animalia_Arthropoda_Insecta_Hemiptera_Reduviidae_Phymata_americana/abaa8ae8-ffb6-421d-a83f-e131b471b91d.jpg,32,34,0,34,9,20,32,40,0.100341796875,0.07891845703125,0.049072265625,0.03997802734375,0.026092529296875,1,4,Jagged Ambush Bug,Southern Carpenter Bee,Spotted Longhorn,Mexican Cactus Fly,Jagged Ambush Bug,Metallic Epauletted-Sweat Bee
val/00651_Animalia_Arthropoda_Insecta_Hemiptera_Reduviidae_Phymata_americana/2d42c65e-6576-470e-b4ed-7a69b8e45407.jpg,32,318,0,318,350,329,9,32,0.07452392578125,0.051910400390625,0.043548583984375,0.040496826171875,0.034942626953125,1,5,Jagged Ambush Bug,common yarrow,California shieldpod,Old Plainsman,Spotted Longhorn,Jagged Ambush Bug
val/00671_Animalia_Arthropoda_Insecta_Hymenoptera_Andrenidae_Andrena_cineraria/d0f1e756-c9a7-4ff9-9806-c5af1a57e4ed.jpg,33,40,0,40,33,32,3,39,0.033966064453125,0.029998779296875,0.0168609619140625,0.01555633544921875,0.014739990234375,1,2,Ashy Mining Bee,Metallic Epauletted-Sweat Bee,Ashy Mining Bee,Jagged Ambush Bug,Johnson's Jumping Spider,Pure Green Sweat Bee
val/00671_Animalia_Arthropoda_Insecta_Hymenoptera_Andrenidae_Andrena_cineraria/d0b58fa4-a7a3-4b60-ab13-d074d3da7404.jpg,33,18,0,18,33,34,3,2,0.1104736328125,0.10791015625,0.07220458984375,0.064208984375,0.031768798828125,1,2,Ashy Mining Bee,Blue Blowfly,Ashy Mining Bee,Southern Carpenter Bee,Johnson's Jumping Spider,Six-spotted Fishing Spider
val/00671_Animalia_Arthropoda_Insecta_Hymenoptera_Andrenidae_Andrena_cineraria/fe381523-0314-4780-a7ad-ec43a7534cc3.jpg,33,14,0,14,33,3,18,249,0.08343505859375,0.05810546875,0.037750244140625,0.0330810546875,0.02783203125,1,2,Ashy Mining Bee,Woodland Dor Beetle,Ashy Mining Bee,Johnson's Jumping Spider,Blue Blowfly,Beadlet anemone
val/00671_Animalia_Arthropoda_Insecta_Hymenoptera_Andrenidae_Andrena_cineraria/d8111fd5-5266-49de-8230-c1fa1680389a.jpg,33,3,0,3,33,187,18,38,0.0814208984375,0.05841064453125,0.0294342041015625,0.0222625732421875,0.0202789306640625,1,2,Ashy Mining Bee,Johnson's Jumping Spider,Ashy Mining Bee,Chestnut-backed Chickadee,Blue Blowfly,New York Carpenter Ant
val/00718_Animalia_Arthropoda_Insecta_Hymenoptera_Cimbicidae_Cimbex_americanus/d1948d4f-643d-4131-8fdf-c5972fc4782b.jpg,35,34,0,34,23,20,15,35,0.08502197265625,0.04620361328125,0.0377197265625,0.0252532958984375,0.0234832763671875,1,5,Elm Sawfly,Southern Carpenter Bee,Maize Calligrapher Fly,Mexican Cactus Fly,Oedemera femorata,Elm Sawfly
val/00718_Animalia_Arthropoda_Insecta_Hymenoptera_Cimbicidae_Cimbex_americanus/d800a673-610a-42bf-96b8-189ff6e4e909.jpg,35,38,0,38,42,127,18,35,0.076416015625,0.05181884765625,0.04925537109375,0.032501220703125,0.029266357421875,1,5,Elm Sawfly,New York Carpenter Ant,Western Paper Wasp,New Zealand Half Crab,Blue Blowfly,Elm Sawfly
val/00718_Animalia_Arthropoda_Insecta_Hymenoptera_Cimbicidae_Cimbex_americanus/8fa82250-596f-486a-9786-0f35bc4e1290.jpg,35,267,0,267,35,264,265,254,0.1424560546875,0.09844970703125,0.048370361328125,0.0347900390625,0.0229339599609375,1,2,Elm Sawfly,Lichen Agaric,Elm Sawfly,Yellow Stainer,green-spored parasol,Lettered Olive
val/00718_Animalia_Arthropoda_Insecta_Hymenoptera_Cimbicidae_Cimbex_americanus/bb274718-da52-4e00-a3c4-d85b0c0731fb.jpg,35,34,0,34,20,35,18,9,0.327392578125,0.07611083984375,0.0263214111328125,0.0260009765625,0.0204620361328125,1,3,Elm Sawfly,Southern Carpenter Bee,Mexican Cactus Fly,Elm Sawfly,Blue Blowfly,Spotted Longhorn
val/00727_Animalia_Arthropoda_Insecta_Hymenoptera_Cynipidae_Amphibolips_confluenta/1d4ef850-0b78-46de-a948-834d1c338c8c.jpg,36,31,0,31,36,443,142,353,0.07489013671875,0.039886474609375,0.01934814453125,0.0184478759765625,0.0143280029296875,1,2,Spongy Oak Apple Gall Wasp,Southern Green Stink Bug,Spongy Oak Apple Gall Wasp,velvetleaf,Eastern Dwarf Treefrog,Mignonette vine
val/00727_Animalia_Arthropoda_Insecta_Hymenoptera_Cynipidae_Amphibolips_confluenta/fe7c1823-f80c-40a7-8326-c40fcb278c1b.jpg,36,303,0,303,36,76,77,31,0.035614013671875,0.027069091796875,0.0229644775390625,0.0220184326171875,0.01546478271484375,1,2,Spongy Oak Apple Gall Wasp,sawbrier,Spongy Oak Apple Gall Wasp,Mazarine Blue,Boisduval's Blue,Southern Green Stink Bug
val/00727_Animalia_Arthropoda_Insecta_Hymenoptera_Cynipidae_Amphibolips_confluenta/adbd3e19-0c4d-40d3-affd-8cf1fe26b850.jpg,36,269,0,269,36,463,255,214,0.0391845703125,0.026641845703125,0.0168914794921875,0.01514434814453125,0.01245880126953125,1,2,Spongy Oak Apple Gall Wasp,Peppery Bolete,Spongy Oak Apple Gall Wasp,desert almond,Hilton's Aeolid,Downy Woodpecker
val/00743_Animalia_Arthropoda_Insecta_Hymenoptera_Formicidae_Camponotus_floridanus/29b657c7-9055-4315-9cf8-e0a0544d0994.jpg,37,27,0,27,37,3,25,257,0.035888671875,0.035888671875,0.03021240234375,0.0206451416015625,0.0180816650390625,1,2,Florida Carpenter Ant,Western Conifer Seed Bug,Florida Carpenter Ant,Johnson's Jumping Spider,Florida Leaf-footed Bug,Decollate Snail
val/00743_Animalia_Arthropoda_Insecta_Hymenoptera_Formicidae_Camponotus_floridanus/c7fbd63f-b935-48c7-870b-910b73034db5.jpg,37,119,0,119,27,37,122,2,0.052215576171875,0.051300048828125,0.0411376953125,0.0224609375,0.0222320556640625,1,3,Florida Carpenter Ant,Eastern Ringtail,Western Conifer Seed Bug,Florida Carpenter Ant,Neurothemis taiwanensis,Six-spotted Fishing Spider
val/00743_Animalia_Arthropoda_Insecta_Hymenoptera_Formicidae_Camponotus_floridanus/1491eaeb-2907-4556-bf81-b2a9ec13b978.jpg,37,35,0,35,37,366,161,244,0.0196380615234375,0.0167999267578125,0.01488494873046875,0.01485443115234375,0.01212310791015625,1,2,Florida Carpenter Ant,Elm Sawfly,Florida Carpenter Ant,Fringed Bindweed,Black-headed Gull,Green Iguana
val/00747_Animalia_Arthropoda_Insecta_Hymenoptera_Formicidae_Camponotus_novaeboracensis/205df368-86eb-46e6-b675-608c8d2d8ec7.jpg,38,42,0,42,38,39,26,37,0.046417236328125,0.04327392578125,0.034637451171875,0.02581787109375,0.02056884765625,1,2,New York Carpenter Ant,Western Paper Wasp,New York Carpenter Ant,Pure Green Sweat Bee,Western Leaf-footed Bug,Florida Carpenter Ant
val/00747_Animalia_Arthropoda_Insecta_Hymenoptera_Formicidae_Camponotus_novaeboracensis/284019b3-833e-4f32-ab2c-61cd85d36827.jpg,38,37,0,37,42,38,11,126,0.04388427734375,0.024078369140625,0.0209197998046875,0.0199737548828125,0.0193634033203125,1,3,New York Carpenter Ant,Florida Carpenter Ant,Western Paper Wasp,New York Carpenter Ant,False Potato Beetle,Virile Crayfish
val/00747_Animalia_Arthropoda_Insecta_Hymenoptera_Formicidae_Camponotus_novaeboracensis/d2a574c2-4461-4301-a6a4-4234f033124b.jpg,38,35,0,35,42,257,75,38,0.0235137939453125,0.021484375,0.02056884765625,0.0184478759765625,0.0169677734375,1,5,New York Carpenter Ant,Elm Sawfly,Western Paper Wasp,Decollate Snail,Spring Azure,New York Carpenter Ant
val/00747_Animalia_Arthropoda_Insecta_Hymenoptera_Formicidae_Camponotus_novaeboracensis/5910025a-9bee-48ad-89ef-6f99db7b3b88.jpg,38,249,0,249,14,38,11,17,0.041259765625,0.036041259765625,0.031982421875,0.0272979736328125,0.026123046875,1,3,New York Carpenter Ant,Beadlet anemone,Woodland Dor Beetle,New York Carpenter Ant,False Potato Beetle,Oriental Beetle
val/00774_Animalia_Arthropoda_Insecta_Hymenoptera_Halictidae_Augochlora_pura/90b9896f-7773-49b3-97b0-4be796db2152.jpg,39,34,0,34,39,38,9,40,0.07659912109375,0.0616455078125,0.0499267578125,0.048004150390625,0.044158935546875,1,2,Pure Green Sweat Bee,Southern Carpenter Bee,Pure Green Sweat Bee,New York Carpenter Ant,Spotted Longhorn,Metallic Epauletted-Sweat Bee
val/00775_Animalia_Arthropoda_Insecta_Hymenoptera_Halictidae_Augochloropsis_metallica/0be6e9d6-748e-4b62-8714-9db067132767.jpg,40,39,0,39,40,20,38,127,0.064208984375,0.05926513671875,0.046966552734375,0.0298919677734375,0.027557373046875,1,2,Metallic Epauletted-Sweat Bee,Pure Green Sweat Bee,Metallic Epauletted-Sweat Bee,Mexican Cactus Fly,New York Carpenter Ant,New Zealand Half Crab
val/00819_Animalia_Arthropoda_Insecta_Hymenoptera_Vespidae_Mischocyttarus_flavitarsis/97c8a1c5-a7b0-4477-b3e8-68c4ece6da28.jpg,42,26,0,26,38,37,42,39,0.1116943359375,0.06884765625,0.0673828125,0.052459716796875,0.0433349609375,1,4,Western Paper Wasp,Western Leaf-footed Bug,New York Carpenter Ant,Florida Carpenter Ant,Western Paper Wasp,Pure Green Sweat Bee
val/00819_Animalia_Arthropoda_Insecta_Hymenoptera_Vespidae_Mischocyttarus_flavitarsis/6872739b-9730-48bc-860d-f86a990c4eb1.jpg,42,125,0,125,42,12,337,379,0.048919677734375,0.044281005859375,0.028167724609375,0.02484130859375,0.0246734619140625,1,2,Western Paper Wasp,Long-winged Conehead,Western Paper Wasp,Hadda Beetle,prairie dock,strawberry tree
val/00858_Animalia_Arthropoda_Insecta_Lepidoptera_Crambidae_Achyra_rantalis/da494676-e941-4380-b815-0e74e648a39e.jpg,43,46,0,46,53,50,43,110,0.039459228515625,0.036651611328125,0.035430908203125,0.033172607421875,0.0275726318359375,1,4,Garden Webworm Moth,Titian Peale's Crambid,Royal Poinciana Moth,Woody Underwing,Garden Webworm Moth,Filbertworm Moth
val/00858_Animalia_Arthropoda_Insecta_Lepidoptera_Crambidae_Achyra_rantalis/36dd226c-d330-4024-9110-95dacc0377e0.jpg,43,44,0,44,69,67,68,43,0.04193115234375,0.021453857421875,0.0213470458984375,0.01953125,0.018218994140625,1,5,Garden Webworm Moth,Pearl Veneer,Long Dash Skipper,Eufala Skipper,Umber Skipper,Garden Webworm Moth
val/00859_Animalia_Arthropoda_Insecta_Lepidoptera_Crambidae_Agriphila_straminella/6257bbd8-f7fd-424c-bf84-18cdd6179e9a.jpg,44,123,0,123,124,125,44,98,0.026611328125,0.02325439453125,0.02227783203125,0.0209503173828125,0.01629638671875,1,4,Pearl Veneer,Marsh meadow grasshopper,Obscure Bird Grasshopper,Long-winged Conehead,Pearl Veneer,Darker Moodna Moth
val/00937_Animalia_Arthropoda_Insecta_Lepidoptera_Crambidae_Pyrausta_volupialis/d51b68db-eb1f-4045-80dd-432a649f9cbe.jpg,47,113,0,113,57,47,84,44,0.04827880859375,0.03643798828125,0.032806396484375,0.031707763671875,0.022430419921875,1,3,Volupial Pyrausta Moth,Australian Green Mantis,Feathered Thorn,Volupial Pyrausta Moth,Green Silver-lines,Pearl Veneer
val/00949_Animalia_Arthropoda_Insecta_Lepidoptera_Crambidae_Urola_nivalis/8afe4189-865e-4de5-80a1-73d65e7af649.jpg,48,98,0,98,48,83,111,110,0.1326904296875,0.051544189453125,0.0282745361328125,0.0258331298828125,0.0234375,1,2,Snowy Urola Moth,Darker Moodna Moth,Snowy Urola Moth,Half-yellow Moth,Bidens Borer Moth,Filbertworm Moth
val/00997_Animalia_Arthropoda_Insecta_Lepidoptera_Erebidae_Catocala_grynea/8e8f8ae1-b6e8-45e1-b22f-934133047519.jpg,50,141,0,141,37,54,50,26,0.0289764404296875,0.02667236328125,0.0191497802734375,0.0186920166015625,0.0157623291015625,1,4,Woody Underwing,Cachabi Robber Frog,Florida Carpenter Ant,Pantydia sparsa,Woody Underwing,Western Leaf-footed Bug
val/00997_Animalia_Arthropoda_Insecta_Lepidoptera_Erebidae_Catocala_grynea/b9493918-c52c-45ba-8466-9efa7fb14497.jpg,50,82,0,82,50,111,30,83,0.11993408203125,0.040802001953125,0.03765869140625,0.0285186767578125,0.0231170654296875,1,2,Woody Underwing,Black-dotted Maliattha,Woody Underwing,Bidens Borer Moth,Brown Marmorated Stink Bug,Half-yellow Moth
val/00997_Animalia_Arthropoda_Insecta_Lepidoptera_Erebidae_Catocala_grynea/dd6dc78d-f70b-40b3-a79f-c4abb4402a6c.jpg,50,54,0,54,50,53,49,85,0.045318603515625,0.04498291015625,0.034515380859375,0.0296630859375,0.025421142578125,1,2,Woody Underwing,Pantydia sparsa,Woody Underwing,Royal Poinciana Moth,Deduced Graphic,Angulose Prominent Moth
val/00998_Animalia_Arthropoda_Insecta_Lepidoptera_Erebidae_Catocala_ilia/99c48ba5-76e4-40e5-baa5-7bbfb3ed18fd.jpg,51,87,0,87,51,91,253,53,0.05072021484375,0.043731689453125,0.016357421875,0.015350341796875,0.013641357421875,1,2,Ilia Underwing,Silver Emperor,Ilia Underwing,Mourning Cloak,California Cone,Royal Poinciana Moth
val/01047_Animalia_Arthropoda_Insecta_Lepidoptera_Erebidae_Hypena_bijugalis/7a97c068-f6bf-45d6-b110-0d65ab7958f0.jpg,52,50,0,50,52,111,82,109,0.05908203125,0.0589599609375,0.04522705078125,0.0227508544921875,0.0218658447265625,1,2,Dimorphic Bomolocha Moth,Woody Underwing,Dimorphic Bomolocha Moth,Bidens Borer Moth,Black-dotted Maliattha,Red-banded Leafroller
val/01076_Animalia_Arthropoda_Insecta_Lepidoptera_Erebidae_Melipotis_acontioides/814baeba-f284-4189-928b-e304d944ae23.jpg,53,228,0,228,53,2,43,51,0.033477783203125,0.023895263671875,0.0236053466796875,0.0232086181640625,0.0200958251953125,1,2,Royal Poinciana Moth,Sunda Flying Lemur,Royal Poinciana Moth,Six-spotted Fishing Spider,Garden Webworm Moth,Ilia Underwing
val/01103_Animalia_Arthropoda_Insecta_Lepidoptera_Erebidae_Pantydia_sparsa/3049588c-add0-4642-977a-c06aa64f992b.jpg,54,46,0,46,54,50,53,57,0.1488037109375,0.125,0.060333251953125,0.053466796875,0.027191162109375,1,2,Pantydia sparsa,Titian Peale's Crambid,Pantydia sparsa,Woody Underwing,Royal Poinciana Moth,Feathered Thorn
val/01103_Animalia_Arthropoda_Insecta_Lepidoptera_Erebidae_Pantydia_sparsa/24381e2e-edfe-4f79-b9a0-92056e6db88d.jpg,54,57,0,57,54,272,92,98,0.04791259765625,0.04254150390625,0.042205810546875,0.01708984375,0.01482391357421875,1,2,Pantydia sparsa,Feathered Thorn,Pantydia sparsa,Hoof Fungus,Blomfild's Beauty,Darker Moodna Moth
val/01164_Animalia_Arthropoda_Insecta_Lepidoptera_Geometridae_Chiasmia_clathrata/23f85ac1-2f37-4827-bc0a-07d07b719860.jpg,55,86,0,86,8,334,22,55,0.07550048828125,0.035980224609375,0.029022216796875,0.027313232421875,0.0227813720703125,1,5,Latticed Heath,Lesser Marbled Fritillary,Goldenrod Soldier Beetle,Great Plains Ragwort,Transverse-banded Flower Fly,Latticed Heath
val/01167_Animalia_Arthropoda_Insecta_Lepidoptera_Geometridae_Chlorochlamys_chloroleucaria/cc45282b-67d6-4f9f-b69d-73e27fa54347.jpg,56,35,0,35,84,56,114,48,0.05596923828125,0.0555419921875,0.03582763671875,0.032928466796875,0.0257568359375,1,3,Blackberry Looper,Elm Sawfly,Green Silver-lines,Blackberry Looper,Chrysopa oculata,Snowy Urola Moth
val/01176_Animalia_Arthropoda_Insecta_Lepidoptera_Geometridae_Colotois_pennaria/4a659a12-c6ca-434a-a3bb-07ee24fda303.jpg,57,59,0,59,57,43,54,46,0.063720703125,0.053741455078125,0.043609619140625,0.0289154052734375,0.0207366943359375,1,2,Feathered Thorn,Black-dotted Ruddy Moth,Feathered Thorn,Garden Webworm Moth,Pantydia sparsa,Titian Peale's Crambid
val/01176_Animalia_Arthropoda_Insecta_Lepidoptera_Geometridae_Colotois_pennaria/ded29f7c-886b-44eb-bbed-e114166b6c55.jpg,57,62,0,62,57,44,61,43,0.247314453125,0.10089111328125,0.059906005859375,0.059295654296875,0.0268402099609375,1,2,Feathered Thorn,Yellow Slant-line,Feathered Thorn,Pearl Veneer,White Slant-line,Garden Webworm Moth
val/01233_Animalia_Arthropoda_Insecta_Lepidoptera_Geometridae_Idaea_aversata/5fa1cab6-5a03-4526-acf7-b650b2dec060.jpg,58,57,0,57,54,141,58,112,0.1004638671875,0.06573486328125,0.04925537109375,0.04791259765625,0.035888671875,1,4,Riband Wave,Feathered Thorn,Pantydia sparsa,Cachabi Robber Frog,Riband Wave,Omnivorous Platynota Moth
val/01242_Animalia_Arthropoda_Insecta_Lepidoptera_Geometridae_Ilexia_intractata/fb8bf6d0-f80f-422a-814b-94654145eed4.jpg,59,46,0,46,59,53,54,51,0.056640625,0.055572509765625,0.0171051025390625,0.015777587890625,0.0154876708984375,1,2,Black-dotted Ruddy Moth,Titian Peale's Crambid,Black-dotted Ruddy Moth,Royal Poinciana Moth,Pantydia sparsa,Ilia Underwing
val/01242_Animalia_Arthropoda_Insecta_Lepidoptera_Geometridae_Ilexia_intractata/7692f69c-6f06-408c-8a2f-125d73a0827d.jpg,59,58,0,58,43,59,57,110,0.041473388671875,0.038116455078125,0.03594970703125,0.0227203369140625,0.0225677490234375,1,3,Black-dotted Ruddy Moth,Riband Wave,Garden Webworm Moth,Black-dotted Ruddy Moth,Feathered Thorn,Filbertworm Moth
val/01242_Animalia_Arthropoda_Insecta_Lepidoptera_Geometridae_Ilexia_intractata/998c002f-5024-4873-bcf2-dd66434bc0a1.jpg,59,253,0,253,59,110,109,51,0.11956787109375,0.07659912109375,0.040435791015625,0.0333251953125,0.028076171875,1,2,Black-dotted Ruddy Moth,California Cone,Black-dotted Ruddy Moth,Filbertworm Moth,Red-banded Leafroller,Ilia Underwing
val/01242_Animalia_Arthropoda_Insecta_Lepidoptera_Geometridae_Ilexia_intractata/1e5cdc8a-3759-4d38-b02d-2c9cc2595752.jpg,59,47,0,47,59,62,57,61,0.08209228515625,0.072021484375,0.04705810546875,0.0280914306640625,0.0225372314453125,1,2,Black-dotted Ruddy Moth,Volupial Pyrausta Moth,Black-dotted Ruddy Moth,Yellow Slant-line,Feathered Thorn,White Slant-line
val/01242_Animalia_Arthropoda_Insecta_Lepidoptera_Geometridae_Ilexia_intractata/80bf9cb5-946c-4040-abad-402a5019a499.jpg,59,58,0,58,57,43,52,59,0.173828125,0.1171875,0.05511474609375,0.052703857421875,0.05218505859375,1,5,Black-dotted Ruddy Moth,Riband Wave,Feathered Thorn,Garden Webworm Moth,Dimorphic Bomolocha Moth,Black-dotted Ruddy Moth
val/01297_Animalia_Arthropoda_Insecta_Lepidoptera_Geometridae_Probole_amicaria/36b18780-0ec2-4930-b62f-0cc322007f86.jpg,60,58,0,58,60,46,62,54,0.0802001953125,0.07708740234375,0.026123046875,0.0247802734375,0.018524169921875,1,2,Alien Probole Moth,Riband Wave,Alien Probole Moth,Titian Peale's Crambid,Yellow Slant-line,Pantydia sparsa
val/01297_Animalia_Arthropoda_Insecta_Lepidoptera_Geometridae_Probole_amicaria/220fb720-d713-4027-829e-a47af4037add.jpg,60,4,0,4,144,60,141,143,0.079345703125,0.07708740234375,0.05255126953125,0.047119140625,0.0297088623046875,1,3,Alien Probole Moth,Paravaejovis puritanus,Green Salamander,Alien Probole Moth,Cachabi Robber Frog,Northern Red-legged Frog
val/01314_Animalia_Arthropoda_Insecta_Lepidoptera_Geometridae_Tetracis_cachexiata/4f7a30c2-6d25-4fb4-a956-939756dd5873.jpg,61,32,0,32,69,61,53,67,0.046722412109375,0.02447509765625,0.019256591796875,0.0173187255859375,0.0161590576171875,1,3,White Slant-line,Jagged Ambush Bug,Long Dash Skipper,White Slant-line,Royal Poinciana Moth,Eufala Skipper
val/01314_Animalia_Arthropoda_Insecta_Lepidoptera_Geometridae_Tetracis_cachexiata/bae8b0a0-105a-4a02-a1a3-7d6a1b06ca18.jpg,61,62,0,62,61,57,58,59,0.056854248046875,0.053924560546875,0.034454345703125,0.02587890625,0.01605224609375,1,2,White Slant-line,Yellow Slant-line,White Slant-line,Feathered Thorn,Riband Wave,Black-dotted Ruddy Moth
val/01314_Animalia_Arthropoda_Insecta_Lepidoptera_Geometridae_Tetracis_cachexiata/78872430-a38e-4b3d-a807-cd4f8154211a.jpg,61,84,0,84,61,63,37,31,0.0521240234375,0.020660400390625,0.0195159912109375,0.01412200927734375,0.01232147216796875,1,2,White Slant-line,Green Silver-lines,White Slant-line,Least Skipper,Florida Carpenter Ant,Southern Green Stink Bug
val/01314_Animalia_Arthropoda_Insecta_Lepidoptera_Geometridae_Tetracis_cachexiata/f0bca1e5-b56c-422f-8bfa-10ff6976df3c.jpg,61,84,0,84,61,62,114,28,0.19287109375,0.135986328125,0.051483154296875,0.03631591796875,0.033050537109375,1,2,White Slant-line,Green Silver-lines,White Slant-line,Yellow Slant-line,Chrysopa oculata,Alfalfa Plant Bug
val/01314_Animalia_Arthropoda_Insecta_Lepidoptera_Geometridae_Tetracis_cachexiata/0531bbc9-8b7f-46e9-8338-5ea03a11d38e.jpg,61,62,0,62,58,61,48,56,0.054168701171875,0.0316162109375,0.026947021484375,0.0247344970703125,0.01568603515625,1,3,White Slant-line,Yellow Slant-line,Riband Wave,White Slant-line,Snowy Urola Moth,Blackberry Looper
val/01315_Animalia_Arthropoda_Insecta_Lepidoptera_Geometridae_Tetracis_crocallata/8e92383f-b8a8-411f-910a-0493f3d3269e.jpg,62,58,0,58,62,57,61,60,0.10272216796875,0.0721435546875,0.02581787109375,0.015167236328125,0.01200103759765625,1,2,Yellow Slant-line,Riband Wave,Yellow Slant-line,Feathered Thorn,White Slant-line,Alien Probole Moth
val/01335_Animalia_Arthropoda_Insecta_Lepidoptera_Hesperiidae_Ancyloxypha_numitor/fbc2f124-b5e6-4bd4-8017-553218c129f8.jpg,63,66,0,66,69,68,63,70,0.301513671875,0.0814208984375,0.0738525390625,0.06610107421875,0.03961181640625,1,4,Least Skipper,Chestnut Bob,Long Dash Skipper,Umber Skipper,Least Skipper,European Skipper
val/01335_Animalia_Arthropoda_Insecta_Lepidoptera_Hesperiidae_Ancyloxypha_numitor/49eefdfc-496a-4888-b4f5-352b992496cd.jpg,63,88,0,88,63,70,79,66,0.32275390625,0.10198974609375,0.038238525390625,0.03564453125,0.0218963623046875,1,2,Least Skipper,Julia Butterfly,Least Skipper,European Skipper,Coral Hairstreak,Chestnut Bob
val/01335_Animalia_Arthropoda_Insecta_Lepidoptera_Hesperiidae_Ancyloxypha_numitor/b02864dd-4b41-49df-a001-a62f34f4f147.jpg,63,70,0,70,63,29,15,88,0.277587890625,0.2197265625,0.035247802734375,0.0301971435546875,0.0238494873046875,1,2,Least Skipper,European Skipper,Least Skipper,European Striped Shield Bug,Oedemera femorata,Julia Butterfly
val/01335_Animalia_Arthropoda_Insecta_Lepidoptera_Hesperiidae_Ancyloxypha_numitor/60e778a9-a9b9-44a1-92a1-c202e5e7123d.jpg,63,96,0,96,63,67,64,76,0.10443115234375,0.0810546875,0.0289764404296875,0.0217437744140625,0.0203094482421875,1,2,Least Skipper,Florida White,Least Skipper,Eufala Skipper,Desert Checkered-Skipper,Mazarine Blue
val/01335_Animalia_Arthropoda_Insecta_Lepidoptera_Hesperiidae_Ancyloxypha_numitor/2c8fadcc-a38d-4349-a04a-5ce405527725.jpg,63,88,0,88,95,63,79,59,0.1387939453125,0.0266571044921875,0.0206756591796875,0.020355224609375,0.0162506103515625,1,3,Least Skipper,Julia Butterfly,Barred Yellow,Least Skipper,Coral Hairstreak,Black-dotted Ruddy Moth
val/01346_Animalia_Arthropoda_Insecta_Lepidoptera_Hesperiidae_Burnsius_philetas/7af5e9a6-da4a-48f3-baf4-95b7572cee7b.jpg,64,73,0,73,64,74,67,96,0.051239013671875,0.035186767578125,0.029754638671875,0.0265960693359375,0.0251312255859375,1,2,Desert Checkered-Skipper,Common Ciliate Blue,Desert Checkered-Skipper,Forget-me-not,Eufala Skipper,Florida White
val/01362_Animalia_Arthropoda_Insecta_Lepidoptera_Hesperiidae_Erynnis_juvenalis/e127a6ec-6014-4dac-9049-e6b52d9e2274.jpg,65,99,0,99,65,69,71,66,0.169921875,0.07421875,0.0394287109375,0.039031982421875,0.033721923828125,1,2,Juvenal's Duskywing,Fatal Metalmark,Juvenal's Duskywing,Long Dash Skipper,Dorantes Longtail,Chestnut Bob
val/01362_Animalia_Arthropoda_Insecta_Lepidoptera_Hesperiidae_Erynnis_juvenalis/6b71a15f-09dc-4195-ac5b-6926334cce95.jpg,65,64,0,64,247,75,91,65,0.03302001953125,0.0256805419921875,0.0212249755859375,0.0203857421875,0.01922607421875,1,5,Juvenal's Duskywing,Desert Checkered-Skipper,Western Rattlesnake,Spring Azure,Mourning Cloak,Juvenal's Duskywing
val/01374_Animalia_Arthropoda_Insecta_Lepidoptera_Hesperiidae_Iambrix_salsala/efc5e9af-dcca-40ee-a9db-2e2fc705c80c.jpg,66,79,0,79,66,99,15,28,0.09808349609375,0.045074462890625,0.016845703125,0.0166015625,0.0152435302734375,1,2,Chestnut Bob,Coral Hairstreak,Chestnut Bob,Fatal Metalmark,Oedemera femorata,Alfalfa Plant Bug
val/01374_Animalia_Arthropoda_Insecta_Lepidoptera_Hesperiidae_Iambrix_salsala/31ceeed6-555f-4c3f-a1af-7724bc66cf23.jpg,66,69,0,69,67,68,66,15,0.11968994140625,0.04351806640625,0.041595458984375,0.032470703125,0.0267333984375,1,4,Chestnut Bob,Long Dash Skipper,Eufala Skipper,Umber Skipper,Chestnut Bob,Oedemera femorata
val/01374_Animalia_Arthropoda_Insecta_Lepidoptera_Hesperiidae_Iambrix_salsala/ab6dcc5a-750c-4377-ba66-1b0518e267fd.jpg,66,88,0,88,66,27,37,47,0.08978271484375,0.06646728515625,0.03375244140625,0.01983642578125,0.017486572265625,1,2,Chestnut Bob,Julia Butterfly,Chestnut Bob,Western Conifer Seed Bug,Florida Carpenter Ant,Volupial Pyrausta Moth
val/01376_Animalia_Arthropoda_Insecta_Lepidoptera_Hesperiidae_Lerodea_eufala/cea2ab9f-33f2-4184-963a-9acde90e27c6.jpg,67,69,0,69,67,79,21,416,0.043182373046875,0.03656005859375,0.0236663818359375,0.0175628662109375,0.016937255859375,1,2,Eufala Skipper,Long Dash Skipper,Eufala Skipper,Coral Hairstreak,Yellow-shouldered Drone Fly,woolly blue curls
val/01378_Animalia_Arthropoda_Insecta_Lepidoptera_Hesperiidae_Lon_melane/088e7f04-a241-4f99-acc6-40ed4dd42d6e.jpg,68,34,0,34,295,68,384,294,0.10565185546875,0.0606689453125,0.056121826171875,0.054718017578125,0.052398681640625,1,3,Umber Skipper,Southern Carpenter Bee,Philippine Ground Orchid,Umber Skipper,Red Heath,Fly Orchid
val/01393_Animalia_Arthropoda_Insecta_Lepidoptera_Hesperiidae_Polites_mystic/1691db02-b487-4308-9748-534de328f18e.jpg,69,68,0,68,69,67,70,66,0.2685546875,0.1883544921875,0.039154052734375,0.021942138671875,0.020477294921875,1,2,Long Dash Skipper,Umber Skipper,Long Dash Skipper,Eufala Skipper,European Skipper,Chestnut Bob
val/01393_Animalia_Arthropoda_Insecta_Lepidoptera_Hesperiidae_Polites_mystic/95bdb81d-2018-4302-aa8a-3d6cd2a20de9.jpg,69,68,0,68,66,69,70,176,0.07501220703125,0.035125732421875,0.022674560546875,0.0223846435546875,0.0182952880859375,1,3,Long Dash Skipper,Umber Skipper,Chestnut Bob,Long Dash Skipper,European Skipper,Red Crossbill
val/01393_Animalia_Arthropoda_Insecta_Lepidoptera_Hesperiidae_Polites_mystic/a364b642-d560-4c44-b5a2-4281405f5c80.jpg,69,15,0,15,69,295,34,66,0.0347900390625,0.0295562744140625,0.02557373046875,0.022247314453125,0.02105712890625,1,2,Long Dash Skipper,Oedemera femorata,Long Dash Skipper,Philippine Ground Orchid,Southern Carpenter Bee,Chestnut Bob
val/01393_Animalia_Arthropoda_Insecta_Lepidoptera_Hesperiidae_Polites_mystic/0c2f1611-b27f-4975-9fcb-3d43b028e510.jpg,69,68,0,68,70,69,42,66,0.1510009765625,0.06585693359375,0.041046142578125,0.0262603759765625,0.024017333984375,1,3,Long Dash Skipper,Umber Skipper,European Skipper,Long Dash Skipper,Western Paper Wasp,Chestnut Bob
val/01405_Animalia_Arthropoda_Insecta_Lepidoptera_Hesperiidae_Thymelicus_lineola/cf3f36c4-4cbf-4b42-a890-25b94c457fdd.jpg,70,63,0,63,70,15,88,8,0.08319091796875,0.0819091796875,0.06982421875,0.06268310546875,0.0302886962890625,1,2,European Skipper,Least Skipper,European Skipper,Oedemera femorata,Julia Butterfly,Goldenrod Soldier Beetle
val/01405_Animalia_Arthropoda_Insecta_Lepidoptera_Hesperiidae_Thymelicus_lineola/8121320b-4e25-4ac2-970a-ad46b145cb88.jpg,70,88,0,88,70,69,63,66,0.049957275390625,0.0440673828125,0.0396728515625,0.02899169921875,0.0236358642578125,1,2,European Skipper,Julia Butterfly,European Skipper,Long Dash Skipper,Least Skipper,Chestnut Bob
val/01430_Animalia_Arthropoda_Insecta_Lepidoptera_Limacodidae_Euclea_incisa/2362fcec-4d8e-4570-9e07-2516ef66204e.jpg,72,84,0,84,72,233,253,133,0.03546142578125,0.0222320556640625,0.02197265625,0.0182647705078125,0.017425537109375,1,2,Green Oak-Slug Moth,Green Silver-lines,Green Oak-Slug Moth,Red-bellied Squirrel,California Cone,Snakeskin Wrasse
val/01439_Animalia_Arthropoda_Insecta_Lepidoptera_Lycaenidae_Anthene_emolus/2b6dee71-d88e-4d85-8a18-8094dde4e4a0.jpg,73,79,0,79,23,73,99,59,0.020721435546875,0.019378662109375,0.015625,0.01373291015625,0.012298583984375,1,3,Common Ciliate Blue,Coral Hairstreak,Maize Calligrapher Fly,Common Ciliate Blue,Fatal Metalmark,Black-dotted Ruddy Moth
val/01455_Animalia_Arthropoda_Insecta_Lepidoptera_Lycaenidae_Catochrysops_strabo/db3db79f-41d3-4657-bf6a-5a87ba4501b0.jpg,74,73,0,73,95,97,76,74,0.030364990234375,0.0205078125,0.0161895751953125,0.01534271240234375,0.012847900390625,1,5,Forget-me-not,Common Ciliate Blue,Barred Yellow,Large White Butterfly,Mazarine Blue,Forget-me-not
val/01455_Animalia_Arthropoda_Insecta_Lepidoptera_Lycaenidae_Catochrysops_strabo/931f66dc-0b07-4d89-b111-554209aa9cb0.jpg,74,73,0,73,75,74,76,77,0.1312255859375,0.1251220703125,0.09014892578125,0.045257568359375,0.0345458984375,1,3,Forget-me-not,Common Ciliate Blue,Spring Azure,Forget-me-not,Mazarine Blue,Boisduval's Blue
val/01455_Animalia_Arthropoda_Insecta_Lepidoptera_Lycaenidae_Catochrysops_strabo/51399ffd-e67a-4923-ab18-bdfeec3ba712.jpg,74,79,0,79,76,73,78,74,0.07763671875,0.0631103515625,0.0299072265625,0.023773193359375,0.0222625732421875,1,5,Forget-me-not,Coral Hairstreak,Mazarine Blue,Common Ciliate Blue,Marine Blue,Forget-me-not
val/01455_Animalia_Arthropoda_Insecta_Lepidoptera_Lycaenidae_Catochrysops_strabo/3123cbb5-ba4b-4282-8cc9-9dfd28f04acb.jpg,74,75,0,75,78,74,9,79,0.047027587890625,0.031341552734375,0.0272216796875,0.0240936279296875,0.0222320556640625,1,3,Forget-me-not,Spring Azure,Marine Blue,Forget-me-not,Spotted Longhorn,Coral Hairstreak
val/01455_Animalia_Arthropoda_Insecta_Lepidoptera_Lycaenidae_Catochrysops_strabo/98dc16a9-a7c2-40f9-ac00-dd8aba7522bc.jpg,74,379,0,379,459,12,39,74,0.0246124267578125,0.020721435546875,0.0185546875,0.017791748046875,0.017578125,1,5,Forget-me-not,strawberry tree,Korean mulberry,Hadda Beetle,Pure Green Sweat Bee,Forget-me-not
val/01455_Animalia_Arthropoda_Insecta_Lepidoptera_Lycaenidae_Catochrysops_strabo/cd643dc7-c5e7-4342-8c97-a48e4c5e5bc6.jpg,74,97,0,97,79,12,75,74,0.03106689453125,0.027923583984375,0.0263671875,0.0235137939453125,0.0233306884765625,1,5,Forget-me-not,Large White Butterfly,Coral Hairstreak,Hadda Beetle,Spring Azure,Forget-me-not
val/01455_Animalia_Arthropoda_Insecta_Lepidoptera_Lycaenidae_Catochrysops_strabo/d489e459-ac36-4694-b013-372f5931750d.jpg,74,75,0,75,77,97,74,73,0.04730224609375,0.028411865234375,0.021453857421875,0.0130615234375,0.01092529296875,1,4,Forget-me-not,Spring Azure,Boisduval's Blue,Large White Butterfly,Forget-me-not,Common Ciliate Blue
val/01455_Animalia_Arthropoda_Insecta_Lepidoptera_Lycaenidae_Catochrysops_strabo/60006869-0603-4354-a671-deb1b01f9651.jpg,74,73,0,73,74,77,76,75,0.06719970703125,0.03997802734375,0.03814697265625,0.02569580078125,0.0216827392578125,1,2,Forget-me-not,Common Ciliate Blue,Forget-me-not,Boisduval's Blue,Mazarine Blue,Spring Azure
val/01469_Animalia_Arthropoda_Insecta_Lepidoptera_Lycaenidae_Cyaniris_semiargus/5b83d9d3-7f2d-46f5-83e3-28123070b172.jpg,76,75,0,75,77,74,76,292,0.08148193359375,0.04931640625,0.048187255859375,0.036407470703125,0.026824951171875,1,4,Mazarine Blue,Spring Azure,Boisduval's Blue,Forget-me-not,Mazarine Blue,checkered rattlesnake plantain
val/01469_Animalia_Arthropoda_Insecta_Lepidoptera_Lycaenidae_Cyaniris_semiargus/063f9105-c16c-4c3a-94bf-5f6b95a84947.jpg,76,43,0,43,65,10,76,46,0.01079559326171875,0.0103912353515625,0.01012420654296875,0.009857177734375,0.009857177734375,1,4,Mazarine Blue,Garden Webworm Moth,Juvenal's Duskywing,Spined Woodborer,Mazarine Blue,Titian Peale's Crambid
val/01469_Animalia_Arthropoda_Insecta_Lepidoptera_Lycaenidae_Cyaniris_semiargus/3948f575-0f67-4c76-a28e-25c9dc344a44.jpg,76,305,0,305,121,76,28,71,0.02886962890625,0.0230712890625,0.0227508544921875,0.019561767578125,0.0175628662109375,1,3,Mazarine Blue,common three-square,Small Spreadwing,Mazarine Blue,Alfalfa Plant Bug,Dorantes Longtail
val/01469_Animalia_Arthropoda_Insecta_Lepidoptera_Lycaenidae_Cyaniris_semiargus/deb264ed-521c-4b7d-9e7b-ce4ab98c1387.jpg,76,77,0,77,76,75,74,78,0.092529296875,0.068359375,0.06103515625,0.055694580078125,0.0247802734375,1,2,Mazarine Blue,Boisduval's Blue,Mazarine Blue,Spring Azure,Forget-me-not,Marine Blue
val/01485_Animalia_Arthropoda_Insecta_Lepidoptera_Lycaenidae_Icaricia_icarioides/618648e3-2e4d-4078-ae97-4ead69ebb532.jpg,77,76,0,76,74,79,73,77,0.1463623046875,0.0731201171875,0.045867919921875,0.035308837890625,0.03192138671875,1,5,Boisduval's Blue,Mazarine Blue,Forget-me-not,Coral Hairstreak,Common Ciliate Blue,Boisduval's Blue
val/01485_Animalia_Arthropoda_Insecta_Lepidoptera_Lycaenidae_Icaricia_icarioides/b23f1443-2724-47ac-9733-5ff7caa53402.jpg,77,55,0,55,76,75,77,95,0.035430908203125,0.0318603515625,0.0243377685546875,0.01654052734375,0.014251708984375,1,4,Boisduval's Blue,Latticed Heath,Mazarine Blue,Spring Azure,Boisduval's Blue,Barred Yellow
val/01485_Animalia_Arthropoda_Insecta_Lepidoptera_Lycaenidae_Icaricia_icarioides/365e6a00-1d8e-4eba-aa73-1d30ec78c394.jpg,77,73,0,73,76,78,77,74,0.1304931640625,0.10198974609375,0.04669189453125,0.036163330078125,0.0283203125,1,4,Boisduval's Blue,Common Ciliate Blue,Mazarine Blue,Marine Blue,Boisduval's Blue,Forget-me-not
val/01485_Animalia_Arthropoda_Insecta_Lepidoptera_Lycaenidae_Icaricia_icarioides/31c99e09-514e-4440-b0d8-3cb92e9296cd.jpg,77,64,0,64,75,77,76,73,0.2308349609375,0.056121826171875,0.053863525390625,0.045440673828125,0.028167724609375,1,3,Boisduval's Blue,Desert Checkered-Skipper,Spring Azure,Boisduval's Blue,Mazarine Blue,Common Ciliate Blue
val/01485_Animalia_Arthropoda_Insecta_Lepidoptera_Lycaenidae_Icaricia_icarioides/d501bd7e-7892-46db-a7a6-6c831f538903.jpg,77,74,0,74,76,75,78,77,0.1431884765625,0.054656982421875,0.0467529296875,0.0419921875,0.041839599609375,1,5,Boisduval's Blue,Forget-me-not,Mazarine Blue,Spring Azure,Marine Blue,Boisduval's Blue
val/01485_Animalia_Arthropoda_Insecta_Lepidoptera_Lycaenidae_Icaricia_icarioides/353fd226-1c04-4432-8e63-97eb63380054.jpg,77,75,0,75,270,76,77,355,0.06646728515625,0.031524658203125,0.0298919677734375,0.025543212890625,0.0175933837890625,1,4,Boisduval's Blue,Spring Azure,Scaly Chanterelle,Mazarine Blue,Boisduval's Blue,Spiny Hedgehog Cactus
val/01493_Animalia_Arthropoda_Insecta_Lepidoptera_Lycaenidae_Leptotes_marina/c59abb81-0344-4b92-b246-436dded86f8b.jpg,78,75,0,75,78,99,440,55,0.02850341796875,0.025848388671875,0.0256805419921875,0.0231475830078125,0.02197265625,1,2,Marine Blue,Spring Azure,Marine Blue,Fatal Metalmark,Grey Willow,Latticed Heath
val/01493_Animalia_Arthropoda_Insecta_Lepidoptera_Lycaenidae_Leptotes_marina/c9235d22-4d21-4d1b-9cd3-c205dc808b4d.jpg,78,23,0,23,78,271,12,264,0.01678466796875,0.0163116455078125,0.010711669921875,0.01024627685546875,0.010223388671875,1,2,Marine Blue,Maize Calligrapher Fly,Marine Blue,stinkhorn,Hadda Beetle,Yellow Stainer
val/01534_Animalia_Arthropoda_Insecta_Lepidoptera_Lycaenidae_Satyrium_titus/b85ae744-5103-4ce4-8a07-ef1c33414e49.jpg,79,69,0,69,79,67,71,66,0.0853271484375,0.04986572265625,0.04486083984375,0.0396728515625,0.038238525390625,1,2,Coral Hairstreak,Long Dash Skipper,Coral Hairstreak,Eufala Skipper,Dorantes Longtail,Chestnut Bob
val/01534_Animalia_Arthropoda_Insecta_Lepidoptera_Lycaenidae_Satyrium_titus/7857e4bc-76a5-41e2-975e-f1a1779fce3d.jpg,79,73,0,73,79,95,23,78,0.03948974609375,0.0251007080078125,0.020965576171875,0.01512908935546875,0.01265716552734375,1,2,Coral Hairstreak,Common Ciliate Blue,Coral Hairstreak,Barred Yellow,Maize Calligrapher Fly,Marine Blue
val/01583_Animalia_Arthropoda_Insecta_Lepidoptera_Noctuidae_Autographa_californica/2018c738-2c92-41f3-bd4a-2a77034e4ab3.jpg,80,33,0,33,277,80,25,120,0.1015625,0.04620361328125,0.0306396484375,0.0252532958984375,0.0233001708984375,1,3,Alfalfa Looper,Ashy Mining Bee,Sponge Weed,Alfalfa Looper,Florida Leaf-footed Bug,Dragonhunter
val/01583_Animalia_Arthropoda_Insecta_Lepidoptera_Noctuidae_Autographa_californica/d772e75d-721f-4265-8791-0f3be2b08b34.jpg,80,33,0,33,20,38,187,80,0.022003173828125,0.019683837890625,0.0164947509765625,0.0160369873046875,0.013336181640625,1,5,Alfalfa Looper,Ashy Mining Bee,Mexican Cactus Fly,New York Carpenter Ant,Chestnut-backed Chickadee,Alfalfa Looper
val/01649_Animalia_Arthropoda_Insecta_Lepidoptera_Noctuidae_Lithacodia_musta/736207a6-733f-480e-8c5e-45c9c0174715.jpg,81,105,0,105,81,50,27,109,0.08880615234375,0.07867431640625,0.034698486328125,0.03424072265625,0.03045654296875,1,2,Small Mossy Lithacodia,Pawpaw Sphinx Moth,Small Mossy Lithacodia,Woody Underwing,Western Conifer Seed Bug,Red-banded Leafroller
val/01649_Animalia_Arthropoda_Insecta_Lepidoptera_Noctuidae_Lithacodia_musta/8d1a6bf8-183e-4160-8818-f0fa8bc399f2.jpg,81,51,0,51,81,82,83,50,0.1317138671875,0.05938720703125,0.036529541015625,0.0269775390625,0.0246429443359375,1,2,Small Mossy Lithacodia,Ilia Underwing,Small Mossy Lithacodia,Black-dotted Maliattha,Half-yellow Moth,Woody Underwing
val/01649_Animalia_Arthropoda_Insecta_Lepidoptera_Noctuidae_Lithacodia_musta/6315d822-7f0f-40d6-93e0-4b0526786c90.jpg,81,144,0,144,81,98,111,51,0.05523681640625,0.0361328125,0.03228759765625,0.024566650390625,0.0209503173828125,1,2,Small Mossy Lithacodia,Green Salamander,Small Mossy Lithacodia,Darker Moodna Moth,Bidens Borer Moth,Ilia Underwing
val/01649_Animalia_Arthropoda_Insecta_Lepidoptera_Noctuidae_Lithacodia_musta/8b9156c9-549c-4e37-987c-ac7ddc4c60a1.jpg,81,111,0,111,81,144,109,82,0.107421875,0.0963134765625,0.05596923828125,0.0298919677734375,0.0256500244140625,1,2,Small Mossy Lithacodia,Bidens Borer Moth,Small Mossy Lithacodia,Green Salamander,Red-banded Leafroller,Black-dotted Maliattha
val/01649_Animalia_Arthropoda_Insecta_Lepidoptera_Noctuidae_Lithacodia_musta/0a4bc229-d0bb-4a01-a6b2-376165ca3197.jpg,81,51,0,51,54,81,110,112,0.09771728515625,0.06689453125,0.06396484375,0.059967041015625,0.05169677734375,1,3,Small Mossy Lithacodia,Ilia Underwing,Pantydia sparsa,Small Mossy Lithacodia,Filbertworm Moth,Omnivorous Platynota Moth
val/01653_Animalia_Arthropoda_Insecta_Lepidoptera_Noctuidae_Maliattha_synochitis/756ca6e1-64e3-42cc-9666-19f116a09271.jpg,82,49,0,49,53,54,82,81,0.04473876953125,0.03656005859375,0.032501220703125,0.031768798828125,0.0275115966796875,1,4,Black-dotted Maliattha,Deduced Graphic,Royal Poinciana Moth,Pantydia sparsa,Black-dotted Maliattha,Small Mossy Lithacodia
val/01653_Animalia_Arthropoda_Insecta_Lepidoptera_Noctuidae_Maliattha_synochitis/20e7f4bb-99d4-41c5-a601-54b1b432322b.jpg,82,110,0,110,82,81,51,109,0.11138916015625,0.054931640625,0.042449951171875,0.0355224609375,0.0293121337890625,1,2,Black-dotted Maliattha,Filbertworm Moth,Black-dotted Maliattha,Small Mossy Lithacodia,Ilia Underwing,Red-banded Leafroller
val/01653_Animalia_Arthropoda_Insecta_Lepidoptera_Noctuidae_Maliattha_synochitis/79c78f9d-9a1b-4932-ba68-a6007a393a39.jpg,82,80,0,80,82,49,97,153,0.058258056640625,0.041839599609375,0.021514892578125,0.0205078125,0.018798828125,1,2,Black-dotted Maliattha,Alfalfa Looper,Black-dotted Maliattha,Deduced Graphic,Large White Butterfly,Black-chinned Hummingbird
val/01691_Animalia_Arthropoda_Insecta_Lepidoptera_Noctuidae_Ponometia_semiflava/89f67d79-f04e-47e8-906b-5a98920db934.jpg,83,98,0,98,83,111,10,257,0.0704345703125,0.061920166015625,0.028961181640625,0.0187835693359375,0.01473236083984375,1,2,Half-yellow Moth,Darker Moodna Moth,Half-yellow Moth,Bidens Borer Moth,Spined Woodborer,Decollate Snail
val/01691_Animalia_Arthropoda_Insecta_Lepidoptera_Noctuidae_Ponometia_semiflava/fd9f757a-8bed-4d1a-835c-f8be213855f0.jpg,83,113,0,113,83,48,98,10,0.06341552734375,0.0562744140625,0.03271484375,0.031982421875,0.0255126953125,1,2,Half-yellow Moth,Australian Green Mantis,Half-yellow Moth,Snowy Urola Moth,Darker Moodna Moth,Spined Woodborer
val/01729_Animalia_Arthropoda_Insecta_Lepidoptera_Nolidae_Pseudoips_prasinana/5632a431-1a35-46d6-8c21-b79570d4e27d.jpg,84,114,0,114,84,28,56,113,0.1322021484375,0.0870361328125,0.04437255859375,0.042510986328125,0.033050537109375,1,2,Green Silver-lines,Chrysopa oculata,Green Silver-lines,Alfalfa Plant Bug,Blackberry Looper,Australian Green Mantis
val/01729_Animalia_Arthropoda_Insecta_Lepidoptera_Nolidae_Pseudoips_prasinana/f4022001-92db-4435-bb18-f9e086ab8906.jpg,84,28,0,28,61,84,433,114,0.0455322265625,0.03369140625,0.0260772705078125,0.01300048828125,0.01247406005859375,1,3,Green Silver-lines,Alfalfa Plant Bug,White Slant-line,Green Silver-lines,umbrella magnolia,Chrysopa oculata
val/01729_Animalia_Arthropoda_Insecta_Lepidoptera_Nolidae_Pseudoips_prasinana/6134691e-456c-440b-8a71-071eede88b1e.jpg,84,48,0,48,84,109,83,110,0.08111572265625,0.05499267578125,0.0312347412109375,0.0299530029296875,0.021636962890625,1,2,Green Silver-lines,Snowy Urola Moth,Green Silver-lines,Red-banded Leafroller,Half-yellow Moth,Filbertworm Moth
val/01748_Animalia_Arthropoda_Insecta_Lepidoptera_Notodontidae_Peridea_angulosa/228b4a44-a28a-4f43-9507-abcf653e8ce3.jpg,85,53,0,53,85,50,54,46,0.0941162109375,0.060516357421875,0.0219879150390625,0.02056884765625,0.0176544189453125,1,2,Angulose Prominent Moth,Royal Poinciana Moth,Angulose Prominent Moth,Woody Underwing,Pantydia sparsa,Titian Peale's Crambid
val/01802_Animalia_Arthropoda_Insecta_Lepidoptera_Nymphalidae_Brenthis_ino/12ac1713-82ea-4173-93d1-606bff0df0c3.jpg,86,79,0,79,75,86,74,87,0.025238037109375,0.022979736328125,0.020904541015625,0.015625,0.01430511474609375,1,3,Lesser Marbled Fritillary,Coral Hairstreak,Spring Azure,Lesser Marbled Fritillary,Forget-me-not,Silver Emperor
val/01838_Animalia_Arthropoda_Insecta_Lepidoptera_Nymphalidae_Doxocopa_laure/af7b2960-a61f-4c4f-b73f-b46d48fe18d2.jpg,87,209,0,209,192,87,189,218,0.030792236328125,0.02801513671875,0.0241546630859375,0.0179595947265625,0.017578125,1,3,Silver Emperor,Indian White-eye,Golden-winged Warbler,Silver Emperor,Hooded Warbler,Black-throated Trogon
val/01838_Animalia_Arthropoda_Insecta_Lepidoptera_Nymphalidae_Doxocopa_laure/079e0aff-7bc1-40a9-b511-9c6a880ef6b8.jpg,87,71,0,71,32,69,20,87,0.038421630859375,0.022552490234375,0.0199432373046875,0.0169525146484375,0.0166015625,1,5,Silver Emperor,Dorantes Longtail,Jagged Ambush Bug,Long Dash Skipper,Mexican Cactus Fly,Silver Emperor
val/01840_Animalia_Arthropoda_Insecta_Lepidoptera_Nymphalidae_Dryas_iulia/7edad141-83bb-4186-9e5c-468a959cfc1a.jpg,88,27,0,27,111,46,88,107,0.0712890625,0.054443359375,0.029205322265625,0.0263824462890625,0.020111083984375,1,4,Julia Butterfly,Western Conifer Seed Bug,Bidens Borer Moth,Titian Peale's Crambid,Julia Butterfly,Blinded Sphinx Moth
val/01938_Animalia_Arthropoda_Insecta_Lepidoptera_Nymphalidae_Nymphalis_antiopa/1f36558f-7636-4e75-b265-72f68ec64c09.jpg,91,52,0,52,91,187,98,274,0.04119873046875,0.0310211181640625,0.0292510986328125,0.0289154052734375,0.0267333984375,1,2,Mourning Cloak,Dimorphic Bomolocha Moth,Mourning Cloak,Chestnut-backed Chickadee,Darker Moodna Moth,ceramic parchment
val/01938_Animalia_Arthropoda_Insecta_Lepidoptera_Nymphalidae_Nymphalis_antiopa/4da9be94-a236-43a8-8dc6-a177bf6a7437.jpg,91,102,0,102,91,93,6,89,0.303955078125,0.0743408203125,0.0343017578125,0.0198211669921875,0.0186767578125,1,2,Mourning Cloak,Buck Moth,Mourning Cloak,Dainty Swallowtail,Giant Desert Centipede,Baltimore Checkerspot
val/01938_Animalia_Arthropoda_Insecta_Lepidoptera_Nymphalidae_Nymphalis_antiopa/6288ddb3-6dea-4f9f-bf03-28f85c3fbd31.jpg,91,90,0,90,91,87,88,93,0.12298583984375,0.042572021484375,0.038055419921875,0.0293731689453125,0.0282440185546875,1,2,Mourning Cloak,Red-spotted Admiral,Mourning Cloak,Silver Emperor,Julia Butterfly,Dainty Swallowtail
val/01938_Animalia_Arthropoda_Insecta_Lepidoptera_Nymphalidae_Nymphalis_antiopa/8c64ab13-2e6a-4d34-8311-761536370015.jpg,91,87,0,87,187,35,90,91,0.052581787109375,0.03753662109375,0.0276641845703125,0.019866943359375,0.0195159912109375,1,5,Mourning Cloak,Silver Emperor,Chestnut-backed Chickadee,Elm Sawfly,Red-spotted Admiral,Mourning Cloak
val/02009_Animalia_Arthropoda_Insecta_Lepidoptera_Papilionidae_Papilio_anactus/3e68f088-511b-4088-8e29-51af328fafab.jpg,93,89,0,89,93,94,9,55,0.076904296875,0.05816650390625,0.035491943359375,0.0226898193359375,0.0213470458984375,1,2,Dainty Swallowtail,Baltimore Checkerspot,Dainty Swallowtail,Thoas Swallowtail,Spotted Longhorn,Latticed Heath
val/02009_Animalia_Arthropoda_Insecta_Lepidoptera_Papilionidae_Papilio_anactus/ff44fccd-73c3-438b-ab10-a0d70075f84e.jpg,93,34,0,34,93,68,91,71,0.0223541259765625,0.01971435546875,0.0146026611328125,0.013458251953125,0.01290130615234375,1,2,Dainty Swallowtail,Southern Carpenter Bee,Dainty Swallowtail,Umber Skipper,Mourning Cloak,Dorantes Longtail
val/02009_Animalia_Arthropoda_Insecta_Lepidoptera_Papilionidae_Papilio_anactus/102cde7c-5480-4e5e-9423-5a2ad1a64948.jpg,93,89,0,89,86,55,93,101,0.1168212890625,0.062408447265625,0.06048583984375,0.03912353515625,0.036773681640625,1,4,Dainty Swallowtail,Baltimore Checkerspot,Lesser Marbled Fritillary,Latticed Heath,Dainty Swallowtail,Orange-tipped Oakworm Moth
val/02009_Animalia_Arthropoda_Insecta_Lepidoptera_Papilionidae_Papilio_anactus/5da67d41-38e1-4f68-b596-de55e18b3770.jpg,93,89,0,89,93,94,195,1,0.031982421875,0.0237884521484375,0.019927978515625,0.0192718505859375,0.01519012451171875,1,2,Dainty Swallowtail,Baltimore Checkerspot,Dainty Swallowtail,Thoas Swallowtail,Eastern Towhee,Golden Silk Spider
val/02034_Animalia_Arthropoda_Insecta_Lepidoptera_Papilionidae_Papilio_thoas/564918d9-41c1-419e-808e-e536483e8e45.jpg,94,93,0,93,15,94,87,35,0.0311279296875,0.027130126953125,0.0246429443359375,0.0136260986328125,0.0134429931640625,1,3,Thoas Swallowtail,Dainty Swallowtail,Oedemera femorata,Thoas Swallowtail,Silver Emperor,Elm Sawfly
val/02034_Animalia_Arthropoda_Insecta_Lepidoptera_Papilionidae_Papilio_thoas/04e89d0a-6dee-4d0f-9943-a51af1126bf7.jpg,94,93,0,93,94,87,89,90,0.08551025390625,0.04852294921875,0.0343017578125,0.0201263427734375,0.018341064453125,1,2,Thoas Swallowtail,Dainty Swallowtail,Thoas Swallowtail,Silver Emperor,Baltimore Checkerspot,Red-spotted Admiral
val/02073_Animalia_Arthropoda_Insecta_Lepidoptera_Pieridae_Eurema_daira/4e679505-7d75-4e29-8d12-df0c346012d3.jpg,95,74,0,74,95,75,73,76,0.2080078125,0.157958984375,0.042755126953125,0.0287322998046875,0.0224151611328125,1,2,Barred Yellow,Forget-me-not,Barred Yellow,Spring Azure,Common Ciliate Blue,Mazarine Blue
val/02073_Animalia_Arthropoda_Insecta_Lepidoptera_Pieridae_Eurema_daira/8025f567-e8fa-450b-ba9a-4688a5870e9e.jpg,95,78,0,78,95,76,96,258,0.023040771484375,0.0222625732421875,0.0179901123046875,0.0173187255859375,0.0134429931640625,1,2,Barred Yellow,Marine Blue,Barred Yellow,Mazarine Blue,Florida White,White-lipped Snail
val/02092_Animalia_Arthropoda_Insecta_Lepidoptera_Pieridae_Pieris_brassicae/b69bb10a-c378-4020-b2f1-55a10838f7df.jpg,97,96,0,96,63,95,97,61,0.08331298828125,0.05023193359375,0.036773681640625,0.0249176025390625,0.01641845703125,1,4,Large White Butterfly,Florida White,Least Skipper,Barred Yellow,Large White Butterfly,White Slant-line
val/02092_Animalia_Arthropoda_Insecta_Lepidoptera_Pieridae_Pieris_brassicae/8dce4d80-e3a8-48c4-b97a-ef2451c94333.jpg,97,96,0,96,74,97,79,67,0.08282470703125,0.0279388427734375,0.0194854736328125,0.015838623046875,0.01450347900390625,1,3,Large White Butterfly,Florida White,Forget-me-not,Large White Butterfly,Coral Hairstreak,Eufala Skipper
val/02129_Animalia_Arthropoda_Insecta_Lepidoptera_Pyralidae_Moodna_ostrinella/3c539566-e870-4956-9e9b-5a3fed7a12b3.jpg,98,19,0,19,48,98,82,17,0.032318115234375,0.031585693359375,0.024993896484375,0.0219573974609375,0.0217132568359375,1,3,Darker Moodna Moth,Garden soldier fly,Snowy Urola Moth,Darker Moodna Moth,Black-dotted Maliattha,Oriental Beetle
val/02129_Animalia_Arthropoda_Insecta_Lepidoptera_Pyralidae_Moodna_ostrinella/ab6476e0-fb6c-4960-8d43-b5d9020ec240.jpg,98,111,0,111,98,81,253,109,0.2108154296875,0.0531005859375,0.05047607421875,0.04010009765625,0.030731201171875,1,2,Darker Moodna Moth,Bidens Borer Moth,Darker Moodna Moth,Small Mossy Lithacodia,California Cone,Red-banded Leafroller
val/02145_Animalia_Arthropoda_Insecta_Lepidoptera_Riodinidae_Melanis_pixe/5f865374-7b47-4718-9813-c1f390a8f08a.jpg,100,195,0,195,228,154,100,182,0.024749755859375,0.0203857421875,0.017364501953125,0.016632080078125,0.0144500732421875,1,4,Red-bordered Pixie,Eastern Towhee,Sunda Flying Lemur,Green-crowned Brilliant,Red-bordered Pixie,Common Grackle
val/02149_Animalia_Arthropoda_Insecta_Lepidoptera_Saturniidae_Anisota_senatoria/66db29bb-4ea1-46b9-bb06-910234bc2300.jpg,101,171,0,171,101,214,274,92,0.10614013671875,0.0343017578125,0.0291748046875,0.0275726318359375,0.0237884521484375,1,2,Orange-tipped Oakworm Moth,Brown Creeper,Orange-tipped Oakworm Moth,Downy Woodpecker,ceramic parchment,Blomfild's Beauty
val/02161_Animalia_Arthropoda_Insecta_Lepidoptera_Saturniidae_Hemileuca_maia/a4df3a3a-fbe1-41fd-af87-67e06566e54b.jpg,102,257,0,257,254,253,102,10,0.08282470703125,0.03326416015625,0.026580810546875,0.0221405029296875,0.01708984375,1,4,Buck Moth,Decollate Snail,Lettered Olive,California Cone,Buck Moth,Spined Woodborer
val/02166_Animalia_Arthropoda_Insecta_Lepidoptera_Saturniidae_Saturnia_pavonia/c5016f5b-f167-404f-bf9e-61c567ed03b7.jpg,103,132,0,132,103,104,482,97,0.0537109375,0.02569580078125,0.0220947265625,0.0208740234375,0.01910400390625,1,2,Small Emperor Moth,Four-eyed Butterflyfish,Small Emperor Moth,Giant Peacock Moth,Obscure Morning Glory,Large White Butterfly
val/02167_Animalia_Arthropoda_Insecta_Lepidoptera_Saturniidae_Saturnia_pyri/1d3f38d6-67ad-4c96-90c4-2654ff5f5276.jpg,104,127,0,127,141,104,231,49,0.07879638671875,0.04779052734375,0.02947998046875,0.022552490234375,0.019256591796875,1,3,Giant Peacock Moth,New Zealand Half Crab,Cachabi Robber Frog,Giant Peacock Moth,Bank Vole,Deduced Graphic
val/02185_Animalia_Arthropoda_Insecta_Lepidoptera_Sphingidae_Dolba_hyloeus/fa2256f6-e901-4248-b1b1-b21abc89ca8a.jpg,105,53,0,53,45,105,107,54,0.061004638671875,0.04559326171875,0.04376220703125,0.038848876953125,0.0316162109375,1,3,Pawpaw Sphinx Moth,Royal Poinciana Moth,Hydrilla Leafcutter Moth,Pawpaw Sphinx Moth,Blinded Sphinx Moth,Pantydia sparsa
val/02185_Animalia_Arthropoda_Insecta_Lepidoptera_Sphingidae_Dolba_hyloeus/9acf485b-f49b-4b62-b600-82fefeb0715c.jpg,105,51,0,51,102,105,277,81,0.06201171875,0.045806884765625,0.040496826171875,0.03167724609375,0.0196380615234375,1,3,Pawpaw Sphinx Moth,Ilia Underwing,Buck Moth,Pawpaw Sphinx Moth,Sponge Weed,Small Mossy Lithacodia
val/02185_Animalia_Arthropoda_Insecta_Lepidoptera_Sphingidae_Dolba_hyloeus/66a8083a-b44a-46f8-8fc9-3dd095ab4caa.jpg,105,45,0,45,53,105,80,51,0.041595458984375,0.041473388671875,0.03546142578125,0.01299285888671875,0.012847900390625,1,3,Pawpaw Sphinx Moth,Hydrilla Leafcutter Moth,Royal Poinciana Moth,Pawpaw Sphinx Moth,Alfalfa Looper,Ilia Underwing
val/02198_Animalia_Arthropoda_Insecta_Lepidoptera_Sphingidae_Hippotion_scrofa/d7a3d5c0-1a2a-4367-8c27-f721f2316b7c.jpg,106,25,0,25,301,106,153,2,0.0201416015625,0.0180816650390625,0.0160064697265625,0.013519287109375,0.01221466064453125,1,3,Hippotion scrofa,Florida Leaf-footed Bug,snow trillium,Hippotion scrofa,Black-chinned Hummingbird,Six-spotted Fishing Spider
val/02211_Animalia_Arthropoda_Insecta_Lepidoptera_Sphingidae_Paonias_excaecata/570121a6-daa8-4476-8f5e-e5c39b98d705.jpg,107,52,0,52,60,57,107,47,0.077880859375,0.02801513671875,0.0260772705078125,0.016326904296875,0.012420654296875,1,4,Blinded Sphinx Moth,Dimorphic Bomolocha Moth,Alien Probole Moth,Feathered Thorn,Blinded Sphinx Moth,Volupial Pyrausta Moth
val/02211_Animalia_Arthropoda_Insecta_Lepidoptera_Sphingidae_Paonias_excaecata/a2f097fa-81b7-47b0-9ea6-cedac0ec153b.jpg,107,126,0,126,111,141,49,107,0.06390380859375,0.05328369140625,0.03521728515625,0.033538818359375,0.020538330078125,1,5,Blinded Sphinx Moth,Virile Crayfish,Bidens Borer Moth,Cachabi Robber Frog,Deduced Graphic,Blinded Sphinx Moth
val/02211_Animalia_Arthropoda_Insecta_Lepidoptera_Sphingidae_Paonias_excaecata/1d75a65e-be20-4faa-b4cb-bd65f583e8f4.jpg,107,53,0,53,106,107,52,54,0.04644775390625,0.0245513916015625,0.021728515625,0.0195465087890625,0.016510009765625,1,3,Blinded Sphinx Moth,Royal Poinciana Moth,Hippotion scrofa,Blinded Sphinx Moth,Dimorphic Bomolocha Moth,Pantydia sparsa
val/02235_Animalia_Arthropoda_Insecta_Lepidoptera_Tortricidae_Argyrotaenia_velutinana/433b273e-3be3-4ebe-ad39-f5bc2d131a7d.jpg,109,111,0,111,83,110,81,109,0.06707763671875,0.06658935546875,0.06231689453125,0.0577392578125,0.049957275390625,1,5,Red-banded Leafroller,Bidens Borer Moth,Half-yellow Moth,Filbertworm Moth,Small Mossy Lithacodia,Red-banded Leafroller
val/02235_Animalia_Arthropoda_Insecta_Lepidoptera_Tortricidae_Argyrotaenia_velutinana/b75e7dae-1940-49ad-bb91-446b4dac3997.jpg,109,111,0,111,109,83,98,112,0.10693359375,0.08489990234375,0.06561279296875,0.0294036865234375,0.025970458984375,1,2,Red-banded Leafroller,Bidens Borer Moth,Red-banded Leafroller,Half-yellow Moth,Darker Moodna Moth,Omnivorous Platynota Moth
val/02235_Animalia_Arthropoda_Insecta_Lepidoptera_Tortricidae_Argyrotaenia_velutinana/4a7ce32d-08e4-4ad2-a769-6e5084de8373.jpg,109,50,0,50,52,82,81,109,0.09832763671875,0.056793212890625,0.0540771484375,0.052337646484375,0.04791259765625,1,5,Red-banded Leafroller,Woody Underwing,Dimorphic Bomolocha Moth,Black-dotted Maliattha,Small Mossy Lithacodia,Red-banded Leafroller
val/02235_Animalia_Arthropoda_Insecta_Lepidoptera_Tortricidae_Argyrotaenia_velutinana/04556d1e-4912-45cf-8466-7eac29b3850a.jpg,109,111,0,111,98,109,46,110,0.2271728515625,0.08197021484375,0.05438232421875,0.0227813720703125,0.0177154541015625,1,3,Red-banded Leafroller,Bidens Borer Moth,Darker Moodna Moth,Red-banded Leafroller,Titian Peale's Crambid,Filbertworm Moth
val/02235_Animalia_Arthropoda_Insecta_Lepidoptera_Tortricidae_Argyrotaenia_velutinana/43e6105b-f15e-4ad0-9789-29d24d6b0d6f.jpg,109,111,0,111,109,140,112,98,0.034393310546875,0.03204345703125,0.0191497802734375,0.0161895751953125,0.01318359375,1,2,Red-banded Leafroller,Bidens Borer Moth,Red-banded Leafroller,Spiny Seahorse,Omnivorous Platynota Moth,Darker Moodna Moth
val/02235_Animalia_Arthropoda_Insecta_Lepidoptera_Tortricidae_Argyrotaenia_velutinana/a3c7def7-c258-440d-a2f5-4ac28f340980.jpg,109,98,0,98,109,111,112,110,0.0205078125,0.02032470703125,0.019073486328125,0.0171966552734375,0.01383209228515625,1,2,Red-banded Leafroller,Darker Moodna Moth,Red-banded Leafroller,Bidens Borer Moth,Omnivorous Platynota Moth,Filbertworm Moth
val/02235_Animalia_Arthropoda_Insecta_Lepidoptera_Tortricidae_Argyrotaenia_velutinana/a75f1e41-a321-4a8a-bab1-89bc11699cab.jpg,109,98,0,98,111,109,228,113,0.131103515625,0.11712646484375,0.041107177734375,0.04071044921875,0.028411865234375,1,3,Red-banded Leafroller,Darker Moodna Moth,Bidens Borer Moth,Red-banded Leafroller,Sunda Flying Lemur,Australian Green Mantis
val/02246_Animalia_Arthropoda_Insecta_Lepidoptera_Tortricidae_Cydia_latiferreana/440f1bb0-f033-4f04-b579-76ec2e20a4e0.jpg,110,112,0,112,110,98,83,111,0.144287109375,0.0880126953125,0.079345703125,0.024505615234375,0.0220184326171875,1,2,Filbertworm Moth,Omnivorous Platynota Moth,Filbertworm Moth,Darker Moodna Moth,Half-yellow Moth,Bidens Borer Moth
val/02249_Animalia_Arthropoda_Insecta_Lepidoptera_Tortricidae_Epiblema_otiosana/ba812b20-8d42-42d1-82d8-064a42371cd3.jpg,111,82,0,82,111,80,101,215,0.033050537109375,0.0312042236328125,0.0298309326171875,0.0265350341796875,0.02374267578125,1,2,Bidens Borer Moth,Black-dotted Maliattha,Bidens Borer Moth,Alfalfa Looper,Orange-tipped Oakworm Moth,Eastern Screech-Owl
val/02262_Animalia_Arthropoda_Insecta_Lepidoptera_Tortricidae_Platynota_rostrana/b754ecb6-4895-467e-a836-04e28bc6b6a6.jpg,112,46,0,46,112,110,84,109,0.0989990234375,0.037506103515625,0.036773681640625,0.0306396484375,0.0267791748046875,1,2,Omnivorous Platynota Moth,Titian Peale's Crambid,Omnivorous Platynota Moth,Filbertworm Moth,Green Silver-lines,Red-banded Leafroller
val/02262_Animalia_Arthropoda_Insecta_Lepidoptera_Tortricidae_Platynota_rostrana/9d3874fa-e558-4a21-bed4-c6bf8a53108b.jpg,112,54,0,54,112,57,52,50,0.1832275390625,0.0738525390625,0.052886962890625,0.05108642578125,0.03924560546875,1,2,Omnivorous Platynota Moth,Pantydia sparsa,Omnivorous Platynota Moth,Feathered Thorn,Dimorphic Bomolocha Moth,Woody Underwing
val/02284_Animalia_Arthropoda_Insecta_Mantodea_Mantidae_Orthodera_ministralis/9ed6b845-97c7-4439-8f2d-84ee14859316.jpg,113,125,0,125,113,114,7,142,0.1278076171875,0.1099853515625,0.033721923828125,0.03369140625,0.0258026123046875,1,2,Australian Green Mantis,Long-winged Conehead,Australian Green Mantis,Chrysopa oculata,Emerald Ash Borer,Eastern Dwarf Treefrog
val/02284_Animalia_Arthropoda_Insecta_Mantodea_Mantidae_Orthodera_ministralis/9a1e870f-c17d-4382-845f-4df1350f871b.jpg,113,114,0,114,113,84,244,125,0.306640625,0.0859375,0.08514404296875,0.07781982421875,0.0693359375,1,2,Australian Green Mantis,Chrysopa oculata,Australian Green Mantis,Green Silver-lines,Green Iguana,Long-winged Conehead
val/02297_Animalia_Arthropoda_Insecta_Neuroptera_Chrysopidae_Chrysopa_oculata/6e93e6c9-4d2d-40e1-825f-af3ef46541e9.jpg,114,84,0,84,114,125,28,15,0.101318359375,0.09405517578125,0.05133056640625,0.0166168212890625,0.01654052734375,1,2,Chrysopa oculata,Green Silver-lines,Chrysopa oculata,Long-winged Conehead,Alfalfa Plant Bug,Oedemera femorata
val/02297_Animalia_Arthropoda_Insecta_Neuroptera_Chrysopidae_Chrysopa_oculata/a74f3763-db56-4922-9c8a-5292a258bafb.jpg,114,72,0,72,114,98,7,83,0.04974365234375,0.04608154296875,0.033782958984375,0.0328369140625,0.022613525390625,1,2,Chrysopa oculata,Green Oak-Slug Moth,Chrysopa oculata,Darker Moodna Moth,Emerald Ash Borer,Half-yellow Moth
val/02297_Animalia_Arthropoda_Insecta_Neuroptera_Chrysopidae_Chrysopa_oculata/975d7c5d-b56c-49a8-bdd6-8c480f3c8092.jpg,114,142,0,142,114,118,84,39,0.1397705078125,0.136474609375,0.10302734375,0.056121826171875,0.0299224853515625,1,2,Chrysopa oculata,Eastern Dwarf Treefrog,Chrysopa oculata,Skimming Bluet,Green Silver-lines,Pure Green Sweat Bee
val/02297_Animalia_Arthropoda_Insecta_Neuroptera_Chrysopidae_Chrysopa_oculata/a638069f-8140-4ce2-a0a7-a10a451582a4.jpg,114,56,0,56,109,110,114,111,0.046844482421875,0.0384521484375,0.035491943359375,0.0167999267578125,0.01456451416015625,1,4,Chrysopa oculata,Blackberry Looper,Red-banded Leafroller,Filbertworm Moth,Chrysopa oculata,Bidens Borer Moth
val/02303_Animalia_Arthropoda_Insecta_Neuroptera_Myrmeleontidae_Libelloides_coccajus/9f543f0c-9d3c-40d1-a2f3-3517f938abf8.jpg,115,123,0,123,125,115,15,121,0.08349609375,0.04901123046875,0.041259765625,0.038848876953125,0.022735595703125,1,3,Owly Sulphur,Marsh meadow grasshopper,Long-winged Conehead,Owly Sulphur,Oedemera femorata,Small Spreadwing
val/02332_Animalia_Arthropoda_Insecta_Odonata_Calopterygidae_Calopteryx_maculata/b9bd6b4e-b3e4-444f-a205-2161c8cbf936.jpg,116,15,0,15,116,42,28,123,0.059722900390625,0.048187255859375,0.0307159423828125,0.0289306640625,0.0282440185546875,1,2,Ebony Jewelwing,Oedemera femorata,Ebony Jewelwing,Western Paper Wasp,Alfalfa Plant Bug,Marsh meadow grasshopper
val/02369_Animalia_Arthropoda_Insecta_Odonata_Coenagrionidae_Enallagma_cyathigerum/14f2e523-dc72-469c-827e-0d56ef47faa2.jpg,117,118,0,118,121,117,122,119,0.27685546875,0.23486328125,0.148681640625,0.042694091796875,0.02008056640625,1,3,Common Blue Damselfly,Skimming Bluet,Small Spreadwing,Common Blue Damselfly,Neurothemis taiwanensis,Eastern Ringtail
val/02369_Animalia_Arthropoda_Insecta_Odonata_Coenagrionidae_Enallagma_cyathigerum/bb908704-6ab5-43bf-a324-135835a770d9.jpg,117,180,0,180,120,117,5,138,0.01470184326171875,0.01324462890625,0.0120086669921875,0.0115814208984375,0.010833740234375,1,3,Common Blue Damselfly,Violet-green Swallow,Dragonhunter,Common Blue Damselfly,Eastern Bark Centipede,Kelp Bass
val/02375_Animalia_Arthropoda_Insecta_Odonata_Coenagrionidae_Enallagma_geminatum/60ed2ed8-08a2-41cd-8648-dc02a547f9ec.jpg,118,117,0,117,123,118,35,119,0.04681396484375,0.031158447265625,0.0303497314453125,0.0287933349609375,0.0276641845703125,1,3,Skimming Bluet,Common Blue Damselfly,Marsh meadow grasshopper,Skimming Bluet,Elm Sawfly,Eastern Ringtail
val/02375_Animalia_Arthropoda_Insecta_Odonata_Coenagrionidae_Enallagma_geminatum/8b8c5941-eba7-41dd-96d8-832891bb019c.jpg,118,119,0,119,216,118,117,217,0.05938720703125,0.0413818359375,0.0300140380859375,0.02081298828125,0.0165863037109375,1,3,Skimming Bluet,Eastern Ringtail,Pelagic Cormorant,Skimming Bluet,Common Blue Damselfly,Brandt's Cormorant
val/02375_Animalia_Arthropoda_Insecta_Odonata_Coenagrionidae_Enallagma_geminatum/8b499312-0ff9-41f6-91ce-a2aa997a2716.jpg,118,119,0,119,118,27,120,122,0.0821533203125,0.056243896484375,0.051422119140625,0.03570556640625,0.028167724609375,1,2,Skimming Bluet,Eastern Ringtail,Skimming Bluet,Western Conifer Seed Bug,Dragonhunter,Neurothemis taiwanensis
val/02427_Animalia_Arthropoda_Insecta_Odonata_Gomphidae_Erpetogomphus_designatus/ac3f696c-9cfd-411f-ac6c-e7b13c8d384f.jpg,119,42,0,42,6,119,102,26,0.043060302734375,0.04193115234375,0.03924560546875,0.0178070068359375,0.01546478271484375,1,3,Eastern Ringtail,Western Paper Wasp,Giant Desert Centipede,Eastern Ringtail,Buck Moth,Western Leaf-footed Bug
val/02427_Animalia_Arthropoda_Insecta_Odonata_Gomphidae_Erpetogomphus_designatus/10eb5f92-d5be-413b-82f0-22aece4617ee.jpg,119,8,0,8,15,22,119,71,0.05078125,0.03790283203125,0.0306243896484375,0.021240234375,0.0200958251953125,1,4,Eastern Ringtail,Goldenrod Soldier Beetle,Oedemera femorata,Transverse-banded Flower Fly,Eastern Ringtail,Dorantes Longtail
val/02427_Animalia_Arthropoda_Insecta_Odonata_Gomphidae_Erpetogomphus_designatus/4ca9a975-accc-4d4c-8222-31c41029ab5f.jpg,119,120,0,120,275,305,2,119,0.0271453857421875,0.0204010009765625,0.02020263671875,0.0177764892578125,0.01544189453125,1,5,Eastern Ringtail,Dragonhunter,fan moss,common three-square,Six-spotted Fishing Spider,Eastern Ringtail
val/02432_Animalia_Arthropoda_Insecta_Odonata_Gomphidae_Hagenius_brevistylus/49d39b65-1b43-46d5-8c5d-5c5c22af2b1a.jpg,120,118,0,118,119,15,120,117,0.038482666015625,0.0279693603515625,0.027008056640625,0.0258636474609375,0.0218505859375,1,4,Dragonhunter,Skimming Bluet,Eastern Ringtail,Oedemera femorata,Dragonhunter,Common Blue Damselfly
val/02432_Animalia_Arthropoda_Insecta_Odonata_Gomphidae_Hagenius_brevistylus/3142816c-67cf-4746-ba69-ec586a4a42c4.jpg,120,28,0,28,120,15,118,125,0.1173095703125,0.0672607421875,0.04852294921875,0.042572021484375,0.03564453125,1,2,Dragonhunter,Alfalfa Plant Bug,Dragonhunter,Oedemera femorata,Skimming Bluet,Long-winged Conehead
val/02432_Animalia_Arthropoda_Insecta_Odonata_Gomphidae_Hagenius_brevistylus/9d9b9af1-d259-4190-ad07-556fdc85ea7c.jpg,120,119,0,119,118,120,121,122,0.18212890625,0.16650390625,0.091796875,0.07550048828125,0.055755615234375,1,3,Dragonhunter,Eastern Ringtail,Skimming Bluet,Dragonhunter,Small Spreadwing,Neurothemis taiwanensis
val/02432_Animalia_Arthropoda_Insecta_Odonata_Gomphidae_Hagenius_brevistylus/01a706cc-1d1d-4e91-acbd-b233b1c04108.jpg,120,2,0,2,119,120,38,39,0.04638671875,0.041351318359375,0.037506103515625,0.03692626953125,0.026824951171875,1,3,Dragonhunter,Six-spotted Fishing Spider,Eastern Ringtail,Dragonhunter,New York Carpenter Ant,Pure Green Sweat Bee
val/02463_Animalia_Arthropoda_Insecta_Odonata_Lestidae_Lestes_virens/fafb2051-df9a-4769-8417-729e88b1fae3.jpg,121,118,0,118,125,117,121,113,0.2200927734375,0.06170654296875,0.050262451171875,0.027435302734375,0.0188446044921875,1,4,Small Spreadwing,Skimming Bluet,Long-winged Conehead,Common Blue Damselfly,Small Spreadwing,Australian Green Mantis
val/02527_Animalia_Arthropoda_Insecta_Odonata_Libellulidae_Neurothemis_taiwanensis/b1234649-9de0-47f1-909f-7fd8eda3a9bd.jpg,122,119,0,119,23,122,118,15,0.0921630859375,0.07232666015625,0.06475830078125,0.0455322265625,0.03375244140625,1,3,Neurothemis taiwanensis,Eastern Ringtail,Maize Calligrapher Fly,Neurothemis taiwanensis,Skimming Bluet,Oedemera femorata
val/02628_Animalia_Arthropoda_Insecta_Orthoptera_Acrididae_Pseudochorthippus_curtipennis/888c51a0-e316-49e2-ac06-c58061be4fab.jpg,123,113,0,113,7,123,19,30,0.436279296875,0.032989501953125,0.025146484375,0.0236663818359375,0.0225067138671875,1,3,Marsh meadow grasshopper,Australian Green Mantis,Emerald Ash Borer,Marsh meadow grasshopper,Garden soldier fly,Brown Marmorated Stink Bug
val/02628_Animalia_Arthropoda_Insecta_Orthoptera_Acrididae_Pseudochorthippus_curtipennis/484e7e0f-ecdb-4539-92f7-8b0b978ff83c.jpg,123,125,0,125,116,123,69,15,0.091552734375,0.047393798828125,0.027587890625,0.0255889892578125,0.0208587646484375,1,3,Marsh meadow grasshopper,Long-winged Conehead,Ebony Jewelwing,Marsh meadow grasshopper,Long Dash Skipper,Oedemera femorata
val/02628_Animalia_Arthropoda_Insecta_Orthoptera_Acrididae_Pseudochorthippus_curtipennis/9d7f2722-f136-4f77-86b4-fe242db2b6f3.jpg,123,125,0,125,124,15,123,44,0.142822265625,0.0767822265625,0.03875732421875,0.038299560546875,0.03411865234375,1,4,Marsh meadow grasshopper,Long-winged Conehead,Obscure Bird Grasshopper,Oedemera femorata,Marsh meadow grasshopper,Pearl Veneer
val/02633_Animalia_Arthropoda_Insecta_Orthoptera_Acrididae_Schistocerca_obscura/74be4062-d2e3-4c36-a413-e171c3c58c19.jpg,124,113,0,113,124,28,101,98,0.12200927734375,0.049224853515625,0.0355224609375,0.034027099609375,0.0318603515625,1,2,Obscure Bird Grasshopper,Australian Green Mantis,Obscure Bird Grasshopper,Alfalfa Plant Bug,Orange-tipped Oakworm Moth,Darker Moodna Moth
val/02633_Animalia_Arthropoda_Insecta_Orthoptera_Acrididae_Schistocerca_obscura/f2b5fe8d-9637-4628-97af-4a10e86b32d8.jpg,124,125,0,125,123,124,469,113,0.09033203125,0.06134033203125,0.020111083984375,0.0149993896484375,0.013153076171875,1,3,Obscure Bird Grasshopper,Long-winged Conehead,Marsh meadow grasshopper,Obscure Bird Grasshopper,Siberian elm,Australian Green Mantis
val/02633_Animalia_Arthropoda_Insecta_Orthoptera_Acrididae_Schistocerca_obscura/84c6a0ed-8dcc-48b8-9f1c-ca4dfd427ebb.jpg,124,15,0,15,124,125,26,121,0.07470703125,0.046051025390625,0.0404052734375,0.033935546875,0.0256805419921875,1,2,Obscure Bird Grasshopper,Oedemera femorata,Obscure Bird Grasshopper,Long-winged Conehead,Western Leaf-footed Bug,Small Spreadwing
val/02633_Animalia_Arthropoda_Insecta_Orthoptera_Acrididae_Schistocerca_obscura/38cf32c0-fd89-4c04-a01a-e2de3ef7b689.jpg,124,113,0,113,180,116,124,128,0.055908203125,0.0526123046875,0.047454833984375,0.038848876953125,0.037109375,1,4,Obscure Bird Grasshopper,Australian Green Mantis,Violet-green Swallow,Ebony Jewelwing,Obscure Bird Grasshopper,Bluntnose Minnow
val/02668_Animalia_Arthropoda_Insecta_Orthoptera_Tettigoniidae_Conocephalus_fuscus/28c476d6-a2dd-4d13-bb89-6c0ee540a9aa.jpg,125,113,0,113,114,7,125,44,0.11962890625,0.0955810546875,0.048431396484375,0.032318115234375,0.032012939453125,1,4,Long-winged Conehead,Australian Green Mantis,Chrysopa oculata,Emerald Ash Borer,Long-winged Conehead,Pearl Veneer
val/02668_Animalia_Arthropoda_Insecta_Orthoptera_Tettigoniidae_Conocephalus_fuscus/cb5e0a73-e6fd-4ad6-84b5-901e7460ed87.jpg,125,113,0,113,124,28,125,114,0.65478515625,0.06817626953125,0.0406494140625,0.03759765625,0.00848388671875,1,4,Long-winged Conehead,Australian Green Mantis,Obscure Bird Grasshopper,Alfalfa Plant Bug,Long-winged Conehead,Chrysopa oculata
val/02702_Animalia_Arthropoda_Malacostraca_Decapoda_Cambaridae_Faxonius_virilis/6dc8672c-7be4-40a4-a055-ccd5e5d14a60.jpg,126,127,0,127,101,126,143,144,0.0452880859375,0.03350830078125,0.033111572265625,0.029571533203125,0.0183868408203125,1,3,Virile Crayfish,New Zealand Half Crab,Orange-tipped Oakworm Moth,Virile Crayfish,Northern Red-legged Frog,Green Salamander
val/02702_Animalia_Arthropoda_Malacostraca_Decapoda_Cambaridae_Faxonius_virilis/3abb9908-c17b-4e5f-ac32-ebfab276c572.jpg,126,145,0,145,120,126,277,25,0.0225982666015625,0.01342010498046875,0.01311492919921875,0.0115203857421875,0.011444091796875,1,3,Virile Crayfish,Italian Crested Newt,Dragonhunter,Virile Crayfish,Sponge Weed,Florida Leaf-footed Bug
val/02702_Animalia_Arthropoda_Malacostraca_Decapoda_Cambaridae_Faxonius_virilis/5d481016-4fb8-4f9e-9568-b70af85064e1.jpg,126,6,0,6,4,126,257,127,0.15771484375,0.0740966796875,0.039276123046875,0.033843994140625,0.0152130126953125,1,3,Virile Crayfish,Giant Desert Centipede,Paravaejovis puritanus,Virile Crayfish,Decollate Snail,New Zealand Half Crab
val/02702_Animalia_Arthropoda_Malacostraca_Decapoda_Cambaridae_Faxonius_virilis/b79b30c4-9df5-42c8-b387-4dc385966cf6.jpg,126,143,0,143,126,145,127,254,0.0791015625,0.05609130859375,0.03277587890625,0.0284271240234375,0.02752685546875,1,2,Virile Crayfish,Northern Red-legged Frog,Virile Crayfish,Italian Crested Newt,New Zealand Half Crab,Lettered Olive
val/02736_Animalia_Arthropoda_Malacostraca_Decapoda_Porcellanidae_Petrolisthes_elongatus/60080332-f359-4d32-b0c7-a989df820a47.jpg,127,126,0,126,127,42,252,257,0.1373291015625,0.1302490234375,0.04766845703125,0.0186614990234375,0.016387939453125,1,2,New Zealand Half Crab,Virile Crayfish,New Zealand Half Crab,Western Paper Wasp,Common Whelk,Decollate Snail
val/02736_Animalia_Arthropoda_Malacostraca_Decapoda_Porcellanidae_Petrolisthes_elongatus/f2350726-ad2a-4eb7-ad83-c2de20b9019a.jpg,127,145,0,145,253,35,127,249,0.0914306640625,0.0865478515625,0.0247650146484375,0.019256591796875,0.016876220703125,1,4,New Zealand Half Crab,Italian Crested Newt,California Cone,Elm Sawfly,New Zealand Half Crab,Beadlet anemone
val/02769_Animalia_Chordata_Actinopterygii_Cypriniformes_Cyprinidae_Pimephales_notatus/4d524879-1db2-4b9d-a02c-6b464eeab762.jpg,128,129,0,129,128,253,240,145,0.1312255859375,0.1048583984375,0.058258056640625,0.01776123046875,0.0134124755859375,1,2,Bluntnose Minnow,Blacknose Dace,Bluntnose Minnow,California Cone,Flat-headed Snake,Italian Crested Newt
val/02770_Animalia_Chordata_Actinopterygii_Cypriniformes_Cyprinidae_Rhinichthys_atratulus/04adb275-8013-452a-a106-eb1f20483e5a.jpg,129,128,0,128,113,129,5,4,0.33154296875,0.018218994140625,0.01800537109375,0.0178985595703125,0.016387939453125,1,3,Blacknose Dace,Bluntnose Minnow,Australian Green Mantis,Blacknose Dace,Eastern Bark Centipede,Paravaejovis puritanus
val/02770_Animalia_Chordata_Actinopterygii_Cypriniformes_Cyprinidae_Rhinichthys_atratulus/cb9e5098-8c67-44dd-b8d2-19047785efb4.jpg,129,128,0,128,129,145,143,7,0.264404296875,0.25634765625,0.015899658203125,0.01404571533203125,0.01172637939453125,1,2,Blacknose Dace,Bluntnose Minnow,Blacknose Dace,Italian Crested Newt,Northern Red-legged Frog,Emerald Ash Borer
val/02770_Animalia_Chordata_Actinopterygii_Cypriniformes_Cyprinidae_Rhinichthys_atratulus/ded9166e-1be5-4720-b8f0-6c0646e31141.jpg,129,128,0,128,145,5,129,91,0.03466796875,0.02960205078125,0.0260467529296875,0.019744873046875,0.0161895751953125,1,4,Blacknose Dace,Bluntnose Minnow,Italian Crested Newt,Eastern Bark Centipede,Blacknose Dace,Mourning Cloak
val/02770_Animalia_Chordata_Actinopterygii_Cypriniformes_Cyprinidae_Rhinichthys_atratulus/61c66b42-b3cd-4a35-bf19-653daacd1561.jpg,129,128,0,128,126,129,169,44,0.3203125,0.031341552734375,0.0292205810546875,0.0265045166015625,0.0230712890625,1,3,Blacknose Dace,Bluntnose Minnow,Virile Crayfish,Blacknose Dace,Painted Bunting,Pearl Veneer
val/02773_Animalia_Chordata_Actinopterygii_Cypriniformes_Cyprinidae_Squalius_cephalus/4a488b14-f99d-4fc7-9dc2-062427ae882a.jpg,130,219,0,219,130,138,128,136,0.1976318359375,0.035369873046875,0.0350341796875,0.022369384765625,0.020355224609375,1,2,Chub,Nurse Shark,Chub,Kelp Bass,Bluntnose Minnow,Indo-Pacific Sergeant Major
val/02773_Animalia_Chordata_Actinopterygii_Cypriniformes_Cyprinidae_Squalius_cephalus/9592bd17-dec2-4828-b854-db616ee66c62.jpg,130,131,0,131,134,219,128,130,0.211181640625,0.0853271484375,0.0753173828125,0.06414794921875,0.053497314453125,1,5,Chub,Redbreast Sunfish,Blackspot Goatfish,Nurse Shark,Bluntnose Minnow,Chub
val/02773_Animalia_Chordata_Actinopterygii_Cypriniformes_Cyprinidae_Squalius_cephalus/d810e413-4ce5-43e4-bd00-a6c1e4f7c3cd.jpg,130,235,0,235,130,234,118,80,0.14501953125,0.08575439453125,0.053558349609375,0.0231781005859375,0.019439697265625,1,2,Chub,Belize Crocodile,Chub,Common Caiman,Skimming Bluet,Alfalfa Looper
val/02773_Animalia_Chordata_Actinopterygii_Cypriniformes_Cyprinidae_Squalius_cephalus/bad8c2a0-ddcc-4cec-bdb4-f2d53406f576.jpg,130,135,0,135,126,145,130,255,0.139892578125,0.11785888671875,0.11553955078125,0.0555419921875,0.0321044921875,1,4,Chub,Yellow Perch,Virile Crayfish,Italian Crested Newt,Chub,Hilton's Aeolid
val/02773_Animalia_Chordata_Actinopterygii_Cypriniformes_Cyprinidae_Squalius_cephalus/9533fa48-c235-463b-991a-5171521723b3.jpg,130,126,0,126,145,130,235,129,0.1962890625,0.05859375,0.041473388671875,0.03082275390625,0.026275634765625,1,3,Chub,Virile Crayfish,Italian Crested Newt,Chub,Belize Crocodile,Blacknose Dace
val/02800_Animalia_Chordata_Actinopterygii_Perciformes_Centrarchidae_Lepomis_auritus/ffc6d8ba-84f8-4d22-9310-4773401d9c00.jpg,131,135,0,135,131,132,448,137,0.0484619140625,0.035186767578125,0.025665283203125,0.017120361328125,0.0157928466796875,1,2,Redbreast Sunfish,Yellow Perch,Redbreast Sunfish,Four-eyed Butterflyfish,Coastal Banksia,Freshwater Drum
val/02800_Animalia_Chordata_Actinopterygii_Perciformes_Centrarchidae_Lepomis_auritus/873d60e4-9548-4d42-bc1a-b26b4c3dac37.jpg,131,138,0,138,219,131,136,130,0.212646484375,0.1416015625,0.0855712890625,0.062469482421875,0.055999755859375,1,3,Redbreast Sunfish,Kelp Bass,Nurse Shark,Redbreast Sunfish,Indo-Pacific Sergeant Major,Chub
val/02800_Animalia_Chordata_Actinopterygii_Perciformes_Centrarchidae_Lepomis_auritus/786f3f3e-d593-4b5a-ba7a-c554419a82f7.jpg,131,135,0,135,103,137,129,131,0.04302978515625,0.038909912109375,0.026336669921875,0.0218048095703125,0.019378662109375,1,5,Redbreast Sunfish,Yellow Perch,Small Emperor Moth,Freshwater Drum,Blacknose Dace,Redbreast Sunfish
val/02812_Animalia_Chordata_Actinopterygii_Perciformes_Chaetodontidae_Chaetodon_capistratus/263992bd-1ba5-4ae9-b410-d02f8047f55b.jpg,132,219,0,219,131,138,133,132,0.1859130859375,0.1788330078125,0.06988525390625,0.060028076171875,0.057373046875,1,5,Four-eyed Butterflyfish,Nurse Shark,Redbreast Sunfish,Kelp Bass,Snakeskin Wrasse,Four-eyed Butterflyfish
val/02836_Animalia_Chordata_Actinopterygii_Perciformes_Labridae_Eupetrichthys_angustipes/dd85fa89-d5c2-479f-90ee-8512478d1b94.jpg,133,144,0,144,133,134,253,350,0.1409912109375,0.08148193359375,0.0411376953125,0.028106689453125,0.0265045166015625,1,2,Snakeskin Wrasse,Green Salamander,Snakeskin Wrasse,Blackspot Goatfish,California Cone,California shieldpod
val/02836_Animalia_Chordata_Actinopterygii_Perciformes_Labridae_Eupetrichthys_angustipes/42c4c47a-b79e-4c2a-9058-cf0a45a6a7d7.jpg,133,140,0,140,133,176,257,262,0.059722900390625,0.047698974609375,0.039337158203125,0.0279083251953125,0.0235748291015625,1,2,Snakeskin Wrasse,Spiny Seahorse,Snakeskin Wrasse,Red Crossbill,Decollate Snail,Golden Hair-lichen
val/02855_Animalia_Chordata_Actinopterygii_Perciformes_Mullidae_Parupeneus_spilurus/bef3002f-69ef-4ab5-94ac-a0031b3394cb.jpg,134,133,0,133,134,130,145,35,0.07403564453125,0.03411865234375,0.0267791748046875,0.0246124267578125,0.0206298828125,1,2,Blackspot Goatfish,Snakeskin Wrasse,Blackspot Goatfish,Chub,Italian Crested Newt,Elm Sawfly
val/02855_Animalia_Chordata_Actinopterygii_Perciformes_Mullidae_Parupeneus_spilurus/fb178f6c-7d5d-42af-90cf-05a82bf8fafd.jpg,134,128,0,128,129,133,131,134,0.0305938720703125,0.030242919921875,0.0289154052734375,0.022857666015625,0.019500732421875,1,5,Blackspot Goatfish,Bluntnose Minnow,Blacknose Dace,Snakeskin Wrasse,Redbreast Sunfish,Blackspot Goatfish
val/02858_Animalia_Chordata_Actinopterygii_Perciformes_Percidae_Perca_flavescens/b752b736-1a3e-4406-b84a-0b8c05d6e840.jpg,135,131,0,131,135,128,137,254,0.203125,0.069091796875,0.0355224609375,0.0255279541015625,0.0158843994140625,1,2,Yellow Perch,Redbreast Sunfish,Yellow Perch,Bluntnose Minnow,Freshwater Drum,Lettered Olive
val/02866_Animalia_Chordata_Actinopterygii_Perciformes_Pomacentridae_Abudefduf_vaigiensis/bc560786-8f06-471e-ade7-506c57ff355d.jpg,136,133,0,133,140,144,136,134,0.051788330078125,0.034271240234375,0.030364990234375,0.02703857421875,0.0157623291015625,1,4,Indo-Pacific Sergeant Major,Snakeskin Wrasse,Spiny Seahorse,Green Salamander,Indo-Pacific Sergeant Major,Blackspot Goatfish
val/02866_Animalia_Chordata_Actinopterygii_Perciformes_Pomacentridae_Abudefduf_vaigiensis/94a97538-b51a-4e41-a630-c95435e6b05d.jpg,136,134,0,134,136,133,219,251,0.169189453125,0.125,0.09600830078125,0.0289459228515625,0.02197265625,1,2,Indo-Pacific Sergeant Major,Blackspot Goatfish,Indo-Pacific Sergeant Major,Snakeskin Wrasse,Nurse Shark,Queen Conch
val/02866_Animalia_Chordata_Actinopterygii_Perciformes_Pomacentridae_Abudefduf_vaigiensis/bc0395e6-ff34-4c45-9a6d-3b796d003ac2.jpg,136,134,0,134,136,219,251,133,0.486328125,0.249267578125,0.040618896484375,0.0214080810546875,0.0150299072265625,1,2,Indo-Pacific Sergeant Major,Blackspot Goatfish,Indo-Pacific Sergeant Major,Nurse Shark,Queen Conch,Snakeskin Wrasse
val/02878_Animalia_Chordata_Actinopterygii_Perciformes_Sciaenidae_Aplodinotus_grunniens/04585f6d-a497-4b2c-8a27-b7f4cac04142.jpg,137,131,0,131,135,137,250,128,0.1597900390625,0.041656494140625,0.0187530517578125,0.01369476318359375,0.01355743408203125,1,3,Freshwater Drum,Redbreast Sunfish,Yellow Perch,Freshwater Drum,Nuttall's Cockle,Bluntnose Minnow
val/02878_Animalia_Chordata_Actinopterygii_Perciformes_Sciaenidae_Aplodinotus_grunniens/c929e64c-5591-4964-959e-c5a89afb75b6.jpg,137,135,0,135,131,137,254,141,0.254638671875,0.2237548828125,0.1280517578125,0.033660888671875,0.0147857666015625,1,3,Freshwater Drum,Yellow Perch,Redbreast Sunfish,Freshwater Drum,Lettered Olive,Cachabi Robber Frog
val/02878_Animalia_Chordata_Actinopterygii_Perciformes_Sciaenidae_Aplodinotus_grunniens/6b4908d0-5d7d-45eb-bfb1-a40740c95f68.jpg,137,135,0,135,137,131,222,132,0.11041259765625,0.10516357421875,0.0310516357421875,0.0242767333984375,0.01544189453125,1,2,Freshwater Drum,Yellow Perch,Freshwater Drum,Redbreast Sunfish,White-tailed Deer,Four-eyed Butterflyfish
val/02878_Animalia_Chordata_Actinopterygii_Perciformes_Sciaenidae_Aplodinotus_grunniens/ba2d8363-ea3f-4e6f-8562-4d10b5e89733.jpg,137,222,0,222,137,237,223,230,0.12139892578125,0.047271728515625,0.046173095703125,0.036773681640625,0.03271484375,1,2,Freshwater Drum,White-tailed Deer,Freshwater Drum,Texas Alligator Lizard,Gray Wolf,American Beaver
val/02884_Animalia_Chordata_Actinopterygii_Perciformes_Serranidae_Paralabrax_clathratus/8eda2b2a-3cd2-4bec-97f5-2d9ea2b55a1f.jpg,138,219,0,219,138,134,255,130,0.23291015625,0.179931640625,0.043914794921875,0.039306640625,0.022430419921875,1,2,Kelp Bass,Nurse Shark,Kelp Bass,Blackspot Goatfish,Hilton's Aeolid,Chub
val/02884_Animalia_Chordata_Actinopterygii_Perciformes_Serranidae_Paralabrax_clathratus/efc3f58e-772e-4fec-8bbe-2023c01f54c9.jpg,138,219,0,219,138,136,140,134,0.28125,0.199462890625,0.069580078125,0.01512908935546875,0.0149078369140625,1,2,Kelp Bass,Nurse Shark,Kelp Bass,Indo-Pacific Sergeant Major,Spiny Seahorse,Blackspot Goatfish
val/02914_Animalia_Chordata_Actinopterygii_Siluriformes_Plotosidae_Plotosus_lineatus/870a41c5-6ca6-4c42-87b2-fdb0a39fa6f5.jpg,139,219,0,219,136,138,139,216,0.06243896484375,0.046142578125,0.02349853515625,0.01568603515625,0.0154876708984375,1,4,Striped Eel Catfish,Nurse Shark,Indo-Pacific Sergeant Major,Kelp Bass,Striped Eel Catfish,Pelagic Cormorant
val/02919_Animalia_Chordata_Actinopterygii_Syngnathiformes_Syngnathidae_Hippocampus_histrix/054e6e96-cfea-4634-b58c-88723ffdd5b4.jpg,140,133,0,133,260,140,6,246,0.37451171875,0.044891357421875,0.03985595703125,0.026397705078125,0.022979736328125,1,3,Spiny Seahorse,Snakeskin Wrasse,Lined Chiton,Spiny Seahorse,Giant Desert Centipede,Great Plains Skink
val/02919_Animalia_Chordata_Actinopterygii_Syngnathiformes_Syngnathidae_Hippocampus_histrix/6791e877-4a2d-4bf5-a1ac-5fb6be1471fc.jpg,140,133,0,133,256,260,140,102,0.052032470703125,0.040374755859375,0.037994384765625,0.0273895263671875,0.020660400390625,1,4,Spiny Seahorse,Snakeskin Wrasse,Varicose Wart Slug,Lined Chiton,Spiny Seahorse,Buck Moth
val/02919_Animalia_Chordata_Actinopterygii_Syngnathiformes_Syngnathidae_Hippocampus_histrix/dacabda0-7969-4023-9871-74d305242085.jpg,140,260,0,260,144,253,133,140,0.032806396484375,0.0305633544921875,0.02593994140625,0.0244903564453125,0.024444580078125,1,5,Spiny Seahorse,Lined Chiton,Green Salamander,California Cone,Snakeskin Wrasse,Spiny Seahorse
val/02973_Animalia_Chordata_Amphibia_Anura_Craugastoridae_Pristimantis_achatinus/70d85b2b-0728-4b61-aeb1-f9164fb4c85c.jpg,141,4,0,4,141,42,113,46,0.03619384765625,0.0194244384765625,0.0155181884765625,0.01534271240234375,0.0149078369140625,1,2,Cachabi Robber Frog,Paravaejovis puritanus,Cachabi Robber Frog,Western Paper Wasp,Australian Green Mantis,Titian Peale's Crambid
val/02973_Animalia_Chordata_Amphibia_Anura_Craugastoridae_Pristimantis_achatinus/1064d227-c1bc-4aca-8372-3c559c7cfa99.jpg,141,143,0,143,4,141,99,111,0.2255859375,0.02545166015625,0.025238037109375,0.02435302734375,0.0213470458984375,1,3,Cachabi Robber Frog,Northern Red-legged Frog,Paravaejovis puritanus,Cachabi Robber Frog,Fatal Metalmark,Bidens Borer Moth
val/02973_Animalia_Chordata_Amphibia_Anura_Craugastoridae_Pristimantis_achatinus/0c84f3e9-bcb6-4827-abbf-1701fe3ba82a.jpg,141,4,0,4,60,141,111,49,0.1630859375,0.06536865234375,0.036956787109375,0.03125,0.029937744140625,1,3,Cachabi Robber Frog,Paravaejovis puritanus,Alien Probole Moth,Cachabi Robber Frog,Bidens Borer Moth,Deduced Graphic
val/03014_Animalia_Chordata_Amphibia_Anura_Pelodryadidae_Litoria_fallax/4d1a8fb4-f237-46c3-a8b4-58025c21bd05.jpg,142,141,0,141,142,42,123,242,0.1571044921875,0.06585693359375,0.046539306640625,0.035888671875,0.030517578125,1,2,Eastern Dwarf Treefrog,Cachabi Robber Frog,Eastern Dwarf Treefrog,Western Paper Wasp,Marsh meadow grasshopper,Brown Basilisk
val/03014_Animalia_Chordata_Amphibia_Anura_Pelodryadidae_Litoria_fallax/d07a5b8c-0a3e-4910-8764-f53ab7fc73c3.jpg,142,141,0,141,142,254,108,49,0.043548583984375,0.041839599609375,0.0235137939453125,0.02099609375,0.0175933837890625,1,2,Eastern Dwarf Treefrog,Cachabi Robber Frog,Eastern Dwarf Treefrog,Lettered Olive,Pine Hawk-Moth,Deduced Graphic
val/03040_Animalia_Chordata_Amphibia_Anura_Ranidae_Rana_aurora/aeae9f3b-ab7a-4674-9a20-a53fb1154234.jpg,143,4,0,4,240,143,241,247,0.056884765625,0.021942138671875,0.021636962890625,0.016998291015625,0.0152130126953125,1,3,Northern Red-legged Frog,Paravaejovis puritanus,Flat-headed Snake,Northern Red-legged Frog,Aesculapian Snake,Western Rattlesnake
val/03040_Animalia_Chordata_Amphibia_Anura_Ranidae_Rana_aurora/7a901496-cf0e-4099-8c41-fe5e845a452a.jpg,143,242,0,242,141,42,143,126,0.11370849609375,0.0999755859375,0.053802490234375,0.041748046875,0.0274505615234375,1,4,Northern Red-legged Frog,Brown Basilisk,Cachabi Robber Frog,Western Paper Wasp,Northern Red-legged Frog,Virile Crayfish
val/03040_Animalia_Chordata_Amphibia_Anura_Ranidae_Rana_aurora/8f7962d0-60e1-4415-be46-ec374aee696a.jpg,143,129,0,129,143,60,4,141,0.0308837890625,0.0308074951171875,0.026031494140625,0.0194091796875,0.0185394287109375,1,2,Northern Red-legged Frog,Blacknose Dace,Northern Red-legged Frog,Alien Probole Moth,Paravaejovis puritanus,Cachabi Robber Frog
val/03040_Animalia_Chordata_Amphibia_Anura_Ranidae_Rana_aurora/81081292-abbe-4d54-9d71-dff55c247b74.jpg,143,42,0,42,141,143,127,126,0.08978271484375,0.050567626953125,0.03973388671875,0.0309906005859375,0.023193359375,1,3,Northern Red-legged Frog,Western Paper Wasp,Cachabi Robber Frog,Northern Red-legged Frog,New Zealand Half Crab,Virile Crayfish
val/03070_Animalia_Chordata_Amphibia_Caudata_Plethodontidae_Aneides_aeneus/365e72bb-116b-4a0b-b31a-58bcef9248be.jpg,144,129,0,129,6,126,144,108,0.06793212890625,0.045867919921875,0.043609619140625,0.038482666015625,0.034912109375,1,4,Green Salamander,Blacknose Dace,Giant Desert Centipede,Virile Crayfish,Green Salamander,Pine Hawk-Moth
val/03070_Animalia_Chordata_Amphibia_Caudata_Plethodontidae_Aneides_aeneus/c0fb0637-2d19-4b83-bdce-06ea3d7315e5.jpg,144,101,0,101,144,256,94,108,0.068603515625,0.058563232421875,0.0223846435546875,0.022247314453125,0.0216217041015625,1,2,Green Salamander,Orange-tipped Oakworm Moth,Green Salamander,Varicose Wart Slug,Thoas Swallowtail,Pine Hawk-Moth
val/03107_Animalia_Chordata_Amphibia_Caudata_Salamandridae_Triturus_carnifex/87fe2fc2-f53a-4f43-be8a-9421f16cae0f.jpg,145,246,0,246,241,240,145,237,0.237548828125,0.1011962890625,0.0216064453125,0.019500732421875,0.0190277099609375,1,4,Italian Crested Newt,Great Plains Skink,Aesculapian Snake,Flat-headed Snake,Italian Crested Newt,Texas Alligator Lizard
val/03107_Animalia_Chordata_Amphibia_Caudata_Salamandridae_Triturus_carnifex/906d5632-3ed9-4a07-b312-4099129cbdcc.jpg,145,123,0,123,145,80,143,231,0.08758544921875,0.0241851806640625,0.0177764892578125,0.0160369873046875,0.0157470703125,1,2,Italian Crested Newt,Marsh meadow grasshopper,Italian Crested Newt,Alfalfa Looper,Northern Red-legged Frog,Bank Vole
val/03107_Animalia_Chordata_Amphibia_Caudata_Salamandridae_Triturus_carnifex/468d66b2-0a37-444a-990b-f6b663605477.jpg,145,130,0,130,145,235,111,135,0.15087890625,0.1502685546875,0.04522705078125,0.037261962890625,0.028289794921875,1,2,Italian Crested Newt,Chub,Italian Crested Newt,Belize Crocodile,Bidens Borer Moth,Yellow Perch
val/03120_Animalia_Chordata_Aves_Accipitriformes_Accipitridae_Aquila_heliaca/df55e8d0-db37-4f52-a0d4-57383b9f591b.jpg,146,178,0,178,146,147,179,172,0.2257080078125,0.07244873046875,0.042236328125,0.0357666015625,0.032012939453125,1,2,Imperial Eagle,Bank Swallow,Imperial Eagle,European Honey-buzzard,Southern Rough-winged Swallow,Fish Crow
val/03120_Animalia_Chordata_Aves_Accipitriformes_Accipitridae_Aquila_heliaca/aa8efa71-e901-4a1f-85a3-1bc414ccd64e.jpg,146,153,0,153,166,178,146,180,0.046356201171875,0.04608154296875,0.035888671875,0.033966064453125,0.033782958984375,1,4,Imperial Eagle,Black-chinned Hummingbird,Red-billed Pigeon,Bank Swallow,Imperial Eagle,Violet-green Swallow
val/03120_Animalia_Chordata_Aves_Accipitriformes_Accipitridae_Aquila_heliaca/e8b3bb4e-f965-46db-91a6-14ec08890d2c.jpg,146,147,0,147,136,146,138,174,0.1187744140625,0.085205078125,0.043182373046875,0.041107177734375,0.0250091552734375,1,3,Imperial Eagle,European Honey-buzzard,Indo-Pacific Sergeant Major,Imperial Eagle,Kelp Bass,Alpine Chough
val/03177_Animalia_Chordata_Aves_Accipitriformes_Accipitridae_Pernis_apivorus/c3ce64e3-b261-442d-ae4c-31f4362dd2d5.jpg,147,146,0,146,179,199,147,178,0.1417236328125,0.050201416015625,0.04180908203125,0.040679931640625,0.0253753662109375,1,4,European Honey-buzzard,Imperial Eagle,Southern Rough-winged Swallow,Brown-headed Nuthatch,European Honey-buzzard,Bank Swallow
val/03177_Animalia_Chordata_Aves_Accipitriformes_Accipitridae_Pernis_apivorus/5d224229-b7ea-4586-ac4a-2dc2a44d4b4d.jpg,147,146,0,146,147,199,211,172,0.057708740234375,0.03973388671875,0.038970947265625,0.0303802490234375,0.030029296875,1,2,European Honey-buzzard,Imperial Eagle,European Honey-buzzard,Brown-headed Nuthatch,Black-crowned Night Heron,Fish Crow
val/03177_Animalia_Chordata_Aves_Accipitriformes_Accipitridae_Pernis_apivorus/34dfb882-3644-40e9-9dd5-bd00f1956791.jpg,147,178,0,178,147,179,151,181,0.098388671875,0.0887451171875,0.06927490234375,0.036773681640625,0.03662109375,1,2,European Honey-buzzard,Bank Swallow,European Honey-buzzard,Southern Rough-winged Swallow,Smew,Tricolored Blackbird
val/03177_Animalia_Chordata_Aves_Accipitriformes_Accipitridae_Pernis_apivorus/6b5e9a4a-54b1-4434-bbf6-2adc10af00d4.jpg,147,217,0,217,216,147,166,210,0.1104736328125,0.036346435546875,0.03564453125,0.034820556640625,0.0290069580078125,1,3,European Honey-buzzard,Brandt's Cormorant,Pelagic Cormorant,European Honey-buzzard,Red-billed Pigeon,Boat-billed Heron
val/03177_Animalia_Chordata_Aves_Accipitriformes_Accipitridae_Pernis_apivorus/34267248-1c2e-4795-8bde-7bb3f9907226.jpg,147,173,0,173,147,171,194,210,0.091064453125,0.022735595703125,0.0220947265625,0.019775390625,0.01678466796875,1,2,European Honey-buzzard,Brown Jay,European Honey-buzzard,Brown Creeper,Henslow's Sparrow,Boat-billed Heron
val/03199_Animalia_Chordata_Aves_Anseriformes_Anatidae_Anas_georgica/86807b18-693f-420a-b62f-7ddc136e244c.jpg,148,217,0,217,227,150,148,216,0.0986328125,0.055999755859375,0.048828125,0.045867919921875,0.044036865234375,1,4,Yellow-billed Pintail,Brandt's Cormorant,New Zealand Sea Lion,Surf Scoter,Yellow-billed Pintail,Pelagic Cormorant
val/03199_Animalia_Chordata_Aves_Anseriformes_Anatidae_Anas_georgica/253d78bb-8b3c-4ee9-9fdb-e402274d34c3.jpg,148,216,0,216,227,217,148,152,0.1983642578125,0.134765625,0.104736328125,0.03875732421875,0.0177459716796875,1,4,Yellow-billed Pintail,Pelagic Cormorant,New Zealand Sea Lion,Brandt's Cormorant,Yellow-billed Pintail,Common Merganser
val/03199_Animalia_Chordata_Aves_Anseriformes_Anatidae_Anas_georgica/00ab3d2d-e688-4414-b759-62a72cdba117.jpg,148,227,0,227,148,150,149,216,0.07525634765625,0.041656494140625,0.035125732421875,0.0206451416015625,0.01824951171875,1,2,Yellow-billed Pintail,New Zealand Sea Lion,Yellow-billed Pintail,Surf Scoter,Mute Swan,Pelagic Cormorant
val/03244_Animalia_Chordata_Aves_Anseriformes_Anatidae_Cygnus_olor/05dac9df-278c-4ce3-a846-f7e176481d6f.jpg,149,148,0,148,213,234,212,149,0.08905029296875,0.043914794921875,0.036651611328125,0.03643798828125,0.033843994140625,1,5,Mute Swan,Yellow-billed Pintail,American Flamingo,Common Caiman,Dalmatian Pelican,Mute Swan
val/03244_Animalia_Chordata_Aves_Anseriformes_Anatidae_Cygnus_olor/08f267bd-5180-4d9b-8d89-fb5055509f95.jpg,149,212,0,212,149,162,227,213,0.11358642578125,0.06500244140625,0.0426025390625,0.0312042236328125,0.028778076171875,1,2,Mute Swan,Dalmatian Pelican,Mute Swan,Caspian Gull,New Zealand Sea Lion,American Flamingo
val/03244_Animalia_Chordata_Aves_Anseriformes_Anatidae_Cygnus_olor/cc0e3130-449d-4721-90f6-a89f7db05a26.jpg,149,213,0,213,149,163,162,160,0.0557861328125,0.05291748046875,0.0418701171875,0.041534423828125,0.033477783203125,1,2,Mute Swan,American Flamingo,Mute Swan,Glaucous-winged Gull,Caspian Gull,Hartlaub's Gull
val/03258_Animalia_Chordata_Aves_Anseriformes_Anatidae_Melanitta_perspicillata/399172c6-aacd-4415-b938-469637f79cdd.jpg,150,151,0,151,150,148,152,217,0.274169921875,0.1285400390625,0.09295654296875,0.0863037109375,0.056488037109375,1,2,Surf Scoter,Smew,Surf Scoter,Yellow-billed Pintail,Common Merganser,Brandt's Cormorant
val/03258_Animalia_Chordata_Aves_Anseriformes_Anatidae_Melanitta_perspicillata/c04ddd7e-6019-4c8d-a8e6-dae767ae33bf.jpg,150,227,0,227,150,216,217,159,0.24951171875,0.1883544921875,0.12060546875,0.04473876953125,0.041290283203125,1,2,Surf Scoter,New Zealand Sea Lion,Surf Scoter,Pelagic Cormorant,Brandt's Cormorant,American Oystercatcher
val/03258_Animalia_Chordata_Aves_Anseriformes_Anatidae_Melanitta_perspicillata/8369b0d0-4ada-4e33-804b-7d91c98568c2.jpg,150,217,0,217,227,159,150,152,0.19091796875,0.13427734375,0.1015625,0.09283447265625,0.0697021484375,1,4,Surf Scoter,Brandt's Cormorant,New Zealand Sea Lion,American Oystercatcher,Surf Scoter,Common Merganser
val/03258_Animalia_Chordata_Aves_Anseriformes_Anatidae_Melanitta_perspicillata/94ad3bf7-19d0-4bc8-9d75-5f3547aad27a.jpg,150,151,0,151,150,178,152,159,0.43017578125,0.2222900390625,0.04473876953125,0.04119873046875,0.035797119140625,1,2,Surf Scoter,Smew,Surf Scoter,Bank Swallow,Common Merganser,American Oystercatcher
val/03258_Animalia_Chordata_Aves_Anseriformes_Anatidae_Melanitta_perspicillata/89f7ccb9-9b90-4b1e-9098-86d0c69721a5.jpg,150,217,0,217,216,159,150,227,0.1883544921875,0.1300048828125,0.0709228515625,0.051177978515625,0.0311126708984375,1,4,Surf Scoter,Brandt's Cormorant,Pelagic Cormorant,American Oystercatcher,Surf Scoter,New Zealand Sea Lion
val/03259_Animalia_Chordata_Aves_Anseriformes_Anatidae_Mergellus_albellus/0f4eac09-c2b6-47ca-a966-d0bc6ef821b4.jpg,151,152,0,152,227,148,151,217,0.199951171875,0.065673828125,0.06329345703125,0.057373046875,0.05487060546875,1,4,Smew,Common Merganser,New Zealand Sea Lion,Yellow-billed Pintail,Smew,Brandt's Cormorant
val/03259_Animalia_Chordata_Aves_Anseriformes_Anatidae_Mergellus_albellus/9468aad6-fa17-4366-8380-6474dd8a8546.jpg,151,150,0,150,151,211,162,157,0.09063720703125,0.08282470703125,0.074951171875,0.0704345703125,0.056365966796875,1,2,Smew,Surf Scoter,Smew,Black-crowned Night Heron,Caspian Gull,American Golden-Plover
val/03259_Animalia_Chordata_Aves_Anseriformes_Anatidae_Mergellus_albellus/a8cae111-a065-4b0d-a737-0dcf579c5718.jpg,151,212,0,212,151,148,150,161,0.1639404296875,0.06658935546875,0.06390380859375,0.05889892578125,0.05126953125,1,2,Smew,Dalmatian Pelican,Smew,Yellow-billed Pintail,Surf Scoter,Black-headed Gull
val/03259_Animalia_Chordata_Aves_Anseriformes_Anatidae_Mergellus_albellus/3cb90472-f807-47e7-94f6-7d081b39e633.jpg,151,148,0,148,162,149,212,151,0.09686279296875,0.06475830078125,0.059326171875,0.036346435546875,0.0219573974609375,1,5,Smew,Yellow-billed Pintail,Caspian Gull,Mute Swan,Dalmatian Pelican,Smew
val/03259_Animalia_Chordata_Aves_Anseriformes_Anatidae_Mergellus_albellus/ac061518-ce0f-41c5-9fba-2c25120c6001.jpg,151,148,0,148,150,152,227,151,0.112060546875,0.10205078125,0.041229248046875,0.03790283203125,0.032867431640625,1,5,Smew,Yellow-billed Pintail,Surf Scoter,Common Merganser,New Zealand Sea Lion,Smew
val/03259_Animalia_Chordata_Aves_Anseriformes_Anatidae_Mergellus_albellus/09b1fada-29e1-4d83-b0b6-fd63647eae3b.jpg,151,152,0,152,151,148,83,162,0.1552734375,0.1287841796875,0.053985595703125,0.0175933837890625,0.016754150390625,1,2,Smew,Common Merganser,Smew,Yellow-billed Pintail,Half-yellow Moth,Caspian Gull
val/03260_Animalia_Chordata_Aves_Anseriformes_Anatidae_Mergus_merganser/f54d4037-2227-495f-b53d-a5f5dfd4cdeb.jpg,152,150,0,150,148,151,152,162,0.316650390625,0.1461181640625,0.06524658203125,0.057342529296875,0.029052734375,1,4,Common Merganser,Surf Scoter,Yellow-billed Pintail,Smew,Common Merganser,Caspian Gull
val/03260_Animalia_Chordata_Aves_Anseriformes_Anatidae_Mergus_merganser/bd6e0c2b-ecd4-4598-8316-9f3e78363663.jpg,152,150,0,150,148,159,152,211,0.13916015625,0.08477783203125,0.03631591796875,0.0301971435546875,0.0295257568359375,1,4,Common Merganser,Surf Scoter,Yellow-billed Pintail,American Oystercatcher,Common Merganser,Black-crowned Night Heron
val/03260_Animalia_Chordata_Aves_Anseriformes_Anatidae_Mergus_merganser/685dbe25-cd6d-4ed2-8d89-d3d013e8427e.jpg,152,150,0,150,152,151,148,227,0.4580078125,0.0640869140625,0.055572509765625,0.03717041015625,0.0227203369140625,1,2,Common Merganser,Surf Scoter,Common Merganser,Smew,Yellow-billed Pintail,New Zealand Sea Lion
val/03260_Animalia_Chordata_Aves_Anseriformes_Anatidae_Mergus_merganser/c2b06cb5-cb2d-4986-ae3e-39ffa1ca2268.jpg,152,150,0,150,148,151,152,149,0.35302734375,0.189697265625,0.030792236328125,0.022186279296875,0.021331787109375,1,4,Common Merganser,Surf Scoter,Yellow-billed Pintail,Smew,Common Merganser,Mute Swan
val/03260_Animalia_Chordata_Aves_Anseriformes_Anatidae_Mergus_merganser/08d508f5-add4-40e6-8d50-f862a057480a.jpg,152,227,0,227,148,149,152,150,0.1689453125,0.125,0.10760498046875,0.05389404296875,0.046722412109375,1,4,Common Merganser,New Zealand Sea Lion,Yellow-billed Pintail,Mute Swan,Common Merganser,Surf Scoter
val/03306_Animalia_Chordata_Aves_Caprimulgiformes_Trochilidae_Archilochus_alexandri/a9f91110-8fce-4bce-81cd-627a679305cc.jpg,153,154,0,154,186,153,173,176,0.044281005859375,0.0250396728515625,0.0245513916015625,0.02093505859375,0.0171966552734375,1,3,Black-chinned Hummingbird,Green-crowned Brilliant,Boreal Chickadee,Black-chinned Hummingbird,Brown Jay,Red Crossbill
val/03321_Animalia_Chordata_Aves_Caprimulgiformes_Trochilidae_Heliodoxa_jacula/e973434d-58b0-43f7-90d3-331ed0ba1e91.jpg,154,209,0,209,154,125,192,40,0.04150390625,0.032440185546875,0.027191162109375,0.0244903564453125,0.022735595703125,1,2,Green-crowned Brilliant,Indian White-eye,Green-crowned Brilliant,Long-winged Conehead,Golden-winged Warbler,Metallic Epauletted-Sweat Bee
val/03358_Animalia_Chordata_Aves_Charadriiformes_Charadriidae_Charadrius_obscurus/2c1b85a4-694d-466d-9831-ffeccffa7094.jpg,155,185,0,185,257,206,156,155,0.0667724609375,0.039642333984375,0.0303955078125,0.0232391357421875,0.02203369140625,1,5,Red-breasted Dotterel,Familiar Chat,Decollate Snail,Masked Water-Tyrant,Wilson's Plover,Red-breasted Dotterel
val/03358_Animalia_Chordata_Aves_Charadriiformes_Charadriidae_Charadrius_obscurus/6833b1b8-2ee3-4c85-89d7-c108ad3be06b.jpg,155,162,0,162,155,206,156,164,0.05535888671875,0.053863525390625,0.04412841796875,0.0333251953125,0.0302734375,1,2,Red-breasted Dotterel,Caspian Gull,Red-breasted Dotterel,Masked Water-Tyrant,Wilson's Plover,Far Eastern Curlew
val/03364_Animalia_Chordata_Aves_Charadriiformes_Charadriidae_Charadrius_wilsonia/5a797d4a-c256-4bf7-841f-b37c0107e8d4.jpg,156,155,0,155,156,157,159,165,0.16259765625,0.133544921875,0.0279083251953125,0.0263671875,0.02587890625,1,2,Wilson's Plover,Red-breasted Dotterel,Wilson's Plover,American Golden-Plover,American Oystercatcher,Wood Sandpiper
val/03364_Animalia_Chordata_Aves_Charadriiformes_Charadriidae_Charadrius_wilsonia/8987a474-82d5-407e-ba86-7e71b6c0b28d.jpg,156,164,0,164,156,159,162,150,0.1712646484375,0.0733642578125,0.03631591796875,0.032623291015625,0.028564453125,1,2,Wilson's Plover,Far Eastern Curlew,Wilson's Plover,American Oystercatcher,Caspian Gull,Surf Scoter
val/03364_Animalia_Chordata_Aves_Charadriiformes_Charadriidae_Charadrius_wilsonia/15c22595-a199-4fa2-b9de-06ffbe7b21ea.jpg,156,164,0,164,156,152,159,162,0.263916015625,0.054229736328125,0.0244293212890625,0.0209503173828125,0.0209197998046875,1,2,Wilson's Plover,Far Eastern Curlew,Wilson's Plover,Common Merganser,American Oystercatcher,Caspian Gull
val/03367_Animalia_Chordata_Aves_Charadriiformes_Charadriidae_Pluvialis_dominica/d41e0850-491f-4c56-9393-edbfccc7dda2.jpg,157,165,0,165,162,157,156,164,0.11456298828125,0.0997314453125,0.05792236328125,0.050140380859375,0.0330810546875,1,3,American Golden-Plover,Wood Sandpiper,Caspian Gull,American Golden-Plover,Wilson's Plover,Far Eastern Curlew
val/03367_Animalia_Chordata_Aves_Charadriiformes_Charadriidae_Pluvialis_dominica/85b54f0b-b48d-4851-b279-6b5be80ab4fc.jpg,157,156,0,156,162,157,159,148,0.105712890625,0.062286376953125,0.059661865234375,0.033599853515625,0.032257080078125,1,3,American Golden-Plover,Wilson's Plover,Caspian Gull,American Golden-Plover,American Oystercatcher,Yellow-billed Pintail
val/03367_Animalia_Chordata_Aves_Charadriiformes_Charadriidae_Pluvialis_dominica/234d7622-77da-469b-a4cc-b39fbcc7977d.jpg,157,165,0,165,157,159,156,175,0.0672607421875,0.02862548828125,0.01367950439453125,0.01317596435546875,0.01091766357421875,1,2,American Golden-Plover,Wood Sandpiper,American Golden-Plover,American Oystercatcher,Wilson's Plover,Double-barred Finch
val/03372_Animalia_Chordata_Aves_Charadriiformes_Charadriidae_Vanellus_coronatus/40feb23b-ce48-49f2-a642-3b48076c6fd0.jpg,158,156,0,156,158,185,184,206,0.2266845703125,0.0899658203125,0.058563232421875,0.052886962890625,0.040252685546875,1,2,Crowned Lapwing,Wilson's Plover,Crowned Lapwing,Familiar Chat,Meadow Pipit,Masked Water-Tyrant
val/03385_Animalia_Chordata_Aves_Charadriiformes_Haematopodidae_Haematopus_palliatus/f2d6a0a5-f3f5-444a-a419-fb4e618443f5.jpg,159,150,0,150,159,156,178,165,0.1649169921875,0.04412841796875,0.041046142578125,0.035491943359375,0.02593994140625,1,2,American Oystercatcher,Surf Scoter,American Oystercatcher,Wilson's Plover,Bank Swallow,Wood Sandpiper
val/03385_Animalia_Chordata_Aves_Charadriiformes_Haematopodidae_Haematopus_palliatus/06a2ddd6-0957-4be9-8a43-35e01638c157.jpg,159,164,0,164,156,152,159,162,0.08984375,0.053955078125,0.0526123046875,0.048553466796875,0.04034423828125,1,4,American Oystercatcher,Far Eastern Curlew,Wilson's Plover,Common Merganser,American Oystercatcher,Caspian Gull
val/03385_Animalia_Chordata_Aves_Charadriiformes_Haematopodidae_Haematopus_palliatus/5e116338-ea30-4641-8563-2543a486fd14.jpg,159,177,0,177,159,165,173,156,0.02484130859375,0.0247650146484375,0.02447509765625,0.0191802978515625,0.0188751220703125,1,2,American Oystercatcher,Barn Swallow,American Oystercatcher,Wood Sandpiper,Brown Jay,Wilson's Plover
val/03385_Animalia_Chordata_Aves_Charadriiformes_Haematopodidae_Haematopus_palliatus/a3b01c50-121a-4cb4-ae87-92980a9af439.jpg,159,151,0,151,227,156,159,212,0.027069091796875,0.0255279541015625,0.0236663818359375,0.0229949951171875,0.021942138671875,1,4,American Oystercatcher,Smew,New Zealand Sea Lion,Wilson's Plover,American Oystercatcher,Dalmatian Pelican
val/03385_Animalia_Chordata_Aves_Charadriiformes_Haematopodidae_Haematopus_palliatus/11c1eff4-bb8f-4ad3-a9d2-9e59e410b2be.jpg,159,227,0,227,148,159,157,150,0.367919921875,0.055755615234375,0.040008544921875,0.02886962890625,0.020721435546875,1,3,American Oystercatcher,New Zealand Sea Lion,Yellow-billed Pintail,American Oystercatcher,American Golden-Plover,Surf Scoter
val/03398_Animalia_Chordata_Aves_Charadriiformes_Laridae_Chroicocephalus_hartlaubii/77e875d7-dd12-4e4a-9433-32bea2116984.jpg,160,156,0,156,162,163,160,155,0.09088134765625,0.06982421875,0.066650390625,0.04705810546875,0.037811279296875,1,4,Hartlaub's Gull,Wilson's Plover,Caspian Gull,Glaucous-winged Gull,Hartlaub's Gull,Red-breasted Dotterel
val/03398_Animalia_Chordata_Aves_Charadriiformes_Laridae_Chroicocephalus_hartlaubii/e056e1aa-8231-44bb-b89f-5ccc80bc088b.jpg,160,162,0,162,163,149,160,152,0.19482421875,0.08477783203125,0.0665283203125,0.04083251953125,0.038360595703125,1,4,Hartlaub's Gull,Caspian Gull,Glaucous-winged Gull,Mute Swan,Hartlaub's Gull,Common Merganser
val/03398_Animalia_Chordata_Aves_Charadriiformes_Laridae_Chroicocephalus_hartlaubii/1c1a50e0-7c22-4800-87ec-1f591a967587.jpg,160,163,0,163,160,161,162,156,0.16455078125,0.08197021484375,0.07879638671875,0.05633544921875,0.0241546630859375,1,2,Hartlaub's Gull,Glaucous-winged Gull,Hartlaub's Gull,Black-headed Gull,Caspian Gull,Wilson's Plover
val/03398_Animalia_Chordata_Aves_Charadriiformes_Laridae_Chroicocephalus_hartlaubii/76a53627-e739-4dee-a246-9eb2a4944182.jpg,160,163,0,163,155,156,160,161,0.07818603515625,0.04595947265625,0.033416748046875,0.0236358642578125,0.020477294921875,1,4,Hartlaub's Gull,Glaucous-winged Gull,Red-breasted Dotterel,Wilson's Plover,Hartlaub's Gull,Black-headed Gull
val/03402_Animalia_Chordata_Aves_Charadriiformes_Laridae_Chroicocephalus_ridibundus/6023e79c-3da4-42d0-b709-c4df79138a40.jpg,161,162,0,162,159,163,161,152,0.08941650390625,0.0830078125,0.06048583984375,0.045318603515625,0.040313720703125,1,4,Black-headed Gull,Caspian Gull,American Oystercatcher,Glaucous-winged Gull,Black-headed Gull,Common Merganser
val/03402_Animalia_Chordata_Aves_Charadriiformes_Laridae_Chroicocephalus_ridibundus/86d223d3-23ed-46eb-a051-9a14d2687427.jpg,161,162,0,162,163,161,149,151,0.10528564453125,0.095458984375,0.07220458984375,0.0533447265625,0.0235443115234375,1,3,Black-headed Gull,Caspian Gull,Glaucous-winged Gull,Black-headed Gull,Mute Swan,Smew
val/03402_Animalia_Chordata_Aves_Charadriiformes_Laridae_Chroicocephalus_ridibundus/5393aed5-9960-4106-8604-af7f658cbd97.jpg,161,163,0,163,160,161,162,149,0.1182861328125,0.060638427734375,0.05157470703125,0.049285888671875,0.034515380859375,1,3,Black-headed Gull,Glaucous-winged Gull,Hartlaub's Gull,Black-headed Gull,Caspian Gull,Mute Swan
val/03402_Animalia_Chordata_Aves_Charadriiformes_Laridae_Chroicocephalus_ridibundus/bcbae826-c16d-4097-b7b0-3d192f957fa9.jpg,161,160,0,160,161,152,97,162,0.035614013671875,0.02764892578125,0.0243072509765625,0.02337646484375,0.0205841064453125,1,2,Black-headed Gull,Hartlaub's Gull,Black-headed Gull,Common Merganser,Large White Butterfly,Caspian Gull
val/03410_Animalia_Chordata_Aves_Charadriiformes_Laridae_Larus_cachinnans/503220e3-cbb4-425e-9944-e1f22fd7b20a.jpg,162,152,0,152,162,148,151,212,0.2054443359375,0.047760009765625,0.03411865234375,0.0304718017578125,0.0267791748046875,1,2,Caspian Gull,Common Merganser,Caspian Gull,Yellow-billed Pintail,Smew,Dalmatian Pelican
val/03410_Animalia_Chordata_Aves_Charadriiformes_Laridae_Larus_cachinnans/f6a99847-7b4c-4104-846e-ae4aaa4f58bd.jpg,162,161,0,161,160,178,162,212,0.14306640625,0.1014404296875,0.073486328125,0.06890869140625,0.05615234375,1,4,Caspian Gull,Black-headed Gull,Hartlaub's Gull,Bank Swallow,Caspian Gull,Dalmatian Pelican
val/03410_Animalia_Chordata_Aves_Charadriiformes_Laridae_Larus_cachinnans/7f66635a-27e9-41ab-bb2d-c4cc9f8908c3.jpg,162,152,0,152,162,148,151,212,0.062744140625,0.053985595703125,0.05010986328125,0.043304443359375,0.035888671875,1,2,Caspian Gull,Common Merganser,Caspian Gull,Yellow-billed Pintail,Smew,Dalmatian Pelican
val/03410_Animalia_Chordata_Aves_Charadriiformes_Laridae_Larus_cachinnans/5a1ae2a6-0a47-45f9-af20-4f71154636d9.jpg,162,152,0,152,151,150,148,162,0.092529296875,0.05389404296875,0.04296875,0.033721923828125,0.03179931640625,1,5,Caspian Gull,Common Merganser,Smew,Surf Scoter,Yellow-billed Pintail,Caspian Gull
val/03410_Animalia_Chordata_Aves_Charadriiformes_Laridae_Larus_cachinnans/a5ee8eec-0d50-4e38-a375-278bd577e0f7.jpg,162,150,0,150,162,148,227,151,0.2396240234375,0.1297607421875,0.09515380859375,0.037933349609375,0.037322998046875,1,2,Caspian Gull,Surf Scoter,Caspian Gull,Yellow-billed Pintail,New Zealand Sea Lion,Smew
val/03417_Animalia_Chordata_Aves_Charadriiformes_Laridae_Larus_glaucescens/3bc85f43-97ec-4eb5-b12f-299221e1f68f.jpg,163,227,0,227,162,161,159,163,0.04150390625,0.031524658203125,0.0310821533203125,0.0301055908203125,0.0300750732421875,1,5,Glaucous-winged Gull,New Zealand Sea Lion,Caspian Gull,Black-headed Gull,American Oystercatcher,Glaucous-winged Gull
val/03417_Animalia_Chordata_Aves_Charadriiformes_Laridae_Larus_glaucescens/f4ab6c29-aabe-4c0a-ae14-c77d95b4a8d5.jpg,163,160,0,160,206,162,163,161,0.1007080078125,0.09027099609375,0.040435791015625,0.03472900390625,0.032318115234375,1,4,Glaucous-winged Gull,Hartlaub's Gull,Masked Water-Tyrant,Caspian Gull,Glaucous-winged Gull,Black-headed Gull
val/03417_Animalia_Chordata_Aves_Charadriiformes_Laridae_Larus_glaucescens/b4523c80-3964-48d2-8108-119940039228.jpg,163,160,0,160,162,163,149,148,0.09014892578125,0.07257080078125,0.06494140625,0.055633544921875,0.02056884765625,1,3,Glaucous-winged Gull,Hartlaub's Gull,Caspian Gull,Glaucous-winged Gull,Mute Swan,Yellow-billed Pintail
val/03417_Animalia_Chordata_Aves_Charadriiformes_Laridae_Larus_glaucescens/ea6ee903-2962-4f5e-b1c9-04bd1c83e096.jpg,163,160,0,160,163,162,158,206,0.1513671875,0.0634765625,0.052734375,0.03485107421875,0.03173828125,1,2,Glaucous-winged Gull,Hartlaub's Gull,Glaucous-winged Gull,Caspian Gull,Crowned Lapwing,Masked Water-Tyrant
val/03417_Animalia_Chordata_Aves_Charadriiformes_Laridae_Larus_glaucescens/e2510e0f-8f2e-4e2e-b450-cc81cda436ed.jpg,163,211,0,211,162,199,163,160,0.06829833984375,0.034759521484375,0.0280609130859375,0.027252197265625,0.02587890625,1,4,Glaucous-winged Gull,Black-crowned Night Heron,Caspian Gull,Brown-headed Nuthatch,Glaucous-winged Gull,Hartlaub's Gull
val/03417_Animalia_Chordata_Aves_Charadriiformes_Laridae_Larus_glaucescens/28d6fe07-ce13-49c8-86ac-95aad9d155d4.jpg,163,161,0,161,227,163,149,159,0.082275390625,0.07391357421875,0.0726318359375,0.042510986328125,0.0416259765625,1,3,Glaucous-winged Gull,Black-headed Gull,New Zealand Sea Lion,Glaucous-winged Gull,Mute Swan,American Oystercatcher
val/03417_Animalia_Chordata_Aves_Charadriiformes_Laridae_Larus_glaucescens/e20d2695-f96e-426f-aed2-2b6cf0766e0b.jpg,163,213,0,213,227,163,149,148,0.035430908203125,0.03277587890625,0.0238494873046875,0.0209503173828125,0.0201416015625,1,3,Glaucous-winged Gull,American Flamingo,New Zealand Sea Lion,Glaucous-winged Gull,Mute Swan,Yellow-billed Pintail
val/03481_Animalia_Chordata_Aves_Charadriiformes_Scolopacidae_Numenius_madagascariensis/f2cea325-baa3-44bf-ada0-1014eed69a12.jpg,164,148,0,148,157,164,162,227,0.1796875,0.11627197265625,0.05438232421875,0.0364990234375,0.034576416015625,1,3,Far Eastern Curlew,Yellow-billed Pintail,American Golden-Plover,Far Eastern Curlew,Caspian Gull,New Zealand Sea Lion
val/03490_Animalia_Chordata_Aves_Charadriiformes_Scolopacidae_Tringa_glareola/fef766f5-72dc-4d79-a52c-bee9f4417b1d.jpg,165,157,0,157,155,156,165,164,0.072509765625,0.0703125,0.0662841796875,0.034942626953125,0.032470703125,1,4,Wood Sandpiper,American Golden-Plover,Red-breasted Dotterel,Wilson's Plover,Wood Sandpiper,Far Eastern Curlew
val/03490_Animalia_Chordata_Aves_Charadriiformes_Scolopacidae_Tringa_glareola/5b7271b9-c626-4528-b9d2-6bb4eae5c765.jpg,165,229,0,229,162,156,165,164,0.0285491943359375,0.0246124267578125,0.022918701171875,0.02288818359375,0.0226898193359375,1,4,Wood Sandpiper,Western Grey Kangaroo,Caspian Gull,Wilson's Plover,Wood Sandpiper,Far Eastern Curlew
val/03490_Animalia_Chordata_Aves_Charadriiformes_Scolopacidae_Tringa_glareola/5ac9ecb4-d0a3-490e-8e56-adc2f0712148.jpg,165,155,0,155,165,156,157,185,0.049896240234375,0.046234130859375,0.039642333984375,0.026397705078125,0.0169219970703125,1,2,Wood Sandpiper,Red-breasted Dotterel,Wood Sandpiper,Wilson's Plover,American Golden-Plover,Familiar Chat
val/03490_Animalia_Chordata_Aves_Charadriiformes_Scolopacidae_Tringa_glareola/8a6a75e3-adb2-4ff8-b0c0-488f17a3dac6.jpg,165,157,0,157,155,165,175,156,0.04327392578125,0.0290985107421875,0.0237274169921875,0.021026611328125,0.019378662109375,1,3,Wood Sandpiper,American Golden-Plover,Red-breasted Dotterel,Wood Sandpiper,Double-barred Finch,Wilson's Plover
val/03529_Animalia_Chordata_Aves_Columbiformes_Columbidae_Patagioenas_flavirostris/0439dd12-ea4b-4bef-bd09-c2faca509de2.jpg,166,177,0,177,179,166,203,176,0.2012939453125,0.07403564453125,0.05322265625,0.0234375,0.0176544189453125,1,3,Red-billed Pigeon,Barn Swallow,Southern Rough-winged Swallow,Red-billed Pigeon,Olive-sided Flycatcher,Red Crossbill
val/03529_Animalia_Chordata_Aves_Columbiformes_Columbidae_Patagioenas_flavirostris/8466ea02-b029-4028-975a-b62e558ff6d6.jpg,166,195,0,195,166,201,173,200,0.10467529296875,0.058380126953125,0.043548583984375,0.035003662109375,0.0299835205078125,1,2,Red-billed Pigeon,Eastern Towhee,Red-billed Pigeon,Grayish Saltator,Brown Jay,Wrentit
val/03529_Animalia_Chordata_Aves_Columbiformes_Columbidae_Patagioenas_flavirostris/a50e43f3-2c4e-42a3-b72f-ca63be54e217.jpg,166,204,0,204,170,166,187,201,0.043975830078125,0.0194549560546875,0.01508331298828125,0.01497650146484375,0.0145721435546875,1,3,Red-billed Pigeon,Western Wood-Pewee,Yellow Grosbeak,Red-billed Pigeon,Chestnut-backed Chickadee,Grayish Saltator
val/03635_Animalia_Chordata_Aves_Galliformes_Phasianidae_Pavo_cristatus/0250a092-3d44-4f61-b1ff-79d13034ff27.jpg,167,217,0,217,172,167,174,216,0.1295166015625,0.0714111328125,0.046630859375,0.0297088623046875,0.025634765625,1,3,Common Peafowl,Brandt's Cormorant,Fish Crow,Common Peafowl,Alpine Chough,Pelagic Cormorant
val/03635_Animalia_Chordata_Aves_Galliformes_Phasianidae_Pavo_cristatus/f24ae8ed-5c06-404e-9ad1-b0585e735d52.jpg,167,90,0,90,167,245,241,182,0.0716552734375,0.0137939453125,0.01338958740234375,0.01006317138671875,0.00855255126953125,1,2,Common Peafowl,Red-spotted Admiral,Common Peafowl,Mole Snake,Aesculapian Snake,Common Grackle
val/03673_Animalia_Chordata_Aves_Gruiformes_Rallidae_Zapornia_flavirostra/2a8aaf71-5ae2-455e-a544-3dc693e75802.jpg,168,182,0,182,168,172,174,195,0.1072998046875,0.0975341796875,0.08148193359375,0.04327392578125,0.0341796875,1,2,Black Crake,Common Grackle,Black Crake,Fish Crow,Alpine Chough,Eastern Towhee
val/03673_Animalia_Chordata_Aves_Gruiformes_Rallidae_Zapornia_flavirostra/4daf3ddd-b1e0-40f0-9528-e3a28a9e4f09.jpg,168,217,0,217,172,182,174,168,0.061920166015625,0.05804443359375,0.053680419921875,0.05255126953125,0.034454345703125,1,5,Black Crake,Brandt's Cormorant,Fish Crow,Common Grackle,Alpine Chough,Black Crake
val/03673_Animalia_Chordata_Aves_Gruiformes_Rallidae_Zapornia_flavirostra/8cc1beb3-26f9-49c1-af17-42bc42ab4abb.jpg,168,148,0,148,182,159,217,168,0.076171875,0.053680419921875,0.042938232421875,0.037841796875,0.028594970703125,1,5,Black Crake,Yellow-billed Pintail,Common Grackle,American Oystercatcher,Brandt's Cormorant,Black Crake
val/03673_Animalia_Chordata_Aves_Gruiformes_Rallidae_Zapornia_flavirostra/c769860d-e2cd-4525-b908-dfee7e579ecb.jpg,168,217,0,217,216,152,168,174,0.07952880859375,0.05426025390625,0.035919189453125,0.0302581787109375,0.0232391357421875,1,4,Black Crake,Brandt's Cormorant,Pelagic Cormorant,Common Merganser,Black Crake,Alpine Chough
val/03715_Animalia_Chordata_Aves_Passeriformes_Cardinalidae_Passerina_ciris/f57253a9-3d99-4f2c-9125-8123814a23bd.jpg,169,195,0,195,170,169,218,211,0.3369140625,0.04779052734375,0.03240966796875,0.027130126953125,0.0158538818359375,1,3,Painted Bunting,Eastern Towhee,Yellow Grosbeak,Painted Bunting,Black-throated Trogon,Black-crowned Night Heron
val/03715_Animalia_Chordata_Aves_Passeriformes_Cardinalidae_Passerina_ciris/a732b6fb-e1ad-482b-bca8-225720da99a4.jpg,169,170,0,170,196,195,218,169,0.07379150390625,0.06768798828125,0.044158935546875,0.03485107421875,0.031829833984375,1,5,Painted Bunting,Yellow Grosbeak,Eastern Yellow Robin,Eastern Towhee,Black-throated Trogon,Painted Bunting
val/03719_Animalia_Chordata_Aves_Passeriformes_Cardinalidae_Pheucticus_chrysopeplus/ec189d92-3acd-4eb8-928c-27a8d8fb5bc6.jpg,170,1,0,1,170,479,196,29,0.09539794921875,0.0496826171875,0.028533935546875,0.026336669921875,0.0252838134765625,1,2,Yellow Grosbeak,Golden Silk Spider,Yellow Grosbeak,Goose-berry,Eastern Yellow Robin,European Striped Shield Bug
val/03719_Animalia_Chordata_Aves_Passeriformes_Cardinalidae_Pheucticus_chrysopeplus/ad6d87e3-b85a-4691-9836-4563019c8645.jpg,170,189,0,189,190,170,196,192,0.187255859375,0.0867919921875,0.06903076171875,0.066650390625,0.0220489501953125,1,3,Yellow Grosbeak,Hooded Warbler,Yellow-throated Warbler,Yellow Grosbeak,Eastern Yellow Robin,Golden-winged Warbler
val/03728_Animalia_Chordata_Aves_Passeriformes_Certhiidae_Certhia_americana/6eba52c1-8a88-4869-809f-bf0a1ab56991.jpg,171,228,0,228,171,92,273,105,0.07769775390625,0.0689697265625,0.060394287109375,0.0237884521484375,0.01318359375,1,2,Brown Creeper,Sunda Flying Lemur,Brown Creeper,Blomfild's Beauty,Bear's Head Tooth,Pawpaw Sphinx Moth
val/03728_Animalia_Chordata_Aves_Passeriformes_Certhiidae_Certhia_americana/82e2e9cf-2ce6-43f7-b4a4-d99a7bb10635.jpg,171,92,0,92,171,43,274,228,0.08526611328125,0.051116943359375,0.030914306640625,0.0188446044921875,0.01763916015625,1,2,Brown Creeper,Blomfild's Beauty,Brown Creeper,Garden Webworm Moth,ceramic parchment,Sunda Flying Lemur
val/03728_Animalia_Chordata_Aves_Passeriformes_Certhiidae_Certhia_americana/030f6f1c-ff8f-423f-9999-e41bd72154f6.jpg,171,468,0,468,171,58,37,62,0.08642578125,0.045806884765625,0.037994384765625,0.02520751953125,0.0224151611328125,1,2,Brown Creeper,American elm,Brown Creeper,Riband Wave,Florida Carpenter Ant,Yellow Slant-line
val/03728_Animalia_Chordata_Aves_Passeriformes_Certhiidae_Certhia_americana/0c7b7eb8-b0dc-4f2e-aab5-663628b9eab2.jpg,171,214,0,214,171,153,215,105,0.031463623046875,0.029876708984375,0.0199737548828125,0.0193328857421875,0.01364898681640625,1,2,Brown Creeper,Downy Woodpecker,Brown Creeper,Black-chinned Hummingbird,Eastern Screech-Owl,Pawpaw Sphinx Moth
val/03759_Animalia_Chordata_Aves_Passeriformes_Corvidae_Corvus_ossifragus/673bbd52-13e3-41ea-8e85-63fa0e91690d.jpg,172,474,0,474,172,204,203,201,0.1971435546875,0.1048583984375,0.040191650390625,0.03118896484375,0.025909423828125,1,2,Fish Crow,elephant tree,Fish Crow,Western Wood-Pewee,Olive-sided Flycatcher,Grayish Saltator
val/03759_Animalia_Chordata_Aves_Passeriformes_Corvidae_Corvus_ossifragus/3be61c9e-e288-4a06-bc7a-e0c0880bd69d.jpg,172,166,0,166,172,147,393,210,0.2471923828125,0.1112060546875,0.06475830078125,0.0628662109375,0.050506591796875,1,2,Fish Crow,Red-billed Pigeon,Fish Crow,European Honey-buzzard,Taiwan Acacia,Boat-billed Heron
val/03759_Animalia_Chordata_Aves_Passeriformes_Corvidae_Corvus_ossifragus/64e27990-baef-4668-afc7-e5386fb58f9a.jpg,172,153,0,153,172,177,398,203,0.039398193359375,0.0323486328125,0.0172119140625,0.0143280029296875,0.01079559326171875,1,2,Fish Crow,Black-chinned Hummingbird,Fish Crow,Barn Swallow,black locust,Olive-sided Flycatcher
val/03777_Animalia_Chordata_Aves_Passeriformes_Corvidae_Psilorhinus_morio/5dcad0e2-a06b-4252-bab7-20b9f0a916f5.jpg,173,192,0,192,191,188,173,195,0.1021728515625,0.07550048828125,0.056549072265625,0.043701171875,0.0421142578125,1,4,Brown Jay,Golden-winged Warbler,American Redstart,Cerulean Warbler,Brown Jay,Eastern Towhee
val/03778_Animalia_Chordata_Aves_Passeriformes_Corvidae_Pyrrhocorax_graculus/8908fb33-2ee9-4a1f-bfe7-cbc9a8a60003.jpg,174,217,0,217,174,172,243,182,0.041168212890625,0.0223388671875,0.018829345703125,0.01739501953125,0.0157470703125,1,2,Alpine Chough,Brandt's Cormorant,Alpine Chough,Fish Crow,Texas Coralsnake,Common Grackle
val/03778_Animalia_Chordata_Aves_Passeriformes_Corvidae_Pyrrhocorax_graculus/e6bd20cd-4cee-4194-9486-ae9d868be362.jpg,174,172,0,172,217,174,216,163,0.1666259765625,0.07427978515625,0.05487060546875,0.041473388671875,0.0382080078125,1,3,Alpine Chough,Fish Crow,Brandt's Cormorant,Alpine Chough,Pelagic Cormorant,Glaucous-winged Gull
val/03778_Animalia_Chordata_Aves_Passeriformes_Corvidae_Pyrrhocorax_graculus/a31ebbc4-bc08-4ef9-a88f-a0e26d8cca4e.jpg,174,172,0,172,216,217,174,160,0.12432861328125,0.09112548828125,0.05328369140625,0.0511474609375,0.03533935546875,1,4,Alpine Chough,Fish Crow,Pelagic Cormorant,Brandt's Cormorant,Alpine Chough,Hartlaub's Gull
val/03778_Animalia_Chordata_Aves_Passeriformes_Corvidae_Pyrrhocorax_graculus/ab163684-b61b-4d73-aa0d-b4f707e0388d.jpg,174,172,0,172,168,182,174,226,0.035491943359375,0.026458740234375,0.0239715576171875,0.017303466796875,0.015899658203125,1,4,Alpine Chough,Fish Crow,Black Crake,Common Grackle,Alpine Chough,Hooded Skunk
val/03828_Animalia_Chordata_Aves_Passeriformes_Fringillidae_Loxia_curvirostra/ddca365e-11ac-4e14-ae0f-8bab0373d9c1.jpg,176,199,0,199,372,448,176,186,0.1273193359375,0.1136474609375,0.0325927734375,0.024993896484375,0.024871826171875,1,4,Red Crossbill,Brown-headed Nuthatch,crucifixion thorn,Coastal Banksia,Red Crossbill,Boreal Chickadee
val/03849_Animalia_Chordata_Aves_Passeriformes_Hirundinidae_Hirundo_rustica/389222df-cf8a-487a-906f-2a510690ae65.jpg,177,179,0,179,180,204,177,173,0.05126953125,0.047515869140625,0.0301361083984375,0.0295562744140625,0.0294952392578125,1,4,Barn Swallow,Southern Rough-winged Swallow,Violet-green Swallow,Western Wood-Pewee,Barn Swallow,Brown Jay
val/03859_Animalia_Chordata_Aves_Passeriformes_Hirundinidae_Riparia_riparia/80172d23-f29a-4d91-9938-6c8b1d881190.jpg,178,177,0,177,179,178,146,147,0.1787109375,0.14501953125,0.066162109375,0.05548095703125,0.0489501953125,1,3,Bank Swallow,Barn Swallow,Southern Rough-winged Swallow,Bank Swallow,Imperial Eagle,European Honey-buzzard
val/03859_Animalia_Chordata_Aves_Passeriformes_Hirundinidae_Riparia_riparia/edec049f-1bba-4dc5-bbd2-fe4db88d0d84.jpg,178,27,0,27,152,164,178,161,0.1549072265625,0.044036865234375,0.0296173095703125,0.0237579345703125,0.0235137939453125,1,4,Bank Swallow,Western Conifer Seed Bug,Common Merganser,Far Eastern Curlew,Bank Swallow,Black-headed Gull
val/03860_Animalia_Chordata_Aves_Passeriformes_Hirundinidae_Stelgidopteryx_ruficollis/7a12dce7-0ae7-4ee0-8a4c-767faf9bfecd.jpg,179,183,0,183,208,179,209,204,0.055419921875,0.03564453125,0.0273284912109375,0.0238189697265625,0.0205078125,1,3,Southern Rough-winged Swallow,White-plumed Honeyeater,Warbling White-eye,Southern Rough-winged Swallow,Indian White-eye,Western Wood-Pewee
val/03860_Animalia_Chordata_Aves_Passeriformes_Hirundinidae_Stelgidopteryx_ruficollis/1969ce01-2227-4612-8012-55b77ea88992.jpg,179,166,0,166,201,176,204,179,0.05352783203125,0.042083740234375,0.033477783203125,0.0306396484375,0.021392822265625,1,5,Southern Rough-winged Swallow,Red-billed Pigeon,Grayish Saltator,Red Crossbill,Western Wood-Pewee,Southern Rough-winged Swallow
val/03860_Animalia_Chordata_Aves_Passeriformes_Hirundinidae_Stelgidopteryx_ruficollis/061c2776-5545-4fb4-aad5-2ee596d8d5e8.jpg,179,203,0,203,179,153,204,210,0.13623046875,0.066162109375,0.06591796875,0.06451416015625,0.043487548828125,1,2,Southern Rough-winged Swallow,Olive-sided Flycatcher,Southern Rough-winged Swallow,Black-chinned Hummingbird,Western Wood-Pewee,Boat-billed Heron
val/03860_Animalia_Chordata_Aves_Passeriformes_Hirundinidae_Stelgidopteryx_ruficollis/d8def115-de29-4a14-80d4-597535ba6066.jpg,179,203,0,203,204,179,210,153,0.1785888671875,0.10137939453125,0.07830810546875,0.04351806640625,0.0355224609375,1,3,Southern Rough-winged Swallow,Olive-sided Flycatcher,Western Wood-Pewee,Southern Rough-winged Swallow,Boat-billed Heron,Black-chinned Hummingbird
val/03865_Animalia_Chordata_Aves_Passeriformes_Hirundinidae_Tachycineta_thalassina/f1020dd5-058a-465a-ac46-77e053962456.jpg,180,147,0,147,178,152,180,235,0.07952880859375,0.048248291015625,0.0377197265625,0.03448486328125,0.034332275390625,1,4,Violet-green Swallow,European Honey-buzzard,Bank Swallow,Common Merganser,Violet-green Swallow,Belize Crocodile
val/03865_Animalia_Chordata_Aves_Passeriformes_Hirundinidae_Tachycineta_thalassina/aa2a8b87-342f-42c6-a94d-b658cd2c6306.jpg,180,178,0,178,147,153,146,180,0.38671875,0.1502685546875,0.035003662109375,0.0282440185546875,0.0226898193359375,1,5,Violet-green Swallow,Bank Swallow,European Honey-buzzard,Black-chinned Hummingbird,Imperial Eagle,Violet-green Swallow
val/03865_Animalia_Chordata_Aves_Passeriformes_Hirundinidae_Tachycineta_thalassina/f832a4e8-eaaf-4d44-b4bb-8debcc6dc73b.jpg,180,218,0,218,180,209,7,202,0.025390625,0.024566650390625,0.0189361572265625,0.0159149169921875,0.0147705078125,1,2,Violet-green Swallow,Black-throated Trogon,Violet-green Swallow,Indian White-eye,Emerald Ash Borer,Blue-gray Tanager
val/03865_Animalia_Chordata_Aves_Passeriformes_Hirundinidae_Tachycineta_thalassina/6e46ada7-3ca0-446f-a459-07642e750eed.jpg,180,355,0,355,217,180,270,167,0.031707763671875,0.021240234375,0.0203399658203125,0.0183258056640625,0.0163726806640625,1,3,Violet-green Swallow,Spiny Hedgehog Cactus,Brandt's Cormorant,Violet-green Swallow,Scaly Chanterelle,Common Peafowl
val/03868_Animalia_Chordata_Aves_Passeriformes_Icteridae_Agelaius_tricolor/06016b8e-e216-45f6-a1b5-f6590c7d49f0.jpg,181,178,0,178,181,151,150,27,0.0279083251953125,0.0249786376953125,0.01387786865234375,0.01294708251953125,0.01161956787109375,1,2,Tricolored Blackbird,Bank Swallow,Tricolored Blackbird,Smew,Surf Scoter,Western Conifer Seed Bug
val/03901_Animalia_Chordata_Aves_Passeriformes_Icteridae_Quiscalus_quiscula/e51fe8b6-c312-4912-bfe0-75d9172942b1.jpg,182,206,0,206,167,182,245,212,0.08160400390625,0.04461669921875,0.039459228515625,0.028411865234375,0.01557159423828125,1,3,Common Grackle,Masked Water-Tyrant,Common Peafowl,Common Grackle,Mole Snake,Dalmatian Pelican
val/03901_Animalia_Chordata_Aves_Passeriformes_Icteridae_Quiscalus_quiscula/34853192-6911-46da-b4a0-86abc14b8c39.jpg,182,206,0,206,182,193,181,232,0.0941162109375,0.0806884765625,0.055877685546875,0.053955078125,0.0220794677734375,1,2,Common Grackle,Masked Water-Tyrant,Common Grackle,Lark Bunting,Tricolored Blackbird,Woodchuck
val/03938_Animalia_Chordata_Aves_Passeriformes_Meliphagidae_Ptilotula_penicillata/1ce903dd-437a-424b-8224-6bcbbcd7cc0d.jpg,183,209,0,209,183,179,208,180,0.123046875,0.10693359375,0.043701171875,0.03350830078125,0.0262451171875,1,2,White-plumed Honeyeater,Indian White-eye,White-plumed Honeyeater,Southern Rough-winged Swallow,Warbling White-eye,Violet-green Swallow
val/03938_Animalia_Chordata_Aves_Passeriformes_Meliphagidae_Ptilotula_penicillata/b0ca26aa-e2ed-48ce-b41e-038534822003.jpg,183,203,0,203,176,183,208,204,0.41552734375,0.08056640625,0.04705810546875,0.03363037109375,0.023529052734375,1,3,White-plumed Honeyeater,Olive-sided Flycatcher,Red Crossbill,White-plumed Honeyeater,Warbling White-eye,Western Wood-Pewee
val/03938_Animalia_Chordata_Aves_Passeriformes_Meliphagidae_Ptilotula_penicillata/cbc77e00-aea1-4785-b5a1-693077f260fd.jpg,183,178,0,178,179,183,188,146,0.050750732421875,0.02520751953125,0.0248260498046875,0.0210418701171875,0.0182037353515625,1,3,White-plumed Honeyeater,Bank Swallow,Southern Rough-winged Swallow,White-plumed Honeyeater,Cerulean Warbler,Imperial Eagle
val/03938_Animalia_Chordata_Aves_Passeriformes_Meliphagidae_Ptilotula_penicillata/df8edd4c-fbb4-4886-8600-a429e5efac23.jpg,183,203,0,203,176,198,179,183,0.0863037109375,0.06134033203125,0.041259765625,0.031280517578125,0.0248565673828125,1,5,White-plumed Honeyeater,Olive-sided Flycatcher,Red Crossbill,Common Firecrest,Southern Rough-winged Swallow,White-plumed Honeyeater
val/03961_Animalia_Chordata_Aves_Passeriformes_Motacillidae_Anthus_pratensis/cc4a144f-d990-4555-8b1a-21db7acd52ac.jpg,184,194,0,194,193,234,185,184,0.04058837890625,0.0274658203125,0.0191650390625,0.016998291015625,0.01229095458984375,1,5,Meadow Pipit,Henslow's Sparrow,Lark Bunting,Common Caiman,Familiar Chat,Meadow Pipit
val/03961_Animalia_Chordata_Aves_Passeriformes_Motacillidae_Anthus_pratensis/55c88670-e84b-4a18-8354-038b2c7fa109.jpg,184,83,0,83,110,185,184,257,0.057769775390625,0.054046630859375,0.052886962890625,0.0264434814453125,0.0237884521484375,1,4,Meadow Pipit,Half-yellow Moth,Filbertworm Moth,Familiar Chat,Meadow Pipit,Decollate Snail
val/03961_Animalia_Chordata_Aves_Passeriformes_Motacillidae_Anthus_pratensis/9651dd89-0c24-428e-8957-b47dab727e6a.jpg,184,204,0,204,211,184,193,205,0.045867919921875,0.0416259765625,0.03662109375,0.0258636474609375,0.0250701904296875,1,3,Meadow Pipit,Western Wood-Pewee,Black-crowned Night Heron,Meadow Pipit,Lark Bunting,Hammond's Flycatcher
val/03990_Animalia_Chordata_Aves_Passeriformes_Muscicapidae_Oenanthe_familiaris/3e144cde-67f5-4bd6-afe2-5664923c7985.jpg,185,160,0,160,185,174,175,25,0.039337158203125,0.03509521484375,0.0335693359375,0.0267791748046875,0.023468017578125,1,2,Familiar Chat,Hartlaub's Gull,Familiar Chat,Alpine Chough,Double-barred Finch,Florida Leaf-footed Bug
val/03990_Animalia_Chordata_Aves_Passeriformes_Muscicapidae_Oenanthe_familiaris/fbd74a8a-eed4-4d3e-9e91-888168fd6f68.jpg,185,166,0,166,242,185,200,219,0.028411865234375,0.023223876953125,0.0187530517578125,0.0166015625,0.01529693603515625,1,3,Familiar Chat,Red-billed Pigeon,Brown Basilisk,Familiar Chat,Wrentit,Nurse Shark
val/03990_Animalia_Chordata_Aves_Passeriformes_Muscicapidae_Oenanthe_familiaris/1e07c48f-a2f0-4939-b140-77d6d3375e95.jpg,185,184,0,184,207,185,205,204,0.06341552734375,0.06329345703125,0.053192138671875,0.051361083984375,0.0269775390625,1,3,Familiar Chat,Meadow Pipit,Ash-throated Flycatcher,Familiar Chat,Hammond's Flycatcher,Western Wood-Pewee
val/03990_Animalia_Chordata_Aves_Passeriformes_Muscicapidae_Oenanthe_familiaris/b8e5a1a3-1519-4ae3-b4b1-e08d219c8eff.jpg,185,206,0,206,202,185,207,160,0.10443115234375,0.0770263671875,0.055999755859375,0.0284881591796875,0.0202789306640625,1,3,Familiar Chat,Masked Water-Tyrant,Blue-gray Tanager,Familiar Chat,Ash-throated Flycatcher,Hartlaub's Gull
val/03990_Animalia_Chordata_Aves_Passeriformes_Muscicapidae_Oenanthe_familiaris/b03ef821-1b82-4c81-9246-0fe316494de3.jpg,185,155,0,155,185,206,156,205,0.0697021484375,0.06915283203125,0.0323486328125,0.024139404296875,0.02117919921875,1,2,Familiar Chat,Red-breasted Dotterel,Familiar Chat,Masked Water-Tyrant,Wilson's Plover,Hammond's Flycatcher
val/04040_Animalia_Chordata_Aves_Passeriformes_Paridae_Poecile_hudsonicus/c727e5ab-97a7-4536-a501-d7451513a4df.jpg,186,183,0,183,171,186,197,204,0.08477783203125,0.076171875,0.0562744140625,0.041015625,0.0369873046875,1,3,Boreal Chickadee,White-plumed Honeyeater,Brown Creeper,Boreal Chickadee,Tomtit,Western Wood-Pewee
val/04040_Animalia_Chordata_Aves_Passeriformes_Paridae_Poecile_hudsonicus/738f66a1-76ba-4ebf-99d2-548e7d3f588c.jpg,186,191,0,191,187,200,186,197,0.06396484375,0.04302978515625,0.025604248046875,0.0218505859375,0.018585205078125,1,4,Boreal Chickadee,American Redstart,Chestnut-backed Chickadee,Wrentit,Boreal Chickadee,Tomtit
val/04043_Animalia_Chordata_Aves_Passeriformes_Paridae_Poecile_rufescens/9a240c26-d007-438e-9089-608a6a1d942a.jpg,187,186,0,186,187,197,200,210,0.340087890625,0.11199951171875,0.0355224609375,0.024505615234375,0.0229644775390625,1,2,Chestnut-backed Chickadee,Boreal Chickadee,Chestnut-backed Chickadee,Tomtit,Wrentit,Boat-billed Heron
val/04043_Animalia_Chordata_Aves_Passeriformes_Paridae_Poecile_rufescens/df215425-8df2-4292-b22c-c799b7c61031.jpg,187,233,0,233,231,186,187,249,0.0301361083984375,0.02313232421875,0.015411376953125,0.01540374755859375,0.01373291015625,1,4,Chestnut-backed Chickadee,Red-bellied Squirrel,Bank Vole,Boreal Chickadee,Chestnut-backed Chickadee,Beadlet anemone
val/04043_Animalia_Chordata_Aves_Passeriformes_Paridae_Poecile_rufescens/5d6c4cfa-a473-433b-bbb1-d9be2313993e.jpg,187,186,0,186,187,198,173,210,0.08306884765625,0.06402587890625,0.042327880859375,0.039398193359375,0.033172607421875,1,2,Chestnut-backed Chickadee,Boreal Chickadee,Chestnut-backed Chickadee,Common Firecrest,Brown Jay,Boat-billed Heron
val/04068_Animalia_Chordata_Aves_Passeriformes_Parulidae_Setophaga_cerulea/a487697f-1eca-4334-bd39-2e32b7154b3a.jpg,188,192,0,192,188,202,154,190,0.0748291015625,0.0716552734375,0.0634765625,0.024139404296875,0.0230560302734375,1,2,Cerulean Warbler,Golden-winged Warbler,Cerulean Warbler,Blue-gray Tanager,Green-crowned Brilliant,Yellow-throated Warbler
val/04068_Animalia_Chordata_Aves_Passeriformes_Parulidae_Setophaga_cerulea/1fc817da-02df-4428-a4d8-78301dd8f343.jpg,188,192,0,192,190,209,188,189,0.0994873046875,0.063232421875,0.04254150390625,0.03076171875,0.0259246826171875,1,4,Cerulean Warbler,Golden-winged Warbler,Yellow-throated Warbler,Indian White-eye,Cerulean Warbler,Hooded Warbler
val/04068_Animalia_Chordata_Aves_Passeriformes_Parulidae_Setophaga_cerulea/4926fa87-d818-478c-a6cf-b5207665c7b5.jpg,188,398,0,398,195,205,192,188,0.3046875,0.05670166015625,0.052032470703125,0.050933837890625,0.0276947021484375,1,5,Cerulean Warbler,black locust,Eastern Towhee,Hammond's Flycatcher,Golden-winged Warbler,Cerulean Warbler
val/04070_Animalia_Chordata_Aves_Passeriformes_Parulidae_Setophaga_citrina/c3bbde6c-d2c7-45e3-ae29-19693f76b2f1.jpg,189,192,0,192,209,189,218,202,0.2978515625,0.1248779296875,0.048980712890625,0.04486083984375,0.0199432373046875,1,3,Hooded Warbler,Golden-winged Warbler,Indian White-eye,Hooded Warbler,Black-throated Trogon,Blue-gray Tanager
val/04070_Animalia_Chordata_Aves_Passeriformes_Parulidae_Setophaga_citrina/343acd0b-df14-4ed8-9296-47bce3cd1c5f.jpg,189,196,0,196,189,170,159,190,0.038299560546875,0.021728515625,0.0179443359375,0.0162811279296875,0.0113677978515625,1,2,Hooded Warbler,Eastern Yellow Robin,Hooded Warbler,Yellow Grosbeak,American Oystercatcher,Yellow-throated Warbler
val/04070_Animalia_Chordata_Aves_Passeriformes_Parulidae_Setophaga_citrina/daa4b011-5fcb-4606-8aa1-c821fe0e2614.jpg,189,218,0,218,189,192,209,196,0.063720703125,0.049835205078125,0.03302001953125,0.027313232421875,0.0228118896484375,1,2,Hooded Warbler,Black-throated Trogon,Hooded Warbler,Golden-winged Warbler,Indian White-eye,Eastern Yellow Robin
val/04070_Animalia_Chordata_Aves_Passeriformes_Parulidae_Setophaga_citrina/dc89e53c-8a03-4b3d-83de-fab63a8a08fa.jpg,189,192,0,192,218,209,455,189,0.09228515625,0.08050537109375,0.06494140625,0.03656005859375,0.035797119140625,1,5,Hooded Warbler,Golden-winged Warbler,Black-throated Trogon,Indian White-eye,Swamp Leather Flower,Hooded Warbler
val/04070_Animalia_Chordata_Aves_Passeriformes_Parulidae_Setophaga_citrina/4caefb23-f95f-4579-9c82-e90d81d6f1a1.jpg,189,218,0,218,209,191,192,189,0.5888671875,0.07452392578125,0.05670166015625,0.03704833984375,0.03533935546875,1,5,Hooded Warbler,Black-throated Trogon,Indian White-eye,American Redstart,Golden-winged Warbler,Hooded Warbler
val/04073_Animalia_Chordata_Aves_Passeriformes_Parulidae_Setophaga_dominica/57c0444c-9b74-4deb-95cc-aa3caaccef1a.jpg,190,192,0,192,190,189,218,209,0.25732421875,0.1876220703125,0.08966064453125,0.0557861328125,0.033843994140625,1,2,Yellow-throated Warbler,Golden-winged Warbler,Yellow-throated Warbler,Hooded Warbler,Black-throated Trogon,Indian White-eye
val/04073_Animalia_Chordata_Aves_Passeriformes_Parulidae_Setophaga_dominica/ec48b42b-b450-4ba4-8196-d3c8bdefe618.jpg,190,170,0,170,189,190,196,183,0.06005859375,0.03985595703125,0.0182342529296875,0.01502227783203125,0.0145111083984375,1,3,Yellow-throated Warbler,Yellow Grosbeak,Hooded Warbler,Yellow-throated Warbler,Eastern Yellow Robin,White-plumed Honeyeater
val/04073_Animalia_Chordata_Aves_Passeriformes_Parulidae_Setophaga_dominica/6dc8a315-981d-4848-a33d-602354bb951a.jpg,190,208,0,208,198,183,190,184,0.12225341796875,0.0169677734375,0.016265869140625,0.015869140625,0.01171112060546875,1,4,Yellow-throated Warbler,Warbling White-eye,Common Firecrest,White-plumed Honeyeater,Yellow-throated Warbler,Meadow Pipit
val/04073_Animalia_Chordata_Aves_Passeriformes_Parulidae_Setophaga_dominica/4aa53a29-c644-48b2-941e-4803a74c5c54.jpg,190,189,0,189,190,192,209,198,0.2117919921875,0.2060546875,0.058929443359375,0.02569580078125,0.0205078125,1,2,Yellow-throated Warbler,Hooded Warbler,Yellow-throated Warbler,Golden-winged Warbler,Indian White-eye,Common Firecrest
val/04084_Animalia_Chordata_Aves_Passeriformes_Parulidae_Setophaga_ruticilla/0e8bfaa4-8c56-4153-adf4-c759a6295d0f.jpg,191,195,0,195,191,196,218,170,0.061920166015625,0.0528564453125,0.04229736328125,0.042236328125,0.033294677734375,1,2,American Redstart,Eastern Towhee,American Redstart,Eastern Yellow Robin,Black-throated Trogon,Yellow Grosbeak
val/04084_Animalia_Chordata_Aves_Passeriformes_Parulidae_Setophaga_ruticilla/2d48c21d-5367-41f6-bab2-e9e0b82b9012.jpg,191,195,0,195,191,170,218,209,0.28369140625,0.0660400390625,0.046112060546875,0.042144775390625,0.0187225341796875,1,2,American Redstart,Eastern Towhee,American Redstart,Yellow Grosbeak,Black-throated Trogon,Indian White-eye
val/04084_Animalia_Chordata_Aves_Passeriformes_Parulidae_Setophaga_ruticilla/6b081d51-3376-4d84-b88f-d994505e155d.jpg,191,218,0,218,191,192,196,209,0.392822265625,0.045135498046875,0.030120849609375,0.02606201171875,0.020538330078125,1,2,American Redstart,Black-throated Trogon,American Redstart,Golden-winged Warbler,Eastern Yellow Robin,Indian White-eye
val/04089_Animalia_Chordata_Aves_Passeriformes_Parulidae_Vermivora_chrysoptera/81074053-a83b-4914-926b-140c5d3c6019.jpg,192,218,0,218,209,317,192,353,0.1478271484375,0.0582275390625,0.044281005859375,0.032989501953125,0.030059814453125,1,4,Golden-winged Warbler,Black-throated Trogon,Indian White-eye,American holly,Golden-winged Warbler,Mignonette vine
val/04089_Animalia_Chordata_Aves_Passeriformes_Parulidae_Vermivora_chrysoptera/a9a1238a-6402-4ae3-8149-89a3b22aead6.jpg,192,190,0,190,198,189,196,192,0.0797119140625,0.0777587890625,0.0582275390625,0.03985595703125,0.037506103515625,1,5,Golden-winged Warbler,Yellow-throated Warbler,Common Firecrest,Hooded Warbler,Eastern Yellow Robin,Golden-winged Warbler
val/04099_Animalia_Chordata_Aves_Passeriformes_Passerellidae_Calamospiza_melanocorys/35bf7d86-31ec-4448-a32f-80548b84cc0a.jpg,193,166,0,166,201,193,178,203,0.10894775390625,0.07489013671875,0.0263824462890625,0.0222625732421875,0.0192413330078125,1,3,Lark Bunting,Red-billed Pigeon,Grayish Saltator,Lark Bunting,Bank Swallow,Olive-sided Flycatcher
val/04099_Animalia_Chordata_Aves_Passeriformes_Passerellidae_Calamospiza_melanocorys/afb5fcb4-243f-4c03-9be0-eb6dafdeaacf.jpg,193,184,0,184,193,185,194,156,0.405029296875,0.198974609375,0.0662841796875,0.041778564453125,0.0193939208984375,1,2,Lark Bunting,Meadow Pipit,Lark Bunting,Familiar Chat,Henslow's Sparrow,Wilson's Plover
val/04099_Animalia_Chordata_Aves_Passeriformes_Passerellidae_Calamospiza_melanocorys/4a62e062-7344-4839-8077-17d5396c805e.jpg,193,194,0,194,207,205,193,175,0.080078125,0.073486328125,0.0631103515625,0.03912353515625,0.034637451171875,1,4,Lark Bunting,Henslow's Sparrow,Ash-throated Flycatcher,Hammond's Flycatcher,Lark Bunting,Double-barred Finch
val/04100_Animalia_Chordata_Aves_Passeriformes_Passerellidae_Centronyx_henslowii/ff3086b6-49ea-4c32-b611-419e1213cc56.jpg,194,184,0,184,194,205,185,155,0.10845947265625,0.041046142578125,0.0389404296875,0.0167236328125,0.00925445556640625,1,2,Henslow's Sparrow,Meadow Pipit,Henslow's Sparrow,Hammond's Flycatcher,Familiar Chat,Red-breasted Dotterel
val/04100_Animalia_Chordata_Aves_Passeriformes_Passerellidae_Centronyx_henslowii/cb25e450-6ae4-4472-905d-e3626038c418.jpg,194,184,0,184,194,185,64,193,0.1356201171875,0.056121826171875,0.032989501953125,0.0255126953125,0.017425537109375,1,2,Henslow's Sparrow,Meadow Pipit,Henslow's Sparrow,Familiar Chat,Desert Checkered-Skipper,Lark Bunting
val/04118_Animalia_Chordata_Aves_Passeriformes_Passerellidae_Pipilo_erythrophthalmus/dc119a64-196b-4a33-89eb-6b126c6c6bd3.jpg,195,193,0,193,174,168,181,195,0.6015625,0.03448486328125,0.02288818359375,0.0209503173828125,0.0157012939453125,1,5,Eastern Towhee,Lark Bunting,Alpine Chough,Black Crake,Tricolored Blackbird,Eastern Towhee
val/04118_Animalia_Chordata_Aves_Passeriformes_Passerellidae_Pipilo_erythrophthalmus/6ab5708b-65b9-4011-9cbc-47c8d69e4a3b.jpg,195,166,0,166,201,195,186,210,0.0322265625,0.0269012451171875,0.026123046875,0.0258941650390625,0.0253448486328125,1,3,Eastern Towhee,Red-billed Pigeon,Grayish Saltator,Eastern Towhee,Boreal Chickadee,Boat-billed Heron
val/04138_Animalia_Chordata_Aves_Passeriformes_Petroicidae_Eopsaltria_australis/c639a3e1-d988-4565-8394-f3ff9429af3b.jpg,196,210,0,210,218,202,167,196,0.054534912109375,0.0338134765625,0.01861572265625,0.018524169921875,0.017913818359375,1,5,Eastern Yellow Robin,Boat-billed Heron,Black-throated Trogon,Blue-gray Tanager,Common Peafowl,Eastern Yellow Robin
val/04138_Animalia_Chordata_Aves_Passeriformes_Petroicidae_Eopsaltria_australis/e11cc804-e628-4af2-9af8-3691a29f0857.jpg,196,218,0,218,196,198,189,170,0.42431640625,0.1824951171875,0.047515869140625,0.042938232421875,0.042266845703125,1,2,Eastern Yellow Robin,Black-throated Trogon,Eastern Yellow Robin,Common Firecrest,Hooded Warbler,Yellow Grosbeak
val/04138_Animalia_Chordata_Aves_Passeriformes_Petroicidae_Eopsaltria_australis/2d9eeebf-a7de-46da-8951-dd1e279476d5.jpg,196,170,0,170,189,196,218,191,0.158935546875,0.126220703125,0.10467529296875,0.057342529296875,0.02667236328125,1,3,Eastern Yellow Robin,Yellow Grosbeak,Hooded Warbler,Eastern Yellow Robin,Black-throated Trogon,American Redstart
val/04138_Animalia_Chordata_Aves_Passeriformes_Petroicidae_Eopsaltria_australis/031f11a7-591f-4123-80c8-d4fdfe26abf3.jpg,196,189,0,189,218,183,196,191,0.10491943359375,0.07354736328125,0.06353759765625,0.059906005859375,0.033477783203125,1,4,Eastern Yellow Robin,Hooded Warbler,Black-throated Trogon,White-plumed Honeyeater,Eastern Yellow Robin,American Redstart
val/04142_Animalia_Chordata_Aves_Passeriformes_Petroicidae_Petroica_macrocephala/ae8403ba-a38d-4ff6-a701-b26deb75dd5a.jpg,197,190,0,190,197,173,206,187,0.1337890625,0.11944580078125,0.09503173828125,0.08984375,0.071044921875,1,2,Tomtit,Yellow-throated Warbler,Tomtit,Brown Jay,Masked Water-Tyrant,Chestnut-backed Chickadee
val/04142_Animalia_Chordata_Aves_Passeriformes_Petroicidae_Petroica_macrocephala/cfb9b6e9-1242-487c-92a3-fac3d45325a0.jpg,197,187,0,187,197,173,210,192,0.16748046875,0.121337890625,0.0670166015625,0.050689697265625,0.0283203125,1,2,Tomtit,Chestnut-backed Chickadee,Tomtit,Brown Jay,Boat-billed Heron,Golden-winged Warbler
val/04142_Animalia_Chordata_Aves_Passeriformes_Petroicidae_Petroica_macrocephala/21301bba-d9d6-4348-b64f-07b954680969.jpg,197,187,0,187,197,194,173,200,0.08135986328125,0.03985595703125,0.039093017578125,0.031982421875,0.026611328125,1,2,Tomtit,Chestnut-backed Chickadee,Tomtit,Henslow's Sparrow,Brown Jay,Wrentit
val/04142_Animalia_Chordata_Aves_Passeriformes_Petroicidae_Petroica_macrocephala/a60f1b57-23e4-4fc5-a099-b9d812598cca.jpg,197,187,0,187,197,231,233,18,0.0232696533203125,0.02154541015625,0.0190887451171875,0.0158538818359375,0.01328277587890625,1,2,Tomtit,Chestnut-backed Chickadee,Tomtit,Bank Vole,Red-bellied Squirrel,Blue Blowfly
val/04178_Animalia_Chordata_Aves_Passeriformes_Regulidae_Regulus_ignicapilla/43105ca6-2f59-4f68-9ea5-6eb9a891999b.jpg,198,187,0,187,176,198,3,210,0.044189453125,0.0178070068359375,0.0168304443359375,0.0155181884765625,0.0145111083984375,1,3,Common Firecrest,Chestnut-backed Chickadee,Red Crossbill,Common Firecrest,Johnson's Jumping Spider,Boat-billed Heron
val/04178_Animalia_Chordata_Aves_Passeriformes_Regulidae_Regulus_ignicapilla/e52f20b9-f790-429c-9655-a1406303875f.jpg,198,209,0,209,183,218,198,192,0.264892578125,0.057159423828125,0.0552978515625,0.03314208984375,0.023773193359375,1,4,Common Firecrest,Indian White-eye,White-plumed Honeyeater,Black-throated Trogon,Common Firecrest,Golden-winged Warbler
val/04189_Animalia_Chordata_Aves_Passeriformes_Sittidae_Sitta_pusilla/034261ec-aabf-46e3-84d7-ee2d3f0600e3.jpg,199,210,0,210,48,199,106,180,0.0245208740234375,0.015106201171875,0.012420654296875,0.01200103759765625,0.01036834716796875,1,3,Brown-headed Nuthatch,Boat-billed Heron,Snowy Urola Moth,Brown-headed Nuthatch,Hippotion scrofa,Violet-green Swallow
val/04189_Animalia_Chordata_Aves_Passeriformes_Sittidae_Sitta_pusilla/0a08c5a9-0f3e-4397-95f3-ae7210f2020b.jpg,199,171,0,171,210,211,199,214,0.030914306640625,0.0179595947265625,0.0176849365234375,0.0167236328125,0.01300811767578125,1,4,Brown-headed Nuthatch,Brown Creeper,Boat-billed Heron,Black-crowned Night Heron,Brown-headed Nuthatch,Downy Woodpecker
val/04203_Animalia_Chordata_Aves_Passeriformes_Sylviidae_Chamaea_fasciata/bc760127-2539-481f-a2f7-e4fc032ced7f.jpg,200,197,0,197,200,191,186,14,0.1595458984375,0.047698974609375,0.044281005859375,0.044281005859375,0.02593994140625,1,2,Wrentit,Tomtit,Wrentit,American Redstart,Boreal Chickadee,Woodland Dor Beetle
val/04203_Animalia_Chordata_Aves_Passeriformes_Sylviidae_Chamaea_fasciata/c1052a12-0c54-4d8f-a51d-bea5119a4c6b.jpg,200,187,0,187,6,200,186,191,0.024200439453125,0.0203399658203125,0.018829345703125,0.0158538818359375,0.01456451416015625,1,3,Wrentit,Chestnut-backed Chickadee,Giant Desert Centipede,Wrentit,Boreal Chickadee,American Redstart
val/04228_Animalia_Chordata_Aves_Passeriformes_Thraupidae_Saltator_coerulescens/edb97177-7aef-4b09-bdf3-2d39ae4838ce.jpg,201,203,0,203,176,166,201,208,0.158935546875,0.0869140625,0.0548095703125,0.045623779296875,0.0235137939453125,1,4,Grayish Saltator,Olive-sided Flycatcher,Red Crossbill,Red-billed Pigeon,Grayish Saltator,Warbling White-eye
val/04228_Animalia_Chordata_Aves_Passeriformes_Thraupidae_Saltator_coerulescens/513b31bc-7989-4a6c-8f94-240684c7e492.jpg,201,173,0,173,210,191,218,201,0.055389404296875,0.047454833984375,0.0377197265625,0.03387451171875,0.0303955078125,1,5,Grayish Saltator,Brown Jay,Boat-billed Heron,American Redstart,Black-throated Trogon,Grayish Saltator
val/04245_Animalia_Chordata_Aves_Passeriformes_Thraupidae_Thraupis_episcopus/34710505-5747-4bdb-bfe3-f90e4371edbf.jpg,202,192,0,192,188,202,200,228,0.053009033203125,0.0484619140625,0.0438232421875,0.03399658203125,0.03387451171875,1,3,Blue-gray Tanager,Golden-winged Warbler,Cerulean Warbler,Blue-gray Tanager,Wrentit,Sunda Flying Lemur
val/04245_Animalia_Chordata_Aves_Passeriformes_Thraupidae_Thraupis_episcopus/e5012cfc-99cc-43e3-a2da-3de3bcde9ff3.jpg,202,192,0,192,209,201,218,202,0.07537841796875,0.0623779296875,0.042877197265625,0.03558349609375,0.0267333984375,1,5,Blue-gray Tanager,Golden-winged Warbler,Indian White-eye,Grayish Saltator,Black-throated Trogon,Blue-gray Tanager
val/04245_Animalia_Chordata_Aves_Passeriformes_Thraupidae_Thraupis_episcopus/0b8d2a69-ad07-4eb9-a06e-8cc9e4d0b0ce.jpg,202,192,0,192,202,190,173,205,0.09136962890625,0.0828857421875,0.036834716796875,0.022979736328125,0.0191650390625,1,2,Blue-gray Tanager,Golden-winged Warbler,Blue-gray Tanager,Yellow-throated Warbler,Brown Jay,Hammond's Flycatcher
val/04293_Animalia_Chordata_Aves_Passeriformes_Tyrannidae_Contopus_cooperi/a2c7bf6f-e064-4c3c-b46e-bb78800c9196.jpg,203,204,0,204,200,173,210,203,0.054656982421875,0.051727294921875,0.038787841796875,0.026275634765625,0.0229644775390625,1,5,Olive-sided Flycatcher,Western Wood-Pewee,Wrentit,Brown Jay,Boat-billed Heron,Olive-sided Flycatcher
val/04293_Animalia_Chordata_Aves_Passeriformes_Tyrannidae_Contopus_cooperi/171754ec-54e3-4792-81ce-716ea3e4d25e.jpg,203,166,0,166,203,176,147,146,0.1368408203125,0.090576171875,0.07452392578125,0.032867431640625,0.021728515625,1,2,Olive-sided Flycatcher,Red-billed Pigeon,Olive-sided Flycatcher,Red Crossbill,European Honey-buzzard,Imperial Eagle
val/04293_Animalia_Chordata_Aves_Passeriformes_Tyrannidae_Contopus_cooperi/184d009e-5ec1-40fc-a154-f05116b504c5.jpg,203,204,0,204,203,172,210,202,0.1673583984375,0.08837890625,0.0692138671875,0.048980712890625,0.0380859375,1,2,Olive-sided Flycatcher,Western Wood-Pewee,Olive-sided Flycatcher,Fish Crow,Boat-billed Heron,Blue-gray Tanager
val/04295_Animalia_Chordata_Aves_Passeriformes_Tyrannidae_Contopus_sordidulus/217473c7-b2d7-43ce-a736-29ebf40f9212.jpg,204,173,0,173,203,179,204,207,0.10723876953125,0.0955810546875,0.09393310546875,0.08270263671875,0.050872802734375,1,4,Western Wood-Pewee,Brown Jay,Olive-sided Flycatcher,Southern Rough-winged Swallow,Western Wood-Pewee,Ash-throated Flycatcher
val/04295_Animalia_Chordata_Aves_Passeriformes_Tyrannidae_Contopus_sordidulus/246a88b2-3a2b-4178-b3b6-d04adcd17c65.jpg,204,172,0,172,204,210,202,203,0.205078125,0.06195068359375,0.059906005859375,0.057403564453125,0.026611328125,1,2,Western Wood-Pewee,Fish Crow,Western Wood-Pewee,Boat-billed Heron,Blue-gray Tanager,Olive-sided Flycatcher
val/04295_Animalia_Chordata_Aves_Passeriformes_Tyrannidae_Contopus_sordidulus/2fa9b9ad-2aa0-4a5d-be65-eafc785abf17.jpg,204,202,0,202,185,204,205,179,0.183837890625,0.061187744140625,0.054107666015625,0.05023193359375,0.04852294921875,1,3,Western Wood-Pewee,Blue-gray Tanager,Familiar Chat,Western Wood-Pewee,Hammond's Flycatcher,Southern Rough-winged Swallow
val/04295_Animalia_Chordata_Aves_Passeriformes_Tyrannidae_Contopus_sordidulus/cd77510a-894e-460d-a05f-e58cad9a8c53.jpg,204,161,0,161,204,155,173,160,0.0208587646484375,0.0189208984375,0.018157958984375,0.0162811279296875,0.0162353515625,1,2,Western Wood-Pewee,Black-headed Gull,Western Wood-Pewee,Red-breasted Dotterel,Brown Jay,Hartlaub's Gull
val/04295_Animalia_Chordata_Aves_Passeriformes_Tyrannidae_Contopus_sordidulus/b6d51351-95d6-4f04-857b-db4a865a4bc9.jpg,204,207,0,207,204,185,211,181,0.09747314453125,0.0288238525390625,0.0254058837890625,0.025177001953125,0.0203399658203125,1,2,Western Wood-Pewee,Ash-throated Flycatcher,Western Wood-Pewee,Familiar Chat,Black-crowned Night Heron,Tricolored Blackbird
val/04302_Animalia_Chordata_Aves_Passeriformes_Tyrannidae_Empidonax_hammondii/52638be2-1606-4f4c-ae36-b654b8a7f6ca.jpg,205,202,0,202,186,205,185,204,0.0662841796875,0.0499267578125,0.041534423828125,0.039337158203125,0.0294342041015625,1,3,Hammond's Flycatcher,Blue-gray Tanager,Boreal Chickadee,Hammond's Flycatcher,Familiar Chat,Western Wood-Pewee
val/04308_Animalia_Chordata_Aves_Passeriformes_Tyrannidae_Fluvicola_nengeta/1c9e5987-5410-44c5-bf2f-60ff2dc4193b.jpg,206,185,0,185,206,158,176,154,0.039337158203125,0.0211181640625,0.0196075439453125,0.0179595947265625,0.015777587890625,1,2,Masked Water-Tyrant,Familiar Chat,Masked Water-Tyrant,Crowned Lapwing,Red Crossbill,Green-crowned Brilliant
val/04308_Animalia_Chordata_Aves_Passeriformes_Tyrannidae_Fluvicola_nengeta/14cc0adc-4d9d-409e-8ffe-066829bc8a6d.jpg,206,230,0,230,206,318,394,158,0.023406982421875,0.017059326171875,0.016632080078125,0.0155792236328125,0.01538848876953125,1,2,Masked Water-Tyrant,American Beaver,Masked Water-Tyrant,common yarrow,longleaf wattle,Crowned Lapwing
val/04313_Animalia_Chordata_Aves_Passeriformes_Tyrannidae_Myiarchus_cinerascens/cdb5a295-192a-4b7d-91f1-1e6513849605.jpg,207,204,0,204,210,207,183,203,0.16162109375,0.091064453125,0.0599365234375,0.0430908203125,0.032012939453125,1,3,Ash-throated Flycatcher,Western Wood-Pewee,Boat-billed Heron,Ash-throated Flycatcher,White-plumed Honeyeater,Olive-sided Flycatcher
val/04313_Animalia_Chordata_Aves_Passeriformes_Tyrannidae_Myiarchus_cinerascens/bbcaa899-d18a-403b-8daa-6348d3b6fac3.jpg,207,204,0,204,207,181,172,153,0.06005859375,0.050079345703125,0.044097900390625,0.035369873046875,0.0278167724609375,1,2,Ash-throated Flycatcher,Western Wood-Pewee,Ash-throated Flycatcher,Tricolored Blackbird,Fish Crow,Black-chinned Hummingbird
val/04313_Animalia_Chordata_Aves_Passeriformes_Tyrannidae_Myiarchus_cinerascens/b08a87db-6ded-4f3b-bfe4-a289c9ea87fa.jpg,207,185,0,185,193,205,207,184,0.06683349609375,0.029449462890625,0.0233612060546875,0.02313232421875,0.0202178955078125,1,4,Ash-throated Flycatcher,Familiar Chat,Lark Bunting,Hammond's Flycatcher,Ash-throated Flycatcher,Meadow Pipit
val/04350_Animalia_Chordata_Aves_Passeriformes_Zosteropidae_Zosterops_japonicus/5ed98efd-41ee-4e75-8812-7e3d108782ef.jpg,208,183,0,183,198,208,209,482,0.10821533203125,0.0811767578125,0.04736328125,0.0257415771484375,0.0211181640625,1,3,Warbling White-eye,White-plumed Honeyeater,Common Firecrest,Warbling White-eye,Indian White-eye,Obscure Morning Glory
val/04350_Animalia_Chordata_Aves_Passeriformes_Zosteropidae_Zosterops_japonicus/9ace0ece-aaf6-477a-9fde-31e27be53161.jpg,208,209,0,209,189,198,208,170,0.1365966796875,0.11212158203125,0.054962158203125,0.046173095703125,0.042205810546875,1,4,Warbling White-eye,Indian White-eye,Hooded Warbler,Common Firecrest,Warbling White-eye,Yellow Grosbeak
val/04352_Animalia_Chordata_Aves_Passeriformes_Zosteropidae_Zosterops_palpebrosus/f96635e2-63e1-4fbe-9eb7-3fe7114382b4.jpg,209,189,0,189,209,218,170,196,0.298583984375,0.200439453125,0.0838623046875,0.055450439453125,0.051666259765625,1,2,Indian White-eye,Hooded Warbler,Indian White-eye,Black-throated Trogon,Yellow Grosbeak,Eastern Yellow Robin
val/04352_Animalia_Chordata_Aves_Passeriformes_Zosteropidae_Zosterops_palpebrosus/436800fe-3e71-4858-99e7-31cfce146922.jpg,209,208,0,208,209,482,38,12,0.06829833984375,0.033477783203125,0.031707763671875,0.017913818359375,0.01593017578125,1,2,Indian White-eye,Warbling White-eye,Indian White-eye,Obscure Morning Glory,New York Carpenter Ant,Hadda Beetle
val/04352_Animalia_Chordata_Aves_Passeriformes_Zosteropidae_Zosterops_palpebrosus/04c49073-9943-4605-89a2-30fd8257603c.jpg,209,189,0,189,209,170,196,183,0.343994140625,0.1265869140625,0.0390625,0.025360107421875,0.0238494873046875,1,2,Indian White-eye,Hooded Warbler,Indian White-eye,Yellow Grosbeak,Eastern Yellow Robin,White-plumed Honeyeater
val/04352_Animalia_Chordata_Aves_Passeriformes_Zosteropidae_Zosterops_palpebrosus/2948fefd-c7b9-4a0a-8b4b-71fd9c89edea.jpg,209,469,0,469,482,125,439,209,0.11297607421875,0.037384033203125,0.029022216796875,0.0257415771484375,0.020263671875,1,5,Indian White-eye,Siberian elm,Obscure Morning Glory,Long-winged Conehead,bebb's willow,Indian White-eye
val/04372_Animalia_Chordata_Aves_Pelecaniformes_Ardeidae_Cochlearius_cochlearius/02a4c243-75c8-4b28-bde8-2562ba98d78c.jpg,210,216,0,216,167,213,149,210,0.0341796875,0.026123046875,0.016845703125,0.01654052734375,0.01180267333984375,1,5,Boat-billed Heron,Pelagic Cormorant,Common Peafowl,American Flamingo,Mute Swan,Boat-billed Heron
val/04372_Animalia_Chordata_Aves_Pelecaniformes_Ardeidae_Cochlearius_cochlearius/9371ef33-f8ed-4bac-b124-47c9c5ca39ea.jpg,210,198,0,198,201,218,210,209,0.1405029296875,0.1163330078125,0.11053466796875,0.10125732421875,0.03533935546875,1,4,Boat-billed Heron,Common Firecrest,Grayish Saltator,Black-throated Trogon,Boat-billed Heron,Indian White-eye
val/04372_Animalia_Chordata_Aves_Pelecaniformes_Ardeidae_Cochlearius_cochlearius/9ae31fb0-fc9c-4a6d-8c11-b1be418c06da.jpg,210,218,0,218,209,192,210,201,0.12213134765625,0.0557861328125,0.05010986328125,0.0406494140625,0.0223541259765625,1,4,Boat-billed Heron,Black-throated Trogon,Indian White-eye,Golden-winged Warbler,Boat-billed Heron,Grayish Saltator
val/04372_Animalia_Chordata_Aves_Pelecaniformes_Ardeidae_Cochlearius_cochlearius/c39296db-d496-484d-905e-6176f9bb1b45.jpg,210,173,0,173,210,207,204,181,0.215576171875,0.08026123046875,0.054595947265625,0.0264892578125,0.02593994140625,1,2,Boat-billed Heron,Brown Jay,Boat-billed Heron,Ash-throated Flycatcher,Western Wood-Pewee,Tricolored Blackbird
val/04386_Animalia_Chordata_Aves_Pelecaniformes_Ardeidae_Nycticorax_nycticorax/b29a5fd1-1e24-4a1e-873b-8cb3207b2ec1.jpg,211,177,0,177,211,206,185,96,0.054107666015625,0.049652099609375,0.0212249755859375,0.0160369873046875,0.0160369873046875,1,2,Black-crowned Night Heron,Barn Swallow,Black-crowned Night Heron,Masked Water-Tyrant,Familiar Chat,Florida White
val/04391_Animalia_Chordata_Aves_Pelecaniformes_Pelecanidae_Pelecanus_crispus/660563e6-843f-40b5-8249-0b9e4367298f.jpg,212,148,0,148,212,221,227,159,0.193115234375,0.10894775390625,0.06829833984375,0.058074951171875,0.04193115234375,1,2,Dalmatian Pelican,Yellow-billed Pintail,Dalmatian Pelican,Eland,New Zealand Sea Lion,American Oystercatcher
val/04391_Animalia_Chordata_Aves_Pelecaniformes_Pelecanidae_Pelecanus_crispus/227595a7-c01c-40bc-9574-96b14a94be13.jpg,212,149,0,149,227,212,163,213,0.0802001953125,0.07061767578125,0.064453125,0.027252197265625,0.0199432373046875,1,3,Dalmatian Pelican,Mute Swan,New Zealand Sea Lion,Dalmatian Pelican,Glaucous-winged Gull,American Flamingo
val/04391_Animalia_Chordata_Aves_Pelecaniformes_Pelecanidae_Pelecanus_crispus/66f1943b-de9d-48fc-bfd2-d15e063b5944.jpg,212,148,0,148,212,150,162,227,0.1497802734375,0.059814453125,0.054046630859375,0.0404052734375,0.0303802490234375,1,2,Dalmatian Pelican,Yellow-billed Pintail,Dalmatian Pelican,Surf Scoter,Caspian Gull,New Zealand Sea Lion
val/04391_Animalia_Chordata_Aves_Pelecaniformes_Pelecanidae_Pelecanus_crispus/9b57cc79-7b8e-417a-8428-a5da1cf47b07.jpg,212,161,0,161,212,162,160,148,0.029083251953125,0.0254669189453125,0.0204620361328125,0.01459503173828125,0.01343536376953125,1,2,Dalmatian Pelican,Black-headed Gull,Dalmatian Pelican,Caspian Gull,Hartlaub's Gull,Yellow-billed Pintail
val/04391_Animalia_Chordata_Aves_Pelecaniformes_Pelecanidae_Pelecanus_crispus/2f237b5a-a77f-441d-8613-01f98e00824c.jpg,212,148,0,148,149,213,212,227,0.1561279296875,0.064453125,0.041595458984375,0.03631591796875,0.024505615234375,1,4,Dalmatian Pelican,Yellow-billed Pintail,Mute Swan,American Flamingo,Dalmatian Pelican,New Zealand Sea Lion
val/04391_Animalia_Chordata_Aves_Pelecaniformes_Pelecanidae_Pelecanus_crispus/b188cf9a-e537-4ed7-807e-fab280a03500.jpg,212,149,0,149,148,227,212,162,0.16748046875,0.08721923828125,0.06268310546875,0.05810546875,0.05523681640625,1,4,Dalmatian Pelican,Mute Swan,Yellow-billed Pintail,New Zealand Sea Lion,Dalmatian Pelican,Caspian Gull
val/04419_Animalia_Chordata_Aves_Phoenicopteriformes_Phoenicopteridae_Phoenicopterus_ruber/a4aebeab-2c85-42c9-962b-ba4afa5ae5a7.jpg,213,162,0,162,148,152,159,213,0.045135498046875,0.04443359375,0.041656494140625,0.0309600830078125,0.0297698974609375,1,5,American Flamingo,Caspian Gull,Yellow-billed Pintail,Common Merganser,American Oystercatcher,American Flamingo
val/04419_Animalia_Chordata_Aves_Phoenicopteriformes_Phoenicopteridae_Phoenicopterus_ruber/6db2976e-04ec-41de-b1d6-e756ed94bf8b.jpg,213,148,0,148,213,149,212,227,0.44384765625,0.2451171875,0.1002197265625,0.0303802490234375,0.0241241455078125,1,2,American Flamingo,Yellow-billed Pintail,American Flamingo,Mute Swan,Dalmatian Pelican,New Zealand Sea Lion
val/04442_Animalia_Chordata_Aves_Piciformes_Picidae_Dryobates_pubescens/b4e2569c-5d93-4a70-b0a9-2c9f745075dc.jpg,214,171,0,171,214,147,199,228,0.3310546875,0.1070556640625,0.055755615234375,0.026031494140625,0.019317626953125,1,2,Downy Woodpecker,Brown Creeper,Downy Woodpecker,European Honey-buzzard,Brown-headed Nuthatch,Sunda Flying Lemur
val/04553_Animalia_Chordata_Aves_Strigiformes_Strigidae_Megascops_asio/f023d6cd-6206-49ac-8443-7f221fb47efc.jpg,215,214,0,214,71,215,228,173,0.0304412841796875,0.02801513671875,0.0225982666015625,0.02001953125,0.0173187255859375,1,3,Eastern Screech-Owl,Downy Woodpecker,Dorantes Longtail,Eastern Screech-Owl,Sunda Flying Lemur,Brown Jay
val/04578_Animalia_Chordata_Aves_Suliformes_Phalacrocoracidae_Phalacrocorax_pelagicus/03d23921-d245-4fa9-ada2-71ed4593ac8d.jpg,216,150,0,150,216,227,217,159,0.607421875,0.1448974609375,0.041351318359375,0.02679443359375,0.0203094482421875,1,2,Pelagic Cormorant,Surf Scoter,Pelagic Cormorant,New Zealand Sea Lion,Brandt's Cormorant,American Oystercatcher
val/04578_Animalia_Chordata_Aves_Suliformes_Phalacrocoracidae_Phalacrocorax_pelagicus/dfa039fa-b3f4-46cd-bec5-6db5057a21e6.jpg,216,217,0,217,152,216,227,212,0.1500244140625,0.06866455078125,0.049072265625,0.04180908203125,0.03875732421875,1,3,Pelagic Cormorant,Brandt's Cormorant,Common Merganser,Pelagic Cormorant,New Zealand Sea Lion,Dalmatian Pelican
val/04578_Animalia_Chordata_Aves_Suliformes_Phalacrocoracidae_Phalacrocorax_pelagicus/45b26750-74b5-4e74-8652-0a62fb327739.jpg,216,150,0,150,216,217,164,159,0.20849609375,0.143310546875,0.088134765625,0.08489990234375,0.05926513671875,1,2,Pelagic Cormorant,Surf Scoter,Pelagic Cormorant,Brandt's Cormorant,Far Eastern Curlew,American Oystercatcher
val/04578_Animalia_Chordata_Aves_Suliformes_Phalacrocoracidae_Phalacrocorax_pelagicus/28db183d-f78a-446f-bd28-519e09896508.jpg,216,217,0,217,227,152,216,150,0.2122802734375,0.08642578125,0.078125,0.061309814453125,0.052520751953125,1,4,Pelagic Cormorant,Brandt's Cormorant,New Zealand Sea Lion,Common Merganser,Pelagic Cormorant,Surf Scoter
val/04578_Animalia_Chordata_Aves_Suliformes_Phalacrocoracidae_Phalacrocorax_pelagicus/2ad5840f-f26d-4c6f-a5f0-f6ec8adf4f0d.jpg,216,150,0,150,217,227,216,159,0.4345703125,0.0758056640625,0.06744384765625,0.06488037109375,0.05230712890625,1,4,Pelagic Cormorant,Surf Scoter,Brandt's Cormorant,New Zealand Sea Lion,Pelagic Cormorant,American Oystercatcher
val/04579_Animalia_Chordata_Aves_Suliformes_Phalacrocoracidae_Phalacrocorax_penicillatus/e58ed5a2-5cac-4ac6-afe5-4c14031c8dd9.jpg,217,216,0,216,227,217,180,159,0.265869140625,0.058502197265625,0.0543212890625,0.032867431640625,0.0301055908203125,1,3,Brandt's Cormorant,Pelagic Cormorant,New Zealand Sea Lion,Brandt's Cormorant,Violet-green Swallow,American Oystercatcher
val/04579_Animalia_Chordata_Aves_Suliformes_Phalacrocoracidae_Phalacrocorax_penicillatus/560068d1-fd87-4d2a-b047-675bf7839987.jpg,217,172,0,172,217,210,180,153,0.0831298828125,0.04754638671875,0.04302978515625,0.03607177734375,0.024078369140625,1,2,Brandt's Cormorant,Fish Crow,Brandt's Cormorant,Boat-billed Heron,Violet-green Swallow,Black-chinned Hummingbird
val/04579_Animalia_Chordata_Aves_Suliformes_Phalacrocoracidae_Phalacrocorax_penicillatus/7e7b92fe-a43f-496c-afef-24f2d6bcfdb7.jpg,217,227,0,227,216,217,150,159,0.487548828125,0.174560546875,0.07049560546875,0.04571533203125,0.0150146484375,1,3,Brandt's Cormorant,New Zealand Sea Lion,Pelagic Cormorant,Brandt's Cormorant,Surf Scoter,American Oystercatcher
val/04596_Animalia_Chordata_Aves_Trogoniformes_Trogonidae_Trogon_rufus/78365c31-5ce1-466b-8a76-4f7c15e8c8a8.jpg,218,170,0,170,209,218,189,191,0.1241455078125,0.09747314453125,0.08111572265625,0.02392578125,0.0237579345703125,1,3,Black-throated Trogon,Yellow Grosbeak,Indian White-eye,Black-throated Trogon,Hooded Warbler,American Redstart
val/04596_Animalia_Chordata_Aves_Trogoniformes_Trogonidae_Trogon_rufus/fa2ac48a-4ead-4bff-8611-cefa16c7d05d.jpg,218,88,0,88,170,169,218,90,0.1317138671875,0.0279388427734375,0.02197265625,0.01837158203125,0.015777587890625,1,4,Black-throated Trogon,Julia Butterfly,Yellow Grosbeak,Painted Bunting,Black-throated Trogon,Red-spotted Admiral
val/04596_Animalia_Chordata_Aves_Trogoniformes_Trogonidae_Trogon_rufus/c1417694-6876-488e-9199-117633998b96.jpg,218,210,0,210,218,211,183,167,0.068603515625,0.04144287109375,0.023040771484375,0.0228729248046875,0.021087646484375,1,2,Black-throated Trogon,Boat-billed Heron,Black-throated Trogon,Black-crowned Night Heron,White-plumed Honeyeater,Common Peafowl
val/04596_Animalia_Chordata_Aves_Trogoniformes_Trogonidae_Trogon_rufus/f50321d7-a963-43d0-869c-af5cb212eeeb.jpg,218,170,0,170,269,218,169,195,0.051116943359375,0.0202789306640625,0.01262664794921875,0.0121307373046875,0.00939178466796875,1,3,Black-throated Trogon,Yellow Grosbeak,Peppery Bolete,Black-throated Trogon,Painted Bunting,Eastern Towhee
val/04609_Animalia_Chordata_Elasmobranchii_Orectolobiformes_Ginglymostomatidae_Ginglymostoma_cirratum/5154dcce-4251-461d-a015-451e1a26db17.jpg,219,225,0,225,219,251,138,136,0.0406494140625,0.0338134765625,0.0283355712890625,0.0229644775390625,0.019927978515625,1,2,Nurse Shark,Canada Lynx,Nurse Shark,Queen Conch,Kelp Bass,Indo-Pacific Sergeant Major
val/04609_Animalia_Chordata_Elasmobranchii_Orectolobiformes_Ginglymostomatidae_Ginglymostoma_cirratum/b054d2c7-1d5c-471e-946f-226de20a4587.jpg,219,133,0,133,136,131,219,130,0.105712890625,0.0821533203125,0.06524658203125,0.054840087890625,0.0499267578125,1,4,Nurse Shark,Snakeskin Wrasse,Indo-Pacific Sergeant Major,Redbreast Sunfish,Nurse Shark,Chub
val/04632_Animalia_Chordata_Mammalia_Artiodactyla_Bovidae_Oreotragus_oreotragus/2482a600-d880-450c-814a-e917843cb6da.jpg,220,229,0,229,220,224,221,163,0.09588623046875,0.0692138671875,0.04364013671875,0.0287322998046875,0.012908935546875,1,2,Klipspringer,Western Grey Kangaroo,Klipspringer,Culpeo,Eland,Glaucous-winged Gull
val/04632_Animalia_Chordata_Mammalia_Artiodactyla_Bovidae_Oreotragus_oreotragus/0c245645-66d2-4085-a778-619c89ddc2a2.jpg,220,166,0,166,220,176,217,163,0.08612060546875,0.04248046875,0.0401611328125,0.0321044921875,0.01549530029296875,1,2,Klipspringer,Red-billed Pigeon,Klipspringer,Red Crossbill,Brandt's Cormorant,Glaucous-winged Gull
val/04632_Animalia_Chordata_Mammalia_Artiodactyla_Bovidae_Oreotragus_oreotragus/557a00ba-8a6b-45bf-88ff-6813d64b9e72.jpg,220,229,0,229,220,221,158,162,0.0882568359375,0.08258056640625,0.040496826171875,0.0200347900390625,0.0192413330078125,1,2,Klipspringer,Western Grey Kangaroo,Klipspringer,Eland,Crowned Lapwing,Caspian Gull
val/04641_Animalia_Chordata_Mammalia_Artiodactyla_Bovidae_Tragelaphus_oryx/cfff82ae-60df-443d-965b-32a609d247ba.jpg,221,229,0,229,221,232,148,220,0.3388671875,0.052764892578125,0.0450439453125,0.025299072265625,0.01520538330078125,1,2,Eland,Western Grey Kangaroo,Eland,Woodchuck,Yellow-billed Pintail,Klipspringer
val/04641_Animalia_Chordata_Mammalia_Artiodactyla_Bovidae_Tragelaphus_oryx/f791df2e-b56c-416f-b656-1369576c6704.jpg,221,229,0,229,221,232,230,220,0.032806396484375,0.01194000244140625,0.00861358642578125,0.00807952880859375,0.0080718994140625,1,2,Eland,Western Grey Kangaroo,Eland,Woodchuck,American Beaver,Klipspringer
val/04641_Animalia_Chordata_Mammalia_Artiodactyla_Bovidae_Tragelaphus_oryx/8c47d665-9ce1-44a8-86e9-337651ccabb9.jpg,221,227,0,227,220,251,163,221,0.03741455078125,0.018890380859375,0.0185546875,0.0182037353515625,0.017791748046875,1,5,Eland,New Zealand Sea Lion,Klipspringer,Queen Conch,Glaucous-winged Gull,Eland
val/04641_Animalia_Chordata_Mammalia_Artiodactyla_Bovidae_Tragelaphus_oryx/073dd36e-22f9-456a-94a7-cea505bde459.jpg,221,222,0,222,229,237,224,221,0.060699462890625,0.03668212890625,0.0263214111328125,0.0196075439453125,0.0193939208984375,1,5,Eland,White-tailed Deer,Western Grey Kangaroo,Texas Alligator Lizard,Culpeo,Eland
val/04641_Animalia_Chordata_Mammalia_Artiodactyla_Bovidae_Tragelaphus_oryx/30cc6c52-f52f-4a0c-962f-000fa188caac.jpg,221,227,0,227,491,212,221,178,0.0244293212890625,0.02191162109375,0.0188751220703125,0.0188446044921875,0.0149383544921875,1,4,Eland,New Zealand Sea Lion,lodgepole pine,Dalmatian Pelican,Eland,Bank Swallow
val/04654_Animalia_Chordata_Mammalia_Artiodactyla_Cervidae_Odocoileus_virginianus/4862f78e-409a-4395-93ae-c25addcab6fe.jpg,222,229,0,229,224,220,221,222,0.194091796875,0.095703125,0.08123779296875,0.06353759765625,0.04766845703125,1,5,White-tailed Deer,Western Grey Kangaroo,Culpeo,Klipspringer,Eland,White-tailed Deer
val/04654_Animalia_Chordata_Mammalia_Artiodactyla_Cervidae_Odocoileus_virginianus/a6b53efd-aa1f-4ad1-aa28-2761cd8f9678.jpg,222,167,0,167,222,241,237,215,0.03216552734375,0.03070068359375,0.0118865966796875,0.01177215576171875,0.0112152099609375,1,2,White-tailed Deer,Common Peafowl,White-tailed Deer,Aesculapian Snake,Texas Alligator Lizard,Eastern Screech-Owl
val/04654_Animalia_Chordata_Mammalia_Artiodactyla_Cervidae_Odocoileus_virginianus/a3838c21-e7c3-4b6b-96d2-ce15ba1eddca.jpg,222,251,0,251,224,222,219,135,0.12353515625,0.10986328125,0.039794921875,0.0341796875,0.032470703125,1,3,White-tailed Deer,Queen Conch,Culpeo,White-tailed Deer,Nurse Shark,Yellow Perch
val/04654_Animalia_Chordata_Mammalia_Artiodactyla_Cervidae_Odocoileus_virginianus/47700a8e-7c89-4427-9873-7b0daecf8578.jpg,222,229,0,229,257,222,135,219,0.03631591796875,0.026702880859375,0.0212249755859375,0.01335906982421875,0.0094146728515625,1,3,White-tailed Deer,Western Grey Kangaroo,Decollate Snail,White-tailed Deer,Yellow Perch,Nurse Shark
val/04671_Animalia_Chordata_Mammalia_Carnivora_Canidae_Canis_lupus/5b749fc4-ab16-4163-8c27-680c1f199203.jpg,223,224,0,224,220,223,229,156,0.045745849609375,0.037078857421875,0.01788330078125,0.01392364501953125,0.01279449462890625,1,3,Gray Wolf,Culpeo,Klipspringer,Gray Wolf,Western Grey Kangaroo,Wilson's Plover
val/04673_Animalia_Chordata_Mammalia_Carnivora_Canidae_Lycalopex_culpaeus/d519bea6-db4f-4b2a-88c6-577b06eb0911.jpg,224,220,0,220,224,222,229,251,0.17822265625,0.11688232421875,0.10455322265625,0.043853759765625,0.031097412109375,1,2,Culpeo,Klipspringer,Culpeo,White-tailed Deer,Western Grey Kangaroo,Queen Conch
val/04680_Animalia_Chordata_Mammalia_Carnivora_Felidae_Lynx_canadensis/481981dc-453d-4503-814d-b1b361c63af4.jpg,225,226,0,226,215,225,211,146,0.057891845703125,0.029571533203125,0.0291900634765625,0.01415252685546875,0.01184844970703125,1,3,Canada Lynx,Hooded Skunk,Eastern Screech-Owl,Canada Lynx,Black-crowned Night Heron,Imperial Eagle
val/04690_Animalia_Chordata_Mammalia_Carnivora_Mephitidae_Mephitis_macroura/32f914d3-12af-4476-9796-a674e2b65e0a.jpg,226,230,0,230,215,226,222,224,0.2496337890625,0.0623779296875,0.04345703125,0.03472900390625,0.032623291015625,1,3,Hooded Skunk,American Beaver,Eastern Screech-Owl,Hooded Skunk,White-tailed Deer,Culpeo
val/04690_Animalia_Chordata_Mammalia_Carnivora_Mephitidae_Mephitis_macroura/9ec2a1c4-2f98-4cfb-97ce-91236b102673.jpg,226,230,0,230,223,4,215,226,0.08160400390625,0.05731201171875,0.025909423828125,0.0251312255859375,0.0181732177734375,1,5,Hooded Skunk,American Beaver,Gray Wolf,Paravaejovis puritanus,Eastern Screech-Owl,Hooded Skunk
val/04708_Animalia_Chordata_Mammalia_Carnivora_Otariidae_Phocarctos_hookeri/f0e4542c-ffd4-40e1-a74b-490f2dd127b4.jpg,227,148,0,148,212,227,178,162,0.0777587890625,0.047454833984375,0.039398193359375,0.034912109375,0.018280029296875,1,3,New Zealand Sea Lion,Yellow-billed Pintail,Dalmatian Pelican,New Zealand Sea Lion,Bank Swallow,Caspian Gull
val/04708_Animalia_Chordata_Mammalia_Carnivora_Otariidae_Phocarctos_hookeri/209b0cd5-4bf2-4cf6-98ba-7efb9c19dfba.jpg,227,232,0,232,167,227,222,229,0.141845703125,0.06939697265625,0.0267333984375,0.0248260498046875,0.0181732177734375,1,3,New Zealand Sea Lion,Woodchuck,Common Peafowl,New Zealand Sea Lion,White-tailed Deer,Western Grey Kangaroo
val/04708_Animalia_Chordata_Mammalia_Carnivora_Otariidae_Phocarctos_hookeri/1b70f02b-56a9-4641-bbda-17977b99dec3.jpg,227,148,0,148,227,162,159,164,0.155517578125,0.11895751953125,0.04010009765625,0.029449462890625,0.0209197998046875,1,2,New Zealand Sea Lion,Yellow-billed Pintail,New Zealand Sea Lion,Caspian Gull,American Oystercatcher,Far Eastern Curlew
val/04732_Animalia_Chordata_Mammalia_Dermoptera_Cynocephalidae_Galeopterus_variegatus/619e8f69-3c26-448b-bf15-ec7544f7c778.jpg,228,215,0,215,228,92,171,99,0.056610107421875,0.036865234375,0.0219573974609375,0.0189666748046875,0.018585205078125,1,2,Sunda Flying Lemur,Eastern Screech-Owl,Sunda Flying Lemur,Blomfild's Beauty,Brown Creeper,Fatal Metalmark
val/04732_Animalia_Chordata_Mammalia_Dermoptera_Cynocephalidae_Galeopterus_variegatus/0c829114-55cd-4e72-9462-58620ddb5b90.jpg,228,144,0,144,83,228,126,171,0.0787353515625,0.02569580078125,0.0235137939453125,0.0230712890625,0.022430419921875,1,3,Sunda Flying Lemur,Green Salamander,Half-yellow Moth,Sunda Flying Lemur,Virile Crayfish,Brown Creeper
val/04736_Animalia_Chordata_Mammalia_Diprotodontia_Macropodidae_Macropus_fuliginosus/7cde20a5-c1b2-4cab-8946-8acfc3fce27c.jpg,229,180,0,180,229,220,187,227,0.07177734375,0.0257110595703125,0.0242919921875,0.0241241455078125,0.0230255126953125,1,2,Western Grey Kangaroo,Violet-green Swallow,Western Grey Kangaroo,Klipspringer,Chestnut-backed Chickadee,New Zealand Sea Lion
val/04736_Animalia_Chordata_Mammalia_Diprotodontia_Macropodidae_Macropus_fuliginosus/a29c82c3-ee7a-4545-b9d3-3e8b4b5fe129.jpg,229,232,0,232,229,167,222,227,0.08465576171875,0.0687255859375,0.060150146484375,0.04315185546875,0.034759521484375,1,2,Western Grey Kangaroo,Woodchuck,Western Grey Kangaroo,Common Peafowl,White-tailed Deer,New Zealand Sea Lion
val/04801_Animalia_Chordata_Mammalia_Rodentia_Cricetidae_Myodes_glareolus/ae1c5c1a-d5de-4c74-92f8-13c6d10087ee.jpg,231,301,0,301,268,187,191,231,0.0213470458984375,0.01824951171875,0.0162811279296875,0.01238250732421875,0.01224517822265625,1,5,Bank Vole,snow trillium,Roridomyces austrororidus,Chestnut-backed Chickadee,American Redstart,Bank Vole
val/04833_Animalia_Chordata_Mammalia_Rodentia_Sciuridae_Marmota_monax/40d654dc-e41e-4c51-887c-b49ad6915c6c.jpg,232,229,0,229,232,148,157,152,0.0885009765625,0.056610107421875,0.0203399658203125,0.0176849365234375,0.017608642578125,1,2,Woodchuck,Western Grey Kangaroo,Woodchuck,Yellow-billed Pintail,American Golden-Plover,Common Merganser
val/04833_Animalia_Chordata_Mammalia_Rodentia_Sciuridae_Marmota_monax/77eff5cb-1602-4f46-9421-5958f43aca10.jpg,232,222,0,222,232,244,4,219,0.0711669921875,0.028533935546875,0.0261383056640625,0.0206146240234375,0.0146636962890625,1,2,Woodchuck,White-tailed Deer,Woodchuck,Green Iguana,Paravaejovis puritanus,Nurse Shark
val/04833_Animalia_Chordata_Mammalia_Rodentia_Sciuridae_Marmota_monax/0bad348c-df36-4e92-9bbc-b7f545ba6ab9.jpg,232,229,0,229,174,232,146,222,0.04766845703125,0.031341552734375,0.0235443115234375,0.0207061767578125,0.018402099609375,1,3,Woodchuck,Western Grey Kangaroo,Alpine Chough,Woodchuck,Imperial Eagle,White-tailed Deer
val/04860_Animalia_Chordata_Reptilia_Crocodylia_Alligatoridae_Caiman_crocodilus/51ea158f-f9cd-41b6-b33c-75f9e4ba0a02.jpg,234,145,0,145,234,108,129,235,0.09197998046875,0.054931640625,0.03985595703125,0.03265380859375,0.017547607421875,1,2,Common Caiman,Italian Crested Newt,Common Caiman,Pine Hawk-Moth,Blacknose Dace,Belize Crocodile
val/04860_Animalia_Chordata_Reptilia_Crocodylia_Alligatoridae_Caiman_crocodilus/c4e284c2-04e9-4140-a341-1ad0a2a0e4e1.jpg,234,235,0,235,234,130,145,227,0.355712890625,0.09130859375,0.035430908203125,0.0190277099609375,0.018585205078125,1,2,Common Caiman,Belize Crocodile,Common Caiman,Chub,Italian Crested Newt,New Zealand Sea Lion
val/04860_Animalia_Chordata_Reptilia_Crocodylia_Alligatoridae_Caiman_crocodilus/1b072935-8ae6-4d26-bfc5-15eccb153467.jpg,234,242,0,242,128,141,142,234,0.1009521484375,0.04833984375,0.042572021484375,0.042144775390625,0.034637451171875,1,5,Common Caiman,Brown Basilisk,Bluntnose Minnow,Cachabi Robber Frog,Eastern Dwarf Treefrog,Common Caiman
val/04862_Animalia_Chordata_Reptilia_Crocodylia_Crocodylidae_Crocodylus_moreletii/18bcedd9-7208-4ab5-95ae-e2f6d5153241.jpg,235,143,0,143,118,116,235,142,0.099609375,0.06134033203125,0.043853759765625,0.03961181640625,0.039306640625,1,4,Belize Crocodile,Northern Red-legged Frog,Skimming Bluet,Ebony Jewelwing,Belize Crocodile,Eastern Dwarf Treefrog
val/04862_Animalia_Chordata_Reptilia_Crocodylia_Crocodylidae_Crocodylus_moreletii/7734e14b-8ccf-457b-a1a6-3b3aebb2f19d.jpg,235,234,0,234,111,235,80,199,0.04998779296875,0.041778564453125,0.036865234375,0.01538848876953125,0.0140228271484375,1,3,Belize Crocodile,Common Caiman,Bidens Borer Moth,Belize Crocodile,Alfalfa Looper,Brown-headed Nuthatch
val/04862_Animalia_Chordata_Reptilia_Crocodylia_Crocodylidae_Crocodylus_moreletii/a89a0977-70c0-4ed7-a11c-04a3e2106826.jpg,235,234,0,234,118,235,80,180,0.12139892578125,0.07403564453125,0.0650634765625,0.033203125,0.0291748046875,1,3,Belize Crocodile,Common Caiman,Skimming Bluet,Belize Crocodile,Alfalfa Looper,Violet-green Swallow
val/04879_Animalia_Chordata_Reptilia_Squamata_Anguidae_Anguis_veronensis/0ff18ec7-b4c0-4a63-afe6-f7aa4be8020d.jpg,236,240,0,240,129,236,128,253,0.163330078125,0.09912109375,0.06787109375,0.0272979736328125,0.0224609375,1,3,Italian Slow Worm,Flat-headed Snake,Blacknose Dace,Italian Slow Worm,Bluntnose Minnow,California Cone
val/04879_Animalia_Chordata_Reptilia_Squamata_Anguidae_Anguis_veronensis/ecae8555-c9cc-496a-8ee1-edf0e053ae90.jpg,236,241,0,241,236,240,6,247,0.1375732421875,0.04644775390625,0.041412353515625,0.037994384765625,0.02935791015625,1,2,Italian Slow Worm,Aesculapian Snake,Italian Slow Worm,Flat-headed Snake,Giant Desert Centipede,Western Rattlesnake
val/04884_Animalia_Chordata_Reptilia_Squamata_Anguidae_Gerrhonotus_infernalis/64c83e41-8055-490f-83d8-e3918a54d1a7.jpg,237,240,0,240,237,236,6,47,0.03680419921875,0.0269012451171875,0.026336669921875,0.01690673828125,0.0159912109375,1,2,Texas Alligator Lizard,Flat-headed Snake,Texas Alligator Lizard,Italian Slow Worm,Giant Desert Centipede,Volupial Pyrausta Moth
val/04884_Animalia_Chordata_Reptilia_Squamata_Anguidae_Gerrhonotus_infernalis/19e09080-91b6-4483-8b62-38e0b4e89c43.jpg,237,247,0,247,223,237,35,257,0.1611328125,0.0323486328125,0.032257080078125,0.0289306640625,0.0257415771484375,1,3,Texas Alligator Lizard,Western Rattlesnake,Gray Wolf,Texas Alligator Lizard,Elm Sawfly,Decollate Snail
val/04904_Animalia_Chordata_Reptilia_Squamata_Colubridae_Dendrelaphis_pictus/9108de29-3a64-488c-884c-6fbbb3156d6d.jpg,238,388,0,388,31,353,238,477,0.09527587890625,0.060577392578125,0.037322998046875,0.032806396484375,0.0299530029296875,1,4,Common Bronze-back,black huckleberry,Southern Green Stink Bug,Mignonette vine,Common Bronze-back,jade plant
val/04904_Animalia_Chordata_Reptilia_Squamata_Colubridae_Dendrelaphis_pictus/76ebe106-9857-4d78-bd22-f533471f2be3.jpg,238,240,0,240,241,236,253,238,0.08062744140625,0.056610107421875,0.041046142578125,0.027862548828125,0.018402099609375,1,5,Common Bronze-back,Flat-headed Snake,Aesculapian Snake,Italian Slow Worm,California Cone,Common Bronze-back
val/04925_Animalia_Chordata_Reptilia_Squamata_Colubridae_Lampropeltis_triangulum/eda10035-6b5e-467c-bf49-3f196371a5a9.jpg,239,6,0,6,239,236,215,5,0.142578125,0.044158935546875,0.042388916015625,0.04022216796875,0.027435302734375,1,2,Eastern Milksnake,Giant Desert Centipede,Eastern Milksnake,Italian Slow Worm,Eastern Screech-Owl,Eastern Bark Centipede
val/04964_Animalia_Chordata_Reptilia_Squamata_Colubridae_Tantilla_gracilis/4b113673-bdfa-4681-8a8a-8673099c2afd.jpg,240,236,0,236,254,240,36,129,0.130615234375,0.07513427734375,0.02142333984375,0.0183563232421875,0.0159759521484375,1,3,Flat-headed Snake,Italian Slow Worm,Lettered Olive,Flat-headed Snake,Spongy Oak Apple Gall Wasp,Blacknose Dace
val/04964_Animalia_Chordata_Reptilia_Squamata_Colubridae_Tantilla_gracilis/84748541-f98c-4429-abda-5d4e52730bce.jpg,240,253,0,253,129,236,240,108,0.050140380859375,0.02508544921875,0.025054931640625,0.018402099609375,0.018310546875,1,4,Flat-headed Snake,California Cone,Blacknose Dace,Italian Slow Worm,Flat-headed Snake,Pine Hawk-Moth
val/04977_Animalia_Chordata_Reptilia_Squamata_Colubridae_Zamenis_longissimus/a78d625d-583a-4c15-8fad-b0c2de069da4.jpg,241,245,0,245,241,247,237,246,0.06298828125,0.056884765625,0.034912109375,0.0285797119140625,0.01025390625,1,2,Aesculapian Snake,Mole Snake,Aesculapian Snake,Western Rattlesnake,Texas Alligator Lizard,Great Plains Skink
val/04981_Animalia_Chordata_Reptilia_Squamata_Corytophanidae_Basiliscus_vittatus/ae7ca566-2ce8-446b-9642-def388160c1f.jpg,242,143,0,143,236,35,242,145,0.234375,0.05169677734375,0.032562255859375,0.022979736328125,0.0199737548828125,1,4,Brown Basilisk,Northern Red-legged Frog,Italian Slow Worm,Elm Sawfly,Brown Basilisk,Italian Crested Newt
val/04981_Animalia_Chordata_Reptilia_Squamata_Corytophanidae_Basiliscus_vittatus/fe1ec281-7052-444f-84d8-781cf150df50.jpg,242,240,0,240,242,236,129,120,0.051116943359375,0.0380859375,0.034576416015625,0.0195159912109375,0.0189056396484375,1,2,Brown Basilisk,Flat-headed Snake,Brown Basilisk,Italian Slow Worm,Blacknose Dace,Dragonhunter
val/04995_Animalia_Chordata_Reptilia_Squamata_Elapidae_Micrurus_tener/d907be6b-70c3-4cdb-865d-e9ae3a5a3a92.jpg,243,237,0,237,102,362,243,272,0.033172607421875,0.0264892578125,0.02154541015625,0.0180206298828125,0.0165863037109375,1,4,Texas Coralsnake,Texas Alligator Lizard,Buck Moth,Small-leaved Blinks,Texas Coralsnake,Hoof Fungus
val/04995_Animalia_Chordata_Reptilia_Squamata_Elapidae_Micrurus_tener/45a0a390-c5b1-45f9-8e26-83bd88c02511.jpg,243,6,0,6,243,239,42,12,0.0389404296875,0.0166473388671875,0.016448974609375,0.0125274658203125,0.0099334716796875,1,2,Texas Coralsnake,Giant Desert Centipede,Texas Coralsnake,Eastern Milksnake,Western Paper Wasp,Hadda Beetle
val/04995_Animalia_Chordata_Reptilia_Squamata_Elapidae_Micrurus_tener/e55d72d5-083e-4d38-91fd-dbd51f9010b3.jpg,243,239,0,239,243,241,6,103,0.037872314453125,0.0254058837890625,0.023101806640625,0.0215606689453125,0.01983642578125,1,2,Texas Coralsnake,Eastern Milksnake,Texas Coralsnake,Aesculapian Snake,Giant Desert Centipede,Small Emperor Moth
val/05016_Animalia_Chordata_Reptilia_Squamata_Iguanidae_Iguana_iguana/ce59aeb9-d88d-455b-a206-4133abc5fa8b.jpg,244,246,0,246,247,237,244,239,0.06695556640625,0.039276123046875,0.03350830078125,0.03045654296875,0.0251007080078125,1,4,Green Iguana,Great Plains Skink,Western Rattlesnake,Texas Alligator Lizard,Green Iguana,Eastern Milksnake
val/05016_Animalia_Chordata_Reptilia_Squamata_Iguanidae_Iguana_iguana/0c0ddeb7-9b3e-4457-a747-cdc710377d5d.jpg,244,371,0,371,135,6,244,246,0.0758056640625,0.041900634765625,0.03717041015625,0.036041259765625,0.028778076171875,1,4,Green Iguana,canaigre dock,Yellow Perch,Giant Desert Centipede,Green Iguana,Great Plains Skink
val/05016_Animalia_Chordata_Reptilia_Squamata_Iguanidae_Iguana_iguana/b3f57630-f396-4ea1-8bd4-0dc2dadfcd13.jpg,244,203,0,203,166,220,204,244,0.07720947265625,0.0360107421875,0.0333251953125,0.0260009765625,0.0236968994140625,1,5,Green Iguana,Olive-sided Flycatcher,Red-billed Pigeon,Klipspringer,Western Wood-Pewee,Green Iguana
val/05028_Animalia_Chordata_Reptilia_Squamata_Lamprophiidae_Pseudaspis_cana/f5e5457c-bd4a-41c3-87b3-e6c8069521ca.jpg,245,241,0,241,247,243,246,245,0.20703125,0.05389404296875,0.041168212890625,0.028289794921875,0.0264739990234375,1,5,Mole Snake,Aesculapian Snake,Western Rattlesnake,Texas Coralsnake,Great Plains Skink,Mole Snake
val/05028_Animalia_Chordata_Reptilia_Squamata_Lamprophiidae_Pseudaspis_cana/ea87069e-a197-45cf-8ccd-04b7152abc76.jpg,245,240,0,240,241,245,236,247,0.220458984375,0.198486328125,0.07666015625,0.0252227783203125,0.021820068359375,1,3,Mole Snake,Flat-headed Snake,Aesculapian Snake,Mole Snake,Italian Slow Worm,Western Rattlesnake
val/05028_Animalia_Chordata_Reptilia_Squamata_Lamprophiidae_Pseudaspis_cana/1de139e8-2ca8-45a1-bc37-4fd91a13ea93.jpg,245,240,0,240,241,236,245,238,0.57470703125,0.083740234375,0.060089111328125,0.053863525390625,0.02044677734375,1,4,Mole Snake,Flat-headed Snake,Aesculapian Snake,Italian Slow Worm,Mole Snake,Common Bronze-back
val/05028_Animalia_Chordata_Reptilia_Squamata_Lamprophiidae_Pseudaspis_cana/81c7263a-9035-40da-a2fb-2af6c72d244f.jpg,245,240,0,240,245,241,246,6,0.045196533203125,0.041656494140625,0.0251617431640625,0.02447509765625,0.020599365234375,1,2,Mole Snake,Flat-headed Snake,Mole Snake,Aesculapian Snake,Great Plains Skink,Giant Desert Centipede
val/05080_Animalia_Chordata_Reptilia_Squamata_Scincidae_Plestiodon_obsoletus/677bd443-21a7-44f4-897b-3a4a52ad1f8e.jpg,246,240,0,240,236,246,241,239,0.07666015625,0.058197021484375,0.0506591796875,0.04852294921875,0.0300445556640625,1,3,Great Plains Skink,Flat-headed Snake,Italian Slow Worm,Great Plains Skink,Aesculapian Snake,Eastern Milksnake
val/05080_Animalia_Chordata_Reptilia_Squamata_Scincidae_Plestiodon_obsoletus/4779cc00-a78a-4752-8837-c2a550f377e9.jpg,246,128,0,128,246,236,145,237,0.0230255126953125,0.0198516845703125,0.017730712890625,0.01511383056640625,0.015106201171875,1,2,Great Plains Skink,Bluntnose Minnow,Great Plains Skink,Italian Slow Worm,Italian Crested Newt,Texas Alligator Lizard
val/05080_Animalia_Chordata_Reptilia_Squamata_Scincidae_Plestiodon_obsoletus/0dd71daa-c520-4da1-9a14-3a80dbe51ee9.jpg,246,101,0,101,246,241,245,236,0.08551025390625,0.0273590087890625,0.0261688232421875,0.017486572265625,0.0158538818359375,1,2,Great Plains Skink,Orange-tipped Oakworm Moth,Great Plains Skink,Aesculapian Snake,Mole Snake,Italian Slow Worm
val/05118_Animalia_Chordata_Reptilia_Squamata_Viperidae_Crotalus_oreganus/abd25d45-ee65-416e-a882-476311a023ab.jpg,247,245,0,245,241,247,246,237,0.49755859375,0.115234375,0.029022216796875,0.0258026123046875,0.01018524169921875,1,3,Western Rattlesnake,Mole Snake,Aesculapian Snake,Western Rattlesnake,Great Plains Skink,Texas Alligator Lizard
val/05118_Animalia_Chordata_Reptilia_Squamata_Viperidae_Crotalus_oreganus/411c295b-b1e2-4b46-8207-cac9e768ef67.jpg,247,237,0,237,247,245,241,246,0.077392578125,0.046966552734375,0.043914794921875,0.02301025390625,0.0184326171875,1,2,Western Rattlesnake,Texas Alligator Lizard,Western Rattlesnake,Mole Snake,Aesculapian Snake,Great Plains Skink
val/05124_Animalia_Chordata_Reptilia_Squamata_Viperidae_Sistrurus_catenatus/b8465f22-7b33-4990-8c80-94f903084d2d.jpg,248,241,0,241,240,243,239,248,0.201171875,0.06683349609375,0.065673828125,0.056610107421875,0.055084228515625,1,5,Massasauga,Aesculapian Snake,Flat-headed Snake,Texas Coralsnake,Eastern Milksnake,Massasauga
val/05124_Animalia_Chordata_Reptilia_Squamata_Viperidae_Sistrurus_catenatus/2a3e9e2e-d04a-4beb-a746-669665f2a304.jpg,248,241,0,241,247,271,248,355,0.0528564453125,0.033721923828125,0.030029296875,0.02154541015625,0.0187835693359375,1,4,Massasauga,Aesculapian Snake,Western Rattlesnake,stinkhorn,Massasauga,Spiny Hedgehog Cactus
val/05124_Animalia_Chordata_Reptilia_Squamata_Viperidae_Sistrurus_catenatus/99d1c2d1-3399-4944-8264-aa2c1212daa2.jpg,248,239,0,239,248,6,241,243,0.27587890625,0.216552734375,0.06591796875,0.06353759765625,0.048309326171875,1,2,Massasauga,Eastern Milksnake,Massasauga,Giant Desert Centipede,Aesculapian Snake,Texas Coralsnake
val/05124_Animalia_Chordata_Reptilia_Squamata_Viperidae_Sistrurus_catenatus/6c71a84e-561f-4765-8a96-a286d274d833.jpg,248,246,0,246,6,239,248,237,0.075439453125,0.057281494140625,0.033843994140625,0.028778076171875,0.0238800048828125,1,4,Massasauga,Great Plains Skink,Giant Desert Centipede,Eastern Milksnake,Massasauga,Texas Alligator Lizard
val/05172_Animalia_Cnidaria_Anthozoa_Actiniaria_Actiniidae_Actinia_equina/d5053901-f65f-40a6-b03e-fab7e39f93b5.jpg,249,29,0,29,134,249,3,278,0.0252838134765625,0.0245208740234375,0.0196533203125,0.0159912109375,0.012664794921875,1,3,Beadlet anemone,European Striped Shield Bug,Blackspot Goatfish,Beadlet anemone,Johnson's Jumping Spider,Flat-leaved Scalewort
val/05172_Animalia_Cnidaria_Anthozoa_Actiniaria_Actiniidae_Actinia_equina/d3583727-353d-4cf2-9e9a-24a472734692.jpg,249,358,0,358,249,355,269,260,0.0211181640625,0.0188751220703125,0.018585205078125,0.0176849365234375,0.01568603515625,1,2,Beadlet anemone,California barrel cactus,Beadlet anemone,Spiny Hedgehog Cactus,Peppery Bolete,Lined Chiton
val/05172_Animalia_Cnidaria_Anthozoa_Actiniaria_Actiniidae_Actinia_equina/4f173ab0-9a63-4591-ae6b-f504ff8eca47.jpg,249,288,0,288,249,240,176,267,0.0279083251953125,0.0206756591796875,0.020233154296875,0.019134521484375,0.015411376953125,1,2,Beadlet anemone,Mountain flax,Beadlet anemone,Flat-headed Snake,Red Crossbill,Lichen Agaric
val/05172_Animalia_Cnidaria_Anthozoa_Actiniaria_Actiniidae_Actinia_equina/98ad0fc9-fa31-45c7-839a-a02db06a8e42.jpg,249,253,0,253,249,38,102,2,0.02203369140625,0.01885986328125,0.015533447265625,0.01507568359375,0.0126190185546875,1,2,Beadlet anemone,California Cone,Beadlet anemone,New York Carpenter Ant,Buck Moth,Six-spotted Fishing Spider
val/05172_Animalia_Cnidaria_Anthozoa_Actiniaria_Actiniidae_Actinia_equina/2676f9f8-9d52-4570-8c59-c5a329b0696f.jpg,249,358,0,358,249,422,384,277,0.021087646484375,0.01898193359375,0.0121612548828125,0.01087188720703125,0.0101318359375,1,2,Beadlet anemone,California barrel cactus,Beadlet anemone,Indian Warrior,Red Heath,Sponge Weed
val/05172_Animalia_Cnidaria_Anthozoa_Actiniaria_Actiniidae_Actinia_equina/11572bd4-3ae9-4a0d-b10e-fb700f5c8f24.jpg,249,327,0,327,358,257,249,3,0.0228118896484375,0.020294189453125,0.01412200927734375,0.0120086669921875,0.0111236572265625,1,4,Beadlet anemone,great blanketflower,California barrel cactus,Decollate Snail,Beadlet anemone,Johnson's Jumping Spider
val/05273_Animalia_Mollusca_Gastropoda_Littorinimorpha_Strombidae_Aliger_gigas/d81e8794-f595-4a6a-8ad6-3f12be20cc64.jpg,251,134,0,134,251,136,219,133,0.48876953125,0.310546875,0.0283966064453125,0.0190277099609375,0.01580810546875,1,2,Queen Conch,Blackspot Goatfish,Queen Conch,Indo-Pacific Sergeant Major,Nurse Shark,Snakeskin Wrasse
val/05273_Animalia_Mollusca_Gastropoda_Littorinimorpha_Strombidae_Aliger_gigas/8a8c5ca2-0e9a-4455-85b8-b246bdabe09f.jpg,251,137,0,137,135,251,254,222,0.0418701171875,0.0357666015625,0.03424072265625,0.032928466796875,0.0233001708984375,1,3,Queen Conch,Freshwater Drum,Yellow Perch,Queen Conch,Lettered Olive,White-tailed Deer
val/05273_Animalia_Mollusca_Gastropoda_Littorinimorpha_Strombidae_Aliger_gigas/f7e875a9-c98f-4e89-a958-a0e182741ed3.jpg,251,57,0,57,60,251,47,5,0.048492431640625,0.032135009765625,0.01837158203125,0.0169677734375,0.01490020751953125,1,3,Queen Conch,Feathered Thorn,Alien Probole Moth,Queen Conch,Volupial Pyrausta Moth,Eastern Bark Centipede
val/05273_Animalia_Mollusca_Gastropoda_Littorinimorpha_Strombidae_Aliger_gigas/678967bf-e9c2-4f24-bfbe-761ab778f44d.jpg,251,141,0,141,251,46,60,112,0.0386962890625,0.03485107421875,0.0294036865234375,0.025787353515625,0.02557373046875,1,2,Queen Conch,Cachabi Robber Frog,Queen Conch,Titian Peale's Crambid,Alien Probole Moth,Omnivorous Platynota Moth
val/05273_Animalia_Mollusca_Gastropoda_Littorinimorpha_Strombidae_Aliger_gigas/84aca987-7453-4d61-b7f7-848182646853.jpg,251,134,0,134,251,132,133,223,0.2176513671875,0.1595458984375,0.035400390625,0.03424072265625,0.0223388671875,1,2,Queen Conch,Blackspot Goatfish,Queen Conch,Four-eyed Butterflyfish,Snakeskin Wrasse,Gray Wolf
val/05277_Animalia_Mollusca_Gastropoda_Neogastropoda_Buccinidae_Buccinum_undatum/c62f2a2e-b151-4958-bf52-9a5e598ce7e3.jpg,252,264,0,264,36,254,252,265,0.0738525390625,0.07342529296875,0.045135498046875,0.032135009765625,0.029296875,1,4,Common Whelk,Yellow Stainer,Spongy Oak Apple Gall Wasp,Lettered Olive,Common Whelk,green-spored parasol
val/05277_Animalia_Mollusca_Gastropoda_Neogastropoda_Buccinidae_Buccinum_undatum/ce189145-e67b-4f54-819d-fd6f21499c8c.jpg,252,274,0,274,252,472,350,237,0.0838623046875,0.0240631103515625,0.0180511474609375,0.016998291015625,0.0147705078125,1,2,Common Whelk,ceramic parchment,Common Whelk,desert mistletoe,California shieldpod,Texas Alligator Lizard
val/05283_Animalia_Mollusca_Gastropoda_Neogastropoda_Conidae_Californiconus_californicus/9734535e-9793-4752-9934-b783c3527d7e.jpg,253,36,0,36,254,253,257,268,0.040191650390625,0.028167724609375,0.0218505859375,0.016815185546875,0.0167694091796875,1,3,California Cone,Spongy Oak Apple Gall Wasp,Lettered Olive,California Cone,Decollate Snail,Roridomyces austrororidus
val/05283_Animalia_Mollusca_Gastropoda_Neogastropoda_Conidae_Californiconus_californicus/f380c4f6-ab9a-438a-b845-1b6a42aef328.jpg,253,129,0,129,111,257,253,110,0.05853271484375,0.042144775390625,0.034820556640625,0.031951904296875,0.0294342041015625,1,4,California Cone,Blacknose Dace,Bidens Borer Moth,Decollate Snail,California Cone,Filbertworm Moth
val/05283_Animalia_Mollusca_Gastropoda_Neogastropoda_Conidae_Californiconus_californicus/b5042d39-0423-49d7-951d-308e9507f22a.jpg,253,36,0,36,254,253,264,265,0.097900390625,0.058013916015625,0.030517578125,0.02764892578125,0.0235748291015625,1,3,California Cone,Spongy Oak Apple Gall Wasp,Lettered Olive,California Cone,Yellow Stainer,green-spored parasol
val/05283_Animalia_Mollusca_Gastropoda_Neogastropoda_Conidae_Californiconus_californicus/69db9e63-fb66-447e-bd55-44a73c037d31.jpg,253,127,0,127,249,253,144,126,0.07257080078125,0.0654296875,0.046142578125,0.035858154296875,0.0260467529296875,1,3,California Cone,New Zealand Half Crab,Beadlet anemone,California Cone,Green Salamander,Virile Crayfish
val/05291_Animalia_Mollusca_Gastropoda_Neogastropoda_Olividae_Americoliva_sayana/5d721264-a08c-440b-b8e6-ff5f225fb46b.jpg,254,259,0,259,258,254,43,57,0.0660400390625,0.0450439453125,0.044525146484375,0.0310211181640625,0.021575927734375,1,3,Lettered Olive,Turkish Snail,White-lipped Snail,Lettered Olive,Garden Webworm Moth,Feathered Thorn
val/05291_Animalia_Mollusca_Gastropoda_Neogastropoda_Olividae_Americoliva_sayana/a5dd17e7-2c14-4688-80a9-2ee0dee6f27d.jpg,254,269,0,269,265,36,254,266,0.07037353515625,0.070068359375,0.045074462890625,0.03466796875,0.032318115234375,1,4,Lettered Olive,Peppery Bolete,green-spored parasol,Spongy Oak Apple Gall Wasp,Lettered Olive,blusher
val/05291_Animalia_Mollusca_Gastropoda_Neogastropoda_Olividae_Americoliva_sayana/889ee4e1-5e37-49e7-8bcd-ca53575ca83b.jpg,254,265,0,265,254,269,266,36,0.1844482421875,0.14111328125,0.07763671875,0.057586669921875,0.039886474609375,1,2,Lettered Olive,green-spored parasol,Lettered Olive,Peppery Bolete,blusher,Spongy Oak Apple Gall Wasp
val/05291_Animalia_Mollusca_Gastropoda_Neogastropoda_Olividae_Americoliva_sayana/b9571375-2b46-4707-a60e-f1ba92e3e669.jpg,254,129,0,129,131,254,253,128,0.333984375,0.08880615234375,0.08538818359375,0.0220184326171875,0.0171051025390625,1,3,Lettered Olive,Blacknose Dace,Redbreast Sunfish,Lettered Olive,California Cone,Bluntnose Minnow
val/05291_Animalia_Mollusca_Gastropoda_Neogastropoda_Olividae_Americoliva_sayana/c0de8360-12dc-4556-9559-63abeec6a74d.jpg,254,145,0,145,254,253,257,126,0.1187744140625,0.09234619140625,0.056549072265625,0.05523681640625,0.052093505859375,1,2,Lettered Olive,Italian Crested Newt,Lettered Olive,California Cone,Decollate Snail,Virile Crayfish
val/05291_Animalia_Mollusca_Gastropoda_Neogastropoda_Olividae_Americoliva_sayana/4c134f98-fe97-4d77-abd6-010f26d7b9a5.jpg,254,135,0,135,254,257,141,222,0.0986328125,0.0555419921875,0.048828125,0.0445556640625,0.033172607421875,1,2,Lettered Olive,Yellow Perch,Lettered Olive,Decollate Snail,Cachabi Robber Frog,White-tailed Deer
val/05291_Animalia_Mollusca_Gastropoda_Neogastropoda_Olividae_Americoliva_sayana/ed1ffddf-374e-4d4e-82fc-47455cfc64e3.jpg,254,129,0,129,254,111,253,252,0.076416015625,0.06878662109375,0.060699462890625,0.035552978515625,0.035125732421875,1,2,Lettered Olive,Blacknose Dace,Lettered Olive,Bidens Borer Moth,California Cone,Common Whelk
val/05312_Animalia_Mollusca_Gastropoda_Nudibranchia_Facelinidae_Phidiana_hiltoni/e2cf7574-8c8e-446a-bd3e-e0056e67fd22.jpg,255,133,0,133,255,260,140,351,0.034698486328125,0.033477783203125,0.03118896484375,0.0126495361328125,0.012176513671875,1,2,Hilton's Aeolid,Snakeskin Wrasse,Hilton's Aeolid,Lined Chiton,Spiny Seahorse,Mountain Horopito
val/05330_Animalia_Mollusca_Gastropoda_Stylommatophora_Achatinidae_Rumina_decollata/dba5649b-842c-49a3-ac3d-182045a14488.jpg,257,126,0,126,143,242,257,42,0.09356689453125,0.034149169921875,0.03216552734375,0.02801513671875,0.02777099609375,1,4,Decollate Snail,Virile Crayfish,Northern Red-legged Frog,Brown Basilisk,Decollate Snail,Western Paper Wasp
val/05330_Animalia_Mollusca_Gastropoda_Stylommatophora_Achatinidae_Rumina_decollata/7f9b1990-0808-4d08-9ca0-c154ccaf8ccc.jpg,257,254,0,254,274,31,37,257,0.032867431640625,0.0263519287109375,0.02423095703125,0.02178955078125,0.017578125,1,5,Decollate Snail,Lettered Olive,ceramic parchment,Southern Green Stink Bug,Florida Carpenter Ant,Decollate Snail
val/05347_Animalia_Mollusca_Gastropoda_Stylommatophora_Helicidae_Cepaea_hortensis/61dd41b0-5cb6-4fe9-9f06-35ac1b77f6b3.jpg,258,259,0,259,258,12,366,123,0.1884765625,0.06402587890625,0.0304107666015625,0.01355743408203125,0.01105499267578125,1,2,White-lipped Snail,Turkish Snail,White-lipped Snail,Hadda Beetle,Fringed Bindweed,Marsh meadow grasshopper
val/05347_Animalia_Mollusca_Gastropoda_Stylommatophora_Helicidae_Cepaea_hortensis/0b144dbd-cc88-4cbe-af1e-5612e2ff4a2d.jpg,258,259,0,259,258,249,252,240,0.0802001953125,0.0721435546875,0.0159759521484375,0.01419830322265625,0.0108184814453125,1,2,White-lipped Snail,Turkish Snail,White-lipped Snail,Beadlet anemone,Common Whelk,Flat-headed Snake
val/05347_Animalia_Mollusca_Gastropoda_Stylommatophora_Helicidae_Cepaea_hortensis/703d7e21-7d2e-4739-8065-9b9c9bc02150.jpg,258,36,0,36,249,259,253,258,0.1024169921875,0.08984375,0.08056640625,0.052215576171875,0.039886474609375,1,5,White-lipped Snail,Spongy Oak Apple Gall Wasp,Beadlet anemone,Turkish Snail,California Cone,White-lipped Snail
val/05347_Animalia_Mollusca_Gastropoda_Stylommatophora_Helicidae_Cepaea_hortensis/30eacae5-3b86-4d00-a461-eef11bf212d4.jpg,258,259,0,259,258,249,11,250,0.236572265625,0.1871337890625,0.01200103759765625,0.010223388671875,0.00794219970703125,1,2,White-lipped Snail,Turkish Snail,White-lipped Snail,Beadlet anemone,False Potato Beetle,Nuttall's Cockle
val/05350_Animalia_Mollusca_Gastropoda_Stylommatophora_Helicidae_Helix_lucorum/ad535ffe-9ce7-4e8b-8e3b-f40e848d0e25.jpg,259,264,0,264,259,357,457,258,0.1243896484375,0.1173095703125,0.023284912109375,0.0203704833984375,0.01873779296875,1,2,Turkish Snail,Yellow Stainer,Turkish Snail,viviparous foxtail cactus,eastern pasqueflower,White-lipped Snail
val/05350_Animalia_Mollusca_Gastropoda_Stylommatophora_Helicidae_Helix_lucorum/1080a4d4-8289-400b-ab02-72ccce5dcda5.jpg,259,258,0,258,259,264,257,249,0.28076171875,0.2440185546875,0.01947021484375,0.01520538330078125,0.01332855224609375,1,2,Turkish Snail,White-lipped Snail,Turkish Snail,Yellow Stainer,Decollate Snail,Beadlet anemone
val/05350_Animalia_Mollusca_Gastropoda_Stylommatophora_Helicidae_Helix_lucorum/96e41b9b-9db9-46a6-802e-a41b1e2ec5f2.jpg,259,75,0,75,259,25,355,4,0.0509033203125,0.018096923828125,0.01446533203125,0.01418304443359375,0.0140380859375,1,2,Turkish Snail,Spring Azure,Turkish Snail,Florida Leaf-footed Bug,Spiny Hedgehog Cactus,Paravaejovis puritanus
val/05387_Animalia_Mollusca_Polyplacophora_Chitonida_Tonicellidae_Tonicella_lineata/ab393ac1-0216-4389-b9c6-b585f1b3342b.jpg,260,253,0,253,249,258,260,252,0.052490234375,0.0237579345703125,0.0208282470703125,0.0165252685546875,0.0148162841796875,1,4,Lined Chiton,California Cone,Beadlet anemone,White-lipped Snail,Lined Chiton,Common Whelk
val/05387_Animalia_Mollusca_Polyplacophora_Chitonida_Tonicellidae_Tonicella_lineata/1889ca1c-8ea4-401a-be3d-3d34479598d9.jpg,260,250,0,250,260,131,136,358,0.19482421875,0.1329345703125,0.022216796875,0.0173797607421875,0.0164794921875,1,2,Lined Chiton,Nuttall's Cockle,Lined Chiton,Redbreast Sunfish,Indo-Pacific Sergeant Major,California barrel cactus
val/05387_Animalia_Mollusca_Polyplacophora_Chitonida_Tonicellidae_Tonicella_lineata/367ec451-45cc-4e4f-93b1-1c0f9c0bae44.jpg,260,109,0,109,81,260,51,110,0.146728515625,0.0850830078125,0.068359375,0.06524658203125,0.0282135009765625,1,3,Lined Chiton,Red-banded Leafroller,Small Mossy Lithacodia,Lined Chiton,Ilia Underwing,Filbertworm Moth
val/05387_Animalia_Mollusca_Polyplacophora_Chitonida_Tonicellidae_Tonicella_lineata/0644c962-4b74-477e-b40b-a16addd6aa64.jpg,260,261,0,261,252,263,350,260,0.0298004150390625,0.0247344970703125,0.01448822021484375,0.0143890380859375,0.01372528076171875,1,5,Lined Chiton,scaly pelt lichen,Common Whelk,Smooth Rock Tripe,California shieldpod,Lined Chiton
val/05387_Animalia_Mollusca_Polyplacophora_Chitonida_Tonicellidae_Tonicella_lineata/59a84ebf-11fa-45ba-ab7e-2988cc796592.jpg,260,250,0,250,260,493,497,495,0.0545654296875,0.027618408203125,0.019195556640625,0.0184173583984375,0.01282501220703125,1,2,Lined Chiton,Nuttall's Cockle,Lined Chiton,tangle fern,hay-scented fern,Crown Fern
val/05433_Fungi_Ascomycota_Lecanoromycetes_Peltigerales_Peltigeraceae_Peltigera_praetextata/5bea65b7-c37b-4f22-83ce-c1d62681cdcc.jpg,261,248,0,248,362,239,261,347,0.11395263671875,0.0379638671875,0.0270233154296875,0.0236663818359375,0.0235137939453125,1,4,scaly pelt lichen,Massasauga,Small-leaved Blinks,Eastern Milksnake,scaly pelt lichen,European Searocket
val/05441_Fungi_Ascomycota_Lecanoromycetes_Teloschistales_Teloschistaceae_Teloschistes_flavicans/3ca094eb-5d12-4c7e-9f38-d109e853f580.jpg,262,243,0,243,262,260,478,370,0.043548583984375,0.0400390625,0.028961181640625,0.0239105224609375,0.0239105224609375,1,2,Golden Hair-lichen,Texas Coralsnake,Golden Hair-lichen,Lined Chiton,western roseroot,woodland pterostegia
val/05474_Fungi_Basidiomycota_Agaricomycetes_Agaricales_Agaricaceae_Agaricus_xanthodermus/b12ee636-7b2e-4bcd-8027-1472cf71bcc8.jpg,264,265,0,265,266,36,271,264,0.107666015625,0.041839599609375,0.033416748046875,0.0272216796875,0.019744873046875,1,5,Yellow Stainer,green-spored parasol,blusher,Spongy Oak Apple Gall Wasp,stinkhorn,Yellow Stainer
val/05474_Fungi_Basidiomycota_Agaricomycetes_Agaricales_Agaricaceae_Agaricus_xanthodermus/cf7396f5-63aa-4c70-84d3-b3e6dc0f7340.jpg,264,266,0,266,36,265,269,264,0.04779052734375,0.02362060546875,0.02325439453125,0.0186920166015625,0.01444244384765625,1,5,Yellow Stainer,blusher,Spongy Oak Apple Gall Wasp,green-spored parasol,Peppery Bolete,Yellow Stainer
val/05474_Fungi_Basidiomycota_Agaricomycetes_Agaricales_Agaricaceae_Agaricus_xanthodermus/02603cef-36d6-44e5-8293-5e7b33cc4ec2.jpg,264,271,0,271,264,106,137,254,0.06231689453125,0.034393310546875,0.0257720947265625,0.0236968994140625,0.0178375244140625,1,2,Yellow Stainer,stinkhorn,Yellow Stainer,Hippotion scrofa,Freshwater Drum,Lettered Olive
val/05477_Fungi_Basidiomycota_Agaricomycetes_Agaricales_Agaricaceae_Chlorophyllum_molybdites/80027fa1-6e63-4acd-b1ef-39d0012cf85e.jpg,265,264,0,264,265,36,254,252,0.10357666015625,0.07489013671875,0.0244140625,0.0152740478515625,0.0148773193359375,1,2,green-spored parasol,Yellow Stainer,green-spored parasol,Spongy Oak Apple Gall Wasp,Lettered Olive,Common Whelk
val/05477_Fungi_Basidiomycota_Agaricomycetes_Agaricales_Agaricaceae_Chlorophyllum_molybdites/ac88a8b0-ed8b-4f87-89eb-57a0e06fc079.jpg,265,264,0,264,265,267,272,456,0.147216796875,0.034088134765625,0.018585205078125,0.015960693359375,0.0125885009765625,1,2,green-spored parasol,Yellow Stainer,green-spored parasol,Lichen Agaric,Hoof Fungus,Virginia virgin's-bower
val/05477_Fungi_Basidiomycota_Agaricomycetes_Agaricales_Agaricaceae_Chlorophyllum_molybdites/0e5a1e3e-3689-4df5-bcbc-76924da28c17.jpg,265,264,0,264,265,266,271,36,0.218994140625,0.058837890625,0.05316162109375,0.0256500244140625,0.01470184326171875,1,2,green-spored parasol,Yellow Stainer,green-spored parasol,blusher,stinkhorn,Spongy Oak Apple Gall Wasp
val/05498_Fungi_Basidiomycota_Agaricomycetes_Agaricales_Amanitaceae_Amanita_rubescens/79d8fbef-02fa-428a-98e2-50192cf024b9.jpg,266,265,0,265,271,264,266,135,0.275390625,0.1212158203125,0.038299560546875,0.03753662109375,0.01514434814453125,1,4,blusher,green-spored parasol,stinkhorn,Yellow Stainer,blusher,Yellow Perch
val/05498_Fungi_Basidiomycota_Agaricomycetes_Agaricales_Amanitaceae_Amanita_rubescens/77156892-fa28-4e02-9767-41050e8140da.jpg,266,271,0,271,265,264,266,269,0.14501953125,0.11865234375,0.0731201171875,0.0289306640625,0.0172271728515625,1,4,blusher,stinkhorn,green-spored parasol,Yellow Stainer,blusher,Peppery Bolete
val/05523_Fungi_Basidiomycota_Agaricomycetes_Agaricales_Hygrophoraceae_Lichenomphalia_umbellifera/4e5ab61d-4cbb-4092-89fd-ea4b45b1d3cc.jpg,267,424,0,424,388,267,469,141,0.0139923095703125,0.01385498046875,0.01224517822265625,0.01206207275390625,0.01132965087890625,1,3,Lichen Agaric,American lopseed,black huckleberry,Lichen Agaric,Siberian elm,Cachabi Robber Frog
val/05523_Fungi_Basidiomycota_Agaricomycetes_Agaricales_Hygrophoraceae_Lichenomphalia_umbellifera/46f78c3a-f63d-4615-aa77-c093f216e6ed.jpg,267,264,0,264,267,35,268,265,0.103271484375,0.054107666015625,0.0305328369140625,0.02642822265625,0.02142333984375,1,2,Lichen Agaric,Yellow Stainer,Lichen Agaric,Elm Sawfly,Roridomyces austrororidus,green-spored parasol
val/05541_Fungi_Basidiomycota_Agaricomycetes_Agaricales_Mycenaceae_Roridomyces_austrororidus/d72d3583-b174-4839-8d6e-c15a9a27f802.jpg,268,264,0,264,265,250,266,268,0.2333984375,0.054046630859375,0.0233917236328125,0.0224609375,0.021270751953125,1,5,Roridomyces austrororidus,Yellow Stainer,green-spored parasol,Nuttall's Cockle,blusher,Roridomyces austrororidus
val/05541_Fungi_Basidiomycota_Agaricomycetes_Agaricales_Mycenaceae_Roridomyces_austrororidus/fb8ef5b0-4ba9-42d8-9ab9-05c14e23ed5a.jpg,268,264,0,264,268,271,456,266,0.05792236328125,0.03076171875,0.0123443603515625,0.010101318359375,0.00988006591796875,1,2,Roridomyces austrororidus,Yellow Stainer,Roridomyces austrororidus,stinkhorn,Virginia virgin's-bower,blusher
val/05541_Fungi_Basidiomycota_Agaricomycetes_Agaricales_Mycenaceae_Roridomyces_austrororidus/a6941cb4-47b8-4d56-8e25-880fb4724dfa.jpg,268,264,0,264,268,267,292,301,0.08636474609375,0.0806884765625,0.034149169921875,0.01523590087890625,0.01438140869140625,1,2,Roridomyces austrororidus,Yellow Stainer,Roridomyces austrororidus,Lichen Agaric,checkered rattlesnake plantain,snow trillium
val/05541_Fungi_Basidiomycota_Agaricomycetes_Agaricales_Mycenaceae_Roridomyces_austrororidus/bbbdbe87-3d79-4f7b-b098-2995948017cc.jpg,268,264,0,264,268,267,35,265,0.07684326171875,0.02911376953125,0.0173797607421875,0.0159454345703125,0.0156097412109375,1,2,Roridomyces austrororidus,Yellow Stainer,Roridomyces austrororidus,Lichen Agaric,Elm Sawfly,green-spored parasol
val/05541_Fungi_Basidiomycota_Agaricomycetes_Agaricales_Mycenaceae_Roridomyces_austrororidus/7cc4e0ac-2044-4427-a8f3-a26723726139.jpg,268,265,0,265,267,266,269,268,0.1419677734375,0.139404296875,0.0372314453125,0.0347900390625,0.02093505859375,1,5,Roridomyces austrororidus,green-spored parasol,Lichen Agaric,blusher,Peppery Bolete,Roridomyces austrororidus
val/05599_Fungi_Basidiomycota_Agaricomycetes_Boletales_Boletaceae_Chalciporus_piperatus/b7b2710f-a771-4eaa-ba67-2cacc8d5e2c4.jpg,269,36,0,36,269,254,31,10,0.024322509765625,0.0210723876953125,0.017364501953125,0.01450347900390625,0.01326751708984375,1,2,Peppery Bolete,Spongy Oak Apple Gall Wasp,Peppery Bolete,Lettered Olive,Southern Green Stink Bug,Spined Woodborer
val/05599_Fungi_Basidiomycota_Agaricomycetes_Boletales_Boletaceae_Chalciporus_piperatus/ce91bcec-f02b-4378-96a0-8461776842db.jpg,269,257,0,257,269,170,266,300,0.06817626953125,0.06158447265625,0.053314208984375,0.024017333984375,0.0193634033203125,1,2,Peppery Bolete,Decollate Snail,Peppery Bolete,Yellow Grosbeak,blusher,Leopard Lily
val/05648_Fungi_Basidiomycota_Agaricomycetes_Phallales_Phallaceae_Phallus_impudicus/c46e9e23-d3f8-452a-b422-6df9cc20cca9.jpg,271,36,0,36,271,266,269,265,0.195556640625,0.12030029296875,0.08660888671875,0.043731689453125,0.03265380859375,1,2,stinkhorn,Spongy Oak Apple Gall Wasp,stinkhorn,blusher,Peppery Bolete,green-spored parasol
val/05648_Fungi_Basidiomycota_Agaricomycetes_Phallales_Phallaceae_Phallus_impudicus/f1c9fe96-d3c6-4e65-a50d-5279b7a81dc8.jpg,271,20,0,20,34,18,454,271,0.2137451171875,0.1629638671875,0.053009033203125,0.040557861328125,0.0191192626953125,1,5,stinkhorn,Mexican Cactus Fly,Southern Carpenter Bee,Blue Blowfly,common columbine,stinkhorn
val/05676_Fungi_Basidiomycota_Agaricomycetes_Polyporales_Polyporaceae_Fomes_fomentarius/9e83145b-e963-4b59-a120-8eb0d2a390e3.jpg,272,258,0,258,259,272,289,264,0.09649658203125,0.0823974609375,0.0577392578125,0.039459228515625,0.033966064453125,1,3,Hoof Fungus,White-lipped Snail,Turkish Snail,Hoof Fungus,Spring Crocus,Yellow Stainer
val/05714_Fungi_Basidiomycota_Agaricomycetes_Russulales_Stereaceae_Xylobolus_frustulatus/a3910cf9-fa06-43cc-90de-8ee98f74e409.jpg,274,237,0,237,274,232,223,7,0.0222320556640625,0.017791748046875,0.0167388916015625,0.0141143798828125,0.011749267578125,1,2,ceramic parchment,Texas Alligator Lizard,ceramic parchment,Woodchuck,Gray Wolf,Emerald Ash Borer
val/05714_Fungi_Basidiomycota_Agaricomycetes_Russulales_Stereaceae_Xylobolus_frustulatus/8d3310c9-c2ca-4621-aa92-811ca45a21b4.jpg,274,365,0,365,274,102,350,472,0.030120849609375,0.028656005859375,0.0238494873046875,0.0168609619140625,0.0159149169921875,1,2,ceramic parchment,skeleton weed,ceramic parchment,Buck Moth,California shieldpod,desert mistletoe
val/05734_Plantae_Bryophyta_Bryopsida_Bryales_Mniaceae_Rhizomnium_glabrescens/6eadfe94-bed5-4b11-afab-8dba04a937b5.jpg,275,385,0,385,388,353,275,439,0.08837890625,0.077392578125,0.06884765625,0.0577392578125,0.03729248046875,1,4,fan moss,Gaultheria antipoda,black huckleberry,Mignonette vine,fan moss,bebb's willow
val/05734_Plantae_Bryophyta_Bryopsida_Bryales_Mniaceae_Rhizomnium_glabrescens/d8418a7f-2ce0-4264-8a10-a7f1136f534e.jpg,275,32,0,32,385,275,465,350,0.1041259765625,0.1019287109375,0.0946044921875,0.04443359375,0.037567138671875,1,3,fan moss,Jagged Ambush Bug,Gaultheria antipoda,fan moss,Blackthorn,California shieldpod
val/05734_Plantae_Bryophyta_Bryopsida_Bryales_Mniaceae_Rhizomnium_glabrescens/a99281ef-79db-4a28-aa6b-1850bf85e16d.jpg,275,278,0,278,196,275,494,370,0.055023193359375,0.034942626953125,0.030487060546875,0.0194549560546875,0.0173187255859375,1,3,fan moss,Flat-leaved Scalewort,Eastern Yellow Robin,fan moss,Hen and Chicks Fern,woodland pterostegia
val/05734_Plantae_Bryophyta_Bryopsida_Bryales_Mniaceae_Rhizomnium_glabrescens/f7c3d2dd-6abc-4c23-a520-3fcbc8438a2f.jpg,275,276,0,276,275,494,196,499,0.1251220703125,0.04144287109375,0.034210205078125,0.0231781005859375,0.0225067138671875,1,2,fan moss,delicate fern moss,fan moss,Hen and Chicks Fern,Eastern Yellow Robin,broad beech fern
val/05756_Plantae_Bryophyta_Bryopsida_Hypnales_Thuidiaceae_Thuidium_delicatulum/25c5b613-b69e-4b73-b2a5-e78ea01da678.jpg,276,496,0,496,349,494,398,276,0.08319091796875,0.040252685546875,0.03558349609375,0.0304107666015625,0.0303192138671875,1,5,delicate fern moss,brittle bladderfern,narrow-leaved bittercress,Hen and Chicks Fern,black locust,delicate fern moss
val/05756_Plantae_Bryophyta_Bryopsida_Hypnales_Thuidiaceae_Thuidium_delicatulum/bb478c64-ba83-4e1c-9913-9755d6671947.jpg,276,307,0,307,276,304,361,325,0.04974365234375,0.031494140625,0.0273590087890625,0.0272064208984375,0.023590087890625,1,2,delicate fern moss,Annual Meadow-grass,delicate fern moss,Fingered Sedge,lesser stitchwort,tall boneset
val/05764_Plantae_Chlorophyta_Ulvophyceae_Bryopsidales_Codiaceae_Codium_fragile/984baaa3-a25c-44e9-9718-1d4d12dcef4a.jpg,277,255,0,255,130,235,277,102,0.11846923828125,0.0283355712890625,0.02337646484375,0.023162841796875,0.0195159912109375,1,4,Sponge Weed,Hilton's Aeolid,Chub,Belize Crocodile,Sponge Weed,Buck Moth
val/05764_Plantae_Chlorophyta_Ulvophyceae_Bryopsidales_Codiaceae_Codium_fragile/fdebdf5a-33ef-42ba-a056-bb442a1321ca.jpg,277,241,0,241,277,144,6,311,0.0188140869140625,0.01812744140625,0.0156707763671875,0.014373779296875,0.01078033447265625,1,2,Sponge Weed,Aesculapian Snake,Sponge Weed,Green Salamander,Giant Desert Centipede,princess pine
val/05764_Plantae_Chlorophyta_Ulvophyceae_Bryopsidales_Codiaceae_Codium_fragile/25505aa9-cd06-4be9-ac5d-936527a6d0fa.jpg,277,307,0,307,347,277,484,30,0.07440185546875,0.03594970703125,0.031280517578125,0.023162841796875,0.01947021484375,1,3,Sponge Weed,Annual Meadow-grass,European Searocket,Sponge Weed,White Horse-nettle,Brown Marmorated Stink Bug
val/05764_Plantae_Chlorophyta_Ulvophyceae_Bryopsidales_Codiaceae_Codium_fragile/0af561ac-7fad-46de-869f-27593b6ee8e2.jpg,277,241,0,241,277,240,403,145,0.05609130859375,0.0439453125,0.032562255859375,0.0291748046875,0.0208587646484375,1,2,Sponge Weed,Aesculapian Snake,Sponge Weed,Flat-headed Snake,willow oak,Italian Crested Newt
val/05769_Plantae_Marchantiophyta_Jungermanniopsida_Porellales_Radulaceae_Radula_complanata/c02bccf9-5581-4d8d-bae5-4b5ebdb257e6.jpg,278,276,0,276,496,72,278,144,0.282470703125,0.1026611328125,0.037322998046875,0.02703857421875,0.026214599609375,1,4,Flat-leaved Scalewort,delicate fern moss,brittle bladderfern,Green Oak-Slug Moth,Flat-leaved Scalewort,Green Salamander
val/05769_Plantae_Marchantiophyta_Jungermanniopsida_Porellales_Radulaceae_Radula_complanata/18a1e7f6-4e01-48ff-8349-bd666332b6c0.jpg,278,144,0,144,278,496,276,237,0.11370849609375,0.09747314453125,0.0963134765625,0.0714111328125,0.030364990234375,1,2,Flat-leaved Scalewort,Green Salamander,Flat-leaved Scalewort,brittle bladderfern,delicate fern moss,Texas Alligator Lizard
val/05783_Plantae_Tracheophyta_Gnetopsida_Ephedrales_Ephedraceae_Ephedra_trifurca/873b8dea-be7f-460d-a038-a284f8514f71.jpg,279,356,0,356,358,279,230,372,0.22802734375,0.07025146484375,0.056976318359375,0.043609619140625,0.037139892578125,1,3,longleaf ephedra,strawberry hedgehog cactus,California barrel cactus,longleaf ephedra,American Beaver,crucifixion thorn
val/05824_Plantae_Tracheophyta_Liliopsida_Arecales_Arecaceae_Cocos_nucifera/e151ef04-b101-4a94-96a8-76e4b81af8eb.jpg,280,138,0,138,469,280,491,219,0.0280303955078125,0.0251007080078125,0.0218658447265625,0.018524169921875,0.017791748046875,1,3,coconut palm,Kelp Bass,Siberian elm,coconut palm,lodgepole pine,Nurse Shark
val/05824_Plantae_Tracheophyta_Liliopsida_Arecales_Arecaceae_Cocos_nucifera/0750343b-1fd1-440c-a42f-f1f5cecef9f3.jpg,280,393,0,393,280,201,387,398,0.071044921875,0.0567626953125,0.0234375,0.020294189453125,0.0201416015625,1,2,coconut palm,Taiwan Acacia,coconut palm,Grayish Saltator,Prickly mingimingi,black locust
val/05824_Plantae_Tracheophyta_Liliopsida_Arecales_Arecaceae_Cocos_nucifera/4b59f342-3ae3-4105-908e-d4ca5e5f0ae9.jpg,280,398,0,398,280,466,316,208,0.0242767333984375,0.0226287841796875,0.018798828125,0.0142059326171875,0.01351165771484375,1,2,coconut palm,black locust,coconut palm,Himalayan-berry,Octopus Tree,Warbling White-eye
val/05837_Plantae_Tracheophyta_Liliopsida_Asparagales_Amaryllidaceae_Allium_cernuum/f45d4278-114b-4a36-8474-55b7caa4d73d.jpg,281,431,0,431,286,281,415,282,0.046051025390625,0.0352783203125,0.033172607421875,0.0230712890625,0.01568603515625,1,3,nodding onion,Dakota mock vervain,Grape hyacinth,nodding onion,Marsh Woundwort,spring spiderlily
val/05856_Plantae_Tracheophyta_Liliopsida_Asparagales_Amaryllidaceae_Hymenocallis_liriosme/cfabf8fa-5079-4e6f-9e5c-8ec37fa7a9b9.jpg,282,330,0,330,282,456,361,454,0.10791015625,0.08209228515625,0.015533447265625,0.01123809814453125,0.0110015869140625,1,2,spring spiderlily,oxeye daisy,spring spiderlily,Virginia virgin's-bower,lesser stitchwort,common columbine
val/05878_Plantae_Tracheophyta_Liliopsida_Asparagales_Asparagaceae_Asparagus_acutifolius/5f88d929-c2ba-489d-9363-0a6130df5ba5.jpg,283,496,0,496,283,488,276,387,0.04248046875,0.028106689453125,0.01983642578125,0.019317626953125,0.0182037353515625,1,2,Spiny Asparagus,brittle bladderfern,Spiny Asparagus,baldcypress,delicate fern moss,Prickly mingimingi
val/05881_Plantae_Tracheophyta_Liliopsida_Asparagales_Asparagaceae_Asparagus_officinalis/ae49a4c4-584d-44d9-b679-1556de4bc0af.jpg,284,417,0,417,396,406,367,284,0.1922607421875,0.1529541015625,0.055511474609375,0.02978515625,0.021240234375,1,5,asparagus,Lilac chaste tree,white sweet clover,American columbo,redshank,asparagus
val/05881_Plantae_Tracheophyta_Liliopsida_Asparagales_Asparagaceae_Asparagus_officinalis/77ef0e9c-76ce-4a6c-aa8f-672466b543f4.jpg,284,337,0,337,360,310,70,284,0.041229248046875,0.0285186767578125,0.0144500732421875,0.0135345458984375,0.01323699951171875,1,5,asparagus,prairie dock,ragged-Robin,Kangaroo Grass,European Skipper,asparagus
val/05881_Plantae_Tracheophyta_Liliopsida_Asparagales_Asparagaceae_Asparagus_officinalis/a9a14d59-9b66-4ce9-81ad-ae6c57d59c3c.jpg,284,326,0,326,284,396,320,329,0.170166015625,0.10797119140625,0.07012939453125,0.035400390625,0.01751708984375,1,2,asparagus,dogfennel,asparagus,white sweet clover,common mugwort,Old Plainsman
val/05881_Plantae_Tracheophyta_Liliopsida_Asparagales_Asparagaceae_Asparagus_officinalis/36fbc179-fbcf-4676-bb11-307dbe4636f1.jpg,284,29,0,29,284,397,407,429,0.07440185546875,0.028656005859375,0.0262908935546875,0.019927978515625,0.0179290771484375,1,2,asparagus,European Striped Shield Bug,asparagus,Common Flat-pea,Coprosma dumosa,Wand Mullein
val/05881_Plantae_Tracheophyta_Liliopsida_Asparagales_Asparagaceae_Asparagus_officinalis/05b7cf53-f3c7-4b94-9db2-bead4d9b341f.jpg,284,169,0,169,284,431,326,337,0.034088134765625,0.020843505859375,0.0194244384765625,0.0187835693359375,0.0180816650390625,1,2,asparagus,Painted Bunting,asparagus,Dakota mock vervain,dogfennel,prairie dock
val/05887_Plantae_Tracheophyta_Liliopsida_Asparagales_Asparagaceae_Camassia_quamash/6b1045dc-ac0a-498d-b99e-ea0aa2ebe91e.jpg,285,360,0,360,415,416,286,285,0.1177978515625,0.0650634765625,0.0338134765625,0.030609130859375,0.0211334228515625,1,5,small camas,ragged-Robin,Marsh Woundwort,woolly blue curls,Grape hyacinth,small camas
val/05887_Plantae_Tracheophyta_Liliopsida_Asparagales_Asparagaceae_Camassia_quamash/663f8a7d-5178-49af-ba66-fbf04d096784.jpg,285,286,0,286,285,457,289,343,0.045623779296875,0.03131103515625,0.0241241455078125,0.02191162109375,0.0203857421875,1,2,small camas,Grape hyacinth,small camas,eastern pasqueflower,Spring Crocus,Sheep's-bit
val/05887_Plantae_Tracheophyta_Liliopsida_Asparagales_Asparagaceae_Camassia_quamash/cccc0f22-bdd3-448b-8bdb-67d063088783.jpg,285,360,0,360,285,484,416,457,0.1072998046875,0.1005859375,0.07623291015625,0.051483154296875,0.038787841796875,1,2,small camas,ragged-Robin,small camas,White Horse-nettle,woolly blue curls,eastern pasqueflower
val/05916_Plantae_Tracheophyta_Liliopsida_Asparagales_Asparagaceae_Muscari_neglectum/d48fcb54-c134-4da6-a9c7-628041f3b038.jpg,286,390,0,390,286,391,426,289,0.10272216796875,0.06146240234375,0.0537109375,0.04632568359375,0.0281524658203125,1,2,Grape hyacinth,Drummond's phlox,Grape hyacinth,longleaf phlox,Slender speedwell,Spring Crocus
val/05916_Plantae_Tracheophyta_Liliopsida_Asparagales_Asparagaceae_Muscari_neglectum/807c703f-0343-43f4-a9bc-1c26482858c1.jpg,286,344,0,344,416,286,343,427,0.1192626953125,0.0936279296875,0.09161376953125,0.029571533203125,0.01947021484375,1,3,Grape hyacinth,Salvation Jane,woolly blue curls,Grape hyacinth,Sheep's-bit,Butterfly bush
val/05916_Plantae_Tracheophyta_Liliopsida_Asparagales_Asparagaceae_Muscari_neglectum/c205b5e8-b5e7-4d8a-ad5c-e86fd0b70f0c.jpg,286,289,0,289,286,457,343,390,0.1575927734375,0.047027587890625,0.02392578125,0.0220489501953125,0.0172576904296875,1,2,Grape hyacinth,Spring Crocus,Grape hyacinth,eastern pasqueflower,Sheep's-bit,Drummond's phlox
val/05948_Plantae_Tracheophyta_Liliopsida_Asparagales_Asphodelaceae_Asphodelus_ramosus/491af4d6-d505-4a7e-974d-890248aad63d.jpg,287,360,0,360,287,285,322,300,0.032745361328125,0.032623291015625,0.01555633544921875,0.014068603515625,0.01290130615234375,1,2,Branched Asphodel,ragged-Robin,Branched Asphodel,small camas,Texas Thistle,Leopard Lily
val/05948_Plantae_Tracheophyta_Liliopsida_Asparagales_Asphodelaceae_Asphodelus_ramosus/1da19830-de5a-4c52-9d2b-027829c3fbbd.jpg,287,214,0,214,194,207,287,169,0.0635986328125,0.062469482421875,0.0498046875,0.0439453125,0.023101806640625,1,4,Branched Asphodel,Downy Woodpecker,Henslow's Sparrow,Ash-throated Flycatcher,Branched Asphodel,Painted Bunting
val/05948_Plantae_Tracheophyta_Liliopsida_Asparagales_Asphodelaceae_Asphodelus_ramosus/580c9f66-7ab1-43bb-8dc4-887a152908d3.jpg,287,285,0,285,364,287,360,296,0.10675048828125,0.08056640625,0.0771484375,0.02972412109375,0.022003173828125,1,3,Branched Asphodel,small camas,alpine bistort,Branched Asphodel,ragged-Robin,Slender Ladies' Tresses
val/05952_Plantae_Tracheophyta_Liliopsida_Asparagales_Asphodelaceae_Phormium_cookianum/30ee42e0-d4a7-4fa0-be46-9278ce22040f.jpg,288,404,0,404,437,288,406,307,0.09429931640625,0.07940673828125,0.06951904296875,0.06341552734375,0.036712646484375,1,3,Mountain flax,California Wax Myrtle,Cassava,Mountain flax,American columbo,Annual Meadow-grass
val/05952_Plantae_Tracheophyta_Liliopsida_Asparagales_Asphodelaceae_Phormium_cookianum/f34182a5-2f9c-4e78-8ee1-52345bac0531.jpg,288,126,0,126,288,6,384,244,0.0224609375,0.0180511474609375,0.01715087890625,0.01519775390625,0.014373779296875,1,2,Mountain flax,Virile Crayfish,Mountain flax,Giant Desert Centipede,Red Heath,Green Iguana
val/05962_Plantae_Tracheophyta_Liliopsida_Asparagales_Iridaceae_Crocus_vernus/f2b7e8a2-ff7d-421c-9c5a-b201fe4d305a.jpg,289,12,0,12,457,391,301,289,0.07318115234375,0.035797119140625,0.02069091796875,0.018310546875,0.01824951171875,1,5,Spring Crocus,Hadda Beetle,eastern pasqueflower,longleaf phlox,snow trillium,Spring Crocus
val/05962_Plantae_Tracheophyta_Liliopsida_Asparagales_Iridaceae_Crocus_vernus/b3464385-f003-40a8-a186-965d1519aa6b.jpg,289,343,0,343,289,457,304,367,0.0228118896484375,0.0210113525390625,0.01776123046875,0.013214111328125,0.01251220703125,1,2,Spring Crocus,Sheep's-bit,Spring Crocus,eastern pasqueflower,Fingered Sedge,redshank
val/05962_Plantae_Tracheophyta_Liliopsida_Asparagales_Iridaceae_Crocus_vernus/cd786dbf-8547-4c2d-9a17-1e69303bcc53.jpg,289,457,0,457,289,301,70,357,0.058380126953125,0.03326416015625,0.021270751953125,0.019195556640625,0.0191497802734375,1,2,Spring Crocus,eastern pasqueflower,Spring Crocus,snow trillium,European Skipper,viviparous foxtail cactus
val/05962_Plantae_Tracheophyta_Liliopsida_Asparagales_Iridaceae_Crocus_vernus/aca62f2f-b1d5-4e59-81f7-458b87385f79.jpg,289,286,0,286,344,457,289,301,0.08428955078125,0.07269287109375,0.06524658203125,0.034332275390625,0.0261688232421875,1,4,Spring Crocus,Grape hyacinth,Salvation Jane,eastern pasqueflower,Spring Crocus,snow trillium
val/05962_Plantae_Tracheophyta_Liliopsida_Asparagales_Iridaceae_Crocus_vernus/91b07b98-0d5d-41b4-947f-9e8dd28aaf08.jpg,289,391,0,391,289,457,446,390,0.07470703125,0.0728759765625,0.034637451171875,0.030975341796875,0.02703857421875,1,2,Spring Crocus,longleaf phlox,Spring Crocus,eastern pasqueflower,rose evening primrose,Drummond's phlox
val/06005_Plantae_Tracheophyta_Liliopsida_Asparagales_Orchidaceae_Cephalanthera_rubra/86cb9849-8387-4008-a598-67ce3f04d2dc.jpg,290,295,0,295,290,391,416,360,0.06597900390625,0.055908203125,0.0171356201171875,0.0164337158203125,0.0160675048828125,1,2,Red Helleborine,Philippine Ground Orchid,Red Helleborine,longleaf phlox,woolly blue curls,ragged-Robin
val/06005_Plantae_Tracheophyta_Liliopsida_Asparagales_Orchidaceae_Cephalanthera_rubra/45525bf1-f830-43d4-9122-5dd0e10712d1.jpg,290,484,0,484,238,290,78,298,0.08251953125,0.0361328125,0.0305328369140625,0.022064208984375,0.0193023681640625,1,3,Red Helleborine,White Horse-nettle,Common Bronze-back,Red Helleborine,Marine Blue,scarlet fritillary
val/06005_Plantae_Tracheophyta_Liliopsida_Asparagales_Orchidaceae_Cephalanthera_rubra/3dce884c-27ea-4b14-a910-16bd8c6a258b.jpg,290,360,0,360,290,421,484,431,0.1549072265625,0.09600830078125,0.082763671875,0.068115234375,0.0670166015625,1,2,Red Helleborine,ragged-Robin,Red Helleborine,Red Odontites,White Horse-nettle,Dakota mock vervain
val/06005_Plantae_Tracheophyta_Liliopsida_Asparagales_Orchidaceae_Cephalanthera_rubra/1a3fa19f-6e93-4ccd-a0e7-76b50a82dd02.jpg,290,295,0,295,342,454,290,297,0.09716796875,0.07208251953125,0.06524658203125,0.0609130859375,0.05767822265625,1,4,Red Helleborine,Philippine Ground Orchid,California Harebell,common columbine,Red Helleborine,giant white fawn lily
val/06018_Plantae_Tracheophyta_Liliopsida_Asparagales_Orchidaceae_Dactylorhiza_fuchsii/d4b30171-98c1-42fe-9d1f-dcde75544408.jpg,291,415,0,415,419,291,360,285,0.12042236328125,0.10162353515625,0.09381103515625,0.07275390625,0.036224365234375,1,3,Common Spotted Orchid,Marsh Woundwort,Purple paintbrush,Common Spotted Orchid,ragged-Robin,small camas
val/06018_Plantae_Tracheophyta_Liliopsida_Asparagales_Orchidaceae_Dactylorhiza_fuchsii/1e522eff-c6a0-4015-893b-e688764d83da.jpg,291,347,0,347,291,409,412,410,0.049530029296875,0.048675537109375,0.036590576171875,0.0260772705078125,0.0241241455078125,1,2,Common Spotted Orchid,European Searocket,Common Spotted Orchid,Blue Bugle,spotted horse mint,carpet bugle
val/06018_Plantae_Tracheophyta_Liliopsida_Asparagales_Orchidaceae_Dactylorhiza_fuchsii/916c408c-2ca6-4839-9ba6-2e8d4d602bf4.jpg,291,364,0,364,396,291,367,417,0.1395263671875,0.07794189453125,0.057830810546875,0.043212890625,0.025177001953125,1,3,Common Spotted Orchid,alpine bistort,white sweet clover,Common Spotted Orchid,redshank,Lilac chaste tree
val/06018_Plantae_Tracheophyta_Liliopsida_Asparagales_Orchidaceae_Dactylorhiza_fuchsii/9ebe3c21-c51b-4bea-af1b-06bd72b0b745.jpg,291,412,0,412,360,291,415,409,0.03997802734375,0.0255279541015625,0.0214385986328125,0.0204925537109375,0.01629638671875,1,3,Common Spotted Orchid,spotted horse mint,ragged-Robin,Common Spotted Orchid,Marsh Woundwort,Blue Bugle
val/06018_Plantae_Tracheophyta_Liliopsida_Asparagales_Orchidaceae_Dactylorhiza_fuchsii/ae9e2a8f-c32d-422a-a6df-b0b4d2a6ed46.jpg,291,415,0,415,291,360,431,364,0.1519775390625,0.126708984375,0.039642333984375,0.036102294921875,0.0277252197265625,1,2,Common Spotted Orchid,Marsh Woundwort,Common Spotted Orchid,ragged-Robin,Dakota mock vervain,alpine bistort
val/06018_Plantae_Tracheophyta_Liliopsida_Asparagales_Orchidaceae_Dactylorhiza_fuchsii/f394f443-ede8-4139-a894-f7d160e298e8.jpg,291,360,0,360,324,285,291,440,0.0433349609375,0.023834228515625,0.02252197265625,0.0223541259765625,0.017852783203125,1,4,Common Spotted Orchid,ragged-Robin,tropical horseweed,small camas,Common Spotted Orchid,Grey Willow
val/06018_Plantae_Tracheophyta_Liliopsida_Asparagales_Orchidaceae_Dactylorhiza_fuchsii/ce88e10b-ab81-4218-9960-329b81d66168.jpg,291,431,0,431,415,291,363,427,0.079833984375,0.07440185546875,0.055938720703125,0.040130615234375,0.039825439453125,1,3,Common Spotted Orchid,Dakota mock vervain,Marsh Woundwort,Common Spotted Orchid,Perez's sea lavender,Butterfly bush
val/06042_Plantae_Tracheophyta_Liliopsida_Asparagales_Orchidaceae_Goodyera_tesselata/e57372c1-46f5-4ba1-8df6-f06d950f7962.jpg,292,420,0,420,292,392,315,389,0.1258544921875,0.053192138671875,0.0501708984375,0.04559326171875,0.040771484375,1,2,checkered rattlesnake plantain,Beechdrops,checkered rattlesnake plantain,pygmy-flower rock-jasmine,dwarf ginseng,flaxflowered ipomopsis
val/06094_Plantae_Tracheophyta_Liliopsida_Asparagales_Orchidaceae_Spathoglottis_plicata/858e0481-ea7a-4224-a0dc-d6a6063e2839.jpg,295,391,0,391,446,295,347,414,0.0743408203125,0.026275634765625,0.0177764892578125,0.015869140625,0.01328277587890625,1,3,Philippine Ground Orchid,longleaf phlox,rose evening primrose,Philippine Ground Orchid,European Searocket,chia
val/06094_Plantae_Tracheophyta_Liliopsida_Asparagales_Orchidaceae_Spathoglottis_plicata/357ce59a-19e2-4c5b-8594-cc4c9ee8df12.jpg,295,391,0,391,390,446,486,295,0.127685546875,0.12445068359375,0.0972900390625,0.064208984375,0.046142578125,1,5,Philippine Ground Orchid,longleaf phlox,Drummond's phlox,rose evening primrose,Pima Rhatany,Philippine Ground Orchid
val/06094_Plantae_Tracheophyta_Liliopsida_Asparagales_Orchidaceae_Spathoglottis_plicata/644b92da-3219-4177-8aff-a263e42f4c5f.jpg,295,415,0,415,295,390,391,435,0.161865234375,0.026641845703125,0.0150909423828125,0.0131378173828125,0.01139068603515625,1,2,Philippine Ground Orchid,Marsh Woundwort,Philippine Ground Orchid,Drummond's phlox,longleaf phlox,Tropic Croton
val/06097_Plantae_Tracheophyta_Liliopsida_Asparagales_Orchidaceae_Spiranthes_lacera/0519cb85-3803-4e66-976b-c8f4be02b480.jpg,296,309,0,309,364,282,296,115,0.28857421875,0.0843505859375,0.029541015625,0.0208740234375,0.0188751220703125,1,4,Slender Ladies' Tresses,Saint Augustine grass,alpine bistort,spring spiderlily,Slender Ladies' Tresses,Owly Sulphur
val/06097_Plantae_Tracheophyta_Liliopsida_Asparagales_Orchidaceae_Spiranthes_lacera/75e5ba97-267d-48aa-a4ab-8100e5552c80.jpg,296,421,0,421,396,420,416,296,0.09161376953125,0.050567626953125,0.0266571044921875,0.0209197998046875,0.0207366943359375,1,5,Slender Ladies' Tresses,Red Odontites,white sweet clover,Beechdrops,woolly blue curls,Slender Ladies' Tresses
val/06097_Plantae_Tracheophyta_Liliopsida_Asparagales_Orchidaceae_Spiranthes_lacera/16af1798-f4de-4257-84d3-afbe66f82186.jpg,296,364,0,364,421,296,304,24,0.27001953125,0.12225341796875,0.083984375,0.053619384765625,0.0279693603515625,1,3,Slender Ladies' Tresses,alpine bistort,Red Odontites,Slender Ladies' Tresses,Fingered Sedge,Hemlock Woolly Adelgid
val/06157_Plantae_Tracheophyta_Liliopsida_Liliales_Liliaceae_Erythronium_oregonum/7ade8aad-db62-40f0-aa3d-47643e2e94fb.jpg,297,455,0,455,462,297,467,289,0.029571533203125,0.02801513671875,0.017425537109375,0.01470947265625,0.014678955078125,1,3,giant white fawn lily,Swamp Leather Flower,dwarf cinquefoil,giant white fawn lily,Rubus schmidelioides,Spring Crocus
val/06157_Plantae_Tracheophyta_Liliopsida_Liliales_Liliaceae_Erythronium_oregonum/cef5f697-33e8-4200-9c67-04c2ec84d5f3.jpg,297,406,0,406,439,353,290,297,0.050201416015625,0.04168701171875,0.0194854736328125,0.0176239013671875,0.0166168212890625,1,5,giant white fawn lily,American columbo,bebb's willow,Mignonette vine,Red Helleborine,giant white fawn lily
val/06165_Plantae_Tracheophyta_Liliopsida_Liliales_Liliaceae_Fritillaria_recurva/2b4eb1f5-c349-404c-8198-343c6624bf5d.jpg,298,88,0,88,423,298,481,70,0.039306640625,0.0240020751953125,0.01430511474609375,0.01340484619140625,0.012451171875,1,3,scarlet fritillary,Julia Butterfly,scarlet monkeyflower,scarlet fritillary,red morning glory,European Skipper
val/06165_Plantae_Tracheophyta_Liliopsida_Liliales_Liliaceae_Fritillaria_recurva/eaf9931b-3e42-467d-94fb-395dc1c8d934.jpg,298,424,0,424,423,298,481,390,0.0269012451171875,0.0210723876953125,0.02081298828125,0.0195770263671875,0.019012451171875,1,3,scarlet fritillary,American lopseed,scarlet monkeyflower,scarlet fritillary,red morning glory,Drummond's phlox
val/06168_Plantae_Tracheophyta_Liliopsida_Liliales_Liliaceae_Lilium_bulbiferum/a662829c-90a3-414d-ae7e-c0994981b5d1.jpg,299,374,0,374,299,88,170,269,0.1597900390625,0.0316162109375,0.0308074951171875,0.0254669189453125,0.0207366943359375,1,2,fire lily,Streambank Stickleaf,fire lily,Julia Butterfly,Yellow Grosbeak,Peppery Bolete
val/06176_Plantae_Tracheophyta_Liliopsida_Liliales_Liliaceae_Lilium_pardalinum/103dcfa8-95e3-4a58-bd18-f29ed9b8cf52.jpg,300,305,0,305,26,472,300,287,0.0193328857421875,0.0173797607421875,0.0163116455078125,0.01422882080078125,0.01419830322265625,1,4,Leopard Lily,common three-square,Western Leaf-footed Bug,desert mistletoe,Leopard Lily,Branched Asphodel
val/06202_Plantae_Tracheophyta_Liliopsida_Liliales_Melanthiaceae_Trillium_nivale/9b34d7ab-6d22-4234-96c4-5359f7fba06f.jpg,301,315,0,315,301,303,317,292,0.0972900390625,0.09375,0.0302276611328125,0.024627685546875,0.0204925537109375,1,2,snow trillium,dwarf ginseng,snow trillium,sawbrier,American holly,checkered rattlesnake plantain
val/06206_Plantae_Tracheophyta_Liliopsida_Liliales_Melanthiaceae_Trillium_undulatum/6a29dadb-e451-402f-9a34-c8c58211b692.jpg,302,301,0,301,315,302,332,388,0.1094970703125,0.057342529296875,0.047821044921875,0.0391845703125,0.0289764404296875,1,3,painted trillium,snow trillium,dwarf ginseng,painted trillium,white rattlesnakeroot,black huckleberry
val/06206_Plantae_Tracheophyta_Liliopsida_Liliales_Melanthiaceae_Trillium_undulatum/b03e14fa-5976-4a6b-b3e8-8d6892132702.jpg,302,423,0,423,481,12,302,444,0.055755615234375,0.052734375,0.0389404296875,0.0196380615234375,0.0169525146484375,1,4,painted trillium,scarlet monkeyflower,red morning glory,Hadda Beetle,painted trillium,Island Mallow
val/06238_Plantae_Tracheophyta_Liliopsida_Poales_Cyperaceae_Carex_digitata/528c8915-5d07-44af-bf1d-68762c877a26.jpg,304,392,0,392,304,310,309,305,0.0479736328125,0.03485107421875,0.018341064453125,0.015960693359375,0.015625,1,2,Fingered Sedge,pygmy-flower rock-jasmine,Fingered Sedge,Kangaroo Grass,Saint Augustine grass,common three-square
val/06238_Plantae_Tracheophyta_Liliopsida_Poales_Cyperaceae_Carex_digitata/3cc29890-3423-4db3-88f3-1dbd2488dd0f.jpg,304,282,0,282,464,457,304,339,0.036163330078125,0.034210205078125,0.0242919921875,0.023406982421875,0.0229339599609375,1,4,Fingered Sedge,spring spiderlily,sand cherry,eastern pasqueflower,Fingered Sedge,prickly sowthistle
val/06295_Plantae_Tracheophyta_Liliopsida_Poales_Cyperaceae_Schoenoplectus_pungens/1103a81b-0e45-4248-b039-71c261215b6e.jpg,305,30,0,30,125,123,305,11,0.035430908203125,0.03070068359375,0.0299835205078125,0.023468017578125,0.0200653076171875,1,4,common three-square,Brown Marmorated Stink Bug,Long-winged Conehead,Marsh meadow grasshopper,common three-square,False Potato Beetle
val/06295_Plantae_Tracheophyta_Liliopsida_Poales_Cyperaceae_Schoenoplectus_pungens/6094051c-686c-47f3-a84d-55d425e16ac2.jpg,305,401,0,401,364,343,421,305,0.053314208984375,0.047515869140625,0.046142578125,0.032318115234375,0.0276336669921875,1,5,common three-square,Yellow milkwort,alpine bistort,Sheep's-bit,Red Odontites,common three-square
val/06295_Plantae_Tracheophyta_Liliopsida_Poales_Cyperaceae_Schoenoplectus_pungens/451914f1-6122-4663-85a6-2f832cbd8a21.jpg,305,78,0,78,305,392,287,383,0.06524658203125,0.05645751953125,0.049346923828125,0.020111083984375,0.0174713134765625,1,2,common three-square,Marine Blue,common three-square,pygmy-flower rock-jasmine,Branched Asphodel,Inaka
val/06407_Plantae_Tracheophyta_Liliopsida_Poales_Poaceae_Paspalum_dilatatum/a458cbbc-f235-4f84-82b5-9b253af208aa.jpg,306,326,0,326,324,306,320,396,0.03240966796875,0.017181396484375,0.016693115234375,0.0163116455078125,0.0159454345703125,1,3,Dallis grass,dogfennel,tropical horseweed,Dallis grass,common mugwort,white sweet clover
val/06407_Plantae_Tracheophyta_Liliopsida_Poales_Poaceae_Paspalum_dilatatum/355a838f-24b0-4830-be2d-3835fd70aca5.jpg,306,125,0,125,28,337,306,121,0.10955810546875,0.039215087890625,0.033203125,0.0227813720703125,0.0196533203125,1,4,Dallis grass,Long-winged Conehead,Alfalfa Plant Bug,prairie dock,Dallis grass,Small Spreadwing
val/06416_Plantae_Tracheophyta_Liliopsida_Poales_Poaceae_Poa_annua/372f0738-a6c4-471b-ad80-bf4ba2b5fabd.jpg,307,368,0,368,361,307,309,392,0.041656494140625,0.0335693359375,0.0297088623046875,0.0272979736328125,0.020721435546875,1,3,Annual Meadow-grass,prostrate knotweed,lesser stitchwort,Annual Meadow-grass,Saint Augustine grass,pygmy-flower rock-jasmine
val/06416_Plantae_Tracheophyta_Liliopsida_Poales_Poaceae_Poa_annua/9019bddd-2bac-4e28-a168-fc7522a00b72.jpg,307,309,0,309,307,361,241,296,0.0716552734375,0.059783935546875,0.050048828125,0.045379638671875,0.037628173828125,1,2,Annual Meadow-grass,Saint Augustine grass,Annual Meadow-grass,lesser stitchwort,Aesculapian Snake,Slender Ladies' Tresses
val/06416_Plantae_Tracheophyta_Liliopsida_Poales_Poaceae_Poa_annua/ffd106b9-0a10-470e-890b-b6c23e46b963.jpg,307,361,0,361,415,431,307,360,0.0626220703125,0.05792236328125,0.056915283203125,0.041717529296875,0.03582763671875,1,4,Annual Meadow-grass,lesser stitchwort,Marsh Woundwort,Dakota mock vervain,Annual Meadow-grass,ragged-Robin
val/06425_Plantae_Tracheophyta_Liliopsida_Poales_Poaceae_Setaria_viridis/72c2ec11-9419-4caa-8d45-cfb0aec0f92a.jpg,308,440,0,440,308,471,494,305,0.05487060546875,0.05230712890625,0.0305328369140625,0.01517486572265625,0.01473236083984375,1,2,Green Bristle Grass,Grey Willow,Green Bristle Grass,Dwarf Nettle,Hen and Chicks Fern,common three-square
val/06425_Plantae_Tracheophyta_Liliopsida_Poales_Poaceae_Setaria_viridis/60dff11a-ab34-4dea-baff-80a05cebec7f.jpg,308,311,0,311,462,384,308,494,0.02239990234375,0.015899658203125,0.013641357421875,0.01312255859375,0.0128326416015625,1,4,Green Bristle Grass,princess pine,dwarf cinquefoil,Red Heath,Green Bristle Grass,Hen and Chicks Fern
val/06425_Plantae_Tracheophyta_Liliopsida_Poales_Poaceae_Setaria_viridis/6a75a00a-c6f6-4b07-8134-b3ab834e3592.jpg,308,121,0,121,440,117,125,308,0.05975341796875,0.036102294921875,0.0211639404296875,0.015045166015625,0.014678955078125,1,5,Green Bristle Grass,Small Spreadwing,Grey Willow,Common Blue Damselfly,Long-winged Conehead,Green Bristle Grass
val/06431_Plantae_Tracheophyta_Liliopsida_Poales_Poaceae_Stenotaphrum_secundatum/b2195c56-b4b7-4339-90ac-951ea074bf8e.jpg,309,368,0,368,309,307,340,306,0.2125244140625,0.150146484375,0.07049560546875,0.03863525390625,0.031402587890625,1,2,Saint Augustine grass,prostrate knotweed,Saint Augustine grass,Annual Meadow-grass,common dandelion,Dallis grass
val/06431_Plantae_Tracheophyta_Liliopsida_Poales_Poaceae_Stenotaphrum_secundatum/d62f29d7-f878-45ac-94a1-6577482bc7b4.jpg,309,435,0,435,307,368,309,403,0.0906982421875,0.051300048828125,0.0228729248046875,0.019134521484375,0.0180511474609375,1,4,Saint Augustine grass,Tropic Croton,Annual Meadow-grass,prostrate knotweed,Saint Augustine grass,willow oak
val/06433_Plantae_Tracheophyta_Liliopsida_Poales_Poaceae_Themeda_triandra/88ef881a-dfd4-4eec-a555-a75929f41f4b.jpg,310,480,0,480,125,310,287,29,0.043792724609375,0.026947021484375,0.0257415771484375,0.0252685546875,0.01873779296875,1,3,Kangaroo Grass,youth on age,Long-winged Conehead,Kangaroo Grass,Branched Asphodel,European Striped Shield Bug
val/06433_Plantae_Tracheophyta_Liliopsida_Poales_Poaceae_Themeda_triandra/e6850439-865a-40d4-94e3-9263d8a4fef1.jpg,310,383,0,383,310,282,279,288,0.1912841796875,0.13330078125,0.0926513671875,0.049713134765625,0.019317626953125,1,2,Kangaroo Grass,Inaka,Kangaroo Grass,spring spiderlily,longleaf ephedra,Mountain flax
val/06461_Plantae_Tracheophyta_Lycopodiopsida_Lycopodiales_Lycopodiaceae_Dendrolycopodium_obscurum/90aedbc5-4338-4393-bb88-0ef33926c3f4.jpg,311,451,0,451,422,311,494,471,0.046844482421875,0.0394287109375,0.03253173828125,0.031829833984375,0.029754638671875,1,3,princess pine,black cohosh,Indian Warrior,princess pine,Hen and Chicks Fern,Dwarf Nettle
val/06461_Plantae_Tracheophyta_Lycopodiopsida_Lycopodiales_Lycopodiaceae_Dendrolycopodium_obscurum/a97da8ae-9d8f-4491-8910-470251fe92cc.jpg,311,276,0,276,488,311,451,496,0.07366943359375,0.039764404296875,0.03558349609375,0.03350830078125,0.0290069580078125,1,3,princess pine,delicate fern moss,baldcypress,princess pine,black cohosh,brittle bladderfern
val/06492_Plantae_Tracheophyta_Magnoliopsida_Apiales_Apiaceae_Chaerophyllum_aromaticum/b7637782-9ee9-4e9d-b63e-f52e470d8caa.jpg,312,314,0,314,312,336,456,453,0.04547119140625,0.035003662109375,0.034393310546875,0.034393310546875,0.0191192626953125,1,2,Broad-leaved Chervil,Japanese aralia,Broad-leaved Chervil,Woad-leaved ragwort,Virginia virgin's-bower,meadow anemone
val/06492_Plantae_Tracheophyta_Magnoliopsida_Apiales_Apiaceae_Chaerophyllum_aromaticum/19d3db26-1f94-4662-8159-2d00aff81cc7.jpg,312,345,0,345,406,315,312,388,0.0677490234375,0.0237274169921875,0.0236358642578125,0.02197265625,0.02142333984375,1,4,Broad-leaved Chervil,broadleaf forget-me-not,American columbo,dwarf ginseng,Broad-leaved Chervil,black huckleberry
val/06543_Plantae_Tracheophyta_Magnoliopsida_Apiales_Apiaceae_Torilis_japonica/cc8b93dc-a269-428e-999f-870f024678e3.jpg,313,426,0,426,313,444,465,359,0.056121826171875,0.050323486328125,0.042022705078125,0.034027099609375,0.0321044921875,1,2,upright hedge-parsley,Slender speedwell,upright hedge-parsley,Island Mallow,Blackthorn,Sea Sandwort
val/06554_Plantae_Tracheophyta_Magnoliopsida_Apiales_Araliaceae_Fatsia_japonica/d62e4967-a033-4f41-b74f-098491522ce3.jpg,314,324,0,324,434,314,406,439,0.03350830078125,0.0268096923828125,0.01837158203125,0.0172576904296875,0.01549530029296875,1,3,Japanese aralia,tropical horseweed,common copperleaf,Japanese aralia,American columbo,bebb's willow
val/06554_Plantae_Tracheophyta_Magnoliopsida_Apiales_Araliaceae_Fatsia_japonica/080f4998-aa12-4ee0-915a-e800c93ed21b.jpg,314,379,0,379,314,445,437,209,0.049957275390625,0.041595458984375,0.03546142578125,0.0267486572265625,0.02337646484375,1,2,Japanese aralia,strawberry tree,Japanese aralia,Cherry Tree,Cassava,Indian White-eye
val/06554_Plantae_Tracheophyta_Magnoliopsida_Apiales_Araliaceae_Fatsia_japonica/f487123c-d6d3-480f-9e2c-947ce228615a.jpg,314,443,0,443,464,337,314,398,0.038665771484375,0.02264404296875,0.0221405029296875,0.0217132568359375,0.0206146240234375,1,4,Japanese aralia,velvetleaf,sand cherry,prairie dock,Japanese aralia,black locust
val/06562_Plantae_Tracheophyta_Magnoliopsida_Apiales_Araliaceae_Panax_trifolius/aa34746e-47a9-4b06-b69e-2fb47d92daae.jpg,315,47,0,47,476,432,466,315,0.0233917236328125,0.021636962890625,0.0197906494140625,0.018798828125,0.0157012939453125,1,5,dwarf ginseng,Volupial Pyrausta Moth,Red Buckeye,common pawpaw,Himalayan-berry,dwarf ginseng
val/06562_Plantae_Tracheophyta_Magnoliopsida_Apiales_Araliaceae_Panax_trifolius/1c26c4ab-d514-4a0c-aeba-10fdbb8f27da.jpg,315,75,0,75,331,315,41,361,0.031768798828125,0.0302581787109375,0.0233154296875,0.0215911865234375,0.01305389404296875,1,3,dwarf ginseng,Spring Azure,Snow Squarestem,dwarf ginseng,Common Thread-waisted Wasp,lesser stitchwort
val/06562_Plantae_Tracheophyta_Magnoliopsida_Apiales_Araliaceae_Panax_trifolius/7cb48f31-b883-4844-8164-6793d0235a6c.jpg,315,435,0,435,315,345,12,425,0.045654296875,0.043365478515625,0.0276031494140625,0.0254058837890625,0.0198516845703125,1,2,dwarf ginseng,Tropic Croton,dwarf ginseng,broadleaf forget-me-not,Hadda Beetle,American brooklime
val/06568_Plantae_Tracheophyta_Magnoliopsida_Apiales_Araliaceae_Schefflera_actinophylla/0a31fb2d-db56-429a-b607-fa5e341412eb.jpg,316,445,0,445,379,316,461,476,0.07708740234375,0.055633544921875,0.054779052734375,0.054229736328125,0.029144287109375,1,3,Octopus Tree,Cherry Tree,strawberry tree,Octopus Tree,Loquat,Red Buckeye
val/06568_Plantae_Tracheophyta_Magnoliopsida_Apiales_Araliaceae_Schefflera_actinophylla/15fe1c80-faac-4cd2-8edf-f76fe2dc620c.jpg,316,352,0,352,379,398,459,316,0.07586669921875,0.0419921875,0.041748046875,0.034759521484375,0.022674560546875,1,5,Octopus Tree,Mexican tea,strawberry tree,black locust,Korean mulberry,Octopus Tree
val/06585_Plantae_Tracheophyta_Magnoliopsida_Aquifoliales_Aquifoliaceae_Ilex_opaca/7a9750ec-4768-4dbf-a8ea-ebd49170d0e3.jpg,317,433,0,433,408,402,388,317,0.1378173828125,0.07763671875,0.040863037109375,0.0333251953125,0.028778076171875,1,5,American holly,umbrella magnolia,Kanono,swamp chestnut oak,black huckleberry,American holly
val/06590_Plantae_Tracheophyta_Magnoliopsida_Asterales_Asteraceae_Achillea_millefolium/f80a38cf-84ac-4721-bfdb-e9636aedc414.jpg,318,313,0,313,431,318,364,291,0.1510009765625,0.09088134765625,0.06536865234375,0.04010009765625,0.031524658203125,1,3,common yarrow,upright hedge-parsley,Dakota mock vervain,common yarrow,alpine bistort,Common Spotted Orchid
val/06590_Plantae_Tracheophyta_Magnoliopsida_Asterales_Asteraceae_Achillea_millefolium/70d6046b-025b-40f0-9c69-562f2723bbc9.jpg,318,340,0,340,343,318,329,414,0.03466796875,0.0236663818359375,0.0190887451171875,0.016510009765625,0.015838623046875,1,3,common yarrow,common dandelion,Sheep's-bit,common yarrow,Old Plainsman,chia
val/06609_Plantae_Tracheophyta_Magnoliopsida_Asterales_Asteraceae_Ambrosia_salsola/8d1f89cc-5f36-40db-bc2e-2a399c313d85.jpg,319,278,0,278,319,261,365,468,0.72412109375,0.08026123046875,0.0203399658203125,0.0111236572265625,0.0078887939453125,1,2,common burrobrush,Flat-leaved Scalewort,common burrobrush,scaly pelt lichen,skeleton weed,American elm
val/06609_Plantae_Tracheophyta_Magnoliopsida_Asterales_Asteraceae_Ambrosia_salsola/54817b78-1309-42ca-b7ea-fd1873e4b6f9.jpg,319,320,0,320,306,319,381,329,0.259765625,0.04766845703125,0.04364013671875,0.03619384765625,0.0279388427734375,1,3,common burrobrush,common mugwort,Dallis grass,common burrobrush,common heather,Old Plainsman
val/06639_Plantae_Tracheophyta_Magnoliopsida_Asterales_Asteraceae_Artemisia_vulgaris/a665bb58-15e1-4123-b560-430c5df7c52d.jpg,320,396,0,396,287,364,320,306,0.2381591796875,0.104248046875,0.055694580078125,0.042877197265625,0.032684326171875,1,4,common mugwort,white sweet clover,Branched Asphodel,alpine bistort,common mugwort,Dallis grass
val/06639_Plantae_Tracheophyta_Magnoliopsida_Asterales_Asteraceae_Artemisia_vulgaris/cbf3111b-44ff-45d8-9126-e3b9f6d409a9.jpg,320,326,0,326,320,396,406,417,0.263671875,0.042938232421875,0.0423583984375,0.035064697265625,0.027679443359375,1,2,common mugwort,dogfennel,common mugwort,white sweet clover,American columbo,Lilac chaste tree
val/06639_Plantae_Tracheophyta_Magnoliopsida_Asterales_Asteraceae_Artemisia_vulgaris/d96f3ea4-d28f-43e7-be54-6e48cba8fd2c.jpg,320,458,0,458,320,337,406,312,0.04119873046875,0.0275115966796875,0.020233154296875,0.017578125,0.0166473388671875,1,2,common mugwort,meadow buttercup,common mugwort,prairie dock,American columbo,Broad-leaved Chervil
val/06655_Plantae_Tracheophyta_Magnoliopsida_Asterales_Asteraceae_Bidens_aristosa/9cfc87ff-f4f5-46c3-bd7b-84d36f3045aa.jpg,321,328,0,328,321,452,401,327,0.20751953125,0.1085205078125,0.10394287109375,0.05877685546875,0.0479736328125,1,2,tickseed beggar-ticks,Bitterweed,tickseed beggar-ticks,Spring Adonis,Yellow milkwort,great blanketflower
val/06655_Plantae_Tracheophyta_Magnoliopsida_Asterales_Asteraceae_Bidens_aristosa/cf6e15c3-9e3b-4c06-81c2-3b43758b3116.jpg,321,334,0,334,323,328,321,438,0.60009765625,0.07659912109375,0.062255859375,0.061553955078125,0.044677734375,1,4,tickseed beggar-ticks,Great Plains Ragwort,narrow-leaved hawksbeard,Bitterweed,tickseed beggar-ticks,Klamath weed
val/06655_Plantae_Tracheophyta_Magnoliopsida_Asterales_Asteraceae_Bidens_aristosa/8dd71028-b6a1-4d0d-9f73-6661d626be9e.jpg,321,22,0,22,63,15,321,8,0.048919677734375,0.046173095703125,0.029693603515625,0.02374267578125,0.0158233642578125,1,4,tickseed beggar-ticks,Transverse-banded Flower Fly,Least Skipper,Oedemera femorata,tickseed beggar-ticks,Goldenrod Soldier Beetle
val/06655_Plantae_Tracheophyta_Magnoliopsida_Asterales_Asteraceae_Bidens_aristosa/41a732b9-cb68-49a0-a598-79aea3791494.jpg,321,438,0,438,321,334,323,328,0.1441650390625,0.12335205078125,0.1163330078125,0.10614013671875,0.04840087890625,1,2,tickseed beggar-ticks,Klamath weed,tickseed beggar-ticks,Great Plains Ragwort,narrow-leaved hawksbeard,Bitterweed
val/06655_Plantae_Tracheophyta_Magnoliopsida_Asterales_Asteraceae_Bidens_aristosa/b288535b-0b36-486f-a291-490f7f9f8723.jpg,321,334,0,334,321,328,458,438,0.381103515625,0.111328125,0.04534912109375,0.042266845703125,0.0303192138671875,1,2,tickseed beggar-ticks,Great Plains Ragwort,tickseed beggar-ticks,Bitterweed,meadow buttercup,Klamath weed
val/06655_Plantae_Tracheophyta_Magnoliopsida_Asterales_Asteraceae_Bidens_aristosa/cf948c2a-0b73-4fcd-af60-cbb006a0f60f.jpg,321,323,0,323,328,397,321,374,0.131103515625,0.06866455078125,0.0394287109375,0.024200439453125,0.0164337158203125,1,4,tickseed beggar-ticks,narrow-leaved hawksbeard,Bitterweed,Common Flat-pea,tickseed beggar-ticks,Streambank Stickleaf
val/06655_Plantae_Tracheophyta_Magnoliopsida_Asterales_Asteraceae_Bidens_aristosa/9608bcaf-24a9-4970-b76a-bb7c64099f4c.jpg,321,458,0,458,452,442,321,429,0.0214996337890625,0.018707275390625,0.0153961181640625,0.0121917724609375,0.0095367431640625,1,4,tickseed beggar-ticks,meadow buttercup,Spring Adonis,Round-leaved Violet,tickseed beggar-ticks,Wand Mullein
val/06734_Plantae_Tracheophyta_Magnoliopsida_Asterales_Asteraceae_Crepis_tectorum/d5290993-d0a6-4148-8d35-2e4130ec2dcf.jpg,323,341,0,341,401,323,321,16,0.027496337890625,0.0207366943359375,0.016357421875,0.0162811279296875,0.0146026611328125,1,3,narrow-leaved hawksbeard,tree marigold,Yellow milkwort,narrow-leaved hawksbeard,tickseed beggar-ticks,Kern's Flower Scarab
val/06734_Plantae_Tracheophyta_Magnoliopsida_Asterales_Asteraceae_Crepis_tectorum/fd3605d3-d97e-4b62-8b9a-b7328da72126.jpg,323,438,0,438,323,334,328,452,0.134765625,0.10931396484375,0.06256103515625,0.046844482421875,0.0435791015625,1,2,narrow-leaved hawksbeard,Klamath weed,narrow-leaved hawksbeard,Great Plains Ragwort,Bitterweed,Spring Adonis
val/06734_Plantae_Tracheophyta_Magnoliopsida_Asterales_Asteraceae_Crepis_tectorum/390b4c3b-da07-4560-a077-2ab84aa5aab0.jpg,323,365,0,365,102,323,362,414,0.095947265625,0.046600341796875,0.040191650390625,0.033721923828125,0.0230712890625,1,3,narrow-leaved hawksbeard,skeleton weed,Buck Moth,narrow-leaved hawksbeard,Small-leaved Blinks,chia
val/06734_Plantae_Tracheophyta_Magnoliopsida_Asterales_Asteraceae_Crepis_tectorum/79df91c8-7a7a-420c-afcf-fb3a3424c5f9.jpg,323,334,0,334,328,323,458,321,0.06561279296875,0.04058837890625,0.0318603515625,0.0267181396484375,0.01555633544921875,1,3,narrow-leaved hawksbeard,Great Plains Ragwort,Bitterweed,narrow-leaved hawksbeard,meadow buttercup,tickseed beggar-ticks
val/06779_Plantae_Tracheophyta_Magnoliopsida_Asterales_Asteraceae_Erigeron_sumatrensis/2cbaaea6-3d7b-4977-8efc-8e4acc1fa348.jpg,324,352,0,352,404,448,311,324,0.060211181640625,0.05859375,0.041229248046875,0.040679931640625,0.034637451171875,1,5,tropical horseweed,Mexican tea,California Wax Myrtle,Coastal Banksia,princess pine,tropical horseweed
val/06779_Plantae_Tracheophyta_Magnoliopsida_Asterales_Asteraceae_Erigeron_sumatrensis/110fdc70-04cf-4c88-b88c-56c81ec229aa.jpg,324,406,0,406,324,464,282,457,0.2283935546875,0.150146484375,0.031829833984375,0.0272369384765625,0.0264892578125,1,2,tropical horseweed,American columbo,tropical horseweed,sand cherry,spring spiderlily,eastern pasqueflower
val/06785_Plantae_Tracheophyta_Magnoliopsida_Asterales_Asteraceae_Eupatorium_altissimum/61242b93-c082-41cc-b150-8b4ff6926a6e.jpg,325,406,0,406,396,325,326,441,0.2734375,0.1348876953125,0.04998779296875,0.04193115234375,0.03900146484375,1,3,tall boneset,American columbo,white sweet clover,tall boneset,dogfennel,black willow
val/06785_Plantae_Tracheophyta_Magnoliopsida_Asterales_Asteraceae_Eupatorium_altissimum/5e41a658-9dfa-41ff-8bd2-28928b297eea.jpg,325,396,0,396,325,464,406,399,0.0950927734375,0.0860595703125,0.053985595703125,0.04644775390625,0.0252685546875,1,2,tall boneset,white sweet clover,tall boneset,sand cherry,American columbo,California goldenbanner
val/06787_Plantae_Tracheophyta_Magnoliopsida_Asterales_Asteraceae_Eupatorium_capillifolium/58a722c8-7d42-4239-bd21-d43ca5331f51.jpg,326,396,0,396,326,284,458,337,0.135986328125,0.07305908203125,0.039642333984375,0.029815673828125,0.0272064208984375,1,2,dogfennel,white sweet clover,dogfennel,asparagus,meadow buttercup,prairie dock
val/06787_Plantae_Tracheophyta_Magnoliopsida_Asterales_Asteraceae_Eupatorium_capillifolium/1f595684-d2b2-412b-95f6-fc0494d52abb.jpg,326,490,0,490,326,284,320,489,0.1522216796875,0.1507568359375,0.0416259765625,0.025115966796875,0.0180206298828125,1,2,dogfennel,white fir,dogfennel,asparagus,common mugwort,Montezuma cypress
val/06787_Plantae_Tracheophyta_Magnoliopsida_Asterales_Asteraceae_Eupatorium_capillifolium/6c05065b-da6b-4935-b801-63bc98bae99f.jpg,326,490,0,490,326,387,320,284,0.13525390625,0.068603515625,0.046142578125,0.036834716796875,0.035430908203125,1,2,dogfennel,white fir,dogfennel,Prickly mingimingi,common mugwort,asparagus
val/06800_Plantae_Tracheophyta_Magnoliopsida_Asterales_Asteraceae_Gaillardia_aristata/9ba1a677-5d63-49cf-bd69-aaf7ccee649b.jpg,327,328,0,328,327,323,321,341,0.1826171875,0.1461181640625,0.13623046875,0.0509033203125,0.03851318359375,1,2,great blanketflower,Bitterweed,great blanketflower,narrow-leaved hawksbeard,tickseed beggar-ticks,tree marigold
val/06818_Plantae_Tracheophyta_Magnoliopsida_Asterales_Asteraceae_Helenium_amarum/d9bd3ebc-c459-41a1-bf10-c3faf781f433.jpg,328,334,0,334,438,328,338,321,0.19580078125,0.06005859375,0.049224853515625,0.034149169921875,0.033111572265625,1,3,Bitterweed,Great Plains Ragwort,Klamath weed,Bitterweed,common wrinkle-leaved goldenrod,tickseed beggar-ticks
val/06818_Plantae_Tracheophyta_Magnoliopsida_Asterales_Asteraceae_Helenium_amarum/798535c3-bb1d-4a4b-ae33-2f664910be3c.jpg,328,334,0,334,328,323,438,452,0.1636962890625,0.129150390625,0.10321044921875,0.0421142578125,0.03863525390625,1,2,Bitterweed,Great Plains Ragwort,Bitterweed,narrow-leaved hawksbeard,Klamath weed,Spring Adonis
val/06818_Plantae_Tracheophyta_Magnoliopsida_Asterales_Asteraceae_Helenium_amarum/fd1e2f25-9fe7-4922-837c-09c0574906c1.jpg,328,323,0,323,328,327,321,341,0.1802978515625,0.1719970703125,0.1541748046875,0.07073974609375,0.0496826171875,1,2,Bitterweed,narrow-leaved hawksbeard,Bitterweed,great blanketflower,tickseed beggar-ticks,tree marigold
val/06843_Plantae_Tracheophyta_Magnoliopsida_Asterales_Asteraceae_Hymenopappus_artemisiifolius/b47f42de-72fe-44f4-b6cc-e9421b09aea1.jpg,329,415,0,415,313,478,347,329,0.10992431640625,0.076416015625,0.0302581787109375,0.0211029052734375,0.020477294921875,1,5,Old Plainsman,Marsh Woundwort,upright hedge-parsley,western roseroot,European Searocket,Old Plainsman
val/06843_Plantae_Tracheophyta_Magnoliopsida_Asterales_Asteraceae_Hymenopappus_artemisiifolius/c80fa810-5148-434c-a60e-1f356ce7a0ff.jpg,329,8,0,8,329,318,9,40,0.176513671875,0.1253662109375,0.07574462890625,0.0687255859375,0.0232391357421875,1,2,Old Plainsman,Goldenrod Soldier Beetle,Old Plainsman,common yarrow,Spotted Longhorn,Metallic Epauletted-Sweat Bee
val/06843_Plantae_Tracheophyta_Magnoliopsida_Asterales_Asteraceae_Hymenopappus_artemisiifolius/7b749ab5-2096-4884-8a55-763a5ad592ce.jpg,329,313,0,313,329,478,414,431,0.10748291015625,0.09356689453125,0.09228515625,0.044189453125,0.03680419921875,1,2,Old Plainsman,upright hedge-parsley,Old Plainsman,western roseroot,chia,Dakota mock vervain
val/06843_Plantae_Tracheophyta_Magnoliopsida_Asterales_Asteraceae_Hymenopappus_artemisiifolius/93b1f26c-f433-460f-bd1b-0a03317c6767.jpg,329,32,0,32,329,332,411,350,0.057464599609375,0.04132080078125,0.033111572265625,0.032867431640625,0.02313232421875,1,2,Old Plainsman,Jagged Ambush Bug,Old Plainsman,white rattlesnakeroot,lemon balm,California shieldpod
val/06874_Plantae_Tracheophyta_Magnoliopsida_Asterales_Asteraceae_Leucanthemum_vulgare/4c99f9c9-da27-4ecd-a306-3a9b69e402a6.jpg,330,341,0,341,330,22,444,8,0.1458740234375,0.051025390625,0.035797119140625,0.028564453125,0.0280303955078125,1,2,oxeye daisy,tree marigold,oxeye daisy,Transverse-banded Flower Fly,Island Mallow,Goldenrod Soldier Beetle
val/06893_Plantae_Tracheophyta_Magnoliopsida_Asterales_Asteraceae_Melanthera_nivea/cec490fd-a1d0-43d1-a8ff-0c6ba2a43a40.jpg,331,312,0,312,331,345,456,435,0.040252685546875,0.0207366943359375,0.0170745849609375,0.0153045654296875,0.01432037353515625,1,2,Snow Squarestem,Broad-leaved Chervil,Snow Squarestem,broadleaf forget-me-not,Virginia virgin's-bower,Tropic Croton
val/06893_Plantae_Tracheophyta_Magnoliopsida_Asterales_Asteraceae_Melanthera_nivea/ef93090f-0f49-4b39-9da0-21ea102e8a0c.jpg,331,318,0,318,465,331,9,400,0.03436279296875,0.03216552734375,0.022674560546875,0.0226593017578125,0.0191650390625,1,3,Snow Squarestem,common yarrow,Blackthorn,Snow Squarestem,Spotted Longhorn,candyroot
val/06893_Plantae_Tracheophyta_Magnoliopsida_Asterales_Asteraceae_Melanthera_nivea/586a560c-f8db-480a-b5d6-30e66e8bb89d.jpg,331,313,0,313,331,421,55,348,0.2237548828125,0.09161376953125,0.0509033203125,0.040283203125,0.040191650390625,1,2,Snow Squarestem,upright hedge-parsley,Snow Squarestem,Red Odontites,Latticed Heath,hairy bittercress
val/06901_Plantae_Tracheophyta_Magnoliopsida_Asterales_Asteraceae_Nabalus_albus/bf661174-ad7c-4970-87d9-54f0cbbebf97.jpg,332,480,0,480,332,297,457,454,0.025665283203125,0.0238800048828125,0.02056884765625,0.0178985595703125,0.0177764892578125,1,2,white rattlesnakeroot,youth on age,white rattlesnakeroot,giant white fawn lily,eastern pasqueflower,common columbine
val/06901_Plantae_Tracheophyta_Magnoliopsida_Asterales_Asteraceae_Nabalus_albus/ec1b7cdf-dd52-4dae-af0f-6cf9854e86ff.jpg,332,312,0,312,407,396,332,281,0.0232086181640625,0.019561767578125,0.017913818359375,0.016510009765625,0.01049041748046875,1,4,white rattlesnakeroot,Broad-leaved Chervil,Coprosma dumosa,white sweet clover,white rattlesnakeroot,nodding onion
val/06912_Plantae_Tracheophyta_Magnoliopsida_Asterales_Asteraceae_Ozothamnus_leptophyllus/81d0e719-9e4e-4457-820e-8c855454f9b6.jpg,333,381,0,381,493,320,386,333,0.15869140625,0.05230712890625,0.049224853515625,0.03582763671875,0.01904296875,1,5,Tauhinu,common heather,tangle fern,common mugwort,alpine azalea,Tauhinu
val/06912_Plantae_Tracheophyta_Magnoliopsida_Asterales_Asteraceae_Ozothamnus_leptophyllus/4b51a455-3409-460f-be56-43ae5658ed3b.jpg,333,381,0,381,493,333,320,421,0.3740234375,0.033477783203125,0.0291290283203125,0.01751708984375,0.0170440673828125,1,3,Tauhinu,common heather,tangle fern,Tauhinu,common mugwort,Red Odontites
val/06912_Plantae_Tracheophyta_Magnoliopsida_Asterales_Asteraceae_Ozothamnus_leptophyllus/07b2aa35-db6f-4cd0-8032-34bcd7169991.jpg,333,278,0,278,333,350,407,319,0.10498046875,0.0501708984375,0.0252227783203125,0.0165863037109375,0.01410675048828125,1,2,Tauhinu,Flat-leaved Scalewort,Tauhinu,California shieldpod,Coprosma dumosa,common burrobrush
val/06918_Plantae_Tracheophyta_Magnoliopsida_Asterales_Asteraceae_Packera_tampicana/0331cbc8-fcb1-4f72-9a13-a4ee86746098.jpg,334,328,0,328,323,334,321,452,0.39599609375,0.1217041015625,0.117919921875,0.08233642578125,0.039276123046875,1,3,Great Plains Ragwort,Bitterweed,narrow-leaved hawksbeard,Great Plains Ragwort,tickseed beggar-ticks,Spring Adonis
val/06918_Plantae_Tracheophyta_Magnoliopsida_Asterales_Asteraceae_Packera_tampicana/83206b38-8c51-4e8b-b388-d64f2907160f.jpg,334,321,0,321,323,328,334,458,0.1690673828125,0.1483154296875,0.06982421875,0.061248779296875,0.0262298583984375,1,4,Great Plains Ragwort,tickseed beggar-ticks,narrow-leaved hawksbeard,Bitterweed,Great Plains Ragwort,meadow buttercup
val/06918_Plantae_Tracheophyta_Magnoliopsida_Asterales_Asteraceae_Packera_tampicana/c11a7bdb-ba6f-488c-8e25-1d697e97f5f6.jpg,334,338,0,338,334,8,341,438,0.115234375,0.1141357421875,0.058746337890625,0.03936767578125,0.038970947265625,1,2,Great Plains Ragwort,common wrinkle-leaved goldenrod,Great Plains Ragwort,Goldenrod Soldier Beetle,tree marigold,Klamath weed
val/06948_Plantae_Tracheophyta_Magnoliopsida_Asterales_Asteraceae_Polymnia_canadensis/a7b77a3b-f5f1-4022-8903-726b0189db4f.jpg,335,352,0,352,335,339,427,471,0.092041015625,0.07672119140625,0.0389404296875,0.024505615234375,0.0235595703125,1,2,leafcup,Mexican tea,leafcup,prickly sowthistle,Butterfly bush,Dwarf Nettle
val/06972_Plantae_Tracheophyta_Magnoliopsida_Asterales_Asteraceae_Senecio_glastifolius/3df4c50e-b693-4343-84d5-456bb09562a9.jpg,336,330,0,330,336,453,444,327,0.7001953125,0.132568359375,0.0859375,0.005962371826171875,0.005580902099609375,1,2,Woad-leaved ragwort,oxeye daisy,Woad-leaved ragwort,meadow anemone,Island Mallow,great blanketflower
val/06972_Plantae_Tracheophyta_Magnoliopsida_Asterales_Asteraceae_Senecio_glastifolius/48e77fdf-3c38-4173-b9b3-796cea7c5ec9.jpg,336,330,0,330,336,453,341,334,0.6435546875,0.1199951171875,0.035888671875,0.015869140625,0.01427459716796875,1,2,Woad-leaved ragwort,oxeye daisy,Woad-leaved ragwort,meadow anemone,tree marigold,Great Plains Ragwort
val/07005_Plantae_Tracheophyta_Magnoliopsida_Asterales_Asteraceae_Solidago_rugosa/2c5b1295-9d2a-4fee-adf4-a4ff3213db56.jpg,338,428,0,428,338,435,337,39,0.09796142578125,0.0447998046875,0.02557373046875,0.01491546630859375,0.01290130615234375,1,2,common wrinkle-leaved goldenrod,Dark Mullein,common wrinkle-leaved goldenrod,Tropic Croton,prairie dock,Pure Green Sweat Bee
val/07005_Plantae_Tracheophyta_Magnoliopsida_Asterales_Asteraceae_Solidago_rugosa/dc5d726b-1d11-4b4b-99b9-bd6a2e5a0f57.jpg,338,428,0,428,338,427,399,8,0.69677734375,0.1409912109375,0.013641357421875,0.00994110107421875,0.007343292236328125,1,2,common wrinkle-leaved goldenrod,Dark Mullein,common wrinkle-leaved goldenrod,Butterfly bush,California goldenbanner,Goldenrod Soldier Beetle
val/07005_Plantae_Tracheophyta_Magnoliopsida_Asterales_Asteraceae_Solidago_rugosa/55eee117-8fa7-4ea2-94c7-d6270f8f8ef5.jpg,338,359,0,359,320,428,338,381,0.13525390625,0.08917236328125,0.04339599609375,0.0284576416015625,0.02117919921875,1,4,common wrinkle-leaved goldenrod,Sea Sandwort,common mugwort,Dark Mullein,common wrinkle-leaved goldenrod,common heather
val/07013_Plantae_Tracheophyta_Magnoliopsida_Asterales_Asteraceae_Sonchus_asper/82106a2a-95d0-411b-b2d6-2e5b27a6b5c1.jpg,339,340,0,340,457,401,309,339,0.1033935546875,0.0259857177734375,0.0235443115234375,0.020416259765625,0.01509857177734375,1,5,prickly sowthistle,common dandelion,eastern pasqueflower,Yellow milkwort,Saint Augustine grass,prickly sowthistle
val/07013_Plantae_Tracheophyta_Magnoliopsida_Asterales_Asteraceae_Sonchus_asper/3549b839-9ebe-493b-afc0-0f4c58d489ff.jpg,339,321,0,321,418,339,341,438,0.04046630859375,0.0262451171875,0.0260772705078125,0.023651123046875,0.020599365234375,1,3,prickly sowthistle,tickseed beggar-ticks,field Indian paintbrush,prickly sowthistle,tree marigold,Klamath weed
val/07039_Plantae_Tracheophyta_Magnoliopsida_Asterales_Asteraceae_Taraxacum_officinale/25200fba-054d-4d82-9e8b-eed93705592d.jpg,340,401,0,401,340,323,328,452,0.09088134765625,0.057769775390625,0.0255126953125,0.0189361572265625,0.0132598876953125,1,2,common dandelion,Yellow milkwort,common dandelion,narrow-leaved hawksbeard,Bitterweed,Spring Adonis
val/07047_Plantae_Tracheophyta_Magnoliopsida_Asterales_Asteraceae_Tithonia_tubaeformis/bad3849e-2e3b-4189-897e-4ae73488d7e4.jpg,341,321,0,321,401,341,399,400,0.024658203125,0.021026611328125,0.0180511474609375,0.016998291015625,0.01372528076171875,1,3,tree marigold,tickseed beggar-ticks,Yellow milkwort,tree marigold,California goldenbanner,candyroot
val/07047_Plantae_Tracheophyta_Magnoliopsida_Asterales_Asteraceae_Tithonia_tubaeformis/c07d073f-dff6-4e42-afd7-f5d13c69f3e5.jpg,341,328,0,328,341,321,323,458,0.048187255859375,0.027374267578125,0.026763916015625,0.02362060546875,0.0154571533203125,1,2,tree marigold,Bitterweed,tree marigold,tickseed beggar-ticks,narrow-leaved hawksbeard,meadow buttercup
val/07047_Plantae_Tracheophyta_Magnoliopsida_Asterales_Asteraceae_Tithonia_tubaeformis/621f847c-e40b-4f79-870f-c61a699fdd4b.jpg,341,321,0,321,341,22,327,374,0.09130859375,0.04754638671875,0.034454345703125,0.029876708984375,0.029815673828125,1,2,tree marigold,tickseed beggar-ticks,tree marigold,Transverse-banded Flower Fly,great blanketflower,Streambank Stickleaf
val/07092_Plantae_Tracheophyta_Magnoliopsida_Asterales_Campanulaceae_Campanula_prenanthoides/da63454b-47fb-48c3-85ce-133339dd60b7.jpg,342,469,0,469,342,388,424,482,0.059478759765625,0.057525634765625,0.0399169921875,0.038055419921875,0.028472900390625,1,2,California Harebell,Siberian elm,California Harebell,black huckleberry,American lopseed,Obscure Morning Glory
val/07092_Plantae_Tracheophyta_Magnoliopsida_Asterales_Campanulaceae_Campanula_prenanthoides/df3f0537-1a4a-45e1-8b5b-f0593c8cbbce.jpg,342,116,0,116,425,22,342,96,0.0242462158203125,0.023681640625,0.02294921875,0.01404571533203125,0.0119171142578125,1,4,California Harebell,Ebony Jewelwing,American brooklime,Transverse-banded Flower Fly,California Harebell,Florida White
val/07092_Plantae_Tracheophyta_Magnoliopsida_Asterales_Campanulaceae_Campanula_prenanthoides/ad32d399-9b00-4ef5-bada-c4ed74b6c02a.jpg,342,275,0,275,346,425,342,430,0.111572265625,0.06341552734375,0.032440185546875,0.031036376953125,0.0239410400390625,1,4,California Harebell,fan moss,water forget-me-not,American brooklime,California Harebell,golden dewdrop
val/07092_Plantae_Tracheophyta_Magnoliopsida_Asterales_Campanulaceae_Campanula_prenanthoides/6379f440-03fe-4ecd-9603-072ed1bd3b50.jpg,342,455,0,455,342,295,425,40,0.1591796875,0.1549072265625,0.14501953125,0.1309814453125,0.044921875,1,2,California Harebell,Swamp Leather Flower,California Harebell,Philippine Ground Orchid,American brooklime,Metallic Epauletted-Sweat Bee
val/07100_Plantae_Tracheophyta_Magnoliopsida_Asterales_Campanulaceae_Jasione_montana/49b5abac-38a1-4b1a-985b-8fb0e02030cb.jpg,343,344,0,344,286,343,457,416,0.495361328125,0.0841064453125,0.0762939453125,0.044830322265625,0.022369384765625,1,3,Sheep's-bit,Salvation Jane,Grape hyacinth,Sheep's-bit,eastern pasqueflower,woolly blue curls
val/07100_Plantae_Tracheophyta_Magnoliopsida_Asterales_Campanulaceae_Jasione_montana/f13bef96-cd30-4fd3-8527-d9db4e4d42a0.jpg,343,331,0,331,440,343,281,322,0.078369140625,0.04791259765625,0.039031982421875,0.0380859375,0.0266571044921875,1,3,Sheep's-bit,Snow Squarestem,Grey Willow,Sheep's-bit,nodding onion,Texas Thistle
val/07139_Plantae_Tracheophyta_Magnoliopsida_Boraginales_Boraginaceae_Echium_plantagineum/00519e0f-c995-4f62-8b49-7c1c0df976da.jpg,344,321,0,321,452,29,344,401,0.034423828125,0.02728271484375,0.0268096923828125,0.0186004638671875,0.0164337158203125,1,4,Salvation Jane,tickseed beggar-ticks,Spring Adonis,European Striped Shield Bug,Salvation Jane,Yellow milkwort
val/07139_Plantae_Tracheophyta_Magnoliopsida_Boraginales_Boraginaceae_Echium_plantagineum/78414908-5ab2-417a-b251-20fa8ccd293d.jpg,344,431,0,431,390,415,344,419,0.457275390625,0.076416015625,0.03912353515625,0.035675048828125,0.0217742919921875,1,4,Salvation Jane,Dakota mock vervain,Drummond's phlox,Marsh Woundwort,Salvation Jane,Purple paintbrush
val/07139_Plantae_Tracheophyta_Magnoliopsida_Boraginales_Boraginaceae_Echium_plantagineum/86e841fb-cf99-4b3d-9501-eff738637939.jpg,344,416,0,416,344,415,295,286,0.11480712890625,0.072265625,0.054443359375,0.051849365234375,0.049102783203125,1,2,Salvation Jane,woolly blue curls,Salvation Jane,Marsh Woundwort,Philippine Ground Orchid,Grape hyacinth
val/07139_Plantae_Tracheophyta_Magnoliopsida_Boraginales_Boraginaceae_Echium_plantagineum/b64d6212-05c2-43a7-b509-3d23cb80077d.jpg,344,431,0,431,344,416,415,390,0.09002685546875,0.04913330078125,0.03680419921875,0.0355224609375,0.034515380859375,1,2,Salvation Jane,Dakota mock vervain,Salvation Jane,woolly blue curls,Marsh Woundwort,Drummond's phlox
val/07172_Plantae_Tracheophyta_Magnoliopsida_Boraginales_Boraginaceae_Myosotis_latifolia/4d23a0c0-5d2a-4c1d-a9a8-642f35361016.jpg,345,346,0,346,426,430,345,347,0.232666015625,0.1783447265625,0.05987548828125,0.03594970703125,0.0225067138671875,1,4,broadleaf forget-me-not,water forget-me-not,Slender speedwell,golden dewdrop,broadleaf forget-me-not,European Searocket
val/07172_Plantae_Tracheophyta_Magnoliopsida_Boraginales_Boraginaceae_Myosotis_latifolia/dbc5aee2-248f-4da5-b40d-e1cb40da19d3.jpg,345,426,0,426,345,346,361,391,0.326904296875,0.252685546875,0.0255584716796875,0.01476287841796875,0.01451873779296875,1,2,broadleaf forget-me-not,Slender speedwell,broadleaf forget-me-not,water forget-me-not,lesser stitchwort,longleaf phlox
val/07172_Plantae_Tracheophyta_Magnoliopsida_Boraginales_Boraginaceae_Myosotis_latifolia/765a9303-b5ce-4cb3-a3e6-885f2006328b.jpg,345,426,0,426,465,453,359,345,0.310791015625,0.0662841796875,0.0660400390625,0.055511474609375,0.0255584716796875,1,5,broadleaf forget-me-not,Slender speedwell,Blackthorn,meadow anemone,Sea Sandwort,broadleaf forget-me-not
val/07172_Plantae_Tracheophyta_Magnoliopsida_Boraginales_Boraginaceae_Myosotis_latifolia/26415065-9622-4e3a-92e7-2b41de4c7848.jpg,345,426,0,426,345,346,347,453,0.291015625,0.086669921875,0.081298828125,0.055328369140625,0.0433349609375,1,2,broadleaf forget-me-not,Slender speedwell,broadleaf forget-me-not,water forget-me-not,European Searocket,meadow anemone
val/07172_Plantae_Tracheophyta_Magnoliopsida_Boraginales_Boraginaceae_Myosotis_latifolia/21778f4a-271f-4c6a-a2f4-9c8451d007d9.jpg,345,462,0,462,297,345,315,455,0.023834228515625,0.02178955078125,0.021636962890625,0.0196533203125,0.01349639892578125,1,3,broadleaf forget-me-not,dwarf cinquefoil,giant white fawn lily,broadleaf forget-me-not,dwarf ginseng,Swamp Leather Flower
val/07173_Plantae_Tracheophyta_Magnoliopsida_Boraginales_Boraginaceae_Myosotis_scorpioides/b30fe6a4-605f-4655-a2ed-51922fe8e398.jpg,346,345,0,345,453,346,312,324,0.275390625,0.05224609375,0.0228424072265625,0.015899658203125,0.0113372802734375,1,3,water forget-me-not,broadleaf forget-me-not,meadow anemone,water forget-me-not,Broad-leaved Chervil,tropical horseweed
val/07173_Plantae_Tracheophyta_Magnoliopsida_Boraginales_Boraginaceae_Myosotis_scorpioides/cc719b2b-5b39-486a-81e1-1bc889143f94.jpg,346,347,0,347,346,430,453,429,0.267822265625,0.210205078125,0.11102294921875,0.0254974365234375,0.0252532958984375,1,2,water forget-me-not,European Searocket,water forget-me-not,golden dewdrop,meadow anemone,Wand Mullein
val/07173_Plantae_Tracheophyta_Magnoliopsida_Boraginales_Boraginaceae_Myosotis_scorpioides/2d1fb519-969c-45fe-b6c7-65ee314a16c9.jpg,346,345,0,345,346,426,430,453,0.1168212890625,0.0809326171875,0.05560302734375,0.041717529296875,0.029052734375,1,2,water forget-me-not,broadleaf forget-me-not,water forget-me-not,Slender speedwell,golden dewdrop,meadow anemone
val/07226_Plantae_Tracheophyta_Magnoliopsida_Brassicales_Brassicaceae_Cakile_maritima/208d7773-c68f-4fcb-bec5-1ab3940505ec.jpg,347,307,0,307,309,361,348,347,0.0291748046875,0.023529052734375,0.0227203369140625,0.01548004150390625,0.01519775390625,1,5,European Searocket,Annual Meadow-grass,Saint Augustine grass,lesser stitchwort,hairy bittercress,European Searocket
val/07226_Plantae_Tracheophyta_Magnoliopsida_Brassicales_Brassicaceae_Cakile_maritima/b23fc51e-35d0-40e4-964a-4eb677c1ed46.jpg,347,391,0,391,31,281,347,362,0.12261962890625,0.044189453125,0.0380859375,0.036956787109375,0.01507568359375,1,4,European Searocket,longleaf phlox,Southern Green Stink Bug,nodding onion,European Searocket,Small-leaved Blinks
val/07226_Plantae_Tracheophyta_Magnoliopsida_Brassicales_Brassicaceae_Cakile_maritima/e523a3d7-df1f-4f94-ba2b-8dfef58c61e0.jpg,347,391,0,391,347,455,31,457,0.0212860107421875,0.0208740234375,0.016571044921875,0.0163726806640625,0.01465606689453125,1,2,European Searocket,longleaf phlox,European Searocket,Swamp Leather Flower,Southern Green Stink Bug,eastern pasqueflower
val/07236_Plantae_Tracheophyta_Magnoliopsida_Brassicales_Brassicaceae_Cardamine_hirsuta/4f942c7e-5281-4bd5-b38e-f74c3824f0a8.jpg,348,347,0,347,348,283,431,339,0.0926513671875,0.058685302734375,0.038848876953125,0.037078857421875,0.035980224609375,1,2,hairy bittercress,European Searocket,hairy bittercress,Spiny Asparagus,Dakota mock vervain,prickly sowthistle
val/07236_Plantae_Tracheophyta_Magnoliopsida_Brassicales_Brassicaceae_Cardamine_hirsuta/f5f86c7a-b181-461f-97a1-1c028e426c37.jpg,348,426,0,426,348,312,465,345,0.0615234375,0.03570556640625,0.035125732421875,0.029266357421875,0.02386474609375,1,2,hairy bittercress,Slender speedwell,hairy bittercress,Broad-leaved Chervil,Blackthorn,broadleaf forget-me-not
val/07236_Plantae_Tracheophyta_Magnoliopsida_Brassicales_Brassicaceae_Cardamine_hirsuta/f81c7aac-4bc1-4fb8-9152-a89a16f38c23.jpg,348,320,0,320,352,407,363,348,0.059661865234375,0.040069580078125,0.032470703125,0.031829833984375,0.0296478271484375,1,5,hairy bittercress,common mugwort,Mexican tea,Coprosma dumosa,Perez's sea lavender,hairy bittercress
val/07237_Plantae_Tracheophyta_Magnoliopsida_Brassicales_Brassicaceae_Cardamine_impatiens/77c6cbc0-ddaa-41ad-a674-f48464d99c6e.jpg,349,312,0,312,349,451,465,453,0.251220703125,0.08203125,0.033477783203125,0.01922607421875,0.019012451171875,1,2,narrow-leaved bittercress,Broad-leaved Chervil,narrow-leaved bittercress,black cohosh,Blackthorn,meadow anemone
val/07237_Plantae_Tracheophyta_Magnoliopsida_Brassicales_Brassicaceae_Cardamine_impatiens/a69292df-563c-487b-bc22-cc5a68199007.jpg,349,313,0,313,349,398,396,342,0.08984375,0.061492919921875,0.03070068359375,0.02685546875,0.026336669921875,1,2,narrow-leaved bittercress,upright hedge-parsley,narrow-leaved bittercress,black locust,white sweet clover,California Harebell
val/07237_Plantae_Tracheophyta_Magnoliopsida_Brassicales_Brassicaceae_Cardamine_impatiens/777dd378-c648-4f4a-9505-695fa8cdb62a.jpg,349,348,0,348,313,312,458,349,0.03411865234375,0.0310211181640625,0.0225830078125,0.02154541015625,0.01812744140625,1,5,narrow-leaved bittercress,hairy bittercress,upright hedge-parsley,Broad-leaved Chervil,meadow buttercup,narrow-leaved bittercress
val/07237_Plantae_Tracheophyta_Magnoliopsida_Brassicales_Brassicaceae_Cardamine_impatiens/7d4f2267-893e-4ae6-912c-81c3c1597606.jpg,349,471,0,471,349,313,497,352,0.1591796875,0.07489013671875,0.055023193359375,0.034576416015625,0.031280517578125,1,2,narrow-leaved bittercress,Dwarf Nettle,narrow-leaved bittercress,upright hedge-parsley,hay-scented fern,Mexican tea
val/07246_Plantae_Tracheophyta_Magnoliopsida_Brassicales_Brassicaceae_Dithyrea_californica/0e299d21-e8c7-4aa7-85a8-a004cc4c3418.jpg,350,376,0,376,371,475,347,350,0.2734375,0.05499267578125,0.036285400390625,0.027679443359375,0.021514892578125,1,5,California shieldpod,squirting cucumber,canaigre dock,field maple,European Searocket,California shieldpod
val/07246_Plantae_Tracheophyta_Magnoliopsida_Brassicales_Brassicaceae_Dithyrea_californica/32bc87cf-59b9-447b-8a1b-428cac88cda4.jpg,350,464,0,464,371,308,350,339,0.07269287109375,0.0418701171875,0.032562255859375,0.0316162109375,0.026031494140625,1,4,California shieldpod,sand cherry,canaigre dock,Green Bristle Grass,California shieldpod,prickly sowthistle
val/07246_Plantae_Tracheophyta_Magnoliopsida_Brassicales_Brassicaceae_Dithyrea_californica/bcdce30e-98cd-438f-8c97-87499ae8b430.jpg,350,347,0,347,350,429,463,399,0.1387939453125,0.0753173828125,0.047607421875,0.041534423828125,0.01509857177734375,1,2,California shieldpod,European Searocket,California shieldpod,Wand Mullein,desert almond,California goldenbanner
val/07299_Plantae_Tracheophyta_Magnoliopsida_Canellales_Winteraceae_Pseudowintera_colorata/095f3531-67fe-4749-81d7-376b83304ccb.jpg,351,385,0,385,348,351,275,426,0.0970458984375,0.06591796875,0.051666259765625,0.047576904296875,0.045318603515625,1,3,Mountain Horopito,Gaultheria antipoda,hairy bittercress,Mountain Horopito,fan moss,Slender speedwell
val/07299_Plantae_Tracheophyta_Magnoliopsida_Canellales_Winteraceae_Pseudowintera_colorata/701ed66e-162d-4d35-99c8-822be4db63a3.jpg,351,353,0,353,388,408,377,351,0.044677734375,0.041961669921875,0.0369873046875,0.03326416015625,0.031097412109375,1,5,Mountain Horopito,Mignonette vine,black huckleberry,Kanono,Western Snowberry,Mountain Horopito
val/07299_Plantae_Tracheophyta_Magnoliopsida_Canellales_Winteraceae_Pseudowintera_colorata/59c2d21c-a585-4e84-b1fe-af8714432e56.jpg,351,408,0,408,351,362,439,447,0.04248046875,0.04205322265625,0.018280029296875,0.01528167724609375,0.01245880126953125,1,2,Mountain Horopito,Kanono,Mountain Horopito,Small-leaved Blinks,bebb's willow,Wineberry
val/07299_Plantae_Tracheophyta_Magnoliopsida_Canellales_Winteraceae_Pseudowintera_colorata/eae41018-de3a-4d96-a52d-ec23bc710301.jpg,351,388,0,388,351,403,406,317,0.3544921875,0.0963134765625,0.09503173828125,0.0262298583984375,0.024078369140625,1,2,Mountain Horopito,black huckleberry,Mountain Horopito,willow oak,American columbo,American holly
val/07327_Plantae_Tracheophyta_Magnoliopsida_Caryophyllales_Amaranthaceae_Dysphania_ambrosioides/4117c586-cf9b-4b32-adb2-cde7410ddf2f.jpg,352,494,0,494,496,352,276,349,0.05572509765625,0.0306854248046875,0.030303955078125,0.01849365234375,0.0183563232421875,1,3,Mexican tea,Hen and Chicks Fern,brittle bladderfern,Mexican tea,delicate fern moss,narrow-leaved bittercress
val/07327_Plantae_Tracheophyta_Magnoliopsida_Caryophyllales_Amaranthaceae_Dysphania_ambrosioides/5fc9c4af-9caf-47a4-8332-bfa6c2d7bc46.jpg,352,276,0,276,352,427,237,349,0.06488037109375,0.054962158203125,0.025726318359375,0.02227783203125,0.0203704833984375,1,2,Mexican tea,delicate fern moss,Mexican tea,Butterfly bush,Texas Alligator Lizard,narrow-leaved bittercress
val/07327_Plantae_Tracheophyta_Magnoliopsida_Caryophyllales_Amaranthaceae_Dysphania_ambrosioides/146caa57-8f83-444c-82ed-8dbce1be1b2e.jpg,352,347,0,347,352,396,493,498,0.050628662109375,0.036834716796875,0.032806396484375,0.0220947265625,0.019561767578125,1,2,Mexican tea,European Searocket,Mexican tea,white sweet clover,tangle fern,ladder fern
val/07327_Plantae_Tracheophyta_Magnoliopsida_Caryophyllales_Amaranthaceae_Dysphania_ambrosioides/f62b80c0-4d6b-44f0-87ac-baa1c83d9ae3.jpg,352,396,0,396,307,364,352,339,0.05419921875,0.045745849609375,0.0308837890625,0.0283966064453125,0.0258331298828125,1,4,Mexican tea,white sweet clover,Annual Meadow-grass,alpine bistort,Mexican tea,prickly sowthistle
val/07339_Plantae_Tracheophyta_Magnoliopsida_Caryophyllales_Basellaceae_Anredera_cordifolia/6fc8e301-5196-4d3a-8db6-aef785a7fa15.jpg,353,408,0,408,366,353,411,12,0.06005859375,0.048736572265625,0.022308349609375,0.0214691162109375,0.02117919921875,1,3,Mignonette vine,Kanono,Fringed Bindweed,Mignonette vine,lemon balm,Hadda Beetle
val/07339_Plantae_Tracheophyta_Magnoliopsida_Caryophyllales_Basellaceae_Anredera_cordifolia/4010af69-0e64-4954-97a2-9fedfa5a82c2.jpg,353,379,0,379,353,473,317,432,0.101318359375,0.0963134765625,0.060638427734375,0.0594482421875,0.041168212890625,1,2,Mignonette vine,strawberry tree,Mignonette vine,poison ivy,American holly,common pawpaw
val/07339_Plantae_Tracheophyta_Magnoliopsida_Caryophyllales_Basellaceae_Anredera_cordifolia/f82d86cc-0cd1-472b-a01d-bfe2f0936121.jpg,353,482,0,482,377,388,353,473,0.0738525390625,0.0653076171875,0.044525146484375,0.034698486328125,0.02447509765625,1,4,Mignonette vine,Obscure Morning Glory,Western Snowberry,black huckleberry,Mignonette vine,poison ivy
val/07364_Plantae_Tracheophyta_Magnoliopsida_Caryophyllales_Cactaceae_Echinocereus_enneacanthus/b43c8188-e792-464b-a47b-289f25ad26a0.jpg,354,356,0,356,354,419,357,358,0.2203369140625,0.05560302734375,0.04254150390625,0.025482177734375,0.0207977294921875,1,2,Strawberry Cactus,strawberry hedgehog cactus,Strawberry Cactus,Purple paintbrush,viviparous foxtail cactus,California barrel cactus
val/07364_Plantae_Tracheophyta_Magnoliopsida_Caryophyllales_Cactaceae_Echinocereus_enneacanthus/67c24730-e9b7-4f1e-bedb-9f845f8b43a4.jpg,354,463,0,463,354,356,262,230,0.09710693359375,0.06146240234375,0.05596923828125,0.0281219482421875,0.0205841064453125,1,2,Strawberry Cactus,desert almond,Strawberry Cactus,strawberry hedgehog cactus,Golden Hair-lichen,American Beaver
val/07364_Plantae_Tracheophyta_Magnoliopsida_Caryophyllales_Cactaceae_Echinocereus_enneacanthus/2262a43c-04b7-4a6a-b5e0-dbb3d34865e3.jpg,354,357,0,357,299,452,337,354,0.050262451171875,0.04339599609375,0.036346435546875,0.0284423828125,0.023345947265625,1,5,Strawberry Cactus,viviparous foxtail cactus,fire lily,Spring Adonis,prairie dock,Strawberry Cactus
val/07364_Plantae_Tracheophyta_Magnoliopsida_Caryophyllales_Cactaceae_Echinocereus_enneacanthus/a8e635e7-d5c5-4f1d-ba86-7d610b596158.jpg,354,357,0,357,354,390,446,391,0.3125,0.08154296875,0.05072021484375,0.041229248046875,0.039581298828125,1,2,Strawberry Cactus,viviparous foxtail cactus,Strawberry Cactus,Drummond's phlox,rose evening primrose,longleaf phlox
val/07371_Plantae_Tracheophyta_Magnoliopsida_Caryophyllales_Cactaceae_Echinocereus_stramineus/37f7854b-8002-4f81-af74-b06d594e7ab3.jpg,356,358,0,358,357,355,356,392,0.1871337890625,0.0814208984375,0.048248291015625,0.0252685546875,0.017181396484375,1,4,strawberry hedgehog cactus,California barrel cactus,viviparous foxtail cactus,Spiny Hedgehog Cactus,strawberry hedgehog cactus,pygmy-flower rock-jasmine
val/07371_Plantae_Tracheophyta_Magnoliopsida_Caryophyllales_Cactaceae_Echinocereus_stramineus/5685cc17-58a0-4d51-9e46-f8134a7e60ca.jpg,356,419,0,419,356,357,299,354,0.166259765625,0.062225341796875,0.051605224609375,0.045074462890625,0.0297698974609375,1,2,strawberry hedgehog cactus,Purple paintbrush,strawberry hedgehog cactus,viviparous foxtail cactus,fire lily,Strawberry Cactus
val/07371_Plantae_Tracheophyta_Magnoliopsida_Caryophyllales_Cactaceae_Echinocereus_stramineus/0450c1fc-f33f-42d2-81f6-37832f4618f6.jpg,356,478,0,478,356,422,354,444,0.052978515625,0.04461669921875,0.038177490234375,0.029815673828125,0.010894775390625,1,2,strawberry hedgehog cactus,western roseroot,strawberry hedgehog cactus,Indian Warrior,Strawberry Cactus,Island Mallow
val/07375_Plantae_Tracheophyta_Magnoliopsida_Caryophyllales_Cactaceae_Escobaria_vivipara/06810954-191b-4303-8848-5349a16d0729.jpg,357,358,0,358,357,247,230,355,0.1121826171875,0.07257080078125,0.054779052734375,0.034027099609375,0.026153564453125,1,2,viviparous foxtail cactus,California barrel cactus,viviparous foxtail cactus,Western Rattlesnake,American Beaver,Spiny Hedgehog Cactus
val/07375_Plantae_Tracheophyta_Magnoliopsida_Caryophyllales_Cactaceae_Escobaria_vivipara/6acbe3b9-9294-4f57-adf3-30f16fbe7a8e.jpg,357,422,0,422,419,299,357,327,0.04150390625,0.03887939453125,0.03656005859375,0.029815673828125,0.010772705078125,1,4,viviparous foxtail cactus,Indian Warrior,Purple paintbrush,fire lily,viviparous foxtail cactus,great blanketflower
val/07375_Plantae_Tracheophyta_Magnoliopsida_Caryophyllales_Cactaceae_Escobaria_vivipara/bace6558-5161-446f-aa33-db86f9237e84.jpg,357,392,0,392,357,457,292,289,0.107421875,0.0833740234375,0.040557861328125,0.0254974365234375,0.0190887451171875,1,2,viviparous foxtail cactus,pygmy-flower rock-jasmine,viviparous foxtail cactus,eastern pasqueflower,checkered rattlesnake plantain,Spring Crocus
val/07375_Plantae_Tracheophyta_Magnoliopsida_Caryophyllales_Cactaceae_Escobaria_vivipara/52c57b28-77f7-420a-a34a-5038fcb69e1e.jpg,357,355,0,355,122,419,422,357,0.0384521484375,0.030303955078125,0.025177001953125,0.0243988037109375,0.0198974609375,1,5,viviparous foxtail cactus,Spiny Hedgehog Cactus,Neurothemis taiwanensis,Purple paintbrush,Indian Warrior,viviparous foxtail cactus
val/07375_Plantae_Tracheophyta_Magnoliopsida_Caryophyllales_Cactaceae_Escobaria_vivipara/c60c8dbe-b020-45d7-85c4-4653547682bf.jpg,357,360,0,360,387,357,392,458,0.0213623046875,0.01953125,0.0192108154296875,0.0169677734375,0.015380859375,1,3,viviparous foxtail cactus,ragged-Robin,Prickly mingimingi,viviparous foxtail cactus,pygmy-flower rock-jasmine,meadow buttercup
val/07376_Plantae_Tracheophyta_Magnoliopsida_Caryophyllales_Cactaceae_Ferocactus_cylindraceus/6c25da93-f9bb-4a1a-9d30-7dc0e739c25d.jpg,358,287,0,287,310,195,357,358,0.040496826171875,0.032745361328125,0.01904296875,0.0189056396484375,0.018768310546875,1,5,California barrel cactus,Branched Asphodel,Kangaroo Grass,Eastern Towhee,viviparous foxtail cactus,California barrel cactus
val/07376_Plantae_Tracheophyta_Magnoliopsida_Caryophyllales_Cactaceae_Ferocactus_cylindraceus/11f293ff-6ff7-413c-8f2f-f1b671620f27.jpg,358,310,0,310,358,357,324,320,0.0599365234375,0.050872802734375,0.030792236328125,0.0287933349609375,0.02154541015625,1,2,California barrel cactus,Kangaroo Grass,California barrel cactus,viviparous foxtail cactus,tropical horseweed,common mugwort
val/07434_Plantae_Tracheophyta_Magnoliopsida_Caryophyllales_Caryophyllaceae_Honckenya_peploides/dedb88f0-d365-470f-943a-e1836ef1e9bc.jpg,359,347,0,347,359,350,367,308,0.1417236328125,0.08074951171875,0.0318603515625,0.0278778076171875,0.01629638671875,1,2,Sea Sandwort,European Searocket,Sea Sandwort,California shieldpod,redshank,Green Bristle Grass
val/07434_Plantae_Tracheophyta_Magnoliopsida_Caryophyllales_Caryophyllaceae_Honckenya_peploides/06a32e6a-3a0f-49e7-bc52-2f572200470c.jpg,359,363,0,363,359,496,352,319,0.2432861328125,0.10882568359375,0.024566650390625,0.019805908203125,0.0191192626953125,1,2,Sea Sandwort,Perez's sea lavender,Sea Sandwort,brittle bladderfern,Mexican tea,common burrobrush
val/07434_Plantae_Tracheophyta_Magnoliopsida_Caryophyllales_Caryophyllaceae_Honckenya_peploides/494455b5-8b04-4f38-95c8-17d252b7f738.jpg,359,333,0,333,359,407,363,417,0.1495361328125,0.045013427734375,0.0418701171875,0.0404052734375,0.024749755859375,1,2,Sea Sandwort,Tauhinu,Sea Sandwort,Coprosma dumosa,Perez's sea lavender,Lilac chaste tree
val/07464_Plantae_Tracheophyta_Magnoliopsida_Caryophyllales_Caryophyllaceae_Stellaria_graminea/8ee2861b-6b41-4987-8254-cc393b8d79bd.jpg,361,297,0,297,294,330,282,361,0.079833984375,0.030853271484375,0.026824951171875,0.0258331298828125,0.0198822021484375,1,5,lesser stitchwort,giant white fawn lily,Fly Orchid,oxeye daisy,spring spiderlily,lesser stitchwort
val/07464_Plantae_Tracheophyta_Magnoliopsida_Caryophyllales_Caryophyllaceae_Stellaria_graminea/e9b33af0-d39d-42b2-b0a5-342c7ebd6264.jpg,361,360,0,360,438,361,458,283,0.1337890625,0.063720703125,0.044647216796875,0.02789306640625,0.02056884765625,1,3,lesser stitchwort,ragged-Robin,Klamath weed,lesser stitchwort,meadow buttercup,Spiny Asparagus
val/07464_Plantae_Tracheophyta_Magnoliopsida_Caryophyllales_Caryophyllaceae_Stellaria_graminea/abbaf4e9-9202-49c6-9008-422c76fcedd6.jpg,361,330,0,330,360,361,282,297,0.1275634765625,0.06976318359375,0.064697265625,0.038543701171875,0.0276031494140625,1,3,lesser stitchwort,oxeye daisy,ragged-Robin,lesser stitchwort,spring spiderlily,giant white fawn lily
val/07464_Plantae_Tracheophyta_Magnoliopsida_Caryophyllales_Caryophyllaceae_Stellaria_graminea/5902cdf0-a4eb-4068-b5d0-3b90e69f5315.jpg,361,360,0,360,361,41,285,297,0.0182342529296875,0.0161590576171875,0.0147705078125,0.01399993896484375,0.01312255859375,1,2,lesser stitchwort,ragged-Robin,lesser stitchwort,Common Thread-waisted Wasp,small camas,giant white fawn lily
val/07496_Plantae_Tracheophyta_Magnoliopsida_Caryophyllales_Montiaceae_Montia_parvifolia/014620dc-431f-4872-acf3-dc5687fa7aec.jpg,362,391,0,391,407,336,388,362,0.041656494140625,0.02423095703125,0.0209503173828125,0.016998291015625,0.01477813720703125,1,5,Small-leaved Blinks,longleaf phlox,Coprosma dumosa,Woad-leaved ragwort,black huckleberry,Small-leaved Blinks
val/07496_Plantae_Tracheophyta_Magnoliopsida_Caryophyllales_Montiaceae_Montia_parvifolia/2cfcef63-7f6c-4e88-b58e-c3bc46b35af6.jpg,362,319,0,319,381,407,396,362,0.05096435546875,0.0303192138671875,0.02313232421875,0.0196533203125,0.01873779296875,1,5,Small-leaved Blinks,common burrobrush,common heather,Coprosma dumosa,white sweet clover,Small-leaved Blinks
val/07496_Plantae_Tracheophyta_Magnoliopsida_Caryophyllales_Montiaceae_Montia_parvifolia/8d74f83b-e265-4fc2-aa69-958af4570602.jpg,362,472,0,472,377,486,275,362,0.0221405029296875,0.0213165283203125,0.0195770263671875,0.0189666748046875,0.0174560546875,1,5,Small-leaved Blinks,desert mistletoe,Western Snowberry,Pima Rhatany,fan moss,Small-leaved Blinks
val/07496_Plantae_Tracheophyta_Magnoliopsida_Caryophyllales_Montiaceae_Montia_parvifolia/fcb121d8-b947-47f5-960c-253abe68894f.jpg,362,367,0,367,462,370,377,362,0.029449462890625,0.0209808349609375,0.0171356201171875,0.014923095703125,0.0126495361328125,1,5,Small-leaved Blinks,redshank,dwarf cinquefoil,woodland pterostegia,Western Snowberry,Small-leaved Blinks
val/07513_Plantae_Tracheophyta_Magnoliopsida_Caryophyllales_Plumbaginaceae_Limonium_perezii/9a9c550e-83db-4cb3-baa5-5be530a01b98.jpg,363,376,0,376,405,363,436,263,0.0506591796875,0.0232086181640625,0.0211944580078125,0.0183563232421875,0.0162200927734375,1,3,Perez's sea lavender,squirting cucumber,Coast silk tassel,Perez's sea lavender,Florida Hammock Sandmat,Smooth Rock Tripe
val/07513_Plantae_Tracheophyta_Magnoliopsida_Caryophyllales_Plumbaginaceae_Limonium_perezii/a638fcf9-164c-4a35-ac41-9182be928c8b.jpg,363,239,0,239,248,363,416,234,0.47021484375,0.08013916015625,0.061920166015625,0.016754150390625,0.01392364501953125,1,3,Perez's sea lavender,Eastern Milksnake,Massasauga,Perez's sea lavender,woolly blue curls,Common Caiman
val/07513_Plantae_Tracheophyta_Magnoliopsida_Caryophyllales_Plumbaginaceae_Limonium_perezii/084fdced-be08-43d5-ba0b-0fd8b98a20e2.jpg,363,336,0,336,451,491,380,363,0.061065673828125,0.04522705078125,0.034759521484375,0.0212249755859375,0.0172882080078125,1,5,Perez's sea lavender,Woad-leaved ragwort,black cohosh,lodgepole pine,Big Berry Manzanita,Perez's sea lavender
val/07520_Plantae_Tracheophyta_Magnoliopsida_Caryophyllales_Polygonaceae_Bistorta_vivipara/67c11cad-a0ff-424d-9bd5-f3ebb601a038.jpg,364,313,0,313,367,329,318,364,0.06414794921875,0.04833984375,0.044097900390625,0.032562255859375,0.03143310546875,1,5,alpine bistort,upright hedge-parsley,redshank,Old Plainsman,common yarrow,alpine bistort
val/07520_Plantae_Tracheophyta_Magnoliopsida_Caryophyllales_Polygonaceae_Bistorta_vivipara/744623d1-c54f-428e-88a0-72da7addd319.jpg,364,282,0,282,309,383,364,115,0.06781005859375,0.0599365234375,0.042327880859375,0.04083251953125,0.0318603515625,1,4,alpine bistort,spring spiderlily,Saint Augustine grass,Inaka,alpine bistort,Owly Sulphur
val/07520_Plantae_Tracheophyta_Magnoliopsida_Caryophyllales_Polygonaceae_Bistorta_vivipara/d3f072b2-8bff-4101-be49-66365e08bb81.jpg,364,329,0,329,367,364,291,417,0.040802001953125,0.0296783447265625,0.0209808349609375,0.017608642578125,0.017059326171875,1,3,alpine bistort,Old Plainsman,redshank,alpine bistort,Common Spotted Orchid,Lilac chaste tree
val/07520_Plantae_Tracheophyta_Magnoliopsida_Caryophyllales_Polygonaceae_Bistorta_vivipara/b703ebbf-764e-43fe-a406-5e766b6ffa93.jpg,364,304,0,304,364,421,401,426,0.1644287109375,0.1181640625,0.03411865234375,0.0295867919921875,0.0280914306640625,1,2,alpine bistort,Fingered Sedge,alpine bistort,Red Odontites,Yellow milkwort,Slender speedwell
val/07520_Plantae_Tracheophyta_Magnoliopsida_Caryophyllales_Polygonaceae_Bistorta_vivipara/ad6ee857-a247-42f3-898b-16648989511b.jpg,364,325,0,325,364,309,304,421,0.336669921875,0.060333251953125,0.039276123046875,0.0321044921875,0.0250091552734375,1,2,alpine bistort,tall boneset,alpine bistort,Saint Augustine grass,Fingered Sedge,Red Odontites
val/07552_Plantae_Tracheophyta_Magnoliopsida_Caryophyllales_Polygonaceae_Persicaria_maculosa/e269c0f1-a106-4ddf-9220-6dc3b4f169c9.jpg,367,31,0,31,367,415,55,9,0.0246429443359375,0.0220489501953125,0.017730712890625,0.0171051025390625,0.016876220703125,1,2,redshank,Southern Green Stink Bug,redshank,Marsh Woundwort,Latticed Heath,Spotted Longhorn
val/07558_Plantae_Tracheophyta_Magnoliopsida_Caryophyllales_Polygonaceae_Polygonum_aviculare/7577c233-0ecf-440a-976a-80d2f57ef22f.jpg,368,348,0,348,368,426,369,392,0.1776123046875,0.09466552734375,0.03692626953125,0.02935791015625,0.02685546875,1,2,prostrate knotweed,hairy bittercress,prostrate knotweed,Slender speedwell,beach knotweed,pygmy-flower rock-jasmine
val/07559_Plantae_Tracheophyta_Magnoliopsida_Caryophyllales_Polygonaceae_Polygonum_paronychia/8a216ae9-dcb6-4887-88f0-8a8bed077188.jpg,369,368,0,368,369,397,392,348,0.135986328125,0.10467529296875,0.06500244140625,0.055694580078125,0.032867431640625,1,2,beach knotweed,prostrate knotweed,beach knotweed,Common Flat-pea,pygmy-flower rock-jasmine,hairy bittercress
val/07559_Plantae_Tracheophyta_Magnoliopsida_Caryophyllales_Polygonaceae_Polygonum_paronychia/7887dccf-41a7-495b-bcb4-29712853182d.jpg,369,309,0,309,369,472,368,404,0.2015380859375,0.08209228515625,0.06207275390625,0.03656005859375,0.0235137939453125,1,2,beach knotweed,Saint Augustine grass,beach knotweed,desert mistletoe,prostrate knotweed,California Wax Myrtle
val/07559_Plantae_Tracheophyta_Magnoliopsida_Caryophyllales_Polygonaceae_Polygonum_paronychia/b79c2700-849e-4d5f-ad43-cae06697d211.jpg,369,435,0,435,361,369,368,360,0.1453857421875,0.113037109375,0.090087890625,0.0399169921875,0.028045654296875,1,3,beach knotweed,Tropic Croton,lesser stitchwort,beach knotweed,prostrate knotweed,ragged-Robin
val/07560_Plantae_Tracheophyta_Magnoliopsida_Caryophyllales_Polygonaceae_Pterostegia_drymarioides/7beb0859-fd36-4888-83dc-7c613c9a2d24.jpg,370,361,0,361,392,390,370,362,0.060638427734375,0.0511474609375,0.04083251953125,0.0286712646484375,0.0196685791015625,1,4,woodland pterostegia,lesser stitchwort,pygmy-flower rock-jasmine,Drummond's phlox,woodland pterostegia,Small-leaved Blinks
val/07567_Plantae_Tracheophyta_Magnoliopsida_Caryophyllales_Polygonaceae_Rumex_hymenosepalus/5493a47f-41a4-4814-a246-face9269374b.jpg,371,325,0,325,367,316,464,371,0.06298828125,0.045623779296875,0.0377197265625,0.036590576171875,0.0313720703125,1,5,canaigre dock,tall boneset,redshank,Octopus Tree,sand cherry,canaigre dock
val/07567_Plantae_Tracheophyta_Magnoliopsida_Caryophyllales_Polygonaceae_Rumex_hymenosepalus/36a3cb22-5b77-473c-97a6-f472e88b6bd6.jpg,371,478,0,478,371,9,428,405,0.10223388671875,0.06744384765625,0.023101806640625,0.0211181640625,0.0208740234375,1,2,canaigre dock,western roseroot,canaigre dock,Spotted Longhorn,Dark Mullein,Coast silk tassel
val/07576_Plantae_Tracheophyta_Magnoliopsida_Celastrales_Celastraceae_Canotia_holacantha/182b53be-2c0f-4a44-bd09-2e9ea25ff451.jpg,372,320,0,320,463,372,392,413,0.1064453125,0.05706787109375,0.04058837890625,0.0225677490234375,0.0222625732421875,1,3,crucifixion thorn,common mugwort,desert almond,crucifixion thorn,pygmy-flower rock-jasmine,white sage
val/07576_Plantae_Tracheophyta_Magnoliopsida_Celastrales_Celastraceae_Canotia_holacantha/00472160-00b8-4026-af1e-9d1d7b0838ea.jpg,372,383,0,383,372,394,336,279,0.1533203125,0.09429931640625,0.06329345703125,0.052276611328125,0.047149658203125,1,2,crucifixion thorn,Inaka,crucifixion thorn,longleaf wattle,Woad-leaved ragwort,longleaf ephedra
val/07576_Plantae_Tracheophyta_Magnoliopsida_Celastrales_Celastraceae_Canotia_holacantha/4642e907-7726-4508-9ecd-fcfaec9d831c.jpg,372,183,0,183,372,153,146,208,0.0496826171875,0.0261383056640625,0.023773193359375,0.0197601318359375,0.0191802978515625,1,2,crucifixion thorn,White-plumed Honeyeater,crucifixion thorn,Black-chinned Hummingbird,Imperial Eagle,Warbling White-eye
val/07611_Plantae_Tracheophyta_Magnoliopsida_Cornales_Loasaceae_Cevallia_sinuata/69594f80-9cc8-4933-b156-8218f11ea233.jpg,373,285,0,285,291,287,373,300,0.044708251953125,0.0270843505859375,0.0216217041015625,0.019134521484375,0.0154571533203125,1,4,Stinging Serpent,small camas,Common Spotted Orchid,Branched Asphodel,Stinging Serpent,Leopard Lily
val/07611_Plantae_Tracheophyta_Magnoliopsida_Cornales_Loasaceae_Cevallia_sinuata/22838a9e-53ed-46d0-a5d4-a2401966b651.jpg,373,319,0,319,278,478,363,373,0.14794921875,0.09716796875,0.044677734375,0.037322998046875,0.035552978515625,1,5,Stinging Serpent,common burrobrush,Flat-leaved Scalewort,western roseroot,Perez's sea lavender,Stinging Serpent
val/07613_Plantae_Tracheophyta_Magnoliopsida_Cornales_Loasaceae_Mentzelia_hispida/9e4cc5ac-1af0-40f2-8b6a-3eb4d6a864ef.jpg,374,300,0,300,374,47,88,170,0.131103515625,0.07666015625,0.0728759765625,0.07257080078125,0.0256500244140625,1,2,Streambank Stickleaf,Leopard Lily,Streambank Stickleaf,Volupial Pyrausta Moth,Julia Butterfly,Yellow Grosbeak
val/07613_Plantae_Tracheophyta_Magnoliopsida_Cornales_Loasaceae_Mentzelia_hispida/881fc6a1-359e-44f5-ba4a-2dd3c0031cb3.jpg,374,321,0,321,374,395,22,481,0.10296630859375,0.055328369140625,0.03839111328125,0.0258026123046875,0.0179290771484375,1,2,Streambank Stickleaf,tickseed beggar-ticks,Streambank Stickleaf,Scotch Broom,Transverse-banded Flower Fly,red morning glory
val/07613_Plantae_Tracheophyta_Magnoliopsida_Cornales_Loasaceae_Mentzelia_hispida/a7a9fcfb-136e-4cf4-a785-183accb87b50.jpg,374,321,0,321,22,341,374,15,0.03363037109375,0.027374267578125,0.023162841796875,0.022430419921875,0.017974853515625,1,4,Streambank Stickleaf,tickseed beggar-ticks,Transverse-banded Flower Fly,tree marigold,Streambank Stickleaf,Oedemera femorata
val/07619_Plantae_Tracheophyta_Magnoliopsida_Cucurbitales_Coriariaceae_Coriaria_arborea/28476c36-a013-48d0-9158-bee37c2c699d.jpg,375,405,0,405,375,353,445,447,0.104248046875,0.058135986328125,0.043731689453125,0.0220947265625,0.0188446044921875,1,2,Tree Tutu,Coast silk tassel,Tree Tutu,Mignonette vine,Cherry Tree,Wineberry
val/07625_Plantae_Tracheophyta_Magnoliopsida_Cucurbitales_Cucurbitaceae_Ecballium_elaterium/e53c0480-e4f2-47af-88d0-5cb575a85e85.jpg,376,411,0,411,405,376,378,447,0.1201171875,0.059112548828125,0.041534423828125,0.0338134765625,0.031219482421875,1,3,squirting cucumber,lemon balm,Coast silk tassel,squirting cucumber,mapleleaf viburnum,Wineberry
val/07625_Plantae_Tracheophyta_Magnoliopsida_Cucurbitales_Cucurbitaceae_Ecballium_elaterium/851b4ff8-fcbf-4773-a5a0-a9ad3a270248.jpg,376,444,0,444,337,469,376,402,0.08642578125,0.07794189453125,0.06756591796875,0.0487060546875,0.04730224609375,1,4,squirting cucumber,Island Mallow,prairie dock,Siberian elm,squirting cucumber,swamp chestnut oak
val/07663_Plantae_Tracheophyta_Magnoliopsida_Dipsacales_Caprifoliaceae_Symphoricarpos_occidentalis/cea6479e-9ba4-4a57-9679-a01be326c0ac.jpg,377,485,0,485,480,331,377,317,0.1201171875,0.0271759033203125,0.02618408203125,0.0217132568359375,0.01959228515625,1,4,Western Snowberry,Porcelain Berry,youth on age,Snow Squarestem,Western Snowberry,American holly
val/07663_Plantae_Tracheophyta_Magnoliopsida_Dipsacales_Caprifoliaceae_Symphoricarpos_occidentalis/b1c7d063-b6d7-44c8-bcad-cc75a130bbd5.jpg,377,353,0,353,377,380,388,317,0.04620361328125,0.045928955078125,0.03314208984375,0.032257080078125,0.0293731689453125,1,2,Western Snowberry,Mignonette vine,Western Snowberry,Big Berry Manzanita,black huckleberry,American holly
val/07707_Plantae_Tracheophyta_Magnoliopsida_Ericales_Ericaceae_Arbutus_unedo/134156dc-5bdb-48d1-b07b-dfcdba244343.jpg,379,388,0,388,459,475,377,379,0.049591064453125,0.032501220703125,0.0244598388671875,0.02294921875,0.0207977294921875,1,5,strawberry tree,black huckleberry,Korean mulberry,field maple,Western Snowberry,strawberry tree
val/07707_Plantae_Tracheophyta_Magnoliopsida_Ericales_Ericaceae_Arbutus_unedo/407dee5e-7703-436b-a38d-a0a4a5f57d9e.jpg,379,1,0,1,379,430,209,218,0.07666015625,0.04351806640625,0.0266265869140625,0.026214599609375,0.0214385986328125,1,2,strawberry tree,Golden Silk Spider,strawberry tree,golden dewdrop,Indian White-eye,Black-throated Trogon
val/07709_Plantae_Tracheophyta_Magnoliopsida_Ericales_Ericaceae_Arctostaphylos_glauca/260d9dd9-25eb-4c00-a968-37687f3feed6.jpg,380,474,0,474,380,237,134,133,0.0977783203125,0.0953369140625,0.0257568359375,0.0185699462890625,0.018280029296875,1,2,Big Berry Manzanita,elephant tree,Big Berry Manzanita,Texas Alligator Lizard,Blackspot Goatfish,Snakeskin Wrasse
val/07709_Plantae_Tracheophyta_Magnoliopsida_Ericales_Ericaceae_Arctostaphylos_glauca/09db8217-5c4f-4b0d-be46-05c6030c066e.jpg,380,474,0,474,398,380,469,432,0.17138671875,0.0439453125,0.0300445556640625,0.027008056640625,0.0146331787109375,1,3,Big Berry Manzanita,elephant tree,black locust,Big Berry Manzanita,Siberian elm,common pawpaw
val/07709_Plantae_Tracheophyta_Magnoliopsida_Ericales_Ericaceae_Arctostaphylos_glauca/4b056db7-b8da-49ef-8176-17af09f54c90.jpg,380,482,0,482,377,379,380,444,0.154541015625,0.1396484375,0.13330078125,0.10076904296875,0.07489013671875,1,4,Big Berry Manzanita,Obscure Morning Glory,Western Snowberry,strawberry tree,Big Berry Manzanita,Island Mallow
val/07709_Plantae_Tracheophyta_Magnoliopsida_Ericales_Ericaceae_Arctostaphylos_glauca/7995dcfb-808c-4ecd-b622-9d8bd2e2738f.jpg,380,474,0,474,380,469,372,492,0.1180419921875,0.10137939453125,0.0245513916015625,0.02325439453125,0.02081298828125,1,2,Big Berry Manzanita,elephant tree,Big Berry Manzanita,Siberian elm,crucifixion thorn,ponderosa pine
val/07715_Plantae_Tracheophyta_Magnoliopsida_Ericales_Ericaceae_Calluna_vulgaris/4b2a866a-9620-4c15-998e-e572c96c84cb.jpg,381,320,0,320,397,381,364,407,0.2161865234375,0.1053466796875,0.09259033203125,0.0830078125,0.058868408203125,1,3,common heather,common mugwort,Common Flat-pea,common heather,alpine bistort,Coprosma dumosa
val/07715_Plantae_Tracheophyta_Magnoliopsida_Ericales_Ericaceae_Calluna_vulgaris/3c1f7c91-445a-477b-a0da-a1b70ba9fe73.jpg,381,415,0,415,431,381,281,416,0.038909912109375,0.034332275390625,0.0247344970703125,0.0203857421875,0.01983642578125,1,3,common heather,Marsh Woundwort,Dakota mock vervain,common heather,nodding onion,woolly blue curls
val/07715_Plantae_Tracheophyta_Magnoliopsida_Ericales_Ericaceae_Calluna_vulgaris/fb4bb0a8-e6ed-4826-80ab-ac2a514f5115.jpg,381,364,0,364,318,329,286,381,0.09246826171875,0.05810546875,0.042938232421875,0.037017822265625,0.03607177734375,1,5,common heather,alpine bistort,common yarrow,Old Plainsman,Grape hyacinth,common heather
val/07718_Plantae_Tracheophyta_Magnoliopsida_Ericales_Ericaceae_Ceratiola_ericoides/79967387-544e-440a-81cf-1bc5619f557d.jpg,382,441,0,441,333,382,336,393,0.052337646484375,0.04840087890625,0.0343017578125,0.0285186767578125,0.017364501953125,1,3,sand heath,black willow,Tauhinu,sand heath,Woad-leaved ragwort,Taiwan Acacia
val/07718_Plantae_Tracheophyta_Magnoliopsida_Ericales_Ericaceae_Ceratiola_ericoides/57524ec6-23d5-4832-b703-e0e3987f02aa.jpg,382,493,0,493,382,396,381,326,0.1578369140625,0.08013916015625,0.075439453125,0.052459716796875,0.04315185546875,1,2,sand heath,tangle fern,sand heath,white sweet clover,common heather,dogfennel
val/07718_Plantae_Tracheophyta_Magnoliopsida_Ericales_Ericaceae_Ceratiola_ericoides/22f2de77-7610-4629-a1ef-b3f799efa982.jpg,382,336,0,336,382,489,383,288,0.11944580078125,0.04052734375,0.026885986328125,0.019287109375,0.0177154541015625,1,2,sand heath,Woad-leaved ragwort,sand heath,Montezuma cypress,Inaka,Mountain flax
val/07723_Plantae_Tracheophyta_Magnoliopsida_Ericales_Ericaceae_Dracophyllum_longifolium/a9cc6650-d859-4015-a1b6-ad45d4d0c90c.jpg,383,382,0,382,449,383,326,320,0.08575439453125,0.07781982421875,0.043304443359375,0.041717529296875,0.032684326171875,1,3,Inaka,sand heath,Golden Sunshinebush,Inaka,dogfennel,common mugwort
val/07723_Plantae_Tracheophyta_Magnoliopsida_Ericales_Ericaceae_Dracophyllum_longifolium/7a07e87f-8aab-46f0-9e3a-fba3ee678fc1.jpg,383,449,0,449,383,489,336,450,0.040557861328125,0.0298004150390625,0.0228729248046875,0.0152587890625,0.01525115966796875,1,2,Inaka,Golden Sunshinebush,Inaka,Montezuma cypress,Woad-leaved ragwort,red pagoda
val/07732_Plantae_Tracheophyta_Magnoliopsida_Ericales_Ericaceae_Erica_coccinea/6a43b026-311c-4878-9447-fb504babf83b.jpg,384,423,0,423,384,418,481,450,0.06109619140625,0.046295166015625,0.02972412109375,0.02850341796875,0.0236663818359375,1,2,Red Heath,scarlet monkeyflower,Red Heath,field Indian paintbrush,red morning glory,red pagoda
val/07740_Plantae_Tracheophyta_Magnoliopsida_Ericales_Ericaceae_Gaultheria_antipoda/ed588320-5d4a-4389-9159-d6b3bbba4806.jpg,385,319,0,319,275,385,278,465,0.2125244140625,0.07305908203125,0.061737060546875,0.0484619140625,0.033050537109375,1,3,Gaultheria antipoda,common burrobrush,fan moss,Gaultheria antipoda,Flat-leaved Scalewort,Blackthorn
val/07740_Plantae_Tracheophyta_Magnoliopsida_Ericales_Ericaceae_Gaultheria_antipoda/6065165e-f616-463c-842f-47be0f090a30.jpg,385,329,0,329,313,407,312,385,0.06494140625,0.05426025390625,0.0447998046875,0.03863525390625,0.037017822265625,1,5,Gaultheria antipoda,Old Plainsman,upright hedge-parsley,Coprosma dumosa,Broad-leaved Chervil,Gaultheria antipoda
val/07750_Plantae_Tracheophyta_Magnoliopsida_Ericales_Ericaceae_Kalmia_procumbens/8baf65cc-3c3e-413c-a547-52d5cf8861ed.jpg,386,260,0,260,81,386,363,144,0.0244598388671875,0.0232391357421875,0.0222625732421875,0.01763916015625,0.01470947265625,1,3,alpine azalea,Lined Chiton,Small Mossy Lithacodia,alpine azalea,Perez's sea lavender,Green Salamander
val/07750_Plantae_Tracheophyta_Magnoliopsida_Ericales_Ericaceae_Kalmia_procumbens/6d411116-2a45-48a8-ad4e-02f245c2decf.jpg,386,478,0,478,386,486,94,369,0.03759765625,0.0254669189453125,0.0158538818359375,0.012542724609375,0.011474609375,1,2,alpine azalea,western roseroot,alpine azalea,Pima Rhatany,Thoas Swallowtail,beach knotweed
val/07751_Plantae_Tracheophyta_Magnoliopsida_Ericales_Ericaceae_Leptecophylla_juniperina/118a902b-39bc-4549-9246-3f6a81203af9.jpg,387,407,0,407,320,387,319,333,0.0313720703125,0.0278167724609375,0.0214080810546875,0.02008056640625,0.0179290771484375,1,3,Prickly mingimingi,Coprosma dumosa,common mugwort,Prickly mingimingi,common burrobrush,Tauhinu
val/07751_Plantae_Tracheophyta_Magnoliopsida_Ericales_Ericaceae_Leptecophylla_juniperina/e656a22f-d0f4-414f-8c7c-510763f1141b.jpg,387,320,0,320,319,387,336,383,0.156005859375,0.06842041015625,0.06488037109375,0.039276123046875,0.0195770263671875,1,3,Prickly mingimingi,common mugwort,common burrobrush,Prickly mingimingi,Woad-leaved ragwort,Inaka
val/07792_Plantae_Tracheophyta_Magnoliopsida_Ericales_Ericaceae_Vaccinium_membranaceum/614ce9b6-321a-447a-a8ef-193cceba27a9.jpg,388,379,0,379,388,353,377,337,0.04400634765625,0.040771484375,0.032470703125,0.018798828125,0.016357421875,1,2,black huckleberry,strawberry tree,black huckleberry,Mignonette vine,Western Snowberry,prairie dock
val/07814_Plantae_Tracheophyta_Magnoliopsida_Ericales_Polemoniaceae_Ipomopsis_longiflora/3cfcf9cb-0a89-47c3-a4c3-7d57e09487ab.jpg,389,391,0,391,360,295,290,389,0.66015625,0.03955078125,0.032867431640625,0.014495849609375,0.01383209228515625,1,5,flaxflowered ipomopsis,longleaf phlox,ragged-Robin,Philippine Ground Orchid,Red Helleborine,flaxflowered ipomopsis
val/07814_Plantae_Tracheophyta_Magnoliopsida_Ericales_Polemoniaceae_Ipomopsis_longiflora/91464794-21d2-4e56-b952-84cc6bbc0e90.jpg,389,301,0,301,95,389,267,74,0.360595703125,0.05853271484375,0.0243988037109375,0.023895263671875,0.023101806640625,1,3,flaxflowered ipomopsis,snow trillium,Barred Yellow,flaxflowered ipomopsis,Lichen Agaric,Forget-me-not
val/07814_Plantae_Tracheophyta_Magnoliopsida_Ericales_Polemoniaceae_Ipomopsis_longiflora/3fff0f90-e988-433f-8184-ae471b545970.jpg,389,391,0,391,389,342,290,455,0.0775146484375,0.0594482421875,0.0367431640625,0.035552978515625,0.027801513671875,1,2,flaxflowered ipomopsis,longleaf phlox,flaxflowered ipomopsis,California Harebell,Red Helleborine,Swamp Leather Flower
val/07830_Plantae_Tracheophyta_Magnoliopsida_Ericales_Polemoniaceae_Phlox_drummondii/8f26a4c2-47ae-406f-988b-96c2473423f0.jpg,390,391,0,391,344,390,281,419,0.1322021484375,0.11529541015625,0.09979248046875,0.06121826171875,0.0594482421875,1,3,Drummond's phlox,longleaf phlox,Salvation Jane,Drummond's phlox,nodding onion,Purple paintbrush
val/07832_Plantae_Tracheophyta_Magnoliopsida_Ericales_Polemoniaceae_Phlox_longifolia/7fa1d96a-e76a-40ba-ad88-5291c030bc73.jpg,391,390,0,390,391,444,486,295,0.78662109375,0.17626953125,0.007022857666015625,0.006092071533203125,0.003910064697265625,1,2,longleaf phlox,Drummond's phlox,longleaf phlox,Island Mallow,Pima Rhatany,Philippine Ground Orchid
val/07843_Plantae_Tracheophyta_Magnoliopsida_Ericales_Primulaceae_Androsace_septentrionalis/69b0c032-9ba4-493d-aed5-c230f7356d21.jpg,392,398,0,398,466,392,377,370,0.0272064208984375,0.022003173828125,0.021484375,0.0197906494140625,0.01537322998046875,1,3,pygmy-flower rock-jasmine,black locust,Himalayan-berry,pygmy-flower rock-jasmine,Western Snowberry,woodland pterostegia
val/07843_Plantae_Tracheophyta_Magnoliopsida_Ericales_Primulaceae_Androsace_septentrionalis/25d6bda0-bc47-4280-aba8-ce52b3471558.jpg,392,426,0,426,348,313,464,392,0.2391357421875,0.0281982421875,0.027496337890625,0.0221099853515625,0.020965576171875,1,5,pygmy-flower rock-jasmine,Slender speedwell,hairy bittercress,upright hedge-parsley,sand cherry,pygmy-flower rock-jasmine
val/07843_Plantae_Tracheophyta_Magnoliopsida_Ericales_Primulaceae_Androsace_septentrionalis/cc51f25b-be2e-4096-a935-f46d1f2f551d.jpg,392,304,0,304,383,392,287,364,0.08502197265625,0.0523681640625,0.0447998046875,0.030853271484375,0.0275421142578125,1,3,pygmy-flower rock-jasmine,Fingered Sedge,Inaka,pygmy-flower rock-jasmine,Branched Asphodel,alpine bistort
val/07891_Plantae_Tracheophyta_Magnoliopsida_Fabales_Fabaceae_Acacia_longifolia/fb679a06-b6cd-4166-b7ee-aacb47df3f02.jpg,394,398,0,398,394,404,439,441,0.02923583984375,0.0277557373046875,0.0208740234375,0.0184326171875,0.01213836669921875,1,2,longleaf wattle,black locust,longleaf wattle,California Wax Myrtle,bebb's willow,black willow
val/07891_Plantae_Tracheophyta_Magnoliopsida_Fabales_Fabaceae_Acacia_longifolia/6979fa64-116b-46e5-ae75-4fdfdf5f40c3.jpg,394,404,0,404,287,398,469,394,0.108642578125,0.04168701171875,0.038238525390625,0.0290679931640625,0.0165557861328125,1,5,longleaf wattle,California Wax Myrtle,Branched Asphodel,black locust,Siberian elm,longleaf wattle
val/07891_Plantae_Tracheophyta_Magnoliopsida_Fabales_Fabaceae_Acacia_longifolia/53a40200-be9e-4b3f-9e18-581e2ed9e2e2.jpg,394,445,0,445,336,394,491,316,0.0654296875,0.0416259765625,0.04058837890625,0.03460693359375,0.02679443359375,1,3,longleaf wattle,Cherry Tree,Woad-leaved ragwort,longleaf wattle,lodgepole pine,Octopus Tree
val/07891_Plantae_Tracheophyta_Magnoliopsida_Fabales_Fabaceae_Acacia_longifolia/a5b778fc-fa00-4a2f-bd74-c8502d1d8f94.jpg,394,464,0,464,404,403,441,394,0.088623046875,0.08306884765625,0.0548095703125,0.0404052734375,0.038543701171875,1,5,longleaf wattle,sand cherry,California Wax Myrtle,willow oak,black willow,longleaf wattle
val/07943_Plantae_Tracheophyta_Magnoliopsida_Fabales_Fabaceae_Cytisus_scoparius/27b03208-0042-4a10-ad68-93a5be094e21.jpg,395,374,0,374,395,321,458,397,0.1405029296875,0.0670166015625,0.056976318359375,0.047607421875,0.0305023193359375,1,2,Scotch Broom,Streambank Stickleaf,Scotch Broom,tickseed beggar-ticks,meadow buttercup,Common Flat-pea
val/07943_Plantae_Tracheophyta_Magnoliopsida_Fabales_Fabaceae_Cytisus_scoparius/b0f4d5bd-897a-4fb6-9285-ae14e6df1e62.jpg,395,321,0,321,429,458,395,399,0.053741455078125,0.044464111328125,0.041778564453125,0.04119873046875,0.0372314453125,1,4,Scotch Broom,tickseed beggar-ticks,Wand Mullein,meadow buttercup,Scotch Broom,California goldenbanner
val/07943_Plantae_Tracheophyta_Magnoliopsida_Fabales_Fabaceae_Cytisus_scoparius/67e33fdb-18ab-4098-8a39-1f52345c20cc.jpg,395,321,0,321,395,334,323,458,0.1494140625,0.07574462890625,0.06622314453125,0.03466796875,0.023956298828125,1,2,Scotch Broom,tickseed beggar-ticks,Scotch Broom,Great Plains Ragwort,narrow-leaved hawksbeard,meadow buttercup
val/08024_Plantae_Tracheophyta_Magnoliopsida_Fabales_Fabaceae_Melilotus_albus/f8bbffbe-83e5-483e-ae2d-7230c0d37580.jpg,396,313,0,313,440,331,417,396,0.07275390625,0.06280517578125,0.03643798828125,0.036163330078125,0.03497314453125,1,5,white sweet clover,upright hedge-parsley,Grey Willow,Snow Squarestem,Lilac chaste tree,white sweet clover
val/08024_Plantae_Tracheophyta_Magnoliopsida_Fabales_Fabaceae_Melilotus_albus/728ef5ce-07fc-4277-8746-9d98e7072542.jpg,396,313,0,313,296,396,308,364,0.071044921875,0.062469482421875,0.050994873046875,0.035369873046875,0.0302581787109375,1,3,white sweet clover,upright hedge-parsley,Slender Ladies' Tresses,white sweet clover,Green Bristle Grass,alpine bistort
val/08024_Plantae_Tracheophyta_Magnoliopsida_Fabales_Fabaceae_Melilotus_albus/f0f409b6-f0db-4afb-8610-10eee87322ae.jpg,396,325,0,325,307,296,396,399,0.039337158203125,0.0308990478515625,0.02960205078125,0.022216796875,0.019989013671875,1,4,white sweet clover,tall boneset,Annual Meadow-grass,Slender Ladies' Tresses,white sweet clover,California goldenbanner
val/08047_Plantae_Tracheophyta_Magnoliopsida_Fabales_Fabaceae_Platylobium_obtusangulum/e6a43ad6-3130-45c7-a88e-368bd2dafbb4.jpg,397,374,0,374,170,379,481,397,0.09002685546875,0.0635986328125,0.039642333984375,0.038330078125,0.03704833984375,1,5,Common Flat-pea,Streambank Stickleaf,Yellow Grosbeak,strawberry tree,red morning glory,Common Flat-pea
val/08047_Plantae_Tracheophyta_Magnoliopsida_Fabales_Fabaceae_Platylobium_obtusangulum/397fb294-18a8-48cb-a977-fc5c0a16e148.jpg,397,481,0,481,327,397,12,258,0.017791748046875,0.0171051025390625,0.0166168212890625,0.01522064208984375,0.01494598388671875,1,3,Common Flat-pea,red morning glory,great blanketflower,Common Flat-pea,Hadda Beetle,White-lipped Snail
val/08057_Plantae_Tracheophyta_Magnoliopsida_Fabales_Fabaceae_Robinia_pseudoacacia/3111667a-5c9e-4ff3-981c-7d1d57928a68.jpg,398,475,0,475,479,454,398,332,0.03204345703125,0.0282745361328125,0.023162841796875,0.0228271484375,0.0196533203125,1,4,black locust,field maple,Goose-berry,common columbine,black locust,white rattlesnakeroot
val/08083_Plantae_Tracheophyta_Magnoliopsida_Fabales_Fabaceae_Thermopsis_californica/79464c91-844a-403e-a686-74d23955cbfd.jpg,399,8,0,8,438,364,39,399,0.07818603515625,0.06304931640625,0.04412841796875,0.034515380859375,0.026031494140625,1,5,California goldenbanner,Goldenrod Soldier Beetle,Klamath weed,alpine bistort,Pure Green Sweat Bee,California goldenbanner
val/08083_Plantae_Tracheophyta_Magnoliopsida_Fabales_Fabaceae_Thermopsis_californica/2e5e0173-75e2-40c1-b6e3-7814504d048d.jpg,399,334,0,334,458,399,452,324,0.04376220703125,0.0261688232421875,0.0243682861328125,0.02374267578125,0.02032470703125,1,3,California goldenbanner,Great Plains Ragwort,meadow buttercup,California goldenbanner,Spring Adonis,tropical horseweed
val/08083_Plantae_Tracheophyta_Magnoliopsida_Fabales_Fabaceae_Thermopsis_californica/522dcb97-2d47-4c5b-81f7-aa45cfc1d385.jpg,399,321,0,321,395,458,374,399,0.147216796875,0.0633544921875,0.055450439453125,0.048095703125,0.04327392578125,1,5,California goldenbanner,tickseed beggar-ticks,Scotch Broom,meadow buttercup,Streambank Stickleaf,California goldenbanner
val/08130_Plantae_Tracheophyta_Magnoliopsida_Fabales_Polygalaceae_Polygala_nana/8b437515-e777-498e-9194-d88448d7ac62.jpg,400,442,0,442,462,400,452,196,0.1416015625,0.0462646484375,0.03692626953125,0.0235137939453125,0.02142333984375,1,3,candyroot,Round-leaved Violet,dwarf cinquefoil,candyroot,Spring Adonis,Eastern Yellow Robin
val/08130_Plantae_Tracheophyta_Magnoliopsida_Fabales_Polygalaceae_Polygala_nana/931f5641-1a3e-4847-ab5d-bbfd16d31c52.jpg,400,452,0,452,462,400,357,358,0.05126953125,0.050567626953125,0.048919677734375,0.035736083984375,0.0238189697265625,1,3,candyroot,Spring Adonis,dwarf cinquefoil,candyroot,viviparous foxtail cactus,California barrel cactus
val/08130_Plantae_Tracheophyta_Magnoliopsida_Fabales_Polygalaceae_Polygala_nana/8ead6368-2330-43cc-af35-c6b4c594f321.jpg,400,31,0,31,72,412,400,171,0.0291290283203125,0.023345947265625,0.012939453125,0.01263427734375,0.011993408203125,1,4,candyroot,Southern Green Stink Bug,Green Oak-Slug Moth,spotted horse mint,candyroot,Brown Creeper
val/08130_Plantae_Tracheophyta_Magnoliopsida_Fabales_Polygalaceae_Polygala_nana/7abd1d8b-9a2f-4645-9921-f05c4995c205.jpg,400,340,0,340,323,400,357,462,0.05377197265625,0.037841796875,0.02618408203125,0.022613525390625,0.0186004638671875,1,3,candyroot,common dandelion,narrow-leaved hawksbeard,candyroot,viviparous foxtail cactus,dwarf cinquefoil
val/08132_Plantae_Tracheophyta_Magnoliopsida_Fabales_Polygalaceae_Polygala_rugelii/0f5715dc-0e16-450b-b8c4-dd3cb0705590.jpg,401,452,0,452,401,327,374,341,0.2459716796875,0.144287109375,0.0384521484375,0.029144287109375,0.0277862548828125,1,2,Yellow milkwort,Spring Adonis,Yellow milkwort,great blanketflower,Streambank Stickleaf,tree marigold
val/08132_Plantae_Tracheophyta_Magnoliopsida_Fabales_Polygalaceae_Polygala_rugelii/547c90f7-b20e-48f5-872d-02ebee216a8c.jpg,401,32,0,32,401,374,452,429,0.12030029296875,0.034820556640625,0.0345458984375,0.022735595703125,0.0203704833984375,1,2,Yellow milkwort,Jagged Ambush Bug,Yellow milkwort,Streambank Stickleaf,Spring Adonis,Wand Mullein
val/08193_Plantae_Tracheophyta_Magnoliopsida_Fagales_Fagaceae_Quercus_michauxii/fab69a31-5489-47c6-ab95-9a16a59cf011.jpg,402,451,0,451,475,402,432,317,0.06561279296875,0.0489501953125,0.041473388671875,0.0391845703125,0.0389404296875,1,3,swamp chestnut oak,black cohosh,field maple,swamp chestnut oak,common pawpaw,American holly
val/08193_Plantae_Tracheophyta_Magnoliopsida_Fagales_Fagaceae_Quercus_michauxii/e4f80c30-8ddb-4fe9-bf76-543693daf024.jpg,402,378,0,378,402,459,332,424,0.09051513671875,0.0426025390625,0.038726806640625,0.03729248046875,0.0323486328125,1,2,swamp chestnut oak,mapleleaf viburnum,swamp chestnut oak,Korean mulberry,white rattlesnakeroot,American lopseed
val/08198_Plantae_Tracheophyta_Magnoliopsida_Fagales_Fagaceae_Quercus_phellos/eb18de53-121c-4ca1-a26a-346f4c7569d8.jpg,403,307,0,307,368,467,403,406,0.0273895263671875,0.0259857177734375,0.02294921875,0.02032470703125,0.015899658203125,1,4,willow oak,Annual Meadow-grass,prostrate knotweed,Rubus schmidelioides,willow oak,American columbo
val/08198_Plantae_Tracheophyta_Magnoliopsida_Fagales_Fagaceae_Quercus_phellos/2844624e-e9ef-4b76-9ae9-bceb18b5d633.jpg,403,437,0,437,435,346,403,404,0.1904296875,0.0863037109375,0.065673828125,0.05035400390625,0.0277557373046875,1,4,willow oak,Cassava,Tropic Croton,water forget-me-not,willow oak,California Wax Myrtle
val/08198_Plantae_Tracheophyta_Magnoliopsida_Fagales_Fagaceae_Quercus_phellos/b82e5ce0-211e-475c-8d26-2b19ee81e123.jpg,403,437,0,437,432,243,240,403,0.07220458984375,0.060699462890625,0.053680419921875,0.032928466796875,0.0251007080078125,1,5,willow oak,Cassava,common pawpaw,Texas Coralsnake,Flat-headed Snake,willow oak
val/08198_Plantae_Tracheophyta_Magnoliopsida_Fagales_Fagaceae_Quercus_phellos/26554169-5587-4fa0-8ee0-24edec523c84.jpg,403,398,0,398,393,441,147,403,0.042236328125,0.037506103515625,0.035980224609375,0.0220184326171875,0.0146942138671875,1,5,willow oak,black locust,Taiwan Acacia,black willow,European Honey-buzzard,willow oak
val/08220_Plantae_Tracheophyta_Magnoliopsida_Fagales_Myricaceae_Morella_californica/dea10715-a367-4e8f-b690-e1e53d64fdea.jpg,404,403,0,403,404,314,435,439,0.303466796875,0.1190185546875,0.10284423828125,0.040191650390625,0.03338623046875,1,2,California Wax Myrtle,willow oak,California Wax Myrtle,Japanese aralia,Tropic Croton,bebb's willow
val/08220_Plantae_Tracheophyta_Magnoliopsida_Fagales_Myricaceae_Morella_californica/555a9caf-d72c-4905-ad92-54cf60db09de.jpg,404,464,0,464,398,393,441,404,0.0589599609375,0.0369873046875,0.0211639404296875,0.0197296142578125,0.0195465087890625,1,5,California Wax Myrtle,sand cherry,black locust,Taiwan Acacia,black willow,California Wax Myrtle
val/08220_Plantae_Tracheophyta_Magnoliopsida_Fagales_Myricaceae_Morella_californica/4a8fe5b9-26a2-46ce-9f10-79efc10ddcc7.jpg,404,379,0,379,404,388,398,314,0.0789794921875,0.0640869140625,0.0443115234375,0.0305938720703125,0.0236053466796875,1,2,California Wax Myrtle,strawberry tree,California Wax Myrtle,black huckleberry,black locust,Japanese aralia
val/08226_Plantae_Tracheophyta_Magnoliopsida_Garryales_Garryaceae_Garrya_elliptica/935da494-0882-4cca-9bbb-71d0adbb54e2.jpg,405,385,0,385,351,388,405,9,0.08978271484375,0.06884765625,0.0538330078125,0.031036376953125,0.02313232421875,1,4,Coast silk tassel,Gaultheria antipoda,Mountain Horopito,black huckleberry,Coast silk tassel,Spotted Longhorn
val/08226_Plantae_Tracheophyta_Magnoliopsida_Garryales_Garryaceae_Garrya_elliptica/fdb0dd7b-7a14-45a1-b79a-c6f4117b8379.jpg,405,319,0,319,359,411,405,426,0.04083251953125,0.03680419921875,0.033203125,0.032196044921875,0.032073974609375,1,4,Coast silk tassel,common burrobrush,Sea Sandwort,lemon balm,Coast silk tassel,Slender speedwell
val/08226_Plantae_Tracheophyta_Magnoliopsida_Garryales_Garryaceae_Garrya_elliptica/3a1fea8a-6a77-49f2-a9dc-8d2538677a9a.jpg,405,385,0,385,405,9,421,367,0.0648193359375,0.06219482421875,0.038055419921875,0.0267791748046875,0.019439697265625,1,2,Coast silk tassel,Gaultheria antipoda,Coast silk tassel,Spotted Longhorn,Red Odontites,redshank
val/08293_Plantae_Tracheophyta_Magnoliopsida_Gentianales_Gentianaceae_Frasera_caroliniensis/1ed509a2-d610-474c-b020-bbcdb62ccf43.jpg,406,290,0,290,476,332,437,406,0.11383056640625,0.04248046875,0.037994384765625,0.03466796875,0.03363037109375,1,5,American columbo,Red Helleborine,Red Buckeye,white rattlesnakeroot,Cassava,American columbo
val/08293_Plantae_Tracheophyta_Magnoliopsida_Gentianales_Gentianaceae_Frasera_caroliniensis/608271a7-9d7c-4e93-887e-c859776885ec.jpg,406,404,0,404,403,406,324,314,0.0386962890625,0.037506103515625,0.017578125,0.01629638671875,0.01372528076171875,1,3,American columbo,California Wax Myrtle,willow oak,American columbo,tropical horseweed,Japanese aralia
val/08325_Plantae_Tracheophyta_Magnoliopsida_Gentianales_Rubiaceae_Coprosma_dumosa/db79806f-b76a-4881-968e-977bc38e2885.jpg,407,463,0,463,368,407,486,467,0.1732177734375,0.09234619140625,0.057586669921875,0.050506591796875,0.03912353515625,1,3,Coprosma dumosa,desert almond,prostrate knotweed,Coprosma dumosa,Pima Rhatany,Rubus schmidelioides
val/08325_Plantae_Tracheophyta_Magnoliopsida_Gentianales_Rubiaceae_Coprosma_dumosa/8f896e16-e0d6-4ab2-8ebf-18ed2d4cfced.jpg,407,319,0,319,463,429,333,407,0.1368408203125,0.0849609375,0.07269287109375,0.050537109375,0.034393310546875,1,5,Coprosma dumosa,common burrobrush,desert almond,Wand Mullein,Tauhinu,Coprosma dumosa
val/08325_Plantae_Tracheophyta_Magnoliopsida_Gentianales_Rubiaceae_Coprosma_dumosa/10c1078b-783f-4c7c-88a0-1f8095acda3a.jpg,407,426,0,426,370,385,407,368,0.11309814453125,0.038787841796875,0.0347900390625,0.033843994140625,0.0274658203125,1,4,Coprosma dumosa,Slender speedwell,woodland pterostegia,Gaultheria antipoda,Coprosma dumosa,prostrate knotweed
val/08327_Plantae_Tracheophyta_Magnoliopsida_Gentianales_Rubiaceae_Coprosma_grandifolia/ebbb6670-c2d5-483b-b9ce-83dd43d67e23.jpg,408,353,0,353,408,388,317,443,0.098876953125,0.0643310546875,0.054931640625,0.0458984375,0.043548583984375,1,2,Kanono,Mignonette vine,Kanono,black huckleberry,American holly,velvetleaf
val/08327_Plantae_Tracheophyta_Magnoliopsida_Gentianales_Rubiaceae_Coprosma_grandifolia/0963a06a-ad1b-46fc-afcf-f6f1653ca4f6.jpg,408,405,0,405,465,432,351,408,0.15625,0.06439208984375,0.062744140625,0.03778076171875,0.03582763671875,1,5,Kanono,Coast silk tassel,Blackthorn,common pawpaw,Mountain Horopito,Kanono
val/08327_Plantae_Tracheophyta_Magnoliopsida_Gentianales_Rubiaceae_Coprosma_grandifolia/a1693e2e-436e-4d26-95f8-e41c8766afe8.jpg,408,443,0,443,353,337,458,408,0.07989501953125,0.02783203125,0.0267791748046875,0.020172119140625,0.017486572265625,1,5,Kanono,velvetleaf,Mignonette vine,prairie dock,meadow buttercup,Kanono
val/08426_Plantae_Tracheophyta_Magnoliopsida_Lamiales_Lamiaceae_Ajuga_genevensis/2100173e-7610-4675-9272-16286d3ae027.jpg,409,364,0,364,409,285,410,416,0.05633544921875,0.04345703125,0.0418701171875,0.035675048828125,0.032623291015625,1,2,Blue Bugle,alpine bistort,Blue Bugle,small camas,carpet bugle,woolly blue curls
val/08426_Plantae_Tracheophyta_Magnoliopsida_Lamiales_Lamiaceae_Ajuga_genevensis/831187cf-9eca-43e9-ba83-753b2712ccea.jpg,409,410,0,410,417,409,475,485,0.090576171875,0.0556640625,0.042694091796875,0.0294036865234375,0.028411865234375,1,3,Blue Bugle,carpet bugle,Lilac chaste tree,Blue Bugle,field maple,Porcelain Berry
val/08426_Plantae_Tracheophyta_Magnoliopsida_Lamiales_Lamiaceae_Ajuga_genevensis/20270bfe-ccbf-41cb-b39d-f678219b8f0f.jpg,409,415,0,415,431,286,34,409,0.1029052734375,0.0592041015625,0.052978515625,0.048614501953125,0.04339599609375,1,5,Blue Bugle,Marsh Woundwort,Dakota mock vervain,Grape hyacinth,Southern Carpenter Bee,Blue Bugle
val/08427_Plantae_Tracheophyta_Magnoliopsida_Lamiales_Lamiaceae_Ajuga_reptans/4635313b-a535-4be6-87e9-8d40fd7d6a6c.jpg,410,427,0,427,410,367,417,409,0.076171875,0.02947998046875,0.0266571044921875,0.0265350341796875,0.0259857177734375,1,2,carpet bugle,Butterfly bush,carpet bugle,redshank,Lilac chaste tree,Blue Bugle
val/08427_Plantae_Tracheophyta_Magnoliopsida_Lamiales_Lamiaceae_Ajuga_reptans/162e93c5-5948-483e-88a9-a3406f91fbe6.jpg,410,409,0,409,344,410,286,290,0.353759765625,0.07623291015625,0.046234130859375,0.0291595458984375,0.0287628173828125,1,3,carpet bugle,Blue Bugle,Salvation Jane,carpet bugle,Grape hyacinth,Red Helleborine
val/08427_Plantae_Tracheophyta_Magnoliopsida_Lamiales_Lamiaceae_Ajuga_reptans/fcbe6920-39aa-4023-a0ab-65ed5dd8c991.jpg,410,409,0,409,410,425,412,415,0.2919921875,0.042205810546875,0.0238037109375,0.0232086181640625,0.023162841796875,1,2,carpet bugle,Blue Bugle,carpet bugle,American brooklime,spotted horse mint,Marsh Woundwort
val/08427_Plantae_Tracheophyta_Magnoliopsida_Lamiales_Lamiaceae_Ajuga_reptans/0aafb60d-e751-45bb-8765-b972d0ce889b.jpg,410,409,0,409,291,410,364,415,0.25439453125,0.0435791015625,0.038604736328125,0.027252197265625,0.02313232421875,1,3,carpet bugle,Blue Bugle,Common Spotted Orchid,carpet bugle,alpine bistort,Marsh Woundwort
val/08460_Plantae_Tracheophyta_Magnoliopsida_Lamiales_Lamiaceae_Melissa_officinalis/83fd8480-ecf3-4bbb-8bb7-6cc368fc7e3d.jpg,411,447,0,447,459,411,470,332,0.140625,0.1119384765625,0.07861328125,0.0657958984375,0.015869140625,1,3,lemon balm,Wineberry,Korean mulberry,lemon balm,Canadian wood nettle,white rattlesnakeroot
val/08460_Plantae_Tracheophyta_Magnoliopsida_Lamiales_Lamiaceae_Melissa_officinalis/9c19ecdb-019c-4edf-b643-75d49e60937c.jpg,411,378,0,378,447,468,411,470,0.231201171875,0.07391357421875,0.069580078125,0.06768798828125,0.05938720703125,1,4,lemon balm,mapleleaf viburnum,Wineberry,American elm,lemon balm,Canadian wood nettle
val/08460_Plantae_Tracheophyta_Magnoliopsida_Lamiales_Lamiaceae_Melissa_officinalis/57334678-a970-4328-80bb-c370241f6e28.jpg,411,447,0,447,411,468,466,469,0.2381591796875,0.09716796875,0.07745361328125,0.036529541015625,0.027099609375,1,2,lemon balm,Wineberry,lemon balm,American elm,Himalayan-berry,Siberian elm
val/08460_Plantae_Tracheophyta_Magnoliopsida_Lamiales_Lamiaceae_Melissa_officinalis/91313bfb-9fa7-4a5f-8463-91af3023f648.jpg,411,470,0,470,468,411,466,447,0.7998046875,0.062164306640625,0.059783935546875,0.01392364501953125,0.006252288818359375,1,3,lemon balm,Canadian wood nettle,American elm,lemon balm,Himalayan-berry,Wineberry
val/08460_Plantae_Tracheophyta_Magnoliopsida_Lamiales_Lamiaceae_Melissa_officinalis/158d2214-4e27-420d-b1ba-462614c4878d.jpg,411,470,0,470,411,459,378,451,0.455322265625,0.12396240234375,0.044464111328125,0.03765869140625,0.036285400390625,1,2,lemon balm,Canadian wood nettle,lemon balm,Korean mulberry,mapleleaf viburnum,black cohosh
val/08460_Plantae_Tracheophyta_Magnoliopsida_Lamiales_Lamiaceae_Melissa_officinalis/4d585888-aad1-442b-81ad-89deb2a752ad.jpg,411,470,0,470,411,312,447,459,0.1983642578125,0.140625,0.08172607421875,0.08074951171875,0.047760009765625,1,2,lemon balm,Canadian wood nettle,lemon balm,Broad-leaved Chervil,Wineberry,Korean mulberry
val/08460_Plantae_Tracheophyta_Magnoliopsida_Lamiales_Lamiaceae_Melissa_officinalis/fb5f35f2-b2f7-4de0-871b-60069b7e0a57.jpg,411,494,0,494,411,451,468,471,0.09454345703125,0.088134765625,0.0670166015625,0.035675048828125,0.03204345703125,1,2,lemon balm,Hen and Chicks Fern,lemon balm,black cohosh,American elm,Dwarf Nettle
val/08486_Plantae_Tracheophyta_Magnoliopsida_Lamiales_Lamiaceae_Salvia_columbariae/bf9d2ae0-0e5b-48ea-8f1d-b3b13bd416f5.jpg,414,322,0,322,414,357,355,356,0.235595703125,0.04937744140625,0.047760009765625,0.031829833984375,0.030364990234375,1,2,chia,Texas Thistle,chia,viviparous foxtail cactus,Spiny Hedgehog Cactus,strawberry hedgehog cactus
val/08486_Plantae_Tracheophyta_Magnoliopsida_Lamiales_Lamiaceae_Salvia_columbariae/bb9f505a-f7a0-498d-b9ab-1aeb2ca0a9d1.jpg,414,16,0,16,281,414,68,34,0.0102081298828125,0.0099945068359375,0.0092926025390625,0.009246826171875,0.0079498291015625,1,3,chia,Kern's Flower Scarab,nodding onion,chia,Umber Skipper,Southern Carpenter Bee
val/08512_Plantae_Tracheophyta_Magnoliopsida_Lamiales_Lamiaceae_Stachys_palustris/5d36f4fc-cc4d-4727-9114-78170bff0f50.jpg,415,314,0,314,415,409,345,417,0.041534423828125,0.028839111328125,0.0246124267578125,0.023529052734375,0.0211181640625,1,2,Marsh Woundwort,Japanese aralia,Marsh Woundwort,Blue Bugle,broadleaf forget-me-not,Lilac chaste tree
val/08512_Plantae_Tracheophyta_Magnoliopsida_Lamiales_Lamiaceae_Stachys_palustris/3c3f837e-0132-4abb-8b33-ac9d74a38548.jpg,415,431,0,431,415,291,430,347,0.165283203125,0.1640625,0.034393310546875,0.0209197998046875,0.0208587646484375,1,2,Marsh Woundwort,Dakota mock vervain,Marsh Woundwort,Common Spotted Orchid,golden dewdrop,European Searocket
val/08523_Plantae_Tracheophyta_Magnoliopsida_Lamiales_Lamiaceae_Trichostema_lanatum/7438c69d-35e4-4669-9e52-dd20b46248a2.jpg,416,290,0,290,360,416,419,415,0.135986328125,0.11322021484375,0.0703125,0.035675048828125,0.0284881591796875,1,3,woolly blue curls,Red Helleborine,ragged-Robin,woolly blue curls,Purple paintbrush,Marsh Woundwort
val/08526_Plantae_Tracheophyta_Magnoliopsida_Lamiales_Lamiaceae_Vitex_agnus-castus/068d48e1-ca20-4c7a-8574-9dec0631ff4e.jpg,417,326,0,326,320,406,417,325,0.1365966796875,0.07952880859375,0.07647705078125,0.043304443359375,0.0291290283203125,1,4,Lilac chaste tree,dogfennel,common mugwort,American columbo,Lilac chaste tree,tall boneset
val/08526_Plantae_Tracheophyta_Magnoliopsida_Lamiales_Lamiaceae_Vitex_agnus-castus/8e7e1f9a-2753-4adc-ba4f-6386e9dd533d.jpg,417,427,0,427,313,417,428,410,0.058746337890625,0.05206298828125,0.047027587890625,0.0384521484375,0.0364990234375,1,3,Lilac chaste tree,Butterfly bush,upright hedge-parsley,Lilac chaste tree,Dark Mullein,carpet bugle
val/08526_Plantae_Tracheophyta_Magnoliopsida_Lamiales_Lamiaceae_Vitex_agnus-castus/804e3361-8513-44e1-a00f-18ce5c67447c.jpg,417,406,0,406,417,439,403,441,0.07391357421875,0.06427001953125,0.05859375,0.05615234375,0.04278564453125,1,2,Lilac chaste tree,American columbo,Lilac chaste tree,bebb's willow,willow oak,black willow
val/08526_Plantae_Tracheophyta_Magnoliopsida_Lamiales_Lamiaceae_Vitex_agnus-castus/b4dbae9c-bc23-459d-9778-7a39da917ad7.jpg,417,427,0,427,291,417,363,419,0.23046875,0.107177734375,0.0572509765625,0.054718017578125,0.04644775390625,1,3,Lilac chaste tree,Butterfly bush,Common Spotted Orchid,Lilac chaste tree,Perez's sea lavender,Purple paintbrush
val/08569_Plantae_Tracheophyta_Magnoliopsida_Lamiales_Orobanchaceae_Castilleja_arvensis/eae83514-fb07-403d-bb4e-bdbff3392ce5.jpg,418,422,0,422,418,478,419,450,0.50439453125,0.1336669921875,0.0244293212890625,0.0244293212890625,0.01007843017578125,1,2,field Indian paintbrush,Indian Warrior,field Indian paintbrush,western roseroot,Purple paintbrush,red pagoda
val/08569_Plantae_Tracheophyta_Magnoliopsida_Lamiales_Orobanchaceae_Castilleja_arvensis/33a4bdbb-4dd7-4170-91ed-534f5c2138f4.jpg,418,284,0,284,418,29,422,290,0.0296173095703125,0.026885986328125,0.01727294921875,0.01387786865234375,0.01284027099609375,1,2,field Indian paintbrush,asparagus,field Indian paintbrush,European Striped Shield Bug,Indian Warrior,Red Helleborine
val/08583_Plantae_Tracheophyta_Magnoliopsida_Lamiales_Orobanchaceae_Castilleja_purpurea/35976f07-9fd2-4596-82e2-164095c143b7.jpg,419,396,0,396,415,419,320,381,0.09466552734375,0.06768798828125,0.0531005859375,0.05108642578125,0.046783447265625,1,3,Purple paintbrush,white sweet clover,Marsh Woundwort,Purple paintbrush,common mugwort,common heather
val/08583_Plantae_Tracheophyta_Magnoliopsida_Lamiales_Orobanchaceae_Castilleja_purpurea/112980a9-2125-465d-833f-2561df2225f3.jpg,419,431,0,431,309,415,419,458,0.09326171875,0.06640625,0.0423583984375,0.032867431640625,0.0194091796875,1,4,Purple paintbrush,Dakota mock vervain,Saint Augustine grass,Marsh Woundwort,Purple paintbrush,meadow buttercup
val/08583_Plantae_Tracheophyta_Magnoliopsida_Lamiales_Orobanchaceae_Castilleja_purpurea/a5f6b007-f2b4-4246-a4c7-ceb65ff32474.jpg,419,334,0,334,419,415,291,431,0.10406494140625,0.10406494140625,0.049346923828125,0.049224853515625,0.04449462890625,1,2,Purple paintbrush,Great Plains Ragwort,Purple paintbrush,Marsh Woundwort,Common Spotted Orchid,Dakota mock vervain
val/08592_Plantae_Tracheophyta_Magnoliopsida_Lamiales_Orobanchaceae_Epifagus_virginiana/16e55a70-4d3c-46a9-ac92-2d7678fc2ac8.jpg,420,65,0,65,248,247,420,362,0.051849365234375,0.03759765625,0.036041259765625,0.03515625,0.023284912109375,1,4,Beechdrops,Juvenal's Duskywing,Massasauga,Western Rattlesnake,Beechdrops,Small-leaved Blinks
val/08592_Plantae_Tracheophyta_Magnoliopsida_Lamiales_Orobanchaceae_Epifagus_virginiana/79a07793-217e-4014-85be-e52beb8ffc90.jpg,420,243,0,243,472,237,420,463,0.04168701171875,0.038055419921875,0.033233642578125,0.03216552734375,0.0219879150390625,1,4,Beechdrops,Texas Coralsnake,desert mistletoe,Texas Alligator Lizard,Beechdrops,desert almond
val/08600_Plantae_Tracheophyta_Magnoliopsida_Lamiales_Orobanchaceae_Odontites_vulgaris/f0079a63-98ec-46b0-91e7-53fe3673687b.jpg,421,396,0,396,364,421,407,296,0.08575439453125,0.0355224609375,0.03277587890625,0.025970458984375,0.0240020751953125,1,3,Red Odontites,white sweet clover,alpine bistort,Red Odontites,Coprosma dumosa,Slender Ladies' Tresses
val/08600_Plantae_Tracheophyta_Magnoliopsida_Lamiales_Orobanchaceae_Odontites_vulgaris/bba3754b-cbb6-41b2-8ebd-d4fd0d19d711.jpg,421,364,0,364,421,381,343,348,0.353759765625,0.276611328125,0.032257080078125,0.02374267578125,0.022613525390625,1,2,Red Odontites,alpine bistort,Red Odontites,common heather,Sheep's-bit,hairy bittercress
val/08606_Plantae_Tracheophyta_Magnoliopsida_Lamiales_Orobanchaceae_Pedicularis_densiflora/8019bde8-68be-4edb-b0c5-1e41049c7592.jpg,422,418,0,418,423,299,422,293,0.03875732421875,0.03448486328125,0.0206756591796875,0.0204620361328125,0.013427734375,1,4,Indian Warrior,field Indian paintbrush,scarlet monkeyflower,fire lily,Indian Warrior,bird's-nest orchid
val/08606_Plantae_Tracheophyta_Magnoliopsida_Lamiales_Orobanchaceae_Pedicularis_densiflora/5b880ad3-bd73-4e9e-983d-52c120bf0e5f.jpg,422,478,0,478,422,316,474,351,0.042938232421875,0.037872314453125,0.0216827392578125,0.019683837890625,0.0181732177734375,1,2,Indian Warrior,western roseroot,Indian Warrior,Octopus Tree,elephant tree,Mountain Horopito
val/08606_Plantae_Tracheophyta_Magnoliopsida_Lamiales_Orobanchaceae_Pedicularis_densiflora/d5e5da0b-dead-46b6-95ca-1e94a9134ed2.jpg,422,316,0,316,405,380,422,407,0.043212890625,0.019561767578125,0.0189666748046875,0.016876220703125,0.016082763671875,1,4,Indian Warrior,Octopus Tree,Coast silk tassel,Big Berry Manzanita,Indian Warrior,Coprosma dumosa
val/08626_Plantae_Tracheophyta_Magnoliopsida_Lamiales_Phrymaceae_Erythranthe_cardinalis/6e6c13b4-257a-4079-9e08-5cf6cbe79ffe.jpg,423,29,0,29,298,423,122,40,0.04193115234375,0.040557861328125,0.028045654296875,0.0200958251953125,0.0198822021484375,1,3,scarlet monkeyflower,European Striped Shield Bug,scarlet fritillary,scarlet monkeyflower,Neurothemis taiwanensis,Metallic Epauletted-Sweat Bee
val/08626_Plantae_Tracheophyta_Magnoliopsida_Lamiales_Phrymaceae_Erythranthe_cardinalis/ddc0f7c1-1a7b-4659-9551-5d6199e80778.jpg,423,122,0,122,423,294,298,481,0.2135009765625,0.1375732421875,0.0693359375,0.03717041015625,0.0270233154296875,1,2,scarlet monkeyflower,Neurothemis taiwanensis,scarlet monkeyflower,Fly Orchid,scarlet fritillary,red morning glory
val/08626_Plantae_Tracheophyta_Magnoliopsida_Lamiales_Phrymaceae_Erythranthe_cardinalis/365a8edb-61fc-4f62-97be-fb442012e34a.jpg,423,336,0,336,418,423,478,449,0.0195465087890625,0.017059326171875,0.0158538818359375,0.0128326416015625,0.0127716064453125,1,3,scarlet monkeyflower,Woad-leaved ragwort,field Indian paintbrush,scarlet monkeyflower,western roseroot,Golden Sunshinebush
val/08633_Plantae_Tracheophyta_Magnoliopsida_Lamiales_Phrymaceae_Phryma_leptostachya/2e8feb74-e7bc-4be9-9fcb-d4f910a68338.jpg,424,335,0,335,424,378,475,451,0.180908203125,0.08660888671875,0.0633544921875,0.061553955078125,0.0185546875,1,2,American lopseed,leafcup,American lopseed,mapleleaf viburnum,field maple,black cohosh
val/08633_Plantae_Tracheophyta_Magnoliopsida_Lamiales_Phrymaceae_Phryma_leptostachya/48bf5e20-586c-4a4c-a835-209dc9991267.jpg,424,378,0,378,433,424,460,476,0.064697265625,0.039459228515625,0.038421630859375,0.03826904296875,0.029754638671875,1,3,American lopseed,mapleleaf viburnum,umbrella magnolia,American lopseed,parsley hawthorn,Red Buckeye
val/08633_Plantae_Tracheophyta_Magnoliopsida_Lamiales_Phrymaceae_Phryma_leptostachya/d8274dfe-a791-42ed-b000-48266b0f682d.jpg,424,378,0,378,479,480,424,411,0.140625,0.1258544921875,0.07196044921875,0.045562744140625,0.021697998046875,1,4,American lopseed,mapleleaf viburnum,Goose-berry,youth on age,American lopseed,lemon balm
val/08633_Plantae_Tracheophyta_Magnoliopsida_Lamiales_Phrymaceae_Phryma_leptostachya/d676af5b-f2f3-48fa-aeef-284799a822ec.jpg,424,125,0,125,121,480,294,424,0.060028076171875,0.056060791015625,0.042724609375,0.039398193359375,0.028076171875,1,5,American lopseed,Long-winged Conehead,Small Spreadwing,youth on age,Fly Orchid,American lopseed
val/08633_Plantae_Tracheophyta_Magnoliopsida_Lamiales_Phrymaceae_Phryma_leptostachya/c2b12ae5-9e2b-4a31-9548-6b145b4062e1.jpg,424,411,0,411,424,459,408,447,0.041839599609375,0.0399169921875,0.034576416015625,0.03253173828125,0.0251007080078125,1,2,American lopseed,lemon balm,American lopseed,Korean mulberry,Kanono,Wineberry
val/08687_Plantae_Tracheophyta_Magnoliopsida_Lamiales_Plantaginaceae_Veronica_americana/9a8d34ca-fec2-4eab-807e-25eb87909de3.jpg,425,40,0,40,295,425,455,434,0.069580078125,0.03753662109375,0.0328369140625,0.0264129638671875,0.0206298828125,1,3,American brooklime,Metallic Epauletted-Sweat Bee,Philippine Ground Orchid,American brooklime,Swamp Leather Flower,common copperleaf
val/08687_Plantae_Tracheophyta_Magnoliopsida_Lamiales_Plantaginaceae_Veronica_americana/ecaa7432-4788-49f4-99ac-6aa6e801a533.jpg,425,346,0,346,483,425,297,485,0.1805419921875,0.08819580078125,0.06024169921875,0.032196044921875,0.019561767578125,1,3,American brooklime,water forget-me-not,western horsenettle,American brooklime,giant white fawn lily,Porcelain Berry
val/08687_Plantae_Tracheophyta_Magnoliopsida_Lamiales_Plantaginaceae_Veronica_americana/2dab62b6-f470-4f51-a15d-223f6439af0d.jpg,425,345,0,345,12,455,425,31,0.057342529296875,0.044921875,0.04052734375,0.04046630859375,0.039642333984375,1,4,American brooklime,broadleaf forget-me-not,Hadda Beetle,Swamp Leather Flower,American brooklime,Southern Green Stink Bug
val/08687_Plantae_Tracheophyta_Magnoliopsida_Lamiales_Plantaginaceae_Veronica_americana/e1e919b7-b5a3-402f-9b81-fa8bc73017a1.jpg,425,346,0,346,425,408,40,345,0.237060546875,0.03277587890625,0.025543212890625,0.0250091552734375,0.02447509765625,1,2,American brooklime,water forget-me-not,American brooklime,Kanono,Metallic Epauletted-Sweat Bee,broadleaf forget-me-not
val/08693_Plantae_Tracheophyta_Magnoliopsida_Lamiales_Plantaginaceae_Veronica_filiformis/16265456-d9a5-44f1-ae87-af59901f2507.jpg,426,330,0,330,453,426,456,482,0.70654296875,0.041351318359375,0.040863037109375,0.00931549072265625,0.0086212158203125,1,3,Slender speedwell,oxeye daisy,meadow anemone,Slender speedwell,Virginia virgin's-bower,Obscure Morning Glory
val/08693_Plantae_Tracheophyta_Magnoliopsida_Lamiales_Plantaginaceae_Veronica_filiformis/aa94efa1-d33d-4d26-99fa-4ac8268d96e0.jpg,426,312,0,312,426,359,482,453,0.1807861328125,0.1348876953125,0.11224365234375,0.031982421875,0.0291748046875,1,2,Slender speedwell,Broad-leaved Chervil,Slender speedwell,Sea Sandwort,Obscure Morning Glory,meadow anemone
val/08709_Plantae_Tracheophyta_Magnoliopsida_Lamiales_Scrophulariaceae_Buddleja_davidii/d85875ff-e14d-4a58-8c08-6799aebe670f.jpg,427,363,0,363,427,291,381,431,0.185302734375,0.1551513671875,0.08111572265625,0.036865234375,0.03515625,1,2,Butterfly bush,Perez's sea lavender,Butterfly bush,Common Spotted Orchid,common heather,Dakota mock vervain
val/08709_Plantae_Tracheophyta_Magnoliopsida_Lamiales_Scrophulariaceae_Buddleja_davidii/05d35aff-c5c7-4c24-adb6-aa1c7cd7cef2.jpg,427,242,0,242,377,462,427,398,0.01812744140625,0.0166015625,0.014404296875,0.01389312744140625,0.01210784912109375,1,4,Butterfly bush,Brown Basilisk,Western Snowberry,dwarf cinquefoil,Butterfly bush,black locust
val/08709_Plantae_Tracheophyta_Magnoliopsida_Lamiales_Scrophulariaceae_Buddleja_davidii/ad067fca-dccf-4892-9b78-285e27fa99f0.jpg,427,444,0,444,427,417,415,386,0.056915283203125,0.04718017578125,0.038818359375,0.032379150390625,0.03009033203125,1,2,Butterfly bush,Island Mallow,Butterfly bush,Lilac chaste tree,Marsh Woundwort,alpine azalea
val/08709_Plantae_Tracheophyta_Magnoliopsida_Lamiales_Scrophulariaceae_Buddleja_davidii/e92990fc-24f3-4d24-8dae-68b90bb19d72.jpg,427,363,0,363,427,291,415,431,0.167724609375,0.10760498046875,0.0904541015625,0.08282470703125,0.0236968994140625,1,2,Butterfly bush,Perez's sea lavender,Butterfly bush,Common Spotted Orchid,Marsh Woundwort,Dakota mock vervain
val/08717_Plantae_Tracheophyta_Magnoliopsida_Lamiales_Scrophulariaceae_Verbascum_nigrum/d9eb3a1f-531f-4f9b-a93f-adf39f475e61.jpg,428,451,0,451,312,496,428,359,0.1669921875,0.12310791015625,0.044677734375,0.043060302734375,0.0396728515625,1,4,Dark Mullein,black cohosh,Broad-leaved Chervil,brittle bladderfern,Dark Mullein,Sea Sandwort
val/08719_Plantae_Tracheophyta_Magnoliopsida_Lamiales_Scrophulariaceae_Verbascum_virgatum/262d0558-e908-4bfc-911a-c8a9bf0877d1.jpg,429,32,0,32,442,429,267,301,0.086669921875,0.058074951171875,0.055755615234375,0.0399169921875,0.038604736328125,1,3,Wand Mullein,Jagged Ambush Bug,Round-leaved Violet,Wand Mullein,Lichen Agaric,snow trillium
val/08719_Plantae_Tracheophyta_Magnoliopsida_Lamiales_Scrophulariaceae_Verbascum_virgatum/1d71b9ba-76b8-46c6-8ab8-8dc77b6a16cb.jpg,429,308,0,308,347,429,428,367,0.08099365234375,0.0631103515625,0.045166015625,0.037506103515625,0.037384033203125,1,3,Wand Mullein,Green Bristle Grass,European Searocket,Wand Mullein,Dark Mullein,redshank
val/08719_Plantae_Tracheophyta_Magnoliopsida_Lamiales_Scrophulariaceae_Verbascum_virgatum/0adaf25b-0ac3-4c05-8193-a54c0616a5e0.jpg,429,32,0,32,429,442,423,353,0.05999755859375,0.05389404296875,0.051025390625,0.033905029296875,0.033294677734375,1,2,Wand Mullein,Jagged Ambush Bug,Wand Mullein,Round-leaved Violet,scarlet monkeyflower,Mignonette vine
val/08723_Plantae_Tracheophyta_Magnoliopsida_Lamiales_Verbenaceae_Duranta_erecta/e2f599a2-947a-493e-9e8a-5a57297aaf77.jpg,430,346,0,346,295,425,430,455,0.039886474609375,0.0391845703125,0.03302001953125,0.031585693359375,0.0267181396484375,1,4,golden dewdrop,water forget-me-not,Philippine Ground Orchid,American brooklime,golden dewdrop,Swamp Leather Flower
val/08723_Plantae_Tracheophyta_Magnoliopsida_Lamiales_Verbenaceae_Duranta_erecta/7747878b-63e9-4930-9062-ba732e1e1946.jpg,430,431,0,431,430,347,295,415,0.1494140625,0.10247802734375,0.0904541015625,0.0340576171875,0.0231170654296875,1,2,golden dewdrop,Dakota mock vervain,golden dewdrop,European Searocket,Philippine Ground Orchid,Marsh Woundwort
val/08723_Plantae_Tracheophyta_Magnoliopsida_Lamiales_Verbenaceae_Duranta_erecta/5b9c59f6-fdef-46e0-8b66-0626ecb805b6.jpg,430,353,0,353,430,314,439,317,0.09332275390625,0.030975341796875,0.02655029296875,0.0263214111328125,0.0220184326171875,1,2,golden dewdrop,Mignonette vine,golden dewdrop,Japanese aralia,bebb's willow,American holly
val/08723_Plantae_Tracheophyta_Magnoliopsida_Lamiales_Verbenaceae_Duranta_erecta/18a472fc-2707-4ed1-b396-747100d02e84.jpg,430,431,0,431,291,415,430,347,0.2998046875,0.0889892578125,0.08148193359375,0.050689697265625,0.0322265625,1,4,golden dewdrop,Dakota mock vervain,Common Spotted Orchid,Marsh Woundwort,golden dewdrop,European Searocket
val/08723_Plantae_Tracheophyta_Magnoliopsida_Lamiales_Verbenaceae_Duranta_erecta/a82b1fc8-29a6-4291-9acc-d1908f1f8b48.jpg,430,464,0,464,379,398,440,430,0.0540771484375,0.04925537109375,0.047088623046875,0.0313720703125,0.0289154052734375,1,5,golden dewdrop,sand cherry,strawberry tree,black locust,Grey Willow,golden dewdrop
val/08723_Plantae_Tracheophyta_Magnoliopsida_Lamiales_Verbenaceae_Duranta_erecta/49623efc-bcee-4919-ab21-ddce4c379230.jpg,430,346,0,346,404,398,430,359,0.0240325927734375,0.0187835693359375,0.0184783935546875,0.0184173583984375,0.0178375244140625,1,4,golden dewdrop,water forget-me-not,California Wax Myrtle,black locust,golden dewdrop,Sea Sandwort
val/08724_Plantae_Tracheophyta_Magnoliopsida_Lamiales_Verbenaceae_Glandularia_bipinnatifida/3761f156-3477-41b5-8709-6519551ee742.jpg,431,415,0,415,431,286,391,416,0.06378173828125,0.053314208984375,0.047149658203125,0.0273895263671875,0.0223541259765625,1,2,Dakota mock vervain,Marsh Woundwort,Dakota mock vervain,Grape hyacinth,longleaf phlox,woolly blue curls
val/08757_Plantae_Tracheophyta_Magnoliopsida_Magnoliales_Annonaceae_Asimina_triloba/5efb855a-3ac8-4cdd-b8f0-bc34ea7aaad5.jpg,432,40,0,40,432,385,31,259,0.023101806640625,0.0208740234375,0.01381683349609375,0.0127105712890625,0.01104736328125,1,2,common pawpaw,Metallic Epauletted-Sweat Bee,common pawpaw,Gaultheria antipoda,Southern Green Stink Bug,Turkish Snail
val/08757_Plantae_Tracheophyta_Magnoliopsida_Magnoliales_Annonaceae_Asimina_triloba/837d354a-627a-43b1-8364-cb7f0faa4e7a.jpg,432,468,0,468,403,433,440,432,0.10089111328125,0.032745361328125,0.02996826171875,0.0294342041015625,0.0256805419921875,1,5,common pawpaw,American elm,willow oak,umbrella magnolia,Grey Willow,common pawpaw
val/08757_Plantae_Tracheophyta_Magnoliopsida_Magnoliales_Annonaceae_Asimina_triloba/370afa59-8295-484f-b99a-f68c79b4cd9b.jpg,432,29,0,29,43,26,258,432,0.041168212890625,0.024261474609375,0.0215911865234375,0.0200958251953125,0.017333984375,1,5,common pawpaw,European Striped Shield Bug,Garden Webworm Moth,Western Leaf-footed Bug,White-lipped Snail,common pawpaw
val/08757_Plantae_Tracheophyta_Magnoliopsida_Magnoliales_Annonaceae_Asimina_triloba/3eeea512-43c5-460d-b110-0a0f42dd9add.jpg,432,433,0,433,402,432,476,468,0.1939697265625,0.12237548828125,0.0947265625,0.0275115966796875,0.0267181396484375,1,3,common pawpaw,umbrella magnolia,swamp chestnut oak,common pawpaw,Red Buckeye,American elm
val/08763_Plantae_Tracheophyta_Magnoliopsida_Magnoliales_Magnoliaceae_Magnolia_tripetala/a32e6a2d-124f-4a76-a582-85834aaa6e44.jpg,433,378,0,378,433,402,332,470,0.09100341796875,0.05609130859375,0.050262451171875,0.034332275390625,0.02435302734375,1,2,umbrella magnolia,mapleleaf viburnum,umbrella magnolia,swamp chestnut oak,white rattlesnakeroot,Canadian wood nettle
val/08763_Plantae_Tracheophyta_Magnoliopsida_Magnoliales_Magnoliaceae_Magnolia_tripetala/fc54d105-da8d-4bdf-8c44-6e516fbb9dc3.jpg,433,476,0,476,433,432,439,461,0.1905517578125,0.1533203125,0.09429931640625,0.0280914306640625,0.02532958984375,1,2,umbrella magnolia,Red Buckeye,umbrella magnolia,common pawpaw,bebb's willow,Loquat
val/08767_Plantae_Tracheophyta_Magnoliopsida_Malpighiales_Euphorbiaceae_Acalypha_rhomboidea/f208a95f-61a8-424a-b886-6ed371158c3d.jpg,434,439,0,439,434,440,307,412,0.1044921875,0.03472900390625,0.031585693359375,0.0300750732421875,0.0240325927734375,1,2,common copperleaf,bebb's willow,common copperleaf,Grey Willow,Annual Meadow-grass,spotted horse mint
val/08773_Plantae_Tracheophyta_Magnoliopsida_Malpighiales_Euphorbiaceae_Croton_glandulosus/0489af17-8fd4-4a25-84bd-7dc3e70bd9ec.jpg,435,434,0,434,435,302,475,459,0.07183837890625,0.0545654296875,0.02435302734375,0.01410675048828125,0.012908935546875,1,2,Tropic Croton,common copperleaf,Tropic Croton,painted trillium,field maple,Korean mulberry
val/08804_Plantae_Tracheophyta_Magnoliopsida_Malpighiales_Euphorbiaceae_Euphorbia_ophthalmica/7d3dc039-453d-4689-8ddd-26fac5ca607c.jpg,436,315,0,315,301,436,297,122,0.1798095703125,0.029449462890625,0.028961181640625,0.0160675048828125,0.01361083984375,1,3,Florida Hammock Sandmat,dwarf ginseng,snow trillium,Florida Hammock Sandmat,giant white fawn lily,Neurothemis taiwanensis
val/08804_Plantae_Tracheophyta_Magnoliopsida_Malpighiales_Euphorbiaceae_Euphorbia_ophthalmica/4cbfe7dc-6cdd-42ec-8215-7ba9beaaf46f.jpg,436,47,0,47,243,370,27,436,0.0726318359375,0.042266845703125,0.0222625732421875,0.0189666748046875,0.01605224609375,1,5,Florida Hammock Sandmat,Volupial Pyrausta Moth,Texas Coralsnake,woodland pterostegia,Western Conifer Seed Bug,Florida Hammock Sandmat
val/08804_Plantae_Tracheophyta_Magnoliopsida_Malpighiales_Euphorbiaceae_Euphorbia_ophthalmica/993323e8-2923-47a1-b69d-f1b4db7616e3.jpg,436,469,0,469,368,436,482,370,0.1585693359375,0.109619140625,0.08892822265625,0.07769775390625,0.072998046875,1,3,Florida Hammock Sandmat,Siberian elm,prostrate knotweed,Florida Hammock Sandmat,Obscure Morning Glory,woodland pterostegia
val/08818_Plantae_Tracheophyta_Magnoliopsida_Malpighiales_Euphorbiaceae_Manihot_esculenta/24d63ea8-a024-43b9-b4f3-babefcbe462d.jpg,437,379,0,379,437,314,324,417,0.0526123046875,0.044219970703125,0.04388427734375,0.037445068359375,0.036956787109375,1,2,Cassava,strawberry tree,Cassava,Japanese aralia,tropical horseweed,Lilac chaste tree
val/08818_Plantae_Tracheophyta_Magnoliopsida_Malpighiales_Euphorbiaceae_Manihot_esculenta/4687250e-14f3-4225-b548-230e434984b6.jpg,437,476,0,476,432,379,437,433,0.057403564453125,0.04315185546875,0.0280609130859375,0.017852783203125,0.0164642333984375,1,4,Cassava,Red Buckeye,common pawpaw,strawberry tree,Cassava,umbrella magnolia
val/08834_Plantae_Tracheophyta_Magnoliopsida_Malpighiales_Hypericaceae_Hypericum_perforatum/1a080637-7a5a-485d-a2bd-5f36efe45041.jpg,438,334,0,334,321,328,438,323,0.21484375,0.17333984375,0.13037109375,0.11590576171875,0.0677490234375,1,4,Klamath weed,Great Plains Ragwort,tickseed beggar-ticks,Bitterweed,Klamath weed,narrow-leaved hawksbeard
val/08867_Plantae_Tracheophyta_Magnoliopsida_Malpighiales_Salicaceae_Salix_bebbiana/f4c30c03-c5a9-4f2c-bae9-eb94e5ccf7ac.jpg,439,325,0,325,439,440,331,335,0.170654296875,0.044952392578125,0.044189453125,0.0372314453125,0.0299835205078125,1,2,bebb's willow,tall boneset,bebb's willow,Grey Willow,Snow Squarestem,leafcup
val/08869_Plantae_Tracheophyta_Magnoliopsida_Malpighiales_Salicaceae_Salix_cinerea/7afc7e67-d2ee-403f-8a4f-01d56af9f33a.jpg,440,404,0,404,459,469,379,440,0.04901123046875,0.031829833984375,0.0308685302734375,0.0296630859375,0.0293426513671875,1,5,Grey Willow,California Wax Myrtle,Korean mulberry,Siberian elm,strawberry tree,Grey Willow
val/08878_Plantae_Tracheophyta_Magnoliopsida_Malpighiales_Salicaceae_Salix_nigra/e623102d-1ee9-488b-8b2f-cccc91f2f84a.jpg,441,352,0,352,441,437,339,427,0.2227783203125,0.049407958984375,0.0439453125,0.035736083984375,0.033050537109375,1,2,black willow,Mexican tea,black willow,Cassava,prickly sowthistle,Butterfly bush
val/08878_Plantae_Tracheophyta_Magnoliopsida_Malpighiales_Salicaceae_Salix_nigra/bb36830b-5b6b-4574-9298-96844a72628c.jpg,441,490,0,490,441,489,498,276,0.0714111328125,0.044158935546875,0.025787353515625,0.0211029052734375,0.020660400390625,1,2,black willow,white fir,black willow,Montezuma cypress,ladder fern,delicate fern moss
val/08878_Plantae_Tracheophyta_Magnoliopsida_Malpighiales_Salicaceae_Salix_nigra/8ce6b4b5-75c6-4a55-8b2d-2c50102e2241.jpg,441,488,0,488,394,382,489,441,0.1368408203125,0.07501220703125,0.06427001953125,0.06109619140625,0.047393798828125,1,5,black willow,baldcypress,longleaf wattle,sand heath,Montezuma cypress,black willow
val/08930_Plantae_Tracheophyta_Magnoliopsida_Malvales_Malvaceae_Abutilon_theophrasti/04fd43b0-9efd-41e6-aef5-55997f95ce3b.jpg,443,455,0,455,88,443,295,454,0.0268096923828125,0.0195159912109375,0.015625,0.01480865478515625,0.014617919921875,1,3,velvetleaf,Swamp Leather Flower,Julia Butterfly,velvetleaf,Philippine Ground Orchid,common columbine
val/09069_Plantae_Tracheophyta_Magnoliopsida_Myrtales_Onagraceae_Oenothera_rosea/33440767-6cc2-423a-a895-f514d9390ecb.jpg,446,390,0,390,391,426,446,444,0.415771484375,0.04107666015625,0.027313232421875,0.0260009765625,0.025054931640625,1,4,rose evening primrose,Drummond's phlox,longleaf phlox,Slender speedwell,rose evening primrose,Island Mallow
val/09089_Plantae_Tracheophyta_Magnoliopsida_Oxalidales_Elaeocarpaceae_Aristotelia_serrata/839efdd2-1e62-4abb-a47f-3dbb56a8a1da.jpg,447,379,0,379,468,459,469,447,0.045379638671875,0.041412353515625,0.03314208984375,0.0233154296875,0.021270751953125,1,5,Wineberry,strawberry tree,American elm,Korean mulberry,Siberian elm,Wineberry
val/09089_Plantae_Tracheophyta_Magnoliopsida_Oxalidales_Elaeocarpaceae_Aristotelia_serrata/4dd7b937-bf19-4a8f-98b1-104c6d96634c.jpg,447,439,0,439,379,447,353,403,0.045562744140625,0.03863525390625,0.032989501953125,0.029541015625,0.028045654296875,1,3,Wineberry,bebb's willow,strawberry tree,Wineberry,Mignonette vine,willow oak
val/09089_Plantae_Tracheophyta_Magnoliopsida_Oxalidales_Elaeocarpaceae_Aristotelia_serrata/15c3eb47-c89a-4f80-b98d-797d6cc51c73.jpg,447,398,0,398,459,447,469,366,0.1092529296875,0.03118896484375,0.027496337890625,0.0260772705078125,0.023651123046875,1,3,Wineberry,black locust,Korean mulberry,Wineberry,Siberian elm,Fringed Bindweed
val/09089_Plantae_Tracheophyta_Magnoliopsida_Oxalidales_Elaeocarpaceae_Aristotelia_serrata/d19f108e-28c9-4e16-abba-1f76ac688d2d.jpg,447,411,0,411,471,311,447,378,0.0382080078125,0.03753662109375,0.0237274169921875,0.018341064453125,0.015625,1,4,Wineberry,lemon balm,Dwarf Nettle,princess pine,Wineberry,mapleleaf viburnum
val/09124_Plantae_Tracheophyta_Magnoliopsida_Proteales_Proteaceae_Banksia_integrifolia/a27ca6cb-27c0-49c9-974e-ce813b2005b4.jpg,448,29,0,29,401,86,448,250,0.01580810546875,0.015289306640625,0.0145721435546875,0.01092529296875,0.01004791259765625,1,4,Coastal Banksia,European Striped Shield Bug,Yellow milkwort,Lesser Marbled Fritillary,Coastal Banksia,Nuttall's Cockle
val/09128_Plantae_Tracheophyta_Magnoliopsida_Proteales_Proteaceae_Leucadendron_laureolum/5c8937c1-bf2d-42c7-bd94-2521987f9b75.jpg,449,326,0,326,338,449,320,354,0.05133056640625,0.037841796875,0.0357666015625,0.032318115234375,0.0284271240234375,1,3,Golden Sunshinebush,dogfennel,common wrinkle-leaved goldenrod,Golden Sunshinebush,common mugwort,Strawberry Cactus
val/09128_Plantae_Tracheophyta_Magnoliopsida_Proteales_Proteaceae_Leucadendron_laureolum/7a9f6a32-c7af-4eba-91bb-8cb2e45f829e.jpg,449,320,0,320,333,382,326,449,0.06915283203125,0.0682373046875,0.061767578125,0.0469970703125,0.03680419921875,1,5,Golden Sunshinebush,common mugwort,Tauhinu,sand heath,dogfennel,Golden Sunshinebush
val/09199_Plantae_Tracheophyta_Magnoliopsida_Ranunculales_Ranunculaceae_Actaea_racemosa/e55aa8f2-fee1-4d9f-8d68-5a1e8f7c9aa6.jpg,451,312,0,312,451,447,475,496,0.11865234375,0.07366943359375,0.04058837890625,0.037689208984375,0.03143310546875,1,2,black cohosh,Broad-leaved Chervil,black cohosh,Wineberry,field maple,brittle bladderfern
val/09199_Plantae_Tracheophyta_Magnoliopsida_Ranunculales_Ranunculaceae_Actaea_racemosa/8499e9bf-a09b-49d4-aacc-7f4a41b385ba.jpg,451,317,0,317,459,447,451,402,0.055755615234375,0.0472412109375,0.041290283203125,0.02484130859375,0.0213775634765625,1,4,black cohosh,American holly,Korean mulberry,Wineberry,black cohosh,swamp chestnut oak
val/09199_Plantae_Tracheophyta_Magnoliopsida_Ranunculales_Ranunculaceae_Actaea_racemosa/1277d6fd-ea70-469b-afdc-91e083e09f95.jpg,451,478,0,478,422,451,320,386,0.122802734375,0.0310821533203125,0.01953125,0.016845703125,0.0147857666015625,1,3,black cohosh,western roseroot,Indian Warrior,black cohosh,common mugwort,alpine azalea
val/09199_Plantae_Tracheophyta_Magnoliopsida_Ranunculales_Ranunculaceae_Actaea_racemosa/11d6daa6-456e-4978-9540-db90102624c5.jpg,451,470,0,470,332,312,451,378,0.290771484375,0.18115234375,0.07098388671875,0.0509033203125,0.050018310546875,1,4,black cohosh,Canadian wood nettle,white rattlesnakeroot,Broad-leaved Chervil,black cohosh,mapleleaf viburnum
val/09202_Plantae_Tracheophyta_Magnoliopsida_Ranunculales_Ranunculaceae_Adonis_vernalis/8d93131c-1480-4fa3-b7f1-bce3aee2f433.jpg,452,321,0,321,452,458,22,334,0.0745849609375,0.0546875,0.04669189453125,0.042999267578125,0.031402587890625,1,2,Spring Adonis,tickseed beggar-ticks,Spring Adonis,meadow buttercup,Transverse-banded Flower Fly,Great Plains Ragwort
val/09221_Plantae_Tracheophyta_Magnoliopsida_Ranunculales_Ranunculaceae_Aquilegia_vulgaris/7a248363-4453-4c55-8196-8c996b8f3371.jpg,454,295,0,295,454,391,446,360,0.131591796875,0.06146240234375,0.04766845703125,0.037872314453125,0.035491943359375,1,2,common columbine,Philippine Ground Orchid,common columbine,longleaf phlox,rose evening primrose,ragged-Robin
val/09221_Plantae_Tracheophyta_Magnoliopsida_Ranunculales_Ranunculaceae_Aquilegia_vulgaris/2e8185e6-8be2-40f4-8937-8fca7d315d2f.jpg,454,416,0,416,454,295,455,289,0.12060546875,0.099365234375,0.09503173828125,0.08367919921875,0.054443359375,1,2,common columbine,woolly blue curls,common columbine,Philippine Ground Orchid,Swamp Leather Flower,Spring Crocus
val/09226_Plantae_Tracheophyta_Magnoliopsida_Ranunculales_Ranunculaceae_Clematis_crispa/8ac5704b-5d1c-4be8-ba03-4d94e25adc8e.jpg,455,289,0,289,455,391,390,297,0.052825927734375,0.035186767578125,0.027618408203125,0.0227203369140625,0.0219573974609375,1,2,Swamp Leather Flower,Spring Crocus,Swamp Leather Flower,longleaf phlox,Drummond's phlox,giant white fawn lily
val/09226_Plantae_Tracheophyta_Magnoliopsida_Ranunculales_Ranunculaceae_Clematis_crispa/324674e9-6f44-453b-8fc5-53dda100de55.jpg,455,289,0,289,455,391,286,457,0.2467041015625,0.0640869140625,0.043792724609375,0.02374267578125,0.022369384765625,1,2,Swamp Leather Flower,Spring Crocus,Swamp Leather Flower,longleaf phlox,Grape hyacinth,eastern pasqueflower
val/09226_Plantae_Tracheophyta_Magnoliopsida_Ranunculales_Ranunculaceae_Clematis_crispa/b68a2ee4-1c9a-4518-ba03-af7a95d9e0ce.jpg,455,430,0,430,281,455,416,443,0.0238037109375,0.0206146240234375,0.0173492431640625,0.01531982421875,0.01096343994140625,1,3,Swamp Leather Flower,golden dewdrop,nodding onion,Swamp Leather Flower,woolly blue curls,velvetleaf
val/09226_Plantae_Tracheophyta_Magnoliopsida_Ranunculales_Ranunculaceae_Clematis_crispa/197abc3b-b578-43c5-bf77-85385ba81131.jpg,455,390,0,390,455,345,391,95,0.053558349609375,0.0533447265625,0.039031982421875,0.0232391357421875,0.020050048828125,1,2,Swamp Leather Flower,Drummond's phlox,Swamp Leather Flower,broadleaf forget-me-not,longleaf phlox,Barred Yellow
val/09226_Plantae_Tracheophyta_Magnoliopsida_Ranunculales_Ranunculaceae_Clematis_crispa/65ebb536-ddc6-4ad1-88d8-c69c4ea19f49.jpg,455,346,0,346,295,345,455,342,0.02813720703125,0.0173187255859375,0.0158233642578125,0.015289306640625,0.01519775390625,1,4,Swamp Leather Flower,water forget-me-not,Philippine Ground Orchid,broadleaf forget-me-not,Swamp Leather Flower,California Harebell
val/09235_Plantae_Tracheophyta_Magnoliopsida_Ranunculales_Ranunculaceae_Clematis_virginiana/1c69e212-3c19-411b-a9c9-aeb3747ebaf4.jpg,456,357,0,357,456,311,340,356,0.0426025390625,0.0355224609375,0.0179901123046875,0.016357421875,0.01558685302734375,1,2,Virginia virgin's-bower,viviparous foxtail cactus,Virginia virgin's-bower,princess pine,common dandelion,strawberry hedgehog cactus
val/09258_Plantae_Tracheophyta_Magnoliopsida_Ranunculales_Ranunculaceae_Pulsatilla_patens/00c50057-009b-46e2-b7e4-dd5d1f97271b.jpg,457,391,0,391,446,289,344,457,0.032073974609375,0.0313720703125,0.030242919921875,0.021148681640625,0.0198822021484375,1,5,eastern pasqueflower,longleaf phlox,rose evening primrose,Spring Crocus,Salvation Jane,eastern pasqueflower
val/09258_Plantae_Tracheophyta_Magnoliopsida_Ranunculales_Ranunculaceae_Pulsatilla_patens/89c211b0-0708-4bad-a02f-bd8b629701a4.jpg,457,452,0,452,340,457,442,297,0.06494140625,0.034393310546875,0.02911376953125,0.0254669189453125,0.0171356201171875,1,3,eastern pasqueflower,Spring Adonis,common dandelion,eastern pasqueflower,Round-leaved Violet,giant white fawn lily
val/09258_Plantae_Tracheophyta_Magnoliopsida_Ranunculales_Ranunculaceae_Pulsatilla_patens/4d1bcb6b-9b57-43ad-87ec-3199d225181d.jpg,457,289,0,289,457,344,446,391,0.41357421875,0.1651611328125,0.064208984375,0.0301361083984375,0.0191192626953125,1,2,eastern pasqueflower,Spring Crocus,eastern pasqueflower,Salvation Jane,rose evening primrose,longleaf phlox
val/09260_Plantae_Tracheophyta_Magnoliopsida_Ranunculales_Ranunculaceae_Ranunculus_acris/94ca476b-a363-4c76-8614-7a473171ddc6.jpg,458,32,0,32,401,298,300,458,0.030853271484375,0.0211639404296875,0.0203399658203125,0.01910400390625,0.0171661376953125,1,5,meadow buttercup,Jagged Ambush Bug,Yellow milkwort,scarlet fritillary,Leopard Lily,meadow buttercup
val/09260_Plantae_Tracheophyta_Magnoliopsida_Ranunculales_Ranunculaceae_Ranunculus_acris/c7714fd7-a738-4b47-99d5-2eb29bcd8662.jpg,458,321,0,321,458,452,328,334,0.052154541015625,0.049468994140625,0.035247802734375,0.0321044921875,0.0308685302734375,1,2,meadow buttercup,tickseed beggar-ticks,meadow buttercup,Spring Adonis,Bitterweed,Great Plains Ragwort
val/09314_Plantae_Tracheophyta_Magnoliopsida_Rosales_Moraceae_Morus_indica/0fc284b6-7f97-4fd3-9469-f82b24c4645e.jpg,459,12,0,12,459,483,60,352,0.036895751953125,0.0208892822265625,0.0174102783203125,0.0172576904296875,0.0170745849609375,1,2,Korean mulberry,Hadda Beetle,Korean mulberry,western horsenettle,Alien Probole Moth,Mexican tea
val/09314_Plantae_Tracheophyta_Magnoliopsida_Rosales_Moraceae_Morus_indica/7485734f-adac-478c-b41b-207fce1ba76b.jpg,459,402,0,402,378,433,447,459,0.178466796875,0.11077880859375,0.06451416015625,0.042633056640625,0.032623291015625,1,5,Korean mulberry,swamp chestnut oak,mapleleaf viburnum,umbrella magnolia,Wineberry,Korean mulberry
val/09314_Plantae_Tracheophyta_Magnoliopsida_Rosales_Moraceae_Morus_indica/18202f6d-1ace-4e21-942c-f2ceed1ca34e.jpg,459,378,0,378,459,485,447,411,0.09686279296875,0.067626953125,0.0528564453125,0.05133056640625,0.03631591796875,1,2,Korean mulberry,mapleleaf viburnum,Korean mulberry,Porcelain Berry,Wineberry,lemon balm
val/09372_Plantae_Tracheophyta_Magnoliopsida_Rosales_Rosaceae_Crataegus_marshallii/ee05ea97-3a88-499e-b307-24b918a4c735.jpg,460,336,0,336,479,460,312,453,0.018798828125,0.0155029296875,0.015228271484375,0.01023101806640625,0.0101318359375,1,3,parsley hawthorn,Woad-leaved ragwort,Goose-berry,parsley hawthorn,Broad-leaved Chervil,meadow anemone
val/09372_Plantae_Tracheophyta_Magnoliopsida_Rosales_Rosaceae_Crataegus_marshallii/89f24a64-1293-4ed8-afc9-c426afb2fa2f.jpg,460,411,0,411,460,470,434,459,0.08544921875,0.04583740234375,0.044342041015625,0.0261383056640625,0.0252532958984375,1,2,parsley hawthorn,lemon balm,parsley hawthorn,Canadian wood nettle,common copperleaf,Korean mulberry
val/09379_Plantae_Tracheophyta_Magnoliopsida_Rosales_Rosaceae_Eriobotrya_japonica/0d90ef93-b706-4def-815b-efba00458c73.jpg,461,398,0,398,445,459,394,461,0.03826904296875,0.0360107421875,0.0220489501953125,0.0209197998046875,0.01849365234375,1,5,Loquat,black locust,Cherry Tree,Korean mulberry,longleaf wattle,Loquat
val/09408_Plantae_Tracheophyta_Magnoliopsida_Rosales_Rosaceae_Potentilla_canadensis/70f24298-da27-4931-a63b-13179ec03c68.jpg,462,348,0,348,462,345,366,370,0.07684326171875,0.040130615234375,0.035430908203125,0.0308380126953125,0.0298614501953125,1,2,dwarf cinquefoil,hairy bittercress,dwarf cinquefoil,broadleaf forget-me-not,Fringed Bindweed,woodland pterostegia
val/09408_Plantae_Tracheophyta_Magnoliopsida_Rosales_Rosaceae_Potentilla_canadensis/ee9a4886-0980-4cf7-9508-142f3a96f253.jpg,462,458,0,458,71,442,462,116,0.030853271484375,0.0190887451171875,0.01483154296875,0.0136566162109375,0.01348876953125,1,4,dwarf cinquefoil,meadow buttercup,Dorantes Longtail,Round-leaved Violet,dwarf cinquefoil,Ebony Jewelwing
val/09408_Plantae_Tracheophyta_Magnoliopsida_Rosales_Rosaceae_Potentilla_canadensis/db72872e-c89a-4066-9ee4-210f39c5a6e1.jpg,462,340,0,340,457,400,462,452,0.120361328125,0.031005859375,0.0291595458984375,0.0254058837890625,0.02508544921875,1,4,dwarf cinquefoil,common dandelion,eastern pasqueflower,candyroot,dwarf cinquefoil,Spring Adonis
val/09408_Plantae_Tracheophyta_Magnoliopsida_Rosales_Rosaceae_Potentilla_canadensis/89f352ff-8be1-48ee-95d4-6c38832d43a0.jpg,462,452,0,452,458,340,462,334,0.054962158203125,0.049560546875,0.035400390625,0.0288848876953125,0.0196380615234375,1,4,dwarf cinquefoil,Spring Adonis,meadow buttercup,common dandelion,dwarf cinquefoil,Great Plains Ragwort
val/09408_Plantae_Tracheophyta_Magnoliopsida_Rosales_Rosaceae_Potentilla_canadensis/5f2d31c0-332e-427f-849d-f2e1ba1224f5.jpg,462,332,0,332,462,315,292,317,0.097412109375,0.03997802734375,0.026580810546875,0.0255279541015625,0.02166748046875,1,2,dwarf cinquefoil,white rattlesnakeroot,dwarf cinquefoil,dwarf ginseng,checkered rattlesnake plantain,American holly
val/09423_Plantae_Tracheophyta_Magnoliopsida_Rosales_Rosaceae_Prunus_fasciculata/056c09f4-d76b-4783-b656-e8113a6b792b.jpg,463,407,0,407,463,319,472,365,0.134765625,0.0885009765625,0.0738525390625,0.040863037109375,0.0297088623046875,1,2,desert almond,Coprosma dumosa,desert almond,common burrobrush,desert mistletoe,skeleton weed
val/09423_Plantae_Tracheophyta_Magnoliopsida_Rosales_Rosaceae_Prunus_fasciculata/ed6012e8-7eef-45cd-aa8e-d71b1257b257.jpg,463,278,0,278,319,463,134,275,0.35107421875,0.077880859375,0.052581787109375,0.03369140625,0.0205841064453125,1,3,desert almond,Flat-leaved Scalewort,common burrobrush,desert almond,Blackspot Goatfish,fan moss
val/09431_Plantae_Tracheophyta_Magnoliopsida_Rosales_Rosaceae_Prunus_pumila/1b76eda4-8974-4c09-8112-bf0e88619137.jpg,464,195,0,195,392,188,282,464,0.06292724609375,0.05902099609375,0.0408935546875,0.032470703125,0.028045654296875,1,5,sand cherry,Eastern Towhee,pygmy-flower rock-jasmine,Cerulean Warbler,spring spiderlily,sand cherry
val/09433_Plantae_Tracheophyta_Magnoliopsida_Rosales_Rosaceae_Prunus_spinosa/dae621fd-286d-47fd-9f63-966df5eee8a2.jpg,465,380,0,380,465,469,407,351,0.024688720703125,0.0213165283203125,0.020782470703125,0.01806640625,0.01480865478515625,1,2,Blackthorn,Big Berry Manzanita,Blackthorn,Siberian elm,Coprosma dumosa,Mountain Horopito
val/09460_Plantae_Tracheophyta_Magnoliopsida_Rosales_Rosaceae_Rubus_bifrons/719726e1-1857-4b3a-b43f-3cb976cc3c5b.jpg,466,476,0,476,468,432,466,461,0.061798095703125,0.0592041015625,0.05242919921875,0.03436279296875,0.0284271240234375,1,4,Himalayan-berry,Red Buckeye,American elm,common pawpaw,Himalayan-berry,Loquat
val/09460_Plantae_Tracheophyta_Magnoliopsida_Rosales_Rosaceae_Rubus_bifrons/aadaafee-4fbe-4fb1-b63b-0beb441d1461.jpg,466,470,0,470,473,466,459,411,0.55712890625,0.08380126953125,0.06829833984375,0.044097900390625,0.012725830078125,1,3,Himalayan-berry,Canadian wood nettle,poison ivy,Himalayan-berry,Korean mulberry,lemon balm
val/09460_Plantae_Tracheophyta_Magnoliopsida_Rosales_Rosaceae_Rubus_bifrons/c37015c9-7fd4-4631-8e93-0e5d4888f8b4.jpg,466,461,0,461,466,468,473,432,0.05877685546875,0.03216552734375,0.0287628173828125,0.0279083251953125,0.0162811279296875,1,2,Himalayan-berry,Loquat,Himalayan-berry,American elm,poison ivy,common pawpaw
val/09499_Plantae_Tracheophyta_Magnoliopsida_Rosales_Ulmaceae_Ulmus_americana/381340cb-0b4e-4236-ac42-b0ee57808c3e.jpg,468,432,0,432,468,470,476,473,0.103759765625,0.04437255859375,0.031524658203125,0.0268707275390625,0.0228729248046875,1,2,American elm,common pawpaw,American elm,Canadian wood nettle,Red Buckeye,poison ivy
val/09499_Plantae_Tracheophyta_Magnoliopsida_Rosales_Ulmaceae_Ulmus_americana/f5588fd3-a3a2-43e8-ad3c-70a96719d998.jpg,468,433,0,433,468,402,447,366,0.1077880859375,0.09796142578125,0.03448486328125,0.031524658203125,0.0303497314453125,1,2,American elm,umbrella magnolia,American elm,swamp chestnut oak,Wineberry,Fringed Bindweed
val/09499_Plantae_Tracheophyta_Magnoliopsida_Rosales_Ulmaceae_Ulmus_americana/6627d367-f74b-4001-886a-e80a91ba2a3a.jpg,468,470,0,470,468,447,459,466,0.5625,0.142822265625,0.05670166015625,0.032501220703125,0.023956298828125,1,2,American elm,Canadian wood nettle,American elm,Wineberry,Korean mulberry,Himalayan-berry
val/09505_Plantae_Tracheophyta_Magnoliopsida_Rosales_Ulmaceae_Ulmus_pumila/dd4ab25b-3a53-4f0f-9398-dcf3591c8d64.jpg,469,468,0,468,469,379,433,35,0.392822265625,0.05999755859375,0.03082275390625,0.01666259765625,0.0129547119140625,1,2,Siberian elm,American elm,Siberian elm,strawberry tree,umbrella magnolia,Elm Sawfly
val/09505_Plantae_Tracheophyta_Magnoliopsida_Rosales_Ulmaceae_Ulmus_pumila/7e170bfa-d828-4af5-b7a1-935bc96fe608.jpg,469,468,0,468,470,447,469,433,0.48486328125,0.050994873046875,0.042449951171875,0.0222320556640625,0.0219268798828125,1,4,Siberian elm,American elm,Canadian wood nettle,Wineberry,Siberian elm,umbrella magnolia
val/09505_Plantae_Tracheophyta_Magnoliopsida_Rosales_Ulmaceae_Ulmus_pumila/8c67d3e8-ec38-48dd-b550-5cd1f91010c3.jpg,469,404,0,404,469,467,393,441,0.0643310546875,0.0513916015625,0.03466796875,0.01947021484375,0.019256591796875,1,2,Siberian elm,California Wax Myrtle,Siberian elm,Rubus schmidelioides,Taiwan Acacia,black willow
val/09510_Plantae_Tracheophyta_Magnoliopsida_Rosales_Urticaceae_Laportea_canadensis/d27ef76b-932a-438e-95a8-6bd7ae71f209.jpg,470,378,0,378,447,470,402,424,0.6826171875,0.03436279296875,0.02703857421875,0.0252532958984375,0.0215606689453125,1,3,Canadian wood nettle,mapleleaf viburnum,Wineberry,Canadian wood nettle,swamp chestnut oak,American lopseed
val/09510_Plantae_Tracheophyta_Magnoliopsida_Rosales_Urticaceae_Laportea_canadensis/783741ae-86ff-4677-a8eb-932c93fece1e.jpg,470,378,0,378,433,470,376,402,0.094970703125,0.08233642578125,0.07525634765625,0.0338134765625,0.0232086181640625,1,3,Canadian wood nettle,mapleleaf viburnum,umbrella magnolia,Canadian wood nettle,squirting cucumber,swamp chestnut oak
val/09518_Plantae_Tracheophyta_Magnoliopsida_Rosales_Urticaceae_Urtica_urens/fc8ef2a4-f390-455f-b53a-b0607c6b25d7.jpg,471,470,0,470,471,411,473,496,0.057403564453125,0.02435302734375,0.0240936279296875,0.019927978515625,0.0179290771484375,1,2,Dwarf Nettle,Canadian wood nettle,Dwarf Nettle,lemon balm,poison ivy,brittle bladderfern
val/09518_Plantae_Tracheophyta_Magnoliopsida_Rosales_Urticaceae_Urtica_urens/c45340c7-488f-4ad8-bc29-b66cb480dc36.jpg,471,451,0,451,470,378,471,447,0.056243896484375,0.0521240234375,0.0509033203125,0.046722412109375,0.030548095703125,1,4,Dwarf Nettle,black cohosh,Canadian wood nettle,mapleleaf viburnum,Dwarf Nettle,Wineberry
val/09518_Plantae_Tracheophyta_Magnoliopsida_Rosales_Urticaceae_Urtica_urens/070f7eac-8f07-4a2a-9ba7-079bb32228d1.jpg,471,324,0,324,440,451,491,471,0.050018310546875,0.040863037109375,0.0293121337890625,0.02789306640625,0.0244140625,1,5,Dwarf Nettle,tropical horseweed,Grey Willow,black cohosh,lodgepole pine,Dwarf Nettle
val/09525_Plantae_Tracheophyta_Magnoliopsida_Santalales_Santalaceae_Phoradendron_californicum/98ff3b9c-0bfd-4ec0-959f-76e34bed991e.jpg,472,368,0,368,392,472,373,397,0.094970703125,0.08782958984375,0.08172607421875,0.0537109375,0.043243408203125,1,3,desert mistletoe,prostrate knotweed,pygmy-flower rock-jasmine,desert mistletoe,Stinging Serpent,Common Flat-pea
val/09525_Plantae_Tracheophyta_Magnoliopsida_Santalales_Santalaceae_Phoradendron_californicum/579578b7-91ce-43d4-a3e8-ed46580d6000.jpg,472,372,0,372,472,474,279,222,0.04046630859375,0.0372314453125,0.0247650146484375,0.0191497802734375,0.01459503173828125,1,2,desert mistletoe,crucifixion thorn,desert mistletoe,elephant tree,longleaf ephedra,White-tailed Deer
val/09548_Plantae_Tracheophyta_Magnoliopsida_Sapindales_Anacardiaceae_Toxicodendron_rydbergii/fae9845f-cc1e-4524-a4b4-7637c6114840.jpg,473,445,0,445,459,432,473,468,0.04364013671875,0.040924072265625,0.03631591796875,0.0268096923828125,0.026702880859375,1,4,poison ivy,Cherry Tree,Korean mulberry,common pawpaw,poison ivy,American elm
val/09548_Plantae_Tracheophyta_Magnoliopsida_Sapindales_Anacardiaceae_Toxicodendron_rydbergii/e5f968f0-e649-407e-97df-c05488062c9f.jpg,473,466,0,466,473,332,470,447,0.1954345703125,0.10235595703125,0.08306884765625,0.0718994140625,0.0428466796875,1,2,poison ivy,Himalayan-berry,poison ivy,white rattlesnakeroot,Canadian wood nettle,Wineberry
val/09548_Plantae_Tracheophyta_Magnoliopsida_Sapindales_Anacardiaceae_Toxicodendron_rydbergii/8a1dfc36-5000-4096-951f-a5eadb157fb6.jpg,473,470,0,470,332,411,459,473,0.1292724609375,0.074951171875,0.06787109375,0.062042236328125,0.046905517578125,1,5,poison ivy,Canadian wood nettle,white rattlesnakeroot,lemon balm,Korean mulberry,poison ivy
val/09550_Plantae_Tracheophyta_Magnoliopsida_Sapindales_Burseraceae_Bursera_microphylla/1af04714-5992-4b51-8cb9-5d227a00e810.jpg,474,166,0,166,203,172,210,474,0.11627197265625,0.054931640625,0.048736572265625,0.031951904296875,0.02740478515625,1,5,elephant tree,Red-billed Pigeon,Olive-sided Flycatcher,Fish Crow,Boat-billed Heron,elephant tree
val/09550_Plantae_Tracheophyta_Magnoliopsida_Sapindales_Burseraceae_Bursera_microphylla/e3b6a7ce-84f2-48ad-a7e1-dce0bc047e63.jpg,474,319,0,319,474,394,320,134,0.058319091796875,0.052276611328125,0.04400634765625,0.019500732421875,0.01763916015625,1,2,elephant tree,common burrobrush,elephant tree,longleaf wattle,common mugwort,Blackspot Goatfish
val/09550_Plantae_Tracheophyta_Magnoliopsida_Sapindales_Burseraceae_Bursera_microphylla/dfefa7b0-2d18-4abc-916a-32bcf2852294.jpg,474,237,0,237,474,420,380,220,0.0797119140625,0.07391357421875,0.055877685546875,0.0238189697265625,0.0230255126953125,1,2,elephant tree,Texas Alligator Lizard,elephant tree,Beechdrops,Big Berry Manzanita,Klipspringer
val/09565_Plantae_Tracheophyta_Magnoliopsida_Sapindales_Sapindaceae_Acer_campestre/8656e46f-8bde-4a08-bc24-5b2cfaffe245.jpg,475,439,0,439,424,317,402,475,0.0648193359375,0.044525146484375,0.042327880859375,0.03521728515625,0.0341796875,1,5,field maple,bebb's willow,American lopseed,American holly,swamp chestnut oak,field maple
val/09565_Plantae_Tracheophyta_Magnoliopsida_Sapindales_Sapindaceae_Acer_campestre/326a6125-ba63-4e6f-83e5-f251c5575a8f.jpg,475,439,0,439,475,388,332,403,0.112548828125,0.10931396484375,0.062744140625,0.040679931640625,0.0279541015625,1,2,field maple,bebb's willow,field maple,black huckleberry,white rattlesnakeroot,willow oak
val/09565_Plantae_Tracheophyta_Magnoliopsida_Sapindales_Sapindaceae_Acer_campestre/741cd5d3-19c3-4b6a-a956-65a9ba239b42.jpg,475,469,0,469,402,475,424,359,0.033172607421875,0.032012939453125,0.03192138671875,0.02850341796875,0.026519775390625,1,3,field maple,Siberian elm,swamp chestnut oak,field maple,American lopseed,Sea Sandwort
val/09565_Plantae_Tracheophyta_Magnoliopsida_Sapindales_Sapindaceae_Acer_campestre/e3072e05-cee0-4df1-b694-1ef5860de287.jpg,475,432,0,432,459,475,485,445,0.088623046875,0.047149658203125,0.042938232421875,0.03607177734375,0.0250091552734375,1,3,field maple,common pawpaw,Korean mulberry,field maple,Porcelain Berry,Cherry Tree
val/09597_Plantae_Tracheophyta_Magnoliopsida_Saxifragales_Crassulaceae_Crassula_ovata/2b58fd7a-5181-4e01-85f0-3c184752a750.jpg,477,436,0,436,465,405,385,477,0.09429931640625,0.044891357421875,0.03631591796875,0.034759521484375,0.032745361328125,1,5,jade plant,Florida Hammock Sandmat,Blackthorn,Coast silk tassel,Gaultheria antipoda,jade plant
val/09597_Plantae_Tracheophyta_Magnoliopsida_Saxifragales_Crassulaceae_Crassula_ovata/328b314f-8f39-442b-8234-b85606a44e2a.jpg,477,465,0,465,477,478,379,8,0.0625,0.047576904296875,0.0303802490234375,0.029327392578125,0.027587890625,1,2,jade plant,Blackthorn,jade plant,western roseroot,strawberry tree,Goldenrod Soldier Beetle
val/09610_Plantae_Tracheophyta_Magnoliopsida_Saxifragales_Crassulaceae_Rhodiola_integrifolia/8e1e6df2-f3f4-4695-a46f-08225c5a38c6.jpg,478,444,0,444,422,478,291,327,0.0220947265625,0.0183258056640625,0.0178985595703125,0.0157470703125,0.015411376953125,1,3,western roseroot,Island Mallow,Indian Warrior,western roseroot,Common Spotted Orchid,great blanketflower
val/09640_Plantae_Tracheophyta_Magnoliopsida_Saxifragales_Grossulariaceae_Ribes_uva-crispa/29881b38-8137-4834-bb3d-772088ae483e.jpg,479,411,0,411,447,378,479,480,0.078125,0.06048583984375,0.057952880859375,0.0535888671875,0.042327880859375,1,4,Goose-berry,lemon balm,Wineberry,mapleleaf viburnum,Goose-berry,youth on age
val/09640_Plantae_Tracheophyta_Magnoliopsida_Saxifragales_Grossulariaceae_Ribes_uva-crispa/39cce6bb-77ba-4fa4-a0a6-4f50f8a3760e.jpg,479,378,0,378,479,475,332,411,0.6962890625,0.03472900390625,0.026214599609375,0.015625,0.0134429931640625,1,2,Goose-berry,mapleleaf viburnum,Goose-berry,field maple,white rattlesnakeroot,lemon balm
val/09695_Plantae_Tracheophyta_Magnoliopsida_Solanales_Convolvulaceae_Ipomoea_coccinea/6697b38d-2eec-49fd-9b71-5221a7bc9b59.jpg,481,423,0,423,298,481,122,327,0.04656982421875,0.0307769775390625,0.0284881591796875,0.0183868408203125,0.014312744140625,1,3,red morning glory,scarlet monkeyflower,scarlet fritillary,red morning glory,Neurothemis taiwanensis,great blanketflower
val/09695_Plantae_Tracheophyta_Magnoliopsida_Solanales_Convolvulaceae_Ipomoea_coccinea/9ae3b3c7-136e-4b97-87b3-1aedc9445d62.jpg,481,423,0,423,481,88,122,154,0.0755615234375,0.0726318359375,0.058013916015625,0.04351806640625,0.0281982421875,1,2,red morning glory,scarlet monkeyflower,red morning glory,Julia Butterfly,Neurothemis taiwanensis,Green-crowned Brilliant
val/09695_Plantae_Tracheophyta_Magnoliopsida_Solanales_Convolvulaceae_Ipomoea_coccinea/02bfcab9-1b35-496e-8cc4-c322f0b0752c.jpg,481,300,0,300,298,423,169,481,0.0347900390625,0.0251922607421875,0.02142333984375,0.02142333984375,0.01520538330078125,1,5,red morning glory,Leopard Lily,scarlet fritillary,scarlet monkeyflower,Painted Bunting,red morning glory
val/09702_Plantae_Tracheophyta_Magnoliopsida_Solanales_Convolvulaceae_Ipomoea_obscura/7a49ed9a-50e1-4055-ae25-91064c877481.jpg,482,371,0,371,264,482,377,38,0.0341796875,0.0281524658203125,0.0281219482421875,0.019195556640625,0.01690673828125,1,3,Obscure Morning Glory,canaigre dock,Yellow Stainer,Obscure Morning Glory,Western Snowberry,New York Carpenter Ant
val/09702_Plantae_Tracheophyta_Magnoliopsida_Solanales_Convolvulaceae_Ipomoea_obscura/9f26432f-0207-4ba4-a744-8a90cee0c792.jpg,482,12,0,12,482,84,31,388,0.041015625,0.0394287109375,0.024322509765625,0.01277923583984375,0.0124664306640625,1,2,Obscure Morning Glory,Hadda Beetle,Obscure Morning Glory,Green Silver-lines,Southern Green Stink Bug,black huckleberry
val/09735_Plantae_Tracheophyta_Magnoliopsida_Solanales_Solanaceae_Solanum_dimidiatum/0f0b727b-4053-44d6-995e-377ffacc031e.jpg,483,389,0,389,483,298,15,423,0.033294677734375,0.02117919921875,0.0183563232421875,0.01812744140625,0.017822265625,1,2,western horsenettle,flaxflowered ipomopsis,western horsenettle,scarlet fritillary,Oedemera femorata,scarlet monkeyflower
val/09735_Plantae_Tracheophyta_Magnoliopsida_Solanales_Solanaceae_Solanum_dimidiatum/ab03c24b-3da2-445d-815e-2d73e792d549.jpg,483,444,0,444,485,482,483,443,0.08349609375,0.06329345703125,0.03558349609375,0.0294342041015625,0.0179595947265625,1,4,western horsenettle,Island Mallow,Porcelain Berry,Obscure Morning Glory,western horsenettle,velvetleaf
val/09739_Plantae_Tracheophyta_Magnoliopsida_Solanales_Solanaceae_Solanum_elaeagnifolium/5433fc5b-a97c-4e00-b6a4-30754c163ac8.jpg,484,290,0,290,481,423,484,444,0.060394287109375,0.045318603515625,0.04046630859375,0.02783203125,0.0277557373046875,1,4,White Horse-nettle,Red Helleborine,red morning glory,scarlet monkeyflower,White Horse-nettle,Island Mallow
val/09739_Plantae_Tracheophyta_Magnoliopsida_Solanales_Solanaceae_Solanum_elaeagnifolium/e5cf36e1-ee32-454b-86d4-18e03e836283.jpg,484,413,0,413,338,484,427,399,0.144775390625,0.066162109375,0.035491943359375,0.0281524658203125,0.025909423828125,1,3,White Horse-nettle,white sage,common wrinkle-leaved goldenrod,White Horse-nettle,Butterfly bush,California goldenbanner
val/09739_Plantae_Tracheophyta_Magnoliopsida_Solanales_Solanaceae_Solanum_elaeagnifolium/8afe9f22-b3d9-4607-b141-3b800f89ca95.jpg,484,307,0,307,484,352,427,361,0.1624755859375,0.12384033203125,0.056915283203125,0.052734375,0.0266265869140625,1,2,White Horse-nettle,Annual Meadow-grass,White Horse-nettle,Mexican tea,Butterfly bush,lesser stitchwort
val/09753_Plantae_Tracheophyta_Magnoliopsida_Vitales_Vitaceae_Ampelopsis_glandulosa/b8c3b972-1813-4ecb-b1f2-700c6827bd0c.jpg,485,378,0,378,376,459,445,485,0.1610107421875,0.10687255859375,0.0599365234375,0.056884765625,0.044281005859375,1,5,Porcelain Berry,mapleleaf viburnum,squirting cucumber,Korean mulberry,Cherry Tree,Porcelain Berry
val/09753_Plantae_Tracheophyta_Magnoliopsida_Vitales_Vitaceae_Ampelopsis_glandulosa/1307d404-cbf8-43d5-9e3c-606c9f6c0a9f.jpg,485,286,0,286,485,40,466,14,0.088134765625,0.040924072265625,0.031524658203125,0.0301513671875,0.026458740234375,1,2,Porcelain Berry,Grape hyacinth,Porcelain Berry,Metallic Epauletted-Sweat Bee,Himalayan-berry,Woodland Dor Beetle
val/09753_Plantae_Tracheophyta_Magnoliopsida_Vitales_Vitaceae_Ampelopsis_glandulosa/9c00cd86-06d9-4dd0-b3c4-6fa87069b250.jpg,485,443,0,443,377,469,353,485,0.07977294921875,0.058685302734375,0.05535888671875,0.052490234375,0.050689697265625,1,5,Porcelain Berry,velvetleaf,Western Snowberry,Siberian elm,Mignonette vine,Porcelain Berry
val/09753_Plantae_Tracheophyta_Magnoliopsida_Vitales_Vitaceae_Ampelopsis_glandulosa/b896ab39-251f-4638-9b7b-d0ef57deeeb0.jpg,485,378,0,378,485,411,482,459,0.326416015625,0.0960693359375,0.057952880859375,0.046295166015625,0.035430908203125,1,2,Porcelain Berry,mapleleaf viburnum,Porcelain Berry,lemon balm,Obscure Morning Glory,Korean mulberry
val/09753_Plantae_Tracheophyta_Magnoliopsida_Vitales_Vitaceae_Ampelopsis_glandulosa/411c0f08-0f8f-4454-aa9a-dfa968576de7.jpg,485,482,0,482,480,479,447,485,0.1575927734375,0.053314208984375,0.042572021484375,0.040802001953125,0.0220184326171875,1,5,Porcelain Berry,Obscure Morning Glory,youth on age,Goose-berry,Wineberry,Porcelain Berry
val/09766_Plantae_Tracheophyta_Magnoliopsida_Zygophyllales_Krameriaceae_Krameria_erecta/cb0f2c8b-35f1-4564-b9d2-0180bedd5d21.jpg,486,397,0,397,472,370,407,486,0.138916015625,0.12286376953125,0.1204833984375,0.1080322265625,0.054412841796875,1,5,Pima Rhatany,Common Flat-pea,desert mistletoe,woodland pterostegia,Coprosma dumosa,Pima Rhatany
val/09791_Plantae_Tracheophyta_Pinopsida_Pinales_Cupressaceae_Sequoiadendron_giganteum/56cd45eb-a6ac-4c5d-825b-1a424fe66756.jpg,487,491,0,491,487,171,172,448,0.11572265625,0.1009521484375,0.052581787109375,0.044281005859375,0.03662109375,1,2,giant sequoia,lodgepole pine,giant sequoia,Brown Creeper,Fish Crow,Coastal Banksia
val/09791_Plantae_Tracheophyta_Pinopsida_Pinales_Cupressaceae_Sequoiadendron_giganteum/300786e9-852b-4d55-99a2-14cc68760890.jpg,487,92,0,92,215,228,487,171,0.049163818359375,0.04046630859375,0.03814697265625,0.02410888671875,0.022613525390625,1,4,giant sequoia,Blomfild's Beauty,Eastern Screech-Owl,Sunda Flying Lemur,giant sequoia,Brown Creeper
val/09791_Plantae_Tracheophyta_Pinopsida_Pinales_Cupressaceae_Sequoiadendron_giganteum/e4921f73-860f-47eb-b297-f5a28386af4b.jpg,487,171,0,171,228,147,492,487,0.11627197265625,0.11383056640625,0.0947265625,0.08099365234375,0.07379150390625,1,5,giant sequoia,Brown Creeper,Sunda Flying Lemur,European Honey-buzzard,ponderosa pine,giant sequoia
val/09791_Plantae_Tracheophyta_Pinopsida_Pinales_Cupressaceae_Sequoiadendron_giganteum/53d7303d-000e-4eee-bce1-0248a7727fdb.jpg,487,60,0,60,487,92,492,53,0.045989990234375,0.038543701171875,0.020355224609375,0.017913818359375,0.0164337158203125,1,2,giant sequoia,Alien Probole Moth,giant sequoia,Blomfild's Beauty,ponderosa pine,Royal Poinciana Moth
val/09793_Plantae_Tracheophyta_Pinopsida_Pinales_Cupressaceae_Taxodium_distichum/006277a4-add4-45cf-b459-958a4c9e4fad.jpg,488,149,0,149,488,491,213,148,0.1685791015625,0.051025390625,0.048583984375,0.036407470703125,0.0272369384765625,1,2,baldcypress,Mute Swan,baldcypress,lodgepole pine,American Flamingo,Yellow-billed Pintail
val/09793_Plantae_Tracheophyta_Pinopsida_Pinales_Cupressaceae_Taxodium_distichum/0cdef44e-0c52-4b09-81f1-a1cd0d8f7186.jpg,488,441,0,441,149,213,488,336,0.08514404296875,0.045745849609375,0.0289459228515625,0.0282745361328125,0.025360107421875,1,4,baldcypress,black willow,Mute Swan,American Flamingo,baldcypress,Woad-leaved ragwort
val/09794_Plantae_Tracheophyta_Pinopsida_Pinales_Cupressaceae_Taxodium_mucronatum/08ad728b-ca0a-493b-8db5-f3f8dc91c862.jpg,489,353,0,353,491,489,372,393,0.07623291015625,0.07623291015625,0.0333251953125,0.0260162353515625,0.0255584716796875,1,3,Montezuma cypress,Mignonette vine,lodgepole pine,Montezuma cypress,crucifixion thorn,Taiwan Acacia
val/09794_Plantae_Tracheophyta_Pinopsida_Pinales_Cupressaceae_Taxodium_mucronatum/7989cb0a-034c-49a3-bd78-ef328c94bbe5.jpg,489,280,0,280,147,489,228,198,0.138916015625,0.11444091796875,0.11376953125,0.0161285400390625,0.01485443115234375,1,3,Montezuma cypress,coconut palm,European Honey-buzzard,Montezuma cypress,Sunda Flying Lemur,Common Firecrest
val/09794_Plantae_Tracheophyta_Pinopsida_Pinales_Cupressaceae_Taxodium_mucronatum/ba531038-eb0a-42f4-b1e8-a75c14787f3e.jpg,489,441,0,441,393,398,489,488,0.311767578125,0.088623046875,0.08355712890625,0.0309906005859375,0.0303955078125,1,4,Montezuma cypress,black willow,Taiwan Acacia,black locust,Montezuma cypress,baldcypress
val/09799_Plantae_Tracheophyta_Pinopsida_Pinales_Pinaceae_Abies_concolor/bd7a1fbd-c8e0-4ae3-86e7-5ccedf12254f.jpg,490,493,0,493,498,490,24,495,0.1544189453125,0.08477783203125,0.05828857421875,0.041412353515625,0.0374755859375,1,3,white fir,tangle fern,ladder fern,white fir,Hemlock Woolly Adelgid,Crown Fern
val/09799_Plantae_Tracheophyta_Pinopsida_Pinales_Pinaceae_Abies_concolor/8e274080-1692-46d8-a50b-358f39262d50.jpg,490,491,0,491,490,322,102,277,0.08563232421875,0.033203125,0.02734375,0.0247039794921875,0.0241546630859375,1,2,white fir,lodgepole pine,white fir,Texas Thistle,Buck Moth,Sponge Weed
val/09799_Plantae_Tracheophyta_Pinopsida_Pinales_Pinaceae_Abies_concolor/3723e3d6-7520-42b4-b4d1-849e6917c984.jpg,490,491,0,491,490,498,322,492,0.06304931640625,0.027740478515625,0.0224151611328125,0.0191497802734375,0.01503753662109375,1,2,white fir,lodgepole pine,white fir,ladder fern,Texas Thistle,ponderosa pine
val/09818_Plantae_Tracheophyta_Pinopsida_Pinales_Pinaceae_Pinus_contorta/bf53a093-6894-4b4e-8db3-f4f10f04a269.jpg,491,444,0,444,491,322,357,34,0.0255584716796875,0.0209808349609375,0.0206146240234375,0.0176544189453125,0.01336669921875,1,2,lodgepole pine,Island Mallow,lodgepole pine,Texas Thistle,viviparous foxtail cactus,Southern Carpenter Bee
val/09833_Plantae_Tracheophyta_Pinopsida_Pinales_Pinaceae_Pinus_ponderosa/76b7a751-4081-484b-b8f7-a59e900665d8.jpg,492,487,0,487,492,171,468,403,0.337646484375,0.202392578125,0.031829833984375,0.0287017822265625,0.017822265625,1,2,ponderosa pine,giant sequoia,ponderosa pine,Brown Creeper,American elm,willow oak
val/09833_Plantae_Tracheophyta_Pinopsida_Pinales_Pinaceae_Pinus_ponderosa/00a167c0-6d3a-4860-a4e1-5f687fec1889.jpg,492,380,0,380,474,172,487,492,0.080322265625,0.040313720703125,0.039825439453125,0.03759765625,0.0284881591796875,1,5,ponderosa pine,Big Berry Manzanita,elephant tree,Fish Crow,giant sequoia,ponderosa pine
val/09877_Plantae_Tracheophyta_Polypodiopsida_Gleicheniales_Gleicheniaceae_Gleichenia_dicarpa/f7057d30-46f0-4de3-8413-b27d6744c90d.jpg,493,362,0,362,498,343,281,493,0.050262451171875,0.04583740234375,0.03851318359375,0.0355224609375,0.033111572265625,1,5,tangle fern,Small-leaved Blinks,ladder fern,Sheep's-bit,nodding onion,tangle fern
val/09877_Plantae_Tracheophyta_Polypodiopsida_Gleicheniales_Gleicheniaceae_Gleichenia_dicarpa/3735146c-47a0-4e9a-bc33-77923b952510.jpg,493,396,0,396,493,24,121,415,0.1832275390625,0.0247955322265625,0.015716552734375,0.012847900390625,0.01262664794921875,1,2,tangle fern,white sweet clover,tangle fern,Hemlock Woolly Adelgid,Small Spreadwing,Marsh Woundwort
val/09892_Plantae_Tracheophyta_Polypodiopsida_Polypodiales_Aspleniaceae_Asplenium_bulbiferum/fee38bae-a241-4562-a0f0-ef0a4627886b.jpg,494,497,0,497,494,499,495,422,0.16259765625,0.0496826171875,0.032196044921875,0.0228118896484375,0.019287109375,1,2,Hen and Chicks Fern,hay-scented fern,Hen and Chicks Fern,broad beech fern,Crown Fern,Indian Warrior
val/09892_Plantae_Tracheophyta_Polypodiopsida_Polypodiales_Aspleniaceae_Asplenium_bulbiferum/0091a805-ff06-41a4-abff-b37369efbb1a.jpg,494,497,0,497,494,499,496,312,0.25732421875,0.0450439453125,0.03564453125,0.02386474609375,0.00858306884765625,1,2,Hen and Chicks Fern,hay-scented fern,Hen and Chicks Fern,broad beech fern,brittle bladderfern,Broad-leaved Chervil
val/09892_Plantae_Tracheophyta_Polypodiopsida_Polypodiales_Aspleniaceae_Asplenium_bulbiferum/6141c1a7-43d2-486f-9d69-1dbec7a454b1.jpg,494,497,0,497,494,499,496,495,0.73193359375,0.064208984375,0.0296783447265625,0.0157318115234375,0.0107879638671875,1,2,Hen and Chicks Fern,hay-scented fern,Hen and Chicks Fern,broad beech fern,brittle bladderfern,Crown Fern
val/09918_Plantae_Tracheophyta_Polypodiopsida_Polypodiales_Blechnaceae_Lomaria_discolor/13889595-f037-4477-a76b-af597c7034ce.jpg,495,24,0,24,125,495,337,398,0.08795166015625,0.0615234375,0.05999755859375,0.03863525390625,0.028167724609375,1,3,Crown Fern,Hemlock Woolly Adelgid,Long-winged Conehead,Crown Fern,prairie dock,black locust
val/09918_Plantae_Tracheophyta_Polypodiopsida_Polypodiales_Blechnaceae_Lomaria_discolor/54fe58ae-c26c-493f-bba7-f83c14359111.jpg,495,493,0,493,494,498,495,499,0.2247314453125,0.146484375,0.03472900390625,0.02691650390625,0.01165771484375,1,4,Crown Fern,tangle fern,Hen and Chicks Fern,ladder fern,Crown Fern,broad beech fern
val/09925_Plantae_Tracheophyta_Polypodiopsida_Polypodiales_Cystopteridaceae_Cystopteris_fragilis/78bcc21f-b5d7-4869-8dfa-4f284bf443e1.jpg,496,497,0,497,496,494,499,276,0.27783203125,0.260009765625,0.057098388671875,0.043548583984375,0.0227203369140625,1,2,brittle bladderfern,hay-scented fern,brittle bladderfern,Hen and Chicks Fern,broad beech fern,delicate fern moss
val/09925_Plantae_Tracheophyta_Polypodiopsida_Polypodiales_Cystopteridaceae_Cystopteris_fragilis/2b7fb125-277b-4f45-9336-67128a00d8ba.jpg,496,497,0,497,496,312,451,494,0.231689453125,0.126220703125,0.043121337890625,0.03228759765625,0.03057861328125,1,2,brittle bladderfern,hay-scented fern,brittle bladderfern,Broad-leaved Chervil,black cohosh,Hen and Chicks Fern
val/09928_Plantae_Tracheophyta_Polypodiopsida_Polypodiales_Dennstaedtiaceae_Dennstaedtia_punctilobula/5ea23ded-becb-46f9-9e48-0b306454386f.jpg,497,499,0,499,497,496,494,248,0.23388671875,0.061737060546875,0.04046630859375,0.0257568359375,0.015380859375,1,2,hay-scented fern,broad beech fern,hay-scented fern,brittle bladderfern,Hen and Chicks Fern,Massasauga
val/09928_Plantae_Tracheophyta_Polypodiopsida_Polypodiales_Dennstaedtiaceae_Dennstaedtia_punctilobula/e7bc90d9-76fe-4cc0-9654-30d88ec894ae.jpg,497,499,0,499,497,493,349,495,0.298828125,0.268798828125,0.10205078125,0.017730712890625,0.0116119384765625,1,2,hay-scented fern,broad beech fern,hay-scented fern,tangle fern,narrow-leaved bittercress,Crown Fern
val/09987_Plantae_Tracheophyta_Polypodiopsida_Polypodiales_Pteridaceae_Pteris_vittata/b8512bb7-41da-427b-bcc2-3e317497bd33.jpg,498,306,0,306,498,417,309,441,0.049285888671875,0.027862548828125,0.0277862548828125,0.0235748291015625,0.0214080810546875,1,2,ladder fern,Dallis grass,ladder fern,Lilac chaste tree,Saint Augustine grass,black willow
val/09987_Plantae_Tracheophyta_Polypodiopsida_Polypodiales_Pteridaceae_Pteris_vittata/2873c4c3-5d97-448d-be2a-172b129f4e41.jpg,498,496,0,496,498,367,471,352,0.168212890625,0.03857421875,0.0372314453125,0.02911376953125,0.02362060546875,1,2,ladder fern,brittle bladderfern,ladder fern,redshank,Dwarf Nettle,Mexican tea
val/09987_Plantae_Tracheophyta_Polypodiopsida_Polypodiales_Pteridaceae_Pteris_vittata/05ab283e-18bb-4960-a09e-955ab1d40f51.jpg,498,493,0,493,24,498,448,114,0.03155517578125,0.0238494873046875,0.01580810546875,0.007122039794921875,0.006755828857421875,1,3,ladder fern,tangle fern,Hemlock Woolly Adelgid,ladder fern,Coastal Banksia,Chrysopa oculata
val/09987_Plantae_Tracheophyta_Polypodiopsida_Polypodiales_Pteridaceae_Pteris_vittata/5f1baacb-5432-4660-ad1c-919c5c1ac83f.jpg,498,499,0,499,495,493,498,494,0.1324462890625,0.086669921875,0.0797119140625,0.04595947265625,0.025726318359375,1,4,ladder fern,broad beech fern,Crown Fern,tangle fern,ladder fern,Hen and Chicks Fern
val/09990_Plantae_Tracheophyta_Polypodiopsida_Polypodiales_Thelypteridaceae_Phegopteris_hexagonoptera/b39b6e27-61ab-4b14-a5cf-2787eb0c0827.jpg,499,349,0,349,499,496,494,367,0.048065185546875,0.03265380859375,0.0274200439453125,0.027069091796875,0.0262603759765625,1,2,broad beech fern,narrow-leaved bittercress,broad beech fern,brittle bladderfern,Hen and Chicks Fern,redshank
val/09990_Plantae_Tracheophyta_Polypodiopsida_Polypodiales_Thelypteridaceae_Phegopteris_hexagonoptera/cdf83d96-d154-4762-8c3b-5dee2cca0885.jpg,499,497,0,497,495,479,499,496,0.038177490234375,0.0207977294921875,0.01250457763671875,0.01239013671875,0.0111083984375,1,4,broad beech fern,hay-scented fern,Crown Fern,Goose-berry,broad beech fern,brittle bladderfern
val/09990_Plantae_Tracheophyta_Polypodiopsida_Polypodiales_Thelypteridaceae_Phegopteris_hexagonoptera/83e7b124-6580-49ba-a0b6-65409c08f7da.jpg,499,497,0,497,499,496,495,493,0.11285400390625,0.0447998046875,0.03753662109375,0.0278167724609375,0.0225830078125,1,2,broad beech fern,hay-scented fern,broad beech fern,brittle bladderfern,Crown Fern,tangle fern
