class_index,category_id,name,common_name,kingdom,phylum,taxon_class,order,family,genus,specific_epithet,image_dir_name
0,9,Araneus diadematus,Cross Orbweaver,Animalia,Arthropoda,Arachnida,Araneae,Araneidae,Araneus,diadematus,00009_Animalia_Arthropoda_Arachnida_Araneae_Araneidae_Araneus_diadematus
1,45,Trichonephila clavipes,Golden Silk Spider,Animalia,Arthropoda,Arachnida,Araneae,Araneidae,Trichonephila,clavipes,00045_Animalia_Arthropoda_Arachnida_Araneae_Araneidae_Trichonephila_clavipes
2,70,Dolomedes triton,Six-spotted Fishing Spider,Animalia,Arthropoda,Arachnida,Araneae,Pisauridae,Dolomedes,triton,00070_Animalia_Arthropoda_Arachnida_Araneae_Pisauridae_Dolomedes_triton
3,94,Phidippus johnsoni,Johnson's Jumping Spider,Animalia,Arthropoda,Arachnida,Araneae,Salticidae,Phidippus,johnsoni,00094_Animalia_Arthropoda_Arachnida_Araneae_Salticidae_Phidippus_johnsoni
4,152,Paravaejovis puritanus,Paravaejovis puritanus,Animalia,Arthropoda,Arachnida,Scorpiones,Vaejovidae,Paravaejovis,puritanus,00152_Animalia_Arthropoda_Arachnida_Scorpiones_Vaejovidae_Paravaejovis_puritanus
5,157,Hemiscolopendra marginata,Eastern Bark Centipede,Animalia,Arthropoda,Chilopoda,Scolopendromorpha,Scolopendridae,Hemiscolopendra,marginata,00157_Animalia_Arthropoda_Chilopoda_Scolopendromorpha_Scolopendridae_Hemiscolopendra_marginata
6,159,Scolopendra heros,Giant Desert Centipede,Animalia,Arthropoda,Chilopoda,Scolopendromorpha,Scolopendridae,Scolopendra,heros,00159_Animalia_Arthropoda_Chilopoda_Scolopendromorpha_Scolopendridae_Scolopendra_heros
7,184,Agrilus planipennis,Emerald Ash Borer,Animalia,Arthropoda,Insecta,Coleoptera,Buprestidae,Agrilus,planipennis,00184_Animalia_Arthropoda_Insecta_Coleoptera_Buprestidae_Agrilus_planipennis
8,193,Chauliognathus pensylvanicus,Goldenrod Soldier Beetle,Animalia,Arthropoda,Insecta,Coleoptera,Cantharidae,Chauliognathus,pensylvanicus,00193_Animalia_Arthropoda_Insecta_Coleoptera_Cantharidae_Chauliognathus_pensylvanicus
9,251,Rutpela maculata,Spotted Longhorn,Animalia,Arthropoda,Insecta,Coleoptera,Cerambycidae,Rutpela,maculata,00251_Animalia_Arthropoda_Insecta_Coleoptera_Cerambycidae_Rutpela_maculata
10,260,Trichocnemis spiculatus,Spined Woodborer,Animalia,Arthropoda,Insecta,Coleoptera,Cerambycidae,Trichocnemis,spiculatus,00260_Animalia_Arthropoda_Insecta_Coleoptera_Cerambycidae_Trichocnemis_spiculatus
11,290,Leptinotarsa juncta,False Potato Beetle,Animalia,Arthropoda,Insecta,Coleoptera,Chrysomelidae,Leptinotarsa,juncta,00290_Animalia_Arthropoda_Insecta_Coleoptera_Chrysomelidae_Leptinotarsa_juncta
12,326,Henosepilachna vigintioctopunctata,Hadda Beetle,Animalia,Arthropoda,Insecta,Coleoptera,Coccinellidae,Henosepilachna,vigintioctopunctata,00326_Animalia_Arthropoda_Insecta_Coleoptera_Coccinellidae_Henosepilachna_vigintioctopunctata
13,332,Psyllobora vigintiduopunctata,22-spot Ladybird Beetle,Animalia,Arthropoda,Insecta,Coleoptera,Coccinellidae,Psyllobora,vigintiduopunctata,00332_Animalia_Arthropoda_Insecta_Coleoptera_Coccinellidae_Psyllobora_vigintiduopunctata
14,351,Anoplotrupes stercorosus,Woodland Dor Beetle,Animalia,Arthropoda,Insecta,Coleoptera,Geotrupidae,Anoplotrupes,stercorosus,00351_Animalia_Arthropoda_Insecta_Coleoptera_Geotrupidae_Anoplotrupes_stercorosus
15,370,Oedemera femorata,Oedemera femorata,Animalia,Arthropoda,Insecta,Coleoptera,Oedemeridae,Oedemera,femorata,00370_Animalia_Arthropoda_Insecta_Coleoptera_Oedemeridae_Oedemera_femorata
16,384,Euphoria kernii,Kern's Flower Scarab,Animalia,Arthropoda,Insecta,Coleoptera,Scarabaeidae,Euphoria,kernii,00384_Animalia_Arthropoda_Insecta_Coleoptera_Scarabaeidae_Euphoria_kernii
17,386,Exomala orientalis,Oriental Beetle,Animalia,Arthropoda,Insecta,Coleoptera,Scarabaeidae,Exomala,orientalis,00386_Animalia_Arthropoda_Insecta_Coleoptera_Scarabaeidae_Exomala_orientalis
18,435,Calliphora vicina,Blue Blowfly,Animalia,Arthropoda,Insecta,Diptera,Calliphoridae,Calliphora,vicina,00435_Animalia_Arthropoda_Insecta_Diptera_Calliphoridae_Calliphora_vicina
19,457,Exaireta spinigera,Garden soldier fly,Animalia,Arthropoda,Insecta,Diptera,Stratiomyidae,Exaireta,spinigera,00457_Animalia_Arthropoda_Insecta_Diptera_Stratiomyidae_Exaireta_spinigera
20,461,Copestylum mexicanum,Mexican Cactus Fly,Animalia,Arthropoda,Insecta,Diptera,Syrphidae,Copestylum,mexicanum,00461_Animalia_Arthropoda_Insecta_Diptera_Syrphidae_Copestylum_mexicanum
21,470,Eristalis stipator,Yellow-shouldered Drone Fly,Animalia,Arthropoda,Insecta,Diptera,Syrphidae,Eristalis,stipator,00470_Animalia_Arthropoda_Insecta_Diptera_Syrphidae_Eristalis_stipator
22,472,Eristalis transversa,Transverse-banded Flower Fly,Animalia,Arthropoda,Insecta,Diptera,Syrphidae,Eristalis,transversa,00472_Animalia_Arthropoda_Insecta_Diptera_Syrphidae_Eristalis_transversa
23,493,Toxomerus politus,Maize Calligrapher Fly,Animalia,Arthropoda,Insecta,Diptera,Syrphidae,Toxomerus,politus,00493_Animalia_Arthropoda_Insecta_Diptera_Syrphidae_Toxomerus_politus
24,513,Adelges tsugae,Hemlock Woolly Adelgid,Animalia,Arthropoda,Insecta,Hemiptera,Adelgidae,Adelges,tsugae,00513_Animalia_Arthropoda_Insecta_Hemiptera_Adelgidae_Adelges_tsugae
25,558,Acanthocephala femorata,Florida Leaf-footed Bug,Animalia,Arthropoda,Insecta,Hemiptera,Coreidae,Acanthocephala,femorata,00558_Animalia_Arthropoda_Insecta_Hemiptera_Coreidae_Acanthocephala_femorata
26,567,Leptoglossus clypealis,Western Leaf-footed Bug,Animalia,Arthropoda,Insecta,Hemiptera,Coreidae,Leptoglossus,clypealis,00567_Animalia_Arthropoda_Insecta_Hemiptera_Coreidae_Leptoglossus_clypealis
27,568,Leptoglossus occidentalis,Western Conifer Seed Bug,Animalia,Arthropoda,Insecta,Hemiptera,Coreidae,Leptoglossus,occidentalis,00568_Animalia_Arthropoda_Insecta_Hemiptera_Coreidae_Leptoglossus_occidentalis
28,597,Adelphocoris lineolatus,Alfalfa Plant Bug,Animalia,Arthropoda,Insecta,Hemiptera,Miridae,Adelphocoris,lineolatus,00597_Animalia_Arthropoda_Insecta_Hemiptera_Miridae_Adelphocoris_lineolatus
29,624,Graphosoma italicum,European Striped Shield Bug,Animalia,Arthropoda,Insecta,Hemiptera,Pentatomidae,Graphosoma,italicum,00624_Animalia_Arthropoda_Insecta_Hemiptera_Pentatomidae_Graphosoma_italicum
30,626,Halyomorpha halys,Brown Marmorated Stink Bug,Animalia,Arthropoda,Insecta,Hemiptera,Pentatomidae,Halyomorpha,halys,00626_Animalia_Arthropoda_Insecta_Hemiptera_Pentatomidae_Halyomorpha_halys
31,630,Nezara viridula,Southern Green Stink Bug,Animalia,Arthropoda,Insecta,Hemiptera,Pentatomidae,Nezara,viridula,00630_Animalia_Arthropoda_Insecta_Hemiptera_Pentatomidae_Nezara_viridula
32,651,Phymata americana,Jagged Ambush Bug,Animalia,Arthropoda,Insecta,Hemiptera,Reduviidae,Phymata,americana,00651_Animalia_Arthropoda_Insecta_Hemiptera_Reduviidae_Phymata_americana
33,671,Andrena cineraria,Ashy Mining Bee,Animalia,Arthropoda,Insecta,Hymenoptera,Andrenidae,Andrena,cineraria,00671_Animalia_Arthropoda_Insecta_Hymenoptera_Andrenidae_Andrena_cineraria
34,711,Xylocopa micans,Southern Carpenter Bee,Animalia,Arthropoda,Insecta,Hymenoptera,Apidae,Xylocopa,micans,00711_Animalia_Arthropoda_Insecta_Hymenoptera_Apidae_Xylocopa_micans
35,718,Cimbex americanus,Elm Sawfly,Animalia,Arthropoda,Insecta,Hymenoptera,Cimbicidae,Cimbex,americanus,00718_Animalia_Arthropoda_Insecta_Hymenoptera_Cimbicidae_Cimbex_americanus
36,727,Amphibolips confluenta,Spongy Oak Apple Gall Wasp,Animalia,Arthropoda,Insecta,Hymenoptera,Cynipidae,Amphibolips,confluenta,00727_Animalia_Arthropoda_Insecta_Hymenoptera_Cynipidae_Amphibolips_confluenta
37,743,Camponotus floridanus,Florida Carpenter Ant,Animalia,Arthropoda,Insecta,Hymenoptera,Formicidae,Camponotus,floridanus,00743_Animalia_Arthropoda_Insecta_Hymenoptera_Formicidae_Camponotus_floridanus
38,747,Camponotus novaeboracensis,New York Carpenter Ant,Animalia,Arthropoda,Insecta,Hymenoptera,Formicidae,Camponotus,novaeboracensis,00747_Animalia_Arthropoda_Insecta_Hymenoptera_Formicidae_Camponotus_novaeboracensis
39,774,Augochlora pura,Pure Green Sweat Bee,Animalia,Arthropoda,Insecta,Hymenoptera,Halictidae,Augochlora,pura,00774_Animalia_Arthropoda_Insecta_Hymenoptera_Halictidae_Augochlora_pura
40,775,Augochloropsis metallica,Metallic Epauletted-Sweat Bee,Animalia,Arthropoda,Insecta,Hymenoptera,Halictidae,Augochloropsis,metallica,00775_Animalia_Arthropoda_Insecta_Hymenoptera_Halictidae_Augochloropsis_metallica
41,799,Ammophila procera,Common Thread-waisted Wasp,Animalia,Arthropoda,Insecta,Hymenoptera,Sphecidae,Ammophila,procera,00799_Animalia_Arthropoda_Insecta_Hymenoptera_Sphecidae_Ammophila_procera
42,819,Mischocyttarus flavitarsis,Western Paper Wasp,Animalia,Arthropoda,Insecta,Hymenoptera,Vespidae,Mischocyttarus,flavitarsis,00819_Animalia_Arthropoda_Insecta_Hymenoptera_Vespidae_Mischocyttarus_flavitarsis
43,858,Achyra rantalis,Garden Webworm Moth,Animalia,Arthropoda,Insecta,Lepidoptera,Crambidae,Achyra,rantalis,00858_Animalia_Arthropoda_Insecta_Lepidoptera_Crambidae_Achyra_rantalis
44,859,Agriphila straminella,Pearl Veneer,Animalia,Arthropoda,Insecta,Lepidoptera,Crambidae,Agriphila,straminella,00859_Animalia_Arthropoda_Insecta_Lepidoptera_Crambidae_Agriphila_straminella
45,921,Parapoynx diminutalis,Hydrilla Leafcutter Moth,Animalia,Arthropoda,Insecta,Lepidoptera,Crambidae,Parapoynx,diminutalis,00921_Animalia_Arthropoda_Insecta_Lepidoptera_Crambidae_Parapoynx_diminutalis
46,924,Perispasta caeculalis,Titian Peale's Crambid,Animalia,Arthropoda,Insecta,Lepidoptera,Crambidae,Perispasta,caeculalis,00924_Animalia_Arthropoda_Insecta_Lepidoptera_Crambidae_Perispasta_caeculalis
47,937,Pyrausta volupialis,Volupial Pyrausta Moth,Animalia,Arthropoda,Insecta,Lepidoptera,Crambidae,Pyrausta,volupialis,00937_Animalia_Arthropoda_Insecta_Lepidoptera_Crambidae_Pyrausta_volupialis
48,949,Urola nivalis,Snowy Urola Moth,Animalia,Arthropoda,Insecta,Lepidoptera,Crambidae,Urola,nivalis,00949_Animalia_Arthropoda_Insecta_Lepidoptera_Crambidae_Urola_nivalis
49,987,Bulia deducta,Deduced Graphic,Animalia,Arthropoda,Insecta,Lepidoptera,Erebidae,Bulia,deducta,00987_Animalia_Arthropoda_Insecta_Lepidoptera_Erebidae_Bulia_deducta
50,997,Catocala grynea,Woody Underwing,Animalia,Arthropoda,Insecta,Lepidoptera,Erebidae,Catocala,grynea,00997_Animalia_Arthropoda_Insecta_Lepidoptera_Erebidae_Catocala_grynea
51,998,Catocala ilia,Ilia Underwing,Animalia,Arthropoda,Insecta,Lepidoptera,Erebidae,Catocala,ilia,00998_Animalia_Arthropoda_Insecta_Lepidoptera_Erebidae_Catocala_ilia
52,1047,Hypena bijugalis,Dimorphic Bomolocha Moth,Animalia,Arthropoda,Insecta,Lepidoptera,Erebidae,Hypena,bijugalis,01047_Animalia_Arthropoda_Insecta_Lepidoptera_Erebidae_Hypena_bijugalis
53,1076,Melipotis acontioides,Royal Poinciana Moth,Animalia,Arthropoda,Insecta,Lepidoptera,Erebidae,Melipotis,acontioides,01076_Animalia_Arthropoda_Insecta_Lepidoptera_Erebidae_Melipotis_acontioides
54,1103,Pantydia sparsa,Pantydia sparsa,Animalia,Arthropoda,Insecta,Lepidoptera,Erebidae,Pantydia,sparsa,01103_Animalia_Arthropoda_Insecta_Lepidoptera_Erebidae_Pantydia_sparsa
55,1164,Chiasmia clathrata,Latticed Heath,Animalia,Arthropoda,Insecta,Lepidoptera,Geometridae,Chiasmia,clathrata,01164_Animalia_Arthropoda_Insecta_Lepidoptera_Geometridae_Chiasmia_clathrata
56,1167,Chlorochlamys chloroleucaria,Blackberry Looper,Animalia,Arthropoda,Insecta,Lepidoptera,Geometridae,Chlorochlamys,chloroleucaria,01167_Animalia_Arthropoda_Insecta_Lepidoptera_Geometridae_Chlorochlamys_chloroleucaria
57,1176,Colotois pennaria,Feathered Thorn,Animalia,Arthropoda,Insecta,Lepidoptera,Geometridae,Colotois,pennaria,01176_Animalia_Arthropoda_Insecta_Lepidoptera_Geometridae_Colotois_pennaria
58,1233,Idaea aversata,Riband Wave,Animalia,Arthropoda,Insecta,Lepidoptera,Geometridae,Idaea,aversata,01233_Animalia_Arthropoda_Insecta_Lepidoptera_Geometridae_Idaea_aversata
59,1242,Ilexia intractata,Black-dotted Ruddy Moth,Animalia,Arthropoda,Insecta,Lepidoptera,Geometridae,Ilexia,intractata,01242_Animalia_Arthropoda_Insecta_Lepidoptera_Geometridae_Ilexia_intractata
60,1297,Probole amicaria,Alien Probole Moth,Animalia,Arthropoda,Insecta,Lepidoptera,Geometridae,Probole,amicaria,01297_Animalia_Arthropoda_Insecta_Lepidoptera_Geometridae_Probole_amicaria
61,1314,Tetracis cachexiata,White Slant-line,Animalia,Arthropoda,Insecta,Lepidoptera,Geometridae,Tetracis,cachexiata,01314_Animalia_Arthropoda_Insecta_Lepidoptera_Geometridae_Tetracis_cachexiata
62,1315,Tetracis crocallata,Yellow Slant-line,Animalia,Arthropoda,Insecta,Lepidoptera,Geometridae,Tetracis,crocallata,01315_Animalia_Arthropoda_Insecta_Lepidoptera_Geometridae_Tetracis_crocallata
63,1335,Ancyloxypha numitor,Least Skipper,Animalia,Arthropoda,Insecta,Lepidoptera,Hesperiidae,Ancyloxypha,numitor,01335_Animalia_Arthropoda_Insecta_Lepidoptera_Hesperiidae_Ancyloxypha_numitor
64,1346,Burnsius philetas,Desert Checkered-Skipper,Animalia,Arthropoda,Insecta,Lepidoptera,Hesperiidae,Burnsius,philetas,01346_Animalia_Arthropoda_Insecta_Lepidoptera_Hesperiidae_Burnsius_philetas
65,1362,Erynnis juvenalis,Juvenal's Duskywing,Animalia,Arthropoda,Insecta,Lepidoptera,Hesperiidae,Erynnis,juvenalis,01362_Animalia_Arthropoda_Insecta_Lepidoptera_Hesperiidae_Erynnis_juvenalis
66,1374,Iambrix salsala,Chestnut Bob,Animalia,Arthropoda,Insecta,Lepidoptera,Hesperiidae,Iambrix,salsala,01374_Animalia_Arthropoda_Insecta_Lepidoptera_Hesperiidae_Iambrix_salsala
67,1376,Lerodea eufala,Eufala Skipper,Animalia,Arthropoda,Insecta,Lepidoptera,Hesperiidae,Lerodea,eufala,01376_Animalia_Arthropoda_Insecta_Lepidoptera_Hesperiidae_Lerodea_eufala
68,1378,Lon melane,Umber Skipper,Animalia,Arthropoda,Insecta,Lepidoptera,Hesperiidae,Lon,melane,01378_Animalia_Arthropoda_Insecta_Lepidoptera_Hesperiidae_Lon_melane
69,1393,Polites mystic,Long Dash Skipper,Animalia,Arthropoda,Insecta,Lepidoptera,Hesperiidae,Polites,mystic,01393_Animalia_Arthropoda_Insecta_Lepidoptera_Hesperiidae_Polites_mystic
70,1405,Thymelicus lineola,European Skipper,Animalia,Arthropoda,Insecta,Lepidoptera,Hesperiidae,Thymelicus,lineola,01405_Animalia_Arthropoda_Insecta_Lepidoptera_Hesperiidae_Thymelicus_lineola
71,1408,Urbanus dorantes,Dorantes Longtail,Animalia,Arthropoda,Insecta,Lepidoptera,Hesperiidae,Urbanus,dorantes,01408_Animalia_Arthropoda_Insecta_Lepidoptera_Hesperiidae_Urbanus_dorantes
72,1430,Euclea incisa,Green Oak-Slug Moth,Animalia,Arthropoda,Insecta,Lepidoptera,Limacodidae,Euclea,incisa,01430_Animalia_Arthropoda_Insecta_Lepidoptera_Limacodidae_Euclea_incisa
73,1439,Anthene emolus,Common Ciliate Blue,Animalia,Arthropoda,Insecta,Lepidoptera,Lycaenidae,Anthene,emolus,01439_Animalia_Arthropoda_Insecta_Lepidoptera_Lycaenidae_Anthene_emolus
74,1455,Catochrysops strabo,Forget-me-not,Animalia,Arthropoda,Insecta,Lepidoptera,Lycaenidae,Catochrysops,strabo,01455_Animalia_Arthropoda_Insecta_Lepidoptera_Lycaenidae_Catochrysops_strabo
75,1458,Celastrina ladon,Spring Azure,Animalia,Arthropoda,Insecta,Lepidoptera,Lycaenidae,Celastrina,ladon,01458_Animalia_Arthropoda_Insecta_Lepidoptera_Lycaenidae_Celastrina_ladon
76,1469,Cyaniris semiargus,Mazarine Blue,Animalia,Arthropoda,Insecta,Lepidoptera,Lycaenidae,Cyaniris,semiargus,01469_Animalia_Arthropoda_Insecta_Lepidoptera_Lycaenidae_Cyaniris_semiargus
77,1485,Icaricia icarioides,Boisduval's Blue,Animalia,Arthropoda,Insecta,Lepidoptera,Lycaenidae,Icaricia,icarioides,01485_Animalia_Arthropoda_Insecta_Lepidoptera_Lycaenidae_Icaricia_icarioides
78,1493,Leptotes marina,Marine Blue,Animalia,Arthropoda,Insecta,Lepidoptera,Lycaenidae,Leptotes,marina,01493_Animalia_Arthropoda_Insecta_Lepidoptera_Lycaenidae_Leptotes_marina
79,1534,Satyrium titus,Coral Hairstreak,Animalia,Arthropoda,Insecta,Lepidoptera,Lycaenidae,Satyrium,titus,01534_Animalia_Arthropoda_Insecta_Lepidoptera_Lycaenidae_Satyrium_titus
80,1583,Autographa californica,Alfalfa Looper,Animalia,Arthropoda,Insecta,Lepidoptera,Noctuidae,Autographa,californica,01583_Animalia_Arthropoda_Insecta_Lepidoptera_Noctuidae_Autographa_californica
81,1649,Lithacodia musta,Small Mossy Lithacodia,Animalia,Arthropoda,Insecta,Lepidoptera,Noctuidae,Lithacodia,musta,01649_Animalia_Arthropoda_Insecta_Lepidoptera_Noctuidae_Lithacodia_musta
82,1653,Maliattha synochitis,Black-dotted Maliattha,Animalia,Arthropoda,Insecta,Lepidoptera,Noctuidae,Maliattha,synochitis,01653_Animalia_Arthropoda_Insecta_Lepidoptera_Noctuidae_Maliattha_synochitis
83,1691,Ponometia semiflava,Half-yellow Moth,Animalia,Arthropoda,Insecta,Lepidoptera,Noctuidae,Ponometia,semiflava,01691_Animalia_Arthropoda_Insecta_Lepidoptera_Noctuidae_Ponometia_semiflava
84,1729,Pseudoips prasinana,Green Silver-lines,Animalia,Arthropoda,Insecta,Lepidoptera,Nolidae,Pseudoips,prasinana,01729_Animalia_Arthropoda_Insecta_Lepidoptera_Nolidae_Pseudoips_prasinana
85,1748,Peridea angulosa,Angulose Prominent Moth,Animalia,Arthropoda,Insecta,Lepidoptera,Notodontidae,Peridea,angulosa,01748_Animalia_Arthropoda_Insecta_Lepidoptera_Notodontidae_Peridea_angulosa
86,1802,Brenthis ino,Lesser Marbled Fritillary,Animalia,Arthropoda,Insecta,Lepidoptera,Nymphalidae,Brenthis,ino,01802_Animalia_Arthropoda_Insecta_Lepidoptera_Nymphalidae_Brenthis_ino
87,1838,Doxocopa laure,Silver Emperor,Animalia,Arthropoda,Insecta,Lepidoptera,Nymphalidae,Doxocopa,laure,01838_Animalia_Arthropoda_Insecta_Lepidoptera_Nymphalidae_Doxocopa_laure
88,1840,Dryas iulia,Julia Butterfly,Animalia,Arthropoda,Insecta,Lepidoptera,Nymphalidae,Dryas,iulia,01840_Animalia_Arthropoda_Insecta_Lepidoptera_Nymphalidae_Dryas_iulia
89,1854,Euphydryas phaeton,Baltimore Checkerspot,Animalia,Arthropoda,Insecta,Lepidoptera,Nymphalidae,Euphydryas,phaeton,01854_Animalia_Arthropoda_Insecta_Lepidoptera_Nymphalidae_Euphydryas_phaeton
90,1908,Limenitis arthemis,Red-spotted Admiral,Animalia,Arthropoda,Insecta,Lepidoptera,Nymphalidae,Limenitis,arthemis,01908_Animalia_Arthropoda_Insecta_Lepidoptera_Nymphalidae_Limenitis_arthemis
91,1938,Nymphalis antiopa,Mourning Cloak,Animalia,Arthropoda,Insecta,Lepidoptera,Nymphalidae,Nymphalis,antiopa,01938_Animalia_Arthropoda_Insecta_Lepidoptera_Nymphalidae_Nymphalis_antiopa
92,1968,Smyrna blomfildia,Blomfild's Beauty,Animalia,Arthropoda,Insecta,Lepidoptera,Nymphalidae,Smyrna,blomfildia,01968_Animalia_Arthropoda_Insecta_Lepidoptera_Nymphalidae_Smyrna_blomfildia
93,2009,Papilio anactus,Dainty Swallowtail,Animalia,Arthropoda,Insecta,Lepidoptera,Papilionidae,Papilio,anactus,02009_Animalia_Arthropoda_Insecta_Lepidoptera_Papilionidae_Papilio_anactus
94,2034,Papilio thoas,Thoas Swallowtail,Animalia,Arthropoda,Insecta,Lepidoptera,Papilionidae,Papilio,thoas,02034_Animalia_Arthropoda_Insecta_Lepidoptera_Papilionidae_Papilio_thoas
95,2073,Eurema daira,Barred Yellow,Animalia,Arthropoda,Insecta,Lepidoptera,Pieridae,Eurema,daira,02073_Animalia_Arthropoda_Insecta_Lepidoptera_Pieridae_Eurema_daira
96,2077,Glutophrissa drusilla,Florida White,Animalia,Arthropoda,Insecta,Lepidoptera,Pieridae,Glutophrissa,drusilla,02077_Animalia_Arthropoda_Insecta_Lepidoptera_Pieridae_Glutophrissa_drusilla
97,2092,Pieris brassicae,Large White Butterfly,Animalia,Arthropoda,Insecta,Lepidoptera,Pieridae,Pieris,brassicae,02092_Animalia_Arthropoda_Insecta_Lepidoptera_Pieridae_Pieris_brassicae
98,2129,Moodna ostrinella,Darker Moodna Moth,Animalia,Arthropoda,Insecta,Lepidoptera,Pyralidae,Moodna,ostrinella,02129_Animalia_Arthropoda_Insecta_Lepidoptera_Pyralidae_Moodna_ostrinella
99,2139,Calephelis nemesis,Fatal Metalmark,Animalia,Arthropoda,Insecta,Lepidoptera,Riodinidae,Calephelis,nemesis,02139_Animalia_Arthropoda_Insecta_Lepidoptera_Riodinidae_Calephelis_nemesis
100,2145,Melanis pixe,Red-bordered Pixie,Animalia,Arthropoda,Insecta,Lepidoptera,Riodinidae,Melanis,pixe,02145_Animalia_Arthropoda_Insecta_Lepidoptera_Riodinidae_Melanis_pixe
101,2149,Anisota senatoria,Orange-tipped Oakworm Moth,Animalia,Arthropoda,Insecta,Lepidoptera,Saturniidae,Anisota,senatoria,02149_Animalia_Arthropoda_Insecta_Lepidoptera_Saturniidae_Anisota_senatoria
102,2161,Hemileuca maia,Buck Moth,Animalia,Arthropoda,Insecta,Lepidoptera,Saturniidae,Hemileuca,maia,02161_Animalia_Arthropoda_Insecta_Lepidoptera_Saturniidae_Hemileuca_maia
103,2166,Saturnia pavonia,Small Emperor Moth,Animalia,Arthropoda,Insecta,Lepidoptera,Saturniidae,Saturnia,pavonia,02166_Animalia_Arthropoda_Insecta_Lepidoptera_Saturniidae_Saturnia_pavonia
104,2167,Saturnia pyri,Giant Peacock Moth,Animalia,Arthropoda,Insecta,Lepidoptera,Saturniidae,Saturnia,pyri,02167_Animalia_Arthropoda_Insecta_Lepidoptera_Saturniidae_Saturnia_pyri
105,2185,Dolba hyloeus,Pawpaw Sphinx Moth,Animalia,Arthropoda,Insecta,Lepidoptera,Sphingidae,Dolba,hyloeus,02185_Animalia_Arthropoda_Insecta_Lepidoptera_Sphingidae_Dolba_hyloeus
106,2198,Hippotion scrofa,Hippotion scrofa,Animalia,Arthropoda,Insecta,Lepidoptera,Sphingidae,Hippotion,scrofa,02198_Animalia_Arthropoda_Insecta_Lepidoptera_Sphingidae_Hippotion_scrofa
107,2211,Paonias excaecata,Blinded Sphinx Moth,Animalia,Arthropoda,Insecta,Lepidoptera,Sphingidae,Paonias,excaecata,02211_Animalia_Arthropoda_Insecta_Lepidoptera_Sphingidae_Paonias_excaecata
108,2222,Sphinx pinastri,Pine Hawk-Moth,Animalia,Arthropoda,Insecta,Lepidoptera,Sphingidae,Sphinx,pinastri,02222_Animalia_Arthropoda_Insecta_Lepidoptera_Sphingidae_Sphinx_pinastri
109,2235,Argyrotaenia velutinana,Red-banded Leafroller,Animalia,Arthropoda,Insecta,Lepidoptera,Tortricidae,Argyrotaenia,velutinana,02235_Animalia_Arthropoda_Insecta_Lepidoptera_Tortricidae_Argyrotaenia_velutinana
110,2246,Cydia latiferreana,Filbertworm Moth,Animalia,Arthropoda,Insecta,Lepidoptera,Tortricidae,Cydia,latiferreana,02246_Animalia_Arthropoda_Insecta_Lepidoptera_Tortricidae_Cydia_latiferreana
111,2249,Epiblema otiosana,Bidens Borer Moth,Animalia,Arthropoda,Insecta,Lepidoptera,Tortricidae,Epiblema,otiosana,02249_Animalia_Arthropoda_Insecta_Lepidoptera_Tortricidae_Epiblema_otiosana
112,2262,Platynota rostrana,Omnivorous Platynota Moth,Animalia,Arthropoda,Insecta,Lepidoptera,Tortricidae,Platynota,rostrana,02262_Animalia_Arthropoda_Insecta_Lepidoptera_Tortricidae_Platynota_rostrana
113,2284,Orthodera ministralis,Australian Green Mantis,Animalia,Arthropoda,Insecta,Mantodea,Mantidae,Orthodera,ministralis,02284_Animalia_Arthropoda_Insecta_Mantodea_Mantidae_Orthodera_ministralis
114,2297,Chrysopa oculata,Chrysopa oculata,Animalia,Arthropoda,Insecta,Neuroptera,Chrysopidae,Chrysopa,oculata,02297_Animalia_Arthropoda_Insecta_Neuroptera_Chrysopidae_Chrysopa_oculata
115,2303,Libelloides coccajus,Owly Sulphur,Animalia,Arthropoda,Insecta,Neuroptera,Myrmeleontidae,Libelloides,coccajus,02303_Animalia_Arthropoda_Insecta_Neuroptera_Myrmeleontidae_Libelloides_coccajus
116,2332,Calopteryx maculata,Ebony Jewelwing,Animalia,Arthropoda,Insecta,Odonata,Calopterygidae,Calopteryx,maculata,02332_Animalia_Arthropoda_Insecta_Odonata_Calopterygidae_Calopteryx_maculata
117,2369,Enallagma cyathigerum,Common Blue Damselfly,Animalia,Arthropoda,Insecta,Odonata,Coenagrionidae,Enallagma,cyathigerum,02369_Animalia_Arthropoda_Insecta_Odonata_Coenagrionidae_Enallagma_cyathigerum
118,2375,Enallagma geminatum,Skimming Bluet,Animalia,Arthropoda,Insecta,Odonata,Coenagrionidae,Enallagma,geminatum,02375_Animalia_Arthropoda_Insecta_Odonata_Coenagrionidae_Enallagma_geminatum
119,2427,Erpetogomphus designatus,Eastern Ringtail,Animalia,Arthropoda,Insecta,Odonata,Gomphidae,Erpetogomphus,designatus,02427_Animalia_Arthropoda_Insecta_Odonata_Gomphidae_Erpetogomphus_designatus
120,2432,Hagenius brevistylus,Dragonhunter,Animalia,Arthropoda,Insecta,Odonata,Gomphidae,Hagenius,brevistylus,02432_Animalia_Arthropoda_Insecta_Odonata_Gomphidae_Hagenius_brevistylus
121,2463,Lestes virens,Small Spreadwing,Animalia,Arthropoda,Insecta,Odonata,Lestidae,Lestes,virens,02463_Animalia_Arthropoda_Insecta_Odonata_Lestidae_Lestes_virens
122,2527,Neurothemis taiwanensis,Neurothemis taiwanensis,Animalia,Arthropoda,Insecta,Odonata,Libellulidae,Neurothemis,taiwanensis,02527_Animalia_Arthropoda_Insecta_Odonata_Libellulidae_Neurothemis_taiwanensis
123,2628,Pseudochorthippus curtipennis,Marsh meadow grasshopper,Animalia,Arthropoda,Insecta,Orthoptera,Acrididae,Pseudochorthippus,curtipennis,02628_Animalia_Arthropoda_Insecta_Orthoptera_Acrididae_Pseudochorthippus_curtipennis
124,2633,Schistocerca obscura,Obscure Bird Grasshopper,Animalia,Arthropoda,Insecta,Orthoptera,Acrididae,Schistocerca,obscura,02633_Animalia_Arthropoda_Insecta_Orthoptera_Acrididae_Schistocerca_obscura
125,2668,Conocephalus fuscus,Long-winged Conehead,Animalia,Arthropoda,Insecta,Orthoptera,Tettigoniidae,Conocephalus,fuscus,02668_Animalia_Arthropoda_Insecta_Orthoptera_Tettigoniidae_Conocephalus_fuscus
126,2702,Faxonius virilis,Virile Crayfish,Animalia,Arthropoda,Malacostraca,Decapoda,Cambaridae,Faxonius,virilis,02702_Animalia_Arthropoda_Malacostraca_Decapoda_Cambaridae_Faxonius_virilis
127,2736,Petrolisthes elongatus,New Zealand Half Crab,Animalia,Arthropoda,Malacostraca,Decapoda,Porcellanidae,Petrolisthes,elongatus,02736_Animalia_Arthropoda_Malacostraca_Decapoda_Porcellanidae_Petrolisthes_elongatus
128,2769,Pimephales notatus,Bluntnose Minnow,Animalia,Chordata,Actinopterygii,Cypriniformes,Cyprinidae,Pimephales,notatus,02769_Animalia_Chordata_Actinopterygii_Cypriniformes_Cyprinidae_Pimephales_notatus
129,2770,Rhinichthys atratulus,Blacknose Dace,Animalia,Chordata,Actinopterygii,Cypriniformes,Cyprinidae,Rhinichthys,atratulus,02770_Animalia_Chordata_Actinopterygii_Cypriniformes_Cyprinidae_Rhinichthys_atratulus
130,2773,Squalius cephalus,Chub,Animalia,Chordata,Actinopterygii,Cypriniformes,Cyprinidae,Squalius,cephalus,02773_Animalia_Chordata_Actinopterygii_Cypriniformes_Cyprinidae_Squalius_cephalus
131,2800,Lepomis auritus,Redbreast Sunfish,Animalia,Chordata,Actinopterygii,Perciformes,Centrarchidae,Lepomis,auritus,02800_Animalia_Chordata_Actinopterygii_Perciformes_Centrarchidae_Lepomis_auritus
132,2812,Chaetodon capistratus,Four-eyed Butterflyfish,Animalia,Chordata,Actinopterygii,Perciformes,Chaetodontidae,Chaetodon,capistratus,02812_Animalia_Chordata_Actinopterygii_Perciformes_Chaetodontidae_Chaetodon_capistratus
133,2836,Eupetrichthys angustipes,Snakeskin Wrasse,Animalia,Chordata,Actinopterygii,Perciformes,Labridae,Eupetrichthys,angustipes,02836_Animalia_Chordata_Actinopterygii_Perciformes_Labridae_Eupetrichthys_angustipes
134,2855,Parupeneus spilurus,Blackspot Goatfish,Animalia,Chordata,Actinopterygii,Perciformes,Mullidae,Parupeneus,spilurus,02855_Animalia_Chordata_Actinopterygii_Perciformes_Mullidae_Parupeneus_spilurus
135,2858,Perca flavescens,Yellow Perch,Animalia,Chordata,Actinopterygii,Perciformes,Percidae,Perca,flavescens,02858_Animalia_Chordata_Actinopterygii_Perciformes_Percidae_Perca_flavescens
136,2866,Abudefduf vaigiensis,Indo-Pacific Sergeant Major,Animalia,Chordata,Actinopterygii,Perciformes,Pomacentridae,Abudefduf,vaigiensis,02866_Animalia_Chordata_Actinopterygii_Perciformes_Pomacentridae_Abudefduf_vaigiensis
137,2878,Aplodinotus grunniens,Freshwater Drum,Animalia,Chordata,Actinopterygii,Perciformes,Sciaenidae,Aplodinotus,grunniens,02878_Animalia_Chordata_Actinopterygii_Perciformes_Sciaenidae_Aplodinotus_grunniens
138,2884,Paralabrax clathratus,Kelp Bass,Animalia,Chordata,Actinopterygii,Perciformes,Serranidae,Paralabrax,clathratus,02884_Animalia_Chordata_Actinopterygii_Perciformes_Serranidae_Paralabrax_clathratus
139,2914,Plotosus lineatus,Striped Eel Catfish,Animalia,Chordata,Actinopterygii,Siluriformes,Plotosidae,Plotosus,lineatus,02914_Animalia_Chordata_Actinopterygii_Siluriformes_Plotosidae_Plotosus_lineatus
140,2919,Hippocampus histrix,Spiny Seahorse,Animalia,Chordata,Actinopterygii,Syngnathiformes,Syngnathidae,Hippocampus,histrix,02919_Animalia_Chordata_Actinopterygii_Syngnathiformes_Syngnathidae_Hippocampus_histrix
141,2973,Pristimantis achatinus,Cachabi Robber Frog,Animalia,Chordata,Amphibia,Anura,Craugastoridae,Pristimantis,achatinus,02973_Animalia_Chordata_Amphibia_Anura_Craugastoridae_Pristimantis_achatinus
142,3014,Litoria fallax,Eastern Dwarf Treefrog,Animalia,Chordata,Amphibia,Anura,Pelodryadidae,Litoria,fallax,03014_Animalia_Chordata_Amphibia_Anura_Pelodryadidae_Litoria_fallax
143,3040,Rana aurora,Northern Red-legged Frog,Animalia,Chordata,Amphibia,Anura,Ranidae,Rana,aurora,03040_Animalia_Chordata_Amphibia_Anura_Ranidae_Rana_aurora
144,3070,Aneides aeneus,Green Salamander,Animalia,Chordata,Amphibia,Caudata,Plethodontidae,Aneides,aeneus,03070_Animalia_Chordata_Amphibia_Caudata_Plethodontidae_Aneides_aeneus
145,3107,Triturus carnifex,Italian Crested Newt,Animalia,Chordata,Amphibia,Caudata,Salamandridae,Triturus,carnifex,03107_Animalia_Chordata_Amphibia_Caudata_Salamandridae_Triturus_carnifex
146,3120,Aquila heliaca,Imperial Eagle,Animalia,Chordata,Aves,Accipitriformes,Accipitridae,Aquila,heliaca,03120_Animalia_Chordata_Aves_Accipitriformes_Accipitridae_Aquila_heliaca
147,3177,Pernis apivorus,European Honey-buzzard,Animalia,Chordata,Aves,Accipitriformes,Accipitridae,Pernis,apivorus,03177_Animalia_Chordata_Aves_Accipitriformes_Accipitridae_Pernis_apivorus
148,3199,Anas georgica,Yellow-billed Pintail,Animalia,Chordata,Aves,Anseriformes,Anatidae,Anas,georgica,03199_Animalia_Chordata_Aves_Anseriformes_Anatidae_Anas_georgica
149,3244,Cygnus olor,Mute Swan,Animalia,Chordata,Aves,Anseriformes,Anatidae,Cygnus,olor,03244_Animalia_Chordata_Aves_Anseriformes_Anatidae_Cygnus_olor
150,3258,Melanitta perspicillata,Surf Scoter,Animalia,Chordata,Aves,Anseriformes,Anatidae,Melanitta,perspicillata,03258_Animalia_Chordata_Aves_Anseriformes_Anatidae_Melanitta_perspicillata
151,3259,Mergellus albellus,Smew,Animalia,Chordata,Aves,Anseriformes,Anatidae,Mergellus,albellus,03259_Animalia_Chordata_Aves_Anseriformes_Anatidae_Mergellus_albellus
152,3260,Mergus merganser,Common Merganser,Animalia,Chordata,Aves,Anseriformes,Anatidae,Mergus,merganser,03260_Animalia_Chordata_Aves_Anseriformes_Anatidae_Mergus_merganser
153,3306,Archilochus alexandri,Black-chinned Hummingbird,Animalia,Chordata,Aves,Caprimulgiformes,Trochilidae,Archilochus,alexandri,03306_Animalia_Chordata_Aves_Caprimulgiformes_Trochilidae_Archilochus_alexandri
154,3321,Heliodoxa jacula,Green-crowned Brilliant,Animalia,Chordata,Aves,Caprimulgiformes,Trochilidae,Heliodoxa,jacula,03321_Animalia_Chordata_Aves_Caprimulgiformes_Trochilidae_Heliodoxa_jacula
155,3358,Charadrius obscurus,Red-breasted Dotterel,Animalia,Chordata,Aves,Charadriiformes,Charadriidae,Charadrius,obscurus,03358_Animalia_Chordata_Aves_Charadriiformes_Charadriidae_Charadrius_obscurus
156,3364,Charadrius wilsonia,Wilson's Plover,Animalia,Chordata,Aves,Charadriiformes,Charadriidae,Charadrius,wilsonia,03364_Animalia_Chordata_Aves_Charadriiformes_Charadriidae_Charadrius_wilsonia
157,3367,Pluvialis dominica,American Golden-Plover,Animalia,Chordata,Aves,Charadriiformes,Charadriidae,Pluvialis,dominica,03367_Animalia_Chordata_Aves_Charadriiformes_Charadriidae_Pluvialis_dominica
158,3372,Vanellus coronatus,Crowned Lapwing,Animalia,Chordata,Aves,Charadriiformes,Charadriidae,Vanellus,coronatus,03372_Animalia_Chordata_Aves_Charadriiformes_Charadriidae_Vanellus_coronatus
159,3385,Haematopus palliatus,American Oystercatcher,Animalia,Chordata,Aves,Charadriiformes,Haematopodidae,Haematopus,palliatus,03385_Animalia_Chordata_Aves_Charadriiformes_Haematopodidae_Haematopus_palliatus
160,3398,Chroicocephalus hartlaubii,Hartlaub's Gull,Animalia,Chordata,Aves,Charadriiformes,Laridae,Chroicocephalus,hartlaubii,03398_Animalia_Chordata_Aves_Charadriiformes_Laridae_Chroicocephalus_hartlaubii
161,3402,Chroicocephalus ridibundus,Black-headed Gull,Animalia,Chordata,Aves,Charadriiformes,Laridae,Chroicocephalus,ridibundus,03402_Animalia_Chordata_Aves_Charadriiformes_Laridae_Chroicocephalus_ridibundus
162,3410,Larus cachinnans,Caspian Gull,Animalia,Chordata,Aves,Charadriiformes,Laridae,Larus,cachinnans,03410_Animalia_Chordata_Aves_Charadriiformes_Laridae_Larus_cachinnans
163,3417,Larus glaucescens,Glaucous-winged Gull,Animalia,Chordata,Aves,Charadriiformes,Laridae,Larus,glaucescens,03417_Animalia_Chordata_Aves_Charadriiformes_Laridae_Larus_glaucescens
164,3481,Numenius madagascariensis,Far Eastern Curlew,Animalia,Chordata,Aves,Charadriiformes,Scolopacidae,Numenius,madagascariensis,03481_Animalia_Chordata_Aves_Charadriiformes_Scolopacidae_Numenius_madagascariensis
165,3490,Tringa glareola,Wood Sandpiper,Animalia,Chordata,Aves,Charadriiformes,Scolopacidae,Tringa,glareola,03490_Animalia_Chordata_Aves_Charadriiformes_Scolopacidae_Tringa_glareola
166,3529,Patagioenas flavirostris,Red-billed Pigeon,Animalia,Chordata,Aves,Columbiformes,Columbidae,Patagioenas,flavirostris,03529_Animalia_Chordata_Aves_Columbiformes_Columbidae_Patagioenas_flavirostris
167,3635,Pavo cristatus,Common Peafowl,Animalia,Chordata,Aves,Galliformes,Phasianidae,Pavo,cristatus,03635_Animalia_Chordata_Aves_Galliformes_Phasianidae_Pavo_cristatus
168,3673,Zapornia flavirostra,Black Crake,Animalia,Chordata,Aves,Gruiformes,Rallidae,Zapornia,flavirostra,03673_Animalia_Chordata_Aves_Gruiformes_Rallidae_Zapornia_flavirostra
169,3715,Passerina ciris,Painted Bunting,Animalia,Chordata,Aves,Passeriformes,Cardinalidae,Passerina,ciris,03715_Animalia_Chordata_Aves_Passeriformes_Cardinalidae_Passerina_ciris
170,3719,Pheucticus chrysopeplus,Yellow Grosbeak,Animalia,Chordata,Aves,Passeriformes,Cardinalidae,Pheucticus,chrysopeplus,03719_Animalia_Chordata_Aves_Passeriformes_Cardinalidae_Pheucticus_chrysopeplus
171,3728,Certhia americana,Brown Creeper,Animalia,Chordata,Aves,Passeriformes,Certhiidae,Certhia,americana,03728_Animalia_Chordata_Aves_Passeriformes_Certhiidae_Certhia_americana
172,3759,Corvus ossifragus,Fish Crow,Animalia,Chordata,Aves,Passeriformes,Corvidae,Corvus,ossifragus,03759_Animalia_Chordata_Aves_Passeriformes_Corvidae_Corvus_ossifragus
173,3777,Psilorhinus morio,Brown Jay,Animalia,Chordata,Aves,Passeriformes,Corvidae,Psilorhinus,morio,03777_Animalia_Chordata_Aves_Passeriformes_Corvidae_Psilorhinus_morio
174,3778,Pyrrhocorax graculus,Alpine Chough,Animalia,Chordata,Aves,Passeriformes,Corvidae,Pyrrhocorax,graculus,03778_Animalia_Chordata_Aves_Passeriformes_Corvidae_Pyrrhocorax_graculus
175,3804,Taeniopygia bichenovii,Double-barred Finch,Animalia,Chordata,Aves,Passeriformes,Estrildidae,Taeniopygia,bichenovii,03804_Animalia_Chordata_Aves_Passeriformes_Estrildidae_Taeniopygia_bichenovii
176,3828,Loxia curvirostra,Red Crossbill,Animalia,Chordata,Aves,Passeriformes,Fringillidae,Loxia,curvirostra,03828_Animalia_Chordata_Aves_Passeriformes_Fringillidae_Loxia_curvirostra
177,3849,Hirundo rustica,Barn Swallow,Animalia,Chordata,Aves,Passeriformes,Hirundinidae,Hirundo,rustica,03849_Animalia_Chordata_Aves_Passeriformes_Hirundinidae_Hirundo_rustica
178,3859,Riparia riparia,Bank Swallow,Animalia,Chordata,Aves,Passeriformes,Hirundinidae,Riparia,riparia,03859_Animalia_Chordata_Aves_Passeriformes_Hirundinidae_Riparia_riparia
179,3860,Stelgidopteryx ruficollis,Southern Rough-winged Swallow,Animalia,Chordata,Aves,Passeriformes,Hirundinidae,Stelgidopteryx,ruficollis,03860_Animalia_Chordata_Aves_Passeriformes_Hirundinidae_Stelgidopteryx_ruficollis
180,3865,Tachycineta thalassina,Violet-green Swallow,Animalia,Chordata,Aves,Passeriformes,Hirundinidae,Tachycineta,thalassina,03865_Animalia_Chordata_Aves_Passeriformes_Hirundinidae_Tachycineta_thalassina
181,3868,Agelaius tricolor,Tricolored Blackbird,Animalia,Chordata,Aves,Passeriformes,Icteridae,Agelaius,tricolor,03868_Animalia_Chordata_Aves_Passeriformes_Icteridae_Agelaius_tricolor
182,3901,Quiscalus quiscula,Common Grackle,Animalia,Chordata,Aves,Passeriformes,Icteridae,Quiscalus,quiscula,03901_Animalia_Chordata_Aves_Passeriformes_Icteridae_Quiscalus_quiscula
183,3938,Ptilotula penicillata,White-plumed Honeyeater,Animalia,Chordata,Aves,Passeriformes,Meliphagidae,Ptilotula,penicillata,03938_Animalia_Chordata_Aves_Passeriformes_Meliphagidae_Ptilotula_penicillata
184,3961,Anthus pratensis,Meadow Pipit,Animalia,Chordata,Aves,Passeriformes,Motacillidae,Anthus,pratensis,03961_Animalia_Chordata_Aves_Passeriformes_Motacillidae_Anthus_pratensis
185,3990,Oenanthe familiaris,Familiar Chat,Animalia,Chordata,Aves,Passeriformes,Muscicapidae,Oenanthe,familiaris,03990_Animalia_Chordata_Aves_Passeriformes_Muscicapidae_Oenanthe_familiaris
186,4040,Poecile hudsonicus,Boreal Chickadee,Animalia,Chordata,Aves,Passeriformes,Paridae,Poecile,hudsonicus,04040_Animalia_Chordata_Aves_Passeriformes_Paridae_Poecile_hudsonicus
187,4043,Poecile rufescens,Chestnut-backed Chickadee,Animalia,Chordata,Aves,Passeriformes,Paridae,Poecile,rufescens,04043_Animalia_Chordata_Aves_Passeriformes_Paridae_Poecile_rufescens
188,4068,Setophaga cerulea,Cerulean Warbler,Animalia,Chordata,Aves,Passeriformes,Parulidae,Setophaga,cerulea,04068_Animalia_Chordata_Aves_Passeriformes_Parulidae_Setophaga_cerulea
189,4070,Setophaga citrina,Hooded Warbler,Animalia,Chordata,Aves,Passeriformes,Parulidae,Setophaga,citrina,04070_Animalia_Chordata_Aves_Passeriformes_Parulidae_Setophaga_citrina
190,4073,Setophaga dominica,Yellow-throated Warbler,Animalia,Chordata,Aves,Passeriformes,Parulidae,Setophaga,dominica,04073_Animalia_Chordata_Aves_Passeriformes_Parulidae_Setophaga_dominica
191,4084,Setophaga ruticilla,American Redstart,Animalia,Chordata,Aves,Passeriformes,Parulidae,Setophaga,ruticilla,04084_Animalia_Chordata_Aves_Passeriformes_Parulidae_Setophaga_ruticilla
192,4089,Vermivora chrysoptera,Golden-winged Warbler,Animalia,Chordata,Aves,Passeriformes,Parulidae,Vermivora,chrysoptera,04089_Animalia_Chordata_Aves_Passeriformes_Parulidae_Vermivora_chrysoptera
193,4099,Calamospiza melanocorys,Lark Bunting,Animalia,Chordata,Aves,Passeriformes,Passerellidae,Calamospiza,melanocorys,04099_Animalia_Chordata_Aves_Passeriformes_Passerellidae_Calamospiza_melanocorys
194,4100,Centronyx henslowii,Henslow's Sparrow,Animalia,Chordata,Aves,Passeriformes,Passerellidae,Centronyx,henslowii,04100_Animalia_Chordata_Aves_Passeriformes_Passerellidae_Centronyx_henslowii
195,4118,Pipilo erythrophthalmus,Eastern Towhee,Animalia,Chordata,Aves,Passeriformes,Passerellidae,Pipilo,erythrophthalmus,04118_Animalia_Chordata_Aves_Passeriformes_Passerellidae_Pipilo_erythrophthalmus
196,4138,Eopsaltria australis,Eastern Yellow Robin,Animalia,Chordata,Aves,Passeriformes,Petroicidae,Eopsaltria,australis,04138_Animalia_Chordata_Aves_Passeriformes_Petroicidae_Eopsaltria_australis
197,4142,Petroica macrocephala,Tomtit,Animalia,Chordata,Aves,Passeriformes,Petroicidae,Petroica,macrocephala,04142_Animalia_Chordata_Aves_Passeriformes_Petroicidae_Petroica_macrocephala
198,4178,Regulus ignicapilla,Common Firecrest,Animalia,Chordata,Aves,Passeriformes,Regulidae,Regulus,ignicapilla,04178_Animalia_Chordata_Aves_Passeriformes_Regulidae_Regulus_ignicapilla
199,4189,Sitta pusilla,Brown-headed Nuthatch,Animalia,Chordata,Aves,Passeriformes,Sittidae,Sitta,pusilla,04189_Animalia_Chordata_Aves_Passeriformes_Sittidae_Sitta_pusilla
200,4203,Chamaea fasciata,Wrentit,Animalia,Chordata,Aves,Passeriformes,Sylviidae,Chamaea,fasciata,04203_Animalia_Chordata_Aves_Passeriformes_Sylviidae_Chamaea_fasciata
201,4228,Saltator coerulescens,Grayish Saltator,Animalia,Chordata,Aves,Passeriformes,Thraupidae,Saltator,coerulescens,04228_Animalia_Chordata_Aves_Passeriformes_Thraupidae_Saltator_coerulescens
202,4245,Thraupis episcopus,Blue-gray Tanager,Animalia,Chordata,Aves,Passeriformes,Thraupidae,Thraupis,episcopus,04245_Animalia_Chordata_Aves_Passeriformes_Thraupidae_Thraupis_episcopus
203,4293,Contopus cooperi,Olive-sided Flycatcher,Animalia,Chordata,Aves,Passeriformes,Tyrannidae,Contopus,cooperi,04293_Animalia_Chordata_Aves_Passeriformes_Tyrannidae_Contopus_cooperi
204,4295,Contopus sordidulus,Western Wood-Pewee,Animalia,Chordata,Aves,Passeriformes,Tyrannidae,Contopus,sordidulus,04295_Animalia_Chordata_Aves_Passeriformes_Tyrannidae_Contopus_sordidulus
205,4302,Empidonax hammondii,Hammond's Flycatcher,Animalia,Chordata,Aves,Passeriformes,Tyrannidae,Empidonax,hammondii,04302_Animalia_Chordata_Aves_Passeriformes_Tyrannidae_Empidonax_hammondii
206,4308,Fluvicola nengeta,Masked Water-Tyrant,Animalia,Chordata,Aves,Passeriformes,Tyrannidae,Fluvicola,nengeta,04308_Animalia_Chordata_Aves_Passeriformes_Tyrannidae_Fluvicola_nengeta
207,4313,Myiarchus cinerascens,Ash-throated Flycatcher,Animalia,Chordata,Aves,Passeriformes,Tyrannidae,Myiarchus,cinerascens,04313_Animalia_Chordata_Aves_Passeriformes_Tyrannidae_Myiarchus_cinerascens
208,4350,Zosterops japonicus,Warbling White-eye,Animalia,Chordata,Aves,Passeriformes,Zosteropidae,Zosterops,japonicus,04350_Animalia_Chordata_Aves_Passeriformes_Zosteropidae_Zosterops_japonicus
209,4352,Zosterops palpebrosus,Indian White-eye,Animalia,Chordata,Aves,Passeriformes,Zosteropidae,Zosterops,palpebrosus,04352_Animalia_Chordata_Aves_Passeriformes_Zosteropidae_Zosterops_palpebrosus
210,4372,Cochlearius cochlearius,Boat-billed Heron,Animalia,Chordata,Aves,Pelecaniformes,Ardeidae,Cochlearius,cochlearius,04372_Animalia_Chordata_Aves_Pelecaniformes_Ardeidae_Cochlearius_cochlearius
211,4386,Nycticorax nycticorax,Black-crowned Night Heron,Animalia,Chordata,Aves,Pelecaniformes,Ardeidae,Nycticorax,nycticorax,04386_Animalia_Chordata_Aves_Pelecaniformes_Ardeidae_Nycticorax_nycticorax
212,4391,Pelecanus crispus,Dalmatian Pelican,Animalia,Chordata,Aves,Pelecaniformes,Pelecanidae,Pelecanus,crispus,04391_Animalia_Chordata_Aves_Pelecaniformes_Pelecanidae_Pelecanus_crispus
213,4419,Phoenicopterus ruber,American Flamingo,Animalia,Chordata,Aves,Phoenicopteriformes,Phoenicopteridae,Phoenicopterus,ruber,04419_Animalia_Chordata_Aves_Phoenicopteriformes_Phoenicopteridae_Phoenicopterus_ruber
214,4442,Dryobates pubescens,Downy Woodpecker,Animalia,Chordata,Aves,Piciformes,Picidae,Dryobates,pubescens,04442_Animalia_Chordata_Aves_Piciformes_Picidae_Dryobates_pubescens
215,4553,Megascops asio,Eastern Screech-Owl,Animalia,Chordata,Aves,Strigiformes,Strigidae,Megascops,asio,04553_Animalia_Chordata_Aves_Strigiformes_Strigidae_Megascops_asio
216,4578,Phalacrocorax pelagicus,Pelagic Cormorant,Animalia,Chordata,Aves,Suliformes,Phalacrocoracidae,Phalacrocorax,pelagicus,04578_Animalia_Chordata_Aves_Suliformes_Phalacrocoracidae_Phalacrocorax_pelagicus
217,4579,Phalacrocorax penicillatus,Brandt's Cormorant,Animalia,Chordata,Aves,Suliformes,Phalacrocoracidae,Phalacrocorax,penicillatus,04579_Animalia_Chordata_Aves_Suliformes_Phalacrocoracidae_Phalacrocorax_penicillatus
218,4596,Trogon rufus,Black-throated Trogon,Animalia,Chordata,Aves,Trogoniformes,Trogonidae,Trogon,rufus,04596_Animalia_Chordata_Aves_Trogoniformes_Trogonidae_Trogon_rufus
219,4609,Ginglymostoma cirratum,Nurse Shark,Animalia,Chordata,Elasmobranchii,Orectolobiformes,Ginglymostomatidae,Ginglymostoma,cirratum,04609_Animalia_Chordata_Elasmobranchii_Orectolobiformes_Ginglymostomatidae_Ginglymostoma_cirratum
220,4632,Oreotragus oreotragus,Klipspringer,Animalia,Chordata,Mammalia,Artiodactyla,Bovidae,Oreotragus,oreotragus,04632_Animalia_Chordata_Mammalia_Artiodactyla_Bovidae_Oreotragus_oreotragus
221,4641,Tragelaphus oryx,Eland,Animalia,Chordata,Mammalia,Artiodactyla,Bovidae,Tragelaphus,oryx,04641_Animalia_Chordata_Mammalia_Artiodactyla_Bovidae_Tragelaphus_oryx
222,4654,Odocoileus virginianus,White-tailed Deer,Animalia,Chordata,Mammalia,Artiodactyla,Cervidae,Odocoileus,virginianus,04654_Animalia_Chordata_Mammalia_Artiodactyla_Cervidae_Odocoileus_virginianus
223,4671,Canis lupus,Gray Wolf,Animalia,Chordata,Mammalia,Carnivora,Canidae,Canis,lupus,04671_Animalia_Chordata_Mammalia_Carnivora_Canidae_Canis_lupus
224,4673,Lycalopex culpaeus,Culpeo,Animalia,Chordata,Mammalia,Carnivora,Canidae,Lycalopex,culpaeus,04673_Animalia_Chordata_Mammalia_Carnivora_Canidae_Lycalopex_culpaeus
225,4680,Lynx canadensis,Canada Lynx,Animalia,Chordata,Mammalia,Carnivora,Felidae,Lynx,canadensis,04680_Animalia_Chordata_Mammalia_Carnivora_Felidae_Lynx_canadensis
226,4690,Mephitis macroura,Hooded Skunk,Animalia,Chordata,Mammalia,Carnivora,Mephitidae,Mephitis,macroura,04690_Animalia_Chordata_Mammalia_Carnivora_Mephitidae_Mephitis_macroura
227,4708,Phocarctos hookeri,New Zealand Sea Lion,Animalia,Chordata,Mammalia,Carnivora,Otariidae,Phocarctos,hookeri,04708_Animalia_Chordata_Mammalia_Carnivora_Otariidae_Phocarctos_hookeri
228,4732,Galeopterus variegatus,Sunda Flying Lemur,Animalia,Chordata,Mammalia,Dermoptera,Cynocephalidae,Galeopterus,variegatus,04732_Animalia_Chordata_Mammalia_Dermoptera_Cynocephalidae_Galeopterus_variegatus
229,4736,Macropus fuliginosus,Western Grey Kangaroo,Animalia,Chordata,Mammalia,Diprotodontia,Macropodidae,Macropus,fuliginosus,04736_Animalia_Chordata_Mammalia_Diprotodontia_Macropodidae_Macropus_fuliginosus
230,4794,Castor canadensis,American Beaver,Animalia,Chordata,Mammalia,Rodentia,Castoridae,Castor,canadensis,04794_Animalia_Chordata_Mammalia_Rodentia_Castoridae_Castor_canadensis
231,4801,Myodes glareolus,Bank Vole,Animalia,Chordata,Mammalia,Rodentia,Cricetidae,Myodes,glareolus,04801_Animalia_Chordata_Mammalia_Rodentia_Cricetidae_Myodes_glareolus
232,4833,Marmota monax,Woodchuck,Animalia,Chordata,Mammalia,Rodentia,Sciuridae,Marmota,monax,04833_Animalia_Chordata_Mammalia_Rodentia_Sciuridae_Marmota_monax
233,4843,Sciurus aureogaster,Red-bellied Squirrel,Animalia,Chordata,Mammalia,Rodentia,Sciuridae,Sciurus,aureogaster,04843_Animalia_Chordata_Mammalia_Rodentia_Sciuridae_Sciurus_aureogaster
234,4860,Caiman crocodilus,Common Caiman,Animalia,Chordata,Reptilia,Crocodylia,Alligatoridae,Caiman,crocodilus,04860_Animalia_Chordata_Reptilia_Crocodylia_Alligatoridae_Caiman_crocodilus
235,4862,Crocodylus moreletii,Belize Crocodile,Animalia,Chordata,Reptilia,Crocodylia,Crocodylidae,Crocodylus,moreletii,04862_Animalia_Chordata_Reptilia_Crocodylia_Crocodylidae_Crocodylus_moreletii
236,4879,Anguis veronensis,Italian Slow Worm,Animalia,Chordata,Reptilia,Squamata,Anguidae,Anguis,veronensis,04879_Animalia_Chordata_Reptilia_Squamata_Anguidae_Anguis_veronensis
237,4884,Gerrhonotus infernalis,Texas Alligator Lizard,Animalia,Chordata,Reptilia,Squamata,Anguidae,Gerrhonotus,infernalis,04884_Animalia_Chordata_Reptilia_Squamata_Anguidae_Gerrhonotus_infernalis
238,4904,Dendrelaphis pictus,Common Bronze-back,Animalia,Chordata,Reptilia,Squamata,Colubridae,Dendrelaphis,pictus,04904_Animalia_Chordata_Reptilia_Squamata_Colubridae_Dendrelaphis_pictus
239,4925,Lampropeltis triangulum,Eastern Milksnake,Animalia,Chordata,Reptilia,Squamata,Colubridae,Lampropeltis,triangulum,04925_Animalia_Chordata_Reptilia_Squamata_Colubridae_Lampropeltis_triangulum
240,4964,Tantilla gracilis,Flat-headed Snake,Animalia,Chordata,Reptilia,Squamata,Colubridae,Tantilla,gracilis,04964_Animalia_Chordata_Reptilia_Squamata_Colubridae_Tantilla_gracilis
241,4977,Zamenis longissimus,Aesculapian Snake,Animalia,Chordata,Reptilia,Squamata,Colubridae,Zamenis,longissimus,04977_Animalia_Chordata_Reptilia_Squamata_Colubridae_Zamenis_longissimus
242,4981,Basiliscus vittatus,Brown Basilisk,Animalia,Chordata,Reptilia,Squamata,Corytophanidae,Basiliscus,vittatus,04981_Animalia_Chordata_Reptilia_Squamata_Corytophanidae_Basiliscus_vittatus
243,4995,Micrurus tener,Texas Coralsnake,Animalia,Chordata,Reptilia,Squamata,Elapidae,Micrurus,tener,04995_Animalia_Chordata_Reptilia_Squamata_Elapidae_Micrurus_tener
244,5016,Iguana iguana,Green Iguana,Animalia,Chordata,Reptilia,Squamata,Iguanidae,Iguana,iguana,05016_Animalia_Chordata_Reptilia_Squamata_Iguanidae_Iguana_iguana
245,5028,Pseudaspis cana,Mole Snake,Animalia,Chordata,Reptilia,Squamata,Lamprophiidae,Pseudaspis,cana,05028_Animalia_Chordata_Reptilia_Squamata_Lamprophiidae_Pseudaspis_cana
246,5080,Plestiodon obsoletus,Great Plains Skink,Animalia,Chordata,Reptilia,Squamata,Scincidae,Plestiodon,obsoletus,05080_Animalia_Chordata_Reptilia_Squamata_Scincidae_Plestiodon_obsoletus
247,5118,Crotalus oreganus,Western Rattlesnake,Animalia,Chordata,Reptilia,Squamata,Viperidae,Crotalus,oreganus,05118_Animalia_Chordata_Reptilia_Squamata_Viperidae_Crotalus_oreganus
248,5124,Sistrurus catenatus,Massasauga,Animalia,Chordata,Reptilia,Squamata,Viperidae,Sistrurus,catenatus,05124_Animalia_Chordata_Reptilia_Squamata_Viperidae_Sistrurus_catenatus
249,5172,Actinia equina,Beadlet anemone,Animalia,Cnidaria,Anthozoa,Actiniaria,Actiniidae,Actinia,equina,05172_Animalia_Cnidaria_Anthozoa_Actiniaria_Actiniidae_Actinia_equina
250,5220,Clinocardium nuttallii,Nuttall's Cockle,Animalia,Mollusca,Bivalvia,Cardiida,Cardiidae,Clinocardium,nuttallii,05220_Animalia_Mollusca_Bivalvia_Cardiida_Cardiidae_Clinocardium_nuttallii
251,5273,Aliger gigas,Queen Conch,Animalia,Mollusca,Gastropoda,Littorinimorpha,Strombidae,Aliger,gigas,05273_Animalia_Mollusca_Gastropoda_Littorinimorpha_Strombidae_Aliger_gigas
252,5277,Buccinum undatum,Common Whelk,Animalia,Mollusca,Gastropoda,Neogastropoda,Buccinidae,Buccinum,undatum,05277_Animalia_Mollusca_Gastropoda_Neogastropoda_Buccinidae_Buccinum_undatum
253,5283,Californiconus californicus,California Cone,Animalia,Mollusca,Gastropoda,Neogastropoda,Conidae,Californiconus,californicus,05283_Animalia_Mollusca_Gastropoda_Neogastropoda_Conidae_Californiconus_californicus
254,5291,Americoliva sayana,Lettered Olive,Animalia,Mollusca,Gastropoda,Neogastropoda,Olividae,Americoliva,sayana,05291_Animalia_Mollusca_Gastropoda_Neogastropoda_Olividae_Americoliva_sayana
255,5312,Phidiana hiltoni,Hilton's Aeolid,Animalia,Mollusca,Gastropoda,Nudibranchia,Facelinidae,Phidiana,hiltoni,05312_Animalia_Mollusca_Gastropoda_Nudibranchia_Facelinidae_Phidiana_hiltoni
256,5323,Phyllidia varicosa,Varicose Wart Slug,Animalia,Mollusca,Gastropoda,Nudibranchia,Phyllidiidae,Phyllidia,varicosa,05323_Animalia_Mollusca_Gastropoda_Nudibranchia_Phyllidiidae_Phyllidia_varicosa
257,5330,Rumina decollata,Decollate Snail,Animalia,Mollusca,Gastropoda,Stylommatophora,Achatinidae,Rumina,decollata,05330_Animalia_Mollusca_Gastropoda_Stylommatophora_Achatinidae_Rumina_decollata
258,5347,Cepaea hortensis,White-lipped Snail,Animalia,Mollusca,Gastropoda,Stylommatophora,Helicidae,Cepaea,hortensis,05347_Animalia_Mollusca_Gastropoda_Stylommatophora_Helicidae_Cepaea_hortensis
259,5350,Helix lucorum,Turkish Snail,Animalia,Mollusca,Gastropoda,Stylommatophora,Helicidae,Helix,lucorum,05350_Animalia_Mollusca_Gastropoda_Stylommatophora_Helicidae_Helix_lucorum
260,5387,Tonicella lineata,Lined Chiton,Animalia,Mollusca,Polyplacophora,Chitonida,Tonicellidae,Tonicella,lineata,05387_Animalia_Mollusca_Polyplacophora_Chitonida_Tonicellidae_Tonicella_lineata
261,5433,Peltigera praetextata,scaly pelt lichen,Fungi,Ascomycota,Lecanoromycetes,Peltigerales,Peltigeraceae,Peltigera,praetextata,05433_Fungi_Ascomycota_Lecanoromycetes_Peltigerales_Peltigeraceae_Peltigera_praetextata
262,5441,Teloschistes flavicans,Golden Hair-lichen,Fungi,Ascomycota,Lecanoromycetes,Teloschistales,Teloschistaceae,Teloschistes,flavicans,05441_Fungi_Ascomycota_Lecanoromycetes_Teloschistales_Teloschistaceae_Teloschistes_flavicans
263,5445,Umbilicaria mammulata,Smooth Rock Tripe,Fungi,Ascomycota,Lecanoromycetes,Umbilicariales,Umbilicariaceae,Umbilicaria,mammulata,05445_Fungi_Ascomycota_Lecanoromycetes_Umbilicariales_Umbilicariaceae_Umbilicaria_mammulata
264,5474,Agaricus xanthodermus,Yellow Stainer,Fungi,Basidiomycota,Agaricomycetes,Agaricales,Agaricaceae,Agaricus,xanthodermus,05474_Fungi_Basidiomycota_Agaricomycetes_Agaricales_Agaricaceae_Agaricus_xanthodermus
265,5477,Chlorophyllum molybdites,green-spored parasol,Fungi,Basidiomycota,Agaricomycetes,Agaricales,Agaricaceae,Chlorophyllum,molybdites,05477_Fungi_Basidiomycota_Agaricomycetes_Agaricales_Agaricaceae_Chlorophyllum_molybdites
266,5498,Amanita rubescens,blusher,Fungi,Basidiomycota,Agaricomycetes,Agaricales,Amanitaceae,Amanita,rubescens,05498_Fungi_Basidiomycota_Agaricomycetes_Agaricales_Amanitaceae_Amanita_rubescens
267,5523,Lichenomphalia umbellifera,Lichen Agaric,Fungi,Basidiomycota,Agaricomycetes,Agaricales,Hygrophoraceae,Lichenomphalia,umbellifera,05523_Fungi_Basidiomycota_Agaricomycetes_Agaricales_Hygrophoraceae_Lichenomphalia_umbellifera
268,5541,Roridomyces austrororidus,Roridomyces austrororidus,Fungi,Basidiomycota,Agaricomycetes,Agaricales,Mycenaceae,Roridomyces,austrororidus,05541_Fungi_Basidiomycota_Agaricomycetes_Agaricales_Mycenaceae_Roridomyces_austrororidus
269,5599,Chalciporus piperatus,Peppery Bolete,Fungi,Basidiomycota,Agaricomycetes,Boletales,Boletaceae,Chalciporus,piperatus,05599_Fungi_Basidiomycota_Agaricomycetes_Boletales_Boletaceae_Chalciporus_piperatus
270,5633,Turbinellus floccosus,Scaly Chanterelle,Fungi,Basidiomycota,Agaricomycetes,Gomphales,Gomphaceae,Turbinellus,floccosus,05633_Fungi_Basidiomycota_Agaricomycetes_Gomphales_Gomphaceae_Turbinellus_floccosus
271,5648,Phallus impudicus,stinkhorn,Fungi,Basidiomycota,Agaricomycetes,Phallales,Phallaceae,Phallus,impudicus,05648_Fungi_Basidiomycota_Agaricomycetes_Phallales_Phallaceae_Phallus_impudicus
272,5676,Fomes fomentarius,Hoof Fungus,Fungi,Basidiomycota,Agaricomycetes,Polyporales,Polyporaceae,Fomes,fomentarius,05676_Fungi_Basidiomycota_Agaricomycetes_Polyporales_Polyporaceae_Fomes_fomentarius
273,5700,Hericium americanum,Bear's Head Tooth,Fungi,Basidiomycota,Agaricomycetes,Russulales,Hericiaceae,Hericium,americanum,05700_Fungi_Basidiomycota_Agaricomycetes_Russulales_Hericiaceae_Hericium_americanum
274,5714,Xylobolus frustulatus,ceramic parchment,Fungi,Basidiomycota,Agaricomycetes,Russulales,Stereaceae,Xylobolus,frustulatus,05714_Fungi_Basidiomycota_Agaricomycetes_Russulales_Stereaceae_Xylobolus_frustulatus
275,5734,Rhizomnium glabrescens,fan moss,Plantae,Bryophyta,Bryopsida,Bryales,Mniaceae,Rhizomnium,glabrescens,05734_Plantae_Bryophyta_Bryopsida_Bryales_Mniaceae_Rhizomnium_glabrescens
276,5756,Thuidium delicatulum,delicate fern moss,Plantae,Bryophyta,Bryopsida,Hypnales,Thuidiaceae,Thuidium,delicatulum,05756_Plantae_Bryophyta_Bryopsida_Hypnales_Thuidiaceae_Thuidium_delicatulum
277,5764,Codium fragile,Sponge Weed,Plantae,Chlorophyta,Ulvophyceae,Bryopsidales,Codiaceae,Codium,fragile,05764_Plantae_Chlorophyta_Ulvophyceae_Bryopsidales_Codiaceae_Codium_fragile
278,5769,Radula complanata,Flat-leaved Scalewort,Plantae,Marchantiophyta,Jungermanniopsida,Porellales,Radulaceae,Radula,complanata,05769_Plantae_Marchantiophyta_Jungermanniopsida_Porellales_Radulaceae_Radula_complanata
279,5783,Ephedra trifurca,longleaf ephedra,Plantae,Tracheophyta,Gnetopsida,Ephedrales,Ephedraceae,Ephedra,trifurca,05783_Plantae_Tracheophyta_Gnetopsida_Ephedrales_Ephedraceae_Ephedra_trifurca
280,5824,Cocos nucifera,coconut palm,Plantae,Tracheophyta,Liliopsida,Arecales,Arecaceae,Cocos,nucifera,05824_Plantae_Tracheophyta_Liliopsida_Arecales_Arecaceae_Cocos_nucifera
281,5837,Allium cernuum,nodding onion,Plantae,Tracheophyta,Liliopsida,Asparagales,Amaryllidaceae,Allium,cernuum,05837_Plantae_Tracheophyta_Liliopsida_Asparagales_Amaryllidaceae_Allium_cernuum
282,5856,Hymenocallis liriosme,spring spiderlily,Plantae,Tracheophyta,Liliopsida,Asparagales,Amaryllidaceae,Hymenocallis,liriosme,05856_Plantae_Tracheophyta_Liliopsida_Asparagales_Amaryllidaceae_Hymenocallis_liriosme
283,5878,Asparagus acutifolius,Spiny Asparagus,Plantae,Tracheophyta,Liliopsida,Asparagales,Asparagaceae,Asparagus,acutifolius,05878_Plantae_Tracheophyta_Liliopsida_Asparagales_Asparagaceae_Asparagus_acutifolius
284,5881,Asparagus officinalis,asparagus,Plantae,Tracheophyta,Liliopsida,Asparagales,Asparagaceae,Asparagus,officinalis,05881_Plantae_Tracheophyta_Liliopsida_Asparagales_Asparagaceae_Asparagus_officinalis
285,5887,Camassia quamash,small camas,Plantae,Tracheophyta,Liliopsida,Asparagales,Asparagaceae,Camassia,quamash,05887_Plantae_Tracheophyta_Liliopsida_Asparagales_Asparagaceae_Camassia_quamash
286,5916,Muscari neglectum,Grape hyacinth,Plantae,Tracheophyta,Liliopsida,Asparagales,Asparagaceae,Muscari,neglectum,05916_Plantae_Tracheophyta_Liliopsida_Asparagales_Asparagaceae_Muscari_neglectum
287,5948,Asphodelus ramosus,Branched Asphodel,Plantae,Tracheophyta,Liliopsida,Asparagales,Asphodelaceae,Asphodelus,ramosus,05948_Plantae_Tracheophyta_Liliopsida_Asparagales_Asphodelaceae_Asphodelus_ramosus
288,5952,Phormium cookianum,Mountain flax,Plantae,Tracheophyta,Liliopsida,Asparagales,Asphodelaceae,Phormium,cookianum,05952_Plantae_Tracheophyta_Liliopsida_Asparagales_Asphodelaceae_Phormium_cookianum
289,5962,Crocus vernus,Spring Crocus,Plantae,Tracheophyta,Liliopsida,Asparagales,Iridaceae,Crocus,vernus,05962_Plantae_Tracheophyta_Liliopsida_Asparagales_Iridaceae_Crocus_vernus
290,6005,Cephalanthera rubra,Red Helleborine,Plantae,Tracheophyta,Liliopsida,Asparagales,Orchidaceae,Cephalanthera,rubra,06005_Plantae_Tracheophyta_Liliopsida_Asparagales_Orchidaceae_Cephalanthera_rubra
291,6018,Dactylorhiza fuchsii,Common Spotted Orchid,Plantae,Tracheophyta,Liliopsida,Asparagales,Orchidaceae,Dactylorhiza,fuchsii,06018_Plantae_Tracheophyta_Liliopsida_Asparagales_Orchidaceae_Dactylorhiza_fuchsii
292,6042,Goodyera tesselata,checkered rattlesnake plantain,Plantae,Tracheophyta,Liliopsida,Asparagales,Orchidaceae,Goodyera,tesselata,06042_Plantae_Tracheophyta_Liliopsida_Asparagales_Orchidaceae_Goodyera_tesselata
293,6054,Neottia nidus-avis,bird's-nest orchid,Plantae,Tracheophyta,Liliopsida,Asparagales,Orchidaceae,Neottia,nidus-avis,06054_Plantae_Tracheophyta_Liliopsida_Asparagales_Orchidaceae_Neottia_nidus-avis
294,6060,Ophrys insectifera,Fly Orchid,Plantae,Tracheophyta,Liliopsida,Asparagales,Orchidaceae,Ophrys,insectifera,06060_Plantae_Tracheophyta_Liliopsida_Asparagales_Orchidaceae_Ophrys_insectifera
295,6094,Spathoglottis plicata,Philippine Ground Orchid,Plantae,Tracheophyta,Liliopsida,Asparagales,Orchidaceae,Spathoglottis,plicata,06094_Plantae_Tracheophyta_Liliopsida_Asparagales_Orchidaceae_Spathoglottis_plicata
296,6097,Spiranthes lacera,Slender Ladies' Tresses,Plantae,Tracheophyta,Liliopsida,Asparagales,Orchidaceae,Spiranthes,lacera,06097_Plantae_Tracheophyta_Liliopsida_Asparagales_Orchidaceae_Spiranthes_lacera
297,6157,Erythronium oregonum,giant white fawn lily,Plantae,Tracheophyta,Liliopsida,Liliales,Liliaceae,Erythronium,oregonum,06157_Plantae_Tracheophyta_Liliopsida_Liliales_Liliaceae_Erythronium_oregonum
298,6165,Fritillaria recurva,scarlet fritillary,Plantae,Tracheophyta,Liliopsida,Liliales,Liliaceae,Fritillaria,recurva,06165_Plantae_Tracheophyta_Liliopsida_Liliales_Liliaceae_Fritillaria_recurva
299,6168,Lilium bulbiferum,fire lily,Plantae,Tracheophyta,Liliopsida,Liliales,Liliaceae,Lilium,bulbiferum,06168_Plantae_Tracheophyta_Liliopsida_Liliales_Liliaceae_Lilium_bulbiferum
300,6176,Lilium pardalinum,Leopard Lily,Plantae,Tracheophyta,Liliopsida,Liliales,Liliaceae,Lilium,pardalinum,06176_Plantae_Tracheophyta_Liliopsida_Liliales_Liliaceae_Lilium_pardalinum
301,6202,Trillium nivale,snow trillium,Plantae,Tracheophyta,Liliopsida,Liliales,Melanthiaceae,Trillium,nivale,06202_Plantae_Tracheophyta_Liliopsida_Liliales_Melanthiaceae_Trillium_nivale
302,6206,Trillium undulatum,painted trillium,Plantae,Tracheophyta,Liliopsida,Liliales,Melanthiaceae,Trillium,undulatum,06206_Plantae_Tracheophyta_Liliopsida_Liliales_Melanthiaceae_Trillium_undulatum
303,6215,Smilax glauca,sawbrier,Plantae,Tracheophyta,Liliopsida,Liliales,Smilacaceae,Smilax,glauca,06215_Plantae_Tracheophyta_Liliopsida_Liliales_Smilacaceae_Smilax_glauca
304,6238,Carex digitata,Fingered Sedge,Plantae,Tracheophyta,Liliopsida,Poales,Cyperaceae,Carex,digitata,06238_Plantae_Tracheophyta_Liliopsida_Poales_Cyperaceae_Carex_digitata
305,6295,Schoenoplectus pungens,common three-square,Plantae,Tracheophyta,Liliopsida,Poales,Cyperaceae,Schoenoplectus,pungens,06295_Plantae_Tracheophyta_Liliopsida_Poales_Cyperaceae_Schoenoplectus_pungens
306,6407,Paspalum dilatatum,Dallis grass,Plantae,Tracheophyta,Liliopsida,Poales,Poaceae,Paspalum,dilatatum,06407_Plantae_Tracheophyta_Liliopsida_Poales_Poaceae_Paspalum_dilatatum
307,6416,Poa annua,Annual Meadow-grass,Plantae,Tracheophyta,Liliopsida,Poales,Poaceae,Poa,annua,06416_Plantae_Tracheophyta_Liliopsida_Poales_Poaceae_Poa_annua
308,6425,Setaria viridis,Green Bristle Grass,Plantae,Tracheophyta,Liliopsida,Poales,Poaceae,Setaria,viridis,06425_Plantae_Tracheophyta_Liliopsida_Poales_Poaceae_Setaria_viridis
309,6431,Stenotaphrum secundatum,Saint Augustine grass,Plantae,Tracheophyta,Liliopsida,Poales,Poaceae,Stenotaphrum,secundatum,06431_Plantae_Tracheophyta_Liliopsida_Poales_Poaceae_Stenotaphrum_secundatum
310,6433,Themeda triandra,Kangaroo Grass,Plantae,Tracheophyta,Liliopsida,Poales,Poaceae,Themeda,triandra,06433_Plantae_Tracheophyta_Liliopsida_Poales_Poaceae_Themeda_triandra
311,6461,Dendrolycopodium obscurum,princess pine,Plantae,Tracheophyta,Lycopodiopsida,Lycopodiales,Lycopodiaceae,Dendrolycopodium,obscurum,06461_Plantae_Tracheophyta_Lycopodiopsida_Lycopodiales_Lycopodiaceae_Dendrolycopodium_obscurum
312,6492,Chaerophyllum aromaticum,Broad-leaved Chervil,Plantae,Tracheophyta,Magnoliopsida,Apiales,Apiaceae,Chaerophyllum,aromaticum,06492_Plantae_Tracheophyta_Magnoliopsida_Apiales_Apiaceae_Chaerophyllum_aromaticum
313,6543,Torilis japonica,upright hedge-parsley,Plantae,Tracheophyta,Magnoliopsida,Apiales,Apiaceae,Torilis,japonica,06543_Plantae_Tracheophyta_Magnoliopsida_Apiales_Apiaceae_Torilis_japonica
314,6554,Fatsia japonica,Japanese aralia,Plantae,Tracheophyta,Magnoliopsida,Apiales,Araliaceae,Fatsia,japonica,06554_Plantae_Tracheophyta_Magnoliopsida_Apiales_Araliaceae_Fatsia_japonica
315,6562,Panax trifolius,dwarf ginseng,Plantae,Tracheophyta,Magnoliopsida,Apiales,Araliaceae,Panax,trifolius,06562_Plantae_Tracheophyta_Magnoliopsida_Apiales_Araliaceae_Panax_trifolius
316,6568,Schefflera actinophylla,Octopus Tree,Plantae,Tracheophyta,Magnoliopsida,Apiales,Araliaceae,Schefflera,actinophylla,06568_Plantae_Tracheophyta_Magnoliopsida_Apiales_Araliaceae_Schefflera_actinophylla
317,6585,Ilex opaca,American holly,Plantae,Tracheophyta,Magnoliopsida,Aquifoliales,Aquifoliaceae,Ilex,opaca,06585_Plantae_Tracheophyta_Magnoliopsida_Aquifoliales_Aquifoliaceae_Ilex_opaca
318,6590,Achillea millefolium,common yarrow,Plantae,Tracheophyta,Magnoliopsida,Asterales,Asteraceae,Achillea,millefolium,06590_Plantae_Tracheophyta_Magnoliopsida_Asterales_Asteraceae_Achillea_millefolium
319,6609,Ambrosia salsola,common burrobrush,Plantae,Tracheophyta,Magnoliopsida,Asterales,Asteraceae,Ambrosia,salsola,06609_Plantae_Tracheophyta_Magnoliopsida_Asterales_Asteraceae_Ambrosia_salsola
320,6639,Artemisia vulgaris,common mugwort,Plantae,Tracheophyta,Magnoliopsida,Asterales,Asteraceae,Artemisia,vulgaris,06639_Plantae_Tracheophyta_Magnoliopsida_Asterales_Asteraceae_Artemisia_vulgaris
321,6655,Bidens aristosa,tickseed beggar-ticks,Plantae,Tracheophyta,Magnoliopsida,Asterales,Asteraceae,Bidens,aristosa,06655_Plantae_Tracheophyta_Magnoliopsida_Asterales_Asteraceae_Bidens_aristosa
322,6716,Cirsium texanum,Texas Thistle,Plantae,Tracheophyta,Magnoliopsida,Asterales,Asteraceae,Cirsium,texanum,06716_Plantae_Tracheophyta_Magnoliopsida_Asterales_Asteraceae_Cirsium_texanum
323,6734,Crepis tectorum,narrow-leaved hawksbeard,Plantae,Tracheophyta,Magnoliopsida,Asterales,Asteraceae,Crepis,tectorum,06734_Plantae_Tracheophyta_Magnoliopsida_Asterales_Asteraceae_Crepis_tectorum
324,6779,Erigeron sumatrensis,tropical horseweed,Plantae,Tracheophyta,Magnoliopsida,Asterales,Asteraceae,Erigeron,sumatrensis,06779_Plantae_Tracheophyta_Magnoliopsida_Asterales_Asteraceae_Erigeron_sumatrensis
325,6785,Eupatorium altissimum,tall boneset,Plantae,Tracheophyta,Magnoliopsida,Asterales,Asteraceae,Eupatorium,altissimum,06785_Plantae_Tracheophyta_Magnoliopsida_Asterales_Asteraceae_Eupatorium_altissimum
326,6787,Eupatorium capillifolium,dogfennel,Plantae,Tracheophyta,Magnoliopsida,Asterales,Asteraceae,Eupatorium,capillifolium,06787_Plantae_Tracheophyta_Magnoliopsida_Asterales_Asteraceae_Eupatorium_capillifolium
327,6800,Gaillardia aristata,great blanketflower,Plantae,Tracheophyta,Magnoliopsida,Asterales,Asteraceae,Gaillardia,aristata,06800_Plantae_Tracheophyta_Magnoliopsida_Asterales_Asteraceae_Gaillardia_aristata
328,6818,Helenium amarum,Bitterweed,Plantae,Tracheophyta,Magnoliopsida,Asterales,Asteraceae,Helenium,amarum,06818_Plantae_Tracheophyta_Magnoliopsida_Asterales_Asteraceae_Helenium_amarum
329,6843,Hymenopappus artemisiifolius,Old Plainsman,Plantae,Tracheophyta,Magnoliopsida,Asterales,Asteraceae,Hymenopappus,artemisiifolius,06843_Plantae_Tracheophyta_Magnoliopsida_Asterales_Asteraceae_Hymenopappus_artemisiifolius
330,6874,Leucanthemum vulgare,oxeye daisy,Plantae,Tracheophyta,Magnoliopsida,Asterales,Asteraceae,Leucanthemum,vulgare,06874_Plantae_Tracheophyta_Magnoliopsida_Asterales_Asteraceae_Leucanthemum_vulgare
331,6893,Melanthera nivea,Snow Squarestem,Plantae,Tracheophyta,Magnoliopsida,Asterales,Asteraceae,Melanthera,nivea,06893_Plantae_Tracheophyta_Magnoliopsida_Asterales_Asteraceae_Melanthera_nivea
332,6901,Nabalus albus,white rattlesnakeroot,Plantae,Tracheophyta,Magnoliopsida,Asterales,Asteraceae,Nabalus,albus,06901_Plantae_Tracheophyta_Magnoliopsida_Asterales_Asteraceae_Nabalus_albus
333,6912,Ozothamnus leptophyllus,Tauhinu,Plantae,Tracheophyta,Magnoliopsida,Asterales,Asteraceae,Ozothamnus,leptophyllus,06912_Plantae_Tracheophyta_Magnoliopsida_Asterales_Asteraceae_Ozothamnus_leptophyllus
334,6918,Packera tampicana,Great Plains Ragwort,Plantae,Tracheophyta,Magnoliopsida,Asterales,Asteraceae,Packera,tampicana,06918_Plantae_Tracheophyta_Magnoliopsida_Asterales_Asteraceae_Packera_tampicana
335,6948,Polymnia canadensis,leafcup,Plantae,Tracheophyta,Magnoliopsida,Asterales,Asteraceae,Polymnia,canadensis,06948_Plantae_Tracheophyta_Magnoliopsida_Asterales_Asteraceae_Polymnia_canadensis
336,6972,Senecio glastifolius,Woad-leaved ragwort,Plantae,Tracheophyta,Magnoliopsida,Asterales,Asteraceae,Senecio,glastifolius,06972_Plantae_Tracheophyta_Magnoliopsida_Asterales_Asteraceae_Senecio_glastifolius
337,6990,Silphium terebinthinaceum,prairie dock,Plantae,Tracheophyta,Magnoliopsida,Asterales,Asteraceae,Silphium,terebinthinaceum,06990_Plantae_Tracheophyta_Magnoliopsida_Asterales_Asteraceae_Silphium_terebinthinaceum
338,7005,Solidago rugosa,common wrinkle-leaved goldenrod,Plantae,Tracheophyta,Magnoliopsida,Asterales,Asteraceae,Solidago,rugosa,07005_Plantae_Tracheophyta_Magnoliopsida_Asterales_Asteraceae_Solidago_rugosa
339,7013,Sonchus asper,prickly sowthistle,Plantae,Tracheophyta,Magnoliopsida,Asterales,Asteraceae,Sonchus,asper,07013_Plantae_Tracheophyta_Magnoliopsida_Asterales_Asteraceae_Sonchus_asper
340,7039,Taraxacum officinale,common dandelion,Plantae,Tracheophyta,Magnoliopsida,Asterales,Asteraceae,Taraxacum,officinale,07039_Plantae_Tracheophyta_Magnoliopsida_Asterales_Asteraceae_Taraxacum_officinale
341,7047,Tithonia tubaeformis,tree marigold,Plantae,Tracheophyta,Magnoliopsida,Asterales,Asteraceae,Tithonia,tubaeformis,07047_Plantae_Tracheophyta_Magnoliopsida_Asterales_Asteraceae_Tithonia_tubaeformis
342,7092,Campanula prenanthoides,California Harebell,Plantae,Tracheophyta,Magnoliopsida,Asterales,Campanulaceae,Campanula,prenanthoides,07092_Plantae_Tracheophyta_Magnoliopsida_Asterales_Campanulaceae_Campanula_prenanthoides
343,7100,Jasione montana,Sheep's-bit,Plantae,Tracheophyta,Magnoliopsida,Asterales,Campanulaceae,Jasione,montana,07100_Plantae_Tracheophyta_Magnoliopsida_Asterales_Campanulaceae_Jasione_montana
344,7139,Echium plantagineum,Salvation Jane,Plantae,Tracheophyta,Magnoliopsida,Boraginales,Boraginaceae,Echium,plantagineum,07139_Plantae_Tracheophyta_Magnoliopsida_Boraginales_Boraginaceae_Echium_plantagineum
345,7172,Myosotis latifolia,broadleaf forget-me-not,Plantae,Tracheophyta,Magnoliopsida,Boraginales,Boraginaceae,Myosotis,latifolia,07172_Plantae_Tracheophyta_Magnoliopsida_Boraginales_Boraginaceae_Myosotis_latifolia
346,7173,Myosotis scorpioides,water forget-me-not,Plantae,Tracheophyta,Magnoliopsida,Boraginales,Boraginaceae,Myosotis,scorpioides,07173_Plantae_Tracheophyta_Magnoliopsida_Boraginales_Boraginaceae_Myosotis_scorpioides
347,7226,Cakile maritima,European Searocket,Plantae,Tracheophyta,Magnoliopsida,Brassicales,Brassicaceae,Cakile,maritima,07226_Plantae_Tracheophyta_Magnoliopsida_Brassicales_Brassicaceae_Cakile_maritima
348,7236,Cardamine hirsuta,hairy bittercress,Plantae,Tracheophyta,Magnoliopsida,Brassicales,Brassicaceae,Cardamine,hirsuta,07236_Plantae_Tracheophyta_Magnoliopsida_Brassicales_Brassicaceae_Cardamine_hirsuta
349,7237,Cardamine impatiens,narrow-leaved bittercress,Plantae,Tracheophyta,Magnoliopsida,Brassicales,Brassicaceae,Cardamine,impatiens,07237_Plantae_Tracheophyta_Magnoliopsida_Brassicales_Brassicaceae_Cardamine_impatiens
350,7246,Dithyrea californica,California shieldpod,Plantae,Tracheophyta,Magnoliopsida,Brassicales,Brassicaceae,Dithyrea,californica,07246_Plantae_Tracheophyta_Magnoliopsida_Brassicales_Brassicaceae_Dithyrea_californica
351,7299,Pseudowintera colorata,Mountain Horopito,Plantae,Tracheophyta,Magnoliopsida,Canellales,Winteraceae,Pseudowintera,colorata,07299_Plantae_Tracheophyta_Magnoliopsida_Canellales_Winteraceae_Pseudowintera_colorata
352,7327,Dysphania ambrosioides,Mexican tea,Plantae,Tracheophyta,Magnoliopsida,Caryophyllales,Amaranthaceae,Dysphania,ambrosioides,07327_Plantae_Tracheophyta_Magnoliopsida_Caryophyllales_Amaranthaceae_Dysphania_ambrosioides
353,7339,Anredera cordifolia,Mignonette vine,Plantae,Tracheophyta,Magnoliopsida,Caryophyllales,Basellaceae,Anredera,cordifolia,07339_Plantae_Tracheophyta_Magnoliopsida_Caryophyllales_Basellaceae_Anredera_cordifolia
354,7364,Echinocereus enneacanthus,Strawberry Cactus,Plantae,Tracheophyta,Magnoliopsida,Caryophyllales,Cactaceae,Echinocereus,enneacanthus,07364_Plantae_Tracheophyta_Magnoliopsida_Caryophyllales_Cactaceae_Echinocereus_enneacanthus
355,7366,Echinocereus pectinatus,Spiny Hedgehog Cactus,Plantae,Tracheophyta,Magnoliopsida,Caryophyllales,Cactaceae,Echinocereus,pectinatus,07366_Plantae_Tracheophyta_Magnoliopsida_Caryophyllales_Cactaceae_Echinocereus_pectinatus
356,7371,Echinocereus stramineus,strawberry hedgehog cactus,Plantae,Tracheophyta,Magnoliopsida,Caryophyllales,Cactaceae,Echinocereus,stramineus,07371_Plantae_Tracheophyta_Magnoliopsida_Caryophyllales_Cactaceae_Echinocereus_stramineus
357,7375,Escobaria vivipara,viviparous foxtail cactus,Plantae,Tracheophyta,Magnoliopsida,Caryophyllales,Cactaceae,Escobaria,vivipara,07375_Plantae_Tracheophyta_Magnoliopsida_Caryophyllales_Cactaceae_Escobaria_vivipara
358,7376,Ferocactus cylindraceus,California barrel cactus,Plantae,Tracheophyta,Magnoliopsida,Caryophyllales,Cactaceae,Ferocactus,cylindraceus,07376_Plantae_Tracheophyta_Magnoliopsida_Caryophyllales_Cactaceae_Ferocactus_cylindraceus
359,7434,Honckenya peploides,Sea Sandwort,Plantae,Tracheophyta,Magnoliopsida,Caryophyllales,Caryophyllaceae,Honckenya,peploides,07434_Plantae_Tracheophyta_Magnoliopsida_Caryophyllales_Caryophyllaceae_Honckenya_peploides
360,7451,Silene flos-cuculi,ragged-Robin,Plantae,Tracheophyta,Magnoliopsida,Caryophyllales,Caryophyllaceae,Silene,flos-cuculi,07451_Plantae_Tracheophyta_Magnoliopsida_Caryophyllales_Caryophyllaceae_Silene_flos-cuculi
361,7464,Stellaria graminea,lesser stitchwort,Plantae,Tracheophyta,Magnoliopsida,Caryophyllales,Caryophyllaceae,Stellaria,graminea,07464_Plantae_Tracheophyta_Magnoliopsida_Caryophyllales_Caryophyllaceae_Stellaria_graminea
362,7496,Montia parvifolia,Small-leaved Blinks,Plantae,Tracheophyta,Magnoliopsida,Caryophyllales,Montiaceae,Montia,parvifolia,07496_Plantae_Tracheophyta_Magnoliopsida_Caryophyllales_Montiaceae_Montia_parvifolia
363,7513,Limonium perezii,Perez's sea lavender,Plantae,Tracheophyta,Magnoliopsida,Caryophyllales,Plumbaginaceae,Limonium,perezii,07513_Plantae_Tracheophyta_Magnoliopsida_Caryophyllales_Plumbaginaceae_Limonium_perezii
364,7520,Bistorta vivipara,alpine bistort,Plantae,Tracheophyta,Magnoliopsida,Caryophyllales,Polygonaceae,Bistorta,vivipara,07520_Plantae_Tracheophyta_Magnoliopsida_Caryophyllales_Polygonaceae_Bistorta_vivipara
365,7526,Eriogonum deflexum,skeleton weed,Plantae,Tracheophyta,Magnoliopsida,Caryophyllales,Polygonaceae,Eriogonum,deflexum,07526_Plantae_Tracheophyta_Magnoliopsida_Caryophyllales_Polygonaceae_Eriogonum_deflexum
366,7536,Fallopia cilinodis,Fringed Bindweed,Plantae,Tracheophyta,Magnoliopsida,Caryophyllales,Polygonaceae,Fallopia,cilinodis,07536_Plantae_Tracheophyta_Magnoliopsida_Caryophyllales_Polygonaceae_Fallopia_cilinodis
367,7552,Persicaria maculosa,redshank,Plantae,Tracheophyta,Magnoliopsida,Caryophyllales,Polygonaceae,Persicaria,maculosa,07552_Plantae_Tracheophyta_Magnoliopsida_Caryophyllales_Polygonaceae_Persicaria_maculosa
368,7558,Polygonum aviculare,prostrate knotweed,Plantae,Tracheophyta,Magnoliopsida,Caryophyllales,Polygonaceae,Polygonum,aviculare,07558_Plantae_Tracheophyta_Magnoliopsida_Caryophyllales_Polygonaceae_Polygonum_aviculare
369,7559,Polygonum paronychia,beach knotweed,Plantae,Tracheophyta,Magnoliopsida,Caryophyllales,Polygonaceae,Polygonum,paronychia,07559_Plantae_Tracheophyta_Magnoliopsida_Caryophyllales_Polygonaceae_Polygonum_paronychia
370,7560,Pterostegia drymarioides,woodland pterostegia,Plantae,Tracheophyta,Magnoliopsida,Caryophyllales,Polygonaceae,Pterostegia,drymarioides,07560_Plantae_Tracheophyta_Magnoliopsida_Caryophyllales_Polygonaceae_Pterostegia_drymarioides
371,7567,Rumex hymenosepalus,canaigre dock,Plantae,Tracheophyta,Magnoliopsida,Caryophyllales,Polygonaceae,Rumex,hymenosepalus,07567_Plantae_Tracheophyta_Magnoliopsida_Caryophyllales_Polygonaceae_Rumex_hymenosepalus
372,7576,Canotia holacantha,crucifixion thorn,Plantae,Tracheophyta,Magnoliopsida,Celastrales,Celastraceae,Canotia,holacantha,07576_Plantae_Tracheophyta_Magnoliopsida_Celastrales_Celastraceae_Canotia_holacantha
373,7611,Cevallia sinuata,Stinging Serpent,Plantae,Tracheophyta,Magnoliopsida,Cornales,Loasaceae,Cevallia,sinuata,07611_Plantae_Tracheophyta_Magnoliopsida_Cornales_Loasaceae_Cevallia_sinuata
374,7613,Mentzelia hispida,Streambank Stickleaf,Plantae,Tracheophyta,Magnoliopsida,Cornales,Loasaceae,Mentzelia,hispida,07613_Plantae_Tracheophyta_Magnoliopsida_Cornales_Loasaceae_Mentzelia_hispida
375,7619,Coriaria arborea,Tree Tutu,Plantae,Tracheophyta,Magnoliopsida,Cucurbitales,Coriariaceae,Coriaria,arborea,07619_Plantae_Tracheophyta_Magnoliopsida_Cucurbitales_Coriariaceae_Coriaria_arborea
376,7625,Ecballium elaterium,squirting cucumber,Plantae,Tracheophyta,Magnoliopsida,Cucurbitales,Cucurbitaceae,Ecballium,elaterium,07625_Plantae_Tracheophyta_Magnoliopsida_Cucurbitales_Cucurbitaceae_Ecballium_elaterium
377,7663,Symphoricarpos occidentalis,Western Snowberry,Plantae,Tracheophyta,Magnoliopsida,Dipsacales,Caprifoliaceae,Symphoricarpos,occidentalis,07663_Plantae_Tracheophyta_Magnoliopsida_Dipsacales_Caprifoliaceae_Symphoricarpos_occidentalis
378,7678,Viburnum acerifolium,mapleleaf viburnum,Plantae,Tracheophyta,Magnoliopsida,Dipsacales,Viburnaceae,Viburnum,acerifolium,07678_Plantae_Tracheophyta_Magnoliopsida_Dipsacales_Viburnaceae_Viburnum_acerifolium
379,7707,Arbutus unedo,strawberry tree,Plantae,Tracheophyta,Magnoliopsida,Ericales,Ericaceae,Arbutus,unedo,07707_Plantae_Tracheophyta_Magnoliopsida_Ericales_Ericaceae_Arbutus_unedo
380,7709,Arctostaphylos glauca,Big Berry Manzanita,Plantae,Tracheophyta,Magnoliopsida,Ericales,Ericaceae,Arctostaphylos,glauca,07709_Plantae_Tracheophyta_Magnoliopsida_Ericales_Ericaceae_Arctostaphylos_glauca
381,7715,Calluna vulgaris,common heather,Plantae,Tracheophyta,Magnoliopsida,Ericales,Ericaceae,Calluna,vulgaris,07715_Plantae_Tracheophyta_Magnoliopsida_Ericales_Ericaceae_Calluna_vulgaris
382,7718,Ceratiola ericoides,sand heath,Plantae,Tracheophyta,Magnoliopsida,Ericales,Ericaceae,Ceratiola,ericoides,07718_Plantae_Tracheophyta_Magnoliopsida_Ericales_Ericaceae_Ceratiola_ericoides
383,7723,Dracophyllum longifolium,Inaka,Plantae,Tracheophyta,Magnoliopsida,Ericales,Ericaceae,Dracophyllum,longifolium,07723_Plantae_Tracheophyta_Magnoliopsida_Ericales_Ericaceae_Dracophyllum_longifolium
384,7732,Erica coccinea,Red Heath,Plantae,Tracheophyta,Magnoliopsida,Ericales,Ericaceae,Erica,coccinea,07732_Plantae_Tracheophyta_Magnoliopsida_Ericales_Ericaceae_Erica_coccinea
385,7740,Gaultheria antipoda,Gaultheria antipoda,Plantae,Tracheophyta,Magnoliopsida,Ericales,Ericaceae,Gaultheria,antipoda,07740_Plantae_Tracheophyta_Magnoliopsida_Ericales_Ericaceae_Gaultheria_antipoda
386,7750,Kalmia procumbens,alpine azalea,Plantae,Tracheophyta,Magnoliopsida,Ericales,Ericaceae,Kalmia,procumbens,07750_Plantae_Tracheophyta_Magnoliopsida_Ericales_Ericaceae_Kalmia_procumbens
387,7751,Leptecophylla juniperina,Prickly mingimingi,Plantae,Tracheophyta,Magnoliopsida,Ericales,Ericaceae,Leptecophylla,juniperina,07751_Plantae_Tracheophyta_Magnoliopsida_Ericales_Ericaceae_Leptecophylla_juniperina
388,7792,Vaccinium membranaceum,black huckleberry,Plantae,Tracheophyta,Magnoliopsida,Ericales,Ericaceae,Vaccinium,membranaceum,07792_Plantae_Tracheophyta_Magnoliopsida_Ericales_Ericaceae_Vaccinium_membranaceum
389,7814,Ipomopsis longiflora,flaxflowered ipomopsis,Plantae,Tracheophyta,Magnoliopsida,Ericales,Polemoniaceae,Ipomopsis,longiflora,07814_Plantae_Tracheophyta_Magnoliopsida_Ericales_Polemoniaceae_Ipomopsis_longiflora
390,7830,Phlox drummondii,Drummond's phlox,Plantae,Tracheophyta,Magnoliopsida,Ericales,Polemoniaceae,Phlox,drummondii,07830_Plantae_Tracheophyta_Magnoliopsida_Ericales_Polemoniaceae_Phlox_drummondii
391,7832,Phlox longifolia,longleaf phlox,Plantae,Tracheophyta,Magnoliopsida,Ericales,Polemoniaceae,Phlox,longifolia,07832_Plantae_Tracheophyta_Magnoliopsida_Ericales_Polemoniaceae_Phlox_longifolia
392,7843,Androsace septentrionalis,pygmy-flower rock-jasmine,Plantae,Tracheophyta,Magnoliopsida,Ericales,Primulaceae,Androsace,septentrionalis,07843_Plantae_Tracheophyta_Magnoliopsida_Ericales_Primulaceae_Androsace_septentrionalis
393,7888,Acacia confusa,Taiwan Acacia,Plantae,Tracheophyta,Magnoliopsida,Fabales,Fabaceae,Acacia,confusa,07888_Plantae_Tracheophyta_Magnoliopsida_Fabales_Fabaceae_Acacia_confusa
394,7891,Acacia longifolia,longleaf wattle,Plantae,Tracheophyta,Magnoliopsida,Fabales,Fabaceae,Acacia,longifolia,07891_Plantae_Tracheophyta_Magnoliopsida_Fabales_Fabaceae_Acacia_longifolia
395,7943,Cytisus scoparius,Scotch Broom,Plantae,Tracheophyta,Magnoliopsida,Fabales,Fabaceae,Cytisus,scoparius,07943_Plantae_Tracheophyta_Magnoliopsida_Fabales_Fabaceae_Cytisus_scoparius
396,8024,Melilotus albus,white sweet clover,Plantae,Tracheophyta,Magnoliopsida,Fabales,Fabaceae,Melilotus,albus,08024_Plantae_Tracheophyta_Magnoliopsida_Fabales_Fabaceae_Melilotus_albus
397,8047,Platylobium obtusangulum,Common Flat-pea,Plantae,Tracheophyta,Magnoliopsida,Fabales,Fabaceae,Platylobium,obtusangulum,08047_Plantae_Tracheophyta_Magnoliopsida_Fabales_Fabaceae_Platylobium_obtusangulum
398,8057,Robinia pseudoacacia,black locust,Plantae,Tracheophyta,Magnoliopsida,Fabales,Fabaceae,Robinia,pseudoacacia,08057_Plantae_Tracheophyta_Magnoliopsida_Fabales_Fabaceae_Robinia_pseudoacacia
399,8083,Thermopsis californica,California goldenbanner,Plantae,Tracheophyta,Magnoliopsida,Fabales,Fabaceae,Thermopsis,californica,08083_Plantae_Tracheophyta_Magnoliopsida_Fabales_Fabaceae_Thermopsis_californica
400,8130,Polygala nana,candyroot,Plantae,Tracheophyta,Magnoliopsida,Fabales,Polygalaceae,Polygala,nana,08130_Plantae_Tracheophyta_Magnoliopsida_Fabales_Polygalaceae_Polygala_nana
401,8132,Polygala rugelii,Yellow milkwort,Plantae,Tracheophyta,Magnoliopsida,Fabales,Polygalaceae,Polygala,rugelii,08132_Plantae_Tracheophyta_Magnoliopsida_Fabales_Polygalaceae_Polygala_rugelii
402,8193,Quercus michauxii,swamp chestnut oak,Plantae,Tracheophyta,Magnoliopsida,Fagales,Fagaceae,Quercus,michauxii,08193_Plantae_Tracheophyta_Magnoliopsida_Fagales_Fagaceae_Quercus_michauxii
403,8198,Quercus phellos,willow oak,Plantae,Tracheophyta,Magnoliopsida,Fagales,Fagaceae,Quercus,phellos,08198_Plantae_Tracheophyta_Magnoliopsida_Fagales_Fagaceae_Quercus_phellos
404,8220,Morella californica,California Wax Myrtle,Plantae,Tracheophyta,Magnoliopsida,Fagales,Myricaceae,Morella,californica,08220_Plantae_Tracheophyta_Magnoliopsida_Fagales_Myricaceae_Morella_californica
405,8226,Garrya elliptica,Coast silk tassel,Plantae,Tracheophyta,Magnoliopsida,Garryales,Garryaceae,Garrya,elliptica,08226_Plantae_Tracheophyta_Magnoliopsida_Garryales_Garryaceae_Garrya_elliptica
406,8293,Frasera caroliniensis,American columbo,Plantae,Tracheophyta,Magnoliopsida,Gentianales,Gentianaceae,Frasera,caroliniensis,08293_Plantae_Tracheophyta_Magnoliopsida_Gentianales_Gentianaceae_Frasera_caroliniensis
407,8325,Coprosma dumosa,Coprosma dumosa,Plantae,Tracheophyta,Magnoliopsida,Gentianales,Rubiaceae,Coprosma,dumosa,08325_Plantae_Tracheophyta_Magnoliopsida_Gentianales_Rubiaceae_Coprosma_dumosa
408,8327,Coprosma grandifolia,Kanono,Plantae,Tracheophyta,Magnoliopsida,Gentianales,Rubiaceae,Coprosma,grandifolia,08327_Plantae_Tracheophyta_Magnoliopsida_Gentianales_Rubiaceae_Coprosma_grandifolia
409,8426,Ajuga genevensis,Blue Bugle,Plantae,Tracheophyta,Magnoliopsida,Lamiales,Lamiaceae,Ajuga,genevensis,08426_Plantae_Tracheophyta_Magnoliopsida_Lamiales_Lamiaceae_Ajuga_genevensis
410,8427,Ajuga reptans,carpet bugle,Plantae,Tracheophyta,Magnoliopsida,Lamiales,Lamiaceae,Ajuga,reptans,08427_Plantae_Tracheophyta_Magnoliopsida_Lamiales_Lamiaceae_Ajuga_reptans
411,8460,Melissa officinalis,lemon balm,Plantae,Tracheophyta,Magnoliopsida,Lamiales,Lamiaceae,Melissa,officinalis,08460_Plantae_Tracheophyta_Magnoliopsida_Lamiales_Lamiaceae_Melissa_officinalis
412,8471,Monarda punctata,spotted horse mint,Plantae,Tracheophyta,Magnoliopsida,Lamiales,Lamiaceae,Monarda,punctata,08471_Plantae_Tracheophyta_Magnoliopsida_Lamiales_Lamiaceae_Monarda_punctata
413,8482,Salvia apiana,white sage,Plantae,Tracheophyta,Magnoliopsida,Lamiales,Lamiaceae,Salvia,apiana,08482_Plantae_Tracheophyta_Magnoliopsida_Lamiales_Lamiaceae_Salvia_apiana
414,8486,Salvia columbariae,chia,Plantae,Tracheophyta,Magnoliopsida,Lamiales,Lamiaceae,Salvia,columbariae,08486_Plantae_Tracheophyta_Magnoliopsida_Lamiales_Lamiaceae_Salvia_columbariae
415,8512,Stachys palustris,Marsh Woundwort,Plantae,Tracheophyta,Magnoliopsida,Lamiales,Lamiaceae,Stachys,palustris,08512_Plantae_Tracheophyta_Magnoliopsida_Lamiales_Lamiaceae_Stachys_palustris
416,8523,Trichostema lanatum,woolly blue curls,Plantae,Tracheophyta,Magnoliopsida,Lamiales,Lamiaceae,Trichostema,lanatum,08523_Plantae_Tracheophyta_Magnoliopsida_Lamiales_Lamiaceae_Trichostema_lanatum
417,8526,Vitex agnus-castus,Lilac chaste tree,Plantae,Tracheophyta,Magnoliopsida,Lamiales,Lamiaceae,Vitex,agnus-castus,08526_Plantae_Tracheophyta_Magnoliopsida_Lamiales_Lamiaceae_Vitex_agnus-castus
418,8569,Castilleja arvensis,field Indian paintbrush,Plantae,Tracheophyta,Magnoliopsida,Lamiales,Orobanchaceae,Castilleja,arvensis,08569_Plantae_Tracheophyta_Magnoliopsida_Lamiales_Orobanchaceae_Castilleja_arvensis
419,8583,Castilleja purpurea,Purple paintbrush,Plantae,Tracheophyta,Magnoliopsida,Lamiales,Orobanchaceae,Castilleja,purpurea,08583_Plantae_Tracheophyta_Magnoliopsida_Lamiales_Orobanchaceae_Castilleja_purpurea
420,8592,Epifagus virginiana,Beechdrops,Plantae,Tracheophyta,Magnoliopsida,Lamiales,Orobanchaceae,Epifagus,virginiana,08592_Plantae_Tracheophyta_Magnoliopsida_Lamiales_Orobanchaceae_Epifagus_virginiana
421,8600,Odontites vulgaris,Red Odontites,Plantae,Tracheophyta,Magnoliopsida,Lamiales,Orobanchaceae,Odontites,vulgaris,08600_Plantae_Tracheophyta_Magnoliopsida_Lamiales_Orobanchaceae_Odontites_vulgaris
422,8606,Pedicularis densiflora,Indian Warrior,Plantae,Tracheophyta,Magnoliopsida,Lamiales,Orobanchaceae,Pedicularis,densiflora,08606_Plantae_Tracheophyta_Magnoliopsida_Lamiales_Orobanchaceae_Pedicularis_densiflora
423,8626,Erythranthe cardinalis,scarlet monkeyflower,Plantae,Tracheophyta,Magnoliopsida,Lamiales,Phrymaceae,Erythranthe,cardinalis,08626_Plantae_Tracheophyta_Magnoliopsida_Lamiales_Phrymaceae_Erythranthe_cardinalis
424,8633,Phryma leptostachya,American lopseed,Plantae,Tracheophyta,Magnoliopsida,Lamiales,Phrymaceae,Phryma,leptostachya,08633_Plantae_Tracheophyta_Magnoliopsida_Lamiales_Phrymaceae_Phryma_leptostachya
425,8687,Veronica americana,American brooklime,Plantae,Tracheophyta,Magnoliopsida,Lamiales,Plantaginaceae,Veronica,americana,08687_Plantae_Tracheophyta_Magnoliopsida_Lamiales_Plantaginaceae_Veronica_americana
426,8693,Veronica filiformis,Slender speedwell,Plantae,Tracheophyta,Magnoliopsida,Lamiales,Plantaginaceae,Veronica,filiformis,08693_Plantae_Tracheophyta_Magnoliopsida_Lamiales_Plantaginaceae_Veronica_filiformis
427,8709,Buddleja davidii,Butterfly bush,Plantae,Tracheophyta,Magnoliopsida,Lamiales,Scrophulariaceae,Buddleja,davidii,08709_Plantae_Tracheophyta_Magnoliopsida_Lamiales_Scrophulariaceae_Buddleja_davidii
428,8717,Verbascum nigrum,Dark Mullein,Plantae,Tracheophyta,Magnoliopsida,Lamiales,Scrophulariaceae,Verbascum,nigrum,08717_Plantae_Tracheophyta_Magnoliopsida_Lamiales_Scrophulariaceae_Verbascum_nigrum
429,8719,Verbascum virgatum,Wand Mullein,Plantae,Tracheophyta,Magnoliopsida,Lamiales,Scrophulariaceae,Verbascum,virgatum,08719_Plantae_Tracheophyta_Magnoliopsida_Lamiales_Scrophulariaceae_Verbascum_virgatum
430,8723,Duranta erecta,golden dewdrop,Plantae,Tracheophyta,Magnoliopsida,Lamiales,Verbenaceae,Duranta,erecta,08723_Plantae_Tracheophyta_Magnoliopsida_Lamiales_Verbenaceae_Duranta_erecta
431,8724,Glandularia bipinnatifida,Dakota mock vervain,Plantae,Tracheophyta,Magnoliopsida,Lamiales,Verbenaceae,Glandularia,bipinnatifida,08724_Plantae_Tracheophyta_Magnoliopsida_Lamiales_Verbenaceae_Glandularia_bipinnatifida
432,8757,Asimina triloba,common pawpaw,Plantae,Tracheophyta,Magnoliopsida,Magnoliales,Annonaceae,Asimina,triloba,08757_Plantae_Tracheophyta_Magnoliopsida_Magnoliales_Annonaceae_Asimina_triloba
433,8763,Magnolia tripetala,umbrella magnolia,Plantae,Tracheophyta,Magnoliopsida,Magnoliales,Magnoliaceae,Magnolia,tripetala,08763_Plantae_Tracheophyta_Magnoliopsida_Magnoliales_Magnoliaceae_Magnolia_tripetala
434,8767,Acalypha rhomboidea,common copperleaf,Plantae,Tracheophyta,Magnoliopsida,Malpighiales,Euphorbiaceae,Acalypha,rhomboidea,08767_Plantae_Tracheophyta_Magnoliopsida_Malpighiales_Euphorbiaceae_Acalypha_rhomboidea
435,8773,Croton glandulosus,Tropic Croton,Plantae,Tracheophyta,Magnoliopsida,Malpighiales,Euphorbiaceae,Croton,glandulosus,08773_Plantae_Tracheophyta_Magnoliopsida_Malpighiales_Euphorbiaceae_Croton_glandulosus
436,8804,Euphorbia ophthalmica,Florida Hammock Sandmat,Plantae,Tracheophyta,Magnoliopsida,Malpighiales,Euphorbiaceae,Euphorbia,ophthalmica,08804_Plantae_Tracheophyta_Magnoliopsida_Malpighiales_Euphorbiaceae_Euphorbia_ophthalmica
437,8818,Manihot esculenta,Cassava,Plantae,Tracheophyta,Magnoliopsida,Malpighiales,Euphorbiaceae,Manihot,esculenta,08818_Plantae_Tracheophyta_Magnoliopsida_Malpighiales_Euphorbiaceae_Manihot_esculenta
438,8834,Hypericum perforatum,Klamath weed,Plantae,Tracheophyta,Magnoliopsida,Malpighiales,Hypericaceae,Hypericum,perforatum,08834_Plantae_Tracheophyta_Magnoliopsida_Malpighiales_Hypericaceae_Hypericum_perforatum
439,8867,Salix bebbiana,bebb's willow,Plantae,Tracheophyta,Magnoliopsida,Malpighiales,Salicaceae,Salix,bebbiana,08867_Plantae_Tracheophyta_Magnoliopsida_Malpighiales_Salicaceae_Salix_bebbiana
440,8869,Salix cinerea,Grey Willow,Plantae,Tracheophyta,Magnoliopsida,Malpighiales,Salicaceae,Salix,cinerea,08869_Plantae_Tracheophyta_Magnoliopsida_Malpighiales_Salicaceae_Salix_cinerea
441,8878,Salix nigra,black willow,Plantae,Tracheophyta,Magnoliopsida,Malpighiales,Salicaceae,Salix,nigra,08878_Plantae_Tracheophyta_Magnoliopsida_Malpighiales_Salicaceae_Salix_nigra
442,8912,Viola rotundifolia,Round-leaved Violet,Plantae,Tracheophyta,Magnoliopsida,Malpighiales,Violaceae,Viola,rotundifolia,08912_Plantae_Tracheophyta_Magnoliopsida_Malpighiales_Violaceae_Viola_rotundifolia
443,8930,Abutilon theophrasti,velvetleaf,Plantae,Tracheophyta,Magnoliopsida,Malvales,Malvaceae,Abutilon,theophrasti,08930_Plantae_Tracheophyta_Magnoliopsida_Malvales_Malvaceae_Abutilon_theophrasti
444,8956,Malva assurgentiflora,Island Mallow,Plantae,Tracheophyta,Magnoliopsida,Malvales,Malvaceae,Malva,assurgentiflora,08956_Plantae_Tracheophyta_Magnoliopsida_Malvales_Malvaceae_Malva_assurgentiflora
445,8987,Muntingia calabura,Cherry Tree,Plantae,Tracheophyta,Magnoliopsida,Malvales,Muntingiaceae,Muntingia,calabura,08987_Plantae_Tracheophyta_Magnoliopsida_Malvales_Muntingiaceae_Muntingia_calabura
446,9069,Oenothera rosea,rose evening primrose,Plantae,Tracheophyta,Magnoliopsida,Myrtales,Onagraceae,Oenothera,rosea,09069_Plantae_Tracheophyta_Magnoliopsida_Myrtales_Onagraceae_Oenothera_rosea
447,9089,Aristotelia serrata,Wineberry,Plantae,Tracheophyta,Magnoliopsida,Oxalidales,Elaeocarpaceae,Aristotelia,serrata,09089_Plantae_Tracheophyta_Magnoliopsida_Oxalidales_Elaeocarpaceae_Aristotelia_serrata
448,9124,Banksia integrifolia,Coastal Banksia,Plantae,Tracheophyta,Magnoliopsida,Proteales,Proteaceae,Banksia,integrifolia,09124_Plantae_Tracheophyta_Magnoliopsida_Proteales_Proteaceae_Banksia_integrifolia
449,9128,Leucadendron laureolum,Golden Sunshinebush,Plantae,Tracheophyta,Magnoliopsida,Proteales,Proteaceae,Leucadendron,laureolum,09128_Plantae_Tracheophyta_Magnoliopsida_Proteales_Proteaceae_Leucadendron_laureolum
450,9133,Mimetes cucullatus,red pagoda,Plantae,Tracheophyta,Magnoliopsida,Proteales,Proteaceae,Mimetes,cucullatus,09133_Plantae_Tracheophyta_Magnoliopsida_Proteales_Proteaceae_Mimetes_cucullatus
451,9199,Actaea racemosa,black cohosh,Plantae,Tracheophyta,Magnoliopsida,Ranunculales,Ranunculaceae,Actaea,racemosa,09199_Plantae_Tracheophyta_Magnoliopsida_Ranunculales_Ranunculaceae_Actaea_racemosa
452,9202,Adonis vernalis,Spring Adonis,Plantae,Tracheophyta,Magnoliopsida,Ranunculales,Ranunculaceae,Adonis,vernalis,09202_Plantae_Tracheophyta_Magnoliopsida_Ranunculales_Ranunculaceae_Adonis_vernalis
453,9203,Anemonastrum canadense,meadow anemone,Plantae,Tracheophyta,Magnoliopsida,Ranunculales,Ranunculaceae,Anemonastrum,canadense,09203_Plantae_Tracheophyta_Magnoliopsida_Ranunculales_Ranunculaceae_Anemonastrum_canadense
454,9221,Aquilegia vulgaris,common columbine,Plantae,Tracheophyta,Magnoliopsida,Ranunculales,Ranunculaceae,Aquilegia,vulgaris,09221_Plantae_Tracheophyta_Magnoliopsida_Ranunculales_Ranunculaceae_Aquilegia_vulgaris
455,9226,Clematis crispa,Swamp Leather Flower,Plantae,Tracheophyta,Magnoliopsida,Ranunculales,Ranunculaceae,Clematis,crispa,09226_Plantae_Tracheophyta_Magnoliopsida_Ranunculales_Ranunculaceae_Clematis_crispa
456,9235,Clematis virginiana,Virginia virgin's-bower,Plantae,Tracheophyta,Magnoliopsida,Ranunculales,Ranunculaceae,Clematis,virginiana,09235_Plantae_Tracheophyta_Magnoliopsida_Ranunculales_Ranunculaceae_Clematis_virginiana
457,9258,Pulsatilla patens,eastern pasqueflower,Plantae,Tracheophyta,Magnoliopsida,Ranunculales,Ranunculaceae,Pulsatilla,patens,09258_Plantae_Tracheophyta_Magnoliopsida_Ranunculales_Ranunculaceae_Pulsatilla_patens
458,9260,Ranunculus acris,meadow buttercup,Plantae,Tracheophyta,Magnoliopsida,Ranunculales,Ranunculaceae,Ranunculus,acris,09260_Plantae_Tracheophyta_Magnoliopsida_Ranunculales_Ranunculaceae_Ranunculus_acris
459,9314,Morus indica,Korean mulberry,Plantae,Tracheophyta,Magnoliopsida,Rosales,Moraceae,Morus,indica,09314_Plantae_Tracheophyta_Magnoliopsida_Rosales_Moraceae_Morus_indica
460,9372,Crataegus marshallii,parsley hawthorn,Plantae,Tracheophyta,Magnoliopsida,Rosales,Rosaceae,Crataegus,marshallii,09372_Plantae_Tracheophyta_Magnoliopsida_Rosales_Rosaceae_Crataegus_marshallii
461,9379,Eriobotrya japonica,Loquat,Plantae,Tracheophyta,Magnoliopsida,Rosales,Rosaceae,Eriobotrya,japonica,09379_Plantae_Tracheophyta_Magnoliopsida_Rosales_Rosaceae_Eriobotrya_japonica
462,9408,Potentilla canadensis,dwarf cinquefoil,Plantae,Tracheophyta,Magnoliopsida,Rosales,Rosaceae,Potentilla,canadensis,09408_Plantae_Tracheophyta_Magnoliopsida_Rosales_Rosaceae_Potentilla_canadensis
463,9423,Prunus fasciculata,desert almond,Plantae,Tracheophyta,Magnoliopsida,Rosales,Rosaceae,Prunus,fasciculata,09423_Plantae_Tracheophyta_Magnoliopsida_Rosales_Rosaceae_Prunus_fasciculata
464,9431,Prunus pumila,sand cherry,Plantae,Tracheophyta,Magnoliopsida,Rosales,Rosaceae,Prunus,pumila,09431_Plantae_Tracheophyta_Magnoliopsida_Rosales_Rosaceae_Prunus_pumila
465,9433,Prunus spinosa,Blackthorn,Plantae,Tracheophyta,Magnoliopsida,Rosales,Rosaceae,Prunus,spinosa,09433_Plantae_Tracheophyta_Magnoliopsida_Rosales_Rosaceae_Prunus_spinosa
466,9460,Rubus bifrons,Himalayan-berry,Plantae,Tracheophyta,Magnoliopsida,Rosales,Rosaceae,Rubus,bifrons,09460_Plantae_Tracheophyta_Magnoliopsida_Rosales_Rosaceae_Rubus_bifrons
467,9477,Rubus schmidelioides,Rubus schmidelioides,Plantae,Tracheophyta,Magnoliopsida,Rosales,Rosaceae,Rubus,schmidelioides,09477_Plantae_Tracheophyta_Magnoliopsida_Rosales_Rosaceae_Rubus_schmidelioides
468,9499,Ulmus americana,American elm,Plantae,Tracheophyta,Magnoliopsida,Rosales,Ulmaceae,Ulmus,americana,09499_Plantae_Tracheophyta_Magnoliopsida_Rosales_Ulmaceae_Ulmus_americana
469,9505,Ulmus pumila,Siberian elm,Plantae,Tracheophyta,Magnoliopsida,Rosales,Ulmaceae,Ulmus,pumila,09505_Plantae_Tracheophyta_Magnoliopsida_Rosales_Ulmaceae_Ulmus_pumila
470,9510,Laportea canadensis,Canadian wood nettle,Plantae,Tracheophyta,Magnoliopsida,Rosales,Urticaceae,Laportea,canadensis,09510_Plantae_Tracheophyta_Magnoliopsida_Rosales_Urticaceae_Laportea_canadensis
471,9518,Urtica urens,Dwarf Nettle,Plantae,Tracheophyta,Magnoliopsida,Rosales,Urticaceae,Urtica,urens,09518_Plantae_Tracheophyta_Magnoliopsida_Rosales_Urticaceae_Urtica_urens
472,9525,Phoradendron californicum,desert mistletoe,Plantae,Tracheophyta,Magnoliopsida,Santalales,Santalaceae,Phoradendron,californicum,09525_Plantae_Tracheophyta_Magnoliopsida_Santalales_Santalaceae_Phoradendron_californicum
473,9548,Toxicodendron rydbergii,poison ivy,Plantae,Tracheophyta,Magnoliopsida,Sapindales,Anacardiaceae,Toxicodendron,rydbergii,09548_Plantae_Tracheophyta_Magnoliopsida_Sapindales_Anacardiaceae_Toxicodendron_rydbergii
474,9550,Bursera microphylla,elephant tree,Plantae,Tracheophyta,Magnoliopsida,Sapindales,Burseraceae,Bursera,microphylla,09550_Plantae_Tracheophyta_Magnoliopsida_Sapindales_Burseraceae_Bursera_microphylla
475,9565,Acer campestre,field maple,Plantae,Tracheophyta,Magnoliopsida,Sapindales,Sapindaceae,Acer,campestre,09565_Plantae_Tracheophyta_Magnoliopsida_Sapindales_Sapindaceae_Acer_campestre
476,9586,Aesculus pavia,Red Buckeye,Plantae,Tracheophyta,Magnoliopsida,Sapindales,Sapindaceae,Aesculus,pavia,09586_Plantae_Tracheophyta_Magnoliopsida_Sapindales_Sapindaceae_Aesculus_pavia
477,9597,Crassula ovata,jade plant,Plantae,Tracheophyta,Magnoliopsida,Saxifragales,Crassulaceae,Crassula,ovata,09597_Plantae_Tracheophyta_Magnoliopsida_Saxifragales_Crassulaceae_Crassula_ovata
478,9610,Rhodiola integrifolia,western roseroot,Plantae,Tracheophyta,Magnoliopsida,Saxifragales,Crassulaceae,Rhodiola,integrifolia,09610_Plantae_Tracheophyta_Magnoliopsida_Saxifragales_Crassulaceae_Rhodiola_integrifolia
479,9640,Ribes uva-crispa,Goose-berry,Plantae,Tracheophyta,Magnoliopsida,Saxifragales,Grossulariaceae,Ribes,uva-crispa,09640_Plantae_Tracheophyta_Magnoliopsida_Saxifragales_Grossulariaceae_Ribes_uva-crispa
480,9674,Tolmiea menziesii,youth on age,Plantae,Tracheophyta,Magnoliopsida,Saxifragales,Saxifragaceae,Tolmiea,menziesii,09674_Plantae_Tracheophyta_Magnoliopsida_Saxifragales_Saxifragaceae_Tolmiea_menziesii
481,9695,Ipomoea coccinea,red morning glory,Plantae,Tracheophyta,Magnoliopsida,Solanales,Convolvulaceae,Ipomoea,coccinea,09695_Plantae_Tracheophyta_Magnoliopsida_Solanales_Convolvulaceae_Ipomoea_coccinea
482,9702,Ipomoea obscura,Obscure Morning Glory,Plantae,Tracheophyta,Magnoliopsida,Solanales,Convolvulaceae,Ipomoea,obscura,09702_Plantae_Tracheophyta_Magnoliopsida_Solanales_Convolvulaceae_Ipomoea_obscura
483,9735,Solanum dimidiatum,western horsenettle,Plantae,Tracheophyta,Magnoliopsida,Solanales,Solanaceae,Solanum,dimidiatum,09735_Plantae_Tracheophyta_Magnoliopsida_Solanales_Solanaceae_Solanum_dimidiatum
484,9739,Solanum elaeagnifolium,White Horse-nettle,Plantae,Tracheophyta,Magnoliopsida,Solanales,Solanaceae,Solanum,elaeagnifolium,09739_Plantae_Tracheophyta_Magnoliopsida_Solanales_Solanaceae_Solanum_elaeagnifolium
485,9753,Ampelopsis glandulosa,Porcelain Berry,Plantae,Tracheophyta,Magnoliopsida,Vitales,Vitaceae,Ampelopsis,glandulosa,09753_Plantae_Tracheophyta_Magnoliopsida_Vitales_Vitaceae_Ampelopsis_glandulosa
486,9766,Krameria erecta,Pima Rhatany,Plantae,Tracheophyta,Magnoliopsida,Zygophyllales,Krameriaceae,Krameria,erecta,09766_Plantae_Tracheophyta_Magnoliopsida_Zygophyllales_Krameriaceae_Krameria_erecta
487,9791,Sequoiadendron giganteum,giant sequoia,Plantae,Tracheophyta,Pinopsida,Pinales,Cupressaceae,Sequoiadendron,giganteum,09791_Plantae_Tracheophyta_Pinopsida_Pinales_Cupressaceae_Sequoiadendron_giganteum
488,9793,Taxodium distichum,baldcypress,Plantae,Tracheophyta,Pinopsida,Pinales,Cupressaceae,Taxodium,distichum,09793_Plantae_Tracheophyta_Pinopsida_Pinales_Cupressaceae_Taxodium_distichum
489,9794,Taxodium mucronatum,Montezuma cypress,Plantae,Tracheophyta,Pinopsida,Pinales,Cupressaceae,Taxodium,mucronatum,09794_Plantae_Tracheophyta_Pinopsida_Pinales_Cupressaceae_Taxodium_mucronatum
490,9799,Abies concolor,white fir,Plantae,Tracheophyta,Pinopsida,Pinales,Pinaceae,Abies,concolor,09799_Plantae_Tracheophyta_Pinopsida_Pinales_Pinaceae_Abies_concolor
491,9818,Pinus contorta,lodgepole pine,Plantae,Tracheophyta,Pinopsida,Pinales,Pinaceae,Pinus,contorta,09818_Plantae_Tracheophyta_Pinopsida_Pinales_Pinaceae_Pinus_contorta
492,9833,Pinus ponderosa,ponderosa pine,Plantae,Tracheophyta,Pinopsida,Pinales,Pinaceae,Pinus,ponderosa,09833_Plantae_Tracheophyta_Pinopsida_Pinales_Pinaceae_Pinus_ponderosa
493,9877,Gleichenia dicarpa,tangle fern,Plantae,Tracheophyta,Polypodiopsida,Gleicheniales,Gleicheniaceae,Gleichenia,dicarpa,09877_Plantae_Tracheophyta_Polypodiopsida_Gleicheniales_Gleicheniaceae_Gleichenia_dicarpa
494,9892,Asplenium bulbiferum,Hen and Chicks Fern,Plantae,Tracheophyta,Polypodiopsida,Polypodiales,Aspleniaceae,Asplenium,bulbiferum,09892_Plantae_Tracheophyta_Polypodiopsida_Polypodiales_Aspleniaceae_Asplenium_bulbiferum
495,9918,Lomaria discolor,Crown Fern,Plantae,Tracheophyta,Polypodiopsida,Polypodiales,Blechnaceae,Lomaria,discolor,09918_Plantae_Tracheophyta_Polypodiopsida_Polypodiales_Blechnaceae_Lomaria_discolor
496,9925,Cystopteris fragilis,brittle bladderfern,Plantae,Tracheophyta,Polypodiopsida,Polypodiales,Cystopteridaceae,Cystopteris,fragilis,09925_Plantae_Tracheophyta_Polypodiopsida_Polypodiales_Cystopteridaceae_Cystopteris_fragilis
497,9928,Dennstaedtia punctilobula,hay-scented fern,Plantae,Tracheophyta,Polypodiopsida,Polypodiales,Dennstaedtiaceae,Dennstaedtia,punctilobula,09928_Plantae_Tracheophyta_Polypodiopsida_Polypodiales_Dennstaedtiaceae_Dennstaedtia_punctilobula
498,9987,Pteris vittata,ladder fern,Plantae,Tracheophyta,Polypodiopsida,Polypodiales,Pteridaceae,Pteris,vittata,09987_Plantae_Tracheophyta_Polypodiopsida_Polypodiales_Pteridaceae_Pteris_vittata
499,9990,Phegopteris hexagonoptera,broad beech fern,Plantae,Tracheophyta,Polypodiopsida,Polypodiales,Thelypteridaceae,Phegopteris,hexagonoptera,09990_Plantae_Tracheophyta_Polypodiopsida_Polypodiales_Thelypteridaceae_Phegopteris_hexagonoptera
500,4,Eratigena duellica,Giant House Spider,Animalia,Arthropoda,Arachnida,Araneae,Agelenidae,Eratigena,duellica,00004_Animalia_Arthropoda_Arachnida_Araneae_Agelenidae_Eratigena_duellica
501,33,Mecynogea lemniscata,Basilica Spider,Animalia,Arthropoda,Arachnida,Araneae,Araneidae,Mecynogea,lemniscata,00033_Animalia_Arthropoda_Arachnida_Araneae_Araneidae_Mecynogea_lemniscata
502,44,Trichonephila clavata,Jorō Spider,Animalia,Arthropoda,Arachnida,Araneae,Araneidae,Trichonephila,clavata,00044_Animalia_Arthropoda_Arachnida_Araneae_Araneidae_Trichonephila_clavata
503,50,Zygiella x-notata,Silver-sided Sector Spider,Animalia,Arthropoda,Arachnida,Araneae,Araneidae,Zygiella,x-notata,00050_Animalia_Arthropoda_Arachnida_Araneae_Araneidae_Zygiella_x-notata
504,61,Oxyopes salticus,Striped Lynx Spider,Animalia,Arthropoda,Arachnida,Araneae,Oxyopidae,Oxyopes,salticus,00061_Animalia_Arthropoda_Arachnida_Araneae_Oxyopidae_Oxyopes_salticus
505,119,Latrodectus variolus,Northern Black Widow,Animalia,Arthropoda,Arachnida,Araneae,Theridiidae,Latrodectus,variolus,00119_Animalia_Arthropoda_Arachnida_Araneae_Theridiidae_Latrodectus_variolus
506,136,Vasates quadripedes,maple bladdergall mite,Animalia,Arthropoda,Arachnida,Endeostigmata,Eriophyidae,Vasates,quadripedes,00136_Animalia_Arthropoda_Arachnida_Endeostigmata_Eriophyidae_Vasates_quadripedes
507,228,Elaphidion mucronatum,Spined Oak Borer,Animalia,Arthropoda,Insecta,Coleoptera,Cerambycidae,Elaphidion,mucronatum,00228_Animalia_Arthropoda_Insecta_Coleoptera_Cerambycidae_Elaphidion_mucronatum
508,229,Graphisurus fasciatus,Banded Graphisurus,Animalia,Arthropoda,Insecta,Coleoptera,Cerambycidae,Graphisurus,fasciatus,00229_Animalia_Arthropoda_Insecta_Coleoptera_Cerambycidae_Graphisurus_fasciatus
509,275,Chrysolina fastuosa,Dead-nettle Leaf Beetle,Animalia,Arthropoda,Insecta,Coleoptera,Chrysomelidae,Chrysolina,fastuosa,00275_Animalia_Arthropoda_Insecta_Coleoptera_Chrysomelidae_Chrysolina_fastuosa
510,276,Chrysomela populi,Poplar Leaf Beetle,Animalia,Arthropoda,Insecta,Coleoptera,Chrysomelidae,Chrysomela,populi,00276_Animalia_Arthropoda_Insecta_Coleoptera_Chrysomelidae_Chrysomela_populi
511,285,Gastrophysa viridula,Green Dock-beetle,Animalia,Arthropoda,Insecta,Coleoptera,Chrysomelidae,Gastrophysa,viridula,00285_Animalia_Arthropoda_Insecta_Coleoptera_Chrysomelidae_Gastrophysa_viridula
512,337,Larinus carlinae,Canada Thistle Bud Weevil,Animalia,Arthropoda,Insecta,Coleoptera,Curculionidae,Larinus,carlinae,00337_Animalia_Arthropoda_Insecta_Coleoptera_Curculionidae_Larinus_carlinae
513,385,Euphoria sepulcralis,Dark Flower Scarab,Animalia,Arthropoda,Insecta,Coleoptera,Scarabaeidae,Euphoria,sepulcralis,00385_Animalia_Arthropoda_Insecta_Coleoptera_Scarabaeidae_Euphoria_sepulcralis
514,405,Necrodes surinamensis,Red-lined Carrion Beetle,Animalia,Arthropoda,Insecta,Coleoptera,Silphidae,Necrodes,surinamensis,00405_Animalia_Arthropoda_Insecta_Coleoptera_Silphidae_Necrodes_surinamensis
515,436,Chrysomya megacephala,Oriental Latrine Fly,Animalia,Arthropoda,Insecta,Diptera,Calliphoridae,Chrysomya,megacephala,00436_Animalia_Arthropoda_Insecta_Diptera_Calliphoridae_Chrysomya_megacephala
516,494,Volucella bombylans,Bumblebee Hoverfly,Animalia,Arthropoda,Insecta,Diptera,Syrphidae,Volucella,bombylans,00494_Animalia_Arthropoda_Insecta_Diptera_Syrphidae_Volucella_bombylans
517,504,Tipula abdominalis,Giant Crane Fly,Animalia,Arthropoda,Insecta,Diptera,Tipulidae,Tipula,abdominalis,00504_Animalia_Arthropoda_Insecta_Diptera_Tipulidae_Tipula_abdominalis
518,517,Pachypsylla celtidismamma,Hackberry Nipple Gall,Animalia,Arthropoda,Insecta,Hemiptera,Aphalaridae,Pachypsylla,celtidismamma,00517_Animalia_Arthropoda_Insecta_Hemiptera_Aphalaridae_Pachypsylla_celtidismamma
519,552,Neotibicen superbus,Superb Dog-day Cicada,Animalia,Arthropoda,Insecta,Hemiptera,Cicadidae,Neotibicen,superbus,00552_Animalia_Arthropoda_Insecta_Hemiptera_Cicadidae_Neotibicen_superbus
520,557,Acanthocephala declivis,Giant Leaf-footed Bug,Animalia,Arthropoda,Insecta,Hemiptera,Coreidae,Acanthocephala,declivis,00557_Animalia_Arthropoda_Insecta_Hemiptera_Coreidae_Acanthocephala_declivis
521,570,Leptoglossus phyllopus,Eastern Leaf-footed Bug,Animalia,Arthropoda,Insecta,Hemiptera,Coreidae,Leptoglossus,phyllopus,00570_Animalia_Arthropoda_Insecta_Hemiptera_Coreidae_Leptoglossus_phyllopus
522,596,Membracis mexicana,Mexican Treehopper,Animalia,Arthropoda,Insecta,Hemiptera,Membracidae,Membracis,mexicana,00596_Animalia_Arthropoda_Insecta_Hemiptera_Membracidae_Membracis_mexicana
523,608,Banasa dimidiata,Green Burgundy Stink Bug,Animalia,Arthropoda,Insecta,Hemiptera,Pentatomidae,Banasa,dimidiata,00608_Animalia_Arthropoda_Insecta_Hemiptera_Pentatomidae_Banasa_dimidiata
524,632,Palomena prasina,Green Shield Bug,Animalia,Arthropoda,Insecta,Hemiptera,Pentatomidae,Palomena,prasina,00632_Animalia_Arthropoda_Insecta_Hemiptera_Pentatomidae_Palomena_prasina
525,661,Boisea trivittata,Eastern Boxelder Bug,Animalia,Arthropoda,Insecta,Hemiptera,Rhopalidae,Boisea,trivittata,00661_Animalia_Arthropoda_Insecta_Hemiptera_Rhopalidae_Boisea_trivittata
526,687,Bombus griseocollis,Brown-belted Bumblebee,Animalia,Arthropoda,Insecta,Hymenoptera,Apidae,Bombus,griseocollis,00687_Animalia_Arthropoda_Insecta_Hymenoptera_Apidae_Bombus_griseocollis
527,693,Bombus mixtus,Fuzzy-Horned Bumble Bee,Animalia,Arthropoda,Insecta,Hymenoptera,Apidae,Bombus,mixtus,00693_Animalia_Arthropoda_Insecta_Hymenoptera_Apidae_Bombus_mixtus
528,696,Bombus pensylvanicus,American Bumble Bee,Animalia,Arthropoda,Insecta,Hymenoptera,Apidae,Bombus,pensylvanicus,00696_Animalia_Arthropoda_Insecta_Hymenoptera_Apidae_Bombus_pensylvanicus
529,712,Xylocopa sonorina,Valley Carpenter Bee,Animalia,Arthropoda,Insecta,Hymenoptera,Apidae,Xylocopa,sonorina,00712_Animalia_Arthropoda_Insecta_Hymenoptera_Apidae_Xylocopa_sonorina
530,716,Cotesia congregata,Tomato Hornworm Parasitoid Wasp,Animalia,Arthropoda,Insecta,Hymenoptera,Braconidae,Cotesia,congregata,00716_Animalia_Arthropoda_Insecta_Hymenoptera_Braconidae_Cotesia_congregata
531,722,Bicyrtes quadrifasciatus,Four-banded Stink Bug Hunter Wasp,Animalia,Arthropoda,Insecta,Hymenoptera,Crabronidae,Bicyrtes,quadrifasciatus,00722_Animalia_Arthropoda_Insecta_Hymenoptera_Crabronidae_Bicyrtes_quadrifasciatus
532,732,Callirhytis seminator,Wool Sower Gall Wasp,Animalia,Arthropoda,Insecta,Hymenoptera,Cynipidae,Callirhytis,seminator,00732_Animalia_Arthropoda_Insecta_Hymenoptera_Cynipidae_Callirhytis_seminator
533,770,Tetramorium immigrans,Immigrant Pavement Ant,Animalia,Arthropoda,Insecta,Hymenoptera,Formicidae,Tetramorium,immigrans,00770_Animalia_Arthropoda_Insecta_Hymenoptera_Formicidae_Tetramorium_immigrans
534,798,Tremex columba,Pigeon Tremex Horntail,Animalia,Arthropoda,Insecta,Hymenoptera,Siricidae,Tremex,columba,00798_Animalia_Arthropoda_Insecta_Hymenoptera_Siricidae_Tremex_columba
535,810,Ancistrocerus adiabatus,Ancistrocerus adiabatus,Animalia,Arthropoda,Insecta,Hymenoptera,Vespidae,Ancistrocerus,adiabatus,00810_Animalia_Arthropoda_Insecta_Hymenoptera_Vespidae_Ancistrocerus_adiabatus
536,820,Monobia quadridens,Four-toothed Mason Wasp,Animalia,Arthropoda,Insecta,Hymenoptera,Vespidae,Monobia,quadridens,00820_Animalia_Arthropoda_Insecta_Hymenoptera_Vespidae_Monobia_quadridens
537,831,Polistes dorsalis,Polistes dorsalis,Animalia,Arthropoda,Insecta,Hymenoptera,Vespidae,Polistes,dorsalis,00831_Animalia_Arthropoda_Insecta_Hymenoptera_Vespidae_Polistes_dorsalis
538,833,Polistes fuscatus,Northern Paper Wasp,Animalia,Arthropoda,Insecta,Hymenoptera,Vespidae,Polistes,fuscatus,00833_Animalia_Arthropoda_Insecta_Hymenoptera_Vespidae_Polistes_fuscatus
539,835,Polistes instabilis,Polistes instabilis,Animalia,Arthropoda,Insecta,Hymenoptera,Vespidae,Polistes,instabilis,00835_Animalia_Arthropoda_Insecta_Hymenoptera_Vespidae_Polistes_instabilis
540,841,Vespula alascensis,Alaska Yellowjacket,Animalia,Arthropoda,Insecta,Hymenoptera,Vespidae,Vespula,alascensis,00841_Animalia_Arthropoda_Insecta_Hymenoptera_Vespidae_Vespula_alascensis
541,843,Vespula maculifrons,Eastern Yellowjacket,Animalia,Arthropoda,Insecta,Hymenoptera,Vespidae,Vespula,maculifrons,00843_Animalia_Arthropoda_Insecta_Hymenoptera_Vespidae_Vespula_maculifrons
542,865,Apogeshna stenialis,Checkered Apogeshna,Animalia,Arthropoda,Insecta,Lepidoptera,Crambidae,Apogeshna,stenialis,00865_Animalia_Arthropoda_Insecta_Lepidoptera_Crambidae_Apogeshna_stenialis
543,877,Cydalima perspectalis,Box Tree Moth,Animalia,Arthropoda,Insecta,Lepidoptera,Crambidae,Cydalima,perspectalis,00877_Animalia_Arthropoda_Insecta_Lepidoptera_Crambidae_Cydalima_perspectalis
544,882,Diastictis fracturalis,Fractured Western Snout Moth,Animalia,Arthropoda,Insecta,Lepidoptera,Crambidae,Diastictis,fracturalis,00882_Animalia_Arthropoda_Insecta_Lepidoptera_Crambidae_Diastictis_fracturalis
545,885,Elophila icciusalis,Pondside Pyralid Moth,Animalia,Arthropoda,Insecta,Lepidoptera,Crambidae,Elophila,icciusalis,00885_Animalia_Arthropoda_Insecta_Lepidoptera_Crambidae_Elophila_icciusalis
546,887,Euchromius ocellea,Belted Grass-veneer,Animalia,Arthropoda,Insecta,Lepidoptera,Crambidae,Euchromius,ocellea,00887_Animalia_Arthropoda_Insecta_Lepidoptera_Crambidae_Euchromius_ocellea
547,903,Maruca vitrata,Mung Bean Moth,Animalia,Arthropoda,Insecta,Lepidoptera,Crambidae,Maruca,vitrata,00903_Animalia_Arthropoda_Insecta_Lepidoptera_Crambidae_Maruca_vitrata
548,904,Microcrambus biguttellus,Gold-stripe Grass-veneer,Animalia,Arthropoda,Insecta,Lepidoptera,Crambidae,Microcrambus,biguttellus,00904_Animalia_Arthropoda_Insecta_Lepidoptera_Crambidae_Microcrambus_biguttellus
549,979,Arctia villica,Cream-spot Tiger,Animalia,Arthropoda,Insecta,Lepidoptera,Erebidae,Arctia,villica,00979_Animalia_Arthropoda_Insecta_Lepidoptera_Erebidae_Arctia_villica
550,1002,Catocala neogama,The Bride,Animalia,Arthropoda,Insecta,Lepidoptera,Erebidae,Catocala,neogama,01002_Animalia_Arthropoda_Insecta_Lepidoptera_Erebidae_Catocala_neogama
551,1041,Halysidota tessellaris,Banded Tussock Moth,Animalia,Arthropoda,Insecta,Lepidoptera,Erebidae,Halysidota,tessellaris,01041_Animalia_Arthropoda_Insecta_Lepidoptera_Erebidae_Halysidota_tessellaris
552,1048,Hypena deceptalis,Deceptive Snout,Animalia,Arthropoda,Insecta,Lepidoptera,Erebidae,Hypena,deceptalis,01048_Animalia_Arthropoda_Insecta_Lepidoptera_Erebidae_Hypena_deceptalis
553,1054,Hypercompe oslari,Hypercompe oslari,Animalia,Arthropoda,Insecta,Lepidoptera,Erebidae,Hypercompe,oslari,01054_Animalia_Arthropoda_Insecta_Lepidoptera_Erebidae_Hypercompe_oslari
554,1057,Hypoprepia fucosa,Painted Lichen Moth,Animalia,Arthropoda,Insecta,Lepidoptera,Erebidae,Hypoprepia,fucosa,01057_Animalia_Arthropoda_Insecta_Lepidoptera_Erebidae_Hypoprepia_fucosa
555,1075,Lymantria monacha,Black Arches,Animalia,Arthropoda,Insecta,Lepidoptera,Erebidae,Lymantria,monacha,01075_Animalia_Arthropoda_Insecta_Lepidoptera_Erebidae_Lymantria_monacha
556,1123,Spilosoma congrua,Agreeable Tiger Moth,Animalia,Arthropoda,Insecta,Lepidoptera,Erebidae,Spilosoma,congrua,01123_Animalia_Arthropoda_Insecta_Lepidoptera_Erebidae_Spilosoma_congrua
557,1161,Camptogramma bilineata,Yellow Shell Moth,Animalia,Arthropoda,Insecta,Lepidoptera,Geometridae,Camptogramma,bilineata,01161_Animalia_Arthropoda_Insecta_Lepidoptera_Geometridae_Camptogramma_bilineata
558,1165,Chiasmia emersaria,Chiasmia emersaria,Animalia,Arthropoda,Insecta,Lepidoptera,Geometridae,Chiasmia,emersaria,01165_Animalia_Arthropoda_Insecta_Lepidoptera_Geometridae_Chiasmia_emersaria
559,1170,Chloroclystis inductata,Chloroclystis inductata,Animalia,Arthropoda,Insecta,Lepidoptera,Geometridae,Chloroclystis,inductata,01170_Animalia_Arthropoda_Insecta_Lepidoptera_Geometridae_Chloroclystis_inductata
560,1179,Costaconvexa centrostrigaria,Bent-line Carpet,Animalia,Arthropoda,Insecta,Lepidoptera,Geometridae,Costaconvexa,centrostrigaria,01179_Animalia_Arthropoda_Insecta_Lepidoptera_Geometridae_Costaconvexa_centrostrigaria
561,1182,Cyclophora linearia,Clay Triple-Lines,Animalia,Arthropoda,Insecta,Lepidoptera,Geometridae,Cyclophora,linearia,01182_Animalia_Arthropoda_Insecta_Lepidoptera_Geometridae_Cyclophora_linearia
562,1183,Cyclophora nanaria,Dwarf Tawny Wave,Animalia,Arthropoda,Insecta,Lepidoptera,Geometridae,Cyclophora,nanaria,01183_Animalia_Arthropoda_Insecta_Lepidoptera_Geometridae_Cyclophora_nanaria
563,1209,Erannis defoliaria,Mottled Umber,Animalia,Arthropoda,Insecta,Lepidoptera,Geometridae,Erannis,defoliaria,01209_Animalia_Arthropoda_Insecta_Lepidoptera_Geometridae_Erannis_defoliaria
564,1226,Hemithea aestivaria,Common Emerald,Animalia,Arthropoda,Insecta,Lepidoptera,Geometridae,Hemithea,aestivaria,01226_Animalia_Arthropoda_Insecta_Lepidoptera_Geometridae_Hemithea_aestivaria
565,1227,Heterophleps triguttaria,Three-spotted Fillip,Animalia,Arthropoda,Insecta,Lepidoptera,Geometridae,Heterophleps,triguttaria,01227_Animalia_Arthropoda_Insecta_Lepidoptera_Geometridae_Heterophleps_triguttaria
566,1256,Macaria alternata,Sharp-angled Peacock Moth,Animalia,Arthropoda,Insecta,Lepidoptera,Geometridae,Macaria,alternata,01256_Animalia_Arthropoda_Insecta_Lepidoptera_Geometridae_Macaria_alternata
567,1261,Melanodes anthracitaria,Black Geometrid,Animalia,Arthropoda,Insecta,Lepidoptera,Geometridae,Melanodes,anthracitaria,01261_Animalia_Arthropoda_Insecta_Lepidoptera_Geometridae_Melanodes_anthracitaria
568,1276,Operophtera bruceata,Bruce Spanworm,Animalia,Arthropoda,Insecta,Lepidoptera,Geometridae,Operophtera,bruceata,01276_Animalia_Arthropoda_Insecta_Lepidoptera_Geometridae_Operophtera_bruceata
569,1279,Orthonama obstipata,The Gem,Animalia,Arthropoda,Insecta,Lepidoptera,Geometridae,Orthonama,obstipata,01279_Animalia_Arthropoda_Insecta_Lepidoptera_Geometridae_Orthonama_obstipata
570,1338,Astraptes fulgerator,Two-barred Flasher,Animalia,Arthropoda,Insecta,Lepidoptera,Hesperiidae,Astraptes,fulgerator,01338_Animalia_Arthropoda_Insecta_Lepidoptera_Hesperiidae_Astraptes_fulgerator
571,1370,Hesperia colorado,Western Branded Skipper,Animalia,Arthropoda,Insecta,Lepidoptera,Hesperiidae,Hesperia,colorado,01370_Animalia_Arthropoda_Insecta_Lepidoptera_Hesperiidae_Hesperia_colorado
572,1387,Oligoria maculata,Twin-spot Skipper,Animalia,Arthropoda,Insecta,Lepidoptera,Hesperiidae,Oligoria,maculata,01387_Animalia_Arthropoda_Insecta_Lepidoptera_Hesperiidae_Oligoria_maculata
573,1429,Euclea delphinii,Spiny Oak-slug Moth,Animalia,Arthropoda,Insecta,Lepidoptera,Limacodidae,Euclea,delphinii,01429_Animalia_Arthropoda_Insecta_Lepidoptera_Limacodidae_Euclea_delphinii
574,1444,Cacyreus marshalli,Common Geranium-bronze,Animalia,Arthropoda,Insecta,Lepidoptera,Lycaenidae,Cacyreus,marshalli,01444_Animalia_Arthropoda_Insecta_Lepidoptera_Lycaenidae_Cacyreus_marshalli
575,1480,Heliophorus epicles,Purple Sapphire,Animalia,Arthropoda,Insecta,Lepidoptera,Lycaenidae,Heliophorus,epicles,01480_Animalia_Arthropoda_Insecta_Lepidoptera_Lycaenidae_Heliophorus_epicles
576,1514,Plebejus idas,Idas Blue,Animalia,Arthropoda,Insecta,Lepidoptera,Lycaenidae,Plebejus,idas,01514_Animalia_Arthropoda_Insecta_Lepidoptera_Lycaenidae_Plebejus_idas
577,1530,Satyrium liparops,Striped Hairstreak,Animalia,Arthropoda,Insecta,Lepidoptera,Lycaenidae,Satyrium,liparops,01530_Animalia_Arthropoda_Insecta_Lepidoptera_Lycaenidae_Satyrium_liparops
578,1555,Acronicta insita,Fingered Dagger,Animalia,Arthropoda,Insecta,Lepidoptera,Noctuidae,Acronicta,insita,01555_Animalia_Arthropoda_Insecta_Lepidoptera_Noctuidae_Acronicta_insita
579,1618,Elaphria grata,Grateful Midget,Animalia,Arthropoda,Insecta,Lepidoptera,Noctuidae,Elaphria,grata,01618_Animalia_Arthropoda_Insecta_Lepidoptera_Noctuidae_Elaphria_grata
580,1642,Lacinipolia renigera,bristly cutworm,Animalia,Arthropoda,Insecta,Lepidoptera,Noctuidae,Lacinipolia,renigera,01642_Animalia_Arthropoda_Insecta_Lepidoptera_Noctuidae_Lacinipolia_renigera
581,1670,Ochropleura plecta,Flame Shoulder Moth,Animalia,Arthropoda,Insecta,Lepidoptera,Noctuidae,Ochropleura,plecta,01670_Animalia_Arthropoda_Insecta_Lepidoptera_Noctuidae_Ochropleura_plecta
582,1690,Ponometia erastrioides,Small Bird-dropping Moth,Animalia,Arthropoda,Insecta,Lepidoptera,Noctuidae,Ponometia,erastrioides,01690_Animalia_Arthropoda_Insecta_Lepidoptera_Noctuidae_Ponometia_erastrioides
583,1719,Tyta luctuosa,Four-spotted Moth,Animalia,Arthropoda,Insecta,Lepidoptera,Noctuidae,Tyta,luctuosa,01719_Animalia_Arthropoda_Insecta_Lepidoptera_Noctuidae_Tyta_luctuosa
584,1741,Heterocampa umbrata,White-blotched Heterocampa,Animalia,Arthropoda,Insecta,Lepidoptera,Notodontidae,Heterocampa,umbrata,01741_Animalia_Arthropoda_Insecta_Lepidoptera_Notodontidae_Heterocampa_umbrata
585,1764,Acraea terpsicore,Tawny Coster,Animalia,Arthropoda,Insecta,Lepidoptera,Nymphalidae,Acraea,terpsicore,01764_Animalia_Arthropoda_Insecta_Lepidoptera_Nymphalidae_Acraea_terpsicore
586,1773,Anaea aidea,Tropical Leafwing Butterfly,Animalia,Arthropoda,Insecta,Lepidoptera,Nymphalidae,Anaea,aidea,01773_Animalia_Arthropoda_Insecta_Lepidoptera_Nymphalidae_Anaea_aidea
587,1809,Chlosyne ehrenbergii,White-rayed Patch,Animalia,Arthropoda,Insecta,Lepidoptera,Nymphalidae,Chlosyne,ehrenbergii,01809_Animalia_Arthropoda_Insecta_Lepidoptera_Nymphalidae_Chlosyne_ehrenbergii
588,1812,Chlosyne harrisii,Harris's Checkerspot,Animalia,Arthropoda,Insecta,Lepidoptera,Nymphalidae,Chlosyne,harrisii,01812_Animalia_Arthropoda_Insecta_Lepidoptera_Nymphalidae_Chlosyne_harrisii
589,1828,Danaus erippus,Southern Monarch,Animalia,Arthropoda,Insecta,Lepidoptera,Nymphalidae,Danaus,erippus,01828_Animalia_Arthropoda_Insecta_Lepidoptera_Nymphalidae_Danaus_erippus
590,1837,Doleschallia bisaltide,Autumn Leaf,Animalia,Arthropoda,Insecta,Lepidoptera,Nymphalidae,Doleschallia,bisaltide,01837_Animalia_Arthropoda_Insecta_Lepidoptera_Nymphalidae_Doleschallia_bisaltide
591,1842,Dynamine postverta,Mexican Sailor,Animalia,Arthropoda,Insecta,Lepidoptera,Nymphalidae,Dynamine,postverta,01842_Animalia_Arthropoda_Insecta_Lepidoptera_Nymphalidae_Dynamine_postverta
592,1864,Hamadryas amphinome,Red Cracker,Animalia,Arthropoda,Insecta,Lepidoptera,Nymphalidae,Hamadryas,amphinome,01864_Animalia_Arthropoda_Insecta_Lepidoptera_Nymphalidae_Hamadryas_amphinome
593,1872,Hestina assimilis,Red Ring Skirt,Animalia,Arthropoda,Insecta,Lepidoptera,Nymphalidae,Hestina,assimilis,01872_Animalia_Arthropoda_Insecta_Lepidoptera_Nymphalidae_Hestina_assimilis
594,1917,Mechanitis polymnia,Polymnia Tigerwing,Animalia,Arthropoda,Insecta,Lepidoptera,Nymphalidae,Mechanitis,polymnia,01917_Animalia_Arthropoda_Insecta_Lepidoptera_Nymphalidae_Mechanitis_polymnia
595,1928,Mestra amymone,Common Mestra,Animalia,Arthropoda,Insecta,Lepidoptera,Nymphalidae,Mestra,amymone,01928_Animalia_Arthropoda_Insecta_Lepidoptera_Nymphalidae_Mestra_amymone
596,1963,Pyronia bathseba,Spanish Gatekeeper,Animalia,Arthropoda,Insecta,Lepidoptera,Nymphalidae,Pyronia,bathseba,01963_Animalia_Arthropoda_Insecta_Lepidoptera_Nymphalidae_Pyronia_bathseba
597,2055,Belenois aurota,Pioneer White,Animalia,Arthropoda,Insecta,Lepidoptera,Pieridae,Belenois,aurota,02055_Animalia_Arthropoda_Insecta_Lepidoptera_Pieridae_Belenois_aurota
598,2061,Catopsilia pyranthe,Mottled Emigrant,Animalia,Arthropoda,Insecta,Lepidoptera,Pieridae,Catopsilia,pyranthe,02061_Animalia_Arthropoda_Insecta_Lepidoptera_Pieridae_Catopsilia_pyranthe
599,2062,Cepora nerissa,Common Gull,Animalia,Arthropoda,Insecta,Lepidoptera,Pieridae,Cepora,nerissa,02062_Animalia_Arthropoda_Insecta_Lepidoptera_Pieridae_Cepora_nerissa
600,2068,Delias hyparete,Painted Jezebel,Animalia,Arthropoda,Insecta,Lepidoptera,Pieridae,Delias,hyparete,02068_Animalia_Arthropoda_Insecta_Lepidoptera_Pieridae_Delias_hyparete
601,2075,Eurema mexicana,Mexican Yellow,Animalia,Arthropoda,Insecta,Lepidoptera,Pieridae,Eurema,mexicana,02075_Animalia_Arthropoda_Insecta_Lepidoptera_Pieridae_Eurema_mexicana
602,2091,Phoebis sennae,Cloudless Sulphur,Animalia,Arthropoda,Insecta,Lepidoptera,Pieridae,Phoebis,sennae,02091_Animalia_Arthropoda_Insecta_Lepidoptera_Pieridae_Phoebis_sennae
603,2119,Endotricha flammealis,Rosy Tabby,Animalia,Arthropoda,Insecta,Lepidoptera,Pyralidae,Endotricha,flammealis,02119_Animalia_Arthropoda_Insecta_Lepidoptera_Pyralidae_Endotricha_flammealis
604,2159,Eacles imperialis,Imperial Moth,Animalia,Arthropoda,Insecta,Lepidoptera,Saturniidae,Eacles,imperialis,02159_Animalia_Arthropoda_Insecta_Lepidoptera_Saturniidae_Eacles_imperialis
605,2169,Melittia cucurbitae,Squash Vine Borer,Animalia,Arthropoda,Insecta,Lepidoptera,Sesiidae,Melittia,cucurbitae,02169_Animalia_Arthropoda_Insecta_Lepidoptera_Sesiidae_Melittia_cucurbitae
606,2172,Agrius cingulata,Pink-spotted Hawkmoth,Animalia,Arthropoda,Insecta,Lepidoptera,Sphingidae,Agrius,cingulata,02172_Animalia_Arthropoda_Insecta_Lepidoptera_Sphingidae_Agrius_cingulata
607,2281,Archimantis latistyla,Stick Mantis,Animalia,Arthropoda,Insecta,Mantodea,Mantidae,Archimantis,latistyla,02281_Animalia_Arthropoda_Insecta_Mantodea_Mantidae_Archimantis_latistyla
608,2313,Aeshna palmata,Paddle-tailed Darner,Animalia,Arthropoda,Insecta,Odonata,Aeshnidae,Aeshna,palmata,02313_Animalia_Arthropoda_Insecta_Odonata_Aeshnidae_Aeshna_palmata
609,2324,Gomphaeschna furcillata,Harlequin Darner,Animalia,Arthropoda,Insecta,Odonata,Aeshnidae,Gomphaeschna,furcillata,02324_Animalia_Arthropoda_Insecta_Odonata_Aeshnidae_Gomphaeschna_furcillata
610,2328,Rhionaeschna mutata,Spatterdock Darner,Animalia,Arthropoda,Insecta,Odonata,Aeshnidae,Rhionaeschna,mutata,02328_Animalia_Arthropoda_Insecta_Odonata_Aeshnidae_Rhionaeschna_mutata
611,2331,Calopteryx haemorrhoidalis,Copper Demoiselle,Animalia,Arthropoda,Insecta,Odonata,Calopterygidae,Calopteryx,haemorrhoidalis,02331_Animalia_Arthropoda_Insecta_Odonata_Calopterygidae_Calopteryx_haemorrhoidalis
612,2346,Argia emma,Emma's Dancer,Animalia,Arthropoda,Insecta,Odonata,Coenagrionidae,Argia,emma,02346_Animalia_Arthropoda_Insecta_Odonata_Coenagrionidae_Argia_emma
613,2379,Enallagma traviatum,North American Slender Bluet,Animalia,Arthropoda,Insecta,Odonata,Coenagrionidae,Enallagma,traviatum,02379_Animalia_Arthropoda_Insecta_Odonata_Coenagrionidae_Enallagma_traviatum
614,2389,Ischnura kellicotti,Lilypad Forktail,Animalia,Arthropoda,Insecta,Odonata,Coenagrionidae,Ischnura,kellicotti,02389_Animalia_Arthropoda_Insecta_Odonata_Coenagrionidae_Ischnura_kellicotti
615,2401,Xanthagrion erythroneurum,Red and Blue Damsel,Animalia,Arthropoda,Insecta,Odonata,Coenagrionidae,Xanthagrion,erythroneurum,02401_Animalia_Arthropoda_Insecta_Odonata_Coenagrionidae_Xanthagrion_erythroneurum
616,2403,Cordulegaster boltonii,Golden-ringed Dragonfly,Animalia,Arthropoda,Insecta,Odonata,Cordulegastridae,Cordulegaster,boltonii,02403_Animalia_Arthropoda_Insecta_Odonata_Cordulegastridae_Cordulegaster_boltonii
617,2411,Epitheca canis,Beaverpond Baskettail,Animalia,Arthropoda,Insecta,Odonata,Corduliidae,Epitheca,canis,02411_Animalia_Arthropoda_Insecta_Odonata_Corduliidae_Epitheca_canis
618,2475,Celithemis eponina,Halloween Pennant,Animalia,Arthropoda,Insecta,Odonata,Libellulidae,Celithemis,eponina,02475_Animalia_Arthropoda_Insecta_Odonata_Libellulidae_Celithemis_eponina
619,2490,Erythrodiplax basifusca,Plateau Dragonlet,Animalia,Arthropoda,Insecta,Odonata,Libellulidae,Erythrodiplax,basifusca,02490_Animalia_Arthropoda_Insecta_Odonata_Libellulidae_Erythrodiplax_basifusca
620,2504,Libellula axilena,Bar-winged Skimmer,Animalia,Arthropoda,Insecta,Odonata,Libellulidae,Libellula,axilena,02504_Animalia_Arthropoda_Insecta_Odonata_Libellulidae_Libellula_axilena
621,2518,Libellula semifasciata,Painted Skimmer,Animalia,Arthropoda,Insecta,Odonata,Libellulidae,Libellula,semifasciata,02518_Animalia_Arthropoda_Insecta_Odonata_Libellulidae_Libellula_semifasciata
622,2524,Nannothemis bella,Elfin Skimmer,Animalia,Arthropoda,Insecta,Odonata,Libellulidae,Nannothemis,bella,02524_Animalia_Arthropoda_Insecta_Odonata_Libellulidae_Nannothemis_bella
623,2555,Pseudoleon superbus,Filigree Skimmer,Animalia,Arthropoda,Insecta,Odonata,Libellulidae,Pseudoleon,superbus,02555_Animalia_Arthropoda_Insecta_Odonata_Libellulidae_Pseudoleon_superbus
624,2624,Omocestus viridulus,Common Green Grasshopper,Animalia,Arthropoda,Insecta,Orthoptera,Acrididae,Omocestus,viridulus,02624_Animalia_Arthropoda_Insecta_Orthoptera_Acrididae_Omocestus_viridulus
625,2643,Hemideina thoracica,Auckland Tree Weta,Animalia,Arthropoda,Insecta,Orthoptera,Anostostomatidae,Hemideina,thoracica,02643_Animalia_Arthropoda_Insecta_Orthoptera_Anostostomatidae_Hemideina_thoracica
626,2663,Tropidacris cristata,giant red-winged grasshopper,Animalia,Arthropoda,Insecta,Orthoptera,Romaleidae,Tropidacris,cristata,02663_Animalia_Arthropoda_Insecta_Orthoptera_Romaleidae_Tropidacris_cristata
627,2669,Conocephalus melaenus,Conocephalus melaenus,Animalia,Arthropoda,Insecta,Orthoptera,Tettigoniidae,Conocephalus,melaenus,02669_Animalia_Arthropoda_Insecta_Orthoptera_Tettigoniidae_Conocephalus_melaenus
628,2697,Cerastipsocus venosus,Tree Cattle,Animalia,Arthropoda,Insecta,Psocodea,Psocidae,Cerastipsocus,venosus,02697_Animalia_Arthropoda_Insecta_Psocodea_Psocidae_Cerastipsocus_venosus
629,2783,Culaea inconstans,Brook stickleback,Animalia,Chordata,Actinopterygii,Gasterosteiformes,Gasterosteidae,Culaea,inconstans,02783_Animalia_Chordata_Actinopterygii_Gasterosteiformes_Gasterosteidae_Culaea_inconstans
630,2801,Lepomis cyanellus,Green Sunfish,Animalia,Chordata,Actinopterygii,Perciformes,Centrarchidae,Lepomis,cyanellus,02801_Animalia_Chordata_Actinopterygii_Perciformes_Centrarchidae_Lepomis_cyanellus
631,2813,Cheilodactylus fuscus,Red Morwong,Animalia,Chordata,Actinopterygii,Perciformes,Cheilodactylidae,Cheilodactylus,fuscus,02813_Animalia_Chordata_Actinopterygii_Perciformes_Cheilodactylidae_Cheilodactylus_fuscus
632,2818,Oreochromis mossambicus,Mozambique Tilapia,Animalia,Chordata,Actinopterygii,Perciformes,Cichlidae,Oreochromis,mossambicus,02818_Animalia_Chordata_Actinopterygii_Perciformes_Cichlidae_Oreochromis_mossambicus
633,2849,Lutjanus griseus,Grey Snapper,Animalia,Chordata,Actinopterygii,Perciformes,Lutjanidae,Lutjanus,griseus,02849_Animalia_Chordata_Actinopterygii_Perciformes_Lutjanidae_Lutjanus_griseus
634,2870,Hypsypops rubicundus,Garibaldi,Animalia,Chordata,Actinopterygii,Perciformes,Pomacentridae,Hypsypops,rubicundus,02870_Animalia_Chordata_Actinopterygii_Perciformes_Pomacentridae_Hypsypops_rubicundus
635,2921,Phycodurus eques,Leafy Seadragon,Animalia,Chordata,Actinopterygii,Syngnathiformes,Syngnathidae,Phycodurus,eques,02921_Animalia_Chordata_Actinopterygii_Syngnathiformes_Syngnathidae_Phycodurus_eques
636,2942,Anaxyrus americanus,American Toad,Animalia,Chordata,Amphibia,Anura,Bufonidae,Anaxyrus,americanus,02942_Animalia_Chordata_Amphibia_Anura_Bufonidae_Anaxyrus_americanus
637,2957,Bufotes viridis,Green Toad,Animalia,Chordata,Amphibia,Anura,Bufonidae,Bufotes,viridis,02957_Animalia_Chordata_Amphibia_Anura_Bufonidae_Bufotes_viridis
638,2979,Acris blanchardi,Blanchard's Cricket Frog,Animalia,Chordata,Amphibia,Anura,Hylidae,Acris,blanchardi,02979_Animalia_Chordata_Amphibia_Anura_Hylidae_Acris_blanchardi
639,3019,Agalychnis dacnicolor,Mexican Giant Tree Frog,Animalia,Chordata,Amphibia,Anura,Phyllomedusidae,Agalychnis,dacnicolor,03019_Animalia_Chordata_Amphibia_Anura_Phyllomedusidae_Agalychnis_dacnicolor
640,3032,Lithobates septentrionalis,Mink Frog,Animalia,Chordata,Amphibia,Anura,Ranidae,Lithobates,septentrionalis,03032_Animalia_Chordata_Amphibia_Anura_Ranidae_Lithobates_septentrionalis
641,3051,Kurixalus idiootocus,Temple Tree Frog,Animalia,Chordata,Amphibia,Anura,Rhacophoridae,Kurixalus,idiootocus,03051_Animalia_Chordata_Amphibia_Anura_Rhacophoridae_Kurixalus_idiootocus
642,3056,Spea hammondii,Western Spadefoot,Animalia,Chordata,Amphibia,Anura,Scaphiopodidae,Spea,hammondii,03056_Animalia_Chordata_Amphibia_Anura_Scaphiopodidae_Spea_hammondii
643,3059,Ambystoma jeffersonianum,Jefferson Salamander,Animalia,Chordata,Amphibia,Caudata,Ambystomatidae,Ambystoma,jeffersonianum,03059_Animalia_Chordata_Amphibia_Caudata_Ambystomatidae_Ambystoma_jeffersonianum
644,3092,Plethodon dorsalis,Northern Zigzag Salamander,Animalia,Chordata,Amphibia,Caudata,Plethodontidae,Plethodon,dorsalis,03092_Animalia_Chordata_Amphibia_Caudata_Plethodontidae_Plethodon_dorsalis
645,3111,Accipiter badius,Shikra,Animalia,Chordata,Aves,Accipitriformes,Accipitridae,Accipiter,badius,03111_Animalia_Chordata_Aves_Accipitriformes_Accipitridae_Accipiter_badius
646,3129,Buteo lineatus,Red-shouldered Hawk,Animalia,Chordata,Aves,Accipitriformes,Accipitridae,Buteo,lineatus,03129_Animalia_Chordata_Aves_Accipitriformes_Accipitridae_Buteo_lineatus
647,3146,Circus macrourus,Pale Harrier,Animalia,Chordata,Aves,Accipitriformes,Accipitridae,Circus,macrourus,03146_Animalia_Chordata_Aves_Accipitriformes_Accipitridae_Circus_macrourus
648,3158,Gyps africanus,White-backed Vulture,Animalia,Chordata,Aves,Accipitriformes,Accipitridae,Gyps,africanus,03158_Animalia_Chordata_Aves_Accipitriformes_Accipitridae_Gyps_africanus
649,3163,Haliaeetus vocifer,African Fish Eagle,Animalia,Chordata,Aves,Accipitriformes,Accipitridae,Haliaeetus,vocifer,03163_Animalia_Chordata_Aves_Accipitriformes_Accipitridae_Haliaeetus_vocifer
650,3169,Lophaetus occipitalis,Long-crested Eagle,Animalia,Chordata,Aves,Accipitriformes,Accipitridae,Lophaetus,occipitalis,03169_Animalia_Chordata_Aves_Accipitriformes_Accipitridae_Lophaetus_occipitalis
651,3201,Anas platyrhynchos,Mallard,Animalia,Chordata,Aves,Anseriformes,Anatidae,Anas,platyrhynchos,03201_Animalia_Chordata_Aves_Anseriformes_Anatidae_Anas_platyrhynchos
652,3221,Aythya marila,Greater Scaup,Animalia,Chordata,Aves,Anseriformes,Anatidae,Aythya,marila,03221_Animalia_Chordata_Aves_Anseriformes_Anatidae_Aythya_marila
653,3234,Cereopsis novaehollandiae,Cape Barren Goose,Animalia,Chordata,Aves,Anseriformes,Anatidae,Cereopsis,novaehollandiae,03234_Animalia_Chordata_Aves_Anseriformes_Anatidae_Cereopsis_novaehollandiae
654,3243,Cygnus melancoryphus,Black-necked Swan,Animalia,Chordata,Aves,Anseriformes,Anatidae,Cygnus,melancoryphus,03243_Animalia_Chordata_Aves_Anseriformes_Anatidae_Cygnus_melancoryphus
655,3256,Melanitta americana,Black Scoter,Animalia,Chordata,Aves,Anseriformes,Anatidae,Melanitta,americana,03256_Animalia_Chordata_Aves_Anseriformes_Anatidae_Melanitta_americana
656,3284,Phoeniculus purpureus,Green Wood Hoopoe,Animalia,Chordata,Aves,Bucerotiformes,Phoeniculidae,Phoeniculus,purpureus,03284_Animalia_Chordata_Aves_Bucerotiformes_Phoeniculidae_Phoeniculus_purpureus
657,3331,Cathartes aura,Turkey Vulture,Animalia,Chordata,Aves,Cathartiformes,Cathartidae,Cathartes,aura,03331_Animalia_Chordata_Aves_Cathartiformes_Cathartidae_Cathartes_aura
658,3381,Haematopus fuliginosus,Sooty Oystercatcher,Animalia,Chordata,Aves,Charadriiformes,Haematopodidae,Haematopus,fuliginosus,03381_Animalia_Chordata_Aves_Charadriiformes_Haematopodidae_Haematopus_fuliginosus
659,3454,Calidris alpina,Dunlin,Animalia,Chordata,Aves,Charadriiformes,Scolopacidae,Calidris,alpina,03454_Animalia_Chordata_Aves_Charadriiformes_Scolopacidae_Calidris_alpina
660,3473,Limnodromus griseus,Short-billed Dowitcher,Animalia,Chordata,Aves,Charadriiformes,Scolopacidae,Limnodromus,griseus,03473_Animalia_Chordata_Aves_Charadriiformes_Scolopacidae_Limnodromus_griseus
661,3496,Tringa solitaria,Solitary Sandpiper,Animalia,Chordata,Aves,Charadriiformes,Scolopacidae,Tringa,solitaria,03496_Animalia_Chordata_Aves_Charadriiformes_Scolopacidae_Tringa_solitaria
662,3497,Tringa stagnatilis,Marsh Sandpiper,Animalia,Chordata,Aves,Charadriiformes,Scolopacidae,Tringa,stagnatilis,03497_Animalia_Chordata_Aves_Charadriiformes_Scolopacidae_Tringa_stagnatilis
663,3505,Ciconia nigra,Black Stork,Animalia,Chordata,Aves,Ciconiiformes,Ciconiidae,Ciconia,nigra,03505_Animalia_Chordata_Aves_Ciconiiformes_Ciconiidae_Ciconia_nigra
664,3516,Columba palumbus,Wood Pigeon,Animalia,Chordata,Aves,Columbiformes,Columbidae,Columba,palumbus,03516_Animalia_Chordata_Aves_Columbiformes_Columbidae_Columba_palumbus
665,3520,Columbina talpacoti,Ruddy Ground-Dove,Animalia,Chordata,Aves,Columbiformes,Columbidae,Columbina,talpacoti,03520_Animalia_Chordata_Aves_Columbiformes_Columbidae_Columbina_talpacoti
666,3527,Patagioenas cayennensis,Pale-vented Pigeon,Animalia,Chordata,Aves,Columbiformes,Columbidae,Patagioenas,cayennensis,03527_Animalia_Chordata_Aves_Columbiformes_Columbidae_Patagioenas_cayennensis
667,3531,Patagioenas maculosa,Spot-winged Pigeon,Animalia,Chordata,Aves,Columbiformes,Columbidae,Patagioenas,maculosa,03531_Animalia_Chordata_Aves_Columbiformes_Columbidae_Patagioenas_maculosa
668,3534,Streptopelia capicola,Cape Turtle Dove,Animalia,Chordata,Aves,Columbiformes,Columbidae,Streptopelia,capicola,03534_Animalia_Chordata_Aves_Columbiformes_Columbidae_Streptopelia_capicola
669,3549,Ceryle rudis,Pied Kingfisher,Animalia,Chordata,Aves,Coraciiformes,Alcedinidae,Ceryle,rudis,03549_Animalia_Chordata_Aves_Coraciiformes_Alcedinidae_Ceryle_rudis
670,3553,Dacelo novaeguineae,Laughing Kookaburra,Animalia,Chordata,Aves,Coraciiformes,Alcedinidae,Dacelo,novaeguineae,03553_Animalia_Chordata_Aves_Coraciiformes_Alcedinidae_Dacelo_novaeguineae
671,3562,Todiramphus macleayii,Forest Kingfisher,Animalia,Chordata,Aves,Coraciiformes,Alcedinidae,Todiramphus,macleayii,03562_Animalia_Chordata_Aves_Coraciiformes_Alcedinidae_Todiramphus_macleayii
672,3576,Momotus aequatorialis,Andean Motmot,Animalia,Chordata,Aves,Coraciiformes,Momotidae,Momotus,aequatorialis,03576_Animalia_Chordata_Aves_Coraciiformes_Momotidae_Momotus_aequatorialis
673,3601,Falco peregrinus,Peregrine Falcon,Animalia,Chordata,Aves,Falconiformes,Falconidae,Falco,peregrinus,03601_Animalia_Chordata_Aves_Falconiformes_Falconidae_Falco_peregrinus
674,3631,Francolinus pondicerianus,Gray Francolin,Animalia,Chordata,Aves,Galliformes,Phasianidae,Francolinus,pondicerianus,03631_Animalia_Chordata_Aves_Galliformes_Phasianidae_Francolinus_pondicerianus
675,3651,Grus grus,Common Crane,Animalia,Chordata,Aves,Gruiformes,Gruidae,Grus,grus,03651_Animalia_Chordata_Aves_Gruiformes_Gruidae_Grus_grus
676,3675,Opisthocomus hoazin,Hoatzin,Animalia,Chordata,Aves,Opisthocomiformes,Opisthocomidae,Opisthocomus,hoazin,03675_Animalia_Chordata_Aves_Opisthocomiformes_Opisthocomidae_Opisthocomus_hoazin
677,3691,Alauda arvensis,Skylark,Animalia,Chordata,Aves,Passeriformes,Alaudidae,Alauda,arvensis,03691_Animalia_Chordata_Aves_Passeriformes_Alaudidae_Alauda_arvensis
678,3694,Lullula arborea,Woodlark,Animalia,Chordata,Aves,Passeriformes,Alaudidae,Lullula,arborea,03694_Animalia_Chordata_Aves_Passeriformes_Alaudidae_Lullula_arborea
679,3753,Corvus corone,Carrion Crow,Animalia,Chordata,Aves,Passeriformes,Corvidae,Corvus,corone,03753_Animalia_Chordata_Aves_Passeriformes_Corvidae_Corvus_corone
680,3765,Cyanocorax yucatanicus,Yucatán Jay,Animalia,Chordata,Aves,Passeriformes,Corvidae,Cyanocorax,yucatanicus,03765_Animalia_Chordata_Aves_Passeriformes_Corvidae_Cyanocorax_yucatanicus
681,3784,Dicrurus leucophaeus,Ashy Drongo,Animalia,Chordata,Aves,Passeriformes,Dicruridae,Dicrurus,leucophaeus,03784_Animalia_Chordata_Aves_Passeriformes_Dicruridae_Dicrurus_leucophaeus
682,3790,Emberiza citrinella,Yellowhammer,Animalia,Chordata,Aves,Passeriformes,Emberizidae,Emberiza,citrinella,03790_Animalia_Chordata_Aves_Passeriformes_Emberizidae_Emberiza_citrinella
683,3811,Carpodacus sibiricus,Long-tailed Rosefinch,Animalia,Chordata,Aves,Passeriformes,Fringillidae,Carpodacus,sibiricus,03811_Animalia_Chordata_Aves_Passeriformes_Fringillidae_Carpodacus_sibiricus
684,3831,Pyrrhula pyrrhula,Eurasian Bullfinch,Animalia,Chordata,Aves,Passeriformes,Fringillidae,Pyrrhula,pyrrhula,03831_Animalia_Chordata_Aves_Passeriformes_Fringillidae_Pyrrhula_pyrrhula
685,3835,Spinus pinus,Pine Siskin,Animalia,Chordata,Aves,Passeriformes,Fringillidae,Spinus,pinus,03835_Animalia_Chordata_Aves_Passeriformes_Fringillidae_Spinus_pinus
686,3853,Petrochelidon pyrrhonota,Cliff Swallow,Animalia,Chordata,Aves,Passeriformes,Hirundinidae,Petrochelidon,pyrrhonota,03853_Animalia_Chordata_Aves_Passeriformes_Hirundinidae_Petrochelidon_pyrrhonota
687,3857,Ptyonoprogne rupestris,Eurasian Crag Martin,Animalia,Chordata,Aves,Passeriformes,Hirundinidae,Ptyonoprogne,rupestris,03857_Animalia_Chordata_Aves_Passeriformes_Hirundinidae_Ptyonoprogne_rupestris
688,3875,Euphagus cyanocephalus,Brewer's Blackbird,Animalia,Chordata,Aves,Passeriformes,Icteridae,Euphagus,cyanocephalus,03875_Animalia_Chordata_Aves_Passeriformes_Icteridae_Euphagus_cyanocephalus
689,3878,Icterus chrysater,Yellow-backed Oriole,Animalia,Chordata,Aves,Passeriformes,Icteridae,Icterus,chrysater,03878_Animalia_Chordata_Aves_Passeriformes_Icteridae_Icterus_chrysater
690,3929,Gavicalis virescens,Singing Honeyeater,Animalia,Chordata,Aves,Passeriformes,Meliphagidae,Gavicalis,virescens,03929_Animalia_Chordata_Aves_Passeriformes_Meliphagidae_Gavicalis_virescens
691,3957,Anthus cinnamomeus,Grassveld Pipit,Animalia,Chordata,Aves,Passeriformes,Motacillidae,Anthus,cinnamomeus,03957_Animalia_Chordata_Aves_Passeriformes_Motacillidae_Anthus_cinnamomeus
692,3967,Motacilla aguimp,African Pied Wagtail,Animalia,Chordata,Aves,Passeriformes,Motacillidae,Motacilla,aguimp,03967_Animalia_Chordata_Aves_Passeriformes_Motacillidae_Motacilla_aguimp
693,3970,Motacilla cinerea,Grey Wagtail,Animalia,Chordata,Aves,Passeriformes,Motacillidae,Motacilla,cinerea,03970_Animalia_Chordata_Aves_Passeriformes_Motacillidae_Motacilla_cinerea
694,3973,Motacilla tschutschensis,Eastern Yellow Wagtail,Animalia,Chordata,Aves,Passeriformes,Motacillidae,Motacilla,tschutschensis,03973_Animalia_Chordata_Aves_Passeriformes_Motacillidae_Motacilla_tschutschensis
695,3996,Saxicola caprata,Pied Bushchat,Animalia,Chordata,Aves,Passeriformes,Muscicapidae,Saxicola,caprata,03996_Animalia_Chordata_Aves_Passeriformes_Muscicapidae_Saxicola_caprata
696,4002,Aethopyga siparaja,Crimson Sunbird,Animalia,Chordata,Aves,Passeriformes,Nectariniidae,Aethopyga,siparaja,04002_Animalia_Chordata_Aves_Passeriformes_Nectariniidae_Aethopyga_siparaja
697,4030,Baeolophus wollweberi,Bridled Titmouse,Animalia,Chordata,Aves,Passeriformes,Paridae,Baeolophus,wollweberi,04030_Animalia_Chordata_Aves_Passeriformes_Paridae_Baeolophus_wollweberi
698,4088,Setophaga virens,Black-throated Green Warbler,Animalia,Chordata,Aves,Passeriformes,Parulidae,Setophaga,virens,04088_Animalia_Chordata_Aves_Passeriformes_Parulidae_Setophaga_virens
699,4103,Junco hyemalis,Dark-eyed Junco,Animalia,Chordata,Aves,Passeriformes,Passerellidae,Junco,hyemalis,04103_Animalia_Chordata_Aves_Passeriformes_Passerellidae_Junco_hyemalis
700,4134,Passer hispaniolensis,Spanish Sparrow,Animalia,Chordata,Aves,Passeriformes,Passeridae,Passer,hispaniolensis,04134_Animalia_Chordata_Aves_Passeriformes_Passeridae_Passer_hispaniolensis
701,4147,Amblyospiza albifrons,Grosbeak Weaver,Animalia,Chordata,Aves,Passeriformes,Ploceidae,Amblyospiza,albifrons,04147_Animalia_Chordata_Aves_Passeriformes_Ploceidae_Amblyospiza_albifrons
702,4188,Sitta europaea,Eurasian Nuthatch,Animalia,Chordata,Aves,Passeriformes,Sittidae,Sitta,europaea,04188_Animalia_Chordata_Aves_Passeriformes_Sittidae_Sitta_europaea
703,4226,Saltator atriceps,Black-headed Saltator,Animalia,Chordata,Aves,Passeriformes,Thraupidae,Saltator,atriceps,04226_Animalia_Chordata_Aves_Passeriformes_Thraupidae_Saltator_atriceps
704,4269,Catharus ustulatus,Swainson's Thrush,Animalia,Chordata,Aves,Passeriformes,Turdidae,Catharus,ustulatus,04269_Animalia_Chordata_Aves_Passeriformes_Turdidae_Catharus_ustulatus
705,4319,Myiozetetes cayanensis,Rusty-margined Flycatcher,Animalia,Chordata,Aves,Passeriformes,Tyrannidae,Myiozetetes,cayanensis,04319_Animalia_Chordata_Aves_Passeriformes_Tyrannidae_Myiozetetes_cayanensis
706,4324,Sayornis phoebe,Eastern Phoebe,Animalia,Chordata,Aves,Passeriformes,Tyrannidae,Sayornis,phoebe,04324_Animalia_Chordata_Aves_Passeriformes_Tyrannidae_Sayornis_phoebe
707,4335,Tyrannus verticalis,Western Kingbird,Animalia,Chordata,Aves,Passeriformes,Tyrannidae,Tyrannus,verticalis,04335_Animalia_Chordata_Aves_Passeriformes_Tyrannidae_Tyrannus_verticalis
708,4348,Vireo plumbeus,Plumbeous Vireo,Animalia,Chordata,Aves,Passeriformes,Vireonidae,Vireo,plumbeus,04348_Animalia_Chordata_Aves_Passeriformes_Vireonidae_Vireo_plumbeus
709,4354,Zosterops virens,Cape White-eye,Animalia,Chordata,Aves,Passeriformes,Zosteropidae,Zosterops,virens,04354_Animalia_Chordata_Aves_Passeriformes_Zosteropidae_Zosterops_virens
710,4411,Theristicus melanopis,Black-faced Ibis,Animalia,Chordata,Aves,Pelecaniformes,Threskiornithidae,Theristicus,melanopis,04411_Animalia_Chordata_Aves_Pelecaniformes_Threskiornithidae_Theristicus_melanopis
711,4413,Threskiornis melanocephalus,Black-headed Ibis,Animalia,Chordata,Aves,Pelecaniformes,Threskiornithidae,Threskiornis,melanocephalus,04413_Animalia_Chordata_Aves_Pelecaniformes_Threskiornithidae_Threskiornis_melanocephalus
712,4431,Colaptes punctigula,Spot-breasted Woodpecker,Animalia,Chordata,Aves,Piciformes,Picidae,Colaptes,punctigula,04431_Animalia_Chordata_Aves_Piciformes_Picidae_Colaptes_punctigula
713,4448,Jynx torquilla,Eurasian Wryneck,Animalia,Chordata,Aves,Piciformes,Picidae,Jynx,torquilla,04448_Animalia_Chordata_Aves_Piciformes_Picidae_Jynx_torquilla
714,4453,Melanerpes formicivorus,Acorn Woodpecker,Animalia,Chordata,Aves,Piciformes,Picidae,Melanerpes,formicivorus,04453_Animalia_Chordata_Aves_Piciformes_Picidae_Melanerpes_formicivorus
715,4460,Picoides dorsalis,American Three-toed Woodpecker,Animalia,Chordata,Aves,Piciformes,Picidae,Picoides,dorsalis,04460_Animalia_Chordata_Aves_Piciformes_Picidae_Picoides_dorsalis
716,4473,Aechmophorus clarkii,Clark's Grebe,Animalia,Chordata,Aves,Podicipediformes,Podicipedidae,Aechmophorus,clarkii,04473_Animalia_Chordata_Aves_Podicipediformes_Podicipedidae_Aechmophorus_clarkii
717,4475,Podiceps auritus,Horned Grebe,Animalia,Chordata,Aves,Podicipediformes,Podicipedidae,Podiceps,auritus,04475_Animalia_Chordata_Aves_Podicipediformes_Podicipedidae_Podiceps_auritus
718,4479,Podiceps nigricollis,Eared Grebe,Animalia,Chordata,Aves,Podicipediformes,Podicipedidae,Podiceps,nigricollis,04479_Animalia_Chordata_Aves_Podicipediformes_Podicipedidae_Podiceps_nigricollis
719,4490,Ardenna grisea,Sooty Shearwater,Animalia,Chordata,Aves,Procellariiformes,Procellariidae,Ardenna,grisea,04490_Animalia_Chordata_Aves_Procellariiformes_Procellariidae_Ardenna_grisea
720,4508,Aratinga nenday,Nanday Parakeet,Animalia,Chordata,Aves,Psittaciformes,Psittacidae,Aratinga,nenday,04508_Animalia_Chordata_Aves_Psittaciformes_Psittacidae_Aratinga_nenday
721,4539,Spheniscus magellanicus,Magellanic Penguin,Animalia,Chordata,Aves,Sphenisciformes,Spheniscidae,Spheniscus,magellanicus,04539_Animalia_Chordata_Aves_Sphenisciformes_Spheniscidae_Spheniscus_magellanicus
722,4574,Phalacrocorax auritus,Double-crested Cormorant,Animalia,Chordata,Aves,Suliformes,Phalacrocoracidae,Phalacrocorax,auritus,04574_Animalia_Chordata_Aves_Suliformes_Phalacrocoracidae_Phalacrocorax_auritus
723,4577,Phalacrocorax carbo,Great Cormorant,Animalia,Chordata,Aves,Suliformes,Phalacrocoracidae,Phalacrocorax,carbo,04577_Animalia_Chordata_Aves_Suliformes_Phalacrocoracidae_Phalacrocorax_carbo
724,4625,Connochaetes taurinus,Blue Wildebeest,Animalia,Chordata,Mammalia,Artiodactyla,Bovidae,Connochaetes,taurinus,04625_Animalia_Chordata_Mammalia_Artiodactyla_Bovidae_Connochaetes_taurinus
725,4634,Ovis aries,Domestic Sheep,Animalia,Chordata,Mammalia,Artiodactyla,Bovidae,Ovis,aries,04634_Animalia_Chordata_Mammalia_Artiodactyla_Bovidae_Ovis_aries
726,4646,Alces alces,Elk,Animalia,Chordata,Mammalia,Artiodactyla,Cervidae,Alces,alces,04646_Animalia_Chordata_Mammalia_Artiodactyla_Cervidae_Alces_alces
727,4698,Mustela erminea,Stoat,Animalia,Chordata,Mammalia,Carnivora,Mustelidae,Mustela,erminea,04698_Animalia_Chordata_Mammalia_Carnivora_Mustelidae_Mustela_erminea
728,4712,Mirounga angustirostris,Northern Elephant Seal,Animalia,Chordata,Mammalia,Carnivora,Phocidae,Mirounga,angustirostris,04712_Animalia_Chordata_Mammalia_Carnivora_Phocidae_Mirounga_angustirostris
729,4740,Wallabia bicolor,Swamp Wallaby,Animalia,Chordata,Mammalia,Diprotodontia,Macropodidae,Wallabia,bicolor,04740_Animalia_Chordata_Mammalia_Diprotodontia_Macropodidae_Wallabia_bicolor
730,4758,Sylvilagus aquaticus,Swamp Rabbit,Animalia,Chordata,Mammalia,Lagomorpha,Leporidae,Sylvilagus,aquaticus,04758_Animalia_Chordata_Mammalia_Lagomorpha_Leporidae_Sylvilagus_aquaticus
731,4781,Cebus capucinus,White-throated Capuchin,Animalia,Chordata,Mammalia,Primates,Cebidae,Cebus,capucinus,04781_Animalia_Chordata_Mammalia_Primates_Cebidae_Cebus_capucinus
732,4804,Peromyscus leucopus,White-footed Mouse,Animalia,Chordata,Mammalia,Rodentia,Cricetidae,Peromyscus,leucopus,04804_Animalia_Chordata_Mammalia_Rodentia_Cricetidae_Peromyscus_leucopus
733,4868,Agama picticauda,African Redhead Agama,Animalia,Chordata,Reptilia,Squamata,Agamidae,Agama,picticauda,04868_Animalia_Chordata_Reptilia_Squamata_Agamidae_Agama_picticauda
734,4880,Barisia imbricata,Transvolcanic Alligator Lizard,Animalia,Chordata,Reptilia,Squamata,Anguidae,Barisia,imbricata,04880_Animalia_Chordata_Reptilia_Squamata_Anguidae_Barisia_imbricata
735,4891,Bradypodion damaranum,Knysna Dwarf Chameleon,Animalia,Chordata,Reptilia,Squamata,Chamaeleonidae,Bradypodion,damaranum,04891_Animalia_Chordata_Reptilia_Squamata_Chamaeleonidae_Bradypodion_damaranum
736,4915,Hypsiglena jani,Chihuahuan Nightsnake,Animalia,Chordata,Reptilia,Squamata,Colubridae,Hypsiglena,jani,04915_Animalia_Chordata_Reptilia_Squamata_Colubridae_Hypsiglena_jani
737,4920,Lampropeltis gentilis,Western Milksnake,Animalia,Chordata,Reptilia,Squamata,Colubridae,Lampropeltis,gentilis,04920_Animalia_Chordata_Reptilia_Squamata_Colubridae_Lampropeltis_gentilis
738,4944,Opheodrys vernalis,Smooth Greensnake,Animalia,Chordata,Reptilia,Squamata,Colubridae,Opheodrys,vernalis,04944_Animalia_Chordata_Reptilia_Squamata_Colubridae_Opheodrys_vernalis
739,4947,Pantherophis emoryi,Great Plains Ratsnake,Animalia,Chordata,Reptilia,Squamata,Colubridae,Pantherophis,emoryi,04947_Animalia_Chordata_Reptilia_Squamata_Colubridae_Pantherophis_emoryi
740,4950,Pantherophis spiloides,Gray Ratsnake,Animalia,Chordata,Reptilia,Squamata,Colubridae,Pantherophis,spiloides,04950_Animalia_Chordata_Reptilia_Squamata_Colubridae_Pantherophis_spiloides
741,4960,Sonora semiannulata,Western Groundsnake,Animalia,Chordata,Reptilia,Squamata,Colubridae,Sonora,semiannulata,04960_Animalia_Chordata_Reptilia_Squamata_Colubridae_Sonora_semiannulata
742,4980,Basiliscus plumifrons,Green Basilisk,Animalia,Chordata,Reptilia,Squamata,Corytophanidae,Basiliscus,plumifrons,04980_Animalia_Chordata_Reptilia_Squamata_Corytophanidae_Basiliscus_plumifrons
743,5020,Lacerta viridis,Green Lizard,Animalia,Chordata,Reptilia,Squamata,Lacertidae,Lacerta,viridis,05020_Animalia_Chordata_Reptilia_Squamata_Lacertidae_Lacerta_viridis
744,5046,Sceloporus cowlesi,Southwestern Fence Lizard,Animalia,Chordata,Reptilia,Squamata,Phrynosomatidae,Sceloporus,cowlesi,05046_Animalia_Chordata_Reptilia_Squamata_Phrynosomatidae_Sceloporus_cowlesi
745,5070,Eulamprus quoyii,Eastern Water Skink,Animalia,Chordata,Reptilia,Squamata,Scincidae,Eulamprus,quoyii,05070_Animalia_Chordata_Reptilia_Squamata_Scincidae_Eulamprus_quoyii
746,5115,Crotalus cerastes,Sidewinder,Animalia,Chordata,Reptilia,Squamata,Viperidae,Crotalus,cerastes,05115_Animalia_Chordata_Reptilia_Squamata_Viperidae_Crotalus_cerastes
747,5140,Emys orbicularis,European Pond Turtle,Animalia,Chordata,Reptilia,Testudines,Emydidae,Emys,orbicularis,05140_Animalia_Chordata_Reptilia_Testudines_Emydidae_Emys_orbicularis
748,5199,Coscinasterias muricata,Eleven-armed Seastar,Animalia,Echinodermata,Asteroidea,Forcipulatida,Asteriidae,Coscinasterias,muricata,05199_Animalia_Echinodermata_Asteroidea_Forcipulatida_Asteriidae_Coscinasterias_muricata
749,5205,Patiria miniata,Bat Star,Animalia,Echinodermata,Asteroidea,Valvatida,Asterinidae,Patiria,miniata,05205_Animalia_Echinodermata_Asteroidea_Valvatida_Asterinidae_Patiria_miniata
750,5212,Strongylocentrotus droebachiensis,Green Sea Urchin,Animalia,Echinodermata,Echinoidea,Camarodonta,Strongylocentrotidae,Strongylocentrotus,droebachiensis,05212_Animalia_Echinodermata_Echinoidea_Camarodonta_Strongylocentrotidae_Strongylocentrotus_droebachiensis
751,5213,Strongylocentrotus purpuratus,Pacific Purple Sea Urchin,Animalia,Echinodermata,Echinoidea,Camarodonta,Strongylocentrotidae,Strongylocentrotus,purpuratus,05213_Animalia_Echinodermata_Echinoidea_Camarodonta_Strongylocentrotidae_Strongylocentrotus_purpuratus
752,5223,Donax gouldii,Gould Beanclam,Animalia,Mollusca,Bivalvia,Cardiida,Donacidae,Donax,gouldii,05223_Animalia_Mollusca_Bivalvia_Cardiida_Donacidae_Donax_gouldii
753,5242,Elliptio complanata,Eastern Elliptio,Animalia,Mollusca,Bivalvia,Unionida,Unionidae,Elliptio,complanata,05242_Animalia_Mollusca_Bivalvia_Unionida_Unionidae_Elliptio_complanata
754,5261,Navanax inermis,California Aglaja,Animalia,Mollusca,Gastropoda,Cephalaspidea,Aglajidae,Navanax,inermis,05261_Animalia_Mollusca_Gastropoda_Cephalaspidea_Aglajidae_Navanax_inermis
755,5299,Doriprismatica atromarginata,Black-margined Nudibranch,Animalia,Mollusca,Gastropoda,Nudibranchia,Chromodorididae,Doriprismatica,atromarginata,05299_Animalia_Mollusca_Gastropoda_Nudibranchia_Chromodorididae_Doriprismatica_atromarginata
756,5317,Hermissenda crassicornis,Thick-horned Nudibranch,Animalia,Mollusca,Gastropoda,Nudibranchia,Myrrhinidae,Hermissenda,crassicornis,05317_Animalia_Mollusca_Gastropoda_Nudibranchia_Myrrhinidae_Hermissenda_crassicornis
757,5364,Euglandina rosea,Rosy Wolfsnail,Animalia,Mollusca,Gastropoda,Stylommatophora,Spiraxidae,Euglandina,rosea,05364_Animalia_Mollusca_Gastropoda_Stylommatophora_Spiraxidae_Euglandina_rosea
758,5405,Protoparmeliopsis muralis,Stonewall Rim Lichen,Fungi,Ascomycota,Lecanoromycetes,Lecanorales,Lecanoraceae,Protoparmeliopsis,muralis,05405_Fungi_Ascomycota_Lecanoromycetes_Lecanorales_Lecanoraceae_Protoparmeliopsis_muralis
759,5423,Ramalina celastri,cartilage lichen,Fungi,Ascomycota,Lecanoromycetes,Lecanorales,Ramalinaceae,Ramalina,celastri,05423_Fungi_Ascomycota_Lecanoromycetes_Lecanorales_Ramalinaceae_Ramalina_celastri
760,5424,Ramalina farinacea,Farinose Cartilage Lichen,Fungi,Ascomycota,Lecanoromycetes,Lecanorales,Ramalinaceae,Ramalina,farinacea,05424_Fungi_Ascomycota_Lecanoromycetes_Lecanorales_Ramalinaceae_Ramalina_farinacea
761,5520,Hygrocybe flavescens,Golden Waxy Cap,Fungi,Basidiomycota,Agaricomycetes,Agaricales,Hygrophoraceae,Hygrocybe,flavescens,05520_Fungi_Basidiomycota_Agaricomycetes_Agaricales_Hygrophoraceae_Hygrocybe_flavescens
762,5530,Marasmius plicatulus,red pinwheel,Fungi,Basidiomycota,Agaricomycetes,Agaricales,Marasmiaceae,Marasmius,plicatulus,05530_Fungi_Basidiomycota_Agaricomycetes_Agaricales_Marasmiaceae_Marasmius_plicatulus
763,5576,Agrocybe praecox,Spring Fieldcap,Fungi,Basidiomycota,Agaricomycetes,Agaricales,Strophariaceae,Agrocybe,praecox,05576_Fungi_Basidiomycota_Agaricomycetes_Agaricales_Strophariaceae_Agrocybe_praecox
764,5590,Tubaria furfuracea,totally tedious tubaria,Fungi,Basidiomycota,Agaricomycetes,Agaricales,Tubariaceae,Tubaria,furfuracea,05590_Fungi_Basidiomycota_Agaricomycetes_Agaricales_Tubariaceae_Tubaria_furfuracea
765,5605,Strobilomyces strobilaceus,Old-man-of-the-woods,Fungi,Basidiomycota,Agaricomycetes,Boletales,Boletaceae,Strobilomyces,strobilaceus,05605_Fungi_Basidiomycota_Agaricomycetes_Boletales_Boletaceae_Strobilomyces_strobilaceus
766,5613,Scleroderma citrinum,common earthball,Fungi,Basidiomycota,Agaricomycetes,Boletales,Sclerodermataceae,Scleroderma,citrinum,05613_Fungi_Basidiomycota_Agaricomycetes_Boletales_Sclerodermataceae_Scleroderma_citrinum
767,5627,Clavulina coralloides,White Coral Fungus,Fungi,Basidiomycota,Agaricomycetes,Cantharellales,Clavulinaceae,Clavulina,coralloides,05627_Fungi_Basidiomycota_Agaricomycetes_Cantharellales_Clavulinaceae_Clavulina_coralloides
768,5628,Clavulina rugosa,Wrinkled Club,Fungi,Basidiomycota,Agaricomycetes,Cantharellales,Clavulinaceae,Clavulina,rugosa,05628_Fungi_Basidiomycota_Agaricomycetes_Cantharellales_Clavulinaceae_Clavulina_rugosa
769,5665,Meripilus giganteus,Giant Polypore,Fungi,Basidiomycota,Agaricomycetes,Polyporales,Meripilaceae,Meripilus,giganteus,05665_Fungi_Basidiomycota_Agaricomycetes_Polyporales_Meripilaceae_Meripilus_giganteus
770,5670,Phlebia incarnata,Coral-pink Merulius,Fungi,Basidiomycota,Agaricomycetes,Polyporales,Meruliaceae,Phlebia,incarnata,05670_Fungi_Basidiomycota_Agaricomycetes_Polyporales_Meruliaceae_Phlebia_incarnata
771,5684,Lentinus arcularius,Spring Polypore,Fungi,Basidiomycota,Agaricomycetes,Polyporales,Polyporaceae,Lentinus,arcularius,05684_Fungi_Basidiomycota_Agaricomycetes_Polyporales_Polyporaceae_Lentinus_arcularius
772,5693,Trametes hirsuta,Hairy Bracket,Fungi,Basidiomycota,Agaricomycetes,Polyporales,Polyporaceae,Trametes,hirsuta,05693_Fungi_Basidiomycota_Agaricomycetes_Polyporales_Polyporaceae_Trametes_hirsuta
773,5704,Lactarius deliciosus,saffron milkcap,Fungi,Basidiomycota,Agaricomycetes,Russulales,Russulaceae,Lactarius,deliciosus,05704_Fungi_Basidiomycota_Agaricomycetes_Russulales_Russulaceae_Lactarius_deliciosus
774,5744,Kindbergia oregana,Oregon Beaked Moss,Plantae,Bryophyta,Bryopsida,Hypnales,Brachytheciaceae,Kindbergia,oregana,05744_Plantae_Bryophyta_Bryopsida_Hypnales_Brachytheciaceae_Kindbergia_oregana
775,5746,Pleurozium schreberi,Red-stemmed Feather Moss,Plantae,Bryophyta,Bryopsida,Hypnales,Hylocomiaceae,Pleurozium,schreberi,05746_Plantae_Bryophyta_Bryopsida_Hypnales_Hylocomiaceae_Pleurozium_schreberi
776,5772,Conocephalum salebrosum,cat-tongue liverwort,Plantae,Marchantiophyta,Marchantiopsida,Marchantiales,Conocephalaceae,Conocephalum,salebrosum,05772_Plantae_Marchantiophyta_Marchantiopsida_Marchantiales_Conocephalaceae_Conocephalum_salebrosum
777,5787,Alisma triviale,Northern Water Plantain,Plantae,Tracheophyta,Liliopsida,Alismatales,Alismataceae,Alisma,triviale,05787_Plantae_Tracheophyta_Liliopsida_Alismatales_Alismataceae_Alisma_triviale
778,5803,Orontium aquaticum,Golden Club,Plantae,Tracheophyta,Liliopsida,Alismatales,Araceae,Orontium,aquaticum,05803_Plantae_Tracheophyta_Liliopsida_Alismatales_Araceae_Orontium_aquaticum
779,5813,Stratiotes aloides,Water-soldier,Plantae,Tracheophyta,Liliopsida,Alismatales,Hydrocharitaceae,Stratiotes,aloides,05813_Plantae_Tracheophyta_Liliopsida_Alismatales_Hydrocharitaceae_Stratiotes_aloides
780,5817,Potamogeton nodosus,Longleaf Pondweed,Plantae,Tracheophyta,Liliopsida,Alismatales,Potamogetonaceae,Potamogeton,nodosus,05817_Plantae_Tracheophyta_Liliopsida_Alismatales_Potamogetonaceae_Potamogeton_nodosus
781,5846,Allium vineale,wild garlic,Plantae,Tracheophyta,Liliopsida,Asparagales,Amaryllidaceae,Allium,vineale,05846_Plantae_Tracheophyta_Liliopsida_Asparagales_Amaryllidaceae_Allium_vineale
782,5867,Scadoxus puniceus,Paintbrush lily,Plantae,Tracheophyta,Liliopsida,Asparagales,Amaryllidaceae,Scadoxus,puniceus,05867_Plantae_Tracheophyta_Liliopsida_Asparagales_Amaryllidaceae_Scadoxus_puniceus
783,5899,Hesperoyucca whipplei,chaparral yucca,Plantae,Tracheophyta,Liliopsida,Asparagales,Asparagaceae,Hesperoyucca,whipplei,05899_Plantae_Tracheophyta_Liliopsida_Asparagales_Asparagaceae_Hesperoyucca_whipplei
784,5904,Liriope muscari,Liriope,Plantae,Tracheophyta,Liliopsida,Asparagales,Asparagaceae,Liriope,muscari,05904_Plantae_Tracheophyta_Liliopsida_Asparagales_Asparagaceae_Liriope_muscari
785,5926,Scilla bifolia,Alpine Squill,Plantae,Tracheophyta,Liliopsida,Asparagales,Asparagaceae,Scilla,bifolia,05926_Plantae_Tracheophyta_Liliopsida_Asparagales_Asparagaceae_Scilla_bifolia
786,5927,Scilla forbesii,Forbes' Glory-of-the-snow,Plantae,Tracheophyta,Liliopsida,Asparagales,Asparagaceae,Scilla,forbesii,05927_Plantae_Tracheophyta_Liliopsida_Asparagales_Asparagaceae_Scilla_forbesii
787,5942,Yucca schidigera,Mojave yucca,Plantae,Tracheophyta,Liliopsida,Asparagales,Asparagaceae,Yucca,schidigera,05942_Plantae_Tracheophyta_Liliopsida_Asparagales_Asparagaceae_Yucca_schidigera
788,5945,Aloe ferox,Cape Aloe,Plantae,Tracheophyta,Liliopsida,Asparagales,Asphodelaceae,Aloe,ferox,05945_Plantae_Tracheophyta_Liliopsida_Asparagales_Asphodelaceae_Aloe_ferox
789,5947,Asphodelus fistulosus,Onion-Leafed Asphodel,Plantae,Tracheophyta,Liliopsida,Asparagales,Asphodelaceae,Asphodelus,fistulosus,05947_Plantae_Tracheophyta_Liliopsida_Asparagales_Asphodelaceae_Asphodelus_fistulosus
790,5956,Astelia nervosa,Mountain Astelia,Plantae,Tracheophyta,Liliopsida,Asparagales,Asteliaceae,Astelia,nervosa,05956_Plantae_Tracheophyta_Liliopsida_Asparagales_Asteliaceae_Astelia_nervosa
791,5970,Iris missouriensis,western blue flag,Plantae,Tracheophyta,Liliopsida,Asparagales,Iridaceae,Iris,missouriensis,05970_Plantae_Tracheophyta_Liliopsida_Asparagales_Iridaceae_Iris_missouriensis
792,5982,Olsynium douglasii,Douglas's blue-eyed grass,Plantae,Tracheophyta,Liliopsida,Asparagales,Iridaceae,Olsynium,douglasii,05982_Plantae_Tracheophyta_Liliopsida_Asparagales_Iridaceae_Olsynium_douglasii
793,5983,Romulea rosea,Rosy sandcrocus,Plantae,Tracheophyta,Liliopsida,Asparagales,Iridaceae,Romulea,rosea,05983_Plantae_Tracheophyta_Liliopsida_Asparagales_Iridaceae_Romulea_rosea
794,6010,Corallorhiza trifida,Yellow Coralroot,Plantae,Tracheophyta,Liliopsida,Asparagales,Orchidaceae,Corallorhiza,trifida,06010_Plantae_Tracheophyta_Liliopsida_Asparagales_Orchidaceae_Corallorhiza_trifida
795,6049,Liparis loeselii,fen orchid,Plantae,Tracheophyta,Liliopsida,Asparagales,Orchidaceae,Liparis,loeselii,06049_Plantae_Tracheophyta_Liliopsida_Asparagales_Orchidaceae_Liparis_loeselii
796,6056,Oeceoclades maculata,Monk Orchid,Plantae,Tracheophyta,Liliopsida,Asparagales,Orchidaceae,Oeceoclades,maculata,06056_Plantae_Tracheophyta_Liliopsida_Asparagales_Orchidaceae_Oeceoclades_maculata
797,6064,Ophrys tenthredinifera,Sawfly Orchid,Plantae,Tracheophyta,Liliopsida,Asparagales,Orchidaceae,Ophrys,tenthredinifera,06064_Plantae_Tracheophyta_Liliopsida_Asparagales_Orchidaceae_Ophrys_tenthredinifera
798,6066,Orchis italica,Naked-man Orchid,Plantae,Tracheophyta,Liliopsida,Asparagales,Orchidaceae,Orchis,italica,06066_Plantae_Tracheophyta_Liliopsida_Asparagales_Orchidaceae_Orchis_italica
799,6080,Platanthera orbiculata,Round-leaved Bog Orchid,Plantae,Tracheophyta,Liliopsida,Asparagales,Orchidaceae,Platanthera,orbiculata,06080_Plantae_Tracheophyta_Liliopsida_Asparagales_Orchidaceae_Platanthera_orbiculata
800,6081,Platanthera psycodes,Lesser Purple Fringed Orchid,Plantae,Tracheophyta,Liliopsida,Asparagales,Orchidaceae,Platanthera,psycodes,06081_Plantae_Tracheophyta_Liliopsida_Asparagales_Orchidaceae_Platanthera_psycodes
801,6086,Prasophyllum colensoi,Leek Orchid,Plantae,Tracheophyta,Liliopsida,Asparagales,Orchidaceae,Prasophyllum,colensoi,06086_Plantae_Tracheophyta_Liliopsida_Asparagales_Orchidaceae_Prasophyllum_colensoi
802,6090,Pterostylis nutans,Nodding Greenhood,Plantae,Tracheophyta,Liliopsida,Asparagales,Orchidaceae,Pterostylis,nutans,06090_Plantae_Tracheophyta_Liliopsida_Asparagales_Orchidaceae_Pterostylis_nutans
803,6100,Spiranthes vernalis,Spring Ladies' Tresses,Plantae,Tracheophyta,Liliopsida,Asparagales,Orchidaceae,Spiranthes,vernalis,06100_Plantae_Tracheophyta_Liliopsida_Asparagales_Orchidaceae_Spiranthes_vernalis
804,6130,Calochortus albus,White Globe Lily,Plantae,Tracheophyta,Liliopsida,Liliales,Liliaceae,Calochortus,albus,06130_Plantae_Tracheophyta_Liliopsida_Liliales_Liliaceae_Calochortus_albus
805,6160,Fritillaria affinis,checker lily,Plantae,Tracheophyta,Liliopsida,Liliales,Liliaceae,Fritillaria,affinis,06160_Plantae_Tracheophyta_Liliopsida_Liliales_Liliaceae_Fritillaria_affinis
806,6166,Gagea lutea,Yellow Star-of-Bethlehem,Plantae,Tracheophyta,Liliopsida,Liliales,Liliaceae,Gagea,lutea,06166_Plantae_Tracheophyta_Liliopsida_Liliales_Liliaceae_Gagea_lutea
807,6191,Toxicoscordion fremontii,Fremont's Deathcamas,Plantae,Tracheophyta,Liliopsida,Liliales,Melanthiaceae,Toxicoscordion,fremontii,06191_Plantae_Tracheophyta_Liliopsida_Liliales_Melanthiaceae_Toxicoscordion_fremontii
808,6199,Trillium flexipes,nodding wakerobin,Plantae,Tracheophyta,Liliopsida,Liliales,Melanthiaceae,Trillium,flexipes,06199_Plantae_Tracheophyta_Liliopsida_Liliales_Melanthiaceae_Trillium_flexipes
809,6231,Carex albursina,White Bear Sedge,Plantae,Tracheophyta,Liliopsida,Poales,Cyperaceae,Carex,albursina,06231_Plantae_Tracheophyta_Liliopsida_Poales_Cyperaceae_Carex_albursina
810,6280,Cyperus odoratus,Fragrant flatsedge,Plantae,Tracheophyta,Liliopsida,Poales,Cyperaceae,Cyperus,odoratus,06280_Plantae_Tracheophyta_Liliopsida_Poales_Cyperaceae_Cyperus_odoratus
811,6316,Achnatherum miliaceum,Smilo Grass,Plantae,Tracheophyta,Liliopsida,Poales,Poaceae,Achnatherum,miliaceum,06316_Plantae_Tracheophyta_Liliopsida_Poales_Poaceae_Achnatherum_miliaceum
812,6338,Bouteloua gracilis,blue grama,Plantae,Tracheophyta,Liliopsida,Poales,Poaceae,Bouteloua,gracilis,06338_Plantae_Tracheophyta_Liliopsida_Poales_Poaceae_Bouteloua_gracilis
813,6344,Bromus catharticus,Rescuegrass,Plantae,Tracheophyta,Liliopsida,Poales,Poaceae,Bromus,catharticus,06344_Plantae_Tracheophyta_Liliopsida_Poales_Poaceae_Bromus_catharticus
814,6365,Dichanthelium clandestinum,deertongue,Plantae,Tracheophyta,Liliopsida,Poales,Poaceae,Dichanthelium,clandestinum,06365_Plantae_Tracheophyta_Liliopsida_Poales_Poaceae_Dichanthelium_clandestinum
815,6398,Miscanthus sinensis,Chinese silver grass,Plantae,Tracheophyta,Liliopsida,Poales,Poaceae,Miscanthus,sinensis,06398_Plantae_Tracheophyta_Liliopsida_Poales_Poaceae_Miscanthus_sinensis
816,6485,Anthriscus sylvestris,Cow Parsley,Plantae,Tracheophyta,Magnoliopsida,Apiales,Apiaceae,Anthriscus,sylvestris,06485_Plantae_Tracheophyta_Magnoliopsida_Apiales_Apiaceae_Anthriscus_sylvestris
817,6487,Astrantia major,great masterwort,Plantae,Tracheophyta,Magnoliopsida,Apiales,Apiaceae,Astrantia,major,06487_Plantae_Tracheophyta_Magnoliopsida_Apiales_Apiaceae_Astrantia_major
818,6569,Schefflera arboricola,Miniature umbrella tree,Plantae,Tracheophyta,Magnoliopsida,Apiales,Araliaceae,Schefflera,arboricola,06569_Plantae_Tracheophyta_Magnoliopsida_Apiales_Araliaceae_Schefflera_arboricola
819,6576,Pittosporum eugenioides,Lemonwood,Plantae,Tracheophyta,Magnoliopsida,Apiales,Pittosporaceae,Pittosporum,eugenioides,06576_Plantae_Tracheophyta_Magnoliopsida_Apiales_Pittosporaceae_Pittosporum_eugenioides
820,6580,Ilex cassine,dahoon,Plantae,Tracheophyta,Magnoliopsida,Aquifoliales,Aquifoliaceae,Ilex,cassine,06580_Plantae_Tracheophyta_Magnoliopsida_Aquifoliales_Aquifoliaceae_Ilex_cassine
821,6593,Acmella repens,Oppositeleaf Spotflower,Plantae,Tracheophyta,Magnoliopsida,Asterales,Asteraceae,Acmella,repens,06593_Plantae_Tracheophyta_Magnoliopsida_Asterales_Asteraceae_Acmella_repens
822,6601,Ageratum houstonianum,bluemink,Plantae,Tracheophyta,Magnoliopsida,Asterales,Asteraceae,Ageratum,houstonianum,06601_Plantae_Tracheophyta_Magnoliopsida_Asterales_Asteraceae_Ageratum_houstonianum
823,6647,Bahiopsis laciniata,San Diego County Viguiera,Plantae,Tracheophyta,Magnoliopsida,Asterales,Asteraceae,Bahiopsis,laciniata,06647_Plantae_Tracheophyta_Magnoliopsida_Asterales_Asteraceae_Bahiopsis_laciniata
824,6653,Bellis perennis,lawn daisy,Plantae,Tracheophyta,Magnoliopsida,Asterales,Asteraceae,Bellis,perennis,06653_Plantae_Tracheophyta_Magnoliopsida_Asterales_Asteraceae_Bellis_perennis
825,6665,Calendula arvensis,field marigold,Plantae,Tracheophyta,Magnoliopsida,Asterales,Asteraceae,Calendula,arvensis,06665_Plantae_Tracheophyta_Magnoliopsida_Asterales_Asteraceae_Calendula_arvensis
826,6667,Calycoseris wrightii,white tack-stem,Plantae,Tracheophyta,Magnoliopsida,Asterales,Asteraceae,Calycoseris,wrightii,06667_Plantae_Tracheophyta_Magnoliopsida_Asterales_Asteraceae_Calycoseris_wrightii
827,6668,Calyptocarpus vialis,straggler daisy,Plantae,Tracheophyta,Magnoliopsida,Asterales,Asteraceae,Calyptocarpus,vialis,06668_Plantae_Tracheophyta_Magnoliopsida_Asterales_Asteraceae_Calyptocarpus_vialis
828,6677,Centaurea calcitrapa,purple star-thistle,Plantae,Tracheophyta,Magnoliopsida,Asterales,Asteraceae,Centaurea,calcitrapa,06677_Plantae_Tracheophyta_Magnoliopsida_Asterales_Asteraceae_Centaurea_calcitrapa
829,6695,Chromolaena odorata,Siam weed,Plantae,Tracheophyta,Magnoliopsida,Asterales,Asteraceae,Chromolaena,odorata,06695_Plantae_Tracheophyta_Magnoliopsida_Asterales_Asteraceae_Chromolaena_odorata
830,6703,Cirsium arizonicum,Arizona thistle,Plantae,Tracheophyta,Magnoliopsida,Asterales,Asteraceae,Cirsium,arizonicum,06703_Plantae_Tracheophyta_Magnoliopsida_Asterales_Asteraceae_Cirsium_arizonicum
831,6721,Coreopsis lanceolata,Lance-leaved Coreopsis,Plantae,Tracheophyta,Magnoliopsida,Asterales,Asteraceae,Coreopsis,lanceolata,06721_Plantae_Tracheophyta_Magnoliopsida_Asterales_Asteraceae_Coreopsis_lanceolata
832,6744,Dimorphotheca fruticosa,trailing African daisy,Plantae,Tracheophyta,Magnoliopsida,Asterales,Asteraceae,Dimorphotheca,fruticosa,06744_Plantae_Tracheophyta_Magnoliopsida_Asterales_Asteraceae_Dimorphotheca_fruticosa
833,6750,Echinacea purpurea,purple coneflower,Plantae,Tracheophyta,Magnoliopsida,Asterales,Asteraceae,Echinacea,purpurea,06750_Plantae_Tracheophyta_Magnoliopsida_Asterales_Asteraceae_Echinacea_purpurea
834,6767,Ericameria nauseosa,rubber rabbitbrush,Plantae,Tracheophyta,Magnoliopsida,Asterales,Asteraceae,Ericameria,nauseosa,06767_Plantae_Tracheophyta_Magnoliopsida_Asterales_Asteraceae_Ericameria_nauseosa
835,6772,Erigeron compositus,cut-leaf fleabane,Plantae,Tracheophyta,Magnoliopsida,Asterales,Asteraceae,Erigeron,compositus,06772_Plantae_Tracheophyta_Magnoliopsida_Asterales_Asteraceae_Erigeron_compositus
836,6782,Eriophyllum lanatum,common woolly sunflower,Plantae,Tracheophyta,Magnoliopsida,Asterales,Asteraceae,Eriophyllum,lanatum,06782_Plantae_Tracheophyta_Magnoliopsida_Asterales_Asteraceae_Eriophyllum_lanatum
837,6792,Eurybia divaricata,White Wood Aster,Plantae,Tracheophyta,Magnoliopsida,Asterales,Asteraceae,Eurybia,divaricata,06792_Plantae_Tracheophyta_Magnoliopsida_Asterales_Asteraceae_Eurybia_divaricata
838,6814,Grindelia stricta,Oregon Gumplant,Plantae,Tracheophyta,Magnoliopsida,Asterales,Asteraceae,Grindelia,stricta,06814_Plantae_Tracheophyta_Magnoliopsida_Asterales_Asteraceae_Grindelia_stricta
839,6897,Mikania micrantha,mile-a-minute,Plantae,Tracheophyta,Magnoliopsida,Asterales,Asteraceae,Mikania,micrantha,06897_Plantae_Tracheophyta_Magnoliopsida_Asterales_Asteraceae_Mikania_micrantha
840,6944,Pluchea camphorata,Camphor-weed,Plantae,Tracheophyta,Magnoliopsida,Asterales,Asteraceae,Pluchea,camphorata,06944_Plantae_Tracheophyta_Magnoliopsida_Asterales_Asteraceae_Pluchea_camphorata
841,6946,Pluchea odorata,marsh fleabane,Plantae,Tracheophyta,Magnoliopsida,Asterales,Asteraceae,Pluchea,odorata,06946_Plantae_Tracheophyta_Magnoliopsida_Asterales_Asteraceae_Pluchea_odorata
842,6973,Senecio glomeratus,Cutleaf burnweed,Plantae,Tracheophyta,Magnoliopsida,Asterales,Asteraceae,Senecio,glomeratus,06973_Plantae_Tracheophyta_Magnoliopsida_Asterales_Asteraceae_Senecio_glomeratus
843,6999,Solidago hispida,Hairy Goldenrod,Plantae,Tracheophyta,Magnoliopsida,Asterales,Asteraceae,Solidago,hispida,06999_Plantae_Tracheophyta_Magnoliopsida_Asterales_Asteraceae_Solidago_hispida
844,7040,Tarchonanthus littoralis,Coastal Camphor Bush,Plantae,Tracheophyta,Magnoliopsida,Asterales,Asteraceae,Tarchonanthus,littoralis,07040_Plantae_Tracheophyta_Magnoliopsida_Asterales_Asteraceae_Tarchonanthus_littoralis
845,7043,Thelesperma filifolium,Greenthread,Plantae,Tracheophyta,Magnoliopsida,Asterales,Asteraceae,Thelesperma,filifolium,07043_Plantae_Tracheophyta_Magnoliopsida_Asterales_Asteraceae_Thelesperma_filifolium
846,7052,Tridax procumbens,Tridax daisy,Plantae,Tracheophyta,Magnoliopsida,Asterales,Asteraceae,Tridax,procumbens,07052_Plantae_Tracheophyta_Magnoliopsida_Asterales_Asteraceae_Tridax_procumbens
847,7059,Urospermum picroides,False Hawkbit,Plantae,Tracheophyta,Magnoliopsida,Asterales,Asteraceae,Urospermum,picroides,07059_Plantae_Tracheophyta_Magnoliopsida_Asterales_Asteraceae_Urospermum_picroides
848,7069,Viguiera dentata,Golden-Eye,Plantae,Tracheophyta,Magnoliopsida,Asterales,Asteraceae,Viguiera,dentata,07069_Plantae_Tracheophyta_Magnoliopsida_Asterales_Asteraceae_Viguiera_dentata
849,7114,Triodanis biflora,Venus' looking-glass,Plantae,Tracheophyta,Magnoliopsida,Asterales,Campanulaceae,Triodanis,biflora,07114_Plantae_Tracheophyta_Magnoliopsida_Asterales_Campanulaceae_Triodanis_biflora
850,7116,Wahlenbergia albomarginata,New Zealand Harebell,Plantae,Tracheophyta,Magnoliopsida,Asterales,Campanulaceae,Wahlenbergia,albomarginata,07116_Plantae_Tracheophyta_Magnoliopsida_Asterales_Campanulaceae_Wahlenbergia_albomarginata
851,7124,Nymphoides indica,Water Snowflake,Plantae,Tracheophyta,Magnoliopsida,Asterales,Menyanthaceae,Nymphoides,indica,07124_Plantae_Tracheophyta_Magnoliopsida_Asterales_Menyanthaceae_Nymphoides_indica
852,7133,Borago officinalis,Borage,Plantae,Tracheophyta,Magnoliopsida,Boraginales,Boraginaceae,Borago,officinalis,07133_Plantae_Tracheophyta_Magnoliopsida_Boraginales_Boraginaceae_Borago_officinalis
853,7134,Buglossoides arvensis,corn gromwell,Plantae,Tracheophyta,Magnoliopsida,Boraginales,Boraginaceae,Buglossoides,arvensis,07134_Plantae_Tracheophyta_Magnoliopsida_Boraginales_Boraginaceae_Buglossoides_arvensis
854,7140,Echium vulgare,viper's-bugloss,Plantae,Tracheophyta,Magnoliopsida,Boraginales,Boraginaceae,Echium,vulgare,07140_Plantae_Tracheophyta_Magnoliopsida_Boraginales_Boraginaceae_Echium_vulgare
855,7168,Mertensia paniculata,Tall Bluebell,Plantae,Tracheophyta,Magnoliopsida,Boraginales,Boraginaceae,Mertensia,paniculata,07168_Plantae_Tracheophyta_Magnoliopsida_Boraginales_Boraginaceae_Mertensia_paniculata
856,7190,Phacelia crenulata,notch-leaf scorpion-weed,Plantae,Tracheophyta,Magnoliopsida,Boraginales,Boraginaceae,Phacelia,crenulata,07190_Plantae_Tracheophyta_Magnoliopsida_Boraginales_Boraginaceae_Phacelia_crenulata
857,7239,Cardamine pratensis,Cuckooflower,Plantae,Tracheophyta,Magnoliopsida,Brassicales,Brassicaceae,Cardamine,pratensis,07239_Plantae_Tracheophyta_Magnoliopsida_Brassicales_Brassicaceae_Cardamine_pratensis
858,7269,Raphanus sativus,wild radish,Plantae,Tracheophyta,Magnoliopsida,Brassicales,Brassicaceae,Raphanus,sativus,07269_Plantae_Tracheophyta_Magnoliopsida_Brassicales_Brassicaceae_Raphanus_sativus
859,7297,Brunia noduliflora,Cone Stompie,Plantae,Tracheophyta,Magnoliopsida,Bruniales,Bruniaceae,Brunia,noduliflora,07297_Plantae_Tracheophyta_Magnoliopsida_Bruniales_Bruniaceae_Brunia_noduliflora
860,7304,Mesembryanthemum cordifolium,heart-leaf ice plant,Plantae,Tracheophyta,Magnoliopsida,Caryophyllales,Aizoaceae,Mesembryanthemum,cordifolium,07304_Plantae_Tracheophyta_Magnoliopsida_Caryophyllales_Aizoaceae_Mesembryanthemum_cordifolium
861,7313,Amaranthus palmeri,Palmer's amaranth,Plantae,Tracheophyta,Magnoliopsida,Caryophyllales,Amaranthaceae,Amaranthus,palmeri,07313_Plantae_Tracheophyta_Magnoliopsida_Caryophyllales_Amaranthaceae_Amaranthus_palmeri
862,7365,Echinocereus fendleri,Fendler's hedgehog cactus,Plantae,Tracheophyta,Magnoliopsida,Caryophyllales,Cactaceae,Echinocereus,fendleri,07365_Plantae_Tracheophyta_Magnoliopsida_Caryophyllales_Cactaceae_Echinocereus_fendleri
863,7377,Ferocactus emoryi,Emory's barrel cactus,Plantae,Tracheophyta,Magnoliopsida,Caryophyllales,Cactaceae,Ferocactus,emoryi,07377_Plantae_Tracheophyta_Magnoliopsida_Caryophyllales_Cactaceae_Ferocactus_emoryi
864,7385,Lophocereus schottii,senita cactus,Plantae,Tracheophyta,Magnoliopsida,Caryophyllales,Cactaceae,Lophocereus,schottii,07385_Plantae_Tracheophyta_Magnoliopsida_Caryophyllales_Cactaceae_Lophocereus_schottii
865,7441,Rabelera holostea,greater stitchwort,Plantae,Tracheophyta,Magnoliopsida,Caryophyllales,Caryophyllaceae,Rabelera,holostea,07441_Plantae_Tracheophyta_Magnoliopsida_Caryophyllales_Caryophyllaceae_Rabelera_holostea
866,7445,Saponaria officinalis,common soapwort,Plantae,Tracheophyta,Magnoliopsida,Caryophyllales,Caryophyllaceae,Saponaria,officinalis,07445_Plantae_Tracheophyta_Magnoliopsida_Caryophyllales_Caryophyllaceae_Saponaria_officinalis
867,7447,Silene acaulis,Moss Campion,Plantae,Tracheophyta,Magnoliopsida,Caryophyllales,Caryophyllaceae,Silene,acaulis,07447_Plantae_Tracheophyta_Magnoliopsida_Caryophyllales_Caryophyllaceae_Silene_acaulis
868,7457,Silene stellata,starry campion,Plantae,Tracheophyta,Magnoliopsida,Caryophyllales,Caryophyllaceae,Silene,stellata,07457_Plantae_Tracheophyta_Magnoliopsida_Caryophyllales_Caryophyllaceae_Silene_stellata
869,7459,Silene virginica,fire pink,Plantae,Tracheophyta,Magnoliopsida,Caryophyllales,Caryophyllaceae,Silene,virginica,07459_Plantae_Tracheophyta_Magnoliopsida_Caryophyllales_Caryophyllaceae_Silene_virginica
870,7466,Stellaria nemorum,Wood Stitchwort,Plantae,Tracheophyta,Magnoliopsida,Caryophyllales,Caryophyllaceae,Stellaria,nemorum,07466_Plantae_Tracheophyta_Magnoliopsida_Caryophyllales_Caryophyllaceae_Stellaria_nemorum
871,7499,Abronia umbellata,Pink Sand Verbena,Plantae,Tracheophyta,Magnoliopsida,Caryophyllales,Nyctaginaceae,Abronia,umbellata,07499_Plantae_Tracheophyta_Magnoliopsida_Caryophyllales_Nyctaginaceae_Abronia_umbellata
872,7515,Plumbago auriculata,Cape leadwort,Plantae,Tracheophyta,Magnoliopsida,Caryophyllales,Plumbaginaceae,Plumbago,auriculata,07515_Plantae_Tracheophyta_Magnoliopsida_Caryophyllales_Plumbaginaceae_Plumbago_auriculata
873,7521,Chorizanthe brevicornu,sagebrush chorizanthe,Plantae,Tracheophyta,Magnoliopsida,Caryophyllales,Polygonaceae,Chorizanthe,brevicornu,07521_Plantae_Tracheophyta_Magnoliopsida_Caryophyllales_Polygonaceae_Chorizanthe_brevicornu
874,7531,Eriogonum nudum,Naked Buckwheat,Plantae,Tracheophyta,Magnoliopsida,Caryophyllales,Polygonaceae,Eriogonum,nudum,07531_Plantae_Tracheophyta_Magnoliopsida_Caryophyllales_Polygonaceae_Eriogonum_nudum
875,7542,Muehlenbeckia complexa,maidenhair vine,Plantae,Tracheophyta,Magnoliopsida,Caryophyllales,Polygonaceae,Muehlenbeckia,complexa,07542_Plantae_Tracheophyta_Magnoliopsida_Caryophyllales_Polygonaceae_Muehlenbeckia_complexa
876,7548,Persicaria hydropiper,waterpepper,Plantae,Tracheophyta,Magnoliopsida,Caryophyllales,Polygonaceae,Persicaria,hydropiper,07548_Plantae_Tracheophyta_Magnoliopsida_Caryophyllales_Polygonaceae_Persicaria_hydropiper
877,7562,Reynoutria sachalinensis,Giant Knotweed,Plantae,Tracheophyta,Magnoliopsida,Caryophyllales,Polygonaceae,Reynoutria,sachalinensis,07562_Plantae_Tracheophyta_Magnoliopsida_Caryophyllales_Polygonaceae_Reynoutria_sachalinensis
878,7648,Lonicera japonica,Japanese honeysuckle,Plantae,Tracheophyta,Magnoliopsida,Dipsacales,Caprifoliaceae,Lonicera,japonica,07648_Plantae_Tracheophyta_Magnoliopsida_Dipsacales_Caprifoliaceae_Lonicera_japonica
879,7657,Scabiosa columbaria,Small Scabious,Plantae,Tracheophyta,Magnoliopsida,Dipsacales,Caprifoliaceae,Scabiosa,columbaria,07657_Plantae_Tracheophyta_Magnoliopsida_Dipsacales_Caprifoliaceae_Scabiosa_columbaria
880,7694,Impatiens noli-tangere,Touch-me-not Balsam,Plantae,Tracheophyta,Magnoliopsida,Ericales,Balsaminaceae,Impatiens,noli-tangere,07694_Plantae_Tracheophyta_Magnoliopsida_Ericales_Balsaminaceae_Impatiens_noli-tangere
881,7735,Erica imbricata,Salt-and-Pepper Heath,Plantae,Tracheophyta,Magnoliopsida,Ericales,Ericaceae,Erica,imbricata,07735_Plantae_Tracheophyta_Magnoliopsida_Ericales_Ericaceae_Erica_imbricata
882,7771,Pyrola picta,white-veined wintergreen,Plantae,Tracheophyta,Magnoliopsida,Ericales,Ericaceae,Pyrola,picta,07771_Plantae_Tracheophyta_Magnoliopsida_Ericales_Ericaceae_Pyrola_picta
883,7803,Fouquieria splendens,ocotillo,Plantae,Tracheophyta,Magnoliopsida,Ericales,Fouquieriaceae,Fouquieria,splendens,07803_Plantae_Tracheophyta_Magnoliopsida_Ericales_Fouquieriaceae_Fouquieria_splendens
884,7833,Phlox paniculata,fall phlox,Plantae,Tracheophyta,Magnoliopsida,Ericales,Polemoniaceae,Phlox,paniculata,07833_Plantae_Tracheophyta_Magnoliopsida_Ericales_Polemoniaceae_Phlox_paniculata
885,7859,Lysimachia quadrifolia,whorled loosestrife,Plantae,Tracheophyta,Magnoliopsida,Ericales,Primulaceae,Lysimachia,quadrifolia,07859_Plantae_Tracheophyta_Magnoliopsida_Ericales_Primulaceae_Lysimachia_quadrifolia
886,7881,Sarracenia alata,pale pitcherplant,Plantae,Tracheophyta,Magnoliopsida,Ericales,Sarraceniaceae,Sarracenia,alata,07881_Plantae_Tracheophyta_Magnoliopsida_Ericales_Sarraceniaceae_Sarracenia_alata
887,7885,Sarracenia purpurea,purple pitcher plant,Plantae,Tracheophyta,Magnoliopsida,Ericales,Sarraceniaceae,Sarracenia,purpurea,07885_Plantae_Tracheophyta_Magnoliopsida_Ericales_Sarraceniaceae_Sarracenia_purpurea
888,7938,Chamaecytisus ruthenicus,Chamaecytisus ruthenicus,Plantae,Tracheophyta,Magnoliopsida,Fabales,Fabaceae,Chamaecytisus,ruthenicus,07938_Plantae_Tracheophyta_Magnoliopsida_Fabales_Fabaceae_Chamaecytisus_ruthenicus
889,7972,Hoffmannseggia microphylla,Wand Holdback,Plantae,Tracheophyta,Magnoliopsida,Fabales,Fabaceae,Hoffmannseggia,microphylla,07972_Plantae_Tracheophyta_Magnoliopsida_Fabales_Fabaceae_Hoffmannseggia_microphylla
890,8003,Lupinus concinnus,bajada lupine,Plantae,Tracheophyta,Magnoliopsida,Fabales,Fabaceae,Lupinus,concinnus,08003_Plantae_Tracheophyta_Magnoliopsida_Fabales_Fabaceae_Lupinus_concinnus
891,8029,Mimosa pudica,Sensitive Plant,Plantae,Tracheophyta,Magnoliopsida,Fabales,Fabaceae,Mimosa,pudica,08029_Plantae_Tracheophyta_Magnoliopsida_Fabales_Fabaceae_Mimosa_pudica
892,8034,Olneya tesota,ironwood,Plantae,Tracheophyta,Magnoliopsida,Fabales,Fabaceae,Olneya,tesota,08034_Plantae_Tracheophyta_Magnoliopsida_Fabales_Fabaceae_Olneya_tesota
893,8054,Psorothamnus spinosus,smoke tree,Plantae,Tracheophyta,Magnoliopsida,Fabales,Fabaceae,Psorothamnus,spinosus,08054_Plantae_Tracheophyta_Magnoliopsida_Fabales_Fabaceae_Psorothamnus_spinosus
894,8082,Tephrosia virginiana,goat's rue,Plantae,Tracheophyta,Magnoliopsida,Fabales,Fabaceae,Tephrosia,virginiana,08082_Plantae_Tracheophyta_Magnoliopsida_Fabales_Fabaceae_Tephrosia_virginiana
895,8087,Trifolium aureum,large hop clover,Plantae,Tracheophyta,Magnoliopsida,Fabales,Fabaceae,Trifolium,aureum,08087_Plantae_Tracheophyta_Magnoliopsida_Fabales_Fabaceae_Trifolium_aureum
896,8089,Trifolium depauperatum,cowbag clover,Plantae,Tracheophyta,Magnoliopsida,Fabales,Fabaceae,Trifolium,depauperatum,08089_Plantae_Tracheophyta_Magnoliopsida_Fabales_Fabaceae_Trifolium_depauperatum
897,8102,Trifolium willdenovii,tomcat clover,Plantae,Tracheophyta,Magnoliopsida,Fabales,Fabaceae,Trifolium,willdenovii,08102_Plantae_Tracheophyta_Magnoliopsida_Fabales_Fabaceae_Trifolium_willdenovii
898,8171,Quercus buckleyi,Buckley's oak,Plantae,Tracheophyta,Magnoliopsida,Fagales,Fagaceae,Quercus,buckleyi,08171_Plantae_Tracheophyta_Magnoliopsida_Fagales_Fagaceae_Quercus_buckleyi
899,8196,Quercus nigra,water oak,Plantae,Tracheophyta,Magnoliopsida,Fagales,Fagaceae,Quercus,nigra,08196_Plantae_Tracheophyta_Magnoliopsida_Fagales_Fagaceae_Quercus_nigra
900,8229,Amsonia tabernaemontana,eastern bluestar,Plantae,Tracheophyta,Magnoliopsida,Gentianales,Apocynaceae,Amsonia,tabernaemontana,08229_Plantae_Tracheophyta_Magnoliopsida_Gentianales_Apocynaceae_Amsonia_tabernaemontana
901,8232,Araujia sericifera,white bladderflower,Plantae,Tracheophyta,Magnoliopsida,Gentianales,Apocynaceae,Araujia,sericifera,08232_Plantae_Tracheophyta_Magnoliopsida_Gentianales_Apocynaceae_Araujia_sericifera
902,8244,Asclepias humistrata,Sandhill milkweed,Plantae,Tracheophyta,Magnoliopsida,Gentianales,Apocynaceae,Asclepias,humistrata,08244_Plantae_Tracheophyta_Magnoliopsida_Gentianales_Apocynaceae_Asclepias_humistrata
903,8279,Parsonsia heterophylla,New Zealand jasmine,Plantae,Tracheophyta,Magnoliopsida,Gentianales,Apocynaceae,Parsonsia,heterophylla,08279_Plantae_Tracheophyta_Magnoliopsida_Gentianales_Apocynaceae_Parsonsia_heterophylla
904,8303,Gentiana linearis,Narrowleaf Gentian,Plantae,Tracheophyta,Magnoliopsida,Gentianales,Gentianaceae,Gentiana,linearis,08303_Plantae_Tracheophyta_Magnoliopsida_Gentianales_Gentianaceae_Gentiana_linearis
905,8326,Coprosma foetidissima,Stinkwood,Plantae,Tracheophyta,Magnoliopsida,Gentianales,Rubiaceae,Coprosma,foetidissima,08326_Plantae_Tracheophyta_Magnoliopsida_Gentianales_Rubiaceae_Coprosma_foetidissima
906,8330,Coprosma repens,Mirror bush,Plantae,Tracheophyta,Magnoliopsida,Gentianales,Rubiaceae,Coprosma,repens,08330_Plantae_Tracheophyta_Magnoliopsida_Gentianales_Rubiaceae_Coprosma_repens
907,8359,Psychotria asiatica,Red Psychotria,Plantae,Tracheophyta,Magnoliopsida,Gentianales,Rubiaceae,Psychotria,asiatica,08359_Plantae_Tracheophyta_Magnoliopsida_Gentianales_Rubiaceae_Psychotria_asiatica
908,8386,Geranium sibiricum,Siberian Crane's-bill,Plantae,Tracheophyta,Magnoliopsida,Geraniales,Geraniaceae,Geranium,sibiricum,08386_Plantae_Tracheophyta_Magnoliopsida_Geraniales_Geraniaceae_Geranium_sibiricum
909,8395,Avicennia germinans,black mangrove,Plantae,Tracheophyta,Magnoliopsida,Lamiales,Acanthaceae,Avicennia,germinans,08395_Plantae_Tracheophyta_Magnoliopsida_Lamiales_Acanthaceae_Avicennia_germinans
910,8459,Marrubium vulgare,white horehound,Plantae,Tracheophyta,Magnoliopsida,Lamiales,Lamiaceae,Marrubium,vulgare,08459_Plantae_Tracheophyta_Magnoliopsida_Lamiales_Lamiaceae_Marrubium_vulgare
911,8475,Origanum vulgare,Oregano,Plantae,Tracheophyta,Magnoliopsida,Lamiales,Lamiaceae,Origanum,vulgare,08475_Plantae_Tracheophyta_Magnoliopsida_Lamiales_Lamiaceae_Origanum_vulgare
912,8511,Stachys floridana,Florida Hedgenettle,Plantae,Tracheophyta,Magnoliopsida,Lamiales,Lamiaceae,Stachys,floridana,08511_Plantae_Tracheophyta_Magnoliopsida_Lamiales_Lamiaceae_Stachys_floridana
913,8533,Utricularia gibba,humped bladderwort,Plantae,Tracheophyta,Magnoliopsida,Lamiales,Lentibulariaceae,Utricularia,gibba,08533_Plantae_Tracheophyta_Magnoliopsida_Lamiales_Lentibulariaceae_Utricularia_gibba
914,8563,Aphyllon uniflorum,one-flowered cancer-root,Plantae,Tracheophyta,Magnoliopsida,Lamiales,Orobanchaceae,Aphyllon,uniflorum,08563_Plantae_Tracheophyta_Magnoliopsida_Lamiales_Orobanchaceae_Aphyllon_uniflorum
915,8564,Bartsia alpina,Velvetbells,Plantae,Tracheophyta,Magnoliopsida,Lamiales,Orobanchaceae,Bartsia,alpina,08564_Plantae_Tracheophyta_Magnoliopsida_Lamiales_Orobanchaceae_Bartsia_alpina
916,8588,Castilleja wightii,Wight's Paintbrush,Plantae,Tracheophyta,Magnoliopsida,Lamiales,Orobanchaceae,Castilleja,wightii,08588_Plantae_Tracheophyta_Magnoliopsida_Lamiales_Orobanchaceae_Castilleja_wightii
917,8595,Lathraea squamaria,Common Toothwort,Plantae,Tracheophyta,Magnoliopsida,Lamiales,Orobanchaceae,Lathraea,squamaria,08595_Plantae_Tracheophyta_Magnoliopsida_Lamiales_Orobanchaceae_Lathraea_squamaria
918,8635,Bacopa monnieri,Herb-of-Grace,Plantae,Tracheophyta,Magnoliopsida,Lamiales,Plantaginaceae,Bacopa,monnieri,08635_Plantae_Tracheophyta_Magnoliopsida_Lamiales_Plantaginaceae_Bacopa_monnieri
919,8637,Chelone glabra,white turtlehead,Plantae,Tracheophyta,Magnoliopsida,Lamiales,Plantaginaceae,Chelone,glabra,08637_Plantae_Tracheophyta_Magnoliopsida_Lamiales_Plantaginaceae_Chelone_glabra
920,8654,Mecardonia procumbens,Yellow-flowered waterhyssop,Plantae,Tracheophyta,Magnoliopsida,Lamiales,Plantaginaceae,Mecardonia,procumbens,08654_Plantae_Tracheophyta_Magnoliopsida_Lamiales_Plantaginaceae_Mecardonia_procumbens
921,8662,Penstemon digitalis,foxglove beardtongue,Plantae,Tracheophyta,Magnoliopsida,Lamiales,Plantaginaceae,Penstemon,digitalis,08662_Plantae_Tracheophyta_Magnoliopsida_Lamiales_Plantaginaceae_Penstemon_digitalis
922,8669,Penstemon procerus,Small-flower Beardtongue,Plantae,Tracheophyta,Magnoliopsida,Lamiales,Plantaginaceae,Penstemon,procerus,08669_Plantae_Tracheophyta_Magnoliopsida_Lamiales_Plantaginaceae_Penstemon_procerus
923,8690,Veronica beccabunga,Brooklime,Plantae,Tracheophyta,Magnoliopsida,Lamiales,Plantaginaceae,Veronica,beccabunga,08690_Plantae_Tracheophyta_Magnoliopsida_Lamiales_Plantaginaceae_Veronica_beccabunga
924,8698,Veronica persica,Persian Speedwell,Plantae,Tracheophyta,Magnoliopsida,Lamiales,Plantaginaceae,Veronica,persica,08698_Plantae_Tracheophyta_Magnoliopsida_Lamiales_Plantaginaceae_Veronica_persica
925,8707,Veronicastrum virginicum,Culver's root,Plantae,Tracheophyta,Magnoliopsida,Lamiales,Plantaginaceae,Veronicastrum,virginicum,08707_Plantae_Tracheophyta_Magnoliopsida_Lamiales_Plantaginaceae_Veronicastrum_virginicum
926,8774,Croton lindheimeri,Lindheimer's Doveweed,Plantae,Tracheophyta,Magnoliopsida,Malpighiales,Euphorbiaceae,Croton,lindheimeri,08774_Plantae_Tracheophyta_Magnoliopsida_Malpighiales_Euphorbiaceae_Croton_lindheimeri
927,8797,Euphorbia marginata,snow-on-the-mountain,Plantae,Tracheophyta,Magnoliopsida,Malpighiales,Euphorbiaceae,Euphorbia,marginata,08797_Plantae_Tracheophyta_Magnoliopsida_Malpighiales_Euphorbiaceae_Euphorbia_marginata
928,8814,Jatropha dioica,Leatherstem,Plantae,Tracheophyta,Magnoliopsida,Malpighiales,Euphorbiaceae,Jatropha,dioica,08814_Plantae_Tracheophyta_Magnoliopsida_Malpighiales_Euphorbiaceae_Jatropha_dioica
929,8858,Populus deltoides,eastern cottonwood,Plantae,Tracheophyta,Magnoliopsida,Malpighiales,Salicaceae,Populus,deltoides,08858_Plantae_Tracheophyta_Magnoliopsida_Malpighiales_Salicaceae_Populus_deltoides
930,8865,Salix alba,white willow,Plantae,Tracheophyta,Magnoliopsida,Malpighiales,Salicaceae,Salix,alba,08865_Plantae_Tracheophyta_Magnoliopsida_Malpighiales_Salicaceae_Salix_alba
931,8868,Salix caprea,goat willow,Plantae,Tracheophyta,Magnoliopsida,Malpighiales,Salicaceae,Salix,caprea,08868_Plantae_Tracheophyta_Magnoliopsida_Malpighiales_Salicaceae_Salix_caprea
932,8888,Viola blanda,sweet white violet,Plantae,Tracheophyta,Magnoliopsida,Malpighiales,Violaceae,Viola,blanda,08888_Plantae_Tracheophyta_Magnoliopsida_Malpighiales_Violaceae_Viola_blanda
933,8889,Viola canadensis,Canada violet,Plantae,Tracheophyta,Magnoliopsida,Malpighiales,Violaceae,Viola,canadensis,08889_Plantae_Tracheophyta_Magnoliopsida_Malpighiales_Violaceae_Viola_canadensis
934,8892,Viola hastata,Halberd-leaved violet,Plantae,Tracheophyta,Magnoliopsida,Malpighiales,Violaceae,Viola,hastata,08892_Plantae_Tracheophyta_Magnoliopsida_Malpighiales_Violaceae_Viola_hastata
935,8910,Viola riviniana,common dog-violet,Plantae,Tracheophyta,Magnoliopsida,Malpighiales,Violaceae,Viola,riviniana,08910_Plantae_Tracheophyta_Magnoliopsida_Malpighiales_Violaceae_Viola_riviniana
936,8944,Hibiscus denudatus,Rock Hibiscus,Plantae,Tracheophyta,Magnoliopsida,Malvales,Malvaceae,Hibiscus,denudatus,08944_Plantae_Tracheophyta_Magnoliopsida_Malvales_Malvaceae_Hibiscus_denudatus
937,8950,Hibiscus trionum,flower-of-an-hour,Plantae,Tracheophyta,Magnoliopsida,Malvales,Malvaceae,Hibiscus,trionum,08950_Plantae_Tracheophyta_Magnoliopsida_Malvales_Malvaceae_Hibiscus_trionum
938,8973,Sida ciliaris,bracted fanpetals,Plantae,Tracheophyta,Magnoliopsida,Malvales,Malvaceae,Sida,ciliaris,08973_Plantae_Tracheophyta_Magnoliopsida_Malvales_Malvaceae_Sida_ciliaris
939,8985,Urena lobata,Caesar weed,Plantae,Tracheophyta,Magnoliopsida,Malvales,Malvaceae,Urena,lobata,08985_Plantae_Tracheophyta_Magnoliopsida_Malvales_Malvaceae_Urena_lobata
940,9022,Myrtus communis,myrtle,Plantae,Tracheophyta,Magnoliopsida,Myrtales,Myrtaceae,Myrtus,communis,09022_Plantae_Tracheophyta_Magnoliopsida_Myrtales_Myrtaceae_Myrtus_communis
941,9029,Chylismia brevipes,yellow cups,Plantae,Tracheophyta,Magnoliopsida,Myrtales,Onagraceae,Chylismia,brevipes,09029_Plantae_Tracheophyta_Magnoliopsida_Myrtales_Onagraceae_Chylismia_brevipes
942,9030,Chylismia claviformis,Browneyes,Plantae,Tracheophyta,Magnoliopsida,Myrtales,Onagraceae,Chylismia,claviformis,09030_Plantae_Tracheophyta_Magnoliopsida_Myrtales_Onagraceae_Chylismia_claviformis
943,9065,Oenothera glazioviana,Large-flowered Evening-primrose,Plantae,Tracheophyta,Magnoliopsida,Myrtales,Onagraceae,Oenothera,glazioviana,09065_Plantae_Tracheophyta_Magnoliopsida_Myrtales_Onagraceae_Oenothera_glazioviana
944,9077,Saltera sarcocolla,vliebos,Plantae,Tracheophyta,Magnoliopsida,Myrtales,Penaeaceae,Saltera,sarcocolla,09077_Plantae_Tracheophyta_Magnoliopsida_Myrtales_Penaeaceae_Saltera_sarcocolla
945,9078,Brasenia schreberi,Watershield,Plantae,Tracheophyta,Magnoliopsida,Nymphaeales,Cabombaceae,Brasenia,schreberi,09078_Plantae_Tracheophyta_Magnoliopsida_Nymphaeales_Cabombaceae_Brasenia_schreberi
946,9091,Oxalis acetosella,common woodsorrel,Plantae,Tracheophyta,Magnoliopsida,Oxalidales,Oxalidaceae,Oxalis,acetosella,09091_Plantae_Tracheophyta_Magnoliopsida_Oxalidales_Oxalidaceae_Oxalis_acetosella
947,9094,Oxalis debilis,Largeflower pink-sorrel,Plantae,Tracheophyta,Magnoliopsida,Oxalidales,Oxalidaceae,Oxalis,debilis,09094_Plantae_Tracheophyta_Magnoliopsida_Oxalidales_Oxalidaceae_Oxalis_debilis
948,9114,Hexastylis arifolia,little brown jug,Plantae,Tracheophyta,Magnoliopsida,Piperales,Aristolochiaceae,Hexastylis,arifolia,09114_Plantae_Tracheophyta_Magnoliopsida_Piperales_Aristolochiaceae_Hexastylis_arifolia
949,9118,Saururus cernuus,lizard's tail,Plantae,Tracheophyta,Magnoliopsida,Piperales,Saururaceae,Saururus,cernuus,09118_Plantae_Tracheophyta_Magnoliopsida_Piperales_Saururaceae_Saururus_cernuus
950,9146,Berberis repens,creeping mahonia,Plantae,Tracheophyta,Magnoliopsida,Ranunculales,Berberidaceae,Berberis,repens,09146_Plantae_Tracheophyta_Magnoliopsida_Ranunculales_Berberidaceae_Berberis_repens
951,9160,Argemone munita,flatbud prickly poppy,Plantae,Tracheophyta,Magnoliopsida,Ranunculales,Papaveraceae,Argemone,munita,09160_Plantae_Tracheophyta_Magnoliopsida_Ranunculales_Papaveraceae_Argemone_munita
952,9181,Glaucium flavum,sea poppy,Plantae,Tracheophyta,Magnoliopsida,Ranunculales,Papaveraceae,Glaucium,flavum,09181_Plantae_Tracheophyta_Magnoliopsida_Ranunculales_Papaveraceae_Glaucium_flavum
953,9200,Actaea rubra,red baneberry,Plantae,Tracheophyta,Magnoliopsida,Ranunculales,Ranunculaceae,Actaea,rubra,09200_Plantae_Tracheophyta_Magnoliopsida_Ranunculales_Ranunculaceae_Actaea_rubra
954,9227,Clematis drummondii,old man's beard,Plantae,Tracheophyta,Magnoliopsida,Ranunculales,Ranunculaceae,Clematis,drummondii,09227_Plantae_Tracheophyta_Magnoliopsida_Ranunculales_Ranunculaceae_Clematis_drummondii
955,9228,Clematis lasiantha,Pipestem Clematis,Plantae,Tracheophyta,Magnoliopsida,Ranunculales,Ranunculaceae,Clematis,lasiantha,09228_Plantae_Tracheophyta_Magnoliopsida_Ranunculales_Ranunculaceae_Clematis_lasiantha
956,9231,Clematis paniculata,Puawhananga,Plantae,Tracheophyta,Magnoliopsida,Ranunculales,Ranunculaceae,Clematis,paniculata,09231_Plantae_Tracheophyta_Magnoliopsida_Ranunculales_Ranunculaceae_Clematis_paniculata
957,9254,Nigella damascena,love-in-a-mist,Plantae,Tracheophyta,Magnoliopsida,Ranunculales,Ranunculaceae,Nigella,damascena,09254_Plantae_Tracheophyta_Magnoliopsida_Ranunculales_Ranunculaceae_Nigella_damascena
958,9287,Xanthorhiza simplicissima,Shrub Yellowroot,Plantae,Tracheophyta,Magnoliopsida,Ranunculales,Ranunculaceae,Xanthorhiza,simplicissima,09287_Plantae_Tracheophyta_Magnoliopsida_Ranunculales_Ranunculaceae_Xanthorhiza_simplicissima
959,9306,Ficus aurea,Florida Strangler Fig,Plantae,Tracheophyta,Magnoliopsida,Rosales,Moraceae,Ficus,aurea,09306_Plantae_Tracheophyta_Magnoliopsida_Rosales_Moraceae_Ficus_aurea
960,9309,Ficus petiolaris,Petiolate Fig,Plantae,Tracheophyta,Magnoliopsida,Rosales,Moraceae,Ficus,petiolaris,09309_Plantae_Tracheophyta_Magnoliopsida_Rosales_Moraceae_Ficus_petiolaris
961,9313,Morus alba,white mulberry,Plantae,Tracheophyta,Magnoliopsida,Rosales,Moraceae,Morus,alba,09313_Plantae_Tracheophyta_Magnoliopsida_Rosales_Moraceae_Morus_alba
962,9320,Ceanothus crassifolius,hoaryleaf ceanothus,Plantae,Tracheophyta,Magnoliopsida,Rosales,Rhamnaceae,Ceanothus,crassifolius,09320_Plantae_Tracheophyta_Magnoliopsida_Rosales_Rhamnaceae_Ceanothus_crassifolius
963,9332,Ceanothus velutinus,Tobacco Brush,Plantae,Tracheophyta,Magnoliopsida,Rosales,Rhamnaceae,Ceanothus,velutinus,09332_Plantae_Tracheophyta_Magnoliopsida_Rosales_Rhamnaceae_Ceanothus_velutinus
964,9339,Frangula caroliniana,Carolina buckthorn,Plantae,Tracheophyta,Magnoliopsida,Rosales,Rhamnaceae,Frangula,caroliniana,09339_Plantae_Tracheophyta_Magnoliopsida_Rosales_Rhamnaceae_Frangula_caroliniana
965,9344,Rhamnus cathartica,common buckthorn,Plantae,Tracheophyta,Magnoliopsida,Rosales,Rhamnaceae,Rhamnus,cathartica,09344_Plantae_Tracheophyta_Magnoliopsida_Rosales_Rhamnaceae_Rhamnus_cathartica
966,9371,Comarum palustre,marsh cinquefoil,Plantae,Tracheophyta,Magnoliopsida,Rosales,Rosaceae,Comarum,palustre,09371_Plantae_Tracheophyta_Magnoliopsida_Rosales_Rosaceae_Comarum_palustre
967,9386,Fragaria virginiana,Virginia strawberry,Plantae,Tracheophyta,Magnoliopsida,Rosales,Rosaceae,Fragaria,virginiana,09386_Plantae_Tracheophyta_Magnoliopsida_Rosales_Rosaceae_Fragaria_virginiana
968,9388,Geum aleppicum,Yellow Avens,Plantae,Tracheophyta,Magnoliopsida,Rosales,Rosaceae,Geum,aleppicum,09388_Plantae_Tracheophyta_Magnoliopsida_Rosales_Rosaceae_Geum_aleppicum
969,9404,Photinia serratifolia,Chinese Photinia,Plantae,Tracheophyta,Magnoliopsida,Rosales,Rosaceae,Photinia,serratifolia,09404_Plantae_Tracheophyta_Magnoliopsida_Rosales_Rosaceae_Photinia_serratifolia
970,9466,Rubus hispidus,swamp dewberry,Plantae,Tracheophyta,Magnoliopsida,Rosales,Rosaceae,Rubus,hispidus,09466_Plantae_Tracheophyta_Magnoliopsida_Rosales_Rosaceae_Rubus_hispidus
971,9481,Rubus ursinus,California Blackberry,Plantae,Tracheophyta,Magnoliopsida,Rosales,Rosaceae,Rubus,ursinus,09481_Plantae_Tracheophyta_Magnoliopsida_Rosales_Rosaceae_Rubus_ursinus
972,9482,Sanguisorba canadensis,Canadian burnet,Plantae,Tracheophyta,Magnoliopsida,Rosales,Rosaceae,Sanguisorba,canadensis,09482_Plantae_Tracheophyta_Magnoliopsida_Rosales_Rosaceae_Sanguisorba_canadensis
973,9495,Spiraea splendens,Mountain Spiraea,Plantae,Tracheophyta,Magnoliopsida,Rosales,Rosaceae,Spiraea,splendens,09495_Plantae_Tracheophyta_Magnoliopsida_Rosales_Rosaceae_Spiraea_splendens
974,9526,Phoradendron leucarpum,oak mistletoe,Plantae,Tracheophyta,Magnoliopsida,Santalales,Santalaceae,Phoradendron,leucarpum,09526_Plantae_Tracheophyta_Magnoliopsida_Santalales_Santalaceae_Phoradendron_leucarpum
975,9531,Mangifera indica,Indian Mango,Plantae,Tracheophyta,Magnoliopsida,Sapindales,Anacardiaceae,Mangifera,indica,09531_Plantae_Tracheophyta_Magnoliopsida_Sapindales_Anacardiaceae_Mangifera_indica
976,9540,Rhus ovata,sugar bush,Plantae,Tracheophyta,Magnoliopsida,Sapindales,Anacardiaceae,Rhus,ovata,09540_Plantae_Tracheophyta_Magnoliopsida_Sapindales_Anacardiaceae_Rhus_ovata
977,9563,Zanthoxylum fagara,Lime Prickly-ash,Plantae,Tracheophyta,Magnoliopsida,Sapindales,Rutaceae,Zanthoxylum,fagara,09563_Plantae_Tracheophyta_Magnoliopsida_Sapindales_Rutaceae_Zanthoxylum_fagara
978,9573,Acer nigrum,black maple,Plantae,Tracheophyta,Magnoliopsida,Sapindales,Sapindaceae,Acer,nigrum,09573_Plantae_Tracheophyta_Magnoliopsida_Sapindales_Sapindaceae_Acer_nigrum
979,9575,Acer pensylvanicum,striped maple,Plantae,Tracheophyta,Magnoliopsida,Sapindales,Sapindaceae,Acer,pensylvanicum,09575_Plantae_Tracheophyta_Magnoliopsida_Sapindales_Sapindaceae_Acer_pensylvanicum
980,9580,Acer saccharum,sugar maple,Plantae,Tracheophyta,Magnoliopsida,Sapindales,Sapindaceae,Acer,saccharum,09580_Plantae_Tracheophyta_Magnoliopsida_Sapindales_Sapindaceae_Acer_saccharum
981,9628,Ribes cereum,wax currant,Plantae,Tracheophyta,Magnoliopsida,Saxifragales,Grossulariaceae,Ribes,cereum,09628_Plantae_Tracheophyta_Magnoliopsida_Saxifragales_Grossulariaceae_Ribes_cereum
982,9692,Ipomoea batatas,sweet potato,Plantae,Tracheophyta,Magnoliopsida,Solanales,Convolvulaceae,Ipomoea,batatas,09692_Plantae_Tracheophyta_Magnoliopsida_Solanales_Convolvulaceae_Ipomoea_batatas
983,9710,Hydrolea ovata,Blue Waterleaf,Plantae,Tracheophyta,Magnoliopsida,Solanales,Hydroleaceae,Hydrolea,ovata,09710_Plantae_Tracheophyta_Magnoliopsida_Solanales_Hydroleaceae_Hydrolea_ovata
984,9719,Hyoscyamus niger,henbane,Plantae,Tracheophyta,Magnoliopsida,Solanales,Solanaceae,Hyoscyamus,niger,09719_Plantae_Tracheophyta_Magnoliopsida_Solanales_Solanaceae_Hyoscyamus_niger
985,9751,Ampelopsis arborea,pepper vine,Plantae,Tracheophyta,Magnoliopsida,Vitales,Vitaceae,Ampelopsis,arborea,09751_Plantae_Tracheophyta_Magnoliopsida_Vitales_Vitaceae_Ampelopsis_arborea
986,9763,Vitis riparia,riverbank grape,Plantae,Tracheophyta,Magnoliopsida,Vitales,Vitaceae,Vitis,riparia,09763_Plantae_Tracheophyta_Magnoliopsida_Vitales_Vitaceae_Vitis_riparia
987,9770,Guaiacum coulteri,Guaiacum coulteri,Plantae,Tracheophyta,Magnoliopsida,Zygophyllales,Zygophyllaceae,Guaiacum,coulteri,09770_Plantae_Tracheophyta_Magnoliopsida_Zygophyllales_Zygophyllaceae_Guaiacum_coulteri
988,9772,Larrea tridentata,creosote bush,Plantae,Tracheophyta,Magnoliopsida,Zygophyllales,Zygophyllaceae,Larrea,tridentata,09772_Plantae_Tracheophyta_Magnoliopsida_Zygophyllales_Zygophyllaceae_Larrea_tridentata
989,9804,Larix laricina,tamarack,Plantae,Tracheophyta,Pinopsida,Pinales,Pinaceae,Larix,laricina,09804_Plantae_Tracheophyta_Pinopsida_Pinales_Pinaceae_Larix_laricina
990,9813,Picea rubens,red spruce,Plantae,Tracheophyta,Pinopsida,Pinales,Pinaceae,Picea,rubens,09813_Plantae_Tracheophyta_Pinopsida_Pinales_Pinaceae_Picea_rubens
991,9824,Pinus jeffreyi,Jeffrey's pine,Plantae,Tracheophyta,Pinopsida,Pinales,Pinaceae,Pinus,jeffreyi,09824_Plantae_Tracheophyta_Pinopsida_Pinales_Pinaceae_Pinus_jeffreyi
992,9827,Pinus monophylla,singleleaf pinyon,Plantae,Tracheophyta,Pinopsida,Pinales,Pinaceae,Pinus,monophylla,09827_Plantae_Tracheophyta_Pinopsida_Pinales_Pinaceae_Pinus_monophylla
993,9852,Podocarpus laetus,Hall's totara,Plantae,Tracheophyta,Pinopsida,Pinales,Podocarpaceae,Podocarpus,laetus,09852_Plantae_Tracheophyta_Pinopsida_Pinales_Podocarpaceae_Podocarpus_laetus
994,9862,Cyathea smithii,soft tree fern,Plantae,Tracheophyta,Polypodiopsida,Cyatheales,Cyatheaceae,Cyathea,smithii,09862_Plantae_Tracheophyta_Polypodiopsida_Cyatheales_Cyatheaceae_Cyathea_smithii
995,9897,Asplenium hookerianum,Hooker's Spleenwort,Plantae,Tracheophyta,Polypodiopsida,Polypodiales,Aspleniaceae,Asplenium,hookerianum,09897_Plantae_Tracheophyta_Polypodiopsida_Polypodiales_Aspleniaceae_Asplenium_hookerianum
996,9898,Asplenium montanum,mountain spleenwort,Plantae,Tracheophyta,Polypodiopsida,Polypodiales,Aspleniaceae,Asplenium,montanum,09898_Plantae_Tracheophyta_Polypodiopsida_Polypodiales_Aspleniaceae_Asplenium_montanum
997,9905,Asplenium scolopendrium,Hart's-tongue fern,Plantae,Tracheophyta,Polypodiopsida,Polypodiales,Aspleniaceae,Asplenium,scolopendrium,09905_Plantae_Tracheophyta_Polypodiopsida_Polypodiales_Aspleniaceae_Asplenium_scolopendrium
998,9971,Adiantum pedatum,northern maidenhair fern,Plantae,Tracheophyta,Polypodiopsida,Polypodiales,Pteridaceae,Adiantum,pedatum,09971_Plantae_Tracheophyta_Polypodiopsida_Polypodiales_Pteridaceae_Adiantum_pedatum
999,9972,Aspidotis densa,serpentine fern,Plantae,Tracheophyta,Polypodiopsida,Polypodiales,Pteridaceae,Aspidotis,densa,09972_Plantae_Tracheophyta_Polypodiopsida_Polypodiales_Pteridaceae_Aspidotis_densa
1000,6,Aculepeira ceropegia,Oak Spider,Animalia,Arthropoda,Arachnida,Araneae,Araneidae,Aculepeira,ceropegia,00006_Animalia_Arthropoda_Arachnida_Araneae_Araneidae_Aculepeira_ceropegia
1001,10,Araneus marmoreus,Marbled Orb Weaver,Animalia,Arthropoda,Arachnida,Araneae,Araneidae,Araneus,marmoreus,00010_Animalia_Arthropoda_Arachnida_Araneae_Araneidae_Araneus_marmoreus
1002,12,Araneus trifolium,Shamrock Orbweaver,Animalia,Arthropoda,Arachnida,Araneae,Araneidae,Araneus,trifolium,00012_Animalia_Arthropoda_Arachnida_Araneae_Araneidae_Araneus_trifolium
1003,18,Argiope bruennichi,Wasp Spider,Animalia,Arthropoda,Arachnida,Araneae,Araneidae,Argiope,bruennichi,00018_Animalia_Arthropoda_Arachnida_Araneae_Araneidae_Argiope_bruennichi
1004,28,Gasteracantha cancriformis,Spinybacked Orbweaver,Animalia,Arthropoda,Arachnida,Araneae,Araneidae,Gasteracantha,cancriformis,00028_Animalia_Arthropoda_Arachnida_Araneae_Araneidae_Gasteracantha_cancriformis
1005,57,Frontinella pyramitela,Bowl and Doily Spider,Animalia,Arthropoda,Arachnida,Araneae,Linyphiidae,Frontinella,pyramitela,00057_Animalia_Arthropoda_Arachnida_Araneae_Linyphiidae_Frontinella_pyramitela
1006,63,Peucetia viridans,Green Lynx Spider,Animalia,Arthropoda,Arachnida,Araneae,Oxyopidae,Peucetia,viridans,00063_Animalia_Arthropoda_Arachnida_Araneae_Oxyopidae_Peucetia_viridans
1007,69,Dolomedes tenebrosus,Dark Fishing Spider,Animalia,Arthropoda,Arachnida,Araneae,Pisauridae,Dolomedes,tenebrosus,00069_Animalia_Arthropoda_Arachnida_Araneae_Pisauridae_Dolomedes_tenebrosus
1008,71,Pisaura mirabilis,European Nursery Web spider,Animalia,Arthropoda,Arachnida,Araneae,Pisauridae,Pisaura,mirabilis,00071_Animalia_Arthropoda_Arachnida_Araneae_Pisauridae_Pisaura_mirabilis
1009,86,Menemerus bivittatus,Gray Wall Jumper,Animalia,Arthropoda,Arachnida,Araneae,Salticidae,Menemerus,bivittatus,00086_Animalia_Arthropoda_Arachnida_Araneae_Salticidae_Menemerus_bivittatus
1010,92,Phidippus audax,Bold Jumper,Animalia,Arthropoda,Arachnida,Araneae,Salticidae,Phidippus,audax,00092_Animalia_Arthropoda_Arachnida_Araneae_Salticidae_Phidippus_audax
1011,108,Leucauge venusta,Orchard Orbweaver,Animalia,Arthropoda,Arachnida,Araneae,Tetragnathidae,Leucauge,venusta,00108_Animalia_Arthropoda_Arachnida_Araneae_Tetragnathidae_Leucauge_venusta
1012,112,Aphonopelma iodius,Desert Tarantula,Animalia,Arthropoda,Arachnida,Araneae,Theraphosidae,Aphonopelma,iodius,00112_Animalia_Arthropoda_Arachnida_Araneae_Theraphosidae_Aphonopelma_iodius
1013,113,Enoplognatha ovata,Common candy-striped spider,Animalia,Arthropoda,Arachnida,Araneae,Theridiidae,Enoplognatha,ovata,00113_Animalia_Arthropoda_Arachnida_Araneae_Theridiidae_Enoplognatha_ovata
1014,114,Latrodectus geometricus,Brown Widow,Animalia,Arthropoda,Arachnida,Araneae,Theridiidae,Latrodectus,geometricus,00114_Animalia_Arthropoda_Arachnida_Araneae_Theridiidae_Latrodectus_geometricus
1015,118,Latrodectus mactans,Southern Black Widow,Animalia,Arthropoda,Arachnida,Araneae,Theridiidae,Latrodectus,mactans,00118_Animalia_Arthropoda_Arachnida_Araneae_Theridiidae_Latrodectus_mactans
1016,122,Steatoda grossa,False Black Widow,Animalia,Arthropoda,Arachnida,Araneae,Theridiidae,Steatoda,grossa,00122_Animalia_Arthropoda_Arachnida_Araneae_Theridiidae_Steatoda_grossa
1017,123,Steatoda nobilis,Noble False Widow,Animalia,Arthropoda,Arachnida,Araneae,Theridiidae,Steatoda,nobilis,00123_Animalia_Arthropoda_Arachnida_Araneae_Theridiidae_Steatoda_nobilis
1018,127,Sidymella trapezia,Trapezoid Crab Spider,Animalia,Arthropoda,Arachnida,Araneae,Thomisidae,Sidymella,trapezia,00127_Animalia_Arthropoda_Arachnida_Araneae_Thomisidae_Sidymella_trapezia
1019,130,Zoropsis spinimana,Mediterranean Spiny False Wolf Spider,Animalia,Arthropoda,Arachnida,Araneae,Zoropsidae,Zoropsis,spinimana,00130_Animalia_Arthropoda_Arachnida_Araneae_Zoropsidae_Zoropsis_spinimana
1020,138,Dermacentor occidentalis,Pacific Coast Tick,Animalia,Arthropoda,Arachnida,Ixodida,Ixodidae,Dermacentor,occidentalis,00138_Animalia_Arthropoda_Arachnida_Ixodida_Ixodidae_Dermacentor_occidentalis
1021,141,Ixodes ricinus,Castor Bean Tick,Animalia,Arthropoda,Arachnida,Ixodida,Ixodidae,Ixodes,ricinus,00141_Animalia_Arthropoda_Arachnida_Ixodida_Ixodidae_Ixodes_ricinus
1022,142,Ixodes scapularis,Blacklegged Tick,Animalia,Arthropoda,Arachnida,Ixodida,Ixodidae,Ixodes,scapularis,00142_Animalia_Arthropoda_Arachnida_Ixodida_Ixodidae_Ixodes_scapularis
1023,145,Phalangium opilio,European Harvestman,Animalia,Arthropoda,Arachnida,Opiliones,Phalangiidae,Phalangium,opilio,00145_Animalia_Arthropoda_Arachnida_Opiliones_Phalangiidae_Phalangium_opilio
1024,155,Uroctonus mordax,Western Forest Scorpion,Animalia,Arthropoda,Arachnida,Scorpiones,Vaejovidae,Uroctonus,mordax,00155_Animalia_Arthropoda_Arachnida_Scorpiones_Vaejovidae_Uroctonus_mordax
1025,156,Vaejovis carolinianus,Southern Devil Scorpion,Animalia,Arthropoda,Arachnida,Scorpiones,Vaejovidae,Vaejovis,carolinianus,00156_Animalia_Arthropoda_Arachnida_Scorpiones_Vaejovidae_Vaejovis_carolinianus
1026,160,Scolopendra polymorpha,Common Desert Centipede,Animalia,Arthropoda,Chilopoda,Scolopendromorpha,Scolopendridae,Scolopendra,polymorpha,00160_Animalia_Arthropoda_Chilopoda_Scolopendromorpha_Scolopendridae_Scolopendra_polymorpha
1027,163,Oxidus gracilis,Greenhouse Millipede,Animalia,Arthropoda,Diplopoda,Polydesmida,Paradoxosomatidae,Oxidus,gracilis,00163_Animalia_Arthropoda_Diplopoda_Polydesmida_Paradoxosomatidae_Oxidus_gracilis
1028,169,Lepas anserifera,Goose Barnacle,Animalia,Arthropoda,Hexanauplia,Lepadiformes,Lepadidae,Lepas,anserifera,00169_Animalia_Arthropoda_Hexanauplia_Lepadiformes_Lepadidae_Lepas_anserifera
1029,171,Balanus glandula,Pacific Barnacle,Animalia,Arthropoda,Hexanauplia,Sessilia,Balanidae,Balanus,glandula,00171_Animalia_Arthropoda_Hexanauplia_Sessilia_Balanidae_Balanus_glandula
1030,177,Pycnoscelus surinamensis,Surinam Cockroach,Animalia,Arthropoda,Insecta,Blattodea,Blaberidae,Pycnoscelus,surinamensis,00177_Animalia_Arthropoda_Insecta_Blattodea_Blaberidae_Pycnoscelus_surinamensis
1031,186,Euchroma giganteum,Ceiba Borer Beetle,Animalia,Arthropoda,Insecta,Coleoptera,Buprestidae,Euchroma,giganteum,00186_Animalia_Arthropoda_Insecta_Coleoptera_Buprestidae_Euchroma_giganteum
1032,187,Atalantycha bilineata,Two-lined Leatherwing,Animalia,Arthropoda,Insecta,Coleoptera,Cantharidae,Atalantycha,bilineata,00187_Animalia_Arthropoda_Insecta_Coleoptera_Cantharidae_Atalantycha_bilineata
1033,191,Chauliognathus basalis,Colorado Soldier Beetle,Animalia,Arthropoda,Insecta,Coleoptera,Cantharidae,Chauliognathus,basalis,00191_Animalia_Arthropoda_Insecta_Coleoptera_Cantharidae_Chauliognathus_basalis
1034,222,Cerambyx scopolii,Capricorn beetle,Animalia,Arthropoda,Insecta,Coleoptera,Cerambycidae,Cerambyx,scopolii,00222_Animalia_Arthropoda_Insecta_Coleoptera_Cerambycidae_Cerambyx_scopolii
1035,223,Clytus arietis,Wasp Beetle,Animalia,Arthropoda,Insecta,Coleoptera,Cerambycidae,Clytus,arietis,00223_Animalia_Arthropoda_Insecta_Coleoptera_Cerambycidae_Clytus_arietis
1036,225,Dendrobias mandibularis,Long-jawed Longhorn Beetle,Animalia,Arthropoda,Insecta,Coleoptera,Cerambycidae,Dendrobias,mandibularis,00225_Animalia_Arthropoda_Insecta_Coleoptera_Cerambycidae_Dendrobias_mandibularis
1037,241,Plectrodera scalator,Cottonwood Borer,Animalia,Arthropoda,Insecta,Coleoptera,Cerambycidae,Plectrodera,scalator,00241_Animalia_Arthropoda_Insecta_Coleoptera_Cerambycidae_Plectrodera_scalator
1038,248,Rhagium inquisitor,Ribbed Pine Borer,Animalia,Arthropoda,Insecta,Coleoptera,Cerambycidae,Rhagium,inquisitor,00248_Animalia_Arthropoda_Insecta_Coleoptera_Cerambycidae_Rhagium_inquisitor
1039,256,Strangalepta abbreviata,Strangalepta Flower Longhorn,Animalia,Arthropoda,Insecta,Coleoptera,Cerambycidae,Strangalepta,abbreviata,00256_Animalia_Arthropoda_Insecta_Coleoptera_Cerambycidae_Strangalepta_abbreviata
1040,259,Tetraopes tetrophthalmus,Eastern Milkweed Longhorn Beetle,Animalia,Arthropoda,Insecta,Coleoptera,Cerambycidae,Tetraopes,tetrophthalmus,00259_Animalia_Arthropoda_Insecta_Coleoptera_Cerambycidae_Tetraopes_tetrophthalmus
1041,266,Anomoea laticlavia,Clay-colored Leaf Beetle,Animalia,Arthropoda,Insecta,Coleoptera,Chrysomelidae,Anomoea,laticlavia,00266_Animalia_Arthropoda_Insecta_Coleoptera_Chrysomelidae_Anomoea_laticlavia
1042,269,Cerotoma trifurcata,Bean Leaf Beetle,Animalia,Arthropoda,Insecta,Coleoptera,Chrysomelidae,Cerotoma,trifurcata,00269_Animalia_Arthropoda_Insecta_Coleoptera_Chrysomelidae_Cerotoma_trifurcata
1043,272,Chrysochus cobaltinus,Cobalt Milkweed Beetle,Animalia,Arthropoda,Insecta,Coleoptera,Chrysomelidae,Chrysochus,cobaltinus,00272_Animalia_Arthropoda_Insecta_Coleoptera_Chrysomelidae_Chrysochus_cobaltinus
1044,278,Chrysomela vigintipunctata,Spotted Willow Leaf Beetle,Animalia,Arthropoda,Insecta,Coleoptera,Chrysomelidae,Chrysomela,vigintipunctata,00278_Animalia_Arthropoda_Insecta_Coleoptera_Chrysomelidae_Chrysomela_vigintipunctata
1045,287,Labidomera clivicollis,Milkweed Leaf Beetle,Animalia,Arthropoda,Insecta,Coleoptera,Chrysomelidae,Labidomera,clivicollis,00287_Animalia_Arthropoda_Insecta_Coleoptera_Chrysomelidae_Labidomera_clivicollis
1046,310,Coccinella septempunctata,Seven-spotted Ladybird Beetle,Animalia,Arthropoda,Insecta,Coleoptera,Coccinellidae,Coccinella,septempunctata,00310_Animalia_Arthropoda_Insecta_Coleoptera_Coccinellidae_Coccinella_septempunctata
1047,311,Coccinella transversalis,Small Transverse Ladybird Beetle,Animalia,Arthropoda,Insecta,Coleoptera,Coccinellidae,Coccinella,transversalis,00311_Animalia_Arthropoda_Insecta_Coleoptera_Coccinellidae_Coccinella_transversalis
1048,312,Coccinella trifasciata,Three-banded Ladybug,Animalia,Arthropoda,Insecta,Coleoptera,Coccinellidae,Coccinella,trifasciata,00312_Animalia_Arthropoda_Insecta_Coleoptera_Coccinellidae_Coccinella_trifasciata
1049,319,Cycloneda sanguinea,Spotless Ladybird,Animalia,Arthropoda,Insecta,Coleoptera,Coccinellidae,Cycloneda,sanguinea,00319_Animalia_Arthropoda_Insecta_Coleoptera_Coccinellidae_Cycloneda_sanguinea
1050,330,Olla v-nigrum,Ashy Gray Ladybug,Animalia,Arthropoda,Insecta,Coleoptera,Coccinellidae,Olla,v-nigrum,00330_Animalia_Arthropoda_Insecta_Coleoptera_Coccinellidae_Olla_v-nigrum
1051,339,Pantomorus cervinus,Fuller's rose weevil,Animalia,Arthropoda,Insecta,Coleoptera,Curculionidae,Pantomorus,cervinus,00339_Animalia_Arthropoda_Insecta_Coleoptera_Curculionidae_Pantomorus_cervinus
1052,347,Alaus lusciosus,Texas Eyed Click Beetle,Animalia,Arthropoda,Insecta,Coleoptera,Elateridae,Alaus,lusciosus,00347_Animalia_Arthropoda_Insecta_Coleoptera_Elateridae_Alaus_lusciosus
1053,352,Trypocopris vernalis,Springtime Dung Beetle,Animalia,Arthropoda,Insecta,Coleoptera,Geotrupidae,Trypocopris,vernalis,00352_Animalia_Arthropoda_Insecta_Coleoptera_Geotrupidae_Trypocopris_vernalis
1054,353,Ellychnia corrusca,Diurnal Firefly,Animalia,Arthropoda,Insecta,Coleoptera,Lampyridae,Ellychnia,corrusca,00353_Animalia_Arthropoda_Insecta_Coleoptera_Lampyridae_Ellychnia_corrusca
1055,358,Lucanus capreolus,Reddish-brown Stag Beetle,Animalia,Arthropoda,Insecta,Coleoptera,Lucanidae,Lucanus,capreolus,00358_Animalia_Arthropoda_Insecta_Coleoptera_Lucanidae_Lucanus_capreolus
1056,364,Cysteodemus armatus,Inflated Beetle,Animalia,Arthropoda,Insecta,Coleoptera,Meloidae,Cysteodemus,armatus,00364_Animalia_Arthropoda_Insecta_Coleoptera_Meloidae_Cysteodemus_armatus
1057,368,Meloe violaceus,Violet Oil Beetle,Animalia,Arthropoda,Insecta,Coleoptera,Meloidae,Meloe,violaceus,00368_Animalia_Arthropoda_Insecta_Coleoptera_Meloidae_Meloe_violaceus
1058,376,Callistethus marginatus,Margined Shining Leaf Chafer,Animalia,Arthropoda,Insecta,Coleoptera,Scarabaeidae,Callistethus,marginatus,00376_Animalia_Arthropoda_Insecta_Coleoptera_Scarabaeidae_Callistethus_marginatus
1059,379,Cotinis nitida,Green June Beetle,Animalia,Arthropoda,Insecta,Coleoptera,Scarabaeidae,Cotinis,nitida,00379_Animalia_Arthropoda_Insecta_Coleoptera_Scarabaeidae_Cotinis_nitida
1060,380,Digitonthophagus gazella,Gazelle Scarab,Animalia,Arthropoda,Insecta,Coleoptera,Scarabaeidae,Digitonthophagus,gazella,00380_Animalia_Arthropoda_Insecta_Coleoptera_Scarabaeidae_Digitonthophagus_gazella
1061,396,Popillia japonica,Japanese Beetle,Animalia,Arthropoda,Insecta,Coleoptera,Scarabaeidae,Popillia,japonica,00396_Animalia_Arthropoda_Insecta_Coleoptera_Scarabaeidae_Popillia_japonica
1062,406,Necrophila americana,American Carrion Beetle,Animalia,Arthropoda,Insecta,Coleoptera,Silphidae,Necrophila,americana,00406_Animalia_Arthropoda_Insecta_Coleoptera_Silphidae_Necrophila_americana
1063,407,Nicrophorus orbicollis,Roundneck Sexton Beetle,Animalia,Arthropoda,Insecta,Coleoptera,Silphidae,Nicrophorus,orbicollis,00407_Animalia_Arthropoda_Insecta_Coleoptera_Silphidae_Nicrophorus_orbicollis
1064,408,Nicrophorus tomentosus,Tomentose Burying Beetle,Animalia,Arthropoda,Insecta,Coleoptera,Silphidae,Nicrophorus,tomentosus,00408_Animalia_Arthropoda_Insecta_Coleoptera_Silphidae_Nicrophorus_tomentosus
1065,410,Oiceoptoma thoracicum,Red-breasted Carrion Beetle,Animalia,Arthropoda,Insecta,Coleoptera,Silphidae,Oiceoptoma,thoracicum,00410_Animalia_Arthropoda_Insecta_Coleoptera_Silphidae_Oiceoptoma_thoracicum
1066,412,Ocypus olens,Devil's Coach-horse Beetle,Animalia,Arthropoda,Insecta,Coleoptera,Staphylinidae,Ocypus,olens,00412_Animalia_Arthropoda_Insecta_Coleoptera_Staphylinidae_Ocypus_olens
1067,416,Lagria hirta,Hirta Beetle,Animalia,Arthropoda,Insecta,Coleoptera,Tenebrionidae,Lagria,hirta,00416_Animalia_Arthropoda_Insecta_Coleoptera_Tenebrionidae_Lagria_hirta
1068,417,Phloeodes diabolicus,Diabolical Ironclad Beetle,Animalia,Arthropoda,Insecta,Coleoptera,Zopheridae,Phloeodes,diabolicus,00417_Animalia_Arthropoda_Insecta_Coleoptera_Zopheridae_Phloeodes_diabolicus
1069,419,Euborellia annulipes,Ring-legged Earwig,Animalia,Arthropoda,Insecta,Dermaptera,Anisolabididae,Euborellia,annulipes,00419_Animalia_Arthropoda_Insecta_Dermaptera_Anisolabididae_Euborellia_annulipes
1070,421,Dioctria hyalipennis,Dioctria hyalipennis,Animalia,Arthropoda,Insecta,Diptera,Asilidae,Dioctria,hyalipennis,00421_Animalia_Arthropoda_Insecta_Diptera_Asilidae_Dioctria_hyalipennis
1071,437,Lucilia sericata,Common Greenbottle Fly,Animalia,Arthropoda,Insecta,Diptera,Calliphoridae,Lucilia,sericata,00437_Animalia_Arthropoda_Insecta_Diptera_Calliphoridae_Lucilia_sericata
1072,454,Bittacomorpha clavipes,Eastern Phantom Crane Fly,Animalia,Arthropoda,Insecta,Diptera,Ptychopteridae,Bittacomorpha,clavipes,00454_Animalia_Arthropoda_Insecta_Diptera_Ptychopteridae_Bittacomorpha_clavipes
1073,458,Hermetia illucens,Black Soldier Fly,Animalia,Arthropoda,Insecta,Diptera,Stratiomyidae,Hermetia,illucens,00458_Animalia_Arthropoda_Insecta_Diptera_Stratiomyidae_Hermetia_illucens
1074,460,Allograpta obliqua,Oblique Stripetail Hoverfly,Animalia,Arthropoda,Insecta,Diptera,Syrphidae,Allograpta,obliqua,00460_Animalia_Arthropoda_Insecta_Diptera_Syrphidae_Allograpta_obliqua
1075,476,Helophilus pendulus,Dangling Swamp-lover,Animalia,Arthropoda,Insecta,Diptera,Syrphidae,Helophilus,pendulus,00476_Animalia_Arthropoda_Insecta_Diptera_Syrphidae_Helophilus_pendulus
1076,480,Milesia virginiensis,Virginia Flower Fly,Animalia,Arthropoda,Insecta,Diptera,Syrphidae,Milesia,virginiensis,00480_Animalia_Arthropoda_Insecta_Diptera_Syrphidae_Milesia_virginiensis
1077,481,Myathropa florea,Yellow-haired Sunfly,Animalia,Arthropoda,Insecta,Diptera,Syrphidae,Myathropa,florea,00481_Animalia_Arthropoda_Insecta_Diptera_Syrphidae_Myathropa_florea
1078,482,Ocyptamus fuscipennis,Dusky-winged Hover Fly,Animalia,Arthropoda,Insecta,Diptera,Syrphidae,Ocyptamus,fuscipennis,00482_Animalia_Arthropoda_Insecta_Diptera_Syrphidae_Ocyptamus_fuscipennis
1079,484,Paragus haemorrhous,Black-backed Grass Skimmer,Animalia,Arthropoda,Insecta,Diptera,Syrphidae,Paragus,haemorrhous,00484_Animalia_Arthropoda_Insecta_Diptera_Syrphidae_Paragus_haemorrhous
1080,485,Scaeva affinis,White-bowed Smoothwing,Animalia,Arthropoda,Insecta,Diptera,Syrphidae,Scaeva,affinis,00485_Animalia_Arthropoda_Insecta_Diptera_Syrphidae_Scaeva_affinis
1081,487,Sphaerophoria scripta,Long Hover Fly,Animalia,Arthropoda,Insecta,Diptera,Syrphidae,Sphaerophoria,scripta,00487_Animalia_Arthropoda_Insecta_Diptera_Syrphidae_Sphaerophoria_scripta
1082,499,Hystricia abrupta,Tomato Bristle Fly,Animalia,Arthropoda,Insecta,Diptera,Tachinidae,Hystricia,abrupta,00499_Animalia_Arthropoda_Insecta_Diptera_Tachinidae_Hystricia_abrupta
1083,510,Elasmostethus cruciatus,Red-cross Shield Bug,Animalia,Arthropoda,Insecta,Hemiptera,Acanthosomatidae,Elasmostethus,cruciatus,00510_Animalia_Arthropoda_Insecta_Hemiptera_Acanthosomatidae_Elasmostethus_cruciatus
1084,523,Philaenus spumarius,Meadow spittlebug,Animalia,Arthropoda,Insecta,Hemiptera,Aphrophoridae,Philaenus,spumarius,00523_Animalia_Arthropoda_Insecta_Hemiptera_Aphrophoridae_Philaenus_spumarius
1085,527,Cicadella viridis,Green Leafhopper,Animalia,Arthropoda,Insecta,Hemiptera,Cicadellidae,Cicadella,viridis,00527_Animalia_Arthropoda_Insecta_Hemiptera_Cicadellidae_Cicadella_viridis
1086,528,Colladonus clitellarius,Saddled Leafhopper,Animalia,Arthropoda,Insecta,Hemiptera,Cicadellidae,Colladonus,clitellarius,00528_Animalia_Arthropoda_Insecta_Hemiptera_Cicadellidae_Colladonus_clitellarius
1087,530,Excultanus excultus,Excultanus excultus,Animalia,Arthropoda,Insecta,Hemiptera,Cicadellidae,Excultanus,excultus,00530_Animalia_Arthropoda_Insecta_Hemiptera_Cicadellidae_Excultanus_excultus
1088,532,Graphocephala coccinea,Red-banded Leafhopper,Animalia,Arthropoda,Insecta,Hemiptera,Cicadellidae,Graphocephala,coccinea,00532_Animalia_Arthropoda_Insecta_Hemiptera_Cicadellidae_Graphocephala_coccinea
1089,536,Jikradia olitoria,Coppery Leafhopper,Animalia,Arthropoda,Insecta,Hemiptera,Cicadellidae,Jikradia,olitoria,00536_Animalia_Arthropoda_Insecta_Hemiptera_Cicadellidae_Jikradia_olitoria
1090,549,Neotibicen canicularis,Northern Dog-day Cicada,Animalia,Arthropoda,Insecta,Hemiptera,Cicadidae,Neotibicen,canicularis,00549_Animalia_Arthropoda_Insecta_Hemiptera_Cicadidae_Neotibicen_canicularis
1091,561,Chelinidea vittiger,Chelinidea vittiger,Animalia,Arthropoda,Insecta,Hemiptera,Coreidae,Chelinidea,vittiger,00561_Animalia_Arthropoda_Insecta_Hemiptera_Coreidae_Chelinidea_vittiger
1092,565,Hypselonotus interruptus,Hypselonotus interruptus,Animalia,Arthropoda,Insecta,Hemiptera,Coreidae,Hypselonotus,interruptus,00565_Animalia_Arthropoda_Insecta_Hemiptera_Coreidae_Hypselonotus_interruptus
1093,571,Leptoglossus zonatus,Leptoglossus zonatus,Animalia,Arthropoda,Insecta,Hemiptera,Coreidae,Leptoglossus,zonatus,00571_Animalia_Arthropoda_Insecta_Hemiptera_Coreidae_Leptoglossus_zonatus
1094,590,Melacoryphus lateralis,Charcoal Seed Bug,Animalia,Arthropoda,Insecta,Hemiptera,Lygaeidae,Melacoryphus,lateralis,00590_Animalia_Arthropoda_Insecta_Hemiptera_Lygaeidae_Melacoryphus_lateralis
1095,593,Spilostethus pandurus,Spilostethus pandurus,Animalia,Arthropoda,Insecta,Hemiptera,Lygaeidae,Spilostethus,pandurus,00593_Animalia_Arthropoda_Insecta_Hemiptera_Lygaeidae_Spilostethus_pandurus
1096,594,Spilostethus saxatilis,Spilostethus saxatilis,Animalia,Arthropoda,Insecta,Hemiptera,Lygaeidae,Spilostethus,saxatilis,00594_Animalia_Arthropoda_Insecta_Hemiptera_Lygaeidae_Spilostethus_saxatilis
1097,599,Deraeocoris ruber,Deraeocoris ruber,Animalia,Arthropoda,Insecta,Hemiptera,Miridae,Deraeocoris,ruber,00599_Animalia_Arthropoda_Insecta_Hemiptera_Miridae_Deraeocoris_ruber
1098,600,Leptopterna dolabrata,Meadow Plant Bug,Animalia,Arthropoda,Insecta,Hemiptera,Miridae,Leptopterna,dolabrata,00600_Animalia_Arthropoda_Insecta_Hemiptera_Miridae_Leptopterna_dolabrata
1099,623,Euthyrhynchus floridanus,Florida Predatory Stink Bug,Animalia,Arthropoda,Insecta,Hemiptera,Pentatomidae,Euthyrhynchus,floridanus,00623_Animalia_Arthropoda_Insecta_Hemiptera_Pentatomidae_Euthyrhynchus_floridanus
1100,653,Rasahus hamatus,Rasahus hamatus,Animalia,Arthropoda,Insecta,Hemiptera,Reduviidae,Rasahus,hamatus,00653_Animalia_Arthropoda_Insecta_Hemiptera_Reduviidae_Rasahus_hamatus
1101,659,Zelus tetracanthus,Four-spurred Assassin Bug,Animalia,Arthropoda,Insecta,Hemiptera,Reduviidae,Zelus,tetracanthus,00659_Animalia_Arthropoda_Insecta_Hemiptera_Reduviidae_Zelus_tetracanthus
1102,663,Jadera haematoloma,Red-shouldered Bug,Animalia,Arthropoda,Insecta,Hemiptera,Rhopalidae,Jadera,haematoloma,00663_Animalia_Arthropoda_Insecta_Hemiptera_Rhopalidae_Jadera_haematoloma
1103,683,Bombus californicus,California Bumble Bee,Animalia,Arthropoda,Insecta,Hymenoptera,Apidae,Bombus,californicus,00683_Animalia_Arthropoda_Insecta_Hymenoptera_Apidae_Bombus_californicus
1104,691,Bombus lapidarius,Large Red-tailed Bumblebee,Animalia,Arthropoda,Insecta,Hymenoptera,Apidae,Bombus,lapidarius,00691_Animalia_Arthropoda_Insecta_Hymenoptera_Apidae_Bombus_lapidarius
1105,703,Bombus terricola,Yellow-banded Bumble Bee,Animalia,Arthropoda,Insecta,Hymenoptera,Apidae,Bombus,terricola,00703_Animalia_Arthropoda_Insecta_Hymenoptera_Apidae_Bombus_terricola
1106,709,Trigona fulviventris,Fox-colored Stingless Bee,Animalia,Arthropoda,Insecta,Hymenoptera,Apidae,Trigona,fulviventris,00709_Animalia_Arthropoda_Insecta_Hymenoptera_Apidae_Trigona_fulviventris
1107,717,Chrysis angolensis,Chrysis angolensis,Animalia,Arthropoda,Insecta,Hymenoptera,Chrysididae,Chrysis,angolensis,00717_Animalia_Arthropoda_Insecta_Hymenoptera_Chrysididae_Chrysis_angolensis
1108,726,Trypoxylon politum,Organ-pipe Mud-dauber Wasp,Animalia,Arthropoda,Insecta,Hymenoptera,Crabronidae,Trypoxylon,politum,00726_Animalia_Arthropoda_Insecta_Hymenoptera_Crabronidae_Trypoxylon_politum
1109,731,Andricus quercuscalifornicus,California Gall Wasp,Animalia,Arthropoda,Insecta,Hymenoptera,Cynipidae,Andricus,quercuscalifornicus,00731_Animalia_Arthropoda_Insecta_Hymenoptera_Cynipidae_Andricus_quercuscalifornicus
1110,744,Camponotus fulvopilosus,Karoo Balbyter Sugar Ant,Animalia,Arthropoda,Insecta,Hymenoptera,Formicidae,Camponotus,fulvopilosus,00744_Animalia_Arthropoda_Insecta_Hymenoptera_Formicidae_Camponotus_fulvopilosus
1111,755,Iridomyrmex purpureus,Meat Ant,Animalia,Arthropoda,Insecta,Hymenoptera,Formicidae,Iridomyrmex,purpureus,00755_Animalia_Arthropoda_Insecta_Hymenoptera_Formicidae_Iridomyrmex_purpureus
1112,757,Liometopum occidentale,Velvety Tree Ant,Animalia,Arthropoda,Insecta,Hymenoptera,Formicidae,Liometopum,occidentale,00757_Animalia_Arthropoda_Insecta_Hymenoptera_Formicidae_Liometopum_occidentale
1113,764,Pogonomyrmex californicus,California Harvester Ant,Animalia,Arthropoda,Insecta,Hymenoptera,Formicidae,Pogonomyrmex,californicus,00764_Animalia_Arthropoda_Insecta_Hymenoptera_Formicidae_Pogonomyrmex_californicus
1114,807,Sphex pensylvanicus,Great Black Wasp,Animalia,Arthropoda,Insecta,Hymenoptera,Sphecidae,Sphex,pensylvanicus,00807_Animalia_Arthropoda_Insecta_Hymenoptera_Sphecidae_Sphex_pensylvanicus
1115,823,Polistes apachus,Apache Wasp,Animalia,Arthropoda,Insecta,Hymenoptera,Vespidae,Polistes,apachus,00823_Animalia_Arthropoda_Insecta_Hymenoptera_Vespidae_Polistes_apachus
1116,824,Polistes aurifer,Golden Paper Wasp,Animalia,Arthropoda,Insecta,Hymenoptera,Vespidae,Polistes,aurifer,00824_Animalia_Arthropoda_Insecta_Hymenoptera_Vespidae_Polistes_aurifer
1117,834,Polistes humilis,Australian Paper Wasp,Animalia,Arthropoda,Insecta,Hymenoptera,Vespidae,Polistes,humilis,00834_Animalia_Arthropoda_Insecta_Hymenoptera_Vespidae_Polistes_humilis
1118,846,Vespula vidua,Widow Yellowjacket,Animalia,Arthropoda,Insecta,Hymenoptera,Vespidae,Vespula,vidua,00846_Animalia_Arthropoda_Insecta_Hymenoptera_Vespidae_Vespula_vidua
1119,848,Adela reaumurella,Green Longhorn Moth,Animalia,Arthropoda,Insecta,Lepidoptera,Adelidae,Adela,reaumurella,00848_Animalia_Arthropoda_Insecta_Lepidoptera_Adelidae_Adela_reaumurella
1120,852,Blastobasis glandulella,Acorn Moth,Animalia,Arthropoda,Insecta,Lepidoptera,Blastobasidae,Blastobasis,glandulella,00852_Animalia_Arthropoda_Insecta_Lepidoptera_Blastobasidae_Blastobasis_glandulella
1121,856,Zeuzera pyrina,Leopard Moth,Animalia,Arthropoda,Insecta,Lepidoptera,Cossidae,Zeuzera,pyrina,00856_Animalia_Arthropoda_Insecta_Lepidoptera_Cossidae_Zeuzera_pyrina
1122,864,Anania hortulata,Small Magpie,Animalia,Arthropoda,Insecta,Lepidoptera,Crambidae,Anania,hortulata,00864_Animalia_Arthropoda_Insecta_Lepidoptera_Crambidae_Anania_hortulata
1123,868,Chalcoela iphitalis,Sooty-winged Chalcoela Moth,Animalia,Arthropoda,Insecta,Lepidoptera,Crambidae,Chalcoela,iphitalis,00868_Animalia_Arthropoda_Insecta_Lepidoptera_Crambidae_Chalcoela_iphitalis
1124,881,Diaphania indica,Cucumber Moth,Animalia,Arthropoda,Insecta,Lepidoptera,Crambidae,Diaphania,indica,00881_Animalia_Arthropoda_Insecta_Lepidoptera_Crambidae_Diaphania_indica
1125,884,Elophila gyralis,Waterlily Borer Moth,Animalia,Arthropoda,Insecta,Lepidoptera,Crambidae,Elophila,gyralis,00884_Animalia_Arthropoda_Insecta_Lepidoptera_Crambidae_Elophila_gyralis
1126,898,Hymenia perspectalis,Spotted Beet Webworm,Animalia,Arthropoda,Insecta,Lepidoptera,Crambidae,Hymenia,perspectalis,00898_Animalia_Arthropoda_Insecta_Lepidoptera_Crambidae_Hymenia_perspectalis
1127,900,Leucinodes cordalis,Poroporo fruit borer,Animalia,Arthropoda,Insecta,Lepidoptera,Crambidae,Leucinodes,cordalis,00900_Animalia_Arthropoda_Insecta_Lepidoptera_Crambidae_Leucinodes_cordalis
1128,901,Lineodes integra,Eggplant Leafroller,Animalia,Arthropoda,Insecta,Lepidoptera,Crambidae,Lineodes,integra,00901_Animalia_Arthropoda_Insecta_Lepidoptera_Crambidae_Lineodes_integra
1129,923,Patania ruralis,Mother of Pearl,Animalia,Arthropoda,Insecta,Lepidoptera,Crambidae,Patania,ruralis,00923_Animalia_Arthropoda_Insecta_Lepidoptera_Crambidae_Patania_ruralis
1130,927,Pyrausta acrionalis,Mint-loving Pyrausta Moth,Animalia,Arthropoda,Insecta,Lepidoptera,Crambidae,Pyrausta,acrionalis,00927_Animalia_Arthropoda_Insecta_Lepidoptera_Crambidae_Pyrausta_acrionalis
1131,935,Pyrausta signatalis,Raspberry Pyrausta Moth,Animalia,Arthropoda,Insecta,Lepidoptera,Crambidae,Pyrausta,signatalis,00935_Animalia_Arthropoda_Insecta_Lepidoptera_Crambidae_Pyrausta_signatalis
1132,942,Scoparia biplagialis,Double-striped Scoparia Moth,Animalia,Arthropoda,Insecta,Lepidoptera,Crambidae,Scoparia,biplagialis,00942_Animalia_Arthropoda_Insecta_Lepidoptera_Crambidae_Scoparia_biplagialis
1133,956,Habrosyne pyritoides,Buff Arches,Animalia,Arthropoda,Insecta,Lepidoptera,Drepanidae,Habrosyne,pyritoides,00956_Animalia_Arthropoda_Insecta_Lepidoptera_Drepanidae_Habrosyne_pyritoides
1134,971,Apantesis phalerata,Harnessed Moth,Animalia,Arthropoda,Insecta,Lepidoptera,Erebidae,Apantesis,phalerata,00971_Animalia_Arthropoda_Insecta_Lepidoptera_Erebidae_Apantesis_phalerata
1135,981,Ascalapha odorata,Black Witch,Animalia,Arthropoda,Insecta,Lepidoptera,Erebidae,Ascalapha,odorata,00981_Animalia_Arthropoda_Insecta_Lepidoptera_Erebidae_Ascalapha_odorata
1136,986,Brunia antica,Brunia antica,Animalia,Arthropoda,Insecta,Lepidoptera,Erebidae,Brunia,antica,00986_Animalia_Arthropoda_Insecta_Lepidoptera_Erebidae_Brunia_antica
1137,990,Caenurgina erechtea,Forage Looper Moth,Animalia,Arthropoda,Insecta,Lepidoptera,Erebidae,Caenurgina,erechtea,00990_Animalia_Arthropoda_Insecta_Lepidoptera_Erebidae_Caenurgina_erechtea
1138,992,Callistege mi,Mother Shipton,Animalia,Arthropoda,Insecta,Lepidoptera,Erebidae,Callistege,mi,00992_Animalia_Arthropoda_Insecta_Lepidoptera_Erebidae_Callistege_mi
1139,1000,Catocala maestosa,Sad Underwing Moth,Animalia,Arthropoda,Insecta,Lepidoptera,Erebidae,Catocala,maestosa,01000_Animalia_Arthropoda_Insecta_Lepidoptera_Erebidae_Catocala_maestosa
1140,1010,Cisthene plumbea,Lead-colored Lichen Moth,Animalia,Arthropoda,Insecta,Lepidoptera,Erebidae,Cisthene,plumbea,01010_Animalia_Arthropoda_Insecta_Lepidoptera_Erebidae_Cisthene_plumbea
1141,1025,Eilema depressa,Buff Footman,Animalia,Arthropoda,Insecta,Lepidoptera,Erebidae,Eilema,depressa,01025_Animalia_Arthropoda_Insecta_Lepidoptera_Erebidae_Eilema_depressa
1142,1028,Erebus ephesperis,Erebus ephesperis,Animalia,Arthropoda,Insecta,Lepidoptera,Erebidae,Erebus,ephesperis,01028_Animalia_Arthropoda_Insecta_Lepidoptera_Erebidae_Erebus_ephesperis
1143,1031,Euchaetes egle,Milkweed Tussock Moth,Animalia,Arthropoda,Insecta,Lepidoptera,Erebidae,Euchaetes,egle,01031_Animalia_Arthropoda_Insecta_Lepidoptera_Erebidae_Euchaetes_egle
1144,1036,Euplagia quadripunctaria,Jersey Tiger,Animalia,Arthropoda,Insecta,Lepidoptera,Erebidae,Euplagia,quadripunctaria,01036_Animalia_Arthropoda_Insecta_Lepidoptera_Erebidae_Euplagia_quadripunctaria
1145,1039,Halone sejuncta,Bird Dropping Lichen Moth,Animalia,Arthropoda,Insecta,Lepidoptera,Erebidae,Halone,sejuncta,01039_Animalia_Arthropoda_Insecta_Lepidoptera_Erebidae_Halone_sejuncta
1146,1045,Hypena abalienalis,White-lined Snout,Animalia,Arthropoda,Insecta,Lepidoptera,Erebidae,Hypena,abalienalis,01045_Animalia_Arthropoda_Insecta_Lepidoptera_Erebidae_Hypena_abalienalis
1147,1052,Hypena proboscidalis,The Snout,Animalia,Arthropoda,Insecta,Lepidoptera,Erebidae,Hypena,proboscidalis,01052_Animalia_Arthropoda_Insecta_Lepidoptera_Erebidae_Hypena_proboscidalis
1148,1071,Lophocampa caryae,Hickory Tussock Moth,Animalia,Arthropoda,Insecta,Lepidoptera,Erebidae,Lophocampa,caryae,01071_Animalia_Arthropoda_Insecta_Lepidoptera_Erebidae_Lophocampa_caryae
1149,1073,Lycomorpha pholus,Black-and-yellow Lichen Moth,Animalia,Arthropoda,Insecta,Lepidoptera,Erebidae,Lycomorpha,pholus,01073_Animalia_Arthropoda_Insecta_Lepidoptera_Erebidae_Lycomorpha_pholus
1150,1079,Melipotis jucunda,Merry Melipotis,Animalia,Arthropoda,Insecta,Lepidoptera,Erebidae,Melipotis,jucunda,01079_Animalia_Arthropoda_Insecta_Lepidoptera_Erebidae_Melipotis_jucunda
1151,1081,Metria amella,Live Oak Metria Moth,Animalia,Arthropoda,Insecta,Lepidoptera,Erebidae,Metria,amella,01081_Animalia_Arthropoda_Insecta_Lepidoptera_Erebidae_Metria_amella
1152,1086,Nigetia formosalis,Thin-winged Owlet Moth,Animalia,Arthropoda,Insecta,Lepidoptera,Erebidae,Nigetia,formosalis,01086_Animalia_Arthropoda_Insecta_Lepidoptera_Erebidae_Nigetia_formosalis
1153,1107,Phalaenophana pyramusalis,Dark-banded Owlet,Animalia,Arthropoda,Insecta,Lepidoptera,Erebidae,Phalaenophana,pyramusalis,01107_Animalia_Arthropoda_Insecta_Lepidoptera_Erebidae_Phalaenophana_pyramusalis
1154,1128,Syntomeida epilais,Polka-Dot Wasp Moth,Animalia,Arthropoda,Insecta,Lepidoptera,Erebidae,Syntomeida,epilais,01128_Animalia_Arthropoda_Insecta_Lepidoptera_Erebidae_Syntomeida_epilais
1155,1131,Trigonodes hyppasia,Triangles,Animalia,Arthropoda,Insecta,Lepidoptera,Erebidae,Trigonodes,hyppasia,01131_Animalia_Arthropoda_Insecta_Lepidoptera_Erebidae_Trigonodes_hyppasia
1156,1132,Tyria jacobaeae,Cinnabar moth,Animalia,Arthropoda,Insecta,Lepidoptera,Erebidae,Tyria,jacobaeae,01132_Animalia_Arthropoda_Insecta_Lepidoptera_Erebidae_Tyria_jacobaeae
1157,1133,Utetheisa ornatrix,Ornate Bella Moth,Animalia,Arthropoda,Insecta,Lepidoptera,Erebidae,Utetheisa,ornatrix,01133_Animalia_Arthropoda_Insecta_Lepidoptera_Erebidae_Utetheisa_ornatrix
1158,1144,Paectes oculatrix,Eyed Paectes Moth,Animalia,Arthropoda,Insecta,Lepidoptera,Euteliidae,Paectes,oculatrix,01144_Animalia_Arthropoda_Insecta_Lepidoptera_Euteliidae_Paectes_oculatrix
1159,1145,Chionodes mediofuscella,Black-smudged Chionodes Moth,Animalia,Arthropoda,Insecta,Lepidoptera,Gelechiidae,Chionodes,mediofuscella,01145_Animalia_Arthropoda_Insecta_Lepidoptera_Gelechiidae_Chionodes_mediofuscella
1160,1153,Aplocera plagiata,St. John's Wort Inchworm,Animalia,Arthropoda,Insecta,Lepidoptera,Geometridae,Aplocera,plagiata,01153_Animalia_Arthropoda_Insecta_Lepidoptera_Geometridae_Aplocera_plagiata
1161,1158,Cabera pusaria,Common White Wave,Animalia,Arthropoda,Insecta,Lepidoptera,Geometridae,Cabera,pusaria,01158_Animalia_Arthropoda_Insecta_Lepidoptera_Geometridae_Cabera_pusaria
1162,1171,Cingilia catenaria,Chain-dotted Geometer,Animalia,Arthropoda,Insecta,Lepidoptera,Geometridae,Cingilia,catenaria,01171_Animalia_Arthropoda_Insecta_Lepidoptera_Geometridae_Cingilia_catenaria
1163,1172,Circopetes obtusata,Broken Leaf Moth,Animalia,Arthropoda,Insecta,Lepidoptera,Geometridae,Circopetes,obtusata,01172_Animalia_Arthropoda_Insecta_Lepidoptera_Geometridae_Circopetes_obtusata
1164,1173,Cladara atroliturata,The Scribbler,Animalia,Arthropoda,Insecta,Lepidoptera,Geometridae,Cladara,atroliturata,01173_Animalia_Arthropoda_Insecta_Lepidoptera_Geometridae_Cladara_atroliturata
1165,1185,Cyclophora pendulinaria,Sweetfern Geometer Moth,Animalia,Arthropoda,Insecta,Lepidoptera,Geometridae,Cyclophora,pendulinaria,01185_Animalia_Arthropoda_Insecta_Lepidoptera_Geometridae_Cyclophora_pendulinaria
1166,1187,Dichorda iridaria,Showy Emerald,Animalia,Arthropoda,Insecta,Lepidoptera,Geometridae,Dichorda,iridaria,01187_Animalia_Arthropoda_Insecta_Lepidoptera_Geometridae_Dichorda_iridaria
1167,1198,Dysstroma truncata,Marbled Carpet Moth,Animalia,Arthropoda,Insecta,Lepidoptera,Geometridae,Dysstroma,truncata,01198_Animalia_Arthropoda_Insecta_Lepidoptera_Geometridae_Dysstroma_truncata
1168,1213,Eulithis explanata,White Eulithis Moth,Animalia,Arthropoda,Insecta,Lepidoptera,Geometridae,Eulithis,explanata,01213_Animalia_Arthropoda_Insecta_Lepidoptera_Geometridae_Eulithis_explanata
1169,1223,Gymnoscelis rufifasciata,Double-striped Pug,Animalia,Arthropoda,Insecta,Lepidoptera,Geometridae,Gymnoscelis,rufifasciata,01223_Animalia_Arthropoda_Insecta_Lepidoptera_Geometridae_Gymnoscelis_rufifasciata
1170,1236,Idaea demissaria,Red-bordered Wave,Animalia,Arthropoda,Insecta,Lepidoptera,Geometridae,Idaea,demissaria,01236_Animalia_Arthropoda_Insecta_Lepidoptera_Geometridae_Idaea_demissaria
1171,1257,Macaria bisignata,Red-headed Inchworm Moth,Animalia,Arthropoda,Insecta,Lepidoptera,Geometridae,Macaria,bisignata,01257_Animalia_Arthropoda_Insecta_Lepidoptera_Geometridae_Macaria_bisignata
1172,1258,Macaria liturata,Tawny-barred Angle Moth,Animalia,Arthropoda,Insecta,Lepidoptera,Geometridae,Macaria,liturata,01258_Animalia_Arthropoda_Insecta_Lepidoptera_Geometridae_Macaria_liturata
1173,1260,Melanchroia chephise,White-tipped Black,Animalia,Arthropoda,Insecta,Lepidoptera,Geometridae,Melanchroia,chephise,01260_Animalia_Arthropoda_Insecta_Lepidoptera_Geometridae_Melanchroia_chephise
1174,1265,Mesoleuca ruficillata,White-ribboned Carpet Moth,Animalia,Arthropoda,Insecta,Lepidoptera,Geometridae,Mesoleuca,ruficillata,01265_Animalia_Arthropoda_Insecta_Lepidoptera_Geometridae_Mesoleuca_ruficillata
1175,1267,Milionia zonea,Milionia zonea,Animalia,Arthropoda,Insecta,Lepidoptera,Geometridae,Milionia,zonea,01267_Animalia_Arthropoda_Insecta_Lepidoptera_Geometridae_Milionia_zonea
1176,1269,Nemoria bistriaria,Red-fringed Emerald,Animalia,Arthropoda,Insecta,Lepidoptera,Geometridae,Nemoria,bistriaria,01269_Animalia_Arthropoda_Insecta_Lepidoptera_Geometridae_Nemoria_bistriaria
1177,1272,Neoalcis californiaria,Brown-lined Looper Moth,Animalia,Arthropoda,Insecta,Lepidoptera,Geometridae,Neoalcis,californiaria,01272_Animalia_Arthropoda_Insecta_Lepidoptera_Geometridae_Neoalcis_californiaria
1178,1280,Ourapteryx sambucaria,Swallow-tailed Moth,Animalia,Arthropoda,Insecta,Lepidoptera,Geometridae,Ourapteryx,sambucaria,01280_Animalia_Arthropoda_Insecta_Lepidoptera_Geometridae_Ourapteryx_sambucaria
1179,1299,Protoboarmia porcelaria,Porcelain Gray,Animalia,Arthropoda,Insecta,Lepidoptera,Geometridae,Protoboarmia,porcelaria,01299_Animalia_Arthropoda_Insecta_Lepidoptera_Geometridae_Protoboarmia_porcelaria
1180,1302,Pseudopanthera macularia,Speckled Yellow,Animalia,Arthropoda,Insecta,Lepidoptera,Geometridae,Pseudopanthera,macularia,01302_Animalia_Arthropoda_Insecta_Lepidoptera_Geometridae_Pseudopanthera_macularia
1181,1313,Synchlora frondaria,Southern Emerald Moth,Animalia,Arthropoda,Insecta,Lepidoptera,Geometridae,Synchlora,frondaria,01313_Animalia_Arthropoda_Insecta_Lepidoptera_Geometridae_Synchlora_frondaria
1182,1320,Triphosa haesitata,Tissue Moth,Animalia,Arthropoda,Insecta,Lepidoptera,Geometridae,Triphosa,haesitata,01320_Animalia_Arthropoda_Insecta_Lepidoptera_Geometridae_Triphosa_haesitata
1183,1326,Phyllocnistis populiella,Common Aspen Leaf Miner,Animalia,Arthropoda,Insecta,Lepidoptera,Gracillariidae,Phyllocnistis,populiella,01326_Animalia_Arthropoda_Insecta_Lepidoptera_Gracillariidae_Phyllocnistis_populiella
1184,1327,Aenetus virescens,Puriri moth,Animalia,Arthropoda,Insecta,Lepidoptera,Hepialidae,Aenetus,virescens,01327_Animalia_Arthropoda_Insecta_Lepidoptera_Hepialidae_Aenetus_virescens
1185,1330,Achalarus lyciades,Hoary Edge,Animalia,Arthropoda,Insecta,Lepidoptera,Hesperiidae,Achalarus,lyciades,01330_Animalia_Arthropoda_Insecta_Lepidoptera_Hesperiidae_Achalarus_lyciades
1186,1336,Antigonus erosus,Common Spurwing,Animalia,Arthropoda,Insecta,Lepidoptera,Hesperiidae,Antigonus,erosus,01336_Animalia_Arthropoda_Insecta_Lepidoptera_Hesperiidae_Antigonus_erosus
1187,1347,Calpodes ethlius,Brazilian Skipper,Animalia,Arthropoda,Insecta,Lepidoptera,Hesperiidae,Calpodes,ethlius,01347_Animalia_Arthropoda_Insecta_Lepidoptera_Hesperiidae_Calpodes_ethlius
1188,1348,Carcharodus alceae,Mallow Skipper,Animalia,Arthropoda,Insecta,Lepidoptera,Hesperiidae,Carcharodus,alceae,01348_Animalia_Arthropoda_Insecta_Lepidoptera_Hesperiidae_Carcharodus_alceae
1189,1360,Erynnis horatius,Horace's Duskywing,Animalia,Arthropoda,Insecta,Lepidoptera,Hesperiidae,Erynnis,horatius,01360_Animalia_Arthropoda_Insecta_Lepidoptera_Hesperiidae_Erynnis_horatius
1190,1366,Euphyes dion,Dion Skipper,Animalia,Arthropoda,Insecta,Lepidoptera,Hesperiidae,Euphyes,dion,01366_Animalia_Arthropoda_Insecta_Lepidoptera_Hesperiidae_Euphyes_dion
1191,1367,Euphyes vestris,Dun Skipper,Animalia,Arthropoda,Insecta,Lepidoptera,Hesperiidae,Euphyes,vestris,01367_Animalia_Arthropoda_Insecta_Lepidoptera_Hesperiidae_Euphyes_vestris
1192,1371,Hesperia comma,Common Branded Skipper,Animalia,Arthropoda,Insecta,Lepidoptera,Hesperiidae,Hesperia,comma,01371_Animalia_Arthropoda_Insecta_Lepidoptera_Hesperiidae_Hesperia_comma
1193,1372,Hesperia leonardus,Leonard's Skipper,Animalia,Arthropoda,Insecta,Lepidoptera,Hesperiidae,Hesperia,leonardus,01372_Animalia_Arthropoda_Insecta_Lepidoptera_Hesperiidae_Hesperia_leonardus
1194,1375,Lerema accius,Clouded Skipper,Animalia,Arthropoda,Insecta,Lepidoptera,Hesperiidae,Lerema,accius,01375_Animalia_Arthropoda_Insecta_Lepidoptera_Hesperiidae_Lerema_accius
1195,1383,Ochlodes agricola,Rural Skipper,Animalia,Arthropoda,Insecta,Lepidoptera,Hesperiidae,Ochlodes,agricola,01383_Animalia_Arthropoda_Insecta_Lepidoptera_Hesperiidae_Ochlodes_agricola
1196,1385,Ochlodes sylvanus,Large Skipper,Animalia,Arthropoda,Insecta,Lepidoptera,Hesperiidae,Ochlodes,sylvanus,01385_Animalia_Arthropoda_Insecta_Lepidoptera_Hesperiidae_Ochlodes_sylvanus
1197,1386,Ocybadistes walkeri,Yellow-banded Dart,Animalia,Arthropoda,Insecta,Lepidoptera,Hesperiidae,Ocybadistes,walkeri,01386_Animalia_Arthropoda_Insecta_Lepidoptera_Hesperiidae_Ocybadistes_walkeri
1198,1390,Phocides polybius,Guava Skipper,Animalia,Arthropoda,Insecta,Lepidoptera,Hesperiidae,Phocides,polybius,01390_Animalia_Arthropoda_Insecta_Lepidoptera_Hesperiidae_Phocides_polybius
1199,1395,Polites sabuleti,Sandhill Skipper,Animalia,Arthropoda,Insecta,Lepidoptera,Hesperiidae,Polites,sabuleti,01395_Animalia_Arthropoda_Insecta_Lepidoptera_Hesperiidae_Polites_sabuleti
1200,1404,Thorybes pylades,Northern Cloudywing,Animalia,Arthropoda,Insecta,Lepidoptera,Hesperiidae,Thorybes,pylades,01404_Animalia_Arthropoda_Insecta_Lepidoptera_Hesperiidae_Thorybes_pylades
1201,1411,Wallengrenia egeremet,Northern Broken-Dash,Animalia,Arthropoda,Insecta,Lepidoptera,Hesperiidae,Wallengrenia,egeremet,01411_Animalia_Arthropoda_Insecta_Lepidoptera_Hesperiidae_Wallengrenia_egeremet
1202,1413,Lactura subfervens,Speckled Lactura,Animalia,Arthropoda,Insecta,Lepidoptera,Lacturidae,Lactura,subfervens,01413_Animalia_Arthropoda_Insecta_Lepidoptera_Lacturidae_Lactura_subfervens
1203,1442,Atlides halesus,Great Purple Hairstreak,Animalia,Arthropoda,Insecta,Lepidoptera,Lycaenidae,Atlides,halesus,01442_Animalia_Arthropoda_Insecta_Lepidoptera_Lycaenidae_Atlides_halesus
1204,1449,Callophrys henrici,Henry's Elfin,Animalia,Arthropoda,Insecta,Lepidoptera,Lycaenidae,Callophrys,henrici,01449_Animalia_Arthropoda_Insecta_Lepidoptera_Lycaenidae_Callophrys_henrici
1205,1452,Calycopis cecrops,Red-banded Hairstreak,Animalia,Arthropoda,Insecta,Lepidoptera,Lycaenidae,Calycopis,cecrops,01452_Animalia_Arthropoda_Insecta_Lepidoptera_Lycaenidae_Calycopis_cecrops
1206,1457,Celastrina echo,Echo Azure,Animalia,Arthropoda,Insecta,Lepidoptera,Lycaenidae,Celastrina,echo,01457_Animalia_Arthropoda_Insecta_Lepidoptera_Lycaenidae_Celastrina_echo
1207,1461,Chilades lajus,Lime Blue,Animalia,Arthropoda,Insecta,Lepidoptera,Lycaenidae,Chilades,lajus,01461_Animalia_Arthropoda_Insecta_Lepidoptera_Lycaenidae_Chilades_lajus
1208,1462,Chilades pandava,Plains Cupid,Animalia,Arthropoda,Insecta,Lepidoptera,Lycaenidae,Chilades,pandava,01462_Animalia_Arthropoda_Insecta_Lepidoptera_Lycaenidae_Chilades_pandava
1209,1463,Cigaritis lohita,Long-banded Silverline,Animalia,Arthropoda,Insecta,Lepidoptera,Lycaenidae,Cigaritis,lohita,01463_Animalia_Arthropoda_Insecta_Lepidoptera_Lycaenidae_Cigaritis_lohita
1210,1466,Cupido argiades,Short-tailed Blue,Animalia,Arthropoda,Insecta,Lepidoptera,Lycaenidae,Cupido,argiades,01466_Animalia_Arthropoda_Insecta_Lepidoptera_Lycaenidae_Cupido_argiades
1211,1477,Glaucopsyche alexis,Green-underside Blue,Animalia,Arthropoda,Insecta,Lepidoptera,Lycaenidae,Glaucopsyche,alexis,01477_Animalia_Arthropoda_Insecta_Lepidoptera_Lycaenidae_Glaucopsyche_alexis
1212,1486,Icaricia lupini,Lupine Blue,Animalia,Arthropoda,Insecta,Lepidoptera,Lycaenidae,Icaricia,lupini,01486_Animalia_Arthropoda_Insecta_Lepidoptera_Lycaenidae_Icaricia_lupini
1213,1494,Leptotes pirithous,Lang's Short-tailed Blue,Animalia,Arthropoda,Insecta,Lepidoptera,Lycaenidae,Leptotes,pirithous,01494_Animalia_Arthropoda_Insecta_Lepidoptera_Lycaenidae_Leptotes_pirithous
1214,1497,Lycaena alciphron,Purple-shot Copper,Animalia,Arthropoda,Insecta,Lepidoptera,Lycaenidae,Lycaena,alciphron,01497_Animalia_Arthropoda_Insecta_Lepidoptera_Lycaenidae_Lycaena_alciphron
1215,1503,Lycaena hippothoe,Purple-edged Copper,Animalia,Arthropoda,Insecta,Lepidoptera,Lycaenidae,Lycaena,hippothoe,01503_Animalia_Arthropoda_Insecta_Lepidoptera_Lycaenidae_Lycaena_hippothoe
1216,1510,Megisba malaya,Malayan,Animalia,Arthropoda,Insecta,Lepidoptera,Lycaenidae,Megisba,malaya,01510_Animalia_Arthropoda_Insecta_Lepidoptera_Lycaenidae_Megisba_malaya
1217,1513,Plebejus argus,Silver-studded Blue,Animalia,Arthropoda,Insecta,Lepidoptera,Lycaenidae,Plebejus,argus,01513_Animalia_Arthropoda_Insecta_Lepidoptera_Lycaenidae_Plebejus_argus
1218,1515,Plebejus melissa,Melissa Blue,Animalia,Arthropoda,Insecta,Lepidoptera,Lycaenidae,Plebejus,melissa,01515_Animalia_Arthropoda_Insecta_Lepidoptera_Lycaenidae_Plebejus_melissa
1219,1522,Prosotas nora,Common Line Blue,Animalia,Arthropoda,Insecta,Lepidoptera,Lycaenidae,Prosotas,nora,01522_Animalia_Arthropoda_Insecta_Lepidoptera_Lycaenidae_Prosotas_nora
1220,1526,Satyrium calanus,Banded Hairstreak,Animalia,Arthropoda,Insecta,Lepidoptera,Lycaenidae,Satyrium,calanus,01526_Animalia_Arthropoda_Insecta_Lepidoptera_Lycaenidae_Satyrium_calanus
1221,1535,Strymon istapa,Mallow Scrub-Hairstreak,Animalia,Arthropoda,Insecta,Lepidoptera,Lycaenidae,Strymon,istapa,01535_Animalia_Arthropoda_Insecta_Lepidoptera_Lycaenidae_Strymon_istapa
1222,1536,Strymon melinus,Gray Hairstreak,Animalia,Arthropoda,Insecta,Lepidoptera,Lycaenidae,Strymon,melinus,01536_Animalia_Arthropoda_Insecta_Lepidoptera_Lycaenidae_Strymon_melinus
1223,1538,Thecla betulae,Brown Hairstreak,Animalia,Arthropoda,Insecta,Lepidoptera,Lycaenidae,Thecla,betulae,01538_Animalia_Arthropoda_Insecta_Lepidoptera_Lycaenidae_Thecla_betulae
1224,1543,Zizula hylax,Tiny Grass Blue,Animalia,Arthropoda,Insecta,Lepidoptera,Lycaenidae,Zizula,hylax,01543_Animalia_Arthropoda_Insecta_Lepidoptera_Lycaenidae_Zizula_hylax
1225,1547,Achatia distincta,Distinct Quaker,Animalia,Arthropoda,Insecta,Lepidoptera,Noctuidae,Achatia,distincta,01547_Animalia_Arthropoda_Insecta_Lepidoptera_Noctuidae_Achatia_distincta
1226,1553,Acronicta impleta,Yellow-haired Dagger Moth,Animalia,Arthropoda,Insecta,Lepidoptera,Noctuidae,Acronicta,impleta,01553_Animalia_Arthropoda_Insecta_Lepidoptera_Noctuidae_Acronicta_impleta
1227,1561,Acronicta vinnula,Delightful Dagger Moth,Animalia,Arthropoda,Insecta,Lepidoptera,Noctuidae,Acronicta,vinnula,01561_Animalia_Arthropoda_Insecta_Lepidoptera_Noctuidae_Acronicta_vinnula
1228,1571,Allagrapha aerea,Unspotted Looper Moth,Animalia,Arthropoda,Insecta,Lepidoptera,Noctuidae,Allagrapha,aerea,01571_Animalia_Arthropoda_Insecta_Lepidoptera_Noctuidae_Allagrapha_aerea
1229,1576,Anaplectoides prasina,Green Arches,Animalia,Arthropoda,Insecta,Lepidoptera,Noctuidae,Anaplectoides,prasina,01576_Animalia_Arthropoda_Insecta_Lepidoptera_Noctuidae_Anaplectoides_prasina
1230,1578,Anicla infecta,Green Cutworm Moth,Animalia,Arthropoda,Insecta,Lepidoptera,Noctuidae,Anicla,infecta,01578_Animalia_Arthropoda_Insecta_Lepidoptera_Noctuidae_Anicla_infecta
1231,1581,Apamea sordens,Bordered Apamea Moth,Animalia,Arthropoda,Insecta,Lepidoptera,Noctuidae,Apamea,sordens,01581_Animalia_Arthropoda_Insecta_Lepidoptera_Noctuidae_Apamea_sordens
1232,1587,Balsa tristrigella,Three-lined Balsa Moth,Animalia,Arthropoda,Insecta,Lepidoptera,Noctuidae,Balsa,tristrigella,01587_Animalia_Arthropoda_Insecta_Lepidoptera_Noctuidae_Balsa_tristrigella
1233,1588,Callopistria cordata,Silver-spotted Fern Moth,Animalia,Arthropoda,Insecta,Lepidoptera,Noctuidae,Callopistria,cordata,01588_Animalia_Arthropoda_Insecta_Lepidoptera_Noctuidae_Callopistria_cordata
1234,1590,Callopistria mollissima,Pink-shaded Fern Moth,Animalia,Arthropoda,Insecta,Lepidoptera,Noctuidae,Callopistria,mollissima,01590_Animalia_Arthropoda_Insecta_Lepidoptera_Noctuidae_Callopistria_mollissima
1235,1601,Condica vecors,Dusky Groundling,Animalia,Arthropoda,Insecta,Lepidoptera,Noctuidae,Condica,vecors,01601_Animalia_Arthropoda_Insecta_Lepidoptera_Noctuidae_Condica_vecors
1236,1603,Copivaleria grotei,Grote's Sallow Moth,Animalia,Arthropoda,Insecta,Lepidoptera,Noctuidae,Copivaleria,grotei,01603_Animalia_Arthropoda_Insecta_Lepidoptera_Noctuidae_Copivaleria_grotei
1237,1606,Cosmodes elegans,Green blotched moth,Animalia,Arthropoda,Insecta,Lepidoptera,Noctuidae,Cosmodes,elegans,01606_Animalia_Arthropoda_Insecta_Lepidoptera_Noctuidae_Cosmodes_elegans
1238,1610,Cucullia asteroides,Asteroid Moth,Animalia,Arthropoda,Insecta,Lepidoptera,Noctuidae,Cucullia,asteroides,01610_Animalia_Arthropoda_Insecta_Lepidoptera_Noctuidae_Cucullia_asteroides
1239,1616,Elaphria chalcedonia,Chalcedony Midget,Animalia,Arthropoda,Insecta,Lepidoptera,Noctuidae,Elaphria,chalcedonia,01616_Animalia_Arthropoda_Insecta_Lepidoptera_Noctuidae_Elaphria_chalcedonia
1240,1617,Elaphria festivoides,Festive Midget,Animalia,Arthropoda,Insecta,Lepidoptera,Noctuidae,Elaphria,festivoides,01617_Animalia_Arthropoda_Insecta_Lepidoptera_Noctuidae_Elaphria_festivoides
1241,1624,Euplexia benesimilis,American Angle Shade,Animalia,Arthropoda,Insecta,Lepidoptera,Noctuidae,Euplexia,benesimilis,01624_Animalia_Arthropoda_Insecta_Lepidoptera_Noctuidae_Euplexia_benesimilis
1242,1630,Galgula partita,Wedgling Moth,Animalia,Arthropoda,Insecta,Lepidoptera,Noctuidae,Galgula,partita,01630_Animalia_Arthropoda_Insecta_Lepidoptera_Noctuidae_Galgula_partita
1243,1638,Ichneutica mutans,New Zealand Cutworm,Animalia,Arthropoda,Insecta,Lepidoptera,Noctuidae,Ichneutica,mutans,01638_Animalia_Arthropoda_Insecta_Lepidoptera_Noctuidae_Ichneutica_mutans
1244,1646,Leucania incognita,Unknown Wainscot,Animalia,Arthropoda,Insecta,Lepidoptera,Noctuidae,Leucania,incognita,01646_Animalia_Arthropoda_Insecta_Lepidoptera_Noctuidae_Leucania_incognita
1245,1659,Morrisonia latex,Fluid Arches,Animalia,Arthropoda,Insecta,Lepidoptera,Noctuidae,Morrisonia,latex,01659_Animalia_Arthropoda_Insecta_Lepidoptera_Noctuidae_Morrisonia_latex
1246,1663,Mythimna unipuncta,White-Speck,Animalia,Arthropoda,Insecta,Lepidoptera,Noctuidae,Mythimna,unipuncta,01663_Animalia_Arthropoda_Insecta_Lepidoptera_Noctuidae_Mythimna_unipuncta
1247,1672,Orthodes majuscula,Rustic Quaker,Animalia,Arthropoda,Insecta,Lepidoptera,Noctuidae,Orthodes,majuscula,01672_Animalia_Arthropoda_Insecta_Lepidoptera_Noctuidae_Orthodes_majuscula
1248,1676,Orthosia incerta,Clouded Drab,Animalia,Arthropoda,Insecta,Lepidoptera,Noctuidae,Orthosia,incerta,01676_Animalia_Arthropoda_Insecta_Lepidoptera_Noctuidae_Orthosia_incerta
1249,1677,Panthea acronyctoides,Black Zigzag Moth,Animalia,Arthropoda,Insecta,Lepidoptera,Noctuidae,Panthea,acronyctoides,01677_Animalia_Arthropoda_Insecta_Lepidoptera_Noctuidae_Panthea_acronyctoides
1250,1701,Schinia florida,Primrose Moth,Animalia,Arthropoda,Insecta,Lepidoptera,Noctuidae,Schinia,florida,01701_Animalia_Arthropoda_Insecta_Lepidoptera_Noctuidae_Schinia_florida
1251,1703,Spodoptera exigua,Beet Armyworm,Animalia,Arthropoda,Insecta,Lepidoptera,Noctuidae,Spodoptera,exigua,01703_Animalia_Arthropoda_Insecta_Lepidoptera_Noctuidae_Spodoptera_exigua
1252,1704,Spodoptera frugiperda,Fall Armyworm,Animalia,Arthropoda,Insecta,Lepidoptera,Noctuidae,Spodoptera,frugiperda,01704_Animalia_Arthropoda_Insecta_Lepidoptera_Noctuidae_Spodoptera_frugiperda
1253,1709,Spragueia leo,Common Spragueia,Animalia,Arthropoda,Insecta,Lepidoptera,Noctuidae,Spragueia,leo,01709_Animalia_Arthropoda_Insecta_Lepidoptera_Noctuidae_Spragueia_leo
1254,1710,Striacosta albicosta,Western Bean Cutworm Moth,Animalia,Arthropoda,Insecta,Lepidoptera,Noctuidae,Striacosta,albicosta,01710_Animalia_Arthropoda_Insecta_Lepidoptera_Noctuidae_Striacosta_albicosta
1255,1720,Xerociris wilsonii,Wilson's Wood-nymph Moth,Animalia,Arthropoda,Insecta,Lepidoptera,Noctuidae,Xerociris,wilsonii,01720_Animalia_Arthropoda_Insecta_Lepidoptera_Noctuidae_Xerociris_wilsonii
1256,1734,Datana ministra,Yellow-necked Caterpillar Moth,Animalia,Arthropoda,Insecta,Lepidoptera,Notodontidae,Datana,ministra,01734_Animalia_Arthropoda_Insecta_Lepidoptera_Notodontidae_Datana_ministra
1257,1737,Furcula borealis,White Furcula Moth,Animalia,Arthropoda,Insecta,Lepidoptera,Notodontidae,Furcula,borealis,01737_Animalia_Arthropoda_Insecta_Lepidoptera_Notodontidae_Furcula_borealis
1258,1743,Macrurocampa marthesia,Mottled Prominent Moth,Animalia,Arthropoda,Insecta,Lepidoptera,Notodontidae,Macrurocampa,marthesia,01743_Animalia_Arthropoda_Insecta_Lepidoptera_Notodontidae_Macrurocampa_marthesia
1259,1745,Nerice bidentata,Double-toothed Prominent Moth,Animalia,Arthropoda,Insecta,Lepidoptera,Notodontidae,Nerice,bidentata,01745_Animalia_Arthropoda_Insecta_Lepidoptera_Notodontidae_Nerice_bidentata
1260,1750,Peridea ferruginea,Chocolate Prominent,Animalia,Arthropoda,Insecta,Lepidoptera,Notodontidae,Peridea,ferruginea,01750_Animalia_Arthropoda_Insecta_Lepidoptera_Notodontidae_Peridea_ferruginea
1261,1751,Phalera bucephala,Buff-tip,Animalia,Arthropoda,Insecta,Lepidoptera,Notodontidae,Phalera,bucephala,01751_Animalia_Arthropoda_Insecta_Lepidoptera_Notodontidae_Phalera_bucephala
1262,1752,Pheosia rimosa,Black-rimmed Prominent Moth,Animalia,Arthropoda,Insecta,Lepidoptera,Notodontidae,Pheosia,rimosa,01752_Animalia_Arthropoda_Insecta_Lepidoptera_Notodontidae_Pheosia_rimosa
1263,1758,Stauropus fagi,Lobster moth,Animalia,Arthropoda,Insecta,Lepidoptera,Notodontidae,Stauropus,fagi,01758_Animalia_Arthropoda_Insecta_Lepidoptera_Notodontidae_Stauropus_fagi
1264,1766,Adelpha eulalia,Arizona Sister,Animalia,Arthropoda,Insecta,Lepidoptera,Nymphalidae,Adelpha,eulalia,01766_Animalia_Arthropoda_Insecta_Lepidoptera_Nymphalidae_Adelpha_eulalia
1265,1778,Anthanassa texana,Texan Crescent,Animalia,Arthropoda,Insecta,Lepidoptera,Nymphalidae,Anthanassa,texana,01778_Animalia_Arthropoda_Insecta_Lepidoptera_Nymphalidae_Anthanassa_texana
1266,1795,Boloria bellona,American Meadow Fritillary,Animalia,Arthropoda,Insecta,Lepidoptera,Nymphalidae,Boloria,bellona,01795_Animalia_Arthropoda_Insecta_Lepidoptera_Nymphalidae_Boloria_bellona
1267,1797,Boloria dia,Weaver's Fritillary,Animalia,Arthropoda,Insecta,Lepidoptera,Nymphalidae,Boloria,dia,01797_Animalia_Arthropoda_Insecta_Lepidoptera_Nymphalidae_Boloria_dia
1268,1810,Chlosyne gabbii,Gabb's Checkerspot,Animalia,Arthropoda,Insecta,Lepidoptera,Nymphalidae,Chlosyne,gabbii,01810_Animalia_Arthropoda_Insecta_Lepidoptera_Nymphalidae_Chlosyne_gabbii
1269,1811,Chlosyne gorgone,Gorgone Checkerspot,Animalia,Arthropoda,Insecta,Lepidoptera,Nymphalidae,Chlosyne,gorgone,01811_Animalia_Arthropoda_Insecta_Lepidoptera_Nymphalidae_Chlosyne_gorgone
1270,1831,Danaus petilia,Lesser Wanderer,Animalia,Arthropoda,Insecta,Lepidoptera,Nymphalidae,Danaus,petilia,01831_Animalia_Arthropoda_Insecta_Lepidoptera_Nymphalidae_Danaus_petilia
1271,1836,Dira clytus,Cape Autumn Widow,Animalia,Arthropoda,Insecta,Lepidoptera,Nymphalidae,Dira,clytus,01836_Animalia_Arthropoda_Insecta_Lepidoptera_Nymphalidae_Dira_clytus
1272,1848,Erebia medusa,Woodland Ringlet,Animalia,Arthropoda,Insecta,Lepidoptera,Nymphalidae,Erebia,medusa,01848_Animalia_Arthropoda_Insecta_Lepidoptera_Nymphalidae_Erebia_medusa
1273,1855,Euploea core,Common Crow Butterfly,Animalia,Arthropoda,Insecta,Lepidoptera,Nymphalidae,Euploea,core,01855_Animalia_Arthropoda_Insecta_Lepidoptera_Nymphalidae_Euploea_core
1274,1856,Euploea midamus,Blue-spotted Crow Butterfly,Animalia,Arthropoda,Insecta,Lepidoptera,Nymphalidae,Euploea,midamus,01856_Animalia_Arthropoda_Insecta_Lepidoptera_Nymphalidae_Euploea_midamus
1275,1858,Euploea tulliolus,Purple Crow Butterfly,Animalia,Arthropoda,Insecta,Lepidoptera,Nymphalidae,Euploea,tulliolus,01858_Animalia_Arthropoda_Insecta_Lepidoptera_Nymphalidae_Euploea_tulliolus
1276,1860,Euptoieta hegesia,Mexican Fritillary,Animalia,Arthropoda,Insecta,Lepidoptera,Nymphalidae,Euptoieta,hegesia,01860_Animalia_Arthropoda_Insecta_Lepidoptera_Nymphalidae_Euptoieta_hegesia
1277,1861,Euthalia aconthea,Common Baron,Animalia,Arthropoda,Insecta,Lepidoptera,Nymphalidae,Euthalia,aconthea,01861_Animalia_Arthropoda_Insecta_Lepidoptera_Nymphalidae_Euthalia_aconthea
1278,1878,Hypolimnas bolina,Great Eggfly,Animalia,Arthropoda,Insecta,Lepidoptera,Nymphalidae,Hypolimnas,bolina,01878_Animalia_Arthropoda_Insecta_Lepidoptera_Nymphalidae_Hypolimnas_bolina
1279,1893,Junonia terea,Soldier Pansy,Animalia,Arthropoda,Insecta,Lepidoptera,Nymphalidae,Junonia,terea,01893_Animalia_Arthropoda_Insecta_Lepidoptera_Nymphalidae_Junonia_terea
1280,1906,Libytheana carinenta,American Snout,Animalia,Arthropoda,Insecta,Lepidoptera,Nymphalidae,Libytheana,carinenta,01906_Animalia_Arthropoda_Insecta_Lepidoptera_Nymphalidae_Libytheana_carinenta
1281,1912,Limenitis reducta,Southern White Admiral,Animalia,Arthropoda,Insecta,Lepidoptera,Nymphalidae,Limenitis,reducta,01912_Animalia_Arthropoda_Insecta_Lepidoptera_Nymphalidae_Limenitis_reducta
1282,1916,Marpesia petreus,Ruddy Daggerwing,Animalia,Arthropoda,Insecta,Lepidoptera,Nymphalidae,Marpesia,petreus,01916_Animalia_Arthropoda_Insecta_Lepidoptera_Nymphalidae_Marpesia_petreus
1283,1918,Megisto cymela,Little Wood Satyr,Animalia,Arthropoda,Insecta,Lepidoptera,Nymphalidae,Megisto,cymela,01918_Animalia_Arthropoda_Insecta_Lepidoptera_Nymphalidae_Megisto_cymela
1284,1930,Minois dryas,Dryad,Animalia,Arthropoda,Insecta,Lepidoptera,Nymphalidae,Minois,dryas,01930_Animalia_Arthropoda_Insecta_Lepidoptera_Nymphalidae_Minois_dryas
1285,1933,Mycalesis mineus,Dark-branded Bushbrown,Animalia,Arthropoda,Insecta,Lepidoptera,Nymphalidae,Mycalesis,mineus,01933_Animalia_Arthropoda_Insecta_Lepidoptera_Nymphalidae_Mycalesis_mineus
1286,1935,Myscelia ethusa,Mexican Bluewing,Animalia,Arthropoda,Insecta,Lepidoptera,Nymphalidae,Myscelia,ethusa,01935_Animalia_Arthropoda_Insecta_Lepidoptera_Nymphalidae_Myscelia_ethusa
1287,1937,Neptis sappho,Pallas' Sailer,Animalia,Arthropoda,Insecta,Lepidoptera,Nymphalidae,Neptis,sappho,01937_Animalia_Arthropoda_Insecta_Lepidoptera_Nymphalidae_Neptis_sappho
1288,1957,Polygonia comma,Eastern Comma,Animalia,Arthropoda,Insecta,Lepidoptera,Nymphalidae,Polygonia,comma,01957_Animalia_Arthropoda_Insecta_Lepidoptera_Nymphalidae_Polygonia_comma
1289,1964,Pyronia cecilia,Southern Gatekeeper,Animalia,Arthropoda,Insecta,Lepidoptera,Nymphalidae,Pyronia,cecilia,01964_Animalia_Arthropoda_Insecta_Lepidoptera_Nymphalidae_Pyronia_cecilia
1290,1975,Speyeria mormonia,Mormon Fritillary,Animalia,Arthropoda,Insecta,Lepidoptera,Nymphalidae,Speyeria,mormonia,01975_Animalia_Arthropoda_Insecta_Lepidoptera_Nymphalidae_Speyeria_mormonia
1291,1976,Symbrenthia lilaea,Common Jester,Animalia,Arthropoda,Insecta,Lepidoptera,Nymphalidae,Symbrenthia,lilaea,01976_Animalia_Arthropoda_Insecta_Lepidoptera_Nymphalidae_Symbrenthia_lilaea
1292,1985,Vanessa braziliensis,Brazilian Lady,Animalia,Arthropoda,Insecta,Lepidoptera,Nymphalidae,Vanessa,braziliensis,01985_Animalia_Arthropoda_Insecta_Lepidoptera_Nymphalidae_Vanessa_braziliensis
1293,1988,Vanessa gonerilla,New Zealand Red Admiral,Animalia,Arthropoda,Insecta,Lepidoptera,Nymphalidae,Vanessa,gonerilla,01988_Animalia_Arthropoda_Insecta_Lepidoptera_Nymphalidae_Vanessa_gonerilla
1294,1990,Vanessa itea,Yellow Admiral,Animalia,Arthropoda,Insecta,Lepidoptera,Nymphalidae,Vanessa,itea,01990_Animalia_Arthropoda_Insecta_Lepidoptera_Nymphalidae_Vanessa_itea
1295,2005,Iphiclides feisthamelii,Iberian Scarce Swallowtail,Animalia,Arthropoda,Insecta,Lepidoptera,Papilionidae,Iphiclides,feisthamelii,02005_Animalia_Arthropoda_Insecta_Lepidoptera_Papilionidae_Iphiclides_feisthamelii
1296,2018,Papilio eurymedon,Pale Swallowtail,Animalia,Arthropoda,Insecta,Lepidoptera,Papilionidae,Papilio,eurymedon,02018_Animalia_Arthropoda_Insecta_Lepidoptera_Papilionidae_Papilio_eurymedon
1297,2022,Papilio machaon,Old World Swallowtail,Animalia,Arthropoda,Insecta,Lepidoptera,Papilionidae,Papilio,machaon,02022_Animalia_Arthropoda_Insecta_Lepidoptera_Papilionidae_Papilio_machaon
1298,2029,Papilio polyxenes,Black Swallowtail,Animalia,Arthropoda,Insecta,Lepidoptera,Papilionidae,Papilio,polyxenes,02029_Animalia_Arthropoda_Insecta_Lepidoptera_Papilionidae_Papilio_polyxenes
1299,2030,Papilio protenor,Spangle Swallowtail,Animalia,Arthropoda,Insecta,Lepidoptera,Papilionidae,Papilio,protenor,02030_Animalia_Arthropoda_Insecta_Lepidoptera_Papilionidae_Papilio_protenor
1300,2036,Papilio xuthus,Asian Swallowtail,Animalia,Arthropoda,Insecta,Lepidoptera,Papilionidae,Papilio,xuthus,02036_Animalia_Arthropoda_Insecta_Lepidoptera_Papilionidae_Papilio_xuthus
1301,2039,Parnassius clodius,Clodius Parnassian,Animalia,Arthropoda,Insecta,Lepidoptera,Papilionidae,Parnassius,clodius,02039_Animalia_Arthropoda_Insecta_Lepidoptera_Papilionidae_Parnassius_clodius
1302,2047,Anteos maerula,Yellow Angled Sulphur,Animalia,Arthropoda,Insecta,Lepidoptera,Pieridae,Anteos,maerula,02047_Animalia_Arthropoda_Insecta_Lepidoptera_Pieridae_Anteos_maerula
1303,2057,Belenois java,Caper White,Animalia,Arthropoda,Insecta,Lepidoptera,Pieridae,Belenois,java,02057_Animalia_Arthropoda_Insecta_Lepidoptera_Pieridae_Belenois_java
1304,2059,Catopsilia florella,African Migrant,Animalia,Arthropoda,Insecta,Lepidoptera,Pieridae,Catopsilia,florella,02059_Animalia_Arthropoda_Insecta_Lepidoptera_Pieridae_Catopsilia_florella
1305,2069,Delias pasithoe,Red-based Jezebel,Animalia,Arthropoda,Insecta,Lepidoptera,Pieridae,Delias,pasithoe,02069_Animalia_Arthropoda_Insecta_Lepidoptera_Pieridae_Delias_pasithoe
1306,2074,Eurema hecabe,Common Grass Yellow,Animalia,Arthropoda,Insecta,Lepidoptera,Pieridae,Eurema,hecabe,02074_Animalia_Arthropoda_Insecta_Lepidoptera_Pieridae_Eurema_hecabe
1307,2079,Gonepteryx rhamni,Common Brimstone,Animalia,Arthropoda,Insecta,Lepidoptera,Pieridae,Gonepteryx,rhamni,02079_Animalia_Arthropoda_Insecta_Lepidoptera_Pieridae_Gonepteryx_rhamni
1308,2082,Kricogonia lyside,Lyside Sulphur,Animalia,Arthropoda,Insecta,Lepidoptera,Pieridae,Kricogonia,lyside,02082_Animalia_Arthropoda_Insecta_Lepidoptera_Pieridae_Kricogonia_lyside
1309,2094,Pieris marginalis,Margined White,Animalia,Arthropoda,Insecta,Lepidoptera,Pieridae,Pieris,marginalis,02094_Animalia_Arthropoda_Insecta_Lepidoptera_Pieridae_Pieris_marginalis
1310,2109,Thyridopteryx ephemeraeformis,Evergreen Bagworm,Animalia,Arthropoda,Insecta,Lepidoptera,Psychidae,Thyridopteryx,ephemeraeformis,02109_Animalia_Arthropoda_Insecta_Lepidoptera_Psychidae_Thyridopteryx_ephemeraeformis
1311,2110,Emmelina monodactyla,Morning-glory Plume Moth,Animalia,Arthropoda,Insecta,Lepidoptera,Pterophoridae,Emmelina,monodactyla,02110_Animalia_Arthropoda_Insecta_Lepidoptera_Pterophoridae_Emmelina_monodactyla
1312,2124,Galasa nigrinodis,Boxwood Leaftier Moth,Animalia,Arthropoda,Insecta,Lepidoptera,Pyralidae,Galasa,nigrinodis,02124_Animalia_Arthropoda_Insecta_Lepidoptera_Pyralidae_Galasa_nigrinodis
1313,2126,Hypsopygia binodulalis,Pink-fringed Dolichomia Moth,Animalia,Arthropoda,Insecta,Lepidoptera,Pyralidae,Hypsopygia,binodulalis,02126_Animalia_Arthropoda_Insecta_Lepidoptera_Pyralidae_Hypsopygia_binodulalis
1314,2147,Zemeros flegyas,Punchinello,Animalia,Arthropoda,Insecta,Lepidoptera,Riodinidae,Zemeros,flegyas,02147_Animalia_Arthropoda_Insecta_Lepidoptera_Riodinidae_Zemeros_flegyas
1315,2163,Hyalophora columbia,Columbia Silk Moth,Animalia,Arthropoda,Insecta,Lepidoptera,Saturniidae,Hyalophora,columbia,02163_Animalia_Arthropoda_Insecta_Lepidoptera_Saturniidae_Hyalophora_columbia
1316,2176,Ceratomia amyntor,Elm Sphinx Moth,Animalia,Arthropoda,Insecta,Lepidoptera,Sphingidae,Ceratomia,amyntor,02176_Animalia_Arthropoda_Insecta_Lepidoptera_Sphingidae_Ceratomia_amyntor
1317,2182,Deidamia inscriptum,Lettered Sphinx Moth,Animalia,Arthropoda,Insecta,Lepidoptera,Sphingidae,Deidamia,inscriptum,02182_Animalia_Arthropoda_Insecta_Lepidoptera_Sphingidae_Deidamia_inscriptum
1318,2188,Erinnyis obscura,Obscure Sphinx Moth,Animalia,Arthropoda,Insecta,Lepidoptera,Sphingidae,Erinnyis,obscura,02188_Animalia_Arthropoda_Insecta_Lepidoptera_Sphingidae_Erinnyis_obscura
1319,2197,Hippotion celerio,Vine Hawk-Moth,Animalia,Arthropoda,Insecta,Lepidoptera,Sphingidae,Hippotion,celerio,02197_Animalia_Arthropoda_Insecta_Lepidoptera_Sphingidae_Hippotion_celerio
1320,2200,Hyles gallii,Bedstraw Hawk-moth,Animalia,Arthropoda,Insecta,Lepidoptera,Sphingidae,Hyles,gallii,02200_Animalia_Arthropoda_Insecta_Lepidoptera_Sphingidae_Hyles_gallii
1321,2202,Laothoe populi,Poplar Hawk-moth,Animalia,Arthropoda,Insecta,Lepidoptera,Sphingidae,Laothoe,populi,02202_Animalia_Arthropoda_Insecta_Lepidoptera_Sphingidae_Laothoe_populi
1322,2203,Lapara bombycoides,Northern Pine Sphinx Moth,Animalia,Arthropoda,Insecta,Lepidoptera,Sphingidae,Lapara,bombycoides,02203_Animalia_Arthropoda_Insecta_Lepidoptera_Sphingidae_Lapara_bombycoides
1323,2205,Manduca quinquemaculata,Tomato Hornworm,Animalia,Arthropoda,Insecta,Lepidoptera,Sphingidae,Manduca,quinquemaculata,02205_Animalia_Arthropoda_Insecta_Lepidoptera_Sphingidae_Manduca_quinquemaculata
1324,2208,Mimas tiliae,Lime Hawk-moth,Animalia,Arthropoda,Insecta,Lepidoptera,Sphingidae,Mimas,tiliae,02208_Animalia_Arthropoda_Insecta_Lepidoptera_Sphingidae_Mimas_tiliae
1325,2213,Pseudosphinx tetrio,Tetrio Sphinx Moth,Animalia,Arthropoda,Insecta,Lepidoptera,Sphingidae,Pseudosphinx,tetrio,02213_Animalia_Arthropoda_Insecta_Lepidoptera_Sphingidae_Pseudosphinx_tetrio
1326,2214,Smerinthus cerisyi,One-eyed Sphinx Moth,Animalia,Arthropoda,Insecta,Lepidoptera,Sphingidae,Smerinthus,cerisyi,02214_Animalia_Arthropoda_Insecta_Lepidoptera_Sphingidae_Smerinthus_cerisyi
1327,2221,Sphinx ligustri,Privet Hawkmoth,Animalia,Arthropoda,Insecta,Lepidoptera,Sphingidae,Sphinx,ligustri,02221_Animalia_Arthropoda_Insecta_Lepidoptera_Sphingidae_Sphinx_ligustri
1328,2227,Thyris sepulchralis,Mournful Thyris,Animalia,Arthropoda,Insecta,Lepidoptera,Thyrididae,Thyris,sepulchralis,02227_Animalia_Arthropoda_Insecta_Lepidoptera_Thyrididae_Thyris_sepulchralis
1329,2231,Acleris forsskaleana,Maple Leaftier,Animalia,Arthropoda,Insecta,Lepidoptera,Tortricidae,Acleris,forsskaleana,02231_Animalia_Arthropoda_Insecta_Lepidoptera_Tortricidae_Acleris_forsskaleana
1330,2238,Choristoneura fumiferana,Spruce Budworm,Animalia,Arthropoda,Insecta,Lepidoptera,Tortricidae,Choristoneura,fumiferana,02238_Animalia_Arthropoda_Insecta_Lepidoptera_Tortricidae_Choristoneura_fumiferana
1331,2251,Epiblema strenuana,Ragweed Borer,Animalia,Arthropoda,Insecta,Lepidoptera,Tortricidae,Epiblema,strenuana,02251_Animalia_Arthropoda_Insecta_Lepidoptera_Tortricidae_Epiblema_strenuana
1332,2254,Eucosma parmatana,Aster Eucosma Moth,Animalia,Arthropoda,Insecta,Lepidoptera,Tortricidae,Eucosma,parmatana,02254_Animalia_Arthropoda_Insecta_Lepidoptera_Tortricidae_Eucosma_parmatana
1333,2263,Sparganothis sulfureana,Sparganothis Fruitworm,Animalia,Arthropoda,Insecta,Lepidoptera,Tortricidae,Sparganothis,sulfureana,02263_Animalia_Arthropoda_Insecta_Lepidoptera_Tortricidae_Sparganothis_sulfureana
1334,2271,Urania fulgens,Urania Swallowtail Moth,Animalia,Arthropoda,Insecta,Lepidoptera,Uraniidae,Urania,fulgens,02271_Animalia_Arthropoda_Insecta_Lepidoptera_Uraniidae_Urania_fulgens
1335,2273,Harrisina americana,Grapeleaf Skeletonizer,Animalia,Arthropoda,Insecta,Lepidoptera,Zygaenidae,Harrisina,americana,02273_Animalia_Arthropoda_Insecta_Lepidoptera_Zygaenidae_Harrisina_americana
1336,2274,Pyromorpha dimidiata,Orange-patched Smoky Moth,Animalia,Arthropoda,Insecta,Lepidoptera,Zygaenidae,Pyromorpha,dimidiata,02274_Animalia_Arthropoda_Insecta_Lepidoptera_Zygaenidae_Pyromorpha_dimidiata
1337,2280,Iris oratoria,Mediterranean Mantis,Animalia,Arthropoda,Insecta,Mantodea,Eremiaphilidae,Iris,oratoria,02280_Animalia_Arthropoda_Insecta_Mantodea_Eremiaphilidae_Iris_oratoria
1338,2282,Hierodula patellifera,Harabiro Mantis,Animalia,Arthropoda,Insecta,Mantodea,Mantidae,Hierodula,patellifera,02282_Animalia_Arthropoda_Insecta_Mantodea_Mantidae_Hierodula_patellifera
1339,2287,Stagmomantis carolina,Carolina Mantis,Animalia,Arthropoda,Insecta,Mantodea,Mantidae,Stagmomantis,carolina,02287_Animalia_Arthropoda_Insecta_Mantodea_Mantidae_Stagmomantis_carolina
1340,2300,Dicromantispa interrupta,Four-spotted Mantisfly,Animalia,Arthropoda,Insecta,Neuroptera,Mantispidae,Dicromantispa,interrupta,02300_Animalia_Arthropoda_Insecta_Neuroptera_Mantispidae_Dicromantispa_interrupta
1341,2301,Dicromantispa sayi,Say's Mantidfly,Animalia,Arthropoda,Insecta,Neuroptera,Mantispidae,Dicromantispa,sayi,02301_Animalia_Arthropoda_Insecta_Neuroptera_Mantispidae_Dicromantispa_sayi
1342,2302,Zeugomantispa minuta,Green Mantidfly,Animalia,Arthropoda,Insecta,Neuroptera,Mantispidae,Zeugomantispa,minuta,02302_Animalia_Arthropoda_Insecta_Neuroptera_Mantispidae_Zeugomantispa_minuta
1343,2306,Aeshna constricta,Lance-tipped Darner,Animalia,Arthropoda,Insecta,Odonata,Aeshnidae,Aeshna,constricta,02306_Animalia_Arthropoda_Insecta_Odonata_Aeshnidae_Aeshna_constricta
1344,2307,Aeshna cyanea,Southern Hawker,Animalia,Arthropoda,Insecta,Odonata,Aeshnidae,Aeshna,cyanea,02307_Animalia_Arthropoda_Insecta_Odonata_Aeshnidae_Aeshna_cyanea
1345,2308,Aeshna eremita,Lake Darner,Animalia,Arthropoda,Insecta,Odonata,Aeshnidae,Aeshna,eremita,02308_Animalia_Arthropoda_Insecta_Odonata_Aeshnidae_Aeshna_eremita
1346,2312,Aeshna mixta,Migrant Hawker,Animalia,Arthropoda,Insecta,Odonata,Aeshnidae,Aeshna,mixta,02312_Animalia_Arthropoda_Insecta_Odonata_Aeshnidae_Aeshna_mixta
1347,2322,Boyeria vinosa,Fawn Darner,Animalia,Arthropoda,Insecta,Odonata,Aeshnidae,Boyeria,vinosa,02322_Animalia_Arthropoda_Insecta_Odonata_Aeshnidae_Boyeria_vinosa
1348,2330,Calopteryx aequabilis,River Jewelwing,Animalia,Arthropoda,Insecta,Odonata,Calopterygidae,Calopteryx,aequabilis,02330_Animalia_Arthropoda_Insecta_Odonata_Calopterygidae_Calopteryx_aequabilis
1349,2333,Calopteryx splendens,Banded Demoiselle,Animalia,Arthropoda,Insecta,Odonata,Calopterygidae,Calopteryx,splendens,02333_Animalia_Arthropoda_Insecta_Odonata_Calopterygidae_Calopteryx_splendens
1350,2351,Argia plana,Springwater Dancer,Animalia,Arthropoda,Insecta,Odonata,Coenagrionidae,Argia,plana,02351_Animalia_Arthropoda_Insecta_Odonata_Coenagrionidae_Argia_plana
1351,2353,Argia tibialis,Blue-tipped Dancer,Animalia,Arthropoda,Insecta,Odonata,Coenagrionidae,Argia,tibialis,02353_Animalia_Arthropoda_Insecta_Odonata_Coenagrionidae_Argia_tibialis
1352,2354,Argia translata,Dusky Dancer,Animalia,Arthropoda,Insecta,Odonata,Coenagrionidae,Argia,translata,02354_Animalia_Arthropoda_Insecta_Odonata_Coenagrionidae_Argia_translata
1353,2356,Austroagrion watsoni,Eastern Billabongfly,Animalia,Arthropoda,Insecta,Odonata,Coenagrionidae,Austroagrion,watsoni,02356_Animalia_Arthropoda_Insecta_Odonata_Coenagrionidae_Austroagrion_watsoni
1354,2365,Enallagma aspersum,Azure Bluet,Animalia,Arthropoda,Insecta,Odonata,Coenagrionidae,Enallagma,aspersum,02365_Animalia_Arthropoda_Insecta_Odonata_Coenagrionidae_Enallagma_aspersum
1355,2366,Enallagma basidens,Double-striped Bluet,Animalia,Arthropoda,Insecta,Odonata,Coenagrionidae,Enallagma,basidens,02366_Animalia_Arthropoda_Insecta_Odonata_Coenagrionidae_Enallagma_basidens
1356,2374,Enallagma exsulans,Stream Bluet,Animalia,Arthropoda,Insecta,Odonata,Coenagrionidae,Enallagma,exsulans,02374_Animalia_Arthropoda_Insecta_Odonata_Coenagrionidae_Enallagma_exsulans
1357,2381,Erythromma najas,Red-eyed Damselfly,Animalia,Arthropoda,Insecta,Odonata,Coenagrionidae,Erythromma,najas,02381_Animalia_Arthropoda_Insecta_Odonata_Coenagrionidae_Erythromma_najas
1358,2406,Cordulegaster maculata,Twin-spotted Spiketail,Animalia,Arthropoda,Insecta,Odonata,Cordulegastridae,Cordulegaster,maculata,02406_Animalia_Arthropoda_Insecta_Odonata_Cordulegastridae_Cordulegaster_maculata
1359,2412,Epitheca cynosura,Common Baskettail,Animalia,Arthropoda,Insecta,Odonata,Corduliidae,Epitheca,cynosura,02412_Animalia_Arthropoda_Insecta_Odonata_Corduliidae_Epitheca_cynosura
1360,2416,Hemicordulia australiae,Australian Emerald Dragonfly,Animalia,Arthropoda,Insecta,Odonata,Corduliidae,Hemicordulia,australiae,02416_Animalia_Arthropoda_Insecta_Odonata_Corduliidae_Hemicordulia_australiae
1361,2417,Hemicordulia tau,Tau Emerald,Animalia,Arthropoda,Insecta,Odonata,Corduliidae,Hemicordulia,tau,02417_Animalia_Arthropoda_Insecta_Odonata_Corduliidae_Hemicordulia_tau
1362,2419,Euphaea decorata,Black-banded Gossamerwing,Animalia,Arthropoda,Insecta,Odonata,Euphaeidae,Euphaea,decorata,02419_Animalia_Arthropoda_Insecta_Odonata_Euphaeidae_Euphaea_decorata
1363,2425,Dromogomphus spinosus,Black-shouldered Spinyleg,Animalia,Arthropoda,Insecta,Odonata,Gomphidae,Dromogomphus,spinosus,02425_Animalia_Arthropoda_Insecta_Odonata_Gomphidae_Dromogomphus_spinosus
1364,2430,Gomphurus vastus,Cobra Clubtail,Animalia,Arthropoda,Insecta,Odonata,Gomphidae,Gomphurus,vastus,02430_Animalia_Arthropoda_Insecta_Odonata_Gomphidae_Gomphurus_vastus
1365,2439,Phyllogomphoides albrighti,Five-striped Leaftail,Animalia,Arthropoda,Insecta,Odonata,Gomphidae,Phyllogomphoides,albrighti,02439_Animalia_Arthropoda_Insecta_Odonata_Gomphidae_Phyllogomphoides_albrighti
1366,2451,Lestes australis,Southern Spreadwing,Animalia,Arthropoda,Insecta,Odonata,Lestidae,Lestes,australis,02451_Animalia_Arthropoda_Insecta_Odonata_Lestidae_Lestes_australis
1367,2456,Lestes eurinus,Amber-winged Spreadwing,Animalia,Arthropoda,Insecta,Odonata,Lestidae,Lestes,eurinus,02456_Animalia_Arthropoda_Insecta_Odonata_Lestidae_Lestes_eurinus
1368,2461,Lestes unguiculatus,Lyre-tipped Spreadwing,Animalia,Arthropoda,Insecta,Odonata,Lestidae,Lestes,unguiculatus,02461_Animalia_Arthropoda_Insecta_Odonata_Lestidae_Lestes_unguiculatus
1369,2462,Lestes vigilax,Swamp Spreadwing,Animalia,Arthropoda,Insecta,Odonata,Lestidae,Lestes,vigilax,02462_Animalia_Arthropoda_Insecta_Odonata_Lestidae_Lestes_vigilax
1370,2487,Erythemis plebeja,Pin-tailed Pondhawk,Animalia,Arthropoda,Insecta,Odonata,Libellulidae,Erythemis,plebeja,02487_Animalia_Arthropoda_Insecta_Odonata_Libellulidae_Erythemis_plebeja
1371,2494,Erythrodiplax umbrata,Band-winged Dragonlet,Animalia,Arthropoda,Insecta,Odonata,Libellulidae,Erythrodiplax,umbrata,02494_Animalia_Arthropoda_Insecta_Odonata_Libellulidae_Erythrodiplax_umbrata
1372,2495,Ladona deplanata,Blue Corporal,Animalia,Arthropoda,Insecta,Odonata,Libellulidae,Ladona,deplanata,02495_Animalia_Arthropoda_Insecta_Odonata_Libellulidae_Ladona_deplanata
1373,2500,Leucorrhinia hudsonica,Hudsonian Whiteface,Animalia,Arthropoda,Insecta,Odonata,Libellulidae,Leucorrhinia,hudsonica,02500_Animalia_Arthropoda_Insecta_Odonata_Libellulidae_Leucorrhinia_hudsonica
1374,2513,Libellula luctuosa,Widow Skimmer,Animalia,Arthropoda,Insecta,Odonata,Libellulidae,Libellula,luctuosa,02513_Animalia_Arthropoda_Insecta_Odonata_Libellulidae_Libellula_luctuosa
1375,2515,Libellula pulchella,Twelve-spotted Skimmer,Animalia,Arthropoda,Insecta,Odonata,Libellulidae,Libellula,pulchella,02515_Animalia_Arthropoda_Insecta_Odonata_Libellulidae_Libellula_pulchella
1376,2534,Orthetrum cancellatum,Black-lined Skimmer,Animalia,Arthropoda,Insecta,Odonata,Libellulidae,Orthetrum,cancellatum,02534_Animalia_Arthropoda_Insecta_Odonata_Libellulidae_Orthetrum_cancellatum
1377,2538,Orthetrum glaucum,Blue Marsh Hawk,Animalia,Arthropoda,Insecta,Odonata,Libellulidae,Orthetrum,glaucum,02538_Animalia_Arthropoda_Insecta_Odonata_Libellulidae_Orthetrum_glaucum
1378,2540,Orthetrum luzonicum,Slender Blue Skimmer,Animalia,Arthropoda,Insecta,Odonata,Libellulidae,Orthetrum,luzonicum,02540_Animalia_Arthropoda_Insecta_Odonata_Libellulidae_Orthetrum_luzonicum
1379,2543,Orthetrum testaceum,Scarlet Skimmer,Animalia,Arthropoda,Insecta,Odonata,Libellulidae,Orthetrum,testaceum,02543_Animalia_Arthropoda_Insecta_Odonata_Libellulidae_Orthetrum_testaceum
1380,2548,Paltothemis lineatipes,Red Rock Skimmer,Animalia,Arthropoda,Insecta,Odonata,Libellulidae,Paltothemis,lineatipes,02548_Animalia_Arthropoda_Insecta_Odonata_Libellulidae_Paltothemis_lineatipes
1381,2549,Pantala flavescens,Wandering Glider,Animalia,Arthropoda,Insecta,Odonata,Libellulidae,Pantala,flavescens,02549_Animalia_Arthropoda_Insecta_Odonata_Libellulidae_Pantala_flavescens
1382,2554,Potamarcha congener,Swampwatcher,Animalia,Arthropoda,Insecta,Odonata,Libellulidae,Potamarcha,congener,02554_Animalia_Arthropoda_Insecta_Odonata_Libellulidae_Potamarcha_congener
1383,2556,Pseudothemis zonata,Pied Skimmer,Animalia,Arthropoda,Insecta,Odonata,Libellulidae,Pseudothemis,zonata,02556_Animalia_Arthropoda_Insecta_Odonata_Libellulidae_Pseudothemis_zonata
1384,2557,Rhyothemis graphiptera,Graphic Flutterer,Animalia,Arthropoda,Insecta,Odonata,Libellulidae,Rhyothemis,graphiptera,02557_Animalia_Arthropoda_Insecta_Odonata_Libellulidae_Rhyothemis_graphiptera
1385,2558,Rhyothemis phyllis,Yellow-striped Flutterer,Animalia,Arthropoda,Insecta,Odonata,Libellulidae,Rhyothemis,phyllis,02558_Animalia_Arthropoda_Insecta_Odonata_Libellulidae_Rhyothemis_phyllis
1386,2569,Sympetrum obtrusum,White-faced Meadowhawk,Animalia,Arthropoda,Insecta,Odonata,Libellulidae,Sympetrum,obtrusum,02569_Animalia_Arthropoda_Insecta_Odonata_Libellulidae_Sympetrum_obtrusum
1387,2577,Tholymis tillarga,Twister,Animalia,Arthropoda,Insecta,Odonata,Libellulidae,Tholymis,tillarga,02577_Animalia_Arthropoda_Insecta_Odonata_Libellulidae_Tholymis_tillarga
1388,2582,Trithemis arteriosa,Red-veined Dropwing,Animalia,Arthropoda,Insecta,Odonata,Libellulidae,Trithemis,arteriosa,02582_Animalia_Arthropoda_Insecta_Odonata_Libellulidae_Trithemis_arteriosa
1389,2591,Tachopteryx thoreyi,Gray Petaltail,Animalia,Arthropoda,Insecta,Odonata,Petaluridae,Tachopteryx,thoreyi,02591_Animalia_Arthropoda_Insecta_Odonata_Petaluridae_Tachopteryx_thoreyi
1390,2600,Aidemona azteca,Aztec Spur-throated Grasshopper,Animalia,Arthropoda,Insecta,Orthoptera,Acrididae,Aidemona,azteca,02600_Animalia_Arthropoda_Insecta_Orthoptera_Acrididae_Aidemona_azteca
1391,2601,Aiolopus strepens,Broad Green-winged Grasshopper,Animalia,Arthropoda,Insecta,Orthoptera,Acrididae,Aiolopus,strepens,02601_Animalia_Arthropoda_Insecta_Orthoptera_Acrididae_Aiolopus_strepens
1392,2602,Anacridium aegyptium,Egyptian Locust,Animalia,Arthropoda,Insecta,Orthoptera,Acrididae,Anacridium,aegyptium,02602_Animalia_Arthropoda_Insecta_Orthoptera_Acrididae_Anacridium_aegyptium
1393,2607,Chortophaga viridifasciata,Green-striped Grasshopper,Animalia,Arthropoda,Insecta,Orthoptera,Acrididae,Chortophaga,viridifasciata,02607_Animalia_Arthropoda_Insecta_Orthoptera_Acrididae_Chortophaga_viridifasciata
1394,2631,Schistocerca lineata,Spotted Bird Grasshopper,Animalia,Arthropoda,Insecta,Orthoptera,Acrididae,Schistocerca,lineata,02631_Animalia_Arthropoda_Insecta_Orthoptera_Acrididae_Schistocerca_lineata
1395,2645,Gryllus bimaculatus,African field cricket,Animalia,Arthropoda,Insecta,Orthoptera,Gryllidae,Gryllus,bimaculatus,02645_Animalia_Arthropoda_Insecta_Orthoptera_Gryllidae_Gryllus_bimaculatus
1396,2659,Brachystola magna,Plains Lubber Grasshopper,Animalia,Arthropoda,Insecta,Orthoptera,Romaleidae,Brachystola,magna,02659_Animalia_Arthropoda_Insecta_Orthoptera_Romaleidae_Brachystola_magna
1397,2662,Tropidacris collaris,Violet-Winged Grasshopper,Animalia,Arthropoda,Insecta,Orthoptera,Romaleidae,Tropidacris,collaris,02662_Animalia_Arthropoda_Insecta_Orthoptera_Romaleidae_Tropidacris_collaris
1398,2671,Decticus verrucivorus,Wart-biter,Animalia,Arthropoda,Insecta,Orthoptera,Tettigoniidae,Decticus,verrucivorus,02671_Animalia_Arthropoda_Insecta_Orthoptera_Tettigoniidae_Decticus_verrucivorus
1399,2679,Phaneroptera falcata,Sickle-bearing Bush-cricket,Animalia,Arthropoda,Insecta,Orthoptera,Tettigoniidae,Phaneroptera,falcata,02679_Animalia_Arthropoda_Insecta_Orthoptera_Tettigoniidae_Phaneroptera_falcata
1400,2680,Phaneroptera nana,Mediterranean Katydid,Animalia,Arthropoda,Insecta,Orthoptera,Tettigoniidae,Phaneroptera,nana,02680_Animalia_Arthropoda_Insecta_Orthoptera_Tettigoniidae_Phaneroptera_nana
1401,2681,Pholidoptera griseoaptera,Dark Bush-cricket,Animalia,Arthropoda,Insecta,Orthoptera,Tettigoniidae,Pholidoptera,griseoaptera,02681_Animalia_Arthropoda_Insecta_Orthoptera_Tettigoniidae_Pholidoptera_griseoaptera
1402,2683,Roeseliana roeselii,Roesel's Bush-cricket,Animalia,Arthropoda,Insecta,Orthoptera,Tettigoniidae,Roeseliana,roeselii,02683_Animalia_Arthropoda_Insecta_Orthoptera_Tettigoniidae_Roeseliana_roeselii
1403,2684,Ruspolia nitidula,Large Conehead,Animalia,Arthropoda,Insecta,Orthoptera,Tettigoniidae,Ruspolia,nitidula,02684_Animalia_Arthropoda_Insecta_Orthoptera_Tettigoniidae_Ruspolia_nitidula
1404,2687,Scudderia septentrionalis,Northern Bush Katydid,Animalia,Arthropoda,Insecta,Orthoptera,Tettigoniidae,Scudderia,septentrionalis,02687_Animalia_Arthropoda_Insecta_Orthoptera_Tettigoniidae_Scudderia_septentrionalis
1405,2691,Tettigonia viridissima,Great Green Bush-cricket,Animalia,Arthropoda,Insecta,Orthoptera,Tettigoniidae,Tettigonia,viridissima,02691_Animalia_Arthropoda_Insecta_Orthoptera_Tettigoniidae_Tettigonia_viridissima
1406,2694,Megaphasma denticrus,Giant Walkingstick,Animalia,Arthropoda,Insecta,Phasmida,Diapheromeridae,Megaphasma,denticrus,02694_Animalia_Arthropoda_Insecta_Phasmida_Diapheromeridae_Megaphasma_denticrus
1407,2695,Clitarchus hookeri,Smooth Stick-insect,Animalia,Arthropoda,Insecta,Phasmida,Phasmatidae,Clitarchus,hookeri,02695_Animalia_Arthropoda_Insecta_Phasmida_Phasmatidae_Clitarchus_hookeri
1408,2698,Ctenolepisma lineata,Four-lined Silverfish,Animalia,Arthropoda,Insecta,Zygentoma,Lepismatidae,Ctenolepisma,lineata,02698_Animalia_Arthropoda_Insecta_Zygentoma_Lepismatidae_Ctenolepisma_lineata
1409,2699,Ctenolepisma longicaudata,Gray silverfish,Animalia,Arthropoda,Insecta,Zygentoma,Lepismatidae,Ctenolepisma,longicaudata,02699_Animalia_Arthropoda_Insecta_Zygentoma_Lepismatidae_Ctenolepisma_longicaudata
1410,2704,Cancer borealis,Jonah Crab,Animalia,Arthropoda,Malacostraca,Decapoda,Cancridae,Cancer,borealis,02704_Animalia_Arthropoda_Malacostraca_Decapoda_Cancridae_Cancer_borealis
1411,2707,Metacarcinus magister,Dungeness Crab,Animalia,Arthropoda,Malacostraca,Decapoda,Cancridae,Metacarcinus,magister,02707_Animalia_Arthropoda_Malacostraca_Decapoda_Cancridae_Metacarcinus_magister
1412,2713,Cardisoma guanhumi,Blue Land Crab,Animalia,Arthropoda,Malacostraca,Decapoda,Gecarcinidae,Cardisoma,guanhumi,02713_Animalia_Arthropoda_Malacostraca_Decapoda_Gecarcinidae_Cardisoma_guanhumi
1413,2719,Pachygrapsus marmoratus,Marbled Crab,Animalia,Arthropoda,Malacostraca,Decapoda,Grapsidae,Pachygrapsus,marmoratus,02719_Animalia_Arthropoda_Malacostraca_Decapoda_Grapsidae_Pachygrapsus_marmoratus
1414,2728,Ocypode quadrata,Atlantic Ghost Crab,Animalia,Arthropoda,Malacostraca,Decapoda,Ocypodidae,Ocypode,quadrata,02728_Animalia_Arthropoda_Malacostraca_Decapoda_Ocypodidae_Ocypode_quadrata
1415,2739,Aratus pisonii,Mangrove Tree Crab,Animalia,Arthropoda,Malacostraca,Decapoda,Sesarmidae,Aratus,pisonii,02739_Animalia_Arthropoda_Malacostraca_Decapoda_Sesarmidae_Aratus_pisonii
1416,2740,Armases cinereum,Squareback Marsh Crab,Animalia,Arthropoda,Malacostraca,Decapoda,Sesarmidae,Armases,cinereum,02740_Animalia_Arthropoda_Malacostraca_Decapoda_Sesarmidae_Armases_cinereum
1417,2746,Armadillidium vulgare,Common Pill-bug,Animalia,Arthropoda,Malacostraca,Isopoda,Armadillidiidae,Armadillidium,vulgare,02746_Animalia_Arthropoda_Malacostraca_Isopoda_Armadillidiidae_Armadillidium_vulgare
1418,2747,Ligia exotica,Wharf Roach,Animalia,Arthropoda,Malacostraca,Isopoda,Ligiidae,Ligia,exotica,02747_Animalia_Arthropoda_Malacostraca_Isopoda_Ligiidae_Ligia_exotica
1419,2757,Anguilla rostrata,American Eel,Animalia,Chordata,Actinopterygii,Anguilliformes,Anguillidae,Anguilla,rostrata,02757_Animalia_Chordata_Actinopterygii_Anguilliformes_Anguillidae_Anguilla_rostrata
1420,2764,Cyprinus carpio,Common Carp,Animalia,Chordata,Actinopterygii,Cypriniformes,Cyprinidae,Cyprinus,carpio,02764_Animalia_Chordata_Actinopterygii_Cypriniformes_Cyprinidae_Cyprinus_carpio
1421,2771,Scardinius erythrophthalmus,Rudd,Animalia,Chordata,Actinopterygii,Cypriniformes,Cyprinidae,Scardinius,erythrophthalmus,02771_Animalia_Chordata_Actinopterygii_Cypriniformes_Cyprinidae_Scardinius_erythrophthalmus
1422,2774,Cyprinodon variegatus,Sheepshead Minnow,Animalia,Chordata,Actinopterygii,Cyprinodontiformes,Cyprinodontidae,Cyprinodon,variegatus,02774_Animalia_Chordata_Actinopterygii_Cyprinodontiformes_Cyprinodontidae_Cyprinodon_variegatus
1423,2775,Fundulus diaphanus,banded killifish,Animalia,Chordata,Actinopterygii,Cyprinodontiformes,Fundulidae,Fundulus,diaphanus,02775_Animalia_Chordata_Actinopterygii_Cyprinodontiformes_Fundulidae_Fundulus_diaphanus
1424,2808,Micropterus salmoides,Largemouth Bass,Animalia,Chordata,Actinopterygii,Perciformes,Centrarchidae,Micropterus,salmoides,02808_Animalia_Chordata_Actinopterygii_Perciformes_Centrarchidae_Micropterus_salmoides
1425,2814,Cheilodactylus nigripes,Magpie Perch,Animalia,Chordata,Actinopterygii,Perciformes,Cheilodactylidae,Cheilodactylus,nigripes,02814_Animalia_Chordata_Actinopterygii_Perciformes_Cheilodactylidae_Cheilodactylus_nigripes
1426,2816,Herichthys cyanoguttatus,Texas Cichlid,Animalia,Chordata,Actinopterygii,Perciformes,Cichlidae,Herichthys,cyanoguttatus,02816_Animalia_Chordata_Actinopterygii_Perciformes_Cichlidae_Herichthys_cyanoguttatus
1427,2817,Mayaheros urophthalmus,Mayan Cichlid,Animalia,Chordata,Actinopterygii,Perciformes,Cichlidae,Mayaheros,urophthalmus,02817_Animalia_Chordata_Actinopterygii_Perciformes_Cichlidae_Mayaheros_urophthalmus
1428,2822,Enoplosus armatus,Old Wife,Animalia,Chordata,Actinopterygii,Perciformes,Enoplosidae,Enoplosus,armatus,02822_Animalia_Chordata_Actinopterygii_Perciformes_Enoplosidae_Enoplosus_armatus
1429,2826,Neogobius melanostomus,Round Goby,Animalia,Chordata,Actinopterygii,Perciformes,Gobiidae,Neogobius,melanostomus,02826_Animalia_Chordata_Actinopterygii_Perciformes_Gobiidae_Neogobius_melanostomus
1430,2828,Haemulon sciurus,Bluestriped Grunt,Animalia,Chordata,Actinopterygii,Perciformes,Haemulidae,Haemulon,sciurus,02828_Animalia_Chordata_Actinopterygii_Perciformes_Haemulidae_Haemulon_sciurus
1431,2838,Labroides dimidiatus,Bluestreak Cleaner Wrasse,Animalia,Chordata,Actinopterygii,Perciformes,Labridae,Labroides,dimidiatus,02838_Animalia_Chordata_Actinopterygii_Perciformes_Labridae_Labroides_dimidiatus
1432,2843,Thalassoma bifasciatum,Caribbean Bluehead Wrasse,Animalia,Chordata,Actinopterygii,Perciformes,Labridae,Thalassoma,bifasciatum,02843_Animalia_Chordata_Actinopterygii_Perciformes_Labridae_Thalassoma_bifasciatum
1433,2877,Sparisoma viride,Stoplight Parrotfish,Animalia,Chordata,Actinopterygii,Perciformes,Scaridae,Sparisoma,viride,02877_Animalia_Chordata_Actinopterygii_Perciformes_Scaridae_Sparisoma_viride
1434,2880,Micropogonias undulatus,Atlantic Croaker,Animalia,Chordata,Actinopterygii,Perciformes,Sciaenidae,Micropogonias,undulatus,02880_Animalia_Chordata_Actinopterygii_Perciformes_Sciaenidae_Micropogonias_undulatus
1435,2882,Sciaenops ocellatus,Red Drum,Animalia,Chordata,Actinopterygii,Perciformes,Sciaenidae,Sciaenops,ocellatus,02882_Animalia_Chordata_Actinopterygii_Perciformes_Sciaenidae_Sciaenops_ocellatus
1436,2886,Acanthopagrus australis,Sea Bream,Animalia,Chordata,Actinopterygii,Perciformes,Sparidae,Acanthopagrus,australis,02886_Animalia_Chordata_Actinopterygii_Perciformes_Sparidae_Acanthopagrus_australis
1437,2887,Archosargus probatocephalus,Sheepshead,Animalia,Chordata,Actinopterygii,Perciformes,Sparidae,Archosargus,probatocephalus,02887_Animalia_Chordata_Actinopterygii_Perciformes_Sparidae_Archosargus_probatocephalus
1438,2894,Sphyraena barracuda,Great Barracuda,Animalia,Chordata,Actinopterygii,Perciformes,Sphyraenidae,Sphyraena,barracuda,02894_Animalia_Chordata_Actinopterygii_Perciformes_Sphyraenidae_Sphyraena_barracuda
1439,2899,Oncorhynchus kisutch,Coho Salmon,Animalia,Chordata,Actinopterygii,Salmoniformes,Salmonidae,Oncorhynchus,kisutch,02899_Animalia_Chordata_Actinopterygii_Salmoniformes_Salmonidae_Oncorhynchus_kisutch
1440,2904,Salvelinus fontinalis,Brook Trout,Animalia,Chordata,Actinopterygii,Salmoniformes,Salmonidae,Salvelinus,fontinalis,02904_Animalia_Chordata_Actinopterygii_Salmoniformes_Salmonidae_Salvelinus_fontinalis
1441,2907,Pterois volitans,Red Lionfish,Animalia,Chordata,Actinopterygii,Scorpaeniformes,Scorpaenidae,Pterois,volitans,02907_Animalia_Chordata_Actinopterygii_Scorpaeniformes_Scorpaenidae_Pterois_volitans
1442,2915,Aulostomus chinensis,Pacific Trumpetfish,Animalia,Chordata,Actinopterygii,Syngnathiformes,Aulostomidae,Aulostomus,chinensis,02915_Animalia_Chordata_Actinopterygii_Syngnathiformes_Aulostomidae_Aulostomus_chinensis
1443,2917,Fistularia commersonii,Bluespotted Cornetfish,Animalia,Chordata,Actinopterygii,Syngnathiformes,Fistulariidae,Fistularia,commersonii,02917_Animalia_Chordata_Actinopterygii_Syngnathiformes_Fistulariidae_Fistularia_commersonii
1444,2925,Dicotylichthys punctulatus,Three-barred Porcupinefish,Animalia,Chordata,Actinopterygii,Tetraodontiformes,Diodontidae,Dicotylichthys,punctulatus,02925_Animalia_Chordata_Actinopterygii_Tetraodontiformes_Diodontidae_Dicotylichthys_punctulatus
1445,2933,Lactophrys triqueter,Smooth Trunkfish,Animalia,Chordata,Actinopterygii,Tetraodontiformes,Ostraciidae,Lactophrys,triqueter,02933_Animalia_Chordata_Actinopterygii_Tetraodontiformes_Ostraciidae_Lactophrys_triqueter
1446,2938,Tetractenos glaber,Smooth Toadfish,Animalia,Chordata,Actinopterygii,Tetraodontiformes,Tetraodontidae,Tetractenos,glaber,02938_Animalia_Chordata_Actinopterygii_Tetraodontiformes_Tetraodontidae_Tetractenos_glaber
1447,2944,Anaxyrus cognatus,Great Plains Toad,Animalia,Chordata,Amphibia,Anura,Bufonidae,Anaxyrus,cognatus,02944_Animalia_Chordata_Amphibia_Anura_Bufonidae_Anaxyrus_cognatus
1448,2945,Anaxyrus fowleri,Fowler's Toad,Animalia,Chordata,Amphibia,Anura,Bufonidae,Anaxyrus,fowleri,02945_Animalia_Chordata_Amphibia_Anura_Bufonidae_Anaxyrus_fowleri
1449,2967,Rhinella horribilis,Giant Marine Toad,Animalia,Chordata,Amphibia,Anura,Bufonidae,Rhinella,horribilis,02967_Animalia_Chordata_Amphibia_Anura_Bufonidae_Rhinella_horribilis
1450,2974,Dendrobates auratus,Green and Black Dart-poison Frog,Animalia,Chordata,Amphibia,Anura,Dendrobatidae,Dendrobates,auratus,02974_Animalia_Chordata_Amphibia_Anura_Dendrobatidae_Dendrobates_auratus
1451,2977,Eleutherodactylus cystignathoides,Rio Grande Chirping Frog,Animalia,Chordata,Amphibia,Anura,Eleutherodactylidae,Eleutherodactylus,cystignathoides,02977_Animalia_Chordata_Amphibia_Anura_Eleutherodactylidae_Eleutherodactylus_cystignathoides
1452,2978,Eleutherodactylus planirostris,Greenhouse Frog,Animalia,Chordata,Amphibia,Anura,Eleutherodactylidae,Eleutherodactylus,planirostris,02978_Animalia_Chordata_Amphibia_Anura_Eleutherodactylidae_Eleutherodactylus_planirostris
1453,2985,Hyla chrysoscelis,Cope's Gray Tree Frog,Animalia,Chordata,Amphibia,Anura,Hylidae,Hyla,chrysoscelis,02985_Animalia_Chordata_Amphibia_Anura_Hylidae_Hyla_chrysoscelis
1454,2988,Hyla femoralis,Pine Woods Tree Frog,Animalia,Chordata,Amphibia,Anura,Hylidae,Hyla,femoralis,02988_Animalia_Chordata_Amphibia_Anura_Hylidae_Hyla_femoralis
1455,3007,Engystomops pustulosus,Guayaquil Dwarf Frog,Animalia,Chordata,Amphibia,Anura,Leptodactylidae,Engystomops,pustulosus,03007_Animalia_Chordata_Amphibia_Anura_Leptodactylidae_Engystomops_pustulosus
1456,3012,Microhyla fissipes,Ornate Chorus Frog,Animalia,Chordata,Amphibia,Anura,Microhylidae,Microhyla,fissipes,03012_Animalia_Chordata_Amphibia_Anura_Microhylidae_Microhyla_fissipes
1457,3015,Litoria peronii,Peron's Tree Frog,Animalia,Chordata,Amphibia,Anura,Pelodryadidae,Litoria,peronii,03015_Animalia_Chordata_Amphibia_Anura_Pelodryadidae_Litoria_peronii
1458,3020,Xenopus laevis,African Clawed Frog,Animalia,Chordata,Amphibia,Anura,Pipidae,Xenopus,laevis,03020_Animalia_Chordata_Amphibia_Anura_Pipidae_Xenopus_laevis
1459,3030,Lithobates palustris,Pickerel Frog,Animalia,Chordata,Amphibia,Anura,Ranidae,Lithobates,palustris,03030_Animalia_Chordata_Amphibia_Anura_Ranidae_Lithobates_palustris
1460,3041,Rana boylii,Foothill Yellow-legged Frog,Animalia,Chordata,Amphibia,Anura,Ranidae,Rana,boylii,03041_Animalia_Chordata_Amphibia_Anura_Ranidae_Rana_boylii
1461,3043,Rana dalmatina,Agile Frog,Animalia,Chordata,Amphibia,Anura,Ranidae,Rana,dalmatina,03043_Animalia_Chordata_Amphibia_Anura_Ranidae_Rana_dalmatina
1462,3044,Rana draytonii,California Red-legged Frog,Animalia,Chordata,Amphibia,Anura,Ranidae,Rana,draytonii,03044_Animalia_Chordata_Amphibia_Anura_Ranidae_Rana_draytonii
1463,3046,Rana latastei,Italian Agile Frog,Animalia,Chordata,Amphibia,Anura,Ranidae,Rana,latastei,03046_Animalia_Chordata_Amphibia_Anura_Ranidae_Rana_latastei
1464,3050,Buergeria robusta,Robust Kajika Frog,Animalia,Chordata,Amphibia,Anura,Rhacophoridae,Buergeria,robusta,03050_Animalia_Chordata_Amphibia_Anura_Rhacophoridae_Buergeria_robusta
1465,3053,Polypedates megacephalus,Spot-legged Treefrog,Animalia,Chordata,Amphibia,Anura,Rhacophoridae,Polypedates,megacephalus,03053_Animalia_Chordata_Amphibia_Anura_Rhacophoridae_Polypedates_megacephalus
1466,3064,Ambystoma opacum,Marbled Salamander,Animalia,Chordata,Amphibia,Caudata,Ambystomatidae,Ambystoma,opacum,03064_Animalia_Chordata_Amphibia_Caudata_Ambystomatidae_Ambystoma_opacum
1467,3072,Aneides lugubris,Arboreal Salamander,Animalia,Chordata,Amphibia,Caudata,Plethodontidae,Aneides,lugubris,03072_Animalia_Chordata_Amphibia_Caudata_Plethodontidae_Aneides_lugubris
1468,3094,Plethodon serratus,Southern Red-backed Salamander,Animalia,Chordata,Amphibia,Caudata,Plethodontidae,Plethodon,serratus,03094_Animalia_Chordata_Amphibia_Caudata_Plethodontidae_Plethodon_serratus
1469,3095,Plethodon vehiculum,Western Red-backed Salamander,Animalia,Chordata,Amphibia,Caudata,Plethodontidae,Plethodon,vehiculum,03095_Animalia_Chordata_Amphibia_Caudata_Plethodontidae_Plethodon_vehiculum
1470,3110,Botryllus schlosseri,Golden Star Tunicate,Animalia,Chordata,Ascidiacea,Stolidobranchia,Styelidae,Botryllus,schlosseri,03110_Animalia_Chordata_Ascidiacea_Stolidobranchia_Styelidae_Botryllus_schlosseri
1471,3118,Aquila audax,Wedge-tailed Eagle,Animalia,Chordata,Aves,Accipitriformes,Accipitridae,Aquila,audax,03118_Animalia_Chordata_Aves_Accipitriformes_Accipitridae_Aquila_audax
1472,3122,Aquila rapax,Tawny Eagle,Animalia,Chordata,Aves,Accipitriformes,Accipitridae,Aquila,rapax,03122_Animalia_Chordata_Aves_Accipitriformes_Accipitridae_Aquila_rapax
1473,3125,Buteo brachyurus,Short-tailed Hawk,Animalia,Chordata,Aves,Accipitriformes,Accipitridae,Buteo,brachyurus,03125_Animalia_Chordata_Aves_Accipitriformes_Accipitridae_Buteo_brachyurus
1474,3127,Buteo jamaicensis,Red-tailed Hawk,Animalia,Chordata,Aves,Accipitriformes,Accipitridae,Buteo,jamaicensis,03127_Animalia_Chordata_Aves_Accipitriformes_Accipitridae_Buteo_jamaicensis
1475,3130,Buteo plagiatus,Gray Hawk,Animalia,Chordata,Aves,Accipitriformes,Accipitridae,Buteo,plagiatus,03130_Animalia_Chordata_Aves_Accipitriformes_Accipitridae_Buteo_plagiatus
1476,3135,Buteo swainsoni,Swainson's Hawk,Animalia,Chordata,Aves,Accipitriformes,Accipitridae,Buteo,swainsoni,03135_Animalia_Chordata_Aves_Accipitriformes_Accipitridae_Buteo_swainsoni
1477,3150,Elanus axillaris,Black-shouldered Kite,Animalia,Chordata,Aves,Accipitriformes,Accipitridae,Elanus,axillaris,03150_Animalia_Chordata_Aves_Accipitriformes_Accipitridae_Elanus_axillaris
1478,3153,Geranoaetus albicaudatus,White-tailed Hawk,Animalia,Chordata,Aves,Accipitriformes,Accipitridae,Geranoaetus,albicaudatus,03153_Animalia_Chordata_Aves_Accipitriformes_Accipitridae_Geranoaetus_albicaudatus
1479,3157,Gypaetus barbatus,Bearded Vulture,Animalia,Chordata,Aves,Accipitriformes,Accipitridae,Gypaetus,barbatus,03157_Animalia_Chordata_Aves_Accipitriformes_Accipitridae_Gypaetus_barbatus
1480,3168,Ictinia plumbea,Plumbeous Kite,Animalia,Chordata,Aves,Accipitriformes,Accipitridae,Ictinia,plumbea,03168_Animalia_Chordata_Aves_Accipitriformes_Accipitridae_Ictinia_plumbea
1481,3182,Rupornis magnirostris,Roadside Hawk,Animalia,Chordata,Aves,Accipitriformes,Accipitridae,Rupornis,magnirostris,03182_Animalia_Chordata_Aves_Accipitriformes_Accipitridae_Rupornis_magnirostris
1482,3190,Amazonetta brasiliensis,Brazilian Teal,Animalia,Chordata,Aves,Anseriformes,Anatidae,Amazonetta,brasiliensis,03190_Animalia_Chordata_Aves_Anseriformes_Anatidae_Amazonetta_brasiliensis
1483,3191,Anas acuta,Northern Pintail,Animalia,Chordata,Aves,Anseriformes,Anatidae,Anas,acuta,03191_Animalia_Chordata_Aves_Anseriformes_Anatidae_Anas_acuta
1484,3200,Anas gracilis,Grey Teal,Animalia,Chordata,Aves,Anseriformes,Anatidae,Anas,gracilis,03200_Animalia_Chordata_Aves_Anseriformes_Anatidae_Anas_gracilis
1485,3203,Anas rubripes,American Black Duck,Animalia,Chordata,Aves,Anseriformes,Anatidae,Anas,rubripes,03203_Animalia_Chordata_Aves_Anseriformes_Anatidae_Anas_rubripes
1486,3210,Anser caerulescens,Snow Goose,Animalia,Chordata,Aves,Anseriformes,Anatidae,Anser,caerulescens,03210_Animalia_Chordata_Aves_Anseriformes_Anatidae_Anser_caerulescens
1487,3214,Anser rossii,Ross's Goose,Animalia,Chordata,Aves,Anseriformes,Anatidae,Anser,rossii,03214_Animalia_Chordata_Aves_Anseriformes_Anatidae_Anser_rossii
1488,3223,Aythya nyroca,Ferruginous Duck,Animalia,Chordata,Aves,Anseriformes,Anatidae,Aythya,nyroca,03223_Animalia_Chordata_Aves_Anseriformes_Anatidae_Aythya_nyroca
1489,3230,Bucephala albeola,Bufflehead,Animalia,Chordata,Aves,Anseriformes,Anatidae,Bucephala,albeola,03230_Animalia_Chordata_Aves_Anseriformes_Anatidae_Bucephala_albeola
1490,3239,Cygnus atratus,Black Swan,Animalia,Chordata,Aves,Anseriformes,Anatidae,Cygnus,atratus,03239_Animalia_Chordata_Aves_Anseriformes_Anatidae_Cygnus_atratus
1491,3240,Cygnus buccinator,Trumpeter Swan,Animalia,Chordata,Aves,Anseriformes,Anatidae,Cygnus,buccinator,03240_Animalia_Chordata_Aves_Anseriformes_Anatidae_Cygnus_buccinator
1492,3242,Cygnus cygnus,Whooper Swan,Animalia,Chordata,Aves,Anseriformes,Anatidae,Cygnus,cygnus,03242_Animalia_Chordata_Aves_Anseriformes_Anatidae_Cygnus_cygnus
1493,3245,Dendrocygna autumnalis,Black-bellied Whistling-Duck,Animalia,Chordata,Aves,Anseriformes,Anatidae,Dendrocygna,autumnalis,03245_Animalia_Chordata_Aves_Anseriformes_Anatidae_Dendrocygna_autumnalis
1494,3265,Plectropterus gambensis,Spur-winged Goose,Animalia,Chordata,Aves,Anseriformes,Anatidae,Plectropterus,gambensis,03265_Animalia_Chordata_Aves_Anseriformes_Anatidae_Plectropterus_gambensis
1495,3267,Somateria mollissima,Common Eider,Animalia,Chordata,Aves,Anseriformes,Anatidae,Somateria,mollissima,03267_Animalia_Chordata_Aves_Anseriformes_Anatidae_Somateria_mollissima
1496,3270,Spatula discors,Blue-winged Teal,Animalia,Chordata,Aves,Anseriformes,Anatidae,Spatula,discors,03270_Animalia_Chordata_Aves_Anseriformes_Anatidae_Spatula_discors
1497,3277,Chauna torquata,Southern Screamer,Animalia,Chordata,Aves,Anseriformes,Anhimidae,Chauna,torquata,03277_Animalia_Chordata_Aves_Anseriformes_Anhimidae_Chauna_torquata
1498,3282,Tockus leucomelas,Southern Yellow-billed Hornbill,Animalia,Chordata,Aves,Bucerotiformes,Bucerotidae,Tockus,leucomelas,03282_Animalia_Chordata_Aves_Bucerotiformes_Bucerotidae_Tockus_leucomelas
1499,3285,Upupa epops,Common Hoopoe,Animalia,Chordata,Aves,Bucerotiformes,Upupidae,Upupa,epops,03285_Animalia_Chordata_Aves_Bucerotiformes_Upupidae_Upupa_epops
1500,3299,Amazilia cyanocephala,Azure-crowned Hummingbird,Animalia,Chordata,Aves,Caprimulgiformes,Trochilidae,Amazilia,cyanocephala,03299_Animalia_Chordata_Aves_Caprimulgiformes_Trochilidae_Amazilia_cyanocephala
1501,3301,Amazilia tzacatl,Rufous-tailed Hummingbird,Animalia,Chordata,Aves,Caprimulgiformes,Trochilidae,Amazilia,tzacatl,03301_Animalia_Chordata_Aves_Caprimulgiformes_Trochilidae_Amazilia_tzacatl
1502,3314,Chlorostilbon lucidus,Glittering-bellied Emerald,Animalia,Chordata,Aves,Caprimulgiformes,Trochilidae,Chlorostilbon,lucidus,03314_Animalia_Chordata_Aves_Caprimulgiformes_Trochilidae_Chlorostilbon_lucidus
1503,3316,Colibri cyanotus,Lesser Violetear,Animalia,Chordata,Aves,Caprimulgiformes,Trochilidae,Colibri,cyanotus,03316_Animalia_Chordata_Aves_Caprimulgiformes_Trochilidae_Colibri_cyanotus
1504,3318,Eugenes fulgens,Rivoli's Hummingbird,Animalia,Chordata,Aves,Caprimulgiformes,Trochilidae,Eugenes,fulgens,03318_Animalia_Chordata_Aves_Caprimulgiformes_Trochilidae_Eugenes_fulgens
1505,3330,Dromaius novaehollandiae,Emu,Animalia,Chordata,Aves,Casuariiformes,Casuariidae,Dromaius,novaehollandiae,03330_Animalia_Chordata_Aves_Casuariiformes_Casuariidae_Dromaius_novaehollandiae
1506,3332,Cathartes burrovianus,Lesser Yellow-headed Vulture,Animalia,Chordata,Aves,Cathartiformes,Cathartidae,Cathartes,burrovianus,03332_Animalia_Chordata_Aves_Cathartiformes_Cathartidae_Cathartes_burrovianus
1507,3338,Brachyramphus marmoratus,Marbled Murrelet,Animalia,Chordata,Aves,Charadriiformes,Alcidae,Brachyramphus,marmoratus,03338_Animalia_Chordata_Aves_Charadriiformes_Alcidae_Brachyramphus_marmoratus
1508,3344,Burhinus bistriatus,Double-striped Thick-knee,Animalia,Chordata,Aves,Charadriiformes,Burhinidae,Burhinus,bistriatus,03344_Animalia_Chordata_Aves_Charadriiformes_Burhinidae_Burhinus_bistriatus
1509,3346,Burhinus grallarius,Bush Stone-curlew,Animalia,Chordata,Aves,Charadriiformes,Burhinidae,Burhinus,grallarius,03346_Animalia_Chordata_Aves_Charadriiformes_Burhinidae_Burhinus_grallarius
1510,3349,Charadrius bicinctus,Double-banded Plover,Animalia,Chordata,Aves,Charadriiformes,Charadriidae,Charadrius,bicinctus,03349_Animalia_Chordata_Aves_Charadriiformes_Charadriidae_Charadrius_bicinctus
1511,3354,Charadrius marginatus,White-fronted Plover,Animalia,Chordata,Aves,Charadriiformes,Charadriidae,Charadrius,marginatus,03354_Animalia_Chordata_Aves_Charadriiformes_Charadriidae_Charadrius_marginatus
1512,3366,Pluvialis apricaria,European Golden Plover,Animalia,Chordata,Aves,Charadriiformes,Charadriidae,Pluvialis,apricaria,03366_Animalia_Chordata_Aves_Charadriiformes_Charadriidae_Pluvialis_apricaria
1513,3370,Vanellus armatus,Blacksmith Lapwing,Animalia,Chordata,Aves,Charadriiformes,Charadriidae,Vanellus,armatus,03370_Animalia_Chordata_Aves_Charadriiformes_Charadriidae_Vanellus_armatus
1514,3373,Vanellus indicus,Red-wattled Lapwing,Animalia,Chordata,Aves,Charadriiformes,Charadriidae,Vanellus,indicus,03373_Animalia_Chordata_Aves_Charadriiformes_Charadriidae_Vanellus_indicus
1515,3375,Vanellus senegallus,African Wattled Lapwing,Animalia,Chordata,Aves,Charadriiformes,Charadriidae,Vanellus,senegallus,03375_Animalia_Chordata_Aves_Charadriiformes_Charadriidae_Vanellus_senegallus
1516,3383,Haematopus moquini,African Oystercatcher,Animalia,Chordata,Aves,Charadriiformes,Haematopodidae,Haematopus,moquini,03383_Animalia_Chordata_Aves_Charadriiformes_Haematopodidae_Haematopus_moquini
1517,3396,Chroicocephalus cirrocephalus,Grey-hooded Gull,Animalia,Chordata,Aves,Charadriiformes,Laridae,Chroicocephalus,cirrocephalus,03396_Animalia_Chordata_Aves_Charadriiformes_Laridae_Chroicocephalus_cirrocephalus
1518,3397,Chroicocephalus genei,Slender-billed Gull,Animalia,Chordata,Aves,Charadriiformes,Laridae,Chroicocephalus,genei,03397_Animalia_Chordata_Aves_Charadriiformes_Laridae_Chroicocephalus_genei
1519,3407,Ichthyaetus ichthyaetus,Pallas's Gull,Animalia,Chordata,Aves,Charadriiformes,Laridae,Ichthyaetus,ichthyaetus,03407_Animalia_Chordata_Aves_Charadriiformes_Laridae_Ichthyaetus_ichthyaetus
1520,3408,Ichthyaetus melanocephalus,Mediterranean Gull,Animalia,Chordata,Aves,Charadriiformes,Laridae,Ichthyaetus,melanocephalus,03408_Animalia_Chordata_Aves_Charadriiformes_Laridae_Ichthyaetus_melanocephalus
1521,3409,Larus argentatus,Herring Gull,Animalia,Chordata,Aves,Charadriiformes,Laridae,Larus,argentatus,03409_Animalia_Chordata_Aves_Charadriiformes_Laridae_Larus_argentatus
1522,3413,Larus crassirostris,Black-tailed Gull,Animalia,Chordata,Aves,Charadriiformes,Laridae,Larus,crassirostris,03413_Animalia_Chordata_Aves_Charadriiformes_Laridae_Larus_crassirostris
1523,3416,Larus fuscus,Lesser Black-backed Gull,Animalia,Chordata,Aves,Charadriiformes,Laridae,Larus,fuscus,03416_Animalia_Chordata_Aves_Charadriiformes_Laridae_Larus_fuscus
1524,3418,Larus glaucoides,Iceland Gull,Animalia,Chordata,Aves,Charadriiformes,Laridae,Larus,glaucoides,03418_Animalia_Chordata_Aves_Charadriiformes_Laridae_Larus_glaucoides
1525,3427,Leucophaeus pipixcan,Franklin's Gull,Animalia,Chordata,Aves,Charadriiformes,Laridae,Leucophaeus,pipixcan,03427_Animalia_Chordata_Aves_Charadriiformes_Laridae_Leucophaeus_pipixcan
1526,3434,Sterna striata,White-fronted Tern,Animalia,Chordata,Aves,Charadriiformes,Laridae,Sterna,striata,03434_Animalia_Chordata_Aves_Charadriiformes_Laridae_Sterna_striata
1527,3439,Thalasseus maximus,Royal Tern,Animalia,Chordata,Aves,Charadriiformes,Laridae,Thalasseus,maximus,03439_Animalia_Chordata_Aves_Charadriiformes_Laridae_Thalasseus_maximus
1528,3448,Actitis macularius,Spotted Sandpiper,Animalia,Chordata,Aves,Charadriiformes,Scolopacidae,Actitis,macularius,03448_Animalia_Chordata_Aves_Charadriiformes_Scolopacidae_Actitis_macularius
1529,3451,Bartramia longicauda,Upland Sandpiper,Animalia,Chordata,Aves,Charadriiformes,Scolopacidae,Bartramia,longicauda,03451_Animalia_Chordata_Aves_Charadriiformes_Scolopacidae_Bartramia_longicauda
1530,3459,Calidris himantopus,Stilt Sandpiper,Animalia,Chordata,Aves,Charadriiformes,Scolopacidae,Calidris,himantopus,03459_Animalia_Chordata_Aves_Charadriiformes_Scolopacidae_Calidris_himantopus
1531,3461,Calidris mauri,Western Sandpiper,Animalia,Chordata,Aves,Charadriiformes,Scolopacidae,Calidris,mauri,03461_Animalia_Chordata_Aves_Charadriiformes_Scolopacidae_Calidris_mauri
1532,3462,Calidris melanotos,Pectoral Sandpiper,Animalia,Chordata,Aves,Charadriiformes,Scolopacidae,Calidris,melanotos,03462_Animalia_Chordata_Aves_Charadriiformes_Scolopacidae_Calidris_melanotos
1533,3480,Numenius arquata,Eurasian Curlew,Animalia,Chordata,Aves,Charadriiformes,Scolopacidae,Numenius,arquata,03480_Animalia_Chordata_Aves_Charadriiformes_Scolopacidae_Numenius_arquata
1534,3495,Tringa semipalmata,Willet,Animalia,Chordata,Aves,Charadriiformes,Scolopacidae,Tringa,semipalmata,03495_Animalia_Chordata_Aves_Charadriiformes_Scolopacidae_Tringa_semipalmata
1535,3501,Anastomus oscitans,Asian Openbill Stork,Animalia,Chordata,Aves,Ciconiiformes,Ciconiidae,Anastomus,oscitans,03501_Animalia_Chordata_Aves_Ciconiiformes_Ciconiidae_Anastomus_oscitans
1536,3506,Jabiru mycteria,Jabiru,Animalia,Chordata,Aves,Ciconiiformes,Ciconiidae,Jabiru,mycteria,03506_Animalia_Chordata_Aves_Ciconiiformes_Ciconiidae_Jabiru_mycteria
1537,3509,Mycteria ibis,Yellow-billed Stork,Animalia,Chordata,Aves,Ciconiiformes,Ciconiidae,Mycteria,ibis,03509_Animalia_Chordata_Aves_Ciconiiformes_Ciconiidae_Mycteria_ibis
1538,3513,Columba guinea,Speckled Pigeon,Animalia,Chordata,Aves,Columbiformes,Columbidae,Columba,guinea,03513_Animalia_Chordata_Aves_Columbiformes_Columbidae_Columba_guinea
1539,3523,Geopelia striata,Zebra Dove,Animalia,Chordata,Aves,Columbiformes,Columbidae,Geopelia,striata,03523_Animalia_Chordata_Aves_Columbiformes_Columbidae_Geopelia_striata
1540,3547,Zenaida macroura,Mourning Dove,Animalia,Chordata,Aves,Columbiformes,Columbidae,Zenaida,macroura,03547_Animalia_Chordata_Aves_Columbiformes_Columbidae_Zenaida_macroura
1541,3555,Halcyon senegalensis,Woodland Kingfisher,Animalia,Chordata,Aves,Coraciiformes,Alcedinidae,Halcyon,senegalensis,03555_Animalia_Chordata_Aves_Coraciiformes_Alcedinidae_Halcyon_senegalensis
1542,3557,Megaceryle alcyon,Belted Kingfisher,Animalia,Chordata,Aves,Coraciiformes,Alcedinidae,Megaceryle,alcyon,03557_Animalia_Chordata_Aves_Coraciiformes_Alcedinidae_Megaceryle_alcyon
1543,3564,Coracias benghalensis,Indian Roller,Animalia,Chordata,Aves,Coraciiformes,Coraciidae,Coracias,benghalensis,03564_Animalia_Chordata_Aves_Coraciiformes_Coraciidae_Coracias_benghalensis
1544,3575,Eumomota superciliosa,Turquoise-browed Motmot,Animalia,Chordata,Aves,Coraciiformes,Momotidae,Eumomota,superciliosa,03575_Animalia_Chordata_Aves_Coraciiformes_Momotidae_Eumomota_superciliosa
1545,3579,Cacomantis flabelliformis,Fan-tailed Cuckoo,Animalia,Chordata,Aves,Cuculiformes,Cuculidae,Cacomantis,flabelliformis,03579_Animalia_Chordata_Aves_Cuculiformes_Cuculidae_Cacomantis_flabelliformis
1546,3585,Crotophaga major,Greater Ani,Animalia,Chordata,Aves,Cuculiformes,Cuculidae,Crotophaga,major,03585_Animalia_Chordata_Aves_Cuculiformes_Cuculidae_Crotophaga_major
1547,3596,Falco columbarius,Merlin,Animalia,Chordata,Aves,Falconiformes,Falconidae,Falco,columbarius,03596_Animalia_Chordata_Aves_Falconiformes_Falconidae_Falco_columbarius
1548,3597,Falco femoralis,Aplomado Falcon,Animalia,Chordata,Aves,Falconiformes,Falconidae,Falco,femoralis,03597_Animalia_Chordata_Aves_Falconiformes_Falconidae_Falco_femoralis
1549,3612,Crax rubra,Great Curassow,Animalia,Chordata,Aves,Galliformes,Cracidae,Crax,rubra,03612_Animalia_Chordata_Aves_Galliformes_Cracidae_Crax_rubra
1550,3615,Ortalis vetula,Plain Chachalaca,Animalia,Chordata,Aves,Galliformes,Cracidae,Ortalis,vetula,03615_Animalia_Chordata_Aves_Galliformes_Cracidae_Ortalis_vetula
1551,3629,Dendragapus obscurus,Dusky Grouse,Animalia,Chordata,Aves,Galliformes,Phasianidae,Dendragapus,obscurus,03629_Animalia_Chordata_Aves_Galliformes_Phasianidae_Dendragapus_obscurus
1552,3642,Gavia immer,Common Loon,Animalia,Chordata,Aves,Gaviiformes,Gaviidae,Gavia,immer,03642_Animalia_Chordata_Aves_Gaviiformes_Gaviidae_Gavia_immer
1553,3650,Grus americana,Whooping Crane,Animalia,Chordata,Aves,Gruiformes,Gruidae,Grus,americana,03650_Animalia_Chordata_Aves_Gruiformes_Gruidae_Grus_americana
1554,3656,Fulica ardesiaca,Slate-colored Coot,Animalia,Chordata,Aves,Gruiformes,Rallidae,Fulica,ardesiaca,03656_Animalia_Chordata_Aves_Gruiformes_Rallidae_Fulica_ardesiaca
1555,3660,Gallinula chloropus,Common Moorhen,Animalia,Chordata,Aves,Gruiformes,Rallidae,Gallinula,chloropus,03660_Animalia_Chordata_Aves_Gruiformes_Rallidae_Gallinula_chloropus
1556,3662,Gallinula tenebrosa,Dusky Moorhen,Animalia,Chordata,Aves,Gruiformes,Rallidae,Gallinula,tenebrosa,03662_Animalia_Chordata_Aves_Gruiformes_Rallidae_Gallinula_tenebrosa
1557,3671,Rallus limicola,Virginia Rail,Animalia,Chordata,Aves,Gruiformes,Rallidae,Rallus,limicola,03671_Animalia_Chordata_Aves_Gruiformes_Rallidae_Rallus_limicola
1558,3677,Acanthisitta chloris,Rifleman,Animalia,Chordata,Aves,Passeriformes,Acanthisittidae,Acanthisitta,chloris,03677_Animalia_Chordata_Aves_Passeriformes_Acanthisittidae_Acanthisitta_chloris
1559,3680,Gerygone igata,Grey Warbler,Animalia,Chordata,Aves,Passeriformes,Acanthizidae,Gerygone,igata,03680_Animalia_Chordata_Aves_Passeriformes_Acanthizidae_Gerygone_igata
1560,3682,Acrocephalus arundinaceus,Great Reed-Warbler,Animalia,Chordata,Aves,Passeriformes,Acrocephalidae,Acrocephalus,arundinaceus,03682_Animalia_Chordata_Aves_Passeriformes_Acrocephalidae_Acrocephalus_arundinaceus
1561,3687,Iduna caligata,Booted Warbler,Animalia,Chordata,Aves,Passeriformes,Acrocephalidae,Iduna,caligata,03687_Animalia_Chordata_Aves_Passeriformes_Acrocephalidae_Iduna_caligata
1562,3690,Aegithina tiphia,Common Iora,Animalia,Chordata,Aves,Passeriformes,Aegithinidae,Aegithina,tiphia,03690_Animalia_Chordata_Aves_Passeriformes_Aegithinidae_Aegithina_tiphia
1563,3702,Bombycilla garrulus,Bohemian Waxwing,Animalia,Chordata,Aves,Passeriformes,Bombycillidae,Bombycilla,garrulus,03702_Animalia_Chordata_Aves_Passeriformes_Bombycillidae_Bombycilla_garrulus
1564,3713,Passerina amoena,Lazuli Bunting,Animalia,Chordata,Aves,Passeriformes,Cardinalidae,Passerina,amoena,03713_Animalia_Chordata_Aves_Passeriformes_Cardinalidae_Passerina_amoena
1565,3720,Pheucticus ludovicianus,Rose-breasted Grosbeak,Animalia,Chordata,Aves,Passeriformes,Cardinalidae,Pheucticus,ludovicianus,03720_Animalia_Chordata_Aves_Passeriformes_Cardinalidae_Pheucticus_ludovicianus
1566,3734,Cisticola juncidis,Zitting Cisticola,Animalia,Chordata,Aves,Passeriformes,Cisticolidae,Cisticola,juncidis,03734_Animalia_Chordata_Aves_Passeriformes_Cisticolidae_Cisticola_juncidis
1567,3742,Aphelocoma coerulescens,Florida Scrub Jay,Animalia,Chordata,Aves,Passeriformes,Corvidae,Aphelocoma,coerulescens,03742_Animalia_Chordata_Aves_Passeriformes_Corvidae_Aphelocoma_coerulescens
1568,3744,Aphelocoma woodhouseii,Woodhouse's Scrub-Jay,Animalia,Chordata,Aves,Passeriformes,Corvidae,Aphelocoma,woodhouseii,03744_Animalia_Chordata_Aves_Passeriformes_Corvidae_Aphelocoma_woodhouseii
1569,3749,Corvus brachyrhynchos,American Crow,Animalia,Chordata,Aves,Passeriformes,Corvidae,Corvus,brachyrhynchos,03749_Animalia_Chordata_Aves_Passeriformes_Corvidae_Corvus_brachyrhynchos
1570,3756,Corvus macrorhynchos,Large-billed Crow,Animalia,Chordata,Aves,Passeriformes,Corvidae,Corvus,macrorhynchos,03756_Animalia_Chordata_Aves_Passeriformes_Corvidae_Corvus_macrorhynchos
1571,3770,Nucifraga caryocatactes,Eurasian Nutcracker,Animalia,Chordata,Aves,Passeriformes,Corvidae,Nucifraga,caryocatactes,03770_Animalia_Chordata_Aves_Passeriformes_Corvidae_Nucifraga_caryocatactes
1572,3773,Pica hudsonia,Black-billed Magpie,Animalia,Chordata,Aves,Passeriformes,Corvidae,Pica,hudsonia,03773_Animalia_Chordata_Aves_Passeriformes_Corvidae_Pica_hudsonia
1573,3792,Emberiza hortulana,Ortolan Bunting,Animalia,Chordata,Aves,Passeriformes,Emberizidae,Emberiza,hortulana,03792_Animalia_Chordata_Aves_Passeriformes_Emberizidae_Emberiza_hortulana
1574,3796,Estrilda astrild,Common Waxbill,Animalia,Chordata,Aves,Passeriformes,Estrildidae,Estrilda,astrild,03796_Animalia_Chordata_Aves_Passeriformes_Estrildidae_Estrilda_astrild
1575,3800,Lonchura punctulata,Nutmeg Mannikin,Animalia,Chordata,Aves,Passeriformes,Estrildidae,Lonchura,punctulata,03800_Animalia_Chordata_Aves_Passeriformes_Estrildidae_Lonchura_punctulata
1576,3805,Uraeginthus angolensis,Blue-breasted Cordonbleu,Animalia,Chordata,Aves,Passeriformes,Estrildidae,Uraeginthus,angolensis,03805_Animalia_Chordata_Aves_Passeriformes_Estrildidae_Uraeginthus_angolensis
1577,3815,Coccothraustes vespertinus,Evening Grosbeak,Animalia,Chordata,Aves,Passeriformes,Fringillidae,Coccothraustes,vespertinus,03815_Animalia_Chordata_Aves_Passeriformes_Fringillidae_Coccothraustes_vespertinus
1578,3837,Spinus spinus,Eurasian Siskin,Animalia,Chordata,Aves,Passeriformes,Fringillidae,Spinus,spinus,03837_Animalia_Chordata_Aves_Passeriformes_Fringillidae_Spinus_spinus
1579,3842,Lepidocolaptes angustirostris,Narrow-billed Woodcreeper,Animalia,Chordata,Aves,Passeriformes,Furnariidae,Lepidocolaptes,angustirostris,03842_Animalia_Chordata_Aves_Passeriformes_Furnariidae_Lepidocolaptes_angustirostris
1580,3851,Hirundo tahitica,Pacific Swallow,Animalia,Chordata,Aves,Passeriformes,Hirundinidae,Hirundo,tahitica,03851_Animalia_Chordata_Aves_Passeriformes_Hirundinidae_Hirundo_tahitica
1581,3852,Petrochelidon fulva,Cave Swallow,Animalia,Chordata,Aves,Passeriformes,Hirundinidae,Petrochelidon,fulva,03852_Animalia_Chordata_Aves_Passeriformes_Hirundinidae_Petrochelidon_fulva
1582,3861,Stelgidopteryx serripennis,Northern Rough-winged Swallow,Animalia,Chordata,Aves,Passeriformes,Hirundinidae,Stelgidopteryx,serripennis,03861_Animalia_Chordata_Aves_Passeriformes_Hirundinidae_Stelgidopteryx_serripennis
1583,3862,Tachycineta albilinea,Mangrove Swallow,Animalia,Chordata,Aves,Passeriformes,Hirundinidae,Tachycineta,albilinea,03862_Animalia_Chordata_Aves_Passeriformes_Hirundinidae_Tachycineta_albilinea
1584,3869,Cacicus cela,Yellow-rumped Cacique,Animalia,Chordata,Aves,Passeriformes,Icteridae,Cacicus,cela,03869_Animalia_Chordata_Aves_Passeriformes_Icteridae_Cacicus_cela
1585,3871,Chrysomus icterocephalus,Yellow-hooded Blackbird,Animalia,Chordata,Aves,Passeriformes,Icteridae,Chrysomus,icterocephalus,03871_Animalia_Chordata_Aves_Passeriformes_Icteridae_Chrysomus_icterocephalus
1586,3879,Icterus cucullatus,Hooded Oriole,Animalia,Chordata,Aves,Passeriformes,Icteridae,Icterus,cucullatus,03879_Animalia_Chordata_Aves_Passeriformes_Icteridae_Icterus_cucullatus
1587,3880,Icterus galbula,Baltimore Oriole,Animalia,Chordata,Aves,Passeriformes,Icteridae,Icterus,galbula,03880_Animalia_Chordata_Aves_Passeriformes_Icteridae_Icterus_galbula
1588,3883,Icterus nigrogularis,Yellow Oriole,Animalia,Chordata,Aves,Passeriformes,Icteridae,Icterus,nigrogularis,03883_Animalia_Chordata_Aves_Passeriformes_Icteridae_Icterus_nigrogularis
1589,3886,Icterus prosthemelas,Black-cowled Oriole,Animalia,Chordata,Aves,Passeriformes,Icteridae,Icterus,prosthemelas,03886_Animalia_Chordata_Aves_Passeriformes_Icteridae_Icterus_prosthemelas
1590,3887,Icterus pustulatus,Streak-backed Oriole,Animalia,Chordata,Aves,Passeriformes,Icteridae,Icterus,pustulatus,03887_Animalia_Chordata_Aves_Passeriformes_Icteridae_Icterus_pustulatus
1591,3892,Molothrus aeneus,Bronzed Cowbird,Animalia,Chordata,Aves,Passeriformes,Icteridae,Molothrus,aeneus,03892_Animalia_Chordata_Aves_Passeriformes_Icteridae_Molothrus_aeneus
1592,3893,Molothrus ater,Brown-headed Cowbird,Animalia,Chordata,Aves,Passeriformes,Icteridae,Molothrus,ater,03893_Animalia_Chordata_Aves_Passeriformes_Icteridae_Molothrus_ater
1593,3903,Sturnella neglecta,Western Meadowlark,Animalia,Chordata,Aves,Passeriformes,Icteridae,Sturnella,neglecta,03903_Animalia_Chordata_Aves_Passeriformes_Icteridae_Sturnella_neglecta
1594,3912,Lanius minor,Lesser Grey Shrike,Animalia,Chordata,Aves,Passeriformes,Laniidae,Lanius,minor,03912_Animalia_Chordata_Aves_Passeriformes_Laniidae_Lanius_minor
1595,3916,Turdoides striata,Jungle Babbler,Animalia,Chordata,Aves,Passeriformes,Leiothrichidae,Turdoides,striata,03916_Animalia_Chordata_Aves_Passeriformes_Leiothrichidae_Turdoides_striata
1596,3920,Malurus cyaneus,Superb Fairywren,Animalia,Chordata,Aves,Passeriformes,Maluridae,Malurus,cyaneus,03920_Animalia_Chordata_Aves_Passeriformes_Maluridae_Malurus_cyaneus
1597,3928,Entomyzon cyanotis,Blue-faced Honeyeater,Animalia,Chordata,Aves,Passeriformes,Meliphagidae,Entomyzon,cyanotis,03928_Animalia_Chordata_Aves_Passeriformes_Meliphagidae_Entomyzon_cyanotis
1598,3932,Meliphaga lewinii,Lewin's Honeyeater,Animalia,Chordata,Aves,Passeriformes,Meliphagidae,Meliphaga,lewinii,03932_Animalia_Chordata_Aves_Passeriformes_Meliphagidae_Meliphaga_lewinii
1599,3940,Dumetella carolinensis,Gray Catbird,Animalia,Chordata,Aves,Passeriformes,Mimidae,Dumetella,carolinensis,03940_Animalia_Chordata_Aves_Passeriformes_Mimidae_Dumetella_carolinensis
1600,3944,Mimus polyglottos,Northern Mockingbird,Animalia,Chordata,Aves,Passeriformes,Mimidae,Mimus,polyglottos,03944_Animalia_Chordata_Aves_Passeriformes_Mimidae_Mimus_polyglottos
1601,3953,Terpsiphone paradisi,Indian Paradise-Flycatcher,Animalia,Chordata,Aves,Passeriformes,Monarchidae,Terpsiphone,paradisi,03953_Animalia_Chordata_Aves_Passeriformes_Monarchidae_Terpsiphone_paradisi
1602,3962,Anthus rubescens,American Pipit,Animalia,Chordata,Aves,Passeriformes,Motacillidae,Anthus,rubescens,03962_Animalia_Chordata_Aves_Passeriformes_Motacillidae_Anthus_rubescens
1603,3965,Anthus trivialis,Tree Pipit,Animalia,Chordata,Aves,Passeriformes,Motacillidae,Anthus,trivialis,03965_Animalia_Chordata_Aves_Passeriformes_Motacillidae_Anthus_trivialis
1604,3966,Macronyx croceus,Yellow-throated Longclaw,Animalia,Chordata,Aves,Passeriformes,Motacillidae,Macronyx,croceus,03966_Animalia_Chordata_Aves_Passeriformes_Motacillidae_Macronyx_croceus
1605,3969,Motacilla capensis,Cape Wagtail,Animalia,Chordata,Aves,Passeriformes,Motacillidae,Motacilla,capensis,03969_Animalia_Chordata_Aves_Passeriformes_Motacillidae_Motacilla_capensis
1606,3976,Copsychus saularis,Oriental Magpie-Robin,Animalia,Chordata,Aves,Passeriformes,Muscicapidae,Copsychus,saularis,03976_Animalia_Chordata_Aves_Passeriformes_Muscicapidae_Copsychus_saularis
1607,3982,Luscinia megarhynchos,Common Nightingale,Animalia,Chordata,Aves,Passeriformes,Muscicapidae,Luscinia,megarhynchos,03982_Animalia_Chordata_Aves_Passeriformes_Muscicapidae_Luscinia_megarhynchos
1608,3987,Muscicapa dauurica,Asian Brown Flycatcher,Animalia,Chordata,Aves,Passeriformes,Muscicapidae,Muscicapa,dauurica,03987_Animalia_Chordata_Aves_Passeriformes_Muscicapidae_Muscicapa_dauurica
1609,4004,Anthreptes malacensis,Brown-throated Sunbird,Animalia,Chordata,Aves,Passeriformes,Nectariniidae,Anthreptes,malacensis,04004_Animalia_Chordata_Aves_Passeriformes_Nectariniidae_Anthreptes_malacensis
1610,4007,Cinnyris afer,Greater Double-collared Sunbird,Animalia,Chordata,Aves,Passeriformes,Nectariniidae,Cinnyris,afer,04007_Animalia_Chordata_Aves_Passeriformes_Nectariniidae_Cinnyris_afer
1611,4009,Cinnyris chalybeus,Southern Double-collared Sunbird,Animalia,Chordata,Aves,Passeriformes,Nectariniidae,Cinnyris,chalybeus,04009_Animalia_Chordata_Aves_Passeriformes_Nectariniidae_Cinnyris_chalybeus
1612,4022,Pachycephala rufiventris,Rufous Whistler,Animalia,Chordata,Aves,Passeriformes,Pachycephalidae,Pachycephala,rufiventris,04022_Animalia_Chordata_Aves_Passeriformes_Pachycephalidae_Pachycephala_rufiventris
1613,4029,Baeolophus ridgwayi,Juniper Titmouse,Animalia,Chordata,Aves,Passeriformes,Paridae,Baeolophus,ridgwayi,04029_Animalia_Chordata_Aves_Passeriformes_Paridae_Baeolophus_ridgwayi
1614,4037,Poecile atricapillus,Black-capped Chickadee,Animalia,Chordata,Aves,Passeriformes,Paridae,Poecile,atricapillus,04037_Animalia_Chordata_Aves_Passeriformes_Paridae_Poecile_atricapillus
1615,4038,Poecile carolinensis,Carolina Chickadee,Animalia,Chordata,Aves,Passeriformes,Paridae,Poecile,carolinensis,04038_Animalia_Chordata_Aves_Passeriformes_Paridae_Poecile_carolinensis
1616,4058,Myioborus miniatus,Slate-throated Redstart,Animalia,Chordata,Aves,Passeriformes,Parulidae,Myioborus,miniatus,04058_Animalia_Chordata_Aves_Passeriformes_Parulidae_Myioborus_miniatus
1617,4065,Setophaga americana,Northern Parula,Animalia,Chordata,Aves,Passeriformes,Parulidae,Setophaga,americana,04065_Animalia_Chordata_Aves_Passeriformes_Parulidae_Setophaga_americana
1618,4066,Setophaga caerulescens,Black-throated Blue Warbler,Animalia,Chordata,Aves,Passeriformes,Parulidae,Setophaga,caerulescens,04066_Animalia_Chordata_Aves_Passeriformes_Parulidae_Setophaga_caerulescens
1619,4076,Setophaga magnolia,Magnolia Warbler,Animalia,Chordata,Aves,Passeriformes,Parulidae,Setophaga,magnolia,04076_Animalia_Chordata_Aves_Passeriformes_Parulidae_Setophaga_magnolia
1620,4092,Ammodramus savannarum,Grasshopper Sparrow,Animalia,Chordata,Aves,Passeriformes,Passerellidae,Ammodramus,savannarum,04092_Animalia_Chordata_Aves_Passeriformes_Passerellidae_Ammodramus_savannarum
1621,4093,Ammospiza leconteii,LeConte's Sparrow,Animalia,Chordata,Aves,Passeriformes,Passerellidae,Ammospiza,leconteii,04093_Animalia_Chordata_Aves_Passeriformes_Passerellidae_Ammospiza_leconteii
1622,4098,Artemisiospiza nevadensis,Sagebrush Sparrow,Animalia,Chordata,Aves,Passeriformes,Passerellidae,Artemisiospiza,nevadensis,04098_Animalia_Chordata_Aves_Passeriformes_Passerellidae_Artemisiospiza_nevadensis
1623,4104,Junco phaeonotus,Yellow-eyed Junco,Animalia,Chordata,Aves,Passeriformes,Passerellidae,Junco,phaeonotus,04104_Animalia_Chordata_Aves_Passeriformes_Passerellidae_Junco_phaeonotus
1624,4124,Spizella passerina,Chipping Sparrow,Animalia,Chordata,Aves,Passeriformes,Passerellidae,Spizella,passerina,04124_Animalia_Chordata_Aves_Passeriformes_Passerellidae_Spizella_passerina
1625,4127,Zonotrichia albicollis,White-throated Sparrow,Animalia,Chordata,Aves,Passeriformes,Passerellidae,Zonotrichia,albicollis,04127_Animalia_Chordata_Aves_Passeriformes_Passerellidae_Zonotrichia_albicollis
1626,4132,Passer diffusus,Southern Gray-headed Sparrow,Animalia,Chordata,Aves,Passeriformes,Passeridae,Passer,diffusus,04132_Animalia_Chordata_Aves_Passeriformes_Passeridae_Passer_diffusus
1627,4133,Passer domesticus,House Sparrow,Animalia,Chordata,Aves,Passeriformes,Passeridae,Passer,domesticus,04133_Animalia_Chordata_Aves_Passeriformes_Passeridae_Passer_domesticus
1628,4135,Passer italiae,Italian Sparrow,Animalia,Chordata,Aves,Passeriformes,Passeridae,Passer,italiae,04135_Animalia_Chordata_Aves_Passeriformes_Passeridae_Passer_italiae
1629,4151,Ploceus cucullatus,Village Weaver,Animalia,Chordata,Aves,Passeriformes,Ploceidae,Ploceus,cucullatus,04151_Animalia_Chordata_Aves_Passeriformes_Ploceidae_Ploceus_cucullatus
1630,4159,Polioptila melanura,Black-tailed Gnatcatcher,Animalia,Chordata,Aves,Passeriformes,Polioptilidae,Polioptila,melanura,04159_Animalia_Chordata_Aves_Passeriformes_Polioptilidae_Polioptila_melanura
1631,4164,Ptiliogonys cinereus,Gray Silky-flycatcher,Animalia,Chordata,Aves,Passeriformes,Ptiliogonatidae,Ptiliogonys,cinereus,04164_Animalia_Chordata_Aves_Passeriformes_Ptiliogonatidae_Ptiliogonys_cinereus
1632,4171,Pycnonotus cafer,Red-vented Bulbul,Animalia,Chordata,Aves,Passeriformes,Pycnonotidae,Pycnonotus,cafer,04171_Animalia_Chordata_Aves_Passeriformes_Pycnonotidae_Pycnonotus_cafer
1633,4184,Rhipidura fuliginosa,New Zealand Fantail,Animalia,Chordata,Aves,Passeriformes,Rhipiduridae,Rhipidura,fuliginosa,04184_Animalia_Chordata_Aves_Passeriformes_Rhipiduridae_Rhipidura_fuliginosa
1634,4190,Sitta pygmaea,Pygmy Nuthatch,Animalia,Chordata,Aves,Passeriformes,Sittidae,Sitta,pygmaea,04190_Animalia_Chordata_Aves_Passeriformes_Sittidae_Sitta_pygmaea
1635,4191,Acridotheres cristatellus,Crested Myna,Animalia,Chordata,Aves,Passeriformes,Sturnidae,Acridotheres,cristatellus,04191_Animalia_Chordata_Aves_Passeriformes_Sturnidae_Acridotheres_cristatellus
1636,4193,Acridotheres tristis,Common Mynah,Animalia,Chordata,Aves,Passeriformes,Sturnidae,Acridotheres,tristis,04193_Animalia_Chordata_Aves_Passeriformes_Sturnidae_Acridotheres_tristis
1637,4195,Cinnyricinclus leucogaster,Violet-backed Starling,Animalia,Chordata,Aves,Passeriformes,Sturnidae,Cinnyricinclus,leucogaster,04195_Animalia_Chordata_Aves_Passeriformes_Sturnidae_Cinnyricinclus_leucogaster
1638,4197,Gracupica nigricollis,Black-collared Starling,Animalia,Chordata,Aves,Passeriformes,Sturnidae,Gracupica,nigricollis,04197_Animalia_Chordata_Aves_Passeriformes_Sturnidae_Gracupica_nigricollis
1639,4202,Sturnus vulgaris,European Starling,Animalia,Chordata,Aves,Passeriformes,Sturnidae,Sturnus,vulgaris,04202_Animalia_Chordata_Aves_Passeriformes_Sturnidae_Sturnus_vulgaris
1640,4205,Sylvia borin,Garden Warbler,Animalia,Chordata,Aves,Passeriformes,Sylviidae,Sylvia,borin,04205_Animalia_Chordata_Aves_Passeriformes_Sylviidae_Sylvia_borin
1641,4211,Coereba flaveola,Bananaquit,Animalia,Chordata,Aves,Passeriformes,Thraupidae,Coereba,flaveola,04211_Animalia_Chordata_Aves_Passeriformes_Thraupidae_Coereba_flaveola
1642,4222,Ramphocelus carbo,Silver-beaked Tanager,Animalia,Chordata,Aves,Passeriformes,Thraupidae,Ramphocelus,carbo,04222_Animalia_Chordata_Aves_Passeriformes_Thraupidae_Ramphocelus_carbo
1643,4230,Sicalis flaveola,Saffron Finch,Animalia,Chordata,Aves,Passeriformes,Thraupidae,Sicalis,flaveola,04230_Animalia_Chordata_Aves_Passeriformes_Thraupidae_Sicalis_flaveola
1644,4255,Campylorhynchus zonatus,Band-backed Wren,Animalia,Chordata,Aves,Passeriformes,Troglodytidae,Campylorhynchus,zonatus,04255_Animalia_Chordata_Aves_Passeriformes_Troglodytidae_Campylorhynchus_zonatus
1645,4257,Cistothorus palustris,Marsh Wren,Animalia,Chordata,Aves,Passeriformes,Troglodytidae,Cistothorus,palustris,04257_Animalia_Chordata_Aves_Passeriformes_Troglodytidae_Cistothorus_palustris
1646,4258,Cistothorus platensis,Sedge Wren,Animalia,Chordata,Aves,Passeriformes,Troglodytidae,Cistothorus,platensis,04258_Animalia_Chordata_Aves_Passeriformes_Troglodytidae_Cistothorus_platensis
1647,4260,Thryomanes bewickii,Bewick's Wren,Animalia,Chordata,Aves,Passeriformes,Troglodytidae,Thryomanes,bewickii,04260_Animalia_Chordata_Aves_Passeriformes_Troglodytidae_Thryomanes_bewickii
1648,4263,Troglodytes hiemalis,Winter Wren,Animalia,Chordata,Aves,Passeriformes,Troglodytidae,Troglodytes,hiemalis,04263_Animalia_Chordata_Aves_Passeriformes_Troglodytidae_Troglodytes_hiemalis
1649,4283,Turdus leucomelas,Pale-breasted Thrush,Animalia,Chordata,Aves,Passeriformes,Turdidae,Turdus,leucomelas,04283_Animalia_Chordata_Aves_Passeriformes_Turdidae_Turdus_leucomelas
1650,4287,Turdus philomelos,Song Thrush,Animalia,Chordata,Aves,Passeriformes,Turdidae,Turdus,philomelos,04287_Animalia_Chordata_Aves_Passeriformes_Turdidae_Turdus_philomelos
1651,4289,Turdus rufiventris,Rufous-bellied Thrush,Animalia,Chordata,Aves,Passeriformes,Turdidae,Turdus,rufiventris,04289_Animalia_Chordata_Aves_Passeriformes_Turdidae_Turdus_rufiventris
1652,4305,Empidonax traillii,Willow Flycatcher,Animalia,Chordata,Aves,Passeriformes,Tyrannidae,Empidonax,traillii,04305_Animalia_Chordata_Aves_Passeriformes_Tyrannidae_Empidonax_traillii
1653,4315,Myiarchus tuberculifer,Dusky-capped Flycatcher,Animalia,Chordata,Aves,Passeriformes,Tyrannidae,Myiarchus,tuberculifer,04315_Animalia_Chordata_Aves_Passeriformes_Tyrannidae_Myiarchus_tuberculifer
1654,4331,Tyrannus forficatus,Scissor-tailed Flycatcher,Animalia,Chordata,Aves,Passeriformes,Tyrannidae,Tyrannus,forficatus,04331_Animalia_Chordata_Aves_Passeriformes_Tyrannidae_Tyrannus_forficatus
1655,4345,Vireo huttoni,Hutton's Vireo,Animalia,Chordata,Aves,Passeriformes,Vireonidae,Vireo,huttoni,04345_Animalia_Chordata_Aves_Passeriformes_Vireonidae_Vireo_huttoni
1656,4346,Vireo olivaceus,Red-eyed Vireo,Animalia,Chordata,Aves,Passeriformes,Vireonidae,Vireo,olivaceus,04346_Animalia_Chordata_Aves_Passeriformes_Vireonidae_Vireo_olivaceus
1657,4356,Ardea cinerea,Grey Heron,Animalia,Chordata,Aves,Pelecaniformes,Ardeidae,Ardea,cinerea,04356_Animalia_Chordata_Aves_Pelecaniformes_Ardeidae_Ardea_cinerea
1658,4361,Ardea melanocephala,Black-headed Heron,Animalia,Chordata,Aves,Pelecaniformes,Ardeidae,Ardea,melanocephala,04361_Animalia_Chordata_Aves_Pelecaniformes_Ardeidae_Ardea_melanocephala
1659,4366,Ardeola ralloides,Squacco Heron,Animalia,Chordata,Aves,Pelecaniformes,Ardeidae,Ardeola,ralloides,04366_Animalia_Chordata_Aves_Pelecaniformes_Ardeidae_Ardeola_ralloides
1660,4373,Egretta caerulea,Little Blue Heron,Animalia,Chordata,Aves,Pelecaniformes,Ardeidae,Egretta,caerulea,04373_Animalia_Chordata_Aves_Pelecaniformes_Ardeidae_Egretta_caerulea
1661,4389,Tigrisoma mexicanum,Bare-throated Tiger Heron,Animalia,Chordata,Aves,Pelecaniformes,Ardeidae,Tigrisoma,mexicanum,04389_Animalia_Chordata_Aves_Pelecaniformes_Ardeidae_Tigrisoma_mexicanum
1662,4399,Eudocimus albus,White Ibis,Animalia,Chordata,Aves,Pelecaniformes,Threskiornithidae,Eudocimus,albus,04399_Animalia_Chordata_Aves_Pelecaniformes_Threskiornithidae_Eudocimus_albus
1663,4400,Mesembrinibis cayennensis,Green Ibis,Animalia,Chordata,Aves,Pelecaniformes,Threskiornithidae,Mesembrinibis,cayennensis,04400_Animalia_Chordata_Aves_Pelecaniformes_Threskiornithidae_Mesembrinibis_cayennensis
1664,4401,Phimosus infuscatus,Bare-faced Ibis,Animalia,Chordata,Aves,Pelecaniformes,Threskiornithidae,Phimosus,infuscatus,04401_Animalia_Chordata_Aves_Pelecaniformes_Threskiornithidae_Phimosus_infuscatus
1665,4416,Phoeniconaias minor,Lesser Flamingo,Animalia,Chordata,Aves,Phoenicopteriformes,Phoenicopteridae,Phoeniconaias,minor,04416_Animalia_Chordata_Aves_Phoenicopteriformes_Phoenicopteridae_Phoeniconaias_minor
1666,4425,Campephilus melanoleucos,Crimson-crested Woodpecker,Animalia,Chordata,Aves,Piciformes,Picidae,Campephilus,melanoleucos,04425_Animalia_Chordata_Aves_Piciformes_Picidae_Campephilus_melanoleucos
1667,4426,Chloropicus fuscescens,Cardinal Woodpecker,Animalia,Chordata,Aves,Piciformes,Picidae,Chloropicus,fuscescens,04426_Animalia_Chordata_Aves_Piciformes_Picidae_Chloropicus_fuscescens
1668,4429,Colaptes chrysoides,Gilded Flicker,Animalia,Chordata,Aves,Piciformes,Picidae,Colaptes,chrysoides,04429_Animalia_Chordata_Aves_Piciformes_Picidae_Colaptes_chrysoides
1669,4434,Dendrocopos major,Great Spotted Woodpecker,Animalia,Chordata,Aves,Piciformes,Picidae,Dendrocopos,major,04434_Animalia_Chordata_Aves_Piciformes_Picidae_Dendrocopos_major
1670,4436,Dendrocoptes medius,Middle Spotted Woodpecker,Animalia,Chordata,Aves,Piciformes,Picidae,Dendrocoptes,medius,04436_Animalia_Chordata_Aves_Piciformes_Picidae_Dendrocoptes_medius
1671,4440,Dryobates minor,Lesser Spotted Woodpecker,Animalia,Chordata,Aves,Piciformes,Picidae,Dryobates,minor,04440_Animalia_Chordata_Aves_Piciformes_Picidae_Dryobates_minor
1672,4444,Dryobates villosus,Hairy Woodpecker,Animalia,Chordata,Aves,Piciformes,Picidae,Dryobates,villosus,04444_Animalia_Chordata_Aves_Piciformes_Picidae_Dryobates_villosus
1673,4447,Dryocopus pileatus,Pileated Woodpecker,Animalia,Chordata,Aves,Piciformes,Picidae,Dryocopus,pileatus,04447_Animalia_Chordata_Aves_Piciformes_Picidae_Dryocopus_pileatus
1674,4457,Melanerpes rubricapillus,Red-crowned Woodpecker,Animalia,Chordata,Aves,Piciformes,Picidae,Melanerpes,rubricapillus,04457_Animalia_Chordata_Aves_Piciformes_Picidae_Melanerpes_rubricapillus
1675,4483,Tachybaptus dominicus,Least Grebe,Animalia,Chordata,Aves,Podicipediformes,Podicipedidae,Tachybaptus,dominicus,04483_Animalia_Chordata_Aves_Podicipediformes_Podicipedidae_Tachybaptus_dominicus
1676,4498,Callocephalon fimbriatum,Gang-gang Cockatoo,Animalia,Chordata,Aves,Psittaciformes,Cacatuidae,Callocephalon,fimbriatum,04498_Animalia_Chordata_Aves_Psittaciformes_Cacatuidae_Callocephalon_fimbriatum
1677,4506,Ara ararauna,Blue-and-yellow Macaw,Animalia,Chordata,Aves,Psittaciformes,Psittacidae,Ara,ararauna,04506_Animalia_Chordata_Aves_Psittaciformes_Psittacidae_Ara_ararauna
1678,4514,Forpus conspicillatus,Spectacled Parrotlet,Animalia,Chordata,Aves,Psittaciformes,Psittacidae,Forpus,conspicillatus,04514_Animalia_Chordata_Aves_Psittaciformes_Psittacidae_Forpus_conspicillatus
1679,4515,Myiopsitta monachus,Monk Parakeet,Animalia,Chordata,Aves,Psittaciformes,Psittacidae,Myiopsitta,monachus,04515_Animalia_Chordata_Aves_Psittaciformes_Psittacidae_Myiopsitta_monachus
1680,4516,Pionus menstruus,Blue-headed Parrot,Animalia,Chordata,Aves,Psittaciformes,Psittacidae,Pionus,menstruus,04516_Animalia_Chordata_Aves_Psittaciformes_Psittacidae_Pionus_menstruus
1681,4522,Alisterus scapularis,Australian King-Parrot,Animalia,Chordata,Aves,Psittaciformes,Psittaculidae,Alisterus,scapularis,04522_Animalia_Chordata_Aves_Psittaciformes_Psittaculidae_Alisterus_scapularis
1682,4524,Cyanoramphus novaezelandiae,Red-crowned Parakeet,Animalia,Chordata,Aves,Psittaciformes,Psittaculidae,Cyanoramphus,novaezelandiae,04524_Animalia_Chordata_Aves_Psittaciformes_Psittaculidae_Cyanoramphus_novaezelandiae
1683,4530,Psephotus haematonotus,Red-rumped Parrot,Animalia,Chordata,Aves,Psittaciformes,Psittaculidae,Psephotus,haematonotus,04530_Animalia_Chordata_Aves_Psittaciformes_Psittaculidae_Psephotus_haematonotus
1684,4537,Pygoscelis papua,Gentoo Penguin,Animalia,Chordata,Aves,Sphenisciformes,Spheniscidae,Pygoscelis,papua,04537_Animalia_Chordata_Aves_Sphenisciformes_Spheniscidae_Pygoscelis_papua
1685,4541,Asio flammeus,Short-eared Owl,Animalia,Chordata,Aves,Strigiformes,Strigidae,Asio,flammeus,04541_Animalia_Chordata_Aves_Strigiformes_Strigidae_Asio_flammeus
1686,4547,Bubo bubo,Eurasian Eagle-Owl,Animalia,Chordata,Aves,Strigiformes,Strigidae,Bubo,bubo,04547_Animalia_Chordata_Aves_Strigiformes_Strigidae_Bubo_bubo
1687,4552,Glaucidium gnoma,Northern Pygmy-Owl,Animalia,Chordata,Aves,Strigiformes,Strigidae,Glaucidium,gnoma,04552_Animalia_Chordata_Aves_Strigiformes_Strigidae_Glaucidium_gnoma
1688,4554,Megascops choliba,Tropical Screech-Owl,Animalia,Chordata,Aves,Strigiformes,Strigidae,Megascops,choliba,04554_Animalia_Chordata_Aves_Strigiformes_Strigidae_Megascops_choliba
1689,4556,Ninox novaeseelandiae,Morepork,Animalia,Chordata,Aves,Strigiformes,Strigidae,Ninox,novaeseelandiae,04556_Animalia_Chordata_Aves_Strigiformes_Strigidae_Ninox_novaeseelandiae
1690,4560,Strix varia,Barred Owl,Animalia,Chordata,Aves,Strigiformes,Strigidae,Strix,varia,04560_Animalia_Chordata_Aves_Strigiformes_Strigidae_Strix_varia
1691,4563,Struthio camelus,Common Ostrich,Animalia,Chordata,Aves,Struthioniformes,Struthionidae,Struthio,camelus,04563_Animalia_Chordata_Aves_Struthioniformes_Struthionidae_Struthio_camelus
1692,4568,Fregata magnificens,Magnificent Frigatebird,Animalia,Chordata,Aves,Suliformes,Fregatidae,Fregata,magnificens,04568_Animalia_Chordata_Aves_Suliformes_Fregatidae_Fregata_magnificens
1693,4571,Microcarbo niger,Little Cormorant,Animalia,Chordata,Aves,Suliformes,Phalacrocoracidae,Microcarbo,niger,04571_Animalia_Chordata_Aves_Suliformes_Phalacrocoracidae_Microcarbo_niger
1694,4581,Phalacrocorax sulcirostris,Little Black Cormorant,Animalia,Chordata,Aves,Suliformes,Phalacrocoracidae,Phalacrocorax,sulcirostris,04581_Animalia_Chordata_Aves_Suliformes_Phalacrocoracidae_Phalacrocorax_sulcirostris
1695,4592,Trogon collaris,Collared Trogon,Animalia,Chordata,Aves,Trogoniformes,Trogonidae,Trogon,collaris,04592_Animalia_Chordata_Aves_Trogoniformes_Trogonidae_Trogon_collaris
1696,4598,Triakis semifasciata,Leopard Shark,Animalia,Chordata,Elasmobranchii,Carcharhiniformes,Triakidae,Triakis,semifasciata,04598_Animalia_Chordata_Elasmobranchii_Carcharhiniformes_Triakidae_Triakis_semifasciata
1697,4604,Taeniura lymma,Bluespotted Ribbontail Ray,Animalia,Chordata,Elasmobranchii,Myliobatiformes,Dasyatidae,Taeniura,lymma,04604_Animalia_Chordata_Elasmobranchii_Myliobatiformes_Dasyatidae_Taeniura_lymma
1698,4607,Trygonoptera testacea,Common Stingaree,Animalia,Chordata,Elasmobranchii,Myliobatiformes,Urolophidae,Trygonoptera,testacea,04607_Animalia_Chordata_Elasmobranchii_Myliobatiformes_Urolophidae_Trygonoptera_testacea
1699,4611,Orectolobus maculatus,Spotted Wobbegong,Animalia,Chordata,Elasmobranchii,Orectolobiformes,Orectolobidae,Orectolobus,maculatus,04611_Animalia_Chordata_Elasmobranchii_Orectolobiformes_Orectolobidae_Orectolobus_maculatus
1700,4614,Balaenoptera acutorostrata,Minke Whale,Animalia,Chordata,Mammalia,Artiodactyla,Balaenopteridae,Balaenoptera,acutorostrata,04614_Animalia_Chordata_Mammalia_Artiodactyla_Balaenopteridae_Balaenoptera_acutorostrata
1701,4621,Boselaphus tragocamelus,Nilgai,Animalia,Chordata,Mammalia,Artiodactyla,Bovidae,Boselaphus,tragocamelus,04621_Animalia_Chordata_Mammalia_Artiodactyla_Bovidae_Boselaphus_tragocamelus
1702,4623,Capra hircus,Domestic Goat,Animalia,Chordata,Mammalia,Artiodactyla,Bovidae,Capra,hircus,04623_Animalia_Chordata_Mammalia_Artiodactyla_Bovidae_Capra_hircus
1703,4626,Damaliscus pygargus,Bontebok/Blesbok,Animalia,Chordata,Mammalia,Artiodactyla,Bovidae,Damaliscus,pygargus,04626_Animalia_Chordata_Mammalia_Artiodactyla_Bovidae_Damaliscus_pygargus
1704,4638,Sylvicapra grimmia,Bush Duiker,Animalia,Chordata,Mammalia,Artiodactyla,Bovidae,Sylvicapra,grimmia,04638_Animalia_Chordata_Mammalia_Artiodactyla_Bovidae_Sylvicapra_grimmia
1705,4642,Tragelaphus scriptus,Bushbuck,Animalia,Chordata,Mammalia,Artiodactyla,Bovidae,Tragelaphus,scriptus,04642_Animalia_Chordata_Mammalia_Artiodactyla_Bovidae_Tragelaphus_scriptus
1706,4647,Axis axis,Axis Deer,Animalia,Chordata,Mammalia,Artiodactyla,Cervidae,Axis,axis,04647_Animalia_Chordata_Mammalia_Artiodactyla_Cervidae_Axis_axis
1707,4650,Cervus elaphus,Red Deer,Animalia,Chordata,Mammalia,Artiodactyla,Cervidae,Cervus,elaphus,04650_Animalia_Chordata_Mammalia_Artiodactyla_Cervidae_Cervus_elaphus
1708,4657,Delphinus delphis,Common Dolphin,Animalia,Chordata,Mammalia,Artiodactyla,Delphinidae,Delphinus,delphis,04657_Animalia_Chordata_Mammalia_Artiodactyla_Delphinidae_Delphinus_delphis
1709,4679,Felis catus,Domestic Cat,Animalia,Chordata,Mammalia,Carnivora,Felidae,Felis,catus,04679_Animalia_Chordata_Mammalia_Carnivora_Felidae_Felis_catus
1710,4688,Crocuta crocuta,Spotted Hyena,Animalia,Chordata,Mammalia,Carnivora,Hyaenidae,Crocuta,crocuta,04688_Animalia_Chordata_Mammalia_Carnivora_Hyaenidae_Crocuta_crocuta
1711,4693,Lontra canadensis,Northern River Otter,Animalia,Chordata,Mammalia,Carnivora,Mustelidae,Lontra,canadensis,04693_Animalia_Chordata_Mammalia_Carnivora_Mustelidae_Lontra_canadensis
1712,4705,Arctocephalus pusillus,Afro-Australian Fur Seal,Animalia,Chordata,Mammalia,Carnivora,Otariidae,Arctocephalus,pusillus,04705_Animalia_Chordata_Mammalia_Carnivora_Otariidae_Arctocephalus_pusillus
1713,4714,Neomonachus schauinslandi,Hawaiian Monk Seal,Animalia,Chordata,Mammalia,Carnivora,Phocidae,Neomonachus,schauinslandi,04714_Animalia_Chordata_Mammalia_Carnivora_Phocidae_Neomonachus_schauinslandi
1714,4717,Nasua narica,White-nosed Coati,Animalia,Chordata,Mammalia,Carnivora,Procyonidae,Nasua,narica,04717_Animalia_Chordata_Mammalia_Carnivora_Procyonidae_Nasua_narica
1715,4720,Ursus americanus,American Black Bear,Animalia,Chordata,Mammalia,Carnivora,Ursidae,Ursus,americanus,04720_Animalia_Chordata_Mammalia_Carnivora_Ursidae_Ursus_americanus
1716,4726,Eptesicus fuscus,Big Brown Bat,Animalia,Chordata,Mammalia,Chiroptera,Vespertilionidae,Eptesicus,fuscus,04726_Animalia_Chordata_Mammalia_Chiroptera_Vespertilionidae_Eptesicus_fuscus
1717,4727,Lasionycteris noctivagans,Silver-haired Bat,Animalia,Chordata,Mammalia,Chiroptera,Vespertilionidae,Lasionycteris,noctivagans,04727_Animalia_Chordata_Mammalia_Chiroptera_Vespertilionidae_Lasionycteris_noctivagans
1718,4733,Didelphis marsupialis,Common Opossum,Animalia,Chordata,Mammalia,Didelphimorphia,Didelphidae,Didelphis,marsupialis,04733_Animalia_Chordata_Mammalia_Didelphimorphia_Didelphidae_Didelphis_marsupialis
1719,4767,Tachyglossus aculeatus,Short-beaked Echidna,Animalia,Chordata,Mammalia,Monotremata,Tachyglossidae,Tachyglossus,aculeatus,04767_Animalia_Chordata_Mammalia_Monotremata_Tachyglossidae_Tachyglossus_aculeatus
1720,4773,Bradypus variegatus,Brown-throated Sloth,Animalia,Chordata,Mammalia,Pilosa,Bradypodidae,Bradypus,variegatus,04773_Animalia_Chordata_Mammalia_Pilosa_Bradypodidae_Bradypus_variegatus
1721,4776,Alouatta palliata,Mantled Howler Monkey,Animalia,Chordata,Mammalia,Primates,Atelidae,Alouatta,palliata,04776_Animalia_Chordata_Mammalia_Primates_Atelidae_Alouatta_palliata
1722,4779,Ateles geoffroyi,Central American Spider Monkey,Animalia,Chordata,Mammalia,Primates,Atelidae,Ateles,geoffroyi,04779_Animalia_Chordata_Mammalia_Primates_Atelidae_Ateles_geoffroyi
1723,4780,Callithrix penicillata,Black-pencilled Marmoset,Animalia,Chordata,Mammalia,Primates,Cebidae,Callithrix,penicillata,04780_Animalia_Chordata_Mammalia_Primates_Cebidae_Callithrix_penicillata
1724,4788,Papio anubis,Olive Baboon,Animalia,Chordata,Mammalia,Primates,Cercopithecidae,Papio,anubis,04788_Animalia_Chordata_Mammalia_Primates_Cercopithecidae_Papio_anubis
1725,4802,Neotoma fuscipes,Dusky-footed Woodrat,Animalia,Chordata,Mammalia,Rodentia,Cricetidae,Neotoma,fuscipes,04802_Animalia_Chordata_Mammalia_Rodentia_Cricetidae_Neotoma_fuscipes
1726,4805,Peromyscus maniculatus,Deer Mouse,Animalia,Chordata,Mammalia,Rodentia,Cricetidae,Peromyscus,maniculatus,04805_Animalia_Chordata_Mammalia_Rodentia_Cricetidae_Peromyscus_maniculatus
1727,4809,Erethizon dorsatum,Common Porcupine,Animalia,Chordata,Mammalia,Rodentia,Erethizontidae,Erethizon,dorsatum,04809_Animalia_Chordata_Mammalia_Rodentia_Erethizontidae_Erethizon_dorsatum
1728,4814,Rattus norvegicus,Norway Rat,Animalia,Chordata,Mammalia,Rodentia,Muridae,Rattus,norvegicus,04814_Animalia_Chordata_Mammalia_Rodentia_Muridae_Rattus_norvegicus
1729,4816,Rhabdomys pumilio,Four-striped Grass Mouse,Animalia,Chordata,Mammalia,Rodentia,Muridae,Rhabdomys,pumilio,04816_Animalia_Chordata_Mammalia_Rodentia_Muridae_Rhabdomys_pumilio
1730,4821,Callospermophilus lateralis,Golden-mantled Ground Squirrel,Animalia,Chordata,Mammalia,Rodentia,Sciuridae,Callospermophilus,lateralis,04821_Animalia_Chordata_Mammalia_Rodentia_Sciuridae_Callospermophilus_lateralis
1731,4824,Eutamias sibiricus,Siberian Chipmunk,Animalia,Chordata,Mammalia,Rodentia,Sciuridae,Eutamias,sibiricus,04824_Animalia_Chordata_Mammalia_Rodentia_Sciuridae_Eutamias_sibiricus
1732,4827,Geosciurus inauris,South African Ground Squirrel,Animalia,Chordata,Mammalia,Rodentia,Sciuridae,Geosciurus,inauris,04827_Animalia_Chordata_Mammalia_Rodentia_Sciuridae_Geosciurus_inauris
1733,4832,Marmota marmota,Alpine Marmot,Animalia,Chordata,Mammalia,Rodentia,Sciuridae,Marmota,marmota,04832_Animalia_Chordata_Mammalia_Rodentia_Sciuridae_Marmota_marmota
1734,4835,Neotamias dorsalis,Cliff Chipmunk,Animalia,Chordata,Mammalia,Rodentia,Sciuridae,Neotamias,dorsalis,04835_Animalia_Chordata_Mammalia_Rodentia_Sciuridae_Neotamias_dorsalis
1735,4837,Neotamias minimus,Least Chipmunk,Animalia,Chordata,Mammalia,Rodentia,Sciuridae,Neotamias,minimus,04837_Animalia_Chordata_Mammalia_Rodentia_Sciuridae_Neotamias_minimus
1736,4850,Sciurus yucatanensis,Yucatán Squirrel,Animalia,Chordata,Mammalia,Rodentia,Sciuridae,Sciurus,yucatanensis,04850_Animalia_Chordata_Mammalia_Rodentia_Sciuridae_Sciurus_yucatanensis
1737,4857,Xerospermophilus tereticaudus,Round-tailed Ground Squirrel,Animalia,Chordata,Mammalia,Rodentia,Sciuridae,Xerospermophilus,tereticaudus,04857_Animalia_Chordata_Mammalia_Rodentia_Sciuridae_Xerospermophilus_tereticaudus
1738,4874,Diploderma swinhonis,Taiwan Japalure,Animalia,Chordata,Reptilia,Squamata,Agamidae,Diploderma,swinhonis,04874_Animalia_Chordata_Reptilia_Squamata_Agamidae_Diploderma_swinhonis
1739,4881,Elgaria coerulea,Northern Alligator Lizard,Animalia,Chordata,Reptilia,Squamata,Anguidae,Elgaria,coerulea,04881_Animalia_Chordata_Reptilia_Squamata_Anguidae_Elgaria_coerulea
1740,4887,Boa constrictor,Boa Constrictor,Animalia,Chordata,Reptilia,Squamata,Boidae,Boa,constrictor,04887_Animalia_Chordata_Reptilia_Squamata_Boidae_Boa_constrictor
1741,4905,Dendrelaphis punctulatus,Black Treesnake,Animalia,Chordata,Reptilia,Squamata,Colubridae,Dendrelaphis,punctulatus,04905_Animalia_Chordata_Reptilia_Squamata_Colubridae_Dendrelaphis_punctulatus
1742,4909,Farancia abacura,Mud Snake,Animalia,Chordata,Reptilia,Squamata,Colubridae,Farancia,abacura,04909_Animalia_Chordata_Reptilia_Squamata_Colubridae_Farancia_abacura
1743,4916,Hypsiglena ochrorhynchus,Coast Night Snake,Animalia,Chordata,Reptilia,Squamata,Colubridae,Hypsiglena,ochrorhynchus,04916_Animalia_Chordata_Reptilia_Squamata_Colubridae_Hypsiglena_ochrorhynchus
1744,4918,Lampropeltis californiae,California King Snake,Animalia,Chordata,Reptilia,Squamata,Colubridae,Lampropeltis,californiae,04918_Animalia_Chordata_Reptilia_Squamata_Colubridae_Lampropeltis_californiae
1745,4921,Lampropeltis getula,Common Kingsnake,Animalia,Chordata,Reptilia,Squamata,Colubridae,Lampropeltis,getula,04921_Animalia_Chordata_Reptilia_Squamata_Colubridae_Lampropeltis_getula
1746,4923,Lampropeltis nigra,Black Kingsnake,Animalia,Chordata,Reptilia,Squamata,Colubridae,Lampropeltis,nigra,04923_Animalia_Chordata_Reptilia_Squamata_Colubridae_Lampropeltis_nigra
1747,4926,Leptodeira septentrionalis,Northern Cat-eyed Snake,Animalia,Chordata,Reptilia,Squamata,Colubridae,Leptodeira,septentrionalis,04926_Animalia_Chordata_Reptilia_Squamata_Colubridae_Leptodeira_septentrionalis
1748,4929,Masticophis lateralis,Striped Racer,Animalia,Chordata,Reptilia,Squamata,Colubridae,Masticophis,lateralis,04929_Animalia_Chordata_Reptilia_Squamata_Colubridae_Masticophis_lateralis
1749,4939,Nerodia floridana,Florida Green Watersnake,Animalia,Chordata,Reptilia,Squamata,Colubridae,Nerodia,floridana,04939_Animalia_Chordata_Reptilia_Squamata_Colubridae_Nerodia_floridana
1750,4940,Nerodia rhombifer,Diamondback Watersnake,Animalia,Chordata,Reptilia,Squamata,Colubridae,Nerodia,rhombifer,04940_Animalia_Chordata_Reptilia_Squamata_Colubridae_Nerodia_rhombifer
1751,4941,Nerodia sipedon,Northern Watersnake,Animalia,Chordata,Reptilia,Squamata,Colubridae,Nerodia,sipedon,04941_Animalia_Chordata_Reptilia_Squamata_Colubridae_Nerodia_sipedon
1752,4967,Thamnophis elegans,Western Terrestrial Garter Snake,Animalia,Chordata,Reptilia,Squamata,Colubridae,Thamnophis,elegans,04967_Animalia_Chordata_Reptilia_Squamata_Colubridae_Thamnophis_elegans
1753,4972,Thamnophis radix,Plains Garter Snake,Animalia,Chordata,Reptilia,Squamata,Colubridae,Thamnophis,radix,04972_Animalia_Chordata_Reptilia_Squamata_Colubridae_Thamnophis_radix
1754,4978,Cordylus niger,Black Girdled Lizard,Animalia,Chordata,Reptilia,Squamata,Cordylidae,Cordylus,niger,04978_Animalia_Chordata_Reptilia_Squamata_Cordylidae_Cordylus_niger
1755,4985,Gambelia wislizenii,Long-nosed Leopard Lizard,Animalia,Chordata,Reptilia,Squamata,Crotaphytidae,Gambelia,wislizenii,04985_Animalia_Chordata_Reptilia_Squamata_Crotaphytidae_Gambelia_wislizenii
1756,4988,Anolis cristatellus,Crested Anole,Animalia,Chordata,Reptilia,Squamata,Dactyloidae,Anolis,cristatellus,04988_Animalia_Chordata_Reptilia_Squamata_Dactyloidae_Anolis_cristatellus
1757,4989,Anolis distichus,Bark Anole,Animalia,Chordata,Reptilia,Squamata,Dactyloidae,Anolis,distichus,04989_Animalia_Chordata_Reptilia_Squamata_Dactyloidae_Anolis_distichus
1758,4994,Woodworthia maculata,Common gecko,Animalia,Chordata,Reptilia,Squamata,Diplodactylidae,Woodworthia,maculata,04994_Animalia_Chordata_Reptilia_Squamata_Diplodactylidae_Woodworthia_maculata
1759,5002,Gekko chinensis,Southern Palm Gecko,Animalia,Chordata,Reptilia,Squamata,Gekkonidae,Gekko,chinensis,05002_Animalia_Chordata_Reptilia_Squamata_Gekkonidae_Gekko_chinensis
1760,5003,Gekko gecko,Tokay Gecko,Animalia,Chordata,Reptilia,Squamata,Gekkonidae,Gekko,gecko,05003_Animalia_Chordata_Reptilia_Squamata_Gekkonidae_Gekko_gecko
1761,5007,Hemidactylus turcicus,Mediterranean House Gecko,Animalia,Chordata,Reptilia,Squamata,Gekkonidae,Hemidactylus,turcicus,05007_Animalia_Chordata_Reptilia_Squamata_Gekkonidae_Hemidactylus_turcicus
1762,5018,Lacerta agilis,Sand Lizard,Animalia,Chordata,Reptilia,Squamata,Lacertidae,Lacerta,agilis,05018_Animalia_Chordata_Reptilia_Squamata_Lacertidae_Lacerta_agilis
1763,5037,Phrynosoma cornutum,Texas Horned Lizard,Animalia,Chordata,Reptilia,Squamata,Phrynosomatidae,Phrynosoma,cornutum,05037_Animalia_Chordata_Reptilia_Squamata_Phrynosomatidae_Phrynosoma_cornutum
1764,5039,Phrynosoma mcallii,Flat-tailed Horned Lizard,Animalia,Chordata,Reptilia,Squamata,Phrynosomatidae,Phrynosoma,mcallii,05039_Animalia_Chordata_Reptilia_Squamata_Phrynosomatidae_Phrynosoma_mcallii
1765,5043,Phrynosoma solare,Regal Horned Lizard,Animalia,Chordata,Reptilia,Squamata,Phrynosomatidae,Phrynosoma,solare,05043_Animalia_Chordata_Reptilia_Squamata_Phrynosomatidae_Phrynosoma_solare
1766,5048,Sceloporus graciosus,Sagebrush Lizard,Animalia,Chordata,Reptilia,Squamata,Phrynosomatidae,Sceloporus,graciosus,05048_Animalia_Chordata_Reptilia_Squamata_Phrynosomatidae_Sceloporus_graciosus
1767,5058,Sceloporus spinosus,Eastern Spiny Lizard,Animalia,Chordata,Reptilia,Squamata,Phrynosomatidae,Sceloporus,spinosus,05058_Animalia_Chordata_Reptilia_Squamata_Phrynosomatidae_Sceloporus_spinosus
1768,5069,Morelia spilota,Carpet Python,Animalia,Chordata,Reptilia,Squamata,Pythonidae,Morelia,spilota,05069_Animalia_Chordata_Reptilia_Squamata_Pythonidae_Morelia_spilota
1769,5083,Tiliqua rugosa,Shingleback Lizard,Animalia,Chordata,Reptilia,Squamata,Scincidae,Tiliqua,rugosa,05083_Animalia_Chordata_Reptilia_Squamata_Scincidae_Tiliqua_rugosa
1770,5086,Trachylepis striata,African Striped Skink,Animalia,Chordata,Reptilia,Squamata,Scincidae,Trachylepis,striata,05086_Animalia_Chordata_Reptilia_Squamata_Scincidae_Trachylepis_striata
1771,5090,Aspidoscelis gularis,Common Spotted Whiptail,Animalia,Chordata,Reptilia,Squamata,Teiidae,Aspidoscelis,gularis,05090_Animalia_Chordata_Reptilia_Squamata_Teiidae_Aspidoscelis_gularis
1772,5091,Aspidoscelis hyperythrus,Race-runner,Animalia,Chordata,Reptilia,Squamata,Teiidae,Aspidoscelis,hyperythrus,05091_Animalia_Chordata_Reptilia_Squamata_Teiidae_Aspidoscelis_hyperythrus
1773,5092,Aspidoscelis sexlineatus,Six-lined Racerunner,Animalia,Chordata,Reptilia,Squamata,Teiidae,Aspidoscelis,sexlineatus,05092_Animalia_Chordata_Reptilia_Squamata_Teiidae_Aspidoscelis_sexlineatus
1774,5105,Varanus varius,Lace Monitor,Animalia,Chordata,Reptilia,Squamata,Varanidae,Varanus,varius,05105_Animalia_Chordata_Reptilia_Squamata_Varanidae_Varanus_varius
1775,5113,Crotalus adamanteus,Eastern Diamondback Rattlesnake,Animalia,Chordata,Reptilia,Squamata,Viperidae,Crotalus,adamanteus,05113_Animalia_Chordata_Reptilia_Squamata_Viperidae_Crotalus_adamanteus
1776,5117,Crotalus molossus,Western Black-Tailed Rattlesnake,Animalia,Chordata,Reptilia,Squamata,Viperidae,Crotalus,molossus,05117_Animalia_Chordata_Reptilia_Squamata_Viperidae_Crotalus_molossus
1777,5123,Crotalus viridis,Prairie Rattlesnake,Animalia,Chordata,Reptilia,Squamata,Viperidae,Crotalus,viridis,05123_Animalia_Chordata_Reptilia_Squamata_Viperidae_Crotalus_viridis
1778,5142,Graptemys geographica,Northern Map Turtle,Animalia,Chordata,Reptilia,Testudines,Emydidae,Graptemys,geographica,05142_Animalia_Chordata_Reptilia_Testudines_Emydidae_Graptemys_geographica
1779,5160,Sternotherus carinatus,Razor-backed Musk Turtle,Animalia,Chordata,Reptilia,Testudines,Kinosternidae,Sternotherus,carinatus,05160_Animalia_Chordata_Reptilia_Testudines_Kinosternidae_Sternotherus_carinatus
1780,5173,Actinia tenebrosa,Waratah Anemone,Animalia,Cnidaria,Anthozoa,Actiniaria,Actiniidae,Actinia,tenebrosa,05173_Animalia_Cnidaria_Anthozoa_Actiniaria_Actiniidae_Actinia_tenebrosa
1781,5177,Anthopleura sola,Starburst Anemone,Animalia,Cnidaria,Anthozoa,Actiniaria,Actiniidae,Anthopleura,sola,05177_Animalia_Cnidaria_Anthozoa_Actiniaria_Actiniidae_Anthopleura_sola
1782,5181,Oulactis muscosa,Speckled rock anemone,Animalia,Cnidaria,Anthozoa,Actiniaria,Actiniidae,Oulactis,muscosa,05181_Animalia_Cnidaria_Anthozoa_Actiniaria_Actiniidae_Oulactis_muscosa
1783,5185,Metridium farcimen,Giant Plumose Anemone,Animalia,Cnidaria,Anthozoa,Actiniaria,Metridiidae,Metridium,farcimen,05185_Animalia_Cnidaria_Anthozoa_Actiniaria_Metridiidae_Metridium_farcimen
1784,5189,Porpita porpita,Blue Button,Animalia,Cnidaria,Hydrozoa,Anthoathecata,Porpitidae,Porpita,porpita,05189_Animalia_Cnidaria_Hydrozoa_Anthoathecata_Porpitidae_Porpita_porpita
1785,5201,Pisaster giganteus,Giant Sea Star,Animalia,Echinodermata,Asteroidea,Forcipulatida,Asteriidae,Pisaster,giganteus,05201_Animalia_Echinodermata_Asteroidea_Forcipulatida_Asteriidae_Pisaster_giganteus
1786,5204,Henricia leviuscula,Pacific Blood Star,Animalia,Echinodermata,Asteroidea,Spinulosida,Echinasteridae,Henricia,leviuscula,05204_Animalia_Echinodermata_Asteroidea_Spinulosida_Echinasteridae_Henricia_leviuscula
1787,5209,Echinometra mathaei,Indo-Pacific Rock-boring Urchin,Animalia,Echinodermata,Echinoidea,Camarodonta,Echinometridae,Echinometra,mathaei,05209_Animalia_Echinodermata_Echinoidea_Camarodonta_Echinometridae_Echinometra_mathaei
1788,5210,Evechinus chloroticus,Kina,Animalia,Echinodermata,Echinoidea,Camarodonta,Echinometridae,Evechinus,chloroticus,05210_Animalia_Echinodermata_Echinoidea_Camarodonta_Echinometridae_Evechinus_chloroticus
1789,5229,Mytilus californianus,California Mussel,Animalia,Mollusca,Bivalvia,Mytilida,Mytilidae,Mytilus,californianus,05229_Animalia_Mollusca_Bivalvia_Mytilida_Mytilidae_Mytilus_californianus
1790,5231,Perna canaliculus,New Zealand Green-lipped Mussel,Animalia,Mollusca,Bivalvia,Mytilida,Mytilidae,Perna,canaliculus,05231_Animalia_Mollusca_Bivalvia_Mytilida_Mytilidae_Perna_canaliculus
1791,5243,Pyganodon grandis,Giant Floater Mussel,Animalia,Mollusca,Bivalvia,Unionida,Unionidae,Pyganodon,grandis,05243_Animalia_Mollusca_Bivalvia_Unionida_Unionidae_Pyganodon_grandis
1792,5248,Leukoma staminea,Pacific Littleneck Clam,Animalia,Mollusca,Bivalvia,Venerida,Veneridae,Leukoma,staminea,05248_Animalia_Mollusca_Bivalvia_Venerida_Veneridae_Leukoma_staminea
1793,5254,Sepia apama,Australian Giant Cuttlefish,Animalia,Mollusca,Cephalopoda,Sepiida,Sepiidae,Sepia,apama,05254_Animalia_Mollusca_Cephalopoda_Sepiida_Sepiidae_Sepia_apama
1794,5259,Pomacea canaliculata,Channeled Applesnail,Animalia,Mollusca,Gastropoda,Architaenioglossa,Ampullariidae,Pomacea,canaliculata,05259_Animalia_Mollusca_Gastropoda_Architaenioglossa_Ampullariidae_Pomacea_canaliculata
1795,5263,Diodora aspera,Rough Keyhole Limpet,Animalia,Mollusca,Gastropoda,Lepetellida,Fissurellidae,Diodora,aspera,05263_Animalia_Mollusca_Gastropoda_Lepetellida_Fissurellidae_Diodora_aspera
1796,5271,Neverita lewisii,Lewis' Moon Snail,Animalia,Mollusca,Gastropoda,Littorinimorpha,Naticidae,Neverita,lewisii,05271_Animalia_Mollusca_Gastropoda_Littorinimorpha_Naticidae_Neverita_lewisii
1797,5293,Alcithoe arabica,Arabic Volute,Animalia,Mollusca,Gastropoda,Neogastropoda,Volutidae,Alcithoe,arabica,05293_Animalia_Mollusca_Gastropoda_Neogastropoda_Volutidae_Alcithoe_arabica
1798,5298,Chromodoris annae,Anna's Chromodoris,Animalia,Mollusca,Gastropoda,Nudibranchia,Chromodorididae,Chromodoris,annae,05298_Animalia_Mollusca_Gastropoda_Nudibranchia_Chromodorididae_Chromodoris_annae
1799,5302,Dendronotus venustus,Branched Dendronotus,Animalia,Mollusca,Gastropoda,Nudibranchia,Dendronotidae,Dendronotus,venustus,05302_Animalia_Mollusca_Gastropoda_Nudibranchia_Dendronotidae_Dendronotus_venustus
1800,5321,Onchidoris bilamellata,rough-mantled dorid,Animalia,Mollusca,Gastropoda,Nudibranchia,Onchidorididae,Onchidoris,bilamellata,05321_Animalia_Mollusca_Gastropoda_Nudibranchia_Onchidorididae_Onchidoris_bilamellata
1801,5327,Triopha catalinae,Sea Clown Triopha,Animalia,Mollusca,Gastropoda,Nudibranchia,Polyceridae,Triopha,catalinae,05327_Animalia_Mollusca_Gastropoda_Nudibranchia_Polyceridae_Triopha_catalinae
1802,5334,Ariolimax columbianus,Pacific Banana Slug,Animalia,Mollusca,Gastropoda,Stylommatophora,Ariolimacidae,Ariolimax,columbianus,05334_Animalia_Mollusca_Gastropoda_Stylommatophora_Ariolimacidae_Ariolimax_columbianus
1803,5343,Haplotrema minimum,California Lancetooth Snail,Animalia,Mollusca,Gastropoda,Stylommatophora,Haplotrematidae,Haplotrema,minimum,05343_Animalia_Mollusca_Gastropoda_Stylommatophora_Haplotrematidae_Haplotrema_minimum
1804,5344,Haplotrema vancouverense,Robust Lancetooth Snail,Animalia,Mollusca,Gastropoda,Stylommatophora,Haplotrematidae,Haplotrema,vancouverense,05344_Animalia_Mollusca_Gastropoda_Stylommatophora_Haplotrematidae_Haplotrema_vancouverense
1805,5349,Cornu aspersum,Garden Snail,Animalia,Mollusca,Gastropoda,Stylommatophora,Helicidae,Cornu,aspersum,05349_Animalia_Mollusca_Gastropoda_Stylommatophora_Helicidae_Cornu_aspersum
1806,5352,Massylaea vermiculata,Chocolate-band Snail,Animalia,Mollusca,Gastropoda,Stylommatophora,Helicidae,Massylaea,vermiculata,05352_Animalia_Mollusca_Gastropoda_Stylommatophora_Helicidae_Massylaea_vermiculata
1807,5370,Laevicaulis alte,Tropical Leatherleaf Slug,Animalia,Mollusca,Gastropoda,Systellommatophora,Veronicellidae,Laevicaulis,alte,05370_Animalia_Mollusca_Gastropoda_Systellommatophora_Veronicellidae_Laevicaulis_alte
1808,5377,Lunella smaragdus,Cat's Eye Snail,Animalia,Mollusca,Gastropoda,Trochida,Turbinidae,Lunella,smaragdus,05377_Animalia_Mollusca_Gastropoda_Trochida_Turbinidae_Lunella_smaragdus
1809,5396,Candelaria concolor,Candleflame Lichen,Fungi,Ascomycota,Lecanoromycetes,Candelariales,Candelariaceae,Candelaria,concolor,05396_Fungi_Ascomycota_Lecanoromycetes_Candelariales_Candelariaceae_Candelaria_concolor
1810,5409,Flavopunctelia flaventior,Speckled Greenshield,Fungi,Ascomycota,Lecanoromycetes,Lecanorales,Parmeliaceae,Flavopunctelia,flaventior,05409_Fungi_Ascomycota_Lecanoromycetes_Lecanorales_Parmeliaceae_Flavopunctelia_flaventior
1811,5411,Hypogymnia tubulosa,Powder-headed Tube Lichen,Fungi,Ascomycota,Lecanoromycetes,Lecanorales,Parmeliaceae,Hypogymnia,tubulosa,05411_Fungi_Ascomycota_Lecanoromycetes_Lecanorales_Parmeliaceae_Hypogymnia_tubulosa
1812,5417,Pseudevernia furfuracea,tree moss,Fungi,Ascomycota,Lecanoromycetes,Lecanorales,Parmeliaceae,Pseudevernia,furfuracea,05417_Fungi_Ascomycota_Lecanoromycetes_Lecanorales_Parmeliaceae_Pseudevernia_furfuracea
1813,5426,Porpidia albocaerulescens,porpidia lichen,Fungi,Ascomycota,Lecanoromycetes,Lecideales,Lecideaceae,Porpidia,albocaerulescens,05426_Fungi_Ascomycota_Lecanoromycetes_Lecideales_Lecideaceae_Porpidia_albocaerulescens
1814,5428,Phlyctis argena,Whitewash Lichen,Fungi,Ascomycota,Lecanoromycetes,Ostropales,Phlyctidaceae,Phlyctis,argena,05428_Fungi_Ascomycota_Lecanoromycetes_Ostropales_Phlyctidaceae_Phlyctis_argena
1815,5450,Bulgaria inquinans,Black Bulgar,Fungi,Ascomycota,Leotiomycetes,Phacidiales,Phacidiaceae,Bulgaria,inquinans,05450_Fungi_Ascomycota_Leotiomycetes_Phacidiales_Phacidiaceae_Bulgaria_inquinans
1816,5455,Helvella crispa,White Saddle,Fungi,Ascomycota,Pezizomycetes,Pezizales,Helvellaceae,Helvella,crispa,05455_Fungi_Ascomycota_Pezizomycetes_Pezizales_Helvellaceae_Helvella_crispa
1817,5470,Xylaria hypoxylon,Candlesnuff Fungus,Fungi,Ascomycota,Sordariomycetes,Xylariales,Xylariaceae,Xylaria,hypoxylon,05470_Fungi_Ascomycota_Sordariomycetes_Xylariales_Xylariaceae_Xylaria_hypoxylon
1818,5473,Agaricus campestris,Meadow Mushroom,Fungi,Basidiomycota,Agaricomycetes,Agaricales,Agaricaceae,Agaricus,campestris,05473_Fungi_Basidiomycota_Agaricomycetes_Agaricales_Agaricaceae_Agaricus_campestris
1819,5480,Leucoagaricus americanus,reddening lepiota,Fungi,Basidiomycota,Agaricomycetes,Agaricales,Agaricaceae,Leucoagaricus,americanus,05480_Fungi_Basidiomycota_Agaricomycetes_Agaricales_Agaricaceae_Leucoagaricus_americanus
1820,5484,Macrolepiota clelandii,Graceful Parasol,Fungi,Basidiomycota,Agaricomycetes,Agaricales,Agaricaceae,Macrolepiota,clelandii,05484_Fungi_Basidiomycota_Agaricomycetes_Agaricales_Agaricaceae_Macrolepiota_clelandii
1821,5489,Amanita citrina,False Death-cap,Fungi,Basidiomycota,Agaricomycetes,Agaricales,Amanitaceae,Amanita,citrina,05489_Fungi_Basidiomycota_Agaricomycetes_Agaricales_Amanitaceae_Amanita_citrina
1822,5490,Amanita flavoconia,Yellow Patches,Fungi,Basidiomycota,Agaricomycetes,Agaricales,Amanitaceae,Amanita,flavoconia,05490_Fungi_Basidiomycota_Agaricomycetes_Agaricales_Amanitaceae_Amanita_flavoconia
1823,5496,Amanita pantherina,Panthercap,Fungi,Basidiomycota,Agaricomycetes,Agaricales,Amanitaceae,Amanita,pantherina,05496_Fungi_Basidiomycota_Agaricomycetes_Agaricales_Amanitaceae_Amanita_pantherina
1824,5505,Clavulinopsis fusiformis,Golden Spindles,Fungi,Basidiomycota,Agaricomycetes,Agaricales,Clavariaceae,Clavulinopsis,fusiformis,05505_Fungi_Basidiomycota_Agaricomycetes_Agaricales_Clavariaceae_Clavulinopsis_fusiformis
1825,5506,Cortinarius iodes,Viscid Violet Cort,Fungi,Basidiomycota,Agaricomycetes,Agaricales,Cortinariaceae,Cortinarius,iodes,05506_Fungi_Basidiomycota_Agaricomycetes_Agaricales_Cortinariaceae_Cortinarius_iodes
1826,5508,Crepidotus mollis,Peeling Oysterling,Fungi,Basidiomycota,Agaricomycetes,Agaricales,Crepidotaceae,Crepidotus,mollis,05508_Fungi_Basidiomycota_Agaricomycetes_Agaricales_Crepidotaceae_Crepidotus_mollis
1827,5511,Entoloma hochstetteri,Entoloma hochstetteri,Fungi,Basidiomycota,Agaricomycetes,Agaricales,Entolomataceae,Entoloma,hochstetteri,05511_Fungi_Basidiomycota_Agaricomycetes_Agaricales_Entolomataceae_Entoloma_hochstetteri
1828,5517,Gliophorus psittacinus,Parrot Mushroom,Fungi,Basidiomycota,Agaricomycetes,Agaricales,Hygrophoraceae,Gliophorus,psittacinus,05517_Fungi_Basidiomycota_Agaricomycetes_Agaricales_Hygrophoraceae_Gliophorus_psittacinus
1829,5518,Hygrocybe coccinea,Scarlet Waxy Cap,Fungi,Basidiomycota,Agaricomycetes,Agaricales,Hygrophoraceae,Hygrocybe,coccinea,05518_Fungi_Basidiomycota_Agaricomycetes_Agaricales_Hygrophoraceae_Hygrocybe_coccinea
1830,5526,Apioperdon pyriforme,Pear-shaped Puffball,Fungi,Basidiomycota,Agaricomycetes,Agaricales,Lycoperdaceae,Apioperdon,pyriforme,05526_Fungi_Basidiomycota_Agaricomycetes_Agaricales_Lycoperdaceae_Apioperdon_pyriforme
1831,5531,Marasmius rotula,collared parachute,Fungi,Basidiomycota,Agaricomycetes,Agaricales,Marasmiaceae,Marasmius,rotula,05531_Fungi_Basidiomycota_Agaricomycetes_Agaricales_Marasmiaceae_Marasmius_rotula
1832,5539,Mycena pura,Lilac Bonnet,Fungi,Basidiomycota,Agaricomycetes,Agaricales,Mycenaceae,Mycena,pura,05539_Fungi_Basidiomycota_Agaricomycetes_Agaricales_Mycenaceae_Mycena_pura
1833,5544,Cyathus stercoreus,dung-loving bird's nest fungus,Fungi,Basidiomycota,Agaricomycetes,Agaricales,Nidulariaceae,Cyathus,stercoreus,05544_Fungi_Basidiomycota_Agaricomycetes_Agaricales_Nidulariaceae_Cyathus_stercoreus
1834,5549,Omphalotus olivascens,Western Jack-o'-lantern Mushroom,Fungi,Basidiomycota,Agaricomycetes,Agaricales,Omphalotaceae,Omphalotus,olivascens,05549_Fungi_Basidiomycota_Agaricomycetes_Agaricales_Omphalotaceae_Omphalotus_olivascens
1835,5552,Flammulina velutipes,Velvet Foot,Fungi,Basidiomycota,Agaricomycetes,Agaricales,Physalacriaceae,Flammulina,velutipes,05552_Fungi_Basidiomycota_Agaricomycetes_Agaricales_Physalacriaceae_Flammulina_velutipes
1836,5561,Phyllotopsis nidulans,Mock Oyster Mushroom,Fungi,Basidiomycota,Agaricomycetes,Agaricales,Porotheleaceae,Phyllotopsis,nidulans,05561_Fungi_Basidiomycota_Agaricomycetes_Agaricales_Porotheleaceae_Phyllotopsis_nidulans
1837,5569,Panaeolus antillarum,Panaeolus antillarum,Fungi,Basidiomycota,Agaricomycetes,Agaricales,Psathyrellaceae,Panaeolus,antillarum,05569_Fungi_Basidiomycota_Agaricomycetes_Agaricales_Psathyrellaceae_Panaeolus_antillarum
1838,5573,Psathyrella candolleana,Pale Brittlestem,Fungi,Basidiomycota,Agaricomycetes,Agaricales,Psathyrellaceae,Psathyrella,candolleana,05573_Fungi_Basidiomycota_Agaricomycetes_Agaricales_Psathyrellaceae_Psathyrella_candolleana
1839,5578,Hypholoma capnoides,Smoky-gilled Hypholoma,Fungi,Basidiomycota,Agaricomycetes,Agaricales,Strophariaceae,Hypholoma,capnoides,05578_Fungi_Basidiomycota_Agaricomycetes_Agaricales_Strophariaceae_Hypholoma_capnoides
1840,5580,Hypholoma lateritium,Brick Cap,Fungi,Basidiomycota,Agaricomycetes,Agaricales,Strophariaceae,Hypholoma,lateritium,05580_Fungi_Basidiomycota_Agaricomycetes_Agaricales_Strophariaceae_Hypholoma_lateritium
1841,5583,Leratiomyces percevalii,Mulch Maids,Fungi,Basidiomycota,Agaricomycetes,Agaricales,Strophariaceae,Leratiomyces,percevalii,05583_Fungi_Basidiomycota_Agaricomycetes_Agaricales_Strophariaceae_Leratiomyces_percevalii
1842,5593,Auricularia cornea,Ear fungus,Fungi,Basidiomycota,Agaricomycetes,Auriculariales,Auriculariaceae,Auricularia,cornea,05593_Fungi_Basidiomycota_Agaricomycetes_Auriculariales_Auriculariaceae_Auricularia_cornea
1843,5603,Leccinum scabrum,Brown Birch-bolete,Fungi,Basidiomycota,Agaricomycetes,Boletales,Boletaceae,Leccinum,scabrum,05603_Fungi_Basidiomycota_Agaricomycetes_Boletales_Boletaceae_Leccinum_scabrum
1844,5606,Suillellus amygdalinus,Liver Bolete,Fungi,Basidiomycota,Agaricomycetes,Boletales,Boletaceae,Suillellus,amygdalinus,05606_Fungi_Basidiomycota_Agaricomycetes_Boletales_Boletaceae_Suillellus_amygdalinus
1845,5620,Tapinella atrotomentosa,Velvet-footed Pax,Fungi,Basidiomycota,Agaricomycetes,Boletales,Tapinellaceae,Tapinella,atrotomentosa,05620_Fungi_Basidiomycota_Agaricomycetes_Boletales_Tapinellaceae_Tapinella_atrotomentosa
1846,5622,Cantharellus cibarius,Golden Chanterelle,Fungi,Basidiomycota,Agaricomycetes,Cantharellales,Cantharellaceae,Cantharellus,cibarius,05622_Fungi_Basidiomycota_Agaricomycetes_Cantharellales_Cantharellaceae_Cantharellus_cibarius
1847,5638,Porodaedalea pini,Pine Bracket,Fungi,Basidiomycota,Agaricomycetes,Hymenochaetales,Hymenochaetaceae,Porodaedalea,pini,05638_Fungi_Basidiomycota_Agaricomycetes_Hymenochaetales_Hymenochaetaceae_Porodaedalea_pini
1848,5641,Aseroe rubra,anemone stinkhorn fungus,Fungi,Basidiomycota,Agaricomycetes,Phallales,Phallaceae,Aseroe,rubra,05641_Fungi_Basidiomycota_Agaricomycetes_Phallales_Phallaceae_Aseroe_rubra
1849,5643,Clathrus columnatus,column stinkhorn,Fungi,Basidiomycota,Agaricomycetes,Phallales,Phallaceae,Clathrus,columnatus,05643_Fungi_Basidiomycota_Agaricomycetes_Phallales_Phallaceae_Clathrus_columnatus
1850,5646,Lysurus mokusin,lantern stinkhorn,Fungi,Basidiomycota,Agaricomycetes,Phallales,Phallaceae,Lysurus,mokusin,05646_Fungi_Basidiomycota_Agaricomycetes_Phallales_Phallaceae_Lysurus_mokusin
1851,5651,Daedalea quercina,Oak mazegill,Fungi,Basidiomycota,Agaricomycetes,Polyporales,Fomitopsidaceae,Daedalea,quercina,05651_Fungi_Basidiomycota_Agaricomycetes_Polyporales_Fomitopsidaceae_Daedalea_quercina
1852,5657,Rhodofomes cajanderi,Rosy Conk,Fungi,Basidiomycota,Agaricomycetes,Polyporales,Fomitopsidaceae,Rhodofomes,cajanderi,05657_Fungi_Basidiomycota_Agaricomycetes_Polyporales_Fomitopsidaceae_Rhodofomes_cajanderi
1853,5659,Laetiporus cincinnatus,White-Pored Chicken of the Woods,Fungi,Basidiomycota,Agaricomycetes,Polyporales,Laetiporaceae,Laetiporus,cincinnatus,05659_Fungi_Basidiomycota_Agaricomycetes_Polyporales_Laetiporaceae_Laetiporus_cincinnatus
1854,5660,Laetiporus conifericola,Conifer Chicken of the Woods,Fungi,Basidiomycota,Agaricomycetes,Polyporales,Laetiporaceae,Laetiporus,conifericola,05660_Fungi_Basidiomycota_Agaricomycetes_Polyporales_Laetiporaceae_Laetiporus_conifericola
1855,5680,Ganoderma oregonense,West Coast Reishi,Fungi,Basidiomycota,Agaricomycetes,Polyporales,Polyporaceae,Ganoderma,oregonense,05680_Fungi_Basidiomycota_Agaricomycetes_Polyporales_Polyporaceae_Ganoderma_oregonense
1856,5687,Picipes badius,Bay Polypore,Fungi,Basidiomycota,Agaricomycetes,Polyporales,Polyporaceae,Picipes,badius,05687_Fungi_Basidiomycota_Agaricomycetes_Polyporales_Polyporaceae_Picipes_badius
1857,5688,Trametes betulina,Gilled Polypore,Fungi,Basidiomycota,Agaricomycetes,Polyporales,Polyporaceae,Trametes,betulina,05688_Fungi_Basidiomycota_Agaricomycetes_Polyporales_Polyporaceae_Trametes_betulina
1858,5690,Trametes coccinea,Southern Cinnabar Polypore,Fungi,Basidiomycota,Agaricomycetes,Polyporales,Polyporaceae,Trametes,coccinea,05690_Fungi_Basidiomycota_Agaricomycetes_Polyporales_Polyporaceae_Trametes_coccinea
1859,5708,Lactifluus volemus,Fishy Milkcap,Fungi,Basidiomycota,Agaricomycetes,Russulales,Russulaceae,Lactifluus,volemus,05708_Fungi_Basidiomycota_Agaricomycetes_Russulales_Russulaceae_Lactifluus_volemus
1860,5709,Russula brevipes,Short-stemmed Russula,Fungi,Basidiomycota,Agaricomycetes,Russulales,Russulaceae,Russula,brevipes,05709_Fungi_Basidiomycota_Agaricomycetes_Russulales_Russulaceae_Russula_brevipes
1861,5710,Stereum complicatum,crowded parchment,Fungi,Basidiomycota,Agaricomycetes,Russulales,Stereaceae,Stereum,complicatum,05710_Fungi_Basidiomycota_Agaricomycetes_Russulales_Stereaceae_Stereum_complicatum
1862,5715,Sebacina schweinitzii,jellied false coral,Fungi,Basidiomycota,Agaricomycetes,Sebacinales,Sebacinaceae,Sebacina,schweinitzii,05715_Fungi_Basidiomycota_Agaricomycetes_Sebacinales_Sebacinaceae_Sebacina_schweinitzii
1863,5721,Guepiniopsis alpina,alpine jelly cone,Fungi,Basidiomycota,Dacrymycetes,Dacrymycetales,Dacrymycetaceae,Guepiniopsis,alpina,05721_Fungi_Basidiomycota_Dacrymycetes_Dacrymycetales_Dacrymycetaceae_Guepiniopsis_alpina
1864,5724,Puccinia malvacearum,Hollyhock Rust,Fungi,Basidiomycota,Pucciniomycetes,Pucciniales,Pucciniaceae,Puccinia,malvacearum,05724_Fungi_Basidiomycota_Pucciniomycetes_Pucciniales_Pucciniaceae_Puccinia_malvacearum
1865,5728,Tremella mesenterica,witch's butter,Fungi,Basidiomycota,Tremellomycetes,Tremellales,Tremellaceae,Tremella,mesenterica,05728_Fungi_Basidiomycota_Tremellomycetes_Tremellales_Tremellaceae_Tremella_mesenterica
1866,5740,Grimmia pulvinata,Grey-cushioned Grimmia,Plantae,Bryophyta,Bryopsida,Grimmiales,Grimmiaceae,Grimmia,pulvinata,05740_Plantae_Bryophyta_Bryopsida_Grimmiales_Grimmiaceae_Grimmia_pulvinata
1867,5755,Ptilium crista-castrensis,Ostrich-plume Moss,Plantae,Bryophyta,Bryopsida,Hypnales,Pylaisiaceae,Ptilium,crista-castrensis,05755_Plantae_Bryophyta_Bryopsida_Hypnales_Pylaisiaceae_Ptilium_crista-castrensis
1868,5758,Tortula muralis,Wall Screw-moss,Plantae,Bryophyta,Bryopsida,Pottiales,Pottiaceae,Tortula,muralis,05758_Plantae_Bryophyta_Bryopsida_Pottiales_Pottiaceae_Tortula_muralis
1869,5762,Polytrichum piliferum,bristly haircap moss,Plantae,Bryophyta,Polytrichopsida,Polytrichales,Polytrichaceae,Polytrichum,piliferum,05762_Plantae_Bryophyta_Polytrichopsida_Polytrichales_Polytrichaceae_Polytrichum_piliferum
1870,5785,Acorus calamus,sweet-flag,Plantae,Tracheophyta,Liliopsida,Acorales,Acoraceae,Acorus,calamus,05785_Plantae_Tracheophyta_Liliopsida_Acorales_Acoraceae_Acorus_calamus
1871,5788,Sagittaria lancifolia,lanceleaf arrowhead,Plantae,Tracheophyta,Liliopsida,Alismatales,Alismataceae,Sagittaria,lancifolia,05788_Plantae_Tracheophyta_Liliopsida_Alismatales_Alismataceae_Sagittaria_lancifolia
1872,5790,Sagittaria sagittifolia,Arrowhead,Plantae,Tracheophyta,Liliopsida,Alismatales,Alismataceae,Sagittaria,sagittifolia,05790_Plantae_Tracheophyta_Liliopsida_Alismatales_Alismataceae_Sagittaria_sagittifolia
1873,5794,Arum italicum,Italian arum,Plantae,Tracheophyta,Liliopsida,Alismatales,Araceae,Arum,italicum,05794_Plantae_Tracheophyta_Liliopsida_Alismatales_Araceae_Arum_italicum
1874,5807,Symplocarpus foetidus,eastern skunk cabbage,Plantae,Tracheophyta,Liliopsida,Alismatales,Araceae,Symplocarpus,foetidus,05807_Plantae_Tracheophyta_Liliopsida_Alismatales_Araceae_Symplocarpus_foetidus
1875,5829,Sabal minor,Dwarf Palmetto,Plantae,Tracheophyta,Liliopsida,Arecales,Arecaceae,Sabal,minor,05829_Plantae_Tracheophyta_Liliopsida_Arecales_Arecaceae_Sabal_minor
1876,5830,Sabal palmetto,Carolina palmetto,Plantae,Tracheophyta,Liliopsida,Arecales,Arecaceae,Sabal,palmetto,05830_Plantae_Tracheophyta_Liliopsida_Arecales_Arecaceae_Sabal_palmetto
1877,5844,Allium triquetrum,Three-cornered Leek,Plantae,Tracheophyta,Liliopsida,Asparagales,Amaryllidaceae,Allium,triquetrum,05844_Plantae_Tracheophyta_Liliopsida_Asparagales_Amaryllidaceae_Allium_triquetrum
1878,5845,Allium ursinum,Ramsons,Plantae,Tracheophyta,Liliopsida,Asparagales,Amaryllidaceae,Allium,ursinum,05845_Plantae_Tracheophyta_Liliopsida_Asparagales_Amaryllidaceae_Allium_ursinum
1879,5855,Haemanthus sanguineus,April-fool,Plantae,Tracheophyta,Liliopsida,Asparagales,Amaryllidaceae,Haemanthus,sanguineus,05855_Plantae_Tracheophyta_Liliopsida_Asparagales_Amaryllidaceae_Haemanthus_sanguineus
1880,5861,Lycoris radiata,red spider lily,Plantae,Tracheophyta,Liliopsida,Asparagales,Amaryllidaceae,Lycoris,radiata,05861_Plantae_Tracheophyta_Liliopsida_Asparagales_Amaryllidaceae_Lycoris_radiata
1881,5862,Narcissus poeticus,Poet's Narcissus,Plantae,Tracheophyta,Liliopsida,Asparagales,Amaryllidaceae,Narcissus,poeticus,05862_Plantae_Tracheophyta_Liliopsida_Asparagales_Amaryllidaceae_Narcissus_poeticus
1882,5868,Zephyranthes atamasco,Atamasco Lily,Plantae,Tracheophyta,Liliopsida,Asparagales,Amaryllidaceae,Zephyranthes,atamasco,05868_Plantae_Tracheophyta_Liliopsida_Asparagales_Amaryllidaceae_Zephyranthes_atamasco
1883,5882,Asparagus scandens,Climbing asparagus,Plantae,Tracheophyta,Liliopsida,Asparagales,Asparagaceae,Asparagus,scandens,05882_Plantae_Tracheophyta_Liliopsida_Asparagales_Asparagaceae_Asparagus_scandens
1884,5894,Dasylirion wheeleri,sotol,Plantae,Tracheophyta,Liliopsida,Asparagales,Asparagaceae,Dasylirion,wheeleri,05894_Plantae_Tracheophyta_Liliopsida_Asparagales_Asparagaceae_Dasylirion_wheeleri
1885,5895,Dichelostemma capitatum,Blue Dicks,Plantae,Tracheophyta,Liliopsida,Asparagales,Asparagaceae,Dichelostemma,capitatum,05895_Plantae_Tracheophyta_Liliopsida_Asparagales_Asparagaceae_Dichelostemma_capitatum
1886,5896,Dichelostemma congestum,fork-toothed ookow,Plantae,Tracheophyta,Liliopsida,Asparagales,Asparagaceae,Dichelostemma,congestum,05896_Plantae_Tracheophyta_Liliopsida_Asparagales_Asparagaceae_Dichelostemma_congestum
1887,5900,Hyacinthoides hispanica,Spanish Bluebell,Plantae,Tracheophyta,Liliopsida,Asparagales,Asparagaceae,Hyacinthoides,hispanica,05900_Plantae_Tracheophyta_Liliopsida_Asparagales_Asparagaceae_Hyacinthoides_hispanica
1888,5901,Hyacinthoides non-scripta,bluebell,Plantae,Tracheophyta,Liliopsida,Asparagales,Asparagaceae,Hyacinthoides,non-scripta,05901_Plantae_Tracheophyta_Liliopsida_Asparagales_Asparagaceae_Hyacinthoides_non-scripta
1889,5922,Polygonatum odoratum,Scented Solomon's-seal,Plantae,Tracheophyta,Liliopsida,Asparagales,Asparagaceae,Polygonatum,odoratum,05922_Plantae_Tracheophyta_Liliopsida_Asparagales_Asparagaceae_Polygonatum_odoratum
1890,5930,Triteleia hyacinthina,white brodiaea,Plantae,Tracheophyta,Liliopsida,Asparagales,Asparagaceae,Triteleia,hyacinthina,05930_Plantae_Tracheophyta_Liliopsida_Asparagales_Asparagaceae_Triteleia_hyacinthina
1891,5936,Yucca elata,soaptree yucca,Plantae,Tracheophyta,Liliopsida,Asparagales,Asparagaceae,Yucca,elata,05936_Plantae_Tracheophyta_Liliopsida_Asparagales_Asparagaceae_Yucca_elata
1892,5939,Yucca glauca,Spanish bayonet,Plantae,Tracheophyta,Liliopsida,Asparagales,Asparagaceae,Yucca,glauca,05939_Plantae_Tracheophyta_Liliopsida_Asparagales_Asparagaceae_Yucca_glauca
1893,5941,Yucca rupicola,Twisted-Leaf Yucca,Plantae,Tracheophyta,Liliopsida,Asparagales,Asparagaceae,Yucca,rupicola,05941_Plantae_Tracheophyta_Liliopsida_Asparagales_Asparagaceae_Yucca_rupicola
1894,5946,Aloe vera,aloe vera,Plantae,Tracheophyta,Liliopsida,Asparagales,Asphodelaceae,Aloe,vera,05946_Plantae_Tracheophyta_Liliopsida_Asparagales_Asphodelaceae_Aloe_vera
1895,5951,Kniphofia uvaria,Red Hot Poker,Plantae,Tracheophyta,Liliopsida,Asparagales,Asphodelaceae,Kniphofia,uvaria,05951_Plantae_Tracheophyta_Liliopsida_Asparagales_Asphodelaceae_Kniphofia_uvaria
1896,5967,Iris douglasiana,Douglas iris,Plantae,Tracheophyta,Liliopsida,Asparagales,Iridaceae,Iris,douglasiana,05967_Plantae_Tracheophyta_Liliopsida_Asparagales_Iridaceae_Iris_douglasiana
1897,5971,Iris pseudacorus,Yellow Flag,Plantae,Tracheophyta,Liliopsida,Asparagales,Iridaceae,Iris,pseudacorus,05971_Plantae_Tracheophyta_Liliopsida_Asparagales_Iridaceae_Iris_pseudacorus
1898,5972,Iris ruthenica,Pilgrim Iris,Plantae,Tracheophyta,Liliopsida,Asparagales,Iridaceae,Iris,ruthenica,05972_Plantae_Tracheophyta_Liliopsida_Asparagales_Iridaceae_Iris_ruthenica
1899,5974,Iris sibirica,Siberian Iris,Plantae,Tracheophyta,Liliopsida,Asparagales,Iridaceae,Iris,sibirica,05974_Plantae_Tracheophyta_Liliopsida_Asparagales_Iridaceae_Iris_sibirica
1900,5976,Iris verna,Dwarf Iris,Plantae,Tracheophyta,Liliopsida,Asparagales,Iridaceae,Iris,verna,05976_Plantae_Tracheophyta_Liliopsida_Asparagales_Iridaceae_Iris_verna
1901,5977,Iris versicolor,northern blue flag,Plantae,Tracheophyta,Liliopsida,Asparagales,Iridaceae,Iris,versicolor,05977_Plantae_Tracheophyta_Liliopsida_Asparagales_Iridaceae_Iris_versicolor
1902,5997,Arethusa bulbosa,Dragon's Mouth,Plantae,Tracheophyta,Liliopsida,Asparagales,Orchidaceae,Arethusa,bulbosa,05997_Plantae_Tracheophyta_Liliopsida_Asparagales_Orchidaceae_Arethusa_bulbosa
1903,5999,Caladenia carnea,Pink Lady Fingers,Plantae,Tracheophyta,Liliopsida,Asparagales,Orchidaceae,Caladenia,carnea,05999_Plantae_Tracheophyta_Liliopsida_Asparagales_Orchidaceae_Caladenia_carnea
1904,6008,Corallorhiza mertensiana,Pacific coralroot,Plantae,Tracheophyta,Liliopsida,Asparagales,Orchidaceae,Corallorhiza,mertensiana,06008_Plantae_Tracheophyta_Liliopsida_Asparagales_Orchidaceae_Corallorhiza_mertensiana
1905,6011,Cypripedium acaule,pink lady's slipper,Plantae,Tracheophyta,Liliopsida,Asparagales,Orchidaceae,Cypripedium,acaule,06011_Plantae_Tracheophyta_Liliopsida_Asparagales_Orchidaceae_Cypripedium_acaule
1906,6012,Cypripedium calceolus,Lady's-slipper,Plantae,Tracheophyta,Liliopsida,Asparagales,Orchidaceae,Cypripedium,calceolus,06012_Plantae_Tracheophyta_Liliopsida_Asparagales_Orchidaceae_Cypripedium_calceolus
1907,6017,Cypripedium reginae,showy lady's slipper,Plantae,Tracheophyta,Liliopsida,Asparagales,Orchidaceae,Cypripedium,reginae,06017_Plantae_Tracheophyta_Liliopsida_Asparagales_Orchidaceae_Cypripedium_reginae
1908,6019,Dactylorhiza incarnata,Early Marsh-orchid,Plantae,Tracheophyta,Liliopsida,Asparagales,Orchidaceae,Dactylorhiza,incarnata,06019_Plantae_Tracheophyta_Liliopsida_Asparagales_Orchidaceae_Dactylorhiza_incarnata
1909,6021,Dactylorhiza majalis,Broad-leaved Marsh Orchid,Plantae,Tracheophyta,Liliopsida,Asparagales,Orchidaceae,Dactylorhiza,majalis,06021_Plantae_Tracheophyta_Liliopsida_Asparagales_Orchidaceae_Dactylorhiza_majalis
1910,6022,Dactylorhiza sambucina,Elder-flowered Orchid,Plantae,Tracheophyta,Liliopsida,Asparagales,Orchidaceae,Dactylorhiza,sambucina,06022_Plantae_Tracheophyta_Liliopsida_Asparagales_Orchidaceae_Dactylorhiza_sambucina
1911,6029,Diuris pardina,Leopard Orchid,Plantae,Tracheophyta,Liliopsida,Asparagales,Orchidaceae,Diuris,pardina,06029_Plantae_Tracheophyta_Liliopsida_Asparagales_Orchidaceae_Diuris_pardina
1912,6031,Earina mucronata,New Zealand Bamboo Orchid,Plantae,Tracheophyta,Liliopsida,Asparagales,Orchidaceae,Earina,mucronata,06031_Plantae_Tracheophyta_Liliopsida_Asparagales_Orchidaceae_Earina_mucronata
1913,6032,Epidendrum radicans,Fire-star orchid,Plantae,Tracheophyta,Liliopsida,Asparagales,Orchidaceae,Epidendrum,radicans,06032_Plantae_Tracheophyta_Liliopsida_Asparagales_Orchidaceae_Epidendrum_radicans
1914,6038,Glossodia major,Waxlip Orchid,Plantae,Tracheophyta,Liliopsida,Asparagales,Orchidaceae,Glossodia,major,06038_Plantae_Tracheophyta_Liliopsida_Asparagales_Orchidaceae_Glossodia_major
1915,6046,Himantoglossum robertianum,giant orchid,Plantae,Tracheophyta,Liliopsida,Asparagales,Orchidaceae,Himantoglossum,robertianum,06046_Plantae_Tracheophyta_Liliopsida_Asparagales_Orchidaceae_Himantoglossum_robertianum
1916,6052,Neotinea ustulata,Burnt-tip Orchid,Plantae,Tracheophyta,Liliopsida,Asparagales,Orchidaceae,Neotinea,ustulata,06052_Plantae_Tracheophyta_Liliopsida_Asparagales_Orchidaceae_Neotinea_ustulata
1917,6055,Neottia ovata,Common Twayblade,Plantae,Tracheophyta,Liliopsida,Asparagales,Orchidaceae,Neottia,ovata,06055_Plantae_Tracheophyta_Liliopsida_Asparagales_Orchidaceae_Neottia_ovata
1918,6065,Orchis anthropophora,Man Orchid,Plantae,Tracheophyta,Liliopsida,Asparagales,Orchidaceae,Orchis,anthropophora,06065_Plantae_Tracheophyta_Liliopsida_Asparagales_Orchidaceae_Orchis_anthropophora
1919,6075,Platanthera clavellata,small green wood orchid,Plantae,Tracheophyta,Liliopsida,Asparagales,Orchidaceae,Platanthera,clavellata,06075_Plantae_Tracheophyta_Liliopsida_Asparagales_Orchidaceae_Platanthera_clavellata
1920,6092,Pyrorchis nigricans,Fire Orchid,Plantae,Tracheophyta,Liliopsida,Asparagales,Orchidaceae,Pyrorchis,nigricans,06092_Plantae_Tracheophyta_Liliopsida_Asparagales_Orchidaceae_Pyrorchis_nigricans
1921,6099,Spiranthes romanzoffiana,Irish lady's-tresses,Plantae,Tracheophyta,Liliopsida,Asparagales,Orchidaceae,Spiranthes,romanzoffiana,06099_Plantae_Tracheophyta_Liliopsida_Asparagales_Orchidaceae_Spiranthes_romanzoffiana
1922,6109,Tradescantia fluminensis,Wandering Jew,Plantae,Tracheophyta,Liliopsida,Commelinales,Commelinaceae,Tradescantia,fluminensis,06109_Plantae_Tracheophyta_Liliopsida_Commelinales_Commelinaceae_Tradescantia_fluminensis
1923,6116,Lachnanthes caroliniana,Carolina Redroot,Plantae,Tracheophyta,Liliopsida,Commelinales,Haemodoraceae,Lachnanthes,caroliniana,06116_Plantae_Tracheophyta_Liliopsida_Commelinales_Haemodoraceae_Lachnanthes_caroliniana
1924,6121,Dioscorea communis,Black Bryony,Plantae,Tracheophyta,Liliopsida,Dioscoreales,Dioscoreaceae,Dioscorea,communis,06121_Plantae_Tracheophyta_Liliopsida_Dioscoreales_Dioscoreaceae_Dioscorea_communis
1925,6126,Gloriosa superba,flame lily,Plantae,Tracheophyta,Liliopsida,Liliales,Colchicaceae,Gloriosa,superba,06126_Plantae_Tracheophyta_Liliopsida_Liliales_Colchicaceae_Gloriosa_superba
1926,6131,Calochortus amabilis,Diogenes' lantern,Plantae,Tracheophyta,Liliopsida,Liliales,Liliaceae,Calochortus,amabilis,06131_Plantae_Tracheophyta_Liliopsida_Liliales_Liliaceae_Calochortus_amabilis
1927,6134,Calochortus clavatus,Clubhair Mariposa Lily,Plantae,Tracheophyta,Liliopsida,Liliales,Liliaceae,Calochortus,clavatus,06134_Plantae_Tracheophyta_Liliopsida_Liliales_Liliaceae_Calochortus_clavatus
1928,6144,Calochortus pulchellus,Mount Diablo fairy-lantern,Plantae,Tracheophyta,Liliopsida,Liliales,Liliaceae,Calochortus,pulchellus,06144_Plantae_Tracheophyta_Liliopsida_Liliales_Liliaceae_Calochortus_pulchellus
1929,6148,Calochortus venustus,Butterfly Mariposa Lily,Plantae,Tracheophyta,Liliopsida,Liliales,Liliaceae,Calochortus,venustus,06148_Plantae_Tracheophyta_Liliopsida_Liliales_Liliaceae_Calochortus_venustus
1930,6158,Erythronium sibiricum,Siberian Fawn Lily,Plantae,Tracheophyta,Liliopsida,Liliales,Liliaceae,Erythronium,sibiricum,06158_Plantae_Tracheophyta_Liliopsida_Liliales_Liliaceae_Erythronium_sibiricum
1931,6169,Lilium canadense,Canada lily,Plantae,Tracheophyta,Liliopsida,Liliales,Liliaceae,Lilium,canadense,06169_Plantae_Tracheophyta_Liliopsida_Liliales_Liliaceae_Lilium_canadense
1932,6179,Lilium superbum,Turk's-cap lily,Plantae,Tracheophyta,Liliopsida,Liliales,Liliaceae,Lilium,superbum,06179_Plantae_Tracheophyta_Liliopsida_Liliales_Liliaceae_Lilium_superbum
1933,6184,Prosartes trachycarpa,rough-fruited fairybells,Plantae,Tracheophyta,Liliopsida,Liliales,Liliaceae,Prosartes,trachycarpa,06184_Plantae_Tracheophyta_Liliopsida_Liliales_Liliaceae_Prosartes_trachycarpa
1934,6186,Streptopus amplexifolius,white twisted-stalk,Plantae,Tracheophyta,Liliopsida,Liliales,Liliaceae,Streptopus,amplexifolius,06186_Plantae_Tracheophyta_Liliopsida_Liliales_Liliaceae_Streptopus_amplexifolius
1935,6209,Veratrum viride,green false hellebore,Plantae,Tracheophyta,Liliopsida,Liliales,Melanthiaceae,Veratrum,viride,06209_Plantae_Tracheophyta_Liliopsida_Liliales_Melanthiaceae_Veratrum_viride
1936,6213,Smilax auriculata,Earleaf Greenbrier,Plantae,Tracheophyta,Liliopsida,Liliales,Smilacaceae,Smilax,auriculata,06213_Plantae_Tracheophyta_Liliopsida_Liliales_Smilacaceae_Smilax_auriculata
1937,6219,Smilax pumila,sarsaparilla vine,Plantae,Tracheophyta,Liliopsida,Liliales,Smilacaceae,Smilax,pumila,06219_Plantae_Tracheophyta_Liliopsida_Liliales_Smilacaceae_Smilax_pumila
1938,6222,Smilax tamnoides,bristly greenbrier,Plantae,Tracheophyta,Liliopsida,Liliales,Smilacaceae,Smilax,tamnoides,06222_Plantae_Tracheophyta_Liliopsida_Liliales_Smilacaceae_Smilax_tamnoides
1939,6226,Tillandsia fasciculata,cardinal airplant,Plantae,Tracheophyta,Liliopsida,Poales,Bromeliaceae,Tillandsia,fasciculata,06226_Plantae_Tracheophyta_Liliopsida_Poales_Bromeliaceae_Tillandsia_fasciculata
1940,6230,Bolboschoenus maritimus,sea clubrush,Plantae,Tracheophyta,Liliopsida,Poales,Cyperaceae,Bolboschoenus,maritimus,06230_Plantae_Tracheophyta_Liliopsida_Poales_Cyperaceae_Bolboschoenus_maritimus
1941,6240,Carex echinata,star sedge,Plantae,Tracheophyta,Liliopsida,Poales,Cyperaceae,Carex,echinata,06240_Plantae_Tracheophyta_Liliopsida_Poales_Cyperaceae_Carex_echinata
1942,6241,Carex flava,yellow-green sedge,Plantae,Tracheophyta,Liliopsida,Poales,Cyperaceae,Carex,flava,06241_Plantae_Tracheophyta_Liliopsida_Poales_Cyperaceae_Carex_flava
1943,6242,Carex gracillima,graceful sedge,Plantae,Tracheophyta,Liliopsida,Poales,Cyperaceae,Carex,gracillima,06242_Plantae_Tracheophyta_Liliopsida_Poales_Cyperaceae_Carex_gracillima
1944,6257,Carex pendula,Hanging sedge,Plantae,Tracheophyta,Liliopsida,Poales,Cyperaceae,Carex,pendula,06257_Plantae_Tracheophyta_Liliopsida_Poales_Cyperaceae_Carex_pendula
1945,6261,Carex pseudocyperus,Cyperus Sedge,Plantae,Tracheophyta,Liliopsida,Poales,Cyperaceae,Carex,pseudocyperus,06261_Plantae_Tracheophyta_Liliopsida_Poales_Cyperaceae_Carex_pseudocyperus
1946,6262,Carex pumila,Sand Sedge,Plantae,Tracheophyta,Liliopsida,Poales,Cyperaceae,Carex,pumila,06262_Plantae_Tracheophyta_Liliopsida_Poales_Cyperaceae_Carex_pumila
1947,6269,Carex sylvatica,wood sedge,Plantae,Tracheophyta,Liliopsida,Poales,Cyperaceae,Carex,sylvatica,06269_Plantae_Tracheophyta_Liliopsida_Poales_Cyperaceae_Carex_sylvatica
1948,6273,Carex vulpinoidea,fox sedge,Plantae,Tracheophyta,Liliopsida,Poales,Cyperaceae,Carex,vulpinoidea,06273_Plantae_Tracheophyta_Liliopsida_Poales_Cyperaceae_Carex_vulpinoidea
1949,6282,Cyperus strigosus,false nutsedge,Plantae,Tracheophyta,Liliopsida,Poales,Cyperaceae,Cyperus,strigosus,06282_Plantae_Tracheophyta_Liliopsida_Poales_Cyperaceae_Cyperus_strigosus
1950,6283,Cyperus ustulatus,Giant Umbrella Sedge,Plantae,Tracheophyta,Liliopsida,Poales,Cyperaceae,Cyperus,ustulatus,06283_Plantae_Tracheophyta_Liliopsida_Poales_Cyperaceae_Cyperus_ustulatus
1951,6284,Dulichium arundinaceum,Three-way Sedge,Plantae,Tracheophyta,Liliopsida,Poales,Cyperaceae,Dulichium,arundinaceum,06284_Plantae_Tracheophyta_Liliopsida_Poales_Cyperaceae_Dulichium_arundinaceum
1952,6291,Rhynchospora alba,white beak-sedge,Plantae,Tracheophyta,Liliopsida,Poales,Cyperaceae,Rhynchospora,alba,06291_Plantae_Tracheophyta_Liliopsida_Poales_Cyperaceae_Rhynchospora_alba
1953,6315,Achnatherum hymenoides,Indian ricegrass,Plantae,Tracheophyta,Liliopsida,Poales,Poaceae,Achnatherum,hymenoides,06315_Plantae_Tracheophyta_Liliopsida_Poales_Poaceae_Achnatherum_hymenoides
1954,6319,Alopecurus pratensis,Meadow Foxtail,Plantae,Tracheophyta,Liliopsida,Poales,Poaceae,Alopecurus,pratensis,06319_Plantae_Tracheophyta_Liliopsida_Poales_Poaceae_Alopecurus_pratensis
1955,6327,Aristida purpurea,purple three-awn,Plantae,Tracheophyta,Liliopsida,Poales,Poaceae,Aristida,purpurea,06327_Plantae_Tracheophyta_Liliopsida_Poales_Poaceae_Aristida_purpurea
1956,6328,Arrhenatherum elatius,tall oat grass,Plantae,Tracheophyta,Liliopsida,Poales,Poaceae,Arrhenatherum,elatius,06328_Plantae_Tracheophyta_Liliopsida_Poales_Poaceae_Arrhenatherum_elatius
1957,6348,Bromus rubens,foxtail brome,Plantae,Tracheophyta,Liliopsida,Poales,Poaceae,Bromus,rubens,06348_Plantae_Tracheophyta_Liliopsida_Poales_Poaceae_Bromus_rubens
1958,6349,Bromus tectorum,cheat grass,Plantae,Tracheophyta,Liliopsida,Poales,Poaceae,Bromus,tectorum,06349_Plantae_Tracheophyta_Liliopsida_Poales_Poaceae_Bromus_tectorum
1959,6352,Cenchrus ciliaris,Buffel Grass,Plantae,Tracheophyta,Liliopsida,Poales,Poaceae,Cenchrus,ciliaris,06352_Plantae_Tracheophyta_Liliopsida_Poales_Poaceae_Cenchrus_ciliaris
1960,6358,Cynodon dactylon,Bermuda grass,Plantae,Tracheophyta,Liliopsida,Poales,Poaceae,Cynodon,dactylon,06358_Plantae_Tracheophyta_Liliopsida_Poales_Poaceae_Cynodon_dactylon
1961,6367,Distichlis spicata,Seashore Saltgrass,Plantae,Tracheophyta,Liliopsida,Poales,Poaceae,Distichlis,spicata,06367_Plantae_Tracheophyta_Liliopsida_Poales_Poaceae_Distichlis_spicata
1962,6372,Elymus elymoides,squirreltail,Plantae,Tracheophyta,Liliopsida,Poales,Poaceae,Elymus,elymoides,06372_Plantae_Tracheophyta_Liliopsida_Poales_Poaceae_Elymus_elymoides
1963,6373,Elymus hystrix,bottlebrush grass,Plantae,Tracheophyta,Liliopsida,Poales,Poaceae,Elymus,hystrix,06373_Plantae_Tracheophyta_Liliopsida_Poales_Poaceae_Elymus_hystrix
1964,6375,Elymus virginicus,Virginia wildrye,Plantae,Tracheophyta,Liliopsida,Poales,Poaceae,Elymus,virginicus,06375_Plantae_Tracheophyta_Liliopsida_Poales_Poaceae_Elymus_virginicus
1965,6376,Glyceria canadensis,rattlesnake mannagrass,Plantae,Tracheophyta,Liliopsida,Poales,Poaceae,Glyceria,canadensis,06376_Plantae_Tracheophyta_Liliopsida_Poales_Poaceae_Glyceria_canadensis
1966,6377,Glyceria maxima,reed meadowgrass,Plantae,Tracheophyta,Liliopsida,Poales,Poaceae,Glyceria,maxima,06377_Plantae_Tracheophyta_Liliopsida_Poales_Poaceae_Glyceria_maxima
1967,6379,Hilaria rigida,big galleta,Plantae,Tracheophyta,Liliopsida,Poales,Poaceae,Hilaria,rigida,06379_Plantae_Tracheophyta_Liliopsida_Poales_Poaceae_Hilaria_rigida
1968,6381,Hordeum jubatum,Foxtail Barley,Plantae,Tracheophyta,Liliopsida,Poales,Poaceae,Hordeum,jubatum,06381_Plantae_Tracheophyta_Liliopsida_Poales_Poaceae_Hordeum_jubatum
1969,6386,Lagurus ovatus,Hare's Tail Grass,Plantae,Tracheophyta,Liliopsida,Poales,Poaceae,Lagurus,ovatus,06386_Plantae_Tracheophyta_Liliopsida_Poales_Poaceae_Lagurus_ovatus
1970,6393,Lolium pratense,spreading fescue,Plantae,Tracheophyta,Liliopsida,Poales,Poaceae,Lolium,pratense,06393_Plantae_Tracheophyta_Liliopsida_Poales_Poaceae_Lolium_pratense
1971,6406,Panicum virgatum,switchgrass,Plantae,Tracheophyta,Liliopsida,Poales,Poaceae,Panicum,virgatum,06406_Plantae_Tracheophyta_Liliopsida_Poales_Poaceae_Panicum_virgatum
1972,6408,Paspalum notatum,Bahia grass,Plantae,Tracheophyta,Liliopsida,Poales,Poaceae,Paspalum,notatum,06408_Plantae_Tracheophyta_Liliopsida_Poales_Poaceae_Paspalum_notatum
1973,6412,Phalaris arundinacea,reed canary grass,Plantae,Tracheophyta,Liliopsida,Poales,Poaceae,Phalaris,arundinacea,06412_Plantae_Tracheophyta_Liliopsida_Poales_Poaceae_Phalaris_arundinacea
1974,6414,Phleum pratense,Timothy,Plantae,Tracheophyta,Liliopsida,Poales,Poaceae,Phleum,pratense,06414_Plantae_Tracheophyta_Liliopsida_Poales_Poaceae_Phleum_pratense
1975,6417,Poa bulbosa,bulbous bluegrass,Plantae,Tracheophyta,Liliopsida,Poales,Poaceae,Poa,bulbosa,06417_Plantae_Tracheophyta_Liliopsida_Poales_Poaceae_Poa_bulbosa
1976,6419,Polypogon monspeliensis,annual beard grass,Plantae,Tracheophyta,Liliopsida,Poales,Poaceae,Polypogon,monspeliensis,06419_Plantae_Tracheophyta_Liliopsida_Poales_Poaceae_Polypogon_monspeliensis
1977,6430,Sporobolus michauxianus,cordgrass,Plantae,Tracheophyta,Liliopsida,Poales,Poaceae,Sporobolus,michauxianus,06430_Plantae_Tracheophyta_Liliopsida_Poales_Poaceae_Sporobolus_michauxianus
1978,6437,Triticum aestivum,Bread Wheat,Plantae,Tracheophyta,Liliopsida,Poales,Poaceae,Triticum,aestivum,06437_Plantae_Tracheophyta_Liliopsida_Poales_Poaceae_Triticum_aestivum
1979,6438,Uniola paniculata,sea oats,Plantae,Tracheophyta,Liliopsida,Poales,Poaceae,Uniola,paniculata,06438_Plantae_Tracheophyta_Liliopsida_Poales_Poaceae_Uniola_paniculata
1980,6441,Sparganium erectum,Branched Bur-reed,Plantae,Tracheophyta,Liliopsida,Poales,Typhaceae,Sparganium,erectum,06441_Plantae_Tracheophyta_Liliopsida_Poales_Typhaceae_Sparganium_erectum
1981,6448,Hellenia speciosa,Crêpe ginger,Plantae,Tracheophyta,Liliopsida,Zingiberales,Costaceae,Hellenia,speciosa,06448_Plantae_Tracheophyta_Liliopsida_Zingiberales_Costaceae_Hellenia_speciosa
1982,6457,Hedychium coronarium,White ginger,Plantae,Tracheophyta,Liliopsida,Zingiberales,Zingiberaceae,Hedychium,coronarium,06457_Plantae_Tracheophyta_Liliopsida_Zingiberales_Zingiberaceae_Hedychium_coronarium
1983,6479,Aegopodium podagraria,Goutweed,Plantae,Tracheophyta,Magnoliopsida,Apiales,Apiaceae,Aegopodium,podagraria,06479_Plantae_Tracheophyta_Magnoliopsida_Apiales_Apiaceae_Aegopodium_podagraria
1984,6488,Bifora americana,prairie bishop,Plantae,Tracheophyta,Magnoliopsida,Apiales,Apiaceae,Bifora,americana,06488_Plantae_Tracheophyta_Magnoliopsida_Apiales_Apiaceae_Bifora_americana
1985,6499,Cryptotaenia canadensis,honewort,Plantae,Tracheophyta,Magnoliopsida,Apiales,Apiaceae,Cryptotaenia,canadensis,06499_Plantae_Tracheophyta_Magnoliopsida_Apiales_Apiaceae_Cryptotaenia_canadensis
1986,6501,Daucus carota,Queen Anne's lace,Plantae,Tracheophyta,Magnoliopsida,Apiales,Apiaceae,Daucus,carota,06501_Plantae_Tracheophyta_Magnoliopsida_Apiales_Apiaceae_Daucus_carota
1987,6511,Ferula communis,Giant Fennel,Plantae,Tracheophyta,Magnoliopsida,Apiales,Apiaceae,Ferula,communis,06511_Plantae_Tracheophyta_Magnoliopsida_Apiales_Apiaceae_Ferula_communis
1988,6519,Lomatium triternatum,Ternate Desert-parsley,Plantae,Tracheophyta,Magnoliopsida,Apiales,Apiaceae,Lomatium,triternatum,06519_Plantae_Tracheophyta_Magnoliopsida_Apiales_Apiaceae_Lomatium_triternatum
1989,6521,Oenanthe aquatica,Fine-leaved Water-dropwort,Plantae,Tracheophyta,Magnoliopsida,Apiales,Apiaceae,Oenanthe,aquatica,06521_Plantae_Tracheophyta_Magnoliopsida_Apiales_Apiaceae_Oenanthe_aquatica
1990,6528,Pimpinella saxifraga,Burnet-saxifrage,Plantae,Tracheophyta,Magnoliopsida,Apiales,Apiaceae,Pimpinella,saxifraga,06528_Plantae_Tracheophyta_Magnoliopsida_Apiales_Apiaceae_Pimpinella_saxifraga
1991,6538,Seseli libanotis,Moon Carrot,Plantae,Tracheophyta,Magnoliopsida,Apiales,Apiaceae,Seseli,libanotis,06538_Plantae_Tracheophyta_Magnoliopsida_Apiales_Apiaceae_Seseli_libanotis
1992,6539,Sium suave,water parsnip,Plantae,Tracheophyta,Magnoliopsida,Apiales,Apiaceae,Sium,suave,06539_Plantae_Tracheophyta_Magnoliopsida_Apiales_Apiaceae_Sium_suave
1993,6542,Torilis arvensis,common hedge parsley,Plantae,Tracheophyta,Magnoliopsida,Apiales,Apiaceae,Torilis,arvensis,06542_Plantae_Tracheophyta_Magnoliopsida_Apiales_Apiaceae_Torilis_arvensis
1994,6549,Aralia hispida,bristly sarsaparilla,Plantae,Tracheophyta,Magnoliopsida,Apiales,Araliaceae,Aralia,hispida,06549_Plantae_Tracheophyta_Magnoliopsida_Apiales_Araliaceae_Aralia_hispida
1995,6563,Pseudopanax arboreus,five finger,Plantae,Tracheophyta,Magnoliopsida,Apiales,Araliaceae,Pseudopanax,arboreus,06563_Plantae_Tracheophyta_Magnoliopsida_Apiales_Araliaceae_Pseudopanax_arboreus
1996,6577,Pittosporum tenuifolium,Kohuhu,Plantae,Tracheophyta,Magnoliopsida,Apiales,Pittosporaceae,Pittosporum,tenuifolium,06577_Plantae_Tracheophyta_Magnoliopsida_Apiales_Pittosporaceae_Pittosporum_tenuifolium
1997,6579,Ilex aquifolium,European holly,Plantae,Tracheophyta,Magnoliopsida,Aquifoliales,Aquifoliaceae,Ilex,aquifolium,06579_Plantae_Tracheophyta_Magnoliopsida_Aquifoliales_Aquifoliaceae_Ilex_aquifolium
1998,6592,Achyrachaena mollis,Blow Wives,Plantae,Tracheophyta,Magnoliopsida,Asterales,Asteraceae,Achyrachaena,mollis,06592_Plantae_Tracheophyta_Magnoliopsida_Asterales_Asteraceae_Achyrachaena_mollis
1999,6596,Adenophyllum porophylloides,San Felipe dogweed,Plantae,Tracheophyta,Magnoliopsida,Asterales,Asteraceae,Adenophyllum,porophylloides,06596_Plantae_Tracheophyta_Magnoliopsida_Asterales_Asteraceae_Adenophyllum_porophylloides
2000,6599,Ageratina havanensis,Shrubby boneset,Plantae,Tracheophyta,Magnoliopsida,Asterales,Asteraceae,Ageratina,havanensis,06599_Plantae_Tracheophyta_Magnoliopsida_Asterales_Asteraceae_Ageratina_havanensis
2001,6600,Ageratum conyzoides,billygoat weed,Plantae,Tracheophyta,Magnoliopsida,Asterales,Asteraceae,Ageratum,conyzoides,06600_Plantae_Tracheophyta_Magnoliopsida_Asterales_Asteraceae_Ageratum_conyzoides
2002,6610,Ambrosia trifida,giant ragweed,Plantae,Tracheophyta,Magnoliopsida,Asterales,Asteraceae,Ambrosia,trifida,06610_Plantae_Tracheophyta_Magnoliopsida_Asterales_Asteraceae_Ambrosia_trifida
2003,6611,Anaphalioides bellidioides,New Zealand Everlastingflower,Plantae,Tracheophyta,Magnoliopsida,Asterales,Asteraceae,Anaphalioides,bellidioides,06611_Plantae_Tracheophyta_Magnoliopsida_Asterales_Asteraceae_Anaphalioides_bellidioides
2004,6631,Artemisia douglasiana,California mugwort,Plantae,Tracheophyta,Magnoliopsida,Asterales,Asteraceae,Artemisia,douglasiana,06631_Plantae_Tracheophyta_Magnoliopsida_Asterales_Asteraceae_Artemisia_douglasiana
2005,6652,Bebbia juncea,sweetbush,Plantae,Tracheophyta,Magnoliopsida,Asterales,Asteraceae,Bebbia,juncea,06652_Plantae_Tracheophyta_Magnoliopsida_Asterales_Asteraceae_Bebbia_juncea
2006,6660,Bidens tripartita,Trifid bur-marigold,Plantae,Tracheophyta,Magnoliopsida,Asterales,Asteraceae,Bidens,tripartita,06660_Plantae_Tracheophyta_Magnoliopsida_Asterales_Asteraceae_Bidens_tripartita
2007,6675,Carlina vulgaris,Carline Thistle,Plantae,Tracheophyta,Magnoliopsida,Asterales,Asteraceae,Carlina,vulgaris,06675_Plantae_Tracheophyta_Magnoliopsida_Asterales_Asteraceae_Carlina_vulgaris
2008,6681,Centaurea montana,Perennial Cornflower,Plantae,Tracheophyta,Magnoliopsida,Asterales,Asteraceae,Centaurea,montana,06681_Plantae_Tracheophyta_Magnoliopsida_Asterales_Asteraceae_Centaurea_montana
2009,6683,Centaurea phrygia,Wig Knapweed,Plantae,Tracheophyta,Magnoliopsida,Asterales,Asteraceae,Centaurea,phrygia,06683_Plantae_Tracheophyta_Magnoliopsida_Asterales_Asteraceae_Centaurea_phrygia
2010,6700,Cirsium acaule,Dwarf Thistle,Plantae,Tracheophyta,Magnoliopsida,Asterales,Asteraceae,Cirsium,acaule,06700_Plantae_Tracheophyta_Magnoliopsida_Asterales_Asteraceae_Cirsium_acaule
2011,6701,Cirsium altissimum,Tall Thistle,Plantae,Tracheophyta,Magnoliopsida,Asterales,Asteraceae,Cirsium,altissimum,06701_Plantae_Tracheophyta_Magnoliopsida_Asterales_Asteraceae_Cirsium_altissimum
2012,6723,Coreopsis palmata,Prairie Coreopsis,Plantae,Tracheophyta,Magnoliopsida,Asterales,Asteraceae,Coreopsis,palmata,06723_Plantae_Tracheophyta_Magnoliopsida_Asterales_Asteraceae_Coreopsis_palmata
2013,6731,Cotula coronopifolia,Brass Buttons,Plantae,Tracheophyta,Magnoliopsida,Asterales,Asteraceae,Cotula,coronopifolia,06731_Plantae_Tracheophyta_Magnoliopsida_Asterales_Asteraceae_Cotula_coronopifolia
2014,6732,Crassocephalum crepidioides,redflower ragleaf,Plantae,Tracheophyta,Magnoliopsida,Asterales,Asteraceae,Crassocephalum,crepidioides,06732_Plantae_Tracheophyta_Magnoliopsida_Asterales_Asteraceae_Crassocephalum_crepidioides
2015,6735,Cyanthillium cinereum,little ironweed,Plantae,Tracheophyta,Magnoliopsida,Asterales,Asteraceae,Cyanthillium,cinereum,06735_Plantae_Tracheophyta_Magnoliopsida_Asterales_Asteraceae_Cyanthillium_cinereum
2016,6738,Dahlia coccinea,Red Dahlia,Plantae,Tracheophyta,Magnoliopsida,Asterales,Asteraceae,Dahlia,coccinea,06738_Plantae_Tracheophyta_Magnoliopsida_Asterales_Asteraceae_Dahlia_coccinea
2017,6755,Elephantopus tomentosus,common elephant's-foot,Plantae,Tracheophyta,Magnoliopsida,Asterales,Asteraceae,Elephantopus,tomentosus,06755_Plantae_Tracheophyta_Magnoliopsida_Asterales_Asteraceae_Elephantopus_tomentosus
2018,6763,Erechtites hieraciifolius,fireweed,Plantae,Tracheophyta,Magnoliopsida,Asterales,Asteraceae,Erechtites,hieraciifolius,06763_Plantae_Tracheophyta_Magnoliopsida_Asterales_Asteraceae_Erechtites_hieraciifolius
2019,6769,Erigeron annuus,annual fleabane,Plantae,Tracheophyta,Magnoliopsida,Asterales,Asteraceae,Erigeron,annuus,06769_Plantae_Tracheophyta_Magnoliopsida_Asterales_Asteraceae_Erigeron_annuus
2020,6786,Eupatorium cannabinum,hemp agrimony,Plantae,Tracheophyta,Magnoliopsida,Asterales,Asteraceae,Eupatorium,cannabinum,06786_Plantae_Tracheophyta_Magnoliopsida_Asterales_Asteraceae_Eupatorium_cannabinum
2021,6789,Eupatorium perfoliatum,common boneset,Plantae,Tracheophyta,Magnoliopsida,Asterales,Asteraceae,Eupatorium,perfoliatum,06789_Plantae_Tracheophyta_Magnoliopsida_Asterales_Asteraceae_Eupatorium_perfoliatum
2022,6797,Eutrochium maculatum,spotted Joe-Pye-weed,Plantae,Tracheophyta,Magnoliopsida,Asterales,Asteraceae,Eutrochium,maculatum,06797_Plantae_Tracheophyta_Magnoliopsida_Asterales_Asteraceae_Eutrochium_maculatum
2023,6815,Gutierrezia sarothrae,broom snakeweed,Plantae,Tracheophyta,Magnoliopsida,Asterales,Asteraceae,Gutierrezia,sarothrae,06815_Plantae_Tracheophyta_Magnoliopsida_Asterales_Asteraceae_Gutierrezia_sarothrae
2024,6833,Helichrysum arenarium,Everlasting flower,Plantae,Tracheophyta,Magnoliopsida,Asterales,Asteraceae,Helichrysum,arenarium,06833_Plantae_Tracheophyta_Magnoliopsida_Asterales_Asteraceae_Helichrysum_arenarium
2025,6835,Helminthotheca echioides,Bristly Ox-Tongue,Plantae,Tracheophyta,Magnoliopsida,Asterales,Asteraceae,Helminthotheca,echioides,06835_Plantae_Tracheophyta_Magnoliopsida_Asterales_Asteraceae_Helminthotheca_echioides
2026,6836,Hemizonia congesta,Hayfield Tarweed,Plantae,Tracheophyta,Magnoliopsida,Asterales,Asteraceae,Hemizonia,congesta,06836_Plantae_Tracheophyta_Magnoliopsida_Asterales_Asteraceae_Hemizonia_congesta
2027,6838,Heterotheca subaxillaris,Camphorweed,Plantae,Tracheophyta,Magnoliopsida,Asterales,Asteraceae,Heterotheca,subaxillaris,06838_Plantae_Tracheophyta_Magnoliopsida_Asterales_Asteraceae_Heterotheca_subaxillaris
2028,6848,Inula helenium,Elecampane,Plantae,Tracheophyta,Magnoliopsida,Asterales,Asteraceae,Inula,helenium,06848_Plantae_Tracheophyta_Magnoliopsida_Asterales_Asteraceae_Inula_helenium
2029,6857,Jaumea carnosa,Marsh Jaumea,Plantae,Tracheophyta,Magnoliopsida,Asterales,Asteraceae,Jaumea,carnosa,06857_Plantae_Tracheophyta_Magnoliopsida_Asterales_Asteraceae_Jaumea_carnosa
2030,6867,Lasthenia gracilis,common goldfields,Plantae,Tracheophyta,Magnoliopsida,Asterales,Asteraceae,Lasthenia,gracilis,06867_Plantae_Tracheophyta_Magnoliopsida_Asterales_Asteraceae_Lasthenia_gracilis
2031,6868,Layia glandulosa,whitedaisy tidytips,Plantae,Tracheophyta,Magnoliopsida,Asterales,Asteraceae,Layia,glandulosa,06868_Plantae_Tracheophyta_Magnoliopsida_Asterales_Asteraceae_Layia_glandulosa
2032,6871,Lepidospartum squamatum,California Broomsage,Plantae,Tracheophyta,Magnoliopsida,Asterales,Asteraceae,Lepidospartum,squamatum,06871_Plantae_Tracheophyta_Magnoliopsida_Asterales_Asteraceae_Lepidospartum_squamatum
2033,6879,Liatris pycnostachya,prairie blazing star,Plantae,Tracheophyta,Magnoliopsida,Asterales,Asteraceae,Liatris,pycnostachya,06879_Plantae_Tracheophyta_Magnoliopsida_Asterales_Asteraceae_Liatris_pycnostachya
2034,6892,Melampodium leucanthum,blackfoot daisy,Plantae,Tracheophyta,Magnoliopsida,Asterales,Asteraceae,Melampodium,leucanthum,06892_Plantae_Tracheophyta_Magnoliopsida_Asterales_Asteraceae_Melampodium_leucanthum
2035,6902,Nabalus altissimus,tall rattlesnakeroot,Plantae,Tracheophyta,Magnoliopsida,Asterales,Asteraceae,Nabalus,altissimus,06902_Plantae_Tracheophyta_Magnoliopsida_Asterales_Asteraceae_Nabalus_altissimus
2036,6914,Packera aurea,golden ragwort,Plantae,Tracheophyta,Magnoliopsida,Asterales,Asteraceae,Packera,aurea,06914_Plantae_Tracheophyta_Magnoliopsida_Asterales_Asteraceae_Packera_aurea
2037,6927,Perityle emoryi,Emory's rock daisy,Plantae,Tracheophyta,Magnoliopsida,Asterales,Asteraceae,Perityle,emoryi,06927_Plantae_Tracheophyta_Magnoliopsida_Asterales_Asteraceae_Perityle_emoryi
2038,6928,Petasites albus,White Butterbur,Plantae,Tracheophyta,Magnoliopsida,Asterales,Asteraceae,Petasites,albus,06928_Plantae_Tracheophyta_Magnoliopsida_Asterales_Asteraceae_Petasites_albus
2039,6930,Petasites hybridus,Butterbur,Plantae,Tracheophyta,Magnoliopsida,Asterales,Asteraceae,Petasites,hybridus,06930_Plantae_Tracheophyta_Magnoliopsida_Asterales_Asteraceae_Petasites_hybridus
2040,6936,Pilosella caespitosa,meadow hawkweed,Plantae,Tracheophyta,Magnoliopsida,Asterales,Asteraceae,Pilosella,caespitosa,06936_Plantae_Tracheophyta_Magnoliopsida_Asterales_Asteraceae_Pilosella_caespitosa
2041,6949,Porophyllum gracile,odora,Plantae,Tracheophyta,Magnoliopsida,Asterales,Asteraceae,Porophyllum,gracile,06949_Plantae_Tracheophyta_Magnoliopsida_Asterales_Asteraceae_Porophyllum_gracile
2042,6959,Rafinesquia neomexicana,desert chicory,Plantae,Tracheophyta,Magnoliopsida,Asterales,Asteraceae,Rafinesquia,neomexicana,06959_Plantae_Tracheophyta_Magnoliopsida_Asterales_Asteraceae_Rafinesquia_neomexicana
2043,6960,Ratibida columnifera,upright prairie coneflower,Plantae,Tracheophyta,Magnoliopsida,Asterales,Asteraceae,Ratibida,columnifera,06960_Plantae_Tracheophyta_Magnoliopsida_Asterales_Asteraceae_Ratibida_columnifera
2044,6969,Senecio ampullaceus,Texas ragwort,Plantae,Tracheophyta,Magnoliopsida,Asterales,Asteraceae,Senecio,ampullaceus,06969_Plantae_Tracheophyta_Magnoliopsida_Asterales_Asteraceae_Senecio_ampullaceus
2045,6985,Seriphium plumosum,Bankrupt Bush,Plantae,Tracheophyta,Magnoliopsida,Asterales,Asteraceae,Seriphium,plumosum,06985_Plantae_Tracheophyta_Magnoliopsida_Asterales_Asteraceae_Seriphium_plumosum
2046,6987,Silphium integrifolium,prairie rosinweed,Plantae,Tracheophyta,Magnoliopsida,Asterales,Asteraceae,Silphium,integrifolium,06987_Plantae_Tracheophyta_Magnoliopsida_Asterales_Asteraceae_Silphium_integrifolium
2047,6993,Solidago altissima,late goldenrod,Plantae,Tracheophyta,Magnoliopsida,Asterales,Asteraceae,Solidago,altissima,06993_Plantae_Tracheophyta_Magnoliopsida_Asterales_Asteraceae_Solidago_altissima
2048,7000,Solidago juncea,early goldenrod,Plantae,Tracheophyta,Magnoliopsida,Asterales,Asteraceae,Solidago,juncea,07000_Plantae_Tracheophyta_Magnoliopsida_Asterales_Asteraceae_Solidago_juncea
2049,7003,Solidago ptarmicoides,white flat-topped goldenrod,Plantae,Tracheophyta,Magnoliopsida,Asterales,Asteraceae,Solidago,ptarmicoides,07003_Plantae_Tracheophyta_Magnoliopsida_Asterales_Asteraceae_Solidago_ptarmicoides
2050,7009,Solidago velutina,velvety goldenrod,Plantae,Tracheophyta,Magnoliopsida,Asterales,Asteraceae,Solidago,velutina,07009_Plantae_Tracheophyta_Magnoliopsida_Asterales_Asteraceae_Solidago_velutina
2051,7023,Symphyotrichum laeve,smooth blue aster,Plantae,Tracheophyta,Magnoliopsida,Asterales,Asteraceae,Symphyotrichum,laeve,07023_Plantae_Tracheophyta_Magnoliopsida_Asterales_Asteraceae_Symphyotrichum_laeve
2052,7024,Symphyotrichum lanceolatum,panicled aster,Plantae,Tracheophyta,Magnoliopsida,Asterales,Asteraceae,Symphyotrichum,lanceolatum,07024_Plantae_Tracheophyta_Magnoliopsida_Asterales_Asteraceae_Symphyotrichum_lanceolatum
2053,7027,Symphyotrichum novi-belgii,New York aster,Plantae,Tracheophyta,Magnoliopsida,Asterales,Asteraceae,Symphyotrichum,novi-belgii,07027_Plantae_Tracheophyta_Magnoliopsida_Asterales_Asteraceae_Symphyotrichum_novi-belgii
2054,7037,Tanacetum vulgare,tansy,Plantae,Tracheophyta,Magnoliopsida,Asterales,Asteraceae,Tanacetum,vulgare,07037_Plantae_Tracheophyta_Magnoliopsida_Asterales_Asteraceae_Tanacetum_vulgare
2055,7044,Thelesperma megapotamicum,rayless greenthread,Plantae,Tracheophyta,Magnoliopsida,Asterales,Asteraceae,Thelesperma,megapotamicum,07044_Plantae_Tracheophyta_Magnoliopsida_Asterales_Asteraceae_Thelesperma_megapotamicum
2056,7045,Thymophylla pentachaeta,parralena,Plantae,Tracheophyta,Magnoliopsida,Asterales,Asteraceae,Thymophylla,pentachaeta,07045_Plantae_Tracheophyta_Magnoliopsida_Asterales_Asteraceae_Thymophylla_pentachaeta
2057,7046,Tithonia diversifolia,Mexican sunflower,Plantae,Tracheophyta,Magnoliopsida,Asterales,Asteraceae,Tithonia,diversifolia,07046_Plantae_Tracheophyta_Magnoliopsida_Asterales_Asteraceae_Tithonia_diversifolia
2058,7049,Tragopogon porrifolius,oyster plant,Plantae,Tracheophyta,Magnoliopsida,Asterales,Asteraceae,Tragopogon,porrifolius,07049_Plantae_Tracheophyta_Magnoliopsida_Asterales_Asteraceae_Tragopogon_porrifolius
2059,7065,Vernonia fasciculata,Smooth Ironweed,Plantae,Tracheophyta,Magnoliopsida,Asterales,Asteraceae,Vernonia,fasciculata,07065_Plantae_Tracheophyta_Magnoliopsida_Asterales_Asteraceae_Vernonia_fasciculata
2060,7067,Vernonia missurica,Missouri Ironweed,Plantae,Tracheophyta,Magnoliopsida,Asterales,Asteraceae,Vernonia,missurica,07067_Plantae_Tracheophyta_Magnoliopsida_Asterales_Asteraceae_Vernonia_missurica
2061,7068,Vernonia noveboracensis,New York ironweed,Plantae,Tracheophyta,Magnoliopsida,Asterales,Asteraceae,Vernonia,noveboracensis,07068_Plantae_Tracheophyta_Magnoliopsida_Asterales_Asteraceae_Vernonia_noveboracensis
2062,7074,Xanthisma spinulosum,Cut-leaf Ironplant,Plantae,Tracheophyta,Magnoliopsida,Asterales,Asteraceae,Xanthisma,spinulosum,07074_Plantae_Tracheophyta_Magnoliopsida_Asterales_Asteraceae_Xanthisma_spinulosum
2063,7080,Youngia japonica,Oriental false hawksbeard,Plantae,Tracheophyta,Magnoliopsida,Asterales,Asteraceae,Youngia,japonica,07080_Plantae_Tracheophyta_Magnoliopsida_Asterales_Asteraceae_Youngia_japonica
2064,7083,Zinnia grandiflora,Rocky Mountain zinnia,Plantae,Tracheophyta,Magnoliopsida,Asterales,Asteraceae,Zinnia,grandiflora,07083_Plantae_Tracheophyta_Magnoliopsida_Asterales_Asteraceae_Zinnia_grandiflora
2065,7085,Campanula aparinoides,Marsh Bellflower,Plantae,Tracheophyta,Magnoliopsida,Asterales,Campanulaceae,Campanula,aparinoides,07085_Plantae_Tracheophyta_Magnoliopsida_Asterales_Campanulaceae_Campanula_aparinoides
2066,7093,Campanula rapunculoides,Creeping Bellflower,Plantae,Tracheophyta,Magnoliopsida,Asterales,Campanulaceae,Campanula,rapunculoides,07093_Plantae_Tracheophyta_Magnoliopsida_Asterales_Campanulaceae_Campanula_rapunculoides
2067,7098,Campanulastrum americanum,American bellflower,Plantae,Tracheophyta,Magnoliopsida,Asterales,Campanulaceae,Campanulastrum,americanum,07098_Plantae_Tracheophyta_Magnoliopsida_Asterales_Campanulaceae_Campanulastrum_americanum
2068,7099,Hippobroma longiflora,Star of Bethlehem,Plantae,Tracheophyta,Magnoliopsida,Asterales,Campanulaceae,Hippobroma,longiflora,07099_Plantae_Tracheophyta_Magnoliopsida_Asterales_Campanulaceae_Hippobroma_longiflora
2069,7103,Lobelia cardinalis,cardinal flower,Plantae,Tracheophyta,Magnoliopsida,Asterales,Campanulaceae,Lobelia,cardinalis,07103_Plantae_Tracheophyta_Magnoliopsida_Asterales_Campanulaceae_Lobelia_cardinalis
2070,7108,Lobelia pinifolia,Pine-leaved Lobelia,Plantae,Tracheophyta,Magnoliopsida,Asterales,Campanulaceae,Lobelia,pinifolia,07108_Plantae_Tracheophyta_Magnoliopsida_Asterales_Campanulaceae_Lobelia_pinifolia
2071,7115,Triodanis perfoliata,clasping Venus's looking glass,Plantae,Tracheophyta,Magnoliopsida,Asterales,Campanulaceae,Triodanis,perfoliata,07115_Plantae_Tracheophyta_Magnoliopsida_Asterales_Campanulaceae_Triodanis_perfoliata
2072,7117,Wahlenbergia marginata,southern rockbell,Plantae,Tracheophyta,Magnoliopsida,Asterales,Campanulaceae,Wahlenbergia,marginata,07117_Plantae_Tracheophyta_Magnoliopsida_Asterales_Campanulaceae_Wahlenbergia_marginata
2073,7146,Eucrypta chrysanthemifolia,spotted hideseed,Plantae,Tracheophyta,Magnoliopsida,Boraginales,Boraginaceae,Eucrypta,chrysanthemifolia,07146_Plantae_Tracheophyta_Magnoliopsida_Boraginales_Boraginaceae_Eucrypta_chrysanthemifolia
2074,7149,Hackelia virginiana,stickseed,Plantae,Tracheophyta,Magnoliopsida,Boraginales,Boraginaceae,Hackelia,virginiana,07149_Plantae_Tracheophyta_Magnoliopsida_Boraginales_Boraginaceae_Hackelia_virginiana
2075,7166,Mertensia ciliata,mountain bluebells,Plantae,Tracheophyta,Magnoliopsida,Boraginales,Boraginaceae,Mertensia,ciliata,07166_Plantae_Tracheophyta_Magnoliopsida_Boraginales_Boraginaceae_Mertensia_ciliata
2076,7178,Nemophila maculata,fivespot,Plantae,Tracheophyta,Magnoliopsida,Boraginales,Boraginaceae,Nemophila,maculata,07178_Plantae_Tracheophyta_Magnoliopsida_Boraginales_Boraginaceae_Nemophila_maculata
2077,7181,Nemophila phacelioides,Texas baby blue eyes,Plantae,Tracheophyta,Magnoliopsida,Boraginales,Boraginaceae,Nemophila,phacelioides,07181_Plantae_Tracheophyta_Magnoliopsida_Boraginales_Boraginaceae_Nemophila_phacelioides
2078,7186,Phacelia californica,California phacelia,Plantae,Tracheophyta,Magnoliopsida,Boraginales,Boraginaceae,Phacelia,californica,07186_Plantae_Tracheophyta_Magnoliopsida_Boraginales_Boraginaceae_Phacelia_californica
2079,7187,Phacelia campanularia,Desert Blue Bells,Plantae,Tracheophyta,Magnoliopsida,Boraginales,Boraginaceae,Phacelia,campanularia,07187_Plantae_Tracheophyta_Magnoliopsida_Boraginales_Boraginaceae_Phacelia_campanularia
2080,7201,Pholistoma auritum,Fiesta Flower,Plantae,Tracheophyta,Magnoliopsida,Boraginales,Boraginaceae,Pholistoma,auritum,07201_Plantae_Tracheophyta_Magnoliopsida_Boraginales_Boraginaceae_Pholistoma_auritum
2081,7207,Tiquilia palmeri,Palmer's crinklemat,Plantae,Tracheophyta,Magnoliopsida,Boraginales,Boraginaceae,Tiquilia,palmeri,07207_Plantae_Tracheophyta_Magnoliopsida_Boraginales_Boraginaceae_Tiquilia_palmeri
2082,7208,Tiquilia plicata,fan-leaved tiquilia,Plantae,Tracheophyta,Magnoliopsida,Boraginales,Boraginaceae,Tiquilia,plicata,07208_Plantae_Tracheophyta_Magnoliopsida_Boraginales_Boraginaceae_Tiquilia_plicata
2083,7213,Alliaria petiolata,Jack-by-the-hedge,Plantae,Tracheophyta,Magnoliopsida,Brassicales,Brassicaceae,Alliaria,petiolata,07213_Plantae_Tracheophyta_Magnoliopsida_Brassicales_Brassicaceae_Alliaria_petiolata
2084,7214,Arabidopsis lyrata,lyre-leaved rock cress,Plantae,Tracheophyta,Magnoliopsida,Brassicales,Brassicaceae,Arabidopsis,lyrata,07214_Plantae_Tracheophyta_Magnoliopsida_Brassicales_Brassicaceae_Arabidopsis_lyrata
2085,7216,Armoracia rusticana,Horseradish,Plantae,Tracheophyta,Magnoliopsida,Brassicales,Brassicaceae,Armoracia,rusticana,07216_Plantae_Tracheophyta_Magnoliopsida_Brassicales_Brassicaceae_Armoracia_rusticana
2086,7222,Brassica rapa,field mustard,Plantae,Tracheophyta,Magnoliopsida,Brassicales,Brassicaceae,Brassica,rapa,07222_Plantae_Tracheophyta_Magnoliopsida_Brassicales_Brassicaceae_Brassica_rapa
2087,7224,Bunias orientalis,Warty-cabbage,Plantae,Tracheophyta,Magnoliopsida,Brassicales,Brassicaceae,Bunias,orientalis,07224_Plantae_Tracheophyta_Magnoliopsida_Brassicales_Brassicaceae_Bunias_orientalis
2088,7240,Caulanthus lasiophyllus,California mustard,Plantae,Tracheophyta,Magnoliopsida,Brassicales,Brassicaceae,Caulanthus,lasiophyllus,07240_Plantae_Tracheophyta_Magnoliopsida_Brassicales_Brassicaceae_Caulanthus_lasiophyllus
2089,7244,Descurainia sophia,flixweed,Plantae,Tracheophyta,Magnoliopsida,Brassicales,Brassicaceae,Descurainia,sophia,07244_Plantae_Tracheophyta_Magnoliopsida_Brassicales_Brassicaceae_Descurainia_sophia
2090,7250,Erysimum capitatum,western wallflower,Plantae,Tracheophyta,Magnoliopsida,Brassicales,Brassicaceae,Erysimum,capitatum,07250_Plantae_Tracheophyta_Magnoliopsida_Brassicales_Brassicaceae_Erysimum_capitatum
2091,7252,Erysimum cheiri,Wallflower,Plantae,Tracheophyta,Magnoliopsida,Brassicales,Brassicaceae,Erysimum,cheiri,07252_Plantae_Tracheophyta_Magnoliopsida_Brassicales_Brassicaceae_Erysimum_cheiri
2092,7254,Hirschfeldia incana,Shortpod Mustard,Plantae,Tracheophyta,Magnoliopsida,Brassicales,Brassicaceae,Hirschfeldia,incana,07254_Plantae_Tracheophyta_Magnoliopsida_Brassicales_Brassicaceae_Hirschfeldia_incana
2093,7255,Lepidium campestre,field peppergrass,Plantae,Tracheophyta,Magnoliopsida,Brassicales,Brassicaceae,Lepidium,campestre,07255_Plantae_Tracheophyta_Magnoliopsida_Brassicales_Brassicaceae_Lepidium_campestre
2094,7256,Lepidium densiflorum,Common Peppergrass,Plantae,Tracheophyta,Magnoliopsida,Brassicales,Brassicaceae,Lepidium,densiflorum,07256_Plantae_Tracheophyta_Magnoliopsida_Brassicales_Brassicaceae_Lepidium_densiflorum
2095,7258,Lepidium draba,heart-podded hoary cress,Plantae,Tracheophyta,Magnoliopsida,Brassicales,Brassicaceae,Lepidium,draba,07258_Plantae_Tracheophyta_Magnoliopsida_Brassicales_Brassicaceae_Lepidium_draba
2096,7272,Sinapis arvensis,Wild Mustard,Plantae,Tracheophyta,Magnoliopsida,Brassicales,Brassicaceae,Sinapis,arvensis,07272_Plantae_Tracheophyta_Magnoliopsida_Brassicales_Brassicaceae_Sinapis_arvensis
2097,7277,Stanleya pinnata,prince's plume,Plantae,Tracheophyta,Magnoliopsida,Brassicales,Brassicaceae,Stanleya,pinnata,07277_Plantae_Tracheophyta_Magnoliopsida_Brassicales_Brassicaceae_Stanleya_pinnata
2098,7280,Thlaspi arvense,field penny-cress,Plantae,Tracheophyta,Magnoliopsida,Brassicales,Brassicaceae,Thlaspi,arvense,07280_Plantae_Tracheophyta_Magnoliopsida_Brassicales_Brassicaceae_Thlaspi_arvense
2099,7282,Turritis glabra,Tower Mustard,Plantae,Tracheophyta,Magnoliopsida,Brassicales,Brassicaceae,Turritis,glabra,07282_Plantae_Tracheophyta_Magnoliopsida_Brassicales_Brassicaceae_Turritis_glabra
2100,7286,Cleome rutidosperma,Purple Cleome,Plantae,Tracheophyta,Magnoliopsida,Brassicales,Cleomaceae,Cleome,rutidosperma,07286_Plantae_Tracheophyta_Magnoliopsida_Brassicales_Cleomaceae_Cleome_rutidosperma
2101,7288,Peritoma arborea,Bladderpod,Plantae,Tracheophyta,Magnoliopsida,Brassicales,Cleomaceae,Peritoma,arborea,07288_Plantae_Tracheophyta_Magnoliopsida_Brassicales_Cleomaceae_Peritoma_arborea
2102,7290,Polanisia dodecandra,redwhisker clammyweed,Plantae,Tracheophyta,Magnoliopsida,Brassicales,Cleomaceae,Polanisia,dodecandra,07290_Plantae_Tracheophyta_Magnoliopsida_Brassicales_Cleomaceae_Polanisia_dodecandra
2103,7294,Reseda lutea,yellow mignonette,Plantae,Tracheophyta,Magnoliopsida,Brassicales,Resedaceae,Reseda,lutea,07294_Plantae_Tracheophyta_Magnoliopsida_Brassicales_Resedaceae_Reseda_lutea
2104,7295,Reseda luteola,dyer's rocket,Plantae,Tracheophyta,Magnoliopsida,Brassicales,Resedaceae,Reseda,luteola,07295_Plantae_Tracheophyta_Magnoliopsida_Brassicales_Resedaceae_Reseda_luteola
2105,7318,Atriplex polycarpa,cattle saltbush,Plantae,Tracheophyta,Magnoliopsida,Caryophyllales,Amaranthaceae,Atriplex,polycarpa,07318_Plantae_Tracheophyta_Magnoliopsida_Caryophyllales_Amaranthaceae_Atriplex_polycarpa
2106,7319,Atriplex prostrata,fat-hen,Plantae,Tracheophyta,Magnoliopsida,Caryophyllales,Amaranthaceae,Atriplex,prostrata,07319_Plantae_Tracheophyta_Magnoliopsida_Caryophyllales_Amaranthaceae_Atriplex_prostrata
2107,7329,Froelichia floridana,Plains Snakecotton,Plantae,Tracheophyta,Magnoliopsida,Caryophyllales,Amaranthaceae,Froelichia,floridana,07329_Plantae_Tracheophyta_Magnoliopsida_Caryophyllales_Amaranthaceae_Froelichia_floridana
2108,7333,Krascheninnikovia lanata,winterfat,Plantae,Tracheophyta,Magnoliopsida,Caryophyllales,Amaranthaceae,Krascheninnikovia,lanata,07333_Plantae_Tracheophyta_Magnoliopsida_Caryophyllales_Amaranthaceae_Krascheninnikovia_lanata
2109,7346,Cylindropuntia bigelovii,Teddy Bear Cholla,Plantae,Tracheophyta,Magnoliopsida,Caryophyllales,Cactaceae,Cylindropuntia,bigelovii,07346_Plantae_Tracheophyta_Magnoliopsida_Caryophyllales_Cactaceae_Cylindropuntia_bigelovii
2110,7348,Cylindropuntia echinocarpa,silver cholla,Plantae,Tracheophyta,Magnoliopsida,Caryophyllales,Cactaceae,Cylindropuntia,echinocarpa,07348_Plantae_Tracheophyta_Magnoliopsida_Caryophyllales_Cactaceae_Cylindropuntia_echinocarpa
2111,7357,Echinocactus horizonthalonius,Devilshead,Plantae,Tracheophyta,Magnoliopsida,Caryophyllales,Cactaceae,Echinocactus,horizonthalonius,07357_Plantae_Tracheophyta_Magnoliopsida_Caryophyllales_Cactaceae_Echinocactus_horizonthalonius
2112,7362,Echinocereus dasyacanthus,Spiny Hedgehog Cactus,Plantae,Tracheophyta,Magnoliopsida,Caryophyllales,Cactaceae,Echinocereus,dasyacanthus,07362_Plantae_Tracheophyta_Magnoliopsida_Caryophyllales_Cactaceae_Echinocereus_dasyacanthus
2113,7363,Echinocereus engelmannii,Engelmann's hedgehog cactus,Plantae,Tracheophyta,Magnoliopsida,Caryophyllales,Cactaceae,Echinocereus,engelmannii,07363_Plantae_Tracheophyta_Magnoliopsida_Caryophyllales_Cactaceae_Echinocereus_engelmannii
2114,7372,Echinocereus triglochidiatus,claret-cup hedgehog,Plantae,Tracheophyta,Magnoliopsida,Caryophyllales,Cactaceae,Echinocereus,triglochidiatus,07372_Plantae_Tracheophyta_Magnoliopsida_Caryophyllales_Cactaceae_Echinocereus_triglochidiatus
2115,7378,Ferocactus histrix,Ferocactus histrix,Plantae,Tracheophyta,Magnoliopsida,Caryophyllales,Cactaceae,Ferocactus,histrix,07378_Plantae_Tracheophyta_Magnoliopsida_Caryophyllales_Cactaceae_Ferocactus_histrix
2116,7383,Homalocephala polycephala,harem cactus,Plantae,Tracheophyta,Magnoliopsida,Caryophyllales,Cactaceae,Homalocephala,polycephala,07383_Plantae_Tracheophyta_Magnoliopsida_Caryophyllales_Cactaceae_Homalocephala_polycephala
2117,7389,Mammillaria heyderi,little nipple cactus,Plantae,Tracheophyta,Magnoliopsida,Caryophyllales,Cactaceae,Mammillaria,heyderi,07389_Plantae_Tracheophyta_Magnoliopsida_Caryophyllales_Cactaceae_Mammillaria_heyderi
2118,7396,Opuntia chlorotica,pancake prickly-pear,Plantae,Tracheophyta,Magnoliopsida,Caryophyllales,Cactaceae,Opuntia,chlorotica,07396_Plantae_Tracheophyta_Magnoliopsida_Caryophyllales_Cactaceae_Opuntia_chlorotica
2119,7436,Moehringia macrophylla,Largeleaf Sandwort,Plantae,Tracheophyta,Magnoliopsida,Caryophyllales,Caryophyllaceae,Moehringia,macrophylla,07436_Plantae_Tracheophyta_Magnoliopsida_Caryophyllales_Caryophyllaceae_Moehringia_macrophylla
2120,7442,Sabulina michauxii,rock sandwort,Plantae,Tracheophyta,Magnoliopsida,Caryophyllales,Caryophyllaceae,Sabulina,michauxii,07442_Plantae_Tracheophyta_Magnoliopsida_Caryophyllales_Caryophyllaceae_Sabulina_michauxii
2121,7448,Silene antirrhina,sleepy catchfly,Plantae,Tracheophyta,Magnoliopsida,Caryophyllales,Caryophyllaceae,Silene,antirrhina,07448_Plantae_Tracheophyta_Magnoliopsida_Caryophyllales_Caryophyllaceae_Silene_antirrhina
2122,7450,Silene dioica,red campion,Plantae,Tracheophyta,Magnoliopsida,Caryophyllales,Caryophyllaceae,Silene,dioica,07450_Plantae_Tracheophyta_Magnoliopsida_Caryophyllales_Caryophyllaceae_Silene_dioica
2123,7468,Viscaria vulgaris,Sticky Catchfly,Plantae,Tracheophyta,Magnoliopsida,Caryophyllales,Caryophyllaceae,Viscaria,vulgaris,07468_Plantae_Tracheophyta_Magnoliopsida_Caryophyllales_Caryophyllaceae_Viscaria_vulgaris
2124,7478,Drosera planchonii,Climbing Sundew,Plantae,Tracheophyta,Magnoliopsida,Caryophyllales,Droseraceae,Drosera,planchonii,07478_Plantae_Tracheophyta_Magnoliopsida_Caryophyllales_Droseraceae_Drosera_planchonii
2125,7481,Drosera whittakeri,Whittaker's sundew,Plantae,Tracheophyta,Magnoliopsida,Caryophyllales,Droseraceae,Drosera,whittakeri,07481_Plantae_Tracheophyta_Magnoliopsida_Caryophyllales_Droseraceae_Drosera_whittakeri
2126,7490,Claytonia parviflora,Streambank Springbeauty,Plantae,Tracheophyta,Magnoliopsida,Caryophyllales,Montiaceae,Claytonia,parviflora,07490_Plantae_Tracheophyta_Magnoliopsida_Caryophyllales_Montiaceae_Claytonia_parviflora
2127,7491,Claytonia perfoliata,miner's lettuce,Plantae,Tracheophyta,Magnoliopsida,Caryophyllales,Montiaceae,Claytonia,perfoliata,07491_Plantae_Tracheophyta_Magnoliopsida_Caryophyllales_Montiaceae_Claytonia_perfoliata
2128,7494,Claytonia virginica,Virginia spring beauty,Plantae,Tracheophyta,Magnoliopsida,Caryophyllales,Montiaceae,Claytonia,virginica,07494_Plantae_Tracheophyta_Magnoliopsida_Caryophyllales_Montiaceae_Claytonia_virginica
2129,7495,Lewisia rediviva,Oregon Bitterroot,Plantae,Tracheophyta,Magnoliopsida,Caryophyllales,Montiaceae,Lewisia,rediviva,07495_Plantae_Tracheophyta_Magnoliopsida_Caryophyllales_Montiaceae_Lewisia_rediviva
2130,7502,Boerhavia coccinea,scarlet spiderling,Plantae,Tracheophyta,Magnoliopsida,Caryophyllales,Nyctaginaceae,Boerhavia,coccinea,07502_Plantae_Tracheophyta_Magnoliopsida_Caryophyllales_Nyctaginaceae_Boerhavia_coccinea
2131,7507,Rivina humilis,rougeplant,Plantae,Tracheophyta,Magnoliopsida,Caryophyllales,Petiveriaceae,Rivina,humilis,07507_Plantae_Tracheophyta_Magnoliopsida_Caryophyllales_Petiveriaceae_Rivina_humilis
2132,7522,Chorizanthe fimbriata,Fringed Spineflower,Plantae,Tracheophyta,Magnoliopsida,Caryophyllales,Polygonaceae,Chorizanthe,fimbriata,07522_Plantae_Tracheophyta_Magnoliopsida_Caryophyllales_Polygonaceae_Chorizanthe_fimbriata
2133,7532,Eriogonum ovalifolium,cushion buckwheat,Plantae,Tracheophyta,Magnoliopsida,Caryophyllales,Polygonaceae,Eriogonum,ovalifolium,07532_Plantae_Tracheophyta_Magnoliopsida_Caryophyllales_Polygonaceae_Eriogonum_ovalifolium
2134,7533,Eriogonum parvifolium,Seacliff Wild Buckwheat,Plantae,Tracheophyta,Magnoliopsida,Caryophyllales,Polygonaceae,Eriogonum,parvifolium,07533_Plantae_Tracheophyta_Magnoliopsida_Caryophyllales_Polygonaceae_Eriogonum_parvifolium
2135,7541,Muehlenbeckia axillaris,Muehlenbeckia axillaris,Plantae,Tracheophyta,Magnoliopsida,Caryophyllales,Polygonaceae,Muehlenbeckia,axillaris,07541_Plantae_Tracheophyta_Magnoliopsida_Caryophyllales_Polygonaceae_Muehlenbeckia_axillaris
2136,7546,Persicaria capitata,pink knotweed,Plantae,Tracheophyta,Magnoliopsida,Caryophyllales,Polygonaceae,Persicaria,capitata,07546_Plantae_Tracheophyta_Magnoliopsida_Caryophyllales_Polygonaceae_Persicaria_capitata
2137,7570,Portulaca oleracea,Purslane,Plantae,Tracheophyta,Magnoliopsida,Caryophyllales,Portulacaceae,Portulaca,oleracea,07570_Plantae_Tracheophyta_Magnoliopsida_Caryophyllales_Portulacaceae_Portulaca_oleracea
2138,7574,Talinum paniculatum,Jewels of Opar,Plantae,Tracheophyta,Magnoliopsida,Caryophyllales,Talinaceae,Talinum,paniculatum,07574_Plantae_Tracheophyta_Magnoliopsida_Caryophyllales_Talinaceae_Talinum_paniculatum
2139,7578,Celastrus scandens,American bittersweet,Plantae,Tracheophyta,Magnoliopsida,Celastrales,Celastraceae,Celastrus,scandens,07578_Plantae_Tracheophyta_Magnoliopsida_Celastrales_Celastraceae_Celastrus_scandens
2140,7602,Cornus rugosa,Round-leaved Dogwood,Plantae,Tracheophyta,Magnoliopsida,Cornales,Cornaceae,Cornus,rugosa,07602_Plantae_Tracheophyta_Magnoliopsida_Cornales_Cornaceae_Cornus_rugosa
2141,7620,Corynocarpus laevigatus,Karaka,Plantae,Tracheophyta,Magnoliopsida,Cucurbitales,Corynocarpaceae,Corynocarpus,laevigatus,07620_Plantae_Tracheophyta_Magnoliopsida_Cucurbitales_Corynocarpaceae_Corynocarpus_laevigatus
2142,7623,Cucurbita foetidissima,buffalo gourd,Plantae,Tracheophyta,Magnoliopsida,Cucurbitales,Cucurbitaceae,Cucurbita,foetidissima,07623_Plantae_Tracheophyta_Magnoliopsida_Cucurbitales_Cucurbitaceae_Cucurbita_foetidissima
2143,7637,Dipsacus laciniatus,cutleaf teasel,Plantae,Tracheophyta,Magnoliopsida,Dipsacales,Caprifoliaceae,Dipsacus,laciniatus,07637_Plantae_Tracheophyta_Magnoliopsida_Dipsacales_Caprifoliaceae_Dipsacus_laciniatus
2144,7638,Dipsacus sativus,Indian teasel,Plantae,Tracheophyta,Magnoliopsida,Dipsacales,Caprifoliaceae,Dipsacus,sativus,07638_Plantae_Tracheophyta_Magnoliopsida_Dipsacales_Caprifoliaceae_Dipsacus_sativus
2145,7640,Leycesteria formosa,Himalayan honeysuckle,Plantae,Tracheophyta,Magnoliopsida,Dipsacales,Caprifoliaceae,Leycesteria,formosa,07640_Plantae_Tracheophyta_Magnoliopsida_Dipsacales_Caprifoliaceae_Leycesteria_formosa
2146,7642,Lonicera albiflora,western white honeysuckle,Plantae,Tracheophyta,Magnoliopsida,Dipsacales,Caprifoliaceae,Lonicera,albiflora,07642_Plantae_Tracheophyta_Magnoliopsida_Dipsacales_Caprifoliaceae_Lonicera_albiflora
2147,7645,Lonicera dioica,Glaucous Honeysuckle,Plantae,Tracheophyta,Magnoliopsida,Dipsacales,Caprifoliaceae,Lonicera,dioica,07645_Plantae_Tracheophyta_Magnoliopsida_Dipsacales_Caprifoliaceae_Lonicera_dioica
2148,7649,Lonicera maackii,Amur honeysuckle,Plantae,Tracheophyta,Magnoliopsida,Dipsacales,Caprifoliaceae,Lonicera,maackii,07649_Plantae_Tracheophyta_Magnoliopsida_Dipsacales_Caprifoliaceae_Lonicera_maackii
2149,7650,Lonicera morrowii,Morrow's honeysuckle,Plantae,Tracheophyta,Magnoliopsida,Dipsacales,Caprifoliaceae,Lonicera,morrowii,07650_Plantae_Tracheophyta_Magnoliopsida_Dipsacales_Caprifoliaceae_Lonicera_morrowii
2150,7654,Lonicera tatarica,Tatarian honeysuckle,Plantae,Tracheophyta,Magnoliopsida,Dipsacales,Caprifoliaceae,Lonicera,tatarica,07654_Plantae_Tracheophyta_Magnoliopsida_Dipsacales_Caprifoliaceae_Lonicera_tatarica
2151,7669,Valerianella locusta,common cornsalad,Plantae,Tracheophyta,Magnoliopsida,Dipsacales,Caprifoliaceae,Valerianella,locusta,07669_Plantae_Tracheophyta_Magnoliopsida_Dipsacales_Caprifoliaceae_Valerianella_locusta
2152,7673,Sambucus cerulea,blue elder,Plantae,Tracheophyta,Magnoliopsida,Dipsacales,Viburnaceae,Sambucus,cerulea,07673_Plantae_Tracheophyta_Magnoliopsida_Dipsacales_Viburnaceae_Sambucus_cerulea
2153,7677,Sambucus racemosa,red elderberry,Plantae,Tracheophyta,Magnoliopsida,Dipsacales,Viburnaceae,Sambucus,racemosa,07677_Plantae_Tracheophyta_Magnoliopsida_Dipsacales_Viburnaceae_Sambucus_racemosa
2154,7690,Viburnum tinus,Laurustinus viburnum,Plantae,Tracheophyta,Magnoliopsida,Dipsacales,Viburnaceae,Viburnum,tinus,07690_Plantae_Tracheophyta_Magnoliopsida_Dipsacales_Viburnaceae_Viburnum_tinus
2155,7710,Arctostaphylos nevadensis,Pinemat Manzanita,Plantae,Tracheophyta,Magnoliopsida,Ericales,Ericaceae,Arctostaphylos,nevadensis,07710_Plantae_Tracheophyta_Magnoliopsida_Ericales_Ericaceae_Arctostaphylos_nevadensis
2156,7720,Chimaphila maculata,spotted wintergreen,Plantae,Tracheophyta,Magnoliopsida,Ericales,Ericaceae,Chimaphila,maculata,07720_Plantae_Tracheophyta_Magnoliopsida_Ericales_Ericaceae_Chimaphila_maculata
2157,7728,Erica abietina,honeysuckle heath,Plantae,Tracheophyta,Magnoliopsida,Ericales,Ericaceae,Erica,abietina,07728_Plantae_Tracheophyta_Magnoliopsida_Ericales_Ericaceae_Erica_abietina
2158,7730,Erica cerinthoides,Fire Heath,Plantae,Tracheophyta,Magnoliopsida,Ericales,Ericaceae,Erica,cerinthoides,07730_Plantae_Tracheophyta_Magnoliopsida_Ericales_Ericaceae_Erica_cerinthoides
2159,7731,Erica cinerea,Bell Heather,Plantae,Tracheophyta,Magnoliopsida,Ericales,Ericaceae,Erica,cinerea,07731_Plantae_Tracheophyta_Magnoliopsida_Ericales_Ericaceae_Erica_cinerea
2160,7765,Pterospora andromedea,woodland pinedrops,Plantae,Tracheophyta,Magnoliopsida,Ericales,Ericaceae,Pterospora,andromedea,07765_Plantae_Tracheophyta_Magnoliopsida_Ericales_Ericaceae_Pterospora_andromedea
2161,7768,Pyrola chlorantha,green-flowered wintergreen,Plantae,Tracheophyta,Magnoliopsida,Ericales,Ericaceae,Pyrola,chlorantha,07768_Plantae_Tracheophyta_Magnoliopsida_Ericales_Ericaceae_Pyrola_chlorantha
2162,7769,Pyrola elliptica,shinleaf,Plantae,Tracheophyta,Magnoliopsida,Ericales,Ericaceae,Pyrola,elliptica,07769_Plantae_Tracheophyta_Magnoliopsida_Ericales_Ericaceae_Pyrola_elliptica
2163,7775,Rhododendron canadense,Rhodora,Plantae,Tracheophyta,Magnoliopsida,Ericales,Ericaceae,Rhododendron,canadense,07775_Plantae_Tracheophyta_Magnoliopsida_Ericales_Ericaceae_Rhododendron_canadense
2164,7791,Vaccinium macrocarpon,American Cranberry,Plantae,Tracheophyta,Magnoliopsida,Ericales,Ericaceae,Vaccinium,macrocarpon,07791_Plantae_Tracheophyta_Magnoliopsida_Ericales_Ericaceae_Vaccinium_macrocarpon
2165,7796,Vaccinium ovatum,California huckleberry,Plantae,Tracheophyta,Magnoliopsida,Ericales,Ericaceae,Vaccinium,ovatum,07796_Plantae_Tracheophyta_Magnoliopsida_Ericales_Ericaceae_Vaccinium_ovatum
2166,7801,Vaccinium vitis-idaea,Lingonberry,Plantae,Tracheophyta,Magnoliopsida,Ericales,Ericaceae,Vaccinium,vitis-idaea,07801_Plantae_Tracheophyta_Magnoliopsida_Ericales_Ericaceae_Vaccinium_vitis-idaea
2167,7820,Leptosiphon parviflorus,variable linanthus,Plantae,Tracheophyta,Magnoliopsida,Ericales,Polemoniaceae,Leptosiphon,parviflorus,07820_Plantae_Tracheophyta_Magnoliopsida_Ericales_Polemoniaceae_Leptosiphon_parviflorus
2168,7821,Linanthus californicus,Prickly Phlox,Plantae,Tracheophyta,Magnoliopsida,Ericales,Polemoniaceae,Linanthus,californicus,07821_Plantae_Tracheophyta_Magnoliopsida_Ericales_Polemoniaceae_Linanthus_californicus
2169,7831,Phlox hoodii,spiny phlox,Plantae,Tracheophyta,Magnoliopsida,Ericales,Polemoniaceae,Phlox,hoodii,07831_Plantae_Tracheophyta_Magnoliopsida_Ericales_Polemoniaceae_Phlox_hoodii
2170,7840,Polemonium pulcherrimum,Pretty Jacob's-ladder,Plantae,Tracheophyta,Magnoliopsida,Ericales,Polemoniaceae,Polemonium,pulcherrimum,07840_Plantae_Tracheophyta_Magnoliopsida_Ericales_Polemoniaceae_Polemonium_pulcherrimum
2171,7851,Lysimachia clethroides,Gooseneck Loosestrife,Plantae,Tracheophyta,Magnoliopsida,Ericales,Primulaceae,Lysimachia,clethroides,07851_Plantae_Tracheophyta_Magnoliopsida_Ericales_Primulaceae_Lysimachia_clethroides
2172,7852,Lysimachia europaea,chickweed-wintergreen,Plantae,Tracheophyta,Magnoliopsida,Ericales,Primulaceae,Lysimachia,europaea,07852_Plantae_Tracheophyta_Magnoliopsida_Ericales_Primulaceae_Lysimachia_europaea
2173,7858,Lysimachia quadriflora,narrow-leaved loosestrife,Plantae,Tracheophyta,Magnoliopsida,Ericales,Primulaceae,Lysimachia,quadriflora,07858_Plantae_Tracheophyta_Magnoliopsida_Ericales_Primulaceae_Lysimachia_quadriflora
2174,7867,Primula elatior,Oxlip,Plantae,Tracheophyta,Magnoliopsida,Ericales,Primulaceae,Primula,elatior,07867_Plantae_Tracheophyta_Magnoliopsida_Ericales_Primulaceae_Primula_elatior
2175,7882,Sarracenia flava,yellow pitcher plant,Plantae,Tracheophyta,Magnoliopsida,Ericales,Sarraceniaceae,Sarracenia,flava,07882_Plantae_Tracheophyta_Magnoliopsida_Ericales_Sarraceniaceae_Sarracenia_flava
2176,7883,Sarracenia leucophylla,white pitcher plant,Plantae,Tracheophyta,Magnoliopsida,Ericales,Sarraceniaceae,Sarracenia,leucophylla,07883_Plantae_Tracheophyta_Magnoliopsida_Ericales_Sarraceniaceae_Sarracenia_leucophylla
2177,7884,Sarracenia minor,hooded pitcher plant,Plantae,Tracheophyta,Magnoliopsida,Ericales,Sarraceniaceae,Sarracenia,minor,07884_Plantae_Tracheophyta_Magnoliopsida_Ericales_Sarraceniaceae_Sarracenia_minor
2178,7887,Abrus precatorius,rosary pea,Plantae,Tracheophyta,Magnoliopsida,Fabales,Fabaceae,Abrus,precatorius,07887_Plantae_Tracheophyta_Magnoliopsida_Fabales_Fabaceae_Abrus_precatorius
2179,7889,Acacia cyclops,western coastal wattle,Plantae,Tracheophyta,Magnoliopsida,Fabales,Fabaceae,Acacia,cyclops,07889_Plantae_Tracheophyta_Magnoliopsida_Fabales_Fabaceae_Acacia_cyclops
2180,7903,Albizia julibrissin,Persian silk tree,Plantae,Tracheophyta,Magnoliopsida,Fabales,Fabaceae,Albizia,julibrissin,07903_Plantae_Tracheophyta_Magnoliopsida_Fabales_Fabaceae_Albizia_julibrissin
2181,7907,Anthyllis vulneraria,common kidneyvetch,Plantae,Tracheophyta,Magnoliopsida,Fabales,Fabaceae,Anthyllis,vulneraria,07907_Plantae_Tracheophyta_Magnoliopsida_Fabales_Fabaceae_Anthyllis_vulneraria
2182,7908,Apios americana,American groundnut,Plantae,Tracheophyta,Magnoliopsida,Fabales,Fabaceae,Apios,americana,07908_Plantae_Tracheophyta_Magnoliopsida_Fabales_Fabaceae_Apios_americana
2183,7911,Astragalus cicer,Chickpea Milkvetch,Plantae,Tracheophyta,Magnoliopsida,Fabales,Fabaceae,Astragalus,cicer,07911_Plantae_Tracheophyta_Magnoliopsida_Fabales_Fabaceae_Astragalus_cicer
2184,7924,Bituminaria bituminosa,arabian pea,Plantae,Tracheophyta,Magnoliopsida,Fabales,Fabaceae,Bituminaria,bituminosa,07924_Plantae_Tracheophyta_Magnoliopsida_Fabales_Fabaceae_Bituminaria_bituminosa
2185,7941,Crotalaria spectabilis,Showy Rattlebox,Plantae,Tracheophyta,Magnoliopsida,Fabales,Fabaceae,Crotalaria,spectabilis,07941_Plantae_Tracheophyta_Magnoliopsida_Fabales_Fabaceae_Crotalaria_spectabilis
2186,7946,Dalea formosa,feather dalea,Plantae,Tracheophyta,Magnoliopsida,Fabales,Fabaceae,Dalea,formosa,07946_Plantae_Tracheophyta_Magnoliopsida_Fabales_Fabaceae_Dalea_formosa
2187,7954,Ebenopsis ebano,Texas Ebony,Plantae,Tracheophyta,Magnoliopsida,Fabales,Fabaceae,Ebenopsis,ebano,07954_Plantae_Tracheophyta_Magnoliopsida_Fabales_Fabaceae_Ebenopsis_ebano
2188,7959,Eysenhardtia texana,Texas Kidneywood,Plantae,Tracheophyta,Magnoliopsida,Fabales,Fabaceae,Eysenhardtia,texana,07959_Plantae_Tracheophyta_Magnoliopsida_Fabales_Fabaceae_Eysenhardtia_texana
2189,7965,Glycyrrhiza lepidota,wild licorice,Plantae,Tracheophyta,Magnoliopsida,Fabales,Fabaceae,Glycyrrhiza,lepidota,07965_Plantae_Tracheophyta_Magnoliopsida_Fabales_Fabaceae_Glycyrrhiza_lepidota
2190,7984,Lathyrus pratensis,meadow pea,Plantae,Tracheophyta,Magnoliopsida,Fabales,Fabaceae,Lathyrus,pratensis,07984_Plantae_Tracheophyta_Magnoliopsida_Fabales_Fabaceae_Lathyrus_pratensis
2191,7990,Lespedeza cuneata,Chinese bushclover,Plantae,Tracheophyta,Magnoliopsida,Fabales,Fabaceae,Lespedeza,cuneata,07990_Plantae_Tracheophyta_Magnoliopsida_Fabales_Fabaceae_Lespedeza_cuneata
2192,7991,Lespedeza virginica,slender bush clover,Plantae,Tracheophyta,Magnoliopsida,Fabales,Fabaceae,Lespedeza,virginica,07991_Plantae_Tracheophyta_Magnoliopsida_Fabales_Fabaceae_Lespedeza_virginica
2193,7999,Lupinus arcticus,Arctic Lupine,Plantae,Tracheophyta,Magnoliopsida,Fabales,Fabaceae,Lupinus,arcticus,07999_Plantae_Tracheophyta_Magnoliopsida_Fabales_Fabaceae_Lupinus_arcticus
2194,8007,Lupinus nanus,Sky Lupine,Plantae,Tracheophyta,Magnoliopsida,Fabales,Fabaceae,Lupinus,nanus,08007_Plantae_Tracheophyta_Magnoliopsida_Fabales_Fabaceae_Lupinus_nanus
2195,8010,Lupinus polyphyllus,Garden lupine,Plantae,Tracheophyta,Magnoliopsida,Fabales,Fabaceae,Lupinus,polyphyllus,08010_Plantae_Tracheophyta_Magnoliopsida_Fabales_Fabaceae_Lupinus_polyphyllus
2196,8014,Lupinus truncatus,collared annual lupine,Plantae,Tracheophyta,Magnoliopsida,Fabales,Fabaceae,Lupinus,truncatus,08014_Plantae_Tracheophyta_Magnoliopsida_Fabales_Fabaceae_Lupinus_truncatus
2197,8018,Medicago arabica,Spotted medick,Plantae,Tracheophyta,Magnoliopsida,Fabales,Fabaceae,Medicago,arabica,08018_Plantae_Tracheophyta_Magnoliopsida_Fabales_Fabaceae_Medicago_arabica
2198,8022,Medicago polymorpha,bur clover,Plantae,Tracheophyta,Magnoliopsida,Fabales,Fabaceae,Medicago,polymorpha,08022_Plantae_Tracheophyta_Magnoliopsida_Fabales_Fabaceae_Medicago_polymorpha
2199,8030,Mimosa quadrivalvis,Fourvalve Mimosa,Plantae,Tracheophyta,Magnoliopsida,Fabales,Fabaceae,Mimosa,quadrivalvis,08030_Plantae_Tracheophyta_Magnoliopsida_Fabales_Fabaceae_Mimosa_quadrivalvis
2200,8031,Mimosa strigillosa,sunshine mimosa,Plantae,Tracheophyta,Magnoliopsida,Fabales,Fabaceae,Mimosa,strigillosa,08031_Plantae_Tracheophyta_Magnoliopsida_Fabales_Fabaceae_Mimosa_strigillosa
2201,8042,Parkinsonia microphylla,little-leaved palo verde,Plantae,Tracheophyta,Magnoliopsida,Fabales,Fabaceae,Parkinsonia,microphylla,08042_Plantae_Tracheophyta_Magnoliopsida_Fabales_Fabaceae_Parkinsonia_microphylla
2202,8049,Prosopis laevigata,Prosopis laevigata,Plantae,Tracheophyta,Magnoliopsida,Fabales,Fabaceae,Prosopis,laevigata,08049_Plantae_Tracheophyta_Magnoliopsida_Fabales_Fabaceae_Prosopis_laevigata
2203,8074,Sesbania vesicaria,Bladder Pod,Plantae,Tracheophyta,Magnoliopsida,Fabales,Fabaceae,Sesbania,vesicaria,08074_Plantae_Tracheophyta_Magnoliopsida_Fabales_Fabaceae_Sesbania_vesicaria
2204,8085,Trifolium angustifolium,Narrow-leaved clover,Plantae,Tracheophyta,Magnoliopsida,Fabales,Fabaceae,Trifolium,angustifolium,08085_Plantae_Tracheophyta_Magnoliopsida_Fabales_Fabaceae_Trifolium_angustifolium
2205,8090,Trifolium dubium,Lesser hop trefoil,Plantae,Tracheophyta,Magnoliopsida,Fabales,Fabaceae,Trifolium,dubium,08090_Plantae_Tracheophyta_Magnoliopsida_Fabales_Fabaceae_Trifolium_dubium
2206,8098,Trifolium pratense,red clover,Plantae,Tracheophyta,Magnoliopsida,Fabales,Fabaceae,Trifolium,pratense,08098_Plantae_Tracheophyta_Magnoliopsida_Fabales_Fabaceae_Trifolium_pratense
2207,8103,Ulex europaeus,gorse,Plantae,Tracheophyta,Magnoliopsida,Fabales,Fabaceae,Ulex,europaeus,08103_Plantae_Tracheophyta_Magnoliopsida_Fabales_Fabaceae_Ulex_europaeus
2208,8109,Vachellia schaffneri,twisted acacia,Plantae,Tracheophyta,Magnoliopsida,Fabales,Fabaceae,Vachellia,schaffneri,08109_Plantae_Tracheophyta_Magnoliopsida_Fabales_Fabaceae_Vachellia_schaffneri
2209,8117,Vicia sativa,Common Vetch,Plantae,Tracheophyta,Magnoliopsida,Fabales,Fabaceae,Vicia,sativa,08117_Plantae_Tracheophyta_Magnoliopsida_Fabales_Fabaceae_Vicia_sativa
2210,8120,Vicia tetrasperma,Smooth tare,Plantae,Tracheophyta,Magnoliopsida,Fabales,Fabaceae,Vicia,tetrasperma,08120_Plantae_Tracheophyta_Magnoliopsida_Fabales_Fabaceae_Vicia_tetrasperma
2211,8135,Polygaloides chamaebuxus,shrubby milkwort,Plantae,Tracheophyta,Magnoliopsida,Fabales,Polygalaceae,Polygaloides,chamaebuxus,08135_Plantae_Tracheophyta_Magnoliopsida_Fabales_Polygalaceae_Polygaloides_chamaebuxus
2212,8145,Betula lenta,sweet birch,Plantae,Tracheophyta,Magnoliopsida,Fagales,Betulaceae,Betula,lenta,08145_Plantae_Tracheophyta_Magnoliopsida_Fagales_Betulaceae_Betula_lenta
2213,8146,Betula nana,Dwarf Birch,Plantae,Tracheophyta,Magnoliopsida,Fagales,Betulaceae,Betula,nana,08146_Plantae_Tracheophyta_Magnoliopsida_Fagales_Betulaceae_Betula_nana
2214,8147,Betula nigra,river birch,Plantae,Tracheophyta,Magnoliopsida,Fagales,Betulaceae,Betula,nigra,08147_Plantae_Tracheophyta_Magnoliopsida_Fagales_Betulaceae_Betula_nigra
2215,8154,Carpinus caroliniana,American hornbeam,Plantae,Tracheophyta,Magnoliopsida,Fagales,Betulaceae,Carpinus,caroliniana,08154_Plantae_Tracheophyta_Magnoliopsida_Fagales_Betulaceae_Carpinus_caroliniana
2216,8155,Corylus americana,American hazelnut,Plantae,Tracheophyta,Magnoliopsida,Fagales,Betulaceae,Corylus,americana,08155_Plantae_Tracheophyta_Magnoliopsida_Fagales_Betulaceae_Corylus_americana
2217,8161,Castanea sativa,Sweet Chestnut,Plantae,Tracheophyta,Magnoliopsida,Fagales,Fagaceae,Castanea,sativa,08161_Plantae_Tracheophyta_Magnoliopsida_Fagales_Fagaceae_Castanea_sativa
2218,8175,Quercus cornelius-mulleri,Muller's oak,Plantae,Tracheophyta,Magnoliopsida,Fagales,Fagaceae,Quercus,cornelius-mulleri,08175_Plantae_Tracheophyta_Magnoliopsida_Fagales_Fagaceae_Quercus_cornelius-mulleri
2219,8179,Quercus engelmannii,Engelmann oak,Plantae,Tracheophyta,Magnoliopsida,Fagales,Fagaceae,Quercus,engelmannii,08179_Plantae_Tracheophyta_Magnoliopsida_Fagales_Fagaceae_Quercus_engelmannii
2220,8185,Quercus ilex,holly oak,Plantae,Tracheophyta,Magnoliopsida,Fagales,Fagaceae,Quercus,ilex,08185_Plantae_Tracheophyta_Magnoliopsida_Fagales_Fagaceae_Quercus_ilex
2221,8191,Quercus macrocarpa,bur oak,Plantae,Tracheophyta,Magnoliopsida,Fagales,Fagaceae,Quercus,macrocarpa,08191_Plantae_Tracheophyta_Magnoliopsida_Fagales_Fagaceae_Quercus_macrocarpa
2222,8200,Quercus rotundifolia,sweet acorn oak,Plantae,Tracheophyta,Magnoliopsida,Fagales,Fagaceae,Quercus,rotundifolia,08200_Plantae_Tracheophyta_Magnoliopsida_Fagales_Fagaceae_Quercus_rotundifolia
2223,8201,Quercus rubra,northern red oak,Plantae,Tracheophyta,Magnoliopsida,Fagales,Fagaceae,Quercus,rubra,08201_Plantae_Tracheophyta_Magnoliopsida_Fagales_Fagaceae_Quercus_rubra
2224,8204,Quercus stellata,post oak,Plantae,Tracheophyta,Magnoliopsida,Fagales,Fagaceae,Quercus,stellata,08204_Plantae_Tracheophyta_Magnoliopsida_Fagales_Fagaceae_Quercus_stellata
2225,8205,Quercus suber,cork oak,Plantae,Tracheophyta,Magnoliopsida,Fagales,Fagaceae,Quercus,suber,08205_Plantae_Tracheophyta_Magnoliopsida_Fagales_Fagaceae_Quercus_suber
2226,8208,Quercus virginiana,southern live oak,Plantae,Tracheophyta,Magnoliopsida,Fagales,Fagaceae,Quercus,virginiana,08208_Plantae_Tracheophyta_Magnoliopsida_Fagales_Fagaceae_Quercus_virginiana
2227,8214,Carya tomentosa,mockernut,Plantae,Tracheophyta,Magnoliopsida,Fagales,Juglandaceae,Carya,tomentosa,08214_Plantae_Tracheophyta_Magnoliopsida_Fagales_Juglandaceae_Carya_tomentosa
2228,8215,Juglans californica,Southern California Walnut,Plantae,Tracheophyta,Magnoliopsida,Fagales,Juglandaceae,Juglans,californica,08215_Plantae_Tracheophyta_Magnoliopsida_Fagales_Juglandaceae_Juglans_californica
2229,8221,Morella cerifera,wax myrtle,Plantae,Tracheophyta,Magnoliopsida,Fagales,Myricaceae,Morella,cerifera,08221_Plantae_Tracheophyta_Magnoliopsida_Fagales_Myricaceae_Morella_cerifera
2230,8223,Myrica gale,bog myrtle,Plantae,Tracheophyta,Magnoliopsida,Fagales,Myricaceae,Myrica,gale,08223_Plantae_Tracheophyta_Magnoliopsida_Fagales_Myricaceae_Myrica_gale
2231,8225,Nothofagus menziesii,Silver beech,Plantae,Tracheophyta,Magnoliopsida,Fagales,Nothofagaceae,Nothofagus,menziesii,08225_Plantae_Tracheophyta_Magnoliopsida_Fagales_Nothofagaceae_Nothofagus_menziesii
2232,8227,Garrya lindheimeri,Lindheimer's silktassel,Plantae,Tracheophyta,Magnoliopsida,Garryales,Garryaceae,Garrya,lindheimeri,08227_Plantae_Tracheophyta_Magnoliopsida_Garryales_Garryaceae_Garrya_lindheimeri
2233,8228,Amsonia ciliata,Fringed Bluestar,Plantae,Tracheophyta,Magnoliopsida,Gentianales,Apocynaceae,Amsonia,ciliata,08228_Plantae_Tracheophyta_Magnoliopsida_Gentianales_Apocynaceae_Amsonia_ciliata
2234,8231,Apocynum cannabinum,hemp dogbane,Plantae,Tracheophyta,Magnoliopsida,Gentianales,Apocynaceae,Apocynum,cannabinum,08231_Plantae_Tracheophyta_Magnoliopsida_Gentianales_Apocynaceae_Apocynum_cannabinum
2235,8245,Asclepias incarnata,swamp milkweed,Plantae,Tracheophyta,Magnoliopsida,Gentianales,Apocynaceae,Asclepias,incarnata,08245_Plantae_Tracheophyta_Magnoliopsida_Gentianales_Apocynaceae_Asclepias_incarnata
2236,8247,Asclepias latifolia,broadleaf milkweed,Plantae,Tracheophyta,Magnoliopsida,Gentianales,Apocynaceae,Asclepias,latifolia,08247_Plantae_Tracheophyta_Magnoliopsida_Gentianales_Apocynaceae_Asclepias_latifolia
2237,8261,Asclepias viridis,green antelopehorns,Plantae,Tracheophyta,Magnoliopsida,Gentianales,Apocynaceae,Asclepias,viridis,08261_Plantae_Tracheophyta_Magnoliopsida_Gentianales_Apocynaceae_Asclepias_viridis
2238,8265,Carissa macrocarpa,Natal Plum,Plantae,Tracheophyta,Magnoliopsida,Gentianales,Apocynaceae,Carissa,macrocarpa,08265_Plantae_Tracheophyta_Magnoliopsida_Gentianales_Apocynaceae_Carissa_macrocarpa
2239,8268,Cynanchum laeve,sandvine,Plantae,Tracheophyta,Magnoliopsida,Gentianales,Apocynaceae,Cynanchum,laeve,08268_Plantae_Tracheophyta_Magnoliopsida_Gentianales_Apocynaceae_Cynanchum_laeve
2240,8270,Funastrum heterophyllum,Hartweg's climbing milkweed,Plantae,Tracheophyta,Magnoliopsida,Gentianales,Apocynaceae,Funastrum,heterophyllum,08270_Plantae_Tracheophyta_Magnoliopsida_Gentianales_Apocynaceae_Funastrum_heterophyllum
2241,8288,Blackstonia perfoliata,Yellow-wort,Plantae,Tracheophyta,Magnoliopsida,Gentianales,Gentianaceae,Blackstonia,perfoliata,08288_Plantae_Tracheophyta_Magnoliopsida_Gentianales_Gentianaceae_Blackstonia_perfoliata
2242,8295,Gentiana acaulis,trumpet gentian,Plantae,Tracheophyta,Magnoliopsida,Gentianales,Gentianaceae,Gentiana,acaulis,08295_Plantae_Tracheophyta_Magnoliopsida_Gentianales_Gentianaceae_Gentiana_acaulis
2243,8310,Gentianopsis crinita,greater fringed gentian,Plantae,Tracheophyta,Magnoliopsida,Gentianales,Gentianaceae,Gentianopsis,crinita,08310_Plantae_Tracheophyta_Magnoliopsida_Gentianales_Gentianaceae_Gentianopsis_crinita
2244,8314,Sabatia stellaris,marsh pink,Plantae,Tracheophyta,Magnoliopsida,Gentianales,Gentianaceae,Sabatia,stellaris,08314_Plantae_Tracheophyta_Magnoliopsida_Gentianales_Gentianaceae_Sabatia_stellaris
2245,8322,Coprosma acerosa,Sand Coprosma,Plantae,Tracheophyta,Magnoliopsida,Gentianales,Rubiaceae,Coprosma,acerosa,08322_Plantae_Tracheophyta_Magnoliopsida_Gentianales_Rubiaceae_Coprosma_acerosa
2246,8340,Galium circaezans,licorice bedstraw,Plantae,Tracheophyta,Magnoliopsida,Gentianales,Rubiaceae,Galium,circaezans,08340_Plantae_Tracheophyta_Magnoliopsida_Gentianales_Rubiaceae_Galium_circaezans
2247,8343,Galium palustre,Common Marsh-bedstraw,Plantae,Tracheophyta,Magnoliopsida,Gentianales,Rubiaceae,Galium,palustre,08343_Plantae_Tracheophyta_Magnoliopsida_Gentianales_Rubiaceae_Galium_palustre
2248,8352,Houstonia pusilla,tiny bluet,Plantae,Tracheophyta,Magnoliopsida,Gentianales,Rubiaceae,Houstonia,pusilla,08352_Plantae_Tracheophyta_Magnoliopsida_Gentianales_Rubiaceae_Houstonia_pusilla
2249,8361,Psychotria poeppigiana,hot lips,Plantae,Tracheophyta,Magnoliopsida,Gentianales,Rubiaceae,Psychotria,poeppigiana,08361_Plantae_Tracheophyta_Magnoliopsida_Gentianales_Rubiaceae_Psychotria_poeppigiana
2250,8375,Geranium maculatum,spotted geranium,Plantae,Tracheophyta,Magnoliopsida,Geraniales,Geraniaceae,Geranium,maculatum,08375_Plantae_Tracheophyta_Magnoliopsida_Geraniales_Geraniaceae_Geranium_maculatum
2251,8377,Geranium palustre,Marsh Crane's-bill,Plantae,Tracheophyta,Magnoliopsida,Geraniales,Geraniaceae,Geranium,palustre,08377_Plantae_Tracheophyta_Magnoliopsida_Geraniales_Geraniaceae_Geranium_palustre
2252,8380,Geranium purpureum,Little-Robin,Plantae,Tracheophyta,Magnoliopsida,Geraniales,Geraniaceae,Geranium,purpureum,08380_Plantae_Tracheophyta_Magnoliopsida_Geraniales_Geraniaceae_Geranium_purpureum
2253,8387,Geranium sylvaticum,woodland geranium,Plantae,Tracheophyta,Magnoliopsida,Geraniales,Geraniaceae,Geranium,sylvaticum,08387_Plantae_Tracheophyta_Magnoliopsida_Geraniales_Geraniaceae_Geranium_sylvaticum
2254,8391,Pelargonium triste,Cinnamon Geranium,Plantae,Tracheophyta,Magnoliopsida,Geraniales,Geraniaceae,Pelargonium,triste,08391_Plantae_Tracheophyta_Magnoliopsida_Geraniales_Geraniaceae_Pelargonium_triste
2255,8424,Agastache urticifolia,nettle-leaf giant hyssop,Plantae,Tracheophyta,Magnoliopsida,Lamiales,Lamiaceae,Agastache,urticifolia,08424_Plantae_Tracheophyta_Magnoliopsida_Lamiales_Lamiaceae_Agastache_urticifolia
2256,8429,Betonica officinalis,Common Hedge-nettle,Plantae,Tracheophyta,Magnoliopsida,Lamiales,Lamiaceae,Betonica,officinalis,08429_Plantae_Tracheophyta_Magnoliopsida_Lamiales_Lamiaceae_Betonica_officinalis
2257,8440,Galeopsis speciosa,Large-flowered Hemp-nettle,Plantae,Tracheophyta,Magnoliopsida,Lamiales,Lamiaceae,Galeopsis,speciosa,08440_Plantae_Tracheophyta_Magnoliopsida_Lamiales_Lamiaceae_Galeopsis_speciosa
2258,8448,Lamium maculatum,Spotted deadnettle,Plantae,Tracheophyta,Magnoliopsida,Lamiales,Lamiaceae,Lamium,maculatum,08448_Plantae_Tracheophyta_Magnoliopsida_Lamiales_Lamiaceae_Lamium_maculatum
2259,8453,Leonurus cardiaca,common motherwort,Plantae,Tracheophyta,Magnoliopsida,Lamiales,Lamiaceae,Leonurus,cardiaca,08453_Plantae_Tracheophyta_Magnoliopsida_Lamiales_Lamiaceae_Leonurus_cardiaca
2260,8454,Leonurus quinquelobatus,Leonurus quinquelobatus,Plantae,Tracheophyta,Magnoliopsida,Lamiales,Lamiaceae,Leonurus,quinquelobatus,08454_Plantae_Tracheophyta_Magnoliopsida_Lamiales_Lamiaceae_Leonurus_quinquelobatus
2261,8473,Monardella villosa,Coyote Mint,Plantae,Tracheophyta,Magnoliopsida,Lamiales,Lamiaceae,Monardella,villosa,08473_Plantae_Tracheophyta_Magnoliopsida_Lamiales_Lamiaceae_Monardella_villosa
2262,8474,Nepeta cataria,Catnip,Plantae,Tracheophyta,Magnoliopsida,Lamiales,Lamiaceae,Nepeta,cataria,08474_Plantae_Tracheophyta_Magnoliopsida_Lamiales_Lamiaceae_Nepeta_cataria
2263,8485,Salvia coccinea,Tropical sage,Plantae,Tracheophyta,Magnoliopsida,Lamiales,Lamiaceae,Salvia,coccinea,08485_Plantae_Tracheophyta_Magnoliopsida_Lamiales_Lamiaceae_Salvia_coccinea
2264,8490,Salvia leucophylla,purple sage,Plantae,Tracheophyta,Magnoliopsida,Lamiales,Lamiaceae,Salvia,leucophylla,08490_Plantae_Tracheophyta_Magnoliopsida_Lamiales_Lamiaceae_Salvia_leucophylla
2265,8493,Salvia microphylla,Baby Sage,Plantae,Tracheophyta,Magnoliopsida,Lamiales,Lamiaceae,Salvia,microphylla,08493_Plantae_Tracheophyta_Magnoliopsida_Lamiales_Lamiaceae_Salvia_microphylla
2266,8495,Salvia roemeriana,cedar sage,Plantae,Tracheophyta,Magnoliopsida,Lamiales,Lamiaceae,Salvia,roemeriana,08495_Plantae_Tracheophyta_Magnoliopsida_Lamiales_Lamiaceae_Salvia_roemeriana
2267,8505,Scutellaria parvula,small skullcap,Plantae,Tracheophyta,Magnoliopsida,Lamiales,Lamiaceae,Scutellaria,parvula,08505_Plantae_Tracheophyta_Magnoliopsida_Lamiales_Lamiaceae_Scutellaria_parvula
2268,8509,Stachys chamissonis,Coastal Hedge-nettle,Plantae,Tracheophyta,Magnoliopsida,Lamiales,Lamiaceae,Stachys,chamissonis,08509_Plantae_Tracheophyta_Magnoliopsida_Lamiales_Lamiaceae_Stachys_chamissonis
2269,8513,Stachys recta,Perennial Yellow-woundwort,Plantae,Tracheophyta,Magnoliopsida,Lamiales,Lamiaceae,Stachys,recta,08513_Plantae_Tracheophyta_Magnoliopsida_Lamiales_Lamiaceae_Stachys_recta
2270,8517,Teucrium cubense,coastal germander,Plantae,Tracheophyta,Magnoliopsida,Lamiales,Lamiaceae,Teucrium,cubense,08517_Plantae_Tracheophyta_Magnoliopsida_Lamiales_Lamiaceae_Teucrium_cubense
2271,8530,Pinguicula alpina,Alpine Butterwort,Plantae,Tracheophyta,Magnoliopsida,Lamiales,Lentibulariaceae,Pinguicula,alpina,08530_Plantae_Tracheophyta_Magnoliopsida_Lamiales_Lentibulariaceae_Pinguicula_alpina
2272,8546,Fraxinus americana,white ash,Plantae,Tracheophyta,Magnoliopsida,Lamiales,Oleaceae,Fraxinus,americana,08546_Plantae_Tracheophyta_Magnoliopsida_Lamiales_Oleaceae_Fraxinus_americana
2273,8560,Agalinis tenuifolia,slender false foxglove,Plantae,Tracheophyta,Magnoliopsida,Lamiales,Orobanchaceae,Agalinis,tenuifolia,08560_Plantae_Tracheophyta_Magnoliopsida_Lamiales_Orobanchaceae_Agalinis_tenuifolia
2274,8561,Aphyllon fasciculatum,clustered broomrape,Plantae,Tracheophyta,Magnoliopsida,Lamiales,Orobanchaceae,Aphyllon,fasciculatum,08561_Plantae_Tracheophyta_Magnoliopsida_Lamiales_Orobanchaceae_Aphyllon_fasciculatum
2275,8566,Bellardia viscosa,Yellow Glandweed,Plantae,Tracheophyta,Magnoliopsida,Lamiales,Orobanchaceae,Bellardia,viscosa,08566_Plantae_Tracheophyta_Magnoliopsida_Lamiales_Orobanchaceae_Bellardia_viscosa
2276,8573,Castilleja densiflora,Denseflower Indian Paintbrush,Plantae,Tracheophyta,Magnoliopsida,Lamiales,Orobanchaceae,Castilleja,densiflora,08573_Plantae_Tracheophyta_Magnoliopsida_Lamiales_Orobanchaceae_Castilleja_densiflora
2277,8577,Castilleja indivisa,Texas Paintbrush,Plantae,Tracheophyta,Magnoliopsida,Lamiales,Orobanchaceae,Castilleja,indivisa,08577_Plantae_Tracheophyta_Magnoliopsida_Lamiales_Orobanchaceae_Castilleja_indivisa
2278,8590,Conopholis americana,bear corn,Plantae,Tracheophyta,Magnoliopsida,Lamiales,Orobanchaceae,Conopholis,americana,08590_Plantae_Tracheophyta_Magnoliopsida_Lamiales_Orobanchaceae_Conopholis_americana
2279,8608,Pedicularis labradorica,Labrador Lousewort,Plantae,Tracheophyta,Magnoliopsida,Lamiales,Orobanchaceae,Pedicularis,labradorica,08608_Plantae_Tracheophyta_Magnoliopsida_Lamiales_Orobanchaceae_Pedicularis_labradorica
2280,8619,Paulownia tomentosa,princess tree,Plantae,Tracheophyta,Magnoliopsida,Lamiales,Paulowniaceae,Paulownia,tomentosa,08619_Plantae_Tracheophyta_Magnoliopsida_Lamiales_Paulowniaceae_Paulownia_tomentosa
2281,8627,Erythranthe guttata,seep monkeyflower,Plantae,Tracheophyta,Magnoliopsida,Lamiales,Phrymaceae,Erythranthe,guttata,08627_Plantae_Tracheophyta_Magnoliopsida_Lamiales_Phrymaceae_Erythranthe_guttata
2282,8643,Digitalis purpurea,purple foxglove,Plantae,Tracheophyta,Magnoliopsida,Lamiales,Plantaginaceae,Digitalis,purpurea,08643_Plantae_Tracheophyta_Magnoliopsida_Lamiales_Plantaginaceae_Digitalis_purpurea
2283,8645,Keckiella antirrhinoides,chaparral beardtongue,Plantae,Tracheophyta,Magnoliopsida,Lamiales,Plantaginaceae,Keckiella,antirrhinoides,08645_Plantae_Tracheophyta_Magnoliopsida_Lamiales_Plantaginaceae_Keckiella_antirrhinoides
2284,8647,Keckiella ternata,Scarlet Keckiella,Plantae,Tracheophyta,Magnoliopsida,Lamiales,Plantaginaceae,Keckiella,ternata,08647_Plantae_Tracheophyta_Magnoliopsida_Lamiales_Plantaginaceae_Keckiella_ternata
2285,8653,Maurandya antirrhiniflora,snapdragon vine,Plantae,Tracheophyta,Magnoliopsida,Lamiales,Plantaginaceae,Maurandya,antirrhiniflora,08653_Plantae_Tracheophyta_Magnoliopsida_Lamiales_Plantaginaceae_Maurandya_antirrhiniflora
2286,8658,Penstemon barbatus,beardlip penstemon,Plantae,Tracheophyta,Magnoliopsida,Lamiales,Plantaginaceae,Penstemon,barbatus,08658_Plantae_Tracheophyta_Magnoliopsida_Lamiales_Plantaginaceae_Penstemon_barbatus
2287,8663,Penstemon eatonii,firecracker penstemon,Plantae,Tracheophyta,Magnoliopsida,Lamiales,Plantaginaceae,Penstemon,eatonii,08663_Plantae_Tracheophyta_Magnoliopsida_Lamiales_Plantaginaceae_Penstemon_eatonii
2288,8665,Penstemon heterophyllus,Bunchleaf Penstemon,Plantae,Tracheophyta,Magnoliopsida,Lamiales,Plantaginaceae,Penstemon,heterophyllus,08665_Plantae_Tracheophyta_Magnoliopsida_Lamiales_Plantaginaceae_Penstemon_heterophyllus
2289,8678,Plantago maritima,Sea Plantain,Plantae,Tracheophyta,Magnoliopsida,Lamiales,Plantaginaceae,Plantago,maritima,08678_Plantae_Tracheophyta_Magnoliopsida_Lamiales_Plantaginaceae_Plantago_maritima
2290,8682,Plantago rugelii,American plantain,Plantae,Tracheophyta,Magnoliopsida,Lamiales,Plantaginaceae,Plantago,rugelii,08682_Plantae_Tracheophyta_Magnoliopsida_Lamiales_Plantaginaceae_Plantago_rugelii
2291,8688,Veronica anagallis-aquatica,blue water-speedwell,Plantae,Tracheophyta,Magnoliopsida,Lamiales,Plantaginaceae,Veronica,anagallis-aquatica,08688_Plantae_Tracheophyta_Magnoliopsida_Lamiales_Plantaginaceae_Veronica_anagallis-aquatica
2292,8694,Veronica hederifolia,Ivy-leaved Speedwell,Plantae,Tracheophyta,Magnoliopsida,Lamiales,Plantaginaceae,Veronica,hederifolia,08694_Plantae_Tracheophyta_Magnoliopsida_Lamiales_Plantaginaceae_Veronica_hederifolia
2293,8699,Veronica polita,Grey Field-speedwell,Plantae,Tracheophyta,Magnoliopsida,Lamiales,Plantaginaceae,Veronica,polita,08699_Plantae_Tracheophyta_Magnoliopsida_Lamiales_Plantaginaceae_Veronica_polita
2294,8700,Veronica salicifolia,koromiko,Plantae,Tracheophyta,Magnoliopsida,Lamiales,Plantaginaceae,Veronica,salicifolia,08700_Plantae_Tracheophyta_Magnoliopsida_Lamiales_Plantaginaceae_Veronica_salicifolia
2295,8705,Veronica teucrium,Broadleaf Speedwell,Plantae,Tracheophyta,Magnoliopsida,Lamiales,Plantaginaceae,Veronica,teucrium,08705_Plantae_Tracheophyta_Magnoliopsida_Lamiales_Plantaginaceae_Veronica_teucrium
2296,8706,Veronica wormskjoldii,American alpine speedwell,Plantae,Tracheophyta,Magnoliopsida,Lamiales,Plantaginaceae,Veronica,wormskjoldii,08706_Plantae_Tracheophyta_Magnoliopsida_Lamiales_Plantaginaceae_Veronica_wormskjoldii
2297,8710,Leucophyllum frutescens,Texas barometer bush,Plantae,Tracheophyta,Magnoliopsida,Lamiales,Scrophulariaceae,Leucophyllum,frutescens,08710_Plantae_Tracheophyta_Magnoliopsida_Lamiales_Scrophulariaceae_Leucophyllum_frutescens
2298,8714,Scrophularia nodosa,Common Figwort,Plantae,Tracheophyta,Magnoliopsida,Lamiales,Scrophulariaceae,Scrophularia,nodosa,08714_Plantae_Tracheophyta_Magnoliopsida_Lamiales_Scrophulariaceae_Scrophularia_nodosa
2299,8720,Halleria lucida,African honeysuckle,Plantae,Tracheophyta,Magnoliopsida,Lamiales,Stilbaceae,Halleria,lucida,08720_Plantae_Tracheophyta_Magnoliopsida_Lamiales_Stilbaceae_Halleria_lucida
2300,8721,Polypremum procumbens,Rust Weed,Plantae,Tracheophyta,Magnoliopsida,Lamiales,Tetrachondraceae,Polypremum,procumbens,08721_Plantae_Tracheophyta_Magnoliopsida_Lamiales_Tetrachondraceae_Polypremum_procumbens
2301,8722,Aloysia gratissima,Whitebrush,Plantae,Tracheophyta,Magnoliopsida,Lamiales,Verbenaceae,Aloysia,gratissima,08722_Plantae_Tracheophyta_Magnoliopsida_Lamiales_Verbenaceae_Aloysia_gratissima
2302,8730,Phyla lanceolata,lanceleaf fogfruit,Plantae,Tracheophyta,Magnoliopsida,Lamiales,Verbenaceae,Phyla,lanceolata,08730_Plantae_Tracheophyta_Magnoliopsida_Lamiales_Verbenaceae_Phyla_lanceolata
2303,8734,Verbena bracteata,prostrate vervain,Plantae,Tracheophyta,Magnoliopsida,Lamiales,Verbenaceae,Verbena,bracteata,08734_Plantae_Tracheophyta_Magnoliopsida_Lamiales_Verbenaceae_Verbena_bracteata
2304,8740,Verbena officinalis,Common vervain,Plantae,Tracheophyta,Magnoliopsida,Lamiales,Verbenaceae,Verbena,officinalis,08740_Plantae_Tracheophyta_Magnoliopsida_Lamiales_Verbenaceae_Verbena_officinalis
2305,8742,Verbena stricta,hoary vervain,Plantae,Tracheophyta,Magnoliopsida,Lamiales,Verbenaceae,Verbena,stricta,08742_Plantae_Tracheophyta_Magnoliopsida_Lamiales_Verbenaceae_Verbena_stricta
2306,8749,Cinnamomum camphora,Camphor Tree,Plantae,Tracheophyta,Magnoliopsida,Laurales,Lauraceae,Cinnamomum,camphora,08749_Plantae_Tracheophyta_Magnoliopsida_Laurales_Lauraceae_Cinnamomum_camphora
2307,8750,Laurus nobilis,Bay laurel,Plantae,Tracheophyta,Magnoliopsida,Laurales,Lauraceae,Laurus,nobilis,08750_Plantae_Tracheophyta_Magnoliopsida_Laurales_Lauraceae_Laurus_nobilis
2308,8755,Hedycarya arborea,Pigeonwood,Plantae,Tracheophyta,Magnoliopsida,Laurales,Monimiaceae,Hedycarya,arborea,08755_Plantae_Tracheophyta_Magnoliopsida_Laurales_Monimiaceae_Hedycarya_arborea
2309,8772,Croton fruticulosus,Bush croton,Plantae,Tracheophyta,Magnoliopsida,Malpighiales,Euphorbiaceae,Croton,fruticulosus,08772_Plantae_Tracheophyta_Magnoliopsida_Malpighiales_Euphorbiaceae_Croton_fruticulosus
2310,8775,Croton monanthogynus,Prairie Tea,Plantae,Tracheophyta,Magnoliopsida,Malpighiales,Euphorbiaceae,Croton,monanthogynus,08775_Plantae_Tracheophyta_Magnoliopsida_Malpighiales_Euphorbiaceae_Croton_monanthogynus
2311,8785,Euphorbia corollata,flowering spurge,Plantae,Tracheophyta,Magnoliopsida,Malpighiales,Euphorbiaceae,Euphorbia,corollata,08785_Plantae_Tracheophyta_Magnoliopsida_Malpighiales_Euphorbiaceae_Euphorbia_corollata
2312,8789,Euphorbia fendleri,Fendler's sandmat,Plantae,Tracheophyta,Magnoliopsida,Malpighiales,Euphorbiaceae,Euphorbia,fendleri,08789_Plantae_Tracheophyta_Magnoliopsida_Malpighiales_Euphorbiaceae_Euphorbia_fendleri
2313,8791,Euphorbia heterophylla,painted spurge,Plantae,Tracheophyta,Magnoliopsida,Malpighiales,Euphorbiaceae,Euphorbia,heterophylla,08791_Plantae_Tracheophyta_Magnoliopsida_Malpighiales_Euphorbiaceae_Euphorbia_heterophylla
2314,8802,Euphorbia nutans,nodding spurge,Plantae,Tracheophyta,Magnoliopsida,Malpighiales,Euphorbiaceae,Euphorbia,nutans,08802_Plantae_Tracheophyta_Magnoliopsida_Malpighiales_Euphorbiaceae_Euphorbia_nutans
2315,8812,Euphorbia terracina,Geraldton Carnation Weed,Plantae,Tracheophyta,Magnoliopsida,Malpighiales,Euphorbiaceae,Euphorbia,terracina,08812_Plantae_Tracheophyta_Magnoliopsida_Malpighiales_Euphorbiaceae_Euphorbia_terracina
2316,8823,Stillingia texana,Texas Stillingia,Plantae,Tracheophyta,Magnoliopsida,Malpighiales,Euphorbiaceae,Stillingia,texana,08823_Plantae_Tracheophyta_Magnoliopsida_Malpighiales_Euphorbiaceae_Stillingia_texana
2317,8825,Hypericum androsaemum,Bible-leaf,Plantae,Tracheophyta,Magnoliopsida,Malpighiales,Hypericaceae,Hypericum,androsaemum,08825_Plantae_Tracheophyta_Magnoliopsida_Malpighiales_Hypericaceae_Hypericum_androsaemum
2318,8827,Hypericum calycinum,Aaron's Beard,Plantae,Tracheophyta,Magnoliopsida,Malpighiales,Hypericaceae,Hypericum,calycinum,08827_Plantae_Tracheophyta_Magnoliopsida_Malpighiales_Hypericaceae_Hypericum_calycinum
2319,8828,Hypericum fraseri,Fraser's marsh St. John's-wort,Plantae,Tracheophyta,Magnoliopsida,Malpighiales,Hypericaceae,Hypericum,fraseri,08828_Plantae_Tracheophyta_Magnoliopsida_Malpighiales_Hypericaceae_Hypericum_fraseri
2320,8832,Hypericum maculatum,Imperforate St John's-wort,Plantae,Tracheophyta,Magnoliopsida,Malpighiales,Hypericaceae,Hypericum,maculatum,08832_Plantae_Tracheophyta_Magnoliopsida_Malpighiales_Hypericaceae_Hypericum_maculatum
2321,8833,Hypericum mutilum,Dwarf St. John's Wort,Plantae,Tracheophyta,Magnoliopsida,Malpighiales,Hypericaceae,Hypericum,mutilum,08833_Plantae_Tracheophyta_Magnoliopsida_Malpighiales_Hypericaceae_Hypericum_mutilum
2322,8837,Linum bienne,Pale flax,Plantae,Tracheophyta,Magnoliopsida,Malpighiales,Linaceae,Linum,bienne,08837_Plantae_Tracheophyta_Magnoliopsida_Malpighiales_Linaceae_Linum_bienne
2323,8839,Linum pratense,Meadow Flax,Plantae,Tracheophyta,Magnoliopsida,Malpighiales,Linaceae,Linum,pratense,08839_Plantae_Tracheophyta_Magnoliopsida_Malpighiales_Linaceae_Linum_pratense
2324,8844,Passiflora foetida,stinking passionflower,Plantae,Tracheophyta,Magnoliopsida,Malpighiales,Passifloraceae,Passiflora,foetida,08844_Plantae_Tracheophyta_Magnoliopsida_Malpighiales_Passifloraceae_Passiflora_foetida
2325,8871,Salix eriocephala,yellow willow,Plantae,Tracheophyta,Magnoliopsida,Malpighiales,Salicaceae,Salix,eriocephala,08871_Plantae_Tracheophyta_Magnoliopsida_Malpighiales_Salicaceae_Salix_eriocephala
2326,8885,Viola arvensis,European field pansy,Plantae,Tracheophyta,Magnoliopsida,Malpighiales,Violaceae,Viola,arvensis,08885_Plantae_Tracheophyta_Magnoliopsida_Malpighiales_Violaceae_Viola_arvensis
2327,8893,Viola hirta,Hairy Violet,Plantae,Tracheophyta,Magnoliopsida,Malpighiales,Violaceae,Viola,hirta,08893_Plantae_Tracheophyta_Magnoliopsida_Malpighiales_Violaceae_Viola_hirta
2328,8898,Viola mirabilis,Miracle Violet,Plantae,Tracheophyta,Magnoliopsida,Malpighiales,Violaceae,Viola,mirabilis,08898_Plantae_Tracheophyta_Magnoliopsida_Malpighiales_Violaceae_Viola_mirabilis
2329,8901,Viola odorata,Sweet violet,Plantae,Tracheophyta,Magnoliopsida,Malpighiales,Violaceae,Viola,odorata,08901_Plantae_Tracheophyta_Magnoliopsida_Malpighiales_Violaceae_Viola_odorata
2330,8902,Viola palmata,early blue violet,Plantae,Tracheophyta,Magnoliopsida,Malpighiales,Violaceae,Viola,palmata,08902_Plantae_Tracheophyta_Magnoliopsida_Malpighiales_Violaceae_Viola_palmata
2331,8906,Viola primulifolia,primrose-leaved violet,Plantae,Tracheophyta,Magnoliopsida,Malpighiales,Violaceae,Viola,primulifolia,08906_Plantae_Tracheophyta_Magnoliopsida_Malpighiales_Violaceae_Viola_primulifolia
2332,8918,Bixa orellana,Lipsticktree,Plantae,Tracheophyta,Magnoliopsida,Malvales,Bixaceae,Bixa,orellana,08918_Plantae_Tracheophyta_Magnoliopsida_Malvales_Bixaceae_Bixa_orellana
2333,8926,Crocanthemum scoparium,peak rushrose,Plantae,Tracheophyta,Magnoliopsida,Malvales,Cistaceae,Crocanthemum,scoparium,08926_Plantae_Tracheophyta_Magnoliopsida_Malvales_Cistaceae_Crocanthemum_scoparium
2334,8938,Entelea arborescens,Whau,Plantae,Tracheophyta,Magnoliopsida,Malvales,Malvaceae,Entelea,arborescens,08938_Plantae_Tracheophyta_Magnoliopsida_Malvales_Malvaceae_Entelea_arborescens
2335,8941,Gossypium hirsutum,Upland Cotton,Plantae,Tracheophyta,Magnoliopsida,Malvales,Malvaceae,Gossypium,hirsutum,08941_Plantae_Tracheophyta_Magnoliopsida_Malvales_Malvaceae_Gossypium_hirsutum
2336,8948,Hibiscus syriacus,rose of Sharon,Plantae,Tracheophyta,Magnoliopsida,Malvales,Malvaceae,Hibiscus,syriacus,08948_Plantae_Tracheophyta_Magnoliopsida_Malvales_Malvaceae_Hibiscus_syriacus
2337,8955,Malva arborea,Tree Mallow,Plantae,Tracheophyta,Magnoliopsida,Malvales,Malvaceae,Malva,arborea,08955_Plantae_Tracheophyta_Magnoliopsida_Malvales_Malvaceae_Malva_arborea
2338,8958,Malva neglecta,common mallow,Plantae,Tracheophyta,Magnoliopsida,Malvales,Malvaceae,Malva,neglecta,08958_Plantae_Tracheophyta_Magnoliopsida_Malvales_Malvaceae_Malva_neglecta
2339,8965,Melochia pyramidata,Pyramid Flower,Plantae,Tracheophyta,Magnoliopsida,Malvales,Malvaceae,Melochia,pyramidata,08965_Plantae_Tracheophyta_Magnoliopsida_Malvales_Malvaceae_Melochia_pyramidata
2340,8967,Modiola caroliniana,Modiola,Plantae,Tracheophyta,Magnoliopsida,Malvales,Malvaceae,Modiola,caroliniana,08967_Plantae_Tracheophyta_Magnoliopsida_Malvales_Malvaceae_Modiola_caroliniana
2341,8988,Daphne gnidium,Spurge Flax,Plantae,Tracheophyta,Magnoliopsida,Malvales,Thymelaeaceae,Daphne,gnidium,08988_Plantae_Tracheophyta_Magnoliopsida_Malvales_Thymelaeaceae_Daphne_gnidium
2342,8991,Dirca palustris,eastern leatherwood,Plantae,Tracheophyta,Magnoliopsida,Malvales,Thymelaeaceae,Dirca,palustris,08991_Plantae_Tracheophyta_Magnoliopsida_Malvales_Thymelaeaceae_Dirca_palustris
2343,9010,Eucalyptus camaldulensis,river redgum,Plantae,Tracheophyta,Magnoliopsida,Myrtales,Myrtaceae,Eucalyptus,camaldulensis,09010_Plantae_Tracheophyta_Magnoliopsida_Myrtales_Myrtaceae_Eucalyptus_camaldulensis
2344,9015,Metrosideros diffusa,white climbing rata,Plantae,Tracheophyta,Magnoliopsida,Myrtales,Myrtaceae,Metrosideros,diffusa,09015_Plantae_Tracheophyta_Magnoliopsida_Myrtales_Myrtaceae_Metrosideros_diffusa
2345,9017,Metrosideros fulgens,Scarlet rātā vine,Plantae,Tracheophyta,Magnoliopsida,Myrtales,Myrtaceae,Metrosideros,fulgens,09017_Plantae_Tracheophyta_Magnoliopsida_Myrtales_Myrtaceae_Metrosideros_fulgens
2346,9031,Circaea alpina,Alpine Enchanter's-nightshade,Plantae,Tracheophyta,Magnoliopsida,Myrtales,Onagraceae,Circaea,alpina,09031_Plantae_Tracheophyta_Magnoliopsida_Myrtales_Onagraceae_Circaea_alpina
2347,9041,Epilobium canum,California fuchsia,Plantae,Tracheophyta,Magnoliopsida,Myrtales,Onagraceae,Epilobium,canum,09041_Plantae_Tracheophyta_Magnoliopsida_Myrtales_Onagraceae_Epilobium_canum
2348,9071,Oenothera speciosa,Pinkladies,Plantae,Tracheophyta,Magnoliopsida,Myrtales,Onagraceae,Oenothera,speciosa,09071_Plantae_Tracheophyta_Magnoliopsida_Myrtales_Onagraceae_Oenothera_speciosa
2349,9084,Nymphaea candida,Nymphaea candida,Plantae,Tracheophyta,Magnoliopsida,Nymphaeales,Nymphaeaceae,Nymphaea,candida,09084_Plantae_Tracheophyta_Magnoliopsida_Nymphaeales_Nymphaeaceae_Nymphaea_candida
2350,9087,Bauera rubioides,River Rose,Plantae,Tracheophyta,Magnoliopsida,Oxalidales,Cunoniaceae,Bauera,rubioides,09087_Plantae_Tracheophyta_Magnoliopsida_Oxalidales_Cunoniaceae_Bauera_rubioides
2351,9095,Oxalis dillenii,Sussex yellow-sorrel,Plantae,Tracheophyta,Magnoliopsida,Oxalidales,Oxalidaceae,Oxalis,dillenii,09095_Plantae_Tracheophyta_Magnoliopsida_Oxalidales_Oxalidaceae_Oxalis_dillenii
2352,9108,Aristolochia californica,California Dutchman's Pipe,Plantae,Tracheophyta,Magnoliopsida,Piperales,Aristolochiaceae,Aristolochia,californica,09108_Plantae_Tracheophyta_Magnoliopsida_Piperales_Aristolochiaceae_Aristolochia_californica
2353,9111,Asarum caudatum,Western Wild Ginger,Plantae,Tracheophyta,Magnoliopsida,Piperales,Aristolochiaceae,Asarum,caudatum,09111_Plantae_Tracheophyta_Magnoliopsida_Piperales_Aristolochiaceae_Asarum_caudatum
2354,9115,Piper excelsum,Kawakawa,Plantae,Tracheophyta,Magnoliopsida,Piperales,Piperaceae,Piper,excelsum,09115_Plantae_Tracheophyta_Magnoliopsida_Piperales_Piperaceae_Piper_excelsum
2355,9132,Leucospermum cuneiforme,Wart-Stemmed Pincushion,Plantae,Tracheophyta,Magnoliopsida,Proteales,Proteaceae,Leucospermum,cuneiforme,09132_Plantae_Tracheophyta_Magnoliopsida_Proteales_Proteaceae_Leucospermum_cuneiforme
2356,9139,Protea repens,Common Sugarbush,Plantae,Tracheophyta,Magnoliopsida,Proteales,Proteaceae,Protea,repens,09139_Plantae_Tracheophyta_Magnoliopsida_Proteales_Proteaceae_Protea_repens
2357,9140,Serruria fasciflora,Common Pin Spiderhead,Plantae,Tracheophyta,Magnoliopsida,Proteales,Proteaceae,Serruria,fasciflora,09140_Plantae_Tracheophyta_Magnoliopsida_Proteales_Proteaceae_Serruria_fasciflora
2358,9145,Berberis nervosa,Cascade Oregon-grape,Plantae,Tracheophyta,Magnoliopsida,Ranunculales,Berberidaceae,Berberis,nervosa,09145_Plantae_Tracheophyta_Magnoliopsida_Ranunculales_Berberidaceae_Berberis_nervosa
2359,9154,Podophyllum peltatum,mayapple,Plantae,Tracheophyta,Magnoliopsida,Ranunculales,Berberidaceae,Podophyllum,peltatum,09154_Plantae_Tracheophyta_Magnoliopsida_Ranunculales_Berberidaceae_Podophyllum_peltatum
2360,9157,Menispermum canadense,moonseed,Plantae,Tracheophyta,Magnoliopsida,Ranunculales,Menispermaceae,Menispermum,canadense,09157_Plantae_Tracheophyta_Magnoliopsida_Ranunculales_Menispermaceae_Menispermum_canadense
2361,9159,Argemone mexicana,Mexican prickly poppy,Plantae,Tracheophyta,Magnoliopsida,Ranunculales,Papaveraceae,Argemone,mexicana,09159_Plantae_Tracheophyta_Magnoliopsida_Ranunculales_Papaveraceae_Argemone_mexicana
2362,9164,Chelidonium majus,Greater celandine,Plantae,Tracheophyta,Magnoliopsida,Ranunculales,Papaveraceae,Chelidonium,majus,09164_Plantae_Tracheophyta_Magnoliopsida_Ranunculales_Papaveraceae_Chelidonium_majus
2363,9166,Corydalis cava,Hollowroot,Plantae,Tracheophyta,Magnoliopsida,Ranunculales,Papaveraceae,Corydalis,cava,09166_Plantae_Tracheophyta_Magnoliopsida_Ranunculales_Papaveraceae_Corydalis_cava
2364,9169,Dendromecon rigida,Bush Poppy,Plantae,Tracheophyta,Magnoliopsida,Ranunculales,Papaveraceae,Dendromecon,rigida,09169_Plantae_Tracheophyta_Magnoliopsida_Ranunculales_Papaveraceae_Dendromecon_rigida
2365,9170,Dicentra canadensis,squirrel corn,Plantae,Tracheophyta,Magnoliopsida,Ranunculales,Papaveraceae,Dicentra,canadensis,09170_Plantae_Tracheophyta_Magnoliopsida_Ranunculales_Papaveraceae_Dicentra_canadensis
2366,9178,Fumaria capreolata,white ramping-fumitory,Plantae,Tracheophyta,Magnoliopsida,Ranunculales,Papaveraceae,Fumaria,capreolata,09178_Plantae_Tracheophyta_Magnoliopsida_Ranunculales_Papaveraceae_Fumaria_capreolata
2367,9208,Anemone multifida,Cutleaf Anemone,Plantae,Tracheophyta,Magnoliopsida,Ranunculales,Ranunculaceae,Anemone,multifida,09208_Plantae_Tracheophyta_Magnoliopsida_Ranunculales_Ranunculaceae_Anemone_multifida
2368,9216,Aquilegia canadensis,red columbine,Plantae,Tracheophyta,Magnoliopsida,Ranunculales,Ranunculaceae,Aquilegia,canadensis,09216_Plantae_Tracheophyta_Magnoliopsida_Ranunculales_Ranunculaceae_Aquilegia_canadensis
2369,9219,Aquilegia flavescens,yellow columbine,Plantae,Tracheophyta,Magnoliopsida,Ranunculales,Ranunculaceae,Aquilegia,flavescens,09219_Plantae_Tracheophyta_Magnoliopsida_Ranunculales_Ranunculaceae_Aquilegia_flavescens
2370,9220,Aquilegia formosa,western columbine,Plantae,Tracheophyta,Magnoliopsida,Ranunculales,Ranunculaceae,Aquilegia,formosa,09220_Plantae_Tracheophyta_Magnoliopsida_Ranunculales_Ranunculaceae_Aquilegia_formosa
2371,9224,Ceratocephala testiculata,Curveseed Butterwort,Plantae,Tracheophyta,Magnoliopsida,Ranunculales,Ranunculaceae,Ceratocephala,testiculata,09224_Plantae_Tracheophyta_Magnoliopsida_Ranunculales_Ranunculaceae_Ceratocephala_testiculata
2372,9232,Clematis pitcheri,Pitcher's leatherflower,Plantae,Tracheophyta,Magnoliopsida,Ranunculales,Ranunculaceae,Clematis,pitcheri,09232_Plantae_Tracheophyta_Magnoliopsida_Ranunculales_Ranunculaceae_Clematis_pitcheri
2373,9245,Delphinium tricorne,dwarf larkspur,Plantae,Tracheophyta,Magnoliopsida,Ranunculales,Ranunculaceae,Delphinium,tricorne,09245_Plantae_Tracheophyta_Magnoliopsida_Ranunculales_Ranunculaceae_Delphinium_tricorne
2374,9253,Hydrastis canadensis,Goldenseal,Plantae,Tracheophyta,Magnoliopsida,Ranunculales,Ranunculaceae,Hydrastis,canadensis,09253_Plantae_Tracheophyta_Magnoliopsida_Ranunculales_Ranunculaceae_Hydrastis_canadensis
2375,9266,Ranunculus fascicularis,Early Buttercup,Plantae,Tracheophyta,Magnoliopsida,Ranunculales,Ranunculaceae,Ranunculus,fascicularis,09266_Plantae_Tracheophyta_Magnoliopsida_Ranunculales_Ranunculaceae_Ranunculus_fascicularis
2376,9267,Ranunculus flammula,Lesser Spearwort,Plantae,Tracheophyta,Magnoliopsida,Ranunculales,Ranunculaceae,Ranunculus,flammula,09267_Plantae_Tracheophyta_Magnoliopsida_Ranunculales_Ranunculaceae_Ranunculus_flammula
2377,9268,Ranunculus glaberrimus,sagebrush buttercup,Plantae,Tracheophyta,Magnoliopsida,Ranunculales,Ranunculaceae,Ranunculus,glaberrimus,09268_Plantae_Tracheophyta_Magnoliopsida_Ranunculales_Ranunculaceae_Ranunculus_glaberrimus
2378,9271,Ranunculus occidentalis,Western Buttercup,Plantae,Tracheophyta,Magnoliopsida,Ranunculales,Ranunculaceae,Ranunculus,occidentalis,09271_Plantae_Tracheophyta_Magnoliopsida_Ranunculales_Ranunculaceae_Ranunculus_occidentalis
2379,9272,Ranunculus polyanthemos,Multi-flowered Buttercup,Plantae,Tracheophyta,Magnoliopsida,Ranunculales,Ranunculaceae,Ranunculus,polyanthemos,09272_Plantae_Tracheophyta_Magnoliopsida_Ranunculales_Ranunculaceae_Ranunculus_polyanthemos
2380,9278,Thalictrum dioicum,early meadow-rue,Plantae,Tracheophyta,Magnoliopsida,Ranunculales,Ranunculaceae,Thalictrum,dioicum,09278_Plantae_Tracheophyta_Magnoliopsida_Ranunculales_Ranunculaceae_Thalictrum_dioicum
2381,9283,Thalictrum thalictroides,rue-anemone,Plantae,Tracheophyta,Magnoliopsida,Ranunculales,Ranunculaceae,Thalictrum,thalictroides,09283_Plantae_Tracheophyta_Magnoliopsida_Ranunculales_Ranunculaceae_Thalictrum_thalictroides
2382,9284,Trollius asiaticus,Trollius asiaticus,Plantae,Tracheophyta,Magnoliopsida,Ranunculales,Ranunculaceae,Trollius,asiaticus,09284_Plantae_Tracheophyta_Magnoliopsida_Ranunculales_Ranunculaceae_Trollius_asiaticus
2383,9293,Humulus japonicus,Japanese Hops,Plantae,Tracheophyta,Magnoliopsida,Rosales,Cannabaceae,Humulus,japonicus,09293_Plantae_Tracheophyta_Magnoliopsida_Rosales_Cannabaceae_Humulus_japonicus
2384,9297,Elaeagnus commutata,Silverberry,Plantae,Tracheophyta,Magnoliopsida,Rosales,Elaeagnaceae,Elaeagnus,commutata,09297_Plantae_Tracheophyta_Magnoliopsida_Rosales_Elaeagnaceae_Elaeagnus_commutata
2385,9301,Shepherdia canadensis,Canadian buffalo-berry,Plantae,Tracheophyta,Magnoliopsida,Rosales,Elaeagnaceae,Shepherdia,canadensis,09301_Plantae_Tracheophyta_Magnoliopsida_Rosales_Elaeagnaceae_Shepherdia_canadensis
2386,9308,Ficus microcarpa,Chinese banyan,Plantae,Tracheophyta,Magnoliopsida,Rosales,Moraceae,Ficus,microcarpa,09308_Plantae_Tracheophyta_Magnoliopsida_Rosales_Moraceae_Ficus_microcarpa
2387,9312,Maclura pomifera,bois d'arc,Plantae,Tracheophyta,Magnoliopsida,Rosales,Moraceae,Maclura,pomifera,09312_Plantae_Tracheophyta_Magnoliopsida_Rosales_Moraceae_Maclura_pomifera
2388,9315,Morus rubra,red mulberry,Plantae,Tracheophyta,Magnoliopsida,Rosales,Moraceae,Morus,rubra,09315_Plantae_Tracheophyta_Magnoliopsida_Rosales_Moraceae_Morus_rubra
2389,9327,Ceanothus oliganthus,hairy ceanothus,Plantae,Tracheophyta,Magnoliopsida,Rosales,Rhamnaceae,Ceanothus,oliganthus,09327_Plantae_Tracheophyta_Magnoliopsida_Rosales_Rhamnaceae_Ceanothus_oliganthus
2390,9329,Ceanothus prostratus,Mahala mat,Plantae,Tracheophyta,Magnoliopsida,Rosales,Rhamnaceae,Ceanothus,prostratus,09329_Plantae_Tracheophyta_Magnoliopsida_Rosales_Rhamnaceae_Ceanothus_prostratus
2391,9333,Ceanothus verrucosus,Wart-stemmed Ceanothus,Plantae,Tracheophyta,Magnoliopsida,Rosales,Rhamnaceae,Ceanothus,verrucosus,09333_Plantae_Tracheophyta_Magnoliopsida_Rosales_Rhamnaceae_Ceanothus_verrucosus
2392,9342,Rhamnus alaternus,Mediterranean buckthorn,Plantae,Tracheophyta,Magnoliopsida,Rosales,Rhamnaceae,Rhamnus,alaternus,09342_Plantae_Tracheophyta_Magnoliopsida_Rosales_Rhamnaceae_Rhamnus_alaternus
2393,9352,Adenostoma fasciculatum,chamise,Plantae,Tracheophyta,Magnoliopsida,Rosales,Rosaceae,Adenostoma,fasciculatum,09352_Plantae_Tracheophyta_Magnoliopsida_Rosales_Rosaceae_Adenostoma_fasciculatum
2394,9360,Amelanchier spicata,Dwarf Serviceberry,Plantae,Tracheophyta,Magnoliopsida,Rosales,Rosaceae,Amelanchier,spicata,09360_Plantae_Tracheophyta_Magnoliopsida_Rosales_Rosaceae_Amelanchier_spicata
2395,9373,Crataegus monogyna,common hawthorn,Plantae,Tracheophyta,Magnoliopsida,Rosales,Rosaceae,Crataegus,monogyna,09373_Plantae_Tracheophyta_Magnoliopsida_Rosales_Rosaceae_Crataegus_monogyna
2396,9377,Drymocallis arguta,Tall Cinquefoil,Plantae,Tracheophyta,Magnoliopsida,Rosales,Rosaceae,Drymocallis,arguta,09377_Plantae_Tracheophyta_Magnoliopsida_Rosales_Rosaceae_Drymocallis_arguta
2397,9381,Filipendula rubra,queen of the prairie,Plantae,Tracheophyta,Magnoliopsida,Rosales,Rosaceae,Filipendula,rubra,09381_Plantae_Tracheophyta_Magnoliopsida_Rosales_Rosaceae_Filipendula_rubra
2398,9383,Filipendula vulgaris,Dropwort,Plantae,Tracheophyta,Magnoliopsida,Rosales,Rosaceae,Filipendula,vulgaris,09383_Plantae_Tracheophyta_Magnoliopsida_Rosales_Rosaceae_Filipendula_vulgaris
2399,9393,Geum triflorum,prairie smoke,Plantae,Tracheophyta,Magnoliopsida,Rosales,Rosaceae,Geum,triflorum,09393_Plantae_Tracheophyta_Magnoliopsida_Rosales_Rosaceae_Geum_triflorum
2400,9403,Petrophytum caespitosum,mat rock spiraea,Plantae,Tracheophyta,Magnoliopsida,Rosales,Rosaceae,Petrophytum,caespitosum,09403_Plantae_Tracheophyta_Magnoliopsida_Rosales_Rosaceae_Petrophytum_caespitosum
2401,9406,Physocarpus opulifolius,common ninebark,Plantae,Tracheophyta,Magnoliopsida,Rosales,Rosaceae,Physocarpus,opulifolius,09406_Plantae_Tracheophyta_Magnoliopsida_Rosales_Rosaceae_Physocarpus_opulifolius
2402,9417,Prunus angustifolia,Chickasaw plum,Plantae,Tracheophyta,Magnoliopsida,Rosales,Rosaceae,Prunus,angustifolia,09417_Plantae_Tracheophyta_Magnoliopsida_Rosales_Rosaceae_Prunus_angustifolia
2403,9418,Prunus avium,sweet cherry,Plantae,Tracheophyta,Magnoliopsida,Rosales,Rosaceae,Prunus,avium,09418_Plantae_Tracheophyta_Magnoliopsida_Rosales_Rosaceae_Prunus_avium
2404,9439,Pyrus communis,Common Pear,Plantae,Tracheophyta,Magnoliopsida,Rosales,Rosaceae,Pyrus,communis,09439_Plantae_Tracheophyta_Magnoliopsida_Rosales_Rosaceae_Pyrus_communis
2405,9443,Rosa arkansana,prairie rose,Plantae,Tracheophyta,Magnoliopsida,Rosales,Rosaceae,Rosa,arkansana,09443_Plantae_Tracheophyta_Magnoliopsida_Rosales_Rosaceae_Rosa_arkansana
2406,9444,Rosa bracteata,Macartney's rose,Plantae,Tracheophyta,Magnoliopsida,Rosales,Rosaceae,Rosa,bracteata,09444_Plantae_Tracheophyta_Magnoliopsida_Rosales_Rosaceae_Rosa_bracteata
2407,9446,Rosa canina,Dog-rose,Plantae,Tracheophyta,Magnoliopsida,Rosales,Rosaceae,Rosa,canina,09446_Plantae_Tracheophyta_Magnoliopsida_Rosales_Rosaceae_Rosa_canina
2408,9448,Rosa gymnocarpa,Baldhip Rose,Plantae,Tracheophyta,Magnoliopsida,Rosales,Rosaceae,Rosa,gymnocarpa,09448_Plantae_Tracheophyta_Magnoliopsida_Rosales_Rosaceae_Rosa_gymnocarpa
2409,9455,Rosa spinosissima,Burnet Rose,Plantae,Tracheophyta,Magnoliopsida,Rosales,Rosaceae,Rosa,spinosissima,09455_Plantae_Tracheophyta_Magnoliopsida_Rosales_Rosaceae_Rosa_spinosissima
2410,9490,Sorbus sitchensis,Sitka Mountain-ash,Plantae,Tracheophyta,Magnoliopsida,Rosales,Rosaceae,Sorbus,sitchensis,09490_Plantae_Tracheophyta_Magnoliopsida_Rosales_Rosaceae_Sorbus_sitchensis
2411,9496,Spiraea tomentosa,Steeplebush,Plantae,Tracheophyta,Magnoliopsida,Rosales,Rosaceae,Spiraea,tomentosa,09496_Plantae_Tracheophyta_Magnoliopsida_Rosales_Rosaceae_Spiraea_tomentosa
2412,9504,Ulmus parvifolia,lacebark elm,Plantae,Tracheophyta,Magnoliopsida,Rosales,Ulmaceae,Ulmus,parvifolia,09504_Plantae_Tracheophyta_Magnoliopsida_Rosales_Ulmaceae_Ulmus_parvifolia
2413,9511,Parietaria judaica,spreading pellitory,Plantae,Tracheophyta,Magnoliopsida,Rosales,Urticaceae,Parietaria,judaica,09511_Plantae_Tracheophyta_Magnoliopsida_Rosales_Urticaceae_Parietaria_judaica
2414,9516,Urtica dioica,stinging nettle,Plantae,Tracheophyta,Magnoliopsida,Rosales,Urticaceae,Urtica,dioica,09516_Plantae_Tracheophyta_Magnoliopsida_Rosales_Urticaceae_Urtica_dioica
2415,9520,Arceuthobium campylopodum,western dwarf mistletoe,Plantae,Tracheophyta,Magnoliopsida,Santalales,Santalaceae,Arceuthobium,campylopodum,09520_Plantae_Tracheophyta_Magnoliopsida_Santalales_Santalaceae_Arceuthobium_campylopodum
2416,9521,Colpoon compressum,Cape Sumach,Plantae,Tracheophyta,Magnoliopsida,Santalales,Santalaceae,Colpoon,compressum,09521_Plantae_Tracheophyta_Magnoliopsida_Santalales_Santalaceae_Colpoon_compressum
2417,9542,Rhus virens,evergreen sumac,Plantae,Tracheophyta,Magnoliopsida,Sapindales,Anacardiaceae,Rhus,virens,09542_Plantae_Tracheophyta_Magnoliopsida_Sapindales_Anacardiaceae_Rhus_virens
2418,9551,Bursera simaruba,Gumbo Limbo,Plantae,Tracheophyta,Magnoliopsida,Sapindales,Burseraceae,Bursera,simaruba,09551_Plantae_Tracheophyta_Magnoliopsida_Sapindales_Burseraceae_Bursera_simaruba
2419,9552,Azadirachta indica,Nim,Plantae,Tracheophyta,Magnoliopsida,Sapindales,Meliaceae,Azadirachta,indica,09552_Plantae_Tracheophyta_Magnoliopsida_Sapindales_Meliaceae_Azadirachta_indica
2420,9553,Dysoxylum spectabile,Kohekohe,Plantae,Tracheophyta,Magnoliopsida,Sapindales,Meliaceae,Dysoxylum,spectabile,09553_Plantae_Tracheophyta_Magnoliopsida_Sapindales_Meliaceae_Dysoxylum_spectabile
2421,9558,Murraya paniculata,Orange Jasmine,Plantae,Tracheophyta,Magnoliopsida,Sapindales,Rutaceae,Murraya,paniculata,09558_Plantae_Tracheophyta_Magnoliopsida_Sapindales_Rutaceae_Murraya_paniculata
2422,9559,Ptelea trifoliata,common hoptree,Plantae,Tracheophyta,Magnoliopsida,Sapindales,Rutaceae,Ptelea,trifoliata,09559_Plantae_Tracheophyta_Magnoliopsida_Sapindales_Rutaceae_Ptelea_trifoliata
2423,9569,Acer glabrum,mountain maple,Plantae,Tracheophyta,Magnoliopsida,Sapindales,Sapindaceae,Acer,glabrum,09569_Plantae_Tracheophyta_Magnoliopsida_Sapindales_Sapindaceae_Acer_glabrum
2424,9576,Acer platanoides,Norway maple,Plantae,Tracheophyta,Magnoliopsida,Sapindales,Sapindaceae,Acer,platanoides,09576_Plantae_Tracheophyta_Magnoliopsida_Sapindales_Sapindaceae_Acer_platanoides
2425,9577,Acer pseudoplatanus,sycamore maple,Plantae,Tracheophyta,Magnoliopsida,Sapindales,Sapindaceae,Acer,pseudoplatanus,09577_Plantae_Tracheophyta_Magnoliopsida_Sapindales_Sapindaceae_Acer_pseudoplatanus
2426,9578,Acer rubrum,red maple,Plantae,Tracheophyta,Magnoliopsida,Sapindales,Sapindaceae,Acer,rubrum,09578_Plantae_Tracheophyta_Magnoliopsida_Sapindales_Sapindaceae_Acer_rubrum
2427,9579,Acer saccharinum,silver maple,Plantae,Tracheophyta,Magnoliopsida,Sapindales,Sapindaceae,Acer,saccharinum,09579_Plantae_Tracheophyta_Magnoliopsida_Sapindales_Sapindaceae_Acer_saccharinum
2428,9583,Aesculus californica,California buckeye,Plantae,Tracheophyta,Magnoliopsida,Sapindales,Sapindaceae,Aesculus,californica,09583_Plantae_Tracheophyta_Magnoliopsida_Sapindales_Sapindaceae_Aesculus_californica
2429,9588,Cardiospermum halicacabum,Balloon Vine,Plantae,Tracheophyta,Magnoliopsida,Sapindales,Sapindaceae,Cardiospermum,halicacabum,09588_Plantae_Tracheophyta_Magnoliopsida_Sapindales_Sapindaceae_Cardiospermum_halicacabum
2430,9591,Sapindus drummondii,Western Soapberry,Plantae,Tracheophyta,Magnoliopsida,Sapindales,Sapindaceae,Sapindus,drummondii,09591_Plantae_Tracheophyta_Magnoliopsida_Sapindales_Sapindaceae_Sapindus_drummondii
2431,9595,Cotyledon orbiculata,round-leafed navel-wort,Plantae,Tracheophyta,Magnoliopsida,Saxifragales,Crassulaceae,Cotyledon,orbiculata,09595_Plantae_Tracheophyta_Magnoliopsida_Saxifragales_Crassulaceae_Cotyledon_orbiculata
2432,9603,Dudleya pulverulenta,Chalk Dudleya,Plantae,Tracheophyta,Magnoliopsida,Saxifragales,Crassulaceae,Dudleya,pulverulenta,09603_Plantae_Tracheophyta_Magnoliopsida_Saxifragales_Crassulaceae_Dudleya_pulverulenta
2433,9604,Dudleya saxosa,Panamint liveforever,Plantae,Tracheophyta,Magnoliopsida,Saxifragales,Crassulaceae,Dudleya,saxosa,09604_Plantae_Tracheophyta_Magnoliopsida_Saxifragales_Crassulaceae_Dudleya_saxosa
2434,9609,Orostachys spinosa,spiny pennywort,Plantae,Tracheophyta,Magnoliopsida,Saxifragales,Crassulaceae,Orostachys,spinosa,09609_Plantae_Tracheophyta_Magnoliopsida_Saxifragales_Crassulaceae_Orostachys_spinosa
2435,9615,Sedum lanceolatum,spearleaf stonecrop,Plantae,Tracheophyta,Magnoliopsida,Saxifragales,Crassulaceae,Sedum,lanceolatum,09615_Plantae_Tracheophyta_Magnoliopsida_Saxifragales_Crassulaceae_Sedum_lanceolatum
2436,9619,Sedum spathulifolium,Colorado Stonecrop,Plantae,Tracheophyta,Magnoliopsida,Saxifragales,Crassulaceae,Sedum,spathulifolium,09619_Plantae_Tracheophyta_Magnoliopsida_Saxifragales_Crassulaceae_Sedum_spathulifolium
2437,9631,Ribes lacustre,swamp currant,Plantae,Tracheophyta,Magnoliopsida,Saxifragales,Grossulariaceae,Ribes,lacustre,09631_Plantae_Tracheophyta_Magnoliopsida_Saxifragales_Grossulariaceae_Ribes_lacustre
2438,9633,Ribes nevadense,mountain pink currant,Plantae,Tracheophyta,Magnoliopsida,Saxifragales,Grossulariaceae,Ribes,nevadense,09633_Plantae_Tracheophyta_Magnoliopsida_Saxifragales_Grossulariaceae_Ribes_nevadense
2439,9639,Ribes triste,northern redcurrant,Plantae,Tracheophyta,Magnoliopsida,Saxifragales,Grossulariaceae,Ribes,triste,09639_Plantae_Tracheophyta_Magnoliopsida_Saxifragales_Grossulariaceae_Ribes_triste
2440,9649,Chrysosplenium alternifolium,Alternate-leaved Golden Saxifrage,Plantae,Tracheophyta,Magnoliopsida,Saxifragales,Saxifragaceae,Chrysosplenium,alternifolium,09649_Plantae_Tracheophyta_Magnoliopsida_Saxifragales_Saxifragaceae_Chrysosplenium_alternifolium
2441,9662,Micranthes virginiensis,Early Saxifrage,Plantae,Tracheophyta,Magnoliopsida,Saxifragales,Saxifragaceae,Micranthes,virginiensis,09662_Plantae_Tracheophyta_Magnoliopsida_Saxifragales_Saxifragaceae_Micranthes_virginiensis
2442,9665,Saxifraga aizoides,Yellow Saxifrage,Plantae,Tracheophyta,Magnoliopsida,Saxifragales,Saxifragaceae,Saxifraga,aizoides,09665_Plantae_Tracheophyta_Magnoliopsida_Saxifragales_Saxifragaceae_Saxifraga_aizoides
2443,9670,Saxifraga tricuspidata,Prickly Saxifrage,Plantae,Tracheophyta,Magnoliopsida,Saxifragales,Saxifragaceae,Saxifraga,tricuspidata,09670_Plantae_Tracheophyta_Magnoliopsida_Saxifragales_Saxifragaceae_Saxifraga_tricuspidata
2444,9671,Tellima grandiflora,fringe cups,Plantae,Tracheophyta,Magnoliopsida,Saxifragales,Saxifragaceae,Tellima,grandiflora,09671_Plantae_Tracheophyta_Magnoliopsida_Saxifragales_Saxifragaceae_Tellima_grandiflora
2445,9694,Ipomoea carnea,Bush Morning Glory,Plantae,Tracheophyta,Magnoliopsida,Solanales,Convolvulaceae,Ipomoea,carnea,09694_Plantae_Tracheophyta_Magnoliopsida_Solanales_Convolvulaceae_Ipomoea_carnea
2446,9698,Ipomoea hederifolia,scarlet creeper,Plantae,Tracheophyta,Magnoliopsida,Solanales,Convolvulaceae,Ipomoea,hederifolia,09698_Plantae_Tracheophyta_Magnoliopsida_Solanales_Convolvulaceae_Ipomoea_hederifolia
2447,9704,Ipomoea pes-caprae,goat's foot convolvulus,Plantae,Tracheophyta,Magnoliopsida,Solanales,Convolvulaceae,Ipomoea,pes-caprae,09704_Plantae_Tracheophyta_Magnoliopsida_Solanales_Convolvulaceae_Ipomoea_pes-caprae
2448,9706,Ipomoea quamoclit,Cypress Vine,Plantae,Tracheophyta,Magnoliopsida,Solanales,Convolvulaceae,Ipomoea,quamoclit,09706_Plantae_Tracheophyta_Magnoliopsida_Solanales_Convolvulaceae_Ipomoea_quamoclit
2449,9711,Montinia caryophyllacea,rattlebush,Plantae,Tracheophyta,Magnoliopsida,Solanales,Montiniaceae,Montinia,caryophyllacea,09711_Plantae_Tracheophyta_Magnoliopsida_Solanales_Montiniaceae_Montinia_caryophyllacea
2450,9712,Alkekengi officinarum,Japanese-lantern,Plantae,Tracheophyta,Magnoliopsida,Solanales,Solanaceae,Alkekengi,officinarum,09712_Plantae_Tracheophyta_Magnoliopsida_Solanales_Solanaceae_Alkekengi_officinarum
2451,9713,Atropa belladonna,deadly nightshade,Plantae,Tracheophyta,Magnoliopsida,Solanales,Solanaceae,Atropa,belladonna,09713_Plantae_Tracheophyta_Magnoliopsida_Solanales_Solanaceae_Atropa_belladonna
2452,9716,Datura inoxia,angel's trumpet,Plantae,Tracheophyta,Magnoliopsida,Solanales,Solanaceae,Datura,inoxia,09716_Plantae_Tracheophyta_Magnoliopsida_Solanales_Solanaceae_Datura_inoxia
2453,9723,Lycium ferocissimum,African boxthorn,Plantae,Tracheophyta,Magnoliopsida,Solanales,Solanaceae,Lycium,ferocissimum,09723_Plantae_Tracheophyta_Magnoliopsida_Solanales_Solanaceae_Lycium_ferocissimum
2454,9726,Nicotiana obtusifolia,desert tobacco,Plantae,Tracheophyta,Magnoliopsida,Solanales,Solanaceae,Nicotiana,obtusifolia,09726_Plantae_Tracheophyta_Magnoliopsida_Solanales_Solanaceae_Nicotiana_obtusifolia
2455,9728,Physalis crassifolia,thickleaf groundcherry,Plantae,Tracheophyta,Magnoliopsida,Solanales,Solanaceae,Physalis,crassifolia,09728_Plantae_Tracheophyta_Magnoliopsida_Solanales_Solanaceae_Physalis_crassifolia
2456,9729,Physalis heterophylla,clammy groundcherry,Plantae,Tracheophyta,Magnoliopsida,Solanales,Solanaceae,Physalis,heterophylla,09729_Plantae_Tracheophyta_Magnoliopsida_Solanales_Solanaceae_Physalis_heterophylla
2457,9731,Quincula lobata,Chinese lantern,Plantae,Tracheophyta,Magnoliopsida,Solanales,Solanaceae,Quincula,lobata,09731_Plantae_Tracheophyta_Magnoliopsida_Solanales_Solanaceae_Quincula_lobata
2458,9734,Solanum chenopodioides,tall nightshade,Plantae,Tracheophyta,Magnoliopsida,Solanales,Solanaceae,Solanum,chenopodioides,09734_Plantae_Tracheophyta_Magnoliopsida_Solanales_Solanaceae_Solanum_chenopodioides
2459,9737,Solanum douglasii,greenspot nightshade,Plantae,Tracheophyta,Magnoliopsida,Solanales,Solanaceae,Solanum,douglasii,09737_Plantae_Tracheophyta_Magnoliopsida_Solanales_Solanaceae_Solanum_douglasii
2460,9738,Solanum dulcamara,woody nightshade,Plantae,Tracheophyta,Magnoliopsida,Solanales,Solanaceae,Solanum,dulcamara,09738_Plantae_Tracheophyta_Magnoliopsida_Solanales_Solanaceae_Solanum_dulcamara
2461,9747,Solanum rostratum,buffalo bur,Plantae,Tracheophyta,Magnoliopsida,Solanales,Solanaceae,Solanum,rostratum,09747_Plantae_Tracheophyta_Magnoliopsida_Solanales_Solanaceae_Solanum_rostratum
2462,9764,Vitis rotundifolia,muscadine,Plantae,Tracheophyta,Magnoliopsida,Vitales,Vitaceae,Vitis,rotundifolia,09764_Plantae_Tracheophyta_Magnoliopsida_Vitales_Vitaceae_Vitis_rotundifolia
2463,9771,Kallstroemia grandiflora,Arizona poppy,Plantae,Tracheophyta,Magnoliopsida,Zygophyllales,Zygophyllaceae,Kallstroemia,grandiflora,09771_Plantae_Tracheophyta_Magnoliopsida_Zygophyllales_Zygophyllaceae_Kallstroemia_grandiflora
2464,9785,Juniperus occidentalis,western juniper,Plantae,Tracheophyta,Pinopsida,Pinales,Cupressaceae,Juniperus,occidentalis,09785_Plantae_Tracheophyta_Pinopsida_Pinales_Cupressaceae_Juniperus_occidentalis
2465,9789,Juniperus virginiana,eastern red cedar,Plantae,Tracheophyta,Pinopsida,Pinales,Cupressaceae,Juniperus,virginiana,09789_Plantae_Tracheophyta_Pinopsida_Pinales_Cupressaceae_Juniperus_virginiana
2466,9805,Larix occidentalis,western larch,Plantae,Tracheophyta,Pinopsida,Pinales,Pinaceae,Larix,occidentalis,09805_Plantae_Tracheophyta_Pinopsida_Pinales_Pinaceae_Larix_occidentalis
2467,9814,Picea sitchensis,Sitka spruce,Plantae,Tracheophyta,Pinopsida,Pinales,Pinaceae,Picea,sitchensis,09814_Plantae_Tracheophyta_Pinopsida_Pinales_Pinaceae_Picea_sitchensis
2468,9816,Pinus banksiana,Jack pine,Plantae,Tracheophyta,Pinopsida,Pinales,Pinaceae,Pinus,banksiana,09816_Plantae_Tracheophyta_Pinopsida_Pinales_Pinaceae_Pinus_banksiana
2469,9817,Pinus cembroides,Mexican pinyon,Plantae,Tracheophyta,Pinopsida,Pinales,Pinaceae,Pinus,cembroides,09817_Plantae_Tracheophyta_Pinopsida_Pinales_Pinaceae_Pinus_cembroides
2470,9822,Pinus elliottii,slash pine,Plantae,Tracheophyta,Pinopsida,Pinales,Pinaceae,Pinus,elliottii,09822_Plantae_Tracheophyta_Pinopsida_Pinales_Pinaceae_Pinus_elliottii
2471,9825,Pinus lambertiana,sugar pine,Plantae,Tracheophyta,Pinopsida,Pinales,Pinaceae,Pinus,lambertiana,09825_Plantae_Tracheophyta_Pinopsida_Pinales_Pinaceae_Pinus_lambertiana
2472,9842,Pinus torreyana,Torrey pine,Plantae,Tracheophyta,Pinopsida,Pinales,Pinaceae,Pinus,torreyana,09842_Plantae_Tracheophyta_Pinopsida_Pinales_Pinaceae_Pinus_torreyana
2473,9851,Phyllocladus trichomanoides,celery pine,Plantae,Tracheophyta,Pinopsida,Pinales,Podocarpaceae,Phyllocladus,trichomanoides,09851_Plantae_Tracheophyta_Pinopsida_Pinales_Podocarpaceae_Phyllocladus_trichomanoides
2474,9861,Cyathea medullaris,black tree fern,Plantae,Tracheophyta,Polypodiopsida,Cyatheales,Cyatheaceae,Cyathea,medullaris,09861_Plantae_Tracheophyta_Polypodiopsida_Cyatheales_Cyatheaceae_Cyathea_medullaris
2475,9863,Dicksonia antarctica,man fern,Plantae,Tracheophyta,Polypodiopsida,Cyatheales,Dicksoniaceae,Dicksonia,antarctica,09863_Plantae_Tracheophyta_Polypodiopsida_Cyatheales_Dicksoniaceae_Dicksonia_antarctica
2476,9875,Equisetum variegatum,variegated horsetail,Plantae,Tracheophyta,Polypodiopsida,Equisetales,Equisetaceae,Equisetum,variegatum,09875_Plantae_Tracheophyta_Polypodiopsida_Equisetales_Equisetaceae_Equisetum_variegatum
2477,9879,Hymenophyllum demissum,drooping filmy fern,Plantae,Tracheophyta,Polypodiopsida,Hymenophyllales,Hymenophyllaceae,Hymenophyllum,demissum,09879_Plantae_Tracheophyta_Polypodiopsida_Hymenophyllales_Hymenophyllaceae_Hymenophyllum_demissum
2478,9884,Botrypus virginianus,rattlesnake fern,Plantae,Tracheophyta,Polypodiopsida,Ophioglossales,Ophioglossaceae,Botrypus,virginianus,09884_Plantae_Tracheophyta_Polypodiopsida_Ophioglossales_Ophioglossaceae_Botrypus_virginianus
2479,9889,Osmunda regalis,royal fern,Plantae,Tracheophyta,Polypodiopsida,Osmundales,Osmundaceae,Osmunda,regalis,09889_Plantae_Tracheophyta_Polypodiopsida_Osmundales_Osmundaceae_Osmunda_regalis
2480,9893,Asplenium ceterach,Rustyback,Plantae,Tracheophyta,Polypodiopsida,Polypodiales,Aspleniaceae,Asplenium,ceterach,09893_Plantae_Tracheophyta_Polypodiopsida_Polypodiales_Aspleniaceae_Asplenium_ceterach
2481,9899,Asplenium nidus,Bird's Nest Fern,Plantae,Tracheophyta,Polypodiopsida,Polypodiales,Aspleniaceae,Asplenium,nidus,09899_Plantae_Tracheophyta_Polypodiopsida_Polypodiales_Aspleniaceae_Asplenium_nidus
2482,9903,Asplenium rhizophyllum,walking fern,Plantae,Tracheophyta,Polypodiopsida,Polypodiales,Aspleniaceae,Asplenium,rhizophyllum,09903_Plantae_Tracheophyta_Polypodiopsida_Polypodiales_Aspleniaceae_Asplenium_rhizophyllum
2483,9909,Athyrium filix-femina,lady fern,Plantae,Tracheophyta,Polypodiopsida,Polypodiales,Athyriaceae,Athyrium,filix-femina,09909_Plantae_Tracheophyta_Polypodiopsida_Polypodiales_Athyriaceae_Athyrium_filix-femina
2484,9910,Deparia acrostichoides,silvery glade fern,Plantae,Tracheophyta,Polypodiopsida,Polypodiales,Athyriaceae,Deparia,acrostichoides,09910_Plantae_Tracheophyta_Polypodiopsida_Polypodiales_Athyriaceae_Deparia_acrostichoides
2485,9913,Blechnum novae-zelandiae,Palm-leaf Fern,Plantae,Tracheophyta,Polypodiopsida,Polypodiales,Blechnaceae,Blechnum,novae-zelandiae,09913_Plantae_Tracheophyta_Polypodiopsida_Polypodiales_Blechnaceae_Blechnum_novae-zelandiae
2486,9915,Blechnum penna-marina,little hard fern,Plantae,Tracheophyta,Polypodiopsida,Polypodiales,Blechnaceae,Blechnum,penna-marina,09915_Plantae_Tracheophyta_Polypodiopsida_Polypodiales_Blechnaceae_Blechnum_penna-marina
2487,9929,Histiopteris incisa,Water Fern,Plantae,Tracheophyta,Polypodiopsida,Polypodiales,Dennstaedtiaceae,Histiopteris,incisa,09929_Plantae_Tracheophyta_Polypodiopsida_Polypodiales_Dennstaedtiaceae_Histiopteris_incisa
2488,9932,Pteridium aquilinum,common bracken,Plantae,Tracheophyta,Polypodiopsida,Polypodiales,Dennstaedtiaceae,Pteridium,aquilinum,09932_Plantae_Tracheophyta_Polypodiopsida_Polypodiales_Dennstaedtiaceae_Pteridium_aquilinum
2489,9935,Homalosorus pycnocarpos,narrow-leaved glade fern,Plantae,Tracheophyta,Polypodiopsida,Polypodiales,Diplaziopsidaceae,Homalosorus,pycnocarpos,09935_Plantae_Tracheophyta_Polypodiopsida_Polypodiales_Diplaziopsidaceae_Homalosorus_pycnocarpos
2490,9941,Dryopteris filix-mas,male fern,Plantae,Tracheophyta,Polypodiopsida,Polypodiales,Dryopteridaceae,Dryopteris,filix-mas,09941_Plantae_Tracheophyta_Polypodiopsida_Polypodiales_Dryopteridaceae_Dryopteris_filix-mas
2491,9944,Dryopteris marginalis,marginal wood fern,Plantae,Tracheophyta,Polypodiopsida,Polypodiales,Dryopteridaceae,Dryopteris,marginalis,09944_Plantae_Tracheophyta_Polypodiopsida_Polypodiales_Dryopteridaceae_Dryopteris_marginalis
2492,9952,Matteuccia struthiopteris,ostrich fern,Plantae,Tracheophyta,Polypodiopsida,Polypodiales,Onocleaceae,Matteuccia,struthiopteris,09952_Plantae_Tracheophyta_Polypodiopsida_Polypodiales_Onocleaceae_Matteuccia_struthiopteris
2493,9955,Microsorum scandens,Fragrant Fern,Plantae,Tracheophyta,Polypodiopsida,Polypodiales,Polypodiaceae,Microsorum,scandens,09955_Plantae_Tracheophyta_Polypodiopsida_Polypodiales_Polypodiaceae_Microsorum_scandens
2494,9956,Notogrammitis heterophylla,Comb fern,Plantae,Tracheophyta,Polypodiopsida,Polypodiales,Polypodiaceae,Notogrammitis,heterophylla,09956_Plantae_Tracheophyta_Polypodiopsida_Polypodiales_Polypodiaceae_Notogrammitis_heterophylla
2495,9976,Myriopteris aurea,golden lipfern,Plantae,Tracheophyta,Polypodiopsida,Polypodiales,Pteridaceae,Myriopteris,aurea,09976_Plantae_Tracheophyta_Polypodiopsida_Polypodiales_Pteridaceae_Myriopteris_aurea
2496,9983,Pentagramma triangularis,goldback fern,Plantae,Tracheophyta,Polypodiopsida,Polypodiales,Pteridaceae,Pentagramma,triangularis,09983_Plantae_Tracheophyta_Polypodiopsida_Polypodiales_Pteridaceae_Pentagramma_triangularis
2497,9991,Pneumatopteris pennigera,Gully Fern,Plantae,Tracheophyta,Polypodiopsida,Polypodiales,Thelypteridaceae,Pneumatopteris,pennigera,09991_Plantae_Tracheophyta_Polypodiopsida_Polypodiales_Thelypteridaceae_Pneumatopteris_pennigera
2498,9992,Thelypteris palustris,marsh fern,Plantae,Tracheophyta,Polypodiopsida,Polypodiales,Thelypteridaceae,Thelypteris,palustris,09992_Plantae_Tracheophyta_Polypodiopsida_Polypodiales_Thelypteridaceae_Thelypteris_palustris
2499,9995,Psilotum nudum,skeleton fork fern,Plantae,Tracheophyta,Polypodiopsida,Psilotales,Psilotaceae,Psilotum,nudum,09995_Plantae_Tracheophyta_Polypodiopsida_Psilotales_Psilotaceae_Psilotum_nudum
