file_name,true_class_index,pred_class_index,correct,pred_1,pred_2,pred_3,pred_4,pred_5,score_1,score_2,score_3,score_4,score_5,top5_correct,true_rank,true_species,pred_1_species,pred_2_species,pred_3_species,pred_4_species,pred_5_species
val/00070_Animalia_Arthropoda_Arachnida_Araneae_Pisauridae_Dolomedes_triton/1d74a0bb-db5a-42ad-b800-aec6f6135cea.jpg,2,500,0,500,1014,2,37,1072,0.170166015625,0.1041259765625,0.04278564453125,0.038543701171875,0.0246734619140625,1,3,Six-spotted Fishing Spider,Giant House Spider,Brown Widow,Six-spotted Fishing Spider,Florida Carpenter Ant,Eastern Phantom Crane Fly
val/00094_Animalia_Arthropoda_Arachnida_Araneae_Salticidae_Phidippus_johnsoni/49c17484-b915-4451-bd7e-d107a8e28aa0.jpg,3,510,0,510,1067,1058,3,1312,0.20947265625,0.024871826171875,0.0205535888671875,0.0176544189453125,0.0151824951171875,1,4,Johnson's Jumping Spider,Poplar Leaf Beetle,Hirta Beetle,Margined Shining Leaf Chafer,Johnson's Jumping Spider,Boxwood Leaftier Moth
val/00157_Animalia_Arthropoda_Chilopoda_Scolopendromorpha_Scolopendridae_Hemiscolopendra_marginata/b76aa04d-4e5c-441a-ae9a-29860df80cba.jpg,5,1026,0,1026,5,1027,243,6,0.201904296875,0.03302001953125,0.02972412109375,0.0227813720703125,0.014556884765625,1,2,Eastern Bark Centipede,Common Desert Centipede,Eastern Bark Centipede,Greenhouse Millipede,Texas Coralsnake,Giant Desert Centipede
val/00157_Animalia_Arthropoda_Chilopoda_Scolopendromorpha_Scolopendridae_Hemiscolopendra_marginata/4091a551-6ad8-4cea-bc03-4195c592de62.jpg,5,6,0,6,1026,1320,1297,5,0.466064453125,0.051025390625,0.043701171875,0.034423828125,0.0340576171875,1,5,Eastern Bark Centipede,Giant Desert Centipede,Common Desert Centipede,Bedstraw Hawk-moth,Old World Swallowtail,Eastern Bark Centipede
val/00184_Animalia_Arthropoda_Insecta_Coleoptera_Buprestidae_Agrilus_planipennis/c260abd1-09d2-431b-b01a-a0149c4c3922.jpg,7,1259,0,1259,2212,1756,7,2418,0.12457275390625,0.10870361328125,0.0909423828125,0.02490234375,0.0179290771484375,1,4,Emerald Ash Borer,Double-toothed Prominent Moth,sweet birch,Crested Anole,Emerald Ash Borer,Gumbo Limbo
val/00193_Animalia_Arthropoda_Insecta_Coleoptera_Cantharidae_Chauliognathus_pensylvanicus/99e3a1d5-6e58-4430-bf98-56460a57caec.jpg,8,15,0,15,9,1270,8,1149,0.04742431640625,0.040863037109375,0.036376953125,0.0258026123046875,0.024810791015625,1,4,Goldenrod Soldier Beetle,Oedemera femorata,Spotted Longhorn,Lesser Wanderer,Goldenrod Soldier Beetle,Black-and-yellow Lichen Moth
val/00251_Animalia_Arthropoda_Insecta_Coleoptera_Cerambycidae_Rutpela_maculata/2fe77173-a78b-454b-9127-7f5c829db93f.jpg,9,1035,0,1035,1098,9,2185,1080,0.404541015625,0.06488037109375,0.03466796875,0.0258331298828125,0.0236968994140625,1,3,Spotted Longhorn,Wasp Beetle,Meadow Plant Bug,Spotted Longhorn,Showy Rattlebox,White-bowed Smoothwing
val/00251_Animalia_Arthropoda_Insecta_Coleoptera_Cerambycidae_Rutpela_maculata/4c17988f-8511-470d-a86d-6f07cd2005c6.jpg,9,325,0,325,1075,2093,9,816,0.0423583984375,0.033905029296875,0.027587890625,0.0250244140625,0.022979736328125,1,4,Spotted Longhorn,tall boneset,Dangling Swamp-lover,field peppergrass,Spotted Longhorn,Cow Parsley
val/00290_Animalia_Arthropoda_Insecta_Coleoptera_Chrysomelidae_Leptinotarsa_juncta/6e2c087a-ada3-4ae9-9bef-8c06c474c454.jpg,11,1050,0,1050,11,12,1042,1013,0.11444091796875,0.08551025390625,0.07623291015625,0.050201416015625,0.04888916015625,1,2,False Potato Beetle,Ashy Gray Ladybug,False Potato Beetle,Hadda Beetle,Bean Leaf Beetle,Common candy-striped spider
val/00332_Animalia_Arthropoda_Insecta_Coleoptera_Coccinellidae_Psyllobora_vigintiduopunctata/aa5cd3ef-d5d3-4d52-862a-dd995f705001.jpg,13,12,0,12,13,1004,11,1864,0.1785888671875,0.0762939453125,0.0269012451171875,0.0175323486328125,0.01561737060546875,1,2,22-spot Ladybird Beetle,Hadda Beetle,22-spot Ladybird Beetle,Spinybacked Orbweaver,False Potato Beetle,Hollyhock Rust
val/00351_Animalia_Arthropoda_Insecta_Coleoptera_Geotrupidae_Anoplotrupes_stercorosus/d3369d69-c113-4a16-b1f4-46d872b00da9.jpg,14,1060,0,1060,14,18,1020,1395,0.132080078125,0.0450439453125,0.037628173828125,0.036041259765625,0.032470703125,1,2,Woodland Dor Beetle,Gazelle Scarab,Woodland Dor Beetle,Blue Blowfly,Pacific Coast Tick,African field cricket
val/00370_Animalia_Arthropoda_Insecta_Coleoptera_Oedemeridae_Oedemera_femorata/d361018a-a906-4279-9403-9e1cebfa3ac5.jpg,15,1098,0,1098,15,8,620,1039,0.06781005859375,0.0207061767578125,0.018524169921875,0.0152130126953125,0.0095367431640625,1,2,Oedemera femorata,Meadow Plant Bug,Oedemera femorata,Goldenrod Soldier Beetle,Bar-winged Skimmer,Strangalepta Flower Longhorn
val/00370_Animalia_Arthropoda_Insecta_Coleoptera_Oedemeridae_Oedemera_femorata/d97c3b8b-261a-4c53-8394-f6dd7a0307af.jpg,15,1094,0,1094,1075,1074,15,1106,0.037109375,0.032379150390625,0.031402587890625,0.028778076171875,0.0272216796875,1,4,Oedemera femorata,Charcoal Seed Bug,Dangling Swamp-lover,Oblique Stripetail Hoverfly,Oedemera femorata,Fox-colored Stingless Bee
val/00493_Animalia_Arthropoda_Insecta_Diptera_Syrphidae_Toxomerus_politus/4d5199ae-bca6-4ee7-81df-738a77aa02d7.jpg,23,1074,0,1074,23,1076,541,1077,0.056732177734375,0.046173095703125,0.039093017578125,0.036651611328125,0.0225372314453125,1,2,Maize Calligrapher Fly,Oblique Stripetail Hoverfly,Maize Calligrapher Fly,Virginia Flower Fly,Eastern Yellowjacket,Yellow-haired Sunfly
val/00513_Animalia_Arthropoda_Insecta_Hemiptera_Adelgidae_Adelges_tsugae/bcefc115-55ff-41ba-a33a-1aad2667e311.jpg,24,993,0,993,2497,24,490,2228,0.084716796875,0.07086181640625,0.036895751953125,0.0304718017578125,0.0284881591796875,1,3,Hemlock Woolly Adelgid,Hall's totara,Gully Fern,Hemlock Woolly Adelgid,white fir,Southern California Walnut
val/00558_Animalia_Arthropoda_Insecta_Hemiptera_Coreidae_Acanthocephala_femorata/32cb2527-c344-46be-9aa1-0b853a122228.jpg,25,1015,0,1015,1198,25,1093,1034,0.037200927734375,0.0162353515625,0.01522064208984375,0.01418304443359375,0.01385498046875,1,3,Florida Leaf-footed Bug,Southern Black Widow,Guava Skipper,Florida Leaf-footed Bug,Leptoglossus zonatus,Capricorn beetle
val/00567_Animalia_Arthropoda_Insecta_Hemiptera_Coreidae_Leptoglossus_clypealis/961d0095-9408-4371-8ee3-8d3468bd4ab6.jpg,26,1401,0,1401,1098,26,1007,508,0.0287933349609375,0.026763916015625,0.0226287841796875,0.0208740234375,0.0208740234375,1,3,Western Leaf-footed Bug,Dark Bush-cricket,Meadow Plant Bug,Western Leaf-footed Bug,Dark Fishing Spider,Banded Graphisurus
val/00567_Animalia_Arthropoda_Insecta_Hemiptera_Coreidae_Leptoglossus_clypealis/f2755cf1-a1ce-4f77-a0fe-85733833d010.jpg,26,25,0,25,1398,1396,27,26,0.1007080078125,0.040985107421875,0.0400390625,0.036376953125,0.0303802490234375,1,5,Western Leaf-footed Bug,Florida Leaf-footed Bug,Wart-biter,Plains Lubber Grasshopper,Western Conifer Seed Bug,Western Leaf-footed Bug
val/00568_Animalia_Arthropoda_Insecta_Hemiptera_Coreidae_Leptoglossus_occidentalis/e2dbb37b-f969-466c-8002-19a56f49ef03.jpg,27,1112,0,1112,27,537,1032,1401,0.11553955078125,0.06011962890625,0.051605224609375,0.0443115234375,0.043914794921875,1,2,Western Conifer Seed Bug,Velvety Tree Ant,Western Conifer Seed Bug,Polistes dorsalis,Two-lined Leatherwing,Dark Bush-cricket
val/00568_Animalia_Arthropoda_Insecta_Hemiptera_Coreidae_Leptoglossus_occidentalis/533ebf83-c1a6-43ec-b494-4068d271a3b7.jpg,27,521,0,521,26,80,27,1401,0.069580078125,0.057373046875,0.035980224609375,0.0340576171875,0.032684326171875,1,4,Western Conifer Seed Bug,Eastern Leaf-footed Bug,Western Leaf-footed Bug,Alfalfa Looper,Western Conifer Seed Bug,Dark Bush-cricket
val/00597_Animalia_Arthropoda_Insecta_Hemiptera_Miridae_Adelphocoris_lineolatus/894c4d8b-1c1d-4f1f-ade5-45fa1daca8c3.jpg,28,295,0,295,28,504,2268,1040,0.03948974609375,0.02899169921875,0.0241546630859375,0.0213623046875,0.0205841064453125,1,2,Alfalfa Plant Bug,Philippine Ground Orchid,Alfalfa Plant Bug,Striped Lynx Spider,Coastal Hedge-nettle,Eastern Milkweed Longhorn Beetle
val/00624_Animalia_Arthropoda_Insecta_Hemiptera_Pentatomidae_Graphosoma_italicum/ade6530a-40bb-4dba-8c57-d01f5a5037bc.jpg,29,1291,0,1291,11,136,1047,29,0.0830078125,0.081298828125,0.020050048828125,0.01983642578125,0.0182342529296875,1,5,European Striped Shield Bug,Common Jester,False Potato Beetle,Indo-Pacific Sergeant Major,Small Transverse Ladybird Beetle,European Striped Shield Bug
val/00671_Animalia_Arthropoda_Insecta_Hymenoptera_Andrenidae_Andrena_cineraria/fcf44cc2-9de9-4fc2-835f-d72fe275a06a.jpg,33,1717,0,1717,231,33,1709,80,0.023040771484375,0.0177154541015625,0.0165252685546875,0.01157379150390625,0.00812530517578125,1,3,Ashy Mining Bee,Silver-haired Bat,Bank Vole,Ashy Mining Bee,Domestic Cat,Alfalfa Looper
val/00743_Animalia_Arthropoda_Insecta_Hymenoptera_Formicidae_Camponotus_floridanus/cdcf6d0f-88f9-4bba-b502-30bffc4c7bfc.jpg,37,503,0,503,37,1096,1112,3,0.04559326171875,0.029296875,0.0289764404296875,0.0285797119140625,0.0252685546875,1,2,Florida Carpenter Ant,Silver-sided Sector Spider,Florida Carpenter Ant,Spilostethus saxatilis,Velvety Tree Ant,Johnson's Jumping Spider
val/00799_Animalia_Arthropoda_Insecta_Hymenoptera_Sphecidae_Ammophila_procera/00876247-3ced-4d31-94a6-6a2e3bec8aee.jpg,41,1351,0,1351,41,1363,1350,1114,0.172607421875,0.07867431640625,0.044219970703125,0.038116455078125,0.0252227783203125,1,2,Common Thread-waisted Wasp,Blue-tipped Dancer,Common Thread-waisted Wasp,Black-shouldered Spinyleg,Springwater Dancer,Great Black Wasp
val/00799_Animalia_Arthropoda_Insecta_Hymenoptera_Sphecidae_Ammophila_procera/6f5b01b4-3a16-4c28-8750-86a8379f67d3.jpg,41,1364,0,1364,41,1401,1070,42,0.06158447265625,0.041015625,0.0250091552734375,0.0236358642578125,0.0223388671875,1,2,Common Thread-waisted Wasp,Cobra Clubtail,Common Thread-waisted Wasp,Dark Bush-cricket,Dioctria hyalipennis,Western Paper Wasp
val/00819_Animalia_Arthropoda_Insecta_Hymenoptera_Vespidae_Mischocyttarus_flavitarsis/e1aa87ca-c64a-4c8a-a791-f1241cb3613f.jpg,42,538,0,538,1116,1117,535,42,0.12451171875,0.10546875,0.08770751953125,0.049468994140625,0.043365478515625,1,5,Western Paper Wasp,Northern Paper Wasp,Golden Paper Wasp,Australian Paper Wasp,Ancistrocerus adiabatus,Western Paper Wasp
val/00819_Animalia_Arthropoda_Insecta_Hymenoptera_Vespidae_Mischocyttarus_flavitarsis/13c5b910-0b2e-4f05-808d-ac0a7d0c41e7.jpg,42,1117,0,1117,539,42,1116,535,0.08807373046875,0.07379150390625,0.07354736328125,0.0638427734375,0.063720703125,1,3,Western Paper Wasp,Australian Paper Wasp,Polistes instabilis,Western Paper Wasp,Golden Paper Wasp,Ancistrocerus adiabatus
val/00858_Animalia_Arthropoda_Insecta_Lepidoptera_Crambidae_Achyra_rantalis/710df14e-0481-4969-84c4-0c934dc6145b.jpg,43,1137,0,1137,43,1170,1171,1153,0.2296142578125,0.1009521484375,0.0662841796875,0.05126953125,0.05035400390625,1,2,Garden Webworm Moth,Forage Looper Moth,Garden Webworm Moth,Red-bordered Wave,Red-headed Inchworm Moth,Dark-banded Owlet
val/00859_Animalia_Arthropoda_Insecta_Lepidoptera_Crambidae_Agriphila_straminella/5345cb02-18e6-4bf5-9310-141c4819fbf4.jpg,44,1337,0,1337,1244,1140,48,44,0.0660400390625,0.06512451171875,0.03875732421875,0.036529541015625,0.032073974609375,1,5,Pearl Veneer,Mediterranean Mantis,Unknown Wainscot,Lead-colored Lichen Moth,Snowy Urola Moth,Pearl Veneer
val/00949_Animalia_Arthropoda_Insecta_Lepidoptera_Crambidae_Urola_nivalis/4597b89f-c586-4967-9342-7d6383e604f1.jpg,48,1161,0,1161,548,48,1341,1244,0.07342529296875,0.0557861328125,0.05169677734375,0.04730224609375,0.035064697265625,1,3,Snowy Urola Moth,Common White Wave,Gold-stripe Grass-veneer,Snowy Urola Moth,Say's Mantidfly,Unknown Wainscot
val/00949_Animalia_Arthropoda_Insecta_Lepidoptera_Crambidae_Urola_nivalis/b13ab786-51ba-45d9-8a3c-47d84a3774c7.jpg,48,543,0,543,48,84,1245,1254,0.385986328125,0.08331298828125,0.019500732421875,0.017608642578125,0.017425537109375,1,2,Snowy Urola Moth,Box Tree Moth,Snowy Urola Moth,Green Silver-lines,Fluid Arches,Western Bean Cutworm Moth
val/00987_Animalia_Arthropoda_Insecta_Lepidoptera_Erebidae_Bulia_deducta/6a115c13-7009-4bb2-adfe-aac598ff3245.jpg,49,1468,0,1468,1093,687,49,1461,0.044891357421875,0.022003173828125,0.020233154296875,0.0200347900390625,0.017333984375,1,4,Deduced Graphic,Southern Red-backed Salamander,Leptoglossus zonatus,Eurasian Crag Martin,Deduced Graphic,Agile Frog
val/00998_Animalia_Arthropoda_Insecta_Lepidoptera_Erebidae_Catocala_ilia/01fce9bc-be97-49ea-ab0f-6eb88549537a.jpg,51,550,0,550,51,50,1145,1293,0.2117919921875,0.060028076171875,0.05426025390625,0.02972412109375,0.0286102294921875,1,2,Ilia Underwing,The Bride,Ilia Underwing,Woody Underwing,Bird Dropping Lichen Moth,New Zealand Red Admiral
val/01047_Animalia_Arthropoda_Insecta_Lepidoptera_Erebidae_Hypena_bijugalis/9973104f-32cc-4525-bc4d-eba90703dccc.jpg,52,1277,0,1277,52,46,523,81,0.10546875,0.0526123046875,0.0333251953125,0.0269775390625,0.0231781005859375,1,2,Dimorphic Bomolocha Moth,Common Baron,Dimorphic Bomolocha Moth,Titian Peale's Crambid,Green Burgundy Stink Bug,Small Mossy Lithacodia
val/01076_Animalia_Arthropoda_Insecta_Lepidoptera_Erebidae_Melipotis_acontioides/eaca893d-1eab-4f0f-9572-e3569370a36b.jpg,53,1245,0,1245,1236,1341,53,1244,0.0833740234375,0.0321044921875,0.03082275390625,0.0193328857421875,0.0156707763671875,1,4,Royal Poinciana Moth,Fluid Arches,Grote's Sallow Moth,Say's Mantidfly,Royal Poinciana Moth,Unknown Wainscot
val/01297_Animalia_Arthropoda_Insecta_Lepidoptera_Geometridae_Probole_amicaria/7013e6de-9432-4de0-8a6f-3a868a71b7d0.jpg,60,561,0,561,1329,1182,60,569,0.1650390625,0.039703369140625,0.027252197265625,0.0202789306640625,0.01849365234375,1,4,Alien Probole Moth,Clay Triple-Lines,Maple Leaftier,Tissue Moth,Alien Probole Moth,The Gem
val/01297_Animalia_Arthropoda_Insecta_Lepidoptera_Geometridae_Probole_amicaria/36b18780-0ec2-4930-b62f-0cc322007f86.jpg,60,1147,0,1147,561,60,1153,58,0.1336669921875,0.05596923828125,0.04827880859375,0.047088623046875,0.03955078125,1,3,Alien Probole Moth,The Snout,Clay Triple-Lines,Alien Probole Moth,Dark-banded Owlet,Riband Wave
val/01314_Animalia_Arthropoda_Insecta_Lepidoptera_Geometridae_Tetracis_cachexiata/4f7a30c2-6d25-4fb4-a956-939756dd5873.jpg,61,1141,0,1141,556,1136,61,12,0.01068878173828125,0.008636474609375,0.00811767578125,0.007091522216796875,0.007049560546875,1,4,White Slant-line,Buff Footman,Agreeable Tiger Moth,Brunia antica,White Slant-line,Hadda Beetle
val/01314_Animalia_Arthropoda_Insecta_Lepidoptera_Geometridae_Tetracis_cachexiata/39673490-98a0-4ee9-b51a-77def5ea50f1.jpg,61,565,0,565,561,61,598,46,0.068359375,0.040863037109375,0.029388427734375,0.02569580078125,0.023345947265625,1,3,White Slant-line,Three-spotted Fillip,Clay Triple-Lines,White Slant-line,Mottled Emigrant,Titian Peale's Crambid
val/01346_Animalia_Arthropoda_Insecta_Lepidoptera_Hesperiidae_Burnsius_philetas/a9cb748d-72fb-479a-8468-89f02271aead.jpg,64,55,0,55,1273,1274,592,64,0.068603515625,0.0673828125,0.053070068359375,0.0233612060546875,0.021881103515625,1,5,Desert Checkered-Skipper,Latticed Heath,Common Crow Butterfly,Blue-spotted Crow Butterfly,Red Cracker,Desert Checkered-Skipper
val/01362_Animalia_Arthropoda_Insecta_Lepidoptera_Hesperiidae_Erynnis_juvenalis/f8f1241f-1348-477e-9f63-34038f9ec29b.jpg,65,1200,0,1200,65,1189,1201,1191,0.1732177734375,0.1243896484375,0.0712890625,0.034942626953125,0.0268402099609375,1,2,Juvenal's Duskywing,Northern Cloudywing,Juvenal's Duskywing,Horace's Duskywing,Northern Broken-Dash,Dun Skipper
val/01374_Animalia_Arthropoda_Insecta_Lepidoptera_Hesperiidae_Iambrix_salsala/61183fa6-7a2d-4e64-a23b-bf14b9c5ff73.jpg,66,1193,0,1193,1190,63,1196,66,0.1148681640625,0.0838623046875,0.0545654296875,0.05352783203125,0.047821044921875,1,5,Chestnut Bob,Leonard's Skipper,Dion Skipper,Least Skipper,Large Skipper,Chestnut Bob
val/01393_Animalia_Arthropoda_Insecta_Lepidoptera_Hesperiidae_Polites_mystic/b1d3caa2-80e8-4faa-ac61-7b2090be57a3.jpg,69,2066,0,2066,1901,1196,1888,69,0.06744384765625,0.06353759765625,0.047119140625,0.040130615234375,0.033599853515625,1,5,Long Dash Skipper,Creeping Bellflower,northern blue flag,Large Skipper,bluebell,Long Dash Skipper
val/01439_Animalia_Arthropoda_Insecta_Lepidoptera_Lycaenidae_Anthene_emolus/a7e4cbff-97ed-4c16-892a-23872a7fc77e.jpg,73,577,0,577,1220,73,1208,1219,0.33447265625,0.111083984375,0.08087158203125,0.01971435546875,0.0193939208984375,1,3,Common Ciliate Blue,Striped Hairstreak,Banded Hairstreak,Common Ciliate Blue,Plains Cupid,Common Line Blue
val/01455_Animalia_Arthropoda_Insecta_Lepidoptera_Lycaenidae_Catochrysops_strabo/db3db79f-41d3-4657-bf6a-5a87ba4501b0.jpg,74,76,0,76,1284,1208,576,74,0.060272216796875,0.0455322265625,0.032379150390625,0.0204315185546875,0.0203094482421875,1,5,Forget-me-not,Mazarine Blue,Dryad,Plains Cupid,Idas Blue,Forget-me-not
val/01455_Animalia_Arthropoda_Insecta_Lepidoptera_Lycaenidae_Catochrysops_strabo/931f66dc-0b07-4d89-b111-554209aa9cb0.jpg,74,1208,0,1208,74,79,73,78,0.271484375,0.1650390625,0.093017578125,0.03466796875,0.024322509765625,1,2,Forget-me-not,Plains Cupid,Forget-me-not,Coral Hairstreak,Common Ciliate Blue,Marine Blue
val/01458_Animalia_Arthropoda_Insecta_Lepidoptera_Lycaenidae_Celastrina_ladon/6a8297d6-4d71-4461-9916-e5290f468bca.jpg,75,1206,0,1206,75,1216,74,1207,0.376953125,0.1837158203125,0.140625,0.043975830078125,0.0181121826171875,1,2,Spring Azure,Echo Azure,Spring Azure,Malayan,Forget-me-not,Lime Blue
val/01469_Animalia_Arthropoda_Insecta_Lepidoptera_Lycaenidae_Cyaniris_semiargus/41f185b7-2435-43b2-ae20-4f1bed180920.jpg,76,1208,0,1208,76,74,1221,1211,0.2091064453125,0.12646484375,0.0802001953125,0.06317138671875,0.057159423828125,1,2,Mazarine Blue,Plains Cupid,Mazarine Blue,Forget-me-not,Mallow Scrub-Hairstreak,Green-underside Blue
val/01649_Animalia_Arthropoda_Insecta_Lepidoptera_Noctuidae_Lithacodia_musta/736207a6-733f-480e-8c5e-45c9c0174715.jpg,81,1090,0,1090,583,81,569,1235,0.05047607421875,0.042449951171875,0.042266845703125,0.0333251953125,0.0290679931640625,1,3,Small Mossy Lithacodia,Northern Dog-day Cicada,Four-spotted Moth,Small Mossy Lithacodia,The Gem,Dusky Groundling
val/01653_Animalia_Arthropoda_Insecta_Lepidoptera_Noctuidae_Maliattha_synochitis/756ca6e1-64e3-42cc-9666-19f116a09271.jpg,82,582,0,582,82,111,1331,49,0.05377197265625,0.04815673828125,0.0197296142578125,0.0171051025390625,0.0160064697265625,1,2,Black-dotted Maliattha,Small Bird-dropping Moth,Black-dotted Maliattha,Bidens Borer Moth,Ragweed Borer,Deduced Graphic
val/01691_Animalia_Arthropoda_Insecta_Lepidoptera_Noctuidae_Ponometia_semiflava/edd6969d-dd5f-4e27-ab45-ff4b103d3b06.jpg,83,1329,0,1329,83,110,512,1058,0.09161376953125,0.057769775390625,0.0390625,0.03387451171875,0.0163726806640625,1,2,Half-yellow Moth,Maple Leaftier,Half-yellow Moth,Filbertworm Moth,Canada Thistle Bud Weevil,Margined Shining Leaf Chafer
val/01729_Animalia_Arthropoda_Insecta_Lepidoptera_Nolidae_Pseudoips_prasinana/5632a431-1a35-46d6-8c21-b79570d4e27d.jpg,84,1176,0,1176,84,1302,303,565,0.1641845703125,0.1068115234375,0.04296875,0.0291290283203125,0.0212554931640625,1,2,Green Silver-lines,Red-fringed Emerald,Green Silver-lines,Yellow Angled Sulphur,sawbrier,Three-spotted Fillip
val/01729_Animalia_Arthropoda_Insecta_Lepidoptera_Nolidae_Pseudoips_prasinana/f4022001-92db-4435-bb18-f9e086ab8906.jpg,84,61,0,61,84,1085,62,48,0.0992431640625,0.040191650390625,0.039642333984375,0.0286102294921875,0.0213623046875,1,2,Green Silver-lines,White Slant-line,Green Silver-lines,Green Leafhopper,Yellow Slant-line,Snowy Urola Moth
val/01748_Animalia_Arthropoda_Insecta_Lepidoptera_Notodontidae_Peridea_angulosa/d8c605fb-2104-4513-9b7d-c3460a50212e.jpg,85,1448,0,1448,85,1139,1146,1447,0.039642333984375,0.0254058837890625,0.024017333984375,0.0232696533203125,0.01503753662109375,1,2,Angulose Prominent Moth,Fowler's Toad,Angulose Prominent Moth,Sad Underwing Moth,White-lined Snout,Great Plains Toad
val/01802_Animalia_Arthropoda_Insecta_Lepidoptera_Nymphalidae_Brenthis_ino/ef8b7843-463a-4791-b6fe-9b34ff644f7d.jpg,86,1266,0,1266,86,1268,99,588,0.1929931640625,0.170166015625,0.118408203125,0.061553955078125,0.051544189453125,1,2,Lesser Marbled Fritillary,American Meadow Fritillary,Lesser Marbled Fritillary,Gabb's Checkerspot,Fatal Metalmark,Harris's Checkerspot
val/01840_Animalia_Arthropoda_Insecta_Lepidoptera_Nymphalidae_Dryas_iulia/c2ac54ca-62d9-483b-96b5-0ea69384cfa3.jpg,88,1276,0,1276,88,1214,90,1027,0.0909423828125,0.0806884765625,0.041473388671875,0.03021240234375,0.01904296875,1,2,Julia Butterfly,Mexican Fritillary,Julia Butterfly,Purple-shot Copper,Red-spotted Admiral,Greenhouse Millipede
val/02034_Animalia_Arthropoda_Insecta_Lepidoptera_Papilionidae_Papilio_thoas/e5c97831-4fbc-48f2-a3e3-3b212be1cf24.jpg,94,1291,0,1291,1327,1298,1124,94,0.03863525390625,0.0222320556640625,0.0189208984375,0.0166473388671875,0.01556396484375,1,5,Thoas Swallowtail,Common Jester,Privet Hawkmoth,Black Swallowtail,Cucumber Moth,Thoas Swallowtail
val/02077_Animalia_Arthropoda_Insecta_Lepidoptera_Pieridae_Glutophrissa_drusilla/fdf2f3f7-bd82-433e-9c3c-fe53f8a34a3d.jpg,96,61,0,61,1085,1089,96,613,0.042938232421875,0.0223236083984375,0.0188140869140625,0.01849365234375,0.0174713134765625,1,4,Florida White,White Slant-line,Green Leafhopper,Coppery Leafhopper,Florida White,North American Slender Bluet
val/02145_Animalia_Arthropoda_Insecta_Lepidoptera_Riodinidae_Melanis_pixe/e401144d-9326-4301-b064-e6270647c605.jpg,100,510,0,510,100,1131,1049,1095,0.025482177734375,0.019622802734375,0.01873779296875,0.01186370849609375,0.01049041748046875,1,2,Red-bordered Pixie,Poplar Leaf Beetle,Red-bordered Pixie,Raspberry Pyrausta Moth,Spotless Ladybird,Spilostethus pandurus
val/02149_Animalia_Arthropoda_Insecta_Lepidoptera_Saturniidae_Anisota_senatoria/c17a7560-54da-4841-a918-a6d4b681e8d9.jpg,101,108,0,108,144,5,101,6,0.1561279296875,0.0994873046875,0.0985107421875,0.07244873046875,0.05609130859375,1,4,Orange-tipped Oakworm Moth,Pine Hawk-Moth,Green Salamander,Eastern Bark Centipede,Orange-tipped Oakworm Moth,Giant Desert Centipede
val/02211_Animalia_Arthropoda_Insecta_Lepidoptera_Sphingidae_Paonias_excaecata/570121a6-daa8-4476-8f5e-e5c39b98d705.jpg,107,1317,0,1317,52,107,1127,603,0.1151123046875,0.04351806640625,0.042083740234375,0.0369873046875,0.0230255126953125,1,3,Blinded Sphinx Moth,Lettered Sphinx Moth,Dimorphic Bomolocha Moth,Blinded Sphinx Moth,Poroporo fruit borer,Rosy Tabby
val/02211_Animalia_Arthropoda_Insecta_Lepidoptera_Sphingidae_Paonias_excaecata/9c2dfb35-28c3-4c31-9e2c-ba653ca791b8.jpg,107,1127,0,1127,107,603,1262,1317,0.0826416015625,0.059478759765625,0.058837890625,0.039398193359375,0.037353515625,1,2,Blinded Sphinx Moth,Poroporo fruit borer,Blinded Sphinx Moth,Rosy Tabby,Black-rimmed Prominent Moth,Lettered Sphinx Moth
val/02235_Animalia_Arthropoda_Insecta_Lepidoptera_Tortricidae_Argyrotaenia_velutinana/4cea50ee-ca8a-4822-85af-c3b7fd99cd27.jpg,109,1330,0,1330,109,512,637,1329,0.0297088623046875,0.0286102294921875,0.0252532958984375,0.016937255859375,0.0150604248046875,1,2,Red-banded Leafroller,Spruce Budworm,Red-banded Leafroller,Canada Thistle Bud Weevil,Green Toad,Maple Leaftier
val/02235_Animalia_Arthropoda_Insecta_Lepidoptera_Tortricidae_Argyrotaenia_velutinana/433b273e-3be3-4ebe-ad39-f5bc2d131a7d.jpg,109,110,0,110,109,579,1332,82,0.11846923828125,0.086669921875,0.06964111328125,0.06719970703125,0.033843994140625,1,2,Red-banded Leafroller,Filbertworm Moth,Red-banded Leafroller,Grateful Midget,Aster Eucosma Moth,Black-dotted Maliattha
val/02246_Animalia_Arthropoda_Insecta_Lepidoptera_Tortricidae_Cydia_latiferreana/440f1bb0-f033-4f04-b579-76ec2e20a4e0.jpg,110,98,0,98,110,626,1331,1145,0.1318359375,0.0224761962890625,0.0195159912109375,0.0185089111328125,0.01422119140625,1,2,Filbertworm Moth,Darker Moodna Moth,Filbertworm Moth,giant red-winged grasshopper,Ragweed Borer,Bird Dropping Lichen Moth
val/02249_Animalia_Arthropoda_Insecta_Lepidoptera_Tortricidae_Epiblema_otiosana/59d4e1b3-5f15-4e36-9285-ef8b1adccaad.jpg,111,1145,0,1145,1333,111,1465,109,0.048980712890625,0.04791259765625,0.035430908203125,0.0251007080078125,0.02130126953125,1,3,Bidens Borer Moth,Bird Dropping Lichen Moth,Sparganothis Fruitworm,Bidens Borer Moth,Spot-legged Treefrog,Red-banded Leafroller
val/02303_Animalia_Arthropoda_Insecta_Neuroptera_Myrmeleontidae_Libelloides_coccajus/9f543f0c-9d3c-40d1-a2f3-3517f938abf8.jpg,115,1344,0,1344,115,1346,1619,621,0.05712890625,0.05517578125,0.02874755859375,0.0176239013671875,0.0166168212890625,1,2,Owly Sulphur,Southern Hawker,Owly Sulphur,Migrant Hawker,Magnolia Warbler,Painted Skimmer
val/02332_Animalia_Arthropoda_Insecta_Odonata_Calopterygidae_Calopteryx_maculata/36df78c2-cbd6-427e-a2dd-3bbde52a3c26.jpg,116,611,0,611,116,1362,1348,1078,0.50927734375,0.240966796875,0.02764892578125,0.0181732177734375,0.011688232421875,1,2,Ebony Jewelwing,Copper Demoiselle,Ebony Jewelwing,Black-banded Gossamerwing,River Jewelwing,Dusky-winged Hover Fly
val/02427_Animalia_Arthropoda_Insecta_Odonata_Gomphidae_Erpetogomphus_designatus/312a76d4-f5d3-4c8a-8deb-257ca180288f.jpg,119,1351,0,1351,119,1376,1363,41,0.1754150390625,0.0911865234375,0.04254150390625,0.029296875,0.0273895263671875,1,2,Eastern Ringtail,Blue-tipped Dancer,Eastern Ringtail,Black-lined Skimmer,Black-shouldered Spinyleg,Common Thread-waisted Wasp
val/02432_Animalia_Arthropoda_Insecta_Odonata_Gomphidae_Hagenius_brevistylus/85481d8e-8926-4ffb-92f5-21b621592827.jpg,120,1364,0,1364,120,1363,1376,1359,0.78564453125,0.06463623046875,0.034271240234375,0.01110076904296875,0.01030731201171875,1,2,Dragonhunter,Cobra Clubtail,Dragonhunter,Black-shouldered Spinyleg,Black-lined Skimmer,Common Baskettail
val/02463_Animalia_Arthropoda_Insecta_Odonata_Lestidae_Lestes_virens/f5ffbf69-cfff-4ec7-8776-5bff3944682c.jpg,121,1366,0,1366,1368,121,1367,617,0.51025390625,0.060577392578125,0.03436279296875,0.024658203125,0.0205841064453125,1,3,Small Spreadwing,Southern Spreadwing,Lyre-tipped Spreadwing,Small Spreadwing,Amber-winged Spreadwing,Beaverpond Baskettail
val/02527_Animalia_Arthropoda_Insecta_Odonata_Libellulidae_Neurothemis_taiwanensis/f9fe8fb9-aa3b-4848-bbbb-40b516be8597.jpg,122,1385,0,1385,618,621,122,615,0.1431884765625,0.1058349609375,0.09869384765625,0.06365966796875,0.029449462890625,1,4,Neurothemis taiwanensis,Yellow-striped Flutterer,Halloween Pennant,Painted Skimmer,Neurothemis taiwanensis,Red and Blue Damsel
val/02527_Animalia_Arthropoda_Insecta_Odonata_Libellulidae_Neurothemis_taiwanensis/b1234649-9de0-47f1-909f-7fd8eda3a9bd.jpg,122,1369,0,1369,122,1387,1388,615,0.11566162109375,0.111572265625,0.08245849609375,0.0611572265625,0.049041748046875,1,2,Neurothemis taiwanensis,Swamp Spreadwing,Neurothemis taiwanensis,Twister,Red-veined Dropwing,Red and Blue Damsel
val/02770_Animalia_Chordata_Actinopterygii_Cypriniformes_Cyprinidae_Rhinichthys_atratulus/04adb275-8013-452a-a106-eb1f20483e5a.jpg,129,128,0,128,129,1440,629,1434,0.29541015625,0.028533935546875,0.02471923828125,0.0226593017578125,0.015716552734375,1,2,Blacknose Dace,Bluntnose Minnow,Blacknose Dace,Brook Trout,Brook stickleback,Atlantic Croaker
val/02884_Animalia_Chordata_Actinopterygii_Perciformes_Serranidae_Paralabrax_clathratus/6e0c423b-a143-4515-a575-36dd8436ddf5.jpg,138,136,0,136,1427,1444,1432,138,0.0755615234375,0.048492431640625,0.0440673828125,0.04034423828125,0.036376953125,1,5,Kelp Bass,Indo-Pacific Sergeant Major,Mayan Cichlid,Three-barred Porcupinefish,Caribbean Bluehead Wrasse,Kelp Bass
val/02973_Animalia_Chordata_Amphibia_Anura_Craugastoridae_Pristimantis_achatinus/6ad502df-2987-4611-83b4-adc2f9385def.jpg,141,1465,0,1465,141,1454,630,242,0.47314453125,0.1905517578125,0.038299560546875,0.00864410400390625,0.00780487060546875,1,2,Cachabi Robber Frog,Spot-legged Treefrog,Cachabi Robber Frog,Pine Woods Tree Frog,Green Sunfish,Brown Basilisk
val/03014_Animalia_Chordata_Amphibia_Anura_Pelodryadidae_Litoria_fallax/6383cd02-785f-4d9b-822c-f5f9b380bb0e.jpg,142,639,0,639,142,1454,1464,1465,0.2685546875,0.0687255859375,0.058074951171875,0.026214599609375,0.0246429443359375,1,2,Eastern Dwarf Treefrog,Mexican Giant Tree Frog,Eastern Dwarf Treefrog,Pine Woods Tree Frog,Robust Kajika Frog,Spot-legged Treefrog
val/03070_Animalia_Chordata_Amphibia_Caudata_Plethodontidae_Aneides_aeneus/644dc8f9-ec30-49c8-b70d-f35850a53971.jpg,144,996,0,996,1442,1813,144,1809,0.352294921875,0.1580810546875,0.1378173828125,0.07501220703125,0.0220947265625,1,4,Green Salamander,mountain spleenwort,Pacific Trumpetfish,porpidia lichen,Green Salamander,Candleflame Lichen
val/03258_Animalia_Chordata_Aves_Anseriformes_Anatidae_Melanitta_perspicillata/399172c6-aacd-4415-b938-469637f79cdd.jpg,150,652,0,652,150,1507,1485,655,0.31591796875,0.3037109375,0.04620361328125,0.043701171875,0.03515625,1,2,Surf Scoter,Greater Scaup,Surf Scoter,Marbled Murrelet,American Black Duck,Black Scoter
val/03258_Animalia_Chordata_Aves_Anseriformes_Anatidae_Melanitta_perspicillata/c04ddd7e-6019-4c8d-a8e6-dae767ae33bf.jpg,150,1552,0,1552,1507,150,1485,655,0.09869384765625,0.07122802734375,0.05889892578125,0.055694580078125,0.04107666015625,1,3,Surf Scoter,Common Loon,Marbled Murrelet,Surf Scoter,American Black Duck,Black Scoter
val/03358_Animalia_Chordata_Aves_Charadriiformes_Charadriidae_Charadrius_obscurus/2c1b85a4-694d-466d-9831-ffeccffa7094.jpg,155,1511,0,1511,691,1510,155,1628,0.1771240234375,0.0601806640625,0.0562744140625,0.038970947265625,0.037078857421875,1,4,Red-breasted Dotterel,White-fronted Plover,Grassveld Pipit,Double-banded Plover,Red-breasted Dotterel,Italian Sparrow
val/03364_Animalia_Chordata_Aves_Charadriiformes_Charadriidae_Charadrius_wilsonia/2bc63049-96ea-4d54-a50a-feaf1854e9e2.jpg,156,1528,0,1528,156,661,1511,662,0.181884765625,0.128662109375,0.0772705078125,0.052490234375,0.0186920166015625,1,2,Wilson's Plover,Spotted Sandpiper,Wilson's Plover,Solitary Sandpiper,White-fronted Plover,Marsh Sandpiper
val/03367_Animalia_Chordata_Aves_Charadriiformes_Charadriidae_Pluvialis_dominica/89cf177e-9875-41c9-ae7c-8278a84682b9.jpg,157,1533,0,1533,157,1514,679,675,0.11285400390625,0.055816650390625,0.046142578125,0.045989990234375,0.0411376953125,1,2,American Golden-Plover,Eurasian Curlew,American Golden-Plover,Red-wattled Lapwing,Carrion Crow,Common Crane
val/03410_Animalia_Chordata_Aves_Charadriiformes_Laridae_Larus_cachinnans/503220e3-cbb4-425e-9944-e1f22fd7b20a.jpg,162,1521,0,1521,162,211,1518,227,0.043121337890625,0.021209716796875,0.020660400390625,0.01971435546875,0.0174560546875,1,2,Caspian Gull,Herring Gull,Caspian Gull,Black-crowned Night Heron,Slender-billed Gull,New Zealand Sea Lion
val/03417_Animalia_Chordata_Aves_Charadriiformes_Laridae_Larus_glaucescens/493609a5-e3f2-4606-8257-2cf5b47c5460.jpg,163,668,0,668,1527,163,1517,1520,0.11663818359375,0.0906982421875,0.057769775390625,0.0438232421875,0.040283203125,1,3,Glaucous-winged Gull,Cape Turtle Dove,Royal Tern,Glaucous-winged Gull,Grey-hooded Gull,Mediterranean Gull
val/03481_Animalia_Chordata_Aves_Charadriiformes_Scolopacidae_Numenius_madagascariensis/657155bd-a963-474a-95e2-0a6ad19cca55.jpg,164,1534,0,1534,164,1700,1531,1495,0.2137451171875,0.1087646484375,0.0246734619140625,0.01374053955078125,0.01210784912109375,1,2,Far Eastern Curlew,Willet,Far Eastern Curlew,Minke Whale,Western Sandpiper,Common Eider
val/03635_Animalia_Chordata_Aves_Galliformes_Phasianidae_Pavo_cristatus/727710d0-c4f1-4da9-88e3-2573bd525199.jpg,167,1551,0,1551,167,710,1715,1494,0.07574462890625,0.0679931640625,0.045318603515625,0.0202484130859375,0.01806640625,1,2,Common Peafowl,Dusky Grouse,Common Peafowl,Black-faced Ibis,American Black Bear,Spur-winged Goose
val/03715_Animalia_Chordata_Aves_Passeriformes_Cardinalidae_Passerina_ciris/4d6e0fbf-e7ea-4f7f-b32b-34906dd5b783.jpg,169,1099,0,1099,169,1046,1049,510,0.054656982421875,0.050048828125,0.0372314453125,0.037139892578125,0.036468505859375,1,2,Painted Bunting,Florida Predatory Stink Bug,Painted Bunting,Seven-spotted Ladybird Beetle,Spotless Ladybird,Poplar Leaf Beetle
val/03719_Animalia_Chordata_Aves_Passeriformes_Cardinalidae_Pheucticus_chrysopeplus/ec189d92-3acd-4eb8-928c-27a8d8fb5bc6.jpg,170,2007,0,2007,2203,170,1927,2208,0.0771484375,0.056304931640625,0.0165557861328125,0.0148162841796875,0.01398468017578125,1,3,Yellow Grosbeak,Carline Thistle,Bladder Pod,Yellow Grosbeak,Clubhair Mariposa Lily,twisted acacia
val/03728_Animalia_Chordata_Aves_Passeriformes_Certhiidae_Certhia_americana/e2fe56dd-62bf-4966-8ecf-28ade166f194.jpg,171,1811,0,1811,715,171,714,1812,0.07037353515625,0.057525634765625,0.053924560546875,0.0465087890625,0.04345703125,1,3,Brown Creeper,Powder-headed Tube Lichen,American Three-toed Woodpecker,Brown Creeper,Acorn Woodpecker,tree moss
val/03778_Animalia_Chordata_Aves_Passeriformes_Corvidae_Pyrrhocorax_graculus/ff812350-8dda-4cbf-8f51-5e1e729ac469.jpg,174,168,0,168,658,174,1556,1554,0.0665283203125,0.06524658203125,0.048309326171875,0.035125732421875,0.026702880859375,1,3,Alpine Chough,Black Crake,Sooty Oystercatcher,Alpine Chough,Dusky Moorhen,Slate-colored Coot
val/03778_Animalia_Chordata_Aves_Passeriformes_Corvidae_Pyrrhocorax_graculus/6c1484e9-d119-4998-8713-056957c8a99a.jpg,174,658,0,658,1516,174,168,1636,0.105712890625,0.09881591796875,0.080078125,0.038818359375,0.0228424072265625,1,3,Alpine Chough,Sooty Oystercatcher,African Oystercatcher,Alpine Chough,Black Crake,Common Mynah
val/03860_Animalia_Chordata_Aves_Passeriformes_Hirundinidae_Stelgidopteryx_ruficollis/08809793-3d29-4dd9-ac95-513291634ef0.jpg,179,1582,0,1582,1580,177,179,1581,0.50146484375,0.1468505859375,0.1229248046875,0.06341552734375,0.0105133056640625,1,4,Southern Rough-winged Swallow,Northern Rough-winged Swallow,Pacific Swallow,Barn Swallow,Southern Rough-winged Swallow,Cave Swallow
val/03860_Animalia_Chordata_Aves_Passeriformes_Hirundinidae_Stelgidopteryx_ruficollis/7a12dce7-0ae7-4ee0-8a4c-767faf9bfecd.jpg,179,706,0,706,179,1652,1582,1608,0.044677734375,0.03363037109375,0.0325927734375,0.0308990478515625,0.022796630859375,1,2,Southern Rough-winged Swallow,Eastern Phoebe,Southern Rough-winged Swallow,Willow Flycatcher,Northern Rough-winged Swallow,Asian Brown Flycatcher
val/04084_Animalia_Chordata_Aves_Passeriformes_Parulidae_Setophaga_ruticilla/0e8bfaa4-8c56-4153-adf4-c759a6295d0f.jpg,191,1616,0,1616,191,195,1587,1589,0.384033203125,0.06378173828125,0.0498046875,0.040802001953125,0.0205841064453125,1,2,American Redstart,Slate-throated Redstart,American Redstart,Eastern Towhee,Baltimore Oriole,Black-cowled Oriole
val/04138_Animalia_Chordata_Aves_Passeriformes_Petroicidae_Eopsaltria_australis/c639a3e1-d988-4565-8394-f3ff9429af3b.jpg,196,707,0,707,210,705,196,1631,0.132080078125,0.072998046875,0.052520751953125,0.0225982666015625,0.019805908203125,1,4,Eastern Yellow Robin,Western Kingbird,Boat-billed Heron,Rusty-margined Flycatcher,Eastern Yellow Robin,Gray Silky-flycatcher
val/04142_Animalia_Chordata_Aves_Passeriformes_Petroicidae_Petroica_macrocephala/d3bd9a17-ce75-406c-bbc1-8a457b48215a.jpg,197,1641,0,1641,1633,693,197,1597,0.09320068359375,0.053741455078125,0.03948974609375,0.0146331787109375,0.014373779296875,1,4,Tomtit,Bananaquit,New Zealand Fantail,Grey Wagtail,Tomtit,Blue-faced Honeyeater
val/04178_Animalia_Chordata_Aves_Passeriformes_Regulidae_Regulus_ignicapilla/f07e8842-4029-441b-84c1-ed28c9289780.jpg,198,1645,0,1645,1598,242,198,1361,0.10302734375,0.0653076171875,0.040863037109375,0.0287017822265625,0.0200958251953125,1,4,Common Firecrest,Marsh Wren,Lewin's Honeyeater,Brown Basilisk,Common Firecrest,Tau Emerald
val/04203_Animalia_Chordata_Aves_Passeriformes_Sylviidae_Chamaea_fasciata/fd622a27-0ce7-4fce-a903-7be8e9898642.jpg,200,706,0,706,1637,1547,200,2422,0.020843505859375,0.0157928466796875,0.00817108154296875,0.007648468017578125,0.00751495361328125,1,4,Wrentit,Eastern Phoebe,Violet-backed Starling,Merlin,Wrentit,common hoptree
val/04228_Animalia_Chordata_Aves_Passeriformes_Thraupidae_Saltator_coerulescens/3924d41b-0765-4c07-bd5f-2151d9863c7a.jpg,201,1661,0,1661,201,1545,1543,1649,0.08856201171875,0.032806396484375,0.0289764404296875,0.0231475830078125,0.0227813720703125,1,2,Grayish Saltator,Bare-throated Tiger Heron,Grayish Saltator,Fan-tailed Cuckoo,Indian Roller,Pale-breasted Thrush
val/04245_Animalia_Chordata_Aves_Passeriformes_Thraupidae_Thraupis_episcopus/f91b7498-2364-4b60-837d-a866bd753427.jpg,202,1576,0,1576,202,1567,1649,1544,0.357421875,0.1058349609375,0.0712890625,0.043182373046875,0.02264404296875,1,2,Blue-gray Tanager,Blue-breasted Cordonbleu,Blue-gray Tanager,Florida Scrub Jay,Pale-breasted Thrush,Turquoise-browed Motmot
val/04295_Animalia_Chordata_Aves_Passeriformes_Tyrannidae_Contopus_sordidulus/44b78d0a-42bb-4448-bd39-8fa3174ea12b.jpg,204,1608,0,1608,706,1652,1561,204,0.18994140625,0.09326171875,0.071533203125,0.066650390625,0.0390625,1,5,Western Wood-Pewee,Asian Brown Flycatcher,Eastern Phoebe,Willow Flycatcher,Booted Warbler,Western Wood-Pewee
val/04313_Animalia_Chordata_Aves_Passeriformes_Tyrannidae_Myiarchus_cinerascens/eb0c7b7b-fadf-463a-bffc-609b72d5e005.jpg,207,1561,0,1561,207,1620,1621,1603,0.250732421875,0.13427734375,0.08258056640625,0.02032470703125,0.020263671875,1,2,Ash-throated Flycatcher,Booted Warbler,Ash-throated Flycatcher,Grasshopper Sparrow,LeConte's Sparrow,Tree Pipit
val/04350_Animalia_Chordata_Aves_Passeriformes_Zosteropidae_Zosterops_japonicus/5ed98efd-41ee-4e75-8812-7e3d108782ef.jpg,208,709,0,709,183,208,1629,189,0.2347412109375,0.195068359375,0.09832763671875,0.028076171875,0.02642822265625,1,3,Warbling White-eye,Cape White-eye,White-plumed Honeyeater,Warbling White-eye,Village Weaver,Hooded Warbler
val/04372_Animalia_Chordata_Aves_Pelecaniformes_Ardeidae_Cochlearius_cochlearius/de18e670-5272-4c88-8aba-ad59fe465014.jpg,210,1634,0,1634,702,1834,1435,210,0.0312347412109375,0.0238800048828125,0.0213623046875,0.01517486572265625,0.0149383544921875,1,5,Boat-billed Heron,Pygmy Nuthatch,Eurasian Nuthatch,Western Jack-o'-lantern Mushroom,Red Drum,Boat-billed Heron
val/04419_Animalia_Chordata_Aves_Phoenicopteriformes_Phoenicopteridae_Phoenicopterus_ruber/dea3e8fd-0466-4be9-a30f-227d7a5482ea.jpg,213,1665,0,1665,213,1659,1537,1490,0.0928955078125,0.0916748046875,0.01061248779296875,0.00771331787109375,0.006320953369140625,1,2,American Flamingo,Lesser Flamingo,American Flamingo,Squacco Heron,Yellow-billed Stork,Black Swan
val/04578_Animalia_Chordata_Aves_Suliformes_Phalacrocoracidae_Phalacrocorax_pelagicus/03d23921-d245-4fa9-ada2-71ed4593ac8d.jpg,216,719,0,719,216,150,1554,1700,0.130615234375,0.1273193359375,0.08868408203125,0.06787109375,0.04449462890625,1,2,Pelagic Cormorant,Sooty Shearwater,Pelagic Cormorant,Surf Scoter,Slate-colored Coot,Minke Whale
val/04596_Animalia_Chordata_Aves_Trogoniformes_Trogonidae_Trogon_rufus/78365c31-5ce1-466b-8a76-4f7c15e8c8a8.jpg,218,170,0,170,1619,196,218,1544,0.06085205078125,0.06024169921875,0.0511474609375,0.040191650390625,0.0234527587890625,1,4,Black-throated Trogon,Yellow Grosbeak,Magnolia Warbler,Eastern Yellow Robin,Black-throated Trogon,Turquoise-browed Motmot
val/04609_Animalia_Chordata_Elasmobranchii_Orectolobiformes_Ginglymostomatidae_Ginglymostoma_cirratum/ba9c4013-ae5c-42eb-8186-0408d04d70fc.jpg,219,1438,0,1438,219,136,1708,1428,0.2109375,0.1697998046875,0.038360595703125,0.0294647216796875,0.0235595703125,1,2,Nurse Shark,Great Barracuda,Nurse Shark,Indo-Pacific Sergeant Major,Common Dolphin,Old Wife
val/04641_Animalia_Chordata_Mammalia_Artiodactyla_Bovidae_Tragelaphus_oryx/5917b6be-b3cc-46fa-ab04-e33887af2b7a.jpg,221,1703,0,1703,1701,724,229,221,0.1884765625,0.070556640625,0.062408447265625,0.053863525390625,0.038726806640625,1,5,Eland,Bontebok/Blesbok,Nilgai,Blue Wildebeest,Western Grey Kangaroo,Eland
val/04654_Animalia_Chordata_Mammalia_Artiodactyla_Cervidae_Odocoileus_virginianus/cbe839cf-aab7-4b3c-90ed-53d5fd18e411.jpg,222,1704,0,1704,1706,1703,222,1707,0.0682373046875,0.03515625,0.035125732421875,0.030181884765625,0.0203857421875,1,4,White-tailed Deer,Bush Duiker,Axis Deer,Bontebok/Blesbok,White-tailed Deer,Red Deer
val/04708_Animalia_Chordata_Mammalia_Carnivora_Otariidae_Phocarctos_hookeri/f0e4542c-ffd4-40e1-a74b-490f2dd127b4.jpg,227,728,0,728,1713,727,1495,227,0.083984375,0.0301971435546875,0.01380157470703125,0.01313018798828125,0.01128387451171875,1,5,New Zealand Sea Lion,Northern Elephant Seal,Hawaiian Monk Seal,Stoat,Common Eider,New Zealand Sea Lion
val/04708_Animalia_Chordata_Mammalia_Carnivora_Otariidae_Phocarctos_hookeri/1716547e-14f6-4278-96df-5329a25a48dc.jpg,227,717,0,717,1485,227,1554,1694,0.246337890625,0.041534423828125,0.039581298828125,0.0265655517578125,0.02557373046875,1,3,New Zealand Sea Lion,Horned Grebe,American Black Duck,New Zealand Sea Lion,Slate-colored Coot,Little Black Cormorant
val/04732_Animalia_Chordata_Mammalia_Dermoptera_Cynocephalidae_Galeopterus_variegatus/706be221-52b8-4569-8a7e-0a403b9e08e7.jpg,228,1142,0,1142,228,1185,586,1272,0.02728271484375,0.01554107666015625,0.0119171142578125,0.01148223876953125,0.009429931640625,1,2,Sunda Flying Lemur,Erebus ephesperis,Sunda Flying Lemur,Hoary Edge,Tropical Leafwing Butterfly,Woodland Ringlet
val/04732_Animalia_Chordata_Mammalia_Dermoptera_Cynocephalidae_Galeopterus_variegatus/619e8f69-3c26-448b-bf15-ec7544f7c778.jpg,228,1731,0,1731,1689,228,215,1736,0.04132080078125,0.03839111328125,0.033416748046875,0.0281829833984375,0.0252685546875,1,3,Sunda Flying Lemur,Siberian Chipmunk,Morepork,Sunda Flying Lemur,Eastern Screech-Owl,Yucatán Squirrel
val/04736_Animalia_Chordata_Mammalia_Diprotodontia_Macropodidae_Macropus_fuliginosus/400f338c-f172-4648-9647-e8afadba93f2.jpg,229,1737,0,1737,1724,1732,229,729,0.0645751953125,0.05731201171875,0.055419921875,0.038909912109375,0.0279693603515625,1,4,Western Grey Kangaroo,Round-tailed Ground Squirrel,Olive Baboon,South African Ground Squirrel,Western Grey Kangaroo,Swamp Wallaby
val/04736_Animalia_Chordata_Mammalia_Diprotodontia_Macropodidae_Macropus_fuliginosus/03271829-8cfd-404e-ad6f-0ed6aa773288.jpg,229,1707,0,1707,229,221,1703,729,0.052947998046875,0.0516357421875,0.0455322265625,0.039398193359375,0.0179901123046875,1,2,Western Grey Kangaroo,Red Deer,Western Grey Kangaroo,Eland,Bontebok/Blesbok,Swamp Wallaby
val/04964_Animalia_Chordata_Reptilia_Squamata_Colubridae_Tantilla_gracilis/be8ae38d-18d7-4124-aa3a-675b2f2ddae6.jpg,240,741,0,741,240,638,738,35,0.1446533203125,0.0941162109375,0.039520263671875,0.030517578125,0.0252685546875,1,2,Flat-headed Snake,Western Groundsnake,Flat-headed Snake,Blanchard's Cricket Frog,Smooth Greensnake,Elm Sawfly
val/04977_Animalia_Chordata_Reptilia_Squamata_Colubridae_Zamenis_longissimus/3eb3b1d9-d9b6-4605-a8b3-1b247eb00794.jpg,241,1751,0,1751,247,241,2418,245,0.0430908203125,0.030731201171875,0.030670166015625,0.025177001953125,0.0242462158203125,1,3,Aesculapian Snake,Northern Watersnake,Western Rattlesnake,Aesculapian Snake,Gumbo Limbo,Mole Snake
val/05124_Animalia_Chordata_Reptilia_Squamata_Viperidae_Sistrurus_catenatus/b8465f22-7b33-4990-8c80-94f903084d2d.jpg,248,1742,0,1742,1775,736,248,741,0.28369140625,0.110107421875,0.0543212890625,0.04693603515625,0.0206756591796875,1,4,Massasauga,Mud Snake,Eastern Diamondback Rattlesnake,Chihuahuan Nightsnake,Massasauga,Western Groundsnake
val/05273_Animalia_Mollusca_Gastropoda_Littorinimorpha_Strombidae_Aliger_gigas/a294cb89-8af0-4b8d-b3f0-8757b789bc3a.jpg,251,1816,0,1816,1702,725,1842,251,0.0228271484375,0.01739501953125,0.0145111083984375,0.014312744140625,0.01392364501953125,1,5,Queen Conch,White Saddle,Domestic Goat,Domestic Sheep,Ear fungus,Queen Conch
val/05277_Animalia_Mollusca_Gastropoda_Neogastropoda_Buccinidae_Buccinum_undatum/c62f2a2e-b151-4958-bf52-9a5e598ce7e3.jpg,252,1816,0,1816,1797,252,264,251,0.08953857421875,0.07696533203125,0.04229736328125,0.02880859375,0.01374053955078125,1,3,Common Whelk,White Saddle,Arabic Volute,Common Whelk,Yellow Stainer,Queen Conch
val/05291_Animalia_Mollusca_Gastropoda_Neogastropoda_Olividae_Americoliva_sayana/5d721264-a08c-440b-b8e6-ff5f225fb46b.jpg,254,757,0,757,254,1791,1792,753,0.14111328125,0.06597900390625,0.0526123046875,0.035919189453125,0.034637451171875,1,2,Lettered Olive,Rosy Wolfsnail,Lettered Olive,Giant Floater Mussel,Pacific Littleneck Clam,Eastern Elliptio
val/05323_Animalia_Mollusca_Gastropoda_Nudibranchia_Phyllidiidae_Phyllidia_varicosa/96a8d39f-730b-495e-9ba2-8c16c68884d1.jpg,256,1286,0,1286,256,755,1428,260,0.08966064453125,0.07330322265625,0.03369140625,0.020050048828125,0.0180816650390625,1,2,Varicose Wart Slug,Mexican Bluewing,Varicose Wart Slug,Black-margined Nudibranch,Old Wife,Lined Chiton
val/05330_Animalia_Mollusca_Gastropoda_Stylommatophora_Achatinidae_Rumina_decollata/dba5649b-842c-49a3-ac3d-182045a14488.jpg,257,1804,0,1804,1802,257,1398,126,0.1256103515625,0.0386962890625,0.02935791015625,0.02899169921875,0.0242462158203125,1,3,Decollate Snail,Robust Lancetooth Snail,Pacific Banana Slug,Decollate Snail,Wart-biter,Virile Crayfish
val/05350_Animalia_Mollusca_Gastropoda_Stylommatophora_Helicidae_Helix_lucorum/ad535ffe-9ce7-4e8b-8e3b-f40e848d0e25.jpg,259,1804,0,1804,1803,264,259,763,0.0982666015625,0.06658935546875,0.0330810546875,0.0276947021484375,0.0243072509765625,1,4,Turkish Snail,Robust Lancetooth Snail,California Lancetooth Snail,Yellow Stainer,Turkish Snail,Spring Fieldcap
val/05350_Animalia_Mollusca_Gastropoda_Stylommatophora_Helicidae_Helix_lucorum/1080a4d4-8289-400b-ab02-72ccce5dcda5.jpg,259,258,0,258,259,260,1794,1806,0.267822265625,0.19384765625,0.049346923828125,0.0321044921875,0.025543212890625,1,2,Turkish Snail,White-lipped Snail,Turkish Snail,Lined Chiton,Channeled Applesnail,Chocolate-band Snail
val/05387_Animalia_Mollusca_Polyplacophora_Chitonida_Tonicellidae_Tonicella_lineata/36fffe9d-603a-4444-a7c4-0463a37264b2.jpg,260,1470,0,1470,260,1800,533,1805,0.1993408203125,0.09759521484375,0.057525634765625,0.03521728515625,0.0249176025390625,1,2,Lined Chiton,Golden Star Tunicate,Lined Chiton,rough-mantled dorid,Immigrant Pavement Ant,Garden Snail
val/05477_Fungi_Basidiomycota_Agaricomycetes_Agaricales_Agaricaceae_Chlorophyllum_molybdites/9bd107be-7871-420e-8b4b-63186d562217.jpg,265,1818,0,1818,265,1841,1821,1837,0.493408203125,0.2178955078125,0.0665283203125,0.0374755859375,0.02264404296875,1,2,green-spored parasol,Meadow Mushroom,green-spored parasol,Mulch Maids,False Death-cap,Panaeolus antillarum
val/05541_Fungi_Basidiomycota_Agaricomycetes_Agaricales_Mycenaceae_Roridomyces_austrororidus/067ad31e-c39c-46d5-937e-e1f2ccec6ed1.jpg,268,1463,0,1463,1204,770,1112,268,0.037506103515625,0.0308837890625,0.0234832763671875,0.0219268798828125,0.019805908203125,1,5,Roridomyces austrororidus,Italian Agile Frog,Henry's Elfin,Coral-pink Merulius,Velvety Tree Ant,Roridomyces austrororidus
val/05756_Plantae_Bryophyta_Bryopsida_Hypnales_Thuidiaceae_Thuidium_delicatulum/84606db8-3154-44d8-87bc-cfa00a7d8e11.jpg,276,774,0,774,1867,276,775,1883,0.235595703125,0.099365234375,0.07244873046875,0.03411865234375,0.03076171875,1,3,delicate fern moss,Oregon Beaked Moss,Ostrich-plume Moss,delicate fern moss,Red-stemmed Feather Moss,Climbing asparagus
val/05764_Plantae_Chlorophyta_Ulvophyceae_Bryopsidales_Codiaceae_Codium_fragile/e720fb1a-1e01-4834-b67a-2d010791238f.jpg,277,24,0,24,393,1877,277,384,0.04925537109375,0.0379638671875,0.037567138671875,0.036102294921875,0.0218048095703125,1,4,Sponge Weed,Hemlock Woolly Adelgid,Taiwan Acacia,Three-cornered Leek,Sponge Weed,Red Heath
val/05769_Plantae_Marchantiophyta_Jungermanniopsida_Porellales_Radulaceae_Radula_complanata/c02bccf9-5581-4d8d-bae5-4b5ebdb257e6.jpg,278,1868,0,1868,496,2477,276,278,0.2247314453125,0.1578369140625,0.0826416015625,0.07012939453125,0.041229248046875,1,5,Flat-leaved Scalewort,Wall Screw-moss,brittle bladderfern,drooping filmy fern,delicate fern moss,Flat-leaved Scalewort
val/05837_Plantae_Tracheophyta_Liliopsida_Asparagales_Amaryllidaceae_Allium_cernuum/87ec50fc-5379-4822-9e81-f65906ef62ab.jpg,281,2017,0,2017,1157,954,1301,281,0.0259857177734375,0.018585205078125,0.0118255615234375,0.011810302734375,0.01108551025390625,1,5,nodding onion,common elephant's-foot,Ornate Bella Moth,old man's beard,Clodius Parnassian,nodding onion
val/05878_Plantae_Tracheophyta_Liliopsida_Asparagales_Asparagaceae_Asparagus_acutifolius/cef05a1f-207d-49ab-9048-b2e2b1c38d18.jpg,283,955,0,955,387,956,5,283,0.0298919677734375,0.0188140869140625,0.0185089111328125,0.016143798828125,0.01192474365234375,1,5,Spiny Asparagus,Pipestem Clematis,Prickly mingimingi,Puawhananga,Eastern Bark Centipede,Spiny Asparagus
val/05881_Plantae_Tracheophyta_Liliopsida_Asparagales_Asparagaceae_Asparagus_officinalis/74fe5b2c-b8b9-4eff-82e4-9ae0849fc9d8.jpg,284,2499,0,2499,284,2032,875,373,0.05108642578125,0.02484130859375,0.01873779296875,0.016632080078125,0.0164031982421875,1,2,asparagus,skeleton fork fern,asparagus,California Broomsage,maidenhair vine,Stinging Serpent
val/05916_Plantae_Tracheophyta_Liliopsida_Asparagales_Asparagaceae_Muscari_neglectum/d48fcb54-c134-4da6-a9c7-628041f3b038.jpg,286,983,0,983,286,2296,2242,2243,0.10552978515625,0.05181884765625,0.04754638671875,0.044097900390625,0.0245208740234375,1,2,Grape hyacinth,Blue Waterleaf,Grape hyacinth,American alpine speedwell,trumpet gentian,greater fringed gentian
val/06018_Plantae_Tracheophyta_Liliopsida_Asparagales_Orchidaceae_Dactylorhiza_fuchsii/1e522eff-c6a0-4015-893b-e688764d83da.jpg,291,1915,0,1915,2262,153,917,291,0.1212158203125,0.07806396484375,0.0738525390625,0.06298828125,0.0305328369140625,1,5,Common Spotted Orchid,giant orchid,Catnip,Black-chinned Hummingbird,Common Toothwort,Common Spotted Orchid
val/06054_Plantae_Tracheophyta_Liliopsida_Asparagales_Orchidaceae_Neottia_nidus-avis/78947c21-6ded-43c5-998a-98d03a7461dd.jpg,293,2278,0,2278,293,2160,2097,1918,0.07318115234375,0.057830810546875,0.05145263671875,0.0283660888671875,0.0166168212890625,1,2,bird's-nest orchid,bear corn,bird's-nest orchid,woodland pinedrops,prince's plume,Man Orchid
val/06097_Plantae_Tracheophyta_Liliopsida_Asparagales_Orchidaceae_Spiranthes_lacera/c58fdf22-be24-4ba1-8333-67270be84e8f.jpg,296,803,0,803,296,364,1918,1915,0.490478515625,0.41455078125,0.01284027099609375,0.004703521728515625,0.00289154052734375,1,2,Slender Ladies' Tresses,Spring Ladies' Tresses,Slender Ladies' Tresses,alpine bistort,Man Orchid,giant orchid
val/06097_Plantae_Tracheophyta_Liliopsida_Asparagales_Orchidaceae_Spiranthes_lacera/2a7f2fa9-3941-4d12-8ef9-fc16b9dca787.jpg,296,803,0,803,296,2107,2099,1919,0.30029296875,0.2242431640625,0.06451416015625,0.0261688232421875,0.0239715576171875,1,2,Slender Ladies' Tresses,Spring Ladies' Tresses,Slender Ladies' Tresses,Plains Snakecotton,Tower Mustard,small green wood orchid
val/06157_Plantae_Tracheophyta_Liliopsida_Liliales_Liliaceae_Erythronium_oregonum/89a56367-04bd-4c75-ad8d-dff40d71f024.jpg,297,2369,0,2369,1912,353,297,1931,0.040863037109375,0.0313720703125,0.0203399658203125,0.01983642578125,0.0166778564453125,1,4,giant white fawn lily,yellow columbine,New Zealand Bamboo Orchid,Mignonette vine,giant white fawn lily,Canada lily
val/06165_Plantae_Tracheophyta_Liliopsida_Liliales_Liliaceae_Fritillaria_recurva/f1460333-6cd5-4aa8-b84a-02c966ad3971.jpg,298,2370,0,2370,298,2277,481,1880,0.050079345703125,0.0380859375,0.02874755859375,0.0226593017578125,0.0215911865234375,1,2,scarlet fritillary,western columbine,scarlet fritillary,Texas Paintbrush,red morning glory,red spider lily
val/06176_Plantae_Tracheophyta_Liliopsida_Liliales_Liliaceae_Lilium_pardalinum/a38a2d1f-da17-4fc0-974d-2ca857379d23.jpg,300,1932,0,1932,300,2158,2382,1880,0.23974609375,0.216552734375,0.0267333984375,0.0227813720703125,0.01849365234375,1,2,Leopard Lily,Turk's-cap lily,Leopard Lily,Fire Heath,Trollius asiaticus,red spider lily
val/06295_Plantae_Tracheophyta_Liliopsida_Poales_Cyperaceae_Schoenoplectus_pungens/1103a81b-0e45-4248-b039-71c261215b6e.jpg,305,1940,0,1940,305,1929,781,300,0.2186279296875,0.1256103515625,0.06719970703125,0.050689697265625,0.025115966796875,1,2,common three-square,sea clubrush,common three-square,Butterfly Mariposa Lily,wild garlic,Leopard Lily
val/06461_Plantae_Tracheophyta_Lycopodiopsida_Lycopodiales_Lycopodiaceae_Dendrolycopodium_obscurum/f41c3931-8688-4bd7-8ab0-7c87528a794f.jpg,311,990,0,990,311,1867,494,2477,0.158203125,0.0906982421875,0.06793212890625,0.05450439453125,0.032928466796875,1,2,princess pine,red spruce,princess pine,Ostrich-plume Moss,Hen and Chicks Fern,drooping filmy fern
val/06554_Plantae_Tracheophyta_Magnoliopsida_Apiales_Araliaceae_Fatsia_japonica/4e8b0ba7-949d-4fd6-ba79-72aefaeaa6a4.jpg,314,961,0,961,459,314,475,1983,0.136962890625,0.0697021484375,0.0499267578125,0.0252227783203125,0.015899658203125,1,3,Japanese aralia,white mulberry,Korean mulberry,Japanese aralia,field maple,Goutweed
val/06562_Plantae_Tracheophyta_Magnoliopsida_Apiales_Araliaceae_Panax_trifolius/c274b95e-b08c-436d-b8eb-02356366c2e9.jpg,315,829,0,829,2311,315,2017,2302,0.09356689453125,0.035247802734375,0.0305633544921875,0.0293731689453125,0.0289154052734375,1,3,dwarf ginseng,Siam weed,flowering spurge,dwarf ginseng,common elephant's-foot,lanceleaf fogfruit
val/06568_Plantae_Tracheophyta_Magnoliopsida_Apiales_Araliaceae_Schefflera_actinophylla/145eec47-f467-45cb-af61-9b31d843f919.jpg,316,2153,0,2153,461,1995,405,316,0.0411376953125,0.0401611328125,0.031524658203125,0.0301666259765625,0.0201568603515625,1,5,Octopus Tree,red elderberry,Loquat,five finger,Coast silk tassel,Octopus Tree
val/06590_Plantae_Tracheophyta_Magnoliopsida_Asterales_Asteraceae_Achillea_millefolium/f80a38cf-84ac-4721-bfdb-e9636aedc414.jpg,318,1990,0,1990,318,1991,1992,1989,0.2230224609375,0.11456298828125,0.07550048828125,0.05816650390625,0.037200927734375,1,2,common yarrow,Burnet-saxifrage,common yarrow,Moon Carrot,water parsnip,Fine-leaved Water-dropwort
val/06609_Plantae_Tracheophyta_Magnoliopsida_Asterales_Asteraceae_Ambrosia_salsola/10bca316-447c-4c3f-b651-92f94d1c43b5.jpg,319,2081,0,2081,319,2134,2082,2037,0.273681640625,0.11285400390625,0.043548583984375,0.0333251953125,0.0230865478515625,1,2,common burrobrush,Palmer's crinklemat,common burrobrush,Seacliff Wild Buckwheat,fan-leaved tiquilia,Emory's rock daisy
val/06716_Plantae_Tracheophyta_Magnoliopsida_Asterales_Asteraceae_Cirsium_texanum/f0737e20-2de0-481f-8698-1430149b2a32.jpg,322,849,0,849,343,322,296,1911,0.024749755859375,0.0132598876953125,0.01253509521484375,0.01049041748046875,0.0088348388671875,1,3,Texas Thistle,Venus' looking-glass,Sheep's-bit,Texas Thistle,Slender Ladies' Tresses,Leopard Orchid
val/06818_Plantae_Tracheophyta_Magnoliopsida_Asterales_Asteraceae_Helenium_amarum/7cf52beb-4bc5-46e9-bb61-e7273e84d397.jpg,328,831,0,831,2012,328,340,2040,0.2115478515625,0.11102294921875,0.10211181640625,0.077880859375,0.05584716796875,1,3,Bitterweed,Lance-leaved Coreopsis,Prairie Coreopsis,Bitterweed,common dandelion,meadow hawkweed
val/06843_Plantae_Tracheophyta_Magnoliopsida_Asterales_Asteraceae_Hymenopappus_artemisiifolius/b47f42de-72fe-44f4-b6cc-e9421b09aea1.jpg,329,817,0,817,1993,2441,329,2264,0.153564453125,0.14404296875,0.0401611328125,0.0352783203125,0.030731201171875,1,4,Old Plainsman,great masterwort,common hedge parsley,Early Saxifrage,Old Plainsman,purple sage
val/06874_Plantae_Tracheophyta_Magnoliopsida_Asterales_Asteraceae_Leucanthemum_vulgare/d4fe3c52-5358-4c3d-9e1a-a6bdd7307900.jpg,330,341,0,341,2031,833,330,327,0.09869384765625,0.0654296875,0.051513671875,0.04083251953125,0.0369873046875,1,4,oxeye daisy,tree marigold,whitedaisy tidytips,purple coneflower,oxeye daisy,great blanketflower
val/06893_Plantae_Tracheophyta_Magnoliopsida_Asterales_Asteraceae_Melanthera_nivea/9c1f5997-f206-43f8-b8ce-e661304c8b8e.jpg,331,2001,0,2001,331,2003,846,829,0.140380859375,0.09228515625,0.0633544921875,0.03253173828125,0.03179931640625,1,2,Snow Squarestem,billygoat weed,Snow Squarestem,New Zealand Everlastingflower,Tridax daisy,Siam weed
val/06893_Plantae_Tracheophyta_Magnoliopsida_Asterales_Asteraceae_Melanthera_nivea/1775c089-44aa-4864-a839-9638d86b9468.jpg,331,2001,0,2001,2000,822,829,331,0.1536865234375,0.09576416015625,0.058990478515625,0.058868408203125,0.057830810546875,1,5,Snow Squarestem,billygoat weed,Shrubby boneset,bluemink,Siam weed,Snow Squarestem
val/06901_Plantae_Tracheophyta_Magnoliopsida_Asterales_Asteraceae_Nabalus_albus/e2ead8bb-b074-41ba-a4ce-bb3e94ec9a39.jpg,332,789,0,789,332,287,954,1273,0.1396484375,0.11334228515625,0.0567626953125,0.053436279296875,0.01947021484375,1,2,white rattlesnakeroot,Onion-Leafed Asphodel,white rattlesnakeroot,Branched Asphodel,old man's beard,Common Crow Butterfly
val/06901_Plantae_Tracheophyta_Magnoliopsida_Asterales_Asteraceae_Nabalus_albus/b1595c60-342f-47ac-9f75-848c7c2e269f.jpg,332,979,0,979,980,2336,332,2140,0.1494140625,0.11944580078125,0.021270751953125,0.018310546875,0.0168914794921875,1,4,white rattlesnakeroot,striped maple,sugar maple,rose of Sharon,white rattlesnakeroot,Round-leaved Dogwood
val/06972_Plantae_Tracheophyta_Magnoliopsida_Asterales_Asteraceae_Senecio_glastifolius/3df4c50e-b693-4343-84d5-456bb09562a9.jpg,336,330,0,330,2034,2051,336,2019,0.160400390625,0.0848388671875,0.0830078125,0.07391357421875,0.06134033203125,1,4,Woad-leaved ragwort,oxeye daisy,blackfoot daisy,smooth blue aster,Woad-leaved ragwort,annual fleabane
val/06990_Plantae_Tracheophyta_Magnoliopsida_Asterales_Asteraceae_Silphium_terebinthinaceum/a1d22900-f876-4c6b-aee1-21ed08be04a2.jpg,337,2085,0,2085,1907,337,406,2427,0.1282958984375,0.062164306640625,0.031402587890625,0.0181121826171875,0.01556396484375,1,3,prairie dock,Horseradish,showy lady's slipper,prairie dock,American columbo,silver maple
val/07005_Plantae_Tracheophyta_Magnoliopsida_Asterales_Asteraceae_Solidago_rugosa/2c5b1295-9d2a-4fee-adf4-a4ff3213db56.jpg,338,428,0,428,338,2096,2103,2048,0.299072265625,0.08966064453125,0.08636474609375,0.034454345703125,0.017974853515625,1,2,common wrinkle-leaved goldenrod,Dark Mullein,common wrinkle-leaved goldenrod,Wild Mustard,yellow mignonette,early goldenrod
val/07047_Plantae_Tracheophyta_Magnoliopsida_Asterales_Asteraceae_Tithonia_tubaeformis/bad3849e-2e3b-4189-897e-4ae73488d7e4.jpg,341,401,0,401,341,1988,826,2025,0.0777587890625,0.0484619140625,0.0275115966796875,0.024871826171875,0.022552490234375,1,2,tree marigold,Yellow milkwort,tree marigold,Ternate Desert-parsley,white tack-stem,Bristly Ox-Tongue
val/07047_Plantae_Tracheophyta_Magnoliopsida_Asterales_Asteraceae_Tithonia_tubaeformis/93de8571-34d5-451f-a5ee-3ff19628ab6f.jpg,341,2057,0,2057,327,341,2046,831,0.30810546875,0.10809326171875,0.10015869140625,0.09478759765625,0.057525634765625,1,3,tree marigold,Mexican sunflower,great blanketflower,tree marigold,prairie rosinweed,Lance-leaved Coreopsis
val/07139_Plantae_Tracheophyta_Magnoliopsida_Boraginales_Boraginaceae_Echium_plantagineum/12824761-2cd0-46fb-89e4-8020b00af330.jpg,344,289,0,289,1896,457,2329,344,0.03997802734375,0.033599853515625,0.03173828125,0.02984619140625,0.028564453125,1,5,Salvation Jane,Spring Crocus,Douglas iris,eastern pasqueflower,Sweet violet,Salvation Jane
val/07139_Plantae_Tracheophyta_Magnoliopsida_Boraginales_Boraginaceae_Echium_plantagineum/00519e0f-c995-4f62-8b49-7c1c0df976da.jpg,344,1896,0,1896,419,1885,344,2445,0.07177734375,0.017181396484375,0.01441192626953125,0.010223388671875,0.0096893310546875,1,4,Salvation Jane,Douglas iris,Purple paintbrush,Blue Dicks,Salvation Jane,Bush Morning Glory
val/07172_Plantae_Tracheophyta_Magnoliopsida_Boraginales_Boraginaceae_Myosotis_latifolia/4d23a0c0-5d2a-4c1d-a9a8-642f35361016.jpg,345,346,0,346,345,425,2291,2248,0.375,0.08251953125,0.06683349609375,0.02734375,0.0186920166015625,1,2,broadleaf forget-me-not,water forget-me-not,broadleaf forget-me-not,American brooklime,blue water-speedwell,tiny bluet
val/07173_Plantae_Tracheophyta_Magnoliopsida_Boraginales_Boraginaceae_Myosotis_scorpioides/b30fe6a4-605f-4655-a2ed-51922fe8e398.jpg,346,345,0,345,346,855,1887,425,0.157470703125,0.0384521484375,0.0309600830078125,0.0167694091796875,0.009796142578125,1,2,water forget-me-not,broadleaf forget-me-not,water forget-me-not,Tall Bluebell,Spanish Bluebell,American brooklime
val/07236_Plantae_Tracheophyta_Magnoliopsida_Brassicales_Brassicaceae_Cardamine_hirsuta/4f942c7e-5281-4bd5-b38e-f74c3824f0a8.jpg,348,2300,0,2300,2304,348,920,2119,0.146484375,0.11614990234375,0.0330810546875,0.029632568359375,0.028656005859375,1,3,hairy bittercress,Rust Weed,Common vervain,hairy bittercress,Yellow-flowered waterhyssop,Largeleaf Sandwort
val/07364_Plantae_Tracheophyta_Magnoliopsida_Caryophyllales_Cactaceae_Echinocereus_enneacanthus/96d250c1-e471-4271-8331-8b045a904ef2.jpg,354,372,0,372,1962,284,354,913,0.1412353515625,0.048187255859375,0.046234130859375,0.042572021484375,0.0288848876953125,1,4,Strawberry Cactus,crucifixion thorn,squirreltail,asparagus,Strawberry Cactus,humped bladderwort
val/07464_Plantae_Tracheophyta_Magnoliopsida_Caryophyllales_Caryophyllaceae_Stellaria_graminea/8ee2861b-6b41-4987-8254-cc393b8d79bd.jpg,361,2072,0,2072,1903,2322,361,2167,0.07220458984375,0.069091796875,0.054656982421875,0.05047607421875,0.04571533203125,1,4,lesser stitchwort,southern rockbell,Pink Lady Fingers,Pale flax,lesser stitchwort,variable linanthus
val/07552_Plantae_Tracheophyta_Magnoliopsida_Caryophyllales_Polygonaceae_Persicaria_maculosa/99d7e0fc-3321-4680-be35-213d93e1f206.jpg,367,2160,0,2160,367,2196,1904,287,0.06256103515625,0.05975341796875,0.05181884765625,0.033355712890625,0.02862548828125,1,2,redshank,woodland pinedrops,redshank,collared annual lupine,Pacific coralroot,Branched Asphodel
val/07558_Plantae_Tracheophyta_Magnoliopsida_Caryophyllales_Polygonaceae_Polygonum_aviculare/7577c233-0ecf-440a-976a-80d2f57ef22f.jpg,368,2135,0,2135,2390,2385,2453,368,0.201904296875,0.10577392578125,0.059234619140625,0.056488037109375,0.0308685302734375,1,5,prostrate knotweed,Muehlenbeckia axillaris,Mahala mat,Canadian buffalo-berry,African boxthorn,prostrate knotweed
val/07559_Plantae_Tracheophyta_Magnoliopsida_Caryophyllales_Polygonaceae_Polygonum_paronychia/066fa4de-cb27-46d9-83fd-ce9a812abb1a.jpg,369,2300,0,2300,369,368,373,2442,0.268310546875,0.10595703125,0.04656982421875,0.045928955078125,0.023223876953125,1,2,beach knotweed,Rust Weed,beach knotweed,prostrate knotweed,Stinging Serpent,Yellow Saxifrage
val/07567_Plantae_Tracheophyta_Magnoliopsida_Caryophyllales_Polygonaceae_Rumex_hymenosepalus/43f6aa5e-44e0-49dc-aace-953770adaa74.jpg,371,419,0,419,371,422,2433,782,0.050537109375,0.0504150390625,0.0306854248046875,0.0254058837890625,0.0170440673828125,1,2,canaigre dock,Purple paintbrush,canaigre dock,Indian Warrior,Panamint liveforever,Paintbrush lily
val/07567_Plantae_Tracheophyta_Magnoliopsida_Caryophyllales_Polygonaceae_Rumex_hymenosepalus/5493a47f-41a4-4814-a246-face9269374b.jpg,371,2298,0,2298,1987,371,2123,2236,0.2408447265625,0.17138671875,0.04705810546875,0.021240234375,0.02069091796875,1,3,canaigre dock,Common Figwort,Giant Fennel,canaigre dock,Sticky Catchfly,broadleaf milkweed
val/07576_Plantae_Tracheophyta_Magnoliopsida_Celastrales_Celastraceae_Canotia_holacantha/238d1ea3-cd6c-48eb-b324-7e4abaee35e6.jpg,372,279,0,279,372,1971,2201,2393,0.304443359375,0.19580078125,0.06005859375,0.04742431640625,0.019287109375,1,2,crucifixion thorn,longleaf ephedra,crucifixion thorn,switchgrass,little-leaved palo verde,chamise
val/07613_Plantae_Tracheophyta_Magnoliopsida_Cornales_Loasaceae_Mentzelia_hispida/28afe879-c384-457b-9324-2692ee17cdae.jpg,374,2463,0,2463,1927,397,374,943,0.09869384765625,0.039886474609375,0.034149169921875,0.0273590087890625,0.0234832763671875,1,4,Streambank Stickleaf,Arizona poppy,Clubhair Mariposa Lily,Common Flat-pea,Streambank Stickleaf,Large-flowered Evening-primrose
val/07625_Plantae_Tracheophyta_Magnoliopsida_Cucurbitales_Cucurbitaceae_Ecballium_elaterium/e65f6864-b9a7-4bbf-80e2-9574c89e2f0d.jpg,376,429,0,429,442,2174,376,943,0.03607177734375,0.030029296875,0.0225982666015625,0.01971435546875,0.01373291015625,1,4,squirting cucumber,Wand Mullein,Round-leaved Violet,Oxlip,squirting cucumber,Large-flowered Evening-primrose
val/07707_Plantae_Tracheophyta_Magnoliopsida_Ericales_Ericaceae_Arbutus_unedo/288cb539-77b2-4779-ab43-924ea7780f42.jpg,379,2422,0,2422,974,2220,379,2232,0.0186004638671875,0.01837158203125,0.0164642333984375,0.0159912109375,0.01175689697265625,1,4,strawberry tree,common hoptree,oak mistletoe,holly oak,strawberry tree,Lindheimer's silktassel
val/07715_Plantae_Tracheophyta_Magnoliopsida_Ericales_Ericaceae_Calluna_vulgaris/a671f929-f4e5-4146-9622-7756f40f5202.jpg,381,421,0,421,2159,2192,381,800,0.073486328125,0.06585693359375,0.035552978515625,0.0306854248046875,0.0262451171875,1,4,common heather,Red Odontites,Bell Heather,slender bush clover,common heather,Lesser Purple Fringed Orchid
val/07718_Plantae_Tracheophyta_Magnoliopsida_Ericales_Ericaceae_Ceratiola_ericoides/d6b3b576-231e-4da3-8b6c-f38a943f5118.jpg,382,987,0,987,993,2194,382,2291,0.09820556640625,0.04901123046875,0.036773681640625,0.034423828125,0.0260772705078125,1,4,sand heath,Guaiacum coulteri,Hall's totara,Sky Lupine,sand heath,blue water-speedwell
val/07723_Plantae_Tracheophyta_Magnoliopsida_Ericales_Ericaceae_Dracophyllum_longifolium/a9cc6650-d859-4015-a1b6-ad45d4d0c90c.jpg,383,1968,0,1968,326,1957,1939,383,0.195068359375,0.09503173828125,0.07464599609375,0.06646728515625,0.04901123046875,1,5,Inaka,Foxtail Barley,dogfennel,foxtail brome,cardinal airplant,Inaka
val/07732_Plantae_Tracheophyta_Magnoliopsida_Ericales_Ericaceae_Erica_coccinea/6a43b026-311c-4878-9447-fb504babf83b.jpg,384,2164,0,2164,384,1895,916,2157,0.0909423828125,0.0892333984375,0.0667724609375,0.047149658203125,0.039794921875,1,2,Red Heath,American Cranberry,Red Heath,Red Hot Poker,Wight's Paintbrush,honeysuckle heath
val/07732_Plantae_Tracheophyta_Magnoliopsida_Ericales_Ericaceae_Erica_coccinea/8aa46e27-2574-4038-a0e2-3465e674d589.jpg,384,1895,0,1895,2157,2158,384,422,0.51318359375,0.11541748046875,0.090087890625,0.0897216796875,0.020599365234375,1,4,Red Heath,Red Hot Poker,honeysuckle heath,Fire Heath,Red Heath,Indian Warrior
val/07740_Plantae_Tracheophyta_Magnoliopsida_Ericales_Ericaceae_Gaultheria_antipoda/c7c3f330-21ab-4f05-9367-f53a964868d7.jpg,385,2416,0,2416,385,1910,416,2124,0.055328369140625,0.0360107421875,0.019287109375,0.0192413330078125,0.0184326171875,1,2,Gaultheria antipoda,Cape Sumach,Gaultheria antipoda,Elder-flowered Orchid,woolly blue curls,Climbing Sundew
val/07751_Plantae_Tracheophyta_Magnoliopsida_Ericales_Ericaceae_Leptecophylla_juniperina/d9ab1141-e878-4359-9674-0c1018d236fd.jpg,387,2052,0,2052,361,325,2270,387,0.314453125,0.1219482421875,0.0227813720703125,0.015838623046875,0.01446533203125,1,5,Prickly mingimingi,panicled aster,lesser stitchwort,tall boneset,coastal germander,Prickly mingimingi
val/07814_Plantae_Tracheophyta_Magnoliopsida_Ericales_Polemoniaceae_Ipomopsis_longiflora/549a7567-a990-47c8-8f16-284ecefc89f5.jpg,389,789,0,789,2311,2107,879,389,0.267578125,0.03985595703125,0.03924560546875,0.02838134765625,0.016448974609375,1,5,flaxflowered ipomopsis,Onion-Leafed Asphodel,flowering spurge,Plains Snakecotton,Small Scabious,flaxflowered ipomopsis
val/07832_Plantae_Tracheophyta_Magnoliopsida_Ericales_Polemoniaceae_Phlox_longifolia/eb593fb3-81b1-49eb-8e84-3bea19b04c08.jpg,391,2168,0,2168,391,2348,947,857,0.0821533203125,0.06866455078125,0.063720703125,0.030792236328125,0.0299835205078125,1,2,longleaf phlox,Prickly Phlox,longleaf phlox,Pinkladies,Largeflower pink-sorrel,Cuckooflower
val/08083_Plantae_Tracheophyta_Magnoliopsida_Fabales_Fabaceae_Thermopsis_californica/a77bba9a-673c-4256-bd9f-7064f5fd825b.jpg,399,1987,0,1987,399,2091,838,2185,0.06512451171875,0.06396484375,0.03631591796875,0.026153564453125,0.0231781005859375,1,2,California goldenbanner,Giant Fennel,California goldenbanner,Wallflower,Oregon Gumplant,Showy Rattlebox
val/08132_Plantae_Tracheophyta_Magnoliopsida_Fabales_Polygalaceae_Polygala_rugelii/aefe78e4-f43d-4350-beaa-2f8d2bf84d92.jpg,401,1923,0,1923,401,2379,330,1940,0.049468994140625,0.042205810546875,0.02978515625,0.0211334228515625,0.016632080078125,1,2,Yellow milkwort,Carolina Redroot,Yellow milkwort,Multi-flowered Buttercup,oxeye daisy,sea clubrush
val/08220_Plantae_Tracheophyta_Magnoliopsida_Fagales_Myricaceae_Morella_californica/270fc33f-f6bc-4641-8c97-643a97c86915.jpg,404,2004,0,2004,2011,404,853,2006,0.054412841796875,0.0472412109375,0.0313720703125,0.027252197265625,0.01800537109375,1,3,California Wax Myrtle,California mugwort,Tall Thistle,California Wax Myrtle,corn gromwell,Trifid bur-marigold
val/08220_Plantae_Tracheophyta_Magnoliopsida_Fagales_Myricaceae_Morella_californica/f81864c8-1b81-4c2d-b3ae-f09e05a7a548.jpg,404,2004,0,2004,1893,809,2059,404,0.1380615234375,0.09088134765625,0.07061767578125,0.031097412109375,0.0212249755859375,1,5,California Wax Myrtle,California mugwort,Twisted-Leaf Yucca,White Bear Sedge,Smooth Ironweed,California Wax Myrtle
val/08460_Plantae_Tracheophyta_Magnoliopsida_Lamiales_Lamiaceae_Melissa_officinalis/83fd8480-ecf3-4bbb-8bb7-6cc368fc7e3d.jpg,411,2231,0,2231,411,776,971,2362,0.0433349609375,0.038909912109375,0.03082275390625,0.0280609130859375,0.027740478515625,1,2,lemon balm,Silver beech,lemon balm,cat-tongue liverwort,California Blackberry,Greater celandine
val/08482_Plantae_Tracheophyta_Magnoliopsida_Lamiales_Lamiaceae_Salvia_apiana/ed49bc7e-424d-48ae-abef-4cc7df409d2a.jpg,413,2264,0,2264,2230,413,368,307,0.04718017578125,0.03875732421875,0.0250091552734375,0.021331787109375,0.0191192626953125,1,3,white sage,purple sage,bog myrtle,white sage,prostrate knotweed,Annual Meadow-grass
val/08512_Plantae_Tracheophyta_Magnoliopsida_Lamiales_Lamiaceae_Stachys_palustris/c0222dee-4692-401d-9761-bd5f07804939.jpg,415,2256,0,2256,1908,1909,2022,415,0.258544921875,0.08575439453125,0.062042236328125,0.042999267578125,0.040557861328125,1,5,Marsh Woundwort,Common Hedge-nettle,Early Marsh-orchid,Broad-leaved Marsh Orchid,spotted Joe-Pye-weed,Marsh Woundwort
val/08583_Plantae_Tracheophyta_Magnoliopsida_Lamiales_Orobanchaceae_Castilleja_purpurea/1caf2b36-45e8-471e-8de3-38b6102408c6.jpg,419,450,0,450,360,419,307,369,0.04425048828125,0.042938232421875,0.03948974609375,0.036712646484375,0.03271484375,1,3,Purple paintbrush,red pagoda,ragged-Robin,Purple paintbrush,Annual Meadow-grass,beach knotweed
val/08592_Plantae_Tracheophyta_Magnoliopsida_Lamiales_Orobanchaceae_Epifagus_virginiana/e46e468f-a851-4564-9a86-d4303f63a86c.jpg,420,315,0,315,2441,874,420,1817,0.0733642578125,0.0380859375,0.034759521484375,0.0279693603515625,0.01537322998046875,1,4,Beechdrops,dwarf ginseng,Early Saxifrage,Naked Buckwheat,Beechdrops,Candlesnuff Fungus
val/08633_Plantae_Tracheophyta_Magnoliopsida_Lamiales_Phrymaceae_Phryma_leptostachya/2e8feb74-e7bc-4be9-9fcb-d4f910a68338.jpg,424,335,0,335,424,2262,339,2362,0.316162109375,0.11773681640625,0.03240966796875,0.0247039794921875,0.02227783203125,1,2,American lopseed,leafcup,American lopseed,Catnip,prickly sowthistle,Greater celandine
val/08633_Plantae_Tracheophyta_Magnoliopsida_Lamiales_Phrymaceae_Phryma_leptostachya/48bf5e20-586c-4a4c-a835-209dc9991267.jpg,424,837,0,837,476,424,332,969,0.0462646484375,0.04608154296875,0.04486083984375,0.0264434814453125,0.0240325927734375,1,3,American lopseed,White Wood Aster,Red Buckeye,American lopseed,white rattlesnakeroot,Chinese Photinia
val/08687_Plantae_Tracheophyta_Magnoliopsida_Lamiales_Plantaginaceae_Veronica_americana/9a8d34ca-fec2-4eab-807e-25eb87909de3.jpg,425,2302,0,2302,425,2001,2322,2328,0.049224853515625,0.0259857177734375,0.020721435546875,0.0194549560546875,0.01788330078125,1,2,American brooklime,lanceleaf fogfruit,American brooklime,billygoat weed,Pale flax,Miracle Violet
val/08719_Plantae_Tracheophyta_Magnoliopsida_Lamiales_Scrophulariaceae_Verbascum_virgatum/262d0558-e908-4bfc-911a-c8a9bf0877d1.jpg,429,1856,0,1856,1195,429,797,1308,0.01465606689453125,0.01421356201171875,0.01335906982421875,0.00974273681640625,0.00954437255859375,1,3,Wand Mullein,Bay Polypore,Rural Skipper,Wand Mullein,Sawfly Orchid,Lyside Sulphur
val/08757_Plantae_Tracheophyta_Magnoliopsida_Magnoliales_Annonaceae_Asimina_triloba/50cebdf9-d745-4179-a8ca-ab9dce40e10b.jpg,432,332,0,332,2388,432,433,2272,0.15771484375,0.10009765625,0.0826416015625,0.0687255859375,0.0562744140625,1,3,common pawpaw,white rattlesnakeroot,red mulberry,common pawpaw,umbrella magnolia,white ash
val/08773_Plantae_Tracheophyta_Magnoliopsida_Malpighiales_Euphorbiaceae_Croton_glandulosus/8e795815-c361-4814-b699-cf1aa9e6f69e.jpg,435,369,0,369,2198,1999,829,435,0.259033203125,0.032501220703125,0.02685546875,0.022308349609375,0.0215606689453125,1,5,Tropic Croton,beach knotweed,bur clover,San Felipe dogweed,Siam weed,Tropic Croton
val/08804_Plantae_Tracheophyta_Magnoliopsida_Malpighiales_Euphorbiaceae_Euphorbia_ophthalmica/c480d053-0e3f-4375-81d9-b10e7db6828d.jpg,436,2312,0,2312,477,436,2137,351,0.07666015625,0.07659912109375,0.0740966796875,0.048248291015625,0.041168212890625,1,3,Florida Hammock Sandmat,Fendler's sandmat,jade plant,Florida Hammock Sandmat,Purslane,Mountain Horopito
val/08818_Plantae_Tracheophyta_Magnoliopsida_Malpighiales_Euphorbiaceae_Manihot_esculenta/96d985bf-1b2b-44df-aa33-66c90bb6b78f.jpg,437,476,0,476,437,926,316,907,0.3154296875,0.180419921875,0.0848388671875,0.0225372314453125,0.0221099853515625,1,2,Cassava,Red Buckeye,Cassava,Lindheimer's Doveweed,Octopus Tree,Red Psychotria
val/08834_Plantae_Tracheophyta_Magnoliopsida_Malpighiales_Hypericaceae_Hypericum_perforatum/d069acb3-fc38-49f3-978f-440daae8f996.jpg,438,2101,0,2101,2207,438,2442,823,0.1072998046875,0.08123779296875,0.07781982421875,0.0439453125,0.0276947021484375,1,3,Klamath weed,Bladderpod,gorse,Klamath weed,Yellow Saxifrage,San Diego County Viguiera
val/08834_Plantae_Tracheophyta_Magnoliopsida_Malpighiales_Hypericaceae_Hypericum_perforatum/9fe5f8af-7f7d-43a1-ae20-94386c82dc12.jpg,438,2101,0,2101,2207,438,321,429,0.08892822265625,0.06732177734375,0.054901123046875,0.051483154296875,0.04901123046875,1,3,Klamath weed,Bladderpod,gorse,Klamath weed,tickseed beggar-ticks,Wand Mullein
val/08878_Plantae_Tracheophyta_Magnoliopsida_Malpighiales_Salicaceae_Salix_nigra/d6f14aaa-ffe5-4d12-a825-8ed76855cb57.jpg,441,393,0,393,441,1950,227,1640,0.0546875,0.03546142578125,0.0157928466796875,0.0157623291015625,0.013275146484375,1,2,black willow,Taiwan Acacia,black willow,Giant Umbrella Sedge,New Zealand Sea Lion,Garden Warbler
val/08912_Plantae_Tracheophyta_Magnoliopsida_Malpighiales_Violaceae_Viola_rotundifolia/e0e9d392-adaa-4f7b-9131-a0350fee7b9f.jpg,442,761,0,761,442,1064,1828,2450,0.08782958984375,0.038787841796875,0.033233642578125,0.029449462890625,0.01727294921875,1,2,Round-leaved Violet,Golden Waxy Cap,Round-leaved Violet,Tomentose Burying Beetle,Parrot Mushroom,Japanese-lantern
val/08956_Plantae_Tracheophyta_Magnoliopsida_Malvales_Malvaceae_Malva_assurgentiflora/8e89609c-f2d9-47d1-8936-2cbd441872a5.jpg,444,2150,0,2150,444,1997,2368,2186,0.1275634765625,0.09356689453125,0.093505859375,0.084228515625,0.023468017578125,1,2,Island Mallow,Tatarian honeysuckle,Island Mallow,European holly,red columbine,feather dalea
val/09124_Plantae_Tracheophyta_Magnoliopsida_Proteales_Proteaceae_Banksia_integrifolia/a27ca6cb-27c0-49c9-974e-ce813b2005b4.jpg,448,782,0,782,448,1846,2028,2434,0.038970947265625,0.0295257568359375,0.0245513916015625,0.0233306884765625,0.01544189453125,1,2,Coastal Banksia,Paintbrush lily,Coastal Banksia,Golden Chanterelle,Elecampane,spiny pennywort
val/09199_Plantae_Tracheophyta_Magnoliopsida_Ranunculales_Ranunculaceae_Actaea_racemosa/8499e9bf-a09b-49d4-aacc-7f4a41b385ba.jpg,451,2358,0,2358,317,451,985,2165,0.2108154296875,0.072509765625,0.061126708984375,0.055023193359375,0.029693603515625,1,3,black cohosh,Cascade Oregon-grape,American holly,black cohosh,pepper vine,California huckleberry
val/09202_Plantae_Tracheophyta_Magnoliopsida_Ranunculales_Ranunculaceae_Adonis_vernalis/2edb82cb-a985-4381-9bc2-9e5028d13be2.jpg,452,836,0,836,452,334,337,848,0.46923828125,0.06829833984375,0.047882080078125,0.04150390625,0.02215576171875,1,2,Spring Adonis,common woolly sunflower,Spring Adonis,Great Plains Ragwort,prairie dock,Golden-Eye
val/09221_Plantae_Tracheophyta_Magnoliopsida_Ranunculales_Ranunculaceae_Aquilegia_vulgaris/df8b9c93-c85f-4ffa-85d8-84aa3e317aa5.jpg,454,2066,0,2066,1901,1896,454,2372,0.1610107421875,0.1419677734375,0.08544921875,0.054412841796875,0.0369873046875,1,4,common columbine,Creeping Bellflower,northern blue flag,Douglas iris,common columbine,Pitcher's leatherflower
val/09379_Plantae_Tracheophyta_Magnoliopsida_Rosales_Rosaceae_Eriobotrya_japonica/0d9e69a6-c1a5-4b02-8d4c-d0a0f0432de5.jpg,461,964,0,964,975,461,2139,316,0.05389404296875,0.035980224609375,0.031951904296875,0.0294952392578125,0.0229339599609375,1,3,Loquat,Carolina buckthorn,Indian Mango,Loquat,American bittersweet,Octopus Tree
val/09423_Plantae_Tracheophyta_Magnoliopsida_Rosales_Rosaceae_Prunus_fasciculata/056c09f4-d76b-4783-b656-e8113a6b792b.jpg,463,2393,0,2393,463,988,2032,2218,0.1973876953125,0.08477783203125,0.0728759765625,0.0615234375,0.039520263671875,1,2,desert almond,chamise,desert almond,creosote bush,California Broomsage,Muller's oak
val/09433_Plantae_Tracheophyta_Magnoliopsida_Rosales_Rosaceae_Prunus_spinosa/ea3e7334-bedc-4232-99d4-93d88b078e46.jpg,465,2079,0,2079,465,286,2404,2194,0.12237548828125,0.044403076171875,0.036346435546875,0.025299072265625,0.0218048095703125,1,2,Blackthorn,Desert Blue Bells,Blackthorn,Grape hyacinth,Common Pear,Sky Lupine
val/09460_Plantae_Tracheophyta_Magnoliopsida_Rosales_Rosaceae_Rubus_bifrons/52f71fd9-c56b-4452-acde-6e2d35532e84.jpg,466,2407,0,2407,1853,2349,466,2250,0.10137939453125,0.0251922607421875,0.017333984375,0.0160064697265625,0.01360321044921875,1,4,Himalayan-berry,Dog-rose,White-Pored Chicken of the Woods,Nymphaea candida,Himalayan-berry,spotted geranium
val/09477_Plantae_Tracheophyta_Magnoliopsida_Rosales_Rosaceae_Rubus_schmidelioides/e47acd96-848b-4154-b50e-acb3023d4c89.jpg,467,802,0,802,794,467,2119,2482,0.2392578125,0.08355712890625,0.0406494140625,0.0322265625,0.01812744140625,1,3,Rubus schmidelioides,Nodding Greenhood,Yellow Coralroot,Rubus schmidelioides,Largeleaf Sandwort,walking fern
val/09505_Plantae_Tracheophyta_Magnoliopsida_Rosales_Ulmaceae_Ulmus_pumila/cfbfcc13-df37-4151-8d40-4619be8e5c17.jpg,469,2272,0,2272,2140,469,2456,459,0.06829833984375,0.057861328125,0.035675048828125,0.0330810546875,0.027374267578125,1,3,Siberian elm,white ash,Round-leaved Dogwood,Siberian elm,clammy groundcherry,Korean mulberry
val/09510_Plantae_Tracheophyta_Magnoliopsida_Rosales_Urticaceae_Laportea_canadensis/7974e6db-c0f0-42c1-aff7-779f44c36775.jpg,470,2140,0,2140,2388,470,2428,861,0.05438232421875,0.053436279296875,0.053436279296875,0.040740966796875,0.037261962890625,1,3,Canadian wood nettle,Round-leaved Dogwood,red mulberry,Canadian wood nettle,California buckeye,Palmer's amaranth
val/09518_Plantae_Tracheophyta_Magnoliopsida_Rosales_Urticaceae_Urtica_urens/fc8ef2a4-f390-455f-b53a-b0607c6b25d7.jpg,471,2374,0,2374,2484,471,311,2428,0.058624267578125,0.02880859375,0.0259246826171875,0.02276611328125,0.0201263427734375,1,3,Dwarf Nettle,Goldenseal,silvery glade fern,Dwarf Nettle,princess pine,California buckeye
val/09565_Plantae_Tracheophyta_Magnoliopsida_Sapindales_Sapindaceae_Acer_campestre/8656e46f-8bde-4a08-bc24-5b2cfaffe245.jpg,475,961,0,961,969,2424,439,475,0.146728515625,0.090576171875,0.07867431640625,0.03564453125,0.03289794921875,1,5,field maple,white mulberry,Chinese Photinia,Norway maple,bebb's willow,field maple
val/09586_Plantae_Tracheophyta_Magnoliopsida_Sapindales_Sapindaceae_Aesculus_pavia/af425112-613f-4317-b8e7-96759c49e17a.jpg,476,2122,0,2122,869,2022,2100,476,0.0616455078125,0.0382080078125,0.0243682861328125,0.023956298828125,0.0199737548828125,1,5,Red Buckeye,red campion,fire pink,spotted Joe-Pye-weed,Purple Cleome,Red Buckeye
val/09640_Plantae_Tracheophyta_Magnoliopsida_Saxifragales_Grossulariaceae_Ribes_uva-crispa/29881b38-8137-4834-bb3d-772088ae483e.jpg,479,460,0,460,2462,2423,479,2437,0.06494140625,0.0546875,0.0367431640625,0.02996826171875,0.0271759033203125,1,4,Goose-berry,parsley hawthorn,muscadine,mountain maple,Goose-berry,swamp currant
val/09739_Plantae_Tracheophyta_Magnoliopsida_Solanales_Solanaceae_Solanum_elaeagnifolium/5433fc5b-a97c-4e00-b6a4-30754c163ac8.jpg,484,1901,0,1901,2008,2075,484,2122,0.20947265625,0.1217041015625,0.082763671875,0.06402587890625,0.0260772705078125,1,4,White Horse-nettle,northern blue flag,Perennial Cornflower,mountain bluebells,White Horse-nettle,red campion
val/09791_Plantae_Tracheophyta_Pinopsida_Pinales_Cupressaceae_Sequoiadendron_giganteum/56cd45eb-a6ac-4c5d-825b-1a424fe66756.jpg,487,491,0,491,487,2471,714,146,0.33544921875,0.1612548828125,0.05633544921875,0.033966064453125,0.0256195068359375,1,2,giant sequoia,lodgepole pine,giant sequoia,sugar pine,Acorn Woodpecker,Imperial Eagle
val/09799_Plantae_Tracheophyta_Pinopsida_Pinales_Pinaceae_Abies_concolor/bd7a1fbd-c8e0-4ae3-86e7-5ccedf12254f.jpg,490,2467,0,2467,24,490,2180,990,0.142578125,0.09814453125,0.08587646484375,0.07916259765625,0.05413818359375,1,3,white fir,Sitka spruce,Hemlock Woolly Adelgid,white fir,Persian silk tree,red spruce
val/09892_Plantae_Tracheophyta_Polypodiopsida_Polypodiales_Aspleniaceae_Asplenium_bulbiferum/0091a805-ff06-41a4-abff-b37369efbb1a.jpg,494,2490,0,2490,497,2488,994,494,0.322998046875,0.090576171875,0.07635498046875,0.07415771484375,0.065185546875,1,5,Hen and Chicks Fern,male fern,hay-scented fern,common bracken,soft tree fern,Hen and Chicks Fern
val/09918_Plantae_Tracheophyta_Polypodiopsida_Polypodiales_Blechnaceae_Lomaria_discolor/2829dc32-b148-45bc-aa42-a0047a65cd2d.jpg,495,2486,0,2486,495,2180,2488,1883,0.356689453125,0.1348876953125,0.0242767333984375,0.02142333984375,0.01061248779296875,1,2,Crown Fern,little hard fern,Crown Fern,Persian silk tree,common bracken,Climbing asparagus
val/09925_Plantae_Tracheophyta_Polypodiopsida_Polypodiales_Cystopteridaceae_Cystopteris_fragilis/fa0a750a-0dcf-4a1c-879b-023f99d8463f.jpg,496,998,0,998,496,480,2444,2496,0.253173828125,0.12371826171875,0.044921875,0.039764404296875,0.0268096923828125,1,2,brittle bladderfern,northern maidenhair fern,brittle bladderfern,youth on age,fringe cups,goldback fern
val/09925_Plantae_Tracheophyta_Polypodiopsida_Polypodiales_Cystopteridaceae_Cystopteris_fragilis/78bcc21f-b5d7-4869-8dfa-4f284bf443e1.jpg,496,497,0,497,2484,499,2490,496,0.1951904296875,0.10198974609375,0.10186767578125,0.09637451171875,0.07635498046875,1,5,brittle bladderfern,hay-scented fern,silvery glade fern,broad beech fern,male fern,brittle bladderfern
val/09928_Plantae_Tracheophyta_Polypodiopsida_Polypodiales_Dennstaedtiaceae_Dennstaedtia_punctilobula/3c386acd-8a97-4fdd-83f7-47d32ee95d42.jpg,497,499,0,499,497,2487,2488,2483,0.3173828125,0.25048828125,0.0662841796875,0.055908203125,0.042083740234375,1,2,hay-scented fern,broad beech fern,hay-scented fern,Water Fern,common bracken,lady fern
val/09990_Plantae_Tracheophyta_Polypodiopsida_Polypodiales_Thelypteridaceae_Phegopteris_hexagonoptera/b39b6e27-61ab-4b14-a5cf-2787eb0c0827.jpg,499,349,0,349,2004,2484,499,2303,0.1650390625,0.04315185546875,0.03265380859375,0.031585693359375,0.0214996337890625,1,4,broad beech fern,narrow-leaved bittercress,California mugwort,silvery glade fern,broad beech fern,prostrate vervain
val/00004_Animalia_Arthropoda_Arachnida_Araneae_Agelenidae_Eratigena_duellica/6931c048-61c0-4a2f-9875-357271c2d1bb.jpg,500,1014,0,1014,2,500,1016,1347,0.029571533203125,0.0291290283203125,0.023712158203125,0.019927978515625,0.01812744140625,1,3,Giant House Spider,Brown Widow,Six-spotted Fishing Spider,Giant House Spider,False Black Widow,Fawn Darner
val/00044_Animalia_Arthropoda_Arachnida_Araneae_Araneidae_Trichonephila_clavata/a25891c0-0c5e-4560-bc19-a5611644732e.jpg,502,1358,0,1358,502,1339,1,507,0.099853515625,0.08709716796875,0.03070068359375,0.0229339599609375,0.022308349609375,1,2,Jorō Spider,Twin-spotted Spiketail,Jorō Spider,Carolina Mantis,Golden Silk Spider,Spined Oak Borer
val/00119_Animalia_Arthropoda_Arachnida_Araneae_Theridiidae_Latrodectus_variolus/68b75753-2d51-42cf-8813-d16fee52497f.jpg,505,1015,0,1015,505,1099,1063,3,0.3681640625,0.12152099609375,0.04327392578125,0.02740478515625,0.0202484130859375,1,2,Northern Black Widow,Southern Black Widow,Northern Black Widow,Florida Predatory Stink Bug,Roundneck Sexton Beetle,Johnson's Jumping Spider
val/00136_Animalia_Arthropoda_Arachnida_Endeostigmata_Eriophyidae_Vasates_quadripedes/d9eae51e-c128-437d-b88c-917aea22084a.jpg,506,1864,0,1864,12,509,1013,506,0.040496826171875,0.036590576171875,0.020721435546875,0.01849365234375,0.0177001953125,1,5,maple bladdergall mite,Hollyhock Rust,Hadda Beetle,Dead-nettle Leaf Beetle,Common candy-striped spider,maple bladdergall mite
val/00229_Animalia_Arthropoda_Insecta_Coleoptera_Cerambycidae_Graphisurus_fasciatus/9d7be57b-cbcb-4a5c-acd4-45c7baf2d254.jpg,508,1257,0,1257,81,1126,508,1102,0.028472900390625,0.022369384765625,0.021453857421875,0.0185699462890625,0.017822265625,1,4,Banded Graphisurus,White Furcula Moth,Small Mossy Lithacodia,Spotted Beet Webworm,Banded Graphisurus,Red-shouldered Bug
val/00276_Animalia_Arthropoda_Insecta_Coleoptera_Chrysomelidae_Chrysomela_populi/f8fa79f8-a48b-423c-a408-ffb1858fe5d2.jpg,510,1879,0,1879,1049,510,1046,2203,0.260986328125,0.051177978515625,0.037017822265625,0.035491943359375,0.026702880859375,1,3,Poplar Leaf Beetle,April-fool,Spotless Ladybird,Poplar Leaf Beetle,Seven-spotted Ladybird Beetle,Bladder Pod
val/00285_Animalia_Arthropoda_Insecta_Coleoptera_Chrysomelidae_Gastrophysa_viridula/018f715e-e9f4-438f-8494-7df0d0e3c147.jpg,511,509,0,509,40,515,511,1061,0.20703125,0.1470947265625,0.11590576171875,0.0693359375,0.064453125,1,4,Green Dock-beetle,Dead-nettle Leaf Beetle,Metallic Epauletted-Sweat Bee,Oriental Latrine Fly,Green Dock-beetle,Japanese Beetle
val/00337_Animalia_Arthropoda_Insecta_Coleoptera_Curculionidae_Larinus_carlinae/c86773b9-8392-4741-9ef3-9014de79abd8.jpg,512,1186,0,1186,513,1502,512,16,0.01763916015625,0.017364501953125,0.0164337158203125,0.015380859375,0.01141357421875,1,4,Canada Thistle Bud Weevil,Common Spurwing,Dark Flower Scarab,Glittering-bellied Emerald,Canada Thistle Bud Weevil,Kern's Flower Scarab
val/00436_Animalia_Arthropoda_Insecta_Diptera_Calliphoridae_Chrysomya_megacephala/fa62eedd-a671-4b2e-8eb3-77eb581bfd5a.jpg,515,39,0,39,515,34,1061,40,0.27197265625,0.073974609375,0.052398681640625,0.049224853515625,0.0450439453125,1,2,Oriental Latrine Fly,Pure Green Sweat Bee,Oriental Latrine Fly,Southern Carpenter Bee,Japanese Beetle,Metallic Epauletted-Sweat Bee
val/00494_Animalia_Arthropoda_Insecta_Diptera_Syrphidae_Volucella_bombylans/3ce9f745-6a3e-4e3d-8839-1b858da097b7.jpg,516,1077,0,1077,516,515,1105,208,0.090576171875,0.084716796875,0.04498291015625,0.040252685546875,0.028228759765625,1,2,Bumblebee Hoverfly,Yellow-haired Sunfly,Bumblebee Hoverfly,Oriental Latrine Fly,Yellow-banded Bumble Bee,Warbling White-eye
val/00552_Animalia_Arthropoda_Insecta_Hemiptera_Cicadidae_Neotibicen_superbus/f2cb5e8e-62c3-48b3-a6b0-70299927e6e2.jpg,519,1090,0,1090,1894,1184,1238,519,0.06036376953125,0.05316162109375,0.04583740234375,0.03472900390625,0.032440185546875,1,5,Superb Dog-day Cicada,Northern Dog-day Cicada,aloe vera,Puriri moth,Asteroid Moth,Superb Dog-day Cicada
val/00570_Animalia_Arthropoda_Insecta_Hemiptera_Coreidae_Leptoglossus_phyllopus/34a0239d-453c-49a7-8f7a-ee8f7c188b5a.jpg,521,26,0,26,1734,1652,2451,521,0.01953125,0.016510009765625,0.0109100341796875,0.01068115234375,0.00818634033203125,1,5,Eastern Leaf-footed Bug,Western Leaf-footed Bug,Cliff Chipmunk,Willow Flycatcher,deadly nightshade,Eastern Leaf-footed Bug
val/00632_Animalia_Arthropoda_Insecta_Hemiptera_Pentatomidae_Palomena_prasina/b7efcdcd-b8ea-445a-97f6-784735dad319.jpg,524,523,0,523,1061,1083,524,1013,0.0626220703125,0.0287933349609375,0.0220947265625,0.0219268798828125,0.020843505859375,1,4,Green Shield Bug,Green Burgundy Stink Bug,Japanese Beetle,Red-cross Shield Bug,Green Shield Bug,Common candy-striped spider
val/00722_Animalia_Arthropoda_Insecta_Hymenoptera_Crabronidae_Bicyrtes_quadrifasciatus/e18a214e-ba84-4198-bd8d-cf932d69a663.jpg,531,1080,0,1080,1328,1118,535,531,0.196533203125,0.09246826171875,0.06610107421875,0.06219482421875,0.03118896484375,1,5,Four-banded Stink Bug Hunter Wasp,White-bowed Smoothwing,Mournful Thyris,Widow Yellowjacket,Ancistrocerus adiabatus,Four-banded Stink Bug Hunter Wasp
val/00732_Animalia_Arthropoda_Insecta_Hymenoptera_Cynipidae_Callirhytis_seminator/fbe95d59-6ffb-4bf9-bd90-fc2fff12dc3f.jpg,532,770,0,770,532,140,2405,2130,0.04364013671875,0.0330810546875,0.0236968994140625,0.0212554931640625,0.01666259765625,1,2,Wool Sower Gall Wasp,Coral-pink Merulius,Wool Sower Gall Wasp,Spiny Seahorse,prairie rose,scarlet spiderling
val/00835_Animalia_Arthropoda_Insecta_Hymenoptera_Vespidae_Polistes_instabilis/88c4a58c-81a9-47f9-bfa1-4e7ac24a2a36.jpg,539,1116,0,1116,538,537,539,6,0.1982421875,0.0482177734375,0.01483154296875,0.0147552490234375,0.01374053955078125,1,4,Polistes instabilis,Golden Paper Wasp,Northern Paper Wasp,Polistes dorsalis,Polistes instabilis,Giant Desert Centipede
val/00885_Animalia_Arthropoda_Insecta_Lepidoptera_Crambidae_Elophila_icciusalis/7bf0a739-23f9-4c05-bd05-be1e9270bb20.jpg,545,1128,0,1128,545,45,46,1164,0.251953125,0.164306640625,0.0831298828125,0.03485107421875,0.032745361328125,1,2,Pondside Pyralid Moth,Eggplant Leafroller,Pondside Pyralid Moth,Hydrilla Leafcutter Moth,Titian Peale's Crambid,The Scribbler
val/00904_Animalia_Arthropoda_Insecta_Lepidoptera_Crambidae_Microcrambus_biguttellus/759dbcb8-e160-44d7-8de2-401bdb2aad66.jpg,548,1141,0,1141,548,48,1136,44,0.2152099609375,0.1817626953125,0.12445068359375,0.05255126953125,0.039031982421875,1,2,Gold-stripe Grass-veneer,Buff Footman,Gold-stripe Grass-veneer,Snowy Urola Moth,Brunia antica,Pearl Veneer
val/01002_Animalia_Arthropoda_Insecta_Lepidoptera_Erebidae_Catocala_neogama/753830a4-cbae-4529-98d1-3a76419d8ad8.jpg,550,1139,0,1139,550,1243,1177,1150,0.2381591796875,0.041961669921875,0.03045654296875,0.0264129638671875,0.0176544189453125,1,2,The Bride,Sad Underwing Moth,The Bride,New Zealand Cutworm,Brown-lined Looper Moth,Merry Melipotis
val/01002_Animalia_Arthropoda_Insecta_Lepidoptera_Erebidae_Catocala_neogama/dc587fb3-42f5-4a20-9c1a-83fdecff7344.jpg,550,51,0,51,105,550,1145,1236,0.193603515625,0.07672119140625,0.07135009765625,0.0400390625,0.0225372314453125,1,3,The Bride,Ilia Underwing,Pawpaw Sphinx Moth,The Bride,Bird Dropping Lichen Moth,Grote's Sallow Moth
val/01041_Animalia_Arthropoda_Insecta_Lepidoptera_Erebidae_Halysidota_tessellaris/70c6636a-522a-4065-90ba-481a00b6ef7c.jpg,551,1226,0,1226,1969,551,846,1976,0.046844482421875,0.040374755859375,0.022216796875,0.0191802978515625,0.01277923583984375,1,3,Banded Tussock Moth,Yellow-haired Dagger Moth,Hare's Tail Grass,Banded Tussock Moth,Tridax daisy,annual beard grass
val/01048_Animalia_Arthropoda_Insecta_Lepidoptera_Erebidae_Hypena_deceptalis/b97ca097-b23e-452f-b15b-8745acdfa7bc.jpg,552,1247,0,1247,552,1159,1146,1331,0.15185546875,0.143310546875,0.0191650390625,0.017333984375,0.01190948486328125,1,2,Deceptive Snout,Rustic Quaker,Deceptive Snout,Black-smudged Chionodes Moth,White-lined Snout,Ragweed Borer
val/01054_Animalia_Arthropoda_Insecta_Lepidoptera_Erebidae_Hypercompe_oslari/34a93ea4-7a27-423c-8eec-3e6e4bb02aa9.jpg,553,1249,0,1249,553,1164,1227,1226,0.060516357421875,0.060302734375,0.0577392578125,0.0445556640625,0.03955078125,1,2,Hypercompe oslari,Black Zigzag Moth,Hypercompe oslari,The Scribbler,Delightful Dagger Moth,Yellow-haired Dagger Moth
val/01057_Animalia_Arthropoda_Insecta_Lepidoptera_Erebidae_Hypoprepia_fucosa/4c408183-c17a-40e4-9844-19f3c702bafe.jpg,554,1054,0,1054,1140,554,1141,37,0.155517578125,0.065673828125,0.057586669921875,0.026885986328125,0.020904541015625,1,3,Painted Lichen Moth,Diurnal Firefly,Lead-colored Lichen Moth,Painted Lichen Moth,Buff Footman,Florida Carpenter Ant
val/01123_Animalia_Arthropoda_Insecta_Lepidoptera_Erebidae_Spilosoma_congrua/f9e64ad4-db27-4cf3-930c-7c9d1a3f4aa5.jpg,556,1244,0,1244,1202,556,48,1318,0.11529541015625,0.04339599609375,0.040191650390625,0.0284271240234375,0.023529052734375,1,3,Agreeable Tiger Moth,Unknown Wainscot,Speckled Lactura,Agreeable Tiger Moth,Snowy Urola Moth,Obscure Sphinx Moth
val/01161_Animalia_Arthropoda_Insecta_Lepidoptera_Geometridae_Camptogramma_bilineata/beaee8be-58c7-4f09-9b20-866fb30c3ba9.jpg,557,1215,0,1215,557,70,63,1190,0.12158203125,0.11395263671875,0.056884765625,0.05157470703125,0.0352783203125,1,2,Yellow Shell Moth,Purple-edged Copper,Yellow Shell Moth,European Skipper,Least Skipper,Dion Skipper
val/01165_Animalia_Arthropoda_Insecta_Lepidoptera_Geometridae_Chiasmia_emersaria/2b73cdb6-3fa2-475f-a4a1-ec2a296bfc0b.jpg,558,1171,0,1171,558,562,75,1851,0.4638671875,0.06414794921875,0.045684814453125,0.0262603759765625,0.01418304443359375,1,2,Chiasmia emersaria,Red-headed Inchworm Moth,Chiasmia emersaria,Dwarf Tawny Wave,Spring Azure,Oak mazegill
val/01179_Animalia_Arthropoda_Insecta_Lepidoptera_Geometridae_Costaconvexa_centrostrigaria/905444c2-6a9d-4fb8-989a-7ed7a9280437.jpg,560,1177,0,1177,560,1169,1179,1160,0.1002197265625,0.08154296875,0.042999267578125,0.03936767578125,0.03662109375,1,2,Bent-line Carpet,Brown-lined Looper Moth,Bent-line Carpet,Double-striped Pug,Porcelain Gray,St. John's Wort Inchworm
val/01183_Animalia_Arthropoda_Insecta_Lepidoptera_Geometridae_Cyclophora_nanaria/5aa9f690-d62e-4044-9870-6dedb75f7e2b.jpg,562,1171,0,1171,562,59,1147,1170,0.06988525390625,0.058685302734375,0.0479736328125,0.035125732421875,0.025604248046875,1,2,Dwarf Tawny Wave,Red-headed Inchworm Moth,Dwarf Tawny Wave,Black-dotted Ruddy Moth,The Snout,Red-bordered Wave
val/01183_Animalia_Arthropoda_Insecta_Lepidoptera_Geometridae_Cyclophora_nanaria/6480e60c-318d-42e2-95e3-a696cc08c334.jpg,562,1179,0,1179,58,562,1177,1165,0.1390380859375,0.1387939453125,0.07305908203125,0.06475830078125,0.050262451171875,1,3,Dwarf Tawny Wave,Porcelain Gray,Riband Wave,Dwarf Tawny Wave,Brown-lined Looper Moth,Sweetfern Geometer Moth
val/01227_Animalia_Arthropoda_Insecta_Lepidoptera_Geometridae_Heterophleps_triguttaria/c2593997-bda4-4e8e-86a3-3820cc2211c0.jpg,565,82,0,82,565,1123,1172,46,0.044342041015625,0.0265960693359375,0.02587890625,0.018951416015625,0.018585205078125,1,2,Three-spotted Fillip,Black-dotted Maliattha,Three-spotted Fillip,Sooty-winged Chalcoela Moth,Tawny-barred Angle Moth,Titian Peale's Crambid
val/01256_Animalia_Arthropoda_Insecta_Lepidoptera_Geometridae_Macaria_alternata/0335cf52-9707-4100-8b1b-feb7fda1c7a8.jpg,566,60,0,60,566,565,1171,1153,0.239990234375,0.151611328125,0.03985595703125,0.03924560546875,0.031707763671875,1,2,Sharp-angled Peacock Moth,Alien Probole Moth,Sharp-angled Peacock Moth,Three-spotted Fillip,Red-headed Inchworm Moth,Dark-banded Owlet
val/01276_Animalia_Arthropoda_Insecta_Lepidoptera_Geometridae_Operophtera_bruceata/cf543806-7588-4e39-a019-ffe0943351a3.jpg,568,560,0,560,1227,1160,1171,568,0.0231475830078125,0.020294189453125,0.01477813720703125,0.0146026611328125,0.01453399658203125,1,5,Bruce Spanworm,Bent-line Carpet,Delightful Dagger Moth,St. John's Wort Inchworm,Red-headed Inchworm Moth,Bruce Spanworm
val/01444_Animalia_Arthropoda_Insecta_Lepidoptera_Lycaenidae_Cacyreus_marshalli/943158d7-952d-4813-a4ad-d2efce532adc.jpg,574,577,0,577,73,574,1219,1206,0.1265869140625,0.054046630859375,0.053070068359375,0.035552978515625,0.034759521484375,1,3,Common Geranium-bronze,Striped Hairstreak,Common Ciliate Blue,Common Geranium-bronze,Common Line Blue,Echo Azure
val/01480_Animalia_Arthropoda_Insecta_Lepidoptera_Lycaenidae_Heliophorus_epicles/e2f35f17-b404-4549-84b9-4b51a2c2f941.jpg,575,1205,0,1205,79,577,575,1220,0.433837890625,0.1678466796875,0.03515625,0.0262908935546875,0.02239990234375,1,4,Purple Sapphire,Red-banded Hairstreak,Coral Hairstreak,Striped Hairstreak,Purple Sapphire,Banded Hairstreak
val/01480_Animalia_Arthropoda_Insecta_Lepidoptera_Lycaenidae_Heliophorus_epicles/c6b6d1f9-a8d4-470f-beab-6a2631cf5e05.jpg,575,1215,0,1215,575,88,74,598,0.30224609375,0.1441650390625,0.1026611328125,0.04046630859375,0.037506103515625,1,2,Purple Sapphire,Purple-edged Copper,Purple Sapphire,Julia Butterfly,Forget-me-not,Mottled Emigrant
val/01514_Animalia_Arthropoda_Insecta_Lepidoptera_Lycaenidae_Plebejus_idas/5c9d0064-204a-4b81-83dc-d7bd0af2bff5.jpg,576,1218,0,1218,576,76,1206,1217,0.342041015625,0.11322021484375,0.10052490234375,0.0941162109375,0.030609130859375,1,2,Idas Blue,Melissa Blue,Idas Blue,Mazarine Blue,Echo Azure,Silver-studded Blue
val/01555_Animalia_Arthropoda_Insecta_Lepidoptera_Noctuidae_Acronicta_insita/76955e8f-9b7a-49f7-8770-c0b2a265d7c8.jpg,578,1026,0,1026,1027,1397,1409,578,0.12261962890625,0.026641845703125,0.0200042724609375,0.017578125,0.0154266357421875,1,5,Fingered Dagger,Common Desert Centipede,Greenhouse Millipede,Violet-Winged Grasshopper,Gray silverfish,Fingered Dagger
val/01642_Animalia_Arthropoda_Insecta_Lepidoptera_Noctuidae_Lacinipolia_renigera/f6febf8f-d83e-48d1-9264-ed4ca56501af.jpg,580,1330,0,1330,1159,1236,1251,580,0.0777587890625,0.052154541015625,0.05096435546875,0.04278564453125,0.038177490234375,1,5,bristly cutworm,Spruce Budworm,Black-smudged Chionodes Moth,Grote's Sallow Moth,Beet Armyworm,bristly cutworm
val/01773_Animalia_Arthropoda_Insecta_Lepidoptera_Nymphalidae_Anaea_aidea/d09cfba5-7c7d-420b-a63a-e1b4c77f1290.jpg,586,1807,0,1807,575,1214,586,1748,0.0390625,0.0199737548828125,0.0173797607421875,0.016021728515625,0.01561737060546875,1,4,Tropical Leafwing Butterfly,Tropical Leatherleaf Slug,Purple Sapphire,Purple-shot Copper,Tropical Leafwing Butterfly,Striped Racer
val/01809_Animalia_Arthropoda_Insecta_Lepidoptera_Nymphalidae_Chlosyne_ehrenbergii/b62a69ec-ffee-4809-8695-f795617998ac.jpg,587,600,0,600,1209,587,1222,1309,0.0625,0.028472900390625,0.0274658203125,0.022003173828125,0.0207672119140625,1,3,White-rayed Patch,Painted Jezebel,Long-banded Silverline,White-rayed Patch,Gray Hairstreak,Margined White
val/01812_Animalia_Arthropoda_Insecta_Lepidoptera_Nymphalidae_Chlosyne_harrisii/e1e4d27a-df65-4c5b-96d4-0438c3ec24b5.jpg,588,1267,0,1267,1276,1265,577,588,0.151611328125,0.038970947265625,0.036285400390625,0.0218048095703125,0.0216522216796875,1,5,Harris's Checkerspot,Weaver's Fritillary,Mexican Fritillary,Texan Crescent,Striped Hairstreak,Harris's Checkerspot
val/01812_Animalia_Arthropoda_Insecta_Lepidoptera_Nymphalidae_Chlosyne_harrisii/784e2159-f386-47c7-be1d-bb7ef01a368d.jpg,588,1269,0,1269,588,1268,86,1266,0.267822265625,0.14013671875,0.12744140625,0.07415771484375,0.032073974609375,1,2,Harris's Checkerspot,Gorgone Checkerspot,Harris's Checkerspot,Gabb's Checkerspot,Lesser Marbled Fritillary,American Meadow Fritillary
val/01842_Animalia_Arthropoda_Insecta_Lepidoptera_Nymphalidae_Dynamine_postverta/f824042d-9496-425a-bd9c-ee1cec87413b.jpg,591,1287,0,1287,591,1625,1428,11,0.1380615234375,0.0258941650390625,0.01904296875,0.0163421630859375,0.0161590576171875,1,2,Mexican Sailor,Pallas' Sailer,Mexican Sailor,White-throated Sparrow,Old Wife,False Potato Beetle
val/01872_Animalia_Arthropoda_Insecta_Lepidoptera_Nymphalidae_Hestina_assimilis/67f80b0e-8ee7-476f-b3b7-f9b0d0ec6d12.jpg,593,600,0,600,593,1299,587,96,0.1009521484375,0.0989990234375,0.0950927734375,0.070556640625,0.0189361572265625,1,2,Red Ring Skirt,Painted Jezebel,Red Ring Skirt,Spangle Swallowtail,White-rayed Patch,Florida White
val/02055_Animalia_Arthropoda_Insecta_Lepidoptera_Pieridae_Belenois_aurota/bea9b1f1-c242-4eee-9169-24f26fa27051.jpg,597,600,0,600,594,1303,597,1196,0.2314453125,0.169189453125,0.09332275390625,0.0240936279296875,0.016204833984375,1,4,Pioneer White,Painted Jezebel,Polymnia Tigerwing,Caper White,Pioneer White,Large Skipper
val/02061_Animalia_Arthropoda_Insecta_Lepidoptera_Pieridae_Catopsilia_pyranthe/86cf6c2d-5193-4b12-9179-6def83a56c27.jpg,598,1208,0,1208,74,598,61,76,0.047515869140625,0.035125732421875,0.032379150390625,0.0228118896484375,0.0210723876953125,1,3,Mottled Emigrant,Plains Cupid,Forget-me-not,Mottled Emigrant,White Slant-line,Mazarine Blue
val/02062_Animalia_Arthropoda_Insecta_Lepidoptera_Pieridae_Cepora_nerissa/dafb3f41-b7ee-4bf0-b52d-275d2753542e.jpg,599,597,0,597,599,1309,855,1301,0.08544921875,0.0284576416015625,0.0176849365234375,0.0113525390625,0.010772705078125,1,2,Common Gull,Pioneer White,Common Gull,Margined White,Tall Bluebell,Clodius Parnassian
val/02119_Animalia_Arthropoda_Insecta_Lepidoptera_Pyralidae_Endotricha_flammealis/73ee42ee-cb6c-4bbb-9ce1-7e6550978df9.jpg,603,552,0,552,57,603,1147,43,0.2822265625,0.1630859375,0.1036376953125,0.056610107421875,0.032989501953125,1,3,Rosy Tabby,Deceptive Snout,Feathered Thorn,Rosy Tabby,The Snout,Garden Webworm Moth
val/02119_Animalia_Arthropoda_Insecta_Lepidoptera_Pyralidae_Endotricha_flammealis/cb5910aa-1237-4a9f-860d-99df99ee87f5.jpg,603,1170,0,1170,1313,59,1083,603,0.10321044921875,0.0931396484375,0.0374755859375,0.0253448486328125,0.020660400390625,1,5,Rosy Tabby,Red-bordered Wave,Pink-fringed Dolichomia Moth,Black-dotted Ruddy Moth,Red-cross Shield Bug,Rosy Tabby
val/02281_Animalia_Arthropoda_Insecta_Mantodea_Mantidae_Archimantis_latistyla/5136a4ed-25c3-43fa-84a1-27111955786f.jpg,607,620,0,620,607,1392,1339,626,0.07537841796875,0.036651611328125,0.02191162109375,0.0196075439453125,0.0184173583984375,1,2,Stick Mantis,Bar-winged Skimmer,Stick Mantis,Egyptian Locust,Carolina Mantis,giant red-winged grasshopper
val/02313_Animalia_Arthropoda_Insecta_Odonata_Aeshnidae_Aeshna_palmata/965c9e35-f3ed-4a07-9474-e543dbc699bb.jpg,608,2296,0,2296,1346,609,622,608,0.1365966796875,0.09918212890625,0.044097900390625,0.04193115234375,0.03363037109375,1,5,Paddle-tailed Darner,American alpine speedwell,Migrant Hawker,Harlequin Darner,Elfin Skimmer,Paddle-tailed Darner
val/02328_Animalia_Arthropoda_Insecta_Odonata_Aeshnidae_Rhionaeschna_mutata/174d3995-53e0-48c2-a993-b77605e022a2.jpg,610,1345,0,1345,610,117,608,1346,0.07904052734375,0.05816650390625,0.036956787109375,0.029876708984375,0.025787353515625,1,2,Spatterdock Darner,Lake Darner,Spatterdock Darner,Common Blue Damselfly,Paddle-tailed Darner,Migrant Hawker
val/02328_Animalia_Arthropoda_Insecta_Odonata_Aeshnidae_Rhionaeschna_mutata/7ed32d46-b3f5-440e-b5fd-e24b5a84e6d0.jpg,610,1346,0,1346,617,1345,610,1389,0.0751953125,0.04058837890625,0.03253173828125,0.0258941650390625,0.0248260498046875,1,4,Spatterdock Darner,Migrant Hawker,Beaverpond Baskettail,Lake Darner,Spatterdock Darner,Gray Petaltail
val/02331_Animalia_Arthropoda_Insecta_Odonata_Calopterygidae_Calopteryx_haemorrhoidalis/c6222aa3-4fdc-4635-9e6b-0c3c09ad6ad0.jpg,611,1349,0,1349,611,116,1203,1362,0.2325439453125,0.0755615234375,0.07037353515625,0.036529541015625,0.0257110595703125,1,2,Copper Demoiselle,Banded Demoiselle,Copper Demoiselle,Ebony Jewelwing,Great Purple Hairstreak,Black-banded Gossamerwing
val/02331_Animalia_Arthropoda_Insecta_Odonata_Calopterygidae_Calopteryx_haemorrhoidalis/9ede5dbf-b565-4a86-843b-c239ba3ba5ca.jpg,611,116,0,116,611,1349,1348,1362,0.1802978515625,0.1708984375,0.147705078125,0.0701904296875,0.0208740234375,1,2,Copper Demoiselle,Ebony Jewelwing,Copper Demoiselle,Banded Demoiselle,River Jewelwing,Black-banded Gossamerwing
val/02389_Animalia_Arthropoda_Insecta_Odonata_Coenagrionidae_Ischnura_kellicotti/c2cb8c0c-2ef1-4cdf-b4fc-172e052e1bf9.jpg,614,1357,0,1357,612,614,1352,1772,0.08502197265625,0.06365966796875,0.035430908203125,0.0264434814453125,0.01434326171875,1,3,Lilypad Forktail,Red-eyed Damselfly,Emma's Dancer,Lilypad Forktail,Dusky Dancer,Race-runner
val/02403_Animalia_Arthropoda_Insecta_Odonata_Cordulegastridae_Cordulegaster_boltonii/ab1f8739-45f2-4490-bd18-394fa1426ed5.jpg,616,1343,0,1343,119,843,616,617,0.051177978515625,0.0274505615234375,0.022216796875,0.0197296142578125,0.0158233642578125,1,4,Golden-ringed Dragonfly,Lance-tipped Darner,Eastern Ringtail,Hairy Goldenrod,Golden-ringed Dragonfly,Beaverpond Baskettail
val/02411_Animalia_Arthropoda_Insecta_Odonata_Corduliidae_Epitheca_canis/bdbfd913-1ad7-4938-b81f-2cb532e5d7fe.jpg,617,608,0,608,610,617,1358,1360,0.1710205078125,0.0721435546875,0.06103515625,0.057403564453125,0.052001953125,1,3,Beaverpond Baskettail,Paddle-tailed Darner,Spatterdock Darner,Beaverpond Baskettail,Twin-spotted Spiketail,Australian Emerald Dragonfly
val/02518_Animalia_Arthropoda_Insecta_Odonata_Libellulidae_Libellula_semifasciata/9577051f-1f6a-4957-9cc7-2020a8355144.jpg,621,618,0,618,621,1340,615,1637,0.5087890625,0.239501953125,0.028564453125,0.0163421630859375,0.014007568359375,1,2,Painted Skimmer,Halloween Pennant,Painted Skimmer,Four-spotted Mantisfly,Red and Blue Damsel,Violet-backed Starling
val/02524_Animalia_Arthropoda_Insecta_Odonata_Libellulidae_Nannothemis_bella/d7184d81-00f3-4dc5-a07e-bfacd8c37199.jpg,622,1359,0,1359,536,622,1154,1343,0.11865234375,0.09625244140625,0.07000732421875,0.06396484375,0.027923583984375,1,3,Elfin Skimmer,Common Baskettail,Four-toothed Mason Wasp,Elfin Skimmer,Polka-Dot Wasp Moth,Lance-tipped Darner
val/02624_Animalia_Arthropoda_Insecta_Orthoptera_Acrididae_Omocestus_viridulus/a3821fbc-60e9-4b40-aad1-62e16b0bc4f0.jpg,624,142,0,142,627,125,624,1390,0.08819580078125,0.085693359375,0.054779052734375,0.043121337890625,0.0399169921875,1,4,Common Green Grasshopper,Eastern Dwarf Treefrog,Conocephalus melaenus,Long-winged Conehead,Common Green Grasshopper,Aztec Spur-throated Grasshopper
val/02643_Animalia_Arthropoda_Insecta_Orthoptera_Anostostomatidae_Hemideina_thoracica/0e35838f-6796-4e50-b6f3-be58bd998f58.jpg,625,1256,0,1256,573,1253,625,1849,0.0171966552734375,0.016082763671875,0.01371002197265625,0.0129547119140625,0.012237548828125,1,4,Auckland Tree Weta,Yellow-necked Caterpillar Moth,Spiny Oak-slug Moth,Common Spragueia,Auckland Tree Weta,column stinkhorn
val/02669_Animalia_Arthropoda_Insecta_Orthoptera_Tettigoniidae_Conocephalus_melaenus/be496c6f-5804-4872-ad62-42b105185355.jpg,627,1099,0,1099,3,627,1386,1041,0.1138916015625,0.0712890625,0.061859130859375,0.0287017822265625,0.0262908935546875,1,3,Conocephalus melaenus,Florida Predatory Stink Bug,Johnson's Jumping Spider,Conocephalus melaenus,White-faced Meadowhawk,Clay-colored Leaf Beetle
val/02801_Animalia_Chordata_Actinopterygii_Perciformes_Centrarchidae_Lepomis_cyanellus/349f3505-fdb1-45cc-9b03-c14a2d9d8e2d.jpg,630,129,0,129,630,1422,629,1426,0.1290283203125,0.0810546875,0.077392578125,0.07244873046875,0.05889892578125,1,2,Green Sunfish,Blacknose Dace,Green Sunfish,Sheepshead Minnow,Brook stickleback,Texas Cichlid
val/02818_Animalia_Chordata_Actinopterygii_Perciformes_Cichlidae_Oreochromis_mossambicus/8e3297d4-8eef-4a7b-94c4-7fd79db25ebd.jpg,632,1420,0,1420,632,130,1440,1424,0.1324462890625,0.0885009765625,0.06793212890625,0.062164306640625,0.058197021484375,1,2,Mozambique Tilapia,Common Carp,Mozambique Tilapia,Chub,Brook Trout,Largemouth Bass
val/02921_Animalia_Chordata_Actinopterygii_Syngnathiformes_Syngnathidae_Phycodurus_eques/6d36c391-d2bc-4b38-b7e3-1cfea259dad9.jpg,635,1446,0,1446,635,1428,133,1470,0.03179931640625,0.0299072265625,0.02978515625,0.029327392578125,0.0259857177734375,1,2,Leafy Seadragon,Smooth Toadfish,Leafy Seadragon,Old Wife,Snakeskin Wrasse,Golden Star Tunicate
val/02957_Animalia_Chordata_Amphibia_Anura_Bufonidae_Bufotes_viridis/57458e99-b769-4e79-a8d3-927fbc2c9533.jpg,637,1121,0,1121,1037,637,1452,1447,0.0269012451171875,0.0234375,0.01535797119140625,0.01522064208984375,0.01428985595703125,1,3,Green Toad,Leopard Moth,Cottonwood Borer,Green Toad,Greenhouse Frog,Great Plains Toad
val/03056_Animalia_Chordata_Amphibia_Anura_Scaphiopodidae_Spea_hammondii/6f15f111-42e5-4b34-841b-c347ab06d7da.jpg,642,638,0,638,642,1765,1729,365,0.2213134765625,0.168212890625,0.056671142578125,0.035552978515625,0.02593994140625,1,2,Western Spadefoot,Blanchard's Cricket Frog,Western Spadefoot,Regal Horned Lizard,Four-striped Grass Mouse,skeleton weed
val/03169_Animalia_Chordata_Aves_Accipitriformes_Accipitridae_Lophaetus_occipitalis/de8bdd0b-75a3-4f38-970f-59f62acfbcae.jpg,650,701,0,701,650,1565,714,1481,0.39306640625,0.07940673828125,0.045684814453125,0.0308837890625,0.01493072509765625,1,2,Long-crested Eagle,Grosbeak Weaver,Long-crested Eagle,Rose-breasted Grosbeak,Acorn Woodpecker,Roadside Hawk
val/03201_Animalia_Chordata_Aves_Anseriformes_Anatidae_Anas_platyrhynchos/0919c81b-c1a6-47aa-bc7b-d584e42224af.jpg,651,1518,0,1518,152,1483,651,1556,0.27587890625,0.070068359375,0.040985107421875,0.023773193359375,0.017120361328125,1,4,Mallard,Slender-billed Gull,Common Merganser,Northern Pintail,Mallard,Dusky Moorhen
val/03243_Animalia_Chordata_Aves_Anseriformes_Anatidae_Cygnus_melancoryphus/caf0366d-3289-43db-a452-1aa0cce2ead9.jpg,654,652,0,652,1555,1554,716,654,0.06622314453125,0.039703369140625,0.0384521484375,0.025177001953125,0.0218963623046875,1,5,Black-necked Swan,Greater Scaup,Common Moorhen,Slate-colored Coot,Clark's Grebe,Black-necked Swan
val/03243_Animalia_Chordata_Aves_Anseriformes_Anatidae_Cygnus_melancoryphus/2336177f-b483-4960-ac67-0b512d7dca71.jpg,654,716,0,716,1490,654,1491,1496,0.385009765625,0.11083984375,0.07147216796875,0.052001953125,0.0226898193359375,1,3,Black-necked Swan,Clark's Grebe,Black Swan,Black-necked Swan,Trumpeter Swan,Blue-winged Teal
val/03284_Animalia_Chordata_Aves_Bucerotiformes_Phoeniculidae_Phoeniculus_purpureus/a614f2dc-1b38-4db1-96d3-a021781e4eb2.jpg,656,1610,0,1610,656,1695,1639,1666,0.1468505859375,0.07952880859375,0.04705810546875,0.03472900390625,0.0292205810546875,1,2,Green Wood Hoopoe,Greater Double-collared Sunbird,Green Wood Hoopoe,Collared Trogon,European Starling,Crimson-crested Woodpecker
val/03331_Animalia_Chordata_Aves_Cathartiformes_Cathartidae_Cathartes_aura/23c8c2a2-1a1a-432b-a116-17ed384cdb72.jpg,657,711,0,711,1506,657,1299,650,0.05804443359375,0.051544189453125,0.023223876953125,0.0220184326171875,0.020721435546875,1,3,Turkey Vulture,Black-headed Ibis,Lesser Yellow-headed Vulture,Turkey Vulture,Spangle Swallowtail,Long-crested Eagle
val/03473_Animalia_Chordata_Aves_Charadriiformes_Scolopacidae_Limnodromus_griseus/f2250c84-ea55-4b51-b550-bb049567f683.jpg,660,1534,0,1534,660,1533,1706,1508,0.110107421875,0.109375,0.05133056640625,0.02008056640625,0.019012451171875,1,2,Short-billed Dowitcher,Willet,Short-billed Dowitcher,Eurasian Curlew,Axis Deer,Double-striped Thick-knee
val/03534_Animalia_Chordata_Aves_Columbiformes_Columbidae_Streptopelia_capicola/db3e751c-7f48-450f-b970-3c72f0ea3836.jpg,668,1540,0,1540,1499,229,1737,668,0.0819091796875,0.07452392578125,0.05535888671875,0.049560546875,0.036285400390625,1,5,Cape Turtle Dove,Mourning Dove,Common Hoopoe,Western Grey Kangaroo,Round-tailed Ground Squirrel,Cape Turtle Dove
val/03553_Animalia_Chordata_Aves_Coraciiformes_Alcedinidae_Dacelo_novaeguineae/6dbd1590-eb74-4e3a-8f40-de52514a3acc.jpg,670,671,0,671,201,1558,670,1667,0.0474853515625,0.0386962890625,0.023101806640625,0.021392822265625,0.0168609619140625,1,4,Laughing Kookaburra,Forest Kingfisher,Grayish Saltator,Rifleman,Laughing Kookaburra,Cardinal Woodpecker
val/03562_Animalia_Chordata_Aves_Coraciiformes_Alcedinidae_Todiramphus_macleayii/4acf9840-6cca-4f45-868a-06e108a6a28c.jpg,671,1567,0,1567,205,671,1652,1618,0.1148681640625,0.0662841796875,0.06304931640625,0.041900634765625,0.041290283203125,1,3,Forest Kingfisher,Florida Scrub Jay,Hammond's Flycatcher,Forest Kingfisher,Willow Flycatcher,Black-throated Blue Warbler
val/03576_Animalia_Chordata_Aves_Coraciiformes_Momotidae_Momotus_aequatorialis/4b733968-4fa0-4f65-914f-70b37e2a984b.jpg,672,1544,0,1544,1609,672,1601,1541,0.209228515625,0.06689453125,0.04852294921875,0.024932861328125,0.0225982666015625,1,3,Andean Motmot,Turquoise-browed Motmot,Brown-throated Sunbird,Andean Motmot,Indian Paradise-Flycatcher,Woodland Kingfisher
val/03601_Animalia_Chordata_Aves_Falconiformes_Falconidae_Falco_peregrinus/1a57e6ff-2878-474d-b07e-7a50e1e0139e.jpg,673,647,0,647,673,1519,1477,1483,0.059539794921875,0.052398681640625,0.04656982421875,0.032470703125,0.03179931640625,1,2,Peregrine Falcon,Pale Harrier,Peregrine Falcon,Pallas's Gull,Black-shouldered Kite,Northern Pintail
val/03753_Animalia_Chordata_Aves_Passeriformes_Corvidae_Corvus_corone/4c243774-d94f-4bba-9934-5e4c20c919ba.jpg,679,172,0,172,688,1569,699,679,0.16650390625,0.07098388671875,0.0457763671875,0.039276123046875,0.0287628173828125,1,5,Carrion Crow,Fish Crow,Brewer's Blackbird,American Crow,Dark-eyed Junco,Carrion Crow
val/03765_Animalia_Chordata_Aves_Passeriformes_Corvidae_Cyanocorax_yucatanicus/5cd3e880-1384-4492-9d9f-6d6f14c11b1a.jpg,680,14,0,14,515,1589,1741,680,0.02740478515625,0.02362060546875,0.0176239013671875,0.0158538818359375,0.0148162841796875,1,5,Yucatán Jay,Woodland Dor Beetle,Oriental Latrine Fly,Black-cowled Oriole,Black Treesnake,Yucatán Jay
val/03811_Animalia_Chordata_Aves_Passeriformes_Fringillidae_Carpodacus_sibiricus/407fb3a3-0379-4f5f-92dc-f2e4b3b3b605.jpg,683,1022,0,1022,701,1653,1579,683,0.0284271240234375,0.0276641845703125,0.0271453857421875,0.026702880859375,0.026153564453125,1,5,Long-tailed Rosefinch,Blacklegged Tick,Grosbeak Weaver,Dusky-capped Flycatcher,Narrow-billed Woodcreeper,Long-tailed Rosefinch
val/03811_Animalia_Chordata_Aves_Passeriformes_Fringillidae_Carpodacus_sibiricus/363cd6e5-6e18-4107-ac3d-8916543189f7.jpg,683,195,0,195,683,187,1645,1625,0.0477294921875,0.039642333984375,0.03875732421875,0.03216552734375,0.0310821533203125,1,2,Long-tailed Rosefinch,Eastern Towhee,Long-tailed Rosefinch,Chestnut-backed Chickadee,Marsh Wren,White-throated Sparrow
val/03957_Animalia_Chordata_Aves_Passeriformes_Motacillidae_Anthus_cinnamomeus/19727c01-61a4-43a2-a284-bb6a2d761c8b.jpg,691,1603,0,1603,691,194,184,1620,0.1810302734375,0.130126953125,0.1278076171875,0.12152099609375,0.08990478515625,1,2,Grassveld Pipit,Tree Pipit,Grassveld Pipit,Henslow's Sparrow,Meadow Pipit,Grasshopper Sparrow
val/03970_Animalia_Chordata_Aves_Passeriformes_Motacillidae_Motacilla_cinerea/be17f0e6-33ca-4aaf-a56f-34626f8ca6a8.jpg,693,661,0,661,694,1605,693,662,0.07879638671875,0.06915283203125,0.060455322265625,0.055389404296875,0.051849365234375,1,4,Grey Wagtail,Solitary Sandpiper,Eastern Yellow Wagtail,Cape Wagtail,Grey Wagtail,Marsh Sandpiper
val/03996_Animalia_Chordata_Aves_Passeriformes_Muscicapidae_Saxicola_caprata/ec75b661-133d-4a81-aeb7-cbd994d6f7d1.jpg,695,1568,0,1568,695,1564,1635,1632,0.204833984375,0.0830078125,0.029541015625,0.0214385986328125,0.0184783935546875,1,2,Pied Bushchat,Woodhouse's Scrub-Jay,Pied Bushchat,Lazuli Bunting,Crested Myna,Red-vented Bulbul
val/03996_Animalia_Chordata_Aves_Passeriformes_Muscicapidae_Saxicola_caprata/3de02a54-2b45-477c-b2f0-787ee05d0eee.jpg,695,193,0,193,695,177,1632,1603,0.3056640625,0.276123046875,0.07574462890625,0.048309326171875,0.0306854248046875,1,2,Pied Bushchat,Lark Bunting,Pied Bushchat,Barn Swallow,Red-vented Bulbul,Tree Pipit
val/04002_Animalia_Chordata_Aves_Passeriformes_Nectariniidae_Aethopyga_siparaja/32897cc8-ae84-404e-a1e8-9953f2937335.jpg,696,1695,0,1695,1590,696,1610,1642,0.07965087890625,0.07879638671875,0.05804443359375,0.031768798828125,0.0279693603515625,1,3,Crimson Sunbird,Collared Trogon,Streak-backed Oriole,Crimson Sunbird,Greater Double-collared Sunbird,Silver-beaked Tanager
val/04226_Animalia_Chordata_Aves_Passeriformes_Thraupidae_Saltator_atriceps/ec91aba4-2cd4-485f-bcb7-f9d11d1ca3ea.jpg,703,1562,0,1562,705,1619,703,196,0.168701171875,0.07501220703125,0.059173583984375,0.043365478515625,0.0350341796875,1,4,Black-headed Saltator,Common Iora,Rusty-margined Flycatcher,Magnolia Warbler,Black-headed Saltator,Eastern Yellow Robin
val/04319_Animalia_Chordata_Aves_Passeriformes_Tyrannidae_Myiozetetes_cayanensis/195d8b3a-44ee-4526-8d1b-3a41670db42d.jpg,705,720,0,720,705,203,1594,1679,0.0875244140625,0.077392578125,0.03411865234375,0.0254364013671875,0.02227783203125,1,2,Rusty-margined Flycatcher,Nanday Parakeet,Rusty-margined Flycatcher,Olive-sided Flycatcher,Lesser Grey Shrike,Monk Parakeet
val/04335_Animalia_Chordata_Aves_Passeriformes_Tyrannidae_Tyrannus_verticalis/4b0036ea-97e8-4bf1-8eca-8befa1dfbabf.jpg,707,693,0,693,1542,707,1623,196,0.02056884765625,0.016326904296875,0.0157012939453125,0.01522064208984375,0.014190673828125,1,3,Western Kingbird,Grey Wagtail,Belted Kingfisher,Western Kingbird,Yellow-eyed Junco,Eastern Yellow Robin
val/04448_Animalia_Chordata_Aves_Piciformes_Picidae_Jynx_torquilla/b447a73b-909f-45aa-a9ad-35074ba0cd99.jpg,713,1500,0,1500,228,713,1655,1736,0.10699462890625,0.084228515625,0.06890869140625,0.05419921875,0.017303466796875,1,3,Eurasian Wryneck,Azure-crowned Hummingbird,Sunda Flying Lemur,Eurasian Wryneck,Hutton's Vireo,Yucatán Squirrel
val/04453_Animalia_Chordata_Aves_Piciformes_Picidae_Melanerpes_formicivorus/7d763191-6efb-4aaa-9fb5-23c57e757c5e.jpg,714,1547,0,1547,1644,1674,714,1498,0.1414794921875,0.058990478515625,0.049896240234375,0.03302001953125,0.0232391357421875,1,4,Acorn Woodpecker,Merlin,Band-backed Wren,Red-crowned Woodpecker,Acorn Woodpecker,Southern Yellow-billed Hornbill
val/04460_Animalia_Chordata_Aves_Piciformes_Picidae_Picoides_dorsalis/630ea7a3-61f6-49f3-a57f-47dca335ee17.jpg,715,1670,0,1670,715,228,171,214,0.396728515625,0.1998291015625,0.07989501953125,0.02752685546875,0.0242919921875,1,2,American Three-toed Woodpecker,Middle Spotted Woodpecker,American Three-toed Woodpecker,Sunda Flying Lemur,Brown Creeper,Downy Woodpecker
val/04460_Animalia_Chordata_Aves_Piciformes_Picidae_Picoides_dorsalis/866611c3-bfd8-4766-bcf9-8c10aecd8477.jpg,715,1670,0,1670,171,1054,1286,715,0.0679931640625,0.06781005859375,0.03826904296875,0.02978515625,0.016632080078125,1,5,American Three-toed Woodpecker,Middle Spotted Woodpecker,Brown Creeper,Diurnal Firefly,Mexican Bluewing,American Three-toed Woodpecker
val/04473_Animalia_Chordata_Aves_Podicipediformes_Podicipedidae_Aechmophorus_clarkii/044046e2-693a-4c11-a076-672d9e105ff7.jpg,716,718,0,718,716,1527,652,1518,0.040557861328125,0.03594970703125,0.031158447265625,0.0214691162109375,0.020538330078125,1,2,Clark's Grebe,Eared Grebe,Clark's Grebe,Royal Tern,Greater Scaup,Slender-billed Gull
val/04479_Animalia_Chordata_Aves_Podicipediformes_Podicipedidae_Podiceps_nigricollis/661d5673-fed2-4e81-8854-278e1454e87e.jpg,718,1675,0,1675,718,1530,1555,1489,0.184326171875,0.098388671875,0.034637451171875,0.0308074951171875,0.0290679931640625,1,2,Eared Grebe,Least Grebe,Eared Grebe,Stilt Sandpiper,Common Moorhen,Bufflehead
val/04508_Animalia_Chordata_Aves_Psittaciformes_Psittacidae_Aratinga_nenday/dd85dbed-c7b3-4790-9142-c6d01bfadb12.jpg,720,1680,0,1680,720,1678,712,1473,0.1939697265625,0.1915283203125,0.154296875,0.033782958984375,0.018585205078125,1,2,Nanday Parakeet,Blue-headed Parrot,Nanday Parakeet,Spectacled Parrotlet,Spot-breasted Woodpecker,Short-tailed Hawk
val/04508_Animalia_Chordata_Aves_Psittaciformes_Psittacidae_Aratinga_nenday/cbfba682-241c-4250-b91d-8e64104d4b47.jpg,720,666,0,666,1680,720,1678,210,0.11474609375,0.0712890625,0.05426025390625,0.04229736328125,0.02325439453125,1,3,Nanday Parakeet,Pale-vented Pigeon,Blue-headed Parrot,Nanday Parakeet,Spectacled Parrotlet,Boat-billed Heron
val/04577_Animalia_Chordata_Aves_Suliformes_Phalacrocoracidae_Phalacrocorax_carbo/b15d8ebd-5ee8-4001-9ad1-adceec72f63f.jpg,723,1552,0,1552,722,654,723,1490,0.282470703125,0.1064453125,0.07135009765625,0.046112060546875,0.033416748046875,1,4,Great Cormorant,Common Loon,Double-crested Cormorant,Black-necked Swan,Great Cormorant,Black Swan
val/04646_Animalia_Chordata_Mammalia_Artiodactyla_Cervidae_Alces_alces/31ec7ff5-b75d-47ee-8f50-c81a5d0a2e80.jpg,726,1701,0,1701,1724,726,1707,1710,0.133544921875,0.04437255859375,0.034088134765625,0.03375244140625,0.0311126708984375,1,3,Elk,Nilgai,Olive Baboon,Elk,Red Deer,Spotted Hyena
val/04646_Animalia_Chordata_Mammalia_Artiodactyla_Cervidae_Alces_alces/7320046b-b5be-4883-a533-525f3d1750f6.jpg,726,1707,0,1707,724,726,1701,1715,0.0251312255859375,0.0240325927734375,0.0224456787109375,0.0137176513671875,0.0133209228515625,1,3,Elk,Red Deer,Blue Wildebeest,Elk,Nilgai,American Black Bear
val/04740_Animalia_Chordata_Mammalia_Diprotodontia_Macropodidae_Wallabia_bicolor/650a6af5-9695-47ba-98cf-2301333eefee.jpg,729,229,0,229,729,224,1776,1734,0.09539794921875,0.055328369140625,0.029541015625,0.0252685546875,0.0226287841796875,1,2,Swamp Wallaby,Western Grey Kangaroo,Swamp Wallaby,Culpeo,Western Black-Tailed Rattlesnake,Cliff Chipmunk
val/04740_Animalia_Chordata_Mammalia_Diprotodontia_Macropodidae_Wallabia_bicolor/707286e3-8c8b-4844-9239-08122484e29e.jpg,729,1685,0,1685,729,178,1710,1592,0.0301361083984375,0.0294342041015625,0.028778076171875,0.0225067138671875,0.020050048828125,1,2,Swamp Wallaby,Short-eared Owl,Swamp Wallaby,Bank Swallow,Spotted Hyena,Brown-headed Cowbird
val/04804_Animalia_Chordata_Mammalia_Rodentia_Cricetidae_Peromyscus_leucopus/9b4a9b4c-70fd-4ce3-8550-6a851c555633.jpg,732,231,0,231,727,732,1705,1728,0.09320068359375,0.024261474609375,0.021575927734375,0.021453857421875,0.017181396484375,1,3,White-footed Mouse,Bank Vole,Stoat,White-footed Mouse,Bushbuck,Norway Rat
val/04915_Animalia_Chordata_Reptilia_Squamata_Colubridae_Hypsiglena_jani/afcb83f5-e398-44c8-9bff-0fb7a25100b7.jpg,736,741,0,741,1469,1742,240,736,0.257568359375,0.08941650390625,0.042510986328125,0.036956787109375,0.033447265625,1,5,Chihuahuan Nightsnake,Western Groundsnake,Western Red-backed Salamander,Mud Snake,Flat-headed Snake,Chihuahuan Nightsnake
val/04920_Animalia_Chordata_Reptilia_Squamata_Colubridae_Lampropeltis_gentilis/ee0b4f9f-f564-4b72-b6fc-ded55d1443ce.jpg,737,1293,0,1293,737,1095,1154,1046,0.207275390625,0.05389404296875,0.049652099609375,0.03045654296875,0.02386474609375,1,2,Western Milksnake,New Zealand Red Admiral,Western Milksnake,Spilostethus pandurus,Polka-Dot Wasp Moth,Seven-spotted Ladybird Beetle
val/04920_Animalia_Chordata_Reptilia_Squamata_Colubridae_Lampropeltis_gentilis/83e85a60-ea6f-4b25-b9fe-4ae47338ef2a.jpg,737,741,0,741,1742,737,1744,6,0.426025390625,0.1561279296875,0.093017578125,0.06719970703125,0.03582763671875,1,3,Western Milksnake,Western Groundsnake,Mud Snake,Western Milksnake,California King Snake,Giant Desert Centipede
val/05115_Animalia_Chordata_Reptilia_Squamata_Viperidae_Crotalus_cerastes/90cf077a-ce15-47e0-8e4d-3a71dfb47c36.jpg,746,736,0,736,1743,1751,1775,746,0.76171875,0.0574951171875,0.02777099609375,0.00954437255859375,0.0084991455078125,1,5,Sidewinder,Chihuahuan Nightsnake,Coast Night Snake,Northern Watersnake,Eastern Diamondback Rattlesnake,Sidewinder
val/05140_Animalia_Chordata_Reptilia_Testudines_Emydidae_Emys_orbicularis/86e28bfe-dd2c-4736-9822-887f974115b1.jpg,747,1789,0,1789,747,1460,1413,1808,0.1925048828125,0.08233642578125,0.049041748046875,0.046051025390625,0.03619384765625,1,2,European Pond Turtle,California Mussel,European Pond Turtle,Foothill Yellow-legged Frog,Marbled Crab,Cat's Eye Snail
val/05205_Animalia_Echinodermata_Asteroidea_Valvatida_Asterinidae_Patiria_miniata/bb475362-816a-43f0-b394-211642f646e9.jpg,749,1783,0,1783,749,1028,1800,1790,0.0911865234375,0.040924072265625,0.028717041015625,0.0263214111328125,0.0233306884765625,1,2,Bat Star,Giant Plumose Anemone,Bat Star,Goose Barnacle,rough-mantled dorid,New Zealand Green-lipped Mussel
val/05223_Animalia_Mollusca_Bivalvia_Cardiida_Donacidae_Donax_gouldii/72a2e79e-7f5d-4639-a80f-939df2af2364.jpg,752,753,0,753,752,1794,1790,1796,0.033416748046875,0.020538330078125,0.0135955810546875,0.01139068603515625,0.01081085205078125,1,2,Gould Beanclam,Eastern Elliptio,Gould Beanclam,Channeled Applesnail,New Zealand Green-lipped Mussel,Lewis' Moon Snail
val/05242_Animalia_Mollusca_Bivalvia_Unionida_Unionidae_Elliptio_complanata/36d7eb4c-ba3e-4ab7-8b63-55c3a06f03cd.jpg,753,1808,0,1808,753,1790,1791,745,0.07275390625,0.038665771484375,0.0335693359375,0.025146484375,0.0179901123046875,1,2,Eastern Elliptio,Cat's Eye Snail,Eastern Elliptio,New Zealand Green-lipped Mussel,Giant Floater Mussel,Eastern Water Skink
val/05364_Animalia_Mollusca_Gastropoda_Stylommatophora_Spiraxidae_Euglandina_rosea/8f0be15b-0e19-4611-aa21-1c7d67159988.jpg,757,1802,0,1802,236,257,1029,757,0.08636474609375,0.01422119140625,0.01348876953125,0.012054443359375,0.01082611083984375,1,5,Rosy Wolfsnail,Pacific Banana Slug,Italian Slow Worm,Decollate Snail,Pacific Barnacle,Rosy Wolfsnail
val/05405_Fungi_Ascomycota_Lecanoromycetes_Lecanorales_Lecanoraceae_Protoparmeliopsis_muralis/3e5313a2-5a56-44a2-80d1-df70cc943b1c.jpg,758,1810,0,1810,758,1759,274,533,0.0533447265625,0.051483154296875,0.043212890625,0.0240325927734375,0.0223388671875,1,2,Stonewall Rim Lichen,Speckled Greenshield,Stonewall Rim Lichen,Southern Palm Gecko,ceramic parchment,Immigrant Pavement Ant
val/05424_Fungi_Ascomycota_Lecanoromycetes_Lecanorales_Ramalinaceae_Ramalina_farinacea/f7d73304-ae9b-4edb-ac42-a37c0b1fc1e3.jpg,760,747,0,747,760,41,1812,2240,0.06866455078125,0.06658935546875,0.060455322265625,0.047454833984375,0.042633056640625,1,2,Farinose Cartilage Lichen,European Pond Turtle,Farinose Cartilage Lichen,Common Thread-waisted Wasp,tree moss,Hartweg's climbing milkweed
val/05520_Fungi_Basidiomycota_Agaricomycetes_Agaricales_Hygrophoraceae_Hygrocybe_flavescens/66936d09-57d3-41e2-9a1b-f9f9bd65f3a5.jpg,761,1822,0,1822,1828,761,1846,1046,0.040679931640625,0.0184173583984375,0.01558685302734375,0.01232147216796875,0.0109710693359375,1,3,Golden Waxy Cap,Yellow Patches,Parrot Mushroom,Golden Waxy Cap,Golden Chanterelle,Seven-spotted Ladybird Beetle
val/05530_Fungi_Basidiomycota_Agaricomycetes_Agaricales_Marasmiaceae_Marasmius_plicatulus/90a89c69-0704-418c-b710-73dc99f9ffe3.jpg,762,510,0,510,1879,757,269,762,0.10894775390625,0.044586181640625,0.041748046875,0.0218505859375,0.019317626953125,1,5,red pinwheel,Poplar Leaf Beetle,April-fool,Rosy Wolfsnail,Peppery Bolete,red pinwheel
val/05576_Fungi_Basidiomycota_Agaricomycetes_Agaricales_Strophariaceae_Agrocybe_praecox/d85b70c6-d891-49b5-9f05-b147b18c6c41.jpg,763,1839,0,1839,763,1841,771,764,0.0927734375,0.054656982421875,0.050933837890625,0.036956787109375,0.02459716796875,1,2,Spring Fieldcap,Smoky-gilled Hypholoma,Spring Fieldcap,Mulch Maids,Spring Polypore,totally tedious tubaria
val/05627_Fungi_Basidiomycota_Agaricomycetes_Cantharellales_Clavulinaceae_Clavulina_coralloides/d8dd097d-b335-45b8-9fe1-6c64d55b0a70.jpg,767,768,0,768,767,1468,1816,277,0.085205078125,0.06036376953125,0.029754638671875,0.02569580078125,0.017669677734375,1,2,White Coral Fungus,Wrinkled Club,White Coral Fungus,Southern Red-backed Salamander,White Saddle,Sponge Weed
val/05670_Fungi_Basidiomycota_Agaricomycetes_Polyporales_Meruliaceae_Phlebia_incarnata/4d56787d-bedd-4195-a870-c165c35c8359.jpg,770,1842,0,1842,1849,770,268,1461,0.02880859375,0.028045654296875,0.022735595703125,0.02081298828125,0.015533447265625,1,3,Coral-pink Merulius,Ear fungus,column stinkhorn,Coral-pink Merulius,Roridomyces austrororidus,Agile Frog
val/05693_Fungi_Basidiomycota_Agaricomycetes_Polyporales_Polyporaceae_Trametes_hirsuta/4eb2f16f-9015-4f2f-98db-eb9da433448c.jpg,772,1857,0,1857,1845,772,1851,1835,0.35302734375,0.18896484375,0.1510009765625,0.0399169921875,0.01453399658203125,1,3,Hairy Bracket,Gilled Polypore,Velvet-footed Pax,Hairy Bracket,Oak mazegill,Velvet Foot
val/05746_Plantae_Bryophyta_Bryopsida_Hypnales_Hylocomiaceae_Pleurozium_schreberi/9b11fca7-09e0-4248-8672-90cdb3b8d8cf.jpg,775,307,0,307,775,2300,1961,640,0.089111328125,0.07135009765625,0.05078125,0.048492431640625,0.037445068359375,1,2,Red-stemmed Feather Moss,Annual Meadow-grass,Red-stemmed Feather Moss,Rust Weed,Seashore Saltgrass,Mink Frog
val/05772_Plantae_Marchantiophyta_Marchantiopsida_Marchantiales_Conocephalaceae_Conocephalum_salebrosum/67e0f9c1-ee54-4783-82b3-e37bf23f2d64.jpg,776,278,0,278,2480,776,918,2151,0.09710693359375,0.0355224609375,0.03460693359375,0.02740478515625,0.026519775390625,1,3,cat-tongue liverwort,Flat-leaved Scalewort,Rustyback,cat-tongue liverwort,Herb-of-Grace,common cornsalad
val/05803_Plantae_Tracheophyta_Liliopsida_Alismatales_Araceae_Orontium_aquaticum/3885d425-eb8b-49bf-979b-b26214d6f9c2.jpg,778,1872,0,1872,779,901,1375,778,0.1395263671875,0.06866455078125,0.06787109375,0.06475830078125,0.031280517578125,1,5,Golden Club,Arrowhead,Water-soldier,white bladderflower,Twelve-spotted Skimmer,Golden Club
val/05813_Plantae_Tracheophyta_Liliopsida_Alismatales_Hydrocharitaceae_Stratiotes_aloides/d70d3d8c-b632-4fcc-b470-fbb90f651b12.jpg,779,1951,0,1951,779,2195,2316,1875,0.07110595703125,0.06402587890625,0.03240966796875,0.0260009765625,0.01261138916015625,1,2,Water-soldier,Three-way Sedge,Water-soldier,Garden lupine,Texas Stillingia,Dwarf Palmetto
val/05904_Plantae_Tracheophyta_Liliopsida_Asparagales_Asparagaceae_Liriope_muscari/c539080d-520f-4025-ab02-a652968fcbbc.jpg,784,291,0,291,1915,427,784,415,0.11029052734375,0.09600830078125,0.054046630859375,0.0469970703125,0.039093017578125,1,4,Liriope,Common Spotted Orchid,giant orchid,Butterfly bush,Liriope,Marsh Woundwort
val/05926_Plantae_Tracheophyta_Liliopsida_Asparagales_Asparagaceae_Scilla_bifolia/8d137258-97fa-4b0b-bd1d-28e0a8c0f756.jpg,785,786,0,786,1831,2156,785,1412,0.04656982421875,0.0184173583984375,0.0148773193359375,0.01433563232421875,0.0112762451171875,1,4,Alpine Squill,Forbes' Glory-of-the-snow,collared parachute,spotted wintergreen,Alpine Squill,Blue Land Crab
val/05947_Plantae_Tracheophyta_Liliopsida_Asparagales_Asphodelaceae_Asphodelus_fistulosus/765be318-1fe8-4e05-b134-5d3039e1b4ba.jpg,789,1890,0,1890,879,2287,789,678,0.027130126953125,0.02203369140625,0.0211639404296875,0.01788330078125,0.01511383056640625,1,4,Onion-Leafed Asphodel,white brodiaea,Small Scabious,firecracker penstemon,Onion-Leafed Asphodel,Woodlark
val/05947_Plantae_Tracheophyta_Liliopsida_Asparagales_Asphodelaceae_Asphodelus_fistulosus/8d544e07-4ede-4508-bd06-61f375c2bc77.jpg,789,1903,0,1903,42,789,1918,1028,0.03204345703125,0.0166015625,0.015380859375,0.01416778564453125,0.0121917724609375,1,3,Onion-Leafed Asphodel,Pink Lady Fingers,Western Paper Wasp,Onion-Leafed Asphodel,Man Orchid,Goose Barnacle
val/05983_Plantae_Tracheophyta_Liliopsida_Asparagales_Iridaceae_Romulea_rosea/64d2a350-7a6e-417a-8864-a0518be6e2d6.jpg,793,792,0,792,2273,2244,793,2251,0.15234375,0.1273193359375,0.07611083984375,0.05084228515625,0.04266357421875,1,4,Rosy sandcrocus,Douglas's blue-eyed grass,slender false foxglove,marsh pink,Rosy sandcrocus,Marsh Crane's-bill
val/06056_Plantae_Tracheophyta_Liliopsida_Asparagales_Orchidaceae_Oeceoclades_maculata/91fe250c-fa4b-4a2c-92f5-75dade03fb25.jpg,796,1025,0,1025,809,796,948,1738,0.1654052734375,0.099365234375,0.060516357421875,0.04803466796875,0.044281005859375,1,3,Monk Orchid,Southern Devil Scorpion,White Bear Sedge,Monk Orchid,little brown jug,Taiwan Japalure
val/06064_Plantae_Tracheophyta_Liliopsida_Asparagales_Orchidaceae_Ophrys_tenthredinifera/3ed76f24-a4db-4bf7-b071-47bf1d54a9b3.jpg,797,2248,0,2248,797,1898,2273,2327,0.062744140625,0.05157470703125,0.040924072265625,0.03875732421875,0.03546142578125,1,2,Sawfly Orchid,tiny bluet,Sawfly Orchid,Pilgrim Iris,slender false foxglove,Hairy Violet
val/06066_Plantae_Tracheophyta_Liliopsida_Asparagales_Orchidaceae_Orchis_italica/f90386be-e952-4b24-a8bb-b8ae9dca6cbc.jpg,798,322,0,322,2009,798,2059,2256,0.0943603515625,0.08660888671875,0.0462646484375,0.030487060546875,0.0240631103515625,1,3,Naked-man Orchid,Texas Thistle,Wig Knapweed,Naked-man Orchid,Smooth Ironweed,Common Hedge-nettle
val/06080_Plantae_Tracheophyta_Liliopsida_Asparagales_Orchidaceae_Platanthera_orbiculata/e72794d7-e428-4e9f-a6ec-45c88360e205.jpg,799,1937,0,1937,799,1938,948,1828,0.1715087890625,0.04412841796875,0.0246734619140625,0.0208587646484375,0.020538330078125,1,2,Round-leaved Bog Orchid,sarsaparilla vine,Round-leaved Bog Orchid,bristly greenbrier,little brown jug,Parrot Mushroom
val/06081_Plantae_Tracheophyta_Liliopsida_Asparagales_Orchidaceae_Platanthera_psycodes/bfd03004-db0a-47be-bc68-b28af5870653.jpg,800,409,0,409,2411,800,440,410,0.1466064453125,0.0295867919921875,0.027740478515625,0.0267333984375,0.0221405029296875,1,3,Lesser Purple Fringed Orchid,Blue Bugle,Steeplebush,Lesser Purple Fringed Orchid,Grey Willow,carpet bugle
val/06100_Plantae_Tracheophyta_Liliopsida_Asparagales_Orchidaceae_Spiranthes_vernalis/b1ce648c-06e2-4f55-8c97-25eece6d2622.jpg,803,1918,0,1918,803,1921,296,1954,0.25,0.17724609375,0.03546142578125,0.02801513671875,0.0268402099609375,1,2,Spring Ladies' Tresses,Man Orchid,Spring Ladies' Tresses,Irish lady's-tresses,Slender Ladies' Tresses,Meadow Foxtail
val/06130_Plantae_Tracheophyta_Liliopsida_Liliales_Liliaceae_Calochortus_albus/8f8cc961-994d-4e77-b1f4-756758f3d740.jpg,804,1881,0,1881,950,267,1818,804,0.0181427001953125,0.0152435302734375,0.01462554931640625,0.01461029052734375,0.0143585205078125,1,5,White Globe Lily,Poet's Narcissus,creeping mahonia,Lichen Agaric,Meadow Mushroom,White Globe Lily
val/06160_Plantae_Tracheophyta_Liliopsida_Liliales_Liliaceae_Fritillaria_affinis/83d18adc-da0e-42fb-adca-a9cc424f3142.jpg,805,2182,0,2182,805,1905,294,919,0.206298828125,0.09564208984375,0.030181884765625,0.0271148681640625,0.0199127197265625,1,2,checker lily,American groundnut,checker lily,pink lady's slipper,Fly Orchid,white turtlehead
val/06199_Plantae_Tracheophyta_Liliopsida_Liliales_Melanthiaceae_Trillium_flexipes/0973c240-7e18-4e5c-b960-cbaaba95fb0a.jpg,808,388,0,388,303,948,808,301,0.07257080078125,0.0714111328125,0.048797607421875,0.038330078125,0.035247802734375,1,4,nodding wakerobin,black huckleberry,sawbrier,little brown jug,nodding wakerobin,snow trillium
val/06231_Plantae_Tracheophyta_Liliopsida_Poales_Cyperaceae_Carex_albursina/3ab49878-0eda-4439-aff8-8a69a8bcef11.jpg,809,406,0,406,809,907,1936,2156,0.1351318359375,0.085693359375,0.02459716796875,0.0238800048828125,0.01508331298828125,1,2,White Bear Sedge,American columbo,White Bear Sedge,Red Psychotria,Earleaf Greenbrier,spotted wintergreen
val/06569_Plantae_Tracheophyta_Magnoliopsida_Apiales_Araliaceae_Schefflera_arboricola/273ac8f4-954f-482d-ad66-4697d8b63b52.jpg,818,2141,0,2141,818,2229,1995,2307,0.06646728515625,0.056243896484375,0.05145263671875,0.039703369140625,0.035125732421875,1,2,Miniature umbrella tree,Karaka,Miniature umbrella tree,wax myrtle,five finger,Bay laurel
val/06593_Plantae_Tracheophyta_Magnoliopsida_Asterales_Asteraceae_Acmella_repens/5b2bf019-dd86-40bd-9cb8-97036f11d4f9.jpg,821,848,0,848,458,968,821,2036,0.05755615234375,0.05078125,0.03118896484375,0.031158447265625,0.0241241455078125,1,4,Oppositeleaf Spotflower,Golden-Eye,meadow buttercup,Yellow Avens,Oppositeleaf Spotflower,golden ragwort
val/06601_Plantae_Tracheophyta_Magnoliopsida_Asterales_Asteraceae_Ageratum_houstonianum/7514e706-f23c-485b-b82d-1de820a3b100.jpg,822,871,0,871,822,2130,890,817,0.09832763671875,0.06085205078125,0.0301971435546875,0.017181396484375,0.01499176025390625,1,2,bluemink,Pink Sand Verbena,bluemink,scarlet spiderling,bajada lupine,great masterwort
val/06647_Plantae_Tracheophyta_Magnoliopsida_Asterales_Asteraceae_Bahiopsis_laciniata/9fdfd7cc-3ae8-45ca-bdb1-cff891e7a257.jpg,823,836,0,836,823,2091,848,334,0.31396484375,0.126708984375,0.080078125,0.05865478515625,0.044586181640625,1,2,San Diego County Viguiera,common woolly sunflower,San Diego County Viguiera,Wallflower,Golden-Eye,Great Plains Ragwort
val/06668_Plantae_Tracheophyta_Magnoliopsida_Asterales_Asteraceae_Calyptocarpus_vialis/673670ba-ef30-4f0c-91f1-fc002dda3bd5.jpg,827,1456,0,1456,2352,827,2198,411,0.08758544921875,0.06689453125,0.051361083984375,0.032379150390625,0.027618408203125,1,3,straggler daisy,Ornate Chorus Frog,California Dutchman's Pipe,straggler daisy,bur clover,lemon balm
val/06721_Plantae_Tracheophyta_Magnoliopsida_Asterales_Asteraceae_Coreopsis_lanceolata/4c84c114-2a0d-42de-8c1a-79764b597765.jpg,831,2046,0,2046,831,323,341,2463,0.06732177734375,0.06622314453125,0.058502197265625,0.05462646484375,0.0537109375,1,2,Lance-leaved Coreopsis,prairie rosinweed,Lance-leaved Coreopsis,narrow-leaved hawksbeard,tree marigold,Arizona poppy
val/06767_Plantae_Tracheophyta_Magnoliopsida_Asterales_Asteraceae_Ericameria_nauseosa/2ab86851-12a8-4395-bdea-0259e180e898.jpg,834,888,0,888,2048,2442,2050,834,0.14697265625,0.025543212890625,0.0241546630859375,0.018646240234375,0.01580810546875,1,5,rubber rabbitbrush,Chamaecytisus ruthenicus,early goldenrod,Yellow Saxifrage,velvety goldenrod,rubber rabbitbrush
val/06782_Plantae_Tracheophyta_Magnoliopsida_Asterales_Asteraceae_Eriophyllum_lanatum/ee6e1a2f-54fa-4cbc-9732-5961540edb28.jpg,836,334,0,334,836,452,2064,2241,0.147216796875,0.131103515625,0.047149658203125,0.0469970703125,0.0316162109375,1,2,common woolly sunflower,Great Plains Ragwort,common woolly sunflower,Spring Adonis,Rocky Mountain zinnia,Yellow-wort
val/06792_Plantae_Tracheophyta_Magnoliopsida_Asterales_Asteraceae_Eurybia_divaricata/ed45ebb9-fb78-4e18-94bb-8c628f6362e9.jpg,837,287,0,287,927,837,926,894,0.1419677734375,0.08447265625,0.0328369140625,0.031463623046875,0.029571533203125,1,3,White Wood Aster,Branched Asphodel,snow-on-the-mountain,White Wood Aster,Lindheimer's Doveweed,goat's rue
val/06999_Plantae_Tracheophyta_Magnoliopsida_Asterales_Asteraceae_Solidago_hispida/bb6b5a4a-1c9c-4bbf-88bb-afd267d74b3f.jpg,843,888,0,888,2050,2047,843,334,0.1673583984375,0.06573486328125,0.04864501953125,0.03497314453125,0.034027099609375,1,4,Hairy Goldenrod,Chamaecytisus ruthenicus,velvety goldenrod,late goldenrod,Hairy Goldenrod,Great Plains Ragwort
val/07052_Plantae_Tracheophyta_Magnoliopsida_Asterales_Asteraceae_Tridax_procumbens/1fba3fb8-71e0-4689-ad99-65e837f90f6d.jpg,846,2374,0,2374,846,789,2014,2026,0.053619384765625,0.038604736328125,0.036956787109375,0.032135009765625,0.0270233154296875,1,2,Tridax daisy,Goldenseal,Tridax daisy,Onion-Leafed Asphodel,redflower ragleaf,Hayfield Tarweed
val/07059_Plantae_Tracheophyta_Magnoliopsida_Asterales_Asteraceae_Urospermum_picroides/31fcd495-b05a-46eb-89c8-d7e6f51823e4.jpg,847,1824,0,1824,847,299,1865,2027,0.03082275390625,0.0264129638671875,0.0258331298828125,0.013641357421875,0.01102447509765625,1,2,False Hawkbit,Golden Spindles,False Hawkbit,fire lily,witch's butter,Camphorweed
val/07124_Plantae_Tracheophyta_Magnoliopsida_Asterales_Menyanthaceae_Nymphoides_indica/b70392c8-8098-4853-a733-773ad33fa606.jpg,851,1353,0,1353,142,118,851,614,0.1954345703125,0.06610107421875,0.0263671875,0.0247344970703125,0.0234375,1,4,Water Snowflake,Eastern Billabongfly,Eastern Dwarf Treefrog,Skimming Bluet,Water Snowflake,Lilypad Forktail
val/07133_Plantae_Tracheophyta_Magnoliopsida_Boraginales_Boraginaceae_Borago_officinalis/00616851-2b3c-46c8-b987-d93c9985832e.jpg,852,454,0,454,1888,852,791,1899,0.07550048828125,0.059326171875,0.049530029296875,0.046234130859375,0.0263214111328125,1,3,Borage,common columbine,bluebell,Borage,western blue flag,Siberian Iris
val/07140_Plantae_Tracheophyta_Magnoliopsida_Boraginales_Boraginaceae_Echium_vulgare/f81c7c63-eaa8-425f-9022-d18a31ab4f2a.jpg,854,344,0,344,854,285,2170,2193,0.1845703125,0.1070556640625,0.044525146484375,0.04229736328125,0.0204010009765625,1,2,viper's-bugloss,Salvation Jane,viper's-bugloss,small camas,Pretty Jacob's-ladder,Arctic Lupine
val/07190_Plantae_Tracheophyta_Magnoliopsida_Boraginales_Boraginaceae_Phacelia_crenulata/9dfa5486-922e-45b2-9749-8bfa00f8ebcd.jpg,856,416,0,416,2159,2288,856,2061,0.1060791015625,0.050750732421875,0.04833984375,0.045379638671875,0.042510986328125,1,4,notch-leaf scorpion-weed,woolly blue curls,Bell Heather,Bunchleaf Penstemon,notch-leaf scorpion-weed,New York ironweed
val/07304_Plantae_Tracheophyta_Magnoliopsida_Caryophyllales_Aizoaceae_Mesembryanthemum_cordifolium/0252118b-a892-4589-885a-424b57273c65.jpg,860,2266,0,2266,860,2131,2265,2136,0.142822265625,0.1375732421875,0.0797119140625,0.041748046875,0.03558349609375,1,2,heart-leaf ice plant,cedar sage,heart-leaf ice plant,rougeplant,Baby Sage,pink knotweed
val/07304_Plantae_Tracheophyta_Magnoliopsida_Caryophyllales_Aizoaceae_Mesembryanthemum_cordifolium/de957ba1-3d7d-4c6a-9da8-327f9eceb738.jpg,860,2446,0,2446,2266,860,869,418,0.22705078125,0.1160888671875,0.1014404296875,0.057891845703125,0.038543701171875,1,3,heart-leaf ice plant,scarlet creeper,cedar sage,heart-leaf ice plant,fire pink,field Indian paintbrush
val/07365_Plantae_Tracheophyta_Magnoliopsida_Caryophyllales_Cactaceae_Echinocereus_fendleri/24627267-750e-43e5-9e1e-008a65e93179.jpg,862,357,0,357,862,356,2114,354,0.158935546875,0.1219482421875,0.11993408203125,0.052154541015625,0.0367431640625,1,2,Fendler's hedgehog cactus,viviparous foxtail cactus,Fendler's hedgehog cactus,strawberry hedgehog cactus,claret-cup hedgehog,Strawberry Cactus
val/07385_Plantae_Tracheophyta_Magnoliopsida_Caryophyllales_Cactaceae_Lophocereus_schottii/d76f2d56-c8b0-4f9a-9127-24fdcdf19190.jpg,864,1894,0,1894,864,1875,787,779,0.11358642578125,0.08319091796875,0.08099365234375,0.028533935546875,0.01357269287109375,1,2,senita cactus,aloe vera,senita cactus,Dwarf Palmetto,Mojave yucca,Water-soldier
val/07445_Plantae_Tracheophyta_Magnoliopsida_Caryophyllales_Caryophyllaceae_Saponaria_officinalis/47197783-0c09-42c9-82c9-8e3c95c91a89.jpg,866,290,0,290,866,921,1887,805,0.048065185546875,0.04656982421875,0.04632568359375,0.045654296875,0.037200927734375,1,2,common soapwort,Red Helleborine,common soapwort,foxglove beardtongue,Spanish Bluebell,checker lily
val/07445_Plantae_Tracheophyta_Magnoliopsida_Caryophyllales_Caryophyllaceae_Saponaria_officinalis/47890d35-5f3e-443e-8dc4-9dc65bac811c.jpg,866,2068,0,2068,1933,1887,919,866,0.0882568359375,0.0660400390625,0.049957275390625,0.043060302734375,0.04071044921875,1,5,common soapwort,Star of Bethlehem,rough-fruited fairybells,Spanish Bluebell,white turtlehead,common soapwort
val/07542_Plantae_Tracheophyta_Magnoliopsida_Caryophyllales_Polygonaceae_Muehlenbeckia_complexa/f4061333-f7f6-46d8-ada0-5fb3f3e8171a.jpg,875,370,0,370,875,407,2392,196,0.08453369140625,0.0733642578125,0.0494384765625,0.0310211181640625,0.0296630859375,1,2,maidenhair vine,woodland pterostegia,maidenhair vine,Coprosma dumosa,Mediterranean buckthorn,Eastern Yellow Robin
val/07694_Plantae_Tracheophyta_Magnoliopsida_Ericales_Balsaminaceae_Impatiens_noli-tangere/25c3a79c-6523-4471-9b13-21acc1e01047.jpg,880,1928,0,1928,943,880,2283,1926,0.0772705078125,0.04547119140625,0.033477783203125,0.027008056640625,0.0269317626953125,1,3,Touch-me-not Balsam,Mount Diablo fairy-lantern,Large-flowered Evening-primrose,Touch-me-not Balsam,chaparral beardtongue,Diogenes' lantern
val/07771_Plantae_Tracheophyta_Magnoliopsida_Ericales_Ericaceae_Pyrola_picta/fa7f4a3a-f0e3-4aec-9995-95679cfdeaad.jpg,882,2160,0,2160,1915,2133,882,2399,0.222900390625,0.0697021484375,0.031463623046875,0.0126953125,0.01105499267578125,1,4,white-veined wintergreen,woodland pinedrops,giant orchid,cushion buckwheat,white-veined wintergreen,prairie smoke
val/07833_Plantae_Tracheophyta_Magnoliopsida_Ericales_Polemoniaceae_Phlox_paniculata/ce0818d7-a77c-47bd-946d-5e613514e5f9.jpg,884,390,0,390,884,2122,947,2253,0.1776123046875,0.11224365234375,0.098876953125,0.0916748046875,0.052215576171875,1,2,fall phlox,Drummond's phlox,fall phlox,red campion,Largeflower pink-sorrel,woodland geranium
val/07881_Plantae_Tracheophyta_Magnoliopsida_Ericales_Sarraceniaceae_Sarracenia_alata/f4f7b0a1-8b53-4328-a6f8-b81b8b0eb678.jpg,886,2176,0,2176,886,2175,384,401,0.1712646484375,0.060394287109375,0.054412841796875,0.0206298828125,0.01385498046875,1,2,pale pitcherplant,white pitcher plant,pale pitcherplant,yellow pitcher plant,Red Heath,Yellow milkwort
val/07881_Plantae_Tracheophyta_Magnoliopsida_Ericales_Sarraceniaceae_Sarracenia_alata/5492a359-4363-4dd4-933c-e5c7dfc6cab3.jpg,886,2175,0,2175,886,2177,2176,1920,0.74755859375,0.0239410400390625,0.023162841796875,0.015655517578125,0.00885772705078125,1,2,pale pitcherplant,yellow pitcher plant,pale pitcherplant,hooded pitcher plant,white pitcher plant,Fire Orchid
val/07938_Plantae_Tracheophyta_Magnoliopsida_Fabales_Fabaceae_Chamaecytisus_ruthenicus/613397b1-6834-402f-a858-cec10bf2b9a8.jpg,888,834,0,834,888,2023,2064,395,0.1346435546875,0.122802734375,0.07958984375,0.05767822265625,0.052154541015625,1,2,Chamaecytisus ruthenicus,rubber rabbitbrush,Chamaecytisus ruthenicus,broom snakeweed,Rocky Mountain zinnia,Scotch Broom
val/07972_Plantae_Tracheophyta_Magnoliopsida_Fabales_Fabaceae_Hoffmannseggia_microphylla/82ab6e09-ae02-4a4f-b6c1-1c4181cb3102.jpg,889,2005,0,2005,1967,889,1971,279,0.197509765625,0.1669921875,0.08154296875,0.059661865234375,0.05047607421875,1,3,Wand Holdback,sweetbush,big galleta,Wand Holdback,switchgrass,longleaf ephedra
val/07972_Plantae_Tracheophyta_Magnoliopsida_Fabales_Fabaceae_Hoffmannseggia_microphylla/998307dd-a3d1-41e2-8b1d-2fbc2f7bc7e5.jpg,889,2121,0,2121,889,2267,801,789,0.1080322265625,0.1055908203125,0.04119873046875,0.031707763671875,0.0303802490234375,1,2,Wand Holdback,sleepy catchfly,Wand Holdback,small skullcap,Leek Orchid,Onion-Leafed Asphodel
val/08003_Plantae_Tracheophyta_Magnoliopsida_Fabales_Fabaceae_Lupinus_concinnus/0a4db3f9-58c7-4747-b6b2-f47669677287.jpg,890,2163,0,2163,419,2367,890,2433,0.08526611328125,0.08038330078125,0.05938720703125,0.0513916015625,0.047882080078125,1,4,bajada lupine,Rhodora,Purple paintbrush,Cutleaf Anemone,bajada lupine,Panamint liveforever
val/08029_Plantae_Tracheophyta_Magnoliopsida_Fabales_Fabaceae_Mimosa_pudica/39557a1f-da0a-4b7d-998f-0841d9c036fd.jpg,891,859,0,859,2011,2200,891,2143,0.01953125,0.018768310546875,0.0186614990234375,0.01326751708984375,0.01035308837890625,1,4,Sensitive Plant,Cone Stompie,Tall Thistle,sunshine mimosa,Sensitive Plant,cutleaf teasel
val/08034_Plantae_Tracheophyta_Magnoliopsida_Fabales_Fabaceae_Olneya_tesota/08ae457a-26c3-4b59-a30d-5eff4b490505.jpg,892,2468,0,2468,892,2472,2219,2228,0.059967041015625,0.056976318359375,0.056732177734375,0.037384033203125,0.0298309326171875,1,2,ironwood,Jack pine,ironwood,Torrey pine,Engelmann oak,Southern California Walnut
val/08082_Plantae_Tracheophyta_Magnoliopsida_Fabales_Fabaceae_Tephrosia_virginiana/7b5b82c8-6959-4860-a8b9-554e27200a9e.jpg,894,490,0,490,2183,2188,2488,894,0.131103515625,0.113525390625,0.073486328125,0.06732177734375,0.0316162109375,1,5,goat's rue,white fir,Chickpea Milkvetch,Texas Kidneywood,common bracken,goat's rue
val/08082_Plantae_Tracheophyta_Magnoliopsida_Fabales_Fabaceae_Tephrosia_virginiana/0e3a771d-b4f9-4056-b259-124479cd3f58.jpg,894,1877,0,1877,2294,2183,457,894,0.0390625,0.034637451171875,0.028900146484375,0.024993896484375,0.016998291015625,1,5,goat's rue,Three-cornered Leek,koromiko,Chickpea Milkvetch,eastern pasqueflower,goat's rue
val/08089_Plantae_Tracheophyta_Magnoliopsida_Fabales_Fabaceae_Trifolium_depauperatum/89cd18fc-f53a-4180-a464-856bc7aa0720.jpg,896,897,0,897,896,2276,2058,2130,0.1632080078125,0.1199951171875,0.0631103515625,0.03778076171875,0.020355224609375,1,2,cowbag clover,tomcat clover,cowbag clover,Denseflower Indian Paintbrush,oyster plant,scarlet spiderling
val/08229_Plantae_Tracheophyta_Magnoliopsida_Gentianales_Apocynaceae_Amsonia_tabernaemontana/e7ee5af8-df0c-4b27-b83b-ea9c2a35c3c5.jpg,900,2233,0,2233,785,927,900,285,0.324951171875,0.1260986328125,0.0631103515625,0.0504150390625,0.04595947265625,1,4,eastern bluestar,Fringed Bluestar,Alpine Squill,snow-on-the-mountain,eastern bluestar,small camas
val/08232_Plantae_Tracheophyta_Magnoliopsida_Gentianales_Apocynaceae_Araujia_sericifera/3a2c2fb1-5196-418d-9fcf-c831e61196be.jpg,901,1034,0,1034,901,909,697,664,0.03271484375,0.01641845703125,0.0154571533203125,0.0153656005859375,0.01448822021484375,1,2,white bladderflower,Capricorn beetle,white bladderflower,black mangrove,Bridled Titmouse,Wood Pigeon
val/08244_Plantae_Tracheophyta_Magnoliopsida_Gentianales_Apocynaceae_Asclepias_humistrata/2babbf7c-2a58-4307-bc99-48b9521aac8b.jpg,902,518,0,518,902,1183,1399,508,0.172119140625,0.0684814453125,0.038604736328125,0.025604248046875,0.0191650390625,1,2,Sandhill milkweed,Hackberry Nipple Gall,Sandhill milkweed,Common Aspen Leaf Miner,Sickle-bearing Bush-cricket,Banded Graphisurus
val/08279_Plantae_Tracheophyta_Magnoliopsida_Gentianales_Apocynaceae_Parsonsia_heterophylla/b5757973-1df0-42e9-a47d-91c7e50fd832.jpg,903,918,0,918,268,238,903,2429,0.048187255859375,0.04486083984375,0.02874755859375,0.0267333984375,0.0251617431640625,1,4,New Zealand jasmine,Herb-of-Grace,Roridomyces austrororidus,Common Bronze-back,New Zealand jasmine,Balloon Vine
val/08330_Plantae_Tracheophyta_Magnoliopsida_Gentianales_Rubiaceae_Coprosma_repens/508c46c7-9685-4d46-b1bb-234ac9c1fdb6.jpg,906,1302,0,1302,353,2392,906,965,0.1376953125,0.051422119140625,0.045440673828125,0.035980224609375,0.034423828125,1,4,Mirror bush,Yellow Angled Sulphur,Mignonette vine,Mediterranean buckthorn,Mirror bush,common buckthorn
val/08359_Plantae_Tracheophyta_Magnoliopsida_Gentianales_Rubiaceae_Psychotria_asiatica/a7e2cbd9-14ec-4479-ace5-c6a0beebd117.jpg,907,461,0,461,964,969,820,907,0.10540771484375,0.0596923828125,0.031524658203125,0.0303802490234375,0.0247802734375,1,5,Red Psychotria,Loquat,Carolina buckthorn,Chinese Photinia,dahoon,Red Psychotria
val/08386_Plantae_Tracheophyta_Magnoliopsida_Geraniales_Geraniaceae_Geranium_sibiricum/baa4cb6d-b6ee-458b-a1b0-77b8c5cb2bb8.jpg,908,2374,0,2374,315,2128,908,2326,0.1417236328125,0.10015869140625,0.09539794921875,0.0423583984375,0.0306549072265625,1,4,Siberian Crane's-bill,Goldenseal,dwarf ginseng,Virginia spring beauty,Siberian Crane's-bill,European field pansy
val/08459_Plantae_Tracheophyta_Magnoliopsida_Lamiales_Lamiaceae_Marrubium_vulgare/30fd2eca-5eb1-477d-9cf7-6480c8e3a876.jpg,910,2188,0,2188,480,910,2486,496,0.278076171875,0.031646728515625,0.0310211181640625,0.023162841796875,0.01861572265625,1,3,white horehound,Texas Kidneywood,youth on age,white horehound,little hard fern,brittle bladderfern
val/08563_Plantae_Tracheophyta_Magnoliopsida_Lamiales_Orobanchaceae_Aphyllon_uniflorum/95f16e04-6427-4c6d-a8e4-d6f1cb403d63.jpg,914,1903,0,1903,297,914,1914,1882,0.143798828125,0.06396484375,0.06048583984375,0.050048828125,0.040618896484375,1,3,one-flowered cancer-root,Pink Lady Fingers,giant white fawn lily,one-flowered cancer-root,Waxlip Orchid,Atamasco Lily
val/08588_Plantae_Tracheophyta_Magnoliopsida_Lamiales_Orobanchaceae_Castilleja_wightii/d4c1fdbf-2a81-440d-a13b-573ae9fec3e7.jpg,916,400,0,400,2024,916,2396,2211,0.209716796875,0.051116943359375,0.0382080078125,0.033966064453125,0.01806640625,1,3,Wight's Paintbrush,candyroot,Everlasting flower,Wight's Paintbrush,Tall Cinquefoil,shrubby milkwort
val/08662_Plantae_Tracheophyta_Magnoliopsida_Lamiales_Plantaginaceae_Penstemon_digitalis/c57d70db-4b77-4229-ba9e-44dc79d66fdf.jpg,921,331,0,331,921,361,912,2291,0.098876953125,0.07470703125,0.052734375,0.04119873046875,0.039093017578125,1,2,foxglove beardtongue,Snow Squarestem,foxglove beardtongue,lesser stitchwort,Florida Hedgenettle,blue water-speedwell
val/08698_Plantae_Tracheophyta_Magnoliopsida_Lamiales_Plantaginaceae_Veronica_persica/9c319768-e7db-49d4-a303-f08d93083add.jpg,924,2293,0,2293,924,935,2170,872,0.4619140625,0.256591796875,0.07098388671875,0.0181121826171875,0.0177154541015625,1,2,Persian Speedwell,Grey Field-speedwell,Persian Speedwell,common dog-violet,Pretty Jacob's-ladder,Cape leadwort
val/08774_Plantae_Tracheophyta_Magnoliopsida_Malpighiales_Euphorbiaceae_Croton_lindheimeri/3092cf87-bb57-4a9d-b37a-9897ee8c67f3.jpg,926,984,0,984,926,551,927,2454,0.0303497314453125,0.0237274169921875,0.01497650146484375,0.01418304443359375,0.01221466064453125,1,2,Lindheimer's Doveweed,henbane,Lindheimer's Doveweed,Banded Tussock Moth,snow-on-the-mountain,desert tobacco
val/08889_Plantae_Tracheophyta_Magnoliopsida_Malpighiales_Violaceae_Viola_canadensis/9dd2a93a-2cb5-408b-beaa-6f80709d466f.jpg,933,2128,0,2128,933,808,2381,2172,0.09796142578125,0.056396484375,0.034759521484375,0.0276336669921875,0.0212554931640625,1,2,Canada violet,Virginia spring beauty,Canada violet,nodding wakerobin,rue-anemone,chickweed-wintergreen
val/08892_Plantae_Tracheophyta_Magnoliopsida_Malpighiales_Violaceae_Viola_hastata/9cd55879-485d-4423-8e58-35a2afb8da51.jpg,934,1937,0,1937,934,1914,297,1900,0.0625,0.043243408203125,0.0335693359375,0.0301361083984375,0.029876708984375,1,2,Halberd-leaved violet,sarsaparilla vine,Halberd-leaved violet,Waxlip Orchid,giant white fawn lily,Dwarf Iris
val/08892_Plantae_Tracheophyta_Magnoliopsida_Malpighiales_Violaceae_Viola_hastata/bf60f19f-7f32-43eb-842e-4fa415ccbff4.jpg,934,948,0,948,408,2353,934,935,0.1097412109375,0.029510498046875,0.0267333984375,0.0247344970703125,0.015838623046875,1,4,Halberd-leaved violet,little brown jug,Kanono,Western Wild Ginger,Halberd-leaved violet,common dog-violet
val/08944_Plantae_Tracheophyta_Magnoliopsida_Malvales_Malvaceae_Hibiscus_denudatus/2e584fc7-97da-4cce-b351-8c5c43268f51.jpg,936,937,0,937,982,936,1837,2080,0.310791015625,0.083740234375,0.0309906005859375,0.0242919921875,0.021087646484375,1,3,Rock Hibiscus,flower-of-an-hour,sweet potato,Rock Hibiscus,Panaeolus antillarum,Fiesta Flower
val/09022_Plantae_Tracheophyta_Magnoliopsida_Myrtales_Myrtaceae_Myrtus_communis/3f77525f-ce29-4fa5-96f6-ae07386b9aa0.jpg,940,955,0,955,940,859,2324,868,0.2310791015625,0.2264404296875,0.0270538330078125,0.0260467529296875,0.01983642578125,1,2,myrtle,Pipestem Clematis,myrtle,Cone Stompie,stinking passionflower,starry campion
val/09094_Plantae_Tracheophyta_Magnoliopsida_Oxalidales_Oxalidaceae_Oxalis_debilis/2905443c-8d27-4521-9e89-5fb17ef7adaa.jpg,947,2372,0,2372,947,1250,455,294,0.0731201171875,0.0254669189453125,0.0213165283203125,0.01953125,0.0194854736328125,1,2,Largeflower pink-sorrel,Pitcher's leatherflower,Largeflower pink-sorrel,Primrose Moth,Swamp Leather Flower,Fly Orchid
val/09118_Plantae_Tracheophyta_Magnoliopsida_Piperales_Saururaceae_Saururus_cernuus/74d6e6a6-616e-4d1a-bef1-00836448d85d.jpg,949,997,0,997,1934,949,335,2266,0.055511474609375,0.036163330078125,0.034454345703125,0.032196044921875,0.0213775634765625,1,3,lizard's tail,Hart's-tongue fern,white twisted-stalk,lizard's tail,leafcup,cedar sage
val/09200_Plantae_Tracheophyta_Magnoliopsida_Ranunculales_Ranunculaceae_Actaea_rubra/8f11caa8-955f-48e7-be11-688306e005f9.jpg,953,2317,0,2317,953,1924,445,302,0.335205078125,0.0986328125,0.055816650390625,0.027557373046875,0.0191497802734375,1,2,red baneberry,Bible-leaf,red baneberry,Black Bryony,Cherry Tree,painted trillium
val/09287_Plantae_Tracheophyta_Magnoliopsida_Ranunculales_Ranunculaceae_Xanthorhiza_simplicissima/3321bf3f-5a57-492e-9323-6f6fb296e07d.jpg,958,995,0,995,1985,985,899,958,0.06201171875,0.041015625,0.039825439453125,0.03955078125,0.034637451171875,1,5,Shrub Yellowroot,Hooker's Spleenwort,honewort,pepper vine,water oak,Shrub Yellowroot
val/09320_Plantae_Tracheophyta_Magnoliopsida_Rosales_Rhamnaceae_Ceanothus_crassifolius/3a93ca01-7e11-467e-ae80-b431f749efc9.jpg,962,844,0,844,962,2441,942,2152,0.2152099609375,0.199951171875,0.024688720703125,0.023529052734375,0.0231781005859375,1,2,hoaryleaf ceanothus,Coastal Camphor Bush,hoaryleaf ceanothus,Early Saxifrage,Browneyes,blue elder
val/09344_Plantae_Tracheophyta_Magnoliopsida_Rosales_Rhamnaceae_Rhamnus_cathartica/fec70847-cd8d-4473-b304-06b87b10f12e.jpg,965,1995,0,1995,2306,965,1996,2220,0.10845947265625,0.0836181640625,0.027496337890625,0.0233612060546875,0.0187225341796875,1,3,common buckthorn,five finger,Camphor Tree,common buckthorn,Kohuhu,holly oak
val/09371_Plantae_Tracheophyta_Magnoliopsida_Rosales_Rosaceae_Comarum_palustre/b2725514-3474-44a5-b5c7-5fafb83fdba3.jpg,966,897,0,897,966,2276,2022,1916,0.2080078125,0.1044921875,0.08660888671875,0.07159423828125,0.041748046875,1,2,marsh cinquefoil,tomcat clover,marsh cinquefoil,Denseflower Indian Paintbrush,spotted Joe-Pye-weed,Burnt-tip Orchid
val/09386_Plantae_Tracheophyta_Magnoliopsida_Rosales_Rosaceae_Fragaria_virginiana/cedeac4c-1f7c-4100-af30-83fdfbf144a2.jpg,967,453,0,453,2326,482,967,970,0.06402587890625,0.059478759765625,0.05584716796875,0.053436279296875,0.034820556640625,1,4,Virginia strawberry,meadow anemone,European field pansy,Obscure Morning Glory,Virginia strawberry,swamp dewberry
val/09388_Plantae_Tracheophyta_Magnoliopsida_Rosales_Rosaceae_Geum_aleppicum/ac6fb6fb-0f28-4ad1-bbcd-4a7a888fc6e4.jpg,968,2027,0,2027,968,825,2012,2396,0.312255859375,0.29931640625,0.026824951171875,0.0229949951171875,0.0193328857421875,1,2,Yellow Avens,Camphorweed,Yellow Avens,field marigold,Prairie Coreopsis,Tall Cinquefoil
val/09481_Plantae_Tracheophyta_Magnoliopsida_Rosales_Rosaceae_Rubus_ursinus/808ba597-5a5a-4cb3-bc11-f15b2f9ea67e.jpg,971,424,0,424,2439,971,641,523,0.064697265625,0.0283355712890625,0.0247039794921875,0.016082763671875,0.01491546630859375,1,3,California Blackberry,American lopseed,northern redcurrant,California Blackberry,Temple Tree Frog,Green Burgundy Stink Bug
val/09580_Plantae_Tracheophyta_Magnoliopsida_Sapindales_Sapindaceae_Acer_saccharum/d733bb97-b9b8-499d-8593-6f2ae37655ef.jpg,980,2439,0,2439,2035,980,2424,948,0.08392333984375,0.0574951171875,0.034698486328125,0.0292205810546875,0.0241241455078125,1,3,sugar maple,northern redcurrant,tall rattlesnakeroot,sugar maple,Norway maple,little brown jug
val/09692_Plantae_Tracheophyta_Magnoliopsida_Solanales_Convolvulaceae_Ipomoea_batatas/df7b3563-1780-45af-9b6e-2e49c3fc4404.jpg,982,937,0,937,2080,982,953,445,0.68896484375,0.10919189453125,0.07135009765625,0.0281982421875,0.00634765625,1,3,sweet potato,flower-of-an-hour,Fiesta Flower,sweet potato,red baneberry,Cherry Tree
val/09710_Plantae_Tracheophyta_Magnoliopsida_Solanales_Hydroleaceae_Hydrolea_ovata/8260109b-ea6d-4f8a-a0c0-3115f9cb43bc.jpg,983,854,0,854,983,409,2071,410,0.0797119140625,0.061065673828125,0.0263214111328125,0.0249481201171875,0.0184783935546875,1,2,Blue Waterleaf,viper's-bugloss,Blue Waterleaf,Blue Bugle,clasping Venus's looking glass,carpet bugle
val/09751_Plantae_Tracheophyta_Magnoliopsida_Vitales_Vitaceae_Ampelopsis_arborea/bfa512c0-c018-442b-8ec6-a09151357d45.jpg,985,2252,0,2252,985,388,2410,451,0.0498046875,0.035186767578125,0.03240966796875,0.0234527587890625,0.023284912109375,1,2,pepper vine,Little-Robin,pepper vine,black huckleberry,Sitka Mountain-ash,black cohosh
val/09824_Plantae_Tracheophyta_Pinopsida_Pinales_Pinaceae_Pinus_jeffreyi/c0db3707-53f1-4c4d-b3a1-470f83f8ba5b.jpg,991,489,0,489,492,2418,991,403,0.347412109375,0.1748046875,0.05584716796875,0.032989501953125,0.01312255859375,1,4,Jeffrey's pine,Montezuma cypress,ponderosa pine,Gumbo Limbo,Jeffrey's pine,willow oak
val/09972_Plantae_Tracheophyta_Polypodiopsida_Polypodiales_Pteridaceae_Aspidotis_densa/b7707f02-cc32-4ecc-8c1a-a994697b1791.jpg,999,2371,0,2371,2300,999,347,349,0.0682373046875,0.0239105224609375,0.0228118896484375,0.0215606689453125,0.017425537109375,1,3,serpentine fern,Curveseed Butterwort,Rust Weed,serpentine fern,European Searocket,narrow-leaved bittercress
val/09972_Plantae_Tracheophyta_Polypodiopsida_Polypodiales_Pteridaceae_Aspidotis_densa/13e3a791-a6d0-462a-bc9c-cb7ef9ba5d9f.jpg,999,2341,0,2341,999,276,2038,1986,0.057525634765625,0.047149658203125,0.022247314453125,0.020416259765625,0.020355224609375,1,2,serpentine fern,Spurge Flax,serpentine fern,delicate fern moss,White Butterbur,Queen Anne's lace
val/00010_Animalia_Arthropoda_Arachnida_Araneae_Araneidae_Araneus_marmoreus/29033a34-cd18-4bda-889a-2604d99c8be5.jpg,1001,1002,0,1002,1001,1000,1040,1006,0.17724609375,0.11572265625,0.029541015625,0.018096923828125,0.0159912109375,1,2,Marbled Orb Weaver,Shamrock Orbweaver,Marbled Orb Weaver,Oak Spider,Eastern Milkweed Longhorn Beetle,Green Lynx Spider
val/00063_Animalia_Arthropoda_Arachnida_Araneae_Oxyopidae_Peucetia_viridans/9c00b6cb-d6c9-4fe4-8b4c-87c7b217ddbd.jpg,1006,1000,0,1000,1006,1008,1,1070,0.05078125,0.0276336669921875,0.0191802978515625,0.0155181884765625,0.01409912109375,1,2,Green Lynx Spider,Oak Spider,Green Lynx Spider,European Nursery Web spider,Golden Silk Spider,Dioctria hyalipennis
val/00069_Animalia_Arthropoda_Arachnida_Araneae_Pisauridae_Dolomedes_tenebrosus/367847a0-452c-4d74-b3f0-675f68469e64.jpg,1007,1019,0,1019,1016,1007,500,2,0.269775390625,0.159423828125,0.06591796875,0.056060791015625,0.0501708984375,1,3,Dark Fishing Spider,Mediterranean Spiny False Wolf Spider,False Black Widow,Dark Fishing Spider,Giant House Spider,Six-spotted Fishing Spider
val/00071_Animalia_Arthropoda_Arachnida_Araneae_Pisauridae_Pisaura_mirabilis/cdd07ee8-4106-465e-b501-c21970de6265.jpg,1008,627,0,627,520,1401,500,1008,0.044830322265625,0.044342041015625,0.0222320556640625,0.0208587646484375,0.0202789306640625,1,5,European Nursery Web spider,Conocephalus melaenus,Giant Leaf-footed Bug,Dark Bush-cricket,Giant House Spider,European Nursery Web spider
val/00086_Animalia_Arthropoda_Arachnida_Araneae_Salticidae_Menemerus_bivittatus/ca824cb8-1fef-4d22-826e-60adb0ec5641.jpg,1009,1016,0,1016,1759,1009,27,1401,0.0718994140625,0.059906005859375,0.046661376953125,0.042816162109375,0.04193115234375,1,3,Gray Wall Jumper,False Black Widow,Southern Palm Gecko,Gray Wall Jumper,Western Conifer Seed Bug,Dark Bush-cricket
val/00114_Animalia_Arthropoda_Arachnida_Araneae_Theridiidae_Latrodectus_geometricus/058bdeee-a761-42ae-acb6-d46d0deb03fc.jpg,1014,1408,0,1408,1014,123,500,5,0.259033203125,0.07684326171875,0.06256103515625,0.0565185546875,0.02130126953125,1,2,Brown Widow,Four-lined Silverfish,Brown Widow,Marsh meadow grasshopper,Giant House Spider,Eastern Bark Centipede
val/00123_Animalia_Arthropoda_Arachnida_Araneae_Theridiidae_Steatoda_nobilis/c82f3982-bcb6-4423-8e4c-caa27b9fc218.jpg,1017,1014,0,1014,1019,1017,1128,504,0.133544921875,0.1114501953125,0.09454345703125,0.042144775390625,0.04095458984375,1,3,Noble False Widow,Brown Widow,Mediterranean Spiny False Wolf Spider,Noble False Widow,Eggplant Leafroller,Striped Lynx Spider
val/00127_Animalia_Arthropoda_Arachnida_Araneae_Thomisidae_Sidymella_trapezia/60ba3b4f-181d-4b75-aeb6-ae63b1ca0857.jpg,1018,1019,0,1019,1018,503,1008,2,0.1630859375,0.11627197265625,0.044525146484375,0.023040771484375,0.0228729248046875,1,2,Trapezoid Crab Spider,Mediterranean Spiny False Wolf Spider,Trapezoid Crab Spider,Silver-sided Sector Spider,European Nursery Web spider,Six-spotted Fishing Spider
val/00130_Animalia_Arthropoda_Arachnida_Araneae_Zoropsidae_Zoropsis_spinimana/4d0a7f4e-0e8d-4569-8ed5-f5d393ed17e5.jpg,1019,701,0,701,1644,670,503,1019,0.0589599609375,0.052459716796875,0.045745849609375,0.0261993408203125,0.0184326171875,1,5,Mediterranean Spiny False Wolf Spider,Grosbeak Weaver,Band-backed Wren,Laughing Kookaburra,Silver-sided Sector Spider,Mediterranean Spiny False Wolf Spider
val/00160_Animalia_Arthropoda_Chilopoda_Scolopendromorpha_Scolopendridae_Scolopendra_polymorpha/022e8c2e-eb98-4e14-bd8c-fc126e5587aa.jpg,1026,6,0,6,1026,1027,991,737,0.256103515625,0.2052001953125,0.05682373046875,0.0175628662109375,0.01419830322265625,1,2,Common Desert Centipede,Giant Desert Centipede,Common Desert Centipede,Greenhouse Millipede,Jeffrey's pine,Western Milksnake
val/00160_Animalia_Arthropoda_Chilopoda_Scolopendromorpha_Scolopendridae_Scolopendra_polymorpha/70a68c0c-c275-46ae-a0dd-f2855980252a.jpg,1026,540,0,540,1463,1026,1808,5,0.01183319091796875,0.0107269287109375,0.0106658935546875,0.0068206787109375,0.005641937255859375,1,3,Common Desert Centipede,Alaska Yellowjacket,Italian Agile Frog,Common Desert Centipede,Cat's Eye Snail,Eastern Bark Centipede
val/00177_Animalia_Arthropoda_Insecta_Blattodea_Blaberidae_Pycnoscelus_surinamensis/b9bdf5a5-d4b2-439a-a079-90947da9f803.jpg,1030,1058,0,1058,1054,10,1030,1055,0.1646728515625,0.119873046875,0.042510986328125,0.0308685302734375,0.02606201171875,1,4,Surinam Cockroach,Margined Shining Leaf Chafer,Diurnal Firefly,Spined Woodborer,Surinam Cockroach,Reddish-brown Stag Beetle
val/00256_Animalia_Arthropoda_Insecta_Coleoptera_Cerambycidae_Strangalepta_abbreviata/5ae3edd3-3c2e-47bb-8f01-076feeb984a8.jpg,1039,1094,0,1094,15,1039,1033,1154,0.3623046875,0.1641845703125,0.10589599609375,0.058074951171875,0.03863525390625,1,3,Strangalepta Flower Longhorn,Charcoal Seed Bug,Oedemera femorata,Strangalepta Flower Longhorn,Colorado Soldier Beetle,Polka-Dot Wasp Moth
val/00269_Animalia_Arthropoda_Insecta_Coleoptera_Chrysomelidae_Cerotoma_trifurcata/f97f099d-1f9d-4dac-8733-69d23c5bb287.jpg,1042,526,0,526,1042,16,1301,527,0.062744140625,0.0235137939453125,0.0207977294921875,0.0178985595703125,0.016845703125,1,2,Bean Leaf Beetle,Brown-belted Bumblebee,Bean Leaf Beetle,Kern's Flower Scarab,Clodius Parnassian,Fuzzy-Horned Bumble Bee
val/00272_Animalia_Arthropoda_Insecta_Coleoptera_Chrysomelidae_Chrysochus_cobaltinus/b0c16cc1-69af-4a52-a292-1ee48cb10dbf.jpg,1043,1057,0,1057,1043,515,1053,1107,0.1910400390625,0.1448974609375,0.136474609375,0.057037353515625,0.0390625,1,2,Cobalt Milkweed Beetle,Violet Oil Beetle,Cobalt Milkweed Beetle,Oriental Latrine Fly,Springtime Dung Beetle,Chrysis angolensis
val/00287_Animalia_Arthropoda_Insecta_Coleoptera_Chrysomelidae_Labidomera_clivicollis/79c12966-a408-4131-be32-783571f426ff.jpg,1045,516,0,516,1045,1061,1390,1077,0.137939453125,0.06561279296875,0.03741455078125,0.0224456787109375,0.020965576171875,1,2,Milkweed Leaf Beetle,Bumblebee Hoverfly,Milkweed Leaf Beetle,Japanese Beetle,Aztec Spur-throated Grasshopper,Yellow-haired Sunfly
val/00310_Animalia_Arthropoda_Insecta_Coleoptera_Coccinellidae_Coccinella_septempunctata/306a669d-4ee6-465b-9bcb-06b549e947de.jpg,1046,1047,0,1047,1040,12,1046,1049,0.1927490234375,0.10516357421875,0.0947265625,0.0782470703125,0.059295654296875,1,4,Seven-spotted Ladybird Beetle,Small Transverse Ladybird Beetle,Eastern Milkweed Longhorn Beetle,Hadda Beetle,Seven-spotted Ladybird Beetle,Spotless Ladybird
val/00311_Animalia_Arthropoda_Insecta_Coleoptera_Coccinellidae_Coccinella_transversalis/0c1b3144-d040-4951-bbef-a7b6b44802cc.jpg,1047,1045,0,1045,1047,1048,1294,575,0.24462890625,0.0728759765625,0.044830322265625,0.019134521484375,0.01904296875,1,2,Small Transverse Ladybird Beetle,Milkweed Leaf Beetle,Small Transverse Ladybird Beetle,Three-banded Ladybug,Yellow Admiral,Purple Sapphire
val/00312_Animalia_Arthropoda_Insecta_Coleoptera_Coccinellidae_Coccinella_trifasciata/d3f4a961-de52-4d04-b69e-e90b068d017b.jpg,1048,1049,0,1049,1048,509,1045,1013,0.2548828125,0.053466796875,0.0389404296875,0.033721923828125,0.0214385986328125,1,2,Three-banded Ladybug,Spotless Ladybird,Three-banded Ladybug,Dead-nettle Leaf Beetle,Milkweed Leaf Beetle,Common candy-striped spider
val/00339_Animalia_Arthropoda_Insecta_Coleoptera_Curculionidae_Pantomorus_cervinus/74a43a7c-36eb-45d9-bc4b-0f4d2817f541.jpg,1051,1055,0,1055,1051,1020,503,607,0.041107177734375,0.0309906005859375,0.0186920166015625,0.01702880859375,0.01439666748046875,1,2,Fuller's rose weevil,Reddish-brown Stag Beetle,Fuller's rose weevil,Pacific Coast Tick,Silver-sided Sector Spider,Stick Mantis
val/00353_Animalia_Arthropoda_Insecta_Coleoptera_Lampyridae_Ellychnia_corrusca/3da3968e-0ed0-460a-a291-7bee68eb3f11.jpg,1054,3,0,3,747,1094,1054,1067,0.036956787109375,0.0364990234375,0.026763916015625,0.0131988525390625,0.01253509521484375,1,4,Diurnal Firefly,Johnson's Jumping Spider,European Pond Turtle,Charcoal Seed Bug,Diurnal Firefly,Hirta Beetle
val/00358_Animalia_Arthropoda_Insecta_Coleoptera_Lucanidae_Lucanus_capreolus/621879b9-778e-4961-8e46-e0f011701479.jpg,1055,35,0,35,1467,254,1347,1055,0.025115966796875,0.0227813720703125,0.021942138671875,0.0200653076171875,0.0168304443359375,1,5,Reddish-brown Stag Beetle,Elm Sawfly,Arboreal Salamander,Lettered Olive,Fawn Darner,Reddish-brown Stag Beetle
val/00364_Animalia_Arthropoda_Insecta_Coleoptera_Meloidae_Cysteodemus_armatus/84915997-cc11-42e5-9336-235a088fa281.jpg,1056,512,0,512,1056,1068,1805,524,0.0584716796875,0.058197021484375,0.0557861328125,0.0408935546875,0.039794921875,1,2,Inflated Beetle,Canada Thistle Bud Weevil,Inflated Beetle,Diabolical Ironclad Beetle,Garden Snail,Green Shield Bug
val/00368_Animalia_Arthropoda_Insecta_Coleoptera_Meloidae_Meloe_violaceus/b8971e05-b23c-43e6-b0e8-f49201f6fd5d.jpg,1057,1053,0,1053,1057,1102,1447,277,0.09619140625,0.038482666015625,0.03594970703125,0.026580810546875,0.020782470703125,1,2,Violet Oil Beetle,Springtime Dung Beetle,Violet Oil Beetle,Red-shouldered Bug,Great Plains Toad,Sponge Weed
val/00368_Animalia_Arthropoda_Insecta_Coleoptera_Meloidae_Meloe_violaceus/3ef42c2b-1738-4dec-be85-f1dde4402d36.jpg,1057,1043,0,1043,1053,1057,14,1071,0.294677734375,0.2900390625,0.1009521484375,0.0330810546875,0.01149749755859375,1,3,Violet Oil Beetle,Cobalt Milkweed Beetle,Springtime Dung Beetle,Violet Oil Beetle,Woodland Dor Beetle,Common Greenbottle Fly
val/00412_Animalia_Arthropoda_Insecta_Coleoptera_Staphylinidae_Ocypus_olens/9b9b52c4-0b73-45b7-9d77-6a91706becd1.jpg,1066,1069,0,1069,1377,1066,1052,1466,0.0445556640625,0.037689208984375,0.0231170654296875,0.0200347900390625,0.0189361572265625,1,3,Devil's Coach-horse Beetle,Ring-legged Earwig,Blue Marsh Hawk,Devil's Coach-horse Beetle,Texas Eyed Click Beetle,Marbled Salamander
val/00416_Animalia_Arthropoda_Insecta_Coleoptera_Tenebrionidae_Lagria_hirta/9d0c2c10-e7f9-456c-a2cf-ee91a63aceb8.jpg,1067,1041,0,1041,1067,1097,1061,510,0.174072265625,0.1317138671875,0.08013916015625,0.07220458984375,0.03314208984375,1,2,Hirta Beetle,Clay-colored Leaf Beetle,Hirta Beetle,Deraeocoris ruber,Japanese Beetle,Poplar Leaf Beetle
val/00417_Animalia_Arthropoda_Insecta_Coleoptera_Zopheridae_Phloeodes_diabolicus/acfd6f69-96b6-4eaa-b45a-fb87ce15d7db.jpg,1068,1831,0,1831,1068,1029,1065,1062,0.05804443359375,0.054779052734375,0.029144287109375,0.0228118896484375,0.0166778564453125,1,2,Diabolical Ironclad Beetle,collared parachute,Diabolical Ironclad Beetle,Pacific Barnacle,Red-breasted Carrion Beetle,American Carrion Beetle
val/00419_Animalia_Arthropoda_Insecta_Dermaptera_Anisolabididae_Euborellia_annulipes/63092060-9312-4f7f-951f-346381e4c750.jpg,1069,1466,0,1466,531,41,1389,1069,0.0645751953125,0.034515380859375,0.026611328125,0.02337646484375,0.023193359375,1,5,Ring-legged Earwig,Marbled Salamander,Four-banded Stink Bug Hunter Wasp,Common Thread-waisted Wasp,Gray Petaltail,Ring-legged Earwig
val/00421_Animalia_Arthropoda_Insecta_Diptera_Asilidae_Dioctria_hyalipennis/43e7dec0-f0b9-4d51-912b-b38c95671579.jpg,1070,1093,0,1093,42,1070,41,1117,0.12225341796875,0.048095703125,0.04400634765625,0.0186614990234375,0.0158233642578125,1,3,Dioctria hyalipennis,Leptoglossus zonatus,Western Paper Wasp,Dioctria hyalipennis,Common Thread-waisted Wasp,Australian Paper Wasp
val/00454_Animalia_Arthropoda_Insecta_Diptera_Ptychopteridae_Bittacomorpha_clavipes/069eab1d-a887-4a2b-a886-744009743f1a.jpg,1072,1355,0,1355,627,1356,1366,1072,0.0736083984375,0.0469970703125,0.02197265625,0.0197296142578125,0.0189666748046875,1,5,Eastern Phantom Crane Fly,Double-striped Bluet,Conocephalus melaenus,Stream Bluet,Southern Spreadwing,Eastern Phantom Crane Fly
val/00460_Animalia_Arthropoda_Insecta_Diptera_Syrphidae_Allograpta_obliqua/8ceadb4e-1e6f-46d2-9be3-0d0fc89ce0d8.jpg,1074,1076,0,1076,9,1036,1035,1074,0.254638671875,0.1298828125,0.060546875,0.0364990234375,0.0292510986328125,1,5,Oblique Stripetail Hoverfly,Virginia Flower Fly,Spotted Longhorn,Long-jawed Longhorn Beetle,Wasp Beetle,Oblique Stripetail Hoverfly
val/00460_Animalia_Arthropoda_Insecta_Diptera_Syrphidae_Allograpta_obliqua/ceb7bd2f-ee88-4c22-8e53-2504dcc3032b.jpg,1074,1076,0,1076,1074,541,1077,1118,0.274658203125,0.159423828125,0.10498046875,0.06719970703125,0.05340576171875,1,2,Oblique Stripetail Hoverfly,Virginia Flower Fly,Oblique Stripetail Hoverfly,Eastern Yellowjacket,Yellow-haired Sunfly,Widow Yellowjacket
val/00480_Animalia_Arthropoda_Insecta_Diptera_Syrphidae_Milesia_virginiensis/47b61614-74a8-4a8c-927c-cf544dbbc25b.jpg,1076,1118,0,1118,541,1077,594,1076,0.041656494140625,0.035003662109375,0.03485107421875,0.0318603515625,0.0256195068359375,1,5,Virginia Flower Fly,Widow Yellowjacket,Eastern Yellowjacket,Yellow-haired Sunfly,Polymnia Tigerwing,Virginia Flower Fly
val/00481_Animalia_Arthropoda_Insecta_Diptera_Syrphidae_Myathropa_florea/b69f07cd-df9c-4075-aa9b-158f517d6c56.jpg,1077,1118,0,1118,540,535,541,1077,0.1517333984375,0.1385498046875,0.08935546875,0.0345458984375,0.034210205078125,1,5,Yellow-haired Sunfly,Widow Yellowjacket,Alaska Yellowjacket,Ancistrocerus adiabatus,Eastern Yellowjacket,Yellow-haired Sunfly
val/00484_Animalia_Arthropoda_Insecta_Diptera_Syrphidae_Paragus_haemorrhous/bec780cd-3728-4dd6-b200-5c944adde47b.jpg,1079,535,0,535,1073,1079,531,622,0.15234375,0.08526611328125,0.0595703125,0.0310516357421875,0.0228424072265625,1,3,Black-backed Grass Skimmer,Ancistrocerus adiabatus,Black Soldier Fly,Black-backed Grass Skimmer,Four-banded Stink Bug Hunter Wasp,Elfin Skimmer
val/00484_Animalia_Arthropoda_Insecta_Diptera_Syrphidae_Paragus_haemorrhous/8424b5a9-aa39-4291-b69c-1e9daa9d2bc6.jpg,1079,1060,0,1060,609,1079,1788,516,0.041351318359375,0.025421142578125,0.024932861328125,0.0178680419921875,0.01107025146484375,1,3,Black-backed Grass Skimmer,Gazelle Scarab,Harlequin Darner,Black-backed Grass Skimmer,Kina,Bumblebee Hoverfly
val/00487_Animalia_Arthropoda_Insecta_Diptera_Syrphidae_Sphaerophoria_scripta/bb14a0c4-81f4-4e06-bb20-27b347225206.jpg,1081,1118,0,1118,535,531,1081,1080,0.217041015625,0.1790771484375,0.142578125,0.09600830078125,0.0313720703125,1,4,Long Hover Fly,Widow Yellowjacket,Ancistrocerus adiabatus,Four-banded Stink Bug Hunter Wasp,Long Hover Fly,White-bowed Smoothwing
val/00499_Animalia_Arthropoda_Insecta_Diptera_Tachinidae_Hystricia_abrupta/1a399a75-f153-41ff-a2c4-833e39baf515.jpg,1082,1268,0,1268,1082,1115,39,1266,0.08746337890625,0.056854248046875,0.02880859375,0.0170135498046875,0.016357421875,1,2,Tomato Bristle Fly,Gabb's Checkerspot,Tomato Bristle Fly,Apache Wasp,Pure Green Sweat Bee,American Meadow Fritillary
val/00510_Animalia_Arthropoda_Insecta_Hemiptera_Acanthosomatidae_Elasmostethus_cruciatus/c2d518ea-cae7-48b1-ba47-95f7baaf7f54.jpg,1083,639,0,639,1195,633,1698,1083,0.01488494873046875,0.01218414306640625,0.011810302734375,0.01006317138671875,0.0091094970703125,1,5,Red-cross Shield Bug,Mexican Giant Tree Frog,Rural Skipper,Grey Snapper,Common Stingaree,Red-cross Shield Bug
val/00510_Animalia_Arthropoda_Insecta_Hemiptera_Acanthosomatidae_Elasmostethus_cruciatus/cacb9675-2765-40d9-8ded-a9bda5a60b03.jpg,1083,581,0,581,1254,27,1728,1083,0.11187744140625,0.04132080078125,0.019378662109375,0.0193634033203125,0.016754150390625,1,5,Red-cross Shield Bug,Flame Shoulder Moth,Western Bean Cutworm Moth,Western Conifer Seed Bug,Norway Rat,Red-cross Shield Bug
val/00523_Animalia_Arthropoda_Insecta_Hemiptera_Aphrophoridae_Philaenus_spumarius/366f42c7-1ac7-4f82-88cd-b73592e7da17.jpg,1084,1628,0,1628,1084,537,1261,111,0.0537109375,0.048431396484375,0.0384521484375,0.027801513671875,0.015899658203125,1,2,Meadow spittlebug,Italian Sparrow,Meadow spittlebug,Polistes dorsalis,Buff-tip,Bidens Borer Moth
val/00527_Animalia_Arthropoda_Insecta_Hemiptera_Cicadellidae_Cicadella_viridis/eda061d8-bc5e-46c6-b258-064575735053.jpg,1085,1136,0,1136,1085,1070,1088,1107,0.0355224609375,0.02789306640625,0.02642822265625,0.021728515625,0.01617431640625,1,2,Green Leafhopper,Brunia antica,Green Leafhopper,Dioctria hyalipennis,Red-banded Leafhopper,Chrysis angolensis
val/00530_Animalia_Arthropoda_Insecta_Hemiptera_Cicadellidae_Excultanus_excultus/80c87207-c61f-4a73-b9e6-4c02a5d9945a.jpg,1087,1159,0,1159,1181,114,1067,1087,0.049041748046875,0.049041748046875,0.04718017578125,0.020263671875,0.0193023681640625,1,5,Excultanus excultus,Black-smudged Chionodes Moth,Southern Emerald Moth,Chrysopa oculata,Hirta Beetle,Excultanus excultus
val/00530_Animalia_Arthropoda_Insecta_Hemiptera_Cicadellidae_Excultanus_excultus/15d2300d-fbc7-4f70-9f7d-1280d942e825.jpg,1087,1235,0,1235,1159,1251,1087,105,0.05145263671875,0.040618896484375,0.03759765625,0.03656005859375,0.0250244140625,1,4,Excultanus excultus,Dusky Groundling,Black-smudged Chionodes Moth,Beet Armyworm,Excultanus excultus,Pawpaw Sphinx Moth
val/00565_Animalia_Arthropoda_Insecta_Hemiptera_Coreidae_Hypselonotus_interruptus/56c452cb-4416-4a2d-89d3-caf45a76f6db.jpg,1092,2139,0,2139,554,1098,1092,1040,0.039642333984375,0.0222320556640625,0.01448822021484375,0.01367950439453125,0.01361083984375,1,4,Hypselonotus interruptus,American bittersweet,Painted Lichen Moth,Meadow Plant Bug,Hypselonotus interruptus,Eastern Milkweed Longhorn Beetle
val/00623_Animalia_Arthropoda_Insecta_Hemiptera_Pentatomidae_Euthyrhynchus_floridanus/3badb91d-ecd7-4e50-85e7-a406c2c18e02.jpg,1099,1046,0,1046,510,1102,1099,3,0.06768798828125,0.0248260498046875,0.0163116455078125,0.01488494873046875,0.01166534423828125,1,4,Florida Predatory Stink Bug,Seven-spotted Ladybird Beetle,Poplar Leaf Beetle,Red-shouldered Bug,Florida Predatory Stink Bug,Johnson's Jumping Spider
val/00691_Animalia_Arthropoda_Insecta_Hymenoptera_Apidae_Bombus_lapidarius/cdda3f28-addc-419a-8e73-4166a0f41de0.jpg,1104,1082,0,1082,1103,527,529,1104,0.0792236328125,0.061614990234375,0.0390625,0.029815673828125,0.02813720703125,1,5,Large Red-tailed Bumblebee,Tomato Bristle Fly,California Bumble Bee,Fuzzy-Horned Bumble Bee,Valley Carpenter Bee,Large Red-tailed Bumblebee
val/00703_Animalia_Arthropoda_Insecta_Hymenoptera_Apidae_Bombus_terricola/9134d27e-a7d4-43d2-b785-695289ed7df0.jpg,1105,1727,0,1727,1105,527,1226,551,0.02508544921875,0.0179595947265625,0.01387786865234375,0.0097808837890625,0.00939178466796875,1,2,Yellow-banded Bumble Bee,Common Porcupine,Yellow-banded Bumble Bee,Fuzzy-Horned Bumble Bee,Yellow-haired Dagger Moth,Banded Tussock Moth
val/00731_Animalia_Arthropoda_Insecta_Hymenoptera_Cynipidae_Andricus_quercuscalifornicus/13940292-1715-4dff-8446-5f5dabe0569c.jpg,1109,36,0,36,1109,1822,170,1677,0.0268096923828125,0.018707275390625,0.0142669677734375,0.013397216796875,0.01137542724609375,1,2,California Gall Wasp,Spongy Oak Apple Gall Wasp,California Gall Wasp,Yellow Patches,Yellow Grosbeak,Blue-and-yellow Macaw
val/00755_Animalia_Arthropoda_Insecta_Hymenoptera_Formicidae_Iridomyrmex_purpureus/92ef8015-c0b4-499d-84d6-be95a0e7d0e4.jpg,1111,42,0,42,38,1111,1373,1093,0.08154296875,0.0635986328125,0.033782958984375,0.0228118896484375,0.021087646484375,1,3,Meat Ant,Western Paper Wasp,New York Carpenter Ant,Meat Ant,Hudsonian Whiteface,Leptoglossus zonatus
val/00807_Animalia_Arthropoda_Insecta_Hymenoptera_Sphecidae_Sphex_pensylvanicus/f2861631-0e20-400c-97e7-cc67b1021574.jpg,1114,20,0,20,18,1114,1090,1335,0.07122802734375,0.045806884765625,0.03436279296875,0.02496337890625,0.024200439453125,1,3,Great Black Wasp,Mexican Cactus Fly,Blue Blowfly,Great Black Wasp,Northern Dog-day Cicada,Grapeleaf Skeletonizer
val/00823_Animalia_Arthropoda_Insecta_Hymenoptera_Vespidae_Polistes_apachus/1f2c3f6c-697f-4235-8b65-07787a89eaa5.jpg,1115,537,0,537,539,1115,1234,1116,0.1873779296875,0.114013671875,0.062103271484375,0.046630859375,0.04400634765625,1,3,Apache Wasp,Polistes dorsalis,Polistes instabilis,Apache Wasp,Pink-shaded Fern Moth,Golden Paper Wasp
val/00848_Animalia_Arthropoda_Insecta_Lepidoptera_Adelidae_Adela_reaumurella/14a325ee-f079-488d-a4fa-bd6cda88ad57.jpg,1119,115,0,115,1119,1200,1032,1383,0.06121826171875,0.0281982421875,0.017578125,0.0173492431640625,0.0142059326171875,1,2,Green Longhorn Moth,Owly Sulphur,Green Longhorn Moth,Northern Cloudywing,Two-lined Leatherwing,Pied Skimmer
val/00864_Animalia_Arthropoda_Insecta_Lepidoptera_Crambidae_Anania_hortulata/8c1eb339-8ba1-4457-829b-25a132ac17b4.jpg,1122,45,0,45,81,1138,542,1122,0.1181640625,0.048736572265625,0.04779052734375,0.032745361328125,0.02410888671875,1,5,Small Magpie,Hydrilla Leafcutter Moth,Small Mossy Lithacodia,Mother Shipton,Checkered Apogeshna,Small Magpie
val/00868_Animalia_Arthropoda_Insecta_Lepidoptera_Crambidae_Chalcoela_iphitalis/c7c684b2-9189-4639-b171-318bf8472a07.jpg,1123,1125,0,1125,546,1123,112,1158,0.10211181640625,0.0721435546875,0.045501708984375,0.034637451171875,0.0236053466796875,1,3,Sooty-winged Chalcoela Moth,Waterlily Borer Moth,Belted Grass-veneer,Sooty-winged Chalcoela Moth,Omnivorous Platynota Moth,Eyed Paectes Moth
val/00868_Animalia_Arthropoda_Insecta_Lepidoptera_Crambidae_Chalcoela_iphitalis/60f99b3e-2edf-4aaa-bfa5-6a5a7fea9413.jpg,1123,98,0,98,1645,1648,1592,1123,0.017242431640625,0.01324462890625,0.01303863525390625,0.0101165771484375,0.008575439453125,1,5,Sooty-winged Chalcoela Moth,Darker Moodna Moth,Marsh Wren,Winter Wren,Brown-headed Cowbird,Sooty-winged Chalcoela Moth
val/00884_Animalia_Arthropoda_Insecta_Lepidoptera_Crambidae_Elophila_gyralis/65fd8eed-6bbd-469d-b92b-91b8dd750563.jpg,1125,542,0,542,1125,1448,637,1330,0.137451171875,0.06524658203125,0.04052734375,0.037689208984375,0.0279541015625,1,2,Waterlily Borer Moth,Checkered Apogeshna,Waterlily Borer Moth,Fowler's Toad,Green Toad,Spruce Budworm
val/00900_Animalia_Arthropoda_Insecta_Lepidoptera_Crambidae_Leucinodes_cordalis/7d55cc7f-1ecf-4ef6-8f58-50dbebd0aa60.jpg,1127,1317,0,1317,1127,52,552,1321,0.3291015625,0.1761474609375,0.03997802734375,0.0265045166015625,0.0091400146484375,1,2,Poroporo fruit borer,Lettered Sphinx Moth,Poroporo fruit borer,Dimorphic Bomolocha Moth,Deceptive Snout,Poplar Hawk-moth
val/00901_Animalia_Arthropoda_Insecta_Lepidoptera_Crambidae_Lineodes_integra/bee8d6c5-932c-4648-ae57-4a66c6ad9b9c.jpg,1128,1340,0,1340,1319,1341,1128,45,0.2418212890625,0.08673095703125,0.06878662109375,0.05255126953125,0.05242919921875,1,4,Eggplant Leafroller,Four-spotted Mantisfly,Vine Hawk-Moth,Say's Mantidfly,Eggplant Leafroller,Hydrilla Leafcutter Moth
val/00927_Animalia_Arthropoda_Insecta_Lepidoptera_Crambidae_Pyrausta_acrionalis/b80919d4-7918-41de-8eda-2e4cdebc7794.jpg,1130,1131,0,1131,543,1130,1313,603,0.04656982421875,0.04229736328125,0.0278472900390625,0.0246734619140625,0.0140533447265625,1,3,Mint-loving Pyrausta Moth,Raspberry Pyrausta Moth,Box Tree Moth,Mint-loving Pyrausta Moth,Pink-fringed Dolichomia Moth,Rosy Tabby
val/00935_Animalia_Arthropoda_Insecta_Lepidoptera_Crambidae_Pyrausta_signatalis/2c51184f-6752-42e9-8057-e895e5578c5d.jpg,1131,1089,0,1089,1131,1799,590,1084,0.0240631103515625,0.021484375,0.01593017578125,0.0149688720703125,0.01320648193359375,1,2,Raspberry Pyrausta Moth,Coppery Leafhopper,Raspberry Pyrausta Moth,Branched Dendronotus,Autumn Leaf,Meadow spittlebug
val/00956_Animalia_Arthropoda_Insecta_Lepidoptera_Drepanidae_Habrosyne_pyritoides/6153c9d9-a92b-4768-9a52-07f17049e8ca.jpg,1133,547,0,547,1127,1133,1245,45,0.171875,0.06365966796875,0.058349609375,0.02142333984375,0.01291656494140625,1,3,Buff Arches,Mung Bean Moth,Poroporo fruit borer,Buff Arches,Fluid Arches,Hydrilla Leafcutter Moth
val/00986_Animalia_Arthropoda_Insecta_Lepidoptera_Erebidae_Brunia_antica/fa90defc-6050-4a82-a4a8-42e350edba9e.jpg,1136,1054,0,1054,1140,1136,512,110,0.0543212890625,0.0311431884765625,0.02783203125,0.0252532958984375,0.02294921875,1,3,Brunia antica,Diurnal Firefly,Lead-colored Lichen Moth,Brunia antica,Canada Thistle Bud Weevil,Filbertworm Moth
val/01010_Animalia_Arthropoda_Insecta_Lepidoptera_Erebidae_Cisthene_plumbea/59ff7ba8-4cf6-42e1-9858-bd0b25442287.jpg,1140,1141,0,1141,1083,1140,48,1202,0.0418701171875,0.02911376953125,0.0214691162109375,0.015167236328125,0.0115814208984375,1,3,Lead-colored Lichen Moth,Buff Footman,Red-cross Shield Bug,Lead-colored Lichen Moth,Snowy Urola Moth,Speckled Lactura
val/01036_Animalia_Arthropoda_Insecta_Lepidoptera_Erebidae_Euplagia_quadripunctaria/55aeefaf-7c55-4e3a-93b2-eefede7c84b7.jpg,1144,543,0,543,1144,1134,1124,555,0.1783447265625,0.140869140625,0.0987548828125,0.059478759765625,0.0147247314453125,1,2,Jersey Tiger,Box Tree Moth,Jersey Tiger,Harnessed Moth,Cucumber Moth,Black Arches
val/01052_Animalia_Arthropoda_Insecta_Lepidoptera_Erebidae_Hypena_proboscidalis/fcb4673f-e61c-4800-b412-5319333d2d85.jpg,1147,552,0,552,1147,1246,54,1137,0.345703125,0.148681640625,0.038177490234375,0.033782958984375,0.029693603515625,1,2,The Snout,Deceptive Snout,The Snout,White-Speck,Pantydia sparsa,Forage Looper Moth
val/01071_Animalia_Arthropoda_Insecta_Lepidoptera_Erebidae_Lophocampa_caryae/8e3e2607-380c-4ef3-928e-ee32614feb1e.jpg,1148,1781,0,1781,1148,767,268,261,0.1575927734375,0.10430908203125,0.0190887451171875,0.0171966552734375,0.0168914794921875,1,2,Hickory Tussock Moth,Starburst Anemone,Hickory Tussock Moth,White Coral Fungus,Roridomyces austrororidus,scaly pelt lichen
val/01073_Animalia_Arthropoda_Insecta_Lepidoptera_Erebidae_Lycomorpha_pholus/1a93a8fa-3c15-48e6-a63b-6a46f2ccbdf6.jpg,1149,1046,0,1046,1149,1086,1064,1264,0.031280517578125,0.02301025390625,0.0160064697265625,0.01314544677734375,0.01306915283203125,1,2,Black-and-yellow Lichen Moth,Seven-spotted Ladybird Beetle,Black-and-yellow Lichen Moth,Saddled Leafhopper,Tomentose Burying Beetle,Arizona Sister
val/01079_Animalia_Arthropoda_Insecta_Lepidoptera_Erebidae_Melipotis_jucunda/cd89e301-bb19-477a-8152-c37dc94e4e44.jpg,1150,1167,0,1167,1318,1150,1235,1177,0.27001953125,0.1717529296875,0.0826416015625,0.033355712890625,0.031341552734375,1,3,Merry Melipotis,Marbled Carpet Moth,Obscure Sphinx Moth,Merry Melipotis,Dusky Groundling,Brown-lined Looper Moth
val/01086_Animalia_Arthropoda_Insecta_Lepidoptera_Erebidae_Nigetia_formosalis/20560076-47d4-4161-87e9-f742d6d8535e.jpg,1152,1145,0,1145,1152,1257,1174,1291,0.28076171875,0.229736328125,0.051513671875,0.0185699462890625,0.0075836181640625,1,2,Thin-winged Owlet Moth,Bird Dropping Lichen Moth,Thin-winged Owlet Moth,White Furcula Moth,White-ribboned Carpet Moth,Common Jester
val/01107_Animalia_Arthropoda_Insecta_Lepidoptera_Erebidae_Phalaenophana_pyramusalis/9406ef97-e954-48a6-b64a-67ab354893ce.jpg,1153,552,0,552,1153,1147,54,53,0.1671142578125,0.1651611328125,0.1412353515625,0.034454345703125,0.0268707275390625,1,2,Dark-banded Owlet,Deceptive Snout,Dark-banded Owlet,The Snout,Pantydia sparsa,Royal Poinciana Moth
val/01128_Animalia_Arthropoda_Insecta_Lepidoptera_Erebidae_Syntomeida_epilais/37776a9f-5016-4ef1-845e-75c04127882d.jpg,1154,1328,0,1328,1154,505,93,1057,0.21533203125,0.15185546875,0.0343017578125,0.0312347412109375,0.0301666259765625,1,2,Polka-Dot Wasp Moth,Mournful Thyris,Polka-Dot Wasp Moth,Northern Black Widow,Dainty Swallowtail,Violet Oil Beetle
val/01131_Animalia_Arthropoda_Insecta_Lepidoptera_Erebidae_Trigonodes_hyppasia/2f7126ca-cf33-4863-84c6-b88bc50347b1.jpg,1155,1319,0,1319,1155,1134,1158,62,0.47705078125,0.27294921875,0.0308380126953125,0.01323699951171875,0.0043182373046875,1,2,Triangles,Vine Hawk-Moth,Triangles,Harnessed Moth,Eyed Paectes Moth,Yellow Slant-line
val/01133_Animalia_Arthropoda_Insecta_Lepidoptera_Erebidae_Utetheisa_ornatrix/342b2244-47ff-4735-979c-80518ce77f9a.jpg,1157,12,0,12,1044,1040,1050,1157,0.1573486328125,0.1263427734375,0.03985595703125,0.036895751953125,0.035125732421875,1,5,Ornate Bella Moth,Hadda Beetle,Spotted Willow Leaf Beetle,Eastern Milkweed Longhorn Beetle,Ashy Gray Ladybug,Ornate Bella Moth
val/01153_Animalia_Arthropoda_Insecta_Lepidoptera_Geometridae_Aplocera_plagiata/32594454-11e2-4c33-939e-c2933f713b3c.jpg,1160,1147,0,1147,1225,1160,1259,1167,0.12371826171875,0.055938720703125,0.040130615234375,0.039215087890625,0.033477783203125,1,3,St. John's Wort Inchworm,The Snout,Distinct Quaker,St. John's Wort Inchworm,Double-toothed Prominent Moth,Marbled Carpet Moth
val/01153_Animalia_Arthropoda_Insecta_Lepidoptera_Geometridae_Aplocera_plagiata/c6b105f7-c531-4b8d-ae2a-102ca4c2168b.jpg,1160,1182,0,1182,568,1160,578,560,0.1043701171875,0.050750732421875,0.040069580078125,0.032867431640625,0.0282135009765625,1,3,St. John's Wort Inchworm,Tissue Moth,Bruce Spanworm,St. John's Wort Inchworm,Fingered Dagger,Bent-line Carpet
val/01171_Animalia_Arthropoda_Insecta_Lepidoptera_Geometridae_Cingilia_catenaria/896cd921-6288-49ee-864a-563ec09edd50.jpg,1162,1306,0,1306,1303,1162,599,1075,0.100341796875,0.0841064453125,0.051605224609375,0.0281219482421875,0.026580810546875,1,3,Chain-dotted Geometer,Common Grass Yellow,Caper White,Chain-dotted Geometer,Common Gull,Dangling Swamp-lover
val/01173_Animalia_Arthropoda_Insecta_Lepidoptera_Geometridae_Cladara_atroliturata/069c6e70-592a-466b-8240-31475c2918c5.jpg,1164,1227,0,1227,1164,578,1226,555,0.38720703125,0.271484375,0.056610107421875,0.03179931640625,0.0257110595703125,1,2,The Scribbler,Delightful Dagger Moth,The Scribbler,Fingered Dagger,Yellow-haired Dagger Moth,Black Arches
val/01185_Animalia_Arthropoda_Insecta_Lepidoptera_Geometridae_Cyclophora_pendulinaria/8ea87f4a-c320-42d7-b1f1-35d42692057b.jpg,1165,1330,0,1330,1232,1179,1165,569,0.1429443359375,0.10601806640625,0.0312347412109375,0.023681640625,0.022247314453125,1,4,Sweetfern Geometer Moth,Spruce Budworm,Three-lined Balsa Moth,Porcelain Gray,Sweetfern Geometer Moth,The Gem
val/01213_Animalia_Arthropoda_Insecta_Lepidoptera_Geometridae_Eulithis_explanata/20aa53e7-13e2-4151-aadc-c8fa4ca88d9c.jpg,1168,1182,0,1182,1164,1167,1168,51,0.073974609375,0.062744140625,0.03857421875,0.025421142578125,0.0212860107421875,1,4,White Eulithis Moth,Tissue Moth,The Scribbler,Marbled Carpet Moth,White Eulithis Moth,Ilia Underwing
val/01267_Animalia_Arthropoda_Insecta_Lepidoptera_Geometridae_Milionia_zonea/b315d366-b6bf-43c9-a462-b15f80968892.jpg,1175,1064,0,1064,1288,1174,1175,1836,0.044342041015625,0.0177154541015625,0.01462554931640625,0.012176513671875,0.0094451904296875,1,4,Milionia zonea,Tomentose Burying Beetle,Eastern Comma,White-ribboned Carpet Moth,Milionia zonea,Mock Oyster Mushroom
val/01269_Animalia_Arthropoda_Insecta_Lepidoptera_Geometridae_Nemoria_bistriaria/a0ad7283-5c77-4ba6-bf67-fd3f2f4b16c5.jpg,1176,56,0,56,1181,1176,564,1166,0.2374267578125,0.2332763671875,0.179931640625,0.014129638671875,0.0137481689453125,1,3,Red-fringed Emerald,Blackberry Looper,Southern Emerald Moth,Red-fringed Emerald,Common Emerald,Showy Emerald
val/01272_Animalia_Arthropoda_Insecta_Lepidoptera_Geometridae_Neoalcis_californiaria/df369eea-46ee-4b82-b5fb-0b39cf59cbc3.jpg,1177,567,0,567,1177,1182,1851,1160,0.1328125,0.0919189453125,0.03289794921875,0.0207366943359375,0.0181427001953125,1,2,Brown-lined Looper Moth,Black Geometrid,Brown-lined Looper Moth,Tissue Moth,Oak mazegill,St. John's Wort Inchworm
val/01272_Animalia_Arthropoda_Insecta_Lepidoptera_Geometridae_Neoalcis_californiaria/390ac48d-f0c8-4f48-8dc2-1e3a9045246a.jpg,1177,1179,0,1179,1168,559,1182,1177,0.1011962890625,0.0770263671875,0.06927490234375,0.06463623046875,0.0562744140625,1,5,Brown-lined Looper Moth,Porcelain Gray,White Eulithis Moth,Chloroclystis inductata,Tissue Moth,Brown-lined Looper Moth
val/01302_Animalia_Arthropoda_Insecta_Lepidoptera_Geometridae_Pseudopanthera_macularia/437cb5fa-3da7-4c10-8604-a0df87586a5a.jpg,1180,1269,0,1269,1266,108,1298,1180,0.0540771484375,0.04803466796875,0.0292510986328125,0.0276947021484375,0.0235443115234375,1,5,Speckled Yellow,Gorgone Checkerspot,American Meadow Fritillary,Pine Hawk-Moth,Black Swallowtail,Speckled Yellow
val/01313_Animalia_Arthropoda_Insecta_Lepidoptera_Geometridae_Synchlora_frondaria/e93c1836-fe7a-4690-93ee-cad34326aa92.jpg,1181,56,0,56,1181,1166,1176,1400,0.4697265625,0.1640625,0.041351318359375,0.0214691162109375,0.0196075439453125,1,2,Southern Emerald Moth,Blackberry Looper,Southern Emerald Moth,Showy Emerald,Red-fringed Emerald,Mediterranean Katydid
val/01320_Animalia_Arthropoda_Insecta_Lepidoptera_Geometridae_Triphosa_haesitata/94912df5-7e9e-4f9e-8e6a-34c2c294e5e1.jpg,1182,1169,0,1169,1182,1129,1171,568,0.164794921875,0.094970703125,0.05938720703125,0.048919677734375,0.04876708984375,1,2,Tissue Moth,Double-striped Pug,Tissue Moth,Mother of Pearl,Red-headed Inchworm Moth,Bruce Spanworm
val/01327_Animalia_Arthropoda_Insecta_Lepidoptera_Hepialidae_Aenetus_virescens/39b45692-5dd1-4bc7-86b3-90206b33286b.jpg,1184,35,0,35,1089,1943,1184,738,0.07843017578125,0.02618408203125,0.0233001708984375,0.01311492919921875,0.01143646240234375,1,4,Puriri moth,Elm Sawfly,Coppery Leafhopper,graceful sedge,Puriri moth,Smooth Greensnake
val/01360_Animalia_Arthropoda_Insecta_Lepidoptera_Hesperiidae_Erynnis_horatius/ff61cb7b-47bf-4dd9-bea2-090668cb36c3.jpg,1189,71,0,71,1189,1185,91,1277,0.134765625,0.1051025390625,0.07672119140625,0.05792236328125,0.032562255859375,1,2,Horace's Duskywing,Dorantes Longtail,Horace's Duskywing,Hoary Edge,Mourning Cloak,Common Baron
val/01366_Animalia_Arthropoda_Insecta_Lepidoptera_Hesperiidae_Euphyes_dion/fac973c4-9cf5-4704-89cf-f16ad095d710.jpg,1190,70,0,70,1196,1191,1190,1201,0.2568359375,0.04632568359375,0.03875732421875,0.031494140625,0.025787353515625,1,4,Dion Skipper,European Skipper,Large Skipper,Dun Skipper,Dion Skipper,Northern Broken-Dash
val/01367_Animalia_Arthropoda_Insecta_Lepidoptera_Hesperiidae_Euphyes_vestris/d0d054a8-d6aa-4787-9874-c150190f415f.jpg,1191,1193,0,1193,1190,1192,1191,68,0.32275390625,0.1435546875,0.099609375,0.098388671875,0.0389404296875,1,4,Dun Skipper,Leonard's Skipper,Dion Skipper,Common Branded Skipper,Dun Skipper,Umber Skipper
val/01371_Animalia_Arthropoda_Insecta_Lepidoptera_Hesperiidae_Hesperia_comma/60c59dd8-efd7-4262-9741-8f361230ad31.jpg,1192,1193,0,1193,69,1192,1187,1197,0.2012939453125,0.0802001953125,0.062042236328125,0.048248291015625,0.04052734375,1,3,Common Branded Skipper,Leonard's Skipper,Long Dash Skipper,Common Branded Skipper,Brazilian Skipper,Yellow-banded Dart
val/01375_Animalia_Arthropoda_Insecta_Lepidoptera_Hesperiidae_Lerema_accius/59a78ec4-5e50-4e1e-a16e-2e1d985a63db.jpg,1194,1212,0,1212,1194,1185,65,572,0.033233642578125,0.02874755859375,0.02740478515625,0.0140380859375,0.01325225830078125,1,2,Clouded Skipper,Lupine Blue,Clouded Skipper,Hoary Edge,Juvenal's Duskywing,Twin-spot Skipper
val/01383_Animalia_Arthropoda_Insecta_Lepidoptera_Hesperiidae_Ochlodes_agricola/03fe836e-07a7-4d4c-a2ab-6bca2166ba2f.jpg,1195,1192,0,1192,1199,1195,69,1180,0.312255859375,0.10546875,0.058502197265625,0.056365966796875,0.045074462890625,1,3,Rural Skipper,Common Branded Skipper,Sandhill Skipper,Rural Skipper,Long Dash Skipper,Speckled Yellow
val/01383_Animalia_Arthropoda_Insecta_Lepidoptera_Hesperiidae_Ochlodes_agricola/ee8c278f-588f-434e-be61-847fb34021c1.jpg,1195,1196,0,1196,1190,1199,1195,1192,0.4609375,0.10064697265625,0.08001708984375,0.07305908203125,0.055816650390625,1,4,Rural Skipper,Large Skipper,Dion Skipper,Sandhill Skipper,Rural Skipper,Common Branded Skipper
val/01386_Animalia_Arthropoda_Insecta_Lepidoptera_Hesperiidae_Ocybadistes_walkeri/e1ee64ba-e2a2-4c9f-ba17-9b5b2b32bde7.jpg,1197,70,0,70,1197,1190,1199,1336,0.17333984375,0.049591064453125,0.0377197265625,0.033843994140625,0.01800537109375,1,2,Yellow-banded Dart,European Skipper,Yellow-banded Dart,Dion Skipper,Sandhill Skipper,Orange-patched Smoky Moth
val/01395_Animalia_Arthropoda_Insecta_Lepidoptera_Hesperiidae_Polites_sabuleti/4699528c-e43c-43fe-a0a1-e7999e079ece.jpg,1199,571,0,571,1199,1197,1192,1193,0.2283935546875,0.1824951171875,0.10235595703125,0.0562744140625,0.0281219482421875,1,2,Sandhill Skipper,Western Branded Skipper,Sandhill Skipper,Yellow-banded Dart,Common Branded Skipper,Leonard's Skipper
val/01404_Animalia_Arthropoda_Insecta_Lepidoptera_Hesperiidae_Thorybes_pylades/c92f51cf-347f-4325-8311-0c30a39bd454.jpg,1200,65,0,65,1275,46,1284,1200,0.186767578125,0.08837890625,0.07879638671875,0.07666015625,0.0618896484375,1,5,Northern Cloudywing,Juvenal's Duskywing,Purple Crow Butterfly,Titian Peale's Crambid,Dryad,Northern Cloudywing
val/01413_Animalia_Arthropoda_Insecta_Lepidoptera_Lacturidae_Lactura_subfervens/ab1f5042-3d48-4418-89ba-1bd889d7f2c7.jpg,1202,1120,0,1120,1202,1230,1087,1159,0.1278076171875,0.111328125,0.092041015625,0.05426025390625,0.038726806640625,1,2,Speckled Lactura,Acorn Moth,Speckled Lactura,Green Cutworm Moth,Excultanus excultus,Black-smudged Chionodes Moth
val/01461_Animalia_Arthropoda_Insecta_Lepidoptera_Lycaenidae_Chilades_lajus/527efb57-2735-4abd-9954-7a495f58d475.jpg,1207,576,0,576,1217,1207,1216,1215,0.0777587890625,0.06488037109375,0.055572509765625,0.0361328125,0.0276031494140625,1,3,Lime Blue,Idas Blue,Silver-studded Blue,Lime Blue,Malayan,Purple-edged Copper
val/01477_Animalia_Arthropoda_Insecta_Lepidoptera_Lycaenidae_Glaucopsyche_alexis/ef9f61a6-6baa-412b-8ba7-7e16f262bddd.jpg,1211,1218,0,1218,76,1211,1206,576,0.1614990234375,0.09326171875,0.07659912109375,0.03167724609375,0.0251007080078125,1,3,Green-underside Blue,Melissa Blue,Mazarine Blue,Green-underside Blue,Echo Azure,Idas Blue
val/01486_Animalia_Arthropoda_Insecta_Lepidoptera_Lycaenidae_Icaricia_lupini/23aa86cd-49d2-408d-89cb-9ee0f6219f10.jpg,1212,1218,0,1218,77,1212,76,576,0.343994140625,0.0885009765625,0.059356689453125,0.043304443359375,0.021942138671875,1,3,Lupine Blue,Melissa Blue,Boisduval's Blue,Lupine Blue,Mazarine Blue,Idas Blue
val/01494_Animalia_Arthropoda_Insecta_Lepidoptera_Lycaenidae_Leptotes_pirithous/1c8d13f2-ab4d-445a-bdc9-f787939f2f52.jpg,1213,1209,0,1209,77,1213,64,73,0.07452392578125,0.0272369384765625,0.0263214111328125,0.0221405029296875,0.0162506103515625,1,3,Lang's Short-tailed Blue,Long-banded Silverline,Boisduval's Blue,Lang's Short-tailed Blue,Desert Checkered-Skipper,Common Ciliate Blue
val/01510_Animalia_Arthropoda_Insecta_Lepidoptera_Lycaenidae_Megisba_malaya/f3eeb5ce-03c6-4d57-b5ab-4701f324f364.jpg,1216,1207,0,1207,1216,75,1206,1224,0.267333984375,0.14111328125,0.1201171875,0.049774169921875,0.039520263671875,1,2,Malayan,Lime Blue,Malayan,Spring Azure,Echo Azure,Tiny Grass Blue
val/01515_Animalia_Arthropoda_Insecta_Lepidoptera_Lycaenidae_Plebejus_melissa/23e40986-1576-46e2-a7dd-0ac867a9f3b8.jpg,1218,1212,0,1212,1218,1215,1217,1214,0.47705078125,0.05975341796875,0.030120849609375,0.0237884521484375,0.01983642578125,1,2,Melissa Blue,Lupine Blue,Melissa Blue,Purple-edged Copper,Silver-studded Blue,Purple-shot Copper
val/01522_Animalia_Arthropoda_Insecta_Lepidoptera_Lycaenidae_Prosotas_nora/6156da49-9841-4213-a0f9-fe37d2c9e815.jpg,1219,73,0,73,1219,1208,74,577,0.377197265625,0.11651611328125,0.0296173095703125,0.020782470703125,0.015533447265625,1,2,Common Line Blue,Common Ciliate Blue,Common Line Blue,Plains Cupid,Forget-me-not,Striped Hairstreak
val/01535_Animalia_Arthropoda_Insecta_Lepidoptera_Lycaenidae_Strymon_istapa/ae31437f-f433-46d1-8ee4-b61d510d7706.jpg,1221,1207,0,1207,1208,1217,1221,1211,0.0777587890625,0.04986572265625,0.04632568359375,0.033538818359375,0.0252227783203125,1,4,Mallow Scrub-Hairstreak,Lime Blue,Plains Cupid,Silver-studded Blue,Mallow Scrub-Hairstreak,Green-underside Blue
val/01547_Animalia_Arthropoda_Insecta_Lepidoptera_Noctuidae_Achatia_distincta/561893ed-2a9d-4bbc-88b4-81a66e73703b.jpg,1225,1330,0,1330,1239,1258,1236,1225,0.10089111328125,0.060791015625,0.035919189453125,0.03204345703125,0.031036376953125,1,5,Distinct Quaker,Spruce Budworm,Chalcedony Midget,Mottled Prominent Moth,Grote's Sallow Moth,Distinct Quaker
val/01581_Animalia_Arthropoda_Insecta_Lepidoptera_Noctuidae_Apamea_sordens/50e08697-478a-4941-9e53-63e7adb7556a.jpg,1231,1241,0,1241,1231,1245,49,1159,0.125732421875,0.06561279296875,0.0220794677734375,0.0169219970703125,0.01546478271484375,1,2,Bordered Apamea Moth,American Angle Shade,Bordered Apamea Moth,Fluid Arches,Deduced Graphic,Black-smudged Chionodes Moth
val/01590_Animalia_Arthropoda_Insecta_Lepidoptera_Noctuidae_Callopistria_mollissima/33eb978e-755a-43b9-b5d9-85e56c9beb24.jpg,1234,0,0,0,1127,1234,1126,1233,0.1939697265625,0.141357421875,0.0716552734375,0.061431884765625,0.051849365234375,1,3,Pink-shaded Fern Moth,Cross Orbweaver,Poroporo fruit borer,Pink-shaded Fern Moth,Spotted Beet Webworm,Silver-spotted Fern Moth
val/01603_Animalia_Arthropoda_Insecta_Lepidoptera_Noctuidae_Copivaleria_grotei/5b55520e-4bee-4132-90ae-5c008abb4d07.jpg,1236,1251,0,1251,1330,1236,1167,144,0.15185546875,0.1138916015625,0.0416259765625,0.0362548828125,0.02215576171875,1,3,Grote's Sallow Moth,Beet Armyworm,Spruce Budworm,Grote's Sallow Moth,Marbled Carpet Moth,Green Salamander
val/01606_Animalia_Arthropoda_Insecta_Lepidoptera_Noctuidae_Cosmodes_elegans/e3f77577-c60b-4445-bd3f-74478e809e01.jpg,1237,1133,0,1133,1461,1127,573,1237,0.054962158203125,0.039276123046875,0.032989501953125,0.0262603759765625,0.022796630859375,1,5,Green blotched moth,Buff Arches,Agile Frog,Poroporo fruit borer,Spiny Oak-slug Moth,Green blotched moth
val/01624_Animalia_Arthropoda_Insecta_Lepidoptera_Noctuidae_Euplexia_benesimilis/2a0efb9e-b9d3-4f92-9d79-eebb7db98dce.jpg,1241,1260,0,1260,1241,105,583,85,0.2216796875,0.1964111328125,0.07568359375,0.061981201171875,0.05780029296875,1,2,American Angle Shade,Chocolate Prominent,American Angle Shade,Pawpaw Sphinx Moth,Four-spotted Moth,Angulose Prominent Moth
val/01659_Animalia_Arthropoda_Insecta_Lepidoptera_Noctuidae_Morrisonia_latex/60cbd570-3e5c-46df-862e-984d1264ddfc.jpg,1245,1164,0,1164,1132,568,53,1245,0.02252197265625,0.01454925537109375,0.01406097412109375,0.0133056640625,0.0113372802734375,1,5,Fluid Arches,The Scribbler,Double-striped Scoparia Moth,Bruce Spanworm,Royal Poinciana Moth,Fluid Arches
val/01659_Animalia_Arthropoda_Insecta_Lepidoptera_Noctuidae_Morrisonia_latex/1d34dfaa-1955-45aa-8682-61d42d4150fa.jpg,1245,1150,0,1150,1232,1245,1225,105,0.159912109375,0.11163330078125,0.06146240234375,0.0467529296875,0.032989501953125,1,3,Fluid Arches,Merry Melipotis,Three-lined Balsa Moth,Fluid Arches,Distinct Quaker,Pawpaw Sphinx Moth
val/01663_Animalia_Arthropoda_Insecta_Lepidoptera_Noctuidae_Mythimna_unipuncta/ddb4154e-6074-4ef2-b9a7-116c1e1e595b.jpg,1246,1244,0,1244,1246,1313,1259,1147,0.32275390625,0.076171875,0.060272216796875,0.020660400390625,0.018646240234375,1,2,White-Speck,Unknown Wainscot,White-Speck,Pink-fringed Dolichomia Moth,Double-toothed Prominent Moth,The Snout
val/01672_Animalia_Arthropoda_Insecta_Lepidoptera_Noctuidae_Orthodes_majuscula/cfaa1344-abb9-4934-aa76-65a3d99e445d.jpg,1247,73,0,73,1247,165,1447,1271,0.0256500244140625,0.01953125,0.01396942138671875,0.01062774658203125,0.00975799560546875,1,2,Rustic Quaker,Common Ciliate Blue,Rustic Quaker,Wood Sandpiper,Great Plains Toad,Cape Autumn Widow
val/01677_Animalia_Arthropoda_Insecta_Lepidoptera_Noctuidae_Panthea_acronyctoides/75fedfd2-a26d-4813-9867-1446cf83e8c6.jpg,1249,555,0,555,1249,1164,1227,811,0.28564453125,0.2020263671875,0.1650390625,0.01137542724609375,0.0084991455078125,1,2,Black Zigzag Moth,Black Arches,Black Zigzag Moth,The Scribbler,Delightful Dagger Moth,Smilo Grass
val/01701_Animalia_Arthropoda_Insecta_Lepidoptera_Noctuidae_Schinia_florida/8d98c51a-f78e-4612-8646-8a9e5ca05896.jpg,1250,2370,0,2370,1195,943,298,1250,0.2069091796875,0.0699462890625,0.0380859375,0.0294952392578125,0.0286102294921875,1,5,Primrose Moth,western columbine,Rural Skipper,Large-flowered Evening-primrose,scarlet fritillary,Primrose Moth
val/01704_Animalia_Arthropoda_Insecta_Lepidoptera_Noctuidae_Spodoptera_frugiperda/96643574-1030-4c5e-bf5f-bf35656415c3.jpg,1252,1317,0,1317,1231,1252,687,1243,0.037109375,0.0239410400390625,0.0157318115234375,0.0156402587890625,0.01471710205078125,1,3,Fall Armyworm,Lettered Sphinx Moth,Bordered Apamea Moth,Fall Armyworm,Eurasian Crag Martin,New Zealand Cutworm
val/01743_Animalia_Arthropoda_Insecta_Lepidoptera_Notodontidae_Macrurocampa_marthesia/1e81cfba-9fca-42cf-a747-63c4fe6518fe.jpg,1258,550,0,550,1225,1258,1229,1245,0.1136474609375,0.09674072265625,0.076171875,0.07452392578125,0.053131103515625,1,3,Mottled Prominent Moth,The Bride,Distinct Quaker,Mottled Prominent Moth,Green Arches,Fluid Arches
val/01750_Animalia_Arthropoda_Insecta_Lepidoptera_Notodontidae_Peridea_ferruginea/10081ecf-349f-4373-93e8-a77eec6c57dc.jpg,1260,1236,0,1236,560,1260,1167,1182,0.050140380859375,0.0477294921875,0.044769287109375,0.0335693359375,0.029693603515625,1,3,Chocolate Prominent,Grote's Sallow Moth,Bent-line Carpet,Chocolate Prominent,Marbled Carpet Moth,Tissue Moth
val/01795_Animalia_Arthropoda_Insecta_Lepidoptera_Nymphalidae_Boloria_bellona/8913fc26-f7f2-426c-b8de-f5124f588858.jpg,1266,1290,0,1290,86,1266,2051,2019,0.1729736328125,0.0304107666015625,0.0211181640625,0.017242431640625,0.0140838623046875,1,3,American Meadow Fritillary,Mormon Fritillary,Lesser Marbled Fritillary,American Meadow Fritillary,smooth blue aster,annual fleabane
val/01797_Animalia_Arthropoda_Insecta_Lepidoptera_Nymphalidae_Boloria_dia/71856286-f448-47c5-9e6b-aa1121f008fc.jpg,1267,588,0,588,1267,542,0,1233,0.217041015625,0.0430908203125,0.032196044921875,0.0291900634765625,0.026947021484375,1,2,Weaver's Fritillary,Harris's Checkerspot,Weaver's Fritillary,Checkered Apogeshna,Cross Orbweaver,Silver-spotted Fern Moth
val/01836_Animalia_Arthropoda_Insecta_Lepidoptera_Nymphalidae_Dira_clytus/5408a25a-7b42-452b-ab48-c7ce510eebbf.jpg,1271,596,0,596,1271,1289,1283,103,0.04241943359375,0.0294647216796875,0.0184783935546875,0.0172271728515625,0.016815185546875,1,2,Cape Autumn Widow,Spanish Gatekeeper,Cape Autumn Widow,Southern Gatekeeper,Little Wood Satyr,Small Emperor Moth
val/01856_Animalia_Arthropoda_Insecta_Lepidoptera_Nymphalidae_Euploea_midamus/a4b3c87a-703c-44bb-9dde-a34442b7c5f0.jpg,1274,1281,0,1281,1278,1274,1745,90,0.045806884765625,0.03070068359375,0.0215606689453125,0.0208892822265625,0.0183868408203125,1,3,Blue-spotted Crow Butterfly,Southern White Admiral,Great Eggfly,Blue-spotted Crow Butterfly,Common Kingsnake,Red-spotted Admiral
val/01858_Animalia_Arthropoda_Insecta_Lepidoptera_Nymphalidae_Euploea_tulliolus/11f30167-b4f5-4de6-a09a-b74f0e212c4c.jpg,1275,1274,0,1274,1275,1273,1270,1278,0.478271484375,0.1639404296875,0.1195068359375,0.0361328125,0.0060272216796875,1,2,Purple Crow Butterfly,Blue-spotted Crow Butterfly,Purple Crow Butterfly,Common Crow Butterfly,Lesser Wanderer,Great Eggfly
val/01860_Animalia_Arthropoda_Insecta_Lepidoptera_Nymphalidae_Euptoieta_hegesia/fcf97771-0d91-4fe0-8e01-a7a7e0bdf4b1.jpg,1276,588,0,588,1276,1269,1268,594,0.2071533203125,0.1727294921875,0.049835205078125,0.045623779296875,0.042144775390625,1,2,Mexican Fritillary,Harris's Checkerspot,Mexican Fritillary,Gorgone Checkerspot,Gabb's Checkerspot,Polymnia Tigerwing
val/01912_Animalia_Arthropoda_Insecta_Lepidoptera_Nymphalidae_Limenitis_reducta/6bf8805b-1d4c-4087-a780-c389cbdc9e08.jpg,1281,1095,0,1095,1292,1281,93,1265,0.1275634765625,0.0802001953125,0.06256103515625,0.04864501953125,0.03131103515625,1,3,Southern White Admiral,Spilostethus pandurus,Brazilian Lady,Southern White Admiral,Dainty Swallowtail,Texan Crescent
val/01975_Animalia_Arthropoda_Insecta_Lepidoptera_Nymphalidae_Speyeria_mormonia/41b172d0-9203-4f4b-aabe-015179d5f506.jpg,1290,1266,0,1266,86,1288,1290,588,0.14892578125,0.0667724609375,0.051116943359375,0.04461669921875,0.041351318359375,1,4,Mormon Fritillary,American Meadow Fritillary,Lesser Marbled Fritillary,Eastern Comma,Mormon Fritillary,Harris's Checkerspot
val/01985_Animalia_Arthropoda_Insecta_Lepidoptera_Nymphalidae_Vanessa_braziliensis/3d1547bd-8d77-4223-ad37-206237842f0c.jpg,1292,1096,0,1096,1112,1293,1038,1292,0.10931396484375,0.03631591796875,0.0316162109375,0.03009033203125,0.02593994140625,1,5,Brazilian Lady,Spilostethus saxatilis,Velvety Tree Ant,New Zealand Red Admiral,Ribbed Pine Borer,Brazilian Lady
val/01990_Animalia_Arthropoda_Insecta_Lepidoptera_Nymphalidae_Vanessa_itea/edc82237-ff03-42cb-961f-3f14f757ebc8.jpg,1294,1149,0,1149,1294,1144,1175,87,0.08917236328125,0.06219482421875,0.059814453125,0.058441162109375,0.042572021484375,1,2,Yellow Admiral,Black-and-yellow Lichen Moth,Yellow Admiral,Jersey Tiger,Milionia zonea,Silver Emperor
val/02022_Animalia_Arthropoda_Insecta_Lepidoptera_Papilionidae_Papilio_machaon/4295a5c9-e5cc-443d-9592-b5463a0063f5.jpg,1297,1296,0,1296,1297,94,93,1298,0.419677734375,0.254638671875,0.10504150390625,0.040863037109375,0.0246429443359375,1,2,Old World Swallowtail,Pale Swallowtail,Old World Swallowtail,Thoas Swallowtail,Dainty Swallowtail,Black Swallowtail
val/02022_Animalia_Arthropoda_Insecta_Lepidoptera_Papilionidae_Papilio_machaon/1aeeeec1-6d37-45d8-8552-d4d345763728.jpg,1297,103,0,103,6,1297,1162,1320,0.139892578125,0.045867919921875,0.028717041015625,0.021759033203125,0.0213165283203125,1,3,Old World Swallowtail,Small Emperor Moth,Giant Desert Centipede,Old World Swallowtail,Chain-dotted Geometer,Bedstraw Hawk-moth
val/02029_Animalia_Arthropoda_Insecta_Lepidoptera_Papilionidae_Papilio_polyxenes/6e24d6f9-d0ef-4383-a69d-c408e1c15684.jpg,1298,1297,0,1297,1298,549,1747,103,0.222412109375,0.046661376953125,0.0379638671875,0.016326904296875,0.01000213623046875,1,2,Black Swallowtail,Old World Swallowtail,Black Swallowtail,Cream-spot Tiger,Northern Cat-eyed Snake,Small Emperor Moth
val/02030_Animalia_Arthropoda_Insecta_Lepidoptera_Papilionidae_Papilio_protenor/7aacc97e-c3e5-4543-89f4-8e02c370990d.jpg,1299,1274,0,1274,1203,1299,76,1220,0.063232421875,0.058837890625,0.056365966796875,0.052215576171875,0.050140380859375,1,3,Spangle Swallowtail,Blue-spotted Crow Butterfly,Great Purple Hairstreak,Spangle Swallowtail,Mazarine Blue,Banded Hairstreak
val/02057_Animalia_Arthropoda_Insecta_Lepidoptera_Pieridae_Belenois_java/7dea5bfc-d433-4385-a75a-128b521a1079.jpg,1303,597,0,597,1300,1303,600,1328,0.06878662109375,0.0675048828125,0.06622314453125,0.036529541015625,0.0256805419921875,1,3,Caper White,Pioneer White,Asian Swallowtail,Caper White,Painted Jezebel,Mournful Thyris
val/02082_Animalia_Arthropoda_Insecta_Lepidoptera_Pieridae_Kricogonia_lyside/f2ec682d-dfba-4654-97c1-6da2522a0928.jpg,1308,1356,0,1356,613,1308,598,114,0.1402587890625,0.045654296875,0.027313232421875,0.026275634765625,0.0261688232421875,1,3,Lyside Sulphur,Stream Bluet,North American Slender Bluet,Lyside Sulphur,Mottled Emigrant,Chrysopa oculata
val/02094_Animalia_Arthropoda_Insecta_Lepidoptera_Pieridae_Pieris_marginalis/0dc591fc-294c-4789-950e-0e07da990399.jpg,1309,1210,0,1210,1209,1309,64,1203,0.051971435546875,0.0411376953125,0.035614013671875,0.029022216796875,0.0180816650390625,1,3,Margined White,Short-tailed Blue,Long-banded Silverline,Margined White,Desert Checkered-Skipper,Great Purple Hairstreak
val/02109_Animalia_Arthropoda_Insecta_Lepidoptera_Psychidae_Thyridopteryx_ephemeraeformis/01fa4efe-f090-4881-9c32-ed5576057467.jpg,1310,253,0,253,254,1310,1020,1318,0.06378173828125,0.030609130859375,0.0195465087890625,0.01739501953125,0.01364898681640625,1,3,Evergreen Bagworm,California Cone,Lettered Olive,Evergreen Bagworm,Pacific Coast Tick,Obscure Sphinx Moth
val/02110_Animalia_Arthropoda_Insecta_Lepidoptera_Pterophoridae_Emmelina_monodactyla/119d6a26-6cec-4249-a66f-7e9653520717.jpg,1311,1136,0,1136,48,1311,1202,1088,0.1397705078125,0.034210205078125,0.0318603515625,0.029022216796875,0.0138702392578125,1,3,Morning-glory Plume Moth,Brunia antica,Snowy Urola Moth,Morning-glory Plume Moth,Speckled Lactura,Red-banded Leafhopper
val/02110_Animalia_Arthropoda_Insecta_Lepidoptera_Pterophoridae_Emmelina_monodactyla/bd0252f2-5a3f-439d-99b3-e09b3ae80ebc.jpg,1311,517,0,517,1018,1311,169,156,0.01525115966796875,0.00965118408203125,0.00959014892578125,0.0087127685546875,0.0082855224609375,1,3,Morning-glory Plume Moth,Giant Crane Fly,Trapezoid Crab Spider,Morning-glory Plume Moth,Painted Bunting,Wilson's Plover
val/02182_Animalia_Arthropoda_Insecta_Lepidoptera_Sphingidae_Deidamia_inscriptum/69f5f926-b7c0-4733-a152-a33321bf8989.jpg,1317,1324,0,1324,68,1150,1770,1317,0.030731201171875,0.0294952392578125,0.0254058837890625,0.02423095703125,0.022064208984375,1,5,Lettered Sphinx Moth,Lime Hawk-moth,Umber Skipper,Merry Melipotis,African Striped Skink,Lettered Sphinx Moth
val/02251_Animalia_Arthropoda_Insecta_Lepidoptera_Tortricidae_Epiblema_strenuana/63542f8c-da07-4299-a82a-24827def0daf.jpg,1331,1332,0,1332,111,1331,1239,1120,0.1007080078125,0.053619384765625,0.05126953125,0.041229248046875,0.032745361328125,1,3,Ragweed Borer,Aster Eucosma Moth,Bidens Borer Moth,Ragweed Borer,Chalcedony Midget,Acorn Moth
val/02301_Animalia_Arthropoda_Insecta_Neuroptera_Mantispidae_Dicromantispa_sayi/989f2aa4-ff10-4c00-bada-7cc879d9384a.jpg,1341,15,0,15,1343,1340,93,1341,0.039093017578125,0.0308837890625,0.02667236328125,0.01763916015625,0.0170135498046875,1,5,Say's Mantidfly,Oedemera femorata,Lance-tipped Darner,Four-spotted Mantisfly,Dainty Swallowtail,Say's Mantidfly
val/02312_Animalia_Arthropoda_Insecta_Odonata_Aeshnidae_Aeshna_mixta/68f2832e-ea91-4304-a98f-90a01402814e.jpg,1346,608,0,608,1343,610,1344,1346,0.2705078125,0.095458984375,0.0771484375,0.076904296875,0.05560302734375,1,5,Migrant Hawker,Paddle-tailed Darner,Lance-tipped Darner,Spatterdock Darner,Southern Hawker,Migrant Hawker
val/02322_Animalia_Arthropoda_Insecta_Odonata_Aeshnidae_Boyeria_vinosa/49d7a3c9-5aa7-436a-ab4e-33eed0c767e0.jpg,1347,119,0,119,1408,1381,1380,1347,0.09814453125,0.042999267578125,0.04266357421875,0.0308990478515625,0.02606201171875,1,5,Fawn Darner,Eastern Ringtail,Four-lined Silverfish,Wandering Glider,Red Rock Skimmer,Fawn Darner
val/02322_Animalia_Arthropoda_Insecta_Odonata_Aeshnidae_Boyeria_vinosa/a13a78f5-0e4d-46aa-9ab9-2d4f01d5af72.jpg,1347,1389,0,1389,1376,609,1347,119,0.12158203125,0.052703857421875,0.0298919677734375,0.0203857421875,0.0165252685546875,1,4,Fawn Darner,Gray Petaltail,Black-lined Skimmer,Harlequin Darner,Fawn Darner,Eastern Ringtail
val/02351_Animalia_Arthropoda_Insecta_Odonata_Coenagrionidae_Argia_plana/d97bcda2-9a59-4655-8da2-b102f45b4674.jpg,1350,1377,0,1377,1350,75,1378,1351,0.07904052734375,0.0243682861328125,0.01910400390625,0.0175018310546875,0.0167999267578125,1,2,Springwater Dancer,Blue Marsh Hawk,Springwater Dancer,Spring Azure,Slender Blue Skimmer,Blue-tipped Dancer
val/02354_Animalia_Arthropoda_Insecta_Odonata_Coenagrionidae_Argia_translata/6dc0d700-f652-4300-bb6f-5e70c619f8ae.jpg,1352,613,0,613,1352,1356,1357,118,0.314453125,0.1820068359375,0.125,0.0714111328125,0.041229248046875,1,2,Dusky Dancer,North American Slender Bluet,Dusky Dancer,Stream Bluet,Red-eyed Damselfly,Skimming Bluet
val/02354_Animalia_Arthropoda_Insecta_Odonata_Coenagrionidae_Argia_translata/67f8601c-a900-4a7c-aa83-a325a23ed78b.jpg,1352,612,0,612,1351,1357,1352,118,0.66748046875,0.05145263671875,0.04107666015625,0.039031982421875,0.022735595703125,1,4,Dusky Dancer,Emma's Dancer,Blue-tipped Dancer,Red-eyed Damselfly,Dusky Dancer,Skimming Bluet
val/02366_Animalia_Arthropoda_Insecta_Odonata_Coenagrionidae_Enallagma_basidens/d92899d2-27c2-48af-966b-ccb8ad535220.jpg,1355,118,0,118,1353,1356,1354,1355,0.17236328125,0.109130859375,0.08660888671875,0.06097412109375,0.048858642578125,1,5,Double-striped Bluet,Skimming Bluet,Eastern Billabongfly,Stream Bluet,Azure Bluet,Double-striped Bluet
val/02374_Animalia_Arthropoda_Insecta_Odonata_Coenagrionidae_Enallagma_exsulans/bfd671bb-72b4-4c25-b774-65a2e590c88c.jpg,1356,1353,0,1353,1356,1354,118,613,0.289794921875,0.1654052734375,0.1331787109375,0.1287841796875,0.07354736328125,1,2,Stream Bluet,Eastern Billabongfly,Stream Bluet,Azure Bluet,Skimming Bluet,North American Slender Bluet
val/02374_Animalia_Arthropoda_Insecta_Odonata_Coenagrionidae_Enallagma_exsulans/619c5870-f050-48aa-a141-9162f3f11a35.jpg,1356,1353,0,1353,1356,613,1350,614,0.193115234375,0.119140625,0.052337646484375,0.047332763671875,0.044830322265625,1,2,Stream Bluet,Eastern Billabongfly,Stream Bluet,North American Slender Bluet,Springwater Dancer,Lilypad Forktail
val/02381_Animalia_Arthropoda_Insecta_Odonata_Coenagrionidae_Erythromma_najas/4d012002-8066-41a9-9bad-35e71f070fff.jpg,1357,614,0,614,851,1357,1353,116,0.7802734375,0.0236663818359375,0.01934814453125,0.017974853515625,0.0133819580078125,1,3,Red-eyed Damselfly,Lilypad Forktail,Water Snowflake,Red-eyed Damselfly,Eastern Billabongfly,Ebony Jewelwing
val/02381_Animalia_Arthropoda_Insecta_Odonata_Coenagrionidae_Erythromma_najas/46dbe153-26cf-4a3a-9e0c-743bbd18d5c7.jpg,1357,615,0,615,612,1357,1386,1368,0.0859375,0.051116943359375,0.046661376953125,0.040069580078125,0.031494140625,1,3,Red-eyed Damselfly,Red and Blue Damsel,Emma's Dancer,Red-eyed Damselfly,White-faced Meadowhawk,Lyre-tipped Spreadwing
val/02406_Animalia_Arthropoda_Insecta_Odonata_Cordulegastridae_Cordulegaster_maculata/e819b602-9bb1-4c49-9702-89cab6c727e8.jpg,1358,1389,0,1389,1358,1343,610,1359,0.1678466796875,0.066650390625,0.0662841796875,0.061187744140625,0.042205810546875,1,2,Twin-spotted Spiketail,Gray Petaltail,Twin-spotted Spiketail,Lance-tipped Darner,Spatterdock Darner,Common Baskettail
val/02430_Animalia_Arthropoda_Insecta_Odonata_Gomphidae_Gomphurus_vastus/cf27ad91-01ab-42de-889b-092c4875dbf9.jpg,1364,628,0,628,1077,1365,1364,616,0.034210205078125,0.018280029296875,0.0181732177734375,0.0176239013671875,0.0170135498046875,1,4,Cobra Clubtail,Tree Cattle,Yellow-haired Sunfly,Five-striped Leaftail,Cobra Clubtail,Golden-ringed Dragonfly
val/02439_Animalia_Arthropoda_Insecta_Odonata_Gomphidae_Phyllogomphoides_albrighti/f9750aaa-3508-4c75-b357-120faf8ecd62.jpg,1365,622,0,622,119,1352,1365,1360,0.055572509765625,0.043426513671875,0.0374755859375,0.03375244140625,0.0292816162109375,1,4,Five-striped Leaftail,Elfin Skimmer,Eastern Ringtail,Dusky Dancer,Five-striped Leaftail,Australian Emerald Dragonfly
val/02451_Animalia_Arthropoda_Insecta_Odonata_Lestidae_Lestes_australis/efa507e9-b02f-472c-ba59-4c202775dc46.jpg,1366,1355,0,1355,1366,1352,1356,1382,0.146484375,0.0374755859375,0.0301971435546875,0.026702880859375,0.02545166015625,1,2,Southern Spreadwing,Double-striped Bluet,Southern Spreadwing,Dusky Dancer,Stream Bluet,Swampwatcher
val/02500_Animalia_Arthropoda_Insecta_Odonata_Libellulidae_Leucorrhinia_hudsonica/f2092465-8cb8-4933-9698-033786814728.jpg,1373,619,0,619,1373,1385,622,1378,0.0821533203125,0.047760009765625,0.038970947265625,0.033935546875,0.033233642578125,1,2,Hudsonian Whiteface,Plateau Dragonlet,Hudsonian Whiteface,Yellow-striped Flutterer,Elfin Skimmer,Slender Blue Skimmer
val/02515_Animalia_Arthropoda_Insecta_Odonata_Libellulidae_Libellula_pulchella/8cfa230c-96dc-4762-9e6a-158722d48060.jpg,1375,1376,0,1376,1371,1375,1370,1348,0.11151123046875,0.05828857421875,0.044403076171875,0.023406982421875,0.019287109375,1,3,Twelve-spotted Skimmer,Black-lined Skimmer,Band-winged Dragonlet,Twelve-spotted Skimmer,Pin-tailed Pondhawk,River Jewelwing
val/02515_Animalia_Arthropoda_Insecta_Odonata_Libellulidae_Libellula_pulchella/df7de6dd-0bf2-48f6-b799-2d4443f29f13.jpg,1375,1373,0,1373,1370,1353,1375,1371,0.054412841796875,0.045257568359375,0.0411376953125,0.031829833984375,0.027099609375,1,4,Twelve-spotted Skimmer,Hudsonian Whiteface,Pin-tailed Pondhawk,Eastern Billabongfly,Twelve-spotted Skimmer,Band-winged Dragonlet
val/02543_Animalia_Arthropoda_Insecta_Odonata_Libellulidae_Orthetrum_testaceum/b0a18500-2922-4af3-9f1b-05ed0653ae2f.jpg,1379,618,0,618,621,1386,1385,1379,0.059661865234375,0.0523681640625,0.051025390625,0.0496826171875,0.0372314453125,1,5,Scarlet Skimmer,Halloween Pennant,Painted Skimmer,White-faced Meadowhawk,Yellow-striped Flutterer,Scarlet Skimmer
val/02549_Animalia_Arthropoda_Insecta_Odonata_Libellulidae_Pantala_flavescens/7168745f-255c-49aa-afc8-b9ed672ca8ea.jpg,1381,1360,0,1360,1361,1381,1367,122,0.032745361328125,0.02960205078125,0.0284881591796875,0.020263671875,0.01568603515625,1,3,Wandering Glider,Australian Emerald Dragonfly,Tau Emerald,Wandering Glider,Amber-winged Spreadwing,Neurothemis taiwanensis
val/02556_Animalia_Arthropoda_Insecta_Odonata_Libellulidae_Pseudothemis_zonata/68944889-0b74-4081-bbf4-a1485f3cc4c2.jpg,1383,1372,0,1372,1383,1380,1100,1387,0.0875244140625,0.03582763671875,0.0301666259765625,0.02923583984375,0.01654052734375,1,2,Pied Skimmer,Blue Corporal,Pied Skimmer,Red Rock Skimmer,Rasahus hamatus,Twister
val/02569_Animalia_Arthropoda_Insecta_Odonata_Libellulidae_Sympetrum_obtrusum/e173d6aa-adf5-442c-bacf-3e9a950eb5cd.jpg,1386,1040,0,1040,122,1386,1379,618,0.1446533203125,0.11566162109375,0.1015625,0.040069580078125,0.0227813720703125,1,3,White-faced Meadowhawk,Eastern Milkweed Longhorn Beetle,Neurothemis taiwanensis,White-faced Meadowhawk,Scarlet Skimmer,Halloween Pennant
val/02601_Animalia_Arthropoda_Insecta_Orthoptera_Acrididae_Aiolopus_strepens/0bc26f4f-dc85-40ab-8202-723a9187bb71.jpg,1391,1772,0,1772,612,1748,1391,1393,0.291015625,0.05938720703125,0.048797607421875,0.048065185546875,0.0269012451171875,1,4,Broad Green-winged Grasshopper,Race-runner,Emma's Dancer,Striped Racer,Broad Green-winged Grasshopper,Green-striped Grasshopper
val/02607_Animalia_Arthropoda_Insecta_Orthoptera_Acrididae_Chortophaga_viridifasciata/bc7de0a0-ce93-435e-bafa-9a53d42e77d5.jpg,1393,1078,0,1078,116,611,122,1393,0.136474609375,0.1163330078125,0.1153564453125,0.11151123046875,0.048370361328125,1,5,Green-striped Grasshopper,Dusky-winged Hover Fly,Ebony Jewelwing,Copper Demoiselle,Neurothemis taiwanensis,Green-striped Grasshopper
val/02607_Animalia_Arthropoda_Insecta_Orthoptera_Acrididae_Chortophaga_viridifasciata/2c000642-ef26-4c82-9755-0e36f90b61af.jpg,1393,1756,0,1756,1078,7,1140,1393,0.0728759765625,0.05316162109375,0.0234527587890625,0.0225982666015625,0.02001953125,1,5,Green-striped Grasshopper,Crested Anole,Dusky-winged Hover Fly,Emerald Ash Borer,Lead-colored Lichen Moth,Green-striped Grasshopper
val/02645_Animalia_Arthropoda_Insecta_Orthoptera_Gryllidae_Gryllus_bimaculatus/23c7594e-e231-4732-aa82-376e5589c4ed.jpg,1395,19,0,19,1395,1068,1073,1114,0.09490966796875,0.06683349609375,0.05865478515625,0.0418701171875,0.03045654296875,1,2,African field cricket,Garden soldier fly,African field cricket,Diabolical Ironclad Beetle,Black Soldier Fly,Great Black Wasp
val/02671_Animalia_Arthropoda_Insecta_Orthoptera_Tettigoniidae_Decticus_verrucivorus/9d6a92f0-03e1-46b9-9a7e-67efd1cf25b6.jpg,1398,624,0,624,1391,1393,1398,627,0.126708984375,0.10205078125,0.071533203125,0.020721435546875,0.0190887451171875,1,4,Wart-biter,Common Green Grasshopper,Broad Green-winged Grasshopper,Green-striped Grasshopper,Wart-biter,Conocephalus melaenus
val/02679_Animalia_Arthropoda_Insecta_Orthoptera_Tettigoniidae_Phaneroptera_falcata/a5226d0f-2e59-43af-bfbd-ea7e966a8c17.jpg,1399,1404,0,1404,1399,1400,26,1679,0.1817626953125,0.1451416015625,0.062408447265625,0.037933349609375,0.03778076171875,1,2,Sickle-bearing Bush-cricket,Northern Bush Katydid,Sickle-bearing Bush-cricket,Mediterranean Katydid,Western Leaf-footed Bug,Monk Parakeet
val/02683_Animalia_Arthropoda_Insecta_Orthoptera_Tettigoniidae_Roeseliana_roeselii/e1b54be9-2682-41b9-a6fd-a5619b056a3f.jpg,1402,1396,0,1396,1402,534,1361,1343,0.08892822265625,0.08160400390625,0.013458251953125,0.01319122314453125,0.0127105712890625,1,2,Roesel's Bush-cricket,Plains Lubber Grasshopper,Roesel's Bush-cricket,Pigeon Tremex Horntail,Tau Emerald,Lance-tipped Darner
val/02687_Animalia_Arthropoda_Insecta_Orthoptera_Tettigoniidae_Scudderia_septentrionalis/ecc12482-de2f-4d0f-b613-51f25d88cf13.jpg,1404,1072,0,1072,1404,1155,1399,1406,0.025146484375,0.02099609375,0.019256591796875,0.016387939453125,0.01406097412109375,1,2,Northern Bush Katydid,Eastern Phantom Crane Fly,Northern Bush Katydid,Triangles,Sickle-bearing Bush-cricket,Giant Walkingstick
val/02699_Animalia_Arthropoda_Insecta_Zygentoma_Lepismatidae_Ctenolepisma_longicaudata/25d54ec6-a160-41d3-a0b7-f3eb00ca907d.jpg,1409,1069,0,1069,1409,1320,1073,531,0.068603515625,0.06427001953125,0.051116943359375,0.0506591796875,0.04864501953125,1,2,Gray silverfish,Ring-legged Earwig,Gray silverfish,Bedstraw Hawk-moth,Black Soldier Fly,Four-banded Stink Bug Hunter Wasp
val/02739_Animalia_Arthropoda_Malacostraca_Decapoda_Sesarmidae_Aratus_pisonii/53840f88-b561-4c62-84a5-c751b547559e.jpg,1415,30,0,30,1416,1415,1395,1068,0.1435546875,0.0789794921875,0.07470703125,0.03369140625,0.027740478515625,1,3,Mangrove Tree Crab,Brown Marmorated Stink Bug,Squareback Marsh Crab,Mangrove Tree Crab,African field cricket,Diabolical Ironclad Beetle
val/02775_Animalia_Chordata_Actinopterygii_Cyprinodontiformes_Fundulidae_Fundulus_diaphanus/3dbd9ffc-9fe7-408b-9ef1-35167b3a84f6.jpg,1423,129,0,129,1439,1423,629,128,0.262451171875,0.08526611328125,0.056549072265625,0.049530029296875,0.0452880859375,1,3,banded killifish,Blacknose Dace,Coho Salmon,banded killifish,Brook stickleback,Bluntnose Minnow
val/02814_Animalia_Chordata_Actinopterygii_Perciformes_Cheilodactylidae_Cheilodactylus_nigripes/b67d4c6f-fd30-42dd-9784-ee116073d39f.jpg,1425,1438,0,1438,1442,1425,1443,134,0.51123046875,0.07342529296875,0.0609130859375,0.03472900390625,0.022186279296875,1,3,Magpie Perch,Great Barracuda,Pacific Trumpetfish,Magpie Perch,Bluespotted Cornetfish,Blackspot Goatfish
val/02816_Animalia_Chordata_Actinopterygii_Perciformes_Cichlidae_Herichthys_cyanoguttatus/ff73cd8e-7333-4462-84c7-c1137f99defa.jpg,1426,1436,0,1436,630,1426,131,1434,0.059967041015625,0.04339599609375,0.0241241455078125,0.0143280029296875,0.00921630859375,1,3,Texas Cichlid,Sea Bream,Green Sunfish,Texas Cichlid,Redbreast Sunfish,Atlantic Croaker
val/02826_Animalia_Chordata_Actinopterygii_Perciformes_Gobiidae_Neogobius_melanostomus/1bb042bc-8fcd-4cbe-8780-e387ec1331a9.jpg,1429,1434,0,1434,131,1429,1435,629,0.070068359375,0.052581787109375,0.0215301513671875,0.02105712890625,0.020782470703125,1,3,Round Goby,Atlantic Croaker,Redbreast Sunfish,Round Goby,Red Drum,Brook stickleback
val/02838_Animalia_Chordata_Actinopterygii_Perciformes_Labridae_Labroides_dimidiatus/0399694a-3ed0-438c-bf2d-e8e1493cb6f6.jpg,1431,1357,0,1357,1431,128,1423,1442,0.11077880859375,0.10699462890625,0.032257080078125,0.0321044921875,0.027740478515625,1,2,Bluestreak Cleaner Wrasse,Red-eyed Damselfly,Bluestreak Cleaner Wrasse,Bluntnose Minnow,banded killifish,Pacific Trumpetfish
val/02877_Animalia_Chordata_Actinopterygii_Perciformes_Scaridae_Sparisoma_viride/8a85ecdd-0296-4e50-ae23-bd48eb172df8.jpg,1433,132,0,132,1793,1442,1433,1699,0.0218505859375,0.01910400390625,0.01898193359375,0.017333984375,0.0169677734375,1,4,Stoplight Parrotfish,Four-eyed Butterflyfish,Australian Giant Cuttlefish,Pacific Trumpetfish,Stoplight Parrotfish,Spotted Wobbegong
val/02882_Animalia_Chordata_Actinopterygii_Perciformes_Sciaenidae_Sciaenops_ocellatus/717fc009-3577-47c4-9490-c1e5f5290662.jpg,1435,137,0,137,1424,1434,1439,1435,0.3671875,0.11663818359375,0.06072998046875,0.041229248046875,0.03314208984375,1,5,Red Drum,Freshwater Drum,Largemouth Bass,Atlantic Croaker,Coho Salmon,Red Drum
val/02887_Animalia_Chordata_Actinopterygii_Perciformes_Sparidae_Archosargus_probatocephalus/9b28fda2-003f-4495-b00d-4c47a2a14037.jpg,1437,1427,0,1427,1437,1025,1428,1069,0.0521240234375,0.0293121337890625,0.0130462646484375,0.0120849609375,0.01166534423828125,1,2,Sheepshead,Mayan Cichlid,Sheepshead,Southern Devil Scorpion,Old Wife,Ring-legged Earwig
val/02894_Animalia_Chordata_Actinopterygii_Perciformes_Sphyraenidae_Sphyraena_barracuda/be068724-28e2-4ed8-acba-1fe7adf53131.jpg,1438,1442,0,1442,1443,1438,219,633,0.29541015625,0.11090087890625,0.0980224609375,0.048797607421875,0.033111572265625,1,3,Great Barracuda,Pacific Trumpetfish,Bluespotted Cornetfish,Great Barracuda,Nurse Shark,Grey Snapper
val/02938_Animalia_Chordata_Actinopterygii_Tetraodontiformes_Tetraodontidae_Tetractenos_glaber/bfc1b8cc-b95b-4f25-ac73-41f165f17bcd.jpg,1446,1444,0,1444,1433,1445,1446,132,0.1224365234375,0.09552001953125,0.0631103515625,0.047515869140625,0.0357666015625,1,4,Smooth Toadfish,Three-barred Porcupinefish,Stoplight Parrotfish,Smooth Trunkfish,Smooth Toadfish,Four-eyed Butterflyfish
val/02945_Animalia_Chordata_Amphibia_Anura_Bufonidae_Anaxyrus_fowleri/d48769ce-752c-4409-93d2-86565bed9b28.jpg,1448,215,0,215,1689,1450,1817,1448,0.0182952880859375,0.0173492431640625,0.0124969482421875,0.012451171875,0.010986328125,1,5,Fowler's Toad,Eastern Screech-Owl,Morepork,Green and Black Dart-poison Frog,Candlesnuff Fungus,Fowler's Toad
val/02978_Animalia_Chordata_Amphibia_Anura_Eleutherodactylidae_Eleutherodactylus_planirostris/cdd4fb13-9fe9-49b9-b3ca-c7d4385dbfbd.jpg,1452,638,0,638,1452,730,1449,1551,0.22412109375,0.181640625,0.0399169921875,0.0264892578125,0.0169219970703125,1,2,Greenhouse Frog,Blanchard's Cricket Frog,Greenhouse Frog,Swamp Rabbit,Giant Marine Toad,Dusky Grouse
val/03007_Animalia_Chordata_Amphibia_Anura_Leptodactylidae_Engystomops_pustulosus/87a0ded8-e6d2-48d8-b7e2-f41e6ea7207e.jpg,1455,1414,0,1414,1458,1455,641,1106,0.047515869140625,0.04034423828125,0.01537322998046875,0.01464080810546875,0.01235198974609375,1,3,Guayaquil Dwarf Frog,Atlantic Ghost Crab,African Clawed Frog,Guayaquil Dwarf Frog,Temple Tree Frog,Fox-colored Stingless Bee
val/03030_Animalia_Chordata_Amphibia_Anura_Ranidae_Lithobates_palustris/4165f318-4672-4a9b-be6b-0b0b616e6a71.jpg,1459,309,0,309,1459,306,1407,1396,0.11907958984375,0.10516357421875,0.10430908203125,0.039642333984375,0.025299072265625,1,2,Pickerel Frog,Saint Augustine grass,Pickerel Frog,Dallis grass,Smooth Stick-insect,Plains Lubber Grasshopper
val/03043_Animalia_Chordata_Amphibia_Anura_Ranidae_Rana_dalmatina/a99d528f-210e-4fc0-a431-55067b2d2b49.jpg,1461,1463,0,1463,1091,126,1461,1079,0.03656005859375,0.0292205810546875,0.015533447265625,0.00968170166015625,0.00968170166015625,1,4,Agile Frog,Italian Agile Frog,Chelinidea vittiger,Virile Crayfish,Agile Frog,Black-backed Grass Skimmer
val/03050_Animalia_Chordata_Amphibia_Anura_Rhacophoridae_Buergeria_robusta/c35c88a4-324a-4861-ac6e-5479e96ad160.jpg,1464,1457,0,1457,1464,1465,1461,638,0.397705078125,0.045196533203125,0.0391845703125,0.0389404296875,0.02679443359375,1,2,Robust Kajika Frog,Peron's Tree Frog,Robust Kajika Frog,Spot-legged Treefrog,Agile Frog,Blanchard's Cricket Frog
val/03050_Animalia_Chordata_Amphibia_Anura_Rhacophoridae_Buergeria_robusta/8ee08358-7093-45fb-8ad1-7b6388306a0f.jpg,1464,637,0,637,1779,1778,1464,513,0.04693603515625,0.030731201171875,0.0200653076171875,0.0180511474609375,0.01537322998046875,1,4,Robust Kajika Frog,Green Toad,Razor-backed Musk Turtle,Northern Map Turtle,Robust Kajika Frog,Dark Flower Scarab
val/03072_Animalia_Chordata_Amphibia_Caudata_Plethodontidae_Aneides_lugubris/5725c89d-017f-4902-9b8f-c7deb991c322.jpg,1467,236,0,236,1467,1802,1469,241,0.22802734375,0.0379638671875,0.0345458984375,0.0304718017578125,0.0247955322265625,1,2,Arboreal Salamander,Italian Slow Worm,Arboreal Salamander,Pacific Banana Slug,Western Red-backed Salamander,Aesculapian Snake
val/03110_Animalia_Chordata_Ascidiacea_Stolidobranchia_Styelidae_Botryllus_schlosseri/a904204a-d73f-4183-b0af-a569948eea11.jpg,1470,176,0,176,1800,140,754,1470,0.053314208984375,0.033843994140625,0.03082275390625,0.0170440673828125,0.0159912109375,1,5,Golden Star Tunicate,Red Crossbill,rough-mantled dorid,Spiny Seahorse,California Aglaja,Golden Star Tunicate
val/03110_Animalia_Chordata_Ascidiacea_Stolidobranchia_Styelidae_Botryllus_schlosseri/830e17a6-aad1-427f-b53d-4ae090032dbf.jpg,1470,260,0,260,1800,1785,1799,1470,0.054046630859375,0.052581787109375,0.035491943359375,0.03497314453125,0.0266876220703125,1,5,Golden Star Tunicate,Lined Chiton,rough-mantled dorid,Giant Sea Star,Branched Dendronotus,Golden Star Tunicate
val/03122_Animalia_Chordata_Aves_Accipitriformes_Accipitridae_Aquila_rapax/d8201864-1c18-47d1-b160-ea99287548df.jpg,1472,648,0,648,701,1472,1548,1543,0.365478515625,0.08953857421875,0.07977294921875,0.062042236328125,0.0243988037109375,1,3,Tawny Eagle,White-backed Vulture,Grosbeak Weaver,Tawny Eagle,Aplomado Falcon,Indian Roller
val/03130_Animalia_Chordata_Aves_Accipitriformes_Accipitridae_Buteo_plagiatus/7885b56e-00ff-4d18-907f-373a60dd24b1.jpg,1475,1481,0,1481,645,1089,1611,1475,0.0511474609375,0.0478515625,0.02252197265625,0.0194549560546875,0.0182647705078125,1,5,Gray Hawk,Roadside Hawk,Shikra,Coppery Leafhopper,Southern Double-collared Sunbird,Gray Hawk
val/03150_Animalia_Chordata_Aves_Accipitriformes_Accipitridae_Elanus_axillaris/3aad0545-e2d9-4d30-af0d-9d882e4bffaa.jpg,1477,1474,0,1474,1571,667,1473,1477,0.08648681640625,0.07183837890625,0.04632568359375,0.044525146484375,0.03814697265625,1,5,Black-shouldered Kite,Red-tailed Hawk,Eurasian Nutcracker,Spot-winged Pigeon,Short-tailed Hawk,Black-shouldered Kite
val/03157_Animalia_Chordata_Aves_Accipitriformes_Accipitridae_Gypaetus_barbatus/311057da-2cbf-452c-8c97-6f99a41d1f1a.jpg,1479,146,0,146,1479,1473,1478,650,0.342041015625,0.1746826171875,0.17236328125,0.04486083984375,0.026702880859375,1,2,Bearded Vulture,Imperial Eagle,Bearded Vulture,Short-tailed Hawk,White-tailed Hawk,Long-crested Eagle
val/03182_Animalia_Chordata_Aves_Accipitriformes_Accipitridae_Rupornis_magnirostris/d642602e-3334-44cd-abf0-b79e21124d06.jpg,1481,1584,0,1584,1481,676,1548,703,0.1451416015625,0.1282958984375,0.036346435546875,0.031982421875,0.03009033203125,1,2,Roadside Hawk,Yellow-rumped Cacique,Roadside Hawk,Hoatzin,Aplomado Falcon,Black-headed Saltator
val/03182_Animalia_Chordata_Aves_Accipitriformes_Accipitridae_Rupornis_magnirostris/dc6b39ac-4966-41d2-8908-369133280a25.jpg,1481,667,0,667,228,1481,215,1687,0.048065185546875,0.038818359375,0.029510498046875,0.02655029296875,0.024200439453125,1,3,Roadside Hawk,Spot-winged Pigeon,Sunda Flying Lemur,Roadside Hawk,Eastern Screech-Owl,Northern Pygmy-Owl
val/03190_Animalia_Chordata_Aves_Anseriformes_Anatidae_Amazonetta_brasiliensis/f8c85950-96d4-4701-8e38-24d1ac7fa5db.jpg,1482,1508,0,1508,1482,1576,1509,1499,0.142333984375,0.03936767578125,0.0268096923828125,0.0211029052734375,0.0207366943359375,1,2,Brazilian Teal,Double-striped Thick-knee,Brazilian Teal,Blue-breasted Cordonbleu,Bush Stone-curlew,Common Hoopoe
val/03210_Animalia_Chordata_Aves_Anseriformes_Anatidae_Anser_caerulescens/5a46f782-a9d0-4c21-aba2-c9d6bd0477ba.jpg,1486,1484,0,1484,651,1539,1486,1662,0.033416748046875,0.026763916015625,0.02447509765625,0.0202484130859375,0.016815185546875,1,4,Snow Goose,Grey Teal,Mallard,Zebra Dove,Snow Goose,White Ibis
val/03223_Animalia_Chordata_Aves_Anseriformes_Anatidae_Aythya_nyroca/b830977c-3b8d-4c25-9927-d86ee2330c50.jpg,1488,1675,0,1675,1488,652,1555,1496,0.162109375,0.161865234375,0.11566162109375,0.066162109375,0.05426025390625,1,2,Ferruginous Duck,Least Grebe,Ferruginous Duck,Greater Scaup,Common Moorhen,Blue-winged Teal
val/03242_Animalia_Chordata_Aves_Anseriformes_Anatidae_Cygnus_cygnus/ec24de29-f16e-4369-b4df-85f4227ea74e.jpg,1492,1491,0,1491,1657,149,160,1492,0.30419921875,0.06524658203125,0.058197021484375,0.037353515625,0.0250091552734375,1,5,Whooper Swan,Trumpeter Swan,Grey Heron,Mute Swan,Hartlaub's Gull,Whooper Swan
val/03267_Animalia_Chordata_Aves_Anseriformes_Anatidae_Somateria_mollissima/60fad5de-fedd-452a-a36a-f56682b71363.jpg,1495,721,0,721,1523,1491,1495,1487,0.363037109375,0.1549072265625,0.126220703125,0.050445556640625,0.037322998046875,1,4,Common Eider,Magellanic Penguin,Lesser Black-backed Gull,Trumpeter Swan,Common Eider,Ross's Goose
val/03270_Animalia_Chordata_Aves_Anseriformes_Anatidae_Spatula_discors/7ff04f1c-8da1-4e89-bce2-b014c44e997f.jpg,1496,1484,0,1484,157,765,1496,667,0.162353515625,0.1412353515625,0.07867431640625,0.0772705078125,0.07403564453125,1,4,Blue-winged Teal,Grey Teal,American Golden-Plover,Old-man-of-the-woods,Blue-winged Teal,Spot-winged Pigeon
val/03277_Animalia_Chordata_Aves_Anseriformes_Anhimidae_Chauna_torquata/7dab2caf-7fcc-45d0-a991-f0eb456e892a.jpg,1497,1550,0,1550,1485,710,1497,1676,0.09417724609375,0.07098388671875,0.053009033203125,0.033294677734375,0.0142669677734375,1,4,Southern Screamer,Plain Chachalaca,American Black Duck,Black-faced Ibis,Southern Screamer,Gang-gang Cockatoo
val/03282_Animalia_Chordata_Aves_Bucerotiformes_Bucerotidae_Tockus_leucomelas/6885472e-214c-47c7-9137-3e3ffe4c6ce0.jpg,1498,194,0,194,1498,678,1646,691,0.11737060546875,0.094970703125,0.068115234375,0.05438232421875,0.043426513671875,1,2,Southern Yellow-billed Hornbill,Henslow's Sparrow,Southern Yellow-billed Hornbill,Woodlark,Sedge Wren,Grassveld Pipit
val/03301_Animalia_Chordata_Aves_Caprimulgiformes_Trochilidae_Amazilia_tzacatl/f24d2d3c-03ce-4be2-91dc-f40f7189187e.jpg,1501,154,0,154,1501,1503,1504,1502,0.182861328125,0.0625,0.057159423828125,0.053619384765625,0.018798828125,1,2,Rufous-tailed Hummingbird,Green-crowned Brilliant,Rufous-tailed Hummingbird,Lesser Violetear,Rivoli's Hummingbird,Glittering-bellied Emerald
val/03314_Animalia_Chordata_Aves_Caprimulgiformes_Trochilidae_Chlorostilbon_lucidus/4de36e1f-cb0f-4990-87f1-f19f184b9089.jpg,1502,1503,0,1503,154,1502,1504,656,0.2080078125,0.1595458984375,0.143310546875,0.136962890625,0.086669921875,1,3,Glittering-bellied Emerald,Lesser Violetear,Green-crowned Brilliant,Glittering-bellied Emerald,Rivoli's Hummingbird,Green Wood Hoopoe
val/03314_Animalia_Chordata_Aves_Caprimulgiformes_Trochilidae_Chlorostilbon_lucidus/ad507c30-5297-4072-a710-86be9d1aa270.jpg,1502,154,0,154,1502,1501,1504,1503,0.265380859375,0.06005859375,0.047943115234375,0.04632568359375,0.0217437744140625,1,2,Glittering-bellied Emerald,Green-crowned Brilliant,Glittering-bellied Emerald,Rufous-tailed Hummingbird,Rivoli's Hummingbird,Lesser Violetear
val/03316_Animalia_Chordata_Aves_Caprimulgiformes_Trochilidae_Colibri_cyanotus/54d338f3-e9ef-431d-9b26-38a94fadbe1a.jpg,1503,1502,0,1502,1503,1501,154,1504,0.27392578125,0.177978515625,0.0841064453125,0.0565185546875,0.03997802734375,1,2,Lesser Violetear,Glittering-bellied Emerald,Lesser Violetear,Rufous-tailed Hummingbird,Green-crowned Brilliant,Rivoli's Hummingbird
val/03318_Animalia_Chordata_Aves_Caprimulgiformes_Trochilidae_Eugenes_fulgens/a935a5d9-0feb-4326-9fe4-231eb21fddc5.jpg,1504,154,0,154,1504,1501,1681,1503,0.55859375,0.041107177734375,0.0286102294921875,0.02703857421875,0.0078887939453125,1,2,Rivoli's Hummingbird,Green-crowned Brilliant,Rivoli's Hummingbird,Rufous-tailed Hummingbird,Australian King-Parrot,Lesser Violetear
val/03366_Animalia_Chordata_Aves_Charadriiformes_Charadriidae_Pluvialis_apricaria/fd980dac-3cff-49a3-9891-14dd09d7e35d.jpg,1512,1710,0,1710,1505,660,1512,1602,0.03399658203125,0.0316162109375,0.0245513916015625,0.0211334228515625,0.0189056396484375,1,4,European Golden Plover,Spotted Hyena,Emu,Short-billed Dowitcher,European Golden Plover,American Pipit
val/03370_Animalia_Chordata_Aves_Charadriiformes_Charadriidae_Vanellus_armatus/d7f92284-bc54-4e77-b469-08c40a4a4ed7.jpg,1513,1515,0,1515,1513,1620,193,1510,0.1015625,0.046234130859375,0.036346435546875,0.0294189453125,0.02423095703125,1,2,Blacksmith Lapwing,African Wattled Lapwing,Blacksmith Lapwing,Grasshopper Sparrow,Lark Bunting,Double-banded Plover
val/03373_Animalia_Chordata_Aves_Charadriiformes_Charadriidae_Vanellus_indicus/403175ef-12e1-4f19-96e3-ba701de1aeaf.jpg,1514,1536,0,1536,1514,1635,158,1591,0.0246124267578125,0.0237274169921875,0.0202484130859375,0.0163726806640625,0.0145416259765625,1,2,Red-wattled Lapwing,Jabiru,Red-wattled Lapwing,Crested Myna,Crowned Lapwing,Bronzed Cowbird
val/03383_Animalia_Chordata_Aves_Charadriiformes_Haematopodidae_Haematopus_moquini/c08a9426-9371-4130-9fb0-93ec755df998.jpg,1516,658,0,658,1516,1556,1555,1664,0.1702880859375,0.1622314453125,0.08721923828125,0.07763671875,0.0204620361328125,1,2,African Oystercatcher,Sooty Oystercatcher,African Oystercatcher,Dusky Moorhen,Common Moorhen,Bare-faced Ibis
val/03408_Animalia_Chordata_Aves_Charadriiformes_Laridae_Ichthyaetus_melanocephalus/2d2f7bd4-70ff-427d-802c-1950f9263f89.jpg,1520,1525,0,1525,1520,1522,1517,1527,0.1632080078125,0.1143798828125,0.055633544921875,0.04022216796875,0.02349853515625,1,2,Mediterranean Gull,Franklin's Gull,Mediterranean Gull,Black-tailed Gull,Grey-hooded Gull,Royal Tern
val/03409_Animalia_Chordata_Aves_Charadriiformes_Laridae_Larus_argentatus/7cf526fc-8331-4078-bb44-df029b78aa88.jpg,1521,668,0,668,163,1521,1517,1523,0.1392822265625,0.1177978515625,0.10504150390625,0.09454345703125,0.08734130859375,1,3,Herring Gull,Cape Turtle Dove,Glaucous-winged Gull,Herring Gull,Grey-hooded Gull,Lesser Black-backed Gull
val/03409_Animalia_Chordata_Aves_Charadriiformes_Laridae_Larus_argentatus/da6d46c1-1152-4414-8344-2910fa70d370.jpg,1521,160,0,160,1522,1520,1521,1524,0.1466064453125,0.10791015625,0.058624267578125,0.057708740234375,0.052490234375,1,4,Herring Gull,Hartlaub's Gull,Black-tailed Gull,Mediterranean Gull,Herring Gull,Iceland Gull
val/03416_Animalia_Chordata_Aves_Charadriiformes_Laridae_Larus_fuscus/3d0aafdc-d827-43b1-a6e7-6b70eb1dfd94.jpg,1523,163,0,163,1494,1523,1521,1513,0.013336181640625,0.01216888427734375,0.01136016845703125,0.01110076904296875,0.0106964111328125,1,3,Lesser Black-backed Gull,Glaucous-winged Gull,Spur-winged Goose,Lesser Black-backed Gull,Herring Gull,Blacksmith Lapwing
val/03448_Animalia_Chordata_Aves_Charadriiformes_Scolopacidae_Actitis_macularius/2bee4334-7dee-42f3-a53e-15f1a6d62dcf.jpg,1528,1531,0,1531,1776,1528,1620,659,0.017913818359375,0.0173187255859375,0.01483154296875,0.014801025390625,0.0125274658203125,1,3,Spotted Sandpiper,Western Sandpiper,Western Black-Tailed Rattlesnake,Spotted Sandpiper,Grasshopper Sparrow,Dunlin
val/03461_Animalia_Chordata_Aves_Charadriiformes_Scolopacidae_Calidris_mauri/bb692f0b-8b15-4a0f-bbb3-2fa48caf6d2a.jpg,1531,164,0,164,1533,1510,1531,1511,0.05364990234375,0.040191650390625,0.02972412109375,0.027008056640625,0.016448974609375,1,4,Western Sandpiper,Far Eastern Curlew,Eurasian Curlew,Double-banded Plover,Western Sandpiper,White-fronted Plover
val/03462_Animalia_Chordata_Aves_Charadriiformes_Scolopacidae_Calidris_melanotos/3610d67e-024b-4b59-99bb-b0d69e30df67.jpg,1532,165,0,165,765,157,1532,660,0.07098388671875,0.0628662109375,0.043853759765625,0.04180908203125,0.034912109375,1,4,Pectoral Sandpiper,Wood Sandpiper,Old-man-of-the-woods,American Golden-Plover,Pectoral Sandpiper,Short-billed Dowitcher
val/03495_Animalia_Chordata_Aves_Charadriiformes_Scolopacidae_Tringa_semipalmata/c3ea08d4-f541-4231-853a-586959c20a7e.jpg,1534,1511,0,1511,1534,164,662,1533,0.043792724609375,0.041534423828125,0.03717041015625,0.033966064453125,0.01332855224609375,1,2,Willet,White-fronted Plover,Willet,Far Eastern Curlew,Marsh Sandpiper,Eurasian Curlew
val/03506_Animalia_Chordata_Aves_Ciconiiformes_Ciconiidae_Jabiru_mycteria/d0b95c9c-866c-497e-b771-216f47e48f3b.jpg,1536,1553,0,1553,1514,1536,1537,1535,0.11297607421875,0.09942626953125,0.0938720703125,0.0765380859375,0.027313232421875,1,3,Jabiru,Whooping Crane,Red-wattled Lapwing,Jabiru,Yellow-billed Stork,Asian Openbill Stork
val/03575_Animalia_Chordata_Aves_Coraciiformes_Momotidae_Eumomota_superciliosa/b4cbf80d-87a6-4ddd-b4d6-638b8aeacbb4.jpg,1544,1590,0,1590,1544,1695,169,170,0.0740966796875,0.06622314453125,0.0584716796875,0.038726806640625,0.035614013671875,1,2,Turquoise-browed Motmot,Streak-backed Oriole,Turquoise-browed Motmot,Collared Trogon,Painted Bunting,Yellow Grosbeak
val/03575_Animalia_Chordata_Aves_Coraciiformes_Momotidae_Eumomota_superciliosa/7b576d5b-19a8-42a1-9691-e5a6ed2ff9b2.jpg,1544,681,0,681,713,1034,433,1544,0.05108642578125,0.0293121337890625,0.0216064453125,0.0171051025390625,0.0159454345703125,1,5,Turquoise-browed Motmot,Ashy Drongo,Eurasian Wryneck,Capricorn beetle,umbrella magnolia,Turquoise-browed Motmot
val/03642_Animalia_Chordata_Aves_Gaviiformes_Gaviidae_Gavia_immer/9f3f371b-bf56-4373-9a2d-969a04046725.jpg,1552,157,0,157,1552,1495,1554,1484,0.056640625,0.0526123046875,0.03277587890625,0.0270538330078125,0.0189361572265625,1,2,Common Loon,American Golden-Plover,Common Loon,Common Eider,Slate-colored Coot,Grey Teal
val/03660_Animalia_Chordata_Aves_Gruiformes_Rallidae_Gallinula_chloropus/7867b94e-1c5c-4b00-9e43-ab2920fac9bb.jpg,1555,1556,0,1556,168,160,1516,1555,0.90380859375,0.01236724853515625,0.01131439208984375,0.010528564453125,0.00843048095703125,1,5,Common Moorhen,Dusky Moorhen,Black Crake,Hartlaub's Gull,African Oystercatcher,Common Moorhen
val/03671_Animalia_Chordata_Aves_Gruiformes_Rallidae_Rallus_limicola/4feb93d5-c7a8-44e3-a981-0ff8bba8b23f.jpg,1557,1645,0,1645,1648,1557,1602,1598,0.072998046875,0.059844970703125,0.040802001953125,0.034698486328125,0.024658203125,1,3,Virginia Rail,Marsh Wren,Winter Wren,Virginia Rail,American Pipit,Lewin's Honeyeater
val/03677_Animalia_Chordata_Aves_Passeriformes_Acanthisittidae_Acanthisitta_chloris/b8b39786-95b2-4bfb-952d-6c9f4e1de494.jpg,1558,1672,0,1672,702,171,1558,228,0.04473876953125,0.031585693359375,0.02606201171875,0.0207061767578125,0.01666259765625,1,4,Rifleman,Hairy Woodpecker,Eurasian Nuthatch,Brown Creeper,Rifleman,Sunda Flying Lemur
val/03680_Animalia_Chordata_Aves_Passeriformes_Acanthizidae_Gerygone_igata/9df3d89f-fbd4-4624-bd0a-29569f0f88b7.jpg,1559,708,0,708,1559,1630,1613,1608,0.176025390625,0.1279296875,0.07928466796875,0.038665771484375,0.0311431884765625,1,2,Grey Warbler,Plumbeous Vireo,Grey Warbler,Black-tailed Gnatcatcher,Juniper Titmouse,Asian Brown Flycatcher
val/03682_Animalia_Chordata_Aves_Passeriformes_Acrocephalidae_Acrocephalus_arundinaceus/2f507976-fac7-4c3c-91c7-1e312c7c2723.jpg,1560,1566,0,1566,1620,811,1575,1560,0.06439208984375,0.057342529296875,0.044586181640625,0.03680419921875,0.0301055908203125,1,5,Great Reed-Warbler,Zitting Cisticola,Grasshopper Sparrow,Smilo Grass,Nutmeg Mannikin,Great Reed-Warbler
val/03713_Animalia_Chordata_Aves_Passeriformes_Cardinalidae_Passerina_amoena/950cebb6-1997-4f61-a389-eadc0931f67c.jpg,1564,1637,0,1637,1631,1611,1564,1610,0.0833740234375,0.061859130859375,0.043487548828125,0.0360107421875,0.028045654296875,1,4,Lazuli Bunting,Violet-backed Starling,Gray Silky-flycatcher,Southern Double-collared Sunbird,Lazuli Bunting,Greater Double-collared Sunbird
val/03734_Animalia_Chordata_Aves_Passeriformes_Cisticolidae_Cisticola_juncidis/1d79c209-bc1c-47eb-b781-a8077385acc6.jpg,1566,207,0,207,1561,1568,1545,1566,0.059234619140625,0.038299560546875,0.02496337890625,0.0239410400390625,0.0213165283203125,1,5,Zitting Cisticola,Ash-throated Flycatcher,Booted Warbler,Woodhouse's Scrub-Jay,Fan-tailed Cuckoo,Zitting Cisticola
val/03842_Animalia_Chordata_Aves_Passeriformes_Furnariidae_Lepidocolaptes_angustirostris/19b6935c-b3cd-4c9b-9d49-27372e72f5b6.jpg,1579,684,0,684,1579,1612,176,1705,0.1778564453125,0.09991455078125,0.016021728515625,0.015625,0.013153076171875,1,2,Narrow-billed Woodcreeper,Eurasian Bullfinch,Narrow-billed Woodcreeper,Rufous Whistler,Red Crossbill,Bushbuck
val/03851_Animalia_Chordata_Aves_Passeriformes_Hirundinidae_Hirundo_tahitica/dfec7864-5b03-42bc-9449-906967c74be5.jpg,1580,167,0,167,1580,688,1610,676,0.0606689453125,0.034149169921875,0.032257080078125,0.02252197265625,0.0182342529296875,1,2,Pacific Swallow,Common Peafowl,Pacific Swallow,Brewer's Blackbird,Greater Double-collared Sunbird,Hoatzin
val/03852_Animalia_Chordata_Aves_Passeriformes_Hirundinidae_Petrochelidon_fulva/dd57a367-0964-47c3-b24e-16afb523e642.jpg,1581,1594,0,1594,179,1581,1583,207,0.310302734375,0.1353759765625,0.054779052734375,0.05316162109375,0.04833984375,1,3,Cave Swallow,Lesser Grey Shrike,Southern Rough-winged Swallow,Cave Swallow,Mangrove Swallow,Ash-throated Flycatcher
val/03869_Animalia_Chordata_Aves_Passeriformes_Icteridae_Cacicus_cela/fb02ad0d-42e2-47d5-8ccc-5fb3e96a8043.jpg,1584,218,0,218,1584,1589,1585,1718,0.341064453125,0.13427734375,0.11358642578125,0.0193328857421875,0.01708984375,1,2,Yellow-rumped Cacique,Black-throated Trogon,Yellow-rumped Cacique,Black-cowled Oriole,Yellow-hooded Blackbird,Common Opossum
val/03871_Animalia_Chordata_Aves_Passeriformes_Icteridae_Chrysomus_icterocephalus/2750f156-c649-4d85-9805-830d4b34e24e.jpg,1585,218,0,218,1585,1589,189,170,0.049407958984375,0.047454833984375,0.024078369140625,0.022125244140625,0.0193939208984375,1,2,Yellow-hooded Blackbird,Black-throated Trogon,Yellow-hooded Blackbird,Black-cowled Oriole,Hooded Warbler,Yellow Grosbeak
val/03880_Animalia_Chordata_Aves_Passeriformes_Icteridae_Icterus_galbula/b789c024-bd80-4cd2-ada9-ea82051d28cd.jpg,1587,684,0,684,170,1590,1588,1587,0.2174072265625,0.2054443359375,0.12890625,0.0648193359375,0.02349853515625,1,5,Baltimore Oriole,Eurasian Bullfinch,Yellow Grosbeak,Streak-backed Oriole,Yellow Oriole,Baltimore Oriole
val/03886_Animalia_Chordata_Aves_Passeriformes_Icteridae_Icterus_prosthemelas/7665e774-e00f-4b9f-abb6-8b9d2e4e3df7.jpg,1589,1584,0,1584,1577,1588,1589,1585,0.0654296875,0.056732177734375,0.037933349609375,0.0245208740234375,0.015625,1,4,Black-cowled Oriole,Yellow-rumped Cacique,Evening Grosbeak,Yellow Oriole,Black-cowled Oriole,Yellow-hooded Blackbird
val/03887_Animalia_Chordata_Aves_Passeriformes_Icteridae_Icterus_pustulatus/575b73a9-03ab-4e69-b495-2ef7a8fe59d0.jpg,1590,684,0,684,170,1590,1499,1577,0.265869140625,0.1568603515625,0.11260986328125,0.050048828125,0.03582763671875,1,3,Streak-backed Oriole,Eurasian Bullfinch,Yellow Grosbeak,Streak-backed Oriole,Common Hoopoe,Evening Grosbeak
val/03912_Animalia_Chordata_Aves_Passeriformes_Laniidae_Lanius_minor/08787f56-8eff-436b-9a55-062c2b08dad1.jpg,1594,206,0,206,692,1594,1572,1511,0.277099609375,0.1572265625,0.07611083984375,0.075927734375,0.07427978515625,1,3,Lesser Grey Shrike,Masked Water-Tyrant,African Pied Wagtail,Lesser Grey Shrike,Black-billed Magpie,White-fronted Plover
val/03932_Animalia_Chordata_Aves_Passeriformes_Meliphagidae_Meliphaga_lewinii/c862708e-c712-481a-ad64-1fde12a3d45a.jpg,1598,1649,0,1649,188,1500,1598,192,0.06689453125,0.03936767578125,0.024200439453125,0.02349853515625,0.018035888671875,1,4,Lewin's Honeyeater,Pale-breasted Thrush,Cerulean Warbler,Azure-crowned Hummingbird,Lewin's Honeyeater,Golden-winged Warbler
val/03962_Animalia_Chordata_Aves_Passeriformes_Motacillidae_Anthus_rubescens/dfeca2af-1a59-41ea-bedb-976334fbddd0.jpg,1602,1605,0,1605,1626,1602,1461,155,0.0194244384765625,0.0186920166015625,0.01514434814453125,0.01251983642578125,0.01111602783203125,1,3,American Pipit,Cape Wagtail,Southern Gray-headed Sparrow,American Pipit,Agile Frog,Red-breasted Dotterel
val/03966_Animalia_Chordata_Aves_Passeriformes_Motacillidae_Macronyx_croceus/3b824cc5-6124-433f-966c-50c9812c22e8.jpg,1604,184,0,184,694,1621,1604,1629,0.1336669921875,0.0853271484375,0.06097412109375,0.05267333984375,0.048553466796875,1,4,Yellow-throated Longclaw,Meadow Pipit,Eastern Yellow Wagtail,LeConte's Sparrow,Yellow-throated Longclaw,Village Weaver
val/03982_Animalia_Chordata_Aves_Passeriformes_Muscicapidae_Luscinia_megarhynchos/2fd1db2c-4a26-4f22-ac50-47bba2e84df1.jpg,1607,1626,0,1626,700,1607,207,1582,0.11199951171875,0.061920166015625,0.035186767578125,0.0305328369140625,0.02703857421875,1,3,Common Nightingale,Southern Gray-headed Sparrow,Spanish Sparrow,Common Nightingale,Ash-throated Flycatcher,Northern Rough-winged Swallow
val/04007_Animalia_Chordata_Aves_Passeriformes_Nectariniidae_Cinnyris_afer/cdcbdb46-b234-469b-a676-63fe59387c76.jpg,1610,1611,0,1611,1695,1610,696,1579,0.253173828125,0.048431396484375,0.045166015625,0.024688720703125,0.02099609375,1,3,Greater Double-collared Sunbird,Southern Double-collared Sunbird,Collared Trogon,Greater Double-collared Sunbird,Crimson Sunbird,Narrow-billed Woodcreeper
val/04058_Animalia_Chordata_Aves_Passeriformes_Parulidae_Myioborus_miniatus/7ba88fce-83f9-4eaa-bd4f-3c7118aaae39.jpg,1616,1590,0,1590,1695,169,1616,1610,0.1971435546875,0.1475830078125,0.1455078125,0.06683349609375,0.057159423828125,1,4,Slate-throated Redstart,Streak-backed Oriole,Collared Trogon,Painted Bunting,Slate-throated Redstart,Greater Double-collared Sunbird
val/04104_Animalia_Chordata_Aves_Passeriformes_Passerellidae_Junco_phaeonotus/6d2991e1-3074-4482-96fa-51c4216e103e.jpg,1623,1511,0,1511,691,1623,1602,1651,0.0791015625,0.053466796875,0.046539306640625,0.0361328125,0.026641845703125,1,3,Yellow-eyed Junco,White-fronted Plover,Grassveld Pipit,Yellow-eyed Junco,American Pipit,Rufous-bellied Thrush
val/04104_Animalia_Chordata_Aves_Passeriformes_Passerellidae_Junco_phaeonotus/fd1f6de8-ea36-4cf1-967c-cf501d170140.jpg,1623,194,0,194,691,1623,1621,1626,0.06341552734375,0.04644775390625,0.03924560546875,0.035797119140625,0.0357666015625,1,3,Yellow-eyed Junco,Henslow's Sparrow,Grassveld Pipit,Yellow-eyed Junco,LeConte's Sparrow,Southern Gray-headed Sparrow
val/04132_Animalia_Chordata_Aves_Passeriformes_Passeridae_Passer_diffusus/9a729159-4f1e-4ffd-a79f-2fc2d9d050b7.jpg,1626,1628,0,1628,1626,185,1595,1605,0.06976318359375,0.064208984375,0.03485107421875,0.032745361328125,0.0257568359375,1,2,Southern Gray-headed Sparrow,Italian Sparrow,Southern Gray-headed Sparrow,Familiar Chat,Jungle Babbler,Cape Wagtail
val/04135_Animalia_Chordata_Aves_Passeriformes_Passeridae_Passer_italiae/fd1542c0-0a27-457c-a141-ada2588e3294.jpg,1628,652,0,652,1628,1510,223,1533,0.1348876953125,0.11944580078125,0.0205841064453125,0.01490020751953125,0.01422119140625,1,2,Italian Sparrow,Greater Scaup,Italian Sparrow,Double-banded Plover,Gray Wolf,Eurasian Curlew
val/04151_Animalia_Chordata_Aves_Passeriformes_Ploceidae_Ploceus_cucullatus/ddc36cb9-badd-4797-9d4e-45de4c53829d.jpg,1629,684,0,684,1629,170,672,1590,0.05023193359375,0.023681640625,0.0186004638671875,0.0169677734375,0.016021728515625,1,2,Village Weaver,Eurasian Bullfinch,Village Weaver,Yellow Grosbeak,Andean Motmot,Streak-backed Oriole
val/04151_Animalia_Chordata_Aves_Passeriformes_Ploceidae_Ploceus_cucullatus/62bfaafc-28b4-4365-9384-037a71d169e4.jpg,1629,1609,0,1609,1629,1587,189,191,0.11468505859375,0.1142578125,0.06982421875,0.057586669921875,0.053009033203125,1,2,Village Weaver,Brown-throated Sunbird,Village Weaver,Baltimore Oriole,Hooded Warbler,American Redstart
val/04159_Animalia_Chordata_Aves_Passeriformes_Polioptilidae_Polioptila_melanura/3fb28677-1a54-4b41-b67a-9bbf84979059.jpg,1630,1568,0,1568,1613,1567,1630,1622,0.09674072265625,0.07879638671875,0.040313720703125,0.035614013671875,0.035369873046875,1,4,Black-tailed Gnatcatcher,Woodhouse's Scrub-Jay,Juniper Titmouse,Florida Scrub Jay,Black-tailed Gnatcatcher,Sagebrush Sparrow
val/04197_Animalia_Chordata_Aves_Passeriformes_Sturnidae_Gracupica_nigricollis/16a5598f-5896-4a12-9da3-672322172135.jpg,1638,692,0,692,206,193,1638,1030,0.333740234375,0.1346435546875,0.0721435546875,0.061431884765625,0.0404052734375,1,4,Black-collared Starling,African Pied Wagtail,Masked Water-Tyrant,Lark Bunting,Black-collared Starling,Surinam Cockroach
val/04202_Animalia_Chordata_Aves_Passeriformes_Sturnidae_Sturnus_vulgaris/edb2b897-14e8-4d0c-bc21-9ec5bc1a9224.jpg,1639,1571,0,1571,1639,1539,1749,235,0.07763671875,0.04400634765625,0.039306640625,0.0220794677734375,0.0186920166015625,1,2,European Starling,Eurasian Nutcracker,European Starling,Zebra Dove,Florida Green Watersnake,Belize Crocodile
val/04222_Animalia_Chordata_Aves_Passeriformes_Thraupidae_Ramphocelus_carbo/080eb0c8-8b47-4950-97aa-44788d85efb4.jpg,1642,1609,0,1609,1637,218,650,1642,0.1976318359375,0.127197265625,0.03741455078125,0.024566650390625,0.0233917236328125,1,5,Silver-beaked Tanager,Brown-throated Sunbird,Violet-backed Starling,Black-throated Trogon,Long-crested Eagle,Silver-beaked Tanager
val/04230_Animalia_Chordata_Aves_Passeriformes_Thraupidae_Sicalis_flaveola/6d16960d-b482-4f9f-abe2-12596b52a2e7.jpg,1643,1629,0,1629,1643,1561,170,596,0.1673583984375,0.0994873046875,0.026275634765625,0.018096923828125,0.01424407958984375,1,2,Saffron Finch,Village Weaver,Saffron Finch,Booted Warbler,Yellow Grosbeak,Spanish Gatekeeper
val/04257_Animalia_Chordata_Aves_Passeriformes_Troglodytidae_Cistothorus_palustris/f131bc39-aa74-4d43-b2ae-f4776d50c318.jpg,1645,1560,0,1560,1646,1371,1645,1376,0.0816650390625,0.0275421142578125,0.0175628662109375,0.0172576904296875,0.0124053955078125,1,4,Marsh Wren,Great Reed-Warbler,Sedge Wren,Band-winged Dragonlet,Marsh Wren,Black-lined Skimmer
val/04258_Animalia_Chordata_Aves_Passeriformes_Troglodytidae_Cistothorus_platensis/91a60076-8293-4632-8258-95d786c814c6.jpg,1646,1620,0,1620,1646,708,678,231,0.2330322265625,0.1761474609375,0.0355224609375,0.0308074951171875,0.030487060546875,1,2,Sedge Wren,Grasshopper Sparrow,Sedge Wren,Plumbeous Vireo,Woodlark,Bank Vole
val/04283_Animalia_Chordata_Aves_Passeriformes_Turdidae_Turdus_leucomelas/82a36931-90b3-429f-8ca2-4be0918ef4f4.jpg,1649,1621,0,1621,1649,1607,1624,1629,0.08782958984375,0.04193115234375,0.034820556640625,0.03436279296875,0.0308074951171875,1,2,Pale-breasted Thrush,LeConte's Sparrow,Pale-breasted Thrush,Common Nightingale,Chipping Sparrow,Village Weaver
val/04289_Animalia_Chordata_Aves_Passeriformes_Turdidae_Turdus_rufiventris/e67edd13-3456-49ad-9c5a-402d7d633bd8.jpg,1651,1649,0,1649,1626,1576,1651,1623,0.1627197265625,0.05303955078125,0.021759033203125,0.0207366943359375,0.0202789306640625,1,4,Rufous-bellied Thrush,Pale-breasted Thrush,Southern Gray-headed Sparrow,Blue-breasted Cordonbleu,Rufous-bellied Thrush,Yellow-eyed Junco
val/04305_Animalia_Chordata_Aves_Passeriformes_Tyrannidae_Empidonax_traillii/397991a1-c30a-430c-879c-1a5d3641f9d7.jpg,1652,1637,0,1637,1611,1652,188,1617,0.08380126953125,0.06683349609375,0.0537109375,0.035125732421875,0.031402587890625,1,3,Willow Flycatcher,Violet-backed Starling,Southern Double-collared Sunbird,Willow Flycatcher,Cerulean Warbler,Northern Parula
val/04345_Animalia_Chordata_Aves_Passeriformes_Vireonidae_Vireo_huttoni/434d1e67-f90e-451c-9a58-5cfa4f98b893.jpg,1655,1598,0,1598,1655,1623,1561,1652,0.25439453125,0.08587646484375,0.06396484375,0.05218505859375,0.0411376953125,1,2,Hutton's Vireo,Lewin's Honeyeater,Hutton's Vireo,Yellow-eyed Junco,Booted Warbler,Willow Flycatcher
val/04345_Animalia_Chordata_Aves_Passeriformes_Vireonidae_Vireo_huttoni/b8c1df68-be37-40ba-951b-edbbfdaec55a.jpg,1655,1559,0,1559,1655,708,97,1561,0.1627197265625,0.1505126953125,0.117431640625,0.059783935546875,0.0254974365234375,1,2,Hutton's Vireo,Grey Warbler,Hutton's Vireo,Plumbeous Vireo,Large White Butterfly,Booted Warbler
val/04346_Animalia_Chordata_Aves_Passeriformes_Vireonidae_Vireo_olivaceus/94dddb30-2b8f-4703-b23a-fd7091cc2b1c.jpg,1656,192,0,192,1656,698,198,1647,0.1793212890625,0.061981201171875,0.03240966796875,0.0228729248046875,0.022491455078125,1,2,Red-eyed Vireo,Golden-winged Warbler,Red-eyed Vireo,Black-throated Green Warbler,Common Firecrest,Bewick's Wren
val/04356_Animalia_Chordata_Aves_Pelecaniformes_Ardeidae_Ardea_cinerea/5520b51a-80e6-4897-ba9c-786a52a2ec0e.jpg,1657,1535,0,1535,1657,1660,210,653,0.2296142578125,0.196044921875,0.1788330078125,0.062469482421875,0.04034423828125,1,2,Grey Heron,Asian Openbill Stork,Grey Heron,Little Blue Heron,Boat-billed Heron,Cape Barren Goose
val/04361_Animalia_Chordata_Aves_Pelecaniformes_Ardeidae_Ardea_melanocephala/aa0e11cc-ee24-4bf7-82cc-f9cd897d2d90.jpg,1658,1660,0,1660,1657,1658,1553,1535,0.1304931640625,0.091552734375,0.080078125,0.0222625732421875,0.0202484130859375,1,3,Black-headed Heron,Little Blue Heron,Grey Heron,Black-headed Heron,Whooping Crane,Asian Openbill Stork
val/04366_Animalia_Chordata_Aves_Pelecaniformes_Ardeidae_Ardeola_ralloides/0bb95e05-83ad-4ead-8d5e-2bf420efa708.jpg,1659,1509,0,1509,710,1659,691,1498,0.05499267578125,0.038482666015625,0.032867431640625,0.0299072265625,0.025421142578125,1,3,Squacco Heron,Bush Stone-curlew,Black-faced Ibis,Squacco Heron,Grassveld Pipit,Southern Yellow-billed Hornbill
val/04400_Animalia_Chordata_Aves_Pelecaniformes_Threskiornithidae_Mesembrinibis_cayennensis/e5716980-a9de-45a2-98e0-e41207bc5b70.jpg,1663,1721,0,1721,680,1642,2344,1663,0.1197509765625,0.040069580078125,0.03155517578125,0.0287017822265625,0.02685546875,1,5,Green Ibis,Mantled Howler Monkey,Yucatán Jay,Silver-beaked Tanager,white climbing rata,Green Ibis
val/04401_Animalia_Chordata_Aves_Pelecaniformes_Threskiornithidae_Phimosus_infuscatus/703a6e64-63a1-40a7-9899-6ae3d3a825c9.jpg,1664,1494,0,1494,174,679,1694,1664,0.1781005859375,0.10736083984375,0.043731689453125,0.03460693359375,0.023101806640625,1,5,Bare-faced Ibis,Spur-winged Goose,Alpine Chough,Carrion Crow,Little Black Cormorant,Bare-faced Ibis
val/04416_Animalia_Chordata_Aves_Phoenicopteriformes_Phoenicopteridae_Phoeniconaias_minor/2b4ed692-2ced-4c1a-9de1-a5412d53f111.jpg,1665,213,0,213,1665,1531,1537,265,0.4521484375,0.1929931640625,0.01134490966796875,0.0100250244140625,0.0089874267578125,1,2,Lesser Flamingo,American Flamingo,Lesser Flamingo,Western Sandpiper,Yellow-billed Stork,green-spored parasol
val/04416_Animalia_Chordata_Aves_Phoenicopteriformes_Phoenicopteridae_Phoeniconaias_minor/01bbf72c-7dd8-4c8f-bc4a-9a34cc83ce31.jpg,1665,213,0,213,711,1665,1487,748,0.01837158203125,0.01605224609375,0.0152130126953125,0.01517486572265625,0.01357269287109375,1,3,Lesser Flamingo,American Flamingo,Black-headed Ibis,Lesser Flamingo,Ross's Goose,Eleven-armed Seastar
val/04425_Animalia_Chordata_Aves_Piciformes_Picidae_Campephilus_melanoleucos/f2061268-692c-41bc-bb2c-9a301e92f725.jpg,1666,1546,0,1546,1666,1682,680,1695,0.11602783203125,0.10650634765625,0.0889892578125,0.0814208984375,0.06671142578125,1,2,Crimson-crested Woodpecker,Greater Ani,Crimson-crested Woodpecker,Red-crowned Parakeet,Yucatán Jay,Collared Trogon
val/04429_Animalia_Chordata_Aves_Piciformes_Picidae_Colaptes_chrysoides/f1cc40e6-c10d-4ec5-ad81-5184123b4c90.jpg,1668,1519,0,1519,1668,1524,1087,1145,0.0416259765625,0.038421630859375,0.035675048828125,0.015380859375,0.01511383056640625,1,2,Gilded Flicker,Pallas's Gull,Gilded Flicker,Iceland Gull,Excultanus excultus,Bird Dropping Lichen Moth
val/04436_Animalia_Chordata_Aves_Piciformes_Picidae_Dendrocoptes_medius/0d1b62c1-5770-403b-8e7f-99621686a364.jpg,1670,1666,0,1666,1670,656,1673,1104,0.19775390625,0.05706787109375,0.04522705078125,0.0271453857421875,0.0239105224609375,1,2,Middle Spotted Woodpecker,Crimson-crested Woodpecker,Middle Spotted Woodpecker,Green Wood Hoopoe,Pileated Woodpecker,Large Red-tailed Bumblebee
val/04436_Animalia_Chordata_Aves_Piciformes_Picidae_Dendrocoptes_medius/983c5a51-ec05-4989-b63b-7f8910911364.jpg,1670,1579,0,1579,214,1670,684,1672,0.10076904296875,0.07635498046875,0.059906005859375,0.052581787109375,0.04901123046875,1,3,Middle Spotted Woodpecker,Narrow-billed Woodcreeper,Downy Woodpecker,Middle Spotted Woodpecker,Eurasian Bullfinch,Hairy Woodpecker
val/04440_Animalia_Chordata_Aves_Piciformes_Picidae_Dryobates_minor/692d13a6-6e16-4496-87dc-799af48934e4.jpg,1671,214,0,214,1671,1037,175,1668,0.390380859375,0.10980224609375,0.09429931640625,0.043975830078125,0.035614013671875,1,2,Lesser Spotted Woodpecker,Downy Woodpecker,Lesser Spotted Woodpecker,Cottonwood Borer,Double-barred Finch,Gilded Flicker
val/04457_Animalia_Chordata_Aves_Piciformes_Picidae_Melanerpes_rubricapillus/e6e3c452-de94-4d1e-8187-531c276e8429.jpg,1674,1644,0,1644,1674,676,712,176,0.06097412109375,0.04638671875,0.0277252197265625,0.0225372314453125,0.0145263671875,1,2,Red-crowned Woodpecker,Band-backed Wren,Red-crowned Woodpecker,Hoatzin,Spot-breasted Woodpecker,Red Crossbill
val/04483_Animalia_Chordata_Aves_Podicipediformes_Podicipedidae_Tachybaptus_dominicus/1867bbc2-26be-4e43-8371-8ba18d60513e.jpg,1675,652,0,652,1488,1675,1711,1348,0.04510498046875,0.042022705078125,0.04119873046875,0.03338623046875,0.0284881591796875,1,3,Least Grebe,Greater Scaup,Ferruginous Duck,Least Grebe,Northern River Otter,River Jewelwing
val/04498_Animalia_Chordata_Aves_Psittaciformes_Cacatuidae_Callocephalon_fimbriatum/dd2e903c-f6e9-4755-aaa8-161015fa3fe4.jpg,1676,1666,0,1666,1676,712,1595,1695,0.166748046875,0.1263427734375,0.048126220703125,0.0391845703125,0.03271484375,1,2,Gang-gang Cockatoo,Crimson-crested Woodpecker,Gang-gang Cockatoo,Spot-breasted Woodpecker,Jungle Babbler,Collared Trogon
val/04506_Animalia_Chordata_Aves_Psittaciformes_Psittacidae_Ara_ararauna/b6d0db01-1e21-446c-8762-cbd1c81fed61.jpg,1677,1506,0,1506,1677,657,714,1681,0.1683349609375,0.0802001953125,0.0426025390625,0.0266571044921875,0.02001953125,1,2,Blue-and-yellow Macaw,Lesser Yellow-headed Vulture,Blue-and-yellow Macaw,Turkey Vulture,Acorn Woodpecker,Australian King-Parrot
val/04537_Animalia_Chordata_Aves_Sphenisciformes_Spheniscidae_Pygoscelis_papua/f6964571-9c14-4b4e-ade3-cc339e127e2b.jpg,1684,721,0,721,1684,1692,722,1638,0.258056640625,0.1461181640625,0.036163330078125,0.032073974609375,0.0159149169921875,1,2,Gentoo Penguin,Magellanic Penguin,Gentoo Penguin,Magnificent Frigatebird,Double-crested Cormorant,Black-collared Starling
val/04554_Animalia_Chordata_Aves_Strigiformes_Strigidae_Megascops_choliba/c85c97b6-1e0d-478b-9dd1-a68a76d28ebc.jpg,1688,215,0,215,1689,1688,228,670,0.0914306640625,0.07635498046875,0.058563232421875,0.042022705078125,0.0413818359375,1,3,Tropical Screech-Owl,Eastern Screech-Owl,Morepork,Tropical Screech-Owl,Sunda Flying Lemur,Laughing Kookaburra
val/04554_Animalia_Chordata_Aves_Strigiformes_Strigidae_Megascops_choliba/2c20240c-32d7-403c-9bd3-12b959188bf9.jpg,1688,1689,0,1689,1090,1688,1557,105,0.0601806640625,0.0543212890625,0.047576904296875,0.043365478515625,0.0170440673828125,1,3,Tropical Screech-Owl,Morepork,Northern Dog-day Cicada,Tropical Screech-Owl,Virginia Rail,Pawpaw Sphinx Moth
val/04581_Animalia_Chordata_Aves_Suliformes_Phalacrocoracidae_Phalacrocorax_sulcirostris/d063a441-54b9-46fe-a2df-2383c52aaebf.jpg,1694,1505,0,1505,1490,651,1694,1664,0.1011962890625,0.06829833984375,0.044677734375,0.0328369140625,0.029510498046875,1,4,Little Black Cormorant,Emu,Black Swan,Mallard,Little Black Cormorant,Bare-faced Ibis
val/04592_Animalia_Chordata_Aves_Trogoniformes_Trogonidae_Trogon_collaris/c27114f1-41d8-47ee-b30c-35ed146e3260.jpg,1695,1590,0,1590,684,1695,1681,1616,0.1339111328125,0.046234130859375,0.033599853515625,0.028717041015625,0.0285491943359375,1,3,Collared Trogon,Streak-backed Oriole,Eurasian Bullfinch,Collared Trogon,Australian King-Parrot,Slate-throated Redstart
val/04611_Animalia_Chordata_Elasmobranchii_Orectolobiformes_Orectolobidae_Orectolobus_maculatus/30f3e304-da6a-4922-a17a-88829f84a955.jpg,1699,1449,0,1449,1699,637,1800,642,0.06707763671875,0.0572509765625,0.0180816650390625,0.01715087890625,0.0167694091796875,1,2,Spotted Wobbegong,Giant Marine Toad,Spotted Wobbegong,Green Toad,rough-mantled dorid,Western Spadefoot
val/04621_Animalia_Chordata_Mammalia_Artiodactyla_Bovidae_Boselaphus_tragocamelus/6ed671c5-ed59-4980-84ef-86bc750bc724.jpg,1701,1707,0,1707,724,1701,1724,1505,0.057525634765625,0.050262451171875,0.04595947265625,0.04107666015625,0.03265380859375,1,3,Nilgai,Red Deer,Blue Wildebeest,Nilgai,Olive Baboon,Emu
val/04626_Animalia_Chordata_Mammalia_Artiodactyla_Bovidae_Damaliscus_pygargus/b8129552-8eeb-4a90-b870-242d3ea29249.jpg,1703,221,0,221,724,1701,1703,1707,0.29345703125,0.178466796875,0.051025390625,0.042877197265625,0.038360595703125,1,4,Bontebok/Blesbok,Eland,Blue Wildebeest,Nilgai,Bontebok/Blesbok,Red Deer
val/04638_Animalia_Chordata_Mammalia_Artiodactyla_Bovidae_Sylvicapra_grimmia/37c9268d-24d1-46e7-92e1-af64ab4c50a2.jpg,1704,2472,0,2472,1704,1719,1551,1614,0.065185546875,0.029449462890625,0.0284881591796875,0.026092529296875,0.0231781005859375,1,2,Bush Duiker,Torrey pine,Bush Duiker,Short-beaked Echidna,Dusky Grouse,Black-capped Chickadee
val/04650_Animalia_Chordata_Mammalia_Artiodactyla_Cervidae_Cervus_elaphus/1796177b-66bf-4960-972e-32d1b950071d.jpg,1707,167,0,167,1661,1707,666,1557,0.05615234375,0.03936767578125,0.035797119140625,0.0171966552734375,0.01715087890625,1,3,Red Deer,Common Peafowl,Bare-throated Tiger Heron,Red Deer,Pale-vented Pigeon,Virginia Rail
val/04650_Animalia_Chordata_Mammalia_Artiodactyla_Cervidae_Cervus_elaphus/35bf90c5-9bed-4160-96a2-0bb785989531.jpg,1707,729,0,729,1707,229,1706,1710,0.1400146484375,0.047515869140625,0.042144775390625,0.032867431640625,0.030364990234375,1,2,Red Deer,Swamp Wallaby,Red Deer,Western Grey Kangaroo,Axis Deer,Spotted Hyena
val/04705_Animalia_Chordata_Mammalia_Carnivora_Otariidae_Arctocephalus_pusillus/2994cbb5-7312-48b4-b8ff-db727ed0bccd.jpg,1712,658,0,658,728,1712,1523,217,0.06634521484375,0.04461669921875,0.04327392578125,0.0401611328125,0.038848876953125,1,3,Afro-Australian Fur Seal,Sooty Oystercatcher,Northern Elephant Seal,Afro-Australian Fur Seal,Lesser Black-backed Gull,Brandt's Cormorant
val/04714_Animalia_Chordata_Mammalia_Carnivora_Phocidae_Neomonachus_schauinslandi/1bb9c6e9-01e4-4ecc-b3bd-898a4d8f668e.jpg,1713,747,0,747,1523,728,1713,1796,0.131103515625,0.121826171875,0.0618896484375,0.019256591796875,0.0177001953125,1,4,Hawaiian Monk Seal,European Pond Turtle,Lesser Black-backed Gull,Northern Elephant Seal,Hawaiian Monk Seal,Lewis' Moon Snail
val/04717_Animalia_Chordata_Mammalia_Carnivora_Procyonidae_Nasua_narica/2f32fe48-b6a3-44fd-88e0-a5c49c615113.jpg,1714,1707,0,1707,1714,729,1704,224,0.11505126953125,0.09759521484375,0.06787109375,0.04705810546875,0.0304718017578125,1,2,White-nosed Coati,Red Deer,White-nosed Coati,Swamp Wallaby,Bush Duiker,Culpeo
val/04726_Animalia_Chordata_Mammalia_Chiroptera_Vespertilionidae_Eptesicus_fuscus/093132e4-89eb-4972-9c96-a9ead13d8971.jpg,1716,732,0,732,1716,231,1167,686,0.0819091796875,0.035064697265625,0.01415252685546875,0.01404571533203125,0.013427734375,1,2,Big Brown Bat,White-footed Mouse,Big Brown Bat,Bank Vole,Marbled Carpet Moth,Cliff Swallow
val/04776_Animalia_Chordata_Mammalia_Primates_Atelidae_Alouatta_palliata/c7024dfc-5363-49e8-85b6-b92cfd5b47b9.jpg,1721,731,0,731,1722,1721,1718,1584,0.71875,0.041656494140625,0.03399658203125,0.0258026123046875,0.0108184814453125,1,3,Mantled Howler Monkey,White-throated Capuchin,Central American Spider Monkey,Mantled Howler Monkey,Common Opossum,Yellow-rumped Cacique
val/04779_Animalia_Chordata_Mammalia_Primates_Atelidae_Ateles_geoffroyi/0a235ff9-26d3-4312-986d-6c54518b3661.jpg,1722,731,0,731,1722,1721,1718,1723,0.11474609375,0.096923828125,0.09259033203125,0.0640869140625,0.06304931640625,1,2,Central American Spider Monkey,White-throated Capuchin,Central American Spider Monkey,Mantled Howler Monkey,Common Opossum,Black-pencilled Marmoset
val/04780_Animalia_Chordata_Mammalia_Primates_Cebidae_Callithrix_penicillata/8bb500ad-a6f0-437c-9c9c-825d395cfe10.jpg,1723,489,0,489,280,228,2418,1723,0.1087646484375,0.052001953125,0.035247802734375,0.03448486328125,0.0308685302734375,1,5,Black-pencilled Marmoset,Montezuma cypress,coconut palm,Sunda Flying Lemur,Gumbo Limbo,Black-pencilled Marmoset
val/04780_Animalia_Chordata_Mammalia_Primates_Cebidae_Callithrix_penicillata/1c80eddf-4d49-4c94-90d9-91397355d861.jpg,1723,1688,0,1688,1723,215,1689,1736,0.2271728515625,0.08026123046875,0.0748291015625,0.035888671875,0.029815673828125,1,2,Black-pencilled Marmoset,Tropical Screech-Owl,Black-pencilled Marmoset,Eastern Screech-Owl,Morepork,Yucatán Squirrel
val/04814_Animalia_Chordata_Mammalia_Rodentia_Muridae_Rattus_norvegicus/b32d51f9-cf9b-48d9-a7b4-0f0b6fa7b8b7.jpg,1728,231,0,231,1726,1714,1728,1718,0.321044921875,0.1300048828125,0.06842041015625,0.06707763671875,0.0275115966796875,1,4,Norway Rat,Bank Vole,Deer Mouse,White-nosed Coati,Norway Rat,Common Opossum
val/04816_Animalia_Chordata_Mammalia_Rodentia_Muridae_Rhabdomys_pumilio/7ae283f0-da2b-435d-9535-245f2750c3ce.jpg,1729,1093,0,1093,687,1729,1551,120,0.032989501953125,0.0294342041015625,0.0279998779296875,0.0181121826171875,0.01375579833984375,1,3,Four-striped Grass Mouse,Leptoglossus zonatus,Eurasian Crag Martin,Four-striped Grass Mouse,Dusky Grouse,Dragonhunter
val/04824_Animalia_Chordata_Mammalia_Rodentia_Sciuridae_Eutamias_sibiricus/3038393e-92c5-46dd-a953-731fa9e9ade8.jpg,1731,1833,0,1833,1731,1735,1607,242,0.042449951171875,0.0374755859375,0.0335693359375,0.0261077880859375,0.021759033203125,1,2,Siberian Chipmunk,dung-loving bird's nest fungus,Siberian Chipmunk,Least Chipmunk,Common Nightingale,Brown Basilisk
val/04824_Animalia_Chordata_Mammalia_Rodentia_Sciuridae_Eutamias_sibiricus/63672d7a-ecc8-473d-8082-100cf9fd30f1.jpg,1731,1730,0,1730,1734,1731,1732,1735,0.319091796875,0.1373291015625,0.0478515625,0.031707763671875,0.0125274658203125,1,3,Siberian Chipmunk,Golden-mantled Ground Squirrel,Cliff Chipmunk,Siberian Chipmunk,South African Ground Squirrel,Least Chipmunk
val/04832_Animalia_Chordata_Mammalia_Rodentia_Sciuridae_Marmota_marmota/fccf3c82-ee76-42c2-9a02-30d467cb45eb.jpg,1733,1736,0,1736,1732,1733,1737,1730,0.04730224609375,0.031463623046875,0.030670166015625,0.029205322265625,0.0233306884765625,1,3,Alpine Marmot,Yucatán Squirrel,South African Ground Squirrel,Alpine Marmot,Round-tailed Ground Squirrel,Golden-mantled Ground Squirrel
val/04837_Animalia_Chordata_Mammalia_Rodentia_Sciuridae_Neotamias_minimus/75cfd33d-c3fa-4a6f-b7a9-4ee6dc9e0af8.jpg,1735,1729,0,1729,691,678,1602,1735,0.3017578125,0.06683349609375,0.056976318359375,0.053070068359375,0.050384521484375,1,5,Least Chipmunk,Four-striped Grass Mouse,Grassveld Pipit,Woodlark,American Pipit,Least Chipmunk
val/04850_Animalia_Chordata_Mammalia_Rodentia_Sciuridae_Sciurus_yucatanensis/aac869a5-a2c4-493f-bcff-56220fa077c2.jpg,1736,228,0,228,1259,1736,558,1575,0.032928466796875,0.0270233154296875,0.0225677490234375,0.0158233642578125,0.01418304443359375,1,3,Yucatán Squirrel,Sunda Flying Lemur,Double-toothed Prominent Moth,Yucatán Squirrel,Chiasmia emersaria,Nutmeg Mannikin
val/04916_Animalia_Chordata_Reptilia_Squamata_Colubridae_Hypsiglena_ochrorhynchus/255706a9-ea99-4dd0-9697-1235a5ce9423.jpg,1743,736,0,736,1743,741,737,746,0.204345703125,0.1368408203125,0.031494140625,0.025848388671875,0.0236358642578125,1,2,Coast Night Snake,Chihuahuan Nightsnake,Coast Night Snake,Western Groundsnake,Western Milksnake,Sidewinder
val/04967_Animalia_Chordata_Reptilia_Squamata_Colubridae_Thamnophis_elegans/10c8ee0f-abfa-4c80-b178-d0264a4bae7d.jpg,1752,1238,0,1238,1752,1768,1739,246,0.05633544921875,0.046600341796875,0.040130615234375,0.0311737060546875,0.0305938720703125,1,2,Western Terrestrial Garter Snake,Asteroid Moth,Western Terrestrial Garter Snake,Carpet Python,Northern Alligator Lizard,Great Plains Skink
val/04972_Animalia_Chordata_Reptilia_Squamata_Colubridae_Thamnophis_radix/d111efe1-7cab-40e1-888e-88457a0da957.jpg,1753,1771,0,1771,1762,1753,1773,1768,0.032745361328125,0.0225067138671875,0.0182342529296875,0.0174407958984375,0.01708984375,1,3,Plains Garter Snake,Common Spotted Whiptail,Sand Lizard,Plains Garter Snake,Six-lined Racerunner,Carpet Python
val/04985_Animalia_Chordata_Reptilia_Squamata_Crotaphytidae_Gambelia_wislizenii/11c2e894-4476-4e5a-9927-b9a914eb4a6f.jpg,1755,254,0,254,1079,1755,1742,741,0.01248931884765625,0.0110015869140625,0.0109405517578125,0.01041412353515625,0.00811004638671875,1,3,Long-nosed Leopard Lizard,Lettered Olive,Black-backed Grass Skimmer,Long-nosed Leopard Lizard,Mud Snake,Western Groundsnake
val/05037_Animalia_Chordata_Reptilia_Squamata_Phrynosomatidae_Phrynosoma_cornutum/bb955f86-63f8-4229-b5e2-ede6b6abcfd0.jpg,1763,1765,0,1765,65,2434,1763,102,0.0968017578125,0.04144287109375,0.02471923828125,0.0209197998046875,0.01922607421875,1,4,Texas Horned Lizard,Regal Horned Lizard,Juvenal's Duskywing,spiny pennywort,Texas Horned Lizard,Buck Moth
val/05039_Animalia_Chordata_Reptilia_Squamata_Phrynosomatidae_Phrynosoma_mcallii/0eddb6e8-1e9a-4d05-b74c-550846053ea1.jpg,1764,1780,0,1780,2176,355,1764,1269,0.0280303955078125,0.025177001953125,0.023101806640625,0.0200042724609375,0.0173797607421875,1,4,Flat-tailed Horned Lizard,Waratah Anemone,white pitcher plant,Spiny Hedgehog Cactus,Flat-tailed Horned Lizard,Gorgone Checkerspot
val/05039_Animalia_Chordata_Reptilia_Squamata_Phrynosomatidae_Phrynosoma_mcallii/aca5017f-0877-40cb-b851-208ca0399b5a.jpg,1764,1668,0,1668,1764,1121,553,1148,0.0222625732421875,0.01885986328125,0.0145721435546875,0.011688232421875,0.0096282958984375,1,2,Flat-tailed Horned Lizard,Gilded Flicker,Flat-tailed Horned Lizard,Leopard Moth,Hypercompe oslari,Hickory Tussock Moth
val/05043_Animalia_Chordata_Reptilia_Squamata_Phrynosomatidae_Phrynosoma_solare/7fc28ec2-dbe3-441c-bf0b-63fa48e57b94.jpg,1765,1351,0,1351,1772,1765,65,1200,0.2095947265625,0.11090087890625,0.06427001953125,0.041412353515625,0.027801513671875,1,3,Regal Horned Lizard,Blue-tipped Dancer,Race-runner,Regal Horned Lizard,Juvenal's Duskywing,Northern Cloudywing
val/05092_Animalia_Chordata_Reptilia_Squamata_Teiidae_Aspidoscelis_sexlineatus/da268fd5-abb4-4095-93c4-9f3b016993f3.jpg,1773,240,0,240,745,236,1773,1771,0.22314453125,0.11053466796875,0.103759765625,0.06671142578125,0.0462646484375,1,4,Six-lined Racerunner,Flat-headed Snake,Eastern Water Skink,Italian Slow Worm,Six-lined Racerunner,Common Spotted Whiptail
val/05142_Animalia_Chordata_Reptilia_Testudines_Emydidae_Graptemys_geographica/9d10b3f1-26c3-4dae-bc21-dc7e2b8a9cdd.jpg,1778,676,0,676,1595,701,1778,250,0.0274658203125,0.022857666015625,0.0166473388671875,0.0165863037109375,0.0099639892578125,1,4,Northern Map Turtle,Hoatzin,Jungle Babbler,Grosbeak Weaver,Northern Map Turtle,Nuttall's Cockle
val/05173_Animalia_Cnidaria_Anthozoa_Actiniaria_Actiniidae_Actinia_tenebrosa/2ff0d691-c0b1-4dc3-9fe9-c1f61183b857.jpg,1780,1855,0,1855,1790,249,1780,584,0.149658203125,0.05078125,0.046417236328125,0.039520263671875,0.0209808349609375,1,4,Waratah Anemone,West Coast Reishi,New Zealand Green-lipped Mussel,Beadlet anemone,Waratah Anemone,White-blotched Heterocampa
val/05181_Animalia_Cnidaria_Anthozoa_Actiniaria_Actiniidae_Oulactis_muscosa/4a542f7a-23c5-49fe-b389-1c7d27f9cb5a.jpg,1782,1800,0,1800,1788,751,1785,1782,0.1337890625,0.0955810546875,0.0816650390625,0.040679931640625,0.036895751953125,1,5,Speckled rock anemone,rough-mantled dorid,Kina,Pacific Purple Sea Urchin,Giant Sea Star,Speckled rock anemone
val/05185_Animalia_Cnidaria_Anthozoa_Actiniaria_Metridiidae_Metridium_farcimen/8b48e0ac-70c7-4983-9708-adb683199403.jpg,1783,1852,0,1852,1424,629,1802,1783,0.037506103515625,0.032928466796875,0.0286407470703125,0.0269775390625,0.0199127197265625,1,5,Giant Plumose Anemone,Rosy Conk,Largemouth Bass,Brook stickleback,Pacific Banana Slug,Giant Plumose Anemone
val/05231_Animalia_Mollusca_Bivalvia_Mytilida_Mytilidae_Perna_canaliculus/ccaac473-17d6-45aa-afd1-c49619f320ff.jpg,1790,1789,0,1789,1790,1791,1441,1780,0.265625,0.0811767578125,0.0345458984375,0.017547607421875,0.00988006591796875,1,2,New Zealand Green-lipped Mussel,California Mussel,New Zealand Green-lipped Mussel,Giant Floater Mussel,Red Lionfish,Waratah Anemone
val/05243_Animalia_Mollusca_Bivalvia_Unionida_Unionidae_Pyganodon_grandis/7c74ac20-9cc9-420f-b8e9-9eedb2e995c9.jpg,1791,259,0,259,1791,757,258,753,0.2432861328125,0.151611328125,0.09686279296875,0.0706787109375,0.0611572265625,1,2,Giant Floater Mussel,Turkish Snail,Giant Floater Mussel,Rosy Wolfsnail,White-lipped Snail,Eastern Elliptio
val/05248_Animalia_Mollusca_Bivalvia_Venerida_Veneridae_Leukoma_staminea/16b3e1f8-9ce8-4b44-a061-ff5076aaefbe.jpg,1792,250,0,250,1792,1129,1795,1837,0.27197265625,0.07598876953125,0.06451416015625,0.0305023193359375,0.0218658447265625,1,2,Pacific Littleneck Clam,Nuttall's Cockle,Pacific Littleneck Clam,Mother of Pearl,Rough Keyhole Limpet,Panaeolus antillarum
val/05254_Animalia_Mollusca_Cephalopoda_Sepiida_Sepiidae_Sepia_apama/dd1e2a18-b39b-4eff-97ea-7677488f961c.jpg,1793,140,0,140,1835,1793,644,260,0.09112548828125,0.024139404296875,0.01068878173828125,0.0102996826171875,0.00942230224609375,1,3,Australian Giant Cuttlefish,Spiny Seahorse,Velvet Foot,Australian Giant Cuttlefish,Northern Zigzag Salamander,Lined Chiton
val/05254_Animalia_Mollusca_Cephalopoda_Sepiida_Sepiidae_Sepia_apama/3ad2b44d-8198-40bc-b6ec-d5c21922e19d.jpg,1793,749,0,749,1786,1793,1312,752,0.061859130859375,0.045440673828125,0.01934814453125,0.0160675048828125,0.0115509033203125,1,3,Australian Giant Cuttlefish,Bat Star,Pacific Blood Star,Australian Giant Cuttlefish,Boxwood Leaftier Moth,Gould Beanclam
val/05263_Animalia_Mollusca_Gastropoda_Lepetellida_Fissurellidae_Diodora_aspera/3174a8d4-b820-4779-866b-4fe07f9f26a2.jpg,1795,1460,0,1460,1808,1410,1422,1795,0.07025146484375,0.062347412109375,0.039947509765625,0.03167724609375,0.030517578125,1,5,Rough Keyhole Limpet,Foothill Yellow-legged Frog,Cat's Eye Snail,Jonah Crab,Sheepshead Minnow,Rough Keyhole Limpet
val/05298_Animalia_Mollusca_Gastropoda_Nudibranchia_Chromodorididae_Chromodoris_annae/016865c7-fdfe-4a6e-8951-b2e91b00fc72.jpg,1798,755,0,755,1798,1086,522,2137,0.10589599609375,0.07769775390625,0.05413818359375,0.0419921875,0.02398681640625,1,2,Anna's Chromodoris,Black-margined Nudibranch,Anna's Chromodoris,Saddled Leafhopper,Mexican Treehopper,Purslane
val/05302_Animalia_Mollusca_Gastropoda_Nudibranchia_Dendronotidae_Dendronotus_venustus/a66882e8-c954-4b23-813d-6fcfc5646a92.jpg,1799,834,0,834,1785,1799,1446,748,0.06280517578125,0.01776123046875,0.01629638671875,0.0122528076171875,0.01201629638671875,1,3,Branched Dendronotus,rubber rabbitbrush,Giant Sea Star,Branched Dendronotus,Smooth Toadfish,Eleven-armed Seastar
val/05321_Animalia_Mollusca_Gastropoda_Nudibranchia_Onchidorididae_Onchidoris_bilamellata/7e0f3f57-5eb5-4fbb-b2bb-3d6754ee0ed3.jpg,1800,755,0,755,1800,140,1445,1785,0.1707763671875,0.0814208984375,0.07489013671875,0.050506591796875,0.043548583984375,1,2,rough-mantled dorid,Black-margined Nudibranch,rough-mantled dorid,Spiny Seahorse,Smooth Trunkfish,Giant Sea Star
val/05321_Animalia_Mollusca_Gastropoda_Nudibranchia_Onchidorididae_Onchidoris_bilamellata/c2c8adff-4162-422c-98eb-4db36e02a0e1.jpg,1800,1782,0,1782,1800,1805,751,2117,0.08367919921875,0.0760498046875,0.0572509765625,0.03985595703125,0.03070068359375,1,2,rough-mantled dorid,Speckled rock anemone,rough-mantled dorid,Garden Snail,Pacific Purple Sea Urchin,little nipple cactus
val/05327_Animalia_Mollusca_Gastropoda_Nudibranchia_Polyceridae_Triopha_catalinae/72d4d0a0-7b66-43bf-af8b-e98f8ade7dd0.jpg,1801,756,0,756,1801,1440,140,255,0.10992431640625,0.08856201171875,0.0343017578125,0.0284576416015625,0.02197265625,1,2,Sea Clown Triopha,Thick-horned Nudibranch,Sea Clown Triopha,Brook Trout,Spiny Seahorse,Hilton's Aeolid
val/05334_Animalia_Mollusca_Gastropoda_Stylommatophora_Ariolimacidae_Ariolimax_columbianus/d9a6bf5d-966c-4c38-9289-fecd4621a80a.jpg,1802,271,0,271,1535,645,743,1802,0.036895751953125,0.0197296142578125,0.019622802734375,0.017608642578125,0.0116119384765625,1,5,Pacific Banana Slug,stinkhorn,Asian Openbill Stork,Shikra,Green Lizard,Pacific Banana Slug
val/05344_Animalia_Mollusca_Gastropoda_Stylommatophora_Haplotrematidae_Haplotrema_vancouverense/87985890-eae5-4ba5-9a3b-fa9654f8620c.jpg,1804,1818,0,1818,532,1804,1821,1419,0.0258026123046875,0.0168609619140625,0.016693115234375,0.0130767822265625,0.0106964111328125,1,3,Robust Lancetooth Snail,Meadow Mushroom,Wool Sower Gall Wasp,Robust Lancetooth Snail,False Death-cap,American Eel
val/05352_Animalia_Mollusca_Gastropoda_Stylommatophora_Helicidae_Massylaea_vermiculata/195d865a-1588-4fca-a9e3-4e71bb94d154.jpg,1806,1794,0,1794,1806,1808,1804,1803,0.197265625,0.1312255859375,0.10003662109375,0.098876953125,0.08062744140625,1,2,Chocolate-band Snail,Channeled Applesnail,Chocolate-band Snail,Cat's Eye Snail,Robust Lancetooth Snail,California Lancetooth Snail
val/05450_Fungi_Ascomycota_Leotiomycetes_Phacidiales_Phacidiaceae_Bulgaria_inquinans/192aca73-410d-47da-8a7b-9421f20acea3.jpg,1815,14,0,14,1815,1066,1053,1789,0.27978515625,0.1885986328125,0.097900390625,0.06683349609375,0.047637939453125,1,2,Black Bulgar,Woodland Dor Beetle,Black Bulgar,Devil's Coach-horse Beetle,Springtime Dung Beetle,California Mussel
val/05470_Fungi_Ascomycota_Sordariomycetes_Xylariales_Xylariaceae_Xylaria_hypoxylon/f1f679ee-c7f2-4b5a-9586-0474dc42f613.jpg,1817,1320,0,1320,742,641,1052,1817,0.0219268798828125,0.0171661376953125,0.01311492919921875,0.01074981689453125,0.00931549072265625,1,5,Candlesnuff Fungus,Bedstraw Hawk-moth,Green Basilisk,Temple Tree Frog,Texas Eyed Click Beetle,Candlesnuff Fungus
val/05484_Fungi_Basidiomycota_Agaricomycetes_Agaricales_Agaricaceae_Macrolepiota_clelandii/cbaf4d47-3d11-443c-9c2a-2b94a4afc85f.jpg,1820,773,0,773,1819,1820,771,766,0.22802734375,0.16552734375,0.093505859375,0.06072998046875,0.058502197265625,1,3,Graceful Parasol,saffron milkcap,reddening lepiota,Graceful Parasol,Spring Polypore,common earthball
val/05496_Fungi_Basidiomycota_Agaricomycetes_Agaricales_Amanitaceae_Amanita_pantherina/248887f9-b2b7-4cc7-8b0a-dc59ef5b0e1d.jpg,1823,1821,0,1821,1823,1843,1820,1841,0.17724609375,0.10882568359375,0.10174560546875,0.028900146484375,0.0288848876953125,1,2,Panthercap,False Death-cap,Panthercap,Brown Birch-bolete,Graceful Parasol,Mulch Maids
val/05506_Fungi_Basidiomycota_Agaricomycetes_Agaricales_Cortinariaceae_Cortinarius_iodes/f3e76559-b0d3-4aed-aa6d-442e74060326.jpg,1825,1832,0,1832,1838,1825,1840,764,0.0589599609375,0.03900146484375,0.0321044921875,0.0228729248046875,0.018646240234375,1,3,Viscid Violet Cort,Lilac Bonnet,Pale Brittlestem,Viscid Violet Cort,Brick Cap,totally tedious tubaria
val/05508_Fungi_Basidiomycota_Agaricomycetes_Agaricales_Crepidotaceae_Crepidotus_mollis/9a41213d-a45e-4f25-aeb0-f298925d9bcc.jpg,1826,1863,0,1863,1826,268,1831,1064,0.11370849609375,0.06658935546875,0.04754638671875,0.0428466796875,0.04168701171875,1,2,Peeling Oysterling,alpine jelly cone,Peeling Oysterling,Roridomyces austrororidus,collared parachute,Tomentose Burying Beetle
val/05526_Fungi_Basidiomycota_Agaricomycetes_Agaricales_Lycoperdaceae_Apioperdon_pyriforme/3f04a717-a64c-466d-9ca2-828c3a9a5374.jpg,1830,763,0,763,1839,1838,1830,1840,0.09100341796875,0.0762939453125,0.0576171875,0.049713134765625,0.0224151611328125,1,4,Pear-shaped Puffball,Spring Fieldcap,Smoky-gilled Hypholoma,Pale Brittlestem,Pear-shaped Puffball,Brick Cap
val/05549_Fungi_Basidiomycota_Agaricomycetes_Agaricales_Omphalotaceae_Omphalotus_olivascens/85edccbf-3bbe-4a71-9d7c-d1116155aee8.jpg,1834,1856,0,1856,773,1279,1834,1659,0.135009765625,0.054290771484375,0.051239013671875,0.033782958984375,0.02996826171875,1,4,Western Jack-o'-lantern Mushroom,Bay Polypore,saffron milkcap,Soldier Pansy,Western Jack-o'-lantern Mushroom,Squacco Heron
val/05552_Fungi_Basidiomycota_Agaricomycetes_Agaricales_Physalacriaceae_Flammulina_velutipes/1af2da45-ed15-4943-8230-bae179a4e661.jpg,1835,1836,0,1836,1859,1835,1834,764,0.1314697265625,0.0963134765625,0.08203125,0.059295654296875,0.045318603515625,1,3,Velvet Foot,Mock Oyster Mushroom,Fishy Milkcap,Velvet Foot,Western Jack-o'-lantern Mushroom,totally tedious tubaria
val/05606_Fungi_Basidiomycota_Agaricomycetes_Boletales_Boletaceae_Suillellus_amygdalinus/5fbfab91-3b91-4db5-97a3-7d3b750b1f2c.jpg,1844,1830,0,1830,773,1844,2156,769,0.1817626953125,0.06964111328125,0.058929443359375,0.020294189453125,0.0201873779296875,1,3,Liver Bolete,Pear-shaped Puffball,saffron milkcap,Liver Bolete,spotted wintergreen,Giant Polypore
val/05620_Fungi_Basidiomycota_Agaricomycetes_Boletales_Tapinellaceae_Tapinella_atrotomentosa/a059ce8b-9e50-4976-be94-2bd17ea247ad.jpg,1845,1856,0,1856,769,1857,1845,772,0.255615234375,0.1572265625,0.08050537109375,0.0364990234375,0.02313232421875,1,4,Velvet-footed Pax,Bay Polypore,Giant Polypore,Gilled Polypore,Velvet-footed Pax,Hairy Bracket
val/05638_Fungi_Basidiomycota_Agaricomycetes_Hymenochaetales_Hymenochaetaceae_Porodaedalea_pini/a83cf2ef-65ed-4b92-85e6-048abcc6be37.jpg,1847,1809,0,1809,1847,1851,546,1413,0.079833984375,0.03326416015625,0.0277099609375,0.015167236328125,0.01194000244140625,1,2,Pine Bracket,Candleflame Lichen,Pine Bracket,Oak mazegill,Belted Grass-veneer,Marbled Crab
val/05657_Fungi_Basidiomycota_Agaricomycetes_Polyporales_Fomitopsidaceae_Rhodofomes_cajanderi/e982729b-2846-4b78-9ffe-da0cc205e4b3.jpg,1852,1859,0,1859,762,1856,270,1852,0.1695556640625,0.0211334228515625,0.0209503173828125,0.019439697265625,0.0157318115234375,1,5,Rosy Conk,Fishy Milkcap,red pinwheel,Bay Polypore,Scaly Chanterelle,Rosy Conk
val/05659_Fungi_Basidiomycota_Agaricomycetes_Polyporales_Laetiporaceae_Laetiporus_cincinnatus/e1c1770c-8242-4363-969e-617d016e77e8.jpg,1853,1854,0,1854,1853,1857,769,1855,0.24365234375,0.128173828125,0.072265625,0.059326171875,0.0224609375,1,2,White-Pored Chicken of the Woods,Conifer Chicken of the Woods,White-Pored Chicken of the Woods,Gilled Polypore,Giant Polypore,West Coast Reishi
val/05687_Fungi_Basidiomycota_Agaricomycetes_Polyporales_Polyporaceae_Picipes_badius/fc3fb0f4-392e-4efe-9e6a-84173116358e.jpg,1856,1836,0,1836,1856,1818,269,1838,0.09710693359375,0.046722412109375,0.03509521484375,0.0306854248046875,0.0184173583984375,1,2,Bay Polypore,Mock Oyster Mushroom,Bay Polypore,Meadow Mushroom,Peppery Bolete,Pale Brittlestem
val/05687_Fungi_Basidiomycota_Agaricomycetes_Polyporales_Polyporaceae_Picipes_badius/9a903a06-5e53-43fb-b568-32e929be7304.jpg,1856,1845,0,1845,1857,1859,1856,231,0.0200653076171875,0.0193328857421875,0.0192413330078125,0.0169677734375,0.0138092041015625,1,4,Bay Polypore,Velvet-footed Pax,Gilled Polypore,Fishy Milkcap,Bay Polypore,Bank Vole
val/05708_Fungi_Basidiomycota_Agaricomycetes_Russulales_Russulaceae_Lactifluus_volemus/3073765d-ec08-4348-8c5c-a4228a6e7444.jpg,1859,266,0,266,1821,1823,1843,1859,0.1405029296875,0.062408447265625,0.045318603515625,0.038116455078125,0.033935546875,1,5,Fishy Milkcap,blusher,False Death-cap,Panthercap,Brown Birch-bolete,Fishy Milkcap
val/05709_Fungi_Basidiomycota_Agaricomycetes_Russulales_Russulaceae_Russula_brevipes/75d8c439-80b6-4f40-8be9-cf8843ea0cf0.jpg,1860,1816,0,1816,1860,1857,1712,1845,0.05682373046875,0.053802490234375,0.0261383056640625,0.021453857421875,0.0205535888671875,1,2,Short-stemmed Russula,White Saddle,Short-stemmed Russula,Gilled Polypore,Afro-Australian Fur Seal,Velvet-footed Pax
val/05710_Fungi_Basidiomycota_Agaricomycetes_Russulales_Stereaceae_Stereum_complicatum/4cfd722d-28c8-4e87-be9a-c655c3010bec.jpg,1861,1865,0,1865,1858,1861,1853,635,0.1678466796875,0.09100341796875,0.08465576171875,0.0621337890625,0.020416259765625,1,3,crowded parchment,witch's butter,Southern Cinnabar Polypore,crowded parchment,White-Pored Chicken of the Woods,Leafy Seadragon
val/05715_Fungi_Basidiomycota_Agaricomycetes_Sebacinales_Sebacinaceae_Sebacina_schweinitzii/ff5651f7-7702-4682-b678-578ac457dd83.jpg,1862,767,0,767,1862,2038,1817,2042,0.794921875,0.0958251953125,0.0246124267578125,0.00616455078125,0.00614166259765625,1,2,jellied false coral,White Coral Fungus,jellied false coral,White Butterbur,Candlesnuff Fungus,desert chicory
val/05724_Fungi_Basidiomycota_Pucciniomycetes_Pucciniales_Pucciniaceae_Puccinia_malvacearum/389da9b2-8035-432f-a621-f59c5742703e.jpg,1864,56,0,56,1864,1400,2147,1166,0.07464599609375,0.03411865234375,0.02593994140625,0.020477294921875,0.0200042724609375,1,2,Hollyhock Rust,Blackberry Looper,Hollyhock Rust,Mediterranean Katydid,Glaucous Honeysuckle,Showy Emerald
val/05740_Plantae_Bryophyta_Bryopsida_Grimmiales_Grimmiaceae_Grimmia_pulvinata/57583efe-3a84-4523-a3b4-8a0d65c0b87a.jpg,1866,1868,0,1868,1866,278,373,1869,0.92138671875,0.0211944580078125,0.0036602020263671875,0.0028553009033203125,0.0028095245361328125,1,2,Grey-cushioned Grimmia,Wall Screw-moss,Grey-cushioned Grimmia,Flat-leaved Scalewort,Stinging Serpent,bristly haircap moss
val/05740_Plantae_Bryophyta_Bryopsida_Grimmiales_Grimmiaceae_Grimmia_pulvinata/8e720458-bf53-4f8c-9dbd-f1f517b94254.jpg,1866,358,0,358,2115,750,863,1866,0.308349609375,0.11492919921875,0.07916259765625,0.07861328125,0.05413818359375,1,5,Grey-cushioned Grimmia,California barrel cactus,Ferocactus histrix,Green Sea Urchin,Emory's barrel cactus,Grey-cushioned Grimmia
val/05794_Plantae_Tracheophyta_Liliopsida_Alismatales_Araceae_Arum_italicum/1e1c0689-956b-4e12-9118-aa167b16eecf.jpg,1873,271,0,271,400,1873,2353,1850,0.0263671875,0.023223876953125,0.019195556640625,0.01432037353515625,0.01001739501953125,1,3,Italian arum,stinkhorn,candyroot,Italian arum,Western Wild Ginger,lantern stinkhorn
val/05844_Plantae_Tracheophyta_Liliopsida_Asparagales_Amaryllidaceae_Allium_triquetrum/eef25e57-255d-4b35-8cb4-30ab4c7696b2.jpg,1877,288,0,288,2494,1877,809,2482,0.0257415771484375,0.02154541015625,0.01495361328125,0.0126953125,0.01129913330078125,1,3,Three-cornered Leek,Mountain flax,Comb fern,Three-cornered Leek,White Bear Sedge,walking fern
val/05862_Plantae_Tracheophyta_Liliopsida_Asparagales_Amaryllidaceae_Narcissus_poeticus/b178f2c7-3572-4f14-be1d-55aa72e5a095.jpg,1881,1929,0,1929,936,1871,1881,919,0.056121826171875,0.037445068359375,0.0294342041015625,0.0253753662109375,0.02239990234375,1,4,Poet's Narcissus,Butterfly Mariposa Lily,Rock Hibiscus,lanceleaf arrowhead,Poet's Narcissus,white turtlehead
val/05862_Plantae_Tracheophyta_Liliopsida_Asparagales_Amaryllidaceae_Narcissus_poeticus/bbff58fc-9071-4bf1-95f4-effba3fe65a6.jpg,1881,1929,0,1929,1881,2322,936,1837,0.0266265869140625,0.024261474609375,0.01329803466796875,0.0120849609375,0.00986480712890625,1,2,Poet's Narcissus,Butterfly Mariposa Lily,Poet's Narcissus,Pale flax,Rock Hibiscus,Panaeolus antillarum
val/05882_Plantae_Tracheophyta_Liliopsida_Asparagales_Asparagaceae_Asparagus_scandens/bacf5af7-3952-4ea5-8502-6aa14a7faa76.jpg,1883,1867,0,1867,2010,774,1883,2486,0.1741943359375,0.043426513671875,0.034423828125,0.0306243896484375,0.0294342041015625,1,4,Climbing asparagus,Ostrich-plume Moss,Dwarf Thistle,Oregon Beaked Moss,Climbing asparagus,little hard fern
val/05894_Plantae_Tracheophyta_Liliopsida_Asparagales_Asparagaceae_Dasylirion_wheeleri/0cdf68c6-da28-4723-9bfc-8cf185b6ca83.jpg,1884,783,0,783,1884,1891,1892,1875,0.423828125,0.28564453125,0.06768798828125,0.052337646484375,0.038360595703125,1,2,sotol,chaparral yucca,sotol,soaptree yucca,Spanish bayonet,Dwarf Palmetto
val/05896_Plantae_Tracheophyta_Liliopsida_Asparagales_Asparagaceae_Dichelostemma_congestum/6d51ebeb-f096-4ac7-8070-4cae238002fe.jpg,1886,1885,0,1885,2129,1886,832,286,0.482177734375,0.061981201171875,0.0301361083984375,0.0264129638671875,0.017120361328125,1,3,fork-toothed ookow,Blue Dicks,Oregon Bitterroot,fork-toothed ookow,trailing African daisy,Grape hyacinth
val/05900_Plantae_Tracheophyta_Liliopsida_Asparagales_Asparagaceae_Hyacinthoides_hispanica/22ef7529-c296-41fc-acb8-a40296962b22.jpg,1887,852,0,852,1887,1888,2067,900,0.11224365234375,0.08905029296875,0.08306884765625,0.06842041015625,0.04718017578125,1,2,Spanish Bluebell,Borage,Spanish Bluebell,bluebell,American bellflower,eastern bluestar
val/05971_Plantae_Tracheophyta_Liliopsida_Asparagales_Iridaceae_Iris_pseudacorus/db8e02ac-9281-44bd-a4d7-7df269cbcfe4.jpg,1897,2318,0,2318,1897,1926,878,943,0.1571044921875,0.060882568359375,0.042236328125,0.0292510986328125,0.0283660888671875,1,2,Yellow Flag,Aaron's Beard,Yellow Flag,Diogenes' lantern,Japanese honeysuckle,Large-flowered Evening-primrose
val/05971_Plantae_Tracheophyta_Liliopsida_Asparagales_Iridaceae_Iris_pseudacorus/958f5df2-9bb3-4589-9246-32defa4bcd4f.jpg,1897,943,0,943,2275,1897,2369,1926,0.125,0.1116943359375,0.10369873046875,0.0718994140625,0.02569580078125,1,3,Yellow Flag,Large-flowered Evening-primrose,Yellow Glandweed,Yellow Flag,yellow columbine,Diogenes' lantern
val/05974_Plantae_Tracheophyta_Liliopsida_Asparagales_Iridaceae_Iris_sibirica/3b91df5f-385c-40df-bfc9-be9acee9ea33.jpg,1899,1901,0,1901,1899,1896,1888,904,0.1463623046875,0.0975341796875,0.0504150390625,0.038665771484375,0.017669677734375,1,2,Siberian Iris,northern blue flag,Siberian Iris,Douglas iris,bluebell,Narrowleaf Gentian
val/05976_Plantae_Tracheophyta_Liliopsida_Asparagales_Iridaceae_Iris_verna/4a6c3518-4bb5-4075-a2a9-013eafd5c8ae.jpg,1900,786,0,786,1900,1898,785,289,0.234375,0.15869140625,0.03302001953125,0.0200653076171875,0.01444244384765625,1,2,Dwarf Iris,Forbes' Glory-of-the-snow,Dwarf Iris,Pilgrim Iris,Alpine Squill,Spring Crocus
val/05977_Plantae_Tracheophyta_Liliopsida_Asparagales_Iridaceae_Iris_versicolor/a258fbc9-2fee-492b-9005-48055e872f6c.jpg,1901,904,0,904,1896,1898,1901,2243,0.11651611328125,0.08154296875,0.07366943359375,0.041107177734375,0.038360595703125,1,4,northern blue flag,Narrowleaf Gentian,Douglas iris,Pilgrim Iris,northern blue flag,greater fringed gentian
val/05977_Plantae_Tracheophyta_Liliopsida_Asparagales_Iridaceae_Iris_versicolor/a68e8500-3c96-48dc-970c-464e62322a16.jpg,1901,1899,0,1899,1901,2243,904,63,0.39501953125,0.17578125,0.032440185546875,0.024383544921875,0.0159454345703125,1,2,northern blue flag,Siberian Iris,northern blue flag,greater fringed gentian,Narrowleaf Gentian,Least Skipper
val/05997_Plantae_Tracheophyta_Liliopsida_Asparagales_Orchidaceae_Arethusa_bulbosa/bd4b62f9-39f7-42b3-8440-92f57e41801a.jpg,1902,1250,0,1250,1902,2372,446,1084,0.0576171875,0.03826904296875,0.02984619140625,0.0280303955078125,0.0219879150390625,1,2,Dragon's Mouth,Primrose Moth,Dragon's Mouth,Pitcher's leatherflower,rose evening primrose,Meadow spittlebug
val/06011_Plantae_Tracheophyta_Liliopsida_Asparagales_Orchidaceae_Cypripedium_acaule/adada2e4-d841-4c37-ad4b-b23f20578fb0.jpg,1905,799,0,799,1905,1938,1907,2298,0.190185546875,0.10198974609375,0.057830810546875,0.0469970703125,0.042633056640625,1,2,pink lady's slipper,Round-leaved Bog Orchid,pink lady's slipper,bristly greenbrier,showy lady's slipper,Common Figwort
val/06012_Plantae_Tracheophyta_Liliopsida_Asparagales_Orchidaceae_Cypripedium_calceolus/72b37c6d-dd47-47cb-93c4-9f02e46f7380.jpg,1906,778,0,778,1906,1907,1925,2175,0.07464599609375,0.07342529296875,0.061431884765625,0.05242919921875,0.051605224609375,1,2,Lady's-slipper,Golden Club,Lady's-slipper,showy lady's slipper,flame lily,yellow pitcher plant
val/06017_Plantae_Tracheophyta_Liliopsida_Asparagales_Orchidaceae_Cypripedium_reginae/5e791403-140c-4f03-b63f-b34699243f06.jpg,1907,455,0,455,804,1907,2372,2323,0.05511474609375,0.04595947265625,0.041046142578125,0.0235748291015625,0.0170440673828125,1,3,showy lady's slipper,Swamp Leather Flower,White Globe Lily,showy lady's slipper,Pitcher's leatherflower,Meadow Flax
val/06021_Plantae_Tracheophyta_Liliopsida_Asparagales_Orchidaceae_Dactylorhiza_majalis/56b81c95-8b2b-469b-9e44-27b9bf5ce205.jpg,1909,1908,0,1908,1909,2256,1910,800,0.2144775390625,0.07940673828125,0.0325927734375,0.025970458984375,0.011688232421875,1,2,Broad-leaved Marsh Orchid,Early Marsh-orchid,Broad-leaved Marsh Orchid,Common Hedge-nettle,Elder-flowered Orchid,Lesser Purple Fringed Orchid
val/06022_Plantae_Tracheophyta_Liliopsida_Asparagales_Orchidaceae_Dactylorhiza_sambucina/bb7cf677-de74-4145-83f5-9981e92eaf48.jpg,1910,1908,0,1908,1910,1909,2022,1916,0.417724609375,0.29443359375,0.02435302734375,0.0141448974609375,0.0132904052734375,1,2,Elder-flowered Orchid,Early Marsh-orchid,Elder-flowered Orchid,Broad-leaved Marsh Orchid,spotted Joe-Pye-weed,Burnt-tip Orchid
val/06029_Plantae_Tracheophyta_Liliopsida_Asparagales_Orchidaceae_Diuris_pardina/1c631444-f16b-41a4-9dc6-ac53f03d7b71.jpg,1911,395,0,395,2090,1911,2283,2175,0.10797119140625,0.105224609375,0.08026123046875,0.0300750732421875,0.0293731689453125,1,3,Leopard Orchid,Scotch Broom,western wallflower,Leopard Orchid,chaparral beardtongue,yellow pitcher plant
val/06031_Plantae_Tracheophyta_Liliopsida_Asparagales_Orchidaceae_Earina_mucronata/754609fe-ac1a-4014-afac-b02115e6636b.jpg,1912,2269,0,2269,1917,1912,324,2014,0.1751708984375,0.0684814453125,0.0438232421875,0.03851318359375,0.03350830078125,1,3,New Zealand Bamboo Orchid,Perennial Yellow-woundwort,Common Twayblade,New Zealand Bamboo Orchid,tropical horseweed,redflower ragleaf
val/06046_Plantae_Tracheophyta_Liliopsida_Asparagales_Orchidaceae_Himantoglossum_robertianum/582623c5-c46a-462f-bb10-503b02fbc0de.jpg,1915,386,0,386,2186,2433,2363,1915,0.1458740234375,0.07550048828125,0.0660400390625,0.05877685546875,0.052276611328125,1,5,giant orchid,alpine azalea,feather dalea,Panamint liveforever,Hollowroot,giant orchid
val/06052_Plantae_Tracheophyta_Liliopsida_Asparagales_Orchidaceae_Neotinea_ustulata/938e9dc9-3999-4bca-826e-6561a3c80464.jpg,1916,2022,0,2022,798,1916,291,1923,0.1219482421875,0.08837890625,0.059539794921875,0.032623291015625,0.0287017822265625,1,3,Burnt-tip Orchid,spotted Joe-Pye-weed,Naked-man Orchid,Burnt-tip Orchid,Common Spotted Orchid,Carolina Redroot
val/06116_Plantae_Tracheophyta_Liliopsida_Commelinales_Haemodoraceae_Lachnanthes_caroliniana/6e742552-5547-4eba-9e4b-22a112de6f70.jpg,1923,325,0,325,2102,900,1923,2233,0.335693359375,0.1102294921875,0.053802490234375,0.023590087890625,0.019287109375,1,4,Carolina Redroot,tall boneset,redwhisker clammyweed,eastern bluestar,Carolina Redroot,Fringed Bluestar
val/06121_Plantae_Tracheophyta_Liliopsida_Dioscoreales_Dioscoreaceae_Dioscorea_communis/e36370ab-332e-4671-94bc-2f01f6eff858.jpg,1924,953,0,953,1924,986,2332,479,0.08746337890625,0.056427001953125,0.0259246826171875,0.01488494873046875,0.01374053955078125,1,2,Black Bryony,red baneberry,Black Bryony,riverbank grape,Lipsticktree,Goose-berry
val/06144_Plantae_Tracheophyta_Liliopsida_Liliales_Liliaceae_Calochortus_pulchellus/909e0655-3de2-4c74-b1f5-5f9fc61a9008.jpg,1928,761,0,761,1928,1926,2377,1846,0.41357421875,0.23193359375,0.09466552734375,0.031402587890625,0.013702392578125,1,2,Mount Diablo fairy-lantern,Golden Waxy Cap,Mount Diablo fairy-lantern,Diogenes' lantern,sagebrush buttercup,Golden Chanterelle
val/06169_Plantae_Tracheophyta_Liliopsida_Liliales_Liliaceae_Lilium_canadense/1e1ce888-3f82-41c3-a806-19e241cc1081.jpg,1931,1824,0,1824,1931,2175,449,1925,0.0190582275390625,0.009521484375,0.00888824462890625,0.006992340087890625,0.00665283203125,1,2,Canada lily,Golden Spindles,Canada lily,yellow pitcher plant,Golden Sunshinebush,flame lily
val/06186_Plantae_Tracheophyta_Liliopsida_Liliales_Liliaceae_Streptopus_amplexifolius/5a1b4ff3-f100-4fe2-8717-f943cbd534fa.jpg,1934,953,0,953,1924,1934,2340,302,0.1361083984375,0.0171051025390625,0.0162200927734375,0.01532745361328125,0.0141448974609375,1,3,white twisted-stalk,red baneberry,Black Bryony,white twisted-stalk,Modiola,painted trillium
val/06213_Plantae_Tracheophyta_Liliopsida_Liliales_Smilacaceae_Smilax_auriculata/8cfc1374-bf0d-4814-bff5-86a768745d1a.jpg,1936,2074,0,2074,840,876,1936,814,0.06817626953125,0.0439453125,0.022247314453125,0.0220947265625,0.01511383056640625,1,4,Earleaf Greenbrier,stickseed,Camphor-weed,waterpepper,Earleaf Greenbrier,deertongue
val/06219_Plantae_Tracheophyta_Liliopsida_Liliales_Smilacaceae_Smilax_pumila/59dbc11e-403f-4e34-a60f-d3da39cbca96.jpg,1937,799,0,799,1937,1938,2359,271,0.1553955078125,0.0628662109375,0.032379150390625,0.032073974609375,0.02459716796875,1,2,sarsaparilla vine,Round-leaved Bog Orchid,sarsaparilla vine,bristly greenbrier,mayapple,stinkhorn
val/06226_Plantae_Tracheophyta_Liliopsida_Poales_Bromeliaceae_Tillandsia_fasciculata/458a43b1-c22e-42ad-acab-a6f98d5cd4b7.jpg,1939,790,0,790,1939,1893,1876,288,0.73095703125,0.0777587890625,0.02032470703125,0.0115203857421875,0.00952911376953125,1,2,cardinal airplant,Mountain Astelia,cardinal airplant,Twisted-Leaf Yucca,Carolina palmetto,Mountain flax
val/06226_Plantae_Tracheophyta_Liliopsida_Poales_Bromeliaceae_Tillandsia_fasciculata/a540e3e2-1cc8-4ed2-9758-699ef8024f1e.jpg,1939,489,0,489,1939,2126,1940,37,0.11614990234375,0.0733642578125,0.0313720703125,0.01904296875,0.01666259765625,1,2,cardinal airplant,Montezuma cypress,cardinal airplant,Streambank Springbeauty,sea clubrush,Florida Carpenter Ant
val/06240_Plantae_Tracheophyta_Liliopsida_Poales_Cyperaceae_Carex_echinata/86d64a83-ae2a-432f-adfd-8fa171923ebf.jpg,1941,801,0,801,287,1941,2088,2100,0.0296478271484375,0.0183258056640625,0.0153961181640625,0.0093841552734375,0.00862884521484375,1,3,star sedge,Leek Orchid,Branched Asphodel,star sedge,California mustard,Purple Cleome
val/06241_Plantae_Tracheophyta_Liliopsida_Poales_Cyperaceae_Carex_flava/e0c59685-c84b-468f-95d2-440289b76833.jpg,1942,364,0,364,972,1942,810,1954,0.1885986328125,0.16162109375,0.1231689453125,0.032501220703125,0.0290985107421875,1,3,yellow-green sedge,alpine bistort,Canadian burnet,yellow-green sedge,Fragrant flatsedge,Meadow Foxtail
val/06241_Plantae_Tracheophyta_Liliopsida_Poales_Cyperaceae_Carex_flava/db765e41-b6c8-4a3f-af7e-1d1e18488ed9.jpg,1942,305,0,305,1023,1408,1942,1347,0.04388427734375,0.0302581787109375,0.02374267578125,0.0142059326171875,0.012664794921875,1,4,yellow-green sedge,common three-square,European Harvestman,Four-lined Silverfish,yellow-green sedge,Fawn Darner
val/06257_Plantae_Tracheophyta_Liliopsida_Poales_Cyperaceae_Carex_pendula/1d07ed27-4543-4a8c-aacc-54db646875ff.jpg,1944,1950,0,1950,1966,1944,815,1870,0.12200927734375,0.11224365234375,0.037139892578125,0.02862548828125,0.0183563232421875,1,3,Hanging sedge,Giant Umbrella Sedge,reed meadowgrass,Hanging sedge,Chinese silver grass,sweet-flag
val/06261_Plantae_Tracheophyta_Liliopsida_Poales_Cyperaceae_Carex_pseudocyperus/f2ee87f7-ec85-4fd0-8477-c9777fb28acb.jpg,1945,1980,0,1980,1949,1945,1966,1940,0.155029296875,0.11126708984375,0.056549072265625,0.048553466796875,0.04705810546875,1,3,Cyperus Sedge,Branched Bur-reed,false nutsedge,Cyperus Sedge,reed meadowgrass,sea clubrush
val/06262_Plantae_Tracheophyta_Liliopsida_Poales_Cyperaceae_Carex_pumila/93669e27-fd38-43ce-b893-2f2d114e1376.jpg,1946,209,0,209,1563,1748,2245,1946,0.0753173828125,0.0278167724609375,0.022308349609375,0.021240234375,0.019744873046875,1,5,Sand Sedge,Indian White-eye,Bohemian Waxwing,Striped Racer,Sand Coprosma,Sand Sedge
val/06282_Plantae_Tracheophyta_Liliopsida_Poales_Cyperaceae_Cyperus_strigosus/9e4a5588-090e-4a36-8b13-be6f8d7d043a.jpg,1949,810,0,810,1949,828,2289,2012,0.11614990234375,0.07891845703125,0.034210205078125,0.033416748046875,0.0303802490234375,1,2,false nutsedge,Fragrant flatsedge,false nutsedge,purple star-thistle,Sea Plantain,Prairie Coreopsis
val/06282_Plantae_Tracheophyta_Liliopsida_Poales_Cyperaceae_Cyperus_strigosus/3193d67f-873e-465f-992e-3a6e6be4f084.jpg,1949,2468,0,2468,1949,989,810,1942,0.11846923828125,0.0858154296875,0.05194091796875,0.042388916015625,0.0250701904296875,1,2,false nutsedge,Jack pine,false nutsedge,tamarack,Fragrant flatsedge,yellow-green sedge
val/06283_Plantae_Tracheophyta_Liliopsida_Poales_Cyperaceae_Cyperus_ustulatus/7011e79a-d656-400a-a927-2d1377acc7bb.jpg,1950,304,0,304,1950,1942,383,1941,0.0831298828125,0.0302581787109375,0.022552490234375,0.0213623046875,0.0207977294921875,1,2,Giant Umbrella Sedge,Fingered Sedge,Giant Umbrella Sedge,yellow-green sedge,Inaka,star sedge
val/06315_Plantae_Tracheophyta_Liliopsida_Poales_Poaceae_Achnatherum_hymenoides/dd5eab5f-edbd-4cde-b06d-e5cb04ab5be8.jpg,1953,1967,0,1967,1953,1962,279,1955,0.30908203125,0.1187744140625,0.08868408203125,0.06304931640625,0.0413818359375,1,2,Indian ricegrass,big galleta,Indian ricegrass,squirreltail,longleaf ephedra,purple three-awn
val/06327_Plantae_Tracheophyta_Liliopsida_Poales_Poaceae_Aristida_purpurea/250ed532-8cfc-4c86-a686-2b3c0fa33ef6.jpg,1955,1407,0,1407,1955,1409,1423,813,0.07513427734375,0.0244140625,0.024139404296875,0.01873779296875,0.018310546875,1,2,purple three-awn,Smooth Stick-insect,purple three-awn,Gray silverfish,banded killifish,Rescuegrass
val/06367_Plantae_Tracheophyta_Liliopsida_Poales_Poaceae_Distichlis_spicata/5176ac01-5d6a-4ef8-8da7-75a1a80b444e.jpg,1961,1971,0,1971,862,1961,310,2116,0.381591796875,0.11676025390625,0.04888916015625,0.047149658203125,0.033935546875,1,3,Seashore Saltgrass,switchgrass,Fendler's hedgehog cactus,Seashore Saltgrass,Kangaroo Grass,harem cactus
val/06373_Plantae_Tracheophyta_Liliopsida_Poales_Poaceae_Elymus_hystrix/6fa2a6a0-c5a5-45ff-8a52-9da3af8e611c.jpg,1963,876,0,876,284,2209,1963,2210,0.083740234375,0.034027099609375,0.033538818359375,0.0305938720703125,0.0276336669921875,1,4,bottlebrush grass,waterpepper,asparagus,Common Vetch,bottlebrush grass,Smooth tare
val/06375_Plantae_Tracheophyta_Liliopsida_Poales_Poaceae_Elymus_virginicus/ae29005f-3f6e-48e2-a9de-fe617739faf5.jpg,1964,1957,0,1957,1964,1962,813,1958,0.08856201171875,0.06341552734375,0.0157928466796875,0.01424407958984375,0.01421356201171875,1,2,Virginia wildrye,foxtail brome,Virginia wildrye,squirreltail,Rescuegrass,cheat grass
val/06376_Plantae_Tracheophyta_Liliopsida_Poales_Poaceae_Glyceria_canadensis/80c1aba2-85db-487d-9513-56450b49f7a0.jpg,1965,421,0,421,364,2240,1965,1915,0.076171875,0.026458740234375,0.0231170654296875,0.016937255859375,0.01532745361328125,1,4,rattlesnake mannagrass,Red Odontites,alpine bistort,Hartweg's climbing milkweed,rattlesnake mannagrass,giant orchid
val/06377_Plantae_Tracheophyta_Liliopsida_Poales_Poaceae_Glyceria_maxima/c6739e21-b446-49d7-9334-e49102f0c216.jpg,1966,1973,0,1973,1892,1966,779,1952,0.07598876953125,0.0517578125,0.03143310546875,0.0189361572265625,0.017822265625,1,3,reed meadowgrass,reed canary grass,Spanish bayonet,reed meadowgrass,Water-soldier,white beak-sedge
val/06377_Plantae_Tracheophyta_Liliopsida_Poales_Poaceae_Glyceria_maxima/93e76c35-47bd-4edb-8af5-a6dbbc6ee7af.jpg,1966,1973,0,1973,1966,1870,2099,1940,0.056488037109375,0.05413818359375,0.0201873779296875,0.0182342529296875,0.0175933837890625,1,2,reed meadowgrass,reed canary grass,reed meadowgrass,sweet-flag,Tower Mustard,sea clubrush
val/06381_Plantae_Tracheophyta_Liliopsida_Poales_Poaceae_Hordeum_jubatum/2e2990c2-990e-444e-9238-ebf0a7d75a20.jpg,1968,1957,0,1957,1892,1950,1884,1968,0.1146240234375,0.068359375,0.03472900390625,0.0227203369140625,0.016204833984375,1,5,Foxtail Barley,foxtail brome,Spanish bayonet,Giant Umbrella Sedge,sotol,Foxtail Barley
val/06381_Plantae_Tracheophyta_Liliopsida_Poales_Poaceae_Hordeum_jubatum/60205dce-1e3b-412a-87d9-88f2e33f21a9.jpg,1968,1957,0,1957,1968,1962,1976,1939,0.338134765625,0.08270263671875,0.01239776611328125,0.0106353759765625,0.0103302001953125,1,2,Foxtail Barley,foxtail brome,Foxtail Barley,squirreltail,annual beard grass,cardinal airplant
val/06393_Plantae_Tracheophyta_Liliopsida_Poales_Poaceae_Lolium_pratense/cba73d97-407b-4649-9449-73b268b66c22.jpg,1970,1956,0,1956,1970,813,2099,1951,0.3388671875,0.12030029296875,0.03997802734375,0.031036376953125,0.02886962890625,1,2,spreading fescue,tall oat grass,spreading fescue,Rescuegrass,Tower Mustard,Three-way Sedge
val/06438_Plantae_Tracheophyta_Liliopsida_Poales_Poaceae_Uniola_paniculata/ef606b15-afc2-4878-b622-0f286946039a.jpg,1979,1977,0,1977,1979,815,1944,1775,0.58349609375,0.2000732421875,0.034088134765625,0.020477294921875,0.005645751953125,1,2,sea oats,cordgrass,sea oats,Chinese silver grass,Hanging sedge,Eastern Diamondback Rattlesnake
val/06441_Plantae_Tracheophyta_Liliopsida_Poales_Typhaceae_Sparganium_erectum/5c0fbb89-a99c-45d2-b1bf-9cd123ac90de.jpg,1980,1897,0,1897,1870,1980,1944,1557,0.231689453125,0.08074951171875,0.0577392578125,0.019500732421875,0.018798828125,1,3,Branched Bur-reed,Yellow Flag,sweet-flag,Branched Bur-reed,Hanging sedge,Virginia Rail
val/06519_Plantae_Tracheophyta_Magnoliopsida_Apiales_Apiaceae_Lomatium_triternatum/5251f9e1-e7c8-4282-8292-4c9039fbda9a.jpg,1988,401,0,401,364,1988,1946,888,0.09393310546875,0.053009033203125,0.034942626953125,0.0301055908203125,0.0294189453125,1,3,Ternate Desert-parsley,Yellow milkwort,alpine bistort,Ternate Desert-parsley,Sand Sedge,Chamaecytisus ruthenicus
val/06542_Plantae_Tracheophyta_Magnoliopsida_Apiales_Apiaceae_Torilis_arvensis/f2a1b4de-1f2e-427b-82cf-d54c3042a3ec.jpg,1993,313,0,313,1993,2093,1990,1984,0.371826171875,0.1513671875,0.0909423828125,0.058135986328125,0.047088623046875,1,2,common hedge parsley,upright hedge-parsley,common hedge parsley,field peppergrass,Burnet-saxifrage,prairie bishop
val/06577_Plantae_Tracheophyta_Magnoliopsida_Apiales_Pittosporaceae_Pittosporum_tenuifolium/141e309f-2f94-40e5-bf80-89626406d20b.jpg,1996,408,0,408,1996,2306,2141,375,0.3115234375,0.297119140625,0.055572509765625,0.04486083984375,0.038299560546875,1,2,Kohuhu,Kanono,Kohuhu,Camphor Tree,Karaka,Tree Tutu
val/06579_Plantae_Tracheophyta_Magnoliopsida_Aquifoliales_Aquifoliaceae_Ilex_aquifolium/b389f33b-cfce-4b6a-9f96-a74e5aae8b63.jpg,1997,478,0,478,2345,973,981,1997,0.1519775390625,0.077392578125,0.0391845703125,0.03778076171875,0.03668212890625,1,5,European holly,western roseroot,Scarlet rātā vine,Mountain Spiraea,wax currant,European holly
val/06592_Plantae_Tracheophyta_Magnoliopsida_Asterales_Asteraceae_Achyrachaena_mollis/dff84754-0f19-4327-9f97-3c6d4d569192.jpg,1998,2042,0,2042,1998,826,954,2049,0.294921875,0.2369384765625,0.183837890625,0.0186767578125,0.0090789794921875,1,2,Blow Wives,desert chicory,Blow Wives,white tack-stem,old man's beard,white flat-topped goldenrod
val/06592_Plantae_Tracheophyta_Magnoliopsida_Asterales_Asteraceae_Achyrachaena_mollis/7471134a-4e8e-44aa-8b64-7535b315afb7.jpg,1998,2233,0,2233,282,285,1998,1923,0.2391357421875,0.0894775390625,0.0714111328125,0.047760009765625,0.03497314453125,1,4,Blow Wives,Fringed Bluestar,spring spiderlily,small camas,Blow Wives,Carolina Redroot
val/06610_Plantae_Tracheophyta_Magnoliopsida_Asterales_Asteraceae_Ambrosia_trifida/0a2ed413-4759-4898-9304-dba9cc2417f2.jpg,2002,2033,0,2033,2104,451,2002,428,0.1329345703125,0.09478759765625,0.07965087890625,0.0626220703125,0.0467529296875,1,4,giant ragweed,prairie blazing star,dyer's rocket,black cohosh,giant ragweed,Dark Mullein
val/06675_Plantae_Tracheophyta_Magnoliopsida_Asterales_Asteraceae_Carlina_vulgaris/56fc5ae4-1902-4b37-bbc5-cfcdefec9809.jpg,2007,833,0,833,2007,2053,846,2143,0.38134765625,0.167724609375,0.022247314453125,0.0152740478515625,0.01078033447265625,1,2,Carline Thistle,purple coneflower,Carline Thistle,New York aster,Tridax daisy,cutleaf teasel
val/06681_Plantae_Tracheophyta_Magnoliopsida_Asterales_Asteraceae_Centaurea_montana/a8a9c09c-c5b6-469d-96f7-0a6a83153221.jpg,2008,915,0,915,363,2008,2010,854,0.12249755859375,0.052001953125,0.037872314453125,0.036407470703125,0.0240478515625,1,3,Perennial Cornflower,Velvetbells,Perez's sea lavender,Perennial Cornflower,Dwarf Thistle,viper's-bugloss
val/06700_Plantae_Tracheophyta_Magnoliopsida_Asterales_Asteraceae_Cirsium_acaule/811f4269-884c-48df-9446-b2e4cdf8a841.jpg,2010,2261,0,2261,2010,2008,2009,828,0.1607666015625,0.1334228515625,0.057586669921875,0.054168701171875,0.031768798828125,1,2,Dwarf Thistle,Coyote Mint,Dwarf Thistle,Perennial Cornflower,Wig Knapweed,purple star-thistle
val/06700_Plantae_Tracheophyta_Magnoliopsida_Asterales_Asteraceae_Cirsium_acaule/f06522ae-d4a6-4332-9071-5ab35b2194bb.jpg,2010,1909,0,1909,828,2010,2059,854,0.1502685546875,0.088623046875,0.07562255859375,0.049896240234375,0.038421630859375,1,3,Dwarf Thistle,Broad-leaved Marsh Orchid,purple star-thistle,Dwarf Thistle,Smooth Ironweed,viper's-bugloss
val/06723_Plantae_Tracheophyta_Magnoliopsida_Asterales_Asteraceae_Coreopsis_palmata/e9725fa5-21b9-4b93-8847-b72f6f419c3e.jpg,2012,831,0,831,321,2012,2046,845,0.1986083984375,0.1844482421875,0.1768798828125,0.031524658203125,0.0267181396484375,1,3,Prairie Coreopsis,Lance-leaved Coreopsis,tickseed beggar-ticks,Prairie Coreopsis,prairie rosinweed,Greenthread
val/06732_Plantae_Tracheophyta_Magnoliopsida_Asterales_Asteraceae_Crassocephalum_crepidioides/924b1894-5cf2-45f8-8a20-387c1646b2a3.jpg,2014,2298,0,2298,2014,424,2313,2074,0.320068359375,0.051971435546875,0.038421630859375,0.03448486328125,0.029449462890625,1,2,redflower ragleaf,Common Figwort,redflower ragleaf,American lopseed,painted spurge,stickseed
val/06838_Plantae_Tracheophyta_Magnoliopsida_Asterales_Asteraceae_Heterotheca_subaxillaris/726b475f-26a5-48ec-b18a-143c634350dc.jpg,2027,2028,0,2028,2027,8,2046,2396,0.021881103515625,0.020233154296875,0.0189361572265625,0.0166778564453125,0.01232147216796875,1,2,Camphorweed,Elecampane,Camphorweed,Goldenrod Soldier Beetle,prairie rosinweed,Tall Cinquefoil
val/06892_Plantae_Tracheophyta_Magnoliopsida_Asterales_Asteraceae_Melampodium_leucanthum/f6d36bff-f47c-4071-9ec9-7397a9d7680f.jpg,2034,2052,0,2052,2034,846,330,2031,0.06817626953125,0.0677490234375,0.03375244140625,0.0284271240234375,0.01934814453125,1,2,blackfoot daisy,panicled aster,blackfoot daisy,Tridax daisy,oxeye daisy,whitedaisy tidytips
val/06928_Plantae_Tracheophyta_Magnoliopsida_Asterales_Asteraceae_Petasites_albus/8ed5e2e4-915e-441b-ab03-10bbc5d89fce.jpg,2038,2371,0,2371,2038,2441,2169,829,0.2330322265625,0.14794921875,0.11077880859375,0.046905517578125,0.0311279296875,1,2,White Butterbur,Curveseed Butterwort,White Butterbur,Early Saxifrage,spiny phlox,Siam weed
val/06928_Plantae_Tracheophyta_Magnoliopsida_Asterales_Asteraceae_Petasites_albus/9dcdf568-605c-4dee-8975-9e9e8f96942f.jpg,2038,2303,0,2303,2038,2341,2004,1986,0.125244140625,0.09423828125,0.06890869140625,0.0601806640625,0.038543701171875,1,2,White Butterbur,prostrate vervain,White Butterbur,Spurge Flax,California mugwort,Queen Anne's lace
val/06959_Plantae_Tracheophyta_Magnoliopsida_Asterales_Asteraceae_Rafinesquia_neomexicana/63f4b80a-82df-4035-b7e6-9db06743d10b.jpg,2042,826,0,826,865,2042,330,1998,0.09735107421875,0.08929443359375,0.067138671875,0.0399169921875,0.035369873046875,1,3,desert chicory,white tack-stem,greater stitchwort,desert chicory,oxeye daisy,Blow Wives
val/06959_Plantae_Tracheophyta_Magnoliopsida_Asterales_Asteraceae_Rafinesquia_neomexicana/9047f031-4022-4845-8f41-eeb40773458f.jpg,2042,955,0,955,2049,2042,957,956,0.09600830078125,0.07806396484375,0.0369873046875,0.0279541015625,0.0189208984375,1,3,desert chicory,Pipestem Clematis,white flat-topped goldenrod,desert chicory,love-in-a-mist,Puawhananga
val/06960_Plantae_Tracheophyta_Magnoliopsida_Asterales_Asteraceae_Ratibida_columnifera/2c03e06c-048f-47c2-ae4b-8e5b6cfd186d.jpg,2043,328,0,328,2043,943,299,321,0.387451171875,0.054718017578125,0.0501708984375,0.0303497314453125,0.0295562744140625,1,2,upright prairie coneflower,Bitterweed,upright prairie coneflower,Large-flowered Evening-primrose,fire lily,tickseed beggar-ticks
val/06985_Plantae_Tracheophyta_Magnoliopsida_Asterales_Asteraceae_Seriphium_plumosum/141ecf4c-1ce4-4ec5-98ef-8dc61c4b61c4.jpg,2045,262,0,262,2045,1868,1866,2105,0.0753173828125,0.038726806640625,0.037628173828125,0.0206451416015625,0.0182647705078125,1,2,Bankrupt Bush,Golden Hair-lichen,Bankrupt Bush,Wall Screw-moss,Grey-cushioned Grimmia,cattle saltbush
val/06987_Plantae_Tracheophyta_Magnoliopsida_Asterales_Asteraceae_Silphium_integrifolium/948efe8f-c6d9-4774-a3be-02254a0d1a85.jpg,2046,2028,0,2028,2046,2040,2044,806,0.1466064453125,0.1441650390625,0.10052490234375,0.08282470703125,0.036651611328125,1,2,prairie rosinweed,Elecampane,prairie rosinweed,meadow hawkweed,Texas ragwort,Yellow Star-of-Bethlehem
val/07027_Plantae_Tracheophyta_Magnoliopsida_Asterales_Asteraceae_Symphyotrichum_novi-belgii/a5ad42da-c7a5-470b-a191-5d49cefcab51.jpg,2053,2051,0,2051,2008,854,2295,2053,0.2064208984375,0.0684814453125,0.05633544921875,0.052215576171875,0.0231170654296875,1,5,New York aster,smooth blue aster,Perennial Cornflower,viper's-bugloss,Broadleaf Speedwell,New York aster
val/07037_Plantae_Tracheophyta_Magnoliopsida_Asterales_Asteraceae_Tanacetum_vulgare/34d2f54b-f582-422a-b483-8aeb6eca7a5d.jpg,2054,845,0,845,321,2090,2054,2043,0.10009765625,0.0404052734375,0.039306640625,0.035797119140625,0.031951904296875,1,4,tansy,Greenthread,tickseed beggar-ticks,western wallflower,tansy,upright prairie coneflower
val/07046_Plantae_Tracheophyta_Magnoliopsida_Asterales_Asteraceae_Tithonia_diversifolia/fa3b9a61-2a55-4621-b7cb-b7126ba1c5b5.jpg,2057,848,0,848,2057,321,2318,1222,0.1983642578125,0.0711669921875,0.04254150390625,0.0335693359375,0.027374267578125,1,2,Mexican sunflower,Golden-Eye,Mexican sunflower,tickseed beggar-ticks,Aaron's Beard,Gray Hairstreak
val/07065_Plantae_Tracheophyta_Magnoliopsida_Asterales_Asteraceae_Vernonia_fasciculata/b2828a76-8bd8-4778-bded-aa31d44a4412.jpg,2059,2261,0,2261,2059,2009,2078,817,0.16552734375,0.116455078125,0.1015625,0.05059814453125,0.032318115234375,1,2,Smooth Ironweed,Coyote Mint,Smooth Ironweed,Wig Knapweed,California phacelia,great masterwort
val/07067_Plantae_Tracheophyta_Magnoliopsida_Asterales_Asteraceae_Vernonia_missurica/609ee33c-8b1f-498a-bc13-c13c32eceae5.jpg,2060,897,0,897,2130,2061,2060,2008,0.0775146484375,0.06732177734375,0.05810546875,0.04888916015625,0.045684814453125,1,4,Missouri Ironweed,tomcat clover,scarlet spiderling,New York ironweed,Missouri Ironweed,Perennial Cornflower
val/07083_Plantae_Tracheophyta_Magnoliopsida_Asterales_Asteraceae_Zinnia_grandiflora/32603e93-fba6-4238-a426-57a08ab775d8.jpg,2064,913,0,913,2281,458,945,2064,0.09881591796875,0.093994140625,0.06396484375,0.054229736328125,0.037261962890625,1,5,Rocky Mountain zinnia,humped bladderwort,seep monkeyflower,meadow buttercup,Watershield,Rocky Mountain zinnia
val/07085_Plantae_Tracheophyta_Magnoliopsida_Asterales_Campanulaceae_Campanula_aparinoides/6c49ed39-d608-4be9-86c1-02a54fed7985.jpg,2065,1882,0,1882,850,1982,2065,866,0.114013671875,0.10888671875,0.090087890625,0.076904296875,0.07281494140625,1,4,Marsh Bellflower,Atamasco Lily,New Zealand Harebell,White ginger,Marsh Bellflower,common soapwort
val/07103_Plantae_Tracheophyta_Magnoliopsida_Asterales_Campanulaceae_Lobelia_cardinalis/d52775d3-197b-4e7e-a3a5-62746fe6a546.jpg,2069,869,0,869,2347,2069,418,2266,0.19384765625,0.1671142578125,0.1468505859375,0.115478515625,0.0830078125,1,3,cardinal flower,fire pink,California fuchsia,cardinal flower,field Indian paintbrush,cedar sage
val/07149_Plantae_Tracheophyta_Magnoliopsida_Boraginales_Boraginaceae_Hackelia_virginiana/fa540157-4973-482e-9395-b8dcb74c661b.jpg,2074,979,0,979,1874,2140,1938,2074,0.2744140625,0.2000732421875,0.049957275390625,0.038543701171875,0.03216552734375,1,5,stickseed,striped maple,eastern skunk cabbage,Round-leaved Dogwood,bristly greenbrier,stickseed
val/07166_Plantae_Tracheophyta_Magnoliopsida_Boraginales_Boraginaceae_Mertensia_ciliata/697099d6-6ec1-4eae-a263-a91f033db96b.jpg,2075,1899,0,1899,1901,904,2075,855,0.08343505859375,0.07244873046875,0.055633544921875,0.05059814453125,0.03277587890625,1,4,mountain bluebells,Siberian Iris,northern blue flag,Narrowleaf Gentian,mountain bluebells,Tall Bluebell
val/07181_Plantae_Tracheophyta_Magnoliopsida_Boraginales_Boraginaceae_Nemophila_phacelioides/3624f49a-1c3a-41b6-8530-a1cf393e9b3b.jpg,2077,2080,0,2080,2077,426,2457,2273,0.26025390625,0.048797607421875,0.04095458984375,0.0345458984375,0.0338134765625,1,2,Texas baby blue eyes,Fiesta Flower,Texas baby blue eyes,Slender speedwell,Chinese lantern,slender false foxglove
val/07187_Plantae_Tracheophyta_Magnoliopsida_Boraginales_Boraginaceae_Phacelia_campanularia/c1566946-ddcf-4b90-987a-4ba0c89035c9.jpg,2079,935,0,935,2170,2267,2293,2079,0.18896484375,0.058441162109375,0.057647705078125,0.05462646484375,0.0467529296875,1,5,Desert Blue Bells,common dog-violet,Pretty Jacob's-ladder,small skullcap,Grey Field-speedwell,Desert Blue Bells
val/07201_Plantae_Tracheophyta_Magnoliopsida_Boraginales_Boraginaceae_Pholistoma_auritum/5b804248-cf5c-4ec7-8aca-5e91ae273f33.jpg,2080,2079,0,2079,2080,856,1885,2273,0.082763671875,0.061004638671875,0.034942626953125,0.032684326171875,0.02471923828125,1,2,Fiesta Flower,Desert Blue Bells,Fiesta Flower,notch-leaf scorpion-weed,Blue Dicks,slender false foxglove
val/07214_Plantae_Tracheophyta_Magnoliopsida_Brassicales_Brassicaceae_Arabidopsis_lyrata/1936e80e-d6b0-4cd5-aa30-c036fb844f74.jpg,2084,2248,0,2248,932,2302,2429,2084,0.103515625,0.041473388671875,0.040069580078125,0.035125732421875,0.028961181640625,1,5,lyre-leaved rock cress,tiny bluet,sweet white violet,lanceleaf fogfruit,Balloon Vine,lyre-leaved rock cress
val/07216_Plantae_Tracheophyta_Magnoliopsida_Brassicales_Brassicaceae_Armoracia_rusticana/bdac9063-5bbc-489d-a9c5-77adefb4e1f1.jpg,2085,1907,0,1907,2237,2085,921,2044,0.08905029296875,0.058624267578125,0.0562744140625,0.04327392578125,0.03985595703125,1,3,Horseradish,showy lady's slipper,green antelopehorns,Horseradish,foxglove beardtongue,Texas ragwort
val/07222_Plantae_Tracheophyta_Magnoliopsida_Brassicales_Brassicaceae_Brassica_rapa/0ff24d27-0a03-45fc-b9c9-c3ac17430f30.jpg,2086,2087,0,2087,2096,2086,2440,399,0.4140625,0.170654296875,0.07379150390625,0.0196533203125,0.0152130126953125,1,3,field mustard,Warty-cabbage,Wild Mustard,field mustard,Alternate-leaved Golden Saxifrage,California goldenbanner
val/07224_Plantae_Tracheophyta_Magnoliopsida_Brassicales_Brassicaceae_Bunias_orientalis/00042220-02b6-46ad-889f-9f7957f7fbf9.jpg,2087,2086,0,2086,2087,399,2096,2103,0.58740234375,0.1805419921875,0.04913330078125,0.0204010009765625,0.01010894775390625,1,2,Warty-cabbage,field mustard,Warty-cabbage,California goldenbanner,Wild Mustard,yellow mignonette
val/07240_Plantae_Tracheophyta_Magnoliopsida_Brassicales_Brassicaceae_Caulanthus_lasiophyllus/e5049854-aed4-4ca1-97ab-111a0a622d50.jpg,2088,2341,0,2341,2088,2269,2453,2191,0.09405517578125,0.06854248046875,0.042572021484375,0.04052734375,0.0262908935546875,1,2,California mustard,Spurge Flax,California mustard,Perennial Yellow-woundwort,African boxthorn,Chinese bushclover
val/07244_Plantae_Tracheophyta_Magnoliopsida_Brassicales_Brassicaceae_Descurainia_sophia/cdeec688-e761-470a-b4f2-ae384f37327e.jpg,2089,2097,0,2097,2101,2442,2089,373,0.1519775390625,0.12493896484375,0.11309814453125,0.04620361328125,0.043212890625,1,4,flixweed,prince's plume,Bladderpod,Yellow Saxifrage,flixweed,Stinging Serpent
val/07250_Plantae_Tracheophyta_Magnoliopsida_Brassicales_Brassicaceae_Erysimum_capitatum/fa892b8e-73f2-491e-b61d-1e828dc5bea4.jpg,2090,1988,0,1988,2024,2050,2090,2092,0.1806640625,0.07757568359375,0.0528564453125,0.04547119140625,0.028656005859375,1,4,western wallflower,Ternate Desert-parsley,Everlasting flower,velvety goldenrod,western wallflower,Shortpod Mustard
val/07252_Plantae_Tracheophyta_Magnoliopsida_Brassicales_Brassicaceae_Erysimum_cheiri/34c4f5e9-6b49-4e73-a5db-7a1ecee3eb1c.jpg,2091,2064,0,2064,2382,1913,2091,2442,0.0521240234375,0.045562744140625,0.03497314453125,0.0281982421875,0.021240234375,1,4,Wallflower,Rocky Mountain zinnia,Trollius asiaticus,Fire-star orchid,Wallflower,Yellow Saxifrage
val/07255_Plantae_Tracheophyta_Magnoliopsida_Brassicales_Brassicaceae_Lepidium_campestre/b0f533cb-2950-4636-8456-34334d0eb717.jpg,2093,333,0,333,2095,2098,2093,1986,0.2335205078125,0.0450439453125,0.040130615234375,0.032562255859375,0.032440185546875,1,4,field peppergrass,Tauhinu,heart-podded hoary cress,field penny-cress,field peppergrass,Queen Anne's lace
val/07255_Plantae_Tracheophyta_Magnoliopsida_Brassicales_Brassicaceae_Lepidium_campestre/0c8f8383-7393-4e68-9880-b67b8b2a6d80.jpg,2093,396,0,396,2093,2103,2183,333,0.289306640625,0.11370849609375,0.0665283203125,0.0638427734375,0.04608154296875,1,2,field peppergrass,white sweet clover,field peppergrass,yellow mignonette,Chickpea Milkvetch,Tauhinu
val/07258_Plantae_Tracheophyta_Magnoliopsida_Brassicales_Brassicaceae_Lepidium_draba/b49f40dd-bb6c-4e00-bf1a-7a45d907bbeb.jpg,2095,2086,0,2086,2095,825,2099,2098,0.173828125,0.173828125,0.05145263671875,0.02484130859375,0.021728515625,1,2,heart-podded hoary cress,field mustard,heart-podded hoary cress,field marigold,Tower Mustard,field penny-cress
val/07277_Plantae_Tracheophyta_Magnoliopsida_Brassicales_Brassicaceae_Stanleya_pinnata/623f7568-08eb-44c1-bca4-d038c887870e.jpg,2097,2466,0,2466,2207,2097,2341,322,0.05908203125,0.03790283203125,0.034912109375,0.0290985107421875,0.0265960693359375,1,3,prince's plume,western larch,gorse,prince's plume,Spurge Flax,Texas Thistle
val/07282_Plantae_Tracheophyta_Magnoliopsida_Brassicales_Brassicaceae_Turritis_glabra/852d58e9-899d-4ac4-920a-b5765c18104d.jpg,2099,807,0,807,2099,1921,2088,1878,0.257080078125,0.11358642578125,0.058197021484375,0.047454833984375,0.0340576171875,1,2,Tower Mustard,Fremont's Deathcamas,Tower Mustard,Irish lady's-tresses,California mustard,Ramsons
val/07290_Plantae_Tracheophyta_Magnoliopsida_Brassicales_Cleomaceae_Polanisia_dodecandra/f27b3beb-ed82-47b5-9c68-33c6ad482fe2.jpg,2102,2195,0,2195,1964,2009,2305,2102,0.0249786376953125,0.017974853515625,0.016021728515625,0.015655517578125,0.0140533447265625,1,5,redwhisker clammyweed,Garden lupine,Virginia wildrye,Wig Knapweed,hoary vervain,redwhisker clammyweed
val/07294_Plantae_Tracheophyta_Magnoliopsida_Brassicales_Resedaceae_Reseda_lutea/e6477c0b-9a31-4e03-8d85-ab7c0fc71e8c.jpg,2103,326,0,326,2103,396,382,2089,0.11688232421875,0.0733642578125,0.0626220703125,0.060394287109375,0.048370361328125,1,2,yellow mignonette,dogfennel,yellow mignonette,white sweet clover,sand heath,flixweed
val/07318_Plantae_Tracheophyta_Magnoliopsida_Caryophyllales_Amaranthaceae_Atriplex_polycarpa/f42e4c2c-8b1a-485d-b1d8-10365d455c92.jpg,2105,463,0,463,319,2105,2245,353,0.048675537109375,0.0307464599609375,0.0252532958984375,0.0167999267578125,0.01494598388671875,1,3,cattle saltbush,desert almond,common burrobrush,cattle saltbush,Sand Coprosma,Mignonette vine
val/07333_Plantae_Tracheophyta_Magnoliopsida_Caryophyllales_Amaranthaceae_Krascheninnikovia_lanata/0e51df97-4b13-4f0d-8376-b67501514fa9.jpg,2108,1892,0,1892,2108,1971,1894,1974,0.07379150390625,0.06280517578125,0.0233154296875,0.0178070068359375,0.01666259765625,1,2,winterfat,Spanish bayonet,winterfat,switchgrass,aloe vera,Timothy
val/07333_Plantae_Tracheophyta_Magnoliopsida_Caryophyllales_Amaranthaceae_Krascheninnikovia_lanata/75961c60-7cbc-460c-80cb-f9e77d6f0a61.jpg,2108,2004,0,2004,2384,2108,1811,287,0.042022705078125,0.03857421875,0.0323486328125,0.0237579345703125,0.022705078125,1,3,winterfat,California mugwort,Silverberry,winterfat,Powder-headed Tube Lichen,Branched Asphodel
val/07348_Plantae_Tracheophyta_Magnoliopsida_Caryophyllales_Cactaceae_Cylindropuntia_echinocarpa/20f3dcf9-b5f6-4cd5-8904-bfc04a656095.jpg,2110,2113,0,2113,2109,2110,198,185,0.05889892578125,0.0214996337890625,0.00827789306640625,0.007167816162109375,0.005626678466796875,1,3,silver cholla,Engelmann's hedgehog cactus,Teddy Bear Cholla,silver cholla,Common Firecrest,Familiar Chat
val/07357_Plantae_Tracheophyta_Magnoliopsida_Caryophyllales_Cactaceae_Echinocactus_horizonthalonius/bb124895-643f-4169-a6ce-9cb621d4eedc.jpg,2111,327,0,327,863,2111,2115,1781,0.10260009765625,0.04229736328125,0.02423095703125,0.02423095703125,0.0171661376953125,1,3,Devilshead,great blanketflower,Emory's barrel cactus,Devilshead,Ferocactus histrix,Starburst Anemone
val/07363_Plantae_Tracheophyta_Magnoliopsida_Caryophyllales_Cactaceae_Echinocereus_engelmannii/500470d8-499d-4c66-898f-773b270bd0f3.jpg,2113,862,0,862,2116,2113,1957,357,0.0321044921875,0.0185546875,0.01305389404296875,0.01007843017578125,0.009033203125,1,3,Engelmann's hedgehog cactus,Fendler's hedgehog cactus,harem cactus,Engelmann's hedgehog cactus,foxtail brome,viviparous foxtail cactus
val/07378_Plantae_Tracheophyta_Magnoliopsida_Caryophyllales_Cactaceae_Ferocactus_histrix/9ff54d1e-84c2-4028-85cb-56ec8c400efc.jpg,2115,2114,0,2114,863,970,2115,2169,0.12646484375,0.0609130859375,0.027252197265625,0.025146484375,0.01497650146484375,1,4,Ferocactus histrix,claret-cup hedgehog,Emory's barrel cactus,swamp dewberry,Ferocactus histrix,spiny phlox
val/07448_Plantae_Tracheophyta_Magnoliopsida_Caryophyllales_Caryophyllaceae_Silene_antirrhina/d02f73ee-5995-4a66-95a2-f1d5ae6e604f.jpg,2121,792,0,792,2121,1902,801,1952,0.1907958984375,0.13330078125,0.06475830078125,0.0640869140625,0.0253448486328125,1,2,sleepy catchfly,Douglas's blue-eyed grass,sleepy catchfly,Dragon's Mouth,Leek Orchid,white beak-sedge
val/07481_Plantae_Tracheophyta_Magnoliopsida_Caryophyllales_Droseraceae_Drosera_whittakeri/4088d5bc-2de8-4a84-a806-93a656d6bdca.jpg,2125,2381,0,2381,2125,301,2042,919,0.054595947265625,0.032379150390625,0.0221405029296875,0.01450347900390625,0.01306915283203125,1,2,Whittaker's sundew,rue-anemone,Whittaker's sundew,snow trillium,desert chicory,white turtlehead
val/07481_Plantae_Tracheophyta_Magnoliopsida_Caryophyllales_Droseraceae_Drosera_whittakeri/0cdf2aed-f749-48c9-917f-b9d41997c478.jpg,2125,1845,0,1845,2125,267,301,2409,0.07574462890625,0.0440673828125,0.0263671875,0.0242156982421875,0.01727294921875,1,2,Whittaker's sundew,Velvet-footed Pax,Whittaker's sundew,Lichen Agaric,snow trillium,Burnet Rose
val/07494_Plantae_Tracheophyta_Magnoliopsida_Caryophyllales_Montiaceae_Claytonia_virginica/d2c4f0a6-2417-4f4f-b9e8-93cf6babc588.jpg,2128,2323,0,2323,391,2051,2128,2339,0.671875,0.0189666748046875,0.0174102783203125,0.0167083740234375,0.0165863037109375,1,4,Virginia spring beauty,Meadow Flax,longleaf phlox,smooth blue aster,Virginia spring beauty,Pyramid Flower
val/07502_Plantae_Tracheophyta_Magnoliopsida_Caryophyllales_Nyctaginaceae_Boerhavia_coccinea/2a743eb7-b723-46c1-88cf-abcdc8a3aa7d.jpg,2130,486,0,486,2399,2124,2240,2130,0.1431884765625,0.1123046875,0.02606201171875,0.0257568359375,0.0210723876953125,1,5,scarlet spiderling,Pima Rhatany,prairie smoke,Climbing Sundew,Hartweg's climbing milkweed,scarlet spiderling
val/07507_Plantae_Tracheophyta_Magnoliopsida_Caryophyllales_Petiveriaceae_Rivina_humilis/91f522ee-df4e-448a-bc88-1fef2d316890.jpg,2131,93,0,93,2131,1918,371,976,0.1014404296875,0.0755615234375,0.061859130859375,0.0271453857421875,0.021942138671875,1,2,rougeplant,Dainty Swallowtail,rougeplant,Man Orchid,canaigre dock,sugar bush
val/07522_Plantae_Tracheophyta_Magnoliopsida_Caryophyllales_Polygonaceae_Chorizanthe_fimbriata/234b6308-0985-444c-a9c9-8b32e609a008.jpg,2132,422,0,422,2132,2136,478,2133,0.1490478515625,0.1431884765625,0.07391357421875,0.059600830078125,0.032135009765625,1,2,Fringed Spineflower,Indian Warrior,Fringed Spineflower,pink knotweed,western roseroot,cushion buckwheat
val/07532_Plantae_Tracheophyta_Magnoliopsida_Caryophyllales_Polygonaceae_Eriogonum_ovalifolium/91a161e6-a8bf-42fa-86e8-a96e8b562ce4.jpg,2133,2081,0,2081,2312,2133,2134,478,0.29443359375,0.07574462890625,0.031158447265625,0.0268096923828125,0.0214691162109375,1,3,cushion buckwheat,Palmer's crinklemat,Fendler's sandmat,cushion buckwheat,Seacliff Wild Buckwheat,western roseroot
val/07541_Plantae_Tracheophyta_Magnoliopsida_Caryophyllales_Polygonaceae_Muehlenbeckia_axillaris/ca705c07-b172-4e65-9fc9-9371e59b851e.jpg,2135,2436,0,2436,477,2443,2155,2135,0.35986328125,0.0833740234375,0.045166015625,0.032501220703125,0.0254058837890625,1,5,Muehlenbeckia axillaris,Colorado Stonecrop,jade plant,Prickly Saxifrage,Pinemat Manzanita,Muehlenbeckia axillaris
val/07570_Plantae_Tracheophyta_Magnoliopsida_Caryophyllales_Portulacaceae_Portulaca_oleracea/a8949913-8d47-4a6b-b4f4-245fd3ea8f35.jpg,2137,2238,0,2238,2155,2141,477,2137,0.1468505859375,0.1124267578125,0.10809326171875,0.0650634765625,0.06317138671875,1,5,Purslane,Natal Plum,Pinemat Manzanita,Karaka,jade plant,Purslane
val/07578_Plantae_Tracheophyta_Magnoliopsida_Celastrales_Celastraceae_Celastrus_scandens/323cc711-6014-4a53-9b5d-116d687ec673.jpg,2139,529,0,529,2347,1924,2139,1563,0.06787109375,0.0374755859375,0.03277587890625,0.0293121337890625,0.02105712890625,1,4,American bittersweet,Valley Carpenter Bee,California fuchsia,Black Bryony,American bittersweet,Bohemian Waxwing
val/07623_Plantae_Tracheophyta_Magnoliopsida_Cucurbitales_Cucurbitaceae_Cucurbita_foetidissima/b30e8f8e-5a97-412e-8005-ca02e0819a00.jpg,2142,778,0,778,2142,2241,1824,483,0.05535888671875,0.031341552734375,0.01534271240234375,0.01496124267578125,0.01343536376953125,1,2,buffalo gourd,Golden Club,buffalo gourd,Yellow-wort,Golden Spindles,western horsenettle
val/07623_Plantae_Tracheophyta_Magnoliopsida_Cucurbitales_Cucurbitaceae_Cucurbita_foetidissima/90cb6d7b-013b-4673-a28f-a37a54b6e1a9.jpg,2142,2458,0,2458,2452,2142,877,376,0.050506591796875,0.04150390625,0.02679443359375,0.021240234375,0.0189666748046875,1,3,buffalo gourd,tall nightshade,angel's trumpet,buffalo gourd,Giant Knotweed,squirting cucumber
val/07645_Plantae_Tracheophyta_Magnoliopsida_Dipsacales_Caprifoliaceae_Lonicera_dioica/cad69442-d742-44d5-ac51-4012273f4585.jpg,2147,2352,0,2352,808,772,2147,2137,0.0902099609375,0.0256500244140625,0.0196075439453125,0.017578125,0.0171356201171875,1,4,Glaucous Honeysuckle,California Dutchman's Pipe,nodding wakerobin,Hairy Bracket,Glaucous Honeysuckle,Purslane
val/07649_Plantae_Tracheophyta_Magnoliopsida_Dipsacales_Caprifoliaceae_Lonicera_maackii/fc2278d2-5f21-4335-8d2b-c68a753b9220.jpg,2148,926,0,926,2220,852,2148,921,0.0682373046875,0.0665283203125,0.037933349609375,0.0374755859375,0.035247802734375,1,4,Amur honeysuckle,Lindheimer's Doveweed,holly oak,Borage,Amur honeysuckle,foxglove beardtongue
val/07673_Plantae_Tracheophyta_Magnoliopsida_Dipsacales_Viburnaceae_Sambucus_cerulea/ecc01844-a7b5-4526-98e3-d5ce941571d9.jpg,2152,975,0,975,2280,844,2152,461,0.1107177734375,0.073486328125,0.0643310546875,0.037109375,0.02587890625,1,4,blue elder,Indian Mango,princess tree,Coastal Camphor Bush,blue elder,Loquat
val/07673_Plantae_Tracheophyta_Magnoliopsida_Dipsacales_Viburnaceae_Sambucus_cerulea/6ee4fc9f-fd75-4390-b037-6bd7102dca5b.jpg,2152,2389,0,2389,2430,2152,819,441,0.10150146484375,0.0972900390625,0.0380859375,0.0216064453125,0.02154541015625,1,3,blue elder,hairy ceanothus,Western Soapberry,blue elder,Lemonwood,black willow
val/07677_Plantae_Tracheophyta_Magnoliopsida_Dipsacales_Viburnaceae_Sambucus_racemosa/17f52c3d-0ad7-4f82-a55e-75dcca3175cd.jpg,2153,2148,0,2148,445,2410,2153,1938,0.321533203125,0.086669921875,0.04656982421875,0.0428466796875,0.0113372802734375,1,4,red elderberry,Amur honeysuckle,Cherry Tree,Sitka Mountain-ash,red elderberry,bristly greenbrier
val/07710_Plantae_Tracheophyta_Magnoliopsida_Ericales_Ericaceae_Arctostaphylos_nevadensis/719e16a5-e133-4f24-8b46-2d98984f91df.jpg,2155,2312,0,2312,2155,2392,436,2232,0.11785888671875,0.0880126953125,0.07550048828125,0.0628662109375,0.047027587890625,1,2,Pinemat Manzanita,Fendler's sandmat,Pinemat Manzanita,Mediterranean buckthorn,Florida Hammock Sandmat,Lindheimer's silktassel
val/07765_Plantae_Tracheophyta_Magnoliopsida_Ericales_Ericaceae_Pterospora_andromedea/ae414a48-7bfe-47ce-bf3a-06a787eaa0f8.jpg,2160,1880,0,1880,979,2160,2286,451,0.03173828125,0.0165863037109375,0.01233673095703125,0.012237548828125,0.0118865966796875,1,3,woodland pinedrops,red spider lily,striped maple,woodland pinedrops,beardlip penstemon,black cohosh
val/07801_Plantae_Tracheophyta_Magnoliopsida_Ericales_Ericaceae_Vaccinium_vitis-idaea/08eed7b4-c1e0-4480-92c0-88c84301cd45.jpg,2166,920,0,920,2166,2453,843,2315,0.0684814453125,0.038665771484375,0.025360107421875,0.0195465087890625,0.01934814453125,1,2,Lingonberry,Yellow-flowered waterhyssop,Lingonberry,African boxthorn,Hairy Goldenrod,Geraldton Carnation Weed
val/07820_Plantae_Tracheophyta_Magnoliopsida_Ericales_Polemoniaceae_Leptosiphon_parviflorus/ca395253-2efa-4558-ae50-c0755fd038bd.jpg,2167,2326,0,2326,2167,2034,1881,2376,0.135009765625,0.08184814453125,0.03961181640625,0.037353515625,0.0372314453125,1,2,variable linanthus,European field pansy,variable linanthus,blackfoot daisy,Poet's Narcissus,Lesser Spearwort
val/07821_Plantae_Tracheophyta_Magnoliopsida_Ericales_Polemoniaceae_Linanthus_californicus/47827cc4-87b3-4171-a009-cf7faa7febd4.jpg,2168,1885,0,1885,792,2168,2071,446,0.10662841796875,0.0877685546875,0.059539794921875,0.045745849609375,0.041046142578125,1,3,Prickly Phlox,Blue Dicks,Douglas's blue-eyed grass,Prickly Phlox,clasping Venus's looking glass,rose evening primrose
val/07867_Plantae_Tracheophyta_Magnoliopsida_Ericales_Primulaceae_Primula_elatior/ef7d3d0a-dcfc-47f7-b62e-08edc9154447.jpg,2174,1881,0,1881,946,878,2174,1841,0.063720703125,0.040252685546875,0.031707763671875,0.026611328125,0.024566650390625,1,4,Oxlip,Poet's Narcissus,common woodsorrel,Japanese honeysuckle,Oxlip,Mulch Maids
val/07882_Plantae_Tracheophyta_Magnoliopsida_Ericales_Sarraceniaceae_Sarracenia_flava/adecd112-9b91-4346-bc09-283a843e5214.jpg,2175,1926,0,1926,2175,602,1928,62,0.048370361328125,0.038421630859375,0.0298004150390625,0.0287933349609375,0.02606201171875,1,2,yellow pitcher plant,Diogenes' lantern,yellow pitcher plant,Cloudless Sulphur,Mount Diablo fairy-lantern,Yellow Slant-line
val/07941_Plantae_Tracheophyta_Magnoliopsida_Fabales_Fabaceae_Crotalaria_spectabilis/09184914-3e7f-4986-8e33-da9c11c683e1.jpg,2185,2283,0,2283,1926,2185,943,2190,0.3291015625,0.10479736328125,0.078369140625,0.0430908203125,0.031219482421875,1,3,Showy Rattlebox,chaparral beardtongue,Diogenes' lantern,Showy Rattlebox,Large-flowered Evening-primrose,meadow pea
val/07984_Plantae_Tracheophyta_Magnoliopsida_Fabales_Fabaceae_Lathyrus_pratensis/3a5da504-b2bc-408f-bb5c-bd876e40387d.jpg,2190,321,0,321,2190,438,328,943,0.248291015625,0.1361083984375,0.07611083984375,0.037078857421875,0.0279083251953125,1,2,meadow pea,tickseed beggar-ticks,meadow pea,Klamath weed,Bitterweed,Large-flowered Evening-primrose
val/07990_Plantae_Tracheophyta_Magnoliopsida_Fabales_Fabaceae_Lespedeza_cuneata/46958443-4de0-46ce-a92b-b2ed15abcf7e.jpg,2191,329,0,329,2341,2191,2301,2399,0.198974609375,0.1912841796875,0.09600830078125,0.03875732421875,0.028839111328125,1,3,Chinese bushclover,Old Plainsman,Spurge Flax,Chinese bushclover,Whitebrush,prairie smoke
val/07999_Plantae_Tracheophyta_Magnoliopsida_Fabales_Fabaceae_Lupinus_arcticus/40eb470b-cc97-4437-9588-e5f2679c6adf.jpg,2193,2373,0,2373,409,410,2193,1888,0.3349609375,0.12469482421875,0.09722900390625,0.0911865234375,0.065185546875,1,4,Arctic Lupine,dwarf larkspur,Blue Bugle,carpet bugle,Arctic Lupine,bluebell
val/08030_Plantae_Tracheophyta_Magnoliopsida_Fabales_Fabaceae_Mimosa_quadrivalvis/adf5fc52-2efb-44f4-b587-ec230c22def8.jpg,2199,2200,0,2200,2199,322,2206,2010,0.270263671875,0.139892578125,0.1138916015625,0.0462646484375,0.01415252685546875,1,2,Fourvalve Mimosa,sunshine mimosa,Fourvalve Mimosa,Texas Thistle,red clover,Dwarf Thistle
val/08098_Plantae_Tracheophyta_Magnoliopsida_Fabales_Fabaceae_Trifolium_pratense/f2765b7a-aa8d-46a3-ab0d-38dd22b7352e.jpg,2206,2009,0,2009,2206,2058,419,2022,0.2220458984375,0.1026611328125,0.048431396484375,0.03656005859375,0.024932861328125,1,2,red clover,Wig Knapweed,red clover,oyster plant,Purple paintbrush,spotted Joe-Pye-weed
val/08103_Plantae_Tracheophyta_Magnoliopsida_Fabales_Fabaceae_Ulex_europaeus/c4f5680d-c391-42ab-a266-b616434e8128.jpg,2207,341,0,341,2185,838,2207,2468,0.04437255859375,0.0193939208984375,0.01824951171875,0.017425537109375,0.01293182373046875,1,4,gorse,tree marigold,Showy Rattlebox,Oregon Gumplant,gorse,Jack pine
val/08103_Plantae_Tracheophyta_Magnoliopsida_Fabales_Fabaceae_Ulex_europaeus/ce83a4ad-0e82-44f3-99d6-1e331b579d92.jpg,2207,32,0,32,2207,836,1863,2274,0.0992431640625,0.09796142578125,0.042755126953125,0.020660400390625,0.01436614990234375,1,2,gorse,Jagged Ambush Bug,gorse,common woolly sunflower,alpine jelly cone,clustered broomrape
val/08109_Plantae_Tracheophyta_Magnoliopsida_Fabales_Fabaceae_Vachellia_schaffneri/3b881be8-75c2-4c0c-820e-a2fa4dc8aad4.jpg,2208,2201,0,2201,2208,341,2468,474,0.307373046875,0.0723876953125,0.01580810546875,0.01507568359375,0.014312744140625,1,2,twisted acacia,little-leaved palo verde,twisted acacia,tree marigold,Jack pine,elephant tree
val/08117_Plantae_Tracheophyta_Magnoliopsida_Fabales_Fabaceae_Vicia_sativa/b163dc9f-98b1-4b05-9391-41fdef2a96c3.jpg,2209,418,0,418,2209,2339,446,896,0.068603515625,0.03369140625,0.03143310546875,0.0252227783203125,0.0228729248046875,1,2,Common Vetch,field Indian paintbrush,Common Vetch,Pyramid Flower,rose evening primrose,cowbag clover
val/08135_Plantae_Tracheophyta_Magnoliopsida_Fabales_Polygalaceae_Polygaloides_chamaebuxus/653f6d5e-a55d-4d5f-b0fc-d5f744229717.jpg,2211,2429,0,2429,920,2211,1919,2453,0.09967041015625,0.08001708984375,0.050140380859375,0.03826904296875,0.035888671875,1,3,shrubby milkwort,Balloon Vine,Yellow-flowered waterhyssop,shrubby milkwort,small green wood orchid,African boxthorn
val/08154_Plantae_Tracheophyta_Magnoliopsida_Fagales_Betulaceae_Carpinus_caroliniana/0ac4547f-d817-4aab-82d7-14f3c95dff5a.jpg,2215,2212,0,2212,979,2215,1756,1737,0.053009033203125,0.05047607421875,0.04937744140625,0.02294921875,0.0201873779296875,1,3,American hornbeam,sweet birch,striped maple,American hornbeam,Crested Anole,Round-tailed Ground Squirrel
val/08175_Plantae_Tracheophyta_Magnoliopsida_Fagales_Fagaceae_Quercus_cornelius-mulleri/417c92e1-d323-4929-b8f3-cafc31098ab8.jpg,2218,376,0,376,2218,910,2384,839,0.31982421875,0.291259765625,0.0875244140625,0.03472900390625,0.0306243896484375,1,2,Muller's oak,squirting cucumber,Muller's oak,white horehound,Silverberry,mile-a-minute
val/08179_Plantae_Tracheophyta_Magnoliopsida_Fagales_Fagaceae_Quercus_engelmannii/88bc05b5-292a-4017-afe4-50e7a8325ae7.jpg,2219,2226,0,2226,2472,2343,2219,2202,0.12548828125,0.07867431640625,0.054107666015625,0.043060302734375,0.031158447265625,1,4,Engelmann oak,southern live oak,Torrey pine,river redgum,Engelmann oak,Prosopis laevigata
val/08191_Plantae_Tracheophyta_Magnoliopsida_Fagales_Fagaceae_Quercus_macrocarpa/38b35d2b-cfb7-4d2e-bc75-07c2f184db0a.jpg,2221,969,0,969,2424,2221,2223,1995,0.2083740234375,0.096435546875,0.03485107421875,0.0299072265625,0.0294036865234375,1,3,bur oak,Chinese Photinia,Norway maple,bur oak,northern red oak,five finger
val/08201_Plantae_Tracheophyta_Magnoliopsida_Fagales_Fagaceae_Quercus_rubra/f3e00563-7c6b-43f6-84ee-253d346c8bf5.jpg,2223,966,0,966,2223,107,980,2106,0.062042236328125,0.031524658203125,0.030303955078125,0.0288543701171875,0.028594970703125,1,2,northern red oak,marsh cinquefoil,northern red oak,Blinded Sphinx Moth,sugar maple,fat-hen
val/08205_Plantae_Tracheophyta_Magnoliopsida_Fagales_Fagaceae_Quercus_suber/27a838e8-3af7-4b6a-b7c1-aa0a81000058.jpg,2225,819,0,819,929,353,930,2225,0.0445556640625,0.03765869140625,0.0283660888671875,0.0256500244140625,0.021636962890625,1,5,cork oak,Lemonwood,eastern cottonwood,Mignonette vine,white willow,cork oak
val/08214_Plantae_Tracheophyta_Magnoliopsida_Fagales_Juglandaceae_Carya_tomentosa/564192da-77e4-44e3-80ee-5b1d1bb48d4f.jpg,2227,877,0,877,2227,405,2420,2308,0.044189453125,0.03240966796875,0.025146484375,0.0189056396484375,0.0166473388671875,1,2,mockernut,Giant Knotweed,mockernut,Coast silk tassel,Kohekohe,Pigeonwood
val/08215_Plantae_Tracheophyta_Magnoliopsida_Fagales_Juglandaceae_Juglans_californica/0f5c5be2-4417-435a-b4de-04a08dd50cbc.jpg,2228,445,0,445,2430,2294,2228,975,0.308349609375,0.2039794921875,0.045257568359375,0.03759765625,0.0297393798828125,1,4,Southern California Walnut,Cherry Tree,Western Soapberry,koromiko,Southern California Walnut,Indian Mango
val/08225_Plantae_Tracheophyta_Magnoliopsida_Fagales_Nothofagaceae_Nothofagus_menziesii/0b850c8c-efa4-4112-83fe-0fe2a2823138.jpg,2231,995,0,995,2231,2380,2344,348,0.12890625,0.1204833984375,0.035980224609375,0.0311279296875,0.0204620361328125,1,2,Silver beech,Hooker's Spleenwort,Silver beech,early meadow-rue,white climbing rata,hairy bittercress
val/08227_Plantae_Tracheophyta_Magnoliopsida_Garryales_Garryaceae_Garrya_lindheimeri/b21ffb1b-9720-4001-86a9-1d5d883f816b.jpg,2232,2155,0,2155,2232,1997,2224,906,0.1219482421875,0.04217529296875,0.031982421875,0.0283966064453125,0.024810791015625,1,2,Lindheimer's silktassel,Pinemat Manzanita,Lindheimer's silktassel,European holly,post oak,Mirror bush
val/08231_Plantae_Tracheophyta_Magnoliopsida_Gentianales_Apocynaceae_Apocynum_cannabinum/657c977e-a6f7-4eb4-b525-cc060b1b7d5c.jpg,2234,2396,0,2396,2191,2234,2239,2098,0.06329345703125,0.06256103515625,0.054779052734375,0.0435791015625,0.0318603515625,1,3,hemp dogbane,Tall Cinquefoil,Chinese bushclover,hemp dogbane,sandvine,field penny-cress
val/08247_Plantae_Tracheophyta_Magnoliopsida_Gentianales_Apocynaceae_Asclepias_latifolia/424507c2-cd7d-441d-b57a-83068ebb403a.jpg,2236,337,0,337,2236,2432,245,2114,0.05029296875,0.0460205078125,0.02996826171875,0.0279693603515625,0.016845703125,1,2,broadleaf milkweed,prairie dock,broadleaf milkweed,Chalk Dudleya,Mole Snake,claret-cup hedgehog
val/08261_Plantae_Tracheophyta_Magnoliopsida_Gentianales_Apocynaceae_Asclepias_viridis/c48e6c8c-d72f-41ef-aa4f-9ba0b2cc1c19.jpg,2237,1910,0,1910,2237,2405,1907,2447,0.04718017578125,0.025390625,0.0115509033203125,0.01076507568359375,0.00801849365234375,1,2,green antelopehorns,Elder-flowered Orchid,green antelopehorns,prairie rose,showy lady's slipper,goat's foot convolvulus
val/08268_Plantae_Tracheophyta_Magnoliopsida_Gentianales_Apocynaceae_Cynanchum_laeve/21cdda61-b53c-44f0-805a-55abf32f5e83.jpg,2239,2234,0,2234,876,2148,2239,898,0.050262451171875,0.045318603515625,0.032318115234375,0.03155517578125,0.0265655517578125,1,4,sandvine,hemp dogbane,waterpepper,Amur honeysuckle,sandvine,Buckley's oak
val/08288_Plantae_Tracheophyta_Magnoliopsida_Gentianales_Gentianaceae_Blackstonia_perfoliata/ba2e25cf-5bf7-4dce-a8c1-9e4299bb7685.jpg,2241,836,0,836,2241,2030,2086,2024,0.057586669921875,0.03350830078125,0.0316162109375,0.0272979736328125,0.0206451416015625,1,2,Yellow-wort,common woolly sunflower,Yellow-wort,common goldfields,field mustard,Everlasting flower
val/08322_Plantae_Tracheophyta_Magnoliopsida_Gentianales_Rubiaceae_Coprosma_acerosa/2ecf5624-5613-4bf3-9bb5-2eed21ac5b46.jpg,2245,2045,0,2045,2245,463,2032,472,0.2193603515625,0.0772705078125,0.0281524658203125,0.0254669189453125,0.0205535888671875,1,2,Sand Coprosma,Bankrupt Bush,Sand Coprosma,desert almond,California Broomsage,desert mistletoe
val/08352_Plantae_Tracheophyta_Magnoliopsida_Gentianales_Rubiaceae_Houstonia_pusilla/e858a521-6f27-444d-af8b-b405f0dc7cc3.jpg,2248,2120,0,2120,2233,2248,850,857,0.196533203125,0.1021728515625,0.06365966796875,0.036712646484375,0.03558349609375,1,3,tiny bluet,rock sandwort,Fringed Bluestar,tiny bluet,New Zealand Harebell,Cuckooflower
val/08361_Plantae_Tracheophyta_Magnoliopsida_Gentianales_Rubiaceae_Psychotria_poeppigiana/65e46d16-77ed-43c7-a2d4-b3322aafc7fb.jpg,2249,1905,0,1905,2249,510,423,1049,0.072265625,0.053955078125,0.04486083984375,0.030181884765625,0.0226287841796875,1,2,hot lips,pink lady's slipper,hot lips,Poplar Leaf Beetle,scarlet monkeyflower,Spotless Ladybird
val/08377_Plantae_Tracheophyta_Magnoliopsida_Geraniales_Geraniaceae_Geranium_palustre/1d44a470-cd81-41d5-9731-82949cf21dcb.jpg,2251,390,0,390,446,2122,444,2251,0.2198486328125,0.11529541015625,0.06317138671875,0.055450439453125,0.019989013671875,1,5,Marsh Crane's-bill,Drummond's phlox,rose evening primrose,red campion,Island Mallow,Marsh Crane's-bill
val/08387_Plantae_Tracheophyta_Magnoliopsida_Geraniales_Geraniaceae_Geranium_sylvaticum/8c45876a-ea0d-4b61-8974-4744df3a92fa.jpg,2253,2251,0,2251,2253,1104,884,431,0.08856201171875,0.058135986328125,0.02996826171875,0.02740478515625,0.0272674560546875,1,2,woodland geranium,Marsh Crane's-bill,woodland geranium,Large Red-tailed Bumblebee,fall phlox,Dakota mock vervain
val/08391_Plantae_Tracheophyta_Magnoliopsida_Geraniales_Geraniaceae_Pelargonium_triste/a7aaa5d5-2a68-4b10-8193-fd4910f0a40e.jpg,2254,2233,0,2233,2254,287,360,852,0.13232421875,0.0860595703125,0.0772705078125,0.0504150390625,0.03466796875,1,2,Cinnamon Geranium,Fringed Bluestar,Cinnamon Geranium,Branched Asphodel,ragged-Robin,Borage
val/08429_Plantae_Tracheophyta_Magnoliopsida_Lamiales_Lamiaceae_Betonica_officinalis/16a39dd3-ac3a-423e-b4e6-8d65fcc42f7a.jpg,2256,2025,0,2025,2486,2256,2002,2074,0.1529541015625,0.0960693359375,0.09356689453125,0.033050537109375,0.028167724609375,1,3,Common Hedge-nettle,Bristly Ox-Tongue,little hard fern,Common Hedge-nettle,giant ragweed,stickseed
val/08440_Plantae_Tracheophyta_Magnoliopsida_Lamiales_Lamiaceae_Galeopsis_speciosa/d06bd766-2078-4ee4-ae68-b0653e090608.jpg,2257,1906,0,1906,295,2257,290,1907,0.134521484375,0.0389404296875,0.0318603515625,0.030242919921875,0.0252838134765625,1,3,Large-flowered Hemp-nettle,Lady's-slipper,Philippine Ground Orchid,Large-flowered Hemp-nettle,Red Helleborine,showy lady's slipper
val/08490_Plantae_Tracheophyta_Magnoliopsida_Lamiales_Lamiaceae_Salvia_leucophylla/0008332a-981f-4009-91e2-fec0604b9c72.jpg,2264,325,0,325,369,2264,927,2192,0.10931396484375,0.08538818359375,0.07611083984375,0.060272216796875,0.04974365234375,1,3,purple sage,tall boneset,beach knotweed,purple sage,snow-on-the-mountain,slender bush clover
val/08490_Plantae_Tracheophyta_Magnoliopsida_Lamiales_Lamiaceae_Salvia_leucophylla/1457dd54-ef4b-4563-b392-4a3fb20e4345.jpg,2264,829,0,829,874,1923,369,2264,0.1253662109375,0.05908203125,0.0574951171875,0.037017822265625,0.034820556640625,1,5,purple sage,Siam weed,Naked Buckwheat,Carolina Redroot,beach knotweed,purple sage
val/08493_Plantae_Tracheophyta_Magnoliopsida_Lamiales_Lamiaceae_Salvia_microphylla/673d3651-d896-47c7-85b0-52f458d63a3f.jpg,2265,860,0,860,2446,2211,2266,2265,0.0992431640625,0.0826416015625,0.054840087890625,0.04779052734375,0.0386962890625,1,5,Baby Sage,heart-leaf ice plant,scarlet creeper,shrubby milkwort,cedar sage,Baby Sage
val/08495_Plantae_Tracheophyta_Magnoliopsida_Lamiales_Lamiaceae_Salvia_roemeriana/32e0779b-6623-4567-8d43-3a4cbb07b7a3.jpg,2266,2263,0,2263,2265,2446,2266,869,0.2452392578125,0.163330078125,0.1375732421875,0.1199951171875,0.09716796875,1,4,cedar sage,Tropical sage,Baby Sage,scarlet creeper,cedar sage,fire pink
val/08495_Plantae_Tracheophyta_Magnoliopsida_Lamiales_Lamiaceae_Salvia_roemeriana/0b032c45-3fc1-4a74-8aa9-c0bda2c79ca1.jpg,2266,2286,0,2286,2287,2347,2266,2069,0.10009765625,0.0780029296875,0.0460205078125,0.04296875,0.03070068359375,1,4,cedar sage,beardlip penstemon,firecracker penstemon,California fuchsia,cedar sage,cardinal flower
val/08566_Plantae_Tracheophyta_Magnoliopsida_Lamiales_Orobanchaceae_Bellardia_viscosa/ba5e67e9-459c-49f4-a578-fce94311fdc8.jpg,2275,438,0,438,399,2275,2086,2006,0.15673828125,0.0517578125,0.042266845703125,0.03424072265625,0.029876708984375,1,3,Yellow Glandweed,Klamath weed,California goldenbanner,Yellow Glandweed,field mustard,Trifid bur-marigold
val/08573_Plantae_Tracheophyta_Magnoliopsida_Lamiales_Orobanchaceae_Castilleja_densiflora/cb1523d7-fa1a-488e-a8c2-69b019d6b045.jpg,2276,2163,0,2163,942,2129,2276,2367,0.0673828125,0.03662109375,0.030364990234375,0.030181884765625,0.0257720947265625,1,4,Denseflower Indian Paintbrush,Rhodora,Browneyes,Oregon Bitterroot,Denseflower Indian Paintbrush,Cutleaf Anemone
val/08590_Plantae_Tracheophyta_Magnoliopsida_Lamiales_Orobanchaceae_Conopholis_americana/a303009d-4d1a-42e3-a741-690819377752.jpg,2278,1029,0,1029,2278,2455,2133,465,0.1329345703125,0.0751953125,0.033599853515625,0.0295562744140625,0.0193023681640625,1,2,bear corn,Pacific Barnacle,bear corn,thickleaf groundcherry,cushion buckwheat,Blackthorn
val/08608_Plantae_Tracheophyta_Magnoliopsida_Lamiales_Orobanchaceae_Pedicularis_labradorica/a03a1e21-7c2f-41d1-a607-d4aece133165.jpg,2279,943,0,943,885,2006,2279,878,0.280029296875,0.035369873046875,0.033111572265625,0.032257080078125,0.0258636474609375,1,4,Labrador Lousewort,Large-flowered Evening-primrose,whorled loosestrife,Trifid bur-marigold,Labrador Lousewort,Japanese honeysuckle
val/08608_Plantae_Tracheophyta_Magnoliopsida_Lamiales_Orobanchaceae_Pedicularis_labradorica/7eb5bd65-09a5-44dc-b592-6c80594356df.jpg,2279,2205,0,2205,2006,2279,920,2029,0.15673828125,0.1090087890625,0.08306884765625,0.034759521484375,0.0308074951171875,1,3,Labrador Lousewort,Lesser hop trefoil,Trifid bur-marigold,Labrador Lousewort,Yellow-flowered waterhyssop,Marsh Jaumea
val/08627_Plantae_Tracheophyta_Magnoliopsida_Lamiales_Phrymaceae_Erythranthe_guttata/e206ec02-d90f-4f18-a51c-75573730daae.jpg,2281,2463,0,2463,2281,952,1927,2364,0.26416015625,0.0784912109375,0.0614013671875,0.0576171875,0.033966064453125,1,2,seep monkeyflower,Arizona poppy,seep monkeyflower,sea poppy,Clubhair Mariposa Lily,Bush Poppy
val/08647_Plantae_Tracheophyta_Magnoliopsida_Lamiales_Plantaginaceae_Keckiella_ternata/ecbf8b39-6586-4811-8801-ffb1efd6dd78.jpg,2284,2347,0,2347,2284,2266,423,2263,0.045989990234375,0.040008544921875,0.032135009765625,0.0204620361328125,0.019989013671875,1,2,Scarlet Keckiella,California fuchsia,Scarlet Keckiella,cedar sage,scarlet monkeyflower,Tropical sage
val/08658_Plantae_Tracheophyta_Magnoliopsida_Lamiales_Plantaginaceae_Penstemon_barbatus/019ae86f-53be-4a5f-9f22-9a22e1abe114.jpg,2286,2347,0,2347,2286,2370,2069,423,0.3974609375,0.1531982421875,0.09796142578125,0.058502197265625,0.058258056640625,1,2,beardlip penstemon,California fuchsia,beardlip penstemon,western columbine,cardinal flower,scarlet monkeyflower
val/08663_Plantae_Tracheophyta_Magnoliopsida_Lamiales_Plantaginaceae_Penstemon_eatonii/6401f6b7-f934-42b8-b19c-46b1fd0e1633.jpg,2287,2347,0,2347,2286,2069,869,2287,0.56787109375,0.11627197265625,0.1046142578125,0.042144775390625,0.03765869140625,1,5,firecracker penstemon,California fuchsia,beardlip penstemon,cardinal flower,fire pink,firecracker penstemon
val/08665_Plantae_Tracheophyta_Magnoliopsida_Lamiales_Plantaginaceae_Penstemon_heterophyllus/c80c92c8-b96b-4409-8336-193f9ddfac32.jpg,2288,2196,0,2196,2288,2186,416,797,0.0777587890625,0.07769775390625,0.060638427734375,0.0418701171875,0.032073974609375,1,2,Bunchleaf Penstemon,collared annual lupine,Bunchleaf Penstemon,feather dalea,woolly blue curls,Sawfly Orchid
val/08678_Plantae_Tracheophyta_Magnoliopsida_Lamiales_Plantaginaceae_Plantago_maritima/cc1b6611-18fc-49e5-90a6-fd5a611a26a8.jpg,2289,1978,0,1978,1959,2289,1977,1962,0.1751708984375,0.05255126953125,0.03973388671875,0.0333251953125,0.028778076171875,1,3,Sea Plantain,Bread Wheat,Buffel Grass,Sea Plantain,cordgrass,squirreltail
val/08688_Plantae_Tracheophyta_Magnoliopsida_Lamiales_Plantaginaceae_Veronica_anagallis-aquatica/cf0c6783-a336-454b-86d9-fab69da3d292.jpg,2291,853,0,853,2098,2291,923,2325,0.1064453125,0.08642578125,0.0643310546875,0.057373046875,0.0275115966796875,1,3,blue water-speedwell,corn gromwell,field penny-cress,blue water-speedwell,Brooklime,yellow willow
val/08699_Plantae_Tracheophyta_Magnoliopsida_Lamiales_Plantaginaceae_Veronica_polita/0939a5ac-eaac-4e43-b875-e9bf29b05880.jpg,2293,924,0,924,2293,426,2077,2080,0.287109375,0.26611328125,0.083740234375,0.06134033203125,0.0193023681640625,1,2,Grey Field-speedwell,Persian Speedwell,Grey Field-speedwell,Slender speedwell,Texas baby blue eyes,Fiesta Flower
val/08700_Plantae_Tracheophyta_Magnoliopsida_Lamiales_Plantaginaceae_Veronica_salicifolia/9e2525dd-786c-47a2-bc6e-af53b8e96c39.jpg,2294,2004,0,2004,2294,809,404,2002,0.18505859375,0.1318359375,0.065673828125,0.038543701171875,0.035186767578125,1,2,koromiko,California mugwort,koromiko,White Bear Sedge,California Wax Myrtle,giant ragweed
val/08740_Plantae_Tracheophyta_Magnoliopsida_Lamiales_Verbenaceae_Verbena_officinalis/469e487a-6100-484b-b53c-8612009495c5.jpg,2304,868,0,868,921,296,1890,2304,0.042572021484375,0.0401611328125,0.0352783203125,0.025146484375,0.0169219970703125,1,5,Common vervain,starry campion,foxglove beardtongue,Slender Ladies' Tresses,white brodiaea,Common vervain
val/08775_Plantae_Tracheophyta_Magnoliopsida_Malpighiales_Euphorbiaceae_Croton_monanthogynus/26f2d3ea-47f4-42e3-b8af-a9e6cd8b84f1.jpg,2310,2234,0,2234,2230,2422,2310,435,0.077392578125,0.07086181640625,0.046966552734375,0.046173095703125,0.0321044921875,1,4,Prairie Tea,hemp dogbane,bog myrtle,common hoptree,Prairie Tea,Tropic Croton
val/08789_Plantae_Tracheophyta_Magnoliopsida_Malpighiales_Euphorbiaceae_Euphorbia_fendleri/1642f302-4022-45ff-86a9-7d9b1f708d87.jpg,2312,2136,0,2136,436,2312,377,950,0.09912109375,0.06951904296875,0.0174560546875,0.01490020751953125,0.0137786865234375,1,3,Fendler's sandmat,pink knotweed,Florida Hammock Sandmat,Fendler's sandmat,Western Snowberry,creeping mahonia
val/08791_Plantae_Tracheophyta_Magnoliopsida_Malpighiales_Euphorbiaceae_Euphorbia_heterophylla/28c10c2e-801c-4576-b2a0-30a60f259607.jpg,2313,435,0,435,2313,2234,2310,2311,0.298583984375,0.13818359375,0.06951904296875,0.059051513671875,0.040771484375,1,2,painted spurge,Tropic Croton,painted spurge,hemp dogbane,Prairie Tea,flowering spurge
val/08828_Plantae_Tracheophyta_Magnoliopsida_Malpighiales_Hypericaceae_Hypericum_fraseri/3cc015ee-1c72-4932-852e-70258c3df5cf.jpg,2319,1078,0,1078,869,1093,2319,2277,0.04595947265625,0.04296875,0.0244903564453125,0.0226593017578125,0.0189208984375,1,4,Fraser's marsh St. John's-wort,Dusky-winged Hover Fly,fire pink,Leptoglossus zonatus,Fraser's marsh St. John's-wort,Texas Paintbrush
val/08837_Plantae_Tracheophyta_Magnoliopsida_Malpighiales_Linaceae_Linum_bienne/d091c0c3-fa99-4a15-92d5-be0263f61b6c.jpg,2322,793,0,793,2323,2322,2244,936,0.055816650390625,0.0401611328125,0.02691650390625,0.0209808349609375,0.0204315185546875,1,3,Pale flax,Rosy sandcrocus,Meadow Flax,Pale flax,marsh pink,Rock Hibiscus
val/08893_Plantae_Tracheophyta_Magnoliopsida_Malpighiales_Violaceae_Viola_hirta/e5a2d74a-27ac-40cf-9f83-98ce0e4b11f3.jpg,2327,785,0,785,935,2329,2327,410,0.1025390625,0.0858154296875,0.060272216796875,0.041748046875,0.035797119140625,1,4,Hairy Violet,Alpine Squill,common dog-violet,Sweet violet,Hairy Violet,carpet bugle
val/08906_Plantae_Tracheophyta_Magnoliopsida_Malpighiales_Violaceae_Viola_primulifolia/c075b04d-580a-4b78-9871-776a9c2a2d82.jpg,2331,2271,0,2271,2331,2211,2348,2248,0.07122802734375,0.056365966796875,0.03790283203125,0.032196044921875,0.031036376953125,1,2,primrose-leaved violet,Alpine Butterwort,primrose-leaved violet,shrubby milkwort,Pinkladies,tiny bluet
val/08926_Plantae_Tracheophyta_Magnoliopsida_Malvales_Cistaceae_Crocanthemum_scoparium/f37560d8-01e8-45ee-a03d-a4748b4771bd.jpg,2333,2207,0,2207,2090,823,2333,395,0.1060791015625,0.096923828125,0.0777587890625,0.05767822265625,0.055999755859375,1,4,peak rushrose,gorse,western wallflower,San Diego County Viguiera,peak rushrose,Scotch Broom
val/08926_Plantae_Tracheophyta_Magnoliopsida_Malvales_Cistaceae_Crocanthemum_scoparium/99f03162-105c-4a65-9233-75a41550bceb.jpg,2333,2090,0,2090,374,2281,2333,1927,0.0662841796875,0.051910400390625,0.05029296875,0.030487060546875,0.0272216796875,1,4,peak rushrose,western wallflower,Streambank Stickleaf,seep monkeyflower,peak rushrose,Clubhair Mariposa Lily
val/08941_Plantae_Tracheophyta_Magnoliopsida_Malvales_Malvaceae_Gossypium_hirsutum/b08fd77b-6fc8-443c-a629-33ab6f803191.jpg,2335,921,0,921,188,2,735,2335,0.053314208984375,0.0166168212890625,0.0150146484375,0.01383209228515625,0.01291656494140625,1,5,Upland Cotton,foxglove beardtongue,Cerulean Warbler,Six-spotted Fishing Spider,Knysna Dwarf Chameleon,Upland Cotton
val/08958_Plantae_Tracheophyta_Magnoliopsida_Malvales_Malvaceae_Malva_neglecta/6b5a7fb4-34aa-4369-9bc9-05de6359e1de.jpg,2338,2293,0,2293,482,970,2338,2076,0.0867919921875,0.07843017578125,0.048675537109375,0.03759765625,0.033782958984375,1,4,common mallow,Grey Field-speedwell,Obscure Morning Glory,swamp dewberry,common mallow,fivespot
val/08967_Plantae_Tracheophyta_Magnoliopsida_Malvales_Malvaceae_Modiola_caroliniana/473ea8ce-59c6-4178-a90e-f101ec141afc.jpg,2340,938,0,938,2340,937,481,2407,0.03485107421875,0.02557373046875,0.02508544921875,0.0224761962890625,0.0187530517578125,1,2,Modiola,bracted fanpetals,Modiola,flower-of-an-hour,red morning glory,Dog-rose
val/09015_Plantae_Tracheophyta_Magnoliopsida_Myrtales_Myrtaceae_Metrosideros_diffusa/497cd0b9-adc5-4e0a-9e5f-d04a6d4701c8.jpg,2344,998,0,998,2344,494,348,2231,0.2462158203125,0.09112548828125,0.0628662109375,0.049652099609375,0.042633056640625,1,2,white climbing rata,northern maidenhair fern,white climbing rata,Hen and Chicks Fern,hairy bittercress,Silver beech
val/09031_Plantae_Tracheophyta_Magnoliopsida_Myrtales_Onagraceae_Circaea_alpina/ae6f9e87-eac5-494c-b7f4-b2993306d762.jpg,2346,348,0,348,2083,2346,411,995,0.10809326171875,0.051971435546875,0.02996826171875,0.027984619140625,0.0228424072265625,1,3,Alpine Enchanter's-nightshade,hairy bittercress,Jack-by-the-hedge,Alpine Enchanter's-nightshade,lemon balm,Hooker's Spleenwort
val/09084_Plantae_Tracheophyta_Magnoliopsida_Nymphaeales_Nymphaeaceae_Nymphaea_candida/0046c112-6d34-41fc-bbff-042fd582424d.jpg,2349,2409,0,2409,1929,2349,1839,1028,0.04638671875,0.04608154296875,0.04193115234375,0.01146697998046875,0.01068878173828125,1,3,Nymphaea candida,Burnet Rose,Butterfly Mariposa Lily,Nymphaea candida,Smoky-gilled Hypholoma,Goose Barnacle
val/09111_Plantae_Tracheophyta_Magnoliopsida_Piperales_Aristolochiaceae_Asarum_caudatum/9618c2cf-2c1a-4dd6-9ff2-734586595c53.jpg,2353,1828,0,1828,2162,2353,799,2328,0.10369873046875,0.0908203125,0.053253173828125,0.048187255859375,0.0361328125,1,3,Western Wild Ginger,Parrot Mushroom,shinleaf,Western Wild Ginger,Round-leaved Bog Orchid,Miracle Violet
val/09139_Plantae_Tracheophyta_Magnoliopsida_Proteales_Proteaceae_Protea_repens/d29b94ca-c97f-4224-9df0-8f8ce34260e9.jpg,2356,2181,0,2181,1880,2356,369,404,0.038330078125,0.036865234375,0.0230560302734375,0.0207061767578125,0.01456451416015625,1,3,Common Sugarbush,common kidneyvetch,red spider lily,Common Sugarbush,beach knotweed,California Wax Myrtle
val/09145_Plantae_Tracheophyta_Magnoliopsida_Ranunculales_Berberidaceae_Berberis_nervosa/5c802d1b-eb99-4eb6-a5b7-0d3104161281.jpg,2358,2420,0,2420,2358,2227,2272,2462,0.18115234375,0.065185546875,0.06298828125,0.0621337890625,0.050201416015625,1,2,Cascade Oregon-grape,Kohekohe,Cascade Oregon-grape,mockernut,white ash,muscadine
val/09154_Plantae_Tracheophyta_Magnoliopsida_Ranunculales_Berberidaceae_Podophyllum_peltatum/180e9661-0c8e-4298-93f2-74852682dffa.jpg,2359,809,0,809,997,814,1922,2359,0.17822265625,0.11236572265625,0.0745849609375,0.05938720703125,0.05279541015625,1,5,mayapple,White Bear Sedge,Hart's-tongue fern,deertongue,Wandering Jew,mayapple
val/09157_Plantae_Tracheophyta_Magnoliopsida_Ranunculales_Menispermaceae_Menispermum_canadense/f68d443b-2082-4326-b77b-d46b12adeb9d.jpg,2360,2362,0,2362,480,2360,2083,2462,0.086669921875,0.05035400390625,0.03912353515625,0.016143798828125,0.0158233642578125,1,3,moonseed,Greater celandine,youth on age,moonseed,Jack-by-the-hedge,muscadine
val/09166_Plantae_Tracheophyta_Magnoliopsida_Ranunculales_Papaveraceae_Corydalis_cava/7fc81e27-238a-40a2-806d-89bb0852c14c.jpg,2363,915,0,915,2363,2373,922,1930,0.40576171875,0.13232421875,0.1318359375,0.021636962890625,0.0123138427734375,1,2,Hollowroot,Velvetbells,Hollowroot,dwarf larkspur,Small-flower Beardtongue,Siberian Fawn Lily
val/09166_Plantae_Tracheophyta_Magnoliopsida_Ranunculales_Papaveraceae_Corydalis_cava/ec35b147-04a9-43ce-9c49-af37ced8efb2.jpg,2363,1915,0,1915,2363,915,410,2373,0.0953369140625,0.089599609375,0.04266357421875,0.03228759765625,0.0262451171875,1,2,Hollowroot,giant orchid,Hollowroot,Velvetbells,carpet bugle,dwarf larkspur
val/09178_Plantae_Tracheophyta_Magnoliopsida_Ranunculales_Papaveraceae_Fumaria_capreolata/2242f53d-3dda-4084-af72-e18fa80609b3.jpg,2366,2321,0,2321,2285,335,2366,349,0.06585693359375,0.04833984375,0.0360107421875,0.025848388671875,0.024139404296875,1,4,white ramping-fumitory,Dwarf St. John's Wort,snapdragon vine,leafcup,white ramping-fumitory,narrow-leaved bittercress
val/09208_Plantae_Tracheophyta_Magnoliopsida_Ranunculales_Ranunculaceae_Anemone_multifida/703243af-9563-4524-b161-66610b27015a.jpg,2367,2303,0,2303,277,2367,2129,2191,0.020111083984375,0.0177154541015625,0.0171356201171875,0.01119232177734375,0.0110015869140625,1,3,Cutleaf Anemone,prostrate vervain,Sponge Weed,Cutleaf Anemone,Oregon Bitterroot,Chinese bushclover
val/09219_Plantae_Tracheophyta_Magnoliopsida_Ranunculales_Ranunculaceae_Aquilegia_flavescens/36f9912f-25a6-4eb8-8caa-85e954d485c7.jpg,2369,438,0,438,943,2283,2369,374,0.177978515625,0.1502685546875,0.08837890625,0.057708740234375,0.04461669921875,1,4,yellow columbine,Klamath weed,Large-flowered Evening-primrose,chaparral beardtongue,yellow columbine,Streambank Stickleaf
val/09253_Plantae_Tracheophyta_Magnoliopsida_Ranunculales_Ranunculaceae_Hydrastis_canadensis/46baf5f6-895e-4537-9c6d-16364b5dadb4.jpg,2374,451,0,451,2259,2374,2250,314,0.1236572265625,0.06976318359375,0.051025390625,0.032745361328125,0.025726318359375,1,3,Goldenseal,black cohosh,common motherwort,Goldenseal,spotted geranium,Japanese aralia
val/09266_Plantae_Tracheophyta_Magnoliopsida_Ranunculales_Ranunculaceae_Ranunculus_fascicularis/70122295-7cff-4956-9a7d-2610ae64f9de.jpg,2375,452,0,452,328,2378,2377,2375,0.255859375,0.09051513671875,0.08209228515625,0.048492431640625,0.0282135009765625,1,5,Early Buttercup,Spring Adonis,Bitterweed,Western Buttercup,sagebrush buttercup,Early Buttercup
val/09268_Plantae_Tracheophyta_Magnoliopsida_Ranunculales_Ranunculaceae_Ranunculus_glaberrimus/5c867609-f967-49fd-92a3-cc8c97ae0a05.jpg,2377,2013,0,2013,2377,2378,1928,458,0.138671875,0.1317138671875,0.10333251953125,0.045989990234375,0.0423583984375,1,2,sagebrush buttercup,Brass Buttons,sagebrush buttercup,Western Buttercup,Mount Diablo fairy-lantern,meadow buttercup
val/09268_Plantae_Tracheophyta_Magnoliopsida_Ranunculales_Ranunculaceae_Ranunculus_glaberrimus/78abc03f-60eb-48d7-bc40-f92ada44f08e.jpg,2377,1927,0,1927,442,2378,952,2377,0.05828857421875,0.05621337890625,0.05426025390625,0.046417236328125,0.04632568359375,1,5,sagebrush buttercup,Clubhair Mariposa Lily,Round-leaved Violet,Western Buttercup,sea poppy,sagebrush buttercup
val/09271_Plantae_Tracheophyta_Magnoliopsida_Ranunculales_Ranunculaceae_Ranunculus_occidentalis/5c4d64b0-8ac4-419b-9800-81c9faca9768.jpg,2378,920,0,920,2440,2119,2293,2378,0.119384765625,0.1077880859375,0.04302978515625,0.02825927734375,0.02667236328125,1,5,Western Buttercup,Yellow-flowered waterhyssop,Alternate-leaved Golden Saxifrage,Largeleaf Sandwort,Grey Field-speedwell,Western Buttercup
val/09278_Plantae_Tracheophyta_Magnoliopsida_Ranunculales_Ranunculaceae_Thalictrum_dioicum/da04df78-4d8c-44af-9f55-afca1369ed25.jpg,2380,370,0,370,958,362,2380,385,0.1453857421875,0.0675048828125,0.057830810546875,0.03607177734375,0.028533935546875,1,4,early meadow-rue,woodland pterostegia,Shrub Yellowroot,Small-leaved Blinks,early meadow-rue,Gaultheria antipoda
val/09284_Plantae_Tracheophyta_Magnoliopsida_Ranunculales_Ranunculaceae_Trollius_asiaticus/17dc97a2-3503-4eb9-948c-56e432e93166.jpg,2382,2340,0,2340,2382,2181,2006,1305,0.08941650390625,0.08477783203125,0.06463623046875,0.060577392578125,0.05499267578125,1,2,Trollius asiaticus,Modiola,Trollius asiaticus,common kidneyvetch,Trifid bur-marigold,Red-based Jezebel
val/09329_Plantae_Tracheophyta_Magnoliopsida_Rosales_Rhamnaceae_Ceanothus_prostratus/bd2a127f-68c1-4101-928d-d3197c20b244.jpg,2390,2127,0,2127,2310,2390,2335,436,0.125244140625,0.11865234375,0.070556640625,0.04425048828125,0.042572021484375,1,3,Mahala mat,miner's lettuce,Prairie Tea,Mahala mat,Upland Cotton,Florida Hammock Sandmat
val/09333_Plantae_Tracheophyta_Magnoliopsida_Rosales_Rhamnaceae_Ceanothus_verrucosus/00f6891d-2dc0-4886-aee1-cf0416a1ba33.jpg,2391,2389,0,2389,2391,2000,350,463,0.51708984375,0.183349609375,0.043670654296875,0.01593017578125,0.01387786865234375,1,2,Wart-stemmed Ceanothus,hairy ceanothus,Wart-stemmed Ceanothus,Shrubby boneset,California shieldpod,desert almond
val/09381_Plantae_Tracheophyta_Magnoliopsida_Rosales_Rosaceae_Filipendula_rubra/f57ea490-9dd4-426b-8a90-cd9484830f16.jpg,2397,1105,0,1105,2020,2235,1144,2397,0.032135009765625,0.027801513671875,0.0261688232421875,0.0238037109375,0.02020263671875,1,5,queen of the prairie,Yellow-banded Bumble Bee,hemp agrimony,swamp milkweed,Jersey Tiger,queen of the prairie
val/09393_Plantae_Tracheophyta_Magnoliopsida_Rosales_Rosaceae_Geum_triflorum/2f413c97-652c-4e8e-babf-472ffca26945.jpg,2399,1574,0,1574,2399,2337,2007,2254,0.30419921875,0.03814697265625,0.0303497314453125,0.01666259765625,0.01250457763671875,1,2,prairie smoke,Common Waxbill,prairie smoke,Tree Mallow,Carline Thistle,Cinnamon Geranium
val/09393_Plantae_Tracheophyta_Magnoliopsida_Rosales_Rosaceae_Geum_triflorum/9f9510f5-eb89-4575-9b84-0c0a87150ac3.jpg,2399,2368,0,2368,2399,2122,2433,295,0.11669921875,0.09185791015625,0.06719970703125,0.04327392578125,0.031982421875,1,2,prairie smoke,red columbine,prairie smoke,red campion,Panamint liveforever,Philippine Ground Orchid
val/09417_Plantae_Tracheophyta_Magnoliopsida_Rosales_Rosaceae_Prunus_angustifolia/8bff3b4e-0c52-4494-904a-ebe3523f4ea4.jpg,2402,2404,0,2404,2450,2402,964,1109,0.04437255859375,0.0379638671875,0.035430908203125,0.0307464599609375,0.0258941650390625,1,3,Chickasaw plum,Common Pear,Japanese-lantern,Chickasaw plum,Carolina buckthorn,California Gall Wasp
val/09418_Plantae_Tracheophyta_Magnoliopsida_Rosales_Rosaceae_Prunus_avium/3ff9c3a6-e2f0-4734-91b8-af035bff8ce0.jpg,2403,2212,0,2212,994,2403,1230,1339,0.68603515625,0.029571533203125,0.025146484375,0.01259613037109375,0.007640838623046875,1,3,sweet cherry,sweet birch,soft tree fern,sweet cherry,Green Cutworm Moth,Carolina Mantis
val/09443_Plantae_Tracheophyta_Magnoliopsida_Rosales_Rosaceae_Rosa_arkansana/c469befd-6b44-4981-8ed9-442d1cafb19d.jpg,2405,2407,0,2407,2394,2405,2438,973,0.09832763671875,0.0830078125,0.072998046875,0.04156494140625,0.0215606689453125,1,3,prairie rose,Dog-rose,Dwarf Serviceberry,prairie rose,mountain pink currant,Mountain Spiraea
val/09496_Plantae_Tracheophyta_Magnoliopsida_Rosales_Rosaceae_Spiraea_tomentosa/dfb4f979-4388-493e-aff1-3e6d92193424.jpg,2411,2397,0,2397,1916,2411,2305,2022,0.159912109375,0.133056640625,0.046234130859375,0.0281982421875,0.0279693603515625,1,3,Steeplebush,queen of the prairie,Burnt-tip Orchid,Steeplebush,hoary vervain,spotted Joe-Pye-weed
val/09496_Plantae_Tracheophyta_Magnoliopsida_Rosales_Rosaceae_Spiraea_tomentosa/66eb02fd-0fa9-4aa5-960a-905df16af82e.jpg,2411,2033,0,2033,2411,367,2160,428,0.476318359375,0.25244140625,0.0491943359375,0.048675537109375,0.016632080078125,1,2,Steeplebush,prairie blazing star,Steeplebush,redshank,woodland pinedrops,Dark Mullein
val/09520_Plantae_Tracheophyta_Magnoliopsida_Santalales_Santalaceae_Arceuthobium_campylopodum/9c4a2256-d701-48f6-9ee4-9a8460412b66.jpg,2415,2218,0,2218,2415,474,2385,1631,0.041595458984375,0.032989501953125,0.0199737548828125,0.0190277099609375,0.017578125,1,2,western dwarf mistletoe,Muller's oak,western dwarf mistletoe,elephant tree,Canadian buffalo-berry,Gray Silky-flycatcher
val/09542_Plantae_Tracheophyta_Magnoliopsida_Sapindales_Anacardiaceae_Rhus_virens/a6f842fe-e830-4ae3-a812-46633f8e5775.jpg,2417,2325,0,2325,2405,2417,2234,379,0.04132080078125,0.040008544921875,0.033599853515625,0.0299072265625,0.0236663818359375,1,3,evergreen sumac,yellow willow,prairie rose,evergreen sumac,hemp dogbane,strawberry tree
val/09552_Plantae_Tracheophyta_Magnoliopsida_Sapindales_Meliaceae_Azadirachta_indica/c57bbf39-3ae3-4df5-9325-6afe645f4ddc.jpg,2419,441,0,441,2465,2419,990,1633,0.40185546875,0.0771484375,0.045257568359375,0.03253173828125,0.031158447265625,1,3,Nim,black willow,eastern red cedar,Nim,red spruce,New Zealand Fantail
val/09558_Plantae_Tracheophyta_Magnoliopsida_Sapindales_Rutaceae_Murraya_paniculata/bc630a86-4bc8-42c9-a1e2-a436006b7552.jpg,2421,2392,0,2392,2155,2421,963,940,0.2186279296875,0.05322265625,0.052154541015625,0.0394287109375,0.034637451171875,1,3,Orange Jasmine,Mediterranean buckthorn,Pinemat Manzanita,Orange Jasmine,Tobacco Brush,myrtle
val/09559_Plantae_Tracheophyta_Magnoliopsida_Sapindales_Rutaceae_Ptelea_trifoliata/f5b7828a-18de-4355-bdd2-a4b69e53ee66.jpg,2422,955,0,955,192,2422,530,961,0.07745361328125,0.03021240234375,0.0299224853515625,0.029541015625,0.0217742919921875,1,3,common hoptree,Pipestem Clematis,Golden-winged Warbler,common hoptree,Tomato Hornworm Parasitoid Wasp,white mulberry
val/09569_Plantae_Tracheophyta_Magnoliopsida_Sapindales_Sapindaceae_Acer_glabrum/166d9254-845c-48ef-b802-5d9b0c0a4f20.jpg,2423,479,0,479,2423,2145,2165,447,0.08062744140625,0.0716552734375,0.050750732421875,0.03338623046875,0.03338623046875,1,2,mountain maple,Goose-berry,mountain maple,Himalayan honeysuckle,California huckleberry,Wineberry
val/09579_Plantae_Tracheophyta_Magnoliopsida_Sapindales_Sapindaceae_Acer_saccharinum/8ec5d78a-9d81-4214-a7cf-1802010323a1.jpg,2427,2239,0,2239,2234,2427,441,814,0.06500244140625,0.04534912109375,0.031768798828125,0.0296173095703125,0.028594970703125,1,3,silver maple,sandvine,hemp dogbane,silver maple,black willow,deertongue
val/09603_Plantae_Tracheophyta_Magnoliopsida_Saxifragales_Crassulaceae_Dudleya_pulverulenta/2c63792a-944a-479d-aa00-da57db14c46f.jpg,2432,449,0,449,2432,909,901,2431,0.0543212890625,0.041412353515625,0.029144287109375,0.0246734619140625,0.0163421630859375,1,2,Chalk Dudleya,Golden Sunshinebush,Chalk Dudleya,black mangrove,white bladderflower,round-leafed navel-wort
val/09604_Plantae_Tracheophyta_Magnoliopsida_Saxifragales_Crassulaceae_Dudleya_saxosa/c24898e7-f23f-4ca8-b029-d134b61c67f0.jpg,2433,1894,0,1894,2325,2433,403,1872,0.055633544921875,0.045928955078125,0.04254150390625,0.041107177734375,0.033538818359375,1,3,Panamint liveforever,aloe vera,yellow willow,Panamint liveforever,willow oak,Arrowhead
val/09604_Plantae_Tracheophyta_Magnoliopsida_Saxifragales_Crassulaceae_Dudleya_saxosa/ffa49140-0c00-48a1-919b-4332b9953760.jpg,2433,844,0,844,809,1872,778,2433,0.06878662109375,0.042449951171875,0.041656494140625,0.0273590087890625,0.025238037109375,1,5,Panamint liveforever,Coastal Camphor Bush,White Bear Sedge,Arrowhead,Golden Club,Panamint liveforever
val/09609_Plantae_Tracheophyta_Magnoliopsida_Saxifragales_Crassulaceae_Orostachys_spinosa/cf083433-a895-4f3e-9738-1a41b03304dd.jpg,2434,1873,0,1873,2274,2434,944,1862,0.04583740234375,0.02703857421875,0.02252197265625,0.0175323486328125,0.01092529296875,1,3,spiny pennywort,Italian arum,clustered broomrape,spiny pennywort,vliebos,jellied false coral
val/09619_Plantae_Tracheophyta_Magnoliopsida_Saxifragales_Crassulaceae_Sedum_spathulifolium/46024ed8-7379-4d15-9fca-1d51d5f7097f.jpg,2436,2133,0,2133,2091,836,2436,478,0.06683349609375,0.0261688232421875,0.01959228515625,0.0182952880859375,0.0143585205078125,1,4,Colorado Stonecrop,cushion buckwheat,Wallflower,common woolly sunflower,Colorado Stonecrop,western roseroot
val/09619_Plantae_Tracheophyta_Magnoliopsida_Saxifragales_Crassulaceae_Sedum_spathulifolium/418ab8f1-b9f2-40e5-a611-fa1abf65533e.jpg,2436,2413,0,2413,918,827,2436,2197,0.1689453125,0.100830078125,0.047271728515625,0.03692626953125,0.035003662109375,1,4,Colorado Stonecrop,spreading pellitory,Herb-of-Grace,straggler daisy,Colorado Stonecrop,Spotted medick
val/09649_Plantae_Tracheophyta_Magnoliopsida_Saxifragales_Saxifragaceae_Chrysosplenium_alternifolium/22dc5e29-886c-4a9c-8c16-4d6e10837b4c.jpg,2440,913,0,913,2440,32,430,1858,0.049652099609375,0.044158935546875,0.0384521484375,0.0193939208984375,0.01446533203125,1,2,Alternate-leaved Golden Saxifrage,humped bladderwort,Alternate-leaved Golden Saxifrage,Jagged Ambush Bug,golden dewdrop,Southern Cinnabar Polypore
val/09662_Plantae_Tracheophyta_Magnoliopsida_Saxifragales_Saxifragaceae_Micranthes_virginiensis/25d282e1-3276-4e41-8dea-abfc16b66845.jpg,2441,2162,0,2162,2169,1933,2441,919,0.0455322265625,0.04449462890625,0.041473388671875,0.037750244140625,0.0277557373046875,1,4,Early Saxifrage,shinleaf,spiny phlox,rough-fruited fairybells,Early Saxifrage,white turtlehead
val/09670_Plantae_Tracheophyta_Magnoliopsida_Saxifragales_Saxifragaceae_Saxifraga_tricuspidata/ff37c7f4-081e-418b-b35e-431ee28f3c5c.jpg,2443,2134,0,2134,962,1869,2443,2441,0.1727294921875,0.11322021484375,0.079345703125,0.061187744140625,0.046783447265625,1,4,Prickly Saxifrage,Seacliff Wild Buckwheat,hoaryleaf ceanothus,bristly haircap moss,Prickly Saxifrage,Early Saxifrage
val/09671_Plantae_Tracheophyta_Magnoliopsida_Saxifragales_Saxifragaceae_Tellima_grandiflora/084cc975-61f9-406c-963d-9a1366f7d900.jpg,2444,2269,0,2269,1917,2444,2093,480,0.055999755859375,0.034515380859375,0.02874755859375,0.02667236328125,0.02459716796875,1,3,fringe cups,Perennial Yellow-woundwort,Common Twayblade,fringe cups,field peppergrass,youth on age
val/09712_Plantae_Tracheophyta_Magnoliopsida_Solanales_Solanaceae_Alkekengi_officinarum/cfa85978-c9f3-4520-ab34-a7ca7c1ea43c.jpg,2450,481,0,481,1049,953,2450,2249,0.137939453125,0.12127685546875,0.11846923828125,0.089599609375,0.07403564453125,1,4,Japanese-lantern,red morning glory,Spotless Ladybird,red baneberry,Japanese-lantern,hot lips
val/09713_Plantae_Tracheophyta_Magnoliopsida_Solanales_Solanaceae_Atropa_belladonna/3894937e-074f-4937-8e1c-a5cc19d4b7ec.jpg,2451,1808,0,1808,2451,1794,1804,1796,0.197021484375,0.051849365234375,0.03863525390625,0.03802490234375,0.037200927734375,1,2,deadly nightshade,Cat's Eye Snail,deadly nightshade,Channeled Applesnail,Robust Lancetooth Snail,Lewis' Moon Snail
val/09747_Plantae_Tracheophyta_Magnoliopsida_Solanales_Solanaceae_Solanum_rostratum/03a2735b-46a1-492c-9461-9922a6849c43.jpg,2461,2101,0,2101,2461,438,374,2442,0.10894775390625,0.07855224609375,0.041046142578125,0.035491943359375,0.032470703125,1,2,buffalo bur,Bladderpod,buffalo bur,Klamath weed,Streambank Stickleaf,Yellow Saxifrage
val/09764_Plantae_Tracheophyta_Magnoliopsida_Vitales_Vitaceae_Vitis_rotundifolia/3240e206-2617-4d4d-9f07-7d337e052e70.jpg,2462,447,0,447,2462,2388,480,2358,0.78857421875,0.033203125,0.00991058349609375,0.007904052734375,0.0072784423828125,1,2,muscadine,Wineberry,muscadine,red mulberry,youth on age,Cascade Oregon-grape
val/09785_Plantae_Tracheophyta_Pinopsida_Pinales_Cupressaceae_Juniperus_occidentalis/66d386e1-fda4-4a83-8696-719ed8c21eee.jpg,2464,2226,0,2226,393,1558,2464,539,0.37841796875,0.059112548828125,0.041351318359375,0.036468505859375,0.016845703125,1,4,western juniper,southern live oak,Taiwan Acacia,Rifleman,western juniper,Polistes instabilis
val/09789_Plantae_Tracheophyta_Pinopsida_Pinales_Cupressaceae_Juniperus_virginiana/978141dc-fede-4652-b372-57b9e6e6a16b.jpg,2465,2341,0,2341,2465,2393,989,2191,0.12249755859375,0.076904296875,0.066162109375,0.04364013671875,0.034576416015625,1,2,eastern red cedar,Spurge Flax,eastern red cedar,chamise,tamarack,Chinese bushclover
val/09816_Plantae_Tracheophyta_Pinopsida_Pinales_Pinaceae_Pinus_banksiana/da3b0efe-5693-4961-bbbe-c33c3f28d525.jpg,2468,2341,0,2341,820,2468,491,2419,0.372802734375,0.06707763671875,0.046539306640625,0.045867919921875,0.039642333984375,1,3,Jack pine,Spurge Flax,dahoon,Jack pine,lodgepole pine,Nim
val/09817_Plantae_Tracheophyta_Pinopsida_Pinales_Pinaceae_Pinus_cembroides/d2be84de-b26a-421c-9023-65f7c55e3f2e.jpg,2469,2355,0,2355,29,2469,1209,2357,0.058502197265625,0.038055419921875,0.0220794677734375,0.01419830322265625,0.01335906982421875,1,3,Mexican pinyon,Wart-Stemmed Pincushion,European Striped Shield Bug,Mexican pinyon,Long-banded Silverline,Common Pin Spiderhead
val/09817_Plantae_Tracheophyta_Pinopsida_Pinales_Pinaceae_Pinus_cembroides/47bbdfbf-57cd-4c6f-9644-abb869f10556.jpg,2469,987,0,987,2228,2469,993,441,0.1927490234375,0.06866455078125,0.054595947265625,0.04754638671875,0.045806884765625,1,3,Mexican pinyon,Guaiacum coulteri,Southern California Walnut,Mexican pinyon,Hall's totara,black willow
val/09879_Plantae_Tracheophyta_Polypodiopsida_Hymenophyllales_Hymenophyllaceae_Hymenophyllum_demissum/3f9b4a85-39dd-40e6-a574-bc1d2f69bbf2.jpg,2477,2465,0,2465,387,2477,2371,489,0.419921875,0.1358642578125,0.0265350341796875,0.02337646484375,0.017791748046875,1,3,drooping filmy fern,eastern red cedar,Prickly mingimingi,drooping filmy fern,Curveseed Butterwort,Montezuma cypress
val/09893_Plantae_Tracheophyta_Polypodiopsida_Polypodiales_Aspleniaceae_Asplenium_ceterach/95ef390f-5d0d-433c-9b2a-0823acf9f651.jpg,2480,2486,0,2486,2480,2498,2485,359,0.34521484375,0.10699462890625,0.0288543701171875,0.017486572265625,0.0163726806640625,1,2,Rustyback,little hard fern,Rustyback,marsh fern,Palm-leaf Fern,Sea Sandwort
val/09910_Plantae_Tracheophyta_Polypodiopsida_Polypodiales_Athyriaceae_Deparia_acrostichoides/6778867a-8462-4b7d-9820-47672cb4b262.jpg,2484,2491,0,2491,499,497,2484,2498,0.345458984375,0.09527587890625,0.055816650390625,0.03643798828125,0.01549530029296875,1,4,silvery glade fern,marginal wood fern,broad beech fern,hay-scented fern,silvery glade fern,marsh fern
val/09910_Plantae_Tracheophyta_Polypodiopsida_Polypodiales_Athyriaceae_Deparia_acrostichoides/6bbe1b14-abd3-4235-adc7-a113d2e8a7a8.jpg,2484,497,0,497,499,2498,2484,2487,0.31103515625,0.2183837890625,0.089111328125,0.0692138671875,0.036529541015625,1,4,silvery glade fern,hay-scented fern,broad beech fern,marsh fern,silvery glade fern,Water Fern
val/09929_Plantae_Tracheophyta_Polypodiopsida_Polypodiales_Dennstaedtiaceae_Histiopteris_incisa/f3bd8692-0f35-4aa5-8b2c-de8b47a28e9a.jpg,2487,497,0,497,1883,2488,2487,2484,0.474365234375,0.036468505859375,0.013519287109375,0.01284027099609375,0.01201629638671875,1,4,Water Fern,hay-scented fern,Climbing asparagus,common bracken,Water Fern,silvery glade fern
val/09932_Plantae_Tracheophyta_Polypodiopsida_Polypodiales_Dennstaedtiaceae_Pteridium_aquilinum/4655c4cf-0350-45fe-8a84-6475d37e82ff.jpg,2488,499,0,499,2487,2484,2488,2490,0.1171875,0.08795166015625,0.08123779296875,0.06085205078125,0.049407958984375,1,4,common bracken,broad beech fern,Water Fern,silvery glade fern,common bracken,male fern
