file_name,true_class_index,pred_class_index,correct,pred_1,pred_2,pred_3,pred_4,pred_5,score_1,score_2,score_3,score_4,score_5,top5_correct,true_rank,true_species,pred_1_species,pred_2_species,pred_3_species,pred_4_species,pred_5_species
val/00009_Animalia_Arthropoda_Arachnida_Araneae_Araneidae_Araneus_diadematus/80d4621f-113e-410b-a1b1-807f144e76b6.jpg,0,27,0,27,37,0,42,122,0.8857421875,0.0474853515625,0.040008544921875,0.00707244873046875,0.002227783203125,1,3,Cross Orbweaver,Western Conifer Seed Bug,Florida Carpenter Ant,Cross Orbweaver,Western Paper Wasp,Neurothemis taiwanensis
val/00009_Animalia_Arthropoda_Arachnida_Araneae_Araneidae_Araneus_diadematus/a7579753-4405-4c4a-8b9e-85cb8e93c847.jpg,0,1,0,1,0,42,2,207,0.77197265625,0.03704833984375,0.036102294921875,0.027374267578125,0.027099609375,1,2,Cross Orbweaver,Golden Silk Spider,Cross Orbweaver,Western Paper Wasp,Six-spotted Fishing Spider,Ash-throated Flycatcher
val/00009_Animalia_Arthropoda_Arachnida_Araneae_Araneidae_Araneus_diadematus/787050d9-fdd0-46c9-8fea-475e4bd98546.jpg,0,37,0,37,80,0,38,215,0.39208984375,0.09283447265625,0.038543701171875,0.032958984375,0.032318115234375,1,3,Cross Orbweaver,Florida Carpenter Ant,Alfalfa Looper,Cross Orbweaver,New York Carpenter Ant,Eastern Screech-Owl
val/00045_Animalia_Arthropoda_Arachnida_Araneae_Araneidae_Trichonephila_clavipes/80740680-611b-4bb0-af20-72f7e609c6fe.jpg,1,93,0,93,9,94,1,41,0.2430419921875,0.129638671875,0.10565185546875,0.10137939453125,0.07513427734375,1,4,Golden Silk Spider,Dainty Swallowtail,Spotted Longhorn,Thoas Swallowtail,Golden Silk Spider,Common Thread-waisted Wasp
val/00045_Animalia_Arthropoda_Arachnida_Araneae_Araneidae_Trichonephila_clavipes/8fef2173-c270-4f9e-a0b3-93bd67af0cb8.jpg,1,420,0,420,243,292,1,377,0.7841796875,0.1318359375,0.01380157470703125,0.01104736328125,0.005374908447265625,1,4,Golden Silk Spider,Beechdrops,Texas Coralsnake,checkered rattlesnake plantain,Golden Silk Spider,Western Snowberry
val/00045_Animalia_Arthropoda_Arachnida_Araneae_Araneidae_Trichonephila_clavipes/9a01c39b-421b-4134-aa67-fdaafeb68675.jpg,1,2,0,2,361,1,435,282,0.5185546875,0.086181640625,0.068359375,0.06646728515625,0.02569580078125,1,3,Golden Silk Spider,Six-spotted Fishing Spider,lesser stitchwort,Golden Silk Spider,Tropic Croton,spring spiderlily
val/00070_Animalia_Arthropoda_Arachnida_Araneae_Pisauridae_Dolomedes_triton/4601b594-90e2-4cc9-bdaa-dce8931ac1c0.jpg,2,57,0,57,43,30,123,2,0.29248046875,0.1058349609375,0.0648193359375,0.023590087890625,0.0234527587890625,1,5,Six-spotted Fishing Spider,Feathered Thorn,Garden Webworm Moth,Brown Marmorated Stink Bug,Marsh meadow grasshopper,Six-spotted Fishing Spider
val/00094_Animalia_Arthropoda_Arachnida_Araneae_Salticidae_Phidippus_johnsoni/f280614c-ac2a-4fe6-9ac7-9f712483f769.jpg,3,33,0,33,3,10,35,19,0.422119140625,0.194091796875,0.033294677734375,0.025909423828125,0.0208587646484375,1,2,Johnson's Jumping Spider,Ashy Mining Bee,Johnson's Jumping Spider,Spined Woodborer,Elm Sawfly,Garden soldier fly
val/00152_Animalia_Arthropoda_Arachnida_Scorpiones_Vaejovidae_Paravaejovis_puritanus/de540bf6-6efd-4ed9-b971-a32070910af2.jpg,4,237,0,237,235,244,4,234,0.5400390625,0.260986328125,0.07080078125,0.06597900390625,0.0260467529296875,1,4,Paravaejovis puritanus,Texas Alligator Lizard,Belize Crocodile,Green Iguana,Paravaejovis puritanus,Common Caiman
val/00157_Animalia_Arthropoda_Chilopoda_Scolopendromorpha_Scolopendridae_Hemiscolopendra_marginata/4091a551-6ad8-4cea-bc03-4195c592de62.jpg,5,108,0,108,5,6,144,238,0.6083984375,0.354736328125,0.0083770751953125,0.00238800048828125,0.0011472702026367188,1,2,Eastern Bark Centipede,Pine Hawk-Moth,Eastern Bark Centipede,Giant Desert Centipede,Green Salamander,Common Bronze-back
val/00157_Animalia_Arthropoda_Chilopoda_Scolopendromorpha_Scolopendridae_Hemiscolopendra_marginata/2e72eae8-3ded-4a05-98a7-a9f725b6d474.jpg,5,247,0,247,4,104,5,239,0.361083984375,0.058990478515625,0.047607421875,0.038604736328125,0.024444580078125,1,4,Eastern Bark Centipede,Western Rattlesnake,Paravaejovis puritanus,Giant Peacock Moth,Eastern Bark Centipede,Eastern Milksnake
val/00157_Animalia_Arthropoda_Chilopoda_Scolopendromorpha_Scolopendridae_Hemiscolopendra_marginata/fbbddbd3-f585-464d-b6c7-28ce404c57cf.jpg,5,247,0,247,5,487,107,108,0.1605224609375,0.1368408203125,0.040252685546875,0.039306640625,0.035003662109375,1,2,Eastern Bark Centipede,Western Rattlesnake,Eastern Bark Centipede,giant sequoia,Blinded Sphinx Moth,Pine Hawk-Moth
val/00184_Animalia_Arthropoda_Insecta_Coleoptera_Buprestidae_Agrilus_planipennis/1b267612-120e-4df1-aa90-f78eb9f4ae64.jpg,7,402,0,402,199,468,51,7,0.5029296875,0.09393310546875,0.07244873046875,0.07037353515625,0.0606689453125,1,5,Emerald Ash Borer,swamp chestnut oak,Brown-headed Nuthatch,American elm,Ilia Underwing,Emerald Ash Borer
val/00184_Animalia_Arthropoda_Insecta_Coleoptera_Buprestidae_Agrilus_planipennis/b2657261-92c0-4bb4-91d8-b3313dc52347.jpg,7,39,0,39,108,40,7,19,0.410888671875,0.10552978515625,0.06817626953125,0.052703857421875,0.04779052734375,1,4,Emerald Ash Borer,Pure Green Sweat Bee,Pine Hawk-Moth,Metallic Epauletted-Sweat Bee,Emerald Ash Borer,Garden soldier fly
val/00184_Animalia_Arthropoda_Insecta_Coleoptera_Buprestidae_Agrilus_planipennis/4f4ed283-60db-4e4e-88fe-df09dee46bb9.jpg,7,124,0,124,7,25,19,10,0.380859375,0.2384033203125,0.06439208984375,0.047210693359375,0.04522705078125,1,2,Emerald Ash Borer,Obscure Bird Grasshopper,Emerald Ash Borer,Florida Leaf-footed Bug,Garden soldier fly,Spined Woodborer
val/00193_Animalia_Arthropoda_Insecta_Coleoptera_Cantharidae_Chauliognathus_pensylvanicus/482b7639-55e8-4d29-be79-8c3837a7a90d.jpg,8,334,0,334,8,39,22,438,0.5712890625,0.28076171875,0.035125732421875,0.0216064453125,0.0214385986328125,1,2,Goldenrod Soldier Beetle,Great Plains Ragwort,Goldenrod Soldier Beetle,Pure Green Sweat Bee,Transverse-banded Flower Fly,Klamath weed
val/00193_Animalia_Arthropoda_Insecta_Coleoptera_Cantharidae_Chauliognathus_pensylvanicus/17e62b64-ddca-4a1e-91d8-1cba36c311be.jpg,8,9,0,9,318,55,331,8,0.419189453125,0.342041015625,0.041168212890625,0.031707763671875,0.0170135498046875,1,5,Goldenrod Soldier Beetle,Spotted Longhorn,common yarrow,Latticed Heath,Snow Squarestem,Goldenrod Soldier Beetle
val/00193_Animalia_Arthropoda_Insecta_Coleoptera_Cantharidae_Chauliognathus_pensylvanicus/ca5274d6-9681-4970-8631-b305f699d778.jpg,8,28,0,28,8,15,21,10,0.65771484375,0.173583984375,0.0841064453125,0.02545166015625,0.00685882568359375,1,2,Goldenrod Soldier Beetle,Alfalfa Plant Bug,Goldenrod Soldier Beetle,Oedemera femorata,Yellow-shouldered Drone Fly,Spined Woodborer
val/00193_Animalia_Arthropoda_Insecta_Coleoptera_Cantharidae_Chauliognathus_pensylvanicus/587e73dc-e613-4451-a3d9-88e4d7bc289a.jpg,8,63,0,63,22,8,33,41,0.2215576171875,0.10711669921875,0.0848388671875,0.08349609375,0.07086181640625,1,3,Goldenrod Soldier Beetle,Least Skipper,Transverse-banded Flower Fly,Goldenrod Soldier Beetle,Ashy Mining Bee,Common Thread-waisted Wasp
val/00193_Animalia_Arthropoda_Insecta_Coleoptera_Cantharidae_Chauliognathus_pensylvanicus/b75e1f46-2ca1-4d28-b821-ac49996bd386.jpg,8,334,0,334,39,400,20,8,0.6455078125,0.0765380859375,0.0316162109375,0.0276641845703125,0.027435302734375,1,5,Goldenrod Soldier Beetle,Great Plains Ragwort,Pure Green Sweat Bee,candyroot,Mexican Cactus Fly,Goldenrod Soldier Beetle
val/00251_Animalia_Arthropoda_Insecta_Coleoptera_Cerambycidae_Rutpela_maculata/34cbb073-f2d7-4c12-86af-4193b0789c92.jpg,9,20,0,20,35,19,93,9,0.14501953125,0.126220703125,0.1070556640625,0.0975341796875,0.09149169921875,1,5,Spotted Longhorn,Mexican Cactus Fly,Elm Sawfly,Garden soldier fly,Dainty Swallowtail,Spotted Longhorn
val/00251_Animalia_Arthropoda_Insecta_Coleoptera_Cerambycidae_Rutpela_maculata/9004fce0-d775-4ee6-adb4-20284cbd4bca.jpg,9,444,0,444,97,8,9,41,0.126220703125,0.06036376953125,0.0550537109375,0.0362548828125,0.0272064208984375,1,4,Spotted Longhorn,Island Mallow,Large White Butterfly,Goldenrod Soldier Beetle,Spotted Longhorn,Common Thread-waisted Wasp
val/00260_Animalia_Arthropoda_Insecta_Coleoptera_Cerambycidae_Trichocnemis_spiculatus/245069b5-3600-43eb-b350-40bedc93d237.jpg,10,26,0,26,10,30,27,214,0.3564453125,0.17919921875,0.12841796875,0.0237579345703125,0.021942138671875,1,2,Spined Woodborer,Western Leaf-footed Bug,Spined Woodborer,Brown Marmorated Stink Bug,Western Conifer Seed Bug,Downy Woodpecker
val/00260_Animalia_Arthropoda_Insecta_Coleoptera_Cerambycidae_Trichocnemis_spiculatus/780908cd-8b2e-4859-8999-ce23f55fba7b.jpg,10,35,0,35,10,7,120,90,0.50537109375,0.39208984375,0.0242919921875,0.01348114013671875,0.0059661865234375,1,2,Spined Woodborer,Elm Sawfly,Spined Woodborer,Emerald Ash Borer,Dragonhunter,Red-spotted Admiral
val/00290_Animalia_Arthropoda_Insecta_Coleoptera_Chrysomelidae_Leptinotarsa_juncta/6e2c087a-ada3-4ae9-9bef-8c06c474c454.jpg,11,12,0,12,17,258,11,36,0.8359375,0.0650634765625,0.028106689453125,0.01678466796875,0.0106658935546875,1,4,False Potato Beetle,Hadda Beetle,Oriental Beetle,White-lipped Snail,False Potato Beetle,Spongy Oak Apple Gall Wasp
val/00332_Animalia_Arthropoda_Insecta_Coleoptera_Coccinellidae_Psyllobora_vigintiduopunctata/2f8e8f2a-f1ef-4977-a30c-909a6e9d8262.jpg,13,37,0,37,38,13,169,170,0.30810546875,0.27685546875,0.0457763671875,0.03375244140625,0.024627685546875,1,3,22-spot Ladybird Beetle,Florida Carpenter Ant,New York Carpenter Ant,22-spot Ladybird Beetle,Painted Bunting,Yellow Grosbeak
val/00332_Animalia_Arthropoda_Insecta_Coleoptera_Coccinellidae_Psyllobora_vigintiduopunctata/c7e5cd75-cded-420c-bf62-ad0123548d83.jpg,13,12,0,12,13,92,86,143,0.54052734375,0.449951171875,0.0006771087646484375,0.00039076805114746094,0.00028443336486816406,1,2,22-spot Ladybird Beetle,Hadda Beetle,22-spot Ladybird Beetle,Blomfild's Beauty,Lesser Marbled Fritillary,Northern Red-legged Frog
val/00384_Animalia_Arthropoda_Insecta_Coleoptera_Scarabaeidae_Euphoria_kernii/8f047f9b-6f60-43d1-b029-09430d02f858.jpg,16,399,0,399,428,429,16,32,0.69580078125,0.1083984375,0.07818603515625,0.043365478515625,0.027618408203125,1,4,Kern's Flower Scarab,California goldenbanner,Dark Mullein,Wand Mullein,Kern's Flower Scarab,Jagged Ambush Bug
val/00386_Animalia_Arthropoda_Insecta_Coleoptera_Scarabaeidae_Exomala_orientalis/a40b2251-277e-4c46-9454-9b86d492fd0f.jpg,17,109,0,109,17,27,111,72,0.1256103515625,0.1019287109375,0.08001708984375,0.04241943359375,0.034912109375,1,2,Oriental Beetle,Red-banded Leafroller,Oriental Beetle,Western Conifer Seed Bug,Bidens Borer Moth,Green Oak-Slug Moth
val/00386_Animalia_Arthropoda_Insecta_Coleoptera_Scarabaeidae_Exomala_orientalis/f42b16c2-a0a6-4d95-8171-7581b63e90c5.jpg,17,19,0,19,31,30,27,17,0.6845703125,0.043243408203125,0.042266845703125,0.03668212890625,0.0239105224609375,1,5,Oriental Beetle,Garden soldier fly,Southern Green Stink Bug,Brown Marmorated Stink Bug,Western Conifer Seed Bug,Oriental Beetle
val/00386_Animalia_Arthropoda_Insecta_Coleoptera_Scarabaeidae_Exomala_orientalis/7833c857-a97d-4028-8b02-1f06eb73ba32.jpg,17,175,0,175,14,214,38,17,0.2841796875,0.1729736328125,0.16259765625,0.1007080078125,0.07403564453125,1,5,Oriental Beetle,Double-barred Finch,Woodland Dor Beetle,Downy Woodpecker,New York Carpenter Ant,Oriental Beetle
val/00386_Animalia_Arthropoda_Insecta_Coleoptera_Scarabaeidae_Exomala_orientalis/656cc52e-50a3-49cf-8521-ab2f3cb22de9.jpg,17,23,0,23,123,17,32,13,0.89208984375,0.0164794921875,0.0147247314453125,0.006237030029296875,0.005222320556640625,1,3,Oriental Beetle,Maize Calligrapher Fly,Marsh meadow grasshopper,Oriental Beetle,Jagged Ambush Bug,22-spot Ladybird Beetle
val/00386_Animalia_Arthropoda_Insecta_Coleoptera_Scarabaeidae_Exomala_orientalis/c95430ed-958b-4171-98e7-8b4fea859c34.jpg,17,16,0,16,17,14,39,38,0.30517578125,0.0789794921875,0.05413818359375,0.0518798828125,0.046478271484375,1,2,Oriental Beetle,Kern's Flower Scarab,Oriental Beetle,Woodland Dor Beetle,Pure Green Sweat Bee,New York Carpenter Ant
val/00386_Animalia_Arthropoda_Insecta_Coleoptera_Scarabaeidae_Exomala_orientalis/71921340-711a-4a8d-a829-cf1c3c478a87.jpg,17,37,0,37,17,31,19,42,0.406005859375,0.251220703125,0.1571044921875,0.04840087890625,0.03466796875,1,2,Oriental Beetle,Florida Carpenter Ant,Oriental Beetle,Southern Green Stink Bug,Garden soldier fly,Western Paper Wasp
val/00386_Animalia_Arthropoda_Insecta_Coleoptera_Scarabaeidae_Exomala_orientalis/d2e636f5-175c-4d52-945e-dd85048b1ca4.jpg,17,19,0,19,17,16,39,31,0.9296875,0.019744873046875,0.014007568359375,0.011932373046875,0.00628662109375,1,2,Oriental Beetle,Garden soldier fly,Oriental Beetle,Kern's Flower Scarab,Pure Green Sweat Bee,Southern Green Stink Bug
val/00435_Animalia_Arthropoda_Insecta_Diptera_Calliphoridae_Calliphora_vicina/d8b79c4d-3fae-480b-84fe-08f40af259cc.jpg,18,26,0,26,28,21,23,18,0.292724609375,0.25830078125,0.197265625,0.044189453125,0.034454345703125,1,5,Blue Blowfly,Western Leaf-footed Bug,Alfalfa Plant Bug,Yellow-shouldered Drone Fly,Maize Calligrapher Fly,Blue Blowfly
val/00435_Animalia_Arthropoda_Insecta_Diptera_Calliphoridae_Calliphora_vicina/da07a186-980b-44af-9aca-625e139c86ff.jpg,18,14,0,14,18,20,3,100,0.48974609375,0.34326171875,0.037750244140625,0.03167724609375,0.01184844970703125,1,2,Blue Blowfly,Woodland Dor Beetle,Blue Blowfly,Mexican Cactus Fly,Johnson's Jumping Spider,Red-bordered Pixie
val/00435_Animalia_Arthropoda_Insecta_Diptera_Calliphoridae_Calliphora_vicina/62e1f25f-f692-4518-8187-f98a482ee05c.jpg,18,26,0,26,18,28,25,30,0.136474609375,0.1209716796875,0.11566162109375,0.09674072265625,0.07421875,1,2,Blue Blowfly,Western Leaf-footed Bug,Blue Blowfly,Alfalfa Plant Bug,Florida Leaf-footed Bug,Brown Marmorated Stink Bug
val/00435_Animalia_Arthropoda_Insecta_Diptera_Calliphoridae_Calliphora_vicina/35978a56-8445-4e40-86cd-e6cc4af55b1e.jpg,18,16,0,16,21,18,34,4,0.109130859375,0.08477783203125,0.06512451171875,0.059844970703125,0.0267791748046875,1,3,Blue Blowfly,Kern's Flower Scarab,Yellow-shouldered Drone Fly,Blue Blowfly,Southern Carpenter Bee,Paravaejovis puritanus
val/00457_Animalia_Arthropoda_Insecta_Diptera_Stratiomyidae_Exaireta_spinigera/7d9bd16e-2b28-48b4-8b5f-8ac55b7cee64.jpg,19,31,0,31,16,19,18,33,0.3056640625,0.2939453125,0.1890869140625,0.05743408203125,0.03363037109375,1,3,Garden soldier fly,Southern Green Stink Bug,Kern's Flower Scarab,Garden soldier fly,Blue Blowfly,Ashy Mining Bee
val/00461_Animalia_Arthropoda_Insecta_Diptera_Syrphidae_Copestylum_mexicanum/3d47fff4-b85d-450e-8d01-19410dcc6ae7.jpg,20,22,0,22,20,21,32,8,0.5341796875,0.2333984375,0.10418701171875,0.0217437744140625,0.018768310546875,1,2,Mexican Cactus Fly,Transverse-banded Flower Fly,Mexican Cactus Fly,Yellow-shouldered Drone Fly,Jagged Ambush Bug,Goldenrod Soldier Beetle
val/00461_Animalia_Arthropoda_Insecta_Diptera_Syrphidae_Copestylum_mexicanum/4d5b89ca-dd00-465a-bc0c-c7c596e475b4.jpg,20,34,0,34,20,33,35,40,0.92724609375,0.06561279296875,0.00237274169921875,0.0018167495727539062,0.0003180503845214844,1,2,Mexican Cactus Fly,Southern Carpenter Bee,Mexican Cactus Fly,Ashy Mining Bee,Elm Sawfly,Metallic Epauletted-Sweat Bee
val/00461_Animalia_Arthropoda_Insecta_Diptera_Syrphidae_Copestylum_mexicanum/6880af20-7f98-4b6b-9c82-e5c799632c31.jpg,20,34,0,34,20,35,14,33,0.7548828125,0.2347412109375,0.004730224609375,0.0012464523315429688,0.0005426406860351562,1,2,Mexican Cactus Fly,Southern Carpenter Bee,Mexican Cactus Fly,Elm Sawfly,Woodland Dor Beetle,Ashy Mining Bee
val/00461_Animalia_Arthropoda_Insecta_Diptera_Syrphidae_Copestylum_mexicanum/d61f241d-5af4-4227-94f7-7f9628be8f4c.jpg,20,25,0,25,18,26,20,10,0.71337890625,0.0965576171875,0.050689697265625,0.04534912109375,0.025634765625,1,4,Mexican Cactus Fly,Florida Leaf-footed Bug,Blue Blowfly,Western Leaf-footed Bug,Mexican Cactus Fly,Spined Woodborer
val/00470_Animalia_Arthropoda_Insecta_Diptera_Syrphidae_Eristalis_stipator/fcf2eccc-a1e0-4c7f-86a1-a8d41778753e.jpg,21,17,0,17,39,21,346,23,0.44873046875,0.1007080078125,0.08154296875,0.04803466796875,0.044769287109375,1,3,Yellow-shouldered Drone Fly,Oriental Beetle,Pure Green Sweat Bee,Yellow-shouldered Drone Fly,water forget-me-not,Maize Calligrapher Fly
val/00470_Animalia_Arthropoda_Insecta_Diptera_Syrphidae_Eristalis_stipator/c9dc8807-6669-4e72-88e6-4c7dd784595f.jpg,21,9,0,9,21,15,22,16,0.44384765625,0.1435546875,0.062347412109375,0.051666259765625,0.043731689453125,1,2,Yellow-shouldered Drone Fly,Spotted Longhorn,Yellow-shouldered Drone Fly,Oedemera femorata,Transverse-banded Flower Fly,Kern's Flower Scarab
val/00472_Animalia_Arthropoda_Insecta_Diptera_Syrphidae_Eristalis_transversa/182f4b60-0d45-4627-84a9-b455ca836801.jpg,22,23,0,23,22,11,258,12,0.77490234375,0.131591796875,0.0290679931640625,0.01031494140625,0.0098419189453125,1,2,Transverse-banded Flower Fly,Maize Calligrapher Fly,Transverse-banded Flower Fly,False Potato Beetle,White-lipped Snail,Hadda Beetle
val/00472_Animalia_Arthropoda_Insecta_Diptera_Syrphidae_Eristalis_transversa/f1869b06-712f-4464-8713-aa4d7ef75739.jpg,22,190,0,190,87,22,177,20,0.31689453125,0.259765625,0.1953125,0.04034423828125,0.02191162109375,1,3,Transverse-banded Flower Fly,Yellow-throated Warbler,Silver Emperor,Transverse-banded Flower Fly,Barn Swallow,Mexican Cactus Fly
val/00493_Animalia_Arthropoda_Insecta_Diptera_Syrphidae_Toxomerus_politus/4b194b68-765d-45f1-aace-b6788d3c05c6.jpg,23,19,0,19,23,17,11,7,0.384765625,0.13330078125,0.11419677734375,0.036468505859375,0.02886962890625,1,2,Maize Calligrapher Fly,Garden soldier fly,Maize Calligrapher Fly,Oriental Beetle,False Potato Beetle,Emerald Ash Borer
val/00493_Animalia_Arthropoda_Insecta_Diptera_Syrphidae_Toxomerus_politus/f8616c2d-2c22-40bb-a62e-54a9cbc75e8c.jpg,23,42,0,42,37,23,6,27,0.69970703125,0.061004638671875,0.051483154296875,0.04168701171875,0.0234832763671875,1,3,Maize Calligrapher Fly,Western Paper Wasp,Florida Carpenter Ant,Maize Calligrapher Fly,Giant Desert Centipede,Western Conifer Seed Bug
val/00513_Animalia_Arthropoda_Insecta_Hemiptera_Adelgidae_Adelges_tsugae/7dead1f8-ec66-4d50-8492-6f734a5cc489.jpg,24,490,0,490,24,311,102,491,0.48486328125,0.458984375,0.00518798828125,0.004436492919921875,0.0044097900390625,1,2,Hemlock Woolly Adelgid,white fir,Hemlock Woolly Adelgid,princess pine,Buck Moth,lodgepole pine
val/00558_Animalia_Arthropoda_Insecta_Hemiptera_Coreidae_Acanthocephala_femorata/4ae76323-b54e-4bb3-b14b-6f00e23b1bc6.jpg,25,10,0,10,25,99,75,38,0.295654296875,0.09674072265625,0.0963134765625,0.0382080078125,0.034423828125,1,2,Florida Leaf-footed Bug,Spined Woodborer,Florida Leaf-footed Bug,Fatal Metalmark,Spring Azure,New York Carpenter Ant
val/00567_Animalia_Arthropoda_Insecta_Hemiptera_Coreidae_Leptoglossus_clypealis/961d0095-9408-4371-8ee3-8d3468bd4ab6.jpg,26,27,0,27,26,30,1,0,0.60107421875,0.1396484375,0.07958984375,0.0263671875,0.0254669189453125,1,2,Western Leaf-footed Bug,Western Conifer Seed Bug,Western Leaf-footed Bug,Brown Marmorated Stink Bug,Golden Silk Spider,Cross Orbweaver
val/00567_Animalia_Arthropoda_Insecta_Hemiptera_Coreidae_Leptoglossus_clypealis/026a2425-0211-47ab-8024-1dd7af75911f.jpg,26,27,0,27,26,28,30,10,0.319091796875,0.1595458984375,0.088623046875,0.0780029296875,0.06719970703125,1,2,Western Leaf-footed Bug,Western Conifer Seed Bug,Western Leaf-footed Bug,Alfalfa Plant Bug,Brown Marmorated Stink Bug,Spined Woodborer
val/00567_Animalia_Arthropoda_Insecta_Hemiptera_Coreidae_Leptoglossus_clypealis/fd61b3ee-258a-4cea-b324-f84ec23c28f2.jpg,26,19,0,19,27,17,26,42,0.7197265625,0.132080078125,0.04461669921875,0.040283203125,0.0254669189453125,1,4,Western Leaf-footed Bug,Garden soldier fly,Western Conifer Seed Bug,Oriental Beetle,Western Leaf-footed Bug,Western Paper Wasp
val/00567_Animalia_Arthropoda_Insecta_Hemiptera_Coreidae_Leptoglossus_clypealis/d1c528ca-c75a-45a5-b729-e2e3b5763df2.jpg,26,49,0,49,126,26,17,98,0.51171875,0.238037109375,0.067626953125,0.035430908203125,0.021026611328125,1,3,Western Leaf-footed Bug,Deduced Graphic,Virile Crayfish,Western Leaf-footed Bug,Oriental Beetle,Darker Moodna Moth
val/00568_Animalia_Arthropoda_Insecta_Hemiptera_Coreidae_Leptoglossus_occidentalis/533ebf83-c1a6-43ec-b494-4068d271a3b7.jpg,27,26,0,26,25,28,27,10,0.5615234375,0.273681640625,0.015533447265625,0.014617919921875,0.00830078125,1,4,Western Conifer Seed Bug,Western Leaf-footed Bug,Florida Leaf-footed Bug,Alfalfa Plant Bug,Western Conifer Seed Bug,Spined Woodborer
val/00568_Animalia_Arthropoda_Insecta_Hemiptera_Coreidae_Leptoglossus_occidentalis/05c0c634-d426-4b85-9bae-86e727e53364.jpg,27,10,0,10,28,4,27,19,0.33447265625,0.12261962890625,0.1060791015625,0.0748291015625,0.07318115234375,1,4,Western Conifer Seed Bug,Spined Woodborer,Alfalfa Plant Bug,Paravaejovis puritanus,Western Conifer Seed Bug,Garden soldier fly
val/00568_Animalia_Arthropoda_Insecta_Hemiptera_Coreidae_Leptoglossus_occidentalis/70d3ace9-91cc-40a5-ac41-413e779f2821.jpg,27,0,0,0,1,37,27,119,0.257080078125,0.140869140625,0.11187744140625,0.1063232421875,0.061126708984375,1,4,Western Conifer Seed Bug,Cross Orbweaver,Golden Silk Spider,Florida Carpenter Ant,Western Conifer Seed Bug,Eastern Ringtail
val/00568_Animalia_Arthropoda_Insecta_Hemiptera_Coreidae_Leptoglossus_occidentalis/8291250a-d60e-4606-a649-6998a2318f92.jpg,27,4,0,4,27,0,42,19,0.4580078125,0.32861328125,0.032989501953125,0.0307159423828125,0.016693115234375,1,2,Western Conifer Seed Bug,Paravaejovis puritanus,Western Conifer Seed Bug,Cross Orbweaver,Western Paper Wasp,Garden soldier fly
val/00597_Animalia_Arthropoda_Insecta_Hemiptera_Miridae_Adelphocoris_lineolatus/785ec115-9da2-4d78-ad41-5b1802782519.jpg,28,27,0,27,19,28,17,4,0.72314453125,0.072998046875,0.05706787109375,0.0205078125,0.01352691650390625,1,3,Alfalfa Plant Bug,Western Conifer Seed Bug,Garden soldier fly,Alfalfa Plant Bug,Oriental Beetle,Paravaejovis puritanus
val/00597_Animalia_Arthropoda_Insecta_Hemiptera_Miridae_Adelphocoris_lineolatus/641e367d-b9e6-4237-b033-308d3df347eb.jpg,28,125,0,125,123,28,44,142,0.63232421875,0.2069091796875,0.12261962890625,0.032623291015625,0.0024566650390625,1,3,Alfalfa Plant Bug,Long-winged Conehead,Marsh meadow grasshopper,Alfalfa Plant Bug,Pearl Veneer,Eastern Dwarf Treefrog
val/00597_Animalia_Arthropoda_Insecta_Hemiptera_Miridae_Adelphocoris_lineolatus/1d1815b5-d362-45d9-b505-3bd794365152.jpg,28,17,0,17,27,28,16,4,0.406494140625,0.10467529296875,0.0721435546875,0.03509521484375,0.0271148681640625,1,3,Alfalfa Plant Bug,Oriental Beetle,Western Conifer Seed Bug,Alfalfa Plant Bug,Kern's Flower Scarab,Paravaejovis puritanus
val/00630_Animalia_Arthropoda_Insecta_Hemiptera_Pentatomidae_Nezara_viridula/e2cb3ce7-9fba-4f00-9cc0-09e7f997f290.jpg,31,466,0,466,9,31,350,40,0.41357421875,0.2095947265625,0.14013671875,0.0384521484375,0.0313720703125,1,3,Southern Green Stink Bug,Himalayan-berry,Spotted Longhorn,Southern Green Stink Bug,California shieldpod,Metallic Epauletted-Sweat Bee
val/00630_Animalia_Arthropoda_Insecta_Hemiptera_Pentatomidae_Nezara_viridula/0b865e49-0f68-49ef-938b-1579ad68a6fa.jpg,31,40,0,40,16,31,21,20,0.49951171875,0.15771484375,0.057769775390625,0.0345458984375,0.03167724609375,1,3,Southern Green Stink Bug,Metallic Epauletted-Sweat Bee,Kern's Flower Scarab,Southern Green Stink Bug,Yellow-shouldered Drone Fly,Mexican Cactus Fly
val/00630_Animalia_Arthropoda_Insecta_Hemiptera_Pentatomidae_Nezara_viridula/f24ef149-9698-41df-8743-d54fe9c4b212.jpg,31,9,0,9,29,39,31,94,0.3251953125,0.11138916015625,0.06524658203125,0.046905517578125,0.034820556640625,1,4,Southern Green Stink Bug,Spotted Longhorn,European Striped Shield Bug,Pure Green Sweat Bee,Southern Green Stink Bug,Thoas Swallowtail
val/00651_Animalia_Arthropoda_Insecta_Hemiptera_Reduviidae_Phymata_americana/9492c1f3-db74-4eaf-9f3e-a00e31af71a7.jpg,32,16,0,16,32,21,28,8,0.5859375,0.323486328125,0.07305908203125,0.0023441314697265625,0.0016603469848632812,1,2,Jagged Ambush Bug,Kern's Flower Scarab,Jagged Ambush Bug,Yellow-shouldered Drone Fly,Alfalfa Plant Bug,Goldenrod Soldier Beetle
val/00651_Animalia_Arthropoda_Insecta_Hemiptera_Reduviidae_Phymata_americana/30a18022-8fb8-4f7c-bf10-d30d4008f283.jpg,32,16,0,16,32,102,71,91,0.061737060546875,0.046783447265625,0.044921875,0.034515380859375,0.033660888671875,1,2,Jagged Ambush Bug,Kern's Flower Scarab,Jagged Ambush Bug,Buck Moth,Dorantes Longtail,Mourning Cloak
val/00711_Animalia_Arthropoda_Insecta_Hymenoptera_Apidae_Xylocopa_micans/64bc479c-dc5a-4a5a-9bea-eba89aa5ec64.jpg,34,409,0,409,477,34,116,20,0.1951904296875,0.08184814453125,0.06622314453125,0.048004150390625,0.0428466796875,1,3,Southern Carpenter Bee,Blue Bugle,jade plant,Southern Carpenter Bee,Ebony Jewelwing,Mexican Cactus Fly
val/00711_Animalia_Arthropoda_Insecta_Hymenoptera_Apidae_Xylocopa_micans/5672c1ea-fa04-4775-b726-d5e79d8dd427.jpg,34,21,0,21,34,39,9,40,0.34912109375,0.34521484375,0.07080078125,0.03753662109375,0.03265380859375,1,2,Southern Carpenter Bee,Yellow-shouldered Drone Fly,Southern Carpenter Bee,Pure Green Sweat Bee,Spotted Longhorn,Metallic Epauletted-Sweat Bee
val/00711_Animalia_Arthropoda_Insecta_Hymenoptera_Apidae_Xylocopa_micans/b3de4586-101c-469d-9f53-e99bd4de7747.jpg,34,409,0,409,430,410,286,34,0.28271484375,0.1707763671875,0.15283203125,0.092529296875,0.0906982421875,1,5,Southern Carpenter Bee,Blue Bugle,golden dewdrop,carpet bugle,Grape hyacinth,Southern Carpenter Bee
val/00711_Animalia_Arthropoda_Insecta_Hymenoptera_Apidae_Xylocopa_micans/d54d6234-e7ef-44c7-b71f-4aa1dbc624cb.jpg,34,21,0,21,34,17,42,280,0.16650390625,0.119140625,0.0972900390625,0.0300750732421875,0.0292205810546875,1,2,Southern Carpenter Bee,Yellow-shouldered Drone Fly,Southern Carpenter Bee,Oriental Beetle,Western Paper Wasp,coconut palm
val/00711_Animalia_Arthropoda_Insecta_Hymenoptera_Apidae_Xylocopa_micans/2ba9954a-6eb3-40fc-b1e1-f37eb27fe1fa.jpg,34,20,0,20,34,22,32,16,0.775390625,0.08856201171875,0.0250701904296875,0.0206298828125,0.019989013671875,1,2,Southern Carpenter Bee,Mexican Cactus Fly,Southern Carpenter Bee,Transverse-banded Flower Fly,Jagged Ambush Bug,Kern's Flower Scarab
val/00718_Animalia_Arthropoda_Insecta_Hymenoptera_Cimbicidae_Cimbex_americanus/95920a51-0649-48e9-b0c5-9a39b3c859f1.jpg,35,250,0,250,35,267,265,104,0.299560546875,0.267333984375,0.04412841796875,0.031646728515625,0.0178680419921875,1,2,Elm Sawfly,Nuttall's Cockle,Elm Sawfly,Lichen Agaric,green-spored parasol,Giant Peacock Moth
val/00718_Animalia_Arthropoda_Insecta_Hymenoptera_Cimbicidae_Cimbex_americanus/2a986bbb-6f01-46f9-8e9a-983702299a77.jpg,35,13,0,13,377,35,240,0,0.0557861328125,0.04931640625,0.043853759765625,0.0350341796875,0.021636962890625,1,3,Elm Sawfly,22-spot Ladybird Beetle,Western Snowberry,Elm Sawfly,Flat-headed Snake,Cross Orbweaver
val/00743_Animalia_Arthropoda_Insecta_Hymenoptera_Formicidae_Camponotus_floridanus/e8b35607-b39b-4246-808b-94d7fda8e170.jpg,37,127,0,127,37,11,38,246,0.0465087890625,0.044708251953125,0.03564453125,0.034454345703125,0.03326416015625,1,2,Florida Carpenter Ant,New Zealand Half Crab,Florida Carpenter Ant,False Potato Beetle,New York Carpenter Ant,Great Plains Skink
val/00743_Animalia_Arthropoda_Insecta_Hymenoptera_Formicidae_Camponotus_floridanus/2eabb16a-d780-41ba-8c3e-59986097b89c.jpg,37,38,0,38,37,3,10,249,0.6708984375,0.324462890625,0.0026569366455078125,0.0002887248992919922,0.00015664100646972656,1,2,Florida Carpenter Ant,New York Carpenter Ant,Florida Carpenter Ant,Johnson's Jumping Spider,Spined Woodborer,Beadlet anemone
val/00743_Animalia_Arthropoda_Insecta_Hymenoptera_Formicidae_Camponotus_floridanus/1491eaeb-2907-4556-bf81-b2a9ec13b978.jpg,37,189,0,189,244,337,209,37,0.08892822265625,0.0706787109375,0.0672607421875,0.0421142578125,0.03851318359375,1,5,Florida Carpenter Ant,Hooded Warbler,Green Iguana,prairie dock,Indian White-eye,Florida Carpenter Ant
val/00747_Animalia_Arthropoda_Insecta_Hymenoptera_Formicidae_Camponotus_novaeboracensis/30dfefc5-14ee-40f7-9d9d-9ef9f2833ee2.jpg,38,41,0,41,37,154,209,38,0.130859375,0.068115234375,0.0653076171875,0.053009033203125,0.05242919921875,1,5,New York Carpenter Ant,Common Thread-waisted Wasp,Florida Carpenter Ant,Green-crowned Brilliant,Indian White-eye,New York Carpenter Ant
val/00747_Animalia_Arthropoda_Insecta_Hymenoptera_Formicidae_Camponotus_novaeboracensis/fff1108b-fbd4-4299-ad4c-c0b24d281c76.jpg,38,397,0,397,38,37,11,41,0.5625,0.2220458984375,0.06781005859375,0.0109405517578125,0.00963592529296875,1,2,New York Carpenter Ant,Common Flat-pea,New York Carpenter Ant,Florida Carpenter Ant,False Potato Beetle,Common Thread-waisted Wasp
val/00774_Animalia_Arthropoda_Insecta_Hymenoptera_Halictidae_Augochlora_pura/213ed3d8-f014-44c0-ae31-b3d4e0de49ba.jpg,39,40,0,40,34,21,39,294,0.677734375,0.2352294921875,0.031219482421875,0.0208740234375,0.01116180419921875,1,4,Pure Green Sweat Bee,Metallic Epauletted-Sweat Bee,Southern Carpenter Bee,Yellow-shouldered Drone Fly,Pure Green Sweat Bee,Fly Orchid
val/00774_Animalia_Arthropoda_Insecta_Hymenoptera_Halictidae_Augochlora_pura/b0ce2d89-307d-41d7-bb3c-d8cb7b0c269d.jpg,39,38,0,38,120,42,145,39,0.33642578125,0.1556396484375,0.0869140625,0.071044921875,0.06219482421875,1,5,Pure Green Sweat Bee,New York Carpenter Ant,Dragonhunter,Western Paper Wasp,Italian Crested Newt,Pure Green Sweat Bee
val/00774_Animalia_Arthropoda_Insecta_Hymenoptera_Halictidae_Augochlora_pura/84a18711-0002-4641-a442-6d2d0a1e0977.jpg,39,40,0,40,39,32,124,8,0.4814453125,0.315673828125,0.06207275390625,0.025970458984375,0.0218963623046875,1,2,Pure Green Sweat Bee,Metallic Epauletted-Sweat Bee,Pure Green Sweat Bee,Jagged Ambush Bug,Obscure Bird Grasshopper,Goldenrod Soldier Beetle
val/00774_Animalia_Arthropoda_Insecta_Hymenoptera_Halictidae_Augochlora_pura/69398021-f3c2-4e1f-a2cc-be7cb3165b97.jpg,39,16,0,16,22,20,15,39,0.63623046875,0.09564208984375,0.04571533203125,0.040435791015625,0.0298919677734375,1,5,Pure Green Sweat Bee,Kern's Flower Scarab,Transverse-banded Flower Fly,Mexican Cactus Fly,Oedemera femorata,Pure Green Sweat Bee
val/00775_Animalia_Arthropoda_Insecta_Hymenoptera_Halictidae_Augochloropsis_metallica/9f8985f9-5df9-4687-9907-70a9ec7deb87.jpg,40,39,0,39,68,34,15,40,0.63916015625,0.0908203125,0.07098388671875,0.0369873046875,0.035400390625,1,5,Metallic Epauletted-Sweat Bee,Pure Green Sweat Bee,Umber Skipper,Southern Carpenter Bee,Oedemera femorata,Metallic Epauletted-Sweat Bee
val/00775_Animalia_Arthropoda_Insecta_Hymenoptera_Halictidae_Augochloropsis_metallica/7e0de4dc-2bb1-48fd-af62-d294a7bc5d7f.jpg,40,39,0,39,8,21,40,22,0.47607421875,0.255859375,0.0792236328125,0.0701904296875,0.0538330078125,1,4,Metallic Epauletted-Sweat Bee,Pure Green Sweat Bee,Goldenrod Soldier Beetle,Yellow-shouldered Drone Fly,Metallic Epauletted-Sweat Bee,Transverse-banded Flower Fly
val/00799_Animalia_Arthropoda_Insecta_Hymenoptera_Sphecidae_Ammophila_procera/6f5b01b4-3a16-4c28-8750-86a8379f67d3.jpg,41,25,0,25,2,19,41,120,0.23583984375,0.184814453125,0.1630859375,0.1378173828125,0.08642578125,1,4,Common Thread-waisted Wasp,Florida Leaf-footed Bug,Six-spotted Fishing Spider,Garden soldier fly,Common Thread-waisted Wasp,Dragonhunter
val/00799_Animalia_Arthropoda_Insecta_Hymenoptera_Sphecidae_Ammophila_procera/bafbca32-21b6-4588-8ee1-f2dfb4365cbb.jpg,41,22,0,22,21,41,190,20,0.0928955078125,0.08984375,0.0596923828125,0.053497314453125,0.050079345703125,1,3,Common Thread-waisted Wasp,Transverse-banded Flower Fly,Yellow-shouldered Drone Fly,Common Thread-waisted Wasp,Yellow-throated Warbler,Mexican Cactus Fly
val/00819_Animalia_Arthropoda_Insecta_Hymenoptera_Vespidae_Mischocyttarus_flavitarsis/c2f15408-d1b9-4474-a010-e1bd344e9e44.jpg,42,37,0,37,42,1,2,38,0.35693359375,0.26416015625,0.1026611328125,0.02862548828125,0.0198211669921875,1,2,Western Paper Wasp,Florida Carpenter Ant,Western Paper Wasp,Golden Silk Spider,Six-spotted Fishing Spider,New York Carpenter Ant
val/00858_Animalia_Arthropoda_Insecta_Lepidoptera_Crambidae_Achyra_rantalis/8f3edaf9-ed10-4f6b-bf04-9f480f105274.jpg,43,57,0,57,58,270,43,83,0.4375,0.112060546875,0.06976318359375,0.036407470703125,0.026519775390625,1,4,Garden Webworm Moth,Feathered Thorn,Riband Wave,Scaly Chanterelle,Garden Webworm Moth,Half-yellow Moth
val/00858_Animalia_Arthropoda_Insecta_Lepidoptera_Crambidae_Achyra_rantalis/4c0b3462-01be-43a4-b596-e4cc36bba57a.jpg,43,83,0,83,88,66,59,43,0.284423828125,0.1549072265625,0.10162353515625,0.06298828125,0.0372314453125,1,5,Garden Webworm Moth,Half-yellow Moth,Julia Butterfly,Chestnut Bob,Black-dotted Ruddy Moth,Garden Webworm Moth
val/00858_Animalia_Arthropoda_Insecta_Lepidoptera_Crambidae_Achyra_rantalis/130748c9-e8cc-4130-a829-d9b1353c8c32.jpg,43,81,0,81,52,50,109,43,0.6748046875,0.059906005859375,0.048980712890625,0.04052734375,0.036773681640625,1,5,Garden Webworm Moth,Small Mossy Lithacodia,Dimorphic Bomolocha Moth,Woody Underwing,Red-banded Leafroller,Garden Webworm Moth
val/00858_Animalia_Arthropoda_Insecta_Lepidoptera_Crambidae_Achyra_rantalis/da16eb56-6093-41e9-afc2-858e8a8b0db4.jpg,43,65,0,65,43,66,47,99,0.32763671875,0.17919921875,0.1729736328125,0.048980712890625,0.047576904296875,1,2,Garden Webworm Moth,Juvenal's Duskywing,Garden Webworm Moth,Chestnut Bob,Volupial Pyrausta Moth,Fatal Metalmark
val/00859_Animalia_Arthropoda_Insecta_Lepidoptera_Crambidae_Agriphila_straminella/5345cb02-18e6-4bf5-9310-141c4819fbf4.jpg,44,48,0,48,44,114,125,35,0.591796875,0.255615234375,0.12030029296875,0.0035552978515625,0.00299072265625,1,2,Pearl Veneer,Snowy Urola Moth,Pearl Veneer,Chrysopa oculata,Long-winged Conehead,Elm Sawfly
val/00937_Animalia_Arthropoda_Insecta_Lepidoptera_Crambidae_Pyrausta_volupialis/d0525892-d6c0-4bf6-b843-34615c1945a3.jpg,47,112,0,112,47,56,73,59,0.81005859375,0.136474609375,0.006557464599609375,0.004840850830078125,0.004222869873046875,1,2,Volupial Pyrausta Moth,Omnivorous Platynota Moth,Volupial Pyrausta Moth,Blackberry Looper,Common Ciliate Blue,Black-dotted Ruddy Moth
val/00937_Animalia_Arthropoda_Insecta_Lepidoptera_Crambidae_Pyrausta_volupialis/0bc02b22-1940-4a11-88be-44fa364cd443.jpg,47,66,0,66,47,59,26,31,0.1927490234375,0.19091796875,0.04364013671875,0.039031982421875,0.0290985107421875,1,2,Volupial Pyrausta Moth,Chestnut Bob,Volupial Pyrausta Moth,Black-dotted Ruddy Moth,Western Leaf-footed Bug,Southern Green Stink Bug
val/00987_Animalia_Arthropoda_Insecta_Lepidoptera_Erebidae_Bulia_deducta/6a115c13-7009-4bb2-adfe-aac598ff3245.jpg,49,104,0,104,143,242,49,103,0.498046875,0.15673828125,0.04595947265625,0.026123046875,0.020843505859375,1,4,Deduced Graphic,Giant Peacock Moth,Northern Red-legged Frog,Brown Basilisk,Deduced Graphic,Small Emperor Moth
val/00997_Animalia_Arthropoda_Insecta_Lepidoptera_Erebidae_Catocala_grynea/b9493918-c52c-45ba-8466-9efa7fb14497.jpg,50,85,0,85,50,51,81,30,0.1534423828125,0.153076171875,0.0894775390625,0.058441162109375,0.050872802734375,1,2,Woody Underwing,Angulose Prominent Moth,Woody Underwing,Ilia Underwing,Small Mossy Lithacodia,Brown Marmorated Stink Bug
val/00997_Animalia_Arthropoda_Insecta_Lepidoptera_Erebidae_Catocala_grynea/d21b024b-a518-44cd-91f2-b29e60f5cc28.jpg,50,54,0,54,49,50,92,87,0.324462890625,0.1983642578125,0.0916748046875,0.07940673828125,0.044158935546875,1,3,Woody Underwing,Pantydia sparsa,Deduced Graphic,Woody Underwing,Blomfild's Beauty,Silver Emperor
val/00998_Animalia_Arthropoda_Insecta_Lepidoptera_Erebidae_Catocala_ilia/ea6b6fc0-bf68-4f82-b60e-6637c28f7361.jpg,51,105,0,105,80,51,55,215,0.360595703125,0.18701171875,0.1414794921875,0.0799560546875,0.040557861328125,1,3,Ilia Underwing,Pawpaw Sphinx Moth,Alfalfa Looper,Ilia Underwing,Latticed Heath,Eastern Screech-Owl
val/00998_Animalia_Arthropoda_Insecta_Lepidoptera_Erebidae_Catocala_ilia/9df81097-ee3f-4da1-948c-44e56b390a04.jpg,51,274,0,274,235,51,103,93,0.27001953125,0.1956787109375,0.1029052734375,0.09368896484375,0.0609130859375,1,3,Ilia Underwing,ceramic parchment,Belize Crocodile,Ilia Underwing,Small Emperor Moth,Dainty Swallowtail
val/00998_Animalia_Arthropoda_Insecta_Lepidoptera_Erebidae_Catocala_ilia/46a040b3-eb1c-45c6-8441-59171588cd64.jpg,51,274,0,274,51,37,92,244,0.8310546875,0.058807373046875,0.020904541015625,0.0167694091796875,0.00948333740234375,1,2,Ilia Underwing,ceramic parchment,Ilia Underwing,Florida Carpenter Ant,Blomfild's Beauty,Green Iguana
val/00998_Animalia_Arthropoda_Insecta_Lepidoptera_Erebidae_Catocala_ilia/99c48ba5-76e4-40e5-baa5-7bbfb3ed18fd.jpg,51,85,0,85,51,53,82,80,0.43017578125,0.2039794921875,0.046783447265625,0.04425048828125,0.032928466796875,1,2,Ilia Underwing,Angulose Prominent Moth,Ilia Underwing,Royal Poinciana Moth,Black-dotted Maliattha,Alfalfa Looper
val/01047_Animalia_Arthropoda_Insecta_Lepidoptera_Erebidae_Hypena_bijugalis/e1c14721-f5a9-4358-b513-0eab1cf533d0.jpg,52,105,0,105,49,46,52,82,0.31005859375,0.07110595703125,0.06451416015625,0.06201171875,0.056243896484375,1,4,Dimorphic Bomolocha Moth,Pawpaw Sphinx Moth,Deduced Graphic,Titian Peale's Crambid,Dimorphic Bomolocha Moth,Black-dotted Maliattha
val/01076_Animalia_Arthropoda_Insecta_Lepidoptera_Erebidae_Melipotis_acontioides/eaca893d-1eab-4f0f-9572-e3569370a36b.jpg,53,85,0,85,53,50,81,51,0.283447265625,0.182373046875,0.14453125,0.072265625,0.061431884765625,1,2,Royal Poinciana Moth,Angulose Prominent Moth,Royal Poinciana Moth,Woody Underwing,Small Mossy Lithacodia,Ilia Underwing
val/01076_Animalia_Arthropoda_Insecta_Lepidoptera_Erebidae_Melipotis_acontioides/8dc06200-74e2-4dd0-a080-cffa06c19329.jpg,53,112,0,112,53,43,98,109,0.64794921875,0.1834716796875,0.0780029296875,0.06622314453125,0.006427764892578125,1,2,Royal Poinciana Moth,Omnivorous Platynota Moth,Royal Poinciana Moth,Garden Webworm Moth,Darker Moodna Moth,Red-banded Leafroller
val/01164_Animalia_Arthropoda_Insecta_Lepidoptera_Geometridae_Chiasmia_clathrata/68ff6e5f-588d-456b-8d67-0de58c007f38.jpg,55,93,0,93,55,89,71,30,0.42041015625,0.171875,0.091796875,0.060577392578125,0.042449951171875,1,2,Latticed Heath,Dainty Swallowtail,Latticed Heath,Baltimore Checkerspot,Dorantes Longtail,Brown Marmorated Stink Bug
val/01164_Animalia_Arthropoda_Insecta_Lepidoptera_Geometridae_Chiasmia_clathrata/23f85ac1-2f37-4827-bc0a-07d07b719860.jpg,55,22,0,22,55,93,89,64,0.205322265625,0.125,0.09539794921875,0.05242919921875,0.037109375,1,2,Latticed Heath,Transverse-banded Flower Fly,Latticed Heath,Dainty Swallowtail,Baltimore Checkerspot,Desert Checkered-Skipper
val/01176_Animalia_Arthropoda_Insecta_Lepidoptera_Geometridae_Colotois_pennaria/ded29f7c-886b-44eb-bbed-e114166b6c55.jpg,57,47,0,47,57,43,62,52,0.436279296875,0.382080078125,0.11517333984375,0.01561737060546875,0.01422119140625,1,2,Feathered Thorn,Volupial Pyrausta Moth,Feathered Thorn,Garden Webworm Moth,Yellow Slant-line,Dimorphic Bomolocha Moth
val/01233_Animalia_Arthropoda_Insecta_Lepidoptera_Geometridae_Idaea_aversata/cc692317-cae5-4e26-a905-2ec893b56b40.jpg,58,54,0,54,57,58,53,49,0.5029296875,0.1629638671875,0.1551513671875,0.021514892578125,0.0191802978515625,1,3,Riband Wave,Pantydia sparsa,Feathered Thorn,Riband Wave,Royal Poinciana Moth,Deduced Graphic
val/01242_Animalia_Arthropoda_Insecta_Lepidoptera_Geometridae_Ilexia_intractata/7692f69c-6f06-408c-8a2f-125d73a0827d.jpg,59,58,0,58,59,101,57,112,0.80078125,0.1402587890625,0.016204833984375,0.0135650634765625,0.0031223297119140625,1,2,Black-dotted Ruddy Moth,Riband Wave,Black-dotted Ruddy Moth,Orange-tipped Oakworm Moth,Feathered Thorn,Omnivorous Platynota Moth
val/01242_Animalia_Arthropoda_Insecta_Lepidoptera_Geometridae_Ilexia_intractata/6e6969eb-22c6-435a-9c79-35e2b73dc70c.jpg,59,58,0,58,110,59,49,50,0.337646484375,0.160400390625,0.14208984375,0.0869140625,0.041046142578125,1,3,Black-dotted Ruddy Moth,Riband Wave,Filbertworm Moth,Black-dotted Ruddy Moth,Deduced Graphic,Woody Underwing
val/01335_Animalia_Arthropoda_Insecta_Lepidoptera_Hesperiidae_Ancyloxypha_numitor/49eefdfc-496a-4888-b4f5-352b992496cd.jpg,63,88,0,88,70,63,66,69,0.697265625,0.184814453125,0.03192138671875,0.0212249755859375,0.01702880859375,1,3,Least Skipper,Julia Butterfly,European Skipper,Least Skipper,Chestnut Bob,Long Dash Skipper
val/01335_Animalia_Arthropoda_Insecta_Lepidoptera_Hesperiidae_Ancyloxypha_numitor/b02864dd-4b41-49df-a001-a62f34f4f147.jpg,63,70,0,70,63,190,69,68,0.85546875,0.12469482421875,0.0024967193603515625,0.0014772415161132812,0.0006899833679199219,1,2,Least Skipper,European Skipper,Least Skipper,Yellow-throated Warbler,Long Dash Skipper,Umber Skipper
val/01335_Animalia_Arthropoda_Insecta_Lepidoptera_Hesperiidae_Ancyloxypha_numitor/60e778a9-a9b9-44a1-92a1-c202e5e7123d.jpg,63,77,0,77,67,63,78,44,0.71533203125,0.195556640625,0.02667236328125,0.01403045654296875,0.00574493408203125,1,3,Least Skipper,Boisduval's Blue,Eufala Skipper,Least Skipper,Marine Blue,Pearl Veneer
val/01335_Animalia_Arthropoda_Insecta_Lepidoptera_Hesperiidae_Ancyloxypha_numitor/2c8fadcc-a38d-4349-a04a-5ce405527725.jpg,63,88,0,88,63,70,59,92,0.66845703125,0.11920166015625,0.087890625,0.034210205078125,0.0193023681640625,1,2,Least Skipper,Julia Butterfly,Least Skipper,European Skipper,Black-dotted Ruddy Moth,Blomfild's Beauty
val/01362_Animalia_Arthropoda_Insecta_Lepidoptera_Hesperiidae_Erynnis_juvenalis/21f6b05a-7e34-4f81-a3d1-51186cf61f79.jpg,65,64,0,64,65,105,45,75,0.5986328125,0.2313232421875,0.03338623046875,0.0298919677734375,0.00969696044921875,1,2,Juvenal's Duskywing,Desert Checkered-Skipper,Juvenal's Duskywing,Pawpaw Sphinx Moth,Hydrilla Leafcutter Moth,Spring Azure
val/01362_Animalia_Arthropoda_Insecta_Lepidoptera_Hesperiidae_Erynnis_juvenalis/6b71a15f-09dc-4195-ac5b-6926334cce95.jpg,65,91,0,91,65,90,249,18,0.324951171875,0.1456298828125,0.09130859375,0.02752685546875,0.0274810791015625,1,2,Juvenal's Duskywing,Mourning Cloak,Juvenal's Duskywing,Red-spotted Admiral,Beadlet anemone,Blue Blowfly
val/01376_Animalia_Arthropoda_Insecta_Lepidoptera_Hesperiidae_Lerodea_eufala/8aec5a4a-64d8-4719-a02b-4c8aed820b72.jpg,67,79,0,79,71,67,69,74,0.3232421875,0.272705078125,0.08203125,0.026580810546875,0.018890380859375,1,3,Eufala Skipper,Coral Hairstreak,Dorantes Longtail,Eufala Skipper,Long Dash Skipper,Forget-me-not
val/01378_Animalia_Arthropoda_Insecta_Lepidoptera_Hesperiidae_Lon_melane/d378b294-f204-47d0-8764-0ccd7f15babf.jpg,68,67,0,67,68,65,231,46,0.158447265625,0.10687255859375,0.06805419921875,0.03643798828125,0.03515625,1,2,Umber Skipper,Eufala Skipper,Umber Skipper,Juvenal's Duskywing,Bank Vole,Titian Peale's Crambid
val/01378_Animalia_Arthropoda_Insecta_Lepidoptera_Hesperiidae_Lon_melane/de3b4755-fb74-4bee-b430-3121d6d5b714.jpg,68,69,0,69,68,87,63,70,0.497314453125,0.43701171875,0.0085906982421875,0.006496429443359375,0.00426483154296875,1,2,Umber Skipper,Long Dash Skipper,Umber Skipper,Silver Emperor,Least Skipper,European Skipper
val/01378_Animalia_Arthropoda_Insecta_Lepidoptera_Hesperiidae_Lon_melane/088e7f04-a241-4f99-acc6-40ed4dd42d6e.jpg,68,34,0,34,68,69,295,415,0.5458984375,0.1783447265625,0.061737060546875,0.05755615234375,0.036224365234375,1,2,Umber Skipper,Southern Carpenter Bee,Umber Skipper,Long Dash Skipper,Philippine Ground Orchid,Marsh Woundwort
val/01393_Animalia_Arthropoda_Insecta_Lepidoptera_Hesperiidae_Polites_mystic/27e9c2f0-47e6-4bf8-88c1-9f1e513eee6b.jpg,69,63,0,63,69,70,66,73,0.26806640625,0.1767578125,0.145751953125,0.051239013671875,0.0450439453125,1,2,Long Dash Skipper,Least Skipper,Long Dash Skipper,European Skipper,Chestnut Bob,Common Ciliate Blue
val/01393_Animalia_Arthropoda_Insecta_Lepidoptera_Hesperiidae_Polites_mystic/b1d3caa2-80e8-4faa-ac61-7b2090be57a3.jpg,69,454,0,454,69,67,483,70,0.63916015625,0.1851806640625,0.0535888671875,0.0276947021484375,0.025970458984375,1,2,Long Dash Skipper,common columbine,Long Dash Skipper,Eufala Skipper,western horsenettle,European Skipper
val/01393_Animalia_Arthropoda_Insecta_Lepidoptera_Hesperiidae_Polites_mystic/a364b642-d560-4c44-b5a2-4281405f5c80.jpg,69,71,0,71,69,99,32,67,0.440673828125,0.197021484375,0.0675048828125,0.050750732421875,0.036651611328125,1,2,Long Dash Skipper,Dorantes Longtail,Long Dash Skipper,Fatal Metalmark,Jagged Ambush Bug,Eufala Skipper
val/01393_Animalia_Arthropoda_Insecta_Lepidoptera_Hesperiidae_Polites_mystic/6d7295f9-ec09-495d-a47b-53c0e2fff9f8.jpg,69,68,0,68,69,70,67,123,0.62744140625,0.33984375,0.01666259765625,0.0068359375,0.0006260871887207031,1,2,Long Dash Skipper,Umber Skipper,Long Dash Skipper,European Skipper,Eufala Skipper,Marsh meadow grasshopper
val/01405_Animalia_Arthropoda_Insecta_Lepidoptera_Hesperiidae_Thymelicus_lineola/e031ba42-3aba-454c-82a6-6a526d599938.jpg,70,63,0,63,70,69,8,66,0.7841796875,0.1077880859375,0.04156494140625,0.01290130615234375,0.01226043701171875,1,2,European Skipper,Least Skipper,European Skipper,Long Dash Skipper,Goldenrod Soldier Beetle,Chestnut Bob
val/01405_Animalia_Arthropoda_Insecta_Lepidoptera_Hesperiidae_Thymelicus_lineola/4c1d6ece-0f13-414b-a666-9f76bf187d07.jpg,70,63,0,63,70,68,445,122,0.888671875,0.03912353515625,0.00727081298828125,0.004825592041015625,0.0045623779296875,1,2,European Skipper,Least Skipper,European Skipper,Umber Skipper,Cherry Tree,Neurothemis taiwanensis
val/01408_Animalia_Arthropoda_Insecta_Lepidoptera_Hesperiidae_Urbanus_dorantes/6859e002-823c-434f-aead-8b4334ee0263.jpg,71,53,0,53,71,105,43,49,0.2498779296875,0.1087646484375,0.107666015625,0.0972900390625,0.09014892578125,1,2,Dorantes Longtail,Royal Poinciana Moth,Dorantes Longtail,Pawpaw Sphinx Moth,Garden Webworm Moth,Deduced Graphic
val/01408_Animalia_Arthropoda_Insecta_Lepidoptera_Hesperiidae_Urbanus_dorantes/cf98fcfc-8007-4491-aec1-5849081da81c.jpg,71,45,0,45,71,80,67,53,0.57275390625,0.057769775390625,0.024627685546875,0.0204620361328125,0.019744873046875,1,2,Dorantes Longtail,Hydrilla Leafcutter Moth,Dorantes Longtail,Alfalfa Looper,Eufala Skipper,Royal Poinciana Moth
val/01408_Animalia_Arthropoda_Insecta_Lepidoptera_Hesperiidae_Urbanus_dorantes/48d5e437-7d1b-4aba-9754-cba456db65c6.jpg,71,0,0,0,80,43,71,45,0.2481689453125,0.143798828125,0.0517578125,0.043365478515625,0.0268402099609375,1,4,Dorantes Longtail,Cross Orbweaver,Alfalfa Looper,Garden Webworm Moth,Dorantes Longtail,Hydrilla Leafcutter Moth
val/01430_Animalia_Arthropoda_Insecta_Lepidoptera_Limacodidae_Euclea_incisa/10f90bab-9af4-405d-95b9-ae5410961005.jpg,72,141,0,141,72,142,242,143,0.21728515625,0.207275390625,0.05029296875,0.0487060546875,0.04864501953125,1,2,Green Oak-Slug Moth,Cachabi Robber Frog,Green Oak-Slug Moth,Eastern Dwarf Treefrog,Brown Basilisk,Northern Red-legged Frog
val/01439_Animalia_Arthropoda_Insecta_Lepidoptera_Lycaenidae_Anthene_emolus/4c3d61e1-dd81-4c72-95d9-3e09f4044ace.jpg,73,74,0,74,73,78,77,75,0.50927734375,0.193359375,0.166748046875,0.0224761962890625,0.0126800537109375,1,2,Common Ciliate Blue,Forget-me-not,Common Ciliate Blue,Marine Blue,Boisduval's Blue,Spring Azure
val/01469_Animalia_Arthropoda_Insecta_Lepidoptera_Lycaenidae_Cyaniris_semiargus/6c50a5f8-1b06-4b47-b10a-ae6857bdfbb6.jpg,76,77,0,77,76,74,97,75,0.56298828125,0.307373046875,0.10296630859375,0.0029582977294921875,0.0018987655639648438,1,2,Mazarine Blue,Boisduval's Blue,Mazarine Blue,Forget-me-not,Large White Butterfly,Spring Azure
val/01469_Animalia_Arthropoda_Insecta_Lepidoptera_Lycaenidae_Cyaniris_semiargus/3948f575-0f67-4c76-a28e-25c9dc344a44.jpg,76,77,0,77,76,74,78,121,0.61279296875,0.306884765625,0.0194549560546875,0.01276397705078125,0.0035037994384765625,1,2,Mazarine Blue,Boisduval's Blue,Mazarine Blue,Forget-me-not,Marine Blue,Small Spreadwing
val/01485_Animalia_Arthropoda_Insecta_Lepidoptera_Lycaenidae_Icaricia_icarioides/618648e3-2e4d-4078-ae97-4ead69ebb532.jpg,77,76,0,76,74,77,75,95,0.57080078125,0.1015625,0.0687255859375,0.0236663818359375,0.02081298828125,1,3,Boisduval's Blue,Mazarine Blue,Forget-me-not,Boisduval's Blue,Spring Azure,Barred Yellow
val/01485_Animalia_Arthropoda_Insecta_Lepidoptera_Lycaenidae_Icaricia_icarioides/365e6a00-1d8e-4eba-aa73-1d30ec78c394.jpg,77,76,0,76,77,74,78,79,0.433349609375,0.20263671875,0.170654296875,0.0723876953125,0.01605224609375,1,2,Boisduval's Blue,Mazarine Blue,Boisduval's Blue,Forget-me-not,Marine Blue,Coral Hairstreak
val/01485_Animalia_Arthropoda_Insecta_Lepidoptera_Lycaenidae_Icaricia_icarioides/68da8e9d-10fb-4d22-b02f-56e8cb34f759.jpg,77,78,0,78,67,77,64,97,0.51025390625,0.1646728515625,0.156494140625,0.0176544189453125,0.01506805419921875,1,3,Boisduval's Blue,Marine Blue,Eufala Skipper,Boisduval's Blue,Desert Checkered-Skipper,Large White Butterfly
val/01485_Animalia_Arthropoda_Insecta_Lepidoptera_Lycaenidae_Icaricia_icarioides/d9525058-9b2c-4905-a2d8-2473570f9caa.jpg,77,75,0,75,77,74,78,86,0.453125,0.312744140625,0.08905029296875,0.03662109375,0.0210113525390625,1,2,Boisduval's Blue,Spring Azure,Boisduval's Blue,Forget-me-not,Marine Blue,Lesser Marbled Fritillary
val/01485_Animalia_Arthropoda_Insecta_Lepidoptera_Lycaenidae_Icaricia_icarioides/353fd226-1c04-4432-8e63-97eb63380054.jpg,77,75,0,75,77,76,74,95,0.55029296875,0.221435546875,0.047027587890625,0.029876708984375,0.02655029296875,1,2,Boisduval's Blue,Spring Azure,Boisduval's Blue,Mazarine Blue,Forget-me-not,Barred Yellow
val/01493_Animalia_Arthropoda_Insecta_Lepidoptera_Lycaenidae_Leptotes_marina/9d984ef1-6335-4b8d-97c0-f2379bf8b72a.jpg,78,65,0,65,73,78,231,76,0.1536865234375,0.1302490234375,0.11004638671875,0.0430908203125,0.032684326171875,1,3,Marine Blue,Juvenal's Duskywing,Common Ciliate Blue,Marine Blue,Bank Vole,Mazarine Blue
val/01493_Animalia_Arthropoda_Insecta_Lepidoptera_Lycaenidae_Leptotes_marina/4d25ffd3-65cd-4e0e-bf78-89caded4e5fa.jpg,78,73,0,73,78,74,99,65,0.67138671875,0.214599609375,0.037353515625,0.0131378173828125,0.0087738037109375,1,2,Marine Blue,Common Ciliate Blue,Marine Blue,Forget-me-not,Fatal Metalmark,Juvenal's Duskywing
val/01534_Animalia_Arthropoda_Insecta_Lepidoptera_Lycaenidae_Satyrium_titus/15243e3e-858b-45e0-8a6d-ef90b202f30a.jpg,79,66,0,66,73,31,79,74,0.328125,0.1502685546875,0.07293701171875,0.04217529296875,0.032501220703125,1,4,Coral Hairstreak,Chestnut Bob,Common Ciliate Blue,Southern Green Stink Bug,Coral Hairstreak,Forget-me-not
val/01534_Animalia_Arthropoda_Insecta_Lepidoptera_Lycaenidae_Satyrium_titus/cfbb603d-3612-46d5-b180-bb8f36c4e6ba.jpg,79,76,0,76,79,74,77,22,0.80078125,0.1337890625,0.034149169921875,0.00428009033203125,0.002788543701171875,1,2,Coral Hairstreak,Mazarine Blue,Coral Hairstreak,Forget-me-not,Boisduval's Blue,Transverse-banded Flower Fly
val/01583_Animalia_Arthropoda_Insecta_Lepidoptera_Noctuidae_Autographa_californica/b763c48b-24bf-4096-af48-e2c626a21458.jpg,80,71,0,71,80,68,41,67,0.175048828125,0.09588623046875,0.061614990234375,0.0450439453125,0.03155517578125,1,2,Alfalfa Looper,Dorantes Longtail,Alfalfa Looper,Umber Skipper,Common Thread-waisted Wasp,Eufala Skipper
val/01583_Animalia_Arthropoda_Insecta_Lepidoptera_Noctuidae_Autographa_californica/e979edc7-4585-4244-a783-954f8a79bfdc.jpg,80,52,0,52,80,81,85,49,0.3232421875,0.257568359375,0.05474853515625,0.049072265625,0.03570556640625,1,2,Alfalfa Looper,Dimorphic Bomolocha Moth,Alfalfa Looper,Small Mossy Lithacodia,Angulose Prominent Moth,Deduced Graphic
val/01583_Animalia_Arthropoda_Insecta_Lepidoptera_Noctuidae_Autographa_californica/ec078921-1988-41f6-a4f6-34a072baea03.jpg,80,108,0,108,53,80,67,68,0.42626953125,0.31689453125,0.0947265625,0.06475830078125,0.031890869140625,1,3,Alfalfa Looper,Pine Hawk-Moth,Royal Poinciana Moth,Alfalfa Looper,Eufala Skipper,Umber Skipper
val/01583_Animalia_Arthropoda_Insecta_Lepidoptera_Noctuidae_Autographa_californica/3f0924fd-1a92-45f3-bbd8-88a662286c83.jpg,80,107,0,107,49,105,80,46,0.2054443359375,0.08087158203125,0.07537841796875,0.0670166015625,0.032745361328125,1,4,Alfalfa Looper,Blinded Sphinx Moth,Deduced Graphic,Pawpaw Sphinx Moth,Alfalfa Looper,Titian Peale's Crambid
val/01583_Animalia_Arthropoda_Insecta_Lepidoptera_Noctuidae_Autographa_californica/fcd4fff8-166d-4464-be1a-aa3758c1102c.jpg,80,85,0,85,80,81,215,49,0.2254638671875,0.1534423828125,0.1505126953125,0.09075927734375,0.07080078125,1,2,Alfalfa Looper,Angulose Prominent Moth,Alfalfa Looper,Small Mossy Lithacodia,Eastern Screech-Owl,Deduced Graphic
val/01583_Animalia_Arthropoda_Insecta_Lepidoptera_Noctuidae_Autographa_californica/6d2a4d02-2a95-44fa-af12-52242633871a.jpg,80,71,0,71,67,68,80,53,0.43408203125,0.229248046875,0.12127685546875,0.026519775390625,0.013580322265625,1,4,Alfalfa Looper,Dorantes Longtail,Eufala Skipper,Umber Skipper,Alfalfa Looper,Royal Poinciana Moth
val/01653_Animalia_Arthropoda_Insecta_Lepidoptera_Noctuidae_Maliattha_synochitis/79c78f9d-9a1b-4932-ba68-a6007a393a39.jpg,82,80,0,80,82,178,53,215,0.4375,0.08258056640625,0.07354736328125,0.05157470703125,0.03253173828125,1,2,Black-dotted Maliattha,Alfalfa Looper,Black-dotted Maliattha,Bank Swallow,Royal Poinciana Moth,Eastern Screech-Owl
val/01691_Animalia_Arthropoda_Insecta_Lepidoptera_Noctuidae_Ponometia_semiflava/89f67d79-f04e-47e8-906b-5a98920db934.jpg,83,57,0,57,83,43,112,53,0.144287109375,0.1318359375,0.11468505859375,0.057403564453125,0.0394287109375,1,2,Half-yellow Moth,Feathered Thorn,Half-yellow Moth,Garden Webworm Moth,Omnivorous Platynota Moth,Royal Poinciana Moth
val/01802_Animalia_Arthropoda_Insecta_Lepidoptera_Nymphalidae_Brenthis_ino/9759ad9f-87e2-48a2-8a1f-0a349a5ee840.jpg,86,78,0,78,86,75,99,73,0.362060546875,0.33544921875,0.03277587890625,0.0296630859375,0.028533935546875,1,2,Lesser Marbled Fritillary,Marine Blue,Lesser Marbled Fritillary,Spring Azure,Fatal Metalmark,Common Ciliate Blue
val/01908_Animalia_Arthropoda_Insecta_Lepidoptera_Nymphalidae_Limenitis_arthemis/ad774ad7-b6e0-40d4-b991-68037a782595.jpg,90,68,0,68,97,67,90,78,0.044586181640625,0.04205322265625,0.0338134765625,0.0316162109375,0.022216796875,1,4,Red-spotted Admiral,Umber Skipper,Large White Butterfly,Eufala Skipper,Red-spotted Admiral,Marine Blue
val/01908_Animalia_Arthropoda_Insecta_Lepidoptera_Nymphalidae_Limenitis_arthemis/d55b05e1-da19-4bc9-9dc1-649330c0cb56.jpg,90,14,0,14,90,18,116,25,0.456298828125,0.172607421875,0.1160888671875,0.0400390625,0.022705078125,1,2,Red-spotted Admiral,Woodland Dor Beetle,Red-spotted Admiral,Blue Blowfly,Ebony Jewelwing,Florida Leaf-footed Bug
val/01908_Animalia_Arthropoda_Insecta_Lepidoptera_Nymphalidae_Limenitis_arthemis/d1679197-9b97-402c-8dfc-c9acabf198f6.jpg,90,100,0,100,90,20,91,14,0.38671875,0.2177734375,0.061126708984375,0.050445556640625,0.04229736328125,1,2,Red-spotted Admiral,Red-bordered Pixie,Red-spotted Admiral,Mexican Cactus Fly,Mourning Cloak,Woodland Dor Beetle
val/01938_Animalia_Arthropoda_Insecta_Lepidoptera_Nymphalidae_Nymphalis_antiopa/1f36558f-7636-4e75-b265-72f68ec64c09.jpg,91,65,0,65,71,53,91,52,0.4501953125,0.0838623046875,0.03369140625,0.031585693359375,0.02978515625,1,4,Mourning Cloak,Juvenal's Duskywing,Dorantes Longtail,Royal Poinciana Moth,Mourning Cloak,Dimorphic Bomolocha Moth
val/01938_Animalia_Arthropoda_Insecta_Lepidoptera_Nymphalidae_Nymphalis_antiopa/4da9be94-a236-43a8-8dc6-a177bf6a7437.jpg,91,102,0,102,91,93,85,100,0.873046875,0.023284912109375,0.0091705322265625,0.002681732177734375,0.0026340484619140625,1,2,Mourning Cloak,Buck Moth,Mourning Cloak,Dainty Swallowtail,Angulose Prominent Moth,Red-bordered Pixie
val/01968_Animalia_Arthropoda_Insecta_Lepidoptera_Nymphalidae_Smyrna_blomfildia/641f1bab-66a6-4ee6-bf1b-de803a0168f7.jpg,92,184,0,184,92,64,193,78,0.1861572265625,0.0860595703125,0.031585693359375,0.0281982421875,0.0254974365234375,1,2,Blomfild's Beauty,Meadow Pipit,Blomfild's Beauty,Desert Checkered-Skipper,Lark Bunting,Marine Blue
val/02009_Animalia_Arthropoda_Insecta_Lepidoptera_Papilionidae_Papilio_anactus/95fdb590-a8be-487e-ad54-2907464142e3.jpg,93,89,0,89,91,102,93,86,0.6064453125,0.25146484375,0.0264129638671875,0.01012420654296875,0.006755828857421875,1,4,Dainty Swallowtail,Baltimore Checkerspot,Mourning Cloak,Buck Moth,Dainty Swallowtail,Lesser Marbled Fritillary
val/02009_Animalia_Arthropoda_Insecta_Lepidoptera_Papilionidae_Papilio_anactus/102cde7c-5480-4e5e-9423-5a2ad1a64948.jpg,93,89,0,89,93,55,101,103,0.56005859375,0.2998046875,0.0869140625,0.01678466796875,0.002803802490234375,1,2,Dainty Swallowtail,Baltimore Checkerspot,Dainty Swallowtail,Latticed Heath,Orange-tipped Oakworm Moth,Small Emperor Moth
val/02073_Animalia_Arthropoda_Insecta_Lepidoptera_Pieridae_Eurema_daira/f9c2c5a0-8b74-48bf-8c48-3dfb7dead4a3.jpg,95,77,0,77,96,95,97,76,0.2362060546875,0.134765625,0.07440185546875,0.07098388671875,0.048095703125,1,3,Barred Yellow,Boisduval's Blue,Florida White,Barred Yellow,Large White Butterfly,Mazarine Blue
val/02073_Animalia_Arthropoda_Insecta_Lepidoptera_Pieridae_Eurema_daira/6f4e88f3-b8bd-4d53-bab7-f448d5803f30.jpg,95,141,0,141,142,113,95,112,0.192626953125,0.1632080078125,0.08209228515625,0.0673828125,0.04010009765625,1,4,Barred Yellow,Cachabi Robber Frog,Eastern Dwarf Treefrog,Australian Green Mantis,Barred Yellow,Omnivorous Platynota Moth
val/02092_Animalia_Arthropoda_Insecta_Lepidoptera_Pieridae_Pieris_brassicae/b69bb10a-c378-4020-b2f1-55a10838f7df.jpg,97,95,0,95,97,63,96,74,0.69921875,0.164794921875,0.067626953125,0.0218658447265625,0.01221466064453125,1,2,Large White Butterfly,Barred Yellow,Large White Butterfly,Least Skipper,Florida White,Forget-me-not
val/02092_Animalia_Arthropoda_Insecta_Lepidoptera_Pieridae_Pieris_brassicae/f1c52822-cf15-4264-95ea-b2f8a6d8f614.jpg,97,67,0,67,198,97,153,201,0.09619140625,0.078125,0.0614013671875,0.060699462890625,0.039520263671875,1,3,Large White Butterfly,Eufala Skipper,Common Firecrest,Large White Butterfly,Black-chinned Hummingbird,Grayish Saltator
val/02092_Animalia_Arthropoda_Insecta_Lepidoptera_Pieridae_Pieris_brassicae/25ba3d4a-7c6c-4b5e-bc7f-6a2e9a6214d2.jpg,97,48,0,48,96,97,82,77,0.429443359375,0.11553955078125,0.0548095703125,0.0452880859375,0.0430908203125,1,3,Large White Butterfly,Snowy Urola Moth,Florida White,Large White Butterfly,Black-dotted Maliattha,Boisduval's Blue
val/02129_Animalia_Arthropoda_Insecta_Lepidoptera_Pyralidae_Moodna_ostrinella/781d03f2-afa3-43a9-a70e-d1fcb0123496.jpg,98,109,0,109,82,111,98,45,0.248291015625,0.1729736328125,0.1256103515625,0.1170654296875,0.02996826171875,1,4,Darker Moodna Moth,Red-banded Leafroller,Black-dotted Maliattha,Bidens Borer Moth,Darker Moodna Moth,Hydrilla Leafcutter Moth
val/02129_Animalia_Arthropoda_Insecta_Lepidoptera_Pyralidae_Moodna_ostrinella/b6c18135-f30a-4e37-b84b-1e4aa678550b.jpg,98,17,0,17,27,26,98,30,0.69873046875,0.0855712890625,0.0811767578125,0.0312347412109375,0.0230712890625,1,4,Darker Moodna Moth,Oriental Beetle,Western Conifer Seed Bug,Western Leaf-footed Bug,Darker Moodna Moth,Brown Marmorated Stink Bug
val/02149_Animalia_Arthropoda_Insecta_Lepidoptera_Saturniidae_Anisota_senatoria/62a07c37-9d03-4e0b-9d29-ceecdb5b16a2.jpg,101,108,0,108,144,128,234,101,0.7880859375,0.0645751953125,0.02984619140625,0.0222625732421875,0.016510009765625,1,5,Orange-tipped Oakworm Moth,Pine Hawk-Moth,Green Salamander,Bluntnose Minnow,Common Caiman,Orange-tipped Oakworm Moth
val/02161_Animalia_Arthropoda_Insecta_Lepidoptera_Saturniidae_Hemileuca_maia/3ae863e7-f30a-4ec0-abca-2b8a4d0907fa.jpg,102,67,0,67,68,52,102,3,0.2978515625,0.1844482421875,0.02703857421875,0.01922607421875,0.018096923828125,1,4,Buck Moth,Eufala Skipper,Umber Skipper,Dimorphic Bomolocha Moth,Buck Moth,Johnson's Jumping Spider
val/02161_Animalia_Arthropoda_Insecta_Lepidoptera_Saturniidae_Hemileuca_maia/8a2afb58-1ee8-412a-84af-4a7cdf12e4a6.jpg,102,91,0,91,231,102,232,75,0.2607421875,0.12066650390625,0.1119384765625,0.0294189453125,0.0192108154296875,1,3,Buck Moth,Mourning Cloak,Bank Vole,Buck Moth,Woodchuck,Spring Azure
val/02161_Animalia_Arthropoda_Insecta_Lepidoptera_Saturniidae_Hemileuca_maia/a232887b-7513-4f66-9edc-499af86c73aa.jpg,102,262,0,262,102,187,89,327,0.84521484375,0.08538818359375,0.00611114501953125,0.0031833648681640625,0.002552032470703125,1,2,Buck Moth,Golden Hair-lichen,Buck Moth,Chestnut-backed Chickadee,Baltimore Checkerspot,great blanketflower
val/02185_Animalia_Arthropoda_Insecta_Lepidoptera_Sphingidae_Dolba_hyloeus/911cd059-b388-433d-b8c5-25c9aca88bfa.jpg,105,31,0,31,238,154,105,175,0.309326171875,0.162109375,0.0577392578125,0.05291748046875,0.0226593017578125,1,4,Pawpaw Sphinx Moth,Southern Green Stink Bug,Common Bronze-back,Green-crowned Brilliant,Pawpaw Sphinx Moth,Double-barred Finch
val/02211_Animalia_Arthropoda_Insecta_Lepidoptera_Sphingidae_Paonias_excaecata/97efe7e5-1ddb-4c62-9a26-b4524cf45fc7.jpg,107,80,0,80,107,49,105,53,0.7822265625,0.0662841796875,0.049835205078125,0.0085601806640625,0.0084075927734375,1,2,Blinded Sphinx Moth,Alfalfa Looper,Blinded Sphinx Moth,Deduced Graphic,Pawpaw Sphinx Moth,Royal Poinciana Moth
val/02211_Animalia_Arthropoda_Insecta_Lepidoptera_Sphingidae_Paonias_excaecata/3e322d7c-11b7-410d-8d47-60cc4a5a1222.jpg,107,80,0,80,49,107,231,75,0.45947265625,0.10382080078125,0.0589599609375,0.0302734375,0.019775390625,1,3,Blinded Sphinx Moth,Alfalfa Looper,Deduced Graphic,Blinded Sphinx Moth,Bank Vole,Spring Azure
val/02222_Animalia_Arthropoda_Insecta_Lepidoptera_Sphingidae_Sphinx_pinastri/84021b2c-735c-4afb-b0a3-748b7ad31029.jpg,108,44,0,44,53,108,2,47,0.383056640625,0.0911865234375,0.090576171875,0.068603515625,0.0672607421875,1,3,Pine Hawk-Moth,Pearl Veneer,Royal Poinciana Moth,Pine Hawk-Moth,Six-spotted Fishing Spider,Volupial Pyrausta Moth
val/02235_Animalia_Arthropoda_Insecta_Lepidoptera_Tortricidae_Argyrotaenia_velutinana/4a7ce32d-08e4-4ad2-a769-6e5084de8373.jpg,109,81,0,81,109,30,111,85,0.4228515625,0.1580810546875,0.12237548828125,0.039794921875,0.022247314453125,1,2,Red-banded Leafroller,Small Mossy Lithacodia,Red-banded Leafroller,Brown Marmorated Stink Bug,Bidens Borer Moth,Angulose Prominent Moth
val/02235_Animalia_Arthropoda_Insecta_Lepidoptera_Tortricidae_Argyrotaenia_velutinana/04556d1e-4912-45cf-8466-7eac29b3850a.jpg,109,111,0,111,109,110,98,17,0.41015625,0.315673828125,0.091552734375,0.07769775390625,0.01441192626953125,1,2,Red-banded Leafroller,Bidens Borer Moth,Red-banded Leafroller,Filbertworm Moth,Darker Moodna Moth,Oriental Beetle
val/02235_Animalia_Arthropoda_Insecta_Lepidoptera_Tortricidae_Argyrotaenia_velutinana/a75f1e41-a321-4a8a-bab1-89bc11699cab.jpg,109,98,0,98,81,109,111,110,0.462158203125,0.271728515625,0.1334228515625,0.08355712890625,0.02301025390625,1,3,Red-banded Leafroller,Darker Moodna Moth,Small Mossy Lithacodia,Red-banded Leafroller,Bidens Borer Moth,Filbertworm Moth
val/02249_Animalia_Arthropoda_Insecta_Lepidoptera_Tortricidae_Epiblema_otiosana/ba812b20-8d42-42d1-82d8-064a42371cd3.jpg,111,82,0,82,111,80,109,107,0.71533203125,0.1829833984375,0.0693359375,0.00757598876953125,0.0032100677490234375,1,2,Bidens Borer Moth,Black-dotted Maliattha,Bidens Borer Moth,Alfalfa Looper,Red-banded Leafroller,Blinded Sphinx Moth
val/02262_Animalia_Arthropoda_Insecta_Lepidoptera_Tortricidae_Platynota_rostrana/4351fe2e-c77f-4aa7-85de-42ea2fe51eb6.jpg,112,247,0,247,355,112,5,4,0.28564453125,0.057464599609375,0.04669189453125,0.04229736328125,0.0330810546875,1,3,Omnivorous Platynota Moth,Western Rattlesnake,Spiny Hedgehog Cactus,Omnivorous Platynota Moth,Eastern Bark Centipede,Paravaejovis puritanus
val/02284_Animalia_Arthropoda_Insecta_Mantodea_Mantidae_Orthodera_ministralis/1e25a8b7-d5d9-4062-ab5f-61d78bde81df.jpg,113,303,0,303,113,124,467,116,0.288818359375,0.2142333984375,0.039703369140625,0.027099609375,0.0260162353515625,1,2,Australian Green Mantis,sawbrier,Australian Green Mantis,Obscure Bird Grasshopper,Rubus schmidelioides,Ebony Jewelwing
val/02284_Animalia_Arthropoda_Insecta_Mantodea_Mantidae_Orthodera_ministralis/305349a8-900a-4913-b2c0-57f7d94a307e.jpg,113,309,0,309,393,113,467,368,0.52880859375,0.1544189453125,0.05126953125,0.038909912109375,0.026947021484375,1,3,Australian Green Mantis,Saint Augustine grass,Taiwan Acacia,Australian Green Mantis,Rubus schmidelioides,prostrate knotweed
val/02332_Animalia_Arthropoda_Insecta_Odonata_Calopterygidae_Calopteryx_maculata/9b814727-cfd1-43ed-a65b-acf11f1e741e.jpg,116,121,0,121,66,63,116,122,0.253173828125,0.1881103515625,0.09552001953125,0.06964111328125,0.06707763671875,1,4,Ebony Jewelwing,Small Spreadwing,Chestnut Bob,Least Skipper,Ebony Jewelwing,Neurothemis taiwanensis
val/02332_Animalia_Arthropoda_Insecta_Odonata_Calopterygidae_Calopteryx_maculata/b9bd6b4e-b3e4-444f-a205-2161c8cbf936.jpg,116,118,0,118,116,63,117,41,0.280029296875,0.1240234375,0.09527587890625,0.07562255859375,0.0657958984375,1,2,Ebony Jewelwing,Skimming Bluet,Ebony Jewelwing,Least Skipper,Common Blue Damselfly,Common Thread-waisted Wasp
val/02369_Animalia_Arthropoda_Insecta_Odonata_Coenagrionidae_Enallagma_cyathigerum/a0378b68-4745-48a3-b093-5c8cd7e2bbd1.jpg,117,120,0,120,118,115,117,41,0.8125,0.0474853515625,0.03277587890625,0.031829833984375,0.01251983642578125,1,4,Common Blue Damselfly,Dragonhunter,Skimming Bluet,Owly Sulphur,Common Blue Damselfly,Common Thread-waisted Wasp
val/02369_Animalia_Arthropoda_Insecta_Odonata_Coenagrionidae_Enallagma_cyathigerum/27bf10a5-5bc1-47c5-99b9-454ea0a7c472.jpg,117,310,0,310,44,153,121,117,0.216552734375,0.1424560546875,0.1116943359375,0.0718994140625,0.0548095703125,1,5,Common Blue Damselfly,Kangaroo Grass,Pearl Veneer,Black-chinned Hummingbird,Small Spreadwing,Common Blue Damselfly
val/02375_Animalia_Arthropoda_Insecta_Odonata_Coenagrionidae_Enallagma_geminatum/334b250d-00f5-47c0-a4e6-25826c16bac5.jpg,118,117,0,117,118,116,398,35,0.3828125,0.348388671875,0.033538818359375,0.0223236083984375,0.0198211669921875,1,2,Skimming Bluet,Common Blue Damselfly,Skimming Bluet,Ebony Jewelwing,black locust,Elm Sawfly
val/02375_Animalia_Arthropoda_Insecta_Odonata_Coenagrionidae_Enallagma_geminatum/60ed2ed8-08a2-41cd-8648-dc02a547f9ec.jpg,118,117,0,117,118,44,7,19,0.223876953125,0.1512451171875,0.0924072265625,0.0867919921875,0.051177978515625,1,2,Skimming Bluet,Common Blue Damselfly,Skimming Bluet,Pearl Veneer,Emerald Ash Borer,Garden soldier fly
val/02375_Animalia_Arthropoda_Insecta_Odonata_Coenagrionidae_Enallagma_geminatum/8b499312-0ff9-41f6-91ce-a2aa997a2716.jpg,118,117,0,117,118,41,116,120,0.79638671875,0.181884765625,0.002910614013671875,0.0016012191772460938,0.001125335693359375,1,2,Skimming Bluet,Common Blue Damselfly,Skimming Bluet,Common Thread-waisted Wasp,Ebony Jewelwing,Dragonhunter
val/02375_Animalia_Arthropoda_Insecta_Odonata_Coenagrionidae_Enallagma_geminatum/0e423724-7913-4c4a-9882-2f10c946bcb3.jpg,118,117,0,117,118,116,120,41,0.90185546875,0.072021484375,0.01070404052734375,0.0059356689453125,0.002147674560546875,1,2,Skimming Bluet,Common Blue Damselfly,Skimming Bluet,Ebony Jewelwing,Dragonhunter,Common Thread-waisted Wasp
val/02375_Animalia_Arthropoda_Insecta_Odonata_Coenagrionidae_Enallagma_geminatum/87b47c12-efc4-4709-8e98-e41c1510ecbf.jpg,118,145,0,145,216,147,118,144,0.307373046875,0.07470703125,0.06591796875,0.06494140625,0.0418701171875,1,4,Skimming Bluet,Italian Crested Newt,Pelagic Cormorant,European Honey-buzzard,Skimming Bluet,Green Salamander
val/02427_Animalia_Arthropoda_Insecta_Odonata_Gomphidae_Erpetogomphus_designatus/fa41cf17-06d5-498b-837c-c8410ea091ea.jpg,119,42,0,42,119,143,126,145,0.09906005859375,0.07501220703125,0.069091796875,0.065185546875,0.04425048828125,1,2,Eastern Ringtail,Western Paper Wasp,Eastern Ringtail,Northern Red-legged Frog,Virile Crayfish,Italian Crested Newt
val/02432_Animalia_Arthropoda_Insecta_Odonata_Gomphidae_Hagenius_brevistylus/01a706cc-1d1d-4e91-acbd-b233b1c04108.jpg,120,42,0,42,120,39,119,2,0.273193359375,0.1812744140625,0.146484375,0.1038818359375,0.044586181640625,1,2,Dragonhunter,Western Paper Wasp,Dragonhunter,Pure Green Sweat Bee,Eastern Ringtail,Six-spotted Fishing Spider
val/02463_Animalia_Arthropoda_Insecta_Odonata_Lestidae_Lestes_virens/fafb2051-df9a-4769-8417-729e88b1fae3.jpg,121,118,0,118,121,117,125,7,0.87060546875,0.031280517578125,0.0189361572265625,0.0103302001953125,0.00949859619140625,1,2,Small Spreadwing,Skimming Bluet,Small Spreadwing,Common Blue Damselfly,Long-winged Conehead,Emerald Ash Borer
val/02628_Animalia_Arthropoda_Insecta_Orthoptera_Acrididae_Pseudochorthippus_curtipennis/01e666d6-af0c-4522-b694-721cd1080a50.jpg,123,2,0,2,44,123,42,129,0.59326171875,0.06903076171875,0.029754638671875,0.0223846435546875,0.02130126953125,1,3,Marsh meadow grasshopper,Six-spotted Fishing Spider,Pearl Veneer,Marsh meadow grasshopper,Western Paper Wasp,Blacknose Dace
val/02628_Animalia_Arthropoda_Insecta_Orthoptera_Acrididae_Pseudochorthippus_curtipennis/484e7e0f-ecdb-4539-92f7-8b0b978ff83c.jpg,123,242,0,242,143,142,238,123,0.319091796875,0.25390625,0.173828125,0.12322998046875,0.05242919921875,1,5,Marsh meadow grasshopper,Brown Basilisk,Northern Red-legged Frog,Eastern Dwarf Treefrog,Common Bronze-back,Marsh meadow grasshopper
val/02628_Animalia_Arthropoda_Insecta_Orthoptera_Acrididae_Pseudochorthippus_curtipennis/566c729a-ed9c-4668-a775-5e95dd5aa93d.jpg,123,44,0,44,123,15,125,129,0.78564453125,0.1083984375,0.0230865478515625,0.0156402587890625,0.011810302734375,1,2,Marsh meadow grasshopper,Pearl Veneer,Marsh meadow grasshopper,Oedemera femorata,Long-winged Conehead,Blacknose Dace
val/02628_Animalia_Arthropoda_Insecta_Orthoptera_Acrididae_Pseudochorthippus_curtipennis/c31ae85d-5c35-44dd-a665-2506062ba889.jpg,123,194,0,194,123,44,142,310,0.09454345703125,0.09356689453125,0.0792236328125,0.035858154296875,0.030059814453125,1,2,Marsh meadow grasshopper,Henslow's Sparrow,Marsh meadow grasshopper,Pearl Veneer,Eastern Dwarf Treefrog,Kangaroo Grass
val/02628_Animalia_Arthropoda_Insecta_Orthoptera_Acrididae_Pseudochorthippus_curtipennis/6fce0f8d-ca19-49e6-9334-68a8b46da583.jpg,123,128,0,128,123,129,23,44,0.45361328125,0.07635498046875,0.058868408203125,0.058013916015625,0.048583984375,1,2,Marsh meadow grasshopper,Bluntnose Minnow,Marsh meadow grasshopper,Blacknose Dace,Maize Calligrapher Fly,Pearl Veneer
val/02633_Animalia_Arthropoda_Insecta_Orthoptera_Acrididae_Schistocerca_obscura/37708dc5-de64-4223-a82a-471c2f3bd723.jpg,124,125,0,125,44,223,124,498,0.134765625,0.05401611328125,0.041290283203125,0.04022216796875,0.0386962890625,1,4,Obscure Bird Grasshopper,Long-winged Conehead,Pearl Veneer,Gray Wolf,Obscure Bird Grasshopper,ladder fern
val/02633_Animalia_Arthropoda_Insecta_Orthoptera_Acrididae_Schistocerca_obscura/8969f523-7a01-4be2-a46d-dfd7d84b12a8.jpg,124,113,0,113,124,180,26,44,0.880859375,0.086181640625,0.004791259765625,0.004085540771484375,0.0016269683837890625,1,2,Obscure Bird Grasshopper,Australian Green Mantis,Obscure Bird Grasshopper,Violet-green Swallow,Western Leaf-footed Bug,Pearl Veneer
val/02633_Animalia_Arthropoda_Insecta_Orthoptera_Acrididae_Schistocerca_obscura/28eac0e8-769b-4da2-99d2-2d5b6da58672.jpg,124,123,0,123,124,242,116,125,0.6630859375,0.1007080078125,0.057373046875,0.027099609375,0.0198516845703125,1,2,Obscure Bird Grasshopper,Marsh meadow grasshopper,Obscure Bird Grasshopper,Brown Basilisk,Ebony Jewelwing,Long-winged Conehead
val/02633_Animalia_Arthropoda_Insecta_Orthoptera_Acrididae_Schistocerca_obscura/e2e42116-52ce-4e49-8fce-51a7aed0e1f5.jpg,124,10,0,10,41,19,25,124,0.5732421875,0.09637451171875,0.06982421875,0.06646728515625,0.037689208984375,1,5,Obscure Bird Grasshopper,Spined Woodborer,Common Thread-waisted Wasp,Garden soldier fly,Florida Leaf-footed Bug,Obscure Bird Grasshopper
val/02668_Animalia_Arthropoda_Insecta_Orthoptera_Tettigoniidae_Conocephalus_fuscus/01eb4780-bd9f-48fe-a791-aaac37e3aa03.jpg,125,210,0,210,125,123,44,1,0.1275634765625,0.0650634765625,0.046630859375,0.043212890625,0.041778564453125,1,2,Long-winged Conehead,Boat-billed Heron,Long-winged Conehead,Marsh meadow grasshopper,Pearl Veneer,Golden Silk Spider
val/02668_Animalia_Arthropoda_Insecta_Orthoptera_Tettigoniidae_Conocephalus_fuscus/7b1dc936-5df8-4f66-8c1c-0b5c2932cd5a.jpg,125,44,0,44,125,310,305,123,0.6923828125,0.149169921875,0.1246337890625,0.0139312744140625,0.0035495758056640625,1,2,Long-winged Conehead,Pearl Veneer,Long-winged Conehead,Kangaroo Grass,common three-square,Marsh meadow grasshopper
val/02668_Animalia_Arthropoda_Insecta_Orthoptera_Tettigoniidae_Conocephalus_fuscus/cc32813c-64b9-497e-8089-a66420c0c218.jpg,125,309,0,309,142,44,24,125,0.55517578125,0.1737060546875,0.038299560546875,0.026885986328125,0.0164642333984375,1,5,Long-winged Conehead,Saint Augustine grass,Eastern Dwarf Treefrog,Pearl Veneer,Hemlock Woolly Adelgid,Long-winged Conehead
val/02702_Animalia_Arthropoda_Malacostraca_Decapoda_Cambaridae_Faxonius_virilis/30833a3f-93c2-467f-8a49-3457cb70e46b.jpg,126,19,0,19,239,126,20,120,0.042999267578125,0.0341796875,0.032928466796875,0.0312042236328125,0.0311431884765625,1,3,Virile Crayfish,Garden soldier fly,Eastern Milksnake,Virile Crayfish,Mexican Cactus Fly,Dragonhunter
val/02702_Animalia_Arthropoda_Malacostraca_Decapoda_Cambaridae_Faxonius_virilis/b79b30c4-9df5-42c8-b387-4dc385966cf6.jpg,126,143,0,143,126,242,127,141,0.28466796875,0.250244140625,0.1373291015625,0.1339111328125,0.03125,1,2,Virile Crayfish,Northern Red-legged Frog,Virile Crayfish,Brown Basilisk,New Zealand Half Crab,Cachabi Robber Frog
val/02736_Animalia_Arthropoda_Malacostraca_Decapoda_Porcellanidae_Petrolisthes_elongatus/8d19d629-4d19-4d8f-84cf-8b02e5ecdc73.jpg,127,10,0,10,4,127,126,42,0.1541748046875,0.10784912109375,0.0843505859375,0.04083251953125,0.037628173828125,1,3,New Zealand Half Crab,Spined Woodborer,Paravaejovis puritanus,New Zealand Half Crab,Virile Crayfish,Western Paper Wasp
val/02769_Animalia_Chordata_Actinopterygii_Cypriniformes_Cyprinidae_Pimephales_notatus/081a6889-8f5d-4d58-9a1a-0051a9a65b9d.jpg,128,129,0,129,128,236,44,155,0.97412109375,0.00748443603515625,0.005771636962890625,0.002590179443359375,0.00168609619140625,1,2,Bluntnose Minnow,Blacknose Dace,Bluntnose Minnow,Italian Slow Worm,Pearl Veneer,Red-breasted Dotterel
val/02769_Animalia_Chordata_Actinopterygii_Cypriniformes_Cyprinidae_Pimephales_notatus/3754cc24-3de1-40e3-8b21-19f26f389c98.jpg,128,130,0,130,128,106,138,131,0.278076171875,0.1337890625,0.1026611328125,0.055816650390625,0.038421630859375,1,2,Bluntnose Minnow,Chub,Bluntnose Minnow,Hippotion scrofa,Kelp Bass,Redbreast Sunfish
val/02769_Animalia_Chordata_Actinopterygii_Cypriniformes_Cyprinidae_Pimephales_notatus/1d1e6e37-4594-46ea-9131-9f70bbbe8f9a.jpg,128,257,0,257,128,129,131,145,0.435546875,0.354248046875,0.0187530517578125,0.0176849365234375,0.0156402587890625,1,2,Bluntnose Minnow,Decollate Snail,Bluntnose Minnow,Blacknose Dace,Redbreast Sunfish,Italian Crested Newt
val/02770_Animalia_Chordata_Actinopterygii_Cypriniformes_Cyprinidae_Rhinichthys_atratulus/7b85573c-58a9-41a1-b7bd-b5383ed817a7.jpg,129,145,0,145,236,129,134,122,0.068603515625,0.0545654296875,0.049407958984375,0.03955078125,0.0350341796875,1,3,Blacknose Dace,Italian Crested Newt,Italian Slow Worm,Blacknose Dace,Blackspot Goatfish,Neurothemis taiwanensis
val/02770_Animalia_Chordata_Actinopterygii_Cypriniformes_Cyprinidae_Rhinichthys_atratulus/ded9166e-1be5-4720-b8f0-6c0646e31141.jpg,129,134,0,134,129,139,145,127,0.1790771484375,0.127197265625,0.0972900390625,0.08428955078125,0.044525146484375,1,2,Blacknose Dace,Blackspot Goatfish,Blacknose Dace,Striped Eel Catfish,Italian Crested Newt,New Zealand Half Crab
val/02773_Animalia_Chordata_Actinopterygii_Cypriniformes_Cyprinidae_Squalius_cephalus/4a488b14-f99d-4fc7-9dc2-062427ae882a.jpg,130,219,0,219,130,138,137,136,0.7880859375,0.08740234375,0.04833984375,0.0196533203125,0.005435943603515625,1,2,Chub,Nurse Shark,Chub,Kelp Bass,Freshwater Drum,Indo-Pacific Sergeant Major
val/02773_Animalia_Chordata_Actinopterygii_Cypriniformes_Cyprinidae_Squalius_cephalus/90c09e82-e167-4f96-b26c-0071fe48ca27.jpg,130,128,0,128,130,131,138,135,0.5087890625,0.463134765625,0.006378173828125,0.00362396240234375,0.0029087066650390625,1,2,Chub,Bluntnose Minnow,Chub,Redbreast Sunfish,Kelp Bass,Yellow Perch
val/02800_Animalia_Chordata_Actinopterygii_Perciformes_Centrarchidae_Lepomis_auritus/158c5c98-352b-4644-b907-e21b53f5f34c.jpg,131,130,0,130,131,132,128,134,0.4501953125,0.1378173828125,0.05377197265625,0.04229736328125,0.032196044921875,1,2,Redbreast Sunfish,Chub,Redbreast Sunfish,Four-eyed Butterflyfish,Bluntnose Minnow,Blackspot Goatfish
val/02836_Animalia_Chordata_Actinopterygii_Perciformes_Labridae_Eupetrichthys_angustipes/0bc4b43d-ff1e-4258-9a24-efb6a7bc5b10.jpg,133,127,0,127,255,260,133,490,0.1134033203125,0.08013916015625,0.07470703125,0.0537109375,0.037384033203125,1,4,Snakeskin Wrasse,New Zealand Half Crab,Hilton's Aeolid,Lined Chiton,Snakeskin Wrasse,white fir
val/02836_Animalia_Chordata_Actinopterygii_Perciformes_Labridae_Eupetrichthys_angustipes/d79fb666-d7bb-4261-9f3b-13f480161556.jpg,133,126,0,126,140,133,141,269,0.1302490234375,0.130126953125,0.1116943359375,0.11016845703125,0.03314208984375,1,3,Snakeskin Wrasse,Virile Crayfish,Spiny Seahorse,Snakeskin Wrasse,Cachabi Robber Frog,Peppery Bolete
val/02858_Animalia_Chordata_Actinopterygii_Perciformes_Percidae_Perca_flavescens/0b536bcf-8ced-4c17-8f69-aa05fab3520b.jpg,135,128,0,128,130,131,135,240,0.8310546875,0.0350341796875,0.033111572265625,0.0207366943359375,0.00933074951171875,1,4,Yellow Perch,Bluntnose Minnow,Chub,Redbreast Sunfish,Yellow Perch,Flat-headed Snake
val/02858_Animalia_Chordata_Actinopterygii_Perciformes_Percidae_Perca_flavescens/0b7506d2-7424-4b70-94b4-f9c5193d0749.jpg,135,131,0,131,210,137,228,135,0.478515625,0.09979248046875,0.044189453125,0.04205322265625,0.026153564453125,1,5,Yellow Perch,Redbreast Sunfish,Boat-billed Heron,Freshwater Drum,Sunda Flying Lemur,Yellow Perch
val/02858_Animalia_Chordata_Actinopterygii_Perciformes_Percidae_Perca_flavescens/f8db9beb-fa0b-4dad-85fc-03a346929902.jpg,135,130,0,130,136,135,138,213,0.64404296875,0.09075927734375,0.03338623046875,0.030853271484375,0.0150604248046875,1,3,Yellow Perch,Chub,Indo-Pacific Sergeant Major,Yellow Perch,Kelp Bass,American Flamingo
val/02858_Animalia_Chordata_Actinopterygii_Perciformes_Percidae_Perca_flavescens/386fc22c-964c-45b4-95c3-7748b919c21e.jpg,135,137,0,137,135,131,114,128,0.2100830078125,0.1685791015625,0.040069580078125,0.034332275390625,0.01849365234375,1,2,Yellow Perch,Freshwater Drum,Yellow Perch,Redbreast Sunfish,Chrysopa oculata,Bluntnose Minnow
val/02866_Animalia_Chordata_Actinopterygii_Perciformes_Pomacentridae_Abudefduf_vaigiensis/94a97538-b51a-4e41-a630-c95435e6b05d.jpg,136,134,0,134,132,136,256,133,0.69287109375,0.1424560546875,0.124755859375,0.027618408203125,0.0063934326171875,1,3,Indo-Pacific Sergeant Major,Blackspot Goatfish,Four-eyed Butterflyfish,Indo-Pacific Sergeant Major,Varicose Wart Slug,Snakeskin Wrasse
val/02866_Animalia_Chordata_Actinopterygii_Perciformes_Pomacentridae_Abudefduf_vaigiensis/f6e9eede-f645-49ef-b02f-a5172ba35613.jpg,136,132,0,132,136,131,78,249,0.130126953125,0.11480712890625,0.039215087890625,0.033172607421875,0.03106689453125,1,2,Indo-Pacific Sergeant Major,Four-eyed Butterflyfish,Indo-Pacific Sergeant Major,Redbreast Sunfish,Marine Blue,Beadlet anemone
val/02866_Animalia_Chordata_Actinopterygii_Perciformes_Pomacentridae_Abudefduf_vaigiensis/bc0395e6-ff34-4c45-9a6d-3b796d003ac2.jpg,136,134,0,134,132,133,136,256,0.5205078125,0.08685302734375,0.07269287109375,0.04852294921875,0.029449462890625,1,4,Indo-Pacific Sergeant Major,Blackspot Goatfish,Four-eyed Butterflyfish,Snakeskin Wrasse,Indo-Pacific Sergeant Major,Varicose Wart Slug
val/02878_Animalia_Chordata_Actinopterygii_Perciformes_Sciaenidae_Aplodinotus_grunniens/b767c32e-6097-4354-a4f2-d32089fad7f6.jpg,137,138,0,138,130,131,137,135,0.35009765625,0.297119140625,0.093994140625,0.0560302734375,0.04449462890625,1,4,Freshwater Drum,Kelp Bass,Chub,Redbreast Sunfish,Freshwater Drum,Yellow Perch
val/02884_Animalia_Chordata_Actinopterygii_Perciformes_Serranidae_Paralabrax_clathratus/019357a4-cb49-42f6-80e6-c401ce60c50f.jpg,138,134,0,134,138,139,132,133,0.9306640625,0.028106689453125,0.01222991943359375,0.006053924560546875,0.003559112548828125,1,2,Kelp Bass,Blackspot Goatfish,Kelp Bass,Striped Eel Catfish,Four-eyed Butterflyfish,Snakeskin Wrasse
val/02884_Animalia_Chordata_Actinopterygii_Perciformes_Serranidae_Paralabrax_clathratus/8eda2b2a-3cd2-4bec-97f5-2d9ea2b55a1f.jpg,138,219,0,219,138,133,255,130,0.06866455078125,0.055572509765625,0.0506591796875,0.04339599609375,0.033538818359375,1,2,Kelp Bass,Nurse Shark,Kelp Bass,Snakeskin Wrasse,Hilton's Aeolid,Chub
val/02914_Animalia_Chordata_Actinopterygii_Siluriformes_Plotosidae_Plotosus_lineatus/1a203509-1d05-4a1f-bfc2-db106b6e1b5c.jpg,139,143,0,143,139,37,7,129,0.13818359375,0.08233642578125,0.0517578125,0.035247802734375,0.0262451171875,1,2,Striped Eel Catfish,Northern Red-legged Frog,Striped Eel Catfish,Florida Carpenter Ant,Emerald Ash Borer,Blacknose Dace
val/02973_Animalia_Chordata_Amphibia_Anura_Craugastoridae_Pristimantis_achatinus/6a66b043-4499-49db-aa22-40aa36093359.jpg,141,60,0,60,143,141,45,99,0.27294921875,0.1890869140625,0.1304931640625,0.049102783203125,0.0286712646484375,1,3,Cachabi Robber Frog,Alien Probole Moth,Northern Red-legged Frog,Cachabi Robber Frog,Hydrilla Leafcutter Moth,Fatal Metalmark
val/02973_Animalia_Chordata_Amphibia_Anura_Craugastoridae_Pristimantis_achatinus/1064d227-c1bc-4aca-8372-3c559c7cfa99.jpg,141,60,0,60,141,143,49,111,0.74609375,0.060791015625,0.0374755859375,0.01165771484375,0.00992584228515625,1,2,Cachabi Robber Frog,Alien Probole Moth,Cachabi Robber Frog,Northern Red-legged Frog,Deduced Graphic,Bidens Borer Moth
val/03014_Animalia_Chordata_Amphibia_Anura_Pelodryadidae_Litoria_fallax/3379b0eb-be9f-48d9-a2b1-f38fcce293b8.jpg,142,84,0,84,72,142,83,107,0.84814453125,0.07086181640625,0.0274810791015625,0.0201873779296875,0.004901885986328125,1,3,Eastern Dwarf Treefrog,Green Silver-lines,Green Oak-Slug Moth,Eastern Dwarf Treefrog,Half-yellow Moth,Blinded Sphinx Moth
val/03040_Animalia_Chordata_Amphibia_Anura_Ranidae_Rana_aurora/6087f6f4-7d5f-433f-8406-6b74f4b91e00.jpg,143,109,0,109,143,60,36,141,0.187744140625,0.1561279296875,0.0772705078125,0.033966064453125,0.02362060546875,1,2,Northern Red-legged Frog,Red-banded Leafroller,Northern Red-legged Frog,Alien Probole Moth,Spongy Oak Apple Gall Wasp,Cachabi Robber Frog
val/03040_Animalia_Chordata_Amphibia_Anura_Ranidae_Rana_aurora/8f7962d0-60e1-4415-be46-ec374aee696a.jpg,143,141,0,141,143,107,60,129,0.4912109375,0.2171630859375,0.060302734375,0.059600830078125,0.0276641845703125,1,2,Northern Red-legged Frog,Cachabi Robber Frog,Northern Red-legged Frog,Blinded Sphinx Moth,Alien Probole Moth,Blacknose Dace
val/03040_Animalia_Chordata_Amphibia_Anura_Ranidae_Rana_aurora/09acfb2e-2029-449f-9811-8202a1f53728.jpg,143,141,0,141,143,60,142,72,0.57275390625,0.1971435546875,0.1859130859375,0.027679443359375,0.00331878662109375,1,2,Northern Red-legged Frog,Cachabi Robber Frog,Northern Red-legged Frog,Alien Probole Moth,Eastern Dwarf Treefrog,Green Oak-Slug Moth
val/03070_Animalia_Chordata_Amphibia_Caudata_Plethodontidae_Aneides_aeneus/644dc8f9-ec30-49c8-b70d-f35850a53971.jpg,144,102,0,102,249,144,37,278,0.2159423828125,0.151123046875,0.116455078125,0.0572509765625,0.045867919921875,1,3,Green Salamander,Buck Moth,Beadlet anemone,Green Salamander,Florida Carpenter Ant,Flat-leaved Scalewort
val/03070_Animalia_Chordata_Amphibia_Caudata_Plethodontidae_Aneides_aeneus/183f3337-37b6-48d9-8ee5-3eb25495c917.jpg,144,235,0,235,144,143,234,111,0.20263671875,0.181640625,0.11151123046875,0.08123779296875,0.057281494140625,1,2,Green Salamander,Belize Crocodile,Green Salamander,Northern Red-legged Frog,Common Caiman,Bidens Borer Moth
val/03107_Animalia_Chordata_Amphibia_Caudata_Salamandridae_Triturus_carnifex/87fe2fc2-f53a-4f43-be8a-9421f16cae0f.jpg,145,236,0,236,246,145,241,238,0.291259765625,0.241943359375,0.190185546875,0.060150146484375,0.04046630859375,1,3,Italian Crested Newt,Italian Slow Worm,Great Plains Skink,Italian Crested Newt,Aesculapian Snake,Common Bronze-back
val/03107_Animalia_Chordata_Amphibia_Caudata_Salamandridae_Triturus_carnifex/468d66b2-0a37-444a-990b-f6b663605477.jpg,145,234,0,234,133,135,145,140,0.47021484375,0.259765625,0.033447265625,0.0299835205078125,0.02294921875,1,4,Italian Crested Newt,Common Caiman,Snakeskin Wrasse,Yellow Perch,Italian Crested Newt,Spiny Seahorse
val/03107_Animalia_Chordata_Amphibia_Caudata_Salamandridae_Triturus_carnifex/f534c0ce-7cda-46ea-bae4-63f203fa3572.jpg,145,236,0,236,238,145,129,123,0.33203125,0.33203125,0.1295166015625,0.126953125,0.006626129150390625,1,3,Italian Crested Newt,Italian Slow Worm,Common Bronze-back,Italian Crested Newt,Blacknose Dace,Marsh meadow grasshopper
val/03120_Animalia_Chordata_Aves_Accipitriformes_Accipitridae_Aquila_heliaca/cd33bc4a-107b-4c20-a3c3-018eeaed7bcd.jpg,146,147,0,147,146,178,179,180,0.54931640625,0.276123046875,0.0791015625,0.029510498046875,0.016143798828125,1,2,Imperial Eagle,European Honey-buzzard,Imperial Eagle,Bank Swallow,Southern Rough-winged Swallow,Violet-green Swallow
val/03120_Animalia_Chordata_Aves_Accipitriformes_Accipitridae_Aquila_heliaca/aa8efa71-e901-4a1f-85a3-1bc414ccd64e.jpg,146,176,0,176,185,186,146,207,0.6123046875,0.08935546875,0.037567138671875,0.03204345703125,0.0275115966796875,1,4,Imperial Eagle,Red Crossbill,Familiar Chat,Boreal Chickadee,Imperial Eagle,Ash-throated Flycatcher
val/03120_Animalia_Chordata_Aves_Accipitriformes_Accipitridae_Aquila_heliaca/e8b3bb4e-f965-46db-91a6-14ec08890d2c.jpg,146,178,0,178,146,147,174,160,0.60693359375,0.1986083984375,0.1353759765625,0.0090789794921875,0.0084991455078125,1,2,Imperial Eagle,Bank Swallow,Imperial Eagle,European Honey-buzzard,Alpine Chough,Hartlaub's Gull
val/03177_Animalia_Chordata_Aves_Accipitriformes_Accipitridae_Pernis_apivorus/34dfb882-3644-40e9-9dd5-bd00f1956791.jpg,147,146,0,146,147,180,178,172,0.89892578125,0.056793212890625,0.0167236328125,0.01062774658203125,0.003963470458984375,1,2,European Honey-buzzard,Imperial Eagle,European Honey-buzzard,Violet-green Swallow,Bank Swallow,Fish Crow
val/03177_Animalia_Chordata_Aves_Accipitriformes_Accipitridae_Pernis_apivorus/26c3cc20-7109-4f93-a1b6-4832045869b0.jpg,147,146,0,146,147,178,180,204,0.86474609375,0.118896484375,0.0146484375,0.00046181678771972656,0.0001785755157470703,1,2,European Honey-buzzard,Imperial Eagle,European Honey-buzzard,Bank Swallow,Violet-green Swallow,Western Wood-Pewee
val/03199_Animalia_Chordata_Aves_Anseriformes_Anatidae_Anas_georgica/2b5c7c65-1186-48ff-b0aa-38813b589d57.jpg,148,157,0,157,148,232,158,152,0.8037109375,0.123779296875,0.0193939208984375,0.012939453125,0.0098876953125,1,2,Yellow-billed Pintail,American Golden-Plover,Yellow-billed Pintail,Woodchuck,Crowned Lapwing,Common Merganser
val/03199_Animalia_Chordata_Aves_Anseriformes_Anatidae_Anas_georgica/86807b18-693f-420a-b62f-7ddc136e244c.jpg,148,234,0,234,148,150,151,178,0.444091796875,0.435546875,0.0679931640625,0.0206146240234375,0.004375457763671875,1,2,Yellow-billed Pintail,Common Caiman,Yellow-billed Pintail,Surf Scoter,Smew,Bank Swallow
val/03244_Animalia_Chordata_Aves_Anseriformes_Anatidae_Cygnus_olor/ae119fb3-9278-41db-84e0-69b07ea5f291.jpg,149,212,0,212,149,213,163,159,0.80517578125,0.055633544921875,0.032318115234375,0.0235595703125,0.0235137939453125,1,2,Mute Swan,Dalmatian Pelican,Mute Swan,American Flamingo,Glaucous-winged Gull,American Oystercatcher
val/03244_Animalia_Chordata_Aves_Anseriformes_Anatidae_Cygnus_olor/52c3fce7-97d4-45da-a93f-c088d3837cae.jpg,149,217,0,217,160,148,149,182,0.262939453125,0.1817626953125,0.1558837890625,0.046112060546875,0.0259857177734375,1,4,Mute Swan,Brandt's Cormorant,Hartlaub's Gull,Yellow-billed Pintail,Mute Swan,Common Grackle
val/03244_Animalia_Chordata_Aves_Anseriformes_Anatidae_Cygnus_olor/e59e70a4-ec3c-462a-ac67-54a92445cd1c.jpg,149,213,0,213,149,295,137,130,0.5068359375,0.459716796875,0.00604248046875,0.00559234619140625,0.0026493072509765625,1,2,Mute Swan,American Flamingo,Mute Swan,Philippine Ground Orchid,Freshwater Drum,Chub
val/03244_Animalia_Chordata_Aves_Anseriformes_Anatidae_Cygnus_olor/8b2b802e-6f59-49c4-818b-c997de006cfa.jpg,149,161,0,161,149,137,163,162,0.85205078125,0.0384521484375,0.022796630859375,0.021575927734375,0.01161956787109375,1,2,Mute Swan,Black-headed Gull,Mute Swan,Freshwater Drum,Glaucous-winged Gull,Caspian Gull
val/03258_Animalia_Chordata_Aves_Anseriformes_Anatidae_Melanitta_perspicillata/98e445ba-6b87-4fcd-8d0f-d77d5ed6631f.jpg,150,225,0,225,150,178,216,217,0.68408203125,0.196044921875,0.0396728515625,0.035919189453125,0.01593017578125,1,2,Surf Scoter,Canada Lynx,Surf Scoter,Bank Swallow,Pelagic Cormorant,Brandt's Cormorant
val/03258_Animalia_Chordata_Aves_Anseriformes_Anatidae_Melanitta_perspicillata/ed095b9e-208c-4d18-ac96-c9a3587fe793.jpg,150,159,0,159,150,168,152,174,0.54296875,0.424560546875,0.00736236572265625,0.0037021636962890625,0.0031795501708984375,1,2,Surf Scoter,American Oystercatcher,Surf Scoter,Black Crake,Common Merganser,Alpine Chough
val/03258_Animalia_Chordata_Aves_Anseriformes_Anatidae_Melanitta_perspicillata/94ad3bf7-19d0-4bc8-9d75-5f3547aad27a.jpg,150,151,0,151,150,178,217,152,0.82275390625,0.169189453125,0.003021240234375,0.0024471282958984375,0.0004761219024658203,1,2,Surf Scoter,Smew,Surf Scoter,Bank Swallow,Brandt's Cormorant,Common Merganser
val/03258_Animalia_Chordata_Aves_Anseriformes_Anatidae_Melanitta_perspicillata/89f7ccb9-9b90-4b1e-9098-86d0c69721a5.jpg,150,159,0,159,150,152,181,151,0.75,0.1541748046875,0.0257568359375,0.007495880126953125,0.005523681640625,1,2,Surf Scoter,American Oystercatcher,Surf Scoter,Common Merganser,Tricolored Blackbird,Smew
val/03259_Animalia_Chordata_Aves_Anseriformes_Anatidae_Mergellus_albellus/782e214a-1c74-4bd1-8536-13f54d62d170.jpg,151,148,0,148,152,151,150,149,0.54150390625,0.248046875,0.046051025390625,0.033905029296875,0.0284881591796875,1,3,Smew,Yellow-billed Pintail,Common Merganser,Smew,Surf Scoter,Mute Swan
val/03259_Animalia_Chordata_Aves_Anseriformes_Anatidae_Mergellus_albellus/0f4eac09-c2b6-47ca-a966-d0bc6ef821b4.jpg,151,152,0,152,148,151,227,150,0.921875,0.020172119140625,0.01136016845703125,0.0079498291015625,0.004749298095703125,1,3,Smew,Common Merganser,Yellow-billed Pintail,Smew,New Zealand Sea Lion,Surf Scoter
val/03259_Animalia_Chordata_Aves_Anseriformes_Anatidae_Mergellus_albellus/9468aad6-fa17-4366-8380-6474dd8a8546.jpg,151,150,0,150,152,151,177,148,0.802734375,0.07098388671875,0.03631591796875,0.021514892578125,0.0208892822265625,1,3,Smew,Surf Scoter,Common Merganser,Smew,Barn Swallow,Yellow-billed Pintail
val/03259_Animalia_Chordata_Aves_Anseriformes_Anatidae_Mergellus_albellus/32208690-a25f-4ae0-a7ac-aa226178c5ff.jpg,151,212,0,212,151,162,148,160,0.72802734375,0.2086181640625,0.01702880859375,0.0159912109375,0.00652313232421875,1,2,Smew,Dalmatian Pelican,Smew,Caspian Gull,Yellow-billed Pintail,Hartlaub's Gull
val/03259_Animalia_Chordata_Aves_Anseriformes_Anatidae_Mergellus_albellus/09b1fada-29e1-4d83-b0b6-fd63647eae3b.jpg,151,152,0,152,151,230,164,111,0.2265625,0.0870361328125,0.0858154296875,0.065673828125,0.05853271484375,1,2,Smew,Common Merganser,Smew,American Beaver,Far Eastern Curlew,Bidens Borer Moth
val/03260_Animalia_Chordata_Aves_Anseriformes_Anatidae_Mergus_merganser/a6c1d485-eeef-43be-bbe3-8228f013bedc.jpg,152,148,0,148,152,151,150,178,0.413330078125,0.268798828125,0.14453125,0.133056640625,0.00827789306640625,1,2,Common Merganser,Yellow-billed Pintail,Common Merganser,Smew,Surf Scoter,Bank Swallow
val/03260_Animalia_Chordata_Aves_Anseriformes_Anatidae_Mergus_merganser/08d508f5-add4-40e6-8d50-f862a057480a.jpg,152,227,0,227,152,149,148,230,0.386962890625,0.19580078125,0.11151123046875,0.094482421875,0.033203125,1,2,Common Merganser,New Zealand Sea Lion,Common Merganser,Mute Swan,Yellow-billed Pintail,American Beaver
val/03260_Animalia_Chordata_Aves_Anseriformes_Anatidae_Mergus_merganser/5d818563-1a2e-4ddb-bbb3-b06f7c162415.jpg,152,149,0,149,213,152,159,161,0.279052734375,0.1500244140625,0.07952880859375,0.0703125,0.054962158203125,1,3,Common Merganser,Mute Swan,American Flamingo,Common Merganser,American Oystercatcher,Black-headed Gull
val/03306_Animalia_Chordata_Aves_Caprimulgiformes_Trochilidae_Archilochus_alexandri/041e08a9-6743-43c8-8b56-d41099ab8617.jpg,153,203,0,203,153,179,182,154,0.392333984375,0.362060546875,0.039337158203125,0.014801025390625,0.0141143798828125,1,2,Black-chinned Hummingbird,Olive-sided Flycatcher,Black-chinned Hummingbird,Southern Rough-winged Swallow,Common Grackle,Green-crowned Brilliant
val/03358_Animalia_Chordata_Aves_Charadriiformes_Charadriidae_Charadrius_obscurus/39de7c13-0a26-4fe2-ba9c-87096f8ff191.jpg,155,199,0,199,186,155,206,176,0.314697265625,0.176513671875,0.12939453125,0.08453369140625,0.019195556640625,1,3,Red-breasted Dotterel,Brown-headed Nuthatch,Boreal Chickadee,Red-breasted Dotterel,Masked Water-Tyrant,Red Crossbill
val/03364_Animalia_Chordata_Aves_Charadriiformes_Charadriidae_Charadrius_wilsonia/8a596c65-2a7a-4e54-a333-08db055843e6.jpg,156,155,0,155,156,160,162,163,0.480224609375,0.37548828125,0.0732421875,0.018585205078125,0.01288604736328125,1,2,Wilson's Plover,Red-breasted Dotterel,Wilson's Plover,Hartlaub's Gull,Caspian Gull,Glaucous-winged Gull
val/03364_Animalia_Chordata_Aves_Charadriiformes_Charadriidae_Charadrius_wilsonia/8987a474-82d5-407e-ba86-7e71b6c0b28d.jpg,156,155,0,155,161,156,159,162,0.96435546875,0.00916290283203125,0.008087158203125,0.007965087890625,0.0032863616943359375,1,3,Wilson's Plover,Red-breasted Dotterel,Black-headed Gull,Wilson's Plover,American Oystercatcher,Caspian Gull
val/03367_Animalia_Chordata_Aves_Charadriiformes_Charadriidae_Pluvialis_dominica/b70477fa-7342-41df-bde1-d00dfe77b369.jpg,157,184,0,184,157,155,165,156,0.329833984375,0.1806640625,0.1180419921875,0.044708251953125,0.04229736328125,1,2,American Golden-Plover,Meadow Pipit,American Golden-Plover,Red-breasted Dotterel,Wood Sandpiper,Wilson's Plover
val/03367_Animalia_Chordata_Aves_Charadriiformes_Charadriidae_Pluvialis_dominica/88588a4d-8e89-4c2f-bcf1-93677cf7465e.jpg,157,232,0,232,65,266,231,157,0.25537109375,0.098388671875,0.079833984375,0.070556640625,0.04315185546875,1,5,American Golden-Plover,Woodchuck,Juvenal's Duskywing,blusher,Bank Vole,American Golden-Plover
val/03367_Animalia_Chordata_Aves_Charadriiformes_Charadriidae_Pluvialis_dominica/234d7622-77da-469b-a4cc-b39fbcc7977d.jpg,157,165,0,165,157,206,148,156,0.7353515625,0.076416015625,0.01505279541015625,0.01450347900390625,0.012939453125,1,2,American Golden-Plover,Wood Sandpiper,American Golden-Plover,Masked Water-Tyrant,Yellow-billed Pintail,Wilson's Plover
val/03385_Animalia_Chordata_Aves_Charadriiformes_Haematopodidae_Haematopus_palliatus/f2d6a0a5-f3f5-444a-a419-fb4e618443f5.jpg,159,152,0,152,159,157,150,168,0.7783203125,0.049652099609375,0.01690673828125,0.015625,0.01290130615234375,1,2,American Oystercatcher,Common Merganser,American Oystercatcher,American Golden-Plover,Surf Scoter,Black Crake
val/03385_Animalia_Chordata_Aves_Charadriiformes_Haematopodidae_Haematopus_palliatus/06a2ddd6-0957-4be9-8a43-35e01638c157.jpg,159,156,0,156,159,157,164,158,0.57470703125,0.170654296875,0.1328125,0.068115234375,0.028961181640625,1,2,American Oystercatcher,Wilson's Plover,American Oystercatcher,American Golden-Plover,Far Eastern Curlew,Crowned Lapwing
val/03385_Animalia_Chordata_Aves_Charadriiformes_Haematopodidae_Haematopus_palliatus/11c1eff4-bb8f-4ad3-a9d2-9e59e410b2be.jpg,159,217,0,217,150,159,163,216,0.53857421875,0.1043701171875,0.0745849609375,0.07061767578125,0.059478759765625,1,3,American Oystercatcher,Brandt's Cormorant,Surf Scoter,American Oystercatcher,Glaucous-winged Gull,Pelagic Cormorant
val/03385_Animalia_Chordata_Aves_Charadriiformes_Haematopodidae_Haematopus_palliatus/dd8d860f-3e88-4923-9106-bfc0842d8547.jpg,159,152,0,152,159,160,157,155,0.46044921875,0.0986328125,0.06390380859375,0.056243896484375,0.050537109375,1,2,American Oystercatcher,Common Merganser,American Oystercatcher,Hartlaub's Gull,American Golden-Plover,Red-breasted Dotterel
val/03398_Animalia_Chordata_Aves_Charadriiformes_Laridae_Chroicocephalus_hartlaubii/54467c3b-2eb8-44e8-888c-fcea9024c37b.jpg,160,162,0,162,163,160,211,212,0.6474609375,0.2427978515625,0.05303955078125,0.0211334228515625,0.005687713623046875,1,3,Hartlaub's Gull,Caspian Gull,Glaucous-winged Gull,Hartlaub's Gull,Black-crowned Night Heron,Dalmatian Pelican
val/03398_Animalia_Chordata_Aves_Charadriiformes_Laridae_Chroicocephalus_hartlaubii/71bfecc9-fa2f-491e-b68c-6415d69d72d4.jpg,160,163,0,163,162,160,149,217,0.7041015625,0.15234375,0.04681396484375,0.04278564453125,0.02630615234375,1,3,Hartlaub's Gull,Glaucous-winged Gull,Caspian Gull,Hartlaub's Gull,Mute Swan,Brandt's Cormorant
val/03398_Animalia_Chordata_Aves_Charadriiformes_Laridae_Chroicocephalus_hartlaubii/77e875d7-dd12-4e4a-9433-32bea2116984.jpg,160,156,0,156,160,155,202,206,0.459716796875,0.359375,0.049102783203125,0.0272216796875,0.01678466796875,1,2,Hartlaub's Gull,Wilson's Plover,Hartlaub's Gull,Red-breasted Dotterel,Blue-gray Tanager,Masked Water-Tyrant
val/03398_Animalia_Chordata_Aves_Charadriiformes_Laridae_Chroicocephalus_hartlaubii/1c1a50e0-7c22-4800-87ec-1f591a967587.jpg,160,162,0,162,160,156,163,161,0.4541015625,0.1669921875,0.1556396484375,0.05487060546875,0.04986572265625,1,2,Hartlaub's Gull,Caspian Gull,Hartlaub's Gull,Wilson's Plover,Glaucous-winged Gull,Black-headed Gull
val/03398_Animalia_Chordata_Aves_Charadriiformes_Laridae_Chroicocephalus_hartlaubii/76a53627-e739-4dee-a246-9eb2a4944182.jpg,160,155,0,155,160,156,163,162,0.720703125,0.162109375,0.0736083984375,0.0107574462890625,0.007568359375,1,2,Hartlaub's Gull,Red-breasted Dotterel,Hartlaub's Gull,Wilson's Plover,Glaucous-winged Gull,Caspian Gull
val/03402_Animalia_Chordata_Aves_Charadriiformes_Laridae_Chroicocephalus_ridibundus/185f5d68-7b6e-4f76-9f76-1e975891079d.jpg,161,152,0,152,162,161,160,151,0.51513671875,0.2802734375,0.0938720703125,0.03533935546875,0.0296478271484375,1,3,Black-headed Gull,Common Merganser,Caspian Gull,Black-headed Gull,Hartlaub's Gull,Smew
val/03402_Animalia_Chordata_Aves_Charadriiformes_Laridae_Chroicocephalus_ridibundus/6023e79c-3da4-42d0-b709-c4df79138a40.jpg,161,163,0,163,161,159,155,160,0.73046875,0.116943359375,0.0570068359375,0.04632568359375,0.0206756591796875,1,2,Black-headed Gull,Glaucous-winged Gull,Black-headed Gull,American Oystercatcher,Red-breasted Dotterel,Hartlaub's Gull
val/03402_Animalia_Chordata_Aves_Charadriiformes_Laridae_Chroicocephalus_ridibundus/86d223d3-23ed-46eb-a051-9a14d2687427.jpg,161,162,0,162,161,152,160,163,0.316650390625,0.25048828125,0.11627197265625,0.09307861328125,0.09124755859375,1,2,Black-headed Gull,Caspian Gull,Black-headed Gull,Common Merganser,Hartlaub's Gull,Glaucous-winged Gull
val/03402_Animalia_Chordata_Aves_Charadriiformes_Laridae_Chroicocephalus_ridibundus/5393aed5-9960-4106-8604-af7f658cbd97.jpg,161,163,0,163,161,152,149,160,0.70556640625,0.2135009765625,0.039642333984375,0.01430511474609375,0.01396942138671875,1,2,Black-headed Gull,Glaucous-winged Gull,Black-headed Gull,Common Merganser,Mute Swan,Hartlaub's Gull
val/03402_Animalia_Chordata_Aves_Charadriiformes_Laridae_Chroicocephalus_ridibundus/bcbae826-c16d-4097-b7b0-3d192f957fa9.jpg,161,160,0,160,161,162,206,163,0.5068359375,0.41845703125,0.021697998046875,0.01428985595703125,0.00792694091796875,1,2,Black-headed Gull,Hartlaub's Gull,Black-headed Gull,Caspian Gull,Masked Water-Tyrant,Glaucous-winged Gull
val/03402_Animalia_Chordata_Aves_Charadriiformes_Laridae_Chroicocephalus_ridibundus/65bad439-1763-46d8-9b27-3245f81653b0.jpg,161,227,0,227,232,161,163,182,0.249267578125,0.1500244140625,0.11865234375,0.07806396484375,0.0767822265625,1,3,Black-headed Gull,New Zealand Sea Lion,Woodchuck,Black-headed Gull,Glaucous-winged Gull,Common Grackle
val/03410_Animalia_Chordata_Aves_Charadriiformes_Laridae_Larus_cachinnans/541fb741-8130-4ac2-b869-c3eb0be1db96.jpg,162,163,0,163,162,160,152,149,0.697265625,0.11358642578125,0.1075439453125,0.0161285400390625,0.007572174072265625,1,2,Caspian Gull,Glaucous-winged Gull,Caspian Gull,Hartlaub's Gull,Common Merganser,Mute Swan
val/03410_Animalia_Chordata_Aves_Charadriiformes_Laridae_Larus_cachinnans/7f66635a-27e9-41ab-bb2d-c4cc9f8908c3.jpg,162,160,0,160,162,151,206,152,0.39501953125,0.148193359375,0.143310546875,0.09002685546875,0.08935546875,1,2,Caspian Gull,Hartlaub's Gull,Caspian Gull,Smew,Masked Water-Tyrant,Common Merganser
val/03410_Animalia_Chordata_Aves_Charadriiformes_Laridae_Larus_cachinnans/a5ee8eec-0d50-4e38-a375-278bd577e0f7.jpg,162,149,0,149,162,217,212,163,0.368896484375,0.202880859375,0.11810302734375,0.0418701171875,0.039947509765625,1,2,Caspian Gull,Mute Swan,Caspian Gull,Brandt's Cormorant,Dalmatian Pelican,Glaucous-winged Gull
val/03417_Animalia_Chordata_Aves_Charadriiformes_Laridae_Larus_glaucescens/493609a5-e3f2-4606-8257-2cf5b47c5460.jpg,163,161,0,161,160,163,155,206,0.5791015625,0.353759765625,0.0212554931640625,0.0131683349609375,0.0030384063720703125,1,3,Glaucous-winged Gull,Black-headed Gull,Hartlaub's Gull,Glaucous-winged Gull,Red-breasted Dotterel,Masked Water-Tyrant
val/03417_Animalia_Chordata_Aves_Charadriiformes_Laridae_Larus_glaucescens/e2510e0f-8f2e-4e2e-b450-cc81cda436ed.jpg,163,162,0,162,164,163,185,199,0.4853515625,0.091796875,0.0592041015625,0.029937744140625,0.0205078125,1,3,Glaucous-winged Gull,Caspian Gull,Far Eastern Curlew,Glaucous-winged Gull,Familiar Chat,Brown-headed Nuthatch
val/03481_Animalia_Chordata_Aves_Charadriiformes_Scolopacidae_Numenius_madagascariensis/f2cea325-baa3-44bf-ada0-1014eed69a12.jpg,164,157,0,157,148,151,164,162,0.9560546875,0.040557861328125,0.0010805130004882812,0.0007033348083496094,0.000701904296875,1,4,Far Eastern Curlew,American Golden-Plover,Yellow-billed Pintail,Smew,Far Eastern Curlew,Caspian Gull
val/03490_Animalia_Chordata_Aves_Charadriiformes_Scolopacidae_Tringa_glareola/5b7271b9-c626-4528-b9d2-6bb4eae5c765.jpg,165,157,0,157,165,156,148,164,0.397216796875,0.15771484375,0.0611572265625,0.032958984375,0.0254974365234375,1,2,Wood Sandpiper,American Golden-Plover,Wood Sandpiper,Wilson's Plover,Yellow-billed Pintail,Far Eastern Curlew
val/03490_Animalia_Chordata_Aves_Charadriiformes_Scolopacidae_Tringa_glareola/a3472ea4-46a5-4f0e-93a0-5b1340401afc.jpg,165,164,0,164,165,184,148,157,0.47265625,0.09442138671875,0.06756591796875,0.0201873779296875,0.0153961181640625,1,2,Wood Sandpiper,Far Eastern Curlew,Wood Sandpiper,Meadow Pipit,Yellow-billed Pintail,American Golden-Plover
val/03490_Animalia_Chordata_Aves_Charadriiformes_Scolopacidae_Tringa_glareola/5d956527-62f8-4aca-a0d6-620b69567abc.jpg,165,129,0,129,161,177,165,156,0.3466796875,0.032958984375,0.03204345703125,0.029754638671875,0.02880859375,1,4,Wood Sandpiper,Blacknose Dace,Black-headed Gull,Barn Swallow,Wood Sandpiper,Wilson's Plover
val/03529_Animalia_Chordata_Aves_Columbiformes_Columbidae_Patagioenas_flavirostris/21e88573-ad25-480d-8c50-1bda129e51bb.jpg,166,173,0,173,166,172,206,182,0.49072265625,0.250732421875,0.0677490234375,0.04449462890625,0.0362548828125,1,2,Red-billed Pigeon,Brown Jay,Red-billed Pigeon,Fish Crow,Masked Water-Tyrant,Common Grackle
val/03529_Animalia_Chordata_Aves_Columbiformes_Columbidae_Patagioenas_flavirostris/28782dff-9f44-4b3e-a5a9-a479b59d0902.jpg,166,204,0,204,207,201,206,166,0.52099609375,0.1121826171875,0.0579833984375,0.045806884765625,0.03912353515625,1,5,Red-billed Pigeon,Western Wood-Pewee,Ash-throated Flycatcher,Grayish Saltator,Masked Water-Tyrant,Red-billed Pigeon
val/03635_Animalia_Chordata_Aves_Galliformes_Phasianidae_Pavo_cristatus/8c374c45-3648-4011-845b-aac3cf2a96d1.jpg,167,103,0,103,395,393,13,167,0.160400390625,0.1341552734375,0.049560546875,0.0209808349609375,0.019134521484375,1,5,Common Peafowl,Small Emperor Moth,Scotch Broom,Taiwan Acacia,22-spot Ladybird Beetle,Common Peafowl
val/03673_Animalia_Chordata_Aves_Gruiformes_Rallidae_Zapornia_flavirostra/6785f79b-dd46-429e-be7a-70fa151ba3e2.jpg,168,159,0,159,168,158,174,181,0.55078125,0.2174072265625,0.10906982421875,0.05255126953125,0.006103515625,1,2,Black Crake,American Oystercatcher,Black Crake,Crowned Lapwing,Alpine Chough,Tricolored Blackbird
val/03715_Animalia_Chordata_Aves_Passeriformes_Cardinalidae_Passerina_ciris/ac27472b-f106-43f3-a786-53cd9962b7ec.jpg,169,138,0,138,169,134,128,130,0.5732421875,0.27783203125,0.0279693603515625,0.010528564453125,0.00986480712890625,1,2,Painted Bunting,Kelp Bass,Painted Bunting,Blackspot Goatfish,Bluntnose Minnow,Chub
val/03715_Animalia_Chordata_Aves_Passeriformes_Cardinalidae_Passerina_ciris/6e8c1dbf-9503-455e-b1da-9204de0c5a69.jpg,169,152,0,152,168,169,159,155,0.71044921875,0.06005859375,0.056304931640625,0.045257568359375,0.017181396484375,1,3,Painted Bunting,Common Merganser,Black Crake,Painted Bunting,American Oystercatcher,Red-breasted Dotterel
val/03715_Animalia_Chordata_Aves_Passeriformes_Cardinalidae_Passerina_ciris/2066703b-c0a1-40aa-abaa-67f106c91bef.jpg,169,208,0,208,131,169,196,142,0.3232421875,0.31689453125,0.1990966796875,0.0435791015625,0.0285797119140625,1,3,Painted Bunting,Warbling White-eye,Redbreast Sunfish,Painted Bunting,Eastern Yellow Robin,Eastern Dwarf Treefrog
val/03715_Animalia_Chordata_Aves_Passeriformes_Cardinalidae_Passerina_ciris/52df0153-e9ee-4530-9175-0f45aa1d28b9.jpg,169,218,0,218,188,202,169,208,0.2459716796875,0.129638671875,0.1275634765625,0.027862548828125,0.0262603759765625,1,4,Painted Bunting,Black-throated Trogon,Cerulean Warbler,Blue-gray Tanager,Painted Bunting,Warbling White-eye
val/03719_Animalia_Chordata_Aves_Passeriformes_Cardinalidae_Pheucticus_chrysopeplus/604f9604-6092-4bbb-b140-8de8f0aa6176.jpg,170,183,0,183,209,170,207,176,0.97119140625,0.00800323486328125,0.0037403106689453125,0.00337982177734375,0.0018520355224609375,1,3,Yellow Grosbeak,White-plumed Honeyeater,Indian White-eye,Yellow Grosbeak,Ash-throated Flycatcher,Red Crossbill
val/03719_Animalia_Chordata_Aves_Passeriformes_Cardinalidae_Pheucticus_chrysopeplus/9b2ba9f6-8237-431a-8984-3f4c03b8398b.jpg,170,198,0,198,208,209,190,170,0.246337890625,0.20458984375,0.140625,0.07659912109375,0.040313720703125,1,5,Yellow Grosbeak,Common Firecrest,Warbling White-eye,Indian White-eye,Yellow-throated Warbler,Yellow Grosbeak
val/03719_Animalia_Chordata_Aves_Passeriformes_Cardinalidae_Pheucticus_chrysopeplus/ad6d87e3-b85a-4691-9836-4563019c8645.jpg,170,190,0,190,170,196,189,191,0.49755859375,0.2369384765625,0.09893798828125,0.06976318359375,0.022552490234375,1,2,Yellow Grosbeak,Yellow-throated Warbler,Yellow Grosbeak,Eastern Yellow Robin,Hooded Warbler,American Redstart
val/03759_Animalia_Chordata_Aves_Passeriformes_Corvidae_Corvus_ossifragus/444f4677-af23-43f3-bee3-35bf19e7ad0f.jpg,172,174,0,174,172,150,146,182,0.54833984375,0.2088623046875,0.051605224609375,0.047637939453125,0.0223846435546875,1,2,Fish Crow,Alpine Chough,Fish Crow,Surf Scoter,Imperial Eagle,Common Grackle
val/03759_Animalia_Chordata_Aves_Passeriformes_Corvidae_Corvus_ossifragus/b0f59e02-ee68-4995-8e72-e80271129691.jpg,172,181,0,181,172,174,190,216,0.69775390625,0.0628662109375,0.039642333984375,0.02587890625,0.0173187255859375,1,2,Fish Crow,Tricolored Blackbird,Fish Crow,Alpine Chough,Yellow-throated Warbler,Pelagic Cormorant
val/03777_Animalia_Chordata_Aves_Passeriformes_Corvidae_Psilorhinus_morio/0fcedbda-16a7-4cb0-83b1-0659c76b62bf.jpg,173,179,0,179,180,173,153,204,0.54736328125,0.18994140625,0.1729736328125,0.03668212890625,0.02081298828125,1,3,Brown Jay,Southern Rough-winged Swallow,Violet-green Swallow,Brown Jay,Black-chinned Hummingbird,Western Wood-Pewee
val/03778_Animalia_Chordata_Aves_Passeriformes_Corvidae_Pyrrhocorax_graculus/6e438811-8764-4259-8716-cb4f5f76f943.jpg,174,182,0,182,174,172,168,227,0.373046875,0.2362060546875,0.1322021484375,0.109619140625,0.051971435546875,1,2,Alpine Chough,Common Grackle,Alpine Chough,Fish Crow,Black Crake,New Zealand Sea Lion
val/03804_Animalia_Chordata_Aves_Passeriformes_Estrildidae_Taeniopygia_bichenovii/b0e03fcd-c630-4579-8b5f-d82db193f03d.jpg,175,205,0,205,175,188,198,207,0.62060546875,0.158447265625,0.107421875,0.0087127685546875,0.00867462158203125,1,2,Double-barred Finch,Hammond's Flycatcher,Double-barred Finch,Cerulean Warbler,Common Firecrest,Ash-throated Flycatcher
val/03804_Animalia_Chordata_Aves_Passeriformes_Estrildidae_Taeniopygia_bichenovii/589780f1-2994-4d91-a592-d6a5c149dfbb.jpg,175,187,0,187,175,207,198,193,0.2744140625,0.261962890625,0.09515380859375,0.0906982421875,0.076171875,1,2,Double-barred Finch,Chestnut-backed Chickadee,Double-barred Finch,Ash-throated Flycatcher,Common Firecrest,Lark Bunting
val/03828_Animalia_Chordata_Aves_Passeriformes_Fringillidae_Loxia_curvirostra/2b67672e-87bf-4ca2-b6e3-7ba03e690f17.jpg,176,186,0,186,233,176,195,228,0.59521484375,0.2138671875,0.10028076171875,0.01348876953125,0.012969970703125,1,3,Red Crossbill,Boreal Chickadee,Red-bellied Squirrel,Red Crossbill,Eastern Towhee,Sunda Flying Lemur
val/03828_Animalia_Chordata_Aves_Passeriformes_Fringillidae_Loxia_curvirostra/ddca365e-11ac-4e14-ae0f-8bab0373d9c1.jpg,176,199,0,199,198,186,176,372,0.82666015625,0.05224609375,0.03173828125,0.0230255126953125,0.00786590576171875,1,4,Red Crossbill,Brown-headed Nuthatch,Common Firecrest,Boreal Chickadee,Red Crossbill,crucifixion thorn
val/03849_Animalia_Chordata_Aves_Passeriformes_Hirundinidae_Hirundo_rustica/0fcee27f-e76d-4de9-999c-72cfdb1ec5c2.jpg,177,173,0,173,179,180,166,177,0.77001953125,0.050994873046875,0.0333251953125,0.02044677734375,0.01776123046875,1,5,Barn Swallow,Brown Jay,Southern Rough-winged Swallow,Violet-green Swallow,Red-billed Pigeon,Barn Swallow
val/03849_Animalia_Chordata_Aves_Passeriformes_Hirundinidae_Hirundo_rustica/389222df-cf8a-487a-906f-2a510690ae65.jpg,177,179,0,179,180,178,177,153,0.40966796875,0.1632080078125,0.09124755859375,0.08502197265625,0.06951904296875,1,4,Barn Swallow,Southern Rough-winged Swallow,Violet-green Swallow,Bank Swallow,Barn Swallow,Black-chinned Hummingbird
val/03859_Animalia_Chordata_Aves_Passeriformes_Hirundinidae_Riparia_riparia/fa97a0ae-5dbd-4afb-b325-f24ee729fc90.jpg,178,223,0,223,221,178,217,38,0.42333984375,0.330322265625,0.0501708984375,0.03173828125,0.0296630859375,1,3,Bank Swallow,Gray Wolf,Eland,Bank Swallow,Brandt's Cormorant,New York Carpenter Ant
val/03859_Animalia_Chordata_Aves_Passeriformes_Hirundinidae_Riparia_riparia/94c3b511-2580-4a4a-bd65-9854c5fb8dfe.jpg,178,227,0,227,82,178,109,253,0.062744140625,0.061126708984375,0.05230712890625,0.040008544921875,0.032379150390625,1,3,Bank Swallow,New Zealand Sea Lion,Black-dotted Maliattha,Bank Swallow,Red-banded Leafroller,California Cone
val/03860_Animalia_Chordata_Aves_Passeriformes_Hirundinidae_Stelgidopteryx_ruficollis/061c2776-5545-4fb4-aad5-2ee596d8d5e8.jpg,179,180,0,180,179,204,178,203,0.44091796875,0.285888671875,0.1845703125,0.038360595703125,0.032440185546875,1,2,Southern Rough-winged Swallow,Violet-green Swallow,Southern Rough-winged Swallow,Western Wood-Pewee,Bank Swallow,Olive-sided Flycatcher
val/03860_Animalia_Chordata_Aves_Passeriformes_Hirundinidae_Stelgidopteryx_ruficollis/4dbcc8b8-8ed5-49eb-86e6-c57c2d68a8b3.jpg,179,173,0,173,201,179,203,185,0.24072265625,0.19384765625,0.181396484375,0.0848388671875,0.08123779296875,1,3,Southern Rough-winged Swallow,Brown Jay,Grayish Saltator,Southern Rough-winged Swallow,Olive-sided Flycatcher,Familiar Chat
val/03860_Animalia_Chordata_Aves_Passeriformes_Hirundinidae_Stelgidopteryx_ruficollis/7683f035-d48c-4c2a-853b-fd5c86c58671.jpg,179,204,0,204,205,207,179,185,0.28857421875,0.1689453125,0.1292724609375,0.12030029296875,0.07281494140625,1,4,Southern Rough-winged Swallow,Western Wood-Pewee,Hammond's Flycatcher,Ash-throated Flycatcher,Southern Rough-winged Swallow,Familiar Chat
val/03865_Animalia_Chordata_Aves_Passeriformes_Hirundinidae_Tachycineta_thalassina/aa2a8b87-342f-42c6-a94d-b658cd2c6306.jpg,180,178,0,178,147,180,177,179,0.39599609375,0.356201171875,0.1295166015625,0.05792236328125,0.01519775390625,1,3,Violet-green Swallow,Bank Swallow,European Honey-buzzard,Violet-green Swallow,Barn Swallow,Southern Rough-winged Swallow
val/03865_Animalia_Chordata_Aves_Passeriformes_Hirundinidae_Tachycineta_thalassina/f832a4e8-eaaf-4d44-b4bb-8debcc6dc73b.jpg,180,7,0,7,180,154,113,84,0.280029296875,0.09613037109375,0.09344482421875,0.0718994140625,0.064697265625,1,2,Violet-green Swallow,Emerald Ash Borer,Violet-green Swallow,Green-crowned Brilliant,Australian Green Mantis,Green Silver-lines
val/03865_Animalia_Chordata_Aves_Passeriformes_Hirundinidae_Tachycineta_thalassina/c8e13777-7aef-4ad8-8e84-a634c9b1ffae.jpg,180,151,0,151,180,178,204,175,0.262451171875,0.2218017578125,0.1514892578125,0.038909912109375,0.033203125,1,2,Violet-green Swallow,Smew,Violet-green Swallow,Bank Swallow,Western Wood-Pewee,Double-barred Finch
val/03865_Animalia_Chordata_Aves_Passeriformes_Hirundinidae_Tachycineta_thalassina/e36b2051-6451-46ca-b4e0-fb9703e61c26.jpg,180,147,0,147,178,180,146,151,0.6328125,0.1273193359375,0.095703125,0.06353759765625,0.01262664794921875,1,3,Violet-green Swallow,European Honey-buzzard,Bank Swallow,Violet-green Swallow,Imperial Eagle,Smew
val/03865_Animalia_Chordata_Aves_Passeriformes_Hirundinidae_Tachycineta_thalassina/6e46ada7-3ca0-446f-a459-07642e750eed.jpg,180,154,0,154,180,196,202,182,0.8837890625,0.06463623046875,0.007030487060546875,0.006908416748046875,0.004459381103515625,1,2,Violet-green Swallow,Green-crowned Brilliant,Violet-green Swallow,Eastern Yellow Robin,Blue-gray Tanager,Common Grackle
val/03868_Animalia_Chordata_Aves_Passeriformes_Icteridae_Agelaius_tricolor/e22b7768-c83e-480d-a896-84f9e729fc37.jpg,181,172,0,172,181,182,174,166,0.5830078125,0.21044921875,0.161376953125,0.01215362548828125,0.003032684326171875,1,2,Tricolored Blackbird,Fish Crow,Tricolored Blackbird,Common Grackle,Alpine Chough,Red-billed Pigeon
val/03868_Animalia_Chordata_Aves_Passeriformes_Icteridae_Agelaius_tricolor/9d81c410-b5de-406c-a5ea-1a581b2510fa.jpg,181,172,0,172,182,174,181,197,0.806640625,0.106201171875,0.033355712890625,0.0162506103515625,0.00849151611328125,1,4,Tricolored Blackbird,Fish Crow,Common Grackle,Alpine Chough,Tricolored Blackbird,Tomtit
val/03868_Animalia_Chordata_Aves_Passeriformes_Icteridae_Agelaius_tricolor/06016b8e-e216-45f6-a1b5-f6590c7d49f0.jpg,181,146,0,146,174,181,158,212,0.290283203125,0.1480712890625,0.09765625,0.07568359375,0.0675048828125,1,3,Tricolored Blackbird,Imperial Eagle,Alpine Chough,Tricolored Blackbird,Crowned Lapwing,Dalmatian Pelican
val/03868_Animalia_Chordata_Aves_Passeriformes_Icteridae_Agelaius_tricolor/31fd641e-dcdf-4df7-93d8-d8878701518a.jpg,181,172,0,172,181,182,174,180,0.7109375,0.2012939453125,0.0445556640625,0.0218048095703125,0.01183319091796875,1,2,Tricolored Blackbird,Fish Crow,Tricolored Blackbird,Common Grackle,Alpine Chough,Violet-green Swallow
val/03901_Animalia_Chordata_Aves_Passeriformes_Icteridae_Quiscalus_quiscula/2d3d33e1-08b0-4e4e-a35f-c453651a6169.jpg,182,181,0,181,153,182,197,185,0.09893798828125,0.0875244140625,0.083740234375,0.06353759765625,0.046783447265625,1,3,Common Grackle,Tricolored Blackbird,Black-chinned Hummingbird,Common Grackle,Tomtit,Familiar Chat
val/03901_Animalia_Chordata_Aves_Passeriformes_Icteridae_Quiscalus_quiscula/2e5a30c8-9854-4842-8cac-1c150700dfa7.jpg,182,172,0,172,182,216,203,167,0.35400390625,0.29931640625,0.09307861328125,0.035614013671875,0.0333251953125,1,2,Common Grackle,Fish Crow,Common Grackle,Pelagic Cormorant,Olive-sided Flycatcher,Common Peafowl
val/03938_Animalia_Chordata_Aves_Passeriformes_Meliphagidae_Ptilotula_penicillata/b0ca26aa-e2ed-48ce-b41e-038534822003.jpg,183,207,0,207,192,183,202,203,0.1724853515625,0.166259765625,0.14306640625,0.083740234375,0.0628662109375,1,3,White-plumed Honeyeater,Ash-throated Flycatcher,Golden-winged Warbler,White-plumed Honeyeater,Blue-gray Tanager,Olive-sided Flycatcher
val/03961_Animalia_Chordata_Aves_Passeriformes_Motacillidae_Anthus_pratensis/0f01d36d-547b-4356-918c-dcfb7bb09ae0.jpg,184,201,0,201,176,200,184,185,0.185302734375,0.1407470703125,0.09246826171875,0.08331298828125,0.0699462890625,1,4,Meadow Pipit,Grayish Saltator,Red Crossbill,Wrentit,Meadow Pipit,Familiar Chat
val/03961_Animalia_Chordata_Aves_Passeriformes_Motacillidae_Anthus_pratensis/94713fd4-94bd-4232-b6ba-9a54d38f5734.jpg,184,194,0,194,310,184,193,207,0.3916015625,0.104736328125,0.05010986328125,0.049041748046875,0.040771484375,1,3,Meadow Pipit,Henslow's Sparrow,Kangaroo Grass,Meadow Pipit,Lark Bunting,Ash-throated Flycatcher
val/03961_Animalia_Chordata_Aves_Passeriformes_Motacillidae_Anthus_pratensis/cc4a144f-d990-4555-8b1a-21db7acd52ac.jpg,184,194,0,194,193,184,200,181,0.372314453125,0.318359375,0.182861328125,0.01329803466796875,0.0106353759765625,1,3,Meadow Pipit,Henslow's Sparrow,Lark Bunting,Meadow Pipit,Wrentit,Tricolored Blackbird
val/03961_Animalia_Chordata_Aves_Passeriformes_Motacillidae_Anthus_pratensis/55c88670-e84b-4a18-8354-038b2c7fa109.jpg,184,185,0,185,184,155,156,176,0.54736328125,0.28515625,0.07025146484375,0.020416259765625,0.01009368896484375,1,2,Meadow Pipit,Familiar Chat,Meadow Pipit,Red-breasted Dotterel,Wilson's Plover,Red Crossbill
val/03990_Animalia_Chordata_Aves_Passeriformes_Muscicapidae_Oenanthe_familiaris/b8e5a1a3-1519-4ae3-b4b1-e08d219c8eff.jpg,185,207,0,207,185,206,155,193,0.513671875,0.40478515625,0.040252685546875,0.00988006591796875,0.00888824462890625,1,2,Familiar Chat,Ash-throated Flycatcher,Familiar Chat,Masked Water-Tyrant,Red-breasted Dotterel,Lark Bunting
val/04040_Animalia_Chordata_Aves_Passeriformes_Paridae_Poecile_hudsonicus/46849ee6-44df-4ce2-bff2-8e498f13df43.jpg,186,207,0,207,186,472,170,474,0.5908203125,0.0509033203125,0.0295257568359375,0.027679443359375,0.02435302734375,1,2,Boreal Chickadee,Ash-throated Flycatcher,Boreal Chickadee,desert mistletoe,Yellow Grosbeak,elephant tree
val/04040_Animalia_Chordata_Aves_Passeriformes_Paridae_Poecile_hudsonicus/738f66a1-76ba-4ebf-99d2-548e7d3f588c.jpg,186,187,0,187,186,207,200,194,0.2724609375,0.150390625,0.09075927734375,0.055694580078125,0.0258026123046875,1,2,Boreal Chickadee,Chestnut-backed Chickadee,Boreal Chickadee,Ash-throated Flycatcher,Wrentit,Henslow's Sparrow
val/04043_Animalia_Chordata_Aves_Passeriformes_Paridae_Poecile_rufescens/9a240c26-d007-438e-9089-608a6a1d942a.jpg,187,186,0,186,187,207,205,206,0.634765625,0.327880859375,0.00476837158203125,0.0036602020263671875,0.002964019775390625,1,2,Chestnut-backed Chickadee,Boreal Chickadee,Chestnut-backed Chickadee,Ash-throated Flycatcher,Hammond's Flycatcher,Masked Water-Tyrant
val/04043_Animalia_Chordata_Aves_Passeriformes_Paridae_Poecile_rufescens/516cd1ff-7edd-4fa1-9047-9aa64fd86325.jpg,187,195,0,195,166,202,187,181,0.19677734375,0.1395263671875,0.13232421875,0.10308837890625,0.06298828125,1,4,Chestnut-backed Chickadee,Eastern Towhee,Red-billed Pigeon,Blue-gray Tanager,Chestnut-backed Chickadee,Tricolored Blackbird
val/04043_Animalia_Chordata_Aves_Passeriformes_Paridae_Poecile_rufescens/5d6c4cfa-a473-433b-bbb1-d9be2313993e.jpg,187,186,0,186,187,200,210,201,0.94775390625,0.0264739990234375,0.00849151611328125,0.00846099853515625,0.0020046234130859375,1,2,Chestnut-backed Chickadee,Boreal Chickadee,Chestnut-backed Chickadee,Wrentit,Boat-billed Heron,Grayish Saltator
val/04068_Animalia_Chordata_Aves_Passeriformes_Parulidae_Setophaga_cerulea/6be0bfa6-39b0-4a77-82ae-45cf35790e94.jpg,188,190,0,190,188,39,191,189,0.197021484375,0.1373291015625,0.064453125,0.058624267578125,0.043243408203125,1,2,Cerulean Warbler,Yellow-throated Warbler,Cerulean Warbler,Pure Green Sweat Bee,American Redstart,Hooded Warbler
val/04068_Animalia_Chordata_Aves_Passeriformes_Parulidae_Setophaga_cerulea/5de471f6-88d2-44af-8996-551ad336c735.jpg,188,205,0,205,188,187,175,197,0.7861328125,0.04833984375,0.046661376953125,0.04559326171875,0.034088134765625,1,2,Cerulean Warbler,Hammond's Flycatcher,Cerulean Warbler,Chestnut-backed Chickadee,Double-barred Finch,Tomtit
val/04068_Animalia_Chordata_Aves_Passeriformes_Parulidae_Setophaga_cerulea/4926fa87-d818-478c-a6cf-b5207665c7b5.jpg,188,228,0,228,433,189,209,188,0.234130859375,0.1673583984375,0.1514892578125,0.0826416015625,0.0703125,1,5,Cerulean Warbler,Sunda Flying Lemur,umbrella magnolia,Hooded Warbler,Indian White-eye,Cerulean Warbler
val/04070_Animalia_Chordata_Aves_Passeriformes_Parulidae_Setophaga_citrina/343acd0b-df14-4ed8-9296-47bce3cd1c5f.jpg,189,196,0,196,189,190,191,452,0.666015625,0.2071533203125,0.01544952392578125,0.0151214599609375,0.00618743896484375,1,2,Hooded Warbler,Eastern Yellow Robin,Hooded Warbler,Yellow-throated Warbler,American Redstart,Spring Adonis
val/04070_Animalia_Chordata_Aves_Passeriformes_Parulidae_Setophaga_citrina/daa4b011-5fcb-4606-8aa1-c821fe0e2614.jpg,189,196,0,196,189,208,170,209,0.469970703125,0.36328125,0.025421142578125,0.01092529296875,0.01007080078125,1,2,Hooded Warbler,Eastern Yellow Robin,Hooded Warbler,Warbling White-eye,Yellow Grosbeak,Indian White-eye
val/04070_Animalia_Chordata_Aves_Passeriformes_Parulidae_Setophaga_citrina/dc89e53c-8a03-4b3d-83de-fab63a8a08fa.jpg,189,192,0,192,189,196,218,208,0.751953125,0.06671142578125,0.04705810546875,0.0433349609375,0.0157318115234375,1,2,Hooded Warbler,Golden-winged Warbler,Hooded Warbler,Eastern Yellow Robin,Black-throated Trogon,Warbling White-eye
val/04073_Animalia_Chordata_Aves_Passeriformes_Parulidae_Setophaga_dominica/ec48b42b-b450-4ba4-8196-d3c8bdefe618.jpg,190,189,0,189,190,198,183,472,0.153564453125,0.1097412109375,0.10565185546875,0.08258056640625,0.0216064453125,1,2,Yellow-throated Warbler,Hooded Warbler,Yellow-throated Warbler,Common Firecrest,White-plumed Honeyeater,desert mistletoe
val/04073_Animalia_Chordata_Aves_Passeriformes_Parulidae_Setophaga_dominica/58a6c740-01c7-4781-b0c2-2e1ee0f80fa3.jpg,190,192,0,192,208,188,209,190,0.483642578125,0.1448974609375,0.05157470703125,0.041961669921875,0.03778076171875,1,5,Yellow-throated Warbler,Golden-winged Warbler,Warbling White-eye,Cerulean Warbler,Indian White-eye,Yellow-throated Warbler
val/04084_Animalia_Chordata_Aves_Passeriformes_Parulidae_Setophaga_ruticilla/cf741cf4-2f7f-4725-b3e9-da0d64de10de.jpg,191,218,0,218,198,192,191,208,0.6962890625,0.1712646484375,0.1007080078125,0.00821685791015625,0.0038242340087890625,1,4,American Redstart,Black-throated Trogon,Common Firecrest,Golden-winged Warbler,American Redstart,Warbling White-eye
val/04084_Animalia_Chordata_Aves_Passeriformes_Parulidae_Setophaga_ruticilla/646bc45d-9077-4e2c-b0e3-17e485e59c58.jpg,191,195,0,195,191,173,218,208,0.74267578125,0.052642822265625,0.02044677734375,0.0169525146484375,0.0129547119140625,1,2,American Redstart,Eastern Towhee,American Redstart,Brown Jay,Black-throated Trogon,Warbling White-eye
val/04089_Animalia_Chordata_Aves_Passeriformes_Parulidae_Vermivora_chrysoptera/a9a1238a-6402-4ae3-8149-89a3b22aead6.jpg,192,198,0,198,192,190,196,191,0.37451171875,0.361572265625,0.136962890625,0.023345947265625,0.00801849365234375,1,2,Golden-winged Warbler,Common Firecrest,Golden-winged Warbler,Yellow-throated Warbler,Eastern Yellow Robin,American Redstart
val/04089_Animalia_Chordata_Aves_Passeriformes_Parulidae_Vermivora_chrysoptera/c01bdc0e-68af-469a-85a3-aa6528ce8d3d.jpg,192,191,0,191,192,218,186,197,0.1207275390625,0.1021728515625,0.09417724609375,0.059600830078125,0.04705810546875,1,2,Golden-winged Warbler,American Redstart,Golden-winged Warbler,Black-throated Trogon,Boreal Chickadee,Tomtit
val/04089_Animalia_Chordata_Aves_Passeriformes_Parulidae_Vermivora_chrysoptera/60ed6d34-4f8e-49b3-90a5-a1a704635dd2.jpg,192,191,0,191,192,188,199,197,0.4033203125,0.24609375,0.1661376953125,0.036865234375,0.03594970703125,1,2,Golden-winged Warbler,American Redstart,Golden-winged Warbler,Cerulean Warbler,Brown-headed Nuthatch,Tomtit
val/04089_Animalia_Chordata_Aves_Passeriformes_Parulidae_Vermivora_chrysoptera/3cc0df4f-ca7d-495a-ae4d-688a09d44bd3.jpg,192,201,0,201,209,179,198,192,0.40478515625,0.179931640625,0.1256103515625,0.064453125,0.053863525390625,1,5,Golden-winged Warbler,Grayish Saltator,Indian White-eye,Southern Rough-winged Swallow,Common Firecrest,Golden-winged Warbler
val/04089_Animalia_Chordata_Aves_Passeriformes_Parulidae_Vermivora_chrysoptera/25df23da-2819-45cf-9aba-945264296bb3.jpg,192,183,0,183,192,175,198,187,0.6337890625,0.112060546875,0.041229248046875,0.0389404296875,0.035675048828125,1,2,Golden-winged Warbler,White-plumed Honeyeater,Golden-winged Warbler,Double-barred Finch,Common Firecrest,Chestnut-backed Chickadee
val/04099_Animalia_Chordata_Aves_Passeriformes_Passerellidae_Calamospiza_melanocorys/d9eeb16d-90d9-4eb1-8e32-be0fdf1f48f4.jpg,193,207,0,207,193,194,198,78,0.61083984375,0.20263671875,0.0657958984375,0.028350830078125,0.0107574462890625,1,2,Lark Bunting,Ash-throated Flycatcher,Lark Bunting,Henslow's Sparrow,Common Firecrest,Marine Blue
val/04099_Animalia_Chordata_Aves_Passeriformes_Passerellidae_Calamospiza_melanocorys/35bf7d86-31ec-4448-a32f-80548b84cc0a.jpg,193,203,0,203,201,164,193,178,0.28369140625,0.25146484375,0.07196044921875,0.06451416015625,0.050262451171875,1,4,Lark Bunting,Olive-sided Flycatcher,Grayish Saltator,Far Eastern Curlew,Lark Bunting,Bank Swallow
val/04099_Animalia_Chordata_Aves_Passeriformes_Passerellidae_Calamospiza_melanocorys/1c490820-1251-4ac4-bd1d-a9ee9b7eb78d.jpg,193,158,0,158,156,193,162,206,0.2196044921875,0.183837890625,0.1009521484375,0.07257080078125,0.04693603515625,1,3,Lark Bunting,Crowned Lapwing,Wilson's Plover,Lark Bunting,Caspian Gull,Masked Water-Tyrant
val/04099_Animalia_Chordata_Aves_Passeriformes_Passerellidae_Calamospiza_melanocorys/41c0d2b8-f1ba-41b7-a8bd-d24e545b1259.jpg,193,205,0,205,193,194,207,185,0.75439453125,0.1434326171875,0.05999755859375,0.0098114013671875,0.006298065185546875,1,2,Lark Bunting,Hammond's Flycatcher,Lark Bunting,Henslow's Sparrow,Ash-throated Flycatcher,Familiar Chat
val/04099_Animalia_Chordata_Aves_Passeriformes_Passerellidae_Calamospiza_melanocorys/4a62e062-7344-4839-8077-17d5396c805e.jpg,193,185,0,185,207,193,184,201,0.505859375,0.06353759765625,0.061309814453125,0.041046142578125,0.035308837890625,1,3,Lark Bunting,Familiar Chat,Ash-throated Flycatcher,Lark Bunting,Meadow Pipit,Grayish Saltator
val/04100_Animalia_Chordata_Aves_Passeriformes_Passerellidae_Centronyx_henslowii/e67b8b39-911d-4c01-ac2a-822ac96e2903.jpg,194,201,0,201,208,189,198,194,0.262939453125,0.262939453125,0.0892333984375,0.0604248046875,0.046539306640625,1,5,Henslow's Sparrow,Grayish Saltator,Warbling White-eye,Hooded Warbler,Common Firecrest,Henslow's Sparrow
val/04100_Animalia_Chordata_Aves_Passeriformes_Passerellidae_Centronyx_henslowii/0cc4d9b5-3e98-4c2e-b314-ed1c63dbf108.jpg,194,184,0,184,194,193,176,242,0.54248046875,0.444580078125,0.0013990402221679688,0.0010089874267578125,0.0008144378662109375,1,2,Henslow's Sparrow,Meadow Pipit,Henslow's Sparrow,Lark Bunting,Red Crossbill,Brown Basilisk
val/04100_Animalia_Chordata_Aves_Passeriformes_Passerellidae_Centronyx_henslowii/a66dcf8d-a0d1-4df0-b34b-1466c4c88654.jpg,194,190,0,190,205,194,187,198,0.73193359375,0.10040283203125,0.045440673828125,0.024322509765625,0.0073699951171875,1,3,Henslow's Sparrow,Yellow-throated Warbler,Hammond's Flycatcher,Henslow's Sparrow,Chestnut-backed Chickadee,Common Firecrest
val/04118_Animalia_Chordata_Aves_Passeriformes_Passerellidae_Pipilo_erythrophthalmus/3c5923da-840c-4b6c-9478-cdc356573005.jpg,195,20,0,20,195,173,177,175,0.34326171875,0.1090087890625,0.07708740234375,0.051605224609375,0.0272674560546875,1,2,Eastern Towhee,Mexican Cactus Fly,Eastern Towhee,Brown Jay,Barn Swallow,Double-barred Finch
val/04118_Animalia_Chordata_Aves_Passeriformes_Passerellidae_Pipilo_erythrophthalmus/9634fe6e-eef0-40f7-b36f-ab6b577b4edf.jpg,195,200,0,200,195,194,191,173,0.57763671875,0.143310546875,0.10986328125,0.038177490234375,0.026763916015625,1,2,Eastern Towhee,Wrentit,Eastern Towhee,Henslow's Sparrow,American Redstart,Brown Jay
val/04118_Animalia_Chordata_Aves_Passeriformes_Passerellidae_Pipilo_erythrophthalmus/f0b3303d-4926-4878-8b8f-87b3d3aaed66.jpg,195,201,0,201,173,195,186,179,0.2822265625,0.279541015625,0.1265869140625,0.039703369140625,0.022491455078125,1,3,Eastern Towhee,Grayish Saltator,Brown Jay,Eastern Towhee,Boreal Chickadee,Southern Rough-winged Swallow
val/04142_Animalia_Chordata_Aves_Passeriformes_Petroicidae_Petroica_macrocephala/ae8403ba-a38d-4ff6-a701-b26deb75dd5a.jpg,197,187,0,187,206,197,190,188,0.257568359375,0.18798828125,0.1685791015625,0.1112060546875,0.10882568359375,1,3,Tomtit,Chestnut-backed Chickadee,Masked Water-Tyrant,Tomtit,Yellow-throated Warbler,Cerulean Warbler
val/04142_Animalia_Chordata_Aves_Passeriformes_Petroicidae_Petroica_macrocephala/75b57bcd-5dad-4e23-b22c-463da3639653.jpg,197,200,0,200,186,210,197,201,0.45458984375,0.1439208984375,0.0740966796875,0.04925537109375,0.0343017578125,1,4,Tomtit,Wrentit,Boreal Chickadee,Boat-billed Heron,Tomtit,Grayish Saltator
val/04178_Animalia_Chordata_Aves_Passeriformes_Regulidae_Regulus_ignicapilla/3d9a19f7-9b46-4323-a6c4-c3b67fe06113.jpg,198,209,0,209,198,170,208,63,0.3818359375,0.281494140625,0.057586669921875,0.03314208984375,0.02557373046875,1,2,Common Firecrest,Indian White-eye,Common Firecrest,Yellow Grosbeak,Warbling White-eye,Least Skipper
val/04178_Animalia_Chordata_Aves_Passeriformes_Regulidae_Regulus_ignicapilla/ada11ee4-97bd-41de-9db2-43769043fa9b.jpg,198,205,0,205,169,198,207,176,0.7900390625,0.05938720703125,0.04345703125,0.023834228515625,0.007640838623046875,1,3,Common Firecrest,Hammond's Flycatcher,Painted Bunting,Common Firecrest,Ash-throated Flycatcher,Red Crossbill
val/04178_Animalia_Chordata_Aves_Passeriformes_Regulidae_Regulus_ignicapilla/fed2a721-2acc-455f-9436-29d5775c3e2f.jpg,198,208,0,208,198,209,192,170,0.464111328125,0.21923828125,0.2059326171875,0.067138671875,0.0158233642578125,1,2,Common Firecrest,Warbling White-eye,Common Firecrest,Indian White-eye,Golden-winged Warbler,Yellow Grosbeak
val/04178_Animalia_Chordata_Aves_Passeriformes_Regulidae_Regulus_ignicapilla/e52f20b9-f790-429c-9655-a1406303875f.jpg,198,183,0,183,209,208,198,210,0.354248046875,0.1458740234375,0.131591796875,0.1292724609375,0.0382080078125,1,4,Common Firecrest,White-plumed Honeyeater,Indian White-eye,Warbling White-eye,Common Firecrest,Boat-billed Heron
val/04189_Animalia_Chordata_Aves_Passeriformes_Sittidae_Sitta_pusilla/694d3d26-1583-4f80-9848-caa1c35876e1.jpg,199,186,0,186,199,7,187,181,0.1978759765625,0.1328125,0.06695556640625,0.05224609375,0.0439453125,1,2,Brown-headed Nuthatch,Boreal Chickadee,Brown-headed Nuthatch,Emerald Ash Borer,Chestnut-backed Chickadee,Tricolored Blackbird
val/04203_Animalia_Chordata_Aves_Passeriformes_Sylviidae_Chamaea_fasciata/bc760127-2539-481f-a2f7-e4fc032ced7f.jpg,200,197,0,197,186,205,200,491,0.97607421875,0.009490966796875,0.0075531005859375,0.003223419189453125,0.0004475116729736328,1,4,Wrentit,Tomtit,Boreal Chickadee,Hammond's Flycatcher,Wrentit,lodgepole pine
val/04203_Animalia_Chordata_Aves_Passeriformes_Sylviidae_Chamaea_fasciata/560d9d71-e478-4d47-b96e-490659c8ddec.jpg,200,175,0,175,33,25,26,200,0.1624755859375,0.08154296875,0.0709228515625,0.05303955078125,0.046661376953125,1,5,Wrentit,Double-barred Finch,Ashy Mining Bee,Florida Leaf-footed Bug,Western Leaf-footed Bug,Wrentit
val/04203_Animalia_Chordata_Aves_Passeriformes_Sylviidae_Chamaea_fasciata/c1052a12-0c54-4d8f-a51d-bea5119a4c6b.jpg,200,191,0,191,200,186,197,194,0.5703125,0.1719970703125,0.069091796875,0.024688720703125,0.0158233642578125,1,2,Wrentit,American Redstart,Wrentit,Boreal Chickadee,Tomtit,Henslow's Sparrow
val/04228_Animalia_Chordata_Aves_Passeriformes_Thraupidae_Saltator_coerulescens/3924d41b-0765-4c07-bd5f-2151d9863c7a.jpg,201,185,0,185,201,166,203,146,0.61865234375,0.2403564453125,0.036376953125,0.0269775390625,0.0156097412109375,1,2,Grayish Saltator,Familiar Chat,Grayish Saltator,Red-billed Pigeon,Olive-sided Flycatcher,Imperial Eagle
val/04228_Animalia_Chordata_Aves_Passeriformes_Thraupidae_Saltator_coerulescens/c9c4d433-d50d-4105-af24-5d02d4c7f6d7.jpg,201,185,0,185,201,199,186,200,0.81103515625,0.1754150390625,0.0021686553955078125,0.0019779205322265625,0.0014324188232421875,1,2,Grayish Saltator,Familiar Chat,Grayish Saltator,Brown-headed Nuthatch,Boreal Chickadee,Wrentit
val/04228_Animalia_Chordata_Aves_Passeriformes_Thraupidae_Saltator_coerulescens/ca930f0e-89c8-44e7-bf97-8c32bee8ab19.jpg,201,183,0,183,205,201,207,169,0.470703125,0.200927734375,0.0498046875,0.03680419921875,0.0245208740234375,1,3,Grayish Saltator,White-plumed Honeyeater,Hammond's Flycatcher,Grayish Saltator,Ash-throated Flycatcher,Painted Bunting
val/04228_Animalia_Chordata_Aves_Passeriformes_Thraupidae_Saltator_coerulescens/619eca97-62fa-466e-bf16-e817f9cfb38a.jpg,201,196,0,196,201,202,199,185,0.451416015625,0.158203125,0.0269775390625,0.0235748291015625,0.0225830078125,1,2,Grayish Saltator,Eastern Yellow Robin,Grayish Saltator,Blue-gray Tanager,Brown-headed Nuthatch,Familiar Chat
val/04228_Animalia_Chordata_Aves_Passeriformes_Thraupidae_Saltator_coerulescens/513b31bc-7989-4a6c-8f94-240684c7e492.jpg,201,200,0,200,185,201,176,186,0.37255859375,0.2462158203125,0.1639404296875,0.1048583984375,0.08624267578125,1,3,Grayish Saltator,Wrentit,Familiar Chat,Grayish Saltator,Red Crossbill,Boreal Chickadee
val/04245_Animalia_Chordata_Aves_Passeriformes_Thraupidae_Thraupis_episcopus/e5012cfc-99cc-43e3-a2da-3de3bcde9ff3.jpg,202,201,0,201,202,205,188,175,0.26904296875,0.2479248046875,0.1953125,0.1842041015625,0.0223541259765625,1,2,Blue-gray Tanager,Grayish Saltator,Blue-gray Tanager,Hammond's Flycatcher,Cerulean Warbler,Double-barred Finch
val/04293_Animalia_Chordata_Aves_Passeriformes_Tyrannidae_Contopus_cooperi/624e31a6-b9ad-454d-882d-61e96a2ccd6d.jpg,203,180,0,180,177,203,204,178,0.58544921875,0.2509765625,0.05096435546875,0.048828125,0.0220947265625,1,3,Olive-sided Flycatcher,Violet-green Swallow,Barn Swallow,Olive-sided Flycatcher,Western Wood-Pewee,Bank Swallow
val/04293_Animalia_Chordata_Aves_Passeriformes_Tyrannidae_Contopus_cooperi/08f87a0d-9ae4-4417-baef-0a85d911b552.jpg,203,204,0,204,203,180,178,146,0.306884765625,0.1943359375,0.1839599609375,0.132568359375,0.041534423828125,1,2,Olive-sided Flycatcher,Western Wood-Pewee,Olive-sided Flycatcher,Violet-green Swallow,Bank Swallow,Imperial Eagle
val/04293_Animalia_Chordata_Aves_Passeriformes_Tyrannidae_Contopus_cooperi/171754ec-54e3-4792-81ce-716ea3e4d25e.jpg,203,166,0,166,146,203,176,179,0.407470703125,0.1982421875,0.080078125,0.044586181640625,0.037322998046875,1,3,Olive-sided Flycatcher,Red-billed Pigeon,Imperial Eagle,Olive-sided Flycatcher,Red Crossbill,Southern Rough-winged Swallow
val/04295_Animalia_Chordata_Aves_Passeriformes_Tyrannidae_Contopus_sordidulus/217473c7-b2d7-43ce-a736-29ebf40f9212.jpg,204,173,0,173,179,203,201,204,0.87451171875,0.0706787109375,0.01543426513671875,0.01325225830078125,0.01062774658203125,1,5,Western Wood-Pewee,Brown Jay,Southern Rough-winged Swallow,Olive-sided Flycatcher,Grayish Saltator,Western Wood-Pewee
val/04295_Animalia_Chordata_Aves_Passeriformes_Tyrannidae_Contopus_sordidulus/246a88b2-3a2b-4178-b3b6-d04adcd17c65.jpg,204,205,0,205,193,204,207,185,0.290771484375,0.26220703125,0.098876953125,0.07080078125,0.0457763671875,1,3,Western Wood-Pewee,Hammond's Flycatcher,Lark Bunting,Western Wood-Pewee,Ash-throated Flycatcher,Familiar Chat
val/04295_Animalia_Chordata_Aves_Passeriformes_Tyrannidae_Contopus_sordidulus/78dbdeb3-93e4-443c-afb0-f52270222386.jpg,204,207,0,207,204,205,203,180,0.35546875,0.2138671875,0.1993408203125,0.091064453125,0.0355224609375,1,2,Western Wood-Pewee,Ash-throated Flycatcher,Western Wood-Pewee,Hammond's Flycatcher,Olive-sided Flycatcher,Violet-green Swallow
val/04302_Animalia_Chordata_Aves_Passeriformes_Tyrannidae_Empidonax_hammondii/52638be2-1606-4f4c-ae36-b654b8a7f6ca.jpg,205,204,0,204,205,207,203,193,0.57080078125,0.2880859375,0.09210205078125,0.0283050537109375,0.006519317626953125,1,2,Hammond's Flycatcher,Western Wood-Pewee,Hammond's Flycatcher,Ash-throated Flycatcher,Olive-sided Flycatcher,Lark Bunting
val/04302_Animalia_Chordata_Aves_Passeriformes_Tyrannidae_Empidonax_hammondii/81f4f9a4-23ab-4c35-b494-29a837aaede0.jpg,205,196,0,196,198,205,186,201,0.24951171875,0.157958984375,0.10772705078125,0.08258056640625,0.0670166015625,1,3,Hammond's Flycatcher,Eastern Yellow Robin,Common Firecrest,Hammond's Flycatcher,Boreal Chickadee,Grayish Saltator
val/04302_Animalia_Chordata_Aves_Passeriformes_Tyrannidae_Empidonax_hammondii/32009a29-b40f-4910-a842-f4e986877e7a.jpg,205,207,0,207,205,187,206,204,0.485107421875,0.12213134765625,0.10089111328125,0.0977783203125,0.03125,1,2,Hammond's Flycatcher,Ash-throated Flycatcher,Hammond's Flycatcher,Chestnut-backed Chickadee,Masked Water-Tyrant,Western Wood-Pewee
val/04302_Animalia_Chordata_Aves_Passeriformes_Tyrannidae_Empidonax_hammondii/df9a335b-9ece-4b58-b5c1-36a83b7ef0ed.jpg,205,185,0,185,205,207,201,202,0.81689453125,0.11956787109375,0.03790283203125,0.007965087890625,0.0025119781494140625,1,2,Hammond's Flycatcher,Familiar Chat,Hammond's Flycatcher,Ash-throated Flycatcher,Grayish Saltator,Blue-gray Tanager
val/04302_Animalia_Chordata_Aves_Passeriformes_Tyrannidae_Empidonax_hammondii/dd9b0ad7-30ee-4fda-9551-fcd98fca42db.jpg,205,203,0,203,205,202,201,176,0.74267578125,0.076171875,0.06719970703125,0.0279541015625,0.019866943359375,1,2,Hammond's Flycatcher,Olive-sided Flycatcher,Hammond's Flycatcher,Blue-gray Tanager,Grayish Saltator,Red Crossbill
val/04308_Animalia_Chordata_Aves_Passeriformes_Tyrannidae_Fluvicola_nengeta/1c9e5987-5410-44c5-bf2f-60ff2dc4193b.jpg,206,185,0,185,207,201,179,206,0.39697265625,0.217529296875,0.061370849609375,0.058319091796875,0.05108642578125,1,5,Masked Water-Tyrant,Familiar Chat,Ash-throated Flycatcher,Grayish Saltator,Southern Rough-winged Swallow,Masked Water-Tyrant
val/04308_Animalia_Chordata_Aves_Passeriformes_Tyrannidae_Fluvicola_nengeta/cda19b26-4603-4a4f-a9c5-0fa7ffd479e4.jpg,206,199,0,199,206,186,187,207,0.49267578125,0.379150390625,0.056243896484375,0.023773193359375,0.00728607177734375,1,2,Masked Water-Tyrant,Brown-headed Nuthatch,Masked Water-Tyrant,Boreal Chickadee,Chestnut-backed Chickadee,Ash-throated Flycatcher
val/04313_Animalia_Chordata_Aves_Passeriformes_Tyrannidae_Myiarchus_cinerascens/9eb31a8d-580a-4641-9535-fe86f021e439.jpg,207,187,0,187,186,207,199,175,0.411376953125,0.33251953125,0.050079345703125,0.0255584716796875,0.0242462158203125,1,3,Ash-throated Flycatcher,Chestnut-backed Chickadee,Boreal Chickadee,Ash-throated Flycatcher,Brown-headed Nuthatch,Double-barred Finch
val/04350_Animalia_Chordata_Aves_Passeriformes_Zosteropidae_Zosterops_japonicus/5ed98efd-41ee-4e75-8812-7e3d108782ef.jpg,208,209,0,209,208,183,198,189,0.5537109375,0.373291015625,0.050140380859375,0.0090789794921875,0.004962921142578125,1,2,Warbling White-eye,Indian White-eye,Warbling White-eye,White-plumed Honeyeater,Common Firecrest,Hooded Warbler
val/04350_Animalia_Chordata_Aves_Passeriformes_Zosteropidae_Zosterops_japonicus/b2d78742-7386-4338-8b87-2475b536784e.jpg,208,209,0,209,198,208,183,170,0.88623046875,0.061248779296875,0.040985107421875,0.004543304443359375,0.002048492431640625,1,3,Warbling White-eye,Indian White-eye,Common Firecrest,Warbling White-eye,White-plumed Honeyeater,Yellow Grosbeak
val/04350_Animalia_Chordata_Aves_Passeriformes_Zosteropidae_Zosterops_japonicus/9ace0ece-aaf6-477a-9fde-31e27be53161.jpg,208,209,0,209,208,198,183,218,0.6005859375,0.2003173828125,0.1466064453125,0.005733489990234375,0.00322723388671875,1,2,Warbling White-eye,Indian White-eye,Warbling White-eye,Common Firecrest,White-plumed Honeyeater,Black-throated Trogon
val/04352_Animalia_Chordata_Aves_Passeriformes_Zosteropidae_Zosterops_palpebrosus/cd52a966-6959-4f5f-a7e6-994ed5e54bb1.jpg,209,461,0,461,209,316,22,437,0.407958984375,0.188720703125,0.060882568359375,0.04583740234375,0.029327392578125,1,2,Indian White-eye,Loquat,Indian White-eye,Octopus Tree,Transverse-banded Flower Fly,Cassava
val/04352_Animalia_Chordata_Aves_Passeriformes_Zosteropidae_Zosterops_palpebrosus/eb1149ed-d66c-49f1-a02b-76920558b0f5.jpg,209,208,0,208,183,198,209,153,0.9453125,0.01629638671875,0.0100555419921875,0.005977630615234375,0.003780364990234375,1,4,Indian White-eye,Warbling White-eye,White-plumed Honeyeater,Common Firecrest,Indian White-eye,Black-chinned Hummingbird
val/04352_Animalia_Chordata_Aves_Passeriformes_Zosteropidae_Zosterops_palpebrosus/f96635e2-63e1-4fbe-9eb7-3fe7114382b4.jpg,209,208,0,208,189,170,209,198,0.8271484375,0.11279296875,0.0345458984375,0.0185546875,0.003719329833984375,1,4,Indian White-eye,Warbling White-eye,Hooded Warbler,Yellow Grosbeak,Indian White-eye,Common Firecrest
val/04352_Animalia_Chordata_Aves_Passeriformes_Zosteropidae_Zosterops_palpebrosus/436800fe-3e71-4858-99e7-31cfce146922.jpg,209,208,0,208,183,209,198,175,0.1922607421875,0.120849609375,0.1138916015625,0.0269775390625,0.02386474609375,1,3,Indian White-eye,Warbling White-eye,White-plumed Honeyeater,Indian White-eye,Common Firecrest,Double-barred Finch
val/04352_Animalia_Chordata_Aves_Passeriformes_Zosteropidae_Zosterops_palpebrosus/41c91f74-6c1b-48c8-817a-5db14fe56b86.jpg,209,208,0,208,183,209,198,189,0.6181640625,0.2421875,0.04638671875,0.0084228515625,0.00562286376953125,1,3,Indian White-eye,Warbling White-eye,White-plumed Honeyeater,Indian White-eye,Common Firecrest,Hooded Warbler
val/04352_Animalia_Chordata_Aves_Passeriformes_Zosteropidae_Zosterops_palpebrosus/4de13013-036c-4546-a720-3a15cbc2f69f.jpg,209,208,0,208,209,189,198,169,0.457275390625,0.3505859375,0.0582275390625,0.044647216796875,0.032806396484375,1,2,Indian White-eye,Warbling White-eye,Indian White-eye,Hooded Warbler,Common Firecrest,Painted Bunting
val/04352_Animalia_Chordata_Aves_Passeriformes_Zosteropidae_Zosterops_palpebrosus/2948fefd-c7b9-4a0a-8b4b-71fd9c89edea.jpg,209,439,0,439,375,398,209,475,0.1375732421875,0.1243896484375,0.10693359375,0.0565185546875,0.051605224609375,1,4,Indian White-eye,bebb's willow,Tree Tutu,black locust,Indian White-eye,field maple
val/04372_Animalia_Chordata_Aves_Pelecaniformes_Ardeidae_Cochlearius_cochlearius/de18e670-5272-4c88-8aba-ad59fe465014.jpg,210,141,0,141,199,137,218,210,0.050689697265625,0.027191162109375,0.024169921875,0.0228729248046875,0.0186614990234375,1,5,Boat-billed Heron,Cachabi Robber Frog,Brown-headed Nuthatch,Freshwater Drum,Black-throated Trogon,Boat-billed Heron
val/04386_Animalia_Chordata_Aves_Pelecaniformes_Ardeidae_Nycticorax_nycticorax/41b94156-a258-4a8c-93ff-828e18692e67.jpg,211,206,0,206,211,188,160,210,0.420166015625,0.40087890625,0.08685302734375,0.016265869140625,0.013641357421875,1,2,Black-crowned Night Heron,Masked Water-Tyrant,Black-crowned Night Heron,Cerulean Warbler,Hartlaub's Gull,Boat-billed Heron
val/04386_Animalia_Chordata_Aves_Pelecaniformes_Ardeidae_Nycticorax_nycticorax/8d5d6956-cde9-4c74-abad-9e5e50a6374e.jpg,211,163,0,163,211,160,206,161,0.67578125,0.132568359375,0.0302734375,0.01332855224609375,0.01267242431640625,1,2,Black-crowned Night Heron,Glaucous-winged Gull,Black-crowned Night Heron,Hartlaub's Gull,Masked Water-Tyrant,Black-headed Gull
val/04386_Animalia_Chordata_Aves_Pelecaniformes_Ardeidae_Nycticorax_nycticorax/a62e2645-73c6-4e6b-be5a-91fa0c7cebe5.jpg,211,163,0,163,211,160,161,152,0.51611328125,0.23388671875,0.08709716796875,0.02423095703125,0.019805908203125,1,2,Black-crowned Night Heron,Glaucous-winged Gull,Black-crowned Night Heron,Hartlaub's Gull,Black-headed Gull,Common Merganser
val/04386_Animalia_Chordata_Aves_Pelecaniformes_Ardeidae_Nycticorax_nycticorax/6d5fd1f2-6469-4d6f-bc98-faf0679d1ae3.jpg,211,158,0,158,211,206,173,161,0.5087890625,0.1834716796875,0.08221435546875,0.0161285400390625,0.01342010498046875,1,2,Black-crowned Night Heron,Crowned Lapwing,Black-crowned Night Heron,Masked Water-Tyrant,Brown Jay,Black-headed Gull
val/04391_Animalia_Chordata_Aves_Pelecaniformes_Pelecanidae_Pelecanus_crispus/c3c24111-db0b-4615-b999-756e29c4aec9.jpg,212,162,0,162,212,211,161,160,0.55615234375,0.1798095703125,0.10760498046875,0.08544921875,0.008758544921875,1,2,Dalmatian Pelican,Caspian Gull,Dalmatian Pelican,Black-crowned Night Heron,Black-headed Gull,Hartlaub's Gull
val/04391_Animalia_Chordata_Aves_Pelecaniformes_Pelecanidae_Pelecanus_crispus/66f1943b-de9d-48fc-bfd2-d15e063b5944.jpg,212,152,0,152,161,212,151,149,0.441162109375,0.0919189453125,0.0899658203125,0.05560302734375,0.053436279296875,1,3,Dalmatian Pelican,Common Merganser,Black-headed Gull,Dalmatian Pelican,Smew,Mute Swan
val/04391_Animalia_Chordata_Aves_Pelecaniformes_Pelecanidae_Pelecanus_crispus/9b57cc79-7b8e-417a-8428-a5da1cf47b07.jpg,212,162,0,162,212,161,213,211,0.137939453125,0.10150146484375,0.07110595703125,0.0706787109375,0.0290374755859375,1,2,Dalmatian Pelican,Caspian Gull,Dalmatian Pelican,Black-headed Gull,American Flamingo,Black-crowned Night Heron
val/04391_Animalia_Chordata_Aves_Pelecaniformes_Pelecanidae_Pelecanus_crispus/2f237b5a-a77f-441d-8613-01f98e00824c.jpg,212,149,0,149,212,213,162,163,0.52978515625,0.348876953125,0.043914794921875,0.041900634765625,0.0091705322265625,1,2,Dalmatian Pelican,Mute Swan,Dalmatian Pelican,American Flamingo,Caspian Gull,Glaucous-winged Gull
val/04391_Animalia_Chordata_Aves_Pelecaniformes_Pelecanidae_Pelecanus_crispus/cd065a2d-e131-40bc-b69e-5723ae616a53.jpg,212,211,0,211,222,212,230,165,0.295654296875,0.07379150390625,0.04779052734375,0.036529541015625,0.026123046875,1,3,Dalmatian Pelican,Black-crowned Night Heron,White-tailed Deer,Dalmatian Pelican,American Beaver,Wood Sandpiper
val/04419_Animalia_Chordata_Aves_Phoenicopteriformes_Phoenicopteridae_Phoenicopterus_ruber/ac441891-0b11-4df0-b9a0-687be16431f7.jpg,213,222,0,222,213,221,251,159,0.3154296875,0.11163330078125,0.10943603515625,0.06646728515625,0.041961669921875,1,2,American Flamingo,White-tailed Deer,American Flamingo,Eland,Queen Conch,American Oystercatcher
val/04419_Animalia_Chordata_Aves_Phoenicopteriformes_Phoenicopteridae_Phoenicopterus_ruber/ac0d7d07-ceb8-4e0c-ae0d-2bcd717e90ea.jpg,213,159,0,159,152,213,150,161,0.701171875,0.11676025390625,0.0443115234375,0.0178375244140625,0.01194000244140625,1,3,American Flamingo,American Oystercatcher,Common Merganser,American Flamingo,Surf Scoter,Black-headed Gull
val/04419_Animalia_Chordata_Aves_Phoenicopteriformes_Phoenicopteridae_Phoenicopterus_ruber/45c9498c-2f46-4038-a919-5e913145a492.jpg,213,234,0,234,213,149,235,230,0.35986328125,0.2958984375,0.1971435546875,0.038909912109375,0.013092041015625,1,2,American Flamingo,Common Caiman,American Flamingo,Mute Swan,Belize Crocodile,American Beaver
val/04442_Animalia_Chordata_Aves_Piciformes_Picidae_Dryobates_pubescens/b4e2569c-5d93-4a70-b0a9-2c9f745075dc.jpg,214,171,0,171,214,215,211,146,0.9189453125,0.075439453125,0.004253387451171875,0.0003230571746826172,0.0002703666687011719,1,2,Downy Woodpecker,Brown Creeper,Downy Woodpecker,Eastern Screech-Owl,Black-crowned Night Heron,Imperial Eagle
val/04442_Animalia_Chordata_Aves_Piciformes_Picidae_Dryobates_pubescens/52c35c5b-5abe-4f73-8b94-ec91201dcf7c.jpg,214,215,0,215,214,222,7,147,0.7255859375,0.211669921875,0.01727294921875,0.00955963134765625,0.00371551513671875,1,2,Downy Woodpecker,Eastern Screech-Owl,Downy Woodpecker,White-tailed Deer,Emerald Ash Borer,European Honey-buzzard
val/04442_Animalia_Chordata_Aves_Piciformes_Picidae_Dryobates_pubescens/e86789cc-572a-45ef-97f9-220e97b8039f.jpg,214,215,0,215,461,214,405,183,0.1005859375,0.09796142578125,0.05999755859375,0.05548095703125,0.050048828125,1,3,Downy Woodpecker,Eastern Screech-Owl,Loquat,Downy Woodpecker,Coast silk tassel,White-plumed Honeyeater
val/04553_Animalia_Chordata_Aves_Strigiformes_Strigidae_Megascops_asio/9f61bd33-6abf-491b-82c9-b0a88dc93e35.jpg,215,225,0,225,215,1,226,5,0.08489990234375,0.06695556640625,0.05029296875,0.0501708984375,0.046295166015625,1,2,Eastern Screech-Owl,Canada Lynx,Eastern Screech-Owl,Golden Silk Spider,Hooded Skunk,Eastern Bark Centipede
val/04578_Animalia_Chordata_Aves_Suliformes_Phalacrocoracidae_Phalacrocorax_pelagicus/82681475-1614-44a8-a221-d974d106935f.jpg,216,232,0,232,168,217,216,182,0.466552734375,0.056427001953125,0.05572509765625,0.0297393798828125,0.028594970703125,1,4,Pelagic Cormorant,Woodchuck,Black Crake,Brandt's Cormorant,Pelagic Cormorant,Common Grackle
val/04578_Animalia_Chordata_Aves_Suliformes_Phalacrocoracidae_Phalacrocorax_pelagicus/03d23921-d245-4fa9-ada2-71ed4593ac8d.jpg,216,150,0,150,217,216,227,174,0.86669921875,0.08416748046875,0.046478271484375,0.0007810592651367188,0.0006628036499023438,1,3,Pelagic Cormorant,Surf Scoter,Brandt's Cormorant,Pelagic Cormorant,New Zealand Sea Lion,Alpine Chough
val/04578_Animalia_Chordata_Aves_Suliformes_Phalacrocoracidae_Phalacrocorax_pelagicus/03b49897-d72e-4379-b355-62f27c130a68.jpg,216,217,0,217,216,182,168,174,0.39501953125,0.37841796875,0.08868408203125,0.04486083984375,0.033782958984375,1,2,Pelagic Cormorant,Brandt's Cormorant,Pelagic Cormorant,Common Grackle,Black Crake,Alpine Chough
val/04578_Animalia_Chordata_Aves_Suliformes_Phalacrocoracidae_Phalacrocorax_pelagicus/dfa039fa-b3f4-46cd-bec5-6db5057a21e6.jpg,216,227,0,227,217,150,251,216,0.384033203125,0.0870361328125,0.0655517578125,0.039337158203125,0.02703857421875,1,5,Pelagic Cormorant,New Zealand Sea Lion,Brandt's Cormorant,Surf Scoter,Queen Conch,Pelagic Cormorant
val/04578_Animalia_Chordata_Aves_Suliformes_Phalacrocoracidae_Phalacrocorax_pelagicus/f185abe4-96d5-4bee-b726-3ac679aee3db.jpg,216,217,0,217,151,216,150,148,0.324462890625,0.22265625,0.107421875,0.086669921875,0.05694580078125,1,3,Pelagic Cormorant,Brandt's Cormorant,Smew,Pelagic Cormorant,Surf Scoter,Yellow-billed Pintail
val/04578_Animalia_Chordata_Aves_Suliformes_Phalacrocoracidae_Phalacrocorax_pelagicus/28db183d-f78a-446f-bd28-519e09896508.jpg,216,150,0,150,217,159,227,216,0.282958984375,0.1241455078125,0.11822509765625,0.08331298828125,0.079833984375,1,5,Pelagic Cormorant,Surf Scoter,Brandt's Cormorant,American Oystercatcher,New Zealand Sea Lion,Pelagic Cormorant
val/04578_Animalia_Chordata_Aves_Suliformes_Phalacrocoracidae_Phalacrocorax_pelagicus/2ad5840f-f26d-4c6f-a5f0-f6ec8adf4f0d.jpg,216,217,0,217,180,150,182,216,0.62890625,0.072265625,0.0701904296875,0.04852294921875,0.047027587890625,1,5,Pelagic Cormorant,Brandt's Cormorant,Violet-green Swallow,Surf Scoter,Common Grackle,Pelagic Cormorant
val/04579_Animalia_Chordata_Aves_Suliformes_Phalacrocoracidae_Phalacrocorax_penicillatus/4d47f260-6798-4339-a39e-c71d6a6c586a.jpg,217,216,0,216,217,174,146,166,0.68505859375,0.29931640625,0.011932373046875,0.0023670196533203125,0.00025844573974609375,1,2,Brandt's Cormorant,Pelagic Cormorant,Brandt's Cormorant,Alpine Chough,Imperial Eagle,Red-billed Pigeon
val/04579_Animalia_Chordata_Aves_Suliformes_Phalacrocoracidae_Phalacrocorax_penicillatus/37f5cffa-d35c-4e77-b23f-462f9f045d87.jpg,217,150,0,150,216,217,148,212,0.318115234375,0.193359375,0.1334228515625,0.0830078125,0.037017822265625,1,3,Brandt's Cormorant,Surf Scoter,Pelagic Cormorant,Brandt's Cormorant,Yellow-billed Pintail,Dalmatian Pelican
val/04579_Animalia_Chordata_Aves_Suliformes_Phalacrocoracidae_Phalacrocorax_penicillatus/3ad04699-a524-4619-88b4-419273ce60ba.jpg,217,181,0,181,221,226,217,229,0.260498046875,0.1314697265625,0.10595703125,0.09259033203125,0.041290283203125,1,4,Brandt's Cormorant,Tricolored Blackbird,Eland,Hooded Skunk,Brandt's Cormorant,Western Grey Kangaroo
val/04596_Animalia_Chordata_Aves_Trogoniformes_Trogonidae_Trogon_rufus/c1417694-6876-488e-9199-117633998b96.jpg,218,167,0,167,218,210,182,172,0.405029296875,0.1890869140625,0.1427001953125,0.09619140625,0.0606689453125,1,2,Black-throated Trogon,Common Peafowl,Black-throated Trogon,Boat-billed Heron,Common Grackle,Fish Crow
val/04596_Animalia_Chordata_Aves_Trogoniformes_Trogonidae_Trogon_rufus/a34c89cb-20d2-41ec-82b7-bcacb58b74c9.jpg,218,190,0,190,170,218,188,20,0.12841796875,0.08380126953125,0.07708740234375,0.0484619140625,0.03643798828125,1,3,Black-throated Trogon,Yellow-throated Warbler,Yellow Grosbeak,Black-throated Trogon,Cerulean Warbler,Mexican Cactus Fly
val/04609_Animalia_Chordata_Elasmobranchii_Orectolobiformes_Ginglymostomatidae_Ginglymostoma_cirratum/845a308c-95e8-49d0-9749-315f3ce893a3.jpg,219,150,0,150,216,217,159,219,0.53076171875,0.243896484375,0.056915283203125,0.054412841796875,0.020355224609375,1,5,Nurse Shark,Surf Scoter,Pelagic Cormorant,Brandt's Cormorant,American Oystercatcher,Nurse Shark
val/04632_Animalia_Chordata_Mammalia_Artiodactyla_Bovidae_Oreotragus_oreotragus/c9476e9e-23ce-4b07-8294-0bf6978524f2.jpg,220,155,0,155,220,224,231,221,0.341064453125,0.1375732421875,0.10101318359375,0.0648193359375,0.04595947265625,1,2,Klipspringer,Red-breasted Dotterel,Klipspringer,Culpeo,Bank Vole,Eland
val/04632_Animalia_Chordata_Mammalia_Artiodactyla_Bovidae_Oreotragus_oreotragus/15d74171-9787-4515-a3c5-1a119c33b66b.jpg,220,223,0,223,220,221,229,157,0.30615234375,0.1727294921875,0.0755615234375,0.0633544921875,0.0291595458984375,1,2,Klipspringer,Gray Wolf,Klipspringer,Eland,Western Grey Kangaroo,American Golden-Plover
val/04641_Animalia_Chordata_Mammalia_Artiodactyla_Bovidae_Tragelaphus_oryx/5917b6be-b3cc-46fa-ab04-e33887af2b7a.jpg,221,229,0,229,223,221,222,224,0.64306640625,0.19677734375,0.152099609375,0.0036468505859375,0.0011034011840820312,1,3,Eland,Western Grey Kangaroo,Gray Wolf,Eland,White-tailed Deer,Culpeo
val/04641_Animalia_Chordata_Mammalia_Artiodactyla_Bovidae_Tragelaphus_oryx/cfff82ae-60df-443d-965b-32a609d247ba.jpg,221,229,0,229,222,221,223,220,0.9990234375,0.00029850006103515625,0.0002799034118652344,0.00014662742614746094,0.00012350082397460938,1,3,Eland,Western Grey Kangaroo,White-tailed Deer,Eland,Gray Wolf,Klipspringer
val/04641_Animalia_Chordata_Mammalia_Artiodactyla_Bovidae_Tragelaphus_oryx/f791df2e-b56c-416f-b656-1369576c6704.jpg,221,229,0,229,231,233,221,226,0.28515625,0.1348876953125,0.08343505859375,0.061248779296875,0.0296630859375,1,4,Eland,Western Grey Kangaroo,Bank Vole,Red-bellied Squirrel,Eland,Hooded Skunk
val/04641_Animalia_Chordata_Mammalia_Artiodactyla_Bovidae_Tragelaphus_oryx/8c47d665-9ce1-44a8-86e9-337651ccabb9.jpg,221,227,0,227,221,217,229,220,0.3525390625,0.344482421875,0.0982666015625,0.0182342529296875,0.0167694091796875,1,2,Eland,New Zealand Sea Lion,Eland,Brandt's Cormorant,Western Grey Kangaroo,Klipspringer
val/04641_Animalia_Chordata_Mammalia_Artiodactyla_Bovidae_Tragelaphus_oryx/073dd36e-22f9-456a-94a7-cea505bde459.jpg,221,222,0,222,224,229,237,221,0.440673828125,0.1466064453125,0.059967041015625,0.042266845703125,0.032318115234375,1,5,Eland,White-tailed Deer,Culpeo,Western Grey Kangaroo,Texas Alligator Lizard,Eland
val/04654_Animalia_Chordata_Mammalia_Artiodactyla_Cervidae_Odocoileus_virginianus/a3838c21-e7c3-4b6b-96d2-ce15ba1eddca.jpg,222,224,0,224,222,251,221,135,0.55078125,0.208251953125,0.11407470703125,0.047271728515625,0.0130615234375,1,2,White-tailed Deer,Culpeo,White-tailed Deer,Queen Conch,Eland,Yellow Perch
val/04654_Animalia_Chordata_Mammalia_Artiodactyla_Cervidae_Odocoileus_virginianus/eb1a31c1-a8c0-4f86-8dc0-6a682e721c3d.jpg,222,171,0,171,214,222,78,133,0.06915283203125,0.05902099609375,0.040863037109375,0.0333251953125,0.0318603515625,1,3,White-tailed Deer,Brown Creeper,Downy Woodpecker,White-tailed Deer,Marine Blue,Snakeskin Wrasse
val/04671_Animalia_Chordata_Mammalia_Carnivora_Canidae_Canis_lupus/f90f7914-7d70-4609-b4d2-3287848eaf60.jpg,223,355,0,355,223,252,358,241,0.3037109375,0.1575927734375,0.0833740234375,0.059051513671875,0.043853759765625,1,2,Gray Wolf,Spiny Hedgehog Cactus,Gray Wolf,Common Whelk,California barrel cactus,Aesculapian Snake
val/04671_Animalia_Chordata_Mammalia_Carnivora_Canidae_Canis_lupus/5218a3dc-5840-479e-a6cc-d21a11c4d5a7.jpg,223,155,0,155,223,224,178,225,0.5283203125,0.25537109375,0.044921875,0.043792724609375,0.0261688232421875,1,2,Gray Wolf,Red-breasted Dotterel,Gray Wolf,Culpeo,Bank Swallow,Canada Lynx
val/04673_Animalia_Chordata_Mammalia_Carnivora_Canidae_Lycalopex_culpaeus/9861b73d-8b1d-4a53-b5ab-992f7cab58b6.jpg,224,229,0,229,225,232,223,224,0.160400390625,0.1551513671875,0.1541748046875,0.10272216796875,0.033782958984375,1,5,Culpeo,Western Grey Kangaroo,Canada Lynx,Woodchuck,Gray Wolf,Culpeo
val/04680_Animalia_Chordata_Mammalia_Carnivora_Felidae_Lynx_canadensis/5978d162-c7d9-454e-98b4-82c52c91a466.jpg,225,224,0,224,225,223,229,222,0.410888671875,0.297119140625,0.2208251953125,0.04315185546875,0.015716552734375,1,2,Canada Lynx,Culpeo,Canada Lynx,Gray Wolf,Western Grey Kangaroo,White-tailed Deer
val/04680_Animalia_Chordata_Mammalia_Carnivora_Felidae_Lynx_canadensis/0afcb26e-d681-45f1-9178-853f85cb1986.jpg,225,223,0,223,224,225,233,215,0.417236328125,0.2330322265625,0.1905517578125,0.042694091796875,0.0276947021484375,1,3,Canada Lynx,Gray Wolf,Culpeo,Canada Lynx,Red-bellied Squirrel,Eastern Screech-Owl
val/04680_Animalia_Chordata_Mammalia_Carnivora_Felidae_Lynx_canadensis/635b2f74-fa36-4df6-a572-7841a14a0a85.jpg,225,223,0,223,229,497,225,224,0.6787109375,0.09332275390625,0.06500244140625,0.059417724609375,0.01340484619140625,1,4,Canada Lynx,Gray Wolf,Western Grey Kangaroo,hay-scented fern,Canada Lynx,Culpeo
val/04708_Animalia_Chordata_Mammalia_Carnivora_Otariidae_Phocarctos_hookeri/f0e4542c-ffd4-40e1-a74b-490f2dd127b4.jpg,227,212,0,212,148,227,178,151,0.349609375,0.17236328125,0.1180419921875,0.0882568359375,0.0882568359375,1,3,New Zealand Sea Lion,Dalmatian Pelican,Yellow-billed Pintail,New Zealand Sea Lion,Bank Swallow,Smew
val/04708_Animalia_Chordata_Mammalia_Carnivora_Otariidae_Phocarctos_hookeri/5316b935-e14b-452a-8d22-c0fee88067de.jpg,227,137,0,137,227,251,219,163,0.45849609375,0.396728515625,0.047943115234375,0.0084228515625,0.004970550537109375,1,2,New Zealand Sea Lion,Freshwater Drum,New Zealand Sea Lion,Queen Conch,Nurse Shark,Glaucous-winged Gull
val/04708_Animalia_Chordata_Mammalia_Carnivora_Otariidae_Phocarctos_hookeri/d8e641aa-c81e-4534-aebd-7cd5d4db3e25.jpg,227,232,0,232,227,182,230,137,0.84521484375,0.05328369140625,0.050262451171875,0.012054443359375,0.00504302978515625,1,2,New Zealand Sea Lion,Woodchuck,New Zealand Sea Lion,Common Grackle,American Beaver,Freshwater Drum
val/04708_Animalia_Chordata_Mammalia_Carnivora_Otariidae_Phocarctos_hookeri/058c3d2d-4e77-4e93-a337-c29e217270d1.jpg,227,152,0,152,227,159,148,225,0.159423828125,0.08575439453125,0.051513671875,0.04681396484375,0.035614013671875,1,2,New Zealand Sea Lion,Common Merganser,New Zealand Sea Lion,American Oystercatcher,Yellow-billed Pintail,Canada Lynx
val/04794_Animalia_Chordata_Mammalia_Rodentia_Castoridae_Castor_canadensis/b6b071a7-c666-4eaf-82bf-b4a8944cd800.jpg,230,232,0,232,230,229,231,222,0.99267578125,0.003993988037109375,0.0017442703247070312,0.0005373954772949219,0.0004911422729492188,1,2,American Beaver,Woodchuck,American Beaver,Western Grey Kangaroo,Bank Vole,White-tailed Deer
val/04794_Animalia_Chordata_Mammalia_Rodentia_Castoridae_Castor_canadensis/b856bb30-cbee-4e41-b1be-824c4a784cd9.jpg,230,130,0,130,122,38,230,26,0.09295654296875,0.0721435546875,0.06353759765625,0.049224853515625,0.039215087890625,1,4,American Beaver,Chub,Neurothemis taiwanensis,New York Carpenter Ant,American Beaver,Western Leaf-footed Bug
val/04794_Animalia_Chordata_Mammalia_Rodentia_Castoridae_Castor_canadensis/fc132a84-9d43-4f28-b63e-8948b0bcb5b1.jpg,230,150,0,150,148,235,152,230,0.318603515625,0.1685791015625,0.1043701171875,0.0269775390625,0.0239715576171875,1,5,American Beaver,Surf Scoter,Yellow-billed Pintail,Belize Crocodile,Common Merganser,American Beaver
val/04794_Animalia_Chordata_Mammalia_Rodentia_Castoridae_Castor_canadensis/1aba7f54-6c22-43af-812d-36bab89e4b00.jpg,230,149,0,149,488,151,487,230,0.119140625,0.10186767578125,0.030426025390625,0.0290679931640625,0.0285797119140625,1,5,American Beaver,Mute Swan,baldcypress,Smew,giant sequoia,American Beaver
val/04794_Animalia_Chordata_Mammalia_Rodentia_Castoridae_Castor_canadensis/8d2f5bca-4d19-45d1-a4b4-1d5fd6f95c48.jpg,230,232,0,232,230,326,223,182,0.8271484375,0.0745849609375,0.038238525390625,0.0100860595703125,0.00966644287109375,1,2,American Beaver,Woodchuck,American Beaver,dogfennel,Gray Wolf,Common Grackle
val/04794_Animalia_Chordata_Mammalia_Rodentia_Castoridae_Castor_canadensis/6c4d74e5-9f60-4a37-af90-1de71ec8303b.jpg,230,227,0,227,150,230,234,225,0.6982421875,0.1055908203125,0.05096435546875,0.03521728515625,0.0289764404296875,1,3,American Beaver,New Zealand Sea Lion,Surf Scoter,American Beaver,Common Caiman,Canada Lynx
val/04833_Animalia_Chordata_Mammalia_Rodentia_Sciuridae_Marmota_monax/afe07315-54ea-4df9-9dce-d4ffe7e197d7.jpg,232,200,0,200,185,205,194,232,0.414794921875,0.2322998046875,0.08428955078125,0.0692138671875,0.019866943359375,1,5,Woodchuck,Wrentit,Familiar Chat,Hammond's Flycatcher,Henslow's Sparrow,Woodchuck
val/04843_Animalia_Chordata_Mammalia_Rodentia_Sciuridae_Sciurus_aureogaster/cf7e442d-f6b7-4d08-85ab-c5e2545a4f3a.jpg,233,210,0,210,173,233,167,1,0.17724609375,0.12396240234375,0.10662841796875,0.07080078125,0.041961669921875,1,3,Red-bellied Squirrel,Boat-billed Heron,Brown Jay,Red-bellied Squirrel,Common Peafowl,Golden Silk Spider
val/04860_Animalia_Chordata_Reptilia_Crocodylia_Alligatoridae_Caiman_crocodilus/866dd587-2df5-4233-a3b2-6438899f3043.jpg,234,143,0,143,141,42,353,234,0.74462890625,0.0972900390625,0.024261474609375,0.022613525390625,0.021942138671875,1,5,Common Caiman,Northern Red-legged Frog,Cachabi Robber Frog,Western Paper Wasp,Mignonette vine,Common Caiman
val/04860_Animalia_Chordata_Reptilia_Crocodylia_Alligatoridae_Caiman_crocodilus/51ea158f-f9cd-41b6-b33c-75f9e4ba0a02.jpg,234,237,0,237,234,235,135,138,0.68798828125,0.148193359375,0.050506591796875,0.0233917236328125,0.0218505859375,1,2,Common Caiman,Texas Alligator Lizard,Common Caiman,Belize Crocodile,Yellow Perch,Kelp Bass
val/04860_Animalia_Chordata_Reptilia_Crocodylia_Alligatoridae_Caiman_crocodilus/6621fd9a-c156-4e95-a28c-fcd258075938.jpg,234,235,0,235,234,242,143,80,0.5595703125,0.414306640625,0.01003265380859375,0.00383758544921875,0.0015506744384765625,1,2,Common Caiman,Belize Crocodile,Common Caiman,Brown Basilisk,Northern Red-legged Frog,Alfalfa Looper
val/04860_Animalia_Chordata_Reptilia_Crocodylia_Alligatoridae_Caiman_crocodilus/c4e284c2-04e9-4140-a341-1ad0a2a0e4e1.jpg,234,235,0,235,234,80,230,244,0.84521484375,0.1527099609375,0.0007395744323730469,0.0007085800170898438,0.00013148784637451172,1,2,Common Caiman,Belize Crocodile,Common Caiman,Alfalfa Looper,American Beaver,Green Iguana
val/04860_Animalia_Chordata_Reptilia_Crocodylia_Alligatoridae_Caiman_crocodilus/1b072935-8ae6-4d26-bfc5-15eccb153467.jpg,234,242,0,242,141,143,142,234,0.46533203125,0.1322021484375,0.1297607421875,0.0736083984375,0.053436279296875,1,5,Common Caiman,Brown Basilisk,Cachabi Robber Frog,Northern Red-legged Frog,Eastern Dwarf Treefrog,Common Caiman
val/04879_Animalia_Chordata_Reptilia_Squamata_Anguidae_Anguis_veronensis/55a59f34-670e-43a9-b0af-9f96c4115c89.jpg,236,240,0,240,75,241,236,274,0.42626953125,0.076416015625,0.0745849609375,0.053466796875,0.025604248046875,1,4,Italian Slow Worm,Flat-headed Snake,Spring Azure,Aesculapian Snake,Italian Slow Worm,ceramic parchment
val/04879_Animalia_Chordata_Reptilia_Squamata_Anguidae_Anguis_veronensis/0ff18ec7-b4c0-4a63-afe6-f7aa4be8020d.jpg,236,240,0,240,236,128,245,246,0.8251953125,0.1400146484375,0.01056671142578125,0.0076446533203125,0.0065765380859375,1,2,Italian Slow Worm,Flat-headed Snake,Italian Slow Worm,Bluntnose Minnow,Mole Snake,Great Plains Skink
val/04879_Animalia_Chordata_Reptilia_Squamata_Anguidae_Anguis_veronensis/0704dc24-a470-48a5-8d9e-1ddd9fed1a09.jpg,236,241,0,241,245,240,236,246,0.625,0.2373046875,0.07672119140625,0.048583984375,0.0038280487060546875,1,4,Italian Slow Worm,Aesculapian Snake,Mole Snake,Flat-headed Snake,Italian Slow Worm,Great Plains Skink
val/04879_Animalia_Chordata_Reptilia_Squamata_Anguidae_Anguis_veronensis/dc631f37-6359-4bf9-9899-9a48b8adc870.jpg,236,246,0,246,241,245,236,244,0.056732177734375,0.054656982421875,0.038909912109375,0.032196044921875,0.023468017578125,1,4,Italian Slow Worm,Great Plains Skink,Aesculapian Snake,Mole Snake,Italian Slow Worm,Green Iguana
val/04884_Animalia_Chordata_Reptilia_Squamata_Anguidae_Gerrhonotus_infernalis/64c83e41-8055-490f-83d8-e3918a54d1a7.jpg,237,243,0,243,246,237,6,239,0.2236328125,0.11566162109375,0.0904541015625,0.0860595703125,0.07208251953125,1,3,Texas Alligator Lizard,Texas Coralsnake,Great Plains Skink,Texas Alligator Lizard,Giant Desert Centipede,Eastern Milksnake
val/04904_Animalia_Chordata_Reptilia_Squamata_Colubridae_Dendrelaphis_pictus/f2a0b65a-24be-40b0-a2d0-b642f11a42c6.jpg,238,142,0,142,189,113,141,238,0.67578125,0.045379638671875,0.030670166015625,0.02410888671875,0.021270751953125,1,5,Common Bronze-back,Eastern Dwarf Treefrog,Hooded Warbler,Australian Green Mantis,Cachabi Robber Frog,Common Bronze-back
val/04904_Animalia_Chordata_Reptilia_Squamata_Colubridae_Dendrelaphis_pictus/b17b26cb-cb69-4063-83ff-f2d97bb92e64.jpg,238,242,0,242,238,103,141,143,0.364990234375,0.267578125,0.032928466796875,0.02447509765625,0.019866943359375,1,2,Common Bronze-back,Brown Basilisk,Common Bronze-back,Small Emperor Moth,Cachabi Robber Frog,Northern Red-legged Frog
val/04904_Animalia_Chordata_Reptilia_Squamata_Colubridae_Dendrelaphis_pictus/3b9578be-e08f-4653-aeb5-a0dbaacad354.jpg,238,84,0,84,238,56,303,47,0.29345703125,0.28271484375,0.09295654296875,0.03900146484375,0.028533935546875,1,2,Common Bronze-back,Green Silver-lines,Common Bronze-back,Blackberry Looper,sawbrier,Volupial Pyrausta Moth
val/04904_Animalia_Chordata_Reptilia_Squamata_Colubridae_Dendrelaphis_pictus/76ebe106-9857-4d78-bd22-f533471f2be3.jpg,238,240,0,240,236,238,241,245,0.53125,0.18505859375,0.16650390625,0.0860595703125,0.006969451904296875,1,3,Common Bronze-back,Flat-headed Snake,Italian Slow Worm,Common Bronze-back,Aesculapian Snake,Mole Snake
val/04925_Animalia_Chordata_Reptilia_Squamata_Colubridae_Lampropeltis_triangulum/ecefe673-1c71-419e-aa73-f436d2d13b82.jpg,239,245,0,245,247,239,248,240,0.88427734375,0.07635498046875,0.01045989990234375,0.0104217529296875,0.0020599365234375,1,3,Eastern Milksnake,Mole Snake,Western Rattlesnake,Eastern Milksnake,Massasauga,Flat-headed Snake
val/04925_Animalia_Chordata_Reptilia_Squamata_Colubridae_Lampropeltis_triangulum/959a9806-ff2a-447a-9fe6-0f4bf2b7fd77.jpg,239,108,0,108,5,94,239,234,0.59326171875,0.1915283203125,0.037872314453125,0.03582763671875,0.0169525146484375,1,4,Eastern Milksnake,Pine Hawk-Moth,Eastern Bark Centipede,Thoas Swallowtail,Eastern Milksnake,Common Caiman
val/04964_Animalia_Chordata_Reptilia_Squamata_Colubridae_Tantilla_gracilis/84748541-f98c-4429-abda-5d4e52730bce.jpg,240,128,0,128,257,35,240,253,0.2724609375,0.1534423828125,0.0877685546875,0.0594482421875,0.0361328125,1,4,Flat-headed Snake,Bluntnose Minnow,Decollate Snail,Elm Sawfly,Flat-headed Snake,California Cone
val/04964_Animalia_Chordata_Reptilia_Squamata_Colubridae_Tantilla_gracilis/5418bac3-33be-4c96-ba87-3b3598b55ecf.jpg,240,253,0,253,131,257,240,145,0.1751708984375,0.12109375,0.059814453125,0.038604736328125,0.03240966796875,1,4,Flat-headed Snake,California Cone,Redbreast Sunfish,Decollate Snail,Flat-headed Snake,Italian Crested Newt
val/04977_Animalia_Chordata_Reptilia_Squamata_Colubridae_Zamenis_longissimus/6910ea2c-e532-48ba-9ab5-aae959ae1c1b.jpg,241,245,0,245,236,241,145,283,0.39501953125,0.1812744140625,0.07000732421875,0.049713134765625,0.0229339599609375,1,3,Aesculapian Snake,Mole Snake,Italian Slow Worm,Aesculapian Snake,Italian Crested Newt,Spiny Asparagus
val/04977_Animalia_Chordata_Reptilia_Squamata_Colubridae_Zamenis_longissimus/7edb04b5-3ea5-4b4d-ad79-86a758c624d8.jpg,241,246,0,246,241,236,240,238,0.311767578125,0.274169921875,0.2210693359375,0.110107421875,0.01261138916015625,1,2,Aesculapian Snake,Great Plains Skink,Aesculapian Snake,Italian Slow Worm,Flat-headed Snake,Common Bronze-back
val/04977_Animalia_Chordata_Reptilia_Squamata_Colubridae_Zamenis_longissimus/40787328-7aca-4ee7-b4f3-fb05e83a3351.jpg,241,240,0,240,236,241,238,245,0.509765625,0.443115234375,0.0131988525390625,0.006099700927734375,0.00571441650390625,1,3,Aesculapian Snake,Flat-headed Snake,Italian Slow Worm,Aesculapian Snake,Common Bronze-back,Mole Snake
val/04977_Animalia_Chordata_Reptilia_Squamata_Colubridae_Zamenis_longissimus/8866dd28-3583-40a9-b0f4-dc10d4c20dcd.jpg,241,245,0,245,241,240,239,236,0.441162109375,0.439453125,0.0457763671875,0.00787353515625,0.007236480712890625,1,2,Aesculapian Snake,Mole Snake,Aesculapian Snake,Flat-headed Snake,Eastern Milksnake,Italian Slow Worm
val/04977_Animalia_Chordata_Reptilia_Squamata_Colubridae_Zamenis_longissimus/a78d625d-583a-4c15-8fad-b0c2de069da4.jpg,241,248,0,248,245,241,247,239,0.322265625,0.26513671875,0.1551513671875,0.150146484375,0.0297393798828125,1,3,Aesculapian Snake,Massasauga,Mole Snake,Aesculapian Snake,Western Rattlesnake,Eastern Milksnake
val/04981_Animalia_Chordata_Reptilia_Squamata_Corytophanidae_Basiliscus_vittatus/141e75ad-08b2-4e40-9f1a-ad9d333b385c.jpg,242,191,0,191,175,195,242,200,0.3193359375,0.150634765625,0.06854248046875,0.04864501953125,0.04852294921875,1,4,Brown Basilisk,American Redstart,Double-barred Finch,Eastern Towhee,Brown Basilisk,Wrentit
val/04981_Animalia_Chordata_Reptilia_Squamata_Corytophanidae_Basiliscus_vittatus/833bd154-69c6-41f6-87d1-087bd1ac3d76.jpg,242,139,0,139,242,144,238,141,0.1541748046875,0.12451171875,0.10546875,0.0966796875,0.0526123046875,1,2,Brown Basilisk,Striped Eel Catfish,Brown Basilisk,Green Salamander,Common Bronze-back,Cachabi Robber Frog
val/04995_Animalia_Chordata_Reptilia_Squamata_Elapidae_Micrurus_tener/1b857348-db72-4add-acce-326f7c9c68e2.jpg,243,248,0,248,241,393,234,243,0.3115234375,0.1514892578125,0.0765380859375,0.059539794921875,0.044708251953125,1,5,Texas Coralsnake,Massasauga,Aesculapian Snake,Taiwan Acacia,Common Caiman,Texas Coralsnake
val/04995_Animalia_Chordata_Reptilia_Squamata_Elapidae_Micrurus_tener/d907be6b-70c3-4cdb-865d-e9ae3a5a3a92.jpg,243,37,0,37,243,51,11,237,0.2015380859375,0.16943359375,0.1033935546875,0.05255126953125,0.0308685302734375,1,2,Texas Coralsnake,Florida Carpenter Ant,Texas Coralsnake,Ilia Underwing,False Potato Beetle,Texas Alligator Lizard
val/04995_Animalia_Chordata_Reptilia_Squamata_Elapidae_Micrurus_tener/e55d72d5-083e-4d38-91fd-dbd51f9010b3.jpg,243,89,0,89,245,243,104,93,0.8525390625,0.08782958984375,0.00998687744140625,0.004032135009765625,0.003559112548828125,1,3,Texas Coralsnake,Baltimore Checkerspot,Mole Snake,Texas Coralsnake,Giant Peacock Moth,Dainty Swallowtail
val/04995_Animalia_Chordata_Reptilia_Squamata_Elapidae_Micrurus_tener/629752d3-996f-4bd6-9052-bd1ad4ee836c.jpg,243,75,0,75,243,65,266,5,0.23828125,0.1171875,0.103515625,0.0791015625,0.049560546875,1,2,Texas Coralsnake,Spring Azure,Texas Coralsnake,Juvenal's Duskywing,blusher,Eastern Bark Centipede
val/05016_Animalia_Chordata_Reptilia_Squamata_Iguanidae_Iguana_iguana/4b2f9bf0-66aa-4704-af84-e96f5040001e.jpg,244,234,0,234,235,244,138,126,0.333984375,0.29248046875,0.10064697265625,0.0849609375,0.05316162109375,1,3,Green Iguana,Common Caiman,Belize Crocodile,Green Iguana,Kelp Bass,Virile Crayfish
val/05028_Animalia_Chordata_Reptilia_Squamata_Lamprophiidae_Pseudaspis_cana/3c0bbb38-7559-4f9e-af2e-3fcac194cc41.jpg,245,131,0,131,245,241,73,128,0.30517578125,0.255126953125,0.1611328125,0.0384521484375,0.0245208740234375,1,2,Mole Snake,Redbreast Sunfish,Mole Snake,Aesculapian Snake,Common Ciliate Blue,Bluntnose Minnow
val/05028_Animalia_Chordata_Reptilia_Squamata_Lamprophiidae_Pseudaspis_cana/5e9eaadf-7b0e-4b4c-8302-45adde74f45c.jpg,245,241,0,241,245,236,247,246,0.6904296875,0.215576171875,0.062225341796875,0.00971221923828125,0.00865936279296875,1,2,Mole Snake,Aesculapian Snake,Mole Snake,Italian Slow Worm,Western Rattlesnake,Great Plains Skink
val/05028_Animalia_Chordata_Reptilia_Squamata_Lamprophiidae_Pseudaspis_cana/1de139e8-2ca8-45a1-bc37-4fd91a13ea93.jpg,245,240,0,240,245,236,241,246,0.712890625,0.255126953125,0.0139007568359375,0.0084991455078125,0.0017366409301757812,1,2,Mole Snake,Flat-headed Snake,Mole Snake,Italian Slow Worm,Aesculapian Snake,Great Plains Skink
val/05028_Animalia_Chordata_Reptilia_Squamata_Lamprophiidae_Pseudaspis_cana/2af1c693-fbd7-404c-9162-b11e8a32408d.jpg,245,243,0,243,484,89,245,341,0.300048828125,0.0309906005859375,0.021270751953125,0.0211639404296875,0.0206298828125,1,4,Mole Snake,Texas Coralsnake,White Horse-nettle,Baltimore Checkerspot,Mole Snake,tree marigold
val/05028_Animalia_Chordata_Reptilia_Squamata_Lamprophiidae_Pseudaspis_cana/236beb47-bb0d-48c2-9d95-f1bdd60bb907.jpg,245,248,0,248,235,239,234,245,0.6103515625,0.141845703125,0.05718994140625,0.054779052734375,0.0193634033203125,1,5,Mole Snake,Massasauga,Belize Crocodile,Eastern Milksnake,Common Caiman,Mole Snake
val/05028_Animalia_Chordata_Reptilia_Squamata_Lamprophiidae_Pseudaspis_cana/605bbb03-eedb-4238-b9ea-72c887a9da48.jpg,245,237,0,237,239,245,241,243,0.259033203125,0.18798828125,0.16748046875,0.0689697265625,0.0509033203125,1,3,Mole Snake,Texas Alligator Lizard,Eastern Milksnake,Mole Snake,Aesculapian Snake,Texas Coralsnake
val/05080_Animalia_Chordata_Reptilia_Squamata_Scincidae_Plestiodon_obsoletus/2555a034-67ca-417b-8b58-67807ec27bac.jpg,246,128,0,128,130,246,138,137,0.5107421875,0.312255859375,0.1480712890625,0.00572967529296875,0.004123687744140625,1,3,Great Plains Skink,Bluntnose Minnow,Chub,Great Plains Skink,Kelp Bass,Freshwater Drum
val/05080_Animalia_Chordata_Reptilia_Squamata_Scincidae_Plestiodon_obsoletus/0dd71daa-c520-4da1-9a14-3a80dbe51ee9.jpg,246,101,0,101,246,89,241,128,0.70947265625,0.10504150390625,0.0325927734375,0.0168609619140625,0.00899505615234375,1,2,Great Plains Skink,Orange-tipped Oakworm Moth,Great Plains Skink,Baltimore Checkerspot,Aesculapian Snake,Bluntnose Minnow
val/05118_Animalia_Chordata_Reptilia_Squamata_Viperidae_Crotalus_oreganus/83f06439-3b96-4bb6-9f4a-000a966df9fd.jpg,247,248,0,248,230,247,158,232,0.2254638671875,0.1287841796875,0.058258056640625,0.05743408203125,0.044525146484375,1,3,Western Rattlesnake,Massasauga,American Beaver,Western Rattlesnake,Crowned Lapwing,Woodchuck
val/05118_Animalia_Chordata_Reptilia_Squamata_Viperidae_Crotalus_oreganus/abd25d45-ee65-416e-a882-476311a023ab.jpg,247,245,0,245,239,247,241,248,0.99462890625,0.001399993896484375,0.0013675689697265625,0.0012350082397460938,0.0007729530334472656,1,3,Western Rattlesnake,Mole Snake,Eastern Milksnake,Western Rattlesnake,Aesculapian Snake,Massasauga
val/05118_Animalia_Chordata_Reptilia_Squamata_Viperidae_Crotalus_oreganus/411c295b-b1e2-4b46-8207-cac9e768ef67.jpg,247,239,0,239,248,247,245,241,0.28173828125,0.273681640625,0.26611328125,0.057342529296875,0.0211334228515625,1,3,Western Rattlesnake,Eastern Milksnake,Massasauga,Western Rattlesnake,Mole Snake,Aesculapian Snake
val/05124_Animalia_Chordata_Reptilia_Squamata_Viperidae_Sistrurus_catenatus/9270c851-ec01-46d3-aebd-5444fddf1e43.jpg,248,234,0,234,248,235,245,247,0.5380859375,0.3798828125,0.0229949951171875,0.018341064453125,0.015350341796875,1,2,Massasauga,Common Caiman,Massasauga,Belize Crocodile,Mole Snake,Western Rattlesnake
val/05124_Animalia_Chordata_Reptilia_Squamata_Viperidae_Sistrurus_catenatus/fab17f05-2717-4dd8-a962-fda235eeca8c.jpg,248,247,0,247,94,248,175,238,0.328125,0.22900390625,0.1556396484375,0.04248046875,0.0313720703125,1,3,Massasauga,Western Rattlesnake,Thoas Swallowtail,Massasauga,Double-barred Finch,Common Bronze-back
val/05124_Animalia_Chordata_Reptilia_Squamata_Viperidae_Sistrurus_catenatus/2a3e9e2e-d04a-4beb-a746-669665f2a304.jpg,248,245,0,245,241,248,235,230,0.284912109375,0.13427734375,0.0992431640625,0.09637451171875,0.041412353515625,1,3,Massasauga,Mole Snake,Aesculapian Snake,Massasauga,Belize Crocodile,American Beaver
val/05172_Animalia_Cnidaria_Anthozoa_Actiniaria_Actiniidae_Actinia_equina/98ad0fc9-fa31-45c7-839a-a02db06a8e42.jpg,249,91,0,91,249,3,20,102,0.54931640625,0.1796875,0.0298309326171875,0.0195770263671875,0.0100555419921875,1,2,Beadlet anemone,Mourning Cloak,Beadlet anemone,Johnson's Jumping Spider,Mexican Cactus Fly,Buck Moth
val/05220_Animalia_Mollusca_Bivalvia_Cardiida_Cardiidae_Clinocardium_nuttallii/be9d054d-5958-4606-bea6-f4298bbf0b4b.jpg,250,252,0,252,254,253,260,250,0.353759765625,0.261962890625,0.11419677734375,0.05865478515625,0.05731201171875,1,5,Nuttall's Cockle,Common Whelk,Lettered Olive,California Cone,Lined Chiton,Nuttall's Cockle
val/05273_Animalia_Mollusca_Gastropoda_Littorinimorpha_Strombidae_Aliger_gigas/d81e8794-f595-4a6a-8ad6-3f12be20cc64.jpg,251,219,0,219,132,136,251,133,0.7275390625,0.1839599609375,0.050872802734375,0.02008056640625,0.00600433349609375,1,4,Queen Conch,Nurse Shark,Four-eyed Butterflyfish,Indo-Pacific Sergeant Major,Queen Conch,Snakeskin Wrasse
val/05273_Animalia_Mollusca_Gastropoda_Littorinimorpha_Strombidae_Aliger_gigas/a294cb89-8af0-4b8d-b3f0-8757b789bc3a.jpg,251,107,0,107,251,227,222,252,0.54052734375,0.2039794921875,0.0657958984375,0.0236358642578125,0.01313018798828125,1,2,Queen Conch,Blinded Sphinx Moth,Queen Conch,New Zealand Sea Lion,White-tailed Deer,Common Whelk
val/05277_Animalia_Mollusca_Gastropoda_Neogastropoda_Buccinidae_Buccinum_undatum/0a5ab04e-ef2f-4125-9584-038e81148856.jpg,252,35,0,35,36,292,75,252,0.07257080078125,0.068603515625,0.06842041015625,0.0633544921875,0.05584716796875,1,5,Common Whelk,Elm Sawfly,Spongy Oak Apple Gall Wasp,checkered rattlesnake plantain,Spring Azure,Common Whelk
val/05283_Animalia_Mollusca_Gastropoda_Neogastropoda_Conidae_Californiconus_californicus/b2e181ac-bcb4-4bed-b9d2-a640deea9352.jpg,253,254,0,254,253,257,252,258,0.85595703125,0.11492919921875,0.0282745361328125,0.00017523765563964844,0.0001595020294189453,1,2,California Cone,Lettered Olive,California Cone,Decollate Snail,Common Whelk,White-lipped Snail
val/05283_Animalia_Mollusca_Gastropoda_Neogastropoda_Conidae_Californiconus_californicus/4d4fdfad-af66-40dd-8b9b-6b61bee5d350.jpg,253,231,0,231,253,145,235,260,0.0745849609375,0.0701904296875,0.061798095703125,0.047332763671875,0.0469970703125,1,2,California Cone,Bank Vole,California Cone,Italian Crested Newt,Belize Crocodile,Lined Chiton
val/05283_Animalia_Mollusca_Gastropoda_Neogastropoda_Conidae_Californiconus_californicus/b5042d39-0423-49d7-951d-308e9507f22a.jpg,253,252,0,252,36,253,254,257,0.443359375,0.16064453125,0.1456298828125,0.04400634765625,0.02191162109375,1,3,California Cone,Common Whelk,Spongy Oak Apple Gall Wasp,California Cone,Lettered Olive,Decollate Snail
val/05283_Animalia_Mollusca_Gastropoda_Neogastropoda_Conidae_Californiconus_californicus/69db9e63-fb66-447e-bd55-44a73c037d31.jpg,253,252,0,252,249,253,127,260,0.30126953125,0.2161865234375,0.2047119140625,0.09442138671875,0.052886962890625,1,3,California Cone,Common Whelk,Beadlet anemone,California Cone,New Zealand Half Crab,Lined Chiton
val/05291_Animalia_Mollusca_Gastropoda_Neogastropoda_Olividae_Americoliva_sayana/5d721264-a08c-440b-b8e6-ff5f225fb46b.jpg,254,253,0,253,254,258,109,252,0.71728515625,0.22314453125,0.0101318359375,0.0071868896484375,0.00585174560546875,1,2,Lettered Olive,California Cone,Lettered Olive,White-lipped Snail,Red-banded Leafroller,Common Whelk
val/05291_Animalia_Mollusca_Gastropoda_Neogastropoda_Olividae_Americoliva_sayana/c0de8360-12dc-4556-9559-63abeec6a74d.jpg,254,253,0,253,254,260,252,249,0.55322265625,0.201171875,0.102783203125,0.06353759765625,0.0159454345703125,1,2,Lettered Olive,California Cone,Lettered Olive,Lined Chiton,Common Whelk,Beadlet anemone
val/05312_Animalia_Mollusca_Gastropoda_Nudibranchia_Facelinidae_Phidiana_hiltoni/0930c208-d881-4e69-9feb-16e70c2c74e5.jpg,255,140,0,140,255,260,133,256,0.395751953125,0.35205078125,0.1439208984375,0.0290069580078125,0.0198974609375,1,2,Hilton's Aeolid,Spiny Seahorse,Hilton's Aeolid,Lined Chiton,Snakeskin Wrasse,Varicose Wart Slug
val/05330_Animalia_Mollusca_Gastropoda_Stylommatophora_Achatinidae_Rumina_decollata/dba5649b-842c-49a3-ac3d-182045a14488.jpg,257,258,0,258,35,257,253,141,0.318359375,0.1771240234375,0.1610107421875,0.057861328125,0.0229949951171875,1,3,Decollate Snail,White-lipped Snail,Elm Sawfly,Decollate Snail,California Cone,Cachabi Robber Frog
val/05330_Animalia_Mollusca_Gastropoda_Stylommatophora_Achatinidae_Rumina_decollata/31715a1f-b2dd-4567-861b-a70cf07e05df.jpg,257,231,0,231,257,4,35,259,0.26953125,0.2415771484375,0.13037109375,0.0390625,0.028228759765625,1,2,Decollate Snail,Bank Vole,Decollate Snail,Paravaejovis puritanus,Elm Sawfly,Turkish Snail
val/05330_Animalia_Mollusca_Gastropoda_Stylommatophora_Achatinidae_Rumina_decollata/d73d7d9d-3ff1-461f-9430-0bb3478b8bbc.jpg,257,5,0,5,257,108,239,259,0.205810546875,0.10986328125,0.09429931640625,0.03387451171875,0.0308074951171875,1,2,Decollate Snail,Eastern Bark Centipede,Decollate Snail,Pine Hawk-Moth,Eastern Milksnake,Turkish Snail
val/05347_Animalia_Mollusca_Gastropoda_Stylommatophora_Helicidae_Cepaea_hortensis/3a41e7b6-ddeb-4228-b6e4-6bd7bb5275de.jpg,258,40,0,40,286,258,492,23,0.07891845703125,0.06298828125,0.048431396484375,0.0274200439453125,0.027374267578125,1,3,White-lipped Snail,Metallic Epauletted-Sweat Bee,Grape hyacinth,White-lipped Snail,ponderosa pine,Maize Calligrapher Fly
val/05347_Animalia_Mollusca_Gastropoda_Stylommatophora_Helicidae_Cepaea_hortensis/411c50d0-0e1d-48e2-98ab-413ec7b10885.jpg,258,272,0,272,259,258,35,266,0.169677734375,0.1031494140625,0.0321044921875,0.01531219482421875,0.0152435302734375,1,3,White-lipped Snail,Hoof Fungus,Turkish Snail,White-lipped Snail,Elm Sawfly,blusher
val/05347_Animalia_Mollusca_Gastropoda_Stylommatophora_Helicidae_Cepaea_hortensis/a0c87493-0b96-4c69-b556-c41525643035.jpg,258,269,0,269,280,267,258,270,0.82275390625,0.0260467529296875,0.018310546875,0.0163116455078125,0.00843048095703125,1,4,White-lipped Snail,Peppery Bolete,coconut palm,Lichen Agaric,White-lipped Snail,Scaly Chanterelle
val/05350_Animalia_Mollusca_Gastropoda_Stylommatophora_Helicidae_Helix_lucorum/1080a4d4-8289-400b-ab02-72ccce5dcda5.jpg,259,258,0,258,259,11,35,260,0.982421875,0.012908935546875,0.0014066696166992188,0.0002942085266113281,0.00019371509552001953,1,2,Turkish Snail,White-lipped Snail,Turkish Snail,False Potato Beetle,Elm Sawfly,Lined Chiton
val/05387_Animalia_Mollusca_Polyplacophora_Chitonida_Tonicellidae_Tonicella_lineata/ab393ac1-0216-4389-b9c6-b585f1b3342b.jpg,260,253,0,253,254,258,17,260,0.1749267578125,0.077392578125,0.06451416015625,0.056884765625,0.055084228515625,1,5,Lined Chiton,California Cone,Lettered Olive,White-lipped Snail,Oriental Beetle,Lined Chiton
val/05387_Animalia_Mollusca_Polyplacophora_Chitonida_Tonicellidae_Tonicella_lineata/367ec451-45cc-4e4f-93b1-1c0f9c0bae44.jpg,260,109,0,109,260,82,81,85,0.7626953125,0.2109375,0.010986328125,0.00777435302734375,0.0010528564453125,1,2,Lined Chiton,Red-banded Leafroller,Lined Chiton,Black-dotted Maliattha,Small Mossy Lithacodia,Angulose Prominent Moth
val/05433_Fungi_Ascomycota_Lecanoromycetes_Peltigerales_Peltigeraceae_Peltigera_praetextata/4c0df6fc-45e3-4f6c-99b0-e6ca8836539a.jpg,261,276,0,276,261,352,270,320,0.51953125,0.061431884765625,0.0296478271484375,0.0180511474609375,0.01541900634765625,1,2,scaly pelt lichen,delicate fern moss,scaly pelt lichen,Mexican tea,Scaly Chanterelle,common mugwort
val/05441_Fungi_Ascomycota_Lecanoromycetes_Teloschistales_Teloschistaceae_Teloschistes_flavicans/3ca094eb-5d12-4c7e-9f38-d109e853f580.jpg,262,478,0,478,262,386,363,486,0.55810546875,0.14111328125,0.12646484375,0.0345458984375,0.0137786865234375,1,2,Golden Hair-lichen,western roseroot,Golden Hair-lichen,alpine azalea,Perez's sea lavender,Pima Rhatany
val/05445_Fungi_Ascomycota_Lecanoromycetes_Umbilicariales_Umbilicariaceae_Umbilicaria_mammulata/176f95ae-45ec-426b-849b-4b3bad7328e6.jpg,263,80,0,80,263,261,49,38,0.12213134765625,0.10260009765625,0.0833740234375,0.0374755859375,0.0286102294921875,1,2,Smooth Rock Tripe,Alfalfa Looper,Smooth Rock Tripe,scaly pelt lichen,Deduced Graphic,New York Carpenter Ant
val/05474_Fungi_Basidiomycota_Agaricomycetes_Agaricales_Agaricaceae_Agaricus_xanthodermus/cf7396f5-63aa-4c70-84d3-b3e6dc0f7340.jpg,264,270,0,270,266,271,264,265,0.1964111328125,0.168701171875,0.03564453125,0.03466796875,0.0241241455078125,1,4,Yellow Stainer,Scaly Chanterelle,blusher,stinkhorn,Yellow Stainer,green-spored parasol
val/05474_Fungi_Basidiomycota_Agaricomycetes_Agaricales_Agaricaceae_Agaricus_xanthodermus/02603cef-36d6-44e5-8293-5e7b33cc4ec2.jpg,264,271,0,271,264,257,141,252,0.1875,0.16455078125,0.06536865234375,0.037109375,0.0255584716796875,1,2,Yellow Stainer,stinkhorn,Yellow Stainer,Decollate Snail,Cachabi Robber Frog,Common Whelk
val/05474_Fungi_Basidiomycota_Agaricomycetes_Agaricales_Agaricaceae_Agaricus_xanthodermus/ace39350-35e6-4629-a7e3-755f0dcab538.jpg,264,254,0,254,257,253,252,264,0.9189453125,0.0257568359375,0.0063323974609375,0.0046844482421875,0.0026226043701171875,1,5,Yellow Stainer,Lettered Olive,Decollate Snail,California Cone,Common Whelk,Yellow Stainer
val/05474_Fungi_Basidiomycota_Agaricomycetes_Agaricales_Agaricaceae_Agaricus_xanthodermus/0669f764-495b-4f90-94cc-e4438a6f01b3.jpg,264,265,0,265,264,266,269,271,0.52783203125,0.284912109375,0.07147216796875,0.00875091552734375,0.004611968994140625,1,2,Yellow Stainer,green-spored parasol,Yellow Stainer,blusher,Peppery Bolete,stinkhorn
val/05477_Fungi_Basidiomycota_Agaricomycetes_Agaricales_Agaricaceae_Chlorophyllum_molybdites/80027fa1-6e63-4acd-b1ef-39d0012cf85e.jpg,265,264,0,264,265,269,36,16,0.5029296875,0.1026611328125,0.049652099609375,0.0214691162109375,0.0167236328125,1,2,green-spored parasol,Yellow Stainer,green-spored parasol,Peppery Bolete,Spongy Oak Apple Gall Wasp,Kern's Flower Scarab
val/05477_Fungi_Basidiomycota_Agaricomycetes_Agaricales_Agaricaceae_Chlorophyllum_molybdites/ac88a8b0-ed8b-4f87-89eb-57a0e06fc079.jpg,265,264,0,264,265,455,149,271,0.79833984375,0.11590576171875,0.005115509033203125,0.0041351318359375,0.0033817291259765625,1,2,green-spored parasol,Yellow Stainer,green-spored parasol,Swamp Leather Flower,Mute Swan,stinkhorn
val/05498_Fungi_Basidiomycota_Agaricomycetes_Agaricales_Amanitaceae_Amanita_rubescens/8bc63741-11f5-4d60-a39b-11dfe482b415.jpg,266,269,0,269,266,270,141,271,0.60400390625,0.317138671875,0.0206146240234375,0.0103759765625,0.0087890625,1,2,blusher,Peppery Bolete,blusher,Scaly Chanterelle,Cachabi Robber Frog,stinkhorn
val/05498_Fungi_Basidiomycota_Agaricomycetes_Agaricales_Amanitaceae_Amanita_rubescens/74c28706-7afa-4174-b55b-a4776cefa03f.jpg,266,269,0,269,266,36,265,264,0.55517578125,0.430908203125,0.004425048828125,0.0013208389282226562,0.0010852813720703125,1,2,blusher,Peppery Bolete,blusher,Spongy Oak Apple Gall Wasp,green-spored parasol,Yellow Stainer
val/05523_Fungi_Basidiomycota_Agaricomycetes_Agaricales_Hygrophoraceae_Lichenomphalia_umbellifera/46f78c3a-f63d-4615-aa77-c093f216e6ed.jpg,267,268,0,268,267,271,293,140,0.7724609375,0.17041015625,0.010223388671875,0.0032253265380859375,0.0029354095458984375,1,2,Lichen Agaric,Roridomyces austrororidus,Lichen Agaric,stinkhorn,bird's-nest orchid,Spiny Seahorse
val/05523_Fungi_Basidiomycota_Agaricomycetes_Agaricales_Hygrophoraceae_Lichenomphalia_umbellifera/ea67d6bc-17cc-49d6-9f7b-1d30897d736d.jpg,267,265,0,265,273,211,267,455,0.57373046875,0.03497314453125,0.032623291015625,0.0211181640625,0.0150299072265625,1,4,Lichen Agaric,green-spored parasol,Bear's Head Tooth,Black-crowned Night Heron,Lichen Agaric,Swamp Leather Flower
val/05541_Fungi_Basidiomycota_Agaricomycetes_Agaricales_Mycenaceae_Roridomyces_austrororidus/067ad31e-c39c-46d5-937e-e1f2ccec6ed1.jpg,268,257,0,257,111,141,37,268,0.387451171875,0.13232421875,0.0780029296875,0.05462646484375,0.051666259765625,1,5,Roridomyces austrororidus,Decollate Snail,Bidens Borer Moth,Cachabi Robber Frog,Florida Carpenter Ant,Roridomyces austrororidus
val/05541_Fungi_Basidiomycota_Agaricomycetes_Agaricales_Mycenaceae_Roridomyces_austrororidus/347c9a6d-ef1d-4624-bb9d-7bb1c5eed910.jpg,268,267,0,267,268,270,269,265,0.52978515625,0.42236328125,0.016632080078125,0.006793975830078125,0.0047454833984375,1,2,Roridomyces austrororidus,Lichen Agaric,Roridomyces austrororidus,Scaly Chanterelle,Peppery Bolete,green-spored parasol
val/05633_Fungi_Basidiomycota_Agaricomycetes_Gomphales_Gomphaceae_Turbinellus_floccosus/38e5c6e0-737e-4e6f-aa78-5c61e6127930.jpg,270,249,0,249,270,269,99,266,0.6416015625,0.06640625,0.044525146484375,0.0182647705078125,0.0127716064453125,1,2,Scaly Chanterelle,Beadlet anemone,Scaly Chanterelle,Peppery Bolete,Fatal Metalmark,blusher
val/05648_Fungi_Basidiomycota_Agaricomycetes_Phallales_Phallaceae_Phallus_impudicus/74c72378-1473-49f0-9f33-ed72090e4e62.jpg,271,264,0,264,266,270,271,252,0.219970703125,0.07623291015625,0.053619384765625,0.052276611328125,0.032196044921875,1,4,stinkhorn,Yellow Stainer,blusher,Scaly Chanterelle,stinkhorn,Common Whelk
val/05648_Fungi_Basidiomycota_Agaricomycetes_Phallales_Phallaceae_Phallus_impudicus/783bb607-5cdc-4417-b437-84a1349163e9.jpg,271,75,0,75,265,318,271,43,0.1446533203125,0.08123779296875,0.0809326171875,0.047454833984375,0.034881591796875,1,4,stinkhorn,Spring Azure,green-spored parasol,common yarrow,stinkhorn,Garden Webworm Moth
val/05676_Fungi_Basidiomycota_Agaricomycetes_Polyporales_Polyporaceae_Fomes_fomentarius/97211ed8-4205-4c59-91fd-128ad5f3a0c3.jpg,272,163,0,163,212,227,272,174,0.1788330078125,0.09283447265625,0.07275390625,0.0699462890625,0.05902099609375,1,4,Hoof Fungus,Glaucous-winged Gull,Dalmatian Pelican,New Zealand Sea Lion,Hoof Fungus,Alpine Chough
val/05734_Plantae_Bryophyta_Bryopsida_Bryales_Mniaceae_Rhizomnium_glabrescens/e4f41e73-e0f5-4c35-a75a-0a724e5fa478.jpg,275,348,0,348,275,349,370,411,0.51318359375,0.242431640625,0.1666259765625,0.0634765625,0.0028171539306640625,1,2,fan moss,hairy bittercress,fan moss,narrow-leaved bittercress,woodland pterostegia,lemon balm
val/05734_Plantae_Bryophyta_Bryopsida_Bryales_Mniaceae_Rhizomnium_glabrescens/b212b9aa-9619-49ca-82fd-3e708d2417cf.jpg,275,304,0,304,348,294,323,275,0.8994140625,0.061920166015625,0.0107421875,0.0057373046875,0.0015716552734375,1,5,fan moss,Fingered Sedge,hairy bittercress,Fly Orchid,narrow-leaved hawksbeard,fan moss
val/05734_Plantae_Bryophyta_Bryopsida_Bryales_Mniaceae_Rhizomnium_glabrescens/6eadfe94-bed5-4b11-afab-8dba04a937b5.jpg,275,405,0,405,375,275,475,439,0.438720703125,0.1890869140625,0.12017822265625,0.044189453125,0.0248260498046875,1,3,fan moss,Coast silk tassel,Tree Tutu,fan moss,field maple,bebb's willow
val/05734_Plantae_Bryophyta_Bryopsida_Bryales_Mniaceae_Rhizomnium_glabrescens/3628ae53-6491-4eca-b1cd-57f5bd079012.jpg,275,278,0,278,275,475,351,447,0.4013671875,0.219482421875,0.015838623046875,0.014434814453125,0.01102447509765625,1,2,fan moss,Flat-leaved Scalewort,fan moss,field maple,Mountain Horopito,Wineberry
val/05783_Plantae_Tracheophyta_Gnetopsida_Ephedrales_Ephedraceae_Ephedra_trifurca/bf870cfa-b7aa-41bc-bbb9-42308e5beae5.jpg,279,365,0,365,279,372,472,319,0.33544921875,0.1610107421875,0.0947265625,0.05303955078125,0.048126220703125,1,2,longleaf ephedra,skeleton weed,longleaf ephedra,crucifixion thorn,desert mistletoe,common burrobrush
val/05783_Plantae_Tracheophyta_Gnetopsida_Ephedrales_Ephedraceae_Ephedra_trifurca/6b504f3b-a7d2-45d8-8da2-07a3ba2d5790.jpg,279,247,0,247,279,230,394,207,0.07598876953125,0.071044921875,0.057586669921875,0.031982421875,0.0262908935546875,1,2,longleaf ephedra,Western Rattlesnake,longleaf ephedra,American Beaver,longleaf wattle,Ash-throated Flycatcher
val/05783_Plantae_Tracheophyta_Gnetopsida_Ephedrales_Ephedraceae_Ephedra_trifurca/b413548d-c5b3-4342-bccc-5d5383d6ac1c.jpg,279,304,0,304,309,125,310,279,0.52294921875,0.137451171875,0.127197265625,0.07171630859375,0.041778564453125,1,5,longleaf ephedra,Fingered Sedge,Saint Augustine grass,Long-winged Conehead,Kangaroo Grass,longleaf ephedra
val/05824_Plantae_Tracheophyta_Liliopsida_Arecales_Arecaceae_Cocos_nucifera/e151ef04-b101-4a94-96a8-76e4b81af8eb.jpg,280,469,0,469,244,280,174,468,0.1064453125,0.07025146484375,0.053131103515625,0.0235748291015625,0.0204620361328125,1,3,coconut palm,Siberian elm,Green Iguana,coconut palm,Alpine Chough,American elm
val/05837_Plantae_Tracheophyta_Liliopsida_Asparagales_Amaryllidaceae_Allium_cernuum/94c17c87-53ca-4847-8be8-b37d9bc301e5.jpg,281,391,0,391,281,336,369,446,0.068115234375,0.054779052734375,0.03594970703125,0.030364990234375,0.0303497314453125,1,2,nodding onion,longleaf phlox,nodding onion,Woad-leaved ragwort,beach knotweed,rose evening primrose
val/05856_Plantae_Tracheophyta_Liliopsida_Asparagales_Amaryllidaceae_Hymenocallis_liriosme/717a2431-ef22-47d2-9a42-46f07e1f8089.jpg,282,482,0,482,282,61,238,314,0.37890625,0.19677734375,0.09039306640625,0.048736572265625,0.01546478271484375,1,2,spring spiderlily,Obscure Morning Glory,spring spiderlily,White Slant-line,Common Bronze-back,Japanese aralia
val/05878_Plantae_Tracheophyta_Liliopsida_Asparagales_Asparagaceae_Asparagus_acutifolius/cef05a1f-207d-49ab-9048-b2e2b1c38d18.jpg,283,387,0,387,463,283,413,456,0.97705078125,0.01155853271484375,0.0067291259765625,0.0006642341613769531,0.0005245208740234375,1,3,Spiny Asparagus,Prickly mingimingi,desert almond,Spiny Asparagus,white sage,Virginia virgin's-bower
val/05878_Plantae_Tracheophyta_Liliopsida_Asparagales_Asparagaceae_Asparagus_acutifolius/635d472c-d49c-4eee-8ca8-c5856f287304.jpg,283,319,0,319,313,283,329,347,0.326416015625,0.234130859375,0.234130859375,0.042510986328125,0.0169219970703125,1,3,Spiny Asparagus,common burrobrush,upright hedge-parsley,Spiny Asparagus,Old Plainsman,European Searocket
val/05878_Plantae_Tracheophyta_Liliopsida_Asparagales_Asparagaceae_Asparagus_acutifolius/5f88d929-c2ba-489d-9363-0a6130df5ba5.jpg,283,387,0,387,283,284,463,489,0.80615234375,0.177001953125,0.0021915435791015625,0.0015420913696289062,0.0011930465698242188,1,2,Spiny Asparagus,Prickly mingimingi,Spiny Asparagus,asparagus,desert almond,Montezuma cypress
val/05878_Plantae_Tracheophyta_Liliopsida_Asparagales_Asparagaceae_Asparagus_acutifolius/f294375e-5f58-4c82-9ea1-e59cd1024938.jpg,283,373,0,373,486,283,0,320,0.429931640625,0.40869140625,0.0692138671875,0.022796630859375,0.00814056396484375,1,3,Spiny Asparagus,Stinging Serpent,Pima Rhatany,Spiny Asparagus,Cross Orbweaver,common mugwort
val/05881_Plantae_Tracheophyta_Liliopsida_Asparagales_Asparagaceae_Asparagus_officinalis/adf60d33-ce06-4884-921c-4ff0be8f0729.jpg,284,125,0,125,284,78,208,209,0.1314697265625,0.1185302734375,0.053314208984375,0.044891357421875,0.0380859375,1,2,asparagus,Long-winged Conehead,asparagus,Marine Blue,Warbling White-eye,Indian White-eye
val/05887_Plantae_Tracheophyta_Liliopsida_Asparagales_Asparagaceae_Camassia_quamash/18623711-bbcb-4d67-9251-f6be906c24b9.jpg,285,441,0,441,285,309,244,300,0.33544921875,0.054534912109375,0.047119140625,0.046173095703125,0.03887939453125,1,2,small camas,black willow,small camas,Saint Augustine grass,Green Iguana,Leopard Lily
val/05916_Plantae_Tracheophyta_Liliopsida_Asparagales_Asparagaceae_Muscari_neglectum/807c703f-0343-43f4-a9bc-1c26482858c1.jpg,286,416,0,416,343,286,431,409,0.31494140625,0.2069091796875,0.1517333984375,0.05120849609375,0.0355224609375,1,3,Grape hyacinth,woolly blue curls,Sheep's-bit,Grape hyacinth,Dakota mock vervain,Blue Bugle
val/05948_Plantae_Tracheophyta_Liliopsida_Asparagales_Asphodelaceae_Asphodelus_ramosus/45d20b82-c694-41f7-9ccc-f69894d88e42.jpg,287,381,0,381,287,333,350,165,0.3232421875,0.22314453125,0.0797119140625,0.036956787109375,0.0210113525390625,1,2,Branched Asphodel,common heather,Branched Asphodel,Tauhinu,California shieldpod,Wood Sandpiper
val/05948_Plantae_Tracheophyta_Liliopsida_Asparagales_Asphodelaceae_Asphodelus_ramosus/1da19830-de5a-4c52-9d2b-027829c3fbbd.jpg,287,193,0,193,287,255,171,205,0.2418212890625,0.0843505859375,0.08197021484375,0.07080078125,0.053436279296875,1,2,Branched Asphodel,Lark Bunting,Branched Asphodel,Hilton's Aeolid,Brown Creeper,Hammond's Flycatcher
val/05952_Plantae_Tracheophyta_Liliopsida_Asparagales_Asphodelaceae_Phormium_cookianum/30ee42e0-d4a7-4fa0-be46-9278ce22040f.jpg,288,467,0,467,288,238,367,300,0.406494140625,0.367919921875,0.0293731689453125,0.022918701171875,0.0173797607421875,1,2,Mountain flax,Rubus schmidelioides,Mountain flax,Common Bronze-back,redshank,Leopard Lily
val/05962_Plantae_Tracheophyta_Liliopsida_Asparagales_Iridaceae_Crocus_vernus/1b1d55cb-6c76-456b-b5e1-ccf4a83c1ef2.jpg,289,484,0,484,289,457,483,399,0.478759765625,0.453369140625,0.0260772705078125,0.009918212890625,0.005401611328125,1,2,Spring Crocus,White Horse-nettle,Spring Crocus,eastern pasqueflower,western horsenettle,California goldenbanner
val/06005_Plantae_Tracheophyta_Liliopsida_Asparagales_Orchidaceae_Cephalanthera_rubra/54a213d1-5570-492d-923b-577678205d82.jpg,290,446,0,446,342,290,390,455,0.23486328125,0.12457275390625,0.1072998046875,0.080078125,0.0521240234375,1,3,Red Helleborine,rose evening primrose,California Harebell,Red Helleborine,Drummond's phlox,Swamp Leather Flower
val/06005_Plantae_Tracheophyta_Liliopsida_Asparagales_Orchidaceae_Cephalanthera_rubra/1e017b33-d099-4f38-9e3a-a1907fdb8358.jpg,290,142,0,142,455,425,297,290,0.131591796875,0.12042236328125,0.07470703125,0.06927490234375,0.0264434814453125,1,5,Red Helleborine,Eastern Dwarf Treefrog,Swamp Leather Flower,American brooklime,giant white fawn lily,Red Helleborine
val/06005_Plantae_Tracheophyta_Liliopsida_Asparagales_Orchidaceae_Cephalanthera_rubra/86cb9849-8387-4008-a598-67ce3f04d2dc.jpg,290,295,0,295,290,360,416,390,0.763671875,0.196044921875,0.01532745361328125,0.004222869873046875,0.001842498779296875,1,2,Red Helleborine,Philippine Ground Orchid,Red Helleborine,ragged-Robin,woolly blue curls,Drummond's phlox
val/06018_Plantae_Tracheophyta_Liliopsida_Asparagales_Orchidaceae_Dactylorhiza_fuchsii/d4b30171-98c1-42fe-9d1f-dcde75544408.jpg,291,419,0,419,291,360,285,416,0.496337890625,0.2666015625,0.1300048828125,0.0238494873046875,0.01407623291015625,1,2,Common Spotted Orchid,Purple paintbrush,Common Spotted Orchid,ragged-Robin,small camas,woolly blue curls
val/06018_Plantae_Tracheophyta_Liliopsida_Asparagales_Orchidaceae_Dactylorhiza_fuchsii/9ddb4ec8-fa2d-44ea-8825-72a32ce05f58.jpg,291,421,0,421,291,381,419,290,0.81298828125,0.088623046875,0.0350341796875,0.0167083740234375,0.00897979736328125,1,2,Common Spotted Orchid,Red Odontites,Common Spotted Orchid,common heather,Purple paintbrush,Red Helleborine
val/06018_Plantae_Tracheophyta_Liliopsida_Asparagales_Orchidaceae_Dactylorhiza_fuchsii/9ebe3c21-c51b-4bea-af1b-06bd72b0b745.jpg,291,412,0,412,296,291,415,417,0.2159423828125,0.1337890625,0.11602783203125,0.0513916015625,0.0474853515625,1,3,Common Spotted Orchid,spotted horse mint,Slender Ladies' Tresses,Common Spotted Orchid,Marsh Woundwort,Lilac chaste tree
val/06042_Plantae_Tracheophyta_Liliopsida_Asparagales_Orchidaceae_Goodyera_tesselata/4d4e2e41-bfef-4497-863c-de4cc97f6f29.jpg,292,303,0,303,301,65,292,75,0.295166015625,0.1419677734375,0.07244873046875,0.059722900390625,0.049530029296875,1,4,checkered rattlesnake plantain,sawbrier,snow trillium,Juvenal's Duskywing,checkered rattlesnake plantain,Spring Azure
val/06042_Plantae_Tracheophyta_Liliopsida_Asparagales_Orchidaceae_Goodyera_tesselata/96e8101e-8a34-4f6b-a3c4-11fe8b362d72.jpg,292,142,0,142,141,143,292,75,0.19580078125,0.16796875,0.09619140625,0.0960693359375,0.056549072265625,1,4,checkered rattlesnake plantain,Eastern Dwarf Treefrog,Cachabi Robber Frog,Northern Red-legged Frog,checkered rattlesnake plantain,Spring Azure
val/06054_Plantae_Tracheophyta_Liliopsida_Asparagales_Orchidaceae_Neottia_nidus-avis/63bd7bce-a292-430a-8dd5-b590bb28d7ff.jpg,293,78,0,78,293,200,187,171,0.22998046875,0.058319091796875,0.0509033203125,0.02880859375,0.0237274169921875,1,2,bird's-nest orchid,Marine Blue,bird's-nest orchid,Wrentit,Chestnut-backed Chickadee,Brown Creeper
val/06060_Plantae_Tracheophyta_Liliopsida_Asparagales_Orchidaceae_Ophrys_insectifera/92c87523-6dd0-4949-aa7a-cbbcf86b643e.jpg,294,351,0,351,294,298,423,202,0.10772705078125,0.07330322265625,0.057708740234375,0.045379638671875,0.029876708984375,1,2,Fly Orchid,Mountain Horopito,Fly Orchid,scarlet fritillary,scarlet monkeyflower,Blue-gray Tanager
val/06094_Plantae_Tracheophyta_Liliopsida_Asparagales_Orchidaceae_Spathoglottis_plicata/357ce59a-19e2-4c5b-8594-cc4c9ee8df12.jpg,295,390,0,390,290,391,295,238,0.64111328125,0.10693359375,0.0994873046875,0.0550537109375,0.003387451171875,1,4,Philippine Ground Orchid,Drummond's phlox,Red Helleborine,longleaf phlox,Philippine Ground Orchid,Common Bronze-back
val/06157_Plantae_Tracheophyta_Liliopsida_Liliales_Liliaceae_Erythronium_oregonum/f298a417-962a-47ed-8153-a9421520ae73.jpg,297,303,0,303,301,271,297,84,0.90625,0.040771484375,0.021820068359375,0.0038814544677734375,0.003376007080078125,1,4,giant white fawn lily,sawbrier,snow trillium,stinkhorn,giant white fawn lily,Green Silver-lines
val/06165_Plantae_Tracheophyta_Liliopsida_Liliales_Liliaceae_Fritillaria_recurva/6c7a9b9e-2999-4900-ae74-f06980e1542d.jpg,298,423,0,423,298,300,478,418,0.7236328125,0.1854248046875,0.00965118408203125,0.00608062744140625,0.00534820556640625,1,2,scarlet fritillary,scarlet monkeyflower,scarlet fritillary,Leopard Lily,western roseroot,field Indian paintbrush
val/06165_Plantae_Tracheophyta_Liliopsida_Liliales_Liliaceae_Fritillaria_recurva/9f9080c3-0f91-4a0e-b526-ef6b0bbe9170.jpg,298,99,0,99,298,13,47,12,0.180419921875,0.09906005859375,0.03692626953125,0.030059814453125,0.019927978515625,1,2,scarlet fritillary,Fatal Metalmark,scarlet fritillary,22-spot Ladybird Beetle,Volupial Pyrausta Moth,Hadda Beetle
val/06168_Plantae_Tracheophyta_Liliopsida_Liliales_Liliaceae_Lilium_bulbiferum/f65ee39c-ca85-4e1b-b9c9-08368d56e793.jpg,299,374,0,374,299,321,88,438,0.40478515625,0.1641845703125,0.050628662109375,0.035064697265625,0.014312744140625,1,2,fire lily,Streambank Stickleaf,fire lily,tickseed beggar-ticks,Julia Butterfly,Klamath weed
val/06168_Plantae_Tracheophyta_Liliopsida_Liliales_Liliaceae_Lilium_bulbiferum/afe1d847-51b1-4360-b73b-4fbea901e6be.jpg,299,423,0,423,299,418,374,298,0.21826171875,0.19873046875,0.1385498046875,0.135498046875,0.028167724609375,1,2,fire lily,scarlet monkeyflower,fire lily,field Indian paintbrush,Streambank Stickleaf,scarlet fritillary
val/06202_Plantae_Tracheophyta_Liliopsida_Liliales_Melanthiaceae_Trillium_nivale/1ff3e79b-4c65-41f4-be6c-1878248f9b28.jpg,301,425,0,425,351,301,297,465,0.10980224609375,0.07855224609375,0.06695556640625,0.032012939453125,0.030029296875,1,3,snow trillium,American brooklime,Mountain Horopito,snow trillium,giant white fawn lily,Blackthorn
val/06215_Plantae_Tracheophyta_Liliopsida_Liliales_Smilacaceae_Smilax_glauca/4165c606-74f4-4c3e-82d0-df0ae4ab8185.jpg,303,84,0,84,303,28,432,433,0.1798095703125,0.119873046875,0.1038818359375,0.0908203125,0.0787353515625,1,2,sawbrier,Green Silver-lines,sawbrier,Alfalfa Plant Bug,common pawpaw,umbrella magnolia
val/06215_Plantae_Tracheophyta_Liliopsida_Liliales_Smilacaceae_Smilax_glauca/416cf2f8-0123-4a45-9edf-ad2966305557.jpg,303,302,0,302,84,433,96,303,0.390869140625,0.294921875,0.04949951171875,0.01605224609375,0.014923095703125,1,5,sawbrier,painted trillium,Green Silver-lines,umbrella magnolia,Florida White,sawbrier
val/06215_Plantae_Tracheophyta_Liliopsida_Liliales_Smilacaceae_Smilax_glauca/d6d8091c-d94f-4dae-9b6d-429269b11afa.jpg,303,51,0,51,303,402,228,271,0.157958984375,0.08197021484375,0.071044921875,0.056121826171875,0.037567138671875,1,2,sawbrier,Ilia Underwing,sawbrier,swamp chestnut oak,Sunda Flying Lemur,stinkhorn
val/06215_Plantae_Tracheophyta_Liliopsida_Liliales_Smilacaceae_Smilax_glauca/eab6bf49-6744-4fef-bb1f-7fd6c2e4a7be.jpg,303,302,0,302,303,476,332,315,0.177734375,0.1402587890625,0.08123779296875,0.058624267578125,0.048828125,1,2,sawbrier,painted trillium,sawbrier,Red Buckeye,white rattlesnakeroot,dwarf ginseng
val/06215_Plantae_Tracheophyta_Liliopsida_Liliales_Smilacaceae_Smilax_glauca/683e553d-0b99-4d43-bb36-ccc89d54f827.jpg,303,337,0,337,481,473,303,353,0.087890625,0.07720947265625,0.06842041015625,0.0660400390625,0.06298828125,1,4,sawbrier,prairie dock,red morning glory,poison ivy,sawbrier,Mignonette vine
val/06238_Plantae_Tracheophyta_Liliopsida_Poales_Cyperaceae_Carex_digitata/5e27df78-7be7-4e9f-ab6a-05477c3f3ac4.jpg,304,312,0,312,309,348,310,304,0.1871337890625,0.16845703125,0.1356201171875,0.10235595703125,0.06719970703125,1,5,Fingered Sedge,Broad-leaved Chervil,Saint Augustine grass,hairy bittercress,Kangaroo Grass,Fingered Sedge
val/06238_Plantae_Tracheophyta_Liliopsida_Poales_Cyperaceae_Carex_digitata/0dc49bd1-0d1d-4e95-b149-819893362b3b.jpg,304,307,0,307,309,304,95,392,0.1817626953125,0.07110595703125,0.062744140625,0.05792236328125,0.04620361328125,1,3,Fingered Sedge,Annual Meadow-grass,Saint Augustine grass,Fingered Sedge,Barred Yellow,pygmy-flower rock-jasmine
val/06407_Plantae_Tracheophyta_Liliopsida_Poales_Poaceae_Paspalum_dilatatum/8836d011-abf0-435b-83b0-5c84d546c051.jpg,306,467,0,467,405,309,306,465,0.315673828125,0.2366943359375,0.0794677734375,0.057708740234375,0.049530029296875,1,4,Dallis grass,Rubus schmidelioides,Coast silk tassel,Saint Augustine grass,Dallis grass,Blackthorn
val/06416_Plantae_Tracheophyta_Liliopsida_Poales_Poaceae_Poa_annua/addd9fec-ac9c-4df5-8fcb-32f8e73f6d67.jpg,307,125,0,125,113,307,124,123,0.525390625,0.10955810546875,0.0787353515625,0.0587158203125,0.046051025390625,1,3,Annual Meadow-grass,Long-winged Conehead,Australian Green Mantis,Annual Meadow-grass,Obscure Bird Grasshopper,Marsh meadow grasshopper
val/06416_Plantae_Tracheophyta_Liliopsida_Poales_Poaceae_Poa_annua/6c2c6ff7-d9ed-4c75-b553-fae8ec1c62c6.jpg,307,290,0,290,307,342,313,329,0.10687255859375,0.09112548828125,0.08795166015625,0.0634765625,0.04248046875,1,2,Annual Meadow-grass,Red Helleborine,Annual Meadow-grass,California Harebell,upright hedge-parsley,Old Plainsman
val/06416_Plantae_Tracheophyta_Liliopsida_Poales_Poaceae_Poa_annua/9019bddd-2bac-4e28-a168-fc7522a00b72.jpg,307,286,0,286,307,309,346,484,0.5908203125,0.10308837890625,0.08819580078125,0.0626220703125,0.03912353515625,1,2,Annual Meadow-grass,Grape hyacinth,Annual Meadow-grass,Saint Augustine grass,water forget-me-not,White Horse-nettle
val/06425_Plantae_Tracheophyta_Liliopsida_Poales_Poaceae_Setaria_viridis/b8eb104d-47f6-4369-b28c-ca5fd607ed77.jpg,308,364,0,364,367,293,308,305,0.2744140625,0.1282958984375,0.1278076171875,0.036865234375,0.020843505859375,1,4,Green Bristle Grass,alpine bistort,redshank,bird's-nest orchid,Green Bristle Grass,common three-square
val/06431_Plantae_Tracheophyta_Liliopsida_Poales_Poaceae_Stenotaphrum_secundatum/cfc3ac36-f513-4514-bcd6-9556aa83c4c6.jpg,309,2,0,2,309,435,307,306,0.4228515625,0.27197265625,0.2227783203125,0.0184173583984375,0.0091552734375,1,2,Saint Augustine grass,Six-spotted Fishing Spider,Saint Augustine grass,Tropic Croton,Annual Meadow-grass,Dallis grass
val/06431_Plantae_Tracheophyta_Liliopsida_Poales_Poaceae_Stenotaphrum_secundatum/837a219c-b377-4acd-b01c-ef122054c796.jpg,309,310,0,310,383,309,288,364,0.42822265625,0.3447265625,0.0809326171875,0.03289794921875,0.0166473388671875,1,3,Saint Augustine grass,Kangaroo Grass,Inaka,Saint Augustine grass,Mountain flax,alpine bistort
val/06433_Plantae_Tracheophyta_Liliopsida_Poales_Poaceae_Themeda_triandra/e6850439-865a-40d4-94e3-9263d8a4fef1.jpg,310,457,0,457,383,310,115,77,0.379150390625,0.356201171875,0.2247314453125,0.005397796630859375,0.00376129150390625,1,3,Kangaroo Grass,eastern pasqueflower,Inaka,Kangaroo Grass,Owly Sulphur,Boisduval's Blue
val/06461_Plantae_Tracheophyta_Lycopodiopsida_Lycopodiales_Lycopodiaceae_Dendrolycopodium_obscurum/90aedbc5-4338-4393-bb88-0ef33926c3f4.jpg,311,494,0,494,311,489,326,393,0.286865234375,0.2108154296875,0.0523681640625,0.038238525390625,0.03485107421875,1,2,princess pine,Hen and Chicks Fern,princess pine,Montezuma cypress,dogfennel,Taiwan Acacia
val/06492_Plantae_Tracheophyta_Magnoliopsida_Apiales_Apiaceae_Chaerophyllum_aromaticum/e41d4eee-b73e-4ebb-995d-37f32dfc5e00.jpg,312,338,0,338,312,321,470,352,0.36181640625,0.2164306640625,0.0985107421875,0.06011962890625,0.0531005859375,1,2,Broad-leaved Chervil,common wrinkle-leaved goldenrod,Broad-leaved Chervil,tickseed beggar-ticks,Canadian wood nettle,Mexican tea
val/06543_Plantae_Tracheophyta_Magnoliopsida_Apiales_Apiaceae_Torilis_japonica/cc8b93dc-a269-428e-999f-870f024678e3.jpg,313,456,0,456,345,313,361,312,0.71484375,0.154052734375,0.1046142578125,0.00920867919921875,0.0064544677734375,1,3,upright hedge-parsley,Virginia virgin's-bower,broadleaf forget-me-not,upright hedge-parsley,lesser stitchwort,Broad-leaved Chervil
val/06543_Plantae_Tracheophyta_Magnoliopsida_Apiales_Apiaceae_Torilis_japonica/39efbb47-92da-4281-920f-8751ceccbf66.jpg,313,346,0,346,313,347,345,9,0.50341796875,0.130126953125,0.1295166015625,0.0888671875,0.0489501953125,1,2,upright hedge-parsley,water forget-me-not,upright hedge-parsley,European Searocket,broadleaf forget-me-not,Spotted Longhorn
val/06543_Plantae_Tracheophyta_Magnoliopsida_Apiales_Apiaceae_Torilis_japonica/06274b62-0a05-46f2-b04f-7c4e3c47eadc.jpg,313,312,0,312,29,458,330,313,0.5224609375,0.062744140625,0.050140380859375,0.040618896484375,0.0318603515625,1,5,upright hedge-parsley,Broad-leaved Chervil,European Striped Shield Bug,meadow buttercup,oxeye daisy,upright hedge-parsley
val/06543_Plantae_Tracheophyta_Magnoliopsida_Apiales_Apiaceae_Torilis_japonica/7d64f2f7-cc02-408a-8cda-a7595ca8d4cc.jpg,313,312,0,312,313,430,318,456,0.46044921875,0.40478515625,0.039459228515625,0.0263824462890625,0.022003173828125,1,2,upright hedge-parsley,Broad-leaved Chervil,upright hedge-parsley,golden dewdrop,common yarrow,Virginia virgin's-bower
val/06554_Plantae_Tracheophyta_Magnoliopsida_Apiales_Araliaceae_Fatsia_japonica/4e8b0ba7-949d-4fd6-ba79-72aefaeaa6a4.jpg,314,475,0,475,459,320,314,336,0.57666015625,0.317138671875,0.03729248046875,0.0269775390625,0.004638671875,1,4,Japanese aralia,field maple,Korean mulberry,common mugwort,Japanese aralia,Woad-leaved ragwort
val/06554_Plantae_Tracheophyta_Magnoliopsida_Apiales_Araliaceae_Fatsia_japonica/d62e4967-a033-4f41-b74f-098491522ce3.jpg,314,453,0,453,406,434,314,338,0.2305908203125,0.1907958984375,0.1448974609375,0.12274169921875,0.09063720703125,1,4,Japanese aralia,meadow anemone,American columbo,common copperleaf,Japanese aralia,common wrinkle-leaved goldenrod
val/06562_Plantae_Tracheophyta_Magnoliopsida_Apiales_Araliaceae_Panax_trifolius/d48d1ab2-1a43-48bf-a698-a0e5ad914ba6.jpg,315,332,0,332,315,307,342,36,0.24658203125,0.2271728515625,0.03631591796875,0.025177001953125,0.02081298828125,1,2,dwarf ginseng,white rattlesnakeroot,dwarf ginseng,Annual Meadow-grass,California Harebell,Spongy Oak Apple Gall Wasp
val/06562_Plantae_Tracheophyta_Magnoliopsida_Apiales_Araliaceae_Panax_trifolius/aa34746e-47a9-4b06-b69e-2fb47d92daae.jpg,315,461,0,461,315,434,435,437,0.1812744140625,0.1334228515625,0.09613037109375,0.08551025390625,0.082275390625,1,2,dwarf ginseng,Loquat,dwarf ginseng,common copperleaf,Tropic Croton,Cassava
val/06568_Plantae_Tracheophyta_Magnoliopsida_Apiales_Araliaceae_Schefflera_actinophylla/41964744-64fb-4f1f-b89e-b0d084129973.jpg,316,408,0,408,316,433,437,476,0.437744140625,0.1754150390625,0.11871337890625,0.0231781005859375,0.022064208984375,1,2,Octopus Tree,Kanono,Octopus Tree,umbrella magnolia,Cassava,Red Buckeye
val/06585_Plantae_Tracheophyta_Magnoliopsida_Aquifoliales_Aquifoliaceae_Ilex_opaca/7a9750ec-4768-4dbf-a8ea-ebd49170d0e3.jpg,317,408,0,408,303,317,302,353,0.37939453125,0.375,0.16259765625,0.031585693359375,0.017333984375,1,3,American holly,Kanono,sawbrier,American holly,painted trillium,Mignonette vine
val/06585_Plantae_Tracheophyta_Magnoliopsida_Aquifoliales_Aquifoliaceae_Ilex_opaca/a4384e7e-588d-47bf-94d8-ce76f152fbb8.jpg,317,375,0,375,405,317,475,408,0.52587890625,0.1904296875,0.172119140625,0.0253753662109375,0.01311492919921875,1,3,American holly,Tree Tutu,Coast silk tassel,American holly,field maple,Kanono
val/06585_Plantae_Tracheophyta_Magnoliopsida_Aquifoliales_Aquifoliaceae_Ilex_opaca/61e45291-bb16-43bf-8e3c-f48615497ae0.jpg,317,315,0,315,459,317,476,388,0.54248046875,0.24462890625,0.084228515625,0.045501708984375,0.0154266357421875,1,3,American holly,dwarf ginseng,Korean mulberry,American holly,Red Buckeye,black huckleberry
val/06585_Plantae_Tracheophyta_Magnoliopsida_Aquifoliales_Aquifoliaceae_Ilex_opaca/00c8b315-0faf-48fd-aa28-ce7bb6738f1b.jpg,317,303,0,303,366,398,317,436,0.49560546875,0.171630859375,0.0447998046875,0.03985595703125,0.0333251953125,1,4,American holly,sawbrier,Fringed Bindweed,black locust,American holly,Florida Hammock Sandmat
val/06609_Plantae_Tracheophyta_Magnoliopsida_Asterales_Asteraceae_Ambrosia_salsola/84404340-510c-499c-90eb-13b64c8bec35.jpg,319,407,0,407,319,283,385,275,0.9423828125,0.040924072265625,0.007167816162109375,0.00237274169921875,0.00237274169921875,1,2,common burrobrush,Coprosma dumosa,common burrobrush,Spiny Asparagus,Gaultheria antipoda,fan moss
val/06639_Plantae_Tracheophyta_Magnoliopsida_Asterales_Asteraceae_Artemisia_vulgaris/405d73b9-0b5f-4014-bf71-53714f76e57c.jpg,320,479,0,479,320,460,459,471,0.398193359375,0.3486328125,0.11724853515625,0.054412841796875,0.02923583984375,1,2,common mugwort,Goose-berry,common mugwort,parsley hawthorn,Korean mulberry,Dwarf Nettle
val/06639_Plantae_Tracheophyta_Magnoliopsida_Asterales_Asteraceae_Artemisia_vulgaris/08c0c193-a558-4094-9757-76460799350a.jpg,320,335,0,335,453,451,338,320,0.35302734375,0.2108154296875,0.1453857421875,0.100341796875,0.05224609375,1,5,common mugwort,leafcup,meadow anemone,black cohosh,common wrinkle-leaved goldenrod,common mugwort
val/06639_Plantae_Tracheophyta_Magnoliopsida_Asterales_Asteraceae_Artemisia_vulgaris/cbf3111b-44ff-45d8-9126-e3b9f6d409a9.jpg,320,326,0,326,320,324,325,284,0.85009765625,0.07879638671875,0.028472900390625,0.016510009765625,0.00298309326171875,1,2,common mugwort,dogfennel,common mugwort,tropical horseweed,tall boneset,asparagus
val/06655_Plantae_Tracheophyta_Magnoliopsida_Asterales_Asteraceae_Bidens_aristosa/9608bcaf-24a9-4970-b76a-bb7c64099f4c.jpg,321,429,0,429,395,452,321,399,0.1409912109375,0.1175537109375,0.09185791015625,0.08856201171875,0.050872802734375,1,4,tickseed beggar-ticks,Wand Mullein,Scotch Broom,Spring Adonis,tickseed beggar-ticks,California goldenbanner
val/06734_Plantae_Tracheophyta_Magnoliopsida_Asterales_Asteraceae_Crepis_tectorum/6dd7b270-7188-45cd-a5ac-6fedb5310389.jpg,323,328,0,328,438,334,374,323,0.53759765625,0.20654296875,0.068359375,0.0443115234375,0.029632568359375,1,5,narrow-leaved hawksbeard,Bitterweed,Klamath weed,Great Plains Ragwort,Streambank Stickleaf,narrow-leaved hawksbeard
val/06734_Plantae_Tracheophyta_Magnoliopsida_Asterales_Asteraceae_Crepis_tectorum/f3b770ed-a3e4-4589-a489-006ad22e23c0.jpg,323,401,0,401,334,323,328,341,0.43994140625,0.236328125,0.21435546875,0.040924072265625,0.01145172119140625,1,3,narrow-leaved hawksbeard,Yellow milkwort,Great Plains Ragwort,narrow-leaved hawksbeard,Bitterweed,tree marigold
val/06734_Plantae_Tracheophyta_Magnoliopsida_Asterales_Asteraceae_Crepis_tectorum/d5290993-d0a6-4148-8d35-2e4130ec2dcf.jpg,323,341,0,341,323,337,374,41,0.66015625,0.298583984375,0.004314422607421875,0.0034637451171875,0.0027065277099609375,1,2,narrow-leaved hawksbeard,tree marigold,narrow-leaved hawksbeard,prairie dock,Streambank Stickleaf,Common Thread-waisted Wasp
val/06734_Plantae_Tracheophyta_Magnoliopsida_Asterales_Asteraceae_Crepis_tectorum/79df91c8-7a7a-420c-afcf-fb3a3424c5f9.jpg,323,328,0,328,458,334,321,323,0.609375,0.260009765625,0.0821533203125,0.02044677734375,0.0099639892578125,1,5,narrow-leaved hawksbeard,Bitterweed,meadow buttercup,Great Plains Ragwort,tickseed beggar-ticks,narrow-leaved hawksbeard
val/06779_Plantae_Tracheophyta_Magnoliopsida_Asterales_Asteraceae_Erigeron_sumatrensis/110fdc70-04cf-4c88-b88c-56c81ec229aa.jpg,324,406,0,406,457,324,453,458,0.3017578125,0.1650390625,0.1202392578125,0.061126708984375,0.05792236328125,1,3,tropical horseweed,American columbo,eastern pasqueflower,tropical horseweed,meadow anemone,meadow buttercup
val/06779_Plantae_Tracheophyta_Magnoliopsida_Asterales_Asteraceae_Erigeron_sumatrensis/6c738f9f-2f2c-434b-a185-1198eba38d4c.jpg,324,352,0,352,324,406,404,439,0.64453125,0.2408447265625,0.022186279296875,0.0211639404296875,0.0160064697265625,1,2,tropical horseweed,Mexican tea,tropical horseweed,American columbo,California Wax Myrtle,bebb's willow
val/06779_Plantae_Tracheophyta_Magnoliopsida_Asterales_Asteraceae_Erigeron_sumatrensis/ba5fd7b4-3aaa-4e53-958d-1463ed6df184.jpg,324,434,0,434,425,324,301,315,0.363525390625,0.2236328125,0.09503173828125,0.049224853515625,0.03399658203125,1,3,tropical horseweed,common copperleaf,American brooklime,tropical horseweed,snow trillium,dwarf ginseng
val/06785_Plantae_Tracheophyta_Magnoliopsida_Asterales_Asteraceae_Eupatorium_altissimum/dc42a253-efd3-4775-82e7-580ae860f4b6.jpg,325,409,0,409,325,329,9,456,0.1446533203125,0.1368408203125,0.091796875,0.0792236328125,0.0423583984375,1,2,tall boneset,Blue Bugle,tall boneset,Old Plainsman,Spotted Longhorn,Virginia virgin's-bower
val/06787_Plantae_Tracheophyta_Magnoliopsida_Asterales_Asteraceae_Eupatorium_capillifolium/c9dda9a1-a74a-4435-a307-497f24d91639.jpg,326,489,0,489,488,326,491,383,0.57470703125,0.1522216796875,0.07623291015625,0.045806884765625,0.0241546630859375,1,3,dogfennel,Montezuma cypress,baldcypress,dogfennel,lodgepole pine,Inaka
val/06787_Plantae_Tracheophyta_Magnoliopsida_Asterales_Asteraceae_Eupatorium_capillifolium/6b31f372-6a86-41a6-a457-891c0a896240.jpg,326,349,0,349,276,320,352,326,0.8857421875,0.06292724609375,0.019805908203125,0.01497650146484375,0.00641632080078125,1,5,dogfennel,narrow-leaved bittercress,delicate fern moss,common mugwort,Mexican tea,dogfennel
val/06787_Plantae_Tracheophyta_Magnoliopsida_Asterales_Asteraceae_Eupatorium_capillifolium/6b2da60b-a8dd-4650-9b55-3f092c130984.jpg,326,307,0,307,326,324,304,306,0.8505859375,0.12066650390625,0.005535125732421875,0.004543304443359375,0.0031833648681640625,1,2,dogfennel,Annual Meadow-grass,dogfennel,tropical horseweed,Fingered Sedge,Dallis grass
val/06800_Plantae_Tracheophyta_Magnoliopsida_Asterales_Asteraceae_Gaillardia_aristata/ce40a90b-ce49-4956-a94b-f79111a77e2f.jpg,327,20,0,20,22,8,41,327,0.50927734375,0.1402587890625,0.1131591796875,0.07318115234375,0.0615234375,1,5,great blanketflower,Mexican Cactus Fly,Transverse-banded Flower Fly,Goldenrod Soldier Beetle,Common Thread-waisted Wasp,great blanketflower
val/06818_Plantae_Tracheophyta_Magnoliopsida_Asterales_Asteraceae_Helenium_amarum/d9bd3ebc-c459-41a1-bf10-c3faf781f433.jpg,328,321,0,321,328,338,8,22,0.62939453125,0.1495361328125,0.0843505859375,0.03521728515625,0.0262298583984375,1,2,Bitterweed,tickseed beggar-ticks,Bitterweed,common wrinkle-leaved goldenrod,Goldenrod Soldier Beetle,Transverse-banded Flower Fly
val/06818_Plantae_Tracheophyta_Magnoliopsida_Asterales_Asteraceae_Helenium_amarum/cc0d0f5b-ac3e-4f1e-95ac-96af0f425bb4.jpg,328,22,0,22,321,341,328,8,0.47216796875,0.40869140625,0.04833984375,0.0285797119140625,0.0186309814453125,1,4,Bitterweed,Transverse-banded Flower Fly,tickseed beggar-ticks,tree marigold,Bitterweed,Goldenrod Soldier Beetle
val/06818_Plantae_Tracheophyta_Magnoliopsida_Asterales_Asteraceae_Helenium_amarum/fd1e2f25-9fe7-4922-837c-09c0574906c1.jpg,328,341,0,341,328,327,41,336,0.55810546875,0.1798095703125,0.066162109375,0.0247650146484375,0.019561767578125,1,2,Bitterweed,tree marigold,Bitterweed,great blanketflower,Common Thread-waisted Wasp,Woad-leaved ragwort
val/06843_Plantae_Tracheophyta_Magnoliopsida_Asterales_Asteraceae_Hymenopappus_artemisiifolius/93b1f26c-f433-460f-bd1b-0a03317c6767.jpg,329,350,0,350,329,399,318,252,0.398681640625,0.3505859375,0.035980224609375,0.02545166015625,0.017913818359375,1,2,Old Plainsman,California shieldpod,Old Plainsman,California goldenbanner,common yarrow,Common Whelk
val/06843_Plantae_Tracheophyta_Magnoliopsida_Asterales_Asteraceae_Hymenopappus_artemisiifolius/7b944769-0a7d-485b-bb94-05c6f235a46c.jpg,329,399,0,399,291,329,418,415,0.088623046875,0.07568359375,0.06402587890625,0.053558349609375,0.04559326171875,1,3,Old Plainsman,California goldenbanner,Common Spotted Orchid,Old Plainsman,field Indian paintbrush,Marsh Woundwort
val/06843_Plantae_Tracheophyta_Magnoliopsida_Asterales_Asteraceae_Hymenopappus_artemisiifolius/955cffee-9bc3-4d5c-af11-3ac27bea4555.jpg,329,422,0,422,329,478,486,419,0.11285400390625,0.07818603515625,0.045379638671875,0.0386962890625,0.034820556640625,1,2,Old Plainsman,Indian Warrior,Old Plainsman,western roseroot,Pima Rhatany,Purple paintbrush
val/06901_Plantae_Tracheophyta_Magnoliopsida_Asterales_Asteraceae_Nabalus_albus/fc09162a-29c9-4b81-ac83-49db8ebb8d0e.jpg,332,424,0,424,332,290,475,342,0.36279296875,0.302978515625,0.1500244140625,0.037109375,0.03668212890625,1,2,white rattlesnakeroot,American lopseed,white rattlesnakeroot,Red Helleborine,field maple,California Harebell
val/06901_Plantae_Tracheophyta_Magnoliopsida_Asterales_Asteraceae_Nabalus_albus/ff04e571-285f-4af6-8293-59d55f5198b6.jpg,332,475,0,475,460,459,332,378,0.81396484375,0.062286376953125,0.051025390625,0.03179931640625,0.025360107421875,1,4,white rattlesnakeroot,field maple,parsley hawthorn,Korean mulberry,white rattlesnakeroot,mapleleaf viburnum
val/06901_Plantae_Tracheophyta_Magnoliopsida_Asterales_Asteraceae_Nabalus_albus/9abc1e50-b398-4dee-b35a-e1a59d7ef797.jpg,332,366,0,366,332,378,456,424,0.37890625,0.169189453125,0.066650390625,0.064697265625,0.054962158203125,1,2,white rattlesnakeroot,Fringed Bindweed,white rattlesnakeroot,mapleleaf viburnum,Virginia virgin's-bower,American lopseed
val/06912_Plantae_Tracheophyta_Magnoliopsida_Asterales_Asteraceae_Ozothamnus_leptophyllus/4b51a455-3409-460f-be56-43ae5658ed3b.jpg,333,381,0,381,333,382,497,283,0.57666015625,0.2408447265625,0.034637451171875,0.0214385986328125,0.019073486328125,1,2,Tauhinu,common heather,Tauhinu,sand heath,hay-scented fern,Spiny Asparagus
val/06918_Plantae_Tracheophyta_Magnoliopsida_Asterales_Asteraceae_Packera_tampicana/d4412e9d-fca9-4d74-8f74-bf048ad8ffe5.jpg,334,321,0,321,328,334,22,8,0.5859375,0.1685791015625,0.1627197265625,0.03948974609375,0.0190277099609375,1,3,Great Plains Ragwort,tickseed beggar-ticks,Bitterweed,Great Plains Ragwort,Transverse-banded Flower Fly,Goldenrod Soldier Beetle
val/06948_Plantae_Tracheophyta_Magnoliopsida_Asterales_Asteraceae_Polymnia_canadensis/651ec757-e519-4a19-92fe-9a10c2f9679b.jpg,335,332,0,332,315,335,456,475,0.383544921875,0.19775390625,0.0694580078125,0.0677490234375,0.0247650146484375,1,3,leafcup,white rattlesnakeroot,dwarf ginseng,leafcup,Virginia virgin's-bower,field maple
val/06948_Plantae_Tracheophyta_Magnoliopsida_Asterales_Asteraceae_Polymnia_canadensis/003e5066-0d2e-4916-85d4-71dfc69c5f12.jpg,335,373,0,373,335,8,435,273,0.27197265625,0.1854248046875,0.050567626953125,0.024505615234375,0.0172882080078125,1,2,leafcup,Stinging Serpent,leafcup,Goldenrod Soldier Beetle,Tropic Croton,Bear's Head Tooth
val/06948_Plantae_Tracheophyta_Magnoliopsida_Asterales_Asteraceae_Polymnia_canadensis/a7b77a3b-f5f1-4022-8903-726b0189db4f.jpg,335,475,0,475,317,335,485,451,0.5361328125,0.1448974609375,0.057861328125,0.050079345703125,0.0281982421875,1,3,leafcup,field maple,American holly,leafcup,Porcelain Berry,black cohosh
val/06972_Plantae_Tracheophyta_Magnoliopsida_Asterales_Asteraceae_Senecio_glastifolius/6c88b429-b071-499e-a617-ad94bc5989d5.jpg,336,404,0,404,324,336,394,449,0.70166015625,0.09588623046875,0.056365966796875,0.052734375,0.02667236328125,1,3,Woad-leaved ragwort,California Wax Myrtle,tropical horseweed,Woad-leaved ragwort,longleaf wattle,Golden Sunshinebush
val/06972_Plantae_Tracheophyta_Magnoliopsida_Asterales_Asteraceae_Senecio_glastifolius/f7260727-bd9b-415c-a48f-ba9bc1bcd4a7.jpg,336,320,0,320,336,324,338,459,0.619140625,0.08465576171875,0.0173797607421875,0.0168304443359375,0.014373779296875,1,2,Woad-leaved ragwort,common mugwort,Woad-leaved ragwort,tropical horseweed,common wrinkle-leaved goldenrod,Korean mulberry
val/06990_Plantae_Tracheophyta_Magnoliopsida_Asterales_Asteraceae_Silphium_terebinthinaceum/cde09f6f-0478-4585-bdcb-8c4ab50e4807.jpg,337,169,0,169,208,337,97,166,0.0963134765625,0.08050537109375,0.06878662109375,0.033935546875,0.0194854736328125,1,3,prairie dock,Painted Bunting,Warbling White-eye,prairie dock,Large White Butterfly,Red-billed Pigeon
val/06990_Plantae_Tracheophyta_Magnoliopsida_Asterales_Asteraceae_Silphium_terebinthinaceum/11c31f42-6878-4389-82f5-be9e8dce9996.jpg,337,310,0,310,337,305,383,326,0.30126953125,0.215087890625,0.130126953125,0.034149169921875,0.022979736328125,1,2,prairie dock,Kangaroo Grass,prairie dock,common three-square,Inaka,dogfennel
val/07005_Plantae_Tracheophyta_Magnoliopsida_Asterales_Asteraceae_Solidago_rugosa/0bd8e6c8-e007-495d-8cae-1049b011daf8.jpg,338,459,0,459,338,335,332,475,0.31201171875,0.219970703125,0.101318359375,0.0732421875,0.04791259765625,1,2,common wrinkle-leaved goldenrod,Korean mulberry,common wrinkle-leaved goldenrod,leafcup,white rattlesnakeroot,field maple
val/07005_Plantae_Tracheophyta_Magnoliopsida_Asterales_Asteraceae_Solidago_rugosa/55eee117-8fa7-4ea2-94c7-d6270f8f8ef5.jpg,338,283,0,283,359,338,284,382,0.2132568359375,0.09600830078125,0.0789794921875,0.07794189453125,0.07666015625,1,3,common wrinkle-leaved goldenrod,Spiny Asparagus,Sea Sandwort,common wrinkle-leaved goldenrod,asparagus,sand heath
val/07013_Plantae_Tracheophyta_Magnoliopsida_Asterales_Asteraceae_Sonchus_asper/6ad68df8-e6ee-405b-b7af-be3a600b834b.jpg,339,311,0,311,339,352,461,427,0.253662109375,0.2255859375,0.122314453125,0.09246826171875,0.054168701171875,1,2,prickly sowthistle,princess pine,prickly sowthistle,Mexican tea,Loquat,Butterfly bush
val/07013_Plantae_Tracheophyta_Magnoliopsida_Asterales_Asteraceae_Sonchus_asper/82106a2a-95d0-411b-b2d6-2e5b27a6b5c1.jpg,339,340,0,340,339,330,401,457,0.422119140625,0.222900390625,0.1036376953125,0.0341796875,0.03265380859375,1,2,prickly sowthistle,common dandelion,prickly sowthistle,oxeye daisy,Yellow milkwort,eastern pasqueflower
val/07013_Plantae_Tracheophyta_Magnoliopsida_Asterales_Asteraceae_Sonchus_asper/ea8d5148-a110-4a80-8298-d06f66069c81.jpg,339,340,0,340,339,400,322,324,0.66259765625,0.2183837890625,0.0245361328125,0.007373809814453125,0.00605010986328125,1,2,prickly sowthistle,common dandelion,prickly sowthistle,candyroot,Texas Thistle,tropical horseweed
val/07013_Plantae_Tracheophyta_Magnoliopsida_Asterales_Asteraceae_Sonchus_asper/5ad5739b-d63b-44ce-a784-be1de59d3b3f.jpg,339,323,0,323,339,322,429,329,0.50048828125,0.359130859375,0.08380126953125,0.01117706298828125,0.00930023193359375,1,2,prickly sowthistle,narrow-leaved hawksbeard,prickly sowthistle,Texas Thistle,Wand Mullein,Old Plainsman
val/07039_Plantae_Tracheophyta_Magnoliopsida_Asterales_Asteraceae_Taraxacum_officinale/915a62af-2ee2-47b8-be04-612a2e65a197.jpg,340,327,0,327,16,340,401,328,0.36328125,0.15625,0.146240234375,0.11956787109375,0.04254150390625,1,3,common dandelion,great blanketflower,Kern's Flower Scarab,common dandelion,Yellow milkwort,Bitterweed
val/07039_Plantae_Tracheophyta_Magnoliopsida_Asterales_Asteraceae_Taraxacum_officinale/3ad6b7cd-6f9e-4142-972e-d7ab26217c9a.jpg,340,327,0,327,340,401,323,328,0.673828125,0.1871337890625,0.08636474609375,0.00839996337890625,0.006114959716796875,1,2,common dandelion,great blanketflower,common dandelion,Yellow milkwort,narrow-leaved hawksbeard,Bitterweed
val/07039_Plantae_Tracheophyta_Magnoliopsida_Asterales_Asteraceae_Taraxacum_officinale/18ccff40-361c-41e5-88d1-9b6354af2985.jpg,340,460,0,460,335,340,406,332,0.10113525390625,0.0806884765625,0.06390380859375,0.061798095703125,0.055694580078125,1,3,common dandelion,parsley hawthorn,leafcup,common dandelion,American columbo,white rattlesnakeroot
val/07047_Plantae_Tracheophyta_Magnoliopsida_Asterales_Asteraceae_Tithonia_tubaeformis/c07d073f-dff6-4e42-afd7-f5d13c69f3e5.jpg,341,323,0,323,341,374,337,327,0.289794921875,0.2095947265625,0.049285888671875,0.048370361328125,0.044952392578125,1,2,tree marigold,narrow-leaved hawksbeard,tree marigold,Streambank Stickleaf,prairie dock,great blanketflower
val/07047_Plantae_Tracheophyta_Magnoliopsida_Asterales_Asteraceae_Tithonia_tubaeformis/65455c52-e8cb-4d2d-ac5b-3ea7aa8cc2be.jpg,341,374,0,374,321,341,8,22,0.1639404296875,0.16015625,0.13720703125,0.10223388671875,0.09637451171875,1,3,tree marigold,Streambank Stickleaf,tickseed beggar-ticks,tree marigold,Goldenrod Soldier Beetle,Transverse-banded Flower Fly
val/07047_Plantae_Tracheophyta_Magnoliopsida_Asterales_Asteraceae_Tithonia_tubaeformis/621f847c-e40b-4f79-870f-c61a699fdd4b.jpg,341,327,0,327,341,328,401,443,0.4267578125,0.14892578125,0.030975341796875,0.02593994140625,0.02166748046875,1,2,tree marigold,great blanketflower,tree marigold,Bitterweed,Yellow milkwort,velvetleaf
val/07092_Plantae_Tracheophyta_Magnoliopsida_Asterales_Campanulaceae_Campanula_prenanthoides/df3f0537-1a4a-45e1-8b5b-f0593c8cbbce.jpg,342,285,0,285,416,287,413,342,0.17529296875,0.07611083984375,0.068359375,0.045074462890625,0.0293426513671875,1,5,California Harebell,small camas,woolly blue curls,Branched Asphodel,white sage,California Harebell
val/07092_Plantae_Tracheophyta_Magnoliopsida_Asterales_Campanulaceae_Campanula_prenanthoides/32a3605f-19ca-411c-b879-ea0e06581b3d.jpg,342,496,0,496,276,342,494,320,0.1107177734375,0.0906982421875,0.0869140625,0.04608154296875,0.0292510986328125,1,3,California Harebell,brittle bladderfern,delicate fern moss,California Harebell,Hen and Chicks Fern,common mugwort
val/07092_Plantae_Tracheophyta_Magnoliopsida_Asterales_Campanulaceae_Campanula_prenanthoides/4eca5c72-5bd1-4637-bc6c-8cb92a3f97ca.jpg,342,361,0,361,342,362,283,467,0.450439453125,0.286865234375,0.044097900390625,0.021820068359375,0.01641845703125,1,2,California Harebell,lesser stitchwort,California Harebell,Small-leaved Blinks,Spiny Asparagus,Rubus schmidelioides
val/07100_Plantae_Tracheophyta_Magnoliopsida_Asterales_Campanulaceae_Jasione_montana/4e6dfb26-096f-418e-abb4-9c93b04cfea5.jpg,343,414,0,414,343,286,344,389,0.1278076171875,0.1060791015625,0.09259033203125,0.0625,0.0477294921875,1,2,Sheep's-bit,chia,Sheep's-bit,Grape hyacinth,Salvation Jane,flaxflowered ipomopsis
val/07100_Plantae_Tracheophyta_Magnoliopsida_Asterales_Campanulaceae_Jasione_montana/49b5abac-38a1-4b1a-985b-8fb0e02030cb.jpg,343,344,0,344,343,286,414,409,0.357177734375,0.25244140625,0.166748046875,0.06256103515625,0.019287109375,1,2,Sheep's-bit,Salvation Jane,Sheep's-bit,Grape hyacinth,chia,Blue Bugle
val/07139_Plantae_Tracheophyta_Magnoliopsida_Boraginales_Boraginaceae_Echium_plantagineum/00519e0f-c995-4f62-8b49-7c1c0df976da.jpg,344,289,0,289,457,344,484,357,0.56103515625,0.203125,0.06622314453125,0.01453399658203125,0.0072784423828125,1,3,Salvation Jane,Spring Crocus,eastern pasqueflower,Salvation Jane,White Horse-nettle,viviparous foxtail cactus
val/07139_Plantae_Tracheophyta_Magnoliopsida_Boraginales_Boraginaceae_Echium_plantagineum/a614e35c-48fa-49d3-a28f-bf108b6159d2.jpg,344,455,0,455,289,344,426,286,0.421875,0.312255859375,0.12109375,0.064453125,0.0167388916015625,1,3,Salvation Jane,Swamp Leather Flower,Spring Crocus,Salvation Jane,Slender speedwell,Grape hyacinth
val/07172_Plantae_Tracheophyta_Magnoliopsida_Boraginales_Boraginaceae_Myosotis_latifolia/4d23a0c0-5d2a-4c1d-a9a8-642f35361016.jpg,345,346,0,346,345,425,347,430,0.61279296875,0.37744140625,0.004482269287109375,0.0011310577392578125,0.0009284019470214844,1,2,broadleaf forget-me-not,water forget-me-not,broadleaf forget-me-not,American brooklime,European Searocket,golden dewdrop
val/07172_Plantae_Tracheophyta_Magnoliopsida_Boraginales_Boraginaceae_Myosotis_latifolia/a3150240-8cfd-4c51-84b4-a9213c503be4.jpg,345,425,0,425,345,346,435,410,0.7783203125,0.0927734375,0.0146636962890625,0.00679779052734375,0.00672149658203125,1,2,broadleaf forget-me-not,American brooklime,broadleaf forget-me-not,water forget-me-not,Tropic Croton,carpet bugle
val/07172_Plantae_Tracheophyta_Magnoliopsida_Boraginales_Boraginaceae_Myosotis_latifolia/21778f4a-271f-4c6a-a2f4-9c8451d007d9.jpg,345,346,0,346,345,342,361,315,0.314208984375,0.24365234375,0.1671142578125,0.044464111328125,0.0386962890625,1,2,broadleaf forget-me-not,water forget-me-not,broadleaf forget-me-not,California Harebell,lesser stitchwort,dwarf ginseng
val/07173_Plantae_Tracheophyta_Magnoliopsida_Boraginales_Boraginaceae_Myosotis_scorpioides/6f4619f4-4d09-471a-bf08-66e7f6f6d8d1.jpg,346,345,0,345,346,426,430,313,0.76025390625,0.1212158203125,0.049560546875,0.04083251953125,0.006397247314453125,1,2,water forget-me-not,broadleaf forget-me-not,water forget-me-not,Slender speedwell,golden dewdrop,upright hedge-parsley
val/07173_Plantae_Tracheophyta_Magnoliopsida_Boraginales_Boraginaceae_Myosotis_scorpioides/9831189a-76a4-4dd4-8aea-4a88b1a81655.jpg,346,345,0,345,346,458,390,455,0.71337890625,0.1748046875,0.017181396484375,0.01268768310546875,0.0107421875,1,2,water forget-me-not,broadleaf forget-me-not,water forget-me-not,meadow buttercup,Drummond's phlox,Swamp Leather Flower
val/07173_Plantae_Tracheophyta_Magnoliopsida_Boraginales_Boraginaceae_Myosotis_scorpioides/073987be-d690-4830-9d31-e8a20f81b896.jpg,346,345,0,345,425,346,445,435,0.3798828125,0.331298828125,0.1160888671875,0.040283203125,0.025909423828125,1,3,water forget-me-not,broadleaf forget-me-not,American brooklime,water forget-me-not,Cherry Tree,Tropic Croton
val/07226_Plantae_Tracheophyta_Magnoliopsida_Brassicales_Brassicaceae_Cakile_maritima/a70e76ce-2302-4f98-9ad2-df3267887cd9.jpg,347,346,0,346,347,453,430,464,0.92626953125,0.041015625,0.00817108154296875,0.006412506103515625,0.003143310546875,1,2,European Searocket,water forget-me-not,European Searocket,meadow anemone,golden dewdrop,sand cherry
val/07236_Plantae_Tracheophyta_Magnoliopsida_Brassicales_Brassicaceae_Cardamine_hirsuta/61a4e55b-0d8a-4066-9b2b-5559bf82dc99.jpg,348,370,0,370,348,362,385,436,0.3994140625,0.1407470703125,0.1123046875,0.052398681640625,0.044525146484375,1,2,hairy bittercress,woodland pterostegia,hairy bittercress,Small-leaved Blinks,Gaultheria antipoda,Florida Hammock Sandmat
val/07236_Plantae_Tracheophyta_Magnoliopsida_Brassicales_Brassicaceae_Cardamine_hirsuta/2bfb5ea4-c41c-4ccd-89e5-db6f2aa6e4b2.jpg,348,305,0,305,350,287,383,348,0.265625,0.2275390625,0.10076904296875,0.081787109375,0.03973388671875,1,5,hairy bittercress,common three-square,California shieldpod,Branched Asphodel,Inaka,hairy bittercress
val/07236_Plantae_Tracheophyta_Magnoliopsida_Brassicales_Brassicaceae_Cardamine_hirsuta/724b4654-fbcb-4553-8de1-7d12458a08a2.jpg,348,381,0,381,348,336,347,329,0.5478515625,0.1414794921875,0.039276123046875,0.0259552001953125,0.024261474609375,1,2,hairy bittercress,common heather,hairy bittercress,Woad-leaved ragwort,European Searocket,Old Plainsman
val/07236_Plantae_Tracheophyta_Magnoliopsida_Brassicales_Brassicaceae_Cardamine_hirsuta/887bee1f-addf-4398-87ea-33dbb4124e51.jpg,348,346,0,346,347,430,435,348,0.406005859375,0.052276611328125,0.050323486328125,0.04693603515625,0.042694091796875,1,5,hairy bittercress,water forget-me-not,European Searocket,golden dewdrop,Tropic Croton,hairy bittercress
val/07237_Plantae_Tracheophyta_Magnoliopsida_Brassicales_Brassicaceae_Cardamine_impatiens/e1ceecab-97c0-4634-ac54-d3ae4d1081ee.jpg,349,307,0,307,361,325,412,349,0.49853515625,0.034576416015625,0.03118896484375,0.0239105224609375,0.0185546875,1,5,narrow-leaved bittercress,Annual Meadow-grass,lesser stitchwort,tall boneset,spotted horse mint,narrow-leaved bittercress
val/07246_Plantae_Tracheophyta_Magnoliopsida_Brassicales_Brassicaceae_Dithyrea_californica/6b777945-bd9a-4981-89b4-f1bdde862981.jpg,350,414,0,414,350,287,329,323,0.280517578125,0.2509765625,0.10638427734375,0.09326171875,0.036773681640625,1,2,California shieldpod,chia,California shieldpod,Branched Asphodel,Old Plainsman,narrow-leaved hawksbeard
val/07299_Plantae_Tracheophyta_Magnoliopsida_Canellales_Winteraceae_Pseudowintera_colorata/095f3531-67fe-4749-81d7-376b83304ccb.jpg,351,385,0,385,351,407,465,388,0.7685546875,0.1134033203125,0.0193634033203125,0.011810302734375,0.0106353759765625,1,2,Mountain Horopito,Gaultheria antipoda,Mountain Horopito,Coprosma dumosa,Blackthorn,black huckleberry
val/07299_Plantae_Tracheophyta_Magnoliopsida_Canellales_Winteraceae_Pseudowintera_colorata/701ed66e-162d-4d35-99c8-822be4db63a3.jpg,351,477,0,477,375,351,405,353,0.8134765625,0.035064697265625,0.02655029296875,0.0217742919921875,0.01026153564453125,1,3,Mountain Horopito,jade plant,Tree Tutu,Mountain Horopito,Coast silk tassel,Mignonette vine
val/07299_Plantae_Tracheophyta_Magnoliopsida_Canellales_Winteraceae_Pseudowintera_colorata/56e80a8b-242d-4afd-abd0-f64b6f093503.jpg,351,386,0,386,486,351,370,363,0.8984375,0.0256500244140625,0.0191650390625,0.017730712890625,0.006420135498046875,1,3,Mountain Horopito,alpine azalea,Pima Rhatany,Mountain Horopito,woodland pterostegia,Perez's sea lavender
val/07327_Plantae_Tracheophyta_Magnoliopsida_Caryophyllales_Amaranthaceae_Dysphania_ambrosioides/431d8891-0e33-408d-b3f1-82ba85b4dc31.jpg,352,434,0,434,324,352,320,459,0.351318359375,0.200927734375,0.1505126953125,0.13916015625,0.036865234375,1,3,Mexican tea,common copperleaf,tropical horseweed,Mexican tea,common mugwort,Korean mulberry
val/07327_Plantae_Tracheophyta_Magnoliopsida_Caryophyllales_Amaranthaceae_Dysphania_ambrosioides/a66000ad-7e64-47d9-ac5c-dad9723ba13e.jpg,352,320,0,320,471,352,338,336,0.67822265625,0.2005615234375,0.0869140625,0.004962921142578125,0.004062652587890625,1,3,Mexican tea,common mugwort,Dwarf Nettle,Mexican tea,common wrinkle-leaved goldenrod,Woad-leaved ragwort
val/07327_Plantae_Tracheophyta_Magnoliopsida_Caryophyllales_Amaranthaceae_Dysphania_ambrosioides/8253992d-223c-4d4b-b756-f0da8c0496c7.jpg,352,320,0,320,451,459,471,352,0.552734375,0.256103515625,0.096435546875,0.027740478515625,0.026519775390625,1,5,Mexican tea,common mugwort,black cohosh,Korean mulberry,Dwarf Nettle,Mexican tea
val/07327_Plantae_Tracheophyta_Magnoliopsida_Caryophyllales_Amaranthaceae_Dysphania_ambrosioides/0a37cdb4-7181-481d-9292-f989f77aec15.jpg,352,338,0,338,320,451,437,352,0.440185546875,0.1168212890625,0.10809326171875,0.041778564453125,0.040496826171875,1,5,Mexican tea,common wrinkle-leaved goldenrod,common mugwort,black cohosh,Cassava,Mexican tea
val/07339_Plantae_Tracheophyta_Magnoliopsida_Caryophyllales_Basellaceae_Anredera_cordifolia/99a302a7-f224-4c8e-bd4a-2257d32468d5.jpg,353,359,0,359,353,275,477,408,0.283447265625,0.1781005859375,0.11212158203125,0.08740234375,0.0484619140625,1,2,Mignonette vine,Sea Sandwort,Mignonette vine,fan moss,jade plant,Kanono
val/07364_Plantae_Tracheophyta_Magnoliopsida_Caryophyllales_Cactaceae_Echinocereus_enneacanthus/734c7dfe-9832-475a-b493-ac7b1bb9fc73.jpg,354,353,0,353,354,456,477,375,0.68408203125,0.1165771484375,0.06268310546875,0.0125274658203125,0.00844573974609375,1,2,Strawberry Cactus,Mignonette vine,Strawberry Cactus,Virginia virgin's-bower,jade plant,Tree Tutu
val/07364_Plantae_Tracheophyta_Magnoliopsida_Caryophyllales_Cactaceae_Echinocereus_enneacanthus/4d7689d2-9f30-4944-8154-b62d34d69a42.jpg,354,357,0,357,356,456,354,358,0.54443359375,0.37548828125,0.016693115234375,0.016571044921875,0.00565338134765625,1,4,Strawberry Cactus,viviparous foxtail cactus,strawberry hedgehog cactus,Virginia virgin's-bower,Strawberry Cactus,California barrel cactus
val/07364_Plantae_Tracheophyta_Magnoliopsida_Caryophyllales_Cactaceae_Echinocereus_enneacanthus/2262a43c-04b7-4a6a-b5e0-dbb3d34865e3.jpg,354,357,0,357,354,419,356,355,0.6865234375,0.27197265625,0.00982666015625,0.0068206787109375,0.004482269287109375,1,2,Strawberry Cactus,viviparous foxtail cactus,Strawberry Cactus,Purple paintbrush,strawberry hedgehog cactus,Spiny Hedgehog Cactus
val/07364_Plantae_Tracheophyta_Magnoliopsida_Caryophyllales_Cactaceae_Echinocereus_enneacanthus/442486be-ef41-40d0-83f2-b85b1ee5706b.jpg,354,357,0,357,354,356,419,355,0.7880859375,0.0823974609375,0.048828125,0.031463623046875,0.0290374755859375,1,2,Strawberry Cactus,viviparous foxtail cactus,Strawberry Cactus,strawberry hedgehog cactus,Purple paintbrush,Spiny Hedgehog Cactus
val/07366_Plantae_Tracheophyta_Magnoliopsida_Caryophyllales_Cactaceae_Echinocereus_pectinatus/3a890860-b288-4407-9c30-5fa800e568c2.jpg,355,356,0,356,354,355,357,230,0.666015625,0.211181640625,0.040863037109375,0.01419830322265625,0.011505126953125,1,3,Spiny Hedgehog Cactus,strawberry hedgehog cactus,Strawberry Cactus,Spiny Hedgehog Cactus,viviparous foxtail cactus,American Beaver
val/07366_Plantae_Tracheophyta_Magnoliopsida_Caryophyllales_Cactaceae_Echinocereus_pectinatus/fd0f4e6f-603c-4904-a3a0-b8a27e5ed0a4.jpg,355,358,0,358,327,355,356,492,0.480712890625,0.103271484375,0.05780029296875,0.047149658203125,0.026092529296875,1,3,Spiny Hedgehog Cactus,California barrel cactus,great blanketflower,Spiny Hedgehog Cactus,strawberry hedgehog cactus,ponderosa pine
val/07371_Plantae_Tracheophyta_Magnoliopsida_Caryophyllales_Cactaceae_Echinocereus_stramineus/5bda1260-b8eb-4516-829f-d4dacd202069.jpg,356,354,0,354,356,382,387,452,0.576171875,0.2274169921875,0.038909912109375,0.01407623291015625,0.013763427734375,1,2,strawberry hedgehog cactus,Strawberry Cactus,strawberry hedgehog cactus,sand heath,Prickly mingimingi,Spring Adonis
val/07376_Plantae_Tracheophyta_Magnoliopsida_Caryophyllales_Cactaceae_Ferocactus_cylindraceus/2ac7c55b-154c-4dd5-b1c7-15969c01da1c.jpg,358,452,0,452,358,196,357,401,0.1494140625,0.1246337890625,0.0765380859375,0.06304931640625,0.059844970703125,1,2,California barrel cactus,Spring Adonis,California barrel cactus,Eastern Yellow Robin,viviparous foxtail cactus,Yellow milkwort
val/07376_Plantae_Tracheophyta_Magnoliopsida_Caryophyllales_Cactaceae_Ferocactus_cylindraceus/11f293ff-6ff7-413c-8f2f-f1b671620f27.jpg,358,357,0,357,358,354,356,473,0.56787109375,0.164306640625,0.09619140625,0.068115234375,0.0053863525390625,1,2,California barrel cactus,viviparous foxtail cactus,California barrel cactus,Strawberry Cactus,strawberry hedgehog cactus,poison ivy
val/07434_Plantae_Tracheophyta_Magnoliopsida_Caryophyllales_Caryophyllaceae_Honckenya_peploides/494455b5-8b04-4f38-95c8-17d252b7f738.jpg,359,385,0,385,359,375,405,333,0.1832275390625,0.11578369140625,0.10919189453125,0.07366943359375,0.06378173828125,1,2,Sea Sandwort,Gaultheria antipoda,Sea Sandwort,Tree Tutu,Coast silk tassel,Tauhinu
val/07434_Plantae_Tracheophyta_Magnoliopsida_Caryophyllales_Caryophyllaceae_Honckenya_peploides/954b6dcd-ba40-4d26-a562-ab7e04b55514.jpg,359,368,0,368,359,430,347,352,0.351318359375,0.291259765625,0.095703125,0.044769287109375,0.0225830078125,1,2,Sea Sandwort,prostrate knotweed,Sea Sandwort,golden dewdrop,European Searocket,Mexican tea
val/07434_Plantae_Tracheophyta_Magnoliopsida_Caryophyllales_Caryophyllaceae_Honckenya_peploides/2cbfa535-7723-42f1-94c3-4560386b2330.jpg,359,346,0,346,453,361,359,334,0.327392578125,0.25537109375,0.09197998046875,0.041015625,0.032318115234375,1,4,Sea Sandwort,water forget-me-not,meadow anemone,lesser stitchwort,Sea Sandwort,Great Plains Ragwort
val/07451_Plantae_Tracheophyta_Magnoliopsida_Caryophyllales_Caryophyllaceae_Silene_flos-cuculi/51f2ba2b-2380-4d55-b45d-fe37b7bc1e84.jpg,360,456,0,456,412,281,377,360,0.2113037109375,0.09222412109375,0.08282470703125,0.026397705078125,0.02581787109375,1,5,ragged-Robin,Virginia virgin's-bower,spotted horse mint,nodding onion,Western Snowberry,ragged-Robin
val/07464_Plantae_Tracheophyta_Magnoliopsida_Caryophyllales_Caryophyllaceae_Stellaria_graminea/cd5ed794-b7a9-4faa-8d55-f562f7283494.jpg,361,453,0,453,361,282,435,445,0.1934814453125,0.10919189453125,0.0880126953125,0.08087158203125,0.054931640625,1,2,lesser stitchwort,meadow anemone,lesser stitchwort,spring spiderlily,Tropic Croton,Cherry Tree
val/07464_Plantae_Tracheophyta_Magnoliopsida_Caryophyllales_Caryophyllaceae_Stellaria_graminea/a1b1b894-6352-4776-af88-2a0dfedb3fca.jpg,361,345,0,345,361,426,453,456,0.3291015625,0.1522216796875,0.1455078125,0.08306884765625,0.06231689453125,1,2,lesser stitchwort,broadleaf forget-me-not,lesser stitchwort,Slender speedwell,meadow anemone,Virginia virgin's-bower
val/07496_Plantae_Tracheophyta_Magnoliopsida_Caryophyllales_Montiaceae_Montia_parvifolia/d9d978d9-b79c-4894-a1d8-a36a9042c768.jpg,362,365,0,365,407,370,472,362,0.365478515625,0.26953125,0.21728515625,0.06640625,0.014556884765625,1,5,Small-leaved Blinks,skeleton weed,Coprosma dumosa,woodland pterostegia,desert mistletoe,Small-leaved Blinks
val/07496_Plantae_Tracheophyta_Magnoliopsida_Caryophyllales_Montiaceae_Montia_parvifolia/2cfcef63-7f6c-4e88-b58e-c3bc46b35af6.jpg,362,347,0,347,362,391,389,430,0.56396484375,0.068603515625,0.05816650390625,0.0264129638671875,0.02545166015625,1,2,Small-leaved Blinks,European Searocket,Small-leaved Blinks,longleaf phlox,flaxflowered ipomopsis,golden dewdrop
val/07496_Plantae_Tracheophyta_Magnoliopsida_Caryophyllales_Montiaceae_Montia_parvifolia/cbd681b4-701b-4085-b492-c1c2c045417d.jpg,362,361,0,361,392,330,362,346,0.9501953125,0.0174102783203125,0.01641845703125,0.004711151123046875,0.0026226043701171875,1,4,Small-leaved Blinks,lesser stitchwort,pygmy-flower rock-jasmine,oxeye daisy,Small-leaved Blinks,water forget-me-not
val/07496_Plantae_Tracheophyta_Magnoliopsida_Caryophyllales_Montiaceae_Montia_parvifolia/cebbe273-c0fc-405f-a6c3-ffc206deb46b.jpg,362,347,0,347,362,361,426,389,0.3759765625,0.1629638671875,0.1002197265625,0.0789794921875,0.0670166015625,1,2,Small-leaved Blinks,European Searocket,Small-leaved Blinks,lesser stitchwort,Slender speedwell,flaxflowered ipomopsis
val/07513_Plantae_Tracheophyta_Magnoliopsida_Caryophyllales_Plumbaginaceae_Limonium_perezii/190bed39-c555-4b8e-9790-420712eb5c8e.jpg,363,278,0,278,333,363,256,386,0.416748046875,0.07171630859375,0.06268310546875,0.0606689453125,0.057525634765625,1,3,Perez's sea lavender,Flat-leaved Scalewort,Tauhinu,Perez's sea lavender,Varicose Wart Slug,alpine azalea
val/07513_Plantae_Tracheophyta_Magnoliopsida_Caryophyllales_Plumbaginaceae_Limonium_perezii/7b221db8-b11b-40ff-a53b-60252f46222b.jpg,363,430,0,430,363,376,405,261,0.5146484375,0.1722412109375,0.068603515625,0.034759521484375,0.016937255859375,1,2,Perez's sea lavender,golden dewdrop,Perez's sea lavender,squirting cucumber,Coast silk tassel,scaly pelt lichen
val/07520_Plantae_Tracheophyta_Magnoliopsida_Caryophyllales_Polygonaceae_Bistorta_vivipara/744623d1-c54f-428e-88a0-72da7addd319.jpg,364,285,0,285,394,306,364,288,0.242431640625,0.118408203125,0.1063232421875,0.07135009765625,0.05926513671875,1,4,alpine bistort,small camas,longleaf wattle,Dallis grass,alpine bistort,Mountain flax
val/07520_Plantae_Tracheophyta_Magnoliopsida_Caryophyllales_Polygonaceae_Bistorta_vivipara/2ae44b8b-0c56-4db9-8593-a519dfcd6b39.jpg,364,320,0,320,396,364,420,293,0.23046875,0.1519775390625,0.11578369140625,0.11279296875,0.049591064453125,1,3,alpine bistort,common mugwort,white sweet clover,alpine bistort,Beechdrops,bird's-nest orchid
val/07526_Plantae_Tracheophyta_Magnoliopsida_Caryophyllales_Polygonaceae_Eriogonum_deflexum/13aa892d-b9a9-4642-a8c8-d128eac067f2.jpg,365,368,0,368,119,75,365,95,0.360595703125,0.095947265625,0.054351806640625,0.051116943359375,0.045501708984375,1,4,skeleton weed,prostrate knotweed,Eastern Ringtail,Spring Azure,skeleton weed,Barred Yellow
val/07526_Plantae_Tracheophyta_Magnoliopsida_Caryophyllales_Polygonaceae_Eriogonum_deflexum/b8af01fa-6519-416a-9db9-4f554f543d95.jpg,365,78,0,78,214,180,365,175,0.054901123046875,0.052703857421875,0.047821044921875,0.0280303955078125,0.0268402099609375,1,4,skeleton weed,Marine Blue,Downy Woodpecker,Violet-green Swallow,skeleton weed,Double-barred Finch
val/07526_Plantae_Tracheophyta_Magnoliopsida_Caryophyllales_Polygonaceae_Eriogonum_deflexum/82afcdfc-bcd9-45da-93b8-551eb1f7a62a.jpg,365,389,0,389,365,350,305,281,0.204345703125,0.1817626953125,0.09381103515625,0.061767578125,0.0313720703125,1,2,skeleton weed,flaxflowered ipomopsis,skeleton weed,California shieldpod,common three-square,nodding onion
val/07536_Plantae_Tracheophyta_Magnoliopsida_Caryophyllales_Polygonaceae_Fallopia_cilinodis/ff66ef22-6c94-4e9a-a0b0-a80e9b05bb69.jpg,366,485,0,485,366,12,378,470,0.4873046875,0.481689453125,0.01019287109375,0.004852294921875,0.004657745361328125,1,2,Fringed Bindweed,Porcelain Berry,Fringed Bindweed,Hadda Beetle,mapleleaf viburnum,Canadian wood nettle
val/07536_Plantae_Tracheophyta_Magnoliopsida_Caryophyllales_Polygonaceae_Fallopia_cilinodis/8325cfce-f6d7-40de-944d-43fe67cbc95f.jpg,366,443,0,443,366,456,335,97,0.299072265625,0.0877685546875,0.08721923828125,0.0528564453125,0.0291290283203125,1,2,Fringed Bindweed,velvetleaf,Fringed Bindweed,Virginia virgin's-bower,leafcup,Large White Butterfly
val/07536_Plantae_Tracheophyta_Magnoliopsida_Caryophyllales_Polygonaceae_Fallopia_cilinodis/d041d766-a77c-4354-b12f-da6d12b6c5bd.jpg,366,292,0,292,271,231,410,366,0.28955078125,0.227294921875,0.193603515625,0.0936279296875,0.074951171875,1,5,Fringed Bindweed,checkered rattlesnake plantain,stinkhorn,Bank Vole,carpet bugle,Fringed Bindweed
val/07536_Plantae_Tracheophyta_Magnoliopsida_Caryophyllales_Polygonaceae_Fallopia_cilinodis/08454c80-d8ba-443f-9b13-7cfff1044cf0.jpg,366,482,0,482,366,485,473,388,0.388427734375,0.2310791015625,0.1641845703125,0.036407470703125,0.035675048828125,1,2,Fringed Bindweed,Obscure Morning Glory,Fringed Bindweed,Porcelain Berry,poison ivy,black huckleberry
val/07536_Plantae_Tracheophyta_Magnoliopsida_Caryophyllales_Polygonaceae_Fallopia_cilinodis/30d0a5be-5dc2-4afd-b864-d47c915d8afd.jpg,366,447,0,447,366,468,485,469,0.177734375,0.1773681640625,0.1307373046875,0.09429931640625,0.06268310546875,1,2,Fringed Bindweed,Wineberry,Fringed Bindweed,American elm,Porcelain Berry,Siberian elm
val/07552_Plantae_Tracheophyta_Magnoliopsida_Caryophyllales_Polygonaceae_Persicaria_maculosa/f2e685ec-e61e-44f6-9b63-9b0ae2f6b6bd.jpg,367,485,0,485,388,367,31,408,0.1368408203125,0.059326171875,0.05828857421875,0.05078125,0.042724609375,1,3,redshank,Porcelain Berry,black huckleberry,redshank,Southern Green Stink Bug,Kanono
val/07558_Plantae_Tracheophyta_Magnoliopsida_Caryophyllales_Polygonaceae_Polygonum_aviculare/7577c233-0ecf-440a-976a-80d2f57ef22f.jpg,368,369,0,369,404,464,368,309,0.7919921875,0.08331298828125,0.0316162109375,0.0225067138671875,0.01812744140625,1,4,prostrate knotweed,beach knotweed,California Wax Myrtle,sand cherry,prostrate knotweed,Saint Augustine grass
val/07558_Plantae_Tracheophyta_Magnoliopsida_Caryophyllales_Polygonaceae_Polygonum_aviculare/1ed13620-dc3f-426b-b57b-2df9a9bb8a0d.jpg,368,308,0,308,367,347,368,324,0.59423828125,0.035247802734375,0.032379150390625,0.0301666259765625,0.0231781005859375,1,4,prostrate knotweed,Green Bristle Grass,redshank,European Searocket,prostrate knotweed,tropical horseweed
val/07558_Plantae_Tracheophyta_Magnoliopsida_Caryophyllales_Polygonaceae_Polygonum_aviculare/121a5a67-8389-42f8-870c-0a3faa964e36.jpg,368,324,0,324,352,368,320,283,0.404052734375,0.325927734375,0.051971435546875,0.04559326171875,0.0419921875,1,3,prostrate knotweed,tropical horseweed,Mexican tea,prostrate knotweed,common mugwort,Spiny Asparagus
val/07558_Plantae_Tracheophyta_Magnoliopsida_Caryophyllales_Polygonaceae_Polygonum_aviculare/6443c137-dc31-4ebb-92ff-10eb9cb6aed9.jpg,368,435,0,435,368,425,31,377,0.4443359375,0.1812744140625,0.11865234375,0.04986572265625,0.0197296142578125,1,2,prostrate knotweed,Tropic Croton,prostrate knotweed,American brooklime,Southern Green Stink Bug,Western Snowberry
val/07559_Plantae_Tracheophyta_Magnoliopsida_Caryophyllales_Polygonaceae_Polygonum_paronychia/9c5aeba9-ddee-4241-8c44-a198bee206ab.jpg,369,379,0,379,369,399,404,371,0.209716796875,0.10919189453125,0.0858154296875,0.0692138671875,0.0616455078125,1,2,beach knotweed,strawberry tree,beach knotweed,California goldenbanner,California Wax Myrtle,canaigre dock
val/07560_Plantae_Tracheophyta_Magnoliopsida_Caryophyllales_Polygonaceae_Pterostegia_drymarioides/6ae60dd8-4122-416c-932c-48ad999da4b5.jpg,370,479,0,479,370,385,460,475,0.263916015625,0.1243896484375,0.11114501953125,0.035797119140625,0.034210205078125,1,2,woodland pterostegia,Goose-berry,woodland pterostegia,Gaultheria antipoda,parsley hawthorn,field maple
val/07560_Plantae_Tracheophyta_Magnoliopsida_Caryophyllales_Polygonaceae_Pterostegia_drymarioides/b3143ff9-3591-4260-a2f7-cd3c754610f6.jpg,370,472,0,472,370,486,467,388,0.334716796875,0.2269287109375,0.159912109375,0.07464599609375,0.04205322265625,1,2,woodland pterostegia,desert mistletoe,woodland pterostegia,Pima Rhatany,Rubus schmidelioides,black huckleberry
val/07560_Plantae_Tracheophyta_Magnoliopsida_Caryophyllales_Polygonaceae_Pterostegia_drymarioides/5c4c1a30-d2c4-41e0-912b-82752e4966fa.jpg,370,473,0,473,249,370,432,350,0.1492919921875,0.08782958984375,0.0716552734375,0.04034423828125,0.0290985107421875,1,3,woodland pterostegia,poison ivy,Beadlet anemone,woodland pterostegia,common pawpaw,California shieldpod
val/07560_Plantae_Tracheophyta_Magnoliopsida_Caryophyllales_Polygonaceae_Pterostegia_drymarioides/279ed544-eb76-4fe0-a63d-21f91a97f663.jpg,370,392,0,392,436,479,370,365,0.15966796875,0.108154296875,0.094970703125,0.055511474609375,0.054412841796875,1,4,woodland pterostegia,pygmy-flower rock-jasmine,Florida Hammock Sandmat,Goose-berry,woodland pterostegia,skeleton weed
val/07567_Plantae_Tracheophyta_Magnoliopsida_Caryophyllales_Polygonaceae_Rumex_hymenosepalus/dbb86d95-7a0b-4d88-8133-48d684fd4546.jpg,371,428,0,428,371,287,399,337,0.7177734375,0.25390625,0.005786895751953125,0.004711151123046875,0.004413604736328125,1,2,canaigre dock,Dark Mullein,canaigre dock,Branched Asphodel,California goldenbanner,prairie dock
val/07576_Plantae_Tracheophyta_Magnoliopsida_Celastrales_Celastraceae_Canotia_holacantha/182b53be-2c0f-4a44-bd09-2e9ea25ff451.jpg,372,310,0,310,372,389,279,306,0.422119140625,0.234130859375,0.0830078125,0.0543212890625,0.040924072265625,1,2,crucifixion thorn,Kangaroo Grass,crucifixion thorn,flaxflowered ipomopsis,longleaf ephedra,Dallis grass
val/07576_Plantae_Tracheophyta_Magnoliopsida_Celastrales_Celastraceae_Canotia_holacantha/d6e31b6a-e194-4308-b363-97cc2e9788e9.jpg,372,279,0,279,372,472,319,284,0.8056640625,0.185546875,0.0045013427734375,0.003986358642578125,6.562471389770508e-05,1,2,crucifixion thorn,longleaf ephedra,crucifixion thorn,desert mistletoe,common burrobrush,asparagus
val/07576_Plantae_Tracheophyta_Magnoliopsida_Celastrales_Celastraceae_Canotia_holacantha/00472160-00b8-4026-af1e-9d1d7b0838ea.jpg,372,319,0,319,372,279,464,463,0.32470703125,0.2113037109375,0.162109375,0.06927490234375,0.06781005859375,1,2,crucifixion thorn,common burrobrush,crucifixion thorn,longleaf ephedra,sand cherry,desert almond
val/07576_Plantae_Tracheophyta_Magnoliopsida_Celastrales_Celastraceae_Canotia_holacantha/d165ff14-f169-407f-9e29-af98607df55d.jpg,372,472,0,472,372,463,279,474,0.66064453125,0.1396484375,0.1041259765625,0.07159423828125,0.01224517822265625,1,2,crucifixion thorn,desert mistletoe,crucifixion thorn,desert almond,longleaf ephedra,elephant tree
val/07611_Plantae_Tracheophyta_Magnoliopsida_Cornales_Loasaceae_Cevallia_sinuata/b011f8e3-3369-408f-afa5-f8efbe86e9ee.jpg,373,412,0,412,438,324,32,373,0.203857421875,0.1961669921875,0.12152099609375,0.06353759765625,0.04339599609375,1,5,Stinging Serpent,spotted horse mint,Klamath weed,tropical horseweed,Jagged Ambush Bug,Stinging Serpent
val/07611_Plantae_Tracheophyta_Magnoliopsida_Cornales_Loasaceae_Cevallia_sinuata/99792d09-a77a-4f88-b04a-3afc51a1e273.jpg,373,456,0,456,283,413,373,354,0.25244140625,0.22314453125,0.168701171875,0.134033203125,0.04144287109375,1,4,Stinging Serpent,Virginia virgin's-bower,Spiny Asparagus,white sage,Stinging Serpent,Strawberry Cactus
val/07613_Plantae_Tracheophyta_Magnoliopsida_Cornales_Loasaceae_Mentzelia_hispida/881fc6a1-359e-44f5-ba4a-2dd3c0031cb3.jpg,374,321,0,321,374,397,395,341,0.475341796875,0.291748046875,0.06610107421875,0.062103271484375,0.0166473388671875,1,2,Streambank Stickleaf,tickseed beggar-ticks,Streambank Stickleaf,Common Flat-pea,Scotch Broom,tree marigold
val/07613_Plantae_Tracheophyta_Magnoliopsida_Cornales_Loasaceae_Mentzelia_hispida/c5e4e042-1a38-4d6f-8777-a666f617398f.jpg,374,299,0,299,481,88,374,341,0.50439453125,0.1097412109375,0.10205078125,0.0968017578125,0.043731689453125,1,4,Streambank Stickleaf,fire lily,red morning glory,Julia Butterfly,Streambank Stickleaf,tree marigold
val/07619_Plantae_Tracheophyta_Magnoliopsida_Cucurbitales_Coriariaceae_Coriaria_arborea/cc1d599c-96d0-4711-b3f8-3c448bef23a6.jpg,375,430,0,430,473,317,398,375,0.3271484375,0.10931396484375,0.10516357421875,0.07861328125,0.0509033203125,1,5,Tree Tutu,golden dewdrop,poison ivy,American holly,black locust,Tree Tutu
val/07619_Plantae_Tracheophyta_Magnoliopsida_Cucurbitales_Coriariaceae_Coriaria_arborea/4af65d11-d81c-4aa2-b650-9c46b42a0b72.jpg,375,320,0,320,375,405,336,421,0.378173828125,0.1634521484375,0.050262451171875,0.0479736328125,0.03643798828125,1,2,Tree Tutu,common mugwort,Tree Tutu,Coast silk tassel,Woad-leaved ragwort,Red Odontites
val/07625_Plantae_Tracheophyta_Magnoliopsida_Cucurbitales_Cucurbitaceae_Ecballium_elaterium/7bc7162f-d5b9-4911-bbf1-d56d3f76fee0.jpg,376,429,0,429,376,443,335,20,0.0987548828125,0.0877685546875,0.07781982421875,0.0491943359375,0.034942626953125,1,2,squirting cucumber,Wand Mullein,squirting cucumber,velvetleaf,leafcup,Mexican Cactus Fly
val/07625_Plantae_Tracheophyta_Magnoliopsida_Cucurbitales_Cucurbitaceae_Ecballium_elaterium/851b4ff8-fcbf-4773-a5a0-a9ad3a270248.jpg,376,444,0,444,376,377,483,97,0.56884765625,0.25390625,0.0205230712890625,0.016082763671875,0.01523590087890625,1,2,squirting cucumber,Island Mallow,squirting cucumber,Western Snowberry,western horsenettle,Large White Butterfly
val/07663_Plantae_Tracheophyta_Magnoliopsida_Dipsacales_Caprifoliaceae_Symphoricarpos_occidentalis/538c4504-7b6a-43f2-80de-26aebfcd5bde.jpg,377,439,0,439,377,388,476,475,0.323974609375,0.267578125,0.1690673828125,0.04949951171875,0.0269622802734375,1,2,Western Snowberry,bebb's willow,Western Snowberry,black huckleberry,Red Buckeye,field maple
val/07663_Plantae_Tracheophyta_Magnoliopsida_Dipsacales_Caprifoliaceae_Symphoricarpos_occidentalis/b1c7d063-b6d7-44c8-bcad-cc75a130bbd5.jpg,377,380,0,380,377,440,405,439,0.4150390625,0.1875,0.1710205078125,0.06414794921875,0.039825439453125,1,2,Western Snowberry,Big Berry Manzanita,Western Snowberry,Grey Willow,Coast silk tassel,bebb's willow
val/07678_Plantae_Tracheophyta_Magnoliopsida_Dipsacales_Viburnaceae_Viburnum_acerifolium/5e77adb8-74dc-4e5b-8b0e-283cc93ba711.jpg,378,313,0,313,97,331,378,55,0.09381103515625,0.08056640625,0.0771484375,0.040313720703125,0.0362548828125,1,4,mapleleaf viburnum,upright hedge-parsley,Large White Butterfly,Snow Squarestem,mapleleaf viburnum,Latticed Heath
val/07678_Plantae_Tracheophyta_Magnoliopsida_Dipsacales_Viburnaceae_Viburnum_acerifolium/6853fc54-1a2d-4e89-a71c-d6a2e29f5384.jpg,378,459,0,459,378,432,402,447,0.451416015625,0.252197265625,0.107666015625,0.06939697265625,0.0196990966796875,1,2,mapleleaf viburnum,Korean mulberry,mapleleaf viburnum,common pawpaw,swamp chestnut oak,Wineberry
val/07678_Plantae_Tracheophyta_Magnoliopsida_Dipsacales_Viburnaceae_Viburnum_acerifolium/38441757-3d34-4a31-ad56-47ebb258d547.jpg,378,335,0,335,378,332,470,456,0.59375,0.1641845703125,0.0753173828125,0.06884765625,0.01471710205078125,1,2,mapleleaf viburnum,leafcup,mapleleaf viburnum,white rattlesnakeroot,Canadian wood nettle,Virginia virgin's-bower
val/07678_Plantae_Tracheophyta_Magnoliopsida_Dipsacales_Viburnaceae_Viburnum_acerifolium/1996fee6-bb5f-4985-9f9b-51e5f475bd69.jpg,378,475,0,475,317,388,402,378,0.1395263671875,0.1192626953125,0.104736328125,0.0889892578125,0.07781982421875,1,5,mapleleaf viburnum,field maple,American holly,black huckleberry,swamp chestnut oak,mapleleaf viburnum
val/07707_Plantae_Tracheophyta_Magnoliopsida_Ericales_Ericaceae_Arbutus_unedo/a229d632-d21f-46e7-aea7-d36b95b48355.jpg,379,439,0,439,379,440,377,469,0.4833984375,0.411865234375,0.0299530029296875,0.00839996337890625,0.005970001220703125,1,2,strawberry tree,bebb's willow,strawberry tree,Grey Willow,Western Snowberry,Siberian elm
val/07707_Plantae_Tracheophyta_Magnoliopsida_Ericales_Ericaceae_Arbutus_unedo/519d80c5-fde3-4196-b0f8-695e3cec7264.jpg,379,314,0,314,379,448,461,430,0.66259765625,0.057098388671875,0.0474853515625,0.042694091796875,0.0206146240234375,1,2,strawberry tree,Japanese aralia,strawberry tree,Coastal Banksia,Loquat,golden dewdrop
val/07709_Plantae_Tracheophyta_Magnoliopsida_Ericales_Ericaceae_Arctostaphylos_glauca/61ec71ec-f898-4838-ac08-bcdcc42a8bdf.jpg,380,474,0,474,472,489,220,380,0.195556640625,0.07977294921875,0.027496337890625,0.0272979736328125,0.0236053466796875,1,5,Big Berry Manzanita,elephant tree,desert mistletoe,Montezuma cypress,Klipspringer,Big Berry Manzanita
val/07709_Plantae_Tracheophyta_Magnoliopsida_Ericales_Ericaceae_Arctostaphylos_glauca/260d9dd9-25eb-4c00-a968-37687f3feed6.jpg,380,474,0,474,380,472,448,439,0.76318359375,0.2119140625,0.0096435546875,0.002185821533203125,0.001888275146484375,1,2,Big Berry Manzanita,elephant tree,Big Berry Manzanita,desert mistletoe,Coastal Banksia,bebb's willow
val/07709_Plantae_Tracheophyta_Magnoliopsida_Ericales_Ericaceae_Arctostaphylos_glauca/09db8217-5c4f-4b0d-be46-05c6030c066e.jpg,380,398,0,398,380,474,350,472,0.34423828125,0.32470703125,0.11712646484375,0.080322265625,0.05096435546875,1,2,Big Berry Manzanita,black locust,Big Berry Manzanita,elephant tree,California shieldpod,desert mistletoe
val/07709_Plantae_Tracheophyta_Magnoliopsida_Ericales_Ericaceae_Arctostaphylos_glauca/7995dcfb-808c-4ecd-b622-9d8bd2e2738f.jpg,380,489,0,489,472,474,441,380,0.3017578125,0.20263671875,0.1656494140625,0.1204833984375,0.02337646484375,1,5,Big Berry Manzanita,Montezuma cypress,desert mistletoe,elephant tree,black willow,Big Berry Manzanita
val/07709_Plantae_Tracheophyta_Magnoliopsida_Ericales_Ericaceae_Arctostaphylos_glauca/46885019-4032-4b04-b743-7039163e2172.jpg,380,474,0,474,492,420,398,380,0.62646484375,0.08392333984375,0.06781005859375,0.03289794921875,0.0222015380859375,1,5,Big Berry Manzanita,elephant tree,ponderosa pine,Beechdrops,black locust,Big Berry Manzanita
val/07709_Plantae_Tracheophyta_Magnoliopsida_Ericales_Ericaceae_Arctostaphylos_glauca/82d8cc8b-55e1-4166-8070-b4794ec33772.jpg,380,405,0,405,469,465,380,398,0.490966796875,0.09552001953125,0.09197998046875,0.09027099609375,0.0250091552734375,1,4,Big Berry Manzanita,Coast silk tassel,Siberian elm,Blackthorn,Big Berry Manzanita,black locust
val/07715_Plantae_Tracheophyta_Magnoliopsida_Ericales_Ericaceae_Calluna_vulgaris/54c20a50-d12b-4215-92ad-9eac99dc5708.jpg,381,281,0,281,381,347,391,431,0.8662109375,0.12432861328125,0.004474639892578125,0.0005412101745605469,0.0002932548522949219,1,2,common heather,nodding onion,common heather,European Searocket,longleaf phlox,Dakota mock vervain
val/07715_Plantae_Tracheophyta_Magnoliopsida_Ericales_Ericaceae_Calluna_vulgaris/50265fe7-68f0-43f9-adf5-31ccd7d8294a.jpg,381,416,0,416,381,421,360,427,0.548828125,0.281494140625,0.032806396484375,0.0218963623046875,0.0204925537109375,1,2,common heather,woolly blue curls,common heather,Red Odontites,ragged-Robin,Butterfly bush
val/07715_Plantae_Tracheophyta_Magnoliopsida_Ericales_Ericaceae_Calluna_vulgaris/fb4bb0a8-e6ed-4826-80ab-ac2a514f5115.jpg,381,318,0,318,381,283,421,284,0.425537109375,0.10150146484375,0.070068359375,0.04376220703125,0.040557861328125,1,2,common heather,common yarrow,common heather,Spiny Asparagus,Red Odontites,asparagus
val/07718_Plantae_Tracheophyta_Magnoliopsida_Ericales_Ericaceae_Ceratiola_ericoides/d6b3b576-231e-4da3-8b6c-f38a943f5118.jpg,382,359,0,359,382,333,276,278,0.74365234375,0.05810546875,0.050262451171875,0.0178375244140625,0.016204833984375,1,2,sand heath,Sea Sandwort,sand heath,Tauhinu,delicate fern moss,Flat-leaved Scalewort
val/07723_Plantae_Tracheophyta_Magnoliopsida_Ericales_Ericaceae_Dracophyllum_longifolium/7a07e87f-8aab-46f0-9e3a-fba3ee678fc1.jpg,383,449,0,449,383,288,491,489,0.281494140625,0.11383056640625,0.10723876953125,0.0269317626953125,0.0265045166015625,1,2,Inaka,Golden Sunshinebush,Inaka,Mountain flax,lodgepole pine,Montezuma cypress
val/07723_Plantae_Tracheophyta_Magnoliopsida_Ericales_Ericaceae_Dracophyllum_longifolium/71021122-334d-4922-b14a-363fd6399b30.jpg,383,288,0,288,383,308,448,437,0.321044921875,0.1512451171875,0.12176513671875,0.03729248046875,0.0268096923828125,1,2,Inaka,Mountain flax,Inaka,Green Bristle Grass,Coastal Banksia,Cassava
val/07732_Plantae_Tracheophyta_Magnoliopsida_Ericales_Ericaceae_Erica_coccinea/6a43b026-311c-4878-9447-fb504babf83b.jpg,384,450,0,450,209,384,423,153,0.765625,0.0869140625,0.0166015625,0.0079193115234375,0.0078277587890625,1,3,Red Heath,red pagoda,Indian White-eye,Red Heath,scarlet monkeyflower,Black-chinned Hummingbird
val/07740_Plantae_Tracheophyta_Magnoliopsida_Ericales_Ericaceae_Gaultheria_antipoda/ed588320-5d4a-4389-9159-d6b3bbba4806.jpg,385,407,0,407,387,385,319,333,0.256103515625,0.190673828125,0.1695556640625,0.11163330078125,0.05609130859375,1,3,Gaultheria antipoda,Coprosma dumosa,Prickly mingimingi,Gaultheria antipoda,common burrobrush,Tauhinu
val/07740_Plantae_Tracheophyta_Magnoliopsida_Ericales_Ericaceae_Gaultheria_antipoda/a4eecf92-0224-4a9c-b6cf-bf8a8b6e5128.jpg,385,466,0,466,385,375,469,353,0.07891845703125,0.0548095703125,0.046905517578125,0.046875,0.040313720703125,1,2,Gaultheria antipoda,Himalayan-berry,Gaultheria antipoda,Tree Tutu,Siberian elm,Mignonette vine
val/07740_Plantae_Tracheophyta_Magnoliopsida_Ericales_Ericaceae_Gaultheria_antipoda/6065165e-f616-463c-842f-47be0f090a30.jpg,385,407,0,407,385,275,477,350,0.87646484375,0.09130859375,0.004253387451171875,0.00347900390625,0.0034122467041015625,1,2,Gaultheria antipoda,Coprosma dumosa,Gaultheria antipoda,fan moss,jade plant,California shieldpod
val/07750_Plantae_Tracheophyta_Magnoliopsida_Ericales_Ericaceae_Kalmia_procumbens/8baf65cc-3c3e-413c-a547-52d5cf8861ed.jpg,386,381,0,381,386,363,486,370,0.5341796875,0.40966796875,0.0276031494140625,0.00276947021484375,0.0026912689208984375,1,2,alpine azalea,common heather,alpine azalea,Perez's sea lavender,Pima Rhatany,woodland pterostegia
val/07750_Plantae_Tracheophyta_Magnoliopsida_Ericales_Ericaceae_Kalmia_procumbens/6d411116-2a45-48a8-ad4e-02f245c2decf.jpg,386,486,0,486,386,381,463,369,0.87451171875,0.1107177734375,0.003276824951171875,0.0012826919555664062,0.0011796951293945312,1,2,alpine azalea,Pima Rhatany,alpine azalea,common heather,desert almond,beach knotweed
val/07751_Plantae_Tracheophyta_Magnoliopsida_Ericales_Ericaceae_Leptecophylla_juniperina/be22d786-61b8-4fea-a427-356b78502f83.jpg,387,426,0,426,387,361,29,319,0.144775390625,0.1207275390625,0.09320068359375,0.07080078125,0.055419921875,1,2,Prickly mingimingi,Slender speedwell,Prickly mingimingi,lesser stitchwort,European Striped Shield Bug,common burrobrush
val/07751_Plantae_Tracheophyta_Magnoliopsida_Ericales_Ericaceae_Leptecophylla_juniperina/bb73b1bd-cc37-4691-90a4-684cd8c685d4.jpg,387,382,0,382,387,449,491,452,0.86962890625,0.1163330078125,0.0015392303466796875,0.0010557174682617188,0.0009417533874511719,1,2,Prickly mingimingi,sand heath,Prickly mingimingi,Golden Sunshinebush,lodgepole pine,Spring Adonis
val/07792_Plantae_Tracheophyta_Magnoliopsida_Ericales_Ericaceae_Vaccinium_membranaceum/7b03619f-89d8-4164-ad1e-f98edb7abf3f.jpg,388,477,0,477,405,388,465,191,0.42431640625,0.08526611328125,0.051422119140625,0.038787841796875,0.033203125,1,3,black huckleberry,jade plant,Coast silk tassel,black huckleberry,Blackthorn,American Redstart
val/07792_Plantae_Tracheophyta_Magnoliopsida_Ericales_Ericaceae_Vaccinium_membranaceum/614ce9b6-321a-447a-a8ef-193cceba27a9.jpg,388,449,0,449,388,450,379,439,0.177490234375,0.1744384765625,0.129150390625,0.09857177734375,0.07025146484375,1,2,black huckleberry,Golden Sunshinebush,black huckleberry,red pagoda,strawberry tree,bebb's willow
val/07792_Plantae_Tracheophyta_Magnoliopsida_Ericales_Ericaceae_Vaccinium_membranaceum/6898fcd4-f394-47da-891e-f2720e701706.jpg,388,378,0,378,388,485,464,447,0.73876953125,0.07318115234375,0.05523681640625,0.024993896484375,0.02264404296875,1,2,black huckleberry,mapleleaf viburnum,black huckleberry,Porcelain Berry,sand cherry,Wineberry
val/07814_Plantae_Tracheophyta_Magnoliopsida_Ericales_Polemoniaceae_Ipomopsis_longiflora/bdabc647-6ed9-4df1-97ee-ef1681483813.jpg,389,248,0,248,245,389,382,226,0.2144775390625,0.1201171875,0.06463623046875,0.0341796875,0.026214599609375,1,3,flaxflowered ipomopsis,Massasauga,Mole Snake,flaxflowered ipomopsis,sand heath,Hooded Skunk
val/07814_Plantae_Tracheophyta_Magnoliopsida_Ericales_Polemoniaceae_Ipomopsis_longiflora/91464794-21d2-4e56-b952-84cc6bbc0e90.jpg,389,301,0,301,389,95,362,302,0.95166015625,0.0161285400390625,0.01422882080078125,0.005420684814453125,0.00493621826171875,1,2,flaxflowered ipomopsis,snow trillium,flaxflowered ipomopsis,Barred Yellow,Small-leaved Blinks,painted trillium
val/07814_Plantae_Tracheophyta_Magnoliopsida_Ericales_Polemoniaceae_Ipomopsis_longiflora/3fff0f90-e988-433f-8184-ae471b545970.jpg,389,290,0,290,484,342,391,389,0.5078125,0.11083984375,0.06256103515625,0.04986572265625,0.045867919921875,1,5,flaxflowered ipomopsis,Red Helleborine,White Horse-nettle,California Harebell,longleaf phlox,flaxflowered ipomopsis
val/07832_Plantae_Tracheophyta_Magnoliopsida_Ericales_Polemoniaceae_Phlox_longifolia/813fc712-3a30-4860-b637-fef489aba645.jpg,391,412,0,412,361,347,391,336,0.44287109375,0.30322265625,0.06195068359375,0.058990478515625,0.0256195068359375,1,4,longleaf phlox,spotted horse mint,lesser stitchwort,European Searocket,longleaf phlox,Woad-leaved ragwort
val/07843_Plantae_Tracheophyta_Magnoliopsida_Ericales_Primulaceae_Androsace_septentrionalis/5b9d2b57-3c54-4c26-a71f-dc72568442f4.jpg,392,365,0,365,392,362,389,397,0.312744140625,0.2108154296875,0.08685302734375,0.04547119140625,0.0298919677734375,1,2,pygmy-flower rock-jasmine,skeleton weed,pygmy-flower rock-jasmine,Small-leaved Blinks,flaxflowered ipomopsis,Common Flat-pea
val/07888_Plantae_Tracheophyta_Magnoliopsida_Fabales_Fabaceae_Acacia_confusa/f440f4b9-38a4-4cd9-9a06-dd7558d953fa.jpg,393,262,0,262,393,394,490,325,0.257568359375,0.1011962890625,0.047119140625,0.042388916015625,0.02362060546875,1,2,Taiwan Acacia,Golden Hair-lichen,Taiwan Acacia,longleaf wattle,white fir,tall boneset
val/07888_Plantae_Tracheophyta_Magnoliopsida_Fabales_Fabaceae_Acacia_confusa/cd156a97-c531-460b-ad30-9bca0c297151.jpg,393,441,0,441,393,472,283,172,0.833984375,0.1561279296875,0.0016775131225585938,0.0006804466247558594,0.0006318092346191406,1,2,Taiwan Acacia,black willow,Taiwan Acacia,desert mistletoe,Spiny Asparagus,Fish Crow
val/07888_Plantae_Tracheophyta_Magnoliopsida_Fabales_Fabaceae_Acacia_confusa/00d9944f-3c5a-4a40-9751-ad44ff55188f.jpg,393,403,0,403,437,417,435,393,0.68505859375,0.0579833984375,0.0462646484375,0.0275421142578125,0.0225830078125,1,5,Taiwan Acacia,willow oak,Cassava,Lilac chaste tree,Tropic Croton,Taiwan Acacia
val/07888_Plantae_Tracheophyta_Magnoliopsida_Fabales_Fabaceae_Acacia_confusa/cd439158-3d92-4137-9ca8-4d1f1e4226f4.jpg,393,394,0,394,338,393,262,283,0.76806640625,0.0838623046875,0.054229736328125,0.031646728515625,0.01006317138671875,1,3,Taiwan Acacia,longleaf wattle,common wrinkle-leaved goldenrod,Taiwan Acacia,Golden Hair-lichen,Spiny Asparagus
val/07888_Plantae_Tracheophyta_Magnoliopsida_Fabales_Fabaceae_Acacia_confusa/5ebb8e9a-e1c3-43fc-822f-49a60b82d74b.jpg,393,403,0,403,441,393,309,404,0.7236328125,0.10028076171875,0.07025146484375,0.049072265625,0.0162200927734375,1,3,Taiwan Acacia,willow oak,black willow,Taiwan Acacia,Saint Augustine grass,California Wax Myrtle
val/07943_Plantae_Tracheophyta_Magnoliopsida_Fabales_Fabaceae_Cytisus_scoparius/27b03208-0042-4a10-ad68-93a5be094e21.jpg,395,399,0,399,395,429,374,458,0.5634765625,0.28759765625,0.039154052734375,0.033111572265625,0.0167083740234375,1,2,Scotch Broom,California goldenbanner,Scotch Broom,Wand Mullein,Streambank Stickleaf,meadow buttercup
val/07943_Plantae_Tracheophyta_Magnoliopsida_Fabales_Fabaceae_Cytisus_scoparius/b0f4d5bd-897a-4fb6-9285-ae14e6df1e62.jpg,395,458,0,458,395,399,321,429,0.43115234375,0.319091796875,0.09619140625,0.0260467529296875,0.021575927734375,1,2,Scotch Broom,meadow buttercup,Scotch Broom,California goldenbanner,tickseed beggar-ticks,Wand Mullein
val/08024_Plantae_Tracheophyta_Magnoliopsida_Fabales_Fabaceae_Melilotus_albus/728ef5ce-07fc-4277-8746-9d98e7072542.jpg,396,296,0,296,350,396,463,429,0.7021484375,0.1173095703125,0.1068115234375,0.0307769775390625,0.00673675537109375,1,3,white sweet clover,Slender Ladies' Tresses,California shieldpod,white sweet clover,desert almond,Wand Mullein
val/08047_Plantae_Tracheophyta_Magnoliopsida_Fabales_Fabaceae_Platylobium_obtusangulum/289cce2d-16e5-4e18-bb42-2a9d58e7a00a.jpg,397,464,0,464,379,397,440,479,0.284912109375,0.09869384765625,0.09735107421875,0.09423828125,0.0892333984375,1,3,Common Flat-pea,sand cherry,strawberry tree,Common Flat-pea,Grey Willow,Goose-berry
val/08130_Plantae_Tracheophyta_Magnoliopsida_Fabales_Polygalaceae_Polygala_nana/8ead6368-2330-43cc-af35-c6b4c594f321.jpg,400,72,0,72,323,39,400,308,0.1890869140625,0.1588134765625,0.0780029296875,0.06396484375,0.0241241455078125,1,4,candyroot,Green Oak-Slug Moth,narrow-leaved hawksbeard,Pure Green Sweat Bee,candyroot,Green Bristle Grass
val/08132_Plantae_Tracheophyta_Magnoliopsida_Fabales_Polygalaceae_Polygala_rugelii/0f5ff701-f587-4c5d-9623-d5f06cbb6e38.jpg,401,323,0,323,334,401,341,337,0.7314453125,0.1849365234375,0.0164947509765625,0.01214599609375,0.004924774169921875,1,3,Yellow milkwort,narrow-leaved hawksbeard,Great Plains Ragwort,Yellow milkwort,tree marigold,prairie dock
val/08193_Plantae_Tracheophyta_Magnoliopsida_Fagales_Fagaceae_Quercus_michauxii/3865df95-ec70-4bf3-a205-713435dba338.jpg,402,433,0,433,402,432,302,398,0.97314453125,0.01727294921875,0.0067901611328125,0.0007033348083496094,0.0005011558532714844,1,2,swamp chestnut oak,umbrella magnolia,swamp chestnut oak,common pawpaw,painted trillium,black locust
val/08193_Plantae_Tracheophyta_Magnoliopsida_Fagales_Fagaceae_Quercus_michauxii/c5915bce-66c2-4ace-b328-79fbd049059d.jpg,402,487,0,487,492,393,402,490,0.5927734375,0.34326171875,0.0283966064453125,0.00984954833984375,0.00508880615234375,1,4,swamp chestnut oak,giant sequoia,ponderosa pine,Taiwan Acacia,swamp chestnut oak,white fir
val/08193_Plantae_Tracheophyta_Magnoliopsida_Fagales_Fagaceae_Quercus_michauxii/fab69a31-5489-47c6-ab95-9a16a59cf011.jpg,402,460,0,460,402,475,317,459,0.184814453125,0.1783447265625,0.152587890625,0.14111328125,0.07354736328125,1,2,swamp chestnut oak,parsley hawthorn,swamp chestnut oak,field maple,American holly,Korean mulberry
val/08193_Plantae_Tracheophyta_Magnoliopsida_Fagales_Fagaceae_Quercus_michauxii/e4f80c30-8ddb-4fe9-bf76-543693daf024.jpg,402,378,0,378,402,447,459,475,0.435791015625,0.28466796875,0.201171875,0.041839599609375,0.00806427001953125,1,2,swamp chestnut oak,mapleleaf viburnum,swamp chestnut oak,Wineberry,Korean mulberry,field maple
val/08198_Plantae_Tracheophyta_Magnoliopsida_Fagales_Fagaceae_Quercus_phellos/f5d7de0f-bd1a-47e0-9fcf-4eb38197b7e8.jpg,403,309,0,309,306,288,403,441,0.313720703125,0.29296875,0.07745361328125,0.05908203125,0.040374755859375,1,4,willow oak,Saint Augustine grass,Dallis grass,Mountain flax,willow oak,black willow
val/08198_Plantae_Tracheophyta_Magnoliopsida_Fagales_Fagaceae_Quercus_phellos/b82e5ce0-211e-475c-8d26-2b19ee81e123.jpg,403,437,0,437,427,393,403,238,0.359130859375,0.326171875,0.0654296875,0.0499267578125,0.01096343994140625,1,4,willow oak,Cassava,Butterfly bush,Taiwan Acacia,willow oak,Common Bronze-back
val/08198_Plantae_Tracheophyta_Magnoliopsida_Fagales_Fagaceae_Quercus_phellos/02b0d1f7-8dca-4755-9c55-af7f730701cb.jpg,403,417,0,417,406,433,352,403,0.5859375,0.1617431640625,0.09967041015625,0.033447265625,0.02276611328125,1,5,willow oak,Lilac chaste tree,American columbo,umbrella magnolia,Mexican tea,willow oak
val/08220_Plantae_Tracheophyta_Magnoliopsida_Fagales_Myricaceae_Morella_californica/270fc33f-f6bc-4641-8c97-643a97c86915.jpg,404,434,0,434,404,379,439,338,0.1654052734375,0.07781982421875,0.057769775390625,0.050994873046875,0.042510986328125,1,2,California Wax Myrtle,common copperleaf,California Wax Myrtle,strawberry tree,bebb's willow,common wrinkle-leaved goldenrod
val/08220_Plantae_Tracheophyta_Magnoliopsida_Fagales_Myricaceae_Morella_californica/f81864c8-1b81-4c2d-b3ae-f09e05a7a548.jpg,404,406,0,406,324,297,404,320,0.358642578125,0.23974609375,0.04925537109375,0.040740966796875,0.033355712890625,1,4,California Wax Myrtle,American columbo,tropical horseweed,giant white fawn lily,California Wax Myrtle,common mugwort
val/08220_Plantae_Tracheophyta_Magnoliopsida_Fagales_Myricaceae_Morella_californica/cf5aee29-00ff-4914-b0b9-f36e7ba43024.jpg,404,449,0,449,316,394,382,404,0.42236328125,0.1263427734375,0.09088134765625,0.048095703125,0.042572021484375,1,5,California Wax Myrtle,Golden Sunshinebush,Octopus Tree,longleaf wattle,sand heath,California Wax Myrtle
val/08220_Plantae_Tracheophyta_Magnoliopsida_Fagales_Myricaceae_Morella_californica/4a8fe5b9-26a2-46ce-9f10-79efc10ddcc7.jpg,404,379,0,379,404,449,388,430,0.402099609375,0.318603515625,0.0968017578125,0.020111083984375,0.01502227783203125,1,2,California Wax Myrtle,strawberry tree,California Wax Myrtle,Golden Sunshinebush,black huckleberry,golden dewdrop
val/08226_Plantae_Tracheophyta_Magnoliopsida_Garryales_Garryaceae_Garrya_elliptica/3b94b0d6-2db3-471d-9f95-b16b474fdcd9.jpg,405,439,0,439,405,465,440,467,0.310791015625,0.12384033203125,0.11859130859375,0.1185302734375,0.072998046875,1,2,Coast silk tassel,bebb's willow,Coast silk tassel,Blackthorn,Grey Willow,Rubus schmidelioides
val/08226_Plantae_Tracheophyta_Magnoliopsida_Garryales_Garryaceae_Garrya_elliptica/3cd85cbf-e4a0-42f4-b1e0-5c5144f0fd88.jpg,405,371,0,371,405,404,369,350,0.43115234375,0.18359375,0.048492431640625,0.02471923828125,0.0231781005859375,1,2,Coast silk tassel,canaigre dock,Coast silk tassel,California Wax Myrtle,beach knotweed,California shieldpod
val/08226_Plantae_Tracheophyta_Magnoliopsida_Garryales_Garryaceae_Garrya_elliptica/2c266f61-d8d7-4cd2-98e5-1780b358fb64.jpg,405,489,0,489,488,491,405,490,0.52001953125,0.05877685546875,0.038543701171875,0.0252685546875,0.0243682861328125,1,4,Coast silk tassel,Montezuma cypress,baldcypress,lodgepole pine,Coast silk tassel,white fir
val/08293_Plantae_Tracheophyta_Magnoliopsida_Gentianales_Gentianaceae_Frasera_caroliniensis/a35ae0e8-7629-4a85-91f7-6a94e293b8b0.jpg,406,314,0,314,453,425,406,423,0.8828125,0.033660888671875,0.012969970703125,0.007221221923828125,0.00601959228515625,1,4,American columbo,Japanese aralia,meadow anemone,American brooklime,American columbo,scarlet monkeyflower
val/08293_Plantae_Tracheophyta_Magnoliopsida_Gentianales_Gentianaceae_Frasera_caroliniensis/4d89a375-f487-4bbf-be78-e507bf2eb443.jpg,406,324,0,324,406,412,475,338,0.11669921875,0.1004638671875,0.035919189453125,0.029815673828125,0.0271759033203125,1,2,American columbo,tropical horseweed,American columbo,spotted horse mint,field maple,common wrinkle-leaved goldenrod
val/08325_Plantae_Tracheophyta_Magnoliopsida_Gentianales_Rubiaceae_Coprosma_dumosa/8f896e16-e0d6-4ab2-8ebf-18ed2d4cfced.jpg,407,463,0,463,284,283,319,407,0.2191162109375,0.1834716796875,0.1258544921875,0.1007080078125,0.0802001953125,1,5,Coprosma dumosa,desert almond,asparagus,Spiny Asparagus,common burrobrush,Coprosma dumosa
val/08327_Plantae_Tracheophyta_Magnoliopsida_Gentianales_Rubiaceae_Coprosma_grandifolia/0963a06a-ad1b-46fc-afcf-f6f1653ca4f6.jpg,408,405,0,405,408,317,465,375,0.55029296875,0.1607666015625,0.043426513671875,0.03485107421875,0.02984619140625,1,2,Kanono,Coast silk tassel,Kanono,American holly,Blackthorn,Tree Tutu
val/08426_Plantae_Tracheophyta_Magnoliopsida_Lamiales_Lamiaceae_Ajuga_genevensis/b8e739c5-1afb-4f96-8189-530d57bafc09.jpg,409,410,0,410,409,415,471,459,0.56201171875,0.39208984375,0.01398468017578125,0.0029544830322265625,0.002033233642578125,1,2,Blue Bugle,carpet bugle,Blue Bugle,Marsh Woundwort,Dwarf Nettle,Korean mulberry
val/08426_Plantae_Tracheophyta_Magnoliopsida_Lamiales_Lamiaceae_Ajuga_genevensis/831187cf-9eca-43e9-ba83-753b2712ccea.jpg,409,410,0,410,409,425,342,411,0.9892578125,0.006744384765625,0.0006628036499023438,0.0005693435668945312,0.0004031658172607422,1,2,Blue Bugle,carpet bugle,Blue Bugle,American brooklime,California Harebell,lemon balm
val/08426_Plantae_Tracheophyta_Magnoliopsida_Lamiales_Lamiaceae_Ajuga_genevensis/4717a0b0-054e-409b-a571-746f29564e3d.jpg,409,410,0,410,409,344,454,415,0.86181640625,0.1236572265625,0.004878997802734375,0.0007295608520507812,0.0005655288696289062,1,2,Blue Bugle,carpet bugle,Blue Bugle,Salvation Jane,common columbine,Marsh Woundwort
val/08426_Plantae_Tracheophyta_Magnoliopsida_Lamiales_Lamiaceae_Ajuga_genevensis/20270bfe-ccbf-41cb-b39d-f678219b8f0f.jpg,409,410,0,410,409,344,425,286,0.51416015625,0.328125,0.042022705078125,0.0289459228515625,0.02056884765625,1,2,Blue Bugle,carpet bugle,Blue Bugle,Salvation Jane,American brooklime,Grape hyacinth
val/08426_Plantae_Tracheophyta_Magnoliopsida_Lamiales_Lamiaceae_Ajuga_genevensis/acbc910d-223a-48dd-a3ad-76500ea73f1a.jpg,409,410,0,410,409,425,286,414,0.77783203125,0.173583984375,0.007091522216796875,0.005767822265625,0.0043487548828125,1,2,Blue Bugle,carpet bugle,Blue Bugle,American brooklime,Grape hyacinth,chia
val/08426_Plantae_Tracheophyta_Magnoliopsida_Lamiales_Lamiaceae_Ajuga_genevensis/62620be3-3323-459b-a782-91a6362781a5.jpg,409,410,0,410,409,285,417,416,0.6669921875,0.151123046875,0.083984375,0.029022216796875,0.017120361328125,1,2,Blue Bugle,carpet bugle,Blue Bugle,small camas,Lilac chaste tree,woolly blue curls
val/08427_Plantae_Tracheophyta_Magnoliopsida_Lamiales_Lamiaceae_Ajuga_reptans/0eca21de-4861-49b1-93c0-3a81854c50cf.jpg,410,415,0,415,410,409,421,291,0.46240234375,0.25537109375,0.15185546875,0.033233642578125,0.01435089111328125,1,2,carpet bugle,Marsh Woundwort,carpet bugle,Blue Bugle,Red Odontites,Common Spotted Orchid
val/08427_Plantae_Tracheophyta_Magnoliopsida_Lamiales_Lamiaceae_Ajuga_reptans/69cfe9dd-fe2d-48cf-9461-9b8733a455ff.jpg,410,409,0,409,410,286,34,425,0.455322265625,0.2044677734375,0.03253173828125,0.021331787109375,0.01177978515625,1,2,carpet bugle,Blue Bugle,carpet bugle,Grape hyacinth,Southern Carpenter Bee,American brooklime
val/08427_Plantae_Tracheophyta_Magnoliopsida_Lamiales_Lamiaceae_Ajuga_reptans/162e93c5-5948-483e-88a9-a3406f91fbe6.jpg,410,409,0,409,344,410,286,484,0.91552734375,0.058074951171875,0.0245819091796875,0.0005826950073242188,0.00015044212341308594,1,3,carpet bugle,Blue Bugle,Salvation Jane,carpet bugle,Grape hyacinth,White Horse-nettle
val/08427_Plantae_Tracheophyta_Magnoliopsida_Lamiales_Lamiaceae_Ajuga_reptans/0aafb60d-e751-45bb-8765-b972d0ce889b.jpg,410,409,0,409,410,412,286,415,0.98046875,0.01253509521484375,0.0007386207580566406,0.0006194114685058594,0.000583648681640625,1,2,carpet bugle,Blue Bugle,carpet bugle,spotted horse mint,Grape hyacinth,Marsh Woundwort
val/08427_Plantae_Tracheophyta_Magnoliopsida_Lamiales_Lamiaceae_Ajuga_reptans/fce67145-63fb-4e8b-a8cb-84c4ae97c36f.jpg,410,381,0,381,336,421,417,410,0.396240234375,0.218017578125,0.10601806640625,0.08758544921875,0.052703857421875,1,5,carpet bugle,common heather,Woad-leaved ragwort,Red Odontites,Lilac chaste tree,carpet bugle
val/08427_Plantae_Tracheophyta_Magnoliopsida_Lamiales_Lamiaceae_Ajuga_reptans/0f1083b2-506c-46ae-9fd5-f2a68a2ecc26.jpg,410,366,0,366,94,410,408,332,0.194580078125,0.146240234375,0.12353515625,0.1083984375,0.0721435546875,1,3,carpet bugle,Fringed Bindweed,Thoas Swallowtail,carpet bugle,Kanono,white rattlesnakeroot
val/08460_Plantae_Tracheophyta_Magnoliopsida_Lamiales_Lamiaceae_Melissa_officinalis/57334678-a970-4328-80bb-c370241f6e28.jpg,411,471,0,471,411,451,495,447,0.260009765625,0.12017822265625,0.09197998046875,0.0877685546875,0.08135986328125,1,2,lemon balm,Dwarf Nettle,lemon balm,black cohosh,Crown Fern,Wineberry
val/08460_Plantae_Tracheophyta_Magnoliopsida_Lamiales_Lamiaceae_Melissa_officinalis/d4b5160d-1070-4376-bb74-3462bc2897f0.jpg,411,424,0,424,470,411,425,485,0.34375,0.2437744140625,0.10003662109375,0.033447265625,0.031646728515625,1,3,lemon balm,American lopseed,Canadian wood nettle,lemon balm,American brooklime,Porcelain Berry
val/08482_Plantae_Tracheophyta_Magnoliopsida_Lamiales_Lamiaceae_Salvia_apiana/5191678a-73af-4d50-bcba-5c5ea778c939.jpg,413,439,0,439,440,394,413,441,0.64990234375,0.2020263671875,0.05010986328125,0.01322174072265625,0.006069183349609375,1,4,white sage,bebb's willow,Grey Willow,longleaf wattle,white sage,black willow
val/08486_Plantae_Tracheophyta_Magnoliopsida_Lamiales_Lamiaceae_Salvia_columbariae/bb3e4917-3944-43fb-beb0-e7dc4c6079ab.jpg,414,286,0,286,414,410,409,344,0.646484375,0.203125,0.0160675048828125,0.013824462890625,0.00907135009765625,1,2,chia,Grape hyacinth,chia,carpet bugle,Blue Bugle,Salvation Jane
val/08486_Plantae_Tracheophyta_Magnoliopsida_Lamiales_Lamiaceae_Salvia_columbariae/b5ab0c1f-c2ae-4924-8e7e-72198bc497c3.jpg,414,416,0,416,344,414,343,286,0.36181640625,0.256103515625,0.2496337890625,0.0290374755859375,0.0111083984375,1,3,chia,woolly blue curls,Salvation Jane,chia,Sheep's-bit,Grape hyacinth
val/08486_Plantae_Tracheophyta_Magnoliopsida_Lamiales_Lamiaceae_Salvia_columbariae/bf9d2ae0-0e5b-48ea-8f1d-b3b13bd416f5.jpg,414,322,0,322,414,343,340,448,0.71923828125,0.0831298828125,0.02374267578125,0.02374267578125,0.01177215576171875,1,2,chia,Texas Thistle,chia,Sheep's-bit,common dandelion,Coastal Banksia
val/08486_Plantae_Tracheophyta_Magnoliopsida_Lamiales_Lamiaceae_Salvia_columbariae/fa2c8a58-a42d-4733-abd7-ee7a44495019.jpg,414,343,0,343,414,363,416,409,0.80224609375,0.0865478515625,0.0640869140625,0.019012451171875,0.005344390869140625,1,2,chia,Sheep's-bit,chia,Perez's sea lavender,woolly blue curls,Blue Bugle
val/08523_Plantae_Tracheophyta_Magnoliopsida_Lamiales_Lamiaceae_Trichostema_lanatum/dfc04156-324a-45e9-bd8b-3d1dea7bd525.jpg,416,381,0,381,416,421,382,336,0.82470703125,0.051513671875,0.036895751953125,0.033843994140625,0.0108795166015625,1,2,woolly blue curls,common heather,woolly blue curls,Red Odontites,sand heath,Woad-leaved ragwort
val/08523_Plantae_Tracheophyta_Magnoliopsida_Lamiales_Lamiaceae_Trichostema_lanatum/0948250a-56b2-40ed-ad49-db73499447a7.jpg,416,389,0,389,416,304,391,281,0.54736328125,0.0947265625,0.05584716796875,0.0233306884765625,0.0231781005859375,1,2,woolly blue curls,flaxflowered ipomopsis,woolly blue curls,Fingered Sedge,longleaf phlox,nodding onion
val/08526_Plantae_Tracheophyta_Magnoliopsida_Lamiales_Lamiaceae_Vitex_agnus-castus/068d48e1-ca20-4c7a-8574-9dec0631ff4e.jpg,417,406,0,406,320,300,417,419,0.1873779296875,0.141845703125,0.11102294921875,0.059295654296875,0.0576171875,1,4,Lilac chaste tree,American columbo,common mugwort,Leopard Lily,Lilac chaste tree,Purple paintbrush
val/08526_Plantae_Tracheophyta_Magnoliopsida_Lamiales_Lamiaceae_Vitex_agnus-castus/804e3361-8513-44e1-a00f-18ce5c67447c.jpg,417,403,0,403,437,417,393,441,0.7216796875,0.1387939453125,0.1015625,0.01337432861328125,0.004657745361328125,1,3,Lilac chaste tree,willow oak,Cassava,Lilac chaste tree,Taiwan Acacia,black willow
val/08569_Plantae_Tracheophyta_Magnoliopsida_Lamiales_Orobanchaceae_Castilleja_arvensis/eae83514-fb07-403d-bb4e-bdbff3392ce5.jpg,418,422,0,422,418,478,419,320,0.87158203125,0.118896484375,0.0018339157104492188,0.0008330345153808594,0.0005574226379394531,1,2,field Indian paintbrush,Indian Warrior,field Indian paintbrush,western roseroot,Purple paintbrush,common mugwort
val/08569_Plantae_Tracheophyta_Magnoliopsida_Lamiales_Orobanchaceae_Castilleja_arvensis/f912c4db-f377-4fb1-957d-9f15b0535a41.jpg,418,302,0,302,423,418,446,397,0.447021484375,0.259765625,0.196044921875,0.016448974609375,0.007503509521484375,1,3,field Indian paintbrush,painted trillium,scarlet monkeyflower,field Indian paintbrush,rose evening primrose,Common Flat-pea
val/08592_Plantae_Tracheophyta_Magnoliopsida_Lamiales_Orobanchaceae_Epifagus_virginiana/da56adc0-cc2f-4f76-9a72-6569c39badbe.jpg,420,377,0,377,408,398,366,420,0.1361083984375,0.13134765625,0.09234619140625,0.08270263671875,0.07440185546875,1,5,Beechdrops,Western Snowberry,Kanono,black locust,Fringed Bindweed,Beechdrops
val/08600_Plantae_Tracheophyta_Magnoliopsida_Lamiales_Orobanchaceae_Odontites_vulgaris/bba3754b-cbb6-41b2-8ebd-d4fd0d19d711.jpg,421,381,0,381,421,364,281,382,0.8447265625,0.1395263671875,0.00670623779296875,0.0009007453918457031,0.0006971359252929688,1,2,Red Odontites,common heather,Red Odontites,alpine bistort,nodding onion,sand heath
val/08600_Plantae_Tracheophyta_Magnoliopsida_Lamiales_Orobanchaceae_Odontites_vulgaris/af119cb7-cfb7-441d-802a-d7e7c6d8ec40.jpg,421,412,0,412,480,421,32,350,0.1595458984375,0.109619140625,0.07427978515625,0.0716552734375,0.0504150390625,1,3,Red Odontites,spotted horse mint,youth on age,Red Odontites,Jagged Ambush Bug,California shieldpod
val/08600_Plantae_Tracheophyta_Magnoliopsida_Lamiales_Orobanchaceae_Odontites_vulgaris/cc2dc4e2-7003-44f3-933d-42109deb6308.jpg,421,381,0,381,421,415,422,320,0.47265625,0.25048828125,0.032501220703125,0.0253143310546875,0.010772705078125,1,2,Red Odontites,common heather,Red Odontites,Marsh Woundwort,Indian Warrior,common mugwort
val/08606_Plantae_Tracheophyta_Magnoliopsida_Lamiales_Orobanchaceae_Pedicularis_densiflora/8019bde8-68be-4edb-b0c5-1e41049c7592.jpg,422,418,0,418,422,478,423,327,0.328369140625,0.2327880859375,0.037384033203125,0.0285491943359375,0.0247802734375,1,2,Indian Warrior,field Indian paintbrush,Indian Warrior,western roseroot,scarlet monkeyflower,great blanketflower
val/08626_Plantae_Tracheophyta_Magnoliopsida_Lamiales_Phrymaceae_Erythranthe_cardinalis/25ba6c32-5faf-433f-aa14-ee5886e1e89e.jpg,423,278,0,278,423,275,408,317,0.18896484375,0.1875,0.0721435546875,0.04071044921875,0.038970947265625,1,2,scarlet monkeyflower,Flat-leaved Scalewort,scarlet monkeyflower,fan moss,Kanono,American holly
val/08633_Plantae_Tracheophyta_Magnoliopsida_Lamiales_Phrymaceae_Phryma_leptostachya/48bf5e20-586c-4a4c-a835-209dc9991267.jpg,424,459,0,459,424,470,378,434,0.25439453125,0.202880859375,0.044830322265625,0.0293426513671875,0.0278778076171875,1,2,American lopseed,Korean mulberry,American lopseed,Canadian wood nettle,mapleleaf viburnum,common copperleaf
val/08633_Plantae_Tracheophyta_Magnoliopsida_Lamiales_Phrymaceae_Phryma_leptostachya/d838738d-cba7-4ba1-8141-64012893dcd3.jpg,424,290,0,290,297,424,313,454,0.65576171875,0.03546142578125,0.03314208984375,0.028564453125,0.0188751220703125,1,3,American lopseed,Red Helleborine,giant white fawn lily,American lopseed,upright hedge-parsley,common columbine
val/08633_Plantae_Tracheophyta_Magnoliopsida_Lamiales_Phrymaceae_Phryma_leptostachya/d676af5b-f2f3-48fa-aeef-284799a822ec.jpg,424,480,0,480,424,294,290,113,0.59765625,0.333984375,0.035614013671875,0.00472259521484375,0.0018091201782226562,1,2,American lopseed,youth on age,American lopseed,Fly Orchid,Red Helleborine,Australian Green Mantis
val/08633_Plantae_Tracheophyta_Magnoliopsida_Lamiales_Phrymaceae_Phryma_leptostachya/ee468897-3880-4b61-9a80-fc26559789fc.jpg,424,332,0,332,424,312,459,366,0.5703125,0.09967041015625,0.04302978515625,0.042205810546875,0.039642333984375,1,2,American lopseed,white rattlesnakeroot,American lopseed,Broad-leaved Chervil,Korean mulberry,Fringed Bindweed
val/08687_Plantae_Tracheophyta_Magnoliopsida_Lamiales_Plantaginaceae_Veronica_americana/77645eda-0cc5-4bbc-be2c-b4f1fe98e7a7.jpg,425,345,0,345,425,312,434,331,0.347900390625,0.259521484375,0.11517333984375,0.07135009765625,0.04083251953125,1,2,American brooklime,broadleaf forget-me-not,American brooklime,Broad-leaved Chervil,common copperleaf,Snow Squarestem
val/08687_Plantae_Tracheophyta_Magnoliopsida_Lamiales_Plantaginaceae_Veronica_americana/ecaa7432-4788-49f4-99ac-6aa6e801a533.jpg,425,455,0,455,425,483,446,454,0.68359375,0.226318359375,0.020843505859375,0.016326904296875,0.0145263671875,1,2,American brooklime,Swamp Leather Flower,American brooklime,western horsenettle,rose evening primrose,common columbine
val/08687_Plantae_Tracheophyta_Magnoliopsida_Lamiales_Plantaginaceae_Veronica_americana/e1e919b7-b5a3-402f-9b81-fa8bc73017a1.jpg,425,345,0,345,425,456,346,331,0.77490234375,0.10675048828125,0.0357666015625,0.0257110595703125,0.0223388671875,1,2,American brooklime,broadleaf forget-me-not,American brooklime,Virginia virgin's-bower,water forget-me-not,Snow Squarestem
val/08693_Plantae_Tracheophyta_Magnoliopsida_Lamiales_Plantaginaceae_Veronica_filiformis/16265456-d9a5-44f1-ae87-af59901f2507.jpg,426,330,0,330,426,453,346,336,0.97802734375,0.011474609375,0.0009694099426269531,0.0008554458618164062,0.0005044937133789062,1,2,Slender speedwell,oxeye daisy,Slender speedwell,meadow anemone,water forget-me-not,Woad-leaved ragwort
val/08709_Plantae_Tracheophyta_Magnoliopsida_Lamiales_Scrophulariaceae_Buddleja_davidii/3c82d09d-8915-4df9-ab24-1dee01f2fd59.jpg,427,295,0,295,430,386,427,486,0.5341796875,0.13720703125,0.0645751953125,0.0161590576171875,0.0141448974609375,1,4,Butterfly bush,Philippine Ground Orchid,golden dewdrop,alpine azalea,Butterfly bush,Pima Rhatany
val/08709_Plantae_Tracheophyta_Magnoliopsida_Lamiales_Scrophulariaceae_Buddleja_davidii/578e67d3-a4dd-4caa-aad8-b7654b1c230c.jpg,427,366,0,366,415,427,371,367,0.12744140625,0.11358642578125,0.10955810546875,0.061431884765625,0.059814453125,1,3,Butterfly bush,Fringed Bindweed,Marsh Woundwort,Butterfly bush,canaigre dock,redshank
val/08717_Plantae_Tracheophyta_Magnoliopsida_Lamiales_Scrophulariaceae_Verbascum_nigrum/aaf84eda-43f9-4e5c-836b-052cfa5c3ff8.jpg,428,429,0,429,399,428,438,442,0.465087890625,0.442138671875,0.0518798828125,0.0128631591796875,0.005527496337890625,1,3,Dark Mullein,Wand Mullein,California goldenbanner,Dark Mullein,Klamath weed,Round-leaved Violet
val/08719_Plantae_Tracheophyta_Magnoliopsida_Lamiales_Scrophulariaceae_Verbascum_virgatum/262d0558-e908-4bfc-911a-c8a9bf0877d1.jpg,429,40,0,40,429,294,32,410,0.2568359375,0.239013671875,0.153076171875,0.1446533203125,0.02655029296875,1,2,Wand Mullein,Metallic Epauletted-Sweat Bee,Wand Mullein,Fly Orchid,Jagged Ambush Bug,carpet bugle
val/08719_Plantae_Tracheophyta_Magnoliopsida_Lamiales_Scrophulariaceae_Verbascum_virgatum/015c56c4-8fd6-4d90-b00b-b74e8c3e3e8c.jpg,429,324,0,324,320,277,498,429,0.45068359375,0.11260986328125,0.10272216796875,0.083984375,0.044952392578125,1,5,Wand Mullein,tropical horseweed,common mugwort,Sponge Weed,ladder fern,Wand Mullein
val/08723_Plantae_Tracheophyta_Magnoliopsida_Lamiales_Verbenaceae_Duranta_erecta/1c7283d0-00c7-41b3-b825-1d9787fbfd2b.jpg,430,303,0,303,408,430,439,388,0.423828125,0.190673828125,0.07000732421875,0.06866455078125,0.06036376953125,1,3,golden dewdrop,sawbrier,Kanono,golden dewdrop,bebb's willow,black huckleberry
val/08723_Plantae_Tracheophyta_Magnoliopsida_Lamiales_Verbenaceae_Duranta_erecta/18a472fc-2707-4ed1-b396-747100d02e84.jpg,430,431,0,431,430,291,415,417,0.56298828125,0.370849609375,0.048431396484375,0.0095367431640625,0.0038909912109375,1,2,golden dewdrop,Dakota mock vervain,golden dewdrop,Common Spotted Orchid,Marsh Woundwort,Lilac chaste tree
val/08724_Plantae_Tracheophyta_Magnoliopsida_Lamiales_Verbenaceae_Glandularia_bipinnatifida/26d7dcb9-85ab-4d15-81bf-1a2dfddea9ba.jpg,431,390,0,390,446,431,444,357,0.66552734375,0.2061767578125,0.038360595703125,0.015716552734375,0.01265716552734375,1,3,Dakota mock vervain,Drummond's phlox,rose evening primrose,Dakota mock vervain,Island Mallow,viviparous foxtail cactus
val/08757_Plantae_Tracheophyta_Magnoliopsida_Magnoliales_Annonaceae_Asimina_triloba/5efb855a-3ac8-4cdd-b8f0-bc34ea7aaad5.jpg,432,36,0,36,280,432,442,269,0.379638671875,0.1572265625,0.04132080078125,0.03314208984375,0.0224151611328125,1,3,common pawpaw,Spongy Oak Apple Gall Wasp,coconut palm,common pawpaw,Round-leaved Violet,Peppery Bolete
val/08763_Plantae_Tracheophyta_Magnoliopsida_Magnoliales_Magnoliaceae_Magnolia_tripetala/4af38f20-fadd-423c-96aa-f7af5cb7a26e.jpg,433,495,0,495,468,433,402,321,0.38916015625,0.08551025390625,0.08416748046875,0.0430908203125,0.0259246826171875,1,3,umbrella magnolia,Crown Fern,American elm,umbrella magnolia,swamp chestnut oak,tickseed beggar-ticks
val/08763_Plantae_Tracheophyta_Magnoliopsida_Magnoliales_Magnoliaceae_Magnolia_tripetala/fc54d105-da8d-4bdf-8c44-6e516fbb9dc3.jpg,433,432,0,432,433,408,476,461,0.59326171875,0.39208984375,0.003326416015625,0.002490997314453125,0.002414703369140625,1,2,umbrella magnolia,common pawpaw,umbrella magnolia,Kanono,Red Buckeye,Loquat
val/08763_Plantae_Tracheophyta_Magnoliopsida_Magnoliales_Magnoliaceae_Magnolia_tripetala/cf44fc3d-659e-41fd-bb26-2f9c6585bc5d.jpg,433,408,0,408,432,433,238,316,0.4423828125,0.218994140625,0.06671142578125,0.01898193359375,0.0179901123046875,1,3,umbrella magnolia,Kanono,common pawpaw,umbrella magnolia,Common Bronze-back,Octopus Tree
val/08767_Plantae_Tracheophyta_Magnoliopsida_Malpighiales_Euphorbiaceae_Acalypha_rhomboidea/76ab114e-186f-437b-8b7d-149397b3a638.jpg,434,335,0,335,424,462,434,312,0.184814453125,0.1640625,0.132080078125,0.071044921875,0.056915283203125,1,4,common copperleaf,leafcup,American lopseed,dwarf cinquefoil,common copperleaf,Broad-leaved Chervil
val/08773_Plantae_Tracheophyta_Magnoliopsida_Malpighiales_Euphorbiaceae_Croton_glandulosus/0489af17-8fd4-4a25-84bd-7dc3e70bd9ec.jpg,435,434,0,434,435,445,470,436,0.85546875,0.1058349609375,0.0291595458984375,0.0018815994262695312,0.0016031265258789062,1,2,Tropic Croton,common copperleaf,Tropic Croton,Cherry Tree,Canadian wood nettle,Florida Hammock Sandmat
val/08773_Plantae_Tracheophyta_Magnoliopsida_Malpighiales_Euphorbiaceae_Croton_glandulosus/5fd46c2f-5d10-4c49-9f7d-3e165089c438.jpg,435,368,0,368,435,369,418,464,0.56494140625,0.338623046875,0.06878662109375,0.00276947021484375,0.0025482177734375,1,2,Tropic Croton,prostrate knotweed,Tropic Croton,beach knotweed,field Indian paintbrush,sand cherry
val/08804_Plantae_Tracheophyta_Magnoliopsida_Malpighiales_Euphorbiaceae_Euphorbia_ophthalmica/c480d053-0e3f-4375-81d9-b10e7db6828d.jpg,436,369,0,369,467,436,353,477,0.1239013671875,0.0975341796875,0.08056640625,0.079345703125,0.058624267578125,1,3,Florida Hammock Sandmat,beach knotweed,Rubus schmidelioides,Florida Hammock Sandmat,Mignonette vine,jade plant
val/08804_Plantae_Tracheophyta_Magnoliopsida_Malpighiales_Euphorbiaceae_Euphorbia_ophthalmica/9bba656e-1df8-4f1d-8fab-8ba883446744.jpg,436,348,0,348,368,370,307,436,0.8212890625,0.0906982421875,0.053741455078125,0.01525115966796875,0.00731658935546875,1,5,Florida Hammock Sandmat,hairy bittercress,prostrate knotweed,woodland pterostegia,Annual Meadow-grass,Florida Hammock Sandmat
val/08818_Plantae_Tracheophyta_Magnoliopsida_Malpighiales_Euphorbiaceae_Manihot_esculenta/4c4c2f45-e855-43c7-9496-2d40bb66441e.jpg,437,441,0,441,437,367,116,485,0.234375,0.145751953125,0.054168701171875,0.0399169921875,0.039306640625,1,2,Cassava,black willow,Cassava,redshank,Ebony Jewelwing,Porcelain Berry
val/08818_Plantae_Tracheophyta_Magnoliopsida_Malpighiales_Euphorbiaceae_Manihot_esculenta/0668027b-988b-476d-a265-6d16a21c999f.jpg,437,476,0,476,314,437,459,316,0.276611328125,0.1466064453125,0.11114501953125,0.0738525390625,0.04437255859375,1,3,Cassava,Red Buckeye,Japanese aralia,Cassava,Korean mulberry,Octopus Tree
val/08818_Plantae_Tracheophyta_Magnoliopsida_Malpighiales_Euphorbiaceae_Manihot_esculenta/21e9dcb5-9fba-4f3a-b6c0-c7c2727fd015.jpg,437,433,0,433,417,435,403,437,0.5673828125,0.0694580078125,0.04730224609375,0.040740966796875,0.02093505859375,1,5,Cassava,umbrella magnolia,Lilac chaste tree,Tropic Croton,willow oak,Cassava
val/08834_Plantae_Tracheophyta_Magnoliopsida_Malpighiales_Hypericaceae_Hypericum_perforatum/44476e9d-8b64-4ebb-bbec-211a17d12ab9.jpg,438,338,0,338,328,321,438,334,0.73583984375,0.146240234375,0.025421142578125,0.01171875,0.008575439453125,1,4,Klamath weed,common wrinkle-leaved goldenrod,Bitterweed,tickseed beggar-ticks,Klamath weed,Great Plains Ragwort
val/08867_Plantae_Tracheophyta_Magnoliopsida_Malpighiales_Salicaceae_Salix_bebbiana/b3c8d1fb-73bb-43a4-b507-65675da57c11.jpg,439,303,0,303,439,397,317,405,0.391357421875,0.05560302734375,0.047637939453125,0.043487548828125,0.0345458984375,1,2,bebb's willow,sawbrier,bebb's willow,Common Flat-pea,American holly,Coast silk tassel
val/08867_Plantae_Tracheophyta_Magnoliopsida_Malpighiales_Salicaceae_Salix_bebbiana/4553650a-0f64-4554-ac58-5be5679aea44.jpg,439,388,0,388,439,430,465,477,0.81298828125,0.1563720703125,0.00704193115234375,0.0046539306640625,0.0030460357666015625,1,2,bebb's willow,black huckleberry,bebb's willow,golden dewdrop,Blackthorn,jade plant
val/08867_Plantae_Tracheophyta_Magnoliopsida_Malpighiales_Salicaceae_Salix_bebbiana/f4c30c03-c5a9-4f2c-bae9-eb94e5ccf7ac.jpg,439,474,0,474,440,475,439,366,0.290771484375,0.1888427734375,0.12445068359375,0.08551025390625,0.03912353515625,1,4,bebb's willow,elephant tree,Grey Willow,field maple,bebb's willow,Fringed Bindweed
val/08869_Plantae_Tracheophyta_Magnoliopsida_Malpighiales_Salicaceae_Salix_cinerea/b0f89bbe-08f9-442e-b2ca-e7bcb9fe3d12.jpg,440,439,0,439,379,388,440,479,0.521484375,0.1329345703125,0.12103271484375,0.086669921875,0.06304931640625,1,4,Grey Willow,bebb's willow,strawberry tree,black huckleberry,Grey Willow,Goose-berry
val/08878_Plantae_Tracheophyta_Magnoliopsida_Malpighiales_Salicaceae_Salix_nigra/d6f14aaa-ffe5-4d12-a825-8ed76855cb57.jpg,441,440,0,440,456,441,412,325,0.277099609375,0.240966796875,0.07501220703125,0.04473876953125,0.03265380859375,1,3,black willow,Grey Willow,Virginia virgin's-bower,black willow,spotted horse mint,tall boneset
val/08878_Plantae_Tracheophyta_Magnoliopsida_Malpighiales_Salicaceae_Salix_nigra/bb36830b-5b6b-4574-9298-96844a72628c.jpg,441,326,0,326,441,489,238,284,0.55908203125,0.279541015625,0.0225982666015625,0.0081787109375,0.007190704345703125,1,2,black willow,dogfennel,black willow,Montezuma cypress,Common Bronze-back,asparagus
val/08878_Plantae_Tracheophyta_Magnoliopsida_Malpighiales_Salicaceae_Salix_nigra/74d5baff-4ed1-4195-9005-eea7a645241f.jpg,441,396,0,396,208,145,437,441,0.227783203125,0.12164306640625,0.06402587890625,0.058502197265625,0.043060302734375,1,5,black willow,white sweet clover,Warbling White-eye,Italian Crested Newt,Cassava,black willow
val/08878_Plantae_Tracheophyta_Magnoliopsida_Malpighiales_Salicaceae_Salix_nigra/1624d7cd-df20-4892-8c14-f2e1124aa12b.jpg,441,488,0,488,469,441,222,432,0.1319580078125,0.10772705078125,0.07562255859375,0.05059814453125,0.041717529296875,1,3,black willow,baldcypress,Siberian elm,black willow,White-tailed Deer,common pawpaw
val/08930_Plantae_Tracheophyta_Magnoliopsida_Malvales_Malvaceae_Abutilon_theophrasti/130dc5c5-d020-4470-9242-4776401430fc.jpg,443,331,0,331,335,434,456,443,0.1802978515625,0.1552734375,0.142578125,0.097412109375,0.046539306640625,1,5,velvetleaf,Snow Squarestem,leafcup,common copperleaf,Virginia virgin's-bower,velvetleaf
val/08930_Plantae_Tracheophyta_Magnoliopsida_Malvales_Malvaceae_Abutilon_theophrasti/d98f0259-2624-4e0b-8ad3-a02d69141f6b.jpg,443,462,0,462,443,376,470,411,0.263916015625,0.1585693359375,0.06085205078125,0.04583740234375,0.0298004150390625,1,2,velvetleaf,dwarf cinquefoil,velvetleaf,squirting cucumber,Canadian wood nettle,lemon balm
val/08956_Plantae_Tracheophyta_Magnoliopsida_Malvales_Malvaceae_Malva_assurgentiflora/096efc2c-585a-4425-90a5-fff612a3f587.jpg,444,454,0,454,486,295,444,415,0.33984375,0.30517578125,0.06866455078125,0.0262603759765625,0.0214080810546875,1,4,Island Mallow,common columbine,Pima Rhatany,Philippine Ground Orchid,Island Mallow,Marsh Woundwort
val/08987_Plantae_Tracheophyta_Magnoliopsida_Malvales_Muntingiaceae_Muntingia_calabura/c903af6d-475e-46a4-805c-66e5e91f404d.jpg,445,301,0,301,376,40,445,442,0.1295166015625,0.06524658203125,0.04193115234375,0.038116455078125,0.03216552734375,1,4,Cherry Tree,snow trillium,squirting cucumber,Metallic Epauletted-Sweat Bee,Cherry Tree,Round-leaved Violet
val/08987_Plantae_Tracheophyta_Magnoliopsida_Malvales_Muntingiaceae_Muntingia_calabura/c51b9078-2af4-459d-a098-2d1f3ef8f11f.jpg,445,335,0,335,445,456,31,331,0.6337890625,0.32373046875,0.007175445556640625,0.0066680908203125,0.00383758544921875,1,2,Cherry Tree,leafcup,Cherry Tree,Virginia virgin's-bower,Southern Green Stink Bug,Snow Squarestem
val/09069_Plantae_Tracheophyta_Magnoliopsida_Myrtales_Onagraceae_Oenothera_rosea/65c81813-59c8-43a6-b0ab-2b32d2324c2e.jpg,446,425,0,425,368,362,446,435,0.480224609375,0.0660400390625,0.0657958984375,0.052490234375,0.050872802734375,1,4,rose evening primrose,American brooklime,prostrate knotweed,Small-leaved Blinks,rose evening primrose,Tropic Croton
val/09089_Plantae_Tracheophyta_Magnoliopsida_Oxalidales_Elaeocarpaceae_Aristotelia_serrata/839efdd2-1e62-4abb-a47f-3dbb56a8a1da.jpg,447,468,0,468,31,470,447,366,0.541015625,0.09442138671875,0.08013916015625,0.04022216796875,0.027130126953125,1,4,Wineberry,American elm,Southern Green Stink Bug,Canadian wood nettle,Wineberry,Fringed Bindweed
val/09089_Plantae_Tracheophyta_Magnoliopsida_Oxalidales_Elaeocarpaceae_Aristotelia_serrata/dc65cf11-b478-472d-9d88-60c1d41b2092.jpg,447,351,0,351,447,405,408,275,0.9970703125,0.0009021759033203125,0.0004901885986328125,0.00041365623474121094,0.0003371238708496094,1,2,Wineberry,Mountain Horopito,Wineberry,Coast silk tassel,Kanono,fan moss
val/09089_Plantae_Tracheophyta_Magnoliopsida_Oxalidales_Elaeocarpaceae_Aristotelia_serrata/4dd7b937-bf19-4a8f-98b1-104c6d96634c.jpg,447,439,0,439,447,465,440,405,0.31103515625,0.11761474609375,0.096435546875,0.08184814453125,0.051239013671875,1,2,Wineberry,bebb's willow,Wineberry,Blackthorn,Grey Willow,Coast silk tassel
val/09089_Plantae_Tracheophyta_Magnoliopsida_Oxalidales_Elaeocarpaceae_Aristotelia_serrata/15c3eb47-c89a-4f80-b98d-797d6cc51c73.jpg,447,366,0,366,447,459,456,470,0.728515625,0.107421875,0.0252685546875,0.0229949951171875,0.022430419921875,1,2,Wineberry,Fringed Bindweed,Wineberry,Korean mulberry,Virginia virgin's-bower,Canadian wood nettle
val/09089_Plantae_Tracheophyta_Magnoliopsida_Oxalidales_Elaeocarpaceae_Aristotelia_serrata/d19f108e-28c9-4e16-abba-1f76ac688d2d.jpg,447,273,0,273,447,496,466,267,0.728515625,0.152099609375,0.00838470458984375,0.00579833984375,0.004467010498046875,1,2,Wineberry,Bear's Head Tooth,Wineberry,brittle bladderfern,Himalayan-berry,Lichen Agaric
val/09124_Plantae_Tracheophyta_Magnoliopsida_Proteales_Proteaceae_Banksia_integrifolia/2fc4d382-cd59-4a8c-999d-7b70ac2c49ae.jpg,448,404,0,404,448,394,461,393,0.65966796875,0.1591796875,0.11029052734375,0.011260986328125,0.0090179443359375,1,2,Coastal Banksia,California Wax Myrtle,Coastal Banksia,longleaf wattle,Loquat,Taiwan Acacia
val/09124_Plantae_Tracheophyta_Magnoliopsida_Proteales_Proteaceae_Banksia_integrifolia/078b4177-7359-4b4c-8f7d-b9a16154a951.jpg,448,364,0,364,448,367,427,421,0.25390625,0.1788330078125,0.1195068359375,0.08154296875,0.045135498046875,1,2,Coastal Banksia,alpine bistort,Coastal Banksia,redshank,Butterfly bush,Red Odontites
val/09124_Plantae_Tracheophyta_Magnoliopsida_Proteales_Proteaceae_Banksia_integrifolia/56999c64-29ac-4272-b12a-407e976bab20.jpg,448,413,0,413,417,461,448,427,0.354736328125,0.1265869140625,0.11236572265625,0.08172607421875,0.0286865234375,1,4,Coastal Banksia,white sage,Lilac chaste tree,Loquat,Coastal Banksia,Butterfly bush
val/09128_Plantae_Tracheophyta_Magnoliopsida_Proteales_Proteaceae_Leucadendron_laureolum/4e7949cd-8595-4861-b228-437cf6bbd582.jpg,449,288,0,288,371,450,449,287,0.386474609375,0.181396484375,0.08123779296875,0.05926513671875,0.04168701171875,1,4,Golden Sunshinebush,Mountain flax,canaigre dock,red pagoda,Golden Sunshinebush,Branched Asphodel
val/09128_Plantae_Tracheophyta_Magnoliopsida_Proteales_Proteaceae_Leucadendron_laureolum/5c8937c1-bf2d-42c7-bd94-2521987f9b75.jpg,449,394,0,394,449,382,393,336,0.146728515625,0.1258544921875,0.10272216796875,0.0968017578125,0.08984375,1,2,Golden Sunshinebush,longleaf wattle,Golden Sunshinebush,sand heath,Taiwan Acacia,Woad-leaved ragwort
val/09128_Plantae_Tracheophyta_Magnoliopsida_Proteales_Proteaceae_Leucadendron_laureolum/b78356fc-0b79-42fa-8ab6-6038cbdaefe5.jpg,449,450,0,450,449,399,388,404,0.345947265625,0.28125,0.134521484375,0.0196075439453125,0.0186309814453125,1,2,Golden Sunshinebush,red pagoda,Golden Sunshinebush,California goldenbanner,black huckleberry,California Wax Myrtle
val/09128_Plantae_Tracheophyta_Magnoliopsida_Proteales_Proteaceae_Leucadendron_laureolum/7a9f6a32-c7af-4eba-91bb-8cb2e45f829e.jpg,449,384,0,384,450,382,449,404,0.6435546875,0.16796875,0.044342041015625,0.04083251953125,0.0157318115234375,1,4,Golden Sunshinebush,Red Heath,red pagoda,sand heath,Golden Sunshinebush,California Wax Myrtle
val/09199_Plantae_Tracheophyta_Magnoliopsida_Ranunculales_Ranunculaceae_Actaea_racemosa/1277d6fd-ea70-469b-afdc-91e083e09f95.jpg,451,427,0,427,451,422,494,320,0.1837158203125,0.09735107421875,0.0792236328125,0.07794189453125,0.07470703125,1,2,black cohosh,Butterfly bush,black cohosh,Indian Warrior,Hen and Chicks Fern,common mugwort
val/09199_Plantae_Tracheophyta_Magnoliopsida_Ranunculales_Ranunculaceae_Actaea_racemosa/d5500751-dfb3-44b8-8a57-01189c616320.jpg,451,313,0,313,312,451,349,456,0.47216796875,0.265869140625,0.1483154296875,0.05615234375,0.00943756103515625,1,3,black cohosh,upright hedge-parsley,Broad-leaved Chervil,black cohosh,narrow-leaved bittercress,Virginia virgin's-bower
val/09199_Plantae_Tracheophyta_Magnoliopsida_Ranunculales_Ranunculaceae_Actaea_racemosa/46d442f6-bbf2-4c70-9fad-ef63248140b0.jpg,451,396,0,396,451,460,395,306,0.309326171875,0.214599609375,0.03021240234375,0.01849365234375,0.0164947509765625,1,2,black cohosh,white sweet clover,black cohosh,parsley hawthorn,Scotch Broom,Dallis grass
val/09221_Plantae_Tracheophyta_Magnoliopsida_Ranunculales_Ranunculaceae_Aquilegia_vulgaris/d2ffcb1e-30a6-4be5-b781-cbc27e06893c.jpg,454,360,0,360,419,454,476,336,0.251708984375,0.09027099609375,0.049224853515625,0.045257568359375,0.0333251953125,1,3,common columbine,ragged-Robin,Purple paintbrush,common columbine,Red Buckeye,Woad-leaved ragwort
val/09221_Plantae_Tracheophyta_Magnoliopsida_Ranunculales_Ranunculaceae_Aquilegia_vulgaris/997fc1a1-1e98-4d26-a29a-40fa0f6288d5.jpg,454,295,0,295,290,454,390,297,0.52734375,0.2208251953125,0.0235443115234375,0.020660400390625,0.0117340087890625,1,3,common columbine,Philippine Ground Orchid,Red Helleborine,common columbine,Drummond's phlox,giant white fawn lily
val/09226_Plantae_Tracheophyta_Magnoliopsida_Ranunculales_Ranunculaceae_Clematis_crispa/8ac5704b-5d1c-4be8-ba03-4d94e25adc8e.jpg,455,454,0,454,455,484,289,483,0.47802734375,0.332275390625,0.0264892578125,0.0224761962890625,0.0197296142578125,1,2,Swamp Leather Flower,common columbine,Swamp Leather Flower,White Horse-nettle,Spring Crocus,western horsenettle
val/09226_Plantae_Tracheophyta_Magnoliopsida_Ranunculales_Ranunculaceae_Clematis_crispa/6617c156-0f6f-4c7a-b7fd-0f93dc59535d.jpg,455,453,0,453,455,346,345,302,0.5439453125,0.2509765625,0.016510009765625,0.0158843994140625,0.01214599609375,1,2,Swamp Leather Flower,meadow anemone,Swamp Leather Flower,water forget-me-not,broadleaf forget-me-not,painted trillium
val/09235_Plantae_Tracheophyta_Magnoliopsida_Ranunculales_Ranunculaceae_Clematis_virginiana/5340b175-53d3-4c3e-9130-b46d57fdfb46.jpg,456,282,0,282,361,453,456,413,0.5302734375,0.0919189453125,0.06622314453125,0.055511474609375,0.04339599609375,1,4,Virginia virgin's-bower,spring spiderlily,lesser stitchwort,meadow anemone,Virginia virgin's-bower,white sage
val/09258_Plantae_Tracheophyta_Magnoliopsida_Ranunculales_Ranunculaceae_Pulsatilla_patens/00c50057-009b-46e2-b7e4-dd5d1f97271b.jpg,457,289,0,289,457,344,484,297,0.41455078125,0.262451171875,0.02667236328125,0.0225982666015625,0.008026123046875,1,2,eastern pasqueflower,Spring Crocus,eastern pasqueflower,Salvation Jane,White Horse-nettle,giant white fawn lily
val/09258_Plantae_Tracheophyta_Magnoliopsida_Ranunculales_Ranunculaceae_Pulsatilla_patens/7783e15e-3174-4656-9f68-313feeb6b8c0.jpg,457,32,0,32,457,21,344,22,0.43505859375,0.149169921875,0.050140380859375,0.047515869140625,0.032501220703125,1,2,eastern pasqueflower,Jagged Ambush Bug,eastern pasqueflower,Yellow-shouldered Drone Fly,Salvation Jane,Transverse-banded Flower Fly
val/09258_Plantae_Tracheophyta_Magnoliopsida_Ranunculales_Ranunculaceae_Pulsatilla_patens/4d1bcb6b-9b57-43ad-87ec-3199d225181d.jpg,457,289,0,289,457,344,484,357,0.97412109375,0.0257568359375,2.9265880584716797e-05,1.4126300811767578e-05,1.329183578491211e-05,1,2,eastern pasqueflower,Spring Crocus,eastern pasqueflower,Salvation Jane,White Horse-nettle,viviparous foxtail cactus
val/09260_Plantae_Tracheophyta_Magnoliopsida_Ranunculales_Ranunculaceae_Ranunculus_acris/3484bc1c-eb54-4ad6-9ef7-06c30a4cff40.jpg,458,457,0,457,458,320,462,453,0.42333984375,0.165771484375,0.10150146484375,0.053802490234375,0.0494384765625,1,2,meadow buttercup,eastern pasqueflower,meadow buttercup,common mugwort,dwarf cinquefoil,meadow anemone
val/09260_Plantae_Tracheophyta_Magnoliopsida_Ranunculales_Ranunculaceae_Ranunculus_acris/8eabac8e-ca8c-4ba2-abff-05627cbe3633.jpg,458,462,0,462,314,456,458,320,0.5126953125,0.30029296875,0.0914306640625,0.0303802490234375,0.0166015625,1,4,meadow buttercup,dwarf cinquefoil,Japanese aralia,Virginia virgin's-bower,meadow buttercup,common mugwort
val/09314_Plantae_Tracheophyta_Magnoliopsida_Rosales_Moraceae_Morus_indica/0fc284b6-7f97-4fd3-9469-f82b24c4645e.jpg,459,335,0,335,459,314,434,332,0.58544921875,0.1533203125,0.06610107421875,0.04833984375,0.047607421875,1,2,Korean mulberry,leafcup,Korean mulberry,Japanese aralia,common copperleaf,white rattlesnakeroot
val/09372_Plantae_Tracheophyta_Magnoliopsida_Rosales_Rosaceae_Crataegus_marshallii/7b71fdb3-1adc-4161-8c42-611ed6bf4668.jpg,460,320,0,320,458,460,349,479,0.380859375,0.252685546875,0.11260986328125,0.1102294921875,0.0290374755859375,1,3,parsley hawthorn,common mugwort,meadow buttercup,parsley hawthorn,narrow-leaved bittercress,Goose-berry
val/09372_Plantae_Tracheophyta_Magnoliopsida_Rosales_Rosaceae_Crataegus_marshallii/91edba0d-9538-422a-a510-efac1e1ab4ea.jpg,460,345,0,345,346,329,460,430,0.72509765625,0.051025390625,0.038818359375,0.028839111328125,0.02880859375,1,4,parsley hawthorn,broadleaf forget-me-not,water forget-me-not,Old Plainsman,parsley hawthorn,golden dewdrop
val/09372_Plantae_Tracheophyta_Magnoliopsida_Rosales_Rosaceae_Crataegus_marshallii/97202bbd-a8f1-4bf2-b992-885e73984705.jpg,460,466,0,466,9,329,460,465,0.767578125,0.03302001953125,0.029449462890625,0.0261993408203125,0.0258331298828125,1,4,parsley hawthorn,Himalayan-berry,Spotted Longhorn,Old Plainsman,parsley hawthorn,Blackthorn
val/09379_Plantae_Tracheophyta_Magnoliopsida_Rosales_Rosaceae_Eriobotrya_japonica/c32e9c0e-09d4-4288-a232-fe687dd97a0f.jpg,461,430,0,430,379,437,393,461,0.5185546875,0.138916015625,0.07904052734375,0.049591064453125,0.0288543701171875,1,5,Loquat,golden dewdrop,strawberry tree,Cassava,Taiwan Acacia,Loquat
val/09408_Plantae_Tracheophyta_Magnoliopsida_Rosales_Rosaceae_Potentilla_canadensis/5b503e69-c482-4603-9589-93ec5af97cc7.jpg,462,471,0,471,470,466,460,462,0.5322265625,0.174072265625,0.1319580078125,0.060638427734375,0.057861328125,1,5,dwarf cinquefoil,Dwarf Nettle,Canadian wood nettle,Himalayan-berry,parsley hawthorn,dwarf cinquefoil
val/09408_Plantae_Tracheophyta_Magnoliopsida_Rosales_Rosaceae_Potentilla_canadensis/70f24298-da27-4931-a63b-13179ec03c68.jpg,462,479,0,479,342,366,462,345,0.499755859375,0.119873046875,0.0858154296875,0.056732177734375,0.043609619140625,1,4,dwarf cinquefoil,Goose-berry,California Harebell,Fringed Bindweed,dwarf cinquefoil,broadleaf forget-me-not
val/09423_Plantae_Tracheophyta_Magnoliopsida_Rosales_Rosaceae_Prunus_fasciculata/36144085-8285-421b-8d9e-869bafa0a55e.jpg,463,319,0,319,463,324,8,399,0.2176513671875,0.1007080078125,0.08642578125,0.074462890625,0.0467529296875,1,2,desert almond,common burrobrush,desert almond,tropical horseweed,Goldenrod Soldier Beetle,California goldenbanner
val/09423_Plantae_Tracheophyta_Magnoliopsida_Rosales_Rosaceae_Prunus_fasciculata/f95c419f-3109-4730-aadc-b7ea46c8d961.jpg,463,22,0,22,39,9,33,463,0.06640625,0.0615234375,0.0570068359375,0.04266357421875,0.0333251953125,1,5,desert almond,Transverse-banded Flower Fly,Pure Green Sweat Bee,Spotted Longhorn,Ashy Mining Bee,desert almond
val/09423_Plantae_Tracheophyta_Magnoliopsida_Rosales_Rosaceae_Prunus_fasciculata/7902ed42-e439-405d-896d-6f8d12f8a4aa.jpg,463,319,0,319,463,284,472,279,0.340576171875,0.274658203125,0.1728515625,0.0513916015625,0.032928466796875,1,2,desert almond,common burrobrush,desert almond,asparagus,desert mistletoe,longleaf ephedra
val/09431_Plantae_Tracheophyta_Magnoliopsida_Rosales_Rosaceae_Prunus_pumila/0424f1ec-72d4-4896-bce1-66c79500fdec.jpg,464,325,0,325,194,464,318,55,0.2086181640625,0.116943359375,0.10711669921875,0.07781982421875,0.051116943359375,1,3,sand cherry,tall boneset,Henslow's Sparrow,sand cherry,common yarrow,Latticed Heath
val/09431_Plantae_Tracheophyta_Magnoliopsida_Rosales_Rosaceae_Prunus_pumila/46125b8d-6349-410e-b1bb-ea3ce82ad650.jpg,464,465,0,465,392,346,464,463,0.2249755859375,0.1187744140625,0.056121826171875,0.031768798828125,0.0284423828125,1,4,sand cherry,Blackthorn,pygmy-flower rock-jasmine,water forget-me-not,sand cherry,desert almond
val/09431_Plantae_Tracheophyta_Magnoliopsida_Rosales_Rosaceae_Prunus_pumila/f4e7bac7-c9ba-4597-b3a7-a64c3467c88a.jpg,464,350,0,350,319,465,464,351,0.40673828125,0.09002685546875,0.05419921875,0.034759521484375,0.0284576416015625,1,4,sand cherry,California shieldpod,common burrobrush,Blackthorn,sand cherry,Mountain Horopito
val/09431_Plantae_Tracheophyta_Magnoliopsida_Rosales_Rosaceae_Prunus_pumila/1b76eda4-8974-4c09-8112-bf0e88619137.jpg,464,208,0,208,464,194,310,304,0.4091796875,0.271484375,0.222412109375,0.035003662109375,0.009002685546875,1,2,sand cherry,Warbling White-eye,sand cherry,Henslow's Sparrow,Kangaroo Grass,Fingered Sedge
val/09431_Plantae_Tracheophyta_Magnoliopsida_Rosales_Rosaceae_Prunus_pumila/aa7d65a2-2fb7-453c-8768-a6a7e158a087.jpg,464,14,0,14,464,388,38,257,0.5146484375,0.1407470703125,0.0654296875,0.0283050537109375,0.024871826171875,1,2,sand cherry,Woodland Dor Beetle,sand cherry,black huckleberry,New York Carpenter Ant,Decollate Snail
val/09433_Plantae_Tracheophyta_Magnoliopsida_Rosales_Rosaceae_Prunus_spinosa/dae621fd-286d-47fd-9f63-966df5eee8a2.jpg,465,405,0,405,465,398,477,385,0.29638671875,0.2210693359375,0.0968017578125,0.04779052734375,0.0266265869140625,1,2,Blackthorn,Coast silk tassel,Blackthorn,black locust,jade plant,Gaultheria antipoda
val/09460_Plantae_Tracheophyta_Magnoliopsida_Rosales_Rosaceae_Rubus_bifrons/719726e1-1857-4b3a-b43f-3cb976cc3c5b.jpg,466,468,0,468,466,470,461,402,0.454833984375,0.267822265625,0.053802490234375,0.049163818359375,0.0169830322265625,1,2,Himalayan-berry,American elm,Himalayan-berry,Canadian wood nettle,Loquat,swamp chestnut oak
val/09460_Plantae_Tracheophyta_Magnoliopsida_Rosales_Rosaceae_Rubus_bifrons/aadaafee-4fbe-4fb1-b63b-0beb441d1461.jpg,466,470,0,470,473,443,466,456,0.81689453125,0.11187744140625,0.051422119140625,0.01151275634765625,0.003864288330078125,1,4,Himalayan-berry,Canadian wood nettle,poison ivy,velvetleaf,Himalayan-berry,Virginia virgin's-bower
val/09460_Plantae_Tracheophyta_Magnoliopsida_Rosales_Rosaceae_Rubus_bifrons/58758649-ae8b-4797-a16b-919cb2ad03bf.jpg,466,447,0,447,496,466,408,485,0.63720703125,0.0440673828125,0.0239410400390625,0.0217132568359375,0.01221466064453125,1,3,Himalayan-berry,Wineberry,brittle bladderfern,Himalayan-berry,Kanono,Porcelain Berry
val/09460_Plantae_Tracheophyta_Magnoliopsida_Rosales_Rosaceae_Rubus_bifrons/72033db7-cedc-4211-b36c-94c1e3c5cc51.jpg,466,461,0,461,466,433,468,459,0.68017578125,0.11566162109375,0.01554107666015625,0.01448822021484375,0.014129638671875,1,2,Himalayan-berry,Loquat,Himalayan-berry,umbrella magnolia,American elm,Korean mulberry
val/09460_Plantae_Tracheophyta_Magnoliopsida_Rosales_Rosaceae_Rubus_bifrons/f581858a-6dce-44d3-9def-04a14b486658.jpg,466,411,0,411,470,466,312,468,0.7490234375,0.1907958984375,0.046234130859375,0.006378173828125,0.004039764404296875,1,3,Himalayan-berry,lemon balm,Canadian wood nettle,Himalayan-berry,Broad-leaved Chervil,American elm
val/09477_Plantae_Tracheophyta_Magnoliopsida_Rosales_Rosaceae_Rubus_schmidelioides/b0423bd1-0616-4219-846d-d6ccc0ebd7d9.jpg,467,403,0,403,467,445,441,435,0.72900390625,0.193115234375,0.03497314453125,0.00807952880859375,0.0066680908203125,1,2,Rubus schmidelioides,willow oak,Rubus schmidelioides,Cherry Tree,black willow,Tropic Croton
val/09477_Plantae_Tracheophyta_Magnoliopsida_Rosales_Rosaceae_Rubus_schmidelioides/dc3d831f-171b-413c-8ec6-ace60516f728.jpg,467,435,0,435,368,467,26,309,0.4423828125,0.055450439453125,0.0443115234375,0.0279998779296875,0.0198822021484375,1,3,Rubus schmidelioides,Tropic Croton,prostrate knotweed,Rubus schmidelioides,Western Leaf-footed Bug,Saint Augustine grass
val/09477_Plantae_Tracheophyta_Magnoliopsida_Rosales_Rosaceae_Rubus_schmidelioides/7eda81c7-6eab-4fe9-aa28-80319cdb2b60.jpg,467,309,0,309,441,393,394,467,0.480712890625,0.129150390625,0.09576416015625,0.052276611328125,0.04559326171875,1,5,Rubus schmidelioides,Saint Augustine grass,black willow,Taiwan Acacia,longleaf wattle,Rubus schmidelioides
val/09499_Plantae_Tracheophyta_Magnoliopsida_Rosales_Ulmaceae_Ulmus_americana/6627d367-f74b-4001-886a-e80a91ba2a3a.jpg,468,411,0,411,470,469,468,459,0.463134765625,0.369140625,0.095947265625,0.0552978515625,0.00395965576171875,1,4,American elm,lemon balm,Canadian wood nettle,Siberian elm,American elm,Korean mulberry
val/09499_Plantae_Tracheophyta_Magnoliopsida_Rosales_Ulmaceae_Ulmus_americana/d5111bdc-20dc-444c-8ec2-33b446f2d3b1.jpg,468,337,0,337,402,433,469,468,0.6220703125,0.070556640625,0.0153350830078125,0.01215362548828125,0.01052093505859375,1,5,American elm,prairie dock,swamp chestnut oak,umbrella magnolia,Siberian elm,American elm
val/09505_Plantae_Tracheophyta_Magnoliopsida_Rosales_Ulmaceae_Ulmus_pumila/dd4ab25b-3a53-4f0f-9398-dcf3591c8d64.jpg,469,468,0,468,469,439,402,440,0.68798828125,0.29248046875,0.00514984130859375,0.0022182464599609375,0.0018596649169921875,1,2,Siberian elm,American elm,Siberian elm,bebb's willow,swamp chestnut oak,Grey Willow
val/09505_Plantae_Tracheophyta_Magnoliopsida_Rosales_Ulmaceae_Ulmus_pumila/7e170bfa-d828-4af5-b7a1-935bc96fe608.jpg,469,468,0,468,469,402,459,447,0.611328125,0.379638671875,0.0016584396362304688,0.0009708404541015625,0.0007295608520507812,1,2,Siberian elm,American elm,Siberian elm,swamp chestnut oak,Korean mulberry,Wineberry
val/09505_Plantae_Tracheophyta_Magnoliopsida_Rosales_Ulmaceae_Ulmus_pumila/0bd79acd-fcba-415f-8ad7-034735f11976.jpg,469,440,0,440,338,469,320,417,0.290771484375,0.137939453125,0.0687255859375,0.042236328125,0.03179931640625,1,3,Siberian elm,Grey Willow,common wrinkle-leaved goldenrod,Siberian elm,common mugwort,Lilac chaste tree
val/09510_Plantae_Tracheophyta_Magnoliopsida_Rosales_Urticaceae_Laportea_canadensis/9148c3b5-955d-42eb-8935-5abaa3f81da5.jpg,470,436,0,436,434,312,470,411,0.771484375,0.048095703125,0.0360107421875,0.025115966796875,0.0150299072265625,1,4,Canadian wood nettle,Florida Hammock Sandmat,common copperleaf,Broad-leaved Chervil,Canadian wood nettle,lemon balm
val/09510_Plantae_Tracheophyta_Magnoliopsida_Rosales_Urticaceae_Laportea_canadensis/1e87b3b4-cb4b-4579-9a57-eb3978d3361c.jpg,470,329,0,329,466,456,470,318,0.1947021484375,0.155029296875,0.1513671875,0.1505126953125,0.1456298828125,1,4,Canadian wood nettle,Old Plainsman,Himalayan-berry,Virginia virgin's-bower,Canadian wood nettle,common yarrow
val/09510_Plantae_Tracheophyta_Magnoliopsida_Rosales_Urticaceae_Laportea_canadensis/82102c58-6732-4aa0-96a8-ab9ff7ea6c09.jpg,470,411,0,411,470,349,352,459,0.3955078125,0.296142578125,0.105224609375,0.043853759765625,0.035247802734375,1,2,Canadian wood nettle,lemon balm,Canadian wood nettle,narrow-leaved bittercress,Mexican tea,Korean mulberry
val/09510_Plantae_Tracheophyta_Magnoliopsida_Rosales_Urticaceae_Laportea_canadensis/83d2e3b9-3117-4662-b288-117e6290527a.jpg,470,447,0,447,466,470,378,402,0.1866455078125,0.11865234375,0.11212158203125,0.0477294921875,0.034149169921875,1,3,Canadian wood nettle,Wineberry,Himalayan-berry,Canadian wood nettle,mapleleaf viburnum,swamp chestnut oak
val/09510_Plantae_Tracheophyta_Magnoliopsida_Rosales_Urticaceae_Laportea_canadensis/d27ef76b-932a-438e-95a8-6bd7ae71f209.jpg,470,378,0,378,470,402,459,424,0.70263671875,0.2335205078125,0.0206451416015625,0.019317626953125,0.005939483642578125,1,2,Canadian wood nettle,mapleleaf viburnum,Canadian wood nettle,swamp chestnut oak,Korean mulberry,American lopseed
val/09525_Plantae_Tracheophyta_Magnoliopsida_Santalales_Santalaceae_Phoradendron_californicum/6def1c43-687f-4557-82ce-6c585e1ff55f.jpg,472,386,0,386,407,262,472,430,0.1474609375,0.0775146484375,0.06231689453125,0.0394287109375,0.036956787109375,1,4,desert mistletoe,alpine azalea,Coprosma dumosa,Golden Hair-lichen,desert mistletoe,golden dewdrop
val/09548_Plantae_Tracheophyta_Magnoliopsida_Sapindales_Anacardiaceae_Toxicodendron_rydbergii/fae9845f-cc1e-4524-a4b4-7637c6114840.jpg,473,476,0,476,432,473,459,335,0.2452392578125,0.1766357421875,0.1461181640625,0.138916015625,0.039794921875,1,3,poison ivy,Red Buckeye,common pawpaw,poison ivy,Korean mulberry,leafcup
val/09548_Plantae_Tracheophyta_Magnoliopsida_Sapindales_Anacardiaceae_Toxicodendron_rydbergii/e5f968f0-e649-407e-97df-c05488062c9f.jpg,473,466,0,466,473,302,481,378,0.38818359375,0.268798828125,0.105712890625,0.0667724609375,0.03887939453125,1,2,poison ivy,Himalayan-berry,poison ivy,painted trillium,red morning glory,mapleleaf viburnum
val/09548_Plantae_Tracheophyta_Magnoliopsida_Sapindales_Anacardiaceae_Toxicodendron_rydbergii/61c98300-590b-4153-9b57-21d68610749c.jpg,473,375,0,375,475,473,316,314,0.7646484375,0.08563232421875,0.03570556640625,0.0293121337890625,0.02313232421875,1,3,poison ivy,Tree Tutu,field maple,poison ivy,Octopus Tree,Japanese aralia
val/09565_Plantae_Tracheophyta_Magnoliopsida_Sapindales_Sapindaceae_Acer_campestre/ac4784b8-7054-458c-86eb-7f120673f8e7.jpg,475,314,0,314,475,375,405,408,0.307861328125,0.2685546875,0.16162109375,0.1483154296875,0.0316162109375,1,2,field maple,Japanese aralia,field maple,Tree Tutu,Coast silk tassel,Kanono
val/09565_Plantae_Tracheophyta_Magnoliopsida_Sapindales_Sapindaceae_Acer_campestre/af43c7e2-62bc-40a1-bda1-2943407d45cb.jpg,475,388,0,388,475,314,459,423,0.2476806640625,0.1517333984375,0.1370849609375,0.053131103515625,0.042999267578125,1,2,field maple,black huckleberry,field maple,Japanese aralia,Korean mulberry,scarlet monkeyflower
val/09565_Plantae_Tracheophyta_Magnoliopsida_Sapindales_Sapindaceae_Acer_campestre/326a6125-ba63-4e6f-83e5-f251c5575a8f.jpg,475,314,0,314,475,332,316,320,0.4248046875,0.313232421875,0.254638671875,0.0008921623229980469,0.0008387565612792969,1,2,field maple,Japanese aralia,field maple,white rattlesnakeroot,Octopus Tree,common mugwort
val/09597_Plantae_Tracheophyta_Magnoliopsida_Saxifragales_Crassulaceae_Crassula_ovata/63cae84a-9ee8-42da-888c-753438fab58b.jpg,477,333,0,333,477,363,359,354,0.366943359375,0.3583984375,0.0845947265625,0.048980712890625,0.037994384765625,1,2,jade plant,Tauhinu,jade plant,Perez's sea lavender,Sea Sandwort,Strawberry Cactus
val/09610_Plantae_Tracheophyta_Magnoliopsida_Saxifragales_Crassulaceae_Rhodiola_integrifolia/f2322a1d-b8cf-4201-bcfc-62b9f7fd9b3b.jpg,478,491,0,491,492,199,167,478,0.1982421875,0.1685791015625,0.066650390625,0.02679443359375,0.0256500244140625,1,5,western roseroot,lodgepole pine,ponderosa pine,Brown-headed Nuthatch,Common Peafowl,western roseroot
val/09640_Plantae_Tracheophyta_Magnoliopsida_Saxifragales_Grossulariaceae_Ribes_uva-crispa/29881b38-8137-4834-bb3d-772088ae483e.jpg,479,460,0,460,479,378,462,466,0.396484375,0.31103515625,0.188720703125,0.020599365234375,0.0199737548828125,1,2,Goose-berry,parsley hawthorn,Goose-berry,mapleleaf viburnum,dwarf cinquefoil,Himalayan-berry
val/09640_Plantae_Tracheophyta_Magnoliopsida_Saxifragales_Grossulariaceae_Ribes_uva-crispa/ac450ffb-2d43-4d45-a2cc-ff2e7bae4ffa.jpg,479,485,0,485,335,475,459,479,0.3515625,0.1634521484375,0.09649658203125,0.08734130859375,0.08074951171875,1,5,Goose-berry,Porcelain Berry,leafcup,field maple,Korean mulberry,Goose-berry
val/09674_Plantae_Tracheophyta_Magnoliopsida_Saxifragales_Saxifragaceae_Tolmiea_menziesii/cde3c38c-bb4e-44bb-91ab-fa909947b99f.jpg,480,494,0,494,447,480,466,411,0.2159423828125,0.2088623046875,0.2044677734375,0.061920166015625,0.03173828125,1,3,youth on age,Hen and Chicks Fern,Wineberry,youth on age,Himalayan-berry,lemon balm
val/09674_Plantae_Tracheophyta_Magnoliopsida_Saxifragales_Saxifragaceae_Tolmiea_menziesii/53e4a672-cd71-4a92-80b6-94fbbfeae289.jpg,480,122,0,122,153,99,480,27,0.5458984375,0.07861328125,0.07855224609375,0.02362060546875,0.0225372314453125,1,4,youth on age,Neurothemis taiwanensis,Black-chinned Hummingbird,Fatal Metalmark,youth on age,Western Conifer Seed Bug
val/09695_Plantae_Tracheophyta_Magnoliopsida_Solanales_Convolvulaceae_Ipomoea_coccinea/02bfcab9-1b35-496e-8cc4-c322f0b0752c.jpg,481,298,0,298,122,481,0,169,0.409912109375,0.0643310546875,0.06219482421875,0.0228424072265625,0.0189361572265625,1,3,red morning glory,scarlet fritillary,Neurothemis taiwanensis,red morning glory,Cross Orbweaver,Painted Bunting
val/09735_Plantae_Tracheophyta_Magnoliopsida_Solanales_Solanaceae_Solanum_dimidiatum/cce36e7f-3ba3-4f32-996d-7f0080f9ddc8.jpg,483,484,0,484,483,454,285,67,0.57470703125,0.4140625,0.002307891845703125,0.0010595321655273438,0.0008549690246582031,1,2,western horsenettle,White Horse-nettle,western horsenettle,common columbine,small camas,Eufala Skipper
val/09735_Plantae_Tracheophyta_Magnoliopsida_Solanales_Solanaceae_Solanum_dimidiatum/0f0b727b-4053-44d6-995e-377ffacc031e.jpg,483,347,0,347,483,410,342,455,0.24658203125,0.165283203125,0.048858642578125,0.046417236328125,0.04364013671875,1,2,western horsenettle,European Searocket,western horsenettle,carpet bugle,California Harebell,Swamp Leather Flower
val/09735_Plantae_Tracheophyta_Magnoliopsida_Solanales_Solanaceae_Solanum_dimidiatum/8a48ced0-ec9b-465a-8e85-ca49413b9be9.jpg,483,484,0,484,483,69,342,70,0.33056640625,0.1287841796875,0.033843994140625,0.025634765625,0.0230255126953125,1,2,western horsenettle,White Horse-nettle,western horsenettle,Long Dash Skipper,California Harebell,European Skipper
val/09735_Plantae_Tracheophyta_Magnoliopsida_Solanales_Solanaceae_Solanum_dimidiatum/ab03c24b-3da2-445d-815e-2d73e792d549.jpg,483,376,0,376,483,68,484,335,0.54541015625,0.286376953125,0.019866943359375,0.01593017578125,0.011505126953125,1,2,western horsenettle,squirting cucumber,western horsenettle,Umber Skipper,White Horse-nettle,leafcup
val/09739_Plantae_Tracheophyta_Magnoliopsida_Solanales_Solanaceae_Solanum_elaeagnifolium/e5cf36e1-ee32-454b-86d4-18e03e836283.jpg,484,413,0,413,484,399,320,440,0.7841796875,0.09661865234375,0.0231781005859375,0.0213165283203125,0.0149383544921875,1,2,White Horse-nettle,white sage,White Horse-nettle,California goldenbanner,common mugwort,Grey Willow
val/09753_Plantae_Tracheophyta_Magnoliopsida_Vitales_Vitaceae_Ampelopsis_glandulosa/a41d6e2f-2217-42d6-898b-954abef1042c.jpg,485,466,0,466,485,498,490,494,0.0738525390625,0.07025146484375,0.049713134765625,0.046234130859375,0.0384521484375,1,2,Porcelain Berry,Himalayan-berry,Porcelain Berry,ladder fern,white fir,Hen and Chicks Fern
val/09753_Plantae_Tracheophyta_Magnoliopsida_Vitales_Vitaceae_Ampelopsis_glandulosa/77b5e253-8d26-4c87-b9a8-a17c53b9bff6.jpg,485,378,0,378,459,485,432,447,0.46484375,0.336181640625,0.15576171875,0.00873565673828125,0.00722503662109375,1,3,Porcelain Berry,mapleleaf viburnum,Korean mulberry,Porcelain Berry,common pawpaw,Wineberry
val/09753_Plantae_Tracheophyta_Magnoliopsida_Vitales_Vitaceae_Ampelopsis_glandulosa/411c0f08-0f8f-4454-aa9a-dfa968576de7.jpg,485,475,0,475,480,485,447,466,0.947265625,0.01441192626953125,0.009735107421875,0.00461578369140625,0.00428009033203125,1,3,Porcelain Berry,field maple,youth on age,Porcelain Berry,Wineberry,Himalayan-berry
val/09766_Plantae_Tracheophyta_Magnoliopsida_Zygophyllales_Krameriaceae_Krameria_erecta/9fed939b-1050-4d0d-8cf0-7bb5d9d6688d.jpg,486,463,0,463,319,372,486,279,0.1497802734375,0.1329345703125,0.12127685546875,0.056060791015625,0.045989990234375,1,4,Pima Rhatany,desert almond,common burrobrush,crucifixion thorn,Pima Rhatany,longleaf ephedra
val/09791_Plantae_Tracheophyta_Pinopsida_Pinales_Cupressaceae_Sequoiadendron_giganteum/300786e9-852b-4d55-99a2-14cc68760890.jpg,487,230,0,230,7,487,272,488,0.3076171875,0.1937255859375,0.10577392578125,0.07598876953125,0.0740966796875,1,3,giant sequoia,American Beaver,Emerald Ash Borer,giant sequoia,Hoof Fungus,baldcypress
val/09793_Plantae_Tracheophyta_Pinopsida_Pinales_Cupressaceae_Taxodium_distichum/5a9aee3b-0b3b-492e-ba54-76cd4037b1b6.jpg,488,491,0,491,489,492,488,487,0.35107421875,0.327880859375,0.05377197265625,0.0386962890625,0.0268707275390625,1,4,baldcypress,lodgepole pine,Montezuma cypress,ponderosa pine,baldcypress,giant sequoia
val/09793_Plantae_Tracheophyta_Pinopsida_Pinales_Cupressaceae_Taxodium_distichum/4bbec47d-f5e9-4a80-bfbe-66338ece8a77.jpg,488,489,0,489,488,403,445,492,0.873046875,0.058013916015625,0.042449951171875,0.0041046142578125,0.00406646728515625,1,2,baldcypress,Montezuma cypress,baldcypress,willow oak,Cherry Tree,ponderosa pine
val/09793_Plantae_Tracheophyta_Pinopsida_Pinales_Cupressaceae_Taxodium_distichum/0cdef44e-0c52-4b09-81f1-a1cd0d8f7186.jpg,488,213,0,213,149,441,488,489,0.5908203125,0.077392578125,0.048492431640625,0.040863037109375,0.02899169921875,1,4,baldcypress,American Flamingo,Mute Swan,black willow,baldcypress,Montezuma cypress
val/09794_Plantae_Tracheophyta_Pinopsida_Pinales_Cupressaceae_Taxodium_mucronatum/51cdc301-2e5e-4326-8064-33ebfb82fba7.jpg,489,352,0,352,326,469,489,324,0.09063720703125,0.09039306640625,0.051239013671875,0.05072021484375,0.034027099609375,1,4,Montezuma cypress,Mexican tea,dogfennel,Siberian elm,Montezuma cypress,tropical horseweed
val/09794_Plantae_Tracheophyta_Pinopsida_Pinales_Cupressaceae_Taxodium_mucronatum/f2ee7f89-915f-4b78-bd0a-c714f2db2f10.jpg,489,488,0,488,489,403,492,398,0.64306640625,0.20068359375,0.08941650390625,0.0158538818359375,0.014312744140625,1,2,Montezuma cypress,baldcypress,Montezuma cypress,willow oak,ponderosa pine,black locust
val/09794_Plantae_Tracheophyta_Pinopsida_Pinales_Cupressaceae_Taxodium_mucronatum/08ad728b-ca0a-493b-8db5-f3f8dc91c862.jpg,489,441,0,441,395,288,489,405,0.22314453125,0.06939697265625,0.05926513671875,0.05572509765625,0.042236328125,1,4,Montezuma cypress,black willow,Scotch Broom,Mountain flax,Montezuma cypress,Coast silk tassel
val/09794_Plantae_Tracheophyta_Pinopsida_Pinales_Cupressaceae_Taxodium_mucronatum/7989cb0a-034c-49a3-bd78-ef328c94bbe5.jpg,489,488,0,488,489,441,491,280,0.320556640625,0.1656494140625,0.085205078125,0.031951904296875,0.029632568359375,1,2,Montezuma cypress,baldcypress,Montezuma cypress,black willow,lodgepole pine,coconut palm
val/09794_Plantae_Tracheophyta_Pinopsida_Pinales_Cupressaceae_Taxodium_mucronatum/9d553943-92a7-4b98-acda-5ee37e58c88b.jpg,489,488,0,488,489,451,149,441,0.85400390625,0.054931640625,0.040191650390625,0.01244354248046875,0.00896453857421875,1,2,Montezuma cypress,baldcypress,Montezuma cypress,black cohosh,Mute Swan,black willow
val/09794_Plantae_Tracheophyta_Pinopsida_Pinales_Cupressaceae_Taxodium_mucronatum/ba531038-eb0a-42f4-b1e8-a75c14787f3e.jpg,489,441,0,441,489,488,469,393,0.9736328125,0.00954437255859375,0.007289886474609375,0.004894256591796875,0.0026454925537109375,1,2,Montezuma cypress,black willow,Montezuma cypress,baldcypress,Siberian elm,Taiwan Acacia
val/09799_Plantae_Tracheophyta_Pinopsida_Pinales_Pinaceae_Abies_concolor/bd7a1fbd-c8e0-4ae3-86e7-5ccedf12254f.jpg,490,24,0,24,490,493,488,382,0.5869140625,0.343505859375,0.021575927734375,0.0061187744140625,0.005340576171875,1,2,white fir,Hemlock Woolly Adelgid,white fir,tangle fern,baldcypress,sand heath
val/09799_Plantae_Tracheophyta_Pinopsida_Pinales_Pinaceae_Abies_concolor/ef3dfa1e-e4c6-44fc-84ba-70f1b2d40ccf.jpg,490,493,0,493,490,488,356,497,0.98974609375,0.0024967193603515625,0.00119781494140625,0.0010433197021484375,0.0006747245788574219,1,2,white fir,tangle fern,white fir,baldcypress,strawberry hedgehog cactus,hay-scented fern
val/09799_Plantae_Tracheophyta_Pinopsida_Pinales_Pinaceae_Abies_concolor/f5d2af17-ac3f-4400-a3b0-09c46f46d37b.jpg,490,24,0,24,198,333,490,382,0.2032470703125,0.1654052734375,0.102294921875,0.04437255859375,0.029052734375,1,4,white fir,Hemlock Woolly Adelgid,Common Firecrest,Tauhinu,white fir,sand heath
val/09799_Plantae_Tracheophyta_Pinopsida_Pinales_Pinaceae_Abies_concolor/e32b5f7e-5f37-4874-a3a1-2eb06622c7d1.jpg,490,498,0,498,490,491,288,277,0.8193359375,0.1070556640625,0.0158843994140625,0.014068603515625,0.0086669921875,1,2,white fir,ladder fern,white fir,lodgepole pine,Mountain flax,Sponge Weed
val/09818_Plantae_Tracheophyta_Pinopsida_Pinales_Pinaceae_Pinus_contorta/b0f97531-11ae-49b7-b8dd-bbbc62496f1c.jpg,491,492,0,492,487,490,491,402,0.99365234375,0.004711151123046875,0.0008716583251953125,0.00015783309936523438,6.413459777832031e-05,1,4,lodgepole pine,ponderosa pine,giant sequoia,white fir,lodgepole pine,swamp chestnut oak
val/09833_Plantae_Tracheophyta_Pinopsida_Pinales_Pinaceae_Pinus_ponderosa/dad4a6f9-3236-49ab-8217-c44ec53a04c1.jpg,492,383,0,383,491,492,372,487,0.32763671875,0.296142578125,0.265380859375,0.06427001953125,0.00722503662109375,1,3,ponderosa pine,Inaka,lodgepole pine,ponderosa pine,crucifixion thorn,giant sequoia
val/09833_Plantae_Tracheophyta_Pinopsida_Pinales_Pinaceae_Pinus_ponderosa/8d8b5b11-6608-42e7-b450-5f0eca32de5c.jpg,492,490,0,490,492,172,203,180,0.203125,0.1885986328125,0.1446533203125,0.0545654296875,0.0440673828125,1,2,ponderosa pine,white fir,ponderosa pine,Fish Crow,Olive-sided Flycatcher,Violet-green Swallow
val/09833_Plantae_Tracheophyta_Pinopsida_Pinales_Pinaceae_Pinus_ponderosa/1566cb31-6f0c-4f37-90ee-e7ac37f6f094.jpg,492,491,0,491,492,487,395,488,0.441650390625,0.26123046875,0.0374755859375,0.0360107421875,0.03448486328125,1,2,ponderosa pine,lodgepole pine,ponderosa pine,giant sequoia,Scotch Broom,baldcypress
val/09833_Plantae_Tracheophyta_Pinopsida_Pinales_Pinaceae_Pinus_ponderosa/5826a75c-6ce0-4abd-b3e8-ab15bdd55cc7.jpg,492,490,0,490,492,491,398,393,0.74169921875,0.0439453125,0.04248046875,0.017059326171875,0.00946807861328125,1,2,ponderosa pine,white fir,ponderosa pine,lodgepole pine,black locust,Taiwan Acacia
val/09833_Plantae_Tracheophyta_Pinopsida_Pinales_Pinaceae_Pinus_ponderosa/a737e4aa-54b6-4850-9b44-612abe122ee3.jpg,492,491,0,491,492,384,293,43,0.412841796875,0.298583984375,0.0307464599609375,0.025543212890625,0.0218505859375,1,2,ponderosa pine,lodgepole pine,ponderosa pine,Red Heath,bird's-nest orchid,Garden Webworm Moth
val/09877_Plantae_Tracheophyta_Polypodiopsida_Gleicheniales_Gleicheniaceae_Gleichenia_dicarpa/317a64d0-4210-4dab-9fa0-fc1066f1fefb.jpg,493,318,0,318,497,276,493,356,0.27490234375,0.25244140625,0.2352294921875,0.0205841064453125,0.01514434814453125,1,4,tangle fern,common yarrow,hay-scented fern,delicate fern moss,tangle fern,strawberry hedgehog cactus
val/09877_Plantae_Tracheophyta_Polypodiopsida_Gleicheniales_Gleicheniaceae_Gleichenia_dicarpa/9de45f42-cf07-4fda-bffa-635d3c26a27d.jpg,493,329,0,329,406,493,382,416,0.06549072265625,0.06500244140625,0.05419921875,0.04046630859375,0.03857421875,1,3,tangle fern,Old Plainsman,American columbo,tangle fern,sand heath,woolly blue curls
val/09877_Plantae_Tracheophyta_Polypodiopsida_Gleicheniales_Gleicheniaceae_Gleichenia_dicarpa/f7057d30-46f0-4de3-8413-b27d6744c90d.jpg,493,382,0,382,493,333,497,421,0.85595703125,0.09307861328125,0.0207366943359375,0.004535675048828125,0.003692626953125,1,2,tangle fern,sand heath,tangle fern,Tauhinu,hay-scented fern,Red Odontites
val/09877_Plantae_Tracheophyta_Polypodiopsida_Gleicheniales_Gleicheniaceae_Gleichenia_dicarpa/3735146c-47a0-4e9a-bc33-77923b952510.jpg,493,498,0,498,493,306,311,318,0.250732421875,0.2493896484375,0.125,0.04437255859375,0.030609130859375,1,2,tangle fern,ladder fern,tangle fern,Dallis grass,princess pine,common yarrow
val/09892_Plantae_Tracheophyta_Polypodiopsida_Polypodiales_Aspleniaceae_Asplenium_bulbiferum/6427c712-96e6-422f-8645-0d5e665c427b.jpg,494,430,0,430,349,494,460,451,0.66357421875,0.1356201171875,0.031494140625,0.0290679931640625,0.011810302734375,1,3,Hen and Chicks Fern,golden dewdrop,narrow-leaved bittercress,Hen and Chicks Fern,parsley hawthorn,black cohosh
val/09918_Plantae_Tracheophyta_Polypodiopsida_Polypodiales_Blechnaceae_Lomaria_discolor/8f3739fd-58ad-4b5a-840b-390826ccff89.jpg,495,498,0,498,493,495,24,494,0.384765625,0.358642578125,0.07781982421875,0.0487060546875,0.03839111328125,1,3,Crown Fern,ladder fern,tangle fern,Crown Fern,Hemlock Woolly Adelgid,Hen and Chicks Fern
val/09925_Plantae_Tracheophyta_Polypodiopsida_Polypodiales_Cystopteridaceae_Cystopteris_fragilis/78bcc21f-b5d7-4869-8dfa-4f284bf443e1.jpg,496,497,0,497,496,494,499,349,0.5654296875,0.359619140625,0.046417236328125,0.01239776611328125,0.01129150390625,1,2,brittle bladderfern,hay-scented fern,brittle bladderfern,Hen and Chicks Fern,broad beech fern,narrow-leaved bittercress
val/09925_Plantae_Tracheophyta_Polypodiopsida_Polypodiales_Cystopteridaceae_Cystopteris_fragilis/ef90b46a-ac3a-4ebd-a93b-5e75c5d474c7.jpg,496,349,0,349,496,275,494,348,0.8701171875,0.078125,0.0177459716796875,0.0046844482421875,0.003082275390625,1,2,brittle bladderfern,narrow-leaved bittercress,brittle bladderfern,fan moss,Hen and Chicks Fern,hairy bittercress
val/09925_Plantae_Tracheophyta_Polypodiopsida_Polypodiales_Cystopteridaceae_Cystopteris_fragilis/e273b85c-db2e-4a1d-9ae8-b66054a0ef4a.jpg,496,349,0,349,497,276,352,496,0.779296875,0.1859130859375,0.01061248779296875,0.00719451904296875,0.005527496337890625,1,5,brittle bladderfern,narrow-leaved bittercress,hay-scented fern,delicate fern moss,Mexican tea,brittle bladderfern
val/09928_Plantae_Tracheophyta_Polypodiopsida_Polypodiales_Dennstaedtiaceae_Dennstaedtia_punctilobula/fb3af932-e16d-4f43-b787-37f637b8af99.jpg,497,494,0,494,499,497,498,495,0.52392578125,0.25732421875,0.1610107421875,0.041839599609375,0.004192352294921875,1,3,hay-scented fern,Hen and Chicks Fern,broad beech fern,hay-scented fern,ladder fern,Crown Fern
val/09987_Plantae_Tracheophyta_Polypodiopsida_Polypodiales_Pteridaceae_Pteris_vittata/2873c4c3-5d97-448d-be2a-172b129f4e41.jpg,498,352,0,352,498,339,371,496,0.393798828125,0.21826171875,0.1253662109375,0.043792724609375,0.033447265625,1,2,ladder fern,Mexican tea,ladder fern,prickly sowthistle,canaigre dock,brittle bladderfern
val/09987_Plantae_Tracheophyta_Polypodiopsida_Polypodiales_Pteridaceae_Pteris_vittata/5f1baacb-5432-4660-ad1c-919c5c1ac83f.jpg,498,495,0,495,498,499,494,493,0.7197265625,0.09588623046875,0.04083251953125,0.0185699462890625,0.016937255859375,1,2,ladder fern,Crown Fern,ladder fern,broad beech fern,Hen and Chicks Fern,tangle fern
val/09987_Plantae_Tracheophyta_Polypodiopsida_Polypodiales_Pteridaceae_Pteris_vittata/4eb8bff9-dbcd-43ea-9aae-6abb6d0926fa.jpg,498,494,0,494,498,280,461,288,0.53662109375,0.40673828125,0.005214691162109375,0.0032787322998046875,0.003002166748046875,1,2,ladder fern,Hen and Chicks Fern,ladder fern,coconut palm,Loquat,Mountain flax
val/09990_Plantae_Tracheophyta_Polypodiopsida_Polypodiales_Thelypteridaceae_Phegopteris_hexagonoptera/b39b6e27-61ab-4b14-a5cf-2787eb0c0827.jpg,499,494,0,494,499,451,460,335,0.50830078125,0.287841796875,0.06036376953125,0.0279541015625,0.0174560546875,1,2,broad beech fern,Hen and Chicks Fern,broad beech fern,black cohosh,parsley hawthorn,leafcup
val/09990_Plantae_Tracheophyta_Polypodiopsida_Polypodiales_Thelypteridaceae_Phegopteris_hexagonoptera/83e7b124-6580-49ba-a0b6-65409c08f7da.jpg,499,497,0,497,499,496,318,495,0.437744140625,0.398681640625,0.0650634765625,0.0191650390625,0.0156097412109375,1,2,broad beech fern,hay-scented fern,broad beech fern,brittle bladderfern,common yarrow,Crown Fern
