file_name,true_class_index,pred_class_index,correct,pred_1,pred_2,pred_3,pred_4,pred_5,score_1,score_2,score_3,score_4,score_5,top5_correct,true_rank,true_species,pred_1_species,pred_2_species,pred_3_species,pred_4_species,pred_5_species
val/00009_Animalia_Arthropoda_Arachnida_Araneae_Araneidae_Araneus_diadematus/cd3d05f5-1e72-487d-a7d1-b42fd5ea58be.jpg,0,27,0,27,26,1,0,119,0.050628662109375,0.03912353515625,0.0302276611328125,0.0299530029296875,0.0205841064453125,1,4,Cross Orbweaver,Western Conifer Seed Bug,Western Leaf-footed Bug,Golden Silk Spider,Cross Orbweaver,Eastern Ringtail
val/00045_Animalia_Arthropoda_Arachnida_Araneae_Araneidae_Trichonephila_clavipes/b93706c7-8406-4f61-9223-9ef6aba4759c.jpg,1,61,0,61,482,1,26,105,0.0300750732421875,0.0227508544921875,0.0220947265625,0.017578125,0.0157623291015625,1,3,Golden Silk Spider,White Slant-line,Obscure Morning Glory,Golden Silk Spider,Western Leaf-footed Bug,Pawpaw Sphinx Moth
val/00070_Animalia_Arthropoda_Arachnida_Araneae_Pisauridae_Dolomedes_triton/4e4a3e12-1339-49d9-b74b-d92453c48ba4.jpg,2,26,0,26,303,42,2,482,0.10107421875,0.03839111328125,0.032012939453125,0.0284576416015625,0.0268402099609375,1,4,Six-spotted Fishing Spider,Western Leaf-footed Bug,sawbrier,Western Paper Wasp,Six-spotted Fishing Spider,Obscure Morning Glory
val/00094_Animalia_Arthropoda_Arachnida_Araneae_Salticidae_Phidippus_johnsoni/f1a60708-e0f5-49ab-a049-a21517407f32.jpg,3,37,0,37,243,3,90,239,0.0467529296875,0.03662109375,0.0322265625,0.03118896484375,0.0260772705078125,1,3,Johnson's Jumping Spider,Florida Carpenter Ant,Texas Coralsnake,Johnson's Jumping Spider,Red-spotted Admiral,Eastern Milksnake
val/00094_Animalia_Arthropoda_Arachnida_Araneae_Salticidae_Phidippus_johnsoni/0e935210-785b-4900-8bcd-d9a719dada15.jpg,3,41,0,41,3,65,158,247,0.055633544921875,0.04058837890625,0.039703369140625,0.0274200439453125,0.0272674560546875,1,2,Johnson's Jumping Spider,Common Thread-waisted Wasp,Johnson's Jumping Spider,Juvenal's Duskywing,Crowned Lapwing,Western Rattlesnake
val/00094_Animalia_Arthropoda_Arachnida_Araneae_Salticidae_Phidippus_johnsoni/f0225f03-4eec-4aca-8074-0275549b6382.jpg,3,246,0,246,3,371,65,41,0.039794921875,0.0350341796875,0.033477783203125,0.03021240234375,0.0300750732421875,1,2,Johnson's Jumping Spider,Great Plains Skink,Johnson's Jumping Spider,canaigre dock,Juvenal's Duskywing,Common Thread-waisted Wasp
val/00152_Animalia_Arthropoda_Arachnida_Scorpiones_Vaejovidae_Paravaejovis_puritanus/7e3d62f2-00d0-4ec5-a415-1e6f2d1e4ebd.jpg,4,72,0,72,58,4,56,83,0.03509521484375,0.031890869140625,0.0297698974609375,0.024993896484375,0.021240234375,1,3,Paravaejovis puritanus,Green Oak-Slug Moth,Riband Wave,Paravaejovis puritanus,Blackberry Looper,Half-yellow Moth
val/00152_Animalia_Arthropoda_Arachnida_Scorpiones_Vaejovidae_Paravaejovis_puritanus/fdb57259-b064-4ada-8324-c66deec7ba1f.jpg,4,253,0,253,84,273,4,60,0.04913330078125,0.0482177734375,0.0439453125,0.0419921875,0.04180908203125,1,4,Paravaejovis puritanus,California Cone,Green Silver-lines,Bear's Head Tooth,Paravaejovis puritanus,Alien Probole Moth
val/00157_Animalia_Arthropoda_Chilopoda_Scolopendromorpha_Scolopendridae_Hemiscolopendra_marginata/fe384a3b-f4f3-49be-b491-369f8e2cb1c6.jpg,5,274,0,274,5,14,247,266,0.0560302734375,0.0303802490234375,0.0206298828125,0.01934814453125,0.017333984375,1,2,Eastern Bark Centipede,ceramic parchment,Eastern Bark Centipede,Woodland Dor Beetle,Western Rattlesnake,blusher
val/00159_Animalia_Arthropoda_Chilopoda_Scolopendromorpha_Scolopendridae_Scolopendra_heros/79d07f5e-3ccd-46a9-afe2-201535259791.jpg,6,126,0,126,255,249,253,6,0.046783447265625,0.041259765625,0.041015625,0.02313232421875,0.0222015380859375,1,5,Giant Desert Centipede,Virile Crayfish,Hilton's Aeolid,Beadlet anemone,California Cone,Giant Desert Centipede
val/00159_Animalia_Arthropoda_Chilopoda_Scolopendromorpha_Scolopendridae_Scolopendra_heros/f915d0e0-c889-4189-9784-e32d61345994.jpg,6,126,0,126,6,131,59,83,0.049041748046875,0.035919189453125,0.02685546875,0.0246734619140625,0.024566650390625,1,2,Giant Desert Centipede,Virile Crayfish,Giant Desert Centipede,Redbreast Sunfish,Black-dotted Ruddy Moth,Half-yellow Moth
val/00184_Animalia_Arthropoda_Insecta_Coleoptera_Buprestidae_Agrilus_planipennis/4f4ed283-60db-4e4e-88fe-df09dee46bb9.jpg,7,337,0,337,468,116,114,7,0.079833984375,0.03546142578125,0.0260162353515625,0.0237884521484375,0.0175018310546875,1,5,Emerald Ash Borer,prairie dock,American elm,Ebony Jewelwing,Chrysopa oculata,Emerald Ash Borer
val/00251_Animalia_Arthropoda_Insecta_Coleoptera_Cerambycidae_Rutpela_maculata/b2a11dc8-7434-4b08-9aa5-2134ebececac.jpg,9,376,0,376,9,325,263,456,0.259521484375,0.191650390625,0.1343994140625,0.1171875,0.05029296875,1,2,Spotted Longhorn,squirting cucumber,Spotted Longhorn,tall boneset,Smooth Rock Tripe,Virginia virgin's-bower
val/00260_Animalia_Arthropoda_Insecta_Coleoptera_Cerambycidae_Trichocnemis_spiculatus/245069b5-3600-43eb-b350-40bedc93d237.jpg,10,106,0,106,10,48,52,80,0.0509033203125,0.037994384765625,0.034393310546875,0.0293426513671875,0.022796630859375,1,2,Spined Woodborer,Hippotion scrofa,Spined Woodborer,Snowy Urola Moth,Dimorphic Bomolocha Moth,Alfalfa Looper
val/00260_Animalia_Arthropoda_Insecta_Coleoptera_Cerambycidae_Trichocnemis_spiculatus/780908cd-8b2e-4859-8999-ce23f55fba7b.jpg,10,64,0,64,65,10,75,274,0.05108642578125,0.04315185546875,0.03912353515625,0.038238525390625,0.03643798828125,1,3,Spined Woodborer,Desert Checkered-Skipper,Juvenal's Duskywing,Spined Woodborer,Spring Azure,ceramic parchment
val/00290_Animalia_Arthropoda_Insecta_Coleoptera_Chrysomelidae_Leptinotarsa_juncta/f943fdda-2838-47fb-ae7a-f363cfa8e8d1.jpg,11,37,0,37,11,236,243,3,0.0552978515625,0.045440673828125,0.035186767578125,0.02557373046875,0.0233154296875,1,2,False Potato Beetle,Florida Carpenter Ant,False Potato Beetle,Italian Slow Worm,Texas Coralsnake,Johnson's Jumping Spider
val/00290_Animalia_Arthropoda_Insecta_Coleoptera_Chrysomelidae_Leptinotarsa_juncta/8ee3979a-002d-4e5e-9d3c-917e19f902ba.jpg,11,3,0,3,243,11,6,37,0.049285888671875,0.047088623046875,0.0445556640625,0.0333251953125,0.0293731689453125,1,3,False Potato Beetle,Johnson's Jumping Spider,Texas Coralsnake,False Potato Beetle,Giant Desert Centipede,Florida Carpenter Ant
val/00326_Animalia_Arthropoda_Insecta_Coleoptera_Coccinellidae_Henosepilachna_vigintioctopunctata/4865cb96-3a54-4cd5-a809-98edf55fc6f5.jpg,12,99,0,99,12,69,66,63,0.05914306640625,0.0543212890625,0.0406494140625,0.037445068359375,0.036224365234375,1,2,Hadda Beetle,Fatal Metalmark,Hadda Beetle,Long Dash Skipper,Chestnut Bob,Least Skipper
val/00326_Animalia_Arthropoda_Insecta_Coleoptera_Coccinellidae_Henosepilachna_vigintioctopunctata/6c934683-97ad-4629-aae1-f9ba56fe2853.jpg,12,378,0,378,12,66,470,63,0.0654296875,0.047088623046875,0.03155517578125,0.0313720703125,0.026275634765625,1,2,Hadda Beetle,mapleleaf viburnum,Hadda Beetle,Chestnut Bob,Canadian wood nettle,Least Skipper
val/00332_Animalia_Arthropoda_Insecta_Coleoptera_Coccinellidae_Psyllobora_vigintiduopunctata/aa5cd3ef-d5d3-4d52-862a-dd995f705001.jpg,13,12,0,12,13,28,337,69,0.314208984375,0.09283447265625,0.024658203125,0.0233612060546875,0.0211944580078125,1,2,22-spot Ladybird Beetle,Hadda Beetle,22-spot Ladybird Beetle,Alfalfa Plant Bug,prairie dock,Long Dash Skipper
val/00332_Animalia_Arthropoda_Insecta_Coleoptera_Coccinellidae_Psyllobora_vigintiduopunctata/f76cff9c-9e76-4be8-906e-e73e1e9d4064.jpg,13,12,0,12,69,28,13,32,0.0941162109375,0.04962158203125,0.049468994140625,0.048583984375,0.031494140625,1,4,22-spot Ladybird Beetle,Hadda Beetle,Long Dash Skipper,Alfalfa Plant Bug,22-spot Ladybird Beetle,Jagged Ambush Bug
val/00332_Animalia_Arthropoda_Insecta_Coleoptera_Coccinellidae_Psyllobora_vigintiduopunctata/d3be320e-855c-4488-abbc-7308e2397e84.jpg,13,334,0,334,438,401,13,323,0.10406494140625,0.08074951171875,0.073974609375,0.07208251953125,0.050628662109375,1,4,22-spot Ladybird Beetle,Great Plains Ragwort,Klamath weed,Yellow milkwort,22-spot Ladybird Beetle,narrow-leaved hawksbeard
val/00332_Animalia_Arthropoda_Insecta_Coleoptera_Coccinellidae_Psyllobora_vigintiduopunctata/c7e5cd75-cded-420c-bf62-ad0123548d83.jpg,13,12,0,12,13,66,30,23,0.1964111328125,0.03582763671875,0.027862548828125,0.0277557373046875,0.0270843505859375,1,2,22-spot Ladybird Beetle,Hadda Beetle,22-spot Ladybird Beetle,Chestnut Bob,Brown Marmorated Stink Bug,Maize Calligrapher Fly
val/00351_Animalia_Arthropoda_Insecta_Coleoptera_Geotrupidae_Anoplotrupes_stercorosus/b30ac1e6-c02d-4574-a434-ca4a10896da2.jpg,14,257,0,257,240,129,14,253,0.05108642578125,0.0406494140625,0.036865234375,0.03631591796875,0.0225067138671875,1,4,Woodland Dor Beetle,Decollate Snail,Flat-headed Snake,Blacknose Dace,Woodland Dor Beetle,California Cone
val/00351_Animalia_Arthropoda_Insecta_Coleoptera_Geotrupidae_Anoplotrupes_stercorosus/9a091732-3fbb-47fe-aab9-3c088ea8e9e9.jpg,14,4,0,4,257,14,3,6,0.026763916015625,0.025665283203125,0.0244293212890625,0.0239715576171875,0.0206298828125,1,3,Woodland Dor Beetle,Paravaejovis puritanus,Decollate Snail,Woodland Dor Beetle,Johnson's Jumping Spider,Giant Desert Centipede
val/00351_Animalia_Arthropoda_Insecta_Coleoptera_Geotrupidae_Anoplotrupes_stercorosus/7391029c-946a-4e72-bc09-55068d4448f7.jpg,14,240,0,240,257,14,254,129,0.09954833984375,0.0408935546875,0.037567138671875,0.036590576171875,0.035308837890625,1,3,Woodland Dor Beetle,Flat-headed Snake,Decollate Snail,Woodland Dor Beetle,Lettered Olive,Blacknose Dace
val/00384_Animalia_Arthropoda_Insecta_Coleoptera_Scarabaeidae_Euphoria_kernii/c4e50d28-92d0-40fe-838b-0a69e045848f.jpg,16,32,0,32,21,22,16,270,0.15283203125,0.118896484375,0.08697509765625,0.07415771484375,0.0531005859375,1,4,Kern's Flower Scarab,Jagged Ambush Bug,Yellow-shouldered Drone Fly,Transverse-banded Flower Fly,Kern's Flower Scarab,Scaly Chanterelle
val/00435_Animalia_Arthropoda_Insecta_Diptera_Calliphoridae_Calliphora_vicina/205dbdaf-0986-4382-8afe-f8165e20bd6e.jpg,18,105,0,105,27,10,18,51,0.046783447265625,0.03411865234375,0.0248260498046875,0.0222015380859375,0.0196685791015625,1,4,Blue Blowfly,Pawpaw Sphinx Moth,Western Conifer Seed Bug,Spined Woodborer,Blue Blowfly,Ilia Underwing
val/00457_Animalia_Arthropoda_Insecta_Diptera_Stratiomyidae_Exaireta_spinigera/7e4ad447-6607-4b0e-9815-ef11cc01ca86.jpg,19,27,0,27,105,19,10,38,0.05487060546875,0.047607421875,0.02862548828125,0.0251312255859375,0.0237884521484375,1,3,Garden soldier fly,Western Conifer Seed Bug,Pawpaw Sphinx Moth,Garden soldier fly,Spined Woodborer,New York Carpenter Ant
val/00461_Animalia_Arthropoda_Insecta_Diptera_Syrphidae_Copestylum_mexicanum/3d47fff4-b85d-450e-8d01-19410dcc6ae7.jpg,20,32,0,32,341,327,20,16,0.11798095703125,0.096435546875,0.0693359375,0.06732177734375,0.0657958984375,1,4,Mexican Cactus Fly,Jagged Ambush Bug,tree marigold,great blanketflower,Mexican Cactus Fly,Kern's Flower Scarab
val/00461_Animalia_Arthropoda_Insecta_Diptera_Syrphidae_Copestylum_mexicanum/6880af20-7f98-4b6b-9c82-e5c799632c31.jpg,20,34,0,34,20,31,74,113,0.029754638671875,0.025390625,0.0192108154296875,0.0176239013671875,0.016448974609375,1,2,Mexican Cactus Fly,Southern Carpenter Bee,Mexican Cactus Fly,Southern Green Stink Bug,Forget-me-not,Australian Green Mantis
val/00461_Animalia_Arthropoda_Insecta_Diptera_Syrphidae_Copestylum_mexicanum/a6d85cc6-2e07-49ef-90b2-820b043f1ff1.jpg,20,442,0,442,20,462,22,21,0.05938720703125,0.0362548828125,0.035064697265625,0.034576416015625,0.030975341796875,1,2,Mexican Cactus Fly,Round-leaved Violet,Mexican Cactus Fly,dwarf cinquefoil,Transverse-banded Flower Fly,Yellow-shouldered Drone Fly
val/00461_Animalia_Arthropoda_Insecta_Diptera_Syrphidae_Copestylum_mexicanum/d61f241d-5af4-4227-94f7-7f9628be8f4c.jpg,20,16,0,16,39,28,40,20,0.1314697265625,0.0760498046875,0.068115234375,0.051239013671875,0.03656005859375,1,5,Mexican Cactus Fly,Kern's Flower Scarab,Pure Green Sweat Bee,Alfalfa Plant Bug,Metallic Epauletted-Sweat Bee,Mexican Cactus Fly
val/00472_Animalia_Arthropoda_Insecta_Diptera_Syrphidae_Eristalis_transversa/2f14788e-ac54-4ca9-9cce-8dddaede0084.jpg,22,374,0,374,88,299,22,341,0.76513671875,0.15185546875,0.0174407958984375,0.0151519775390625,0.00933074951171875,1,4,Transverse-banded Flower Fly,Streambank Stickleaf,Julia Butterfly,fire lily,Transverse-banded Flower Fly,tree marigold
val/00472_Animalia_Arthropoda_Insecta_Diptera_Syrphidae_Eristalis_transversa/13470875-c9f0-4c48-bfbb-412cb5a8b797.jpg,22,89,0,89,22,170,32,42,0.11480712890625,0.059722900390625,0.03375244140625,0.0301666259765625,0.02886962890625,1,2,Transverse-banded Flower Fly,Baltimore Checkerspot,Transverse-banded Flower Fly,Yellow Grosbeak,Jagged Ambush Bug,Western Paper Wasp
val/00493_Animalia_Arthropoda_Insecta_Diptera_Syrphidae_Toxomerus_politus/9f52ef9d-18b1-43ab-aba3-ea9841a4f12c.jpg,23,305,0,305,44,123,121,23,0.03851318359375,0.03759765625,0.029693603515625,0.0251312255859375,0.0193023681640625,1,5,Maize Calligrapher Fly,common three-square,Pearl Veneer,Marsh meadow grasshopper,Small Spreadwing,Maize Calligrapher Fly
val/00493_Animalia_Arthropoda_Insecta_Diptera_Syrphidae_Toxomerus_politus/4d5199ae-bca6-4ee7-81df-738a77aa02d7.jpg,23,257,0,257,13,23,240,10,0.037261962890625,0.03253173828125,0.029571533203125,0.0258331298828125,0.0219879150390625,1,3,Maize Calligrapher Fly,Decollate Snail,22-spot Ladybird Beetle,Maize Calligrapher Fly,Flat-headed Snake,Spined Woodborer
val/00493_Animalia_Arthropoda_Insecta_Diptera_Syrphidae_Toxomerus_politus/8bb85286-6d93-48bc-b841-8e1251360d80.jpg,23,42,0,42,119,2,23,83,0.0214996337890625,0.0213165283203125,0.0196685791015625,0.0183258056640625,0.0149383544921875,1,4,Maize Calligrapher Fly,Western Paper Wasp,Eastern Ringtail,Six-spotted Fishing Spider,Maize Calligrapher Fly,Half-yellow Moth
val/00513_Animalia_Arthropoda_Insecta_Hemiptera_Adelgidae_Adelges_tsugae/ac335a27-4023-4b5b-b22c-4354c2db0e45.jpg,24,413,0,413,325,24,361,309,0.07611083984375,0.05291748046875,0.0389404296875,0.0312042236328125,0.0298919677734375,1,3,Hemlock Woolly Adelgid,white sage,tall boneset,Hemlock Woolly Adelgid,lesser stitchwort,Saint Augustine grass
val/00513_Animalia_Arthropoda_Insecta_Hemiptera_Adelgidae_Adelges_tsugae/e0ee1352-26ff-4b90-ab41-7c4a2bb4a0f9.jpg,24,238,0,238,142,24,94,125,0.055938720703125,0.05010986328125,0.045623779296875,0.0212554931640625,0.0204010009765625,1,3,Hemlock Woolly Adelgid,Common Bronze-back,Eastern Dwarf Treefrog,Hemlock Woolly Adelgid,Thoas Swallowtail,Long-winged Conehead
val/00513_Animalia_Arthropoda_Insecta_Hemiptera_Adelgidae_Adelges_tsugae/f645806f-9ee8-4f6d-ada8-23556c4b5841.jpg,24,289,0,289,300,24,288,418,0.06317138671875,0.052459716796875,0.04217529296875,0.034759521484375,0.0280609130859375,1,3,Hemlock Woolly Adelgid,Spring Crocus,Leopard Lily,Hemlock Woolly Adelgid,Mountain flax,field Indian paintbrush
val/00513_Animalia_Arthropoda_Insecta_Hemiptera_Adelgidae_Adelges_tsugae/21e405d3-cf31-45e0-9be9-02cd7de20939.jpg,24,369,0,369,24,407,436,329,0.209228515625,0.07830810546875,0.06585693359375,0.05206298828125,0.036346435546875,1,2,Hemlock Woolly Adelgid,beach knotweed,Hemlock Woolly Adelgid,Coprosma dumosa,Florida Hammock Sandmat,Old Plainsman
val/00513_Animalia_Arthropoda_Insecta_Hemiptera_Adelgidae_Adelges_tsugae/ff1ef653-8f2d-427b-8a5f-9ada65dfe5e7.jpg,24,293,0,293,437,24,403,313,0.094482421875,0.0278472900390625,0.0265350341796875,0.0229339599609375,0.0208740234375,1,3,Hemlock Woolly Adelgid,bird's-nest orchid,Cassava,Hemlock Woolly Adelgid,willow oak,upright hedge-parsley
val/00513_Animalia_Arthropoda_Insecta_Hemiptera_Adelgidae_Adelges_tsugae/fcf66ce9-9112-4441-b51d-5deb580a91ed.jpg,24,287,0,287,464,310,421,24,0.08941650390625,0.06488037109375,0.0625,0.05767822265625,0.05584716796875,1,5,Hemlock Woolly Adelgid,Branched Asphodel,sand cherry,Kangaroo Grass,Red Odontites,Hemlock Woolly Adelgid
val/00567_Animalia_Arthropoda_Insecta_Hemiptera_Coreidae_Leptoglossus_clypealis/9f2eb27d-fc44-4995-9b93-d2d93589da5b.jpg,26,2,0,2,74,118,26,121,0.038482666015625,0.0223846435546875,0.0219573974609375,0.01971435546875,0.0174713134765625,1,4,Western Leaf-footed Bug,Six-spotted Fishing Spider,Forget-me-not,Skimming Bluet,Western Leaf-footed Bug,Small Spreadwing
val/00568_Animalia_Arthropoda_Insecta_Hemiptera_Coreidae_Leptoglossus_occidentalis/4e074ec5-2bb3-488f-9cca-318f0c09be1b.jpg,27,19,0,19,179,27,178,162,0.03509521484375,0.033538818359375,0.0272979736328125,0.02142333984375,0.017669677734375,1,3,Western Conifer Seed Bug,Garden soldier fly,Southern Rough-winged Swallow,Western Conifer Seed Bug,Bank Swallow,Caspian Gull
val/00626_Animalia_Arthropoda_Insecta_Hemiptera_Pentatomidae_Halyomorpha_halys/0290acfe-abba-4fe7-bc80-e0444590b7c2.jpg,30,48,0,48,106,59,185,30,0.020599365234375,0.018524169921875,0.017333984375,0.016204833984375,0.0153656005859375,1,5,Brown Marmorated Stink Bug,Snowy Urola Moth,Hippotion scrofa,Black-dotted Ruddy Moth,Familiar Chat,Brown Marmorated Stink Bug
val/00651_Animalia_Arthropoda_Insecta_Hemiptera_Reduviidae_Phymata_americana/47a6785d-6db5-418b-a85a-9bcf0d550629.jpg,32,21,0,21,39,40,28,32,0.08245849609375,0.08026123046875,0.07904052734375,0.0755615234375,0.07110595703125,1,5,Jagged Ambush Bug,Yellow-shouldered Drone Fly,Pure Green Sweat Bee,Metallic Epauletted-Sweat Bee,Alfalfa Plant Bug,Jagged Ambush Bug
val/00651_Animalia_Arthropoda_Insecta_Hemiptera_Reduviidae_Phymata_americana/2d42c65e-6576-470e-b4ed-7a69b8e45407.jpg,32,8,0,8,21,301,32,262,0.038726806640625,0.03692626953125,0.036712646484375,0.0256500244140625,0.0238494873046875,1,4,Jagged Ambush Bug,Goldenrod Soldier Beetle,Yellow-shouldered Drone Fly,snow trillium,Jagged Ambush Bug,Golden Hair-lichen
val/00727_Animalia_Arthropoda_Insecta_Hymenoptera_Cynipidae_Amphibolips_confluenta/1d4ef850-0b78-46de-a948-834d1c338c8c.jpg,36,435,0,435,352,324,36,308,0.0565185546875,0.0267181396484375,0.0238800048828125,0.01910400390625,0.0170135498046875,1,4,Spongy Oak Apple Gall Wasp,Tropic Croton,Mexican tea,tropical horseweed,Spongy Oak Apple Gall Wasp,Green Bristle Grass
val/00727_Animalia_Arthropoda_Insecta_Hymenoptera_Cynipidae_Amphibolips_confluenta/7f3624e5-0758-4093-b84f-9f6b224e5f45.jpg,36,435,0,435,446,36,99,31,0.054443359375,0.03314208984375,0.02679443359375,0.0190277099609375,0.0187835693359375,1,3,Spongy Oak Apple Gall Wasp,Tropic Croton,rose evening primrose,Spongy Oak Apple Gall Wasp,Fatal Metalmark,Southern Green Stink Bug
val/00743_Animalia_Arthropoda_Insecta_Hymenoptera_Formicidae_Camponotus_floridanus/29b657c7-9055-4315-9cf8-e0a0544d0994.jpg,37,27,0,27,243,37,38,98,0.051971435546875,0.0433349609375,0.039581298828125,0.036102294921875,0.032073974609375,1,3,Florida Carpenter Ant,Western Conifer Seed Bug,Texas Coralsnake,Florida Carpenter Ant,New York Carpenter Ant,Darker Moodna Moth
val/00774_Animalia_Arthropoda_Insecta_Hymenoptera_Halictidae_Augochlora_pura/6e6dfa61-b4a2-469f-923d-cb493ec6f385.jpg,39,22,0,22,16,39,21,28,0.191162109375,0.1622314453125,0.1241455078125,0.07940673828125,0.07415771484375,1,3,Pure Green Sweat Bee,Transverse-banded Flower Fly,Kern's Flower Scarab,Pure Green Sweat Bee,Yellow-shouldered Drone Fly,Alfalfa Plant Bug
val/00774_Animalia_Arthropoda_Insecta_Hymenoptera_Halictidae_Augochlora_pura/c6002113-23e2-4b43-a858-c406654f9722.jpg,39,16,0,16,21,39,22,83,0.287841796875,0.07745361328125,0.055999755859375,0.0517578125,0.034271240234375,1,3,Pure Green Sweat Bee,Kern's Flower Scarab,Yellow-shouldered Drone Fly,Pure Green Sweat Bee,Transverse-banded Flower Fly,Half-yellow Moth
val/00774_Animalia_Arthropoda_Insecta_Hymenoptera_Halictidae_Augochlora_pura/84a18711-0002-4641-a442-6d2d0a1e0977.jpg,39,40,0,40,32,39,28,20,0.08209228515625,0.0628662109375,0.060638427734375,0.05157470703125,0.043182373046875,1,3,Pure Green Sweat Bee,Metallic Epauletted-Sweat Bee,Jagged Ambush Bug,Pure Green Sweat Bee,Alfalfa Plant Bug,Mexican Cactus Fly
val/00774_Animalia_Arthropoda_Insecta_Hymenoptera_Halictidae_Augochlora_pura/69398021-f3c2-4e1f-a2cc-be7cb3165b97.jpg,39,22,0,22,21,39,321,28,0.12890625,0.1043701171875,0.1009521484375,0.07318115234375,0.0675048828125,1,3,Pure Green Sweat Bee,Transverse-banded Flower Fly,Yellow-shouldered Drone Fly,Pure Green Sweat Bee,tickseed beggar-ticks,Alfalfa Plant Bug
val/00775_Animalia_Arthropoda_Insecta_Hymenoptera_Halictidae_Augochloropsis_metallica/b9a865f9-1b2b-4a1a-9a64-5326a51df7ac.jpg,40,16,0,16,22,39,40,21,0.1541748046875,0.083984375,0.0732421875,0.06524658203125,0.0634765625,1,4,Metallic Epauletted-Sweat Bee,Kern's Flower Scarab,Transverse-banded Flower Fly,Pure Green Sweat Bee,Metallic Epauletted-Sweat Bee,Yellow-shouldered Drone Fly
val/00799_Animalia_Arthropoda_Insecta_Hymenoptera_Sphecidae_Ammophila_procera/08317bfd-8b94-4da8-aedd-2f79d31e18a0.jpg,41,9,0,9,63,41,69,74,0.031280517578125,0.0283966064453125,0.019622802734375,0.0191497802734375,0.0176239013671875,1,3,Common Thread-waisted Wasp,Spotted Longhorn,Least Skipper,Common Thread-waisted Wasp,Long Dash Skipper,Forget-me-not
val/00799_Animalia_Arthropoda_Insecta_Hymenoptera_Sphecidae_Ammophila_procera/28998e1e-d590-4fae-a14c-76838abdc381.jpg,41,15,0,15,76,41,71,192,0.060791015625,0.045867919921875,0.0382080078125,0.03570556640625,0.025360107421875,1,3,Common Thread-waisted Wasp,Oedemera femorata,Mazarine Blue,Common Thread-waisted Wasp,Dorantes Longtail,Golden-winged Warbler
val/00819_Animalia_Arthropoda_Insecta_Hymenoptera_Vespidae_Mischocyttarus_flavitarsis/90e11454-8401-4349-bef8-1fb8ea94acff.jpg,42,119,0,119,95,42,397,71,0.047119140625,0.030120849609375,0.02996826171875,0.0237884521484375,0.0216827392578125,1,3,Western Paper Wasp,Eastern Ringtail,Barred Yellow,Western Paper Wasp,Common Flat-pea,Dorantes Longtail
val/00819_Animalia_Arthropoda_Insecta_Hymenoptera_Vespidae_Mischocyttarus_flavitarsis/97c8a1c5-a7b0-4477-b3e8-68c4ece6da28.jpg,42,4,0,4,42,45,3,27,0.0274810791015625,0.0253753662109375,0.0217132568359375,0.0211029052734375,0.0199432373046875,1,2,Western Paper Wasp,Paravaejovis puritanus,Western Paper Wasp,Hydrilla Leafcutter Moth,Johnson's Jumping Spider,Western Conifer Seed Bug
val/00858_Animalia_Arthropoda_Insecta_Lepidoptera_Crambidae_Achyra_rantalis/da494676-e941-4380-b815-0e74e648a39e.jpg,43,110,0,110,112,83,43,59,0.11322021484375,0.062042236328125,0.062042236328125,0.061553955078125,0.03912353515625,1,4,Garden Webworm Moth,Filbertworm Moth,Omnivorous Platynota Moth,Half-yellow Moth,Garden Webworm Moth,Black-dotted Ruddy Moth
val/00921_Animalia_Arthropoda_Insecta_Lepidoptera_Crambidae_Parapoynx_diminutalis/4b6e1e5a-0697-4998-8fdf-62624ba53e2b.jpg,45,80,0,80,45,350,47,3,0.0248870849609375,0.01861572265625,0.0144500732421875,0.01387786865234375,0.01335906982421875,1,2,Hydrilla Leafcutter Moth,Alfalfa Looper,Hydrilla Leafcutter Moth,California shieldpod,Volupial Pyrausta Moth,Johnson's Jumping Spider
val/00924_Animalia_Arthropoda_Insecta_Lepidoptera_Crambidae_Perispasta_caeculalis/5b371bae-bee8-497f-87d5-1fb148618c42.jpg,46,50,0,50,52,46,98,59,0.04315185546875,0.03802490234375,0.03521728515625,0.0253753662109375,0.0233612060546875,1,3,Titian Peale's Crambid,Woody Underwing,Dimorphic Bomolocha Moth,Titian Peale's Crambid,Darker Moodna Moth,Black-dotted Ruddy Moth
val/00924_Animalia_Arthropoda_Insecta_Lepidoptera_Crambidae_Perispasta_caeculalis/0cdae0d3-6e5d-449d-85e6-08cfe0ba5cb7.jpg,46,81,0,81,46,109,98,82,0.09954833984375,0.06793212890625,0.04119873046875,0.037384033203125,0.032745361328125,1,2,Titian Peale's Crambid,Small Mossy Lithacodia,Titian Peale's Crambid,Red-banded Leafroller,Darker Moodna Moth,Black-dotted Maliattha
val/00924_Animalia_Arthropoda_Insecta_Lepidoptera_Crambidae_Perispasta_caeculalis/ce47937d-02cb-4d4b-9434-19ba353ec55f.jpg,46,52,0,52,10,46,54,65,0.07733154296875,0.051025390625,0.033599853515625,0.0254058837890625,0.0236053466796875,1,3,Titian Peale's Crambid,Dimorphic Bomolocha Moth,Spined Woodborer,Titian Peale's Crambid,Pantydia sparsa,Juvenal's Duskywing
val/00937_Animalia_Arthropoda_Insecta_Lepidoptera_Crambidae_Pyrausta_volupialis/d51b68db-eb1f-4045-80dd-432a649f9cbe.jpg,47,107,0,107,47,228,225,222,0.038665771484375,0.0309295654296875,0.0291290283203125,0.0287322998046875,0.0283355712890625,1,2,Volupial Pyrausta Moth,Blinded Sphinx Moth,Volupial Pyrausta Moth,Sunda Flying Lemur,Canada Lynx,White-tailed Deer
val/00937_Animalia_Arthropoda_Insecta_Lepidoptera_Crambidae_Pyrausta_volupialis/a84b9bcc-baf3-4664-bf8a-8297456ca3e5.jpg,47,158,0,158,159,155,156,47,0.04559326171875,0.0399169921875,0.03533935546875,0.035308837890625,0.0343017578125,1,5,Volupial Pyrausta Moth,Crowned Lapwing,American Oystercatcher,Red-breasted Dotterel,Wilson's Plover,Volupial Pyrausta Moth
val/00937_Animalia_Arthropoda_Insecta_Lepidoptera_Crambidae_Pyrausta_volupialis/7aecf799-c564-40fc-b6b7-9c55003cc3df.jpg,47,110,0,110,47,98,17,72,0.0811767578125,0.051177978515625,0.030975341796875,0.028656005859375,0.027801513671875,1,2,Volupial Pyrausta Moth,Filbertworm Moth,Volupial Pyrausta Moth,Darker Moodna Moth,Oriental Beetle,Green Oak-Slug Moth
val/00937_Animalia_Arthropoda_Insecta_Lepidoptera_Crambidae_Pyrausta_volupialis/b998dbe4-0341-4a0a-a013-8793339eab50.jpg,47,110,0,110,47,83,6,72,0.048095703125,0.04022216796875,0.035186767578125,0.033966064453125,0.031005859375,1,2,Volupial Pyrausta Moth,Filbertworm Moth,Volupial Pyrausta Moth,Half-yellow Moth,Giant Desert Centipede,Green Oak-Slug Moth
val/00949_Animalia_Arthropoda_Insecta_Lepidoptera_Crambidae_Urola_nivalis/4597b89f-c586-4967-9342-7d6383e604f1.jpg,48,114,0,114,48,47,56,83,0.042205810546875,0.032684326171875,0.026702880859375,0.0243682861328125,0.022735595703125,1,2,Snowy Urola Moth,Chrysopa oculata,Snowy Urola Moth,Volupial Pyrausta Moth,Blackberry Looper,Half-yellow Moth
val/00949_Animalia_Arthropoda_Insecta_Lepidoptera_Crambidae_Urola_nivalis/455c7ad2-3b78-46f3-8d11-e240c9035018.jpg,48,30,0,30,48,59,23,254,0.049407958984375,0.028045654296875,0.025421142578125,0.0252227783203125,0.02001953125,1,2,Snowy Urola Moth,Brown Marmorated Stink Bug,Snowy Urola Moth,Black-dotted Ruddy Moth,Maize Calligrapher Fly,Lettered Olive
val/00949_Animalia_Arthropoda_Insecta_Lepidoptera_Crambidae_Urola_nivalis/f267bf5b-04af-4da5-8eef-7024f3680013.jpg,48,26,0,26,48,61,81,27,0.0361328125,0.034637451171875,0.029052734375,0.026336669921875,0.025909423828125,1,2,Snowy Urola Moth,Western Leaf-footed Bug,Snowy Urola Moth,White Slant-line,Small Mossy Lithacodia,Western Conifer Seed Bug
val/00987_Animalia_Arthropoda_Insecta_Lepidoptera_Erebidae_Bulia_deducta/4cfcc6f2-b406-4728-89d4-f1b0589b5618.jpg,49,105,0,105,51,27,49,52,0.031585693359375,0.0220947265625,0.021331787109375,0.0206146240234375,0.019744873046875,1,4,Deduced Graphic,Pawpaw Sphinx Moth,Ilia Underwing,Western Conifer Seed Bug,Deduced Graphic,Dimorphic Bomolocha Moth
val/00987_Animalia_Arthropoda_Insecta_Lepidoptera_Erebidae_Bulia_deducta/622f2d65-f87a-4390-acf2-696ed9ca0c70.jpg,49,51,0,51,49,105,264,52,0.0484619140625,0.0443115234375,0.039825439453125,0.0295257568359375,0.02593994140625,1,2,Deduced Graphic,Ilia Underwing,Deduced Graphic,Pawpaw Sphinx Moth,Yellow Stainer,Dimorphic Bomolocha Moth
val/00997_Animalia_Arthropoda_Insecta_Lepidoptera_Erebidae_Catocala_grynea/d21b024b-a518-44cd-91f2-b29e60f5cc28.jpg,50,49,0,49,126,50,137,52,0.035980224609375,0.03564453125,0.0297698974609375,0.0203399658203125,0.02008056640625,1,3,Woody Underwing,Deduced Graphic,Virile Crayfish,Woody Underwing,Freshwater Drum,Dimorphic Bomolocha Moth
val/00998_Animalia_Arthropoda_Insecta_Lepidoptera_Erebidae_Catocala_ilia/01fce9bc-be97-49ea-ab0f-6eb88549537a.jpg,51,52,0,52,106,27,10,51,0.049530029296875,0.036956787109375,0.0350341796875,0.029022216796875,0.0279693603515625,1,5,Ilia Underwing,Dimorphic Bomolocha Moth,Hippotion scrofa,Western Conifer Seed Bug,Spined Woodborer,Ilia Underwing
val/01047_Animalia_Arthropoda_Insecta_Lepidoptera_Erebidae_Hypena_bijugalis/22cdee14-4286-4f46-9c63-20e664063c2c.jpg,52,85,0,85,46,98,52,50,0.08404541015625,0.06884765625,0.058349609375,0.046295166015625,0.0309906005859375,1,4,Dimorphic Bomolocha Moth,Angulose Prominent Moth,Titian Peale's Crambid,Darker Moodna Moth,Dimorphic Bomolocha Moth,Woody Underwing
val/01047_Animalia_Arthropoda_Insecta_Lepidoptera_Erebidae_Hypena_bijugalis/54a1b518-a7c8-446d-909b-2d2c4ff2fbf7.jpg,52,46,0,46,52,98,50,85,0.10693359375,0.059173583984375,0.049041748046875,0.04510498046875,0.038116455078125,1,2,Dimorphic Bomolocha Moth,Titian Peale's Crambid,Dimorphic Bomolocha Moth,Darker Moodna Moth,Woody Underwing,Angulose Prominent Moth
val/01047_Animalia_Arthropoda_Insecta_Lepidoptera_Erebidae_Hypena_bijugalis/8b03d11c-c525-414d-a784-5616bad36d13.jpg,52,98,0,98,53,46,52,272,0.0521240234375,0.043121337890625,0.03753662109375,0.0237579345703125,0.0217437744140625,1,4,Dimorphic Bomolocha Moth,Darker Moodna Moth,Royal Poinciana Moth,Titian Peale's Crambid,Dimorphic Bomolocha Moth,Hoof Fungus
val/01076_Animalia_Arthropoda_Insecta_Lepidoptera_Erebidae_Melipotis_acontioides/91518ee3-735e-4175-b59a-efb7a8758bde.jpg,53,7,0,7,53,171,272,215,0.12017822265625,0.10357666015625,0.04388427734375,0.038604736328125,0.0249481201171875,1,2,Royal Poinciana Moth,Emerald Ash Borer,Royal Poinciana Moth,Brown Creeper,Hoof Fungus,Eastern Screech-Owl
val/01103_Animalia_Arthropoda_Insecta_Lepidoptera_Erebidae_Pantydia_sparsa/671b68f9-910d-41e2-9bcb-791c9533fad9.jpg,54,227,0,227,54,226,221,62,0.02227783203125,0.0203399658203125,0.0175628662109375,0.017364501953125,0.017242431640625,1,2,Pantydia sparsa,New Zealand Sea Lion,Pantydia sparsa,Hooded Skunk,Eland,Yellow Slant-line
val/01103_Animalia_Arthropoda_Insecta_Lepidoptera_Erebidae_Pantydia_sparsa/3049588c-add0-4642-977a-c06aa64f992b.jpg,54,46,0,46,85,52,54,82,0.141357421875,0.07293701171875,0.0609130859375,0.057464599609375,0.042205810546875,1,4,Pantydia sparsa,Titian Peale's Crambid,Angulose Prominent Moth,Dimorphic Bomolocha Moth,Pantydia sparsa,Black-dotted Maliattha
val/01164_Animalia_Arthropoda_Insecta_Lepidoptera_Geometridae_Chiasmia_clathrata/6fbbb99c-d17d-49b6-a622-d899fbfaacb9.jpg,55,74,0,74,9,79,55,87,0.04766845703125,0.041534423828125,0.03021240234375,0.02447509765625,0.024078369140625,1,4,Latticed Heath,Forget-me-not,Spotted Longhorn,Coral Hairstreak,Latticed Heath,Silver Emperor
val/01164_Animalia_Arthropoda_Insecta_Lepidoptera_Geometridae_Chiasmia_clathrata/ca7d1854-3507-49f4-9dc6-50c6539d77d6.jpg,55,142,0,142,63,117,121,55,0.030731201171875,0.0295562744140625,0.027099609375,0.025360107421875,0.024810791015625,1,5,Latticed Heath,Eastern Dwarf Treefrog,Least Skipper,Common Blue Damselfly,Small Spreadwing,Latticed Heath
val/01167_Animalia_Arthropoda_Insecta_Lepidoptera_Geometridae_Chlorochlamys_chloroleucaria/038981b0-8137-47be-a06b-f782f8d01c8e.jpg,56,133,0,133,56,232,131,251,0.062286376953125,0.04901123046875,0.043304443359375,0.042633056640625,0.037017822265625,1,2,Blackberry Looper,Snakeskin Wrasse,Blackberry Looper,Woodchuck,Redbreast Sunfish,Queen Conch
val/01176_Animalia_Arthropoda_Insecta_Lepidoptera_Geometridae_Colotois_pennaria/89a3dd6c-3993-402f-85fd-bde77b3b543a.jpg,57,58,0,58,59,62,57,60,0.05560302734375,0.0501708984375,0.039581298828125,0.03363037109375,0.0272064208984375,1,4,Feathered Thorn,Riband Wave,Black-dotted Ruddy Moth,Yellow Slant-line,Feathered Thorn,Alien Probole Moth
val/01176_Animalia_Arthropoda_Insecta_Lepidoptera_Geometridae_Colotois_pennaria/91050c46-ed13-4055-b731-34ac1cfccd32.jpg,57,137,0,137,62,57,250,126,0.06036376953125,0.0328369140625,0.0306549072265625,0.026824951171875,0.0237884521484375,1,3,Feathered Thorn,Freshwater Drum,Yellow Slant-line,Feathered Thorn,Nuttall's Cockle,Virile Crayfish
val/01176_Animalia_Arthropoda_Insecta_Lepidoptera_Geometridae_Colotois_pennaria/5f697890-c950-41f6-8dc1-160f133216cd.jpg,57,59,0,59,106,57,30,52,0.1268310546875,0.06866455078125,0.058868408203125,0.04583740234375,0.044677734375,1,3,Feathered Thorn,Black-dotted Ruddy Moth,Hippotion scrofa,Feathered Thorn,Brown Marmorated Stink Bug,Dimorphic Bomolocha Moth
val/01176_Animalia_Arthropoda_Insecta_Lepidoptera_Geometridae_Colotois_pennaria/551b8d2b-d6f4-4bcc-bdb3-c924444b2e60.jpg,57,6,0,6,57,50,47,83,0.057830810546875,0.04766845703125,0.0379638671875,0.032012939453125,0.0281524658203125,1,2,Feathered Thorn,Giant Desert Centipede,Feathered Thorn,Woody Underwing,Volupial Pyrausta Moth,Half-yellow Moth
val/01176_Animalia_Arthropoda_Insecta_Lepidoptera_Geometridae_Colotois_pennaria/918f81a7-d047-42e9-81d1-1f2dd4bc792e.jpg,57,83,0,83,43,101,6,57,0.12274169921875,0.10601806640625,0.044219970703125,0.040618896484375,0.034820556640625,1,5,Feathered Thorn,Half-yellow Moth,Garden Webworm Moth,Orange-tipped Oakworm Moth,Giant Desert Centipede,Feathered Thorn
val/01176_Animalia_Arthropoda_Insecta_Lepidoptera_Geometridae_Colotois_pennaria/23dc456f-2aeb-45af-8efb-7fcf5f31b4fb.jpg,57,59,0,59,72,57,106,110,0.1405029296875,0.057159423828125,0.056121826171875,0.0526123046875,0.045928955078125,1,3,Feathered Thorn,Black-dotted Ruddy Moth,Green Oak-Slug Moth,Feathered Thorn,Hippotion scrofa,Filbertworm Moth
val/01233_Animalia_Arthropoda_Insecta_Lepidoptera_Geometridae_Idaea_aversata/c6d4f6f5-b785-4884-9137-05862129cfb1.jpg,58,56,0,56,62,58,61,84,0.07122802734375,0.0616455078125,0.050506591796875,0.028472900390625,0.025634765625,1,3,Riband Wave,Blackberry Looper,Yellow Slant-line,Riband Wave,White Slant-line,Green Silver-lines
val/01233_Animalia_Arthropoda_Insecta_Lepidoptera_Geometridae_Idaea_aversata/de8b7f2f-4bed-499a-820a-f619f438ef19.jpg,58,61,0,61,62,58,56,265,0.09063720703125,0.06915283203125,0.037384033203125,0.0281219482421875,0.0238494873046875,1,3,Riband Wave,White Slant-line,Yellow Slant-line,Riband Wave,Blackberry Looper,green-spored parasol
val/01233_Animalia_Arthropoda_Insecta_Lepidoptera_Geometridae_Idaea_aversata/cc692317-cae5-4e26-a905-2ec893b56b40.jpg,58,265,0,265,61,58,142,482,0.031524658203125,0.030242919921875,0.01531219482421875,0.01496124267578125,0.01480865478515625,1,3,Riband Wave,green-spored parasol,White Slant-line,Riband Wave,Eastern Dwarf Treefrog,Obscure Morning Glory
val/01233_Animalia_Arthropoda_Insecta_Lepidoptera_Geometridae_Idaea_aversata/077dcf69-e79c-457b-8772-8047ace14ca7.jpg,58,59,0,59,62,72,57,58,0.05364990234375,0.043060302734375,0.033935546875,0.0291748046875,0.0285491943359375,1,5,Riband Wave,Black-dotted Ruddy Moth,Yellow Slant-line,Green Oak-Slug Moth,Feathered Thorn,Riband Wave
val/01297_Animalia_Arthropoda_Insecta_Lepidoptera_Geometridae_Probole_amicaria/7013e6de-9432-4de0-8a6f-3a868a71b7d0.jpg,60,59,0,59,57,110,60,251,0.3974609375,0.07965087890625,0.07110595703125,0.04534912109375,0.0255126953125,1,4,Alien Probole Moth,Black-dotted Ruddy Moth,Feathered Thorn,Filbertworm Moth,Alien Probole Moth,Queen Conch
val/01297_Animalia_Arthropoda_Insecta_Lepidoptera_Geometridae_Probole_amicaria/36b18780-0ec2-4930-b62f-0cc322007f86.jpg,60,4,0,4,158,60,3,110,0.052947998046875,0.05072021484375,0.047607421875,0.0233154296875,0.0208587646484375,1,3,Alien Probole Moth,Paravaejovis puritanus,Crowned Lapwing,Alien Probole Moth,Johnson's Jumping Spider,Filbertworm Moth
val/01314_Animalia_Arthropoda_Insecta_Lepidoptera_Geometridae_Tetracis_cachexiata/257ba46d-e18e-4b07-b181-245e511bbaf5.jpg,61,119,0,119,48,62,61,156,0.03515625,0.0272369384765625,0.0266571044921875,0.0242462158203125,0.0208740234375,1,4,White Slant-line,Eastern Ringtail,Snowy Urola Moth,Yellow Slant-line,White Slant-line,Wilson's Plover
val/01315_Animalia_Arthropoda_Insecta_Lepidoptera_Geometridae_Tetracis_crocallata/0449708a-a9d7-4abf-bb37-fbd66fe0ec25.jpg,62,128,0,128,129,62,137,163,0.051055908203125,0.039093017578125,0.037567138671875,0.0280914306640625,0.0254974365234375,1,3,Yellow Slant-line,Bluntnose Minnow,Blacknose Dace,Yellow Slant-line,Freshwater Drum,Glaucous-winged Gull
val/01315_Animalia_Arthropoda_Insecta_Lepidoptera_Geometridae_Tetracis_crocallata/9df8dcc1-e88e-4b5f-83bc-9959ed87fb4a.jpg,62,141,0,141,62,54,238,83,0.037261962890625,0.0292816162109375,0.0279693603515625,0.02490234375,0.024871826171875,1,2,Yellow Slant-line,Cachabi Robber Frog,Yellow Slant-line,Pantydia sparsa,Common Bronze-back,Half-yellow Moth
val/01315_Animalia_Arthropoda_Insecta_Lepidoptera_Geometridae_Tetracis_crocallata/8e92383f-b8a8-411f-910a-0493f3d3269e.jpg,62,65,0,65,75,315,62,64,0.17529296875,0.07855224609375,0.069580078125,0.06298828125,0.034820556640625,1,4,Yellow Slant-line,Juvenal's Duskywing,Spring Azure,dwarf ginseng,Yellow Slant-line,Desert Checkered-Skipper
val/01315_Animalia_Arthropoda_Insecta_Lepidoptera_Geometridae_Tetracis_crocallata/ba4151fe-d4ed-45b7-8add-18401ab65a56.jpg,62,58,0,58,83,62,61,156,0.0204925537109375,0.019500732421875,0.0157928466796875,0.015777587890625,0.014495849609375,1,3,Yellow Slant-line,Riband Wave,Half-yellow Moth,Yellow Slant-line,White Slant-line,Wilson's Plover
val/01315_Animalia_Arthropoda_Insecta_Lepidoptera_Geometridae_Tetracis_crocallata/a4d55c4a-bdf7-4682-a990-35a928594702.jpg,62,129,0,129,235,62,269,131,0.08062744140625,0.0439453125,0.04290771484375,0.042144775390625,0.037506103515625,1,3,Yellow Slant-line,Blacknose Dace,Belize Crocodile,Yellow Slant-line,Peppery Bolete,Redbreast Sunfish
val/01335_Animalia_Arthropoda_Insecta_Lepidoptera_Hesperiidae_Ancyloxypha_numitor/9b0c2e02-bc98-4464-8565-aa079e752dc6.jpg,63,70,0,70,63,66,69,74,0.0904541015625,0.059661865234375,0.057830810546875,0.049560546875,0.04095458984375,1,2,Least Skipper,European Skipper,Least Skipper,Chestnut Bob,Long Dash Skipper,Forget-me-not
val/01335_Animalia_Arthropoda_Insecta_Lepidoptera_Hesperiidae_Ancyloxypha_numitor/49eefdfc-496a-4888-b4f5-352b992496cd.jpg,63,68,0,68,63,70,99,86,0.08685302734375,0.08392333984375,0.0693359375,0.059722900390625,0.0374755859375,1,2,Least Skipper,Umber Skipper,Least Skipper,European Skipper,Fatal Metalmark,Lesser Marbled Fritillary
val/01335_Animalia_Arthropoda_Insecta_Lepidoptera_Hesperiidae_Ancyloxypha_numitor/5940b8a8-3678-4026-8fec-868e6e6c0454.jpg,63,99,0,99,63,69,79,74,0.032928466796875,0.03045654296875,0.0294647216796875,0.028961181640625,0.0270538330078125,1,2,Least Skipper,Fatal Metalmark,Least Skipper,Long Dash Skipper,Coral Hairstreak,Forget-me-not
val/01346_Animalia_Arthropoda_Insecta_Lepidoptera_Hesperiidae_Burnsius_philetas/3e5f8aae-a745-4048-8ba1-32991c5f1512.jpg,64,365,0,365,75,65,240,64,0.0625,0.060577392578125,0.0489501953125,0.03509521484375,0.0345458984375,1,5,Desert Checkered-Skipper,skeleton weed,Spring Azure,Juvenal's Duskywing,Flat-headed Snake,Desert Checkered-Skipper
val/01346_Animalia_Arthropoda_Insecta_Lepidoptera_Hesperiidae_Burnsius_philetas/4d2ef639-9d27-44aa-9695-d207cd4850bd.jpg,64,10,0,10,240,80,64,3,0.0184173583984375,0.0158843994140625,0.015869140625,0.01500701904296875,0.014068603515625,1,4,Desert Checkered-Skipper,Spined Woodborer,Flat-headed Snake,Alfalfa Looper,Desert Checkered-Skipper,Johnson's Jumping Spider
val/01346_Animalia_Arthropoda_Insecta_Lepidoptera_Hesperiidae_Burnsius_philetas/ea35176a-fa92-4d09-8575-620da539b47f.jpg,64,77,0,77,64,413,242,171,0.027496337890625,0.0193023681640625,0.01751708984375,0.0165557861328125,0.0152435302734375,1,2,Desert Checkered-Skipper,Boisduval's Blue,Desert Checkered-Skipper,white sage,Brown Basilisk,Brown Creeper
val/01362_Animalia_Arthropoda_Insecta_Lepidoptera_Hesperiidae_Erynnis_juvenalis/b5a24ae5-8379-437b-a603-714e648c54f1.jpg,65,10,0,10,105,65,52,91,0.06805419921875,0.026214599609375,0.02587890625,0.0214385986328125,0.018585205078125,1,3,Juvenal's Duskywing,Spined Woodborer,Pawpaw Sphinx Moth,Juvenal's Duskywing,Dimorphic Bomolocha Moth,Mourning Cloak
val/01362_Animalia_Arthropoda_Insecta_Lepidoptera_Hesperiidae_Erynnis_juvenalis/bf148791-515c-4201-bd9b-61c047243273.jpg,65,272,0,272,46,98,52,65,0.035308837890625,0.026092529296875,0.024993896484375,0.0240478515625,0.0227203369140625,1,5,Juvenal's Duskywing,Hoof Fungus,Titian Peale's Crambid,Darker Moodna Moth,Dimorphic Bomolocha Moth,Juvenal's Duskywing
val/01362_Animalia_Arthropoda_Insecta_Lepidoptera_Hesperiidae_Erynnis_juvenalis/e127a6ec-6014-4dac-9049-e6b52d9e2274.jpg,65,69,0,69,65,99,9,70,0.041168212890625,0.037567138671875,0.03692626953125,0.03375244140625,0.0297393798828125,1,2,Juvenal's Duskywing,Long Dash Skipper,Juvenal's Duskywing,Fatal Metalmark,Spotted Longhorn,European Skipper
val/01374_Animalia_Arthropoda_Insecta_Lepidoptera_Hesperiidae_Iambrix_salsala/2b627dbe-d599-436f-a0d3-17a9def4d748.jpg,66,12,0,12,66,69,378,99,0.249267578125,0.052154541015625,0.04766845703125,0.03387451171875,0.033447265625,1,2,Chestnut Bob,Hadda Beetle,Chestnut Bob,Long Dash Skipper,mapleleaf viburnum,Fatal Metalmark
val/01374_Animalia_Arthropoda_Insecta_Lepidoptera_Hesperiidae_Iambrix_salsala/504774e9-ea53-4517-bceb-d3b541802594.jpg,66,330,0,330,40,15,63,66,0.0628662109375,0.05010986328125,0.0352783203125,0.03411865234375,0.030853271484375,1,5,Chestnut Bob,oxeye daisy,Metallic Epauletted-Sweat Bee,Oedemera femorata,Least Skipper,Chestnut Bob
val/01376_Animalia_Arthropoda_Insecta_Lepidoptera_Hesperiidae_Lerodea_eufala/ccb927ca-21af-47cb-be9f-36ff80b65043.jpg,67,70,0,70,99,67,86,69,0.046966552734375,0.044342041015625,0.041412353515625,0.033416748046875,0.03302001953125,1,3,Eufala Skipper,European Skipper,Fatal Metalmark,Eufala Skipper,Lesser Marbled Fritillary,Long Dash Skipper
val/01378_Animalia_Arthropoda_Insecta_Lepidoptera_Hesperiidae_Lon_melane/de3b4755-fb74-4bee-b430-3121d6d5b714.jpg,68,65,0,65,99,141,68,66,0.06268310546875,0.033538818359375,0.0283966064453125,0.024566650390625,0.022613525390625,1,4,Umber Skipper,Juvenal's Duskywing,Fatal Metalmark,Cachabi Robber Frog,Umber Skipper,Chestnut Bob
val/01378_Animalia_Arthropoda_Insecta_Lepidoptera_Hesperiidae_Lon_melane/422fc3ca-7eed-412b-b13a-9723331cc648.jpg,68,74,0,74,2,43,95,68,0.04034423828125,0.030731201171875,0.0293426513671875,0.0291748046875,0.0245208740234375,1,5,Umber Skipper,Forget-me-not,Six-spotted Fishing Spider,Garden Webworm Moth,Barred Yellow,Umber Skipper
val/01393_Animalia_Arthropoda_Insecta_Lepidoptera_Hesperiidae_Polites_mystic/27e9c2f0-47e6-4bf8-88c1-9f1e513eee6b.jpg,69,63,0,63,69,70,99,22,0.1920166015625,0.1556396484375,0.06488037109375,0.046417236328125,0.0386962890625,1,2,Long Dash Skipper,Least Skipper,Long Dash Skipper,European Skipper,Fatal Metalmark,Transverse-banded Flower Fly
val/01393_Animalia_Arthropoda_Insecta_Lepidoptera_Hesperiidae_Polites_mystic/a364b642-d560-4c44-b5a2-4281405f5c80.jpg,69,63,0,63,415,67,15,69,0.07122802734375,0.055206298828125,0.052703857421875,0.047332763671875,0.04559326171875,1,5,Long Dash Skipper,Least Skipper,Marsh Woundwort,Eufala Skipper,Oedemera femorata,Long Dash Skipper
val/01393_Animalia_Arthropoda_Insecta_Lepidoptera_Hesperiidae_Polites_mystic/0c2f1611-b27f-4975-9fcb-3d43b028e510.jpg,69,66,0,66,86,12,99,69,0.16015625,0.09991455078125,0.07684326171875,0.06646728515625,0.062408447265625,1,5,Long Dash Skipper,Chestnut Bob,Lesser Marbled Fritillary,Hadda Beetle,Fatal Metalmark,Long Dash Skipper
val/01405_Animalia_Arthropoda_Insecta_Lepidoptera_Hesperiidae_Thymelicus_lineola/73db5011-71ea-4026-b3df-3768b6adeb41.jpg,70,86,0,86,70,69,63,79,0.2159423828125,0.1187744140625,0.10968017578125,0.06427001953125,0.02984619140625,1,2,European Skipper,Lesser Marbled Fritillary,European Skipper,Long Dash Skipper,Least Skipper,Coral Hairstreak
val/01408_Animalia_Arthropoda_Insecta_Lepidoptera_Hesperiidae_Urbanus_dorantes/82fdcd9b-bf62-4f76-85c2-c319aeba8d3f.jpg,71,116,0,116,63,89,294,71,0.0267333984375,0.02294921875,0.0225982666015625,0.022369384765625,0.0210418701171875,1,5,Dorantes Longtail,Ebony Jewelwing,Least Skipper,Baltimore Checkerspot,Fly Orchid,Dorantes Longtail
val/01430_Animalia_Arthropoda_Insecta_Lepidoptera_Limacodidae_Euclea_incisa/79e97fcf-fb0a-4ad7-80b0-4c3552845228.jpg,72,60,0,60,50,72,82,49,0.0281524658203125,0.0260009765625,0.0228729248046875,0.021209716796875,0.02093505859375,1,3,Green Oak-Slug Moth,Alien Probole Moth,Woody Underwing,Green Oak-Slug Moth,Black-dotted Maliattha,Deduced Graphic
val/01439_Animalia_Arthropoda_Insecta_Lepidoptera_Lycaenidae_Anthene_emolus/2b6dee71-d88e-4d85-8a18-8094dde4e4a0.jpg,73,63,0,63,73,66,69,99,0.05499267578125,0.04718017578125,0.04638671875,0.04339599609375,0.032135009765625,1,2,Common Ciliate Blue,Least Skipper,Common Ciliate Blue,Chestnut Bob,Long Dash Skipper,Fatal Metalmark
val/01455_Animalia_Arthropoda_Insecta_Lepidoptera_Lycaenidae_Catochrysops_strabo/51399ffd-e67a-4923-ab18-bdfeec3ba712.jpg,74,70,0,70,63,15,69,74,0.040130615234375,0.038604736328125,0.035308837890625,0.0322265625,0.027740478515625,1,5,Forget-me-not,European Skipper,Least Skipper,Oedemera femorata,Long Dash Skipper,Forget-me-not
val/01455_Animalia_Arthropoda_Insecta_Lepidoptera_Lycaenidae_Catochrysops_strabo/5f15f8e7-cc6b-4a74-8cb0-62580c890021.jpg,74,43,0,43,74,67,68,119,0.03289794921875,0.029266357421875,0.024139404296875,0.0213775634765625,0.020172119140625,1,2,Forget-me-not,Garden Webworm Moth,Forget-me-not,Eufala Skipper,Umber Skipper,Eastern Ringtail
val/01458_Animalia_Arthropoda_Insecta_Lepidoptera_Lycaenidae_Celastrina_ladon/c0fca24a-a01f-45f3-a257-aaeb9bbddb5c.jpg,75,301,0,301,75,65,64,87,0.06640625,0.060943603515625,0.046539306640625,0.0287322998046875,0.0258941650390625,1,2,Spring Azure,snow trillium,Spring Azure,Juvenal's Duskywing,Desert Checkered-Skipper,Silver Emperor
val/01458_Animalia_Arthropoda_Insecta_Lepidoptera_Lycaenidae_Celastrina_ladon/c8c37f56-8659-45d0-b5f8-8f09202db6b9.jpg,75,231,0,231,252,75,259,36,0.035614013671875,0.02911376953125,0.0274658203125,0.024383544921875,0.0219879150390625,1,3,Spring Azure,Bank Vole,Common Whelk,Spring Azure,Turkish Snail,Spongy Oak Apple Gall Wasp
val/01485_Animalia_Arthropoda_Insecta_Lepidoptera_Lycaenidae_Icaricia_icarioides/b23f1443-2724-47ac-9733-5ff7caa53402.jpg,77,55,0,55,117,115,76,77,0.047515869140625,0.0430908203125,0.041351318359375,0.033416748046875,0.0269775390625,1,5,Boisduval's Blue,Latticed Heath,Common Blue Damselfly,Owly Sulphur,Mazarine Blue,Boisduval's Blue
val/01534_Animalia_Arthropoda_Insecta_Lepidoptera_Lycaenidae_Satyrium_titus/4bef599f-93f4-4d05-9ca7-e85cc9196764.jpg,79,15,0,15,40,8,21,79,0.08648681640625,0.07562255859375,0.067626953125,0.06756591796875,0.06060791015625,1,5,Coral Hairstreak,Oedemera femorata,Metallic Epauletted-Sweat Bee,Goldenrod Soldier Beetle,Yellow-shouldered Drone Fly,Coral Hairstreak
val/01583_Animalia_Arthropoda_Insecta_Lepidoptera_Noctuidae_Autographa_californica/4a3be033-e65a-4052-8612-30d612e5a9c1.jpg,80,171,0,171,92,80,7,214,0.06402587890625,0.0301513671875,0.0245513916015625,0.0206756591796875,0.0182342529296875,1,3,Alfalfa Looper,Brown Creeper,Blomfild's Beauty,Alfalfa Looper,Emerald Ash Borer,Downy Woodpecker
val/01649_Animalia_Arthropoda_Insecta_Lepidoptera_Noctuidae_Lithacodia_musta/4d3e84a2-d9e8-411b-8d2b-2b4b305f067c.jpg,81,272,0,272,496,263,81,261,0.0374755859375,0.028167724609375,0.0272064208984375,0.0240020751953125,0.0230712890625,1,4,Small Mossy Lithacodia,Hoof Fungus,brittle bladderfern,Smooth Rock Tripe,Small Mossy Lithacodia,scaly pelt lichen
val/01649_Animalia_Arthropoda_Insecta_Lepidoptera_Noctuidae_Lithacodia_musta/003116a0-6d6a-4582-b13f-2735b6c0cb4d.jpg,81,72,0,72,58,119,81,56,0.018646240234375,0.017486572265625,0.0162200927734375,0.0139923095703125,0.01364898681640625,1,4,Small Mossy Lithacodia,Green Oak-Slug Moth,Riband Wave,Eastern Ringtail,Small Mossy Lithacodia,Blackberry Looper
val/01649_Animalia_Arthropoda_Insecta_Lepidoptera_Noctuidae_Lithacodia_musta/3dba87d9-c373-49cb-afd0-213d419b1e0e.jpg,81,82,0,82,48,83,46,81,0.03741455078125,0.0364990234375,0.0338134765625,0.0328369140625,0.0284576416015625,1,5,Small Mossy Lithacodia,Black-dotted Maliattha,Snowy Urola Moth,Half-yellow Moth,Titian Peale's Crambid,Small Mossy Lithacodia
val/01653_Animalia_Arthropoda_Insecta_Lepidoptera_Noctuidae_Maliattha_synochitis/922fd880-7fda-4a68-aa2e-10b0e29bb72c.jpg,82,56,0,56,81,58,82,45,0.043182373046875,0.033843994140625,0.0286407470703125,0.0278472900390625,0.022979736328125,1,4,Black-dotted Maliattha,Blackberry Looper,Small Mossy Lithacodia,Riband Wave,Black-dotted Maliattha,Hydrilla Leafcutter Moth
val/01691_Animalia_Arthropoda_Insecta_Lepidoptera_Noctuidae_Ponometia_semiflava/7afefa4b-94f5-4632-8bee-421660335be2.jpg,83,32,0,32,341,83,196,327,0.07037353515625,0.059173583984375,0.0478515625,0.041839599609375,0.040130615234375,1,3,Half-yellow Moth,Jagged Ambush Bug,tree marigold,Half-yellow Moth,Eastern Yellow Robin,great blanketflower
val/01691_Animalia_Arthropoda_Insecta_Lepidoptera_Noctuidae_Ponometia_semiflava/fd9f757a-8bed-4d1a-835c-f8be213855f0.jpg,83,62,0,62,44,83,175,185,0.031829833984375,0.02435302734375,0.021240234375,0.019744873046875,0.0196075439453125,1,3,Half-yellow Moth,Yellow Slant-line,Pearl Veneer,Half-yellow Moth,Double-barred Finch,Familiar Chat
val/01729_Animalia_Arthropoda_Insecta_Lepidoptera_Nolidae_Pseudoips_prasinana/9274da88-7de8-4876-aa0a-5c7aedc01383.jpg,84,62,0,62,84,141,54,234,0.0787353515625,0.042694091796875,0.035308837890625,0.030548095703125,0.02703857421875,1,2,Green Silver-lines,Yellow Slant-line,Green Silver-lines,Cachabi Robber Frog,Pantydia sparsa,Common Caiman
val/01748_Animalia_Arthropoda_Insecta_Lepidoptera_Notodontidae_Peridea_angulosa/859eedf2-457d-48fc-8574-b1da90567465.jpg,85,51,0,51,105,85,174,81,0.05059814453125,0.05059814453125,0.032470703125,0.0240631103515625,0.0232696533203125,1,3,Angulose Prominent Moth,Ilia Underwing,Pawpaw Sphinx Moth,Angulose Prominent Moth,Alpine Chough,Small Mossy Lithacodia
val/01838_Animalia_Arthropoda_Insecta_Lepidoptera_Nymphalidae_Doxocopa_laure/f1e6c97d-9964-4169-b979-63a909e5b96e.jpg,87,64,0,64,87,41,274,76,0.07977294921875,0.06475830078125,0.051116943359375,0.048980712890625,0.02825927734375,1,2,Silver Emperor,Desert Checkered-Skipper,Silver Emperor,Common Thread-waisted Wasp,ceramic parchment,Mazarine Blue
val/01840_Animalia_Arthropoda_Insecta_Lepidoptera_Nymphalidae_Dryas_iulia/c2ac54ca-62d9-483b-96b5-0ea69384cfa3.jpg,88,374,0,374,131,60,252,88,0.0555419921875,0.037689208984375,0.036865234375,0.03253173828125,0.032257080078125,1,5,Julia Butterfly,Streambank Stickleaf,Redbreast Sunfish,Alien Probole Moth,Common Whelk,Julia Butterfly
val/01840_Animalia_Arthropoda_Insecta_Lepidoptera_Nymphalidae_Dryas_iulia/94a9d295-2a40-4566-8a56-1f4c37802db3.jpg,88,374,0,374,88,300,99,299,0.1942138671875,0.1810302734375,0.05670166015625,0.048736572265625,0.0309600830078125,1,2,Julia Butterfly,Streambank Stickleaf,Julia Butterfly,Leopard Lily,Fatal Metalmark,fire lily
val/01840_Animalia_Arthropoda_Insecta_Lepidoptera_Nymphalidae_Dryas_iulia/cd5026c0-61ea-4c61-8ff6-30bfce80da60.jpg,88,70,0,70,21,34,69,88,0.1058349609375,0.09149169921875,0.0638427734375,0.050384521484375,0.040863037109375,1,5,Julia Butterfly,European Skipper,Yellow-shouldered Drone Fly,Southern Carpenter Bee,Long Dash Skipper,Julia Butterfly
val/01854_Animalia_Arthropoda_Insecta_Lepidoptera_Nymphalidae_Euphydryas_phaeton/8ddb4d54-ba9a-4f78-9c35-fbd44dec7036.jpg,89,63,0,63,65,425,89,69,0.0265045166015625,0.0209503173828125,0.0206146240234375,0.018402099609375,0.0172882080078125,1,4,Baltimore Checkerspot,Least Skipper,Juvenal's Duskywing,American brooklime,Baltimore Checkerspot,Long Dash Skipper
val/01908_Animalia_Arthropoda_Insecta_Lepidoptera_Nymphalidae_Limenitis_arthemis/6641ddfa-694f-4f0b-81d1-895abd86b782.jpg,90,243,0,243,3,90,6,37,0.03350830078125,0.03179931640625,0.02569580078125,0.0232391357421875,0.022491455078125,1,3,Red-spotted Admiral,Texas Coralsnake,Johnson's Jumping Spider,Red-spotted Admiral,Giant Desert Centipede,Florida Carpenter Ant
val/01968_Animalia_Arthropoda_Insecta_Lepidoptera_Nymphalidae_Smyrna_blomfildia/aab0fc6a-08ec-455a-b521-6c91448f231f.jpg,92,53,0,53,413,7,92,51,0.021270751953125,0.02032470703125,0.0200042724609375,0.0156707763671875,0.0154266357421875,1,4,Blomfild's Beauty,Royal Poinciana Moth,white sage,Emerald Ash Borer,Blomfild's Beauty,Ilia Underwing
val/02009_Animalia_Arthropoda_Insecta_Lepidoptera_Papilionidae_Papilio_anactus/21b98816-1c69-41df-ad7a-59d8d27b2f48.jpg,93,89,0,89,100,93,170,90,0.1295166015625,0.1207275390625,0.0821533203125,0.046966552734375,0.0292510986328125,1,3,Dainty Swallowtail,Baltimore Checkerspot,Red-bordered Pixie,Dainty Swallowtail,Yellow Grosbeak,Red-spotted Admiral
val/02073_Animalia_Arthropoda_Insecta_Lepidoptera_Pieridae_Eurema_daira/e9e66870-ec03-4e55-a386-55c12ca2cb40.jpg,95,94,0,94,482,95,68,71,0.0770263671875,0.05377197265625,0.0430908203125,0.0304412841796875,0.0304107666015625,1,3,Barred Yellow,Thoas Swallowtail,Obscure Morning Glory,Barred Yellow,Umber Skipper,Dorantes Longtail
val/02077_Animalia_Arthropoda_Insecta_Lepidoptera_Pieridae_Glutophrissa_drusilla/b5206041-1557-4eb1-851b-d0b59ebdb309.jpg,96,15,0,15,40,482,96,61,0.0283660888671875,0.02166748046875,0.0198822021484375,0.0198211669921875,0.0196990966796875,1,4,Florida White,Oedemera femorata,Metallic Epauletted-Sweat Bee,Obscure Morning Glory,Florida White,White Slant-line
val/02092_Animalia_Arthropoda_Insecta_Lepidoptera_Pieridae_Pieris_brassicae/22a20fbc-d17e-4db1-91fa-fd09ca7b042b.jpg,97,15,0,15,40,97,78,281,0.0501708984375,0.044097900390625,0.03814697265625,0.0224456787109375,0.02154541015625,1,3,Large White Butterfly,Oedemera femorata,Metallic Epauletted-Sweat Bee,Large White Butterfly,Marine Blue,nodding onion
val/02129_Animalia_Arthropoda_Insecta_Lepidoptera_Pyralidae_Moodna_ostrinella/ab6476e0-fb6c-4960-8d43-b5d9020ec240.jpg,98,0,0,0,106,98,47,254,0.0194854736328125,0.018280029296875,0.0180816650390625,0.01561737060546875,0.01544189453125,1,3,Darker Moodna Moth,Cross Orbweaver,Hippotion scrofa,Darker Moodna Moth,Volupial Pyrausta Moth,Lettered Olive
val/02145_Animalia_Arthropoda_Insecta_Lepidoptera_Riodinidae_Melanis_pixe/afe677a4-0edc-42f1-8444-08acea2d9bf5.jpg,100,209,0,209,170,100,32,191,0.1390380859375,0.10595703125,0.06787109375,0.053131103515625,0.052398681640625,1,3,Red-bordered Pixie,Indian White-eye,Yellow Grosbeak,Red-bordered Pixie,Jagged Ambush Bug,American Redstart
val/02149_Animalia_Arthropoda_Insecta_Lepidoptera_Saturniidae_Anisota_senatoria/0ff14dc9-64e5-477a-a0db-c64e1ed18104.jpg,101,243,0,243,101,6,248,11,0.0933837890625,0.08544921875,0.07659912109375,0.027496337890625,0.0258941650390625,1,2,Orange-tipped Oakworm Moth,Texas Coralsnake,Orange-tipped Oakworm Moth,Giant Desert Centipede,Massasauga,False Potato Beetle
val/02161_Animalia_Arthropoda_Insecta_Lepidoptera_Saturniidae_Hemileuca_maia/3ae863e7-f30a-4ec0-abca-2b8a4d0907fa.jpg,102,249,0,249,252,231,87,102,0.0333251953125,0.0325927734375,0.026611328125,0.0213470458984375,0.02105712890625,1,5,Buck Moth,Beadlet anemone,Common Whelk,Bank Vole,Silver Emperor,Buck Moth
val/02166_Animalia_Arthropoda_Insecta_Lepidoptera_Saturniidae_Saturnia_pavonia/15f0f8a9-98ef-4b25-bfd4-e6357a36ff2c.jpg,103,404,0,404,477,449,103,385,0.0806884765625,0.052734375,0.047576904296875,0.036956787109375,0.030609130859375,1,4,Small Emperor Moth,California Wax Myrtle,jade plant,Golden Sunshinebush,Small Emperor Moth,Gaultheria antipoda
val/02166_Animalia_Arthropoda_Insecta_Lepidoptera_Saturniidae_Saturnia_pavonia/07b1424e-156e-4a74-a54e-16d421e11988.jpg,103,392,0,392,364,467,369,103,0.045989990234375,0.0404052734375,0.038299560546875,0.030303955078125,0.02520751953125,1,5,Small Emperor Moth,pygmy-flower rock-jasmine,alpine bistort,Rubus schmidelioides,beach knotweed,Small Emperor Moth
val/02167_Animalia_Arthropoda_Insecta_Lepidoptera_Saturniidae_Saturnia_pyri/1d3f38d6-67ad-4c96-90c4-2654ff5f5276.jpg,104,263,0,263,301,75,49,104,0.05926513671875,0.0343017578125,0.03033447265625,0.02996826171875,0.0283355712890625,1,5,Giant Peacock Moth,Smooth Rock Tripe,snow trillium,Spring Azure,Deduced Graphic,Giant Peacock Moth
val/02167_Animalia_Arthropoda_Insecta_Lepidoptera_Saturniidae_Saturnia_pyri/805b255b-43ab-4675-9b8a-31d58193fdbd.jpg,104,75,0,75,104,64,246,10,0.050567626953125,0.02484130859375,0.023193359375,0.0224456787109375,0.01983642578125,1,2,Giant Peacock Moth,Spring Azure,Giant Peacock Moth,Desert Checkered-Skipper,Great Plains Skink,Spined Woodborer
val/02167_Animalia_Arthropoda_Insecta_Lepidoptera_Saturniidae_Saturnia_pyri/7db0f34d-f61b-41f5-a211-88dc303ff3c2.jpg,104,144,0,144,37,274,98,104,0.0218505859375,0.02166748046875,0.0216217041015625,0.02105712890625,0.0206451416015625,1,5,Giant Peacock Moth,Green Salamander,Florida Carpenter Ant,ceramic parchment,Darker Moodna Moth,Giant Peacock Moth
val/02185_Animalia_Arthropoda_Insecta_Lepidoptera_Sphingidae_Dolba_hyloeus/ac874749-1b95-4855-8f01-e47d4300cf9c.jpg,105,51,0,51,81,80,85,105,0.049468994140625,0.0419921875,0.034942626953125,0.0312347412109375,0.030059814453125,1,5,Pawpaw Sphinx Moth,Ilia Underwing,Small Mossy Lithacodia,Alfalfa Looper,Angulose Prominent Moth,Pawpaw Sphinx Moth
val/02198_Animalia_Arthropoda_Insecta_Lepidoptera_Sphingidae_Hippotion_scrofa/2abc9ea8-338c-4264-9a92-5bd74c7fcb04.jpg,106,50,0,50,52,106,46,51,0.1676025390625,0.12286376953125,0.11859130859375,0.07073974609375,0.042083740234375,1,3,Hippotion scrofa,Woody Underwing,Dimorphic Bomolocha Moth,Hippotion scrofa,Titian Peale's Crambid,Ilia Underwing
val/02198_Animalia_Arthropoda_Insecta_Lepidoptera_Sphingidae_Hippotion_scrofa/00b9b6f7-d46d-4712-9489-b4b19d1d8de2.jpg,106,52,0,52,106,46,50,107,0.1351318359375,0.091796875,0.06787109375,0.037200927734375,0.028900146484375,1,2,Hippotion scrofa,Dimorphic Bomolocha Moth,Hippotion scrofa,Titian Peale's Crambid,Woody Underwing,Blinded Sphinx Moth
val/02235_Animalia_Arthropoda_Insecta_Lepidoptera_Tortricidae_Argyrotaenia_velutinana/04556d1e-4912-45cf-8466-7eac29b3850a.jpg,109,110,0,110,59,60,109,4,0.0750732421875,0.049346923828125,0.041046142578125,0.03814697265625,0.02740478515625,1,4,Red-banded Leafroller,Filbertworm Moth,Black-dotted Ruddy Moth,Alien Probole Moth,Red-banded Leafroller,Paravaejovis puritanus
val/02235_Animalia_Arthropoda_Insecta_Lepidoptera_Tortricidae_Argyrotaenia_velutinana/43e6105b-f15e-4ad0-9789-29d24d6b0d6f.jpg,109,60,0,60,109,59,58,57,0.046142578125,0.037261962890625,0.036285400390625,0.033111572265625,0.03271484375,1,2,Red-banded Leafroller,Alien Probole Moth,Red-banded Leafroller,Black-dotted Ruddy Moth,Riband Wave,Feathered Thorn
val/02235_Animalia_Arthropoda_Insecta_Lepidoptera_Tortricidae_Argyrotaenia_velutinana/a3c7def7-c258-440d-a2f5-4ac28f340980.jpg,109,133,0,133,60,7,12,109,0.0616455078125,0.04559326171875,0.0452880859375,0.042816162109375,0.038299560546875,1,5,Red-banded Leafroller,Snakeskin Wrasse,Alien Probole Moth,Emerald Ash Borer,Hadda Beetle,Red-banded Leafroller
val/02235_Animalia_Arthropoda_Insecta_Lepidoptera_Tortricidae_Argyrotaenia_velutinana/f667fb78-dcbe-45a9-901e-41f5d541081b.jpg,109,98,0,98,110,109,112,48,0.234375,0.083740234375,0.059967041015625,0.04827880859375,0.0390625,1,3,Red-banded Leafroller,Darker Moodna Moth,Filbertworm Moth,Red-banded Leafroller,Omnivorous Platynota Moth,Snowy Urola Moth
val/02246_Animalia_Arthropoda_Insecta_Lepidoptera_Tortricidae_Cydia_latiferreana/c8b458be-4c8e-47c7-a2e6-badc923760d3.jpg,110,52,0,52,106,50,59,110,0.038848876953125,0.0374755859375,0.037139892578125,0.0288543701171875,0.02777099609375,1,5,Filbertworm Moth,Dimorphic Bomolocha Moth,Hippotion scrofa,Woody Underwing,Black-dotted Ruddy Moth,Filbertworm Moth
val/02249_Animalia_Arthropoda_Insecta_Lepidoptera_Tortricidae_Epiblema_otiosana/26278f05-4057-4d54-a0eb-34837e9d6958.jpg,111,46,0,46,52,98,111,50,0.1336669921875,0.1253662109375,0.0885009765625,0.08062744140625,0.07293701171875,1,4,Bidens Borer Moth,Titian Peale's Crambid,Dimorphic Bomolocha Moth,Darker Moodna Moth,Bidens Borer Moth,Woody Underwing
val/02262_Animalia_Arthropoda_Insecta_Lepidoptera_Tortricidae_Platynota_rostrana/bb5425f7-1618-4d40-81ea-a93fa5dc15bf.jpg,112,59,0,59,57,30,112,43,0.10015869140625,0.046844482421875,0.045318603515625,0.040008544921875,0.037353515625,1,4,Omnivorous Platynota Moth,Black-dotted Ruddy Moth,Feathered Thorn,Brown Marmorated Stink Bug,Omnivorous Platynota Moth,Garden Webworm Moth
val/02262_Animalia_Arthropoda_Insecta_Lepidoptera_Tortricidae_Platynota_rostrana/cecc9cf4-3fd1-4f5a-a4ea-40304171344b.jpg,112,53,0,53,85,7,112,51,0.051361083984375,0.045135498046875,0.03533935546875,0.02996826171875,0.0299530029296875,1,4,Omnivorous Platynota Moth,Royal Poinciana Moth,Angulose Prominent Moth,Emerald Ash Borer,Omnivorous Platynota Moth,Ilia Underwing
val/02262_Animalia_Arthropoda_Insecta_Lepidoptera_Tortricidae_Platynota_rostrana/f1a65f0d-fb35-4d3c-907b-bec5bcfe4621.jpg,112,83,0,83,109,45,112,11,0.0870361328125,0.0843505859375,0.0560302734375,0.050811767578125,0.0290069580078125,1,4,Omnivorous Platynota Moth,Half-yellow Moth,Red-banded Leafroller,Hydrilla Leafcutter Moth,Omnivorous Platynota Moth,False Potato Beetle
val/02284_Animalia_Arthropoda_Insecta_Mantodea_Mantidae_Orthodera_ministralis/9ed6b845-97c7-4439-8f2d-84ee14859316.jpg,113,61,0,61,113,31,28,84,0.0224609375,0.02081298828125,0.0177001953125,0.016021728515625,0.0159759521484375,1,2,Australian Green Mantis,White Slant-line,Australian Green Mantis,Southern Green Stink Bug,Alfalfa Plant Bug,Green Silver-lines
val/02284_Animalia_Arthropoda_Insecta_Mantodea_Mantidae_Orthodera_ministralis/75a07f5a-3193-4797-b86f-af60e7a74266.jpg,113,124,0,124,113,72,118,42,0.12396240234375,0.053741455078125,0.04931640625,0.038482666015625,0.0321044921875,1,2,Australian Green Mantis,Obscure Bird Grasshopper,Australian Green Mantis,Green Oak-Slug Moth,Skimming Bluet,Western Paper Wasp
val/02284_Animalia_Arthropoda_Insecta_Mantodea_Mantidae_Orthodera_ministralis/5762510b-44d4-4436-be7e-854c35bb469e.jpg,113,238,0,238,141,142,228,113,0.062103271484375,0.05169677734375,0.045867919921875,0.02960205078125,0.023406982421875,1,5,Australian Green Mantis,Common Bronze-back,Cachabi Robber Frog,Eastern Dwarf Treefrog,Sunda Flying Lemur,Australian Green Mantis
val/02297_Animalia_Arthropoda_Insecta_Neuroptera_Chrysopidae_Chrysopa_oculata/6e93e6c9-4d2d-40e1-825f-af3ef46541e9.jpg,114,56,0,56,114,132,0,138,0.03863525390625,0.021942138671875,0.020904541015625,0.019622802734375,0.018768310546875,1,2,Chrysopa oculata,Blackberry Looper,Chrysopa oculata,Four-eyed Butterflyfish,Cross Orbweaver,Kelp Bass
val/02303_Animalia_Arthropoda_Insecta_Neuroptera_Myrmeleontidae_Libelloides_coccajus/6e23a67e-1390-46bd-ab93-816fd800d6c9.jpg,115,184,0,184,194,175,115,119,0.08343505859375,0.06292724609375,0.048065185546875,0.035308837890625,0.0303497314453125,1,4,Owly Sulphur,Meadow Pipit,Henslow's Sparrow,Double-barred Finch,Owly Sulphur,Eastern Ringtail
val/02303_Animalia_Arthropoda_Insecta_Neuroptera_Myrmeleontidae_Libelloides_coccajus/1596c06c-b6c5-49d0-a2d8-ae2a32a4f30e.jpg,115,189,0,189,115,218,20,196,0.056732177734375,0.044464111328125,0.040313720703125,0.039154052734375,0.03912353515625,1,2,Owly Sulphur,Hooded Warbler,Owly Sulphur,Black-throated Trogon,Mexican Cactus Fly,Eastern Yellow Robin
val/02303_Animalia_Arthropoda_Insecta_Neuroptera_Myrmeleontidae_Libelloides_coccajus/e9484bb6-eb13-4dd8-8c61-2510c63d1a8c.jpg,115,55,0,55,117,115,194,305,0.11773681640625,0.11480712890625,0.0875244140625,0.071533203125,0.052764892578125,1,3,Owly Sulphur,Latticed Heath,Common Blue Damselfly,Owly Sulphur,Henslow's Sparrow,common three-square
val/02332_Animalia_Arthropoda_Insecta_Odonata_Calopterygidae_Calopteryx_maculata/36df78c2-cbd6-427e-a2dd-3bbde52a3c26.jpg,116,294,0,294,116,118,63,117,0.039886474609375,0.031890869140625,0.02996826171875,0.029388427734375,0.0287322998046875,1,2,Ebony Jewelwing,Fly Orchid,Ebony Jewelwing,Skimming Bluet,Least Skipper,Common Blue Damselfly
val/02332_Animalia_Arthropoda_Insecta_Odonata_Calopterygidae_Calopteryx_maculata/e8f1b3f2-2d6b-48ca-beb5-5bd0866eb8fe.jpg,116,118,0,118,116,433,468,402,0.04083251953125,0.039215087890625,0.02972412109375,0.029083251953125,0.0231475830078125,1,2,Ebony Jewelwing,Skimming Bluet,Ebony Jewelwing,umbrella magnolia,American elm,swamp chestnut oak
val/02375_Animalia_Arthropoda_Insecta_Odonata_Coenagrionidae_Enallagma_geminatum/e492b971-d305-4485-b7cf-3db7c288f61a.jpg,118,116,0,116,18,118,433,25,0.07977294921875,0.058349609375,0.053375244140625,0.051910400390625,0.0458984375,1,3,Skimming Bluet,Ebony Jewelwing,Blue Blowfly,Skimming Bluet,umbrella magnolia,Florida Leaf-footed Bug
val/02375_Animalia_Arthropoda_Insecta_Odonata_Coenagrionidae_Enallagma_geminatum/92b0c3de-b5d0-46a5-befa-d7cbe014c0ec.jpg,118,116,0,116,18,118,19,25,0.119140625,0.044677734375,0.035797119140625,0.023529052734375,0.0215606689453125,1,3,Skimming Bluet,Ebony Jewelwing,Blue Blowfly,Skimming Bluet,Garden soldier fly,Florida Leaf-footed Bug
val/02427_Animalia_Arthropoda_Insecta_Odonata_Gomphidae_Erpetogomphus_designatus/ac3f696c-9cfd-411f-ac6c-e7b13c8d384f.jpg,119,158,0,158,4,119,6,156,0.073974609375,0.041015625,0.037628173828125,0.0360107421875,0.0281829833984375,1,3,Eastern Ringtail,Crowned Lapwing,Paravaejovis puritanus,Eastern Ringtail,Giant Desert Centipede,Wilson's Plover
val/02432_Animalia_Arthropoda_Insecta_Odonata_Gomphidae_Hagenius_brevistylus/49d39b65-1b43-46d5-8c5d-5c5c22af2b1a.jpg,120,118,0,118,195,188,202,120,0.03912353515625,0.0323486328125,0.031585693359375,0.03155517578125,0.029296875,1,5,Dragonhunter,Skimming Bluet,Eastern Towhee,Cerulean Warbler,Blue-gray Tanager,Dragonhunter
val/02432_Animalia_Arthropoda_Insecta_Odonata_Gomphidae_Hagenius_brevistylus/3142816c-67cf-4746-ba69-ec586a4a42c4.jpg,120,116,0,116,118,117,120,238,0.14990234375,0.035491943359375,0.0262908935546875,0.018585205078125,0.0171661376953125,1,4,Dragonhunter,Ebony Jewelwing,Skimming Bluet,Common Blue Damselfly,Dragonhunter,Common Bronze-back
val/02463_Animalia_Arthropoda_Insecta_Odonata_Lestidae_Lestes_virens/e7891889-91e1-4a12-9988-f6fcb3d78f93.jpg,121,310,0,310,194,121,383,304,0.1754150390625,0.0731201171875,0.06787109375,0.041473388671875,0.0343017578125,1,3,Small Spreadwing,Kangaroo Grass,Henslow's Sparrow,Small Spreadwing,Inaka,Fingered Sedge
val/02463_Animalia_Arthropoda_Insecta_Odonata_Lestidae_Lestes_virens/8972b2ce-3f8c-471d-ad34-a3d41088936a.jpg,121,130,0,130,121,119,310,44,0.049591064453125,0.033233642578125,0.0305328369140625,0.023223876953125,0.0226593017578125,1,2,Small Spreadwing,Chub,Small Spreadwing,Eastern Ringtail,Kangaroo Grass,Pearl Veneer
val/02463_Animalia_Arthropoda_Insecta_Odonata_Lestidae_Lestes_virens/ce6c153b-e7c0-4152-b0bd-8396a83eea63.jpg,121,115,0,115,121,119,194,117,0.0885009765625,0.0750732421875,0.06201171875,0.043670654296875,0.028106689453125,1,2,Small Spreadwing,Owly Sulphur,Small Spreadwing,Eastern Ringtail,Henslow's Sparrow,Common Blue Damselfly
val/02463_Animalia_Arthropoda_Insecta_Odonata_Lestidae_Lestes_virens/1dbc06a0-4f2e-46fd-a6e3-379f12e15181.jpg,121,115,0,115,194,121,125,119,0.07666015625,0.0711669921875,0.062255859375,0.03076171875,0.0208892822265625,1,3,Small Spreadwing,Owly Sulphur,Henslow's Sparrow,Small Spreadwing,Long-winged Conehead,Eastern Ringtail
val/02527_Animalia_Arthropoda_Insecta_Odonata_Libellulidae_Neurothemis_taiwanensis/f9fe8fb9-aa3b-4848-bbbb-40b516be8597.jpg,122,119,0,119,153,122,73,2,0.1719970703125,0.02471923828125,0.0177764892578125,0.01763916015625,0.0167999267578125,1,3,Neurothemis taiwanensis,Eastern Ringtail,Black-chinned Hummingbird,Neurothemis taiwanensis,Common Ciliate Blue,Six-spotted Fishing Spider
val/02527_Animalia_Arthropoda_Insecta_Odonata_Libellulidae_Neurothemis_taiwanensis/55000eb9-e506-40da-be22-5e70bda13ec8.jpg,122,66,0,66,122,99,294,71,0.1259765625,0.043426513671875,0.031585693359375,0.027587890625,0.0257568359375,1,2,Neurothemis taiwanensis,Chestnut Bob,Neurothemis taiwanensis,Fatal Metalmark,Fly Orchid,Dorantes Longtail
val/02527_Animalia_Arthropoda_Insecta_Odonata_Libellulidae_Neurothemis_taiwanensis/a9dc7710-9033-422f-825a-a039df0d4806.jpg,122,300,0,300,122,66,79,209,0.06195068359375,0.055328369140625,0.045440673828125,0.042510986328125,0.039154052734375,1,2,Neurothemis taiwanensis,Leopard Lily,Neurothemis taiwanensis,Chestnut Bob,Coral Hairstreak,Indian White-eye
val/02633_Animalia_Arthropoda_Insecta_Orthoptera_Acrididae_Schistocerca_obscura/37708dc5-de64-4223-a82a-471c2f3bd723.jpg,124,48,0,48,82,7,53,124,0.038360595703125,0.03338623046875,0.0216217041015625,0.020721435546875,0.0202178955078125,1,5,Obscure Bird Grasshopper,Snowy Urola Moth,Black-dotted Maliattha,Emerald Ash Borer,Royal Poinciana Moth,Obscure Bird Grasshopper
val/02668_Animalia_Arthropoda_Insecta_Orthoptera_Tettigoniidae_Conocephalus_fuscus/b0d3ec0b-8ba1-4530-948f-d8323406dd38.jpg,125,117,0,117,116,125,76,294,0.04876708984375,0.045623779296875,0.035797119140625,0.022064208984375,0.021636962890625,1,3,Long-winged Conehead,Common Blue Damselfly,Ebony Jewelwing,Long-winged Conehead,Mazarine Blue,Fly Orchid
val/02668_Animalia_Arthropoda_Insecta_Orthoptera_Tettigoniidae_Conocephalus_fuscus/cc32813c-64b9-497e-8089-a66420c0c218.jpg,125,55,0,55,115,125,70,309,0.0498046875,0.0428466796875,0.042755126953125,0.037628173828125,0.0219879150390625,1,3,Long-winged Conehead,Latticed Heath,Owly Sulphur,Long-winged Conehead,European Skipper,Saint Augustine grass
val/02668_Animalia_Arthropoda_Insecta_Orthoptera_Tettigoniidae_Conocephalus_fuscus/28c476d6-a2dd-4d13-bb89-6c0ee540a9aa.jpg,125,44,0,44,114,125,28,73,0.0538330078125,0.040924072265625,0.0286407470703125,0.0274200439453125,0.022003173828125,1,3,Long-winged Conehead,Pearl Veneer,Chrysopa oculata,Long-winged Conehead,Alfalfa Plant Bug,Common Ciliate Blue
val/02702_Animalia_Arthropoda_Malacostraca_Decapoda_Cambaridae_Faxonius_virilis/5d481016-4fb8-4f9e-9568-b70af85064e1.jpg,126,6,0,6,126,243,155,249,0.0288848876953125,0.0281829833984375,0.024017333984375,0.0227508544921875,0.022674560546875,1,2,Virile Crayfish,Giant Desert Centipede,Virile Crayfish,Texas Coralsnake,Red-breasted Dotterel,Beadlet anemone
val/02736_Animalia_Arthropoda_Malacostraca_Decapoda_Porcellanidae_Petrolisthes_elongatus/4c558c6b-1132-45a0-b49f-9fe29068d23d.jpg,127,197,0,197,127,268,144,174,0.032958984375,0.0298309326171875,0.02545166015625,0.0186614990234375,0.0179595947265625,1,2,New Zealand Half Crab,Tomtit,New Zealand Half Crab,Roridomyces austrororidus,Green Salamander,Alpine Chough
val/02736_Animalia_Arthropoda_Malacostraca_Decapoda_Porcellanidae_Petrolisthes_elongatus/f2350726-ad2a-4eb7-ad83-c2de20b9019a.jpg,127,253,0,253,128,127,129,240,0.0872802734375,0.0677490234375,0.057830810546875,0.0511474609375,0.03814697265625,1,3,New Zealand Half Crab,California Cone,Bluntnose Minnow,New Zealand Half Crab,Blacknose Dace,Flat-headed Snake
val/02736_Animalia_Arthropoda_Malacostraca_Decapoda_Porcellanidae_Petrolisthes_elongatus/ad677add-8911-406b-92b3-19e90e119608.jpg,127,253,0,253,144,132,249,127,0.054107666015625,0.04071044921875,0.029205322265625,0.029052734375,0.0218658447265625,1,5,New Zealand Half Crab,California Cone,Green Salamander,Four-eyed Butterflyfish,Beadlet anemone,New Zealand Half Crab
val/02769_Animalia_Chordata_Actinopterygii_Cypriniformes_Cyprinidae_Pimephales_notatus/5ed7b253-2ba4-40d7-9938-5b552360d669.jpg,128,58,0,58,72,128,30,23,0.0196075439453125,0.0182952880859375,0.0174407958984375,0.0170440673828125,0.0169525146484375,1,3,Bluntnose Minnow,Riband Wave,Green Oak-Slug Moth,Bluntnose Minnow,Brown Marmorated Stink Bug,Maize Calligrapher Fly
val/02769_Animalia_Chordata_Actinopterygii_Cypriniformes_Cyprinidae_Pimephales_notatus/3754cc24-3de1-40e3-8b21-19f26f389c98.jpg,128,254,0,254,59,128,23,47,0.034027099609375,0.0188446044921875,0.0186920166015625,0.0171356201171875,0.01629638671875,1,3,Bluntnose Minnow,Lettered Olive,Black-dotted Ruddy Moth,Bluntnose Minnow,Maize Calligrapher Fly,Volupial Pyrausta Moth
val/02769_Animalia_Chordata_Actinopterygii_Cypriniformes_Cyprinidae_Pimephales_notatus/ba14416a-361e-45d9-a3ac-4c176ef91961.jpg,128,129,0,129,240,306,308,128,0.03564453125,0.0252838134765625,0.023834228515625,0.0233306884765625,0.0166015625,1,5,Bluntnose Minnow,Blacknose Dace,Flat-headed Snake,Dallis grass,Green Bristle Grass,Bluntnose Minnow
val/02769_Animalia_Chordata_Actinopterygii_Cypriniformes_Cyprinidae_Pimephales_notatus/18920a53-61b9-4d6a-be75-fc1352ac591f.jpg,128,155,0,155,156,160,128,163,0.0433349609375,0.037567138671875,0.0304412841796875,0.028076171875,0.0268707275390625,1,4,Bluntnose Minnow,Red-breasted Dotterel,Wilson's Plover,Hartlaub's Gull,Bluntnose Minnow,Glaucous-winged Gull
val/02769_Animalia_Chordata_Actinopterygii_Cypriniformes_Cyprinidae_Pimephales_notatus/9ef2dfb1-5871-467b-9e58-41401bfda903.jpg,128,254,0,254,128,131,240,129,0.09747314453125,0.07745361328125,0.0458984375,0.044281005859375,0.038665771484375,1,2,Bluntnose Minnow,Lettered Olive,Bluntnose Minnow,Redbreast Sunfish,Flat-headed Snake,Blacknose Dace
val/02770_Animalia_Chordata_Actinopterygii_Cypriniformes_Cyprinidae_Rhinichthys_atratulus/7b85573c-58a9-41a1-b7bd-b5383ed817a7.jpg,129,131,0,131,129,128,251,130,0.048370361328125,0.0309906005859375,0.0290985107421875,0.0256500244140625,0.02557373046875,1,2,Blacknose Dace,Redbreast Sunfish,Blacknose Dace,Bluntnose Minnow,Queen Conch,Chub
val/02770_Animalia_Chordata_Actinopterygii_Cypriniformes_Cyprinidae_Rhinichthys_atratulus/cb9e5098-8c67-44dd-b8d2-19047785efb4.jpg,129,234,0,234,185,129,128,235,0.027313232421875,0.0251922607421875,0.0222015380859375,0.021392822265625,0.019195556640625,1,3,Blacknose Dace,Common Caiman,Familiar Chat,Blacknose Dace,Bluntnose Minnow,Belize Crocodile
val/02770_Animalia_Chordata_Actinopterygii_Cypriniformes_Cyprinidae_Rhinichthys_atratulus/e9d76b01-b96b-4636-b37d-60e41e55c4a8.jpg,129,240,0,240,128,254,129,258,0.05975341796875,0.051055908203125,0.0389404296875,0.03057861328125,0.0292816162109375,1,4,Blacknose Dace,Flat-headed Snake,Bluntnose Minnow,Lettered Olive,Blacknose Dace,White-lipped Snail
val/02770_Animalia_Chordata_Actinopterygii_Cypriniformes_Cyprinidae_Rhinichthys_atratulus/be994ea0-c282-4224-9655-53dfe0f85d42.jpg,129,128,0,128,129,240,253,254,0.2491455078125,0.1065673828125,0.09417724609375,0.035247802734375,0.03387451171875,1,2,Blacknose Dace,Bluntnose Minnow,Blacknose Dace,Flat-headed Snake,California Cone,Lettered Olive
val/02770_Animalia_Chordata_Actinopterygii_Cypriniformes_Cyprinidae_Rhinichthys_atratulus/1e7cb6e2-b3fc-47b9-9ed2-0d558e8c27da.jpg,129,62,0,62,57,131,129,60,0.08221435546875,0.0472412109375,0.04443359375,0.041107177734375,0.03369140625,1,4,Blacknose Dace,Yellow Slant-line,Feathered Thorn,Redbreast Sunfish,Blacknose Dace,Alien Probole Moth
val/02773_Animalia_Chordata_Actinopterygii_Cypriniformes_Cyprinidae_Squalius_cephalus/4a488b14-f99d-4fc7-9dc2-062427ae882a.jpg,130,219,0,219,130,12,135,66,0.126953125,0.1162109375,0.044769287109375,0.036590576171875,0.029449462890625,1,2,Chub,Nurse Shark,Chub,Hadda Beetle,Yellow Perch,Chestnut Bob
val/02773_Animalia_Chordata_Actinopterygii_Cypriniformes_Cyprinidae_Squalius_cephalus/bad8c2a0-ddcc-4cec-bdb4-f2d53406f576.jpg,130,254,0,254,130,145,128,155,0.031402587890625,0.0302581787109375,0.028564453125,0.024871826171875,0.0244903564453125,1,2,Chub,Lettered Olive,Chub,Italian Crested Newt,Bluntnose Minnow,Red-breasted Dotterel
val/02773_Animalia_Chordata_Actinopterygii_Cypriniformes_Cyprinidae_Squalius_cephalus/639f35b6-750a-418c-9476-2bce57cdd0c5.jpg,130,151,0,151,146,130,48,114,0.03790283203125,0.032989501953125,0.0301666259765625,0.0273590087890625,0.0240478515625,1,3,Chub,Smew,Imperial Eagle,Chub,Snowy Urola Moth,Chrysopa oculata
val/02800_Animalia_Chordata_Actinopterygii_Perciformes_Centrarchidae_Lepomis_auritus/ffc6d8ba-84f8-4d22-9310-4773401d9c00.jpg,131,374,0,374,131,341,251,128,0.08544921875,0.08538818359375,0.041351318359375,0.03753662109375,0.0263214111328125,1,2,Redbreast Sunfish,Streambank Stickleaf,Redbreast Sunfish,tree marigold,Queen Conch,Bluntnose Minnow
val/02800_Animalia_Chordata_Actinopterygii_Perciformes_Centrarchidae_Lepomis_auritus/786f3f3e-d593-4b5a-ba7a-c554419a82f7.jpg,131,127,0,127,131,128,36,253,0.07275390625,0.060394287109375,0.055328369140625,0.034698486328125,0.033172607421875,1,2,Redbreast Sunfish,New Zealand Half Crab,Redbreast Sunfish,Bluntnose Minnow,Spongy Oak Apple Gall Wasp,California Cone
val/02800_Animalia_Chordata_Actinopterygii_Perciformes_Centrarchidae_Lepomis_auritus/4f0b0b98-235e-4b38-aa71-093cd9e8299d.jpg,131,254,0,254,131,128,250,135,0.033935546875,0.033416748046875,0.031646728515625,0.0289764404296875,0.019500732421875,1,2,Redbreast Sunfish,Lettered Olive,Redbreast Sunfish,Bluntnose Minnow,Nuttall's Cockle,Yellow Perch
val/02812_Animalia_Chordata_Actinopterygii_Perciformes_Chaetodontidae_Chaetodon_capistratus/ca379b23-a467-4bff-bb07-f80650507d8d.jpg,132,134,0,134,56,138,132,136,0.132568359375,0.070556640625,0.05059814453125,0.048370361328125,0.04815673828125,1,4,Four-eyed Butterflyfish,Blackspot Goatfish,Blackberry Looper,Kelp Bass,Four-eyed Butterflyfish,Indo-Pacific Sergeant Major
val/02812_Animalia_Chordata_Actinopterygii_Perciformes_Chaetodontidae_Chaetodon_capistratus/3bdd6414-6add-41f0-97eb-722a91e3a27c.jpg,132,255,0,255,132,260,283,140,0.0345458984375,0.033721923828125,0.0280914306640625,0.016876220703125,0.01508331298828125,1,2,Four-eyed Butterflyfish,Hilton's Aeolid,Four-eyed Butterflyfish,Lined Chiton,Spiny Asparagus,Spiny Seahorse
val/02836_Animalia_Chordata_Actinopterygii_Perciformes_Labridae_Eupetrichthys_angustipes/dd85fa89-d5c2-479f-90ee-8512478d1b94.jpg,133,144,0,144,376,319,256,133,0.07965087890625,0.06683349609375,0.0321044921875,0.0277862548828125,0.0254974365234375,1,5,Snakeskin Wrasse,Green Salamander,squirting cucumber,common burrobrush,Varicose Wart Slug,Snakeskin Wrasse
val/02836_Animalia_Chordata_Actinopterygii_Perciformes_Labridae_Eupetrichthys_angustipes/42c4c47a-b79e-4c2a-9058-cf0a45a6a7d7.jpg,133,260,0,260,249,255,133,140,0.29833984375,0.10107421875,0.060638427734375,0.044403076171875,0.02630615234375,1,4,Snakeskin Wrasse,Lined Chiton,Beadlet anemone,Hilton's Aeolid,Snakeskin Wrasse,Spiny Seahorse
val/02855_Animalia_Chordata_Actinopterygii_Perciformes_Mullidae_Parupeneus_spilurus/39668dfb-000e-440a-b325-46f77eb582c0.jpg,134,138,0,138,251,134,132,58,0.08477783203125,0.077880859375,0.04010009765625,0.038909912109375,0.033966064453125,1,3,Blackspot Goatfish,Kelp Bass,Queen Conch,Blackspot Goatfish,Four-eyed Butterflyfish,Riband Wave
val/02855_Animalia_Chordata_Actinopterygii_Perciformes_Mullidae_Parupeneus_spilurus/822a9afc-a1cb-4199-95b2-ee3aa069720b.jpg,134,140,0,140,132,133,255,134,0.057952880859375,0.0305938720703125,0.02978515625,0.023681640625,0.0196990966796875,1,5,Blackspot Goatfish,Spiny Seahorse,Four-eyed Butterflyfish,Snakeskin Wrasse,Hilton's Aeolid,Blackspot Goatfish
val/02866_Animalia_Chordata_Actinopterygii_Perciformes_Pomacentridae_Abudefduf_vaigiensis/f6e9eede-f645-49ef-b02f-a5172ba35613.jpg,136,145,0,145,260,136,167,255,0.0498046875,0.04095458984375,0.0302276611328125,0.0240631103515625,0.0196380615234375,1,3,Indo-Pacific Sergeant Major,Italian Crested Newt,Lined Chiton,Indo-Pacific Sergeant Major,Common Peafowl,Hilton's Aeolid
val/02878_Animalia_Chordata_Actinopterygii_Perciformes_Sciaenidae_Aplodinotus_grunniens/5bede232-62a6-4501-959f-5ad3fab42527.jpg,137,174,0,174,227,137,61,265,0.06744384765625,0.061676025390625,0.05908203125,0.0550537109375,0.041961669921875,1,3,Freshwater Drum,Alpine Chough,New Zealand Sea Lion,Freshwater Drum,White Slant-line,green-spored parasol
val/02878_Animalia_Chordata_Actinopterygii_Perciformes_Sciaenidae_Aplodinotus_grunniens/c929e64c-5591-4964-959e-c5a89afb75b6.jpg,137,272,0,272,144,105,137,5,0.035186767578125,0.0235595703125,0.0201568603515625,0.0192108154296875,0.015838623046875,1,4,Freshwater Drum,Hoof Fungus,Green Salamander,Pawpaw Sphinx Moth,Freshwater Drum,Eastern Bark Centipede
val/02878_Animalia_Chordata_Actinopterygii_Perciformes_Sciaenidae_Aplodinotus_grunniens/ea9afd45-e28b-448f-910b-207325d9bc44.jpg,137,167,0,167,226,137,223,244,0.034210205078125,0.0240020751953125,0.0224761962890625,0.0206298828125,0.0159759521484375,1,3,Freshwater Drum,Common Peafowl,Hooded Skunk,Freshwater Drum,Gray Wolf,Green Iguana
val/02878_Animalia_Chordata_Actinopterygii_Perciformes_Sciaenidae_Aplodinotus_grunniens/ba2d8363-ea3f-4e6f-8562-4d10b5e89733.jpg,137,374,0,374,280,461,137,169,0.0297393798828125,0.0287933349609375,0.0240325927734375,0.0211334228515625,0.02044677734375,1,4,Freshwater Drum,Streambank Stickleaf,coconut palm,Loquat,Freshwater Drum,Painted Bunting
val/02884_Animalia_Chordata_Actinopterygii_Perciformes_Serranidae_Paralabrax_clathratus/6e0c423b-a143-4515-a575-36dd8436ddf5.jpg,138,136,0,136,132,138,219,134,0.12078857421875,0.1082763671875,0.086669921875,0.08416748046875,0.025543212890625,1,3,Kelp Bass,Indo-Pacific Sergeant Major,Four-eyed Butterflyfish,Kelp Bass,Nurse Shark,Blackspot Goatfish
val/02884_Animalia_Chordata_Actinopterygii_Perciformes_Serranidae_Paralabrax_clathratus/019357a4-cb49-42f6-80e6-c401ce60c50f.jpg,138,219,0,219,134,133,138,23,0.1324462890625,0.0919189453125,0.08001708984375,0.06304931640625,0.0382080078125,1,4,Kelp Bass,Nurse Shark,Blackspot Goatfish,Snakeskin Wrasse,Kelp Bass,Maize Calligrapher Fly
val/02884_Animalia_Chordata_Actinopterygii_Perciformes_Serranidae_Paralabrax_clathratus/8eda2b2a-3cd2-4bec-97f5-2d9ea2b55a1f.jpg,138,130,0,130,212,146,225,138,0.06036376953125,0.03216552734375,0.031219482421875,0.029754638671875,0.024749755859375,1,5,Kelp Bass,Chub,Dalmatian Pelican,Imperial Eagle,Canada Lynx,Kelp Bass
val/02884_Animalia_Chordata_Actinopterygii_Perciformes_Serranidae_Paralabrax_clathratus/efc3f58e-772e-4fec-8bbe-2023c01f54c9.jpg,138,219,0,219,136,138,134,133,0.250732421875,0.2264404296875,0.169921875,0.057586669921875,0.0280914306640625,1,3,Kelp Bass,Nurse Shark,Indo-Pacific Sergeant Major,Kelp Bass,Blackspot Goatfish,Snakeskin Wrasse
val/02884_Animalia_Chordata_Actinopterygii_Perciformes_Serranidae_Paralabrax_clathratus/13955d34-0975-4fb4-9482-9be7e8b09f09.jpg,138,136,0,136,219,132,138,134,0.209716796875,0.1546630859375,0.099609375,0.0894775390625,0.081298828125,1,4,Kelp Bass,Indo-Pacific Sergeant Major,Nurse Shark,Four-eyed Butterflyfish,Kelp Bass,Blackspot Goatfish
val/02884_Animalia_Chordata_Actinopterygii_Perciformes_Serranidae_Paralabrax_clathratus/795dd265-e015-41a4-8642-f1a05aabf170.jpg,138,219,0,219,136,138,134,132,0.27294921875,0.1671142578125,0.16552734375,0.07696533203125,0.042755126953125,1,3,Kelp Bass,Nurse Shark,Indo-Pacific Sergeant Major,Kelp Bass,Blackspot Goatfish,Four-eyed Butterflyfish
val/02914_Animalia_Chordata_Actinopterygii_Siluriformes_Plotosidae_Plotosus_lineatus/63c6457c-c33f-4301-aa8a-505a0a9dd2ec.jpg,139,300,0,300,428,116,132,139,0.04571533203125,0.038543701171875,0.03680419921875,0.0341796875,0.031402587890625,1,5,Striped Eel Catfish,Leopard Lily,Dark Mullein,Ebony Jewelwing,Four-eyed Butterflyfish,Striped Eel Catfish
val/02919_Animalia_Chordata_Actinopterygii_Syngnathiformes_Syngnathidae_Hippocampus_histrix/c22bf11b-4005-46c5-ab14-328621fc5c3a.jpg,140,292,0,292,420,260,495,140,0.1640625,0.08294677734375,0.069091796875,0.058868408203125,0.036773681640625,1,5,Spiny Seahorse,checkered rattlesnake plantain,Beechdrops,Lined Chiton,Crown Fern,Spiny Seahorse
val/02919_Animalia_Chordata_Actinopterygii_Syngnathiformes_Syngnathidae_Hippocampus_histrix/054e6e96-cfea-4634-b58c-88723ffdd5b4.jpg,140,371,0,371,436,490,140,380,0.09735107421875,0.08599853515625,0.04986572265625,0.031280517578125,0.0257110595703125,1,4,Spiny Seahorse,canaigre dock,Florida Hammock Sandmat,white fir,Spiny Seahorse,Big Berry Manzanita
val/02919_Animalia_Chordata_Actinopterygii_Syngnathiformes_Syngnathidae_Hippocampus_histrix/6c1d11af-40d5-4915-b785-fdddf0a336b5.jpg,140,256,0,256,132,134,140,133,0.358154296875,0.16552734375,0.12841796875,0.11993408203125,0.0406494140625,1,4,Spiny Seahorse,Varicose Wart Slug,Four-eyed Butterflyfish,Blackspot Goatfish,Spiny Seahorse,Snakeskin Wrasse
val/02973_Animalia_Chordata_Amphibia_Anura_Craugastoridae_Pristimantis_achatinus/5a4a443f-c67a-4d89-84c6-89afebd54ca8.jpg,141,293,0,293,266,269,141,224,0.039093017578125,0.032135009765625,0.0304412841796875,0.02734375,0.026641845703125,1,4,Cachabi Robber Frog,bird's-nest orchid,blusher,Peppery Bolete,Cachabi Robber Frog,Culpeo
val/03014_Animalia_Chordata_Amphibia_Anura_Pelodryadidae_Litoria_fallax/06d970d9-9bba-48ab-af77-1ed34bced4be.jpg,142,282,0,282,142,265,288,211,0.73828125,0.0133819580078125,0.01317596435546875,0.01293182373046875,0.00853729248046875,1,2,Eastern Dwarf Treefrog,spring spiderlily,Eastern Dwarf Treefrog,green-spored parasol,Mountain flax,Black-crowned Night Heron
val/03014_Animalia_Chordata_Amphibia_Anura_Pelodryadidae_Litoria_fallax/d07a5b8c-0a3e-4910-8764-f53ab7fc73c3.jpg,142,141,0,141,142,83,62,267,0.1031494140625,0.05145263671875,0.045928955078125,0.044219970703125,0.027313232421875,1,2,Eastern Dwarf Treefrog,Cachabi Robber Frog,Eastern Dwarf Treefrog,Half-yellow Moth,Yellow Slant-line,Lichen Agaric
val/03070_Animalia_Chordata_Amphibia_Caudata_Plethodontidae_Aneides_aeneus/08d6e03e-d30a-4e24-880d-cfc139ab2d89.jpg,144,249,0,249,127,224,144,260,0.039459228515625,0.031341552734375,0.0307464599609375,0.030181884765625,0.02947998046875,1,4,Green Salamander,Beadlet anemone,New Zealand Half Crab,Culpeo,Green Salamander,Lined Chiton
val/03107_Animalia_Chordata_Amphibia_Caudata_Salamandridae_Triturus_carnifex/a9afacf2-7c8b-4923-a594-ae1b60c50ebc.jpg,145,255,0,255,254,128,135,145,0.031890869140625,0.02813720703125,0.0211029052734375,0.0194091796875,0.0177459716796875,1,5,Italian Crested Newt,Hilton's Aeolid,Lettered Olive,Bluntnose Minnow,Yellow Perch,Italian Crested Newt
val/03120_Animalia_Chordata_Aves_Accipitriformes_Accipitridae_Aquila_heliaca/df55e8d0-db37-4f52-a0d4-57383b9f591b.jpg,146,179,0,179,146,178,147,180,0.09033203125,0.08453369140625,0.06982421875,0.066650390625,0.046600341796875,1,2,Imperial Eagle,Southern Rough-winged Swallow,Imperial Eagle,Bank Swallow,European Honey-buzzard,Violet-green Swallow
val/03120_Animalia_Chordata_Aves_Accipitriformes_Accipitridae_Aquila_heliaca/e8b3bb4e-f965-46db-91a6-14ec08890d2c.jpg,146,147,0,147,146,203,178,180,0.2166748046875,0.10748291015625,0.0648193359375,0.050872802734375,0.049102783203125,1,2,Imperial Eagle,European Honey-buzzard,Imperial Eagle,Olive-sided Flycatcher,Bank Swallow,Violet-green Swallow
val/03120_Animalia_Chordata_Aves_Accipitriformes_Accipitridae_Aquila_heliaca/6cdc1a65-33e7-40c1-a80b-98ed5a56f595.jpg,146,147,0,147,146,179,178,203,0.08251953125,0.08154296875,0.053924560546875,0.050933837890625,0.04803466796875,1,2,Imperial Eagle,European Honey-buzzard,Imperial Eagle,Southern Rough-winged Swallow,Bank Swallow,Olive-sided Flycatcher
val/03177_Animalia_Chordata_Aves_Accipitriformes_Accipitridae_Pernis_apivorus/34dfb882-3644-40e9-9dd5-bd00f1956791.jpg,147,146,0,146,178,19,147,179,0.06842041015625,0.03558349609375,0.032745361328125,0.02886962890625,0.0280609130859375,1,4,European Honey-buzzard,Imperial Eagle,Bank Swallow,Garden soldier fly,European Honey-buzzard,Southern Rough-winged Swallow
val/03177_Animalia_Chordata_Aves_Accipitriformes_Accipitridae_Pernis_apivorus/26c3cc20-7109-4f93-a1b6-4832045869b0.jpg,147,146,0,146,147,178,179,203,0.14208984375,0.08837890625,0.04638671875,0.03936767578125,0.037261962890625,1,2,European Honey-buzzard,Imperial Eagle,European Honey-buzzard,Bank Swallow,Southern Rough-winged Swallow,Olive-sided Flycatcher
val/03199_Animalia_Chordata_Aves_Anseriformes_Anatidae_Anas_georgica/4627968a-2e74-4b9d-a32f-0ec1777e9bfd.jpg,148,149,0,149,148,212,152,162,0.1162109375,0.0811767578125,0.0667724609375,0.0435791015625,0.03424072265625,1,2,Yellow-billed Pintail,Mute Swan,Yellow-billed Pintail,Dalmatian Pelican,Common Merganser,Caspian Gull
val/03199_Animalia_Chordata_Aves_Anseriformes_Anatidae_Anas_georgica/7da9ad42-2038-4829-ab30-f9dd740173bc.jpg,148,151,0,151,128,148,152,131,0.048919677734375,0.04376220703125,0.034271240234375,0.032440185546875,0.031951904296875,1,3,Yellow-billed Pintail,Smew,Bluntnose Minnow,Yellow-billed Pintail,Common Merganser,Redbreast Sunfish
val/03244_Animalia_Chordata_Aves_Anseriformes_Anatidae_Cygnus_olor/ae119fb3-9278-41db-84e0-69b07ea5f291.jpg,149,212,0,212,161,217,149,150,0.09967041015625,0.08050537109375,0.0540771484375,0.0517578125,0.03582763671875,1,4,Mute Swan,Dalmatian Pelican,Black-headed Gull,Brandt's Cormorant,Mute Swan,Surf Scoter
val/03244_Animalia_Chordata_Aves_Anseriformes_Anatidae_Cygnus_olor/08f267bd-5180-4d9b-8d89-fb5055509f95.jpg,149,114,0,114,0,179,149,40,0.018402099609375,0.017425537109375,0.01708984375,0.016998291015625,0.0159912109375,1,4,Mute Swan,Chrysopa oculata,Cross Orbweaver,Southern Rough-winged Swallow,Mute Swan,Metallic Epauletted-Sweat Bee
val/03244_Animalia_Chordata_Aves_Anseriformes_Anatidae_Cygnus_olor/f7033d7b-4ef9-400a-b06a-252b29a98129.jpg,149,213,0,213,149,152,148,212,0.139892578125,0.09649658203125,0.06439208984375,0.055938720703125,0.0516357421875,1,2,Mute Swan,American Flamingo,Mute Swan,Common Merganser,Yellow-billed Pintail,Dalmatian Pelican
val/03244_Animalia_Chordata_Aves_Anseriformes_Anatidae_Cygnus_olor/a9e2888d-8d1b-4d29-a718-6e91f1618110.jpg,149,151,0,151,162,149,148,150,0.1658935546875,0.11090087890625,0.06829833984375,0.061004638671875,0.057861328125,1,3,Mute Swan,Smew,Caspian Gull,Mute Swan,Yellow-billed Pintail,Surf Scoter
val/03258_Animalia_Chordata_Aves_Anseriformes_Anatidae_Melanitta_perspicillata/94ad3bf7-19d0-4bc8-9d75-5f3547aad27a.jpg,150,151,0,151,150,164,159,152,0.168701171875,0.1080322265625,0.0953369140625,0.06854248046875,0.05841064453125,1,2,Surf Scoter,Smew,Surf Scoter,Far Eastern Curlew,American Oystercatcher,Common Merganser
val/03259_Animalia_Chordata_Aves_Anseriformes_Anatidae_Mergellus_albellus/78b47f41-8eb0-4632-b713-1088ce39a9c1.jpg,151,164,0,164,151,148,160,162,0.1434326171875,0.10052490234375,0.06951904296875,0.06805419921875,0.061004638671875,1,2,Smew,Far Eastern Curlew,Smew,Yellow-billed Pintail,Hartlaub's Gull,Caspian Gull
val/03259_Animalia_Chordata_Aves_Anseriformes_Anatidae_Mergellus_albellus/0f4eac09-c2b6-47ca-a966-d0bc6ef821b4.jpg,151,159,0,159,164,227,151,152,0.09906005859375,0.066650390625,0.0606689453125,0.0557861328125,0.0538330078125,1,4,Smew,American Oystercatcher,Far Eastern Curlew,New Zealand Sea Lion,Smew,Common Merganser
val/03259_Animalia_Chordata_Aves_Anseriformes_Anatidae_Mergellus_albellus/9468aad6-fa17-4366-8380-6474dd8a8546.jpg,151,150,0,150,212,151,148,152,0.392578125,0.10400390625,0.06768798828125,0.051605224609375,0.047607421875,1,3,Smew,Surf Scoter,Dalmatian Pelican,Smew,Yellow-billed Pintail,Common Merganser
val/03259_Animalia_Chordata_Aves_Anseriformes_Anatidae_Mergellus_albellus/a8cae111-a065-4b0d-a737-0dcf579c5718.jpg,151,152,0,152,162,182,151,168,0.084228515625,0.0733642578125,0.060333251953125,0.053863525390625,0.0489501953125,1,4,Smew,Common Merganser,Caspian Gull,Common Grackle,Smew,Black Crake
val/03260_Animalia_Chordata_Aves_Anseriformes_Anatidae_Mergus_merganser/bd6e0c2b-ecd4-4598-8316-9f3e78363663.jpg,152,149,0,149,162,152,150,212,0.20703125,0.1541748046875,0.10675048828125,0.0908203125,0.0731201171875,1,3,Common Merganser,Mute Swan,Caspian Gull,Common Merganser,Surf Scoter,Dalmatian Pelican
val/03260_Animalia_Chordata_Aves_Anseriformes_Anatidae_Mergus_merganser/c2b06cb5-cb2d-4986-ae3e-39ffa1ca2268.jpg,152,151,0,151,162,148,149,152,0.1165771484375,0.10888671875,0.07940673828125,0.057861328125,0.05682373046875,1,5,Common Merganser,Smew,Caspian Gull,Yellow-billed Pintail,Mute Swan,Common Merganser
val/03260_Animalia_Chordata_Aves_Anseriformes_Anatidae_Mergus_merganser/63dee311-47a2-4dcb-9814-8bdd4ebfcf68.jpg,152,148,0,148,168,152,165,235,0.09356689453125,0.0811767578125,0.077880859375,0.06085205078125,0.05224609375,1,3,Common Merganser,Yellow-billed Pintail,Black Crake,Common Merganser,Wood Sandpiper,Belize Crocodile
val/03260_Animalia_Chordata_Aves_Anseriformes_Anatidae_Mergus_merganser/5d818563-1a2e-4ddb-bbb3-b06f7c162415.jpg,152,151,0,151,130,152,234,212,0.06060791015625,0.04534912109375,0.0254364013671875,0.0218505859375,0.02008056640625,1,3,Common Merganser,Smew,Chub,Common Merganser,Common Caiman,Dalmatian Pelican
val/03306_Animalia_Chordata_Aves_Caprimulgiformes_Trochilidae_Archilochus_alexandri/a9f91110-8fce-4bce-81cd-627a679305cc.jpg,153,154,0,154,153,209,169,208,0.1629638671875,0.08709716796875,0.0298004150390625,0.0273284912109375,0.024810791015625,1,2,Black-chinned Hummingbird,Green-crowned Brilliant,Black-chinned Hummingbird,Indian White-eye,Painted Bunting,Warbling White-eye
val/03306_Animalia_Chordata_Aves_Caprimulgiformes_Trochilidae_Archilochus_alexandri/8fc9a468-e6cb-45ab-87a9-fd5244b02f16.jpg,153,175,0,175,205,119,185,153,0.058258056640625,0.040069580078125,0.035186767578125,0.03466796875,0.024749755859375,1,5,Black-chinned Hummingbird,Double-barred Finch,Hammond's Flycatcher,Eastern Ringtail,Familiar Chat,Black-chinned Hummingbird
val/03306_Animalia_Chordata_Aves_Caprimulgiformes_Trochilidae_Archilochus_alexandri/cbd0ffee-ea87-43c7-a8de-5753e8cf7b4e.jpg,153,154,0,154,153,122,73,121,0.1453857421875,0.089111328125,0.044708251953125,0.029754638671875,0.0204925537109375,1,2,Black-chinned Hummingbird,Green-crowned Brilliant,Black-chinned Hummingbird,Neurothemis taiwanensis,Common Ciliate Blue,Small Spreadwing
val/03321_Animalia_Chordata_Aves_Caprimulgiformes_Trochilidae_Heliodoxa_jacula/16fa9507-ca6d-4033-bf26-4e0771b48b2c.jpg,154,209,0,209,154,208,477,100,0.07550048828125,0.06854248046875,0.057342529296875,0.051849365234375,0.04266357421875,1,2,Green-crowned Brilliant,Indian White-eye,Green-crowned Brilliant,Warbling White-eye,jade plant,Red-bordered Pixie
val/03321_Animalia_Chordata_Aves_Caprimulgiformes_Trochilidae_Heliodoxa_jacula/1f3d65ac-3890-4d6c-a1e8-688de0cd36cb.jpg,154,153,0,153,154,208,107,122,0.107177734375,0.07666015625,0.0340576171875,0.02960205078125,0.0238037109375,1,2,Green-crowned Brilliant,Black-chinned Hummingbird,Green-crowned Brilliant,Warbling White-eye,Blinded Sphinx Moth,Neurothemis taiwanensis
val/03321_Animalia_Chordata_Aves_Caprimulgiformes_Trochilidae_Heliodoxa_jacula/27349bbe-c3c0-42bd-b601-6198d7222fb1.jpg,154,199,0,199,154,201,197,195,0.04638671875,0.044647216796875,0.042205810546875,0.031463623046875,0.031219482421875,1,2,Green-crowned Brilliant,Brown-headed Nuthatch,Green-crowned Brilliant,Grayish Saltator,Tomtit,Eastern Towhee
val/03321_Animalia_Chordata_Aves_Caprimulgiformes_Trochilidae_Heliodoxa_jacula/db657cfa-7131-4144-895e-91b7468f9e51.jpg,154,202,0,202,188,154,189,192,0.046722412109375,0.04095458984375,0.0303497314453125,0.02728271484375,0.02490234375,1,3,Green-crowned Brilliant,Blue-gray Tanager,Cerulean Warbler,Green-crowned Brilliant,Hooded Warbler,Golden-winged Warbler
val/03358_Animalia_Chordata_Aves_Charadriiformes_Charadriidae_Charadrius_obscurus/3f5d16a4-cc42-4b82-9340-42e1d98975ba.jpg,155,159,0,159,155,156,227,161,0.10589599609375,0.09661865234375,0.095458984375,0.0682373046875,0.050201416015625,1,2,Red-breasted Dotterel,American Oystercatcher,Red-breasted Dotterel,Wilson's Plover,New Zealand Sea Lion,Black-headed Gull
val/03358_Animalia_Chordata_Aves_Charadriiformes_Charadriidae_Charadrius_obscurus/3866f333-644e-430f-a5a7-0de5d0d26f27.jpg,155,243,0,243,155,236,365,245,0.03729248046875,0.032257080078125,0.02557373046875,0.0247650146484375,0.0234222412109375,1,2,Red-breasted Dotterel,Texas Coralsnake,Red-breasted Dotterel,Italian Slow Worm,skeleton weed,Mole Snake
val/03364_Animalia_Chordata_Aves_Charadriiformes_Charadriidae_Charadrius_wilsonia/8987a474-82d5-407e-ba86-7e71b6c0b28d.jpg,156,155,0,155,164,159,148,156,0.1439208984375,0.09869384765625,0.0765380859375,0.05926513671875,0.0557861328125,1,5,Wilson's Plover,Red-breasted Dotterel,Far Eastern Curlew,American Oystercatcher,Yellow-billed Pintail,Wilson's Plover
val/03364_Animalia_Chordata_Aves_Charadriiformes_Charadriidae_Charadrius_wilsonia/111e51ff-a1e6-4c3c-8b94-4597c9440583.jpg,156,119,0,119,156,23,19,48,0.0236053466796875,0.0224761962890625,0.0197296142578125,0.0195159912109375,0.0179901123046875,1,2,Wilson's Plover,Eastern Ringtail,Wilson's Plover,Maize Calligrapher Fly,Garden soldier fly,Snowy Urola Moth
val/03364_Animalia_Chordata_Aves_Charadriiformes_Charadriidae_Charadrius_wilsonia/4adadc10-03dd-4243-9588-a3b0acbec765.jpg,156,184,0,184,350,156,193,389,0.027618408203125,0.0230865478515625,0.02264404296875,0.022125244140625,0.021820068359375,1,3,Wilson's Plover,Meadow Pipit,California shieldpod,Wilson's Plover,Lark Bunting,flaxflowered ipomopsis
val/03364_Animalia_Chordata_Aves_Charadriiformes_Charadriidae_Charadrius_wilsonia/4db53458-476f-4582-a9c0-249d425c6cc4.jpg,156,159,0,159,156,164,165,162,0.1123046875,0.0943603515625,0.0706787109375,0.068115234375,0.0533447265625,1,2,Wilson's Plover,American Oystercatcher,Wilson's Plover,Far Eastern Curlew,Wood Sandpiper,Caspian Gull
val/03364_Animalia_Chordata_Aves_Charadriiformes_Charadriidae_Charadrius_wilsonia/15c22595-a199-4fa2-b9de-06ffbe7b21ea.jpg,156,155,0,155,156,164,165,157,0.07623291015625,0.055633544921875,0.0416259765625,0.026702880859375,0.0261077880859375,1,2,Wilson's Plover,Red-breasted Dotterel,Wilson's Plover,Far Eastern Curlew,Wood Sandpiper,American Golden-Plover
val/03367_Animalia_Chordata_Aves_Charadriiformes_Charadriidae_Pluvialis_dominica/d41e0850-491f-4c56-9393-edbfccc7dda2.jpg,157,272,0,272,164,174,81,157,0.034515380859375,0.031097412109375,0.02716064453125,0.02532958984375,0.0241546630859375,1,5,American Golden-Plover,Hoof Fungus,Far Eastern Curlew,Alpine Chough,Small Mossy Lithacodia,American Golden-Plover
val/03367_Animalia_Chordata_Aves_Charadriiformes_Charadriidae_Pluvialis_dominica/89cf177e-9875-41c9-ae7c-8278a84682b9.jpg,157,232,0,232,326,161,157,182,0.197509765625,0.10186767578125,0.040069580078125,0.036163330078125,0.03204345703125,1,4,American Golden-Plover,Woodchuck,dogfennel,Black-headed Gull,American Golden-Plover,Common Grackle
val/03372_Animalia_Chordata_Aves_Charadriiformes_Charadriidae_Vanellus_coronatus/6437c60c-029f-4475-b317-6608799ad8d6.jpg,158,221,0,221,279,229,220,158,0.0626220703125,0.050689697265625,0.0462646484375,0.044708251953125,0.040924072265625,1,5,Crowned Lapwing,Eland,longleaf ephedra,Western Grey Kangaroo,Klipspringer,Crowned Lapwing
val/03372_Animalia_Chordata_Aves_Charadriiformes_Charadriidae_Vanellus_coronatus/fff9f411-0ea7-4387-8510-038f3338db8a.jpg,158,247,0,247,158,358,389,279,0.040069580078125,0.038848876953125,0.0269317626953125,0.0201263427734375,0.019378662109375,1,2,Crowned Lapwing,Western Rattlesnake,Crowned Lapwing,California barrel cactus,flaxflowered ipomopsis,longleaf ephedra
val/03372_Animalia_Chordata_Aves_Charadriiformes_Charadriidae_Vanellus_coronatus/75042d71-fd41-4a48-9e90-257f5dee12fc.jpg,158,372,0,372,250,158,239,11,0.040374755859375,0.031402587890625,0.023834228515625,0.01824951171875,0.016143798828125,1,3,Crowned Lapwing,crucifixion thorn,Nuttall's Cockle,Crowned Lapwing,Eastern Milksnake,False Potato Beetle
val/03372_Animalia_Chordata_Aves_Charadriiformes_Charadriidae_Vanellus_coronatus/3055bd8e-035a-4c4f-8bf8-a3c94d63d631.jpg,158,279,0,279,158,184,310,319,0.2271728515625,0.055145263671875,0.050994873046875,0.038360595703125,0.029083251953125,1,2,Crowned Lapwing,longleaf ephedra,Crowned Lapwing,Meadow Pipit,Kangaroo Grass,common burrobrush
val/03372_Animalia_Chordata_Aves_Charadriiformes_Charadriidae_Vanellus_coronatus/40feb23b-ce48-49f2-a642-3b48076c6fd0.jpg,158,193,0,193,229,221,158,130,0.093994140625,0.06134033203125,0.045013427734375,0.043121337890625,0.038970947265625,1,4,Crowned Lapwing,Lark Bunting,Western Grey Kangaroo,Eland,Crowned Lapwing,Chub
val/03372_Animalia_Chordata_Aves_Charadriiformes_Charadriidae_Vanellus_coronatus/0cbbd008-2580-43c0-9ee0-1ff83ae56717.jpg,158,356,0,356,279,158,155,354,0.10137939453125,0.03668212890625,0.035064697265625,0.0296478271484375,0.0279693603515625,1,3,Crowned Lapwing,strawberry hedgehog cactus,longleaf ephedra,Crowned Lapwing,Red-breasted Dotterel,Strawberry Cactus
val/03385_Animalia_Chordata_Aves_Charadriiformes_Haematopodidae_Haematopus_palliatus/8e5369b7-0ca7-407f-b32b-b8e06271915a.jpg,159,27,0,27,159,4,100,101,0.0226593017578125,0.0179290771484375,0.0158538818359375,0.0156402587890625,0.0152587890625,1,2,American Oystercatcher,Western Conifer Seed Bug,American Oystercatcher,Paravaejovis puritanus,Red-bordered Pixie,Orange-tipped Oakworm Moth
val/03385_Animalia_Chordata_Aves_Charadriiformes_Haematopodidae_Haematopus_palliatus/06a2ddd6-0957-4be9-8a43-35e01638c157.jpg,159,151,0,151,156,164,225,159,0.031890869140625,0.031494140625,0.0234832763671875,0.0233001708984375,0.023193359375,1,5,American Oystercatcher,Smew,Wilson's Plover,Far Eastern Curlew,Canada Lynx,American Oystercatcher
val/03385_Animalia_Chordata_Aves_Charadriiformes_Haematopodidae_Haematopus_palliatus/a3b01c50-121a-4cb4-ae87-92980a9af439.jpg,159,160,0,160,159,174,217,227,0.0338134765625,0.031951904296875,0.03167724609375,0.031494140625,0.03094482421875,1,2,American Oystercatcher,Hartlaub's Gull,American Oystercatcher,Alpine Chough,Brandt's Cormorant,New Zealand Sea Lion
val/03398_Animalia_Chordata_Aves_Charadriiformes_Laridae_Chroicocephalus_hartlaubii/71bfecc9-fa2f-491e-b68c-6415d69d72d4.jpg,160,217,0,217,150,216,160,161,0.216552734375,0.1788330078125,0.11480712890625,0.049652099609375,0.03985595703125,1,4,Hartlaub's Gull,Brandt's Cormorant,Surf Scoter,Pelagic Cormorant,Hartlaub's Gull,Black-headed Gull
val/03398_Animalia_Chordata_Aves_Charadriiformes_Laridae_Chroicocephalus_hartlaubii/77e875d7-dd12-4e4a-9433-32bea2116984.jpg,160,165,0,165,156,221,160,155,0.0673828125,0.048980712890625,0.04156494140625,0.0394287109375,0.03607177734375,1,4,Hartlaub's Gull,Wood Sandpiper,Wilson's Plover,Eland,Hartlaub's Gull,Red-breasted Dotterel
val/03402_Animalia_Chordata_Aves_Charadriiformes_Laridae_Chroicocephalus_ridibundus/6023e79c-3da4-42d0-b709-c4df79138a40.jpg,161,217,0,217,149,216,161,150,0.1295166015625,0.098876953125,0.09039306640625,0.08148193359375,0.07550048828125,1,4,Black-headed Gull,Brandt's Cormorant,Mute Swan,Pelagic Cormorant,Black-headed Gull,Surf Scoter
val/03410_Animalia_Chordata_Aves_Charadriiformes_Laridae_Larus_cachinnans/70205756-33aa-4d86-b3a8-d36b7b411b22.jpg,162,148,0,148,152,151,162,149,0.12939453125,0.07415771484375,0.0726318359375,0.06982421875,0.055084228515625,1,4,Caspian Gull,Yellow-billed Pintail,Common Merganser,Smew,Caspian Gull,Mute Swan
val/03417_Animalia_Chordata_Aves_Charadriiformes_Laridae_Larus_glaucescens/28d6fe07-ce13-49c8-86ac-95aad9d155d4.jpg,163,160,0,160,217,216,163,227,0.08856201171875,0.0760498046875,0.0677490234375,0.06317138671875,0.04278564453125,1,4,Glaucous-winged Gull,Hartlaub's Gull,Brandt's Cormorant,Pelagic Cormorant,Glaucous-winged Gull,New Zealand Sea Lion
val/03481_Animalia_Chordata_Aves_Charadriiformes_Scolopacidae_Numenius_madagascariensis/657155bd-a963-474a-95e2-0a6ad19cca55.jpg,164,151,0,151,152,164,162,150,0.1416015625,0.08636474609375,0.085205078125,0.082763671875,0.06256103515625,1,3,Far Eastern Curlew,Smew,Common Merganser,Far Eastern Curlew,Caspian Gull,Surf Scoter
val/03481_Animalia_Chordata_Aves_Charadriiformes_Scolopacidae_Numenius_madagascariensis/96e3692c-3e42-4df8-99ff-4cbea5eb4fe7.jpg,164,148,0,148,150,164,217,161,0.176513671875,0.067626953125,0.06341552734375,0.044403076171875,0.04156494140625,1,3,Far Eastern Curlew,Yellow-billed Pintail,Surf Scoter,Far Eastern Curlew,Brandt's Cormorant,Black-headed Gull
val/03490_Animalia_Chordata_Aves_Charadriiformes_Scolopacidae_Tringa_glareola/63166d00-891b-429a-b046-317544eb8d85.jpg,165,159,0,159,42,32,165,83,0.032440185546875,0.0323486328125,0.031829833984375,0.0282745361328125,0.0246429443359375,1,4,Wood Sandpiper,American Oystercatcher,Western Paper Wasp,Jagged Ambush Bug,Wood Sandpiper,Half-yellow Moth
val/03490_Animalia_Chordata_Aves_Charadriiformes_Scolopacidae_Tringa_glareola/603f17ae-c4a7-4701-ac91-191256763f84.jpg,165,168,0,168,165,175,156,261,0.062225341796875,0.0369873046875,0.036895751953125,0.034210205078125,0.030120849609375,1,2,Wood Sandpiper,Black Crake,Wood Sandpiper,Double-barred Finch,Wilson's Plover,scaly pelt lichen
val/03529_Animalia_Chordata_Aves_Columbiformes_Columbidae_Patagioenas_flavirostris/21e88573-ad25-480d-8c50-1bda129e51bb.jpg,166,172,0,172,203,166,176,147,0.1171875,0.05096435546875,0.038055419921875,0.024200439453125,0.024200439453125,1,3,Red-billed Pigeon,Fish Crow,Olive-sided Flycatcher,Red-billed Pigeon,Red Crossbill,European Honey-buzzard
val/03529_Animalia_Chordata_Aves_Columbiformes_Columbidae_Patagioenas_flavirostris/8466ea02-b029-4028-975a-b62e558ff6d6.jpg,166,183,0,183,195,190,173,166,0.11614990234375,0.05682373046875,0.05670166015625,0.05072021484375,0.050445556640625,1,5,Red-billed Pigeon,White-plumed Honeyeater,Eastern Towhee,Yellow-throated Warbler,Brown Jay,Red-billed Pigeon
val/03529_Animalia_Chordata_Aves_Columbiformes_Columbidae_Patagioenas_flavirostris/3c6a9ef1-fff0-4917-a1bf-785f24b99f75.jpg,166,393,0,393,172,398,166,176,0.0367431640625,0.033050537109375,0.027862548828125,0.0273895263671875,0.0250396728515625,1,4,Red-billed Pigeon,Taiwan Acacia,Fish Crow,black locust,Red-billed Pigeon,Red Crossbill
val/03529_Animalia_Chordata_Aves_Columbiformes_Columbidae_Patagioenas_flavirostris/cb5b46ab-9c18-439d-b998-4ed115bab8e0.jpg,166,172,0,172,206,166,173,162,0.042388916015625,0.042266845703125,0.03912353515625,0.029296875,0.025390625,1,3,Red-billed Pigeon,Fish Crow,Masked Water-Tyrant,Red-billed Pigeon,Brown Jay,Caspian Gull
val/03635_Animalia_Chordata_Aves_Galliformes_Phasianidae_Pavo_cristatus/bdff86af-027f-46ab-bcfc-dc3dfc3e16d8.jpg,167,182,0,182,190,176,167,148,0.0645751953125,0.031951904296875,0.0308837890625,0.0295867919921875,0.0256500244140625,1,4,Common Peafowl,Common Grackle,Yellow-throated Warbler,Red Crossbill,Common Peafowl,Yellow-billed Pintail
val/03635_Animalia_Chordata_Aves_Galliformes_Phasianidae_Pavo_cristatus/0580fbb2-77fc-40af-94f0-256f0fa9590a.jpg,167,352,0,352,471,498,229,167,0.0545654296875,0.0305633544921875,0.0263824462890625,0.023468017578125,0.0212554931640625,1,5,Common Peafowl,Mexican tea,Dwarf Nettle,ladder fern,Western Grey Kangaroo,Common Peafowl
val/03635_Animalia_Chordata_Aves_Galliformes_Phasianidae_Pavo_cristatus/8c374c45-3648-4011-845b-aac3cf2a96d1.jpg,167,136,0,136,132,277,167,394,0.03228759765625,0.0211944580078125,0.0197296142578125,0.0187530517578125,0.018157958984375,1,4,Common Peafowl,Indo-Pacific Sergeant Major,Four-eyed Butterflyfish,Sponge Weed,Common Peafowl,longleaf wattle
val/03673_Animalia_Chordata_Aves_Gruiformes_Rallidae_Zapornia_flavirostra/2a8aaf71-5ae2-455e-a544-3dc693e75802.jpg,168,486,0,486,168,243,420,418,0.041961669921875,0.039306640625,0.0343017578125,0.0325927734375,0.0273284912109375,1,2,Black Crake,Pima Rhatany,Black Crake,Texas Coralsnake,Beechdrops,field Indian paintbrush
val/03673_Animalia_Chordata_Aves_Gruiformes_Rallidae_Zapornia_flavirostra/a44c133b-dd46-48a3-b593-74a1c6faa090.jpg,168,122,0,122,168,213,0,288,0.0301055908203125,0.02947998046875,0.0254669189453125,0.0215606689453125,0.0194244384765625,1,2,Black Crake,Neurothemis taiwanensis,Black Crake,American Flamingo,Cross Orbweaver,Mountain flax
val/03715_Animalia_Chordata_Aves_Passeriformes_Cardinalidae_Passerina_ciris/f57253a9-3d99-4f2c-9125-8123814a23bd.jpg,169,200,0,200,173,169,397,388,0.035400390625,0.0260772705078125,0.0225067138671875,0.02191162109375,0.0185546875,1,3,Painted Bunting,Wrentit,Brown Jay,Painted Bunting,Common Flat-pea,black huckleberry
val/03719_Animalia_Chordata_Aves_Passeriformes_Cardinalidae_Pheucticus_chrysopeplus/bcd182cf-9915-4e97-9bbb-028bca3b24fc.jpg,170,191,0,191,374,189,21,170,0.06854248046875,0.056060791015625,0.0557861328125,0.055206298828125,0.042999267578125,1,5,Yellow Grosbeak,American Redstart,Streambank Stickleaf,Hooded Warbler,Yellow-shouldered Drone Fly,Yellow Grosbeak
val/03728_Animalia_Chordata_Aves_Passeriformes_Certhiidae_Certhia_americana/db98475d-93fe-40a0-a98a-8e75782aa0ae.jpg,171,310,0,310,389,121,171,185,0.029449462890625,0.027008056640625,0.02618408203125,0.0252838134765625,0.0248260498046875,1,4,Brown Creeper,Kangaroo Grass,flaxflowered ipomopsis,Small Spreadwing,Brown Creeper,Familiar Chat
val/03728_Animalia_Chordata_Aves_Passeriformes_Certhiidae_Certhia_americana/a8063096-6ac9-40af-9aed-b547c4cfe2ff.jpg,171,199,0,199,147,172,171,105,0.06207275390625,0.055908203125,0.038970947265625,0.037994384765625,0.037261962890625,1,4,Brown Creeper,Brown-headed Nuthatch,European Honey-buzzard,Fish Crow,Brown Creeper,Pawpaw Sphinx Moth
val/03728_Animalia_Chordata_Aves_Passeriformes_Certhiidae_Certhia_americana/f174c682-0919-4c03-8c85-dc036d80fb7d.jpg,171,492,0,492,171,7,51,355,0.033447265625,0.0299835205078125,0.02679443359375,0.026397705078125,0.023223876953125,1,2,Brown Creeper,ponderosa pine,Brown Creeper,Emerald Ash Borer,Ilia Underwing,Spiny Hedgehog Cactus
val/03728_Animalia_Chordata_Aves_Passeriformes_Certhiidae_Certhia_americana/5ffb3362-c9e7-472d-a083-dd093e546a47.jpg,171,197,0,197,171,115,196,84,0.0274200439453125,0.0248565673828125,0.024810791015625,0.022613525390625,0.0201263427734375,1,2,Brown Creeper,Tomtit,Brown Creeper,Owly Sulphur,Eastern Yellow Robin,Green Silver-lines
val/03759_Animalia_Chordata_Aves_Passeriformes_Corvidae_Corvus_ossifragus/26bae480-860d-4f0c-b1c7-4880a08d1012.jpg,172,147,0,147,146,172,203,180,0.1591796875,0.0518798828125,0.0439453125,0.041961669921875,0.03289794921875,1,3,Fish Crow,European Honey-buzzard,Imperial Eagle,Fish Crow,Olive-sided Flycatcher,Violet-green Swallow
val/03759_Animalia_Chordata_Aves_Passeriformes_Corvidae_Corvus_ossifragus/7d9f2a02-2ef5-4bfb-9073-27e7575812eb.jpg,172,180,0,180,172,176,160,177,0.0814208984375,0.06512451171875,0.05975341796875,0.05780029296875,0.0499267578125,1,2,Fish Crow,Violet-green Swallow,Fish Crow,Red Crossbill,Hartlaub's Gull,Barn Swallow
val/03777_Animalia_Chordata_Aves_Passeriformes_Corvidae_Psilorhinus_morio/c3d9de4a-af8b-4282-abff-22a775ac0076.jpg,173,388,0,388,201,173,195,433,0.0826416015625,0.075439453125,0.06658935546875,0.04620361328125,0.040069580078125,1,3,Brown Jay,black huckleberry,Grayish Saltator,Brown Jay,Eastern Towhee,umbrella magnolia
val/03777_Animalia_Chordata_Aves_Passeriformes_Corvidae_Psilorhinus_morio/5dcad0e2-a06b-4252-bab7-20b9f0a916f5.jpg,173,210,0,210,201,191,205,173,0.06475830078125,0.061492919921875,0.05743408203125,0.049713134765625,0.048553466796875,1,5,Brown Jay,Boat-billed Heron,Grayish Saltator,American Redstart,Hammond's Flycatcher,Brown Jay
val/03777_Animalia_Chordata_Aves_Passeriformes_Corvidae_Psilorhinus_morio/8d34ebe3-bd2a-4c4f-bf43-09e3299f97b4.jpg,173,166,0,166,207,183,173,190,0.07208251953125,0.06597900390625,0.0589599609375,0.04443359375,0.04083251953125,1,4,Brown Jay,Red-billed Pigeon,Ash-throated Flycatcher,White-plumed Honeyeater,Brown Jay,Yellow-throated Warbler
val/03778_Animalia_Chordata_Aves_Passeriformes_Corvidae_Pyrrhocorax_graculus/e6bd20cd-4cee-4194-9486-ae9d868be362.jpg,174,177,0,177,180,160,174,135,0.022674560546875,0.017364501953125,0.0165252685546875,0.0161590576171875,0.01605224609375,1,4,Alpine Chough,Barn Swallow,Violet-green Swallow,Hartlaub's Gull,Alpine Chough,Yellow Perch
val/03778_Animalia_Chordata_Aves_Passeriformes_Corvidae_Pyrrhocorax_graculus/a31ebbc4-bc08-4ef9-a88f-a0e26d8cca4e.jpg,174,180,0,180,174,177,203,179,0.084716796875,0.06298828125,0.056243896484375,0.033782958984375,0.0301361083984375,1,2,Alpine Chough,Violet-green Swallow,Alpine Chough,Barn Swallow,Olive-sided Flycatcher,Southern Rough-winged Swallow
val/03849_Animalia_Chordata_Aves_Passeriformes_Hirundinidae_Hirundo_rustica/63906a59-73c9-4f4c-891e-fa14a8913974.jpg,177,180,0,180,203,147,177,146,0.08251953125,0.06475830078125,0.06414794921875,0.059417724609375,0.053375244140625,1,4,Barn Swallow,Violet-green Swallow,Olive-sided Flycatcher,European Honey-buzzard,Barn Swallow,Imperial Eagle
val/03859_Animalia_Chordata_Aves_Passeriformes_Hirundinidae_Riparia_riparia/80172d23-f29a-4d91-9938-6c8b1d881190.jpg,178,146,0,146,147,178,179,212,0.12481689453125,0.05560302734375,0.046112060546875,0.044769287109375,0.03570556640625,1,3,Bank Swallow,Imperial Eagle,European Honey-buzzard,Bank Swallow,Southern Rough-winged Swallow,Dalmatian Pelican
val/03859_Animalia_Chordata_Aves_Passeriformes_Hirundinidae_Riparia_riparia/21d3ba65-9eb6-4a68-b063-e2236f0e2771.jpg,178,179,0,179,178,203,162,19,0.04339599609375,0.0293426513671875,0.0260009765625,0.0249786376953125,0.02301025390625,1,2,Bank Swallow,Southern Rough-winged Swallow,Bank Swallow,Olive-sided Flycatcher,Caspian Gull,Garden soldier fly
val/03860_Animalia_Chordata_Aves_Passeriformes_Hirundinidae_Stelgidopteryx_ruficollis/08809793-3d29-4dd9-ac95-513291634ef0.jpg,179,146,0,146,147,178,179,114,0.1201171875,0.0736083984375,0.06939697265625,0.040313720703125,0.037139892578125,1,4,Southern Rough-winged Swallow,Imperial Eagle,European Honey-buzzard,Bank Swallow,Southern Rough-winged Swallow,Chrysopa oculata
val/03860_Animalia_Chordata_Aves_Passeriformes_Hirundinidae_Stelgidopteryx_ruficollis/061c2776-5545-4fb4-aad5-2ee596d8d5e8.jpg,179,203,0,203,179,180,172,147,0.1026611328125,0.09222412109375,0.06451416015625,0.05657958984375,0.05615234375,1,2,Southern Rough-winged Swallow,Olive-sided Flycatcher,Southern Rough-winged Swallow,Violet-green Swallow,Fish Crow,European Honey-buzzard
val/03865_Animalia_Chordata_Aves_Passeriformes_Hirundinidae_Tachycineta_thalassina/4ca11532-263e-4d7f-884c-31ce670a89f7.jpg,180,179,0,179,146,181,203,180,0.04937744140625,0.043975830078125,0.032623291015625,0.03240966796875,0.03173828125,1,5,Violet-green Swallow,Southern Rough-winged Swallow,Imperial Eagle,Tricolored Blackbird,Olive-sided Flycatcher,Violet-green Swallow
val/03865_Animalia_Chordata_Aves_Passeriformes_Hirundinidae_Tachycineta_thalassina/e36b2051-6451-46ca-b4e0-fb9703e61c26.jpg,180,147,0,147,204,203,172,180,0.1005859375,0.07257080078125,0.0697021484375,0.0645751953125,0.049713134765625,1,5,Violet-green Swallow,European Honey-buzzard,Western Wood-Pewee,Olive-sided Flycatcher,Fish Crow,Violet-green Swallow
val/03865_Animalia_Chordata_Aves_Passeriformes_Hirundinidae_Tachycineta_thalassina/181c325d-15a6-4c99-8491-8631291dce01.jpg,180,172,0,172,216,146,180,217,0.06573486328125,0.04071044921875,0.032501220703125,0.0322265625,0.029571533203125,1,4,Violet-green Swallow,Fish Crow,Pelagic Cormorant,Imperial Eagle,Violet-green Swallow,Brandt's Cormorant
val/03868_Animalia_Chordata_Aves_Passeriformes_Icteridae_Agelaius_tricolor/31fd641e-dcdf-4df7-93d8-d8878701518a.jpg,181,180,0,180,181,193,177,172,0.08599853515625,0.059417724609375,0.0579833984375,0.055816650390625,0.0290679931640625,1,2,Tricolored Blackbird,Violet-green Swallow,Tricolored Blackbird,Lark Bunting,Barn Swallow,Fish Crow
val/03901_Animalia_Chordata_Aves_Passeriformes_Icteridae_Quiscalus_quiscula/9a132aac-adbd-4cdb-a979-0458cf182e3b.jpg,182,116,0,116,182,232,337,229,0.08758544921875,0.05096435546875,0.04730224609375,0.0291748046875,0.0249481201171875,1,2,Common Grackle,Ebony Jewelwing,Common Grackle,Woodchuck,prairie dock,Western Grey Kangaroo
val/03938_Animalia_Chordata_Aves_Passeriformes_Meliphagidae_Ptilotula_penicillata/f515e558-83c7-41dd-bdc5-dc4fca810d3b.jpg,183,191,0,191,198,183,190,192,0.100830078125,0.065185546875,0.051361083984375,0.047088623046875,0.037933349609375,1,3,White-plumed Honeyeater,American Redstart,Common Firecrest,White-plumed Honeyeater,Yellow-throated Warbler,Golden-winged Warbler
val/03961_Animalia_Chordata_Aves_Passeriformes_Motacillidae_Anthus_pratensis/7c8aee46-1cff-4ed6-9f38-b86390b76232.jpg,184,153,0,153,175,184,188,179,0.053466796875,0.04949951171875,0.04571533203125,0.034423828125,0.033935546875,1,3,Meadow Pipit,Black-chinned Hummingbird,Double-barred Finch,Meadow Pipit,Cerulean Warbler,Southern Rough-winged Swallow
val/03990_Animalia_Chordata_Aves_Passeriformes_Muscicapidae_Oenanthe_familiaris/b8e5a1a3-1519-4ae3-b4b1-e08d219c8eff.jpg,185,175,0,175,119,185,193,181,0.053955078125,0.051025390625,0.042633056640625,0.031829833984375,0.02532958984375,1,3,Familiar Chat,Double-barred Finch,Eastern Ringtail,Familiar Chat,Lark Bunting,Tricolored Blackbird
val/03990_Animalia_Chordata_Aves_Passeriformes_Muscicapidae_Oenanthe_familiaris/0e3e1e46-2d43-4b26-b3f9-3b341253b7a2.jpg,185,193,0,193,185,153,204,175,0.036285400390625,0.0288848876953125,0.02532958984375,0.025054931640625,0.0243988037109375,1,2,Familiar Chat,Lark Bunting,Familiar Chat,Black-chinned Hummingbird,Western Wood-Pewee,Double-barred Finch
val/03990_Animalia_Chordata_Aves_Passeriformes_Muscicapidae_Oenanthe_familiaris/c5116f6d-c3cf-457b-a1d3-42118c4226fa.jpg,185,162,0,162,178,146,180,185,0.031524658203125,0.028594970703125,0.026580810546875,0.022308349609375,0.021881103515625,1,5,Familiar Chat,Caspian Gull,Bank Swallow,Imperial Eagle,Violet-green Swallow,Familiar Chat
val/04040_Animalia_Chordata_Aves_Passeriformes_Paridae_Poecile_hudsonicus/037edd3a-cd5e-4e13-ba81-3c3cdc814e3f.jpg,186,205,0,205,179,186,191,200,0.07525634765625,0.055389404296875,0.0504150390625,0.04974365234375,0.04486083984375,1,3,Boreal Chickadee,Hammond's Flycatcher,Southern Rough-winged Swallow,Boreal Chickadee,American Redstart,Wrentit
val/04068_Animalia_Chordata_Aves_Passeriformes_Parulidae_Setophaga_cerulea/64624763-f91e-4325-87a2-16a6150e4cd4.jpg,188,218,0,218,210,202,188,201,0.09326171875,0.07232666015625,0.037811279296875,0.03173828125,0.02490234375,1,4,Cerulean Warbler,Black-throated Trogon,Boat-billed Heron,Blue-gray Tanager,Cerulean Warbler,Grayish Saltator
val/04068_Animalia_Chordata_Aves_Passeriformes_Parulidae_Setophaga_cerulea/442ca5e7-6dfa-455f-9d2e-486b8b1c8967.jpg,188,205,0,205,188,191,190,207,0.07763671875,0.060333251953125,0.0509033203125,0.05029296875,0.046722412109375,1,2,Cerulean Warbler,Hammond's Flycatcher,Cerulean Warbler,American Redstart,Yellow-throated Warbler,Ash-throated Flycatcher
val/04070_Animalia_Chordata_Aves_Passeriformes_Parulidae_Setophaga_citrina/c3bbde6c-d2c7-45e3-ae29-19693f76b2f1.jpg,189,468,0,468,25,433,388,189,0.041717529296875,0.040802001953125,0.038055419921875,0.0309906005859375,0.0251007080078125,1,5,Hooded Warbler,American elm,Florida Leaf-footed Bug,umbrella magnolia,black huckleberry,Hooded Warbler
val/04070_Animalia_Chordata_Aves_Passeriformes_Parulidae_Setophaga_citrina/4caefb23-f95f-4579-9c82-e90d81d6f1a1.jpg,189,218,0,218,189,188,192,191,0.105712890625,0.05462646484375,0.0482177734375,0.03369140625,0.0298004150390625,1,2,Hooded Warbler,Black-throated Trogon,Hooded Warbler,Cerulean Warbler,Golden-winged Warbler,American Redstart
val/04073_Animalia_Chordata_Aves_Passeriformes_Parulidae_Setophaga_dominica/f20e3a6f-304c-4628-9616-9b4c9363f04e.jpg,190,196,0,196,190,191,198,21,0.045867919921875,0.03985595703125,0.037750244140625,0.02252197265625,0.0211029052734375,1,2,Yellow-throated Warbler,Eastern Yellow Robin,Yellow-throated Warbler,American Redstart,Common Firecrest,Yellow-shouldered Drone Fly
val/04073_Animalia_Chordata_Aves_Passeriformes_Parulidae_Setophaga_dominica/6dc8a315-981d-4848-a33d-602354bb951a.jpg,190,195,0,195,183,190,198,188,0.10382080078125,0.07568359375,0.04925537109375,0.047637939453125,0.042938232421875,1,3,Yellow-throated Warbler,Eastern Towhee,White-plumed Honeyeater,Yellow-throated Warbler,Common Firecrest,Cerulean Warbler
val/04089_Animalia_Chordata_Aves_Passeriformes_Parulidae_Vermivora_chrysoptera/25df23da-2819-45cf-9aba-945264296bb3.jpg,192,173,0,173,398,426,166,192,0.05780029296875,0.045257568359375,0.043609619140625,0.038299560546875,0.0367431640625,1,5,Golden-winged Warbler,Brown Jay,black locust,Slender speedwell,Red-billed Pigeon,Golden-winged Warbler
val/04099_Animalia_Chordata_Aves_Passeriformes_Passerellidae_Calamospiza_melanocorys/a9c70692-fb57-49fe-b482-073e973455b3.jpg,193,203,0,203,165,162,184,193,0.0628662109375,0.05218505859375,0.042633056640625,0.040802001953125,0.039947509765625,1,5,Lark Bunting,Olive-sided Flycatcher,Wood Sandpiper,Caspian Gull,Meadow Pipit,Lark Bunting
val/04099_Animalia_Chordata_Aves_Passeriformes_Passerellidae_Calamospiza_melanocorys/4a62e062-7344-4839-8077-17d5396c805e.jpg,193,205,0,205,193,198,197,204,0.0406494140625,0.0330810546875,0.0274810791015625,0.025543212890625,0.024078369140625,1,2,Lark Bunting,Hammond's Flycatcher,Lark Bunting,Common Firecrest,Tomtit,Western Wood-Pewee
val/04100_Animalia_Chordata_Aves_Passeriformes_Passerellidae_Centronyx_henslowii/449e413a-0bd8-4748-a22d-74dce21e6d60.jpg,194,65,0,65,194,76,121,115,0.06097412109375,0.05206298828125,0.0498046875,0.046875,0.042236328125,1,2,Henslow's Sparrow,Juvenal's Duskywing,Henslow's Sparrow,Mazarine Blue,Small Spreadwing,Owly Sulphur
val/04100_Animalia_Chordata_Aves_Passeriformes_Passerellidae_Centronyx_henslowii/a66dcf8d-a0d1-4df0-b34b-1466c4c88654.jpg,194,76,0,76,65,194,55,75,0.06317138671875,0.049896240234375,0.037322998046875,0.0286712646484375,0.022918701171875,1,3,Henslow's Sparrow,Mazarine Blue,Juvenal's Duskywing,Henslow's Sparrow,Latticed Heath,Spring Azure
val/04100_Animalia_Chordata_Aves_Passeriformes_Passerellidae_Centronyx_henslowii/cb25e450-6ae4-4472-905d-e3626038c418.jpg,194,65,0,65,115,76,194,117,0.053558349609375,0.051422119140625,0.049102783203125,0.045562744140625,0.036376953125,1,4,Henslow's Sparrow,Juvenal's Duskywing,Owly Sulphur,Mazarine Blue,Henslow's Sparrow,Common Blue Damselfly
val/04118_Animalia_Chordata_Aves_Passeriformes_Passerellidae_Pipilo_erythrophthalmus/f0b3303d-4926-4878-8b8f-87b3d3aaed66.jpg,195,170,0,170,195,208,200,197,0.0811767578125,0.07177734375,0.050628662109375,0.048736572265625,0.04266357421875,1,2,Eastern Towhee,Yellow Grosbeak,Eastern Towhee,Warbling White-eye,Wrentit,Tomtit
val/04138_Animalia_Chordata_Aves_Passeriformes_Petroicidae_Eopsaltria_australis/c639a3e1-d988-4565-8394-f3ff9429af3b.jpg,196,190,0,190,170,196,186,205,0.0247955322265625,0.024688720703125,0.0243377685546875,0.019378662109375,0.0179901123046875,1,3,Eastern Yellow Robin,Yellow-throated Warbler,Yellow Grosbeak,Eastern Yellow Robin,Boreal Chickadee,Hammond's Flycatcher
val/04138_Animalia_Chordata_Aves_Passeriformes_Petroicidae_Eopsaltria_australis/25dff8f4-09ce-4bfc-a9d5-ff709499dc45.jpg,196,15,0,15,196,189,170,192,0.044342041015625,0.038543701171875,0.0303802490234375,0.02752685546875,0.0197296142578125,1,2,Eastern Yellow Robin,Oedemera femorata,Eastern Yellow Robin,Hooded Warbler,Yellow Grosbeak,Golden-winged Warbler
val/04138_Animalia_Chordata_Aves_Passeriformes_Petroicidae_Eopsaltria_australis/07b6f20c-ea30-48e9-a19a-c99409384d5a.jpg,196,191,0,191,196,190,21,198,0.040802001953125,0.0377197265625,0.032928466796875,0.0271453857421875,0.0218048095703125,1,2,Eastern Yellow Robin,American Redstart,Eastern Yellow Robin,Yellow-throated Warbler,Yellow-shouldered Drone Fly,Common Firecrest
val/04142_Animalia_Chordata_Aves_Passeriformes_Petroicidae_Petroica_macrocephala/d3bd9a17-ce75-406c-bbc1-8a457b48215a.jpg,197,268,0,268,144,141,197,238,0.051239013671875,0.0262451171875,0.0261688232421875,0.0228424072265625,0.01554107666015625,1,4,Tomtit,Roridomyces austrororidus,Green Salamander,Cachabi Robber Frog,Tomtit,Common Bronze-back
val/04142_Animalia_Chordata_Aves_Passeriformes_Petroicidae_Petroica_macrocephala/cfb9b6e9-1242-487c-92a3-fac3d45325a0.jpg,197,205,0,205,197,175,194,198,0.09454345703125,0.06561279296875,0.0650634765625,0.039764404296875,0.03717041015625,1,2,Tomtit,Hammond's Flycatcher,Tomtit,Double-barred Finch,Henslow's Sparrow,Common Firecrest
val/04142_Animalia_Chordata_Aves_Passeriformes_Petroicidae_Petroica_macrocephala/21301bba-d9d6-4348-b64f-07b954680969.jpg,197,73,0,73,199,18,84,197,0.0287322998046875,0.024383544921875,0.02288818359375,0.0217132568359375,0.0179443359375,1,5,Tomtit,Common Ciliate Blue,Brown-headed Nuthatch,Blue Blowfly,Green Silver-lines,Tomtit
val/04178_Animalia_Chordata_Aves_Passeriformes_Regulidae_Regulus_ignicapilla/77809183-f8e8-492c-879e-83a4af1173ad.jpg,198,191,0,191,198,197,205,200,0.05804443359375,0.057281494140625,0.03790283203125,0.033203125,0.031463623046875,1,2,Common Firecrest,American Redstart,Common Firecrest,Tomtit,Hammond's Flycatcher,Wrentit
val/04189_Animalia_Chordata_Aves_Passeriformes_Sittidae_Sitta_pusilla/5b9f42db-62fc-4ac3-bb3a-133dc75521dd.jpg,199,171,0,171,231,199,268,220,0.03875732421875,0.0194091796875,0.0167388916015625,0.01557159423828125,0.01427459716796875,1,3,Brown-headed Nuthatch,Brown Creeper,Bank Vole,Brown-headed Nuthatch,Roridomyces austrororidus,Klipspringer
val/04189_Animalia_Chordata_Aves_Passeriformes_Sittidae_Sitta_pusilla/0a08c5a9-0f3e-4397-95f3-ae7210f2020b.jpg,199,242,0,242,171,214,205,199,0.030364990234375,0.0295257568359375,0.028045654296875,0.0194854736328125,0.01885986328125,1,5,Brown-headed Nuthatch,Brown Basilisk,Brown Creeper,Downy Woodpecker,Hammond's Flycatcher,Brown-headed Nuthatch
val/04189_Animalia_Chordata_Aves_Passeriformes_Sittidae_Sitta_pusilla/694d3d26-1583-4f80-9848-caa1c35876e1.jpg,199,197,0,197,199,187,195,449,0.0711669921875,0.041015625,0.032989501953125,0.03173828125,0.026123046875,1,2,Brown-headed Nuthatch,Tomtit,Brown-headed Nuthatch,Chestnut-backed Chickadee,Eastern Towhee,Golden Sunshinebush
val/04203_Animalia_Chordata_Aves_Passeriformes_Sylviidae_Chamaea_fasciata/a9a82602-e94a-4205-a6b5-db7b04559c16.jpg,200,186,0,186,197,205,200,195,0.0443115234375,0.04241943359375,0.042144775390625,0.036895751953125,0.0278167724609375,1,4,Wrentit,Boreal Chickadee,Tomtit,Hammond's Flycatcher,Wrentit,Eastern Towhee
val/04203_Animalia_Chordata_Aves_Passeriformes_Sylviidae_Chamaea_fasciata/4bc0fda8-5b6c-47fa-bcc2-1352efb3d10e.jpg,200,205,0,205,200,175,207,204,0.0977783203125,0.061920166015625,0.053466796875,0.0340576171875,0.0297698974609375,1,2,Wrentit,Hammond's Flycatcher,Wrentit,Double-barred Finch,Ash-throated Flycatcher,Western Wood-Pewee
val/04203_Animalia_Chordata_Aves_Passeriformes_Sylviidae_Chamaea_fasciata/456dc613-49e5-4c7b-9012-2cb6e93d0235.jpg,200,205,0,205,200,191,170,207,0.09014892578125,0.06683349609375,0.0518798828125,0.04571533203125,0.04254150390625,1,2,Wrentit,Hammond's Flycatcher,Wrentit,American Redstart,Yellow Grosbeak,Ash-throated Flycatcher
val/04228_Animalia_Chordata_Aves_Passeriformes_Thraupidae_Saltator_coerulescens/3924d41b-0765-4c07-bd5f-2151d9863c7a.jpg,201,188,0,188,201,190,173,204,0.042236328125,0.035919189453125,0.02740478515625,0.026214599609375,0.0257720947265625,1,2,Grayish Saltator,Cerulean Warbler,Grayish Saltator,Yellow-throated Warbler,Brown Jay,Western Wood-Pewee
val/04228_Animalia_Chordata_Aves_Passeriformes_Thraupidae_Saltator_coerulescens/07cb24dc-229c-47c8-8264-a4fd4880b11d.jpg,201,191,0,191,192,189,25,201,0.022796630859375,0.016815185546875,0.0158233642578125,0.01554107666015625,0.014923095703125,1,5,Grayish Saltator,American Redstart,Golden-winged Warbler,Hooded Warbler,Florida Leaf-footed Bug,Grayish Saltator
val/04228_Animalia_Chordata_Aves_Passeriformes_Thraupidae_Saltator_coerulescens/2b922a6e-ca86-4393-94f8-e242236eda9e.jpg,201,228,0,228,201,116,210,433,0.039886474609375,0.0302886962890625,0.0301361083984375,0.026763916015625,0.02484130859375,1,2,Grayish Saltator,Sunda Flying Lemur,Grayish Saltator,Ebony Jewelwing,Boat-billed Heron,umbrella magnolia
val/04245_Animalia_Chordata_Aves_Passeriformes_Thraupidae_Thraupis_episcopus/f91b7498-2364-4b60-837d-a866bd753427.jpg,202,342,0,342,345,425,202,218,0.0531005859375,0.030517578125,0.02691650390625,0.0207672119140625,0.01837158203125,1,4,Blue-gray Tanager,California Harebell,broadleaf forget-me-not,American brooklime,Blue-gray Tanager,Black-throated Trogon
val/04245_Animalia_Chordata_Aves_Passeriformes_Thraupidae_Thraupis_episcopus/ab90a945-1ffe-435b-9a24-90417c1b8e7a.jpg,202,191,0,191,170,182,202,187,0.132568359375,0.06298828125,0.060546875,0.04962158203125,0.045806884765625,1,4,Blue-gray Tanager,American Redstart,Yellow Grosbeak,Common Grackle,Blue-gray Tanager,Chestnut-backed Chickadee
val/04245_Animalia_Chordata_Aves_Passeriformes_Thraupidae_Thraupis_episcopus/0b8d2a69-ad07-4eb9-a06e-8cc9e4d0b0ce.jpg,202,55,0,55,120,117,202,188,0.03521728515625,0.02899169921875,0.02642822265625,0.026092529296875,0.0238800048828125,1,4,Blue-gray Tanager,Latticed Heath,Dragonhunter,Common Blue Damselfly,Blue-gray Tanager,Cerulean Warbler
val/04293_Animalia_Chordata_Aves_Passeriformes_Tyrannidae_Contopus_cooperi/7c81a2c6-c4d1-4817-b1e0-99d53d3aebb0.jpg,203,204,0,204,203,176,180,177,0.0982666015625,0.06719970703125,0.0484619140625,0.0465087890625,0.04022216796875,1,2,Olive-sided Flycatcher,Western Wood-Pewee,Olive-sided Flycatcher,Red Crossbill,Violet-green Swallow,Barn Swallow
val/04293_Animalia_Chordata_Aves_Passeriformes_Tyrannidae_Contopus_cooperi/08f87a0d-9ae4-4417-baef-0a85d911b552.jpg,203,146,0,146,147,178,203,179,0.165283203125,0.12237548828125,0.0726318359375,0.07080078125,0.060821533203125,1,4,Olive-sided Flycatcher,Imperial Eagle,European Honey-buzzard,Bank Swallow,Olive-sided Flycatcher,Southern Rough-winged Swallow
val/04293_Animalia_Chordata_Aves_Passeriformes_Tyrannidae_Contopus_cooperi/184d009e-5ec1-40fc-a154-f05116b504c5.jpg,203,172,0,172,203,190,183,166,0.09735107421875,0.071533203125,0.04095458984375,0.032470703125,0.029693603515625,1,2,Olive-sided Flycatcher,Fish Crow,Olive-sided Flycatcher,Yellow-throated Warbler,White-plumed Honeyeater,Red-billed Pigeon
val/04293_Animalia_Chordata_Aves_Passeriformes_Tyrannidae_Contopus_cooperi/02e43d78-6f8a-4274-837e-d4b751aacdeb.jpg,203,205,0,205,203,190,204,191,0.04644775390625,0.044586181640625,0.04266357421875,0.04107666015625,0.038665771484375,1,2,Olive-sided Flycatcher,Hammond's Flycatcher,Olive-sided Flycatcher,Yellow-throated Warbler,Western Wood-Pewee,American Redstart
val/04295_Animalia_Chordata_Aves_Passeriformes_Tyrannidae_Contopus_sordidulus/44b78d0a-42bb-4448-bd39-8fa3174ea12b.jpg,204,205,0,205,175,192,207,204,0.05615234375,0.04364013671875,0.03387451171875,0.03289794921875,0.030181884765625,1,5,Western Wood-Pewee,Hammond's Flycatcher,Double-barred Finch,Golden-winged Warbler,Ash-throated Flycatcher,Western Wood-Pewee
val/04295_Animalia_Chordata_Aves_Passeriformes_Tyrannidae_Contopus_sordidulus/cd77510a-894e-460d-a05f-e58cad9a8c53.jpg,204,130,0,130,0,204,12,61,0.022918701171875,0.0223236083984375,0.0179901123046875,0.016998291015625,0.0164794921875,1,3,Western Wood-Pewee,Chub,Cross Orbweaver,Western Wood-Pewee,Hadda Beetle,White Slant-line
val/04302_Animalia_Chordata_Aves_Passeriformes_Tyrannidae_Empidonax_hammondii/b89769b9-b7b5-4602-a5d4-7e58b85e03c1.jpg,205,198,0,198,205,199,201,204,0.04437255859375,0.04022216796875,0.0357666015625,0.03314208984375,0.0246734619140625,1,2,Hammond's Flycatcher,Common Firecrest,Hammond's Flycatcher,Brown-headed Nuthatch,Grayish Saltator,Western Wood-Pewee
val/04302_Animalia_Chordata_Aves_Passeriformes_Tyrannidae_Empidonax_hammondii/81f4f9a4-23ab-4c35-b494-29a837aaede0.jpg,205,183,0,183,200,191,205,175,0.09173583984375,0.06634521484375,0.06341552734375,0.058563232421875,0.0439453125,1,4,Hammond's Flycatcher,White-plumed Honeyeater,Wrentit,American Redstart,Hammond's Flycatcher,Double-barred Finch
val/04302_Animalia_Chordata_Aves_Passeriformes_Tyrannidae_Empidonax_hammondii/717453f6-b0fb-40fa-bdc2-6ac40eaa5185.jpg,205,186,0,186,200,191,202,205,0.02349853515625,0.0224151611328125,0.022369384765625,0.017669677734375,0.01763916015625,1,5,Hammond's Flycatcher,Boreal Chickadee,Wrentit,American Redstart,Blue-gray Tanager,Hammond's Flycatcher
val/04308_Animalia_Chordata_Aves_Passeriformes_Tyrannidae_Fluvicola_nengeta/f94f7e00-238e-43e7-a2bc-255ea8d93927.jpg,206,364,0,364,421,206,294,360,0.0276641845703125,0.0190582275390625,0.0175628662109375,0.0173187255859375,0.0172576904296875,1,3,Masked Water-Tyrant,alpine bistort,Red Odontites,Masked Water-Tyrant,Fly Orchid,ragged-Robin
val/04350_Animalia_Chordata_Aves_Passeriformes_Zosteropidae_Zosterops_japonicus/5ed98efd-41ee-4e75-8812-7e3d108782ef.jpg,208,183,0,183,200,175,208,192,0.048248291015625,0.036834716796875,0.034637451171875,0.02996826171875,0.025360107421875,1,4,Warbling White-eye,White-plumed Honeyeater,Wrentit,Double-barred Finch,Warbling White-eye,Golden-winged Warbler
val/04352_Animalia_Chordata_Aves_Passeriformes_Zosteropidae_Zosterops_palpebrosus/41c91f74-6c1b-48c8-817a-5db14fe56b86.jpg,209,192,0,192,218,209,208,196,0.05029296875,0.04388427734375,0.039703369140625,0.03656005859375,0.036163330078125,1,3,Indian White-eye,Golden-winged Warbler,Black-throated Trogon,Indian White-eye,Warbling White-eye,Eastern Yellow Robin
val/04352_Animalia_Chordata_Aves_Passeriformes_Zosteropidae_Zosterops_palpebrosus/4de13013-036c-4546-a720-3a15cbc2f69f.jpg,209,191,0,191,170,196,209,189,0.1357421875,0.072509765625,0.06707763671875,0.0628662109375,0.04931640625,1,4,Indian White-eye,American Redstart,Yellow Grosbeak,Eastern Yellow Robin,Indian White-eye,Hooded Warbler
val/04372_Animalia_Chordata_Aves_Pelecaniformes_Ardeidae_Cochlearius_cochlearius/22bba672-2f2b-47fe-bd35-da9410ecc3f1.jpg,210,200,0,200,210,191,202,208,0.0577392578125,0.03717041015625,0.03350830078125,0.02923583984375,0.0286865234375,1,2,Boat-billed Heron,Wrentit,Boat-billed Heron,American Redstart,Blue-gray Tanager,Warbling White-eye
val/04391_Animalia_Chordata_Aves_Pelecaniformes_Pelecanidae_Pelecanus_crispus/227595a7-c01c-40bc-9574-96b14a94be13.jpg,212,159,0,159,227,163,212,149,0.06439208984375,0.04754638671875,0.039276123046875,0.035552978515625,0.03302001953125,1,4,Dalmatian Pelican,American Oystercatcher,New Zealand Sea Lion,Glaucous-winged Gull,Dalmatian Pelican,Mute Swan
val/04391_Animalia_Chordata_Aves_Pelecaniformes_Pelecanidae_Pelecanus_crispus/27b05453-6911-425d-9c72-b7e08b732aba.jpg,212,152,0,152,161,149,212,162,0.0941162109375,0.08636474609375,0.07763671875,0.057342529296875,0.055084228515625,1,4,Dalmatian Pelican,Common Merganser,Black-headed Gull,Mute Swan,Dalmatian Pelican,Caspian Gull
val/04391_Animalia_Chordata_Aves_Pelecaniformes_Pelecanidae_Pelecanus_crispus/2f237b5a-a77f-441d-8613-01f98e00824c.jpg,212,161,0,161,212,163,149,162,0.0950927734375,0.0692138671875,0.056243896484375,0.033538818359375,0.0321044921875,1,2,Dalmatian Pelican,Black-headed Gull,Dalmatian Pelican,Glaucous-winged Gull,Mute Swan,Caspian Gull
val/04419_Animalia_Chordata_Aves_Phoenicopteriformes_Phoenicopteridae_Phoenicopterus_ruber/6db2976e-04ec-41de-b1d6-e756ed94bf8b.jpg,213,130,0,130,234,213,152,161,0.06396484375,0.05792236328125,0.057647705078125,0.04266357421875,0.03814697265625,1,3,American Flamingo,Chub,Common Caiman,American Flamingo,Common Merganser,Black-headed Gull
val/04419_Animalia_Chordata_Aves_Phoenicopteriformes_Phoenicopteridae_Phoenicopterus_ruber/e3be6cb6-7a43-44c8-9231-df76cc845d4d.jpg,213,298,0,298,213,299,418,423,0.25390625,0.09588623046875,0.0728759765625,0.0609130859375,0.0408935546875,1,2,American Flamingo,scarlet fritillary,American Flamingo,fire lily,field Indian paintbrush,scarlet monkeyflower
val/04419_Animalia_Chordata_Aves_Phoenicopteriformes_Phoenicopteridae_Phoenicopterus_ruber/45c9498c-2f46-4038-a919-5e913145a492.jpg,213,310,0,310,130,372,234,213,0.027191162109375,0.0201568603515625,0.01904296875,0.0187835693359375,0.0159454345703125,1,5,American Flamingo,Kangaroo Grass,Chub,crucifixion thorn,Common Caiman,American Flamingo
val/04442_Animalia_Chordata_Aves_Piciformes_Picidae_Dryobates_pubescens/b4e2569c-5d93-4a70-b0a9-2c9f745075dc.jpg,214,171,0,171,214,199,215,204,0.05706787109375,0.044097900390625,0.0311431884765625,0.0267791748046875,0.020782470703125,1,2,Downy Woodpecker,Brown Creeper,Downy Woodpecker,Brown-headed Nuthatch,Eastern Screech-Owl,Western Wood-Pewee
val/04442_Animalia_Chordata_Aves_Piciformes_Picidae_Dryobates_pubescens/3214651c-2367-4bc0-b8b7-da917ad3306b.jpg,214,205,0,205,197,214,200,201,0.052032470703125,0.033782958984375,0.030242919921875,0.0295867919921875,0.0252532958984375,1,3,Downy Woodpecker,Hammond's Flycatcher,Tomtit,Downy Woodpecker,Wrentit,Grayish Saltator
val/04553_Animalia_Chordata_Aves_Strigiformes_Strigidae_Megascops_asio/cc97d266-0f4f-4f88-abe4-9533d2509b0e.jpg,215,54,0,54,273,141,268,215,0.0703125,0.060333251953125,0.037811279296875,0.027496337890625,0.02508544921875,1,5,Eastern Screech-Owl,Pantydia sparsa,Bear's Head Tooth,Cachabi Robber Frog,Roridomyces austrororidus,Eastern Screech-Owl
val/04553_Animalia_Chordata_Aves_Strigiformes_Strigidae_Megascops_asio/0ac5ea1f-3ea2-45fd-8faa-110a5a1568ad.jpg,215,7,0,7,37,105,215,171,0.0233917236328125,0.022918701171875,0.0204315185546875,0.017669677734375,0.01763916015625,1,4,Eastern Screech-Owl,Emerald Ash Borer,Florida Carpenter Ant,Pawpaw Sphinx Moth,Eastern Screech-Owl,Brown Creeper
val/04578_Animalia_Chordata_Aves_Suliformes_Phalacrocoracidae_Phalacrocorax_pelagicus/03d23921-d245-4fa9-ada2-71ed4593ac8d.jpg,216,150,0,150,216,217,160,149,0.22802734375,0.1126708984375,0.1124267578125,0.05621337890625,0.053741455078125,1,2,Pelagic Cormorant,Surf Scoter,Pelagic Cormorant,Brandt's Cormorant,Hartlaub's Gull,Mute Swan
val/04579_Animalia_Chordata_Aves_Suliformes_Phalacrocoracidae_Phalacrocorax_penicillatus/1e711a94-93af-4cb7-932d-eae6d1b42e80.jpg,217,216,0,216,217,160,161,163,0.10223388671875,0.0936279296875,0.0762939453125,0.043853759765625,0.0428466796875,1,2,Brandt's Cormorant,Pelagic Cormorant,Brandt's Cormorant,Hartlaub's Gull,Black-headed Gull,Glaucous-winged Gull
val/04579_Animalia_Chordata_Aves_Suliformes_Phalacrocoracidae_Phalacrocorax_penicillatus/37f5cffa-d35c-4e77-b23f-462f9f045d87.jpg,217,150,0,150,217,212,216,151,0.24609375,0.10540771484375,0.09088134765625,0.045440673828125,0.035797119140625,1,2,Brandt's Cormorant,Surf Scoter,Brandt's Cormorant,Dalmatian Pelican,Pelagic Cormorant,Smew
val/04579_Animalia_Chordata_Aves_Suliformes_Phalacrocoracidae_Phalacrocorax_penicillatus/7e7b92fe-a43f-496c-afef-24f2d6bcfdb7.jpg,217,149,0,149,160,217,150,148,0.08929443359375,0.08721923828125,0.0780029296875,0.07403564453125,0.06268310546875,1,3,Brandt's Cormorant,Mute Swan,Hartlaub's Gull,Brandt's Cormorant,Surf Scoter,Yellow-billed Pintail
val/04579_Animalia_Chordata_Aves_Suliformes_Phalacrocoracidae_Phalacrocorax_penicillatus/55f85ca0-a3c2-4cb9-b396-a2b80ed58a5d.jpg,217,216,0,216,217,160,172,136,0.129638671875,0.0859375,0.04010009765625,0.032623291015625,0.0223236083984375,1,2,Brandt's Cormorant,Pelagic Cormorant,Brandt's Cormorant,Hartlaub's Gull,Fish Crow,Indo-Pacific Sergeant Major
val/04596_Animalia_Chordata_Aves_Trogoniformes_Trogonidae_Trogon_rufus/fd16a324-f831-45b7-90b0-7630eaf3532a.jpg,218,364,0,364,202,218,41,208,0.047607421875,0.0274200439453125,0.0259857177734375,0.0234222412109375,0.0228424072265625,1,3,Black-throated Trogon,alpine bistort,Blue-gray Tanager,Black-throated Trogon,Common Thread-waisted Wasp,Warbling White-eye
val/04596_Animalia_Chordata_Aves_Trogoniformes_Trogonidae_Trogon_rufus/c1417694-6876-488e-9199-117633998b96.jpg,218,210,0,210,228,403,218,375,0.054962158203125,0.03173828125,0.02783203125,0.022308349609375,0.0185546875,1,4,Black-throated Trogon,Boat-billed Heron,Sunda Flying Lemur,willow oak,Black-throated Trogon,Tree Tutu
val/04596_Animalia_Chordata_Aves_Trogoniformes_Trogonidae_Trogon_rufus/a34c89cb-20d2-41ec-82b7-bcacb58b74c9.jpg,218,189,0,189,196,218,209,192,0.08392333984375,0.053497314453125,0.03729248046875,0.03594970703125,0.03515625,1,3,Black-throated Trogon,Hooded Warbler,Eastern Yellow Robin,Black-throated Trogon,Indian White-eye,Golden-winged Warbler
val/04596_Animalia_Chordata_Aves_Trogoniformes_Trogonidae_Trogon_rufus/f50321d7-a963-43d0-869c-af5cb212eeeb.jpg,218,397,0,397,200,218,196,24,0.061553955078125,0.05255126953125,0.04888916015625,0.046051025390625,0.032684326171875,1,3,Black-throated Trogon,Common Flat-pea,Wrentit,Black-throated Trogon,Eastern Yellow Robin,Hemlock Woolly Adelgid
val/04609_Animalia_Chordata_Elasmobranchii_Orectolobiformes_Ginglymostomatidae_Ginglymostoma_cirratum/ba9c4013-ae5c-42eb-8186-0408d04d70fc.jpg,219,136,0,136,219,138,134,132,0.25927734375,0.209228515625,0.150634765625,0.12445068359375,0.060882568359375,1,2,Nurse Shark,Indo-Pacific Sergeant Major,Nurse Shark,Kelp Bass,Blackspot Goatfish,Four-eyed Butterflyfish
val/04609_Animalia_Chordata_Elasmobranchii_Orectolobiformes_Ginglymostomatidae_Ginglymostoma_cirratum/04bfa0df-ef72-40b5-8cdd-df609bed3098.jpg,219,136,0,136,217,219,216,138,0.06585693359375,0.064697265625,0.062042236328125,0.060272216796875,0.042510986328125,1,3,Nurse Shark,Indo-Pacific Sergeant Major,Brandt's Cormorant,Nurse Shark,Pelagic Cormorant,Kelp Bass
val/04609_Animalia_Chordata_Elasmobranchii_Orectolobiformes_Ginglymostomatidae_Ginglymostoma_cirratum/b054d2c7-1d5c-471e-946f-226de20a4587.jpg,219,136,0,136,219,138,132,212,0.1019287109375,0.08514404296875,0.053955078125,0.049468994140625,0.034088134765625,1,2,Nurse Shark,Indo-Pacific Sergeant Major,Nurse Shark,Kelp Bass,Four-eyed Butterflyfish,Dalmatian Pelican
val/04632_Animalia_Chordata_Mammalia_Artiodactyla_Bovidae_Oreotragus_oreotragus/15d74171-9787-4515-a3c5-1a119c33b66b.jpg,220,372,0,372,220,279,474,287,0.12420654296875,0.0721435546875,0.0506591796875,0.038330078125,0.028076171875,1,2,Klipspringer,crucifixion thorn,Klipspringer,longleaf ephedra,elephant tree,Branched Asphodel
val/04641_Animalia_Chordata_Mammalia_Artiodactyla_Bovidae_Tragelaphus_oryx/cfff82ae-60df-443d-965b-32a609d247ba.jpg,221,158,0,158,168,221,436,206,0.054656982421875,0.0254974365234375,0.024932861328125,0.0243988037109375,0.016845703125,1,3,Eland,Crowned Lapwing,Black Crake,Eland,Florida Hammock Sandmat,Masked Water-Tyrant
val/04641_Animalia_Chordata_Mammalia_Artiodactyla_Bovidae_Tragelaphus_oryx/f791df2e-b56c-416f-b656-1369576c6704.jpg,221,158,0,158,247,224,221,5,0.11053466796875,0.07464599609375,0.046234130859375,0.0253143310546875,0.0238800048828125,1,4,Eland,Crowned Lapwing,Western Rattlesnake,Culpeo,Eland,Eastern Bark Centipede
val/04641_Animalia_Chordata_Mammalia_Artiodactyla_Bovidae_Tragelaphus_oryx/30cc6c52-f52f-4a0c-962f-000fa188caac.jpg,221,213,0,213,225,221,429,167,0.041595458984375,0.022918701171875,0.0217437744140625,0.0214996337890625,0.0209808349609375,1,3,Eland,American Flamingo,Canada Lynx,Eland,Wand Mullein,Common Peafowl
val/04641_Animalia_Chordata_Mammalia_Artiodactyla_Bovidae_Tragelaphus_oryx/13473a05-8432-4195-883b-06884344faec.jpg,221,247,0,247,221,229,245,158,0.04022216796875,0.028900146484375,0.02880859375,0.02581787109375,0.0234527587890625,1,2,Eland,Western Rattlesnake,Eland,Western Grey Kangaroo,Mole Snake,Crowned Lapwing
val/04673_Animalia_Chordata_Mammalia_Carnivora_Canidae_Lycalopex_culpaeus/d519bea6-db4f-4b2a-88c6-577b06eb0911.jpg,224,226,0,226,429,452,224,232,0.028900146484375,0.019134521484375,0.0170440673828125,0.0163116455078125,0.0162811279296875,1,4,Culpeo,Hooded Skunk,Wand Mullein,Spring Adonis,Culpeo,Woodchuck
val/04680_Animalia_Chordata_Mammalia_Carnivora_Felidae_Lynx_canadensis/14b83c18-104e-49f9-94f0-ed895d6f8a3c.jpg,225,223,0,223,225,178,151,59,0.038604736328125,0.030242919921875,0.025787353515625,0.025421142578125,0.0240325927734375,1,2,Canada Lynx,Gray Wolf,Canada Lynx,Bank Swallow,Smew,Black-dotted Ruddy Moth
val/04690_Animalia_Chordata_Mammalia_Carnivora_Mephitidae_Mephitis_macroura/f2612017-3cda-4005-bab9-698028319546.jpg,226,53,0,53,226,82,46,83,0.0289306640625,0.0246734619140625,0.0218963623046875,0.0214996337890625,0.0200042724609375,1,2,Hooded Skunk,Royal Poinciana Moth,Hooded Skunk,Black-dotted Maliattha,Titian Peale's Crambid,Half-yellow Moth
val/04690_Animalia_Chordata_Mammalia_Carnivora_Mephitidae_Mephitis_macroura/e2878150-9968-4de9-af21-8da592451d7c.jpg,226,223,0,223,226,37,233,355,0.0297088623046875,0.0246429443359375,0.024017333984375,0.022674560546875,0.0179901123046875,1,2,Hooded Skunk,Gray Wolf,Hooded Skunk,Florida Carpenter Ant,Red-bellied Squirrel,Spiny Hedgehog Cactus
val/04708_Animalia_Chordata_Mammalia_Carnivora_Otariidae_Phocarctos_hookeri/f0e4542c-ffd4-40e1-a74b-490f2dd127b4.jpg,227,155,0,155,156,227,235,158,0.037353515625,0.025390625,0.0236053466796875,0.022705078125,0.0206298828125,1,3,New Zealand Sea Lion,Red-breasted Dotterel,Wilson's Plover,New Zealand Sea Lion,Belize Crocodile,Crowned Lapwing
val/04708_Animalia_Chordata_Mammalia_Carnivora_Otariidae_Phocarctos_hookeri/1716547e-14f6-4278-96df-5329a25a48dc.jpg,227,151,0,151,227,152,163,162,0.0755615234375,0.0443115234375,0.04132080078125,0.0408935546875,0.040740966796875,1,2,New Zealand Sea Lion,Smew,New Zealand Sea Lion,Common Merganser,Glaucous-winged Gull,Caspian Gull
val/04708_Animalia_Chordata_Mammalia_Carnivora_Otariidae_Phocarctos_hookeri/5316b935-e14b-452a-8d22-c0fee88067de.jpg,227,216,0,216,217,227,137,174,0.0576171875,0.05169677734375,0.039764404296875,0.039398193359375,0.0307464599609375,1,3,New Zealand Sea Lion,Pelagic Cormorant,Brandt's Cormorant,New Zealand Sea Lion,Freshwater Drum,Alpine Chough
val/04732_Animalia_Chordata_Mammalia_Dermoptera_Cynocephalidae_Galeopterus_variegatus/4de19891-071d-4388-87ee-eb527b29d16c.jpg,228,433,0,433,228,402,218,488,0.08123779296875,0.061798095703125,0.06146240234375,0.053924560546875,0.04608154296875,1,2,Sunda Flying Lemur,umbrella magnolia,Sunda Flying Lemur,swamp chestnut oak,Black-throated Trogon,baldcypress
val/04736_Animalia_Chordata_Mammalia_Diprotodontia_Macropodidae_Macropus_fuliginosus/03271829-8cfd-404e-ad6f-0ed6aa773288.jpg,229,434,0,434,229,435,118,232,0.02569580078125,0.022552490234375,0.019073486328125,0.0167999267578125,0.015716552734375,1,2,Western Grey Kangaroo,common copperleaf,Western Grey Kangaroo,Tropic Croton,Skimming Bluet,Woodchuck
val/04736_Animalia_Chordata_Mammalia_Diprotodontia_Macropodidae_Macropus_fuliginosus/ed477958-7dda-49ec-b837-dec8f52b1e51.jpg,229,221,0,221,229,193,181,158,0.1090087890625,0.07501220703125,0.051910400390625,0.03515625,0.025054931640625,1,2,Western Grey Kangaroo,Eland,Western Grey Kangaroo,Lark Bunting,Tricolored Blackbird,Crowned Lapwing
val/04736_Animalia_Chordata_Mammalia_Diprotodontia_Macropodidae_Macropus_fuliginosus/a29c82c3-ee7a-4545-b9d3-3e8b4b5fe129.jpg,229,232,0,232,229,167,222,230,0.09088134765625,0.061553955078125,0.0521240234375,0.0478515625,0.043670654296875,1,2,Western Grey Kangaroo,Woodchuck,Western Grey Kangaroo,Common Peafowl,White-tailed Deer,American Beaver
val/04736_Animalia_Chordata_Mammalia_Diprotodontia_Macropodidae_Macropus_fuliginosus/b19a9831-93ec-42f2-b8cf-2e3f5358e5d8.jpg,229,241,0,241,230,248,197,229,0.027252197265625,0.02679443359375,0.022705078125,0.0211639404296875,0.0208740234375,1,5,Western Grey Kangaroo,Aesculapian Snake,American Beaver,Massasauga,Tomtit,Western Grey Kangaroo
val/04801_Animalia_Chordata_Mammalia_Rodentia_Cricetidae_Myodes_glareolus/ae1c5c1a-d5de-4c74-92f8-13c6d10087ee.jpg,231,143,0,143,420,231,259,260,0.0238494873046875,0.02337646484375,0.0201263427734375,0.0199432373046875,0.01898193359375,1,3,Bank Vole,Northern Red-legged Frog,Beechdrops,Bank Vole,Turkish Snail,Lined Chiton
val/04801_Animalia_Chordata_Mammalia_Rodentia_Cricetidae_Myodes_glareolus/f5d219c6-0507-4c87-93b7-430c702fa8bf.jpg,231,259,0,259,246,240,231,224,0.03076171875,0.0258026123046875,0.0229949951171875,0.019134521484375,0.0177154541015625,1,4,Bank Vole,Turkish Snail,Great Plains Skink,Flat-headed Snake,Bank Vole,Culpeo
val/04833_Animalia_Chordata_Mammalia_Rodentia_Sciuridae_Marmota_monax/77eff5cb-1602-4f46-9421-5958f43aca10.jpg,232,326,0,326,232,229,284,230,0.08221435546875,0.06842041015625,0.05401611328125,0.0396728515625,0.03662109375,1,2,Woodchuck,dogfennel,Woodchuck,Western Grey Kangaroo,asparagus,American Beaver
val/04833_Animalia_Chordata_Mammalia_Rodentia_Sciuridae_Marmota_monax/48eb288f-6a4c-4306-9882-4de288b7126f.jpg,232,229,0,229,232,12,326,378,0.11407470703125,0.10296630859375,0.037872314453125,0.024322509765625,0.0211334228515625,1,2,Woodchuck,Western Grey Kangaroo,Woodchuck,Hadda Beetle,dogfennel,mapleleaf viburnum
val/04833_Animalia_Chordata_Mammalia_Rodentia_Sciuridae_Marmota_monax/0bad348c-df36-4e92-9bbc-b7f545ba6ab9.jpg,232,326,0,326,232,337,452,441,0.10174560546875,0.088134765625,0.06768798828125,0.06109619140625,0.035003662109375,1,2,Woodchuck,dogfennel,Woodchuck,prairie dock,Spring Adonis,black willow
val/04843_Animalia_Chordata_Mammalia_Rodentia_Sciuridae_Sciurus_aureogaster/eec482af-e8b9-40e9-ab9d-a6502087e494.jpg,233,215,0,215,171,229,226,233,0.049224853515625,0.04071044921875,0.0306243896484375,0.020294189453125,0.0189666748046875,1,5,Red-bellied Squirrel,Eastern Screech-Owl,Brown Creeper,Western Grey Kangaroo,Hooded Skunk,Red-bellied Squirrel
val/04860_Animalia_Chordata_Reptilia_Crocodylia_Alligatoridae_Caiman_crocodilus/4d0deda9-b3ec-4627-a44b-6d7faabb07da.jpg,234,141,0,141,268,234,144,57,0.058319091796875,0.0292205810546875,0.0285491943359375,0.02520751953125,0.02197265625,1,3,Common Caiman,Cachabi Robber Frog,Roridomyces austrororidus,Common Caiman,Green Salamander,Feathered Thorn
val/04860_Animalia_Chordata_Reptilia_Crocodylia_Alligatoridae_Caiman_crocodilus/a8894137-c71d-4c24-8d6b-e92812139a58.jpg,234,235,0,235,232,234,212,211,0.06646728515625,0.0413818359375,0.0340576171875,0.034027099609375,0.03192138671875,1,3,Common Caiman,Belize Crocodile,Woodchuck,Common Caiman,Dalmatian Pelican,Black-crowned Night Heron
val/04860_Animalia_Chordata_Reptilia_Crocodylia_Alligatoridae_Caiman_crocodilus/c4e284c2-04e9-4140-a341-1ad0a2a0e4e1.jpg,234,235,0,235,184,130,234,185,0.13232421875,0.093994140625,0.0523681640625,0.038543701171875,0.03704833984375,1,4,Common Caiman,Belize Crocodile,Meadow Pipit,Chub,Common Caiman,Familiar Chat
val/04862_Animalia_Chordata_Reptilia_Crocodylia_Crocodylidae_Crocodylus_moreletii/18bcedd9-7208-4ab5-95ae-e2f6d5153241.jpg,235,182,0,182,116,235,197,234,0.07647705078125,0.048583984375,0.0445556640625,0.044464111328125,0.0280914306640625,1,3,Belize Crocodile,Common Grackle,Ebony Jewelwing,Belize Crocodile,Tomtit,Common Caiman
val/04904_Animalia_Chordata_Reptilia_Squamata_Colubridae_Dendrelaphis_pictus/f2a0b65a-24be-40b0-a2d0-b642f11a42c6.jpg,238,62,0,62,113,141,238,94,0.053466796875,0.045257568359375,0.044708251953125,0.04180908203125,0.0399169921875,1,4,Common Bronze-back,Yellow Slant-line,Australian Green Mantis,Cachabi Robber Frog,Common Bronze-back,Thoas Swallowtail
val/04904_Animalia_Chordata_Reptilia_Squamata_Colubridae_Dendrelaphis_pictus/b17b26cb-cb69-4063-83ff-f2d97bb92e64.jpg,238,141,0,141,238,144,142,268,0.09783935546875,0.0650634765625,0.04693603515625,0.04473876953125,0.035491943359375,1,2,Common Bronze-back,Cachabi Robber Frog,Common Bronze-back,Green Salamander,Eastern Dwarf Treefrog,Roridomyces austrororidus
val/04904_Animalia_Chordata_Reptilia_Squamata_Colubridae_Dendrelaphis_pictus/fbb192b8-8930-49b1-961d-acb0bb30ef8c.jpg,238,282,0,282,238,94,93,288,0.1845703125,0.06219482421875,0.05157470703125,0.032073974609375,0.025299072265625,1,2,Common Bronze-back,spring spiderlily,Common Bronze-back,Thoas Swallowtail,Dainty Swallowtail,Mountain flax
val/04904_Animalia_Chordata_Reptilia_Squamata_Colubridae_Dendrelaphis_pictus/76ed9dc9-aa95-4324-9180-3ba987ddd1c2.jpg,238,141,0,141,238,142,116,66,0.0472412109375,0.031036376953125,0.029022216796875,0.02825927734375,0.026885986328125,1,2,Common Bronze-back,Cachabi Robber Frog,Common Bronze-back,Eastern Dwarf Treefrog,Ebony Jewelwing,Chestnut Bob
val/04925_Animalia_Chordata_Reptilia_Squamata_Colubridae_Lampropeltis_triangulum/d9afaab6-6b88-49df-891a-d140cd9b557b.jpg,239,236,0,236,38,248,243,239,0.036468505859375,0.02825927734375,0.0278472900390625,0.02716064453125,0.0234832763671875,1,5,Eastern Milksnake,Italian Slow Worm,New York Carpenter Ant,Massasauga,Texas Coralsnake,Eastern Milksnake
val/04925_Animalia_Chordata_Reptilia_Squamata_Colubridae_Lampropeltis_triangulum/ecefe673-1c71-419e-aa73-f436d2d13b82.jpg,239,247,0,247,245,248,239,357,0.03948974609375,0.03656005859375,0.024993896484375,0.024139404296875,0.0218048095703125,1,4,Eastern Milksnake,Western Rattlesnake,Mole Snake,Massasauga,Eastern Milksnake,viviparous foxtail cactus
val/04964_Animalia_Chordata_Reptilia_Squamata_Colubridae_Tantilla_gracilis/be8ae38d-18d7-4124-aa3a-675b2f2ddae6.jpg,240,127,0,127,129,128,365,240,0.0643310546875,0.054443359375,0.05108642578125,0.050384521484375,0.043731689453125,1,5,Flat-headed Snake,New Zealand Half Crab,Blacknose Dace,Bluntnose Minnow,skeleton weed,Flat-headed Snake
val/04964_Animalia_Chordata_Reptilia_Squamata_Colubridae_Tantilla_gracilis/3e33dd71-6861-460d-b04d-ad1b7a64d11b.jpg,240,128,0,128,254,240,253,129,0.06982421875,0.053436279296875,0.04803466796875,0.047607421875,0.029541015625,1,3,Flat-headed Snake,Bluntnose Minnow,Lettered Olive,Flat-headed Snake,California Cone,Blacknose Dace
val/04964_Animalia_Chordata_Reptilia_Squamata_Colubridae_Tantilla_gracilis/f64f4d48-4dbf-441e-be36-9d846e022bff.jpg,240,368,0,368,129,240,365,306,0.06304931640625,0.048614501953125,0.04278564453125,0.036773681640625,0.035430908203125,1,3,Flat-headed Snake,prostrate knotweed,Blacknose Dace,Flat-headed Snake,skeleton weed,Dallis grass
val/04964_Animalia_Chordata_Reptilia_Squamata_Colubridae_Tantilla_gracilis/9fd7a268-9fc4-4ea6-a98e-2d105b4646f0.jpg,240,128,0,128,240,254,253,129,0.0660400390625,0.046478271484375,0.0379638671875,0.035980224609375,0.027587890625,1,2,Flat-headed Snake,Bluntnose Minnow,Flat-headed Snake,Lettered Olive,California Cone,Blacknose Dace
val/04977_Animalia_Chordata_Reptilia_Squamata_Colubridae_Zamenis_longissimus/26f1d64b-b8f3-47eb-82eb-5036d0990f96.jpg,241,155,0,155,241,5,144,11,0.033721923828125,0.0249481201171875,0.02410888671875,0.0224456787109375,0.0166015625,1,2,Aesculapian Snake,Red-breasted Dotterel,Aesculapian Snake,Eastern Bark Centipede,Green Salamander,False Potato Beetle
val/04995_Animalia_Chordata_Reptilia_Squamata_Elapidae_Micrurus_tener/d7e021c4-2cac-42ca-85be-703343eb923a.jpg,243,158,0,158,4,243,6,239,0.044097900390625,0.040130615234375,0.038177490234375,0.0293426513671875,0.0234375,1,3,Texas Coralsnake,Crowned Lapwing,Paravaejovis puritanus,Texas Coralsnake,Giant Desert Centipede,Eastern Milksnake
val/04995_Animalia_Chordata_Reptilia_Squamata_Elapidae_Micrurus_tener/935c2d75-80e7-4ca2-8d5a-0bd54a77f191.jpg,243,261,0,261,462,243,263,143,0.054168701171875,0.042266845703125,0.035888671875,0.026336669921875,0.024932861328125,1,3,Texas Coralsnake,scaly pelt lichen,dwarf cinquefoil,Texas Coralsnake,Smooth Rock Tripe,Northern Red-legged Frog
val/05028_Animalia_Chordata_Reptilia_Squamata_Lamprophiidae_Pseudaspis_cana/81c7263a-9035-40da-a2fb-2af6c72d244f.jpg,245,247,0,247,245,91,182,37,0.0853271484375,0.0217742919921875,0.019439697265625,0.01898193359375,0.0160980224609375,1,2,Mole Snake,Western Rattlesnake,Mole Snake,Mourning Cloak,Common Grackle,Florida Carpenter Ant
val/05118_Animalia_Chordata_Reptilia_Squamata_Viperidae_Crotalus_oreganus/78844d60-25da-4e38-9deb-f44659f13ecd.jpg,247,245,0,245,41,243,464,247,0.032257080078125,0.0243377685546875,0.0241241455078125,0.0216827392578125,0.0208740234375,1,5,Western Rattlesnake,Mole Snake,Common Thread-waisted Wasp,Texas Coralsnake,sand cherry,Western Rattlesnake
val/05118_Animalia_Chordata_Reptilia_Squamata_Viperidae_Crotalus_oreganus/83f06439-3b96-4bb6-9f4a-000a966df9fd.jpg,247,355,0,355,357,358,356,247,0.032073974609375,0.0300445556640625,0.019012451171875,0.018585205078125,0.0173492431640625,1,5,Western Rattlesnake,Spiny Hedgehog Cactus,viviparous foxtail cactus,California barrel cactus,strawberry hedgehog cactus,Western Rattlesnake
val/05118_Animalia_Chordata_Reptilia_Squamata_Viperidae_Crotalus_oreganus/7d450060-314b-4a02-89c3-caf044b56e40.jpg,247,358,0,358,371,246,158,247,0.167236328125,0.06005859375,0.029388427734375,0.0292510986328125,0.0279998779296875,1,5,Western Rattlesnake,California barrel cactus,canaigre dock,Great Plains Skink,Crowned Lapwing,Western Rattlesnake
val/05124_Animalia_Chordata_Reptilia_Squamata_Viperidae_Sistrurus_catenatus/2a3e9e2e-d04a-4beb-a746-669665f2a304.jpg,248,370,0,370,362,103,248,286,0.032196044921875,0.022796630859375,0.017059326171875,0.0133056640625,0.01277923583984375,1,4,Massasauga,woodland pterostegia,Small-leaved Blinks,Small Emperor Moth,Massasauga,Grape hyacinth
val/05172_Animalia_Cnidaria_Anthozoa_Actiniaria_Actiniidae_Actinia_equina/74f2f841-92cd-49f7-8fbb-9455da1c4cc8.jpg,249,358,0,358,158,249,4,47,0.0704345703125,0.043182373046875,0.0237579345703125,0.019561767578125,0.01849365234375,1,3,Beadlet anemone,California barrel cactus,Crowned Lapwing,Beadlet anemone,Paravaejovis puritanus,Volupial Pyrausta Moth
val/05172_Animalia_Cnidaria_Anthozoa_Actiniaria_Actiniidae_Actinia_equina/4f173ab0-9a63-4591-ae6b-f504ff8eca47.jpg,249,255,0,255,249,253,258,135,0.045257568359375,0.04241943359375,0.0232696533203125,0.0162811279296875,0.01465606689453125,1,2,Beadlet anemone,Hilton's Aeolid,Beadlet anemone,California Cone,White-lipped Snail,Yellow Perch
val/05172_Animalia_Cnidaria_Anthozoa_Actiniaria_Actiniidae_Actinia_equina/aee57c44-96db-4245-ac1c-7e1722fe48e7.jpg,249,487,0,487,249,492,260,51,0.036895751953125,0.03155517578125,0.0253143310546875,0.0186614990234375,0.018524169921875,1,2,Beadlet anemone,giant sequoia,Beadlet anemone,ponderosa pine,Lined Chiton,Ilia Underwing
val/05220_Animalia_Mollusca_Bivalvia_Cardiida_Cardiidae_Clinocardium_nuttallii/37484615-be4b-46d7-b56b-99c211204697.jpg,250,171,0,171,356,250,85,279,0.036285400390625,0.03265380859375,0.0297088623046875,0.0296783447265625,0.025848388671875,1,3,Nuttall's Cockle,Brown Creeper,strawberry hedgehog cactus,Nuttall's Cockle,Angulose Prominent Moth,longleaf ephedra
val/05220_Animalia_Mollusca_Bivalvia_Cardiida_Cardiidae_Clinocardium_nuttallii/009314ca-7d56-421a-860d-c8576a99145c.jpg,250,259,0,259,236,250,253,64,0.035675048828125,0.018218994140625,0.01531982421875,0.0151519775390625,0.01447296142578125,1,3,Nuttall's Cockle,Turkish Snail,Italian Slow Worm,Nuttall's Cockle,California Cone,Desert Checkered-Skipper
val/05273_Animalia_Mollusca_Gastropoda_Littorinimorpha_Strombidae_Aliger_gigas/84aca987-7453-4d61-b7f7-848182646853.jpg,251,132,0,132,134,133,140,251,0.192138671875,0.1639404296875,0.095458984375,0.04443359375,0.037689208984375,1,5,Queen Conch,Four-eyed Butterflyfish,Blackspot Goatfish,Snakeskin Wrasse,Spiny Seahorse,Queen Conch
val/05277_Animalia_Mollusca_Gastropoda_Neogastropoda_Buccinidae_Buccinum_undatum/8ac1c319-1707-49f5-b462-71763de6e56c.jpg,252,60,0,60,252,49,4,36,0.072509765625,0.0313720703125,0.024261474609375,0.0203399658203125,0.017059326171875,1,2,Common Whelk,Alien Probole Moth,Common Whelk,Deduced Graphic,Paravaejovis puritanus,Spongy Oak Apple Gall Wasp
val/05283_Animalia_Mollusca_Gastropoda_Neogastropoda_Conidae_Californiconus_californicus/9734535e-9793-4752-9934-b783c3527d7e.jpg,253,255,0,255,253,254,128,260,0.11114501953125,0.07183837890625,0.049652099609375,0.04693603515625,0.0382080078125,1,2,California Cone,Hilton's Aeolid,California Cone,Lettered Olive,Bluntnose Minnow,Lined Chiton
val/05283_Animalia_Mollusca_Gastropoda_Neogastropoda_Conidae_Californiconus_californicus/f380c4f6-ab9a-438a-b845-1b6a42aef328.jpg,253,158,0,158,358,253,144,155,0.047149658203125,0.0372314453125,0.0234222412109375,0.020416259765625,0.0184326171875,1,3,California Cone,Crowned Lapwing,California barrel cactus,California Cone,Green Salamander,Red-breasted Dotterel
val/05283_Animalia_Mollusca_Gastropoda_Neogastropoda_Conidae_Californiconus_californicus/b2e181ac-bcb4-4bed-b9d2-a640deea9352.jpg,253,240,0,240,128,254,253,365,0.11798095703125,0.07415771484375,0.04345703125,0.03924560546875,0.035186767578125,1,4,California Cone,Flat-headed Snake,Bluntnose Minnow,Lettered Olive,California Cone,skeleton weed
val/05283_Animalia_Mollusca_Gastropoda_Neogastropoda_Conidae_Californiconus_californicus/69db9e63-fb66-447e-bd55-44a73c037d31.jpg,253,144,0,144,253,140,126,60,0.0916748046875,0.059356689453125,0.047088623046875,0.036773681640625,0.029571533203125,1,2,California Cone,Green Salamander,California Cone,Spiny Seahorse,Virile Crayfish,Alien Probole Moth
val/05291_Animalia_Mollusca_Gastropoda_Neogastropoda_Olividae_Americoliva_sayana/5d721264-a08c-440b-b8e6-ff5f225fb46b.jpg,254,54,0,54,52,59,254,273,0.0604248046875,0.03863525390625,0.024688720703125,0.024322509765625,0.023895263671875,1,4,Lettered Olive,Pantydia sparsa,Dimorphic Bomolocha Moth,Black-dotted Ruddy Moth,Lettered Olive,Bear's Head Tooth
val/05291_Animalia_Mollusca_Gastropoda_Neogastropoda_Olividae_Americoliva_sayana/a5dd17e7-2c14-4688-80a9-2ee0dee6f27d.jpg,254,185,0,185,129,252,254,240,0.02093505859375,0.0167694091796875,0.0166015625,0.01476287841796875,0.013702392578125,1,4,Lettered Olive,Familiar Chat,Blacknose Dace,Common Whelk,Lettered Olive,Flat-headed Snake
val/05291_Animalia_Mollusca_Gastropoda_Neogastropoda_Olividae_Americoliva_sayana/c36bdb87-d7b9-4df1-b9b6-2b5c6da45209.jpg,254,6,0,6,155,4,254,245,0.02227783203125,0.0184783935546875,0.01739501953125,0.0163726806640625,0.0161285400390625,1,4,Lettered Olive,Giant Desert Centipede,Red-breasted Dotterel,Paravaejovis puritanus,Lettered Olive,Mole Snake
val/05291_Animalia_Mollusca_Gastropoda_Neogastropoda_Olividae_Americoliva_sayana/04cd38c3-3579-4fdf-a8dd-5d300f1d9d9e.jpg,254,54,0,54,30,62,254,48,0.040313720703125,0.0282135009765625,0.0254669189453125,0.0183563232421875,0.0181427001953125,1,4,Lettered Olive,Pantydia sparsa,Brown Marmorated Stink Bug,Yellow Slant-line,Lettered Olive,Snowy Urola Moth
val/05291_Animalia_Mollusca_Gastropoda_Neogastropoda_Olividae_Americoliva_sayana/c402890e-65f2-457c-aa7c-97bdc5ea71c0.jpg,254,250,0,250,127,254,236,259,0.03173828125,0.0306243896484375,0.02734375,0.0259857177734375,0.0222015380859375,1,3,Lettered Olive,Nuttall's Cockle,New Zealand Half Crab,Lettered Olive,Italian Slow Worm,Turkish Snail
val/05312_Animalia_Mollusca_Gastropoda_Nudibranchia_Facelinidae_Phidiana_hiltoni/3fb8c24c-eec4-4d94-ba16-194f65cee7a4.jpg,255,145,0,145,126,128,255,130,0.039886474609375,0.036834716796875,0.0308685302734375,0.0301666259765625,0.0241241455078125,1,4,Hilton's Aeolid,Italian Crested Newt,Virile Crayfish,Bluntnose Minnow,Hilton's Aeolid,Chub
val/05312_Animalia_Mollusca_Gastropoda_Nudibranchia_Facelinidae_Phidiana_hiltoni/9af1e014-d55e-433d-9506-40454a20ca07.jpg,255,30,0,30,128,17,10,255,0.038360595703125,0.028411865234375,0.0282440185546875,0.0272216796875,0.02581787109375,1,5,Hilton's Aeolid,Brown Marmorated Stink Bug,Bluntnose Minnow,Oriental Beetle,Spined Woodborer,Hilton's Aeolid
val/05312_Animalia_Mollusca_Gastropoda_Nudibranchia_Facelinidae_Phidiana_hiltoni/e2cf7574-8c8e-446a-bd3e-e0056e67fd22.jpg,255,260,0,260,255,253,249,292,0.17919921875,0.07098388671875,0.06640625,0.0621337890625,0.037445068359375,1,2,Hilton's Aeolid,Lined Chiton,Hilton's Aeolid,California Cone,Beadlet anemone,checkered rattlesnake plantain
val/05433_Fungi_Ascomycota_Lecanoromycetes_Peltigerales_Peltigeraceae_Peltigera_praetextata/4c0df6fc-45e3-4f6c-99b0-e6ca8836539a.jpg,261,278,0,278,276,333,261,370,0.099609375,0.0931396484375,0.061492919921875,0.029876708984375,0.0282745361328125,1,4,scaly pelt lichen,Flat-leaved Scalewort,delicate fern moss,Tauhinu,scaly pelt lichen,woodland pterostegia
val/05433_Fungi_Ascomycota_Lecanoromycetes_Peltigerales_Peltigeraceae_Peltigera_praetextata/46acf3d3-2370-4e04-9ead-48357d41c84a.jpg,261,278,0,278,463,261,343,465,0.11572265625,0.0618896484375,0.060455322265625,0.05572509765625,0.04913330078125,1,3,scaly pelt lichen,Flat-leaved Scalewort,desert almond,scaly pelt lichen,Sheep's-bit,Blackthorn
val/05433_Fungi_Ascomycota_Lecanoromycetes_Peltigerales_Peltigeraceae_Peltigera_praetextata/65135555-0333-43a1-af06-6130ee9ef62d.jpg,261,263,0,263,413,261,174,465,0.1572265625,0.0748291015625,0.0738525390625,0.02362060546875,0.020233154296875,1,3,scaly pelt lichen,Smooth Rock Tripe,white sage,scaly pelt lichen,Alpine Chough,Blackthorn
val/05433_Fungi_Ascomycota_Lecanoromycetes_Peltigerales_Peltigeraceae_Peltigera_praetextata/ee3771d5-6f90-494a-9abc-668d6bfa4349.jpg,261,263,0,263,261,274,301,268,0.334228515625,0.11688232421875,0.0848388671875,0.045135498046875,0.025848388671875,1,2,scaly pelt lichen,Smooth Rock Tripe,scaly pelt lichen,ceramic parchment,snow trillium,Roridomyces austrororidus
val/05441_Fungi_Ascomycota_Lecanoromycetes_Teloschistales_Teloschistaceae_Teloschistes_flavicans/3b74972e-053e-45b9-bbd3-49cd54e06479.jpg,262,472,0,472,372,262,474,176,0.22900390625,0.0711669921875,0.055145263671875,0.03875732421875,0.0258636474609375,1,3,Golden Hair-lichen,desert mistletoe,crucifixion thorn,Golden Hair-lichen,elephant tree,Red Crossbill
val/05445_Fungi_Ascomycota_Lecanoromycetes_Umbilicariales_Umbilicariaceae_Umbilicaria_mammulata/488f39ef-4c43-45a7-934d-f9eacff897ae.jpg,263,127,0,127,216,263,250,354,0.03509521484375,0.031707763671875,0.028717041015625,0.0218505859375,0.0211334228515625,1,3,Smooth Rock Tripe,New Zealand Half Crab,Pelagic Cormorant,Smooth Rock Tripe,Nuttall's Cockle,Strawberry Cactus
val/05445_Fungi_Ascomycota_Lecanoromycetes_Umbilicariales_Umbilicariaceae_Umbilicaria_mammulata/effc82b2-1cbc-406d-9ae3-dcd65b5128e3.jpg,263,261,0,261,51,263,243,355,0.031341552734375,0.0250701904296875,0.0247039794921875,0.018768310546875,0.0170135498046875,1,3,Smooth Rock Tripe,scaly pelt lichen,Ilia Underwing,Smooth Rock Tripe,Texas Coralsnake,Spiny Hedgehog Cactus
val/05474_Fungi_Basidiomycota_Agaricomycetes_Agaricales_Agaricaceae_Agaricus_xanthodermus/cf60b599-b469-48bd-866d-7194bb7a32f1.jpg,264,265,0,265,264,271,266,270,0.433837890625,0.11273193359375,0.03778076171875,0.03509521484375,0.031982421875,1,2,Yellow Stainer,green-spored parasol,Yellow Stainer,stinkhorn,blusher,Scaly Chanterelle
val/05474_Fungi_Basidiomycota_Agaricomycetes_Agaricales_Agaricaceae_Agaricus_xanthodermus/670407ac-3c73-429a-a990-a2035965cae0.jpg,264,265,0,265,264,267,271,301,0.0985107421875,0.046630859375,0.03564453125,0.0305938720703125,0.023956298828125,1,2,Yellow Stainer,green-spored parasol,Yellow Stainer,Lichen Agaric,stinkhorn,snow trillium
val/05474_Fungi_Basidiomycota_Agaricomycetes_Agaricales_Agaricaceae_Agaricus_xanthodermus/0669f764-495b-4f90-94cc-e4438a6f01b3.jpg,264,265,0,265,264,273,266,271,0.359130859375,0.2354736328125,0.04730224609375,0.036346435546875,0.0238189697265625,1,2,Yellow Stainer,green-spored parasol,Yellow Stainer,Bear's Head Tooth,blusher,stinkhorn
val/05498_Fungi_Basidiomycota_Agaricomycetes_Agaricales_Amanitaceae_Amanita_rubescens/947ea665-96cd-43f6-a5ea-6be88d45f3aa.jpg,266,271,0,271,266,292,293,264,0.06549072265625,0.061370849609375,0.0364990234375,0.0295257568359375,0.0249176025390625,1,2,blusher,stinkhorn,blusher,checkered rattlesnake plantain,bird's-nest orchid,Yellow Stainer
val/05498_Fungi_Basidiomycota_Agaricomycetes_Agaricales_Amanitaceae_Amanita_rubescens/8bc63741-11f5-4d60-a39b-11dfe482b415.jpg,266,269,0,269,270,266,143,292,0.06494140625,0.0352783203125,0.0226593017578125,0.0218048095703125,0.01861572265625,1,3,blusher,Peppery Bolete,Scaly Chanterelle,blusher,Northern Red-legged Frog,checkered rattlesnake plantain
val/05498_Fungi_Basidiomycota_Agaricomycetes_Agaricales_Amanitaceae_Amanita_rubescens/65a4c96f-8cc6-4b39-a203-7e7ea3992413.jpg,266,264,0,264,266,270,250,269,0.059326171875,0.058074951171875,0.0474853515625,0.041961669921875,0.032867431640625,1,2,blusher,Yellow Stainer,blusher,Scaly Chanterelle,Nuttall's Cockle,Peppery Bolete
val/05498_Fungi_Basidiomycota_Agaricomycetes_Agaricales_Amanitaceae_Amanita_rubescens/79d8fbef-02fa-428a-98e2-50192cf024b9.jpg,266,265,0,265,264,266,270,271,0.3173828125,0.1851806640625,0.146484375,0.0618896484375,0.05133056640625,1,3,blusher,green-spored parasol,Yellow Stainer,blusher,Scaly Chanterelle,stinkhorn
val/05523_Fungi_Basidiomycota_Agaricomycetes_Agaricales_Hygrophoraceae_Lichenomphalia_umbellifera/3c3996b7-fce5-43d3-8bf4-5a445f1ff10d.jpg,267,142,0,142,95,374,74,267,0.06072998046875,0.0318603515625,0.02166748046875,0.0177001953125,0.0171661376953125,1,5,Lichen Agaric,Eastern Dwarf Treefrog,Barred Yellow,Streambank Stickleaf,Forget-me-not,Lichen Agaric
val/05523_Fungi_Basidiomycota_Agaricomycetes_Agaricales_Hygrophoraceae_Lichenomphalia_umbellifera/46f78c3a-f63d-4615-aa77-c093f216e6ed.jpg,267,351,0,351,267,297,311,301,0.119873046875,0.10809326171875,0.05828857421875,0.048736572265625,0.04718017578125,1,2,Lichen Agaric,Mountain Horopito,Lichen Agaric,giant white fawn lily,princess pine,snow trillium
val/05523_Fungi_Basidiomycota_Agaricomycetes_Agaricales_Hygrophoraceae_Lichenomphalia_umbellifera/033f8864-ca5f-4ad9-89ed-e201e9dc42fe.jpg,267,275,0,275,267,494,385,387,0.07769775390625,0.062255859375,0.03570556640625,0.034271240234375,0.0254058837890625,1,2,Lichen Agaric,fan moss,Lichen Agaric,Hen and Chicks Fern,Gaultheria antipoda,Prickly mingimingi
val/05523_Fungi_Basidiomycota_Agaricomycetes_Agaricales_Hygrophoraceae_Lichenomphalia_umbellifera/d2c2ef93-537b-402d-b0a2-7de4247666bf.jpg,267,278,0,278,496,261,275,267,0.0650634765625,0.059906005859375,0.054473876953125,0.05316162109375,0.036285400390625,1,5,Lichen Agaric,Flat-leaved Scalewort,brittle bladderfern,scaly pelt lichen,fan moss,Lichen Agaric
val/05541_Fungi_Basidiomycota_Agaricomycetes_Agaricales_Mycenaceae_Roridomyces_austrororidus/fb8ef5b0-4ba9-42d8-9ab9-05c14e23ed5a.jpg,268,273,0,273,51,54,272,268,0.09014892578125,0.04083251953125,0.039215087890625,0.035980224609375,0.03082275390625,1,5,Roridomyces austrororidus,Bear's Head Tooth,Ilia Underwing,Pantydia sparsa,Hoof Fungus,Roridomyces austrororidus
val/05541_Fungi_Basidiomycota_Agaricomycetes_Agaricales_Mycenaceae_Roridomyces_austrororidus/758525f4-346e-4a97-902a-c40f4af16ba2.jpg,268,51,0,51,215,268,226,246,0.0203399658203125,0.017608642578125,0.01727294921875,0.0154266357421875,0.01296234130859375,1,3,Roridomyces austrororidus,Ilia Underwing,Eastern Screech-Owl,Roridomyces austrororidus,Hooded Skunk,Great Plains Skink
val/05541_Fungi_Basidiomycota_Agaricomycetes_Agaricales_Mycenaceae_Roridomyces_austrororidus/e5b53381-00d8-492b-a666-9b2b54ef49a4.jpg,268,267,0,267,268,263,301,273,0.08026123046875,0.044036865234375,0.03729248046875,0.02520751953125,0.0215606689453125,1,2,Roridomyces austrororidus,Lichen Agaric,Roridomyces austrororidus,Smooth Rock Tripe,snow trillium,Bear's Head Tooth
val/05599_Fungi_Basidiomycota_Agaricomycetes_Boletales_Boletaceae_Chalciporus_piperatus/ec0a6741-6db0-4649-ba5d-34d6c9888bbd.jpg,269,95,0,95,269,236,304,143,0.06170654296875,0.05303955078125,0.0379638671875,0.0232696533203125,0.0199737548828125,1,2,Peppery Bolete,Barred Yellow,Peppery Bolete,Italian Slow Worm,Fingered Sedge,Northern Red-legged Frog
val/05599_Fungi_Basidiomycota_Agaricomycetes_Boletales_Boletaceae_Chalciporus_piperatus/0ce18e35-d5ea-43f8-8412-775e1e20374d.jpg,269,374,0,374,269,43,95,88,0.162353515625,0.0548095703125,0.0279541015625,0.0233154296875,0.0222320556640625,1,2,Peppery Bolete,Streambank Stickleaf,Peppery Bolete,Garden Webworm Moth,Barred Yellow,Julia Butterfly
val/05599_Fungi_Basidiomycota_Agaricomycetes_Boletales_Boletaceae_Chalciporus_piperatus/dc8f5d91-c3a1-489d-8b85-2a77ea499b45.jpg,269,270,0,270,269,266,57,6,0.346435546875,0.2705078125,0.031707763671875,0.016815185546875,0.0096588134765625,1,2,Peppery Bolete,Scaly Chanterelle,Peppery Bolete,blusher,Feathered Thorn,Giant Desert Centipede
val/05599_Fungi_Basidiomycota_Agaricomycetes_Boletales_Boletaceae_Chalciporus_piperatus/ce91bcec-f02b-4378-96a0-8461776842db.jpg,269,270,0,270,269,374,266,293,0.56982421875,0.2333984375,0.03955078125,0.0229034423828125,0.02166748046875,1,2,Peppery Bolete,Scaly Chanterelle,Peppery Bolete,Streambank Stickleaf,blusher,bird's-nest orchid
val/05599_Fungi_Basidiomycota_Agaricomycetes_Boletales_Boletaceae_Chalciporus_piperatus/854c2ae5-82ae-4182-bf5f-67badc4f3077.jpg,269,266,0,266,355,269,14,270,0.054718017578125,0.032684326171875,0.0312347412109375,0.0179290771484375,0.0178680419921875,1,3,Peppery Bolete,blusher,Spiny Hedgehog Cactus,Peppery Bolete,Woodland Dor Beetle,Scaly Chanterelle
val/05633_Fungi_Basidiomycota_Agaricomycetes_Gomphales_Gomphaceae_Turbinellus_floccosus/c2ea3da6-f5ac-4a10-8a44-5c0a1491aa68.jpg,270,269,0,269,270,267,141,273,0.10546875,0.0894775390625,0.036376953125,0.0207977294921875,0.019927978515625,1,2,Scaly Chanterelle,Peppery Bolete,Scaly Chanterelle,Lichen Agaric,Cachabi Robber Frog,Bear's Head Tooth
val/05633_Fungi_Basidiomycota_Agaricomycetes_Gomphales_Gomphaceae_Turbinellus_floccosus/71506247-c3f1-4d3c-8f87-e1189a92b142.jpg,270,59,0,59,269,110,270,16,0.0533447265625,0.044342041015625,0.034423828125,0.025634765625,0.023468017578125,1,4,Scaly Chanterelle,Black-dotted Ruddy Moth,Peppery Bolete,Filbertworm Moth,Scaly Chanterelle,Kern's Flower Scarab
val/05633_Fungi_Basidiomycota_Agaricomycetes_Gomphales_Gomphaceae_Turbinellus_floccosus/c4ee3675-bae3-4a5b-a026-1f2eb0ecadfe.jpg,270,266,0,266,269,270,260,264,0.1041259765625,0.09503173828125,0.07879638671875,0.0504150390625,0.04119873046875,1,3,Scaly Chanterelle,blusher,Peppery Bolete,Scaly Chanterelle,Lined Chiton,Yellow Stainer
val/05633_Fungi_Basidiomycota_Agaricomycetes_Gomphales_Gomphaceae_Turbinellus_floccosus/666dd411-20ef-491d-9d65-dfa37ba1d158.jpg,270,266,0,266,270,259,231,127,0.046356201171875,0.04156494140625,0.03802490234375,0.03741455078125,0.03570556640625,1,2,Scaly Chanterelle,blusher,Scaly Chanterelle,Turkish Snail,Bank Vole,New Zealand Half Crab
val/05633_Fungi_Basidiomycota_Agaricomycetes_Gomphales_Gomphaceae_Turbinellus_floccosus/2fbda94f-8363-4027-933d-db7b9de0aa42.jpg,270,264,0,264,268,266,270,269,0.07696533203125,0.07452392578125,0.040252685546875,0.03851318359375,0.037384033203125,1,4,Scaly Chanterelle,Yellow Stainer,Roridomyces austrororidus,blusher,Scaly Chanterelle,Peppery Bolete
val/05648_Fungi_Basidiomycota_Agaricomycetes_Phallales_Phallaceae_Phallus_impudicus/f1c9fe96-d3c6-4e65-a50d-5279b7a81dc8.jpg,271,268,0,268,271,267,36,266,0.0220489501953125,0.017822265625,0.014129638671875,0.0132598876953125,0.01186370849609375,1,2,stinkhorn,Roridomyces austrororidus,stinkhorn,Lichen Agaric,Spongy Oak Apple Gall Wasp,blusher
val/05676_Fungi_Basidiomycota_Agaricomycetes_Polyporales_Polyporaceae_Fomes_fomentarius/ea967f5c-1885-4e40-bc7a-4184e2809ff0.jpg,272,49,0,49,272,98,227,224,0.0263214111328125,0.023345947265625,0.0230255126953125,0.018280029296875,0.0167999267578125,1,2,Hoof Fungus,Deduced Graphic,Hoof Fungus,Darker Moodna Moth,New Zealand Sea Lion,Culpeo
val/05676_Fungi_Basidiomycota_Agaricomycetes_Polyporales_Polyporaceae_Fomes_fomentarius/2ac35918-840b-4bc5-91a7-b3bdfa8045d1.jpg,272,148,0,148,157,235,272,165,0.044219970703125,0.0413818359375,0.0222930908203125,0.01953125,0.0182647705078125,1,4,Hoof Fungus,Yellow-billed Pintail,American Golden-Plover,Belize Crocodile,Hoof Fungus,Wood Sandpiper
val/05676_Fungi_Basidiomycota_Agaricomycetes_Polyporales_Polyporaceae_Fomes_fomentarius/97211ed8-4205-4c59-91fd-128ad5f3a0c3.jpg,272,261,0,261,272,235,280,468,0.0303192138671875,0.017852783203125,0.0171966552734375,0.0159759521484375,0.01517486572265625,1,2,Hoof Fungus,scaly pelt lichen,Hoof Fungus,Belize Crocodile,coconut palm,American elm
val/05714_Fungi_Basidiomycota_Agaricomycetes_Russulales_Stereaceae_Xylobolus_frustulatus/926048e1-987e-4b46-b985-d513144d9ea5.jpg,274,149,0,149,451,274,163,244,0.1361083984375,0.058990478515625,0.0438232421875,0.0285186767578125,0.0272674560546875,1,3,ceramic parchment,Mute Swan,black cohosh,ceramic parchment,Glaucous-winged Gull,Green Iguana
val/05714_Fungi_Basidiomycota_Agaricomycetes_Russulales_Stereaceae_Xylobolus_frustulatus/869e0c81-25e4-400c-805a-ed76305a6149.jpg,274,413,0,413,350,274,77,242,0.040435791015625,0.035736083984375,0.01364898681640625,0.01348876953125,0.01316070556640625,1,3,ceramic parchment,white sage,California shieldpod,ceramic parchment,Boisduval's Blue,Brown Basilisk
val/05714_Fungi_Basidiomycota_Agaricomycetes_Russulales_Stereaceae_Xylobolus_frustulatus/837e3a2c-3c9e-4f7c-86f4-a753616470d8.jpg,274,261,0,261,274,263,465,311,0.204833984375,0.1629638671875,0.09320068359375,0.0206146240234375,0.0194244384765625,1,2,ceramic parchment,scaly pelt lichen,ceramic parchment,Smooth Rock Tripe,Blackthorn,princess pine
val/05714_Fungi_Basidiomycota_Agaricomycetes_Russulales_Stereaceae_Xylobolus_frustulatus/14e7200f-e4ee-428f-923d-63513918566b.jpg,274,75,0,75,65,274,64,78,0.08551025390625,0.07818603515625,0.07073974609375,0.0699462890625,0.029937744140625,1,3,ceramic parchment,Spring Azure,Juvenal's Duskywing,ceramic parchment,Desert Checkered-Skipper,Marine Blue
val/05714_Fungi_Basidiomycota_Agaricomycetes_Russulales_Stereaceae_Xylobolus_frustulatus/a3910cf9-fa06-43cc-90de-8ee98f74e409.jpg,274,263,0,263,75,236,274,237,0.034820556640625,0.0301513671875,0.0294647216796875,0.025634765625,0.02447509765625,1,4,ceramic parchment,Smooth Rock Tripe,Spring Azure,Italian Slow Worm,ceramic parchment,Texas Alligator Lizard
val/05734_Plantae_Bryophyta_Bryopsida_Bryales_Mniaceae_Rhizomnium_glabrescens/e4f41e73-e0f5-4c35-a75a-0a724e5fa478.jpg,275,320,0,320,349,471,275,278,0.051971435546875,0.051422119140625,0.04974365234375,0.040802001953125,0.04058837890625,1,4,fan moss,common mugwort,narrow-leaved bittercress,Dwarf Nettle,fan moss,Flat-leaved Scalewort
val/05734_Plantae_Bryophyta_Bryopsida_Bryales_Mniaceae_Rhizomnium_glabrescens/d8418a7f-2ce0-4264-8a10-a7f1136f534e.jpg,275,351,0,351,385,275,407,267,0.33740234375,0.08111572265625,0.07647705078125,0.028350830078125,0.0260009765625,1,3,fan moss,Mountain Horopito,Gaultheria antipoda,fan moss,Coprosma dumosa,Lichen Agaric
val/05756_Plantae_Bryophyta_Bryopsida_Hypnales_Thuidiaceae_Thuidium_delicatulum/7c624075-d4a7-4505-a8d1-187a20d6c602.jpg,276,278,0,278,261,275,496,276,0.1329345703125,0.06817626953125,0.06549072265625,0.041595458984375,0.02667236328125,1,5,delicate fern moss,Flat-leaved Scalewort,scaly pelt lichen,fan moss,brittle bladderfern,delicate fern moss
val/05756_Plantae_Bryophyta_Bryopsida_Hypnales_Thuidiaceae_Thuidium_delicatulum/e8efe4b0-1b7d-4a2c-ba0e-a003a108a1a4.jpg,276,359,0,359,276,426,312,346,0.0443115234375,0.026947021484375,0.0223846435546875,0.022125244140625,0.0220794677734375,1,2,delicate fern moss,Sea Sandwort,delicate fern moss,Slender speedwell,Broad-leaved Chervil,water forget-me-not
val/05769_Plantae_Marchantiophyta_Jungermanniopsida_Porellales_Radulaceae_Radula_complanata/c02bccf9-5581-4d8d-bae5-4b5ebdb257e6.jpg,278,276,0,276,496,495,278,352,0.0667724609375,0.05291748046875,0.03448486328125,0.03179931640625,0.0284576416015625,1,4,Flat-leaved Scalewort,delicate fern moss,brittle bladderfern,Crown Fern,Flat-leaved Scalewort,Mexican tea
val/05769_Plantae_Marchantiophyta_Jungermanniopsida_Porellales_Radulaceae_Radula_complanata/2c37acc8-5da7-474b-bdb7-779d53a9d987.jpg,278,333,0,333,262,319,325,278,0.3271484375,0.09539794921875,0.041900634765625,0.03863525390625,0.037994384765625,1,5,Flat-leaved Scalewort,Tauhinu,Golden Hair-lichen,common burrobrush,tall boneset,Flat-leaved Scalewort
val/05769_Plantae_Marchantiophyta_Jungermanniopsida_Porellales_Radulaceae_Radula_complanata/e7357207-e955-4339-829d-252977c104fd.jpg,278,326,0,326,498,278,276,320,0.0831298828125,0.057373046875,0.055267333984375,0.0462646484375,0.045684814453125,1,3,Flat-leaved Scalewort,dogfennel,ladder fern,Flat-leaved Scalewort,delicate fern moss,common mugwort
val/05824_Plantae_Tracheophyta_Liliopsida_Arecales_Arecaceae_Cocos_nucifera/e151ef04-b101-4a94-96a8-76e4b81af8eb.jpg,280,216,0,216,172,217,280,149,0.07275390625,0.054229736328125,0.0484619140625,0.02435302734375,0.021148681640625,1,4,coconut palm,Pelagic Cormorant,Fish Crow,Brandt's Cormorant,coconut palm,Mute Swan
val/05824_Plantae_Tracheophyta_Liliopsida_Arecales_Arecaceae_Cocos_nucifera/26a44423-a1a5-4ed9-8310-188f4640f03e.jpg,280,383,0,383,288,449,372,280,0.09197998046875,0.07049560546875,0.048065185546875,0.041900634765625,0.04107666015625,1,5,coconut palm,Inaka,Mountain flax,Golden Sunshinebush,crucifixion thorn,coconut palm
val/05837_Plantae_Tracheophyta_Liliopsida_Asparagales_Amaryllidaceae_Allium_cernuum/94c17c87-53ca-4847-8be8-b37d9bc301e5.jpg,281,350,0,350,392,373,329,281,0.058563232421875,0.0283966064453125,0.0252685546875,0.0215606689453125,0.018798828125,1,5,nodding onion,California shieldpod,pygmy-flower rock-jasmine,Stinging Serpent,Old Plainsman,nodding onion
val/05856_Plantae_Tracheophyta_Liliopsida_Asparagales_Amaryllidaceae_Hymenocallis_liriosme/4529f00f-870b-4749-a677-8d2ed4e587d9.jpg,282,288,0,288,282,211,280,210,0.134033203125,0.06146240234375,0.0396728515625,0.032989501953125,0.0251007080078125,1,2,spring spiderlily,Mountain flax,spring spiderlily,Black-crowned Night Heron,coconut palm,Boat-billed Heron
val/05856_Plantae_Tracheophyta_Liliopsida_Asparagales_Amaryllidaceae_Hymenocallis_liriosme/cd92a13f-f113-402d-9eb7-0c298d847e07.jpg,282,330,0,330,265,264,282,271,0.11968994140625,0.059326171875,0.048126220703125,0.04327392578125,0.034637451171875,1,4,spring spiderlily,oxeye daisy,green-spored parasol,Yellow Stainer,spring spiderlily,stinkhorn
val/05878_Plantae_Tracheophyta_Liliopsida_Asparagales_Asparagaceae_Asparagus_acutifolius/cef05a1f-207d-49ab-9048-b2e2b1c38d18.jpg,283,380,0,380,405,376,319,283,0.0645751953125,0.045867919921875,0.044403076171875,0.037628173828125,0.02490234375,1,5,Spiny Asparagus,Big Berry Manzanita,Coast silk tassel,squirting cucumber,common burrobrush,Spiny Asparagus
val/05878_Plantae_Tracheophyta_Liliopsida_Asparagales_Asparagaceae_Asparagus_acutifolius/814ad39c-35b0-474b-b661-70c4b5ae0376.jpg,283,325,0,325,396,283,329,320,0.06103515625,0.053741455078125,0.037017822265625,0.035614013671875,0.033477783203125,1,3,Spiny Asparagus,tall boneset,white sweet clover,Spiny Asparagus,Old Plainsman,common mugwort
val/05878_Plantae_Tracheophyta_Liliopsida_Asparagales_Asparagaceae_Asparagus_acutifolius/5f88d929-c2ba-489d-9363-0a6130df5ba5.jpg,283,347,0,347,278,283,325,412,0.082275390625,0.068603515625,0.033233642578125,0.0321044921875,0.03167724609375,1,3,Spiny Asparagus,European Searocket,Flat-leaved Scalewort,Spiny Asparagus,tall boneset,spotted horse mint
val/05881_Plantae_Tracheophyta_Liliopsida_Asparagales_Asparagaceae_Asparagus_officinalis/74fe5b2c-b8b9-4eff-82e4-9ae0849fc9d8.jpg,284,452,0,452,284,337,326,493,0.046173095703125,0.038482666015625,0.032806396484375,0.0321044921875,0.0306396484375,1,2,asparagus,Spring Adonis,asparagus,prairie dock,dogfennel,tangle fern
val/05881_Plantae_Tracheophyta_Liliopsida_Asparagales_Asparagaceae_Asparagus_officinalis/fabc72d5-34e8-46fd-998b-1c95e21fa177.jpg,284,307,0,307,284,305,325,483,0.050872802734375,0.0438232421875,0.042144775390625,0.035186767578125,0.03314208984375,1,2,asparagus,Annual Meadow-grass,asparagus,common three-square,tall boneset,western horsenettle
val/05881_Plantae_Tracheophyta_Liliopsida_Asparagales_Asparagaceae_Asparagus_officinalis/a9a14d59-9b66-4ce9-81ad-ae6c57d59c3c.jpg,284,326,0,326,232,360,158,284,0.213134765625,0.049224853515625,0.03900146484375,0.020751953125,0.01837158203125,1,5,asparagus,dogfennel,Woodchuck,ragged-Robin,Crowned Lapwing,asparagus
val/05887_Plantae_Tracheophyta_Liliopsida_Asparagales_Asparagaceae_Camassia_quamash/a30abfa7-f04e-48d1-b48d-5498ff35b19a.jpg,285,409,0,409,286,285,344,454,0.18798828125,0.155029296875,0.058074951171875,0.051116943359375,0.038543701171875,1,3,small camas,Blue Bugle,Grape hyacinth,small camas,Salvation Jane,common columbine
val/05887_Plantae_Tracheophyta_Liliopsida_Asparagales_Asparagaceae_Camassia_quamash/ab56dfb5-8edc-497b-8c42-a66786ad55e3.jpg,285,409,0,409,285,454,410,286,0.42431640625,0.38623046875,0.0875244140625,0.034271240234375,0.033233642578125,1,2,small camas,Blue Bugle,small camas,common columbine,carpet bugle,Grape hyacinth
val/05887_Plantae_Tracheophyta_Liliopsida_Asparagales_Asparagaceae_Camassia_quamash/cccc0f22-bdd3-448b-8bdb-67d063088783.jpg,285,483,0,483,484,344,286,285,0.263916015625,0.1806640625,0.07501220703125,0.070068359375,0.069091796875,1,5,small camas,western horsenettle,White Horse-nettle,Salvation Jane,Grape hyacinth,small camas
val/05916_Plantae_Tracheophyta_Liliopsida_Asparagales_Asparagaceae_Muscari_neglectum/132a2613-0e96-4b19-b6e5-a0a91bb93c10.jpg,286,409,0,409,285,286,344,454,0.3740234375,0.2138671875,0.12188720703125,0.068115234375,0.04754638671875,1,3,Grape hyacinth,Blue Bugle,small camas,Grape hyacinth,Salvation Jane,common columbine
val/05916_Plantae_Tracheophyta_Liliopsida_Asparagales_Asparagaceae_Muscari_neglectum/2c989e0d-7c06-4316-8711-d9c2f975becf.jpg,286,391,0,391,289,286,484,414,0.074951171875,0.0692138671875,0.052154541015625,0.045318603515625,0.041015625,1,3,Grape hyacinth,longleaf phlox,Spring Crocus,Grape hyacinth,White Horse-nettle,chia
val/05916_Plantae_Tracheophyta_Liliopsida_Asparagales_Asparagaceae_Muscari_neglectum/130bf12c-2e61-4d5f-a260-8da547e1addb.jpg,286,55,0,55,117,286,194,285,0.167724609375,0.130615234375,0.11712646484375,0.08941650390625,0.06390380859375,1,3,Grape hyacinth,Latticed Heath,Common Blue Damselfly,Grape hyacinth,Henslow's Sparrow,small camas
val/05916_Plantae_Tracheophyta_Liliopsida_Asparagales_Asparagaceae_Muscari_neglectum/4267632d-fcf1-4241-9de6-9490251ee16c.jpg,286,410,0,410,484,409,455,286,0.08837890625,0.061920166015625,0.053741455078125,0.049102783203125,0.048919677734375,1,5,Grape hyacinth,carpet bugle,White Horse-nettle,Blue Bugle,Swamp Leather Flower,Grape hyacinth
val/05948_Plantae_Tracheophyta_Liliopsida_Asparagales_Asphodelaceae_Asphodelus_ramosus/c6f2a0e2-b382-46a2-9814-f430dcd09505.jpg,287,329,0,329,318,464,287,392,0.1829833984375,0.054901123046875,0.037841796875,0.0304412841796875,0.02532958984375,1,4,Branched Asphodel,Old Plainsman,common yarrow,sand cherry,Branched Asphodel,pygmy-flower rock-jasmine
val/05952_Plantae_Tracheophyta_Liliopsida_Asparagales_Asphodelaceae_Phormium_cookianum/f34182a5-2f9c-4e78-8ee1-52345bac0531.jpg,288,383,0,383,277,288,448,372,0.08721923828125,0.04296875,0.0298919677734375,0.027191162109375,0.025482177734375,1,3,Mountain flax,Inaka,Sponge Weed,Mountain flax,Coastal Banksia,crucifixion thorn
val/05962_Plantae_Tracheophyta_Liliopsida_Asparagales_Iridaceae_Crocus_vernus/f2b7e8a2-ff7d-421c-9c5a-b201fe4d305a.jpg,289,21,0,21,16,289,22,457,0.21728515625,0.12164306640625,0.086669921875,0.07855224609375,0.052215576171875,1,3,Spring Crocus,Yellow-shouldered Drone Fly,Kern's Flower Scarab,Spring Crocus,Transverse-banded Flower Fly,eastern pasqueflower
val/05962_Plantae_Tracheophyta_Liliopsida_Asparagales_Iridaceae_Crocus_vernus/b3464385-f003-40a8-a186-965d1519aa6b.jpg,289,455,0,455,289,281,412,431,0.036468505859375,0.0292205810546875,0.028564453125,0.0268707275390625,0.0237884521484375,1,2,Spring Crocus,Swamp Leather Flower,Spring Crocus,nodding onion,spotted horse mint,Dakota mock vervain
val/05962_Plantae_Tracheophyta_Liliopsida_Asparagales_Iridaceae_Crocus_vernus/8030683a-60a6-4397-aeb8-0043aa009c77.jpg,289,457,0,457,484,289,483,462,0.11358642578125,0.10174560546875,0.1005859375,0.055999755859375,0.034759521484375,1,3,Spring Crocus,eastern pasqueflower,White Horse-nettle,Spring Crocus,western horsenettle,dwarf cinquefoil
val/05962_Plantae_Tracheophyta_Liliopsida_Asparagales_Iridaceae_Crocus_vernus/1863ef6c-98fa-4113-a23d-2ad2831b8c7c.jpg,289,356,0,356,354,289,357,295,0.25048828125,0.1768798828125,0.1588134765625,0.08892822265625,0.044036865234375,1,3,Spring Crocus,strawberry hedgehog cactus,Strawberry Cactus,Spring Crocus,viviparous foxtail cactus,Philippine Ground Orchid
val/06005_Plantae_Tracheophyta_Liliopsida_Asparagales_Orchidaceae_Cephalanthera_rubra/bd4b7817-4bc1-4707-9db9-6f79124a473f.jpg,290,295,0,295,431,416,415,290,0.136474609375,0.1002197265625,0.0736083984375,0.06561279296875,0.0614013671875,1,5,Red Helleborine,Philippine Ground Orchid,Dakota mock vervain,woolly blue curls,Marsh Woundwort,Red Helleborine
val/06005_Plantae_Tracheophyta_Liliopsida_Asparagales_Orchidaceae_Cephalanthera_rubra/86cb9849-8387-4008-a598-67ce3f04d2dc.jpg,290,295,0,295,290,73,71,153,0.23388671875,0.048492431640625,0.038909912109375,0.0266876220703125,0.0257568359375,1,2,Red Helleborine,Philippine Ground Orchid,Red Helleborine,Common Ciliate Blue,Dorantes Longtail,Black-chinned Hummingbird
val/06005_Plantae_Tracheophyta_Liliopsida_Asparagales_Orchidaceae_Cephalanthera_rubra/99e031da-3944-47d1-b843-9ec62d74d646.jpg,290,295,0,295,290,431,390,446,0.33056640625,0.270751953125,0.11968994140625,0.0889892578125,0.0428466796875,1,2,Red Helleborine,Philippine Ground Orchid,Red Helleborine,Dakota mock vervain,Drummond's phlox,rose evening primrose
val/06005_Plantae_Tracheophyta_Liliopsida_Asparagales_Orchidaceae_Cephalanthera_rubra/dc12bb9f-8d3b-4505-b404-71a82b39fb6b.jpg,290,381,0,381,391,416,290,281,0.21044921875,0.11737060546875,0.0758056640625,0.0711669921875,0.07073974609375,1,4,Red Helleborine,common heather,longleaf phlox,woolly blue curls,Red Helleborine,nodding onion
val/06018_Plantae_Tracheophyta_Liliopsida_Asparagales_Orchidaceae_Dactylorhiza_fuchsii/1e522eff-c6a0-4015-893b-e688764d83da.jpg,291,360,0,360,15,9,281,291,0.09918212890625,0.09100341796875,0.06817626953125,0.06549072265625,0.06500244140625,1,5,Common Spotted Orchid,ragged-Robin,Oedemera femorata,Spotted Longhorn,nodding onion,Common Spotted Orchid
val/06018_Plantae_Tracheophyta_Liliopsida_Asparagales_Orchidaceae_Dactylorhiza_fuchsii/916c408c-2ca6-4839-9ba6-2e8d4d602bf4.jpg,291,360,0,360,291,326,276,421,0.08428955078125,0.0439453125,0.036895751953125,0.036529541015625,0.0192718505859375,1,2,Common Spotted Orchid,ragged-Robin,Common Spotted Orchid,dogfennel,delicate fern moss,Red Odontites
val/06018_Plantae_Tracheophyta_Liliopsida_Asparagales_Orchidaceae_Dactylorhiza_fuchsii/7aa9b8bb-90eb-4b48-b2d6-a71d0bcaa9d9.jpg,291,86,0,86,70,322,291,69,0.09246826171875,0.08447265625,0.0797119140625,0.0738525390625,0.051666259765625,1,4,Common Spotted Orchid,Lesser Marbled Fritillary,European Skipper,Texas Thistle,Common Spotted Orchid,Long Dash Skipper
val/06018_Plantae_Tracheophyta_Liliopsida_Asparagales_Orchidaceae_Dactylorhiza_fuchsii/ce88e10b-ab81-4218-9960-329b81d66168.jpg,291,381,0,381,415,291,360,281,0.265625,0.125244140625,0.11651611328125,0.08087158203125,0.06768798828125,1,3,Common Spotted Orchid,common heather,Marsh Woundwort,Common Spotted Orchid,ragged-Robin,nodding onion
val/06054_Plantae_Tracheophyta_Liliopsida_Asparagales_Orchidaceae_Neottia_nidus-avis/409725e3-490c-4bea-a04c-9207ee753fde.jpg,293,315,0,315,95,293,99,65,0.1552734375,0.0672607421875,0.05316162109375,0.052337646484375,0.037506103515625,1,3,bird's-nest orchid,dwarf ginseng,Barred Yellow,bird's-nest orchid,Fatal Metalmark,Juvenal's Duskywing
val/06054_Plantae_Tracheophyta_Liliopsida_Asparagales_Orchidaceae_Neottia_nidus-avis/279579a7-ef24-4af5-bfbf-9e9f532d3773.jpg,293,311,0,311,420,293,292,369,0.1455078125,0.061126708984375,0.060821533203125,0.0258636474609375,0.0212249755859375,1,3,bird's-nest orchid,princess pine,Beechdrops,bird's-nest orchid,checkered rattlesnake plantain,beach knotweed
val/06054_Plantae_Tracheophyta_Liliopsida_Asparagales_Orchidaceae_Neottia_nidus-avis/4e4adbfb-f7d8-4517-aea8-6d1f62095414.jpg,293,467,0,467,369,293,24,420,0.08416748046875,0.0660400390625,0.046630859375,0.03900146484375,0.035675048828125,1,3,bird's-nest orchid,Rubus schmidelioides,beach knotweed,bird's-nest orchid,Hemlock Woolly Adelgid,Beechdrops
val/06060_Plantae_Tracheophyta_Liliopsida_Asparagales_Orchidaceae_Ophrys_insectifera/ff029b17-8a13-4b32-9b1d-566a1b136552.jpg,294,385,0,385,122,294,478,275,0.09832763671875,0.05950927734375,0.049346923828125,0.040802001953125,0.0272979736328125,1,3,Fly Orchid,Gaultheria antipoda,Neurothemis taiwanensis,Fly Orchid,western roseroot,fan moss
val/06094_Plantae_Tracheophyta_Liliopsida_Asparagales_Orchidaceae_Spathoglottis_plicata/9c0c7676-2552-4aeb-b200-7fdeea6b3ed1.jpg,295,386,0,386,381,295,288,362,0.1341552734375,0.066162109375,0.046112060546875,0.035858154296875,0.02679443359375,1,3,Philippine Ground Orchid,alpine azalea,common heather,Philippine Ground Orchid,Mountain flax,Small-leaved Blinks
val/06094_Plantae_Tracheophyta_Liliopsida_Asparagales_Orchidaceae_Spathoglottis_plicata/cd4e8286-aadd-4df9-9bae-f66e56a7f02d.jpg,295,431,0,431,290,446,390,295,0.1826171875,0.11444091796875,0.08575439453125,0.042205810546875,0.04034423828125,1,5,Philippine Ground Orchid,Dakota mock vervain,Red Helleborine,rose evening primrose,Drummond's phlox,Philippine Ground Orchid
val/06094_Plantae_Tracheophyta_Liliopsida_Asparagales_Orchidaceae_Spathoglottis_plicata/e20e9642-f85a-41ae-a8e5-c2d1a3da237b.jpg,295,415,0,415,295,416,344,360,0.1605224609375,0.09063720703125,0.08868408203125,0.0826416015625,0.041900634765625,1,2,Philippine Ground Orchid,Marsh Woundwort,Philippine Ground Orchid,woolly blue curls,Salvation Jane,ragged-Robin
val/06094_Plantae_Tracheophyta_Liliopsida_Asparagales_Orchidaceae_Spathoglottis_plicata/858e0481-ea7a-4224-a0dc-d6a6063e2839.jpg,295,431,0,431,289,9,295,21,0.21630859375,0.06103515625,0.049072265625,0.048828125,0.04473876953125,1,4,Philippine Ground Orchid,Dakota mock vervain,Spring Crocus,Spotted Longhorn,Philippine Ground Orchid,Yellow-shouldered Drone Fly
val/06094_Plantae_Tracheophyta_Liliopsida_Asparagales_Orchidaceae_Spathoglottis_plicata/357ce59a-19e2-4c5b-8594-cc4c9ee8df12.jpg,295,431,0,431,289,290,295,391,0.43408203125,0.166748046875,0.1324462890625,0.10516357421875,0.0399169921875,1,4,Philippine Ground Orchid,Dakota mock vervain,Spring Crocus,Red Helleborine,Philippine Ground Orchid,longleaf phlox
val/06097_Plantae_Tracheophyta_Liliopsida_Asparagales_Orchidaceae_Spiranthes_lacera/2a7f2fa9-3941-4d12-8ef9-fc16b9dca787.jpg,296,464,0,464,296,364,333,329,0.08526611328125,0.06683349609375,0.034423828125,0.0271148681640625,0.0174102783203125,1,2,Slender Ladies' Tresses,sand cherry,Slender Ladies' Tresses,alpine bistort,Tauhinu,Old Plainsman
val/06165_Plantae_Tracheophyta_Liliopsida_Liliales_Liliaceae_Fritillaria_recurva/2b4eb1f5-c349-404c-8198-343c6624bf5d.jpg,298,423,0,423,298,418,154,481,0.2149658203125,0.211181640625,0.06072998046875,0.02984619140625,0.0233612060546875,1,2,scarlet fritillary,scarlet monkeyflower,scarlet fritillary,field Indian paintbrush,Green-crowned Brilliant,red morning glory
val/06165_Plantae_Tracheophyta_Liliopsida_Liliales_Liliaceae_Fritillaria_recurva/bebb4183-83a3-4904-b5ad-ba1ee3b3a10b.jpg,298,491,0,491,492,298,487,354,0.12115478515625,0.051727294921875,0.041900634765625,0.03948974609375,0.033477783203125,1,3,scarlet fritillary,lodgepole pine,ponderosa pine,scarlet fritillary,giant sequoia,Strawberry Cactus
val/06168_Plantae_Tracheophyta_Liliopsida_Liliales_Liliaceae_Lilium_bulbiferum/3b5568d5-71e9-4d85-92b6-dcbd6016ba22.jpg,299,298,0,298,299,423,270,300,0.3564453125,0.264404296875,0.0897216796875,0.065673828125,0.04193115234375,1,2,fire lily,scarlet fritillary,fire lily,scarlet monkeyflower,Scaly Chanterelle,Leopard Lily
val/06168_Plantae_Tracheophyta_Liliopsida_Liliales_Liliaceae_Lilium_bulbiferum/9261f3d1-486d-49dd-afb5-d5a4b3f37d5d.jpg,299,327,0,327,299,450,384,300,0.374755859375,0.29296875,0.09771728515625,0.04254150390625,0.04058837890625,1,2,fire lily,great blanketflower,fire lily,red pagoda,Red Heath,Leopard Lily
val/06168_Plantae_Tracheophyta_Liliopsida_Liliales_Liliaceae_Lilium_bulbiferum/a662829c-90a3-414d-ae7e-c0994981b5d1.jpg,299,374,0,374,88,299,270,300,0.6591796875,0.11865234375,0.11773681640625,0.037933349609375,0.00847625732421875,1,3,fire lily,Streambank Stickleaf,Julia Butterfly,fire lily,Scaly Chanterelle,Leopard Lily
val/06168_Plantae_Tracheophyta_Liliopsida_Liliales_Liliaceae_Lilium_bulbiferum/f65ee39c-ca85-4e1b-b9c9-08368d56e793.jpg,299,374,0,374,299,88,321,438,0.50732421875,0.1529541015625,0.0755615234375,0.035491943359375,0.0288543701171875,1,2,fire lily,Streambank Stickleaf,fire lily,Julia Butterfly,tickseed beggar-ticks,Klamath weed
val/06168_Plantae_Tracheophyta_Liliopsida_Liliales_Liliaceae_Lilium_bulbiferum/c4291677-f4e2-4d08-b96f-25b4311b898e.jpg,299,300,0,300,299,88,481,423,0.409423828125,0.245361328125,0.15234375,0.04156494140625,0.033660888671875,1,2,fire lily,Leopard Lily,fire lily,Julia Butterfly,red morning glory,scarlet monkeyflower
val/06176_Plantae_Tracheophyta_Liliopsida_Liliales_Liliaceae_Lilium_pardalinum/e15ab5cf-7b8d-4dba-88b4-d9c5b44e9b96.jpg,300,86,0,86,70,300,79,88,0.275390625,0.119873046875,0.07598876953125,0.048583984375,0.034912109375,1,3,Leopard Lily,Lesser Marbled Fritillary,European Skipper,Leopard Lily,Coral Hairstreak,Julia Butterfly
val/06176_Plantae_Tracheophyta_Liliopsida_Liliales_Liliaceae_Lilium_pardalinum/5e2cdec0-3609-401c-a452-25bdcea0209a.jpg,300,88,0,88,299,300,374,423,0.272216796875,0.244873046875,0.1209716796875,0.041015625,0.0311737060546875,1,3,Leopard Lily,Julia Butterfly,fire lily,Leopard Lily,Streambank Stickleaf,scarlet monkeyflower
val/06176_Plantae_Tracheophyta_Liliopsida_Liliales_Liliaceae_Lilium_pardalinum/8c441c30-cc77-4fe4-a737-8d59dfa08022.jpg,300,176,0,176,300,384,472,183,0.039886474609375,0.037322998046875,0.034576416015625,0.03277587890625,0.02813720703125,1,2,Leopard Lily,Red Crossbill,Leopard Lily,Red Heath,desert mistletoe,White-plumed Honeyeater
val/06202_Plantae_Tracheophyta_Liliopsida_Liliales_Melanthiaceae_Trillium_nivale/863c4004-a855-4f2e-ba0a-f3097ed5045d.jpg,301,191,0,191,301,397,200,190,0.05755615234375,0.055145263671875,0.0235748291015625,0.0218658447265625,0.0172576904296875,1,2,snow trillium,American Redstart,snow trillium,Common Flat-pea,Wrentit,Yellow-throated Warbler
val/06202_Plantae_Tracheophyta_Liliopsida_Liliales_Melanthiaceae_Trillium_nivale/9b34d7ab-6d22-4234-96c4-5359f7fba06f.jpg,301,315,0,315,301,482,442,303,0.12103271484375,0.1014404296875,0.060791015625,0.047393798828125,0.03350830078125,1,2,snow trillium,dwarf ginseng,snow trillium,Obscure Morning Glory,Round-leaved Violet,sawbrier
val/06202_Plantae_Tracheophyta_Liliopsida_Liliales_Melanthiaceae_Trillium_nivale/d02136c9-d55e-4384-9df1-6c2c954e963c.jpg,301,75,0,75,246,274,237,301,0.02001953125,0.0174407958984375,0.01727294921875,0.01442718505859375,0.0143890380859375,1,5,snow trillium,Spring Azure,Great Plains Skink,ceramic parchment,Texas Alligator Lizard,snow trillium
val/06206_Plantae_Tracheophyta_Liliopsida_Liliales_Melanthiaceae_Trillium_undulatum/c661befd-dfab-4779-9b9f-b962144c959c.jpg,302,301,0,301,302,371,332,303,0.09735107421875,0.059173583984375,0.032806396484375,0.0276947021484375,0.0235595703125,1,2,painted trillium,snow trillium,painted trillium,canaigre dock,white rattlesnakeroot,sawbrier
val/06206_Plantae_Tracheophyta_Liliopsida_Liliales_Melanthiaceae_Trillium_undulatum/6a29dadb-e451-402f-9a34-c8c58211b692.jpg,302,301,0,301,315,65,75,302,0.1544189453125,0.07183837890625,0.061920166015625,0.0374755859375,0.03179931640625,1,5,painted trillium,snow trillium,dwarf ginseng,Juvenal's Duskywing,Spring Azure,painted trillium
val/06206_Plantae_Tracheophyta_Liliopsida_Liliales_Melanthiaceae_Trillium_undulatum/85ffc19b-b0d2-4a1b-8c52-747573d3a1a4.jpg,302,315,0,315,482,378,302,332,0.1224365234375,0.10430908203125,0.098388671875,0.0787353515625,0.05224609375,1,4,painted trillium,dwarf ginseng,Obscure Morning Glory,mapleleaf viburnum,painted trillium,white rattlesnakeroot
val/06206_Plantae_Tracheophyta_Liliopsida_Liliales_Melanthiaceae_Trillium_undulatum/6c195384-0967-4c94-b374-76d56662428f.jpg,302,315,0,315,303,378,99,302,0.0870361328125,0.08087158203125,0.0625,0.046478271484375,0.0274810791015625,1,5,painted trillium,dwarf ginseng,sawbrier,mapleleaf viburnum,Fatal Metalmark,painted trillium
val/06238_Plantae_Tracheophyta_Liliopsida_Poales_Cyperaceae_Carex_digitata/528c8915-5d07-44af-bf1d-68762c877a26.jpg,304,309,0,309,304,348,310,421,0.03900146484375,0.038726806640625,0.022430419921875,0.0211029052734375,0.0195770263671875,1,2,Fingered Sedge,Saint Augustine grass,Fingered Sedge,hairy bittercress,Kangaroo Grass,Red Odontites
val/06238_Plantae_Tracheophyta_Liliopsida_Poales_Cyperaceae_Carex_digitata/823cb7e2-9f3d-4001-8ac3-3a2d34bfdfa1.jpg,304,435,0,435,424,304,349,293,0.07220458984375,0.032867431640625,0.0307464599609375,0.0275726318359375,0.02679443359375,1,3,Fingered Sedge,Tropic Croton,American lopseed,Fingered Sedge,narrow-leaved bittercress,bird's-nest orchid
val/06238_Plantae_Tracheophyta_Liliopsida_Poales_Cyperaceae_Carex_digitata/db4cc72c-b017-4acf-a30d-c6a1f55935fc.jpg,304,293,0,293,304,286,362,420,0.0386962890625,0.038330078125,0.03045654296875,0.02618408203125,0.025054931640625,1,2,Fingered Sedge,bird's-nest orchid,Fingered Sedge,Grape hyacinth,Small-leaved Blinks,Beechdrops
val/06295_Plantae_Tracheophyta_Liliopsida_Poales_Cyperaceae_Schoenoplectus_pungens/1103a81b-0e45-4248-b039-71c261215b6e.jpg,305,0,0,0,47,114,305,72,0.0283203125,0.0170745849609375,0.011993408203125,0.01184844970703125,0.01184844970703125,1,4,common three-square,Cross Orbweaver,Volupial Pyrausta Moth,Chrysopa oculata,common three-square,Green Oak-Slug Moth
val/06295_Plantae_Tracheophyta_Liliopsida_Poales_Cyperaceae_Schoenoplectus_pungens/6094051c-686c-47f3-a84d-55d425e16ac2.jpg,305,117,0,117,194,305,115,76,0.04840087890625,0.039581298828125,0.037689208984375,0.029052734375,0.0279541015625,1,3,common three-square,Common Blue Damselfly,Henslow's Sparrow,common three-square,Owly Sulphur,Mazarine Blue
val/06295_Plantae_Tracheophyta_Liliopsida_Poales_Cyperaceae_Schoenoplectus_pungens/a6714bb1-3be7-4bb9-9558-2e5dedc40ed2.jpg,305,435,0,435,368,308,305,304,0.08026123046875,0.036285400390625,0.03472900390625,0.0322265625,0.0239715576171875,1,4,common three-square,Tropic Croton,prostrate knotweed,Green Bristle Grass,common three-square,Fingered Sedge
val/06407_Plantae_Tracheophyta_Liliopsida_Poales_Poaceae_Paspalum_dilatatum/5e6fe28b-9fc9-4531-9099-6316d202790a.jpg,306,305,0,305,115,306,325,440,0.04388427734375,0.042144775390625,0.0307464599609375,0.03057861328125,0.0290374755859375,1,3,Dallis grass,common three-square,Owly Sulphur,Dallis grass,tall boneset,Grey Willow
val/06407_Plantae_Tracheophyta_Liliopsida_Poales_Poaceae_Paspalum_dilatatum/37409671-cc92-4fe7-befe-9d055e42f39c.jpg,306,396,0,396,306,435,305,443,0.09246826171875,0.08294677734375,0.051910400390625,0.029296875,0.0247955322265625,1,2,Dallis grass,white sweet clover,Dallis grass,Tropic Croton,common three-square,velvetleaf
val/06425_Plantae_Tracheophyta_Liliopsida_Poales_Poaceae_Setaria_viridis/72c2ec11-9419-4caa-8d45-cfb0aec0f92a.jpg,308,306,0,306,305,308,435,307,0.03173828125,0.0289459228515625,0.026092529296875,0.0207672119140625,0.0204925537109375,1,3,Green Bristle Grass,Dallis grass,common three-square,Green Bristle Grass,Tropic Croton,Annual Meadow-grass
val/06425_Plantae_Tracheophyta_Liliopsida_Poales_Poaceae_Setaria_viridis/3e4604c4-ecec-44f0-bc29-41f718f81aa2.jpg,308,310,0,310,308,305,229,371,0.0163726806640625,0.01490020751953125,0.012969970703125,0.01277923583984375,0.012603759765625,1,2,Green Bristle Grass,Kangaroo Grass,Green Bristle Grass,common three-square,Western Grey Kangaroo,canaigre dock
val/06425_Plantae_Tracheophyta_Liliopsida_Poales_Poaceae_Setaria_viridis/60dff11a-ab34-4dea-baff-80a05cebec7f.jpg,308,324,0,324,286,352,304,308,0.04962158203125,0.048583984375,0.034759521484375,0.029815673828125,0.0285491943359375,1,5,Green Bristle Grass,tropical horseweed,Grape hyacinth,Mexican tea,Fingered Sedge,Green Bristle Grass
val/06425_Plantae_Tracheophyta_Liliopsida_Poales_Poaceae_Setaria_viridis/a1f4a4c8-5d0b-42ce-805c-3a63eec02597.jpg,308,435,0,435,308,296,324,294,0.11236572265625,0.056060791015625,0.04052734375,0.028717041015625,0.022705078125,1,2,Green Bristle Grass,Tropic Croton,Green Bristle Grass,Slender Ladies' Tresses,tropical horseweed,Fly Orchid
val/06431_Plantae_Tracheophyta_Liliopsida_Poales_Poaceae_Stenotaphrum_secundatum/cfc3ac36-f513-4514-bcd6-9556aa83c4c6.jpg,309,307,0,307,309,368,304,348,0.09246826171875,0.08404541015625,0.060638427734375,0.048583984375,0.03253173828125,1,2,Saint Augustine grass,Annual Meadow-grass,Saint Augustine grass,prostrate knotweed,Fingered Sedge,hairy bittercress
val/06431_Plantae_Tracheophyta_Liliopsida_Poales_Poaceae_Stenotaphrum_secundatum/837a219c-b377-4acd-b01c-ef122054c796.jpg,309,307,0,307,184,309,194,304,0.04052734375,0.038421630859375,0.034881591796875,0.03302001953125,0.0306854248046875,1,3,Saint Augustine grass,Annual Meadow-grass,Meadow Pipit,Saint Augustine grass,Henslow's Sparrow,Fingered Sedge
val/06431_Plantae_Tracheophyta_Liliopsida_Poales_Poaceae_Stenotaphrum_secundatum/2cec3598-2274-494d-9421-543e22a668d0.jpg,309,115,0,115,103,482,309,95,0.04534912109375,0.037445068359375,0.036285400390625,0.035552978515625,0.0308990478515625,1,4,Saint Augustine grass,Owly Sulphur,Small Emperor Moth,Obscure Morning Glory,Saint Augustine grass,Barred Yellow
val/06431_Plantae_Tracheophyta_Liliopsida_Poales_Poaceae_Stenotaphrum_secundatum/414255d5-7abe-4105-b54d-4a60aab5b04f.jpg,309,340,0,340,368,293,309,348,0.05609130859375,0.052490234375,0.046112060546875,0.04071044921875,0.03924560546875,1,4,Saint Augustine grass,common dandelion,prostrate knotweed,bird's-nest orchid,Saint Augustine grass,hairy bittercress
val/06433_Plantae_Tracheophyta_Liliopsida_Poales_Poaceae_Themeda_triandra/8de11585-1ff4-48ef-bcbd-ebae6c2952b8.jpg,310,421,0,421,310,464,296,297,0.04083251953125,0.028839111328125,0.0262908935546875,0.0245819091796875,0.0192413330078125,1,2,Kangaroo Grass,Red Odontites,Kangaroo Grass,sand cherry,Slender Ladies' Tresses,giant white fawn lily
val/06433_Plantae_Tracheophyta_Liliopsida_Poales_Poaceae_Themeda_triandra/e6850439-865a-40d4-94e3-9263d8a4fef1.jpg,310,279,0,279,383,372,310,319,0.390869140625,0.1478271484375,0.075927734375,0.06646728515625,0.024627685546875,1,4,Kangaroo Grass,longleaf ephedra,Inaka,crucifixion thorn,Kangaroo Grass,common burrobrush
val/06461_Plantae_Tracheophyta_Lycopodiopsida_Lycopodiales_Lycopodiaceae_Dendrolycopodium_obscurum/f41c3931-8688-4bd7-8ab0-7c87528a794f.jpg,311,329,0,329,308,311,352,324,0.0545654296875,0.03857421875,0.0330810546875,0.0265655517578125,0.0263671875,1,3,princess pine,Old Plainsman,Green Bristle Grass,princess pine,Mexican tea,tropical horseweed
val/06461_Plantae_Tracheophyta_Lycopodiopsida_Lycopodiales_Lycopodiaceae_Dendrolycopodium_obscurum/f72b3d0c-5f93-4e67-9a74-d679ccf5638f.jpg,311,293,0,293,311,292,420,370,0.046142578125,0.040679931640625,0.0274200439453125,0.027374267578125,0.0242156982421875,1,2,princess pine,bird's-nest orchid,princess pine,checkered rattlesnake plantain,Beechdrops,woodland pterostegia
val/06461_Plantae_Tracheophyta_Lycopodiopsida_Lycopodiales_Lycopodiaceae_Dendrolycopodium_obscurum/ea915272-7386-466a-9f38-5cfec1bc332b.jpg,311,348,0,348,307,311,368,349,0.05780029296875,0.039093017578125,0.035186767578125,0.0247802734375,0.024383544921875,1,3,princess pine,hairy bittercress,Annual Meadow-grass,princess pine,prostrate knotweed,narrow-leaved bittercress
val/06461_Plantae_Tracheophyta_Lycopodiopsida_Lycopodiales_Lycopodiaceae_Dendrolycopodium_obscurum/fcdc27f1-16e6-41cf-867c-ced907ccc249.jpg,311,318,0,318,311,313,412,348,0.03314208984375,0.0316162109375,0.0273895263671875,0.02667236328125,0.025634765625,1,2,princess pine,common yarrow,princess pine,upright hedge-parsley,spotted horse mint,hairy bittercress
val/06492_Plantae_Tracheophyta_Magnoliopsida_Apiales_Apiaceae_Chaerophyllum_aromaticum/e41d4eee-b73e-4ebb-995d-37f32dfc5e00.jpg,312,366,0,366,312,437,367,476,0.0322265625,0.0299224853515625,0.0233154296875,0.0216064453125,0.0208892822265625,1,2,Broad-leaved Chervil,Fringed Bindweed,Broad-leaved Chervil,Cassava,redshank,Red Buckeye
val/06543_Plantae_Tracheophyta_Magnoliopsida_Apiales_Apiaceae_Torilis_japonica/cc8b93dc-a269-428e-999f-870f024678e3.jpg,313,345,0,345,313,361,332,460,0.0845947265625,0.043243408203125,0.03607177734375,0.032989501953125,0.030914306640625,1,2,upright hedge-parsley,broadleaf forget-me-not,upright hedge-parsley,lesser stitchwort,white rattlesnakeroot,parsley hawthorn
val/06543_Plantae_Tracheophyta_Magnoliopsida_Apiales_Apiaceae_Torilis_japonica/d47d2d29-1c9c-462e-a004-83161ea631f0.jpg,313,9,0,9,313,318,268,282,0.10205078125,0.0654296875,0.05712890625,0.048736572265625,0.03668212890625,1,2,upright hedge-parsley,Spotted Longhorn,upright hedge-parsley,common yarrow,Roridomyces austrororidus,spring spiderlily
val/06543_Plantae_Tracheophyta_Magnoliopsida_Apiales_Apiaceae_Torilis_japonica/59379efb-ca49-478d-975c-fff93f3f0fcf.jpg,313,361,0,361,313,331,346,296,0.1456298828125,0.055877685546875,0.045745849609375,0.04351806640625,0.03106689453125,1,2,upright hedge-parsley,lesser stitchwort,upright hedge-parsley,Snow Squarestem,water forget-me-not,Slender Ladies' Tresses
val/06543_Plantae_Tracheophyta_Magnoliopsida_Apiales_Apiaceae_Torilis_japonica/46dc9154-74b1-4d5d-8454-abd2a507edf0.jpg,313,9,0,9,331,361,377,313,0.050750732421875,0.04296875,0.0345458984375,0.0238800048828125,0.0236663818359375,1,5,upright hedge-parsley,Spotted Longhorn,Snow Squarestem,lesser stitchwort,Western Snowberry,upright hedge-parsley
val/06543_Plantae_Tracheophyta_Magnoliopsida_Apiales_Apiaceae_Torilis_japonica/7d64f2f7-cc02-408a-8cda-a7595ca8d4cc.jpg,313,361,0,361,456,313,318,453,0.340576171875,0.09295654296875,0.06024169921875,0.039825439453125,0.0302581787109375,1,3,upright hedge-parsley,lesser stitchwort,Virginia virgin's-bower,upright hedge-parsley,common yarrow,meadow anemone
val/06554_Plantae_Tracheophyta_Magnoliopsida_Apiales_Araliaceae_Fatsia_japonica/10df7ed4-980b-4d80-92c6-1d508d109daf.jpg,314,495,0,495,408,314,494,292,0.15625,0.052154541015625,0.032745361328125,0.0249481201171875,0.024200439453125,1,3,Japanese aralia,Crown Fern,Kanono,Japanese aralia,Hen and Chicks Fern,checkered rattlesnake plantain
val/06562_Plantae_Tracheophyta_Magnoliopsida_Apiales_Araliaceae_Panax_trifolius/aaba528f-9875-4315-9096-9d5a37008c30.jpg,315,332,0,332,482,315,302,301,0.0775146484375,0.07421875,0.07037353515625,0.053741455078125,0.0294036865234375,1,3,dwarf ginseng,white rattlesnakeroot,Obscure Morning Glory,dwarf ginseng,painted trillium,snow trillium
val/06562_Plantae_Tracheophyta_Magnoliopsida_Apiales_Araliaceae_Panax_trifolius/1a5e8abb-97e2-41b2-acb7-2116aeda7315.jpg,315,301,0,301,315,462,303,311,0.16259765625,0.07598876953125,0.03887939453125,0.03253173828125,0.0311737060546875,1,2,dwarf ginseng,snow trillium,dwarf ginseng,dwarf cinquefoil,sawbrier,princess pine
val/06568_Plantae_Tracheophyta_Magnoliopsida_Apiales_Araliaceae_Schefflera_actinophylla/41964744-64fb-4f1f-b89e-b0d084129973.jpg,316,376,0,376,314,459,316,461,0.05450439453125,0.047119140625,0.04656982421875,0.0450439453125,0.043243408203125,1,4,Octopus Tree,squirting cucumber,Japanese aralia,Korean mulberry,Octopus Tree,Loquat
val/06585_Plantae_Tracheophyta_Magnoliopsida_Aquifoliales_Aquifoliaceae_Ilex_opaca/9db0bc82-77ff-41cc-83e3-3eee6b9ce2dc.jpg,317,376,0,376,371,377,436,317,0.19580078125,0.10601806640625,0.06494140625,0.045013427734375,0.037872314453125,1,5,American holly,squirting cucumber,canaigre dock,Western Snowberry,Florida Hammock Sandmat,American holly
val/06585_Plantae_Tracheophyta_Magnoliopsida_Aquifoliales_Aquifoliaceae_Ilex_opaca/a4384e7e-588d-47bf-94d8-ce76f152fbb8.jpg,317,408,0,408,366,317,477,476,0.060516357421875,0.057525634765625,0.054412841796875,0.046173095703125,0.040313720703125,1,3,American holly,Kanono,Fringed Bindweed,American holly,jade plant,Red Buckeye
val/06590_Plantae_Tracheophyta_Magnoliopsida_Asterales_Asteraceae_Achillea_millefolium/f80a38cf-84ac-4721-bfdb-e9636aedc414.jpg,318,361,0,361,318,453,282,360,0.1929931640625,0.08795166015625,0.0546875,0.0396728515625,0.038818359375,1,2,common yarrow,lesser stitchwort,common yarrow,meadow anemone,spring spiderlily,ragged-Robin
val/06590_Plantae_Tracheophyta_Magnoliopsida_Asterales_Asteraceae_Achillea_millefolium/70d6046b-025b-40f0-9c69-562f2723bbc9.jpg,318,348,0,348,318,412,278,455,0.0299530029296875,0.020050048828125,0.0171661376953125,0.0171356201171875,0.016876220703125,1,2,common yarrow,hairy bittercress,common yarrow,spotted horse mint,Flat-leaved Scalewort,Swamp Leather Flower
val/06609_Plantae_Tracheophyta_Magnoliopsida_Asterales_Asteraceae_Ambrosia_salsola/3523f6b8-2fba-4ea7-92e3-2e7ef43bb34e.jpg,319,350,0,350,325,413,9,319,0.236083984375,0.0560302734375,0.05413818359375,0.037933349609375,0.029449462890625,1,5,common burrobrush,California shieldpod,tall boneset,white sage,Spotted Longhorn,common burrobrush
val/06609_Plantae_Tracheophyta_Magnoliopsida_Asterales_Asteraceae_Ambrosia_salsola/8b75cfa9-9c77-4d33-9744-4c9332cffab1.jpg,319,158,0,158,358,319,279,356,0.0997314453125,0.08013916015625,0.07708740234375,0.07635498046875,0.02862548828125,1,3,common burrobrush,Crowned Lapwing,California barrel cactus,common burrobrush,longleaf ephedra,strawberry hedgehog cactus
val/06609_Plantae_Tracheophyta_Magnoliopsida_Asterales_Asteraceae_Ambrosia_salsola/84404340-510c-499c-90eb-13b64c8bec35.jpg,319,278,0,278,350,275,319,333,0.05853271484375,0.04010009765625,0.037139892578125,0.032745361328125,0.0301513671875,1,4,common burrobrush,Flat-leaved Scalewort,California shieldpod,fan moss,common burrobrush,Tauhinu
val/06639_Plantae_Tracheophyta_Magnoliopsida_Asterales_Asteraceae_Artemisia_vulgaris/e5f6212d-9726-4249-a314-6aab9be4902f.jpg,320,494,0,494,312,320,490,495,0.0517578125,0.044342041015625,0.0266571044921875,0.0238494873046875,0.0232086181640625,1,3,common mugwort,Hen and Chicks Fern,Broad-leaved Chervil,common mugwort,white fir,Crown Fern
val/06655_Plantae_Tracheophyta_Magnoliopsida_Asterales_Asteraceae_Bidens_aristosa/cf6e15c3-9e3b-4c06-81c2-3b43758b3116.jpg,321,328,0,328,321,438,401,334,0.399658203125,0.1494140625,0.0660400390625,0.0589599609375,0.053466796875,1,2,tickseed beggar-ticks,Bitterweed,tickseed beggar-ticks,Klamath weed,Yellow milkwort,Great Plains Ragwort
val/06655_Plantae_Tracheophyta_Magnoliopsida_Asterales_Asteraceae_Bidens_aristosa/27899f55-0c27-45d1-862c-5205be58480c.jpg,321,334,0,334,328,321,327,452,0.308349609375,0.1689453125,0.1468505859375,0.1412353515625,0.08367919921875,1,3,tickseed beggar-ticks,Great Plains Ragwort,Bitterweed,tickseed beggar-ticks,great blanketflower,Spring Adonis
val/06655_Plantae_Tracheophyta_Magnoliopsida_Asterales_Asteraceae_Bidens_aristosa/41a732b9-cb68-49a0-a598-79aea3791494.jpg,321,458,0,458,438,321,338,328,0.134033203125,0.1260986328125,0.1256103515625,0.106201171875,0.05841064453125,1,3,tickseed beggar-ticks,meadow buttercup,Klamath weed,tickseed beggar-ticks,common wrinkle-leaved goldenrod,Bitterweed
val/06716_Plantae_Tracheophyta_Magnoliopsida_Asterales_Asteraceae_Cirsium_texanum/8eabe32f-5504-4a87-a3b5-cda73c580cea.jpg,322,15,0,15,16,97,322,9,0.2486572265625,0.08099365234375,0.066650390625,0.062103271484375,0.06158447265625,1,4,Texas Thistle,Oedemera femorata,Kern's Flower Scarab,Large White Butterfly,Texas Thistle,Spotted Longhorn
val/06716_Plantae_Tracheophyta_Magnoliopsida_Asterales_Asteraceae_Cirsium_texanum/b5d72e55-cf3b-419d-9398-f85afc9594e0.jpg,322,16,0,16,322,21,9,15,0.391357421875,0.33349609375,0.043975830078125,0.038360595703125,0.0295867919921875,1,2,Texas Thistle,Kern's Flower Scarab,Texas Thistle,Yellow-shouldered Drone Fly,Spotted Longhorn,Oedemera femorata
val/06734_Plantae_Tracheophyta_Magnoliopsida_Asterales_Asteraceae_Crepis_tectorum/fd3605d3-d97e-4b62-8b9a-b7328da72126.jpg,323,401,0,401,323,452,428,399,0.060638427734375,0.0537109375,0.037445068359375,0.032501220703125,0.0303497314453125,1,2,narrow-leaved hawksbeard,Yellow milkwort,narrow-leaved hawksbeard,Spring Adonis,Dark Mullein,California goldenbanner
val/06734_Plantae_Tracheophyta_Magnoliopsida_Asterales_Asteraceae_Crepis_tectorum/390b4c3b-da07-4560-a077-2ab84aa5aab0.jpg,323,279,0,279,373,323,319,340,0.05859375,0.050872802734375,0.04254150390625,0.032958984375,0.0299835205078125,1,3,narrow-leaved hawksbeard,longleaf ephedra,Stinging Serpent,narrow-leaved hawksbeard,common burrobrush,common dandelion
val/06785_Plantae_Tracheophyta_Magnoliopsida_Asterales_Asteraceae_Eupatorium_altissimum/8343c133-2404-4d0f-80b7-d3f1acef1243.jpg,325,307,0,307,412,329,325,347,0.048004150390625,0.036590576171875,0.036285400390625,0.0263519287109375,0.0226287841796875,1,4,tall boneset,Annual Meadow-grass,spotted horse mint,Old Plainsman,tall boneset,European Searocket
val/06785_Plantae_Tracheophyta_Magnoliopsida_Asterales_Asteraceae_Eupatorium_altissimum/8d70c8c7-6532-496b-a2de-5a491fcd934d.jpg,325,329,0,329,325,319,464,350,0.09027099609375,0.0797119140625,0.05072021484375,0.04681396484375,0.04180908203125,1,2,tall boneset,Old Plainsman,tall boneset,common burrobrush,sand cherry,California shieldpod
val/06787_Plantae_Tracheophyta_Magnoliopsida_Asterales_Asteraceae_Eupatorium_capillifolium/6b31f372-6a86-41a6-a457-891c0a896240.jpg,326,497,0,497,471,352,349,326,0.08404541015625,0.06524658203125,0.051025390625,0.04998779296875,0.040740966796875,1,5,dogfennel,hay-scented fern,Dwarf Nettle,Mexican tea,narrow-leaved bittercress,dogfennel
val/06787_Plantae_Tracheophyta_Magnoliopsida_Asterales_Asteraceae_Eupatorium_capillifolium/6c05065b-da6b-4935-b801-63bc98bae99f.jpg,326,337,0,337,441,284,406,326,0.052276611328125,0.0428466796875,0.0301513671875,0.02777099609375,0.02734375,1,5,dogfennel,prairie dock,black willow,asparagus,American columbo,dogfennel
val/06787_Plantae_Tracheophyta_Magnoliopsida_Asterales_Asteraceae_Eupatorium_capillifolium/8b488d55-3cfb-4556-ade5-6a11bb0de399.jpg,326,337,0,337,483,284,326,406,0.04864501953125,0.046478271484375,0.0362548828125,0.0301971435546875,0.023284912109375,1,4,dogfennel,prairie dock,western horsenettle,asparagus,dogfennel,American columbo
val/06800_Plantae_Tracheophyta_Magnoliopsida_Asterales_Asteraceae_Gaillardia_aristata/b25eb7bb-39c7-49fd-a76d-db9e7d8a1d5b.jpg,327,384,0,384,341,32,327,40,0.07012939453125,0.049346923828125,0.04876708984375,0.045379638671875,0.039154052734375,1,4,great blanketflower,Red Heath,tree marigold,Jagged Ambush Bug,great blanketflower,Metallic Epauletted-Sweat Bee
val/06800_Plantae_Tracheophyta_Magnoliopsida_Asterales_Asteraceae_Gaillardia_aristata/5ccd905a-c2a7-4fac-a9ea-c4de214b5b8d.jpg,327,299,0,299,300,450,327,384,0.437744140625,0.1524658203125,0.11004638671875,0.10198974609375,0.054595947265625,1,4,great blanketflower,fire lily,Leopard Lily,red pagoda,great blanketflower,Red Heath
val/06800_Plantae_Tracheophyta_Magnoliopsida_Asterales_Asteraceae_Gaillardia_aristata/485170c9-795f-4b59-b31a-0f11de310da7.jpg,327,299,0,299,32,327,88,22,0.0767822265625,0.06787109375,0.06689453125,0.066650390625,0.04290771484375,1,3,great blanketflower,fire lily,Jagged Ambush Bug,great blanketflower,Julia Butterfly,Transverse-banded Flower Fly
val/06800_Plantae_Tracheophyta_Magnoliopsida_Asterales_Asteraceae_Gaillardia_aristata/3ce63eda-d822-452b-a1d2-d734901ad443.jpg,327,321,0,321,341,458,327,452,0.13134765625,0.10723876953125,0.08367919921875,0.07171630859375,0.06597900390625,1,4,great blanketflower,tickseed beggar-ticks,tree marigold,meadow buttercup,great blanketflower,Spring Adonis
val/06818_Plantae_Tracheophyta_Magnoliopsida_Asterales_Asteraceae_Helenium_amarum/7cf52beb-4bc5-46e9-bb61-e7273e84d397.jpg,328,321,0,321,452,458,328,438,0.142333984375,0.1396484375,0.119873046875,0.11260986328125,0.095947265625,1,4,Bitterweed,tickseed beggar-ticks,Spring Adonis,meadow buttercup,Bitterweed,Klamath weed
val/06843_Plantae_Tracheophyta_Magnoliopsida_Asterales_Asteraceae_Hymenopappus_artemisiifolius/ffdc120e-ea62-442f-9f26-aa539ef7577c.jpg,329,421,0,421,329,464,364,287,0.1922607421875,0.07537841796875,0.06610107421875,0.039031982421875,0.0262908935546875,1,2,Old Plainsman,Red Odontites,Old Plainsman,sand cherry,alpine bistort,Branched Asphodel
val/06843_Plantae_Tracheophyta_Magnoliopsida_Asterales_Asteraceae_Hymenopappus_artemisiifolius/8ca34149-7993-458c-86a7-2ed6ca6b3f8f.jpg,329,396,0,396,306,329,391,296,0.058319091796875,0.0545654296875,0.049072265625,0.044342041015625,0.041168212890625,1,3,Old Plainsman,white sweet clover,Dallis grass,Old Plainsman,longleaf phlox,Slender Ladies' Tresses
val/06843_Plantae_Tracheophyta_Magnoliopsida_Asterales_Asteraceae_Hymenopappus_artemisiifolius/c80fa810-5148-434c-a60e-1f356ce7a0ff.jpg,329,9,0,9,15,8,287,329,0.10595703125,0.084716796875,0.058746337890625,0.042572021484375,0.034637451171875,1,5,Old Plainsman,Spotted Longhorn,Oedemera femorata,Goldenrod Soldier Beetle,Branched Asphodel,Old Plainsman
val/06843_Plantae_Tracheophyta_Magnoliopsida_Asterales_Asteraceae_Hymenopappus_artemisiifolius/93b1f26c-f433-460f-bd1b-0a03317c6767.jpg,329,9,0,9,21,329,350,77,0.02618408203125,0.0246734619140625,0.024566650390625,0.0222625732421875,0.01861572265625,1,3,Old Plainsman,Spotted Longhorn,Yellow-shouldered Drone Fly,Old Plainsman,California shieldpod,Boisduval's Blue
val/06843_Plantae_Tracheophyta_Magnoliopsida_Asterales_Asteraceae_Hymenopappus_artemisiifolius/7a24dbf4-286e-47b3-9d74-56f3e2d39bbd.jpg,329,350,0,350,329,412,9,15,0.08587646484375,0.046844482421875,0.0298614501953125,0.024505615234375,0.022003173828125,1,2,Old Plainsman,California shieldpod,Old Plainsman,spotted horse mint,Spotted Longhorn,Oedemera femorata
val/06843_Plantae_Tracheophyta_Magnoliopsida_Asterales_Asteraceae_Hymenopappus_artemisiifolius/7b944769-0a7d-485b-bb94-05c6f235a46c.jpg,329,296,0,296,329,421,313,348,0.0728759765625,0.057769775390625,0.0523681640625,0.04461669921875,0.043853759765625,1,2,Old Plainsman,Slender Ladies' Tresses,Old Plainsman,Red Odontites,upright hedge-parsley,hairy bittercress
val/06843_Plantae_Tracheophyta_Magnoliopsida_Asterales_Asteraceae_Hymenopappus_artemisiifolius/955cffee-9bc3-4d5c-af11-3ac27bea4555.jpg,329,419,0,419,336,421,329,287,0.11334228515625,0.068359375,0.0653076171875,0.06475830078125,0.0484619140625,1,4,Old Plainsman,Purple paintbrush,Woad-leaved ragwort,Red Odontites,Old Plainsman,Branched Asphodel
val/06874_Plantae_Tracheophyta_Magnoliopsida_Asterales_Asteraceae_Leucanthemum_vulgare/ed6d8164-dba2-4679-ac5c-6bd71e0091cf.jpg,330,337,0,337,326,483,330,452,0.048309326171875,0.040313720703125,0.039215087890625,0.0390625,0.027679443359375,1,4,oxeye daisy,prairie dock,dogfennel,western horsenettle,oxeye daisy,Spring Adonis
val/06874_Plantae_Tracheophyta_Magnoliopsida_Asterales_Asteraceae_Leucanthemum_vulgare/94d4821f-6eaa-4ec0-a03b-3b5cecc7658f.jpg,330,334,0,334,330,328,458,321,0.21533203125,0.2095947265625,0.086669921875,0.077392578125,0.076171875,1,2,oxeye daisy,Great Plains Ragwort,oxeye daisy,Bitterweed,meadow buttercup,tickseed beggar-ticks
val/06874_Plantae_Tracheophyta_Magnoliopsida_Asterales_Asteraceae_Leucanthemum_vulgare/b62d4448-471e-44ed-aae6-1620e4f9f5db.jpg,330,453,0,453,346,361,330,483,0.1702880859375,0.10113525390625,0.0684814453125,0.06781005859375,0.039031982421875,1,4,oxeye daisy,meadow anemone,water forget-me-not,lesser stitchwort,oxeye daisy,western horsenettle
val/06901_Plantae_Tracheophyta_Magnoliopsida_Asterales_Asteraceae_Nabalus_albus/b1595c60-342f-47ac-9f75-848c7c2e269f.jpg,332,302,0,302,332,378,446,482,0.07855224609375,0.05126953125,0.048309326171875,0.04473876953125,0.0338134765625,1,2,white rattlesnakeroot,painted trillium,white rattlesnakeroot,mapleleaf viburnum,rose evening primrose,Obscure Morning Glory
val/06901_Plantae_Tracheophyta_Magnoliopsida_Asterales_Asteraceae_Nabalus_albus/fc09162a-29c9-4b81-ac83-49db8ebb8d0e.jpg,332,499,0,499,332,349,315,378,0.11224365234375,0.09051513671875,0.0855712890625,0.05169677734375,0.040496826171875,1,2,white rattlesnakeroot,broad beech fern,white rattlesnakeroot,narrow-leaved bittercress,dwarf ginseng,mapleleaf viburnum
val/06901_Plantae_Tracheophyta_Magnoliopsida_Asterales_Asteraceae_Nabalus_albus/ff04e571-285f-4af6-8293-59d55f5198b6.jpg,332,378,0,378,315,366,332,462,0.10589599609375,0.09716796875,0.09039306640625,0.054931640625,0.046905517578125,1,4,white rattlesnakeroot,mapleleaf viburnum,dwarf ginseng,Fringed Bindweed,white rattlesnakeroot,dwarf cinquefoil
val/06901_Plantae_Tracheophyta_Magnoliopsida_Asterales_Asteraceae_Nabalus_albus/89a89d3a-68fb-4687-a23f-3ed30024c62a.jpg,332,415,0,415,446,412,332,8,0.047515869140625,0.045440673828125,0.03997802734375,0.03973388671875,0.032073974609375,1,4,white rattlesnakeroot,Marsh Woundwort,rose evening primrose,spotted horse mint,white rattlesnakeroot,Goldenrod Soldier Beetle
val/06912_Plantae_Tracheophyta_Magnoliopsida_Asterales_Asteraceae_Ozothamnus_leptophyllus/bb883278-8490-4016-a6a1-1211cf1ad108.jpg,333,383,0,383,333,319,278,253,0.10858154296875,0.09649658203125,0.0738525390625,0.0526123046875,0.0501708984375,1,2,Tauhinu,Inaka,Tauhinu,common burrobrush,Flat-leaved Scalewort,California Cone
val/06912_Plantae_Tracheophyta_Magnoliopsida_Asterales_Asteraceae_Ozothamnus_leptophyllus/81d0e719-9e4e-4457-820e-8c855454f9b6.jpg,333,354,0,354,387,333,380,463,0.1131591796875,0.08917236328125,0.08544921875,0.040130615234375,0.039398193359375,1,3,Tauhinu,Strawberry Cactus,Prickly mingimingi,Tauhinu,Big Berry Manzanita,desert almond
val/06912_Plantae_Tracheophyta_Magnoliopsida_Asterales_Asteraceae_Ozothamnus_leptophyllus/67cfe984-21dd-468c-9499-fa4105cf946f.jpg,333,279,0,279,319,323,333,474,0.23486328125,0.06915283203125,0.06573486328125,0.059661865234375,0.04052734375,1,4,Tauhinu,longleaf ephedra,common burrobrush,narrow-leaved hawksbeard,Tauhinu,elephant tree
val/06912_Plantae_Tracheophyta_Magnoliopsida_Asterales_Asteraceae_Ozothamnus_leptophyllus/07b2aa35-db6f-4cd0-8032-34bcd7169991.jpg,333,463,0,463,333,278,387,144,0.058135986328125,0.03619384765625,0.032196044921875,0.031036376953125,0.0305633544921875,1,2,Tauhinu,desert almond,Tauhinu,Flat-leaved Scalewort,Prickly mingimingi,Green Salamander
val/06918_Plantae_Tracheophyta_Magnoliopsida_Asterales_Asteraceae_Packera_tampicana/5837d403-d94e-4b27-8484-65fe194ea5fc.jpg,334,321,0,321,334,340,483,443,0.08856201171875,0.0751953125,0.069091796875,0.05316162109375,0.048980712890625,1,2,Great Plains Ragwort,tickseed beggar-ticks,Great Plains Ragwort,common dandelion,western horsenettle,velvetleaf
val/06918_Plantae_Tracheophyta_Magnoliopsida_Asterales_Asteraceae_Packera_tampicana/0331cbc8-fcb1-4f72-9a13-a4ee86746098.jpg,334,452,0,452,328,401,334,321,0.16650390625,0.151611328125,0.128173828125,0.1148681640625,0.080322265625,1,4,Great Plains Ragwort,Spring Adonis,Bitterweed,Yellow milkwort,Great Plains Ragwort,tickseed beggar-ticks
val/06918_Plantae_Tracheophyta_Magnoliopsida_Asterales_Asteraceae_Packera_tampicana/0f981a1a-bcc6-430e-ab3b-7e78c1558c48.jpg,334,428,0,428,334,429,458,278,0.1397705078125,0.07427978515625,0.050140380859375,0.04345703125,0.0426025390625,1,2,Great Plains Ragwort,Dark Mullein,Great Plains Ragwort,Wand Mullein,meadow buttercup,Flat-leaved Scalewort
val/06918_Plantae_Tracheophyta_Magnoliopsida_Asterales_Asteraceae_Packera_tampicana/bfd91be0-8f14-4840-9463-3c105bf39e89.jpg,334,321,0,321,328,334,438,327,0.1533203125,0.1463623046875,0.12274169921875,0.0814208984375,0.0814208984375,1,3,Great Plains Ragwort,tickseed beggar-ticks,Bitterweed,Great Plains Ragwort,Klamath weed,great blanketflower
val/06918_Plantae_Tracheophyta_Magnoliopsida_Asterales_Asteraceae_Packera_tampicana/83206b38-8c51-4e8b-b388-d64f2907160f.jpg,334,438,0,438,374,334,321,401,0.149658203125,0.09912109375,0.09112548828125,0.06396484375,0.061187744140625,1,3,Great Plains Ragwort,Klamath weed,Streambank Stickleaf,Great Plains Ragwort,tickseed beggar-ticks,Yellow milkwort
val/06918_Plantae_Tracheophyta_Magnoliopsida_Asterales_Asteraceae_Packera_tampicana/9c149cfc-9ac4-4aa8-8e6d-e93b94ba0a9b.jpg,334,400,0,400,334,401,452,328,0.260009765625,0.1971435546875,0.09832763671875,0.078857421875,0.051422119140625,1,2,Great Plains Ragwort,candyroot,Great Plains Ragwort,Yellow milkwort,Spring Adonis,Bitterweed
val/06948_Plantae_Tracheophyta_Magnoliopsida_Asterales_Asteraceae_Polymnia_canadensis/fdfb6d48-2569-445b-b20a-a4cd9d0d8e1a.jpg,335,424,0,424,378,335,470,480,0.09564208984375,0.09124755859375,0.058807373046875,0.046600341796875,0.038482666015625,1,3,leafcup,American lopseed,mapleleaf viburnum,leafcup,Canadian wood nettle,youth on age
val/06948_Plantae_Tracheophyta_Magnoliopsida_Asterales_Asteraceae_Polymnia_canadensis/1e0d9a75-1cce-40d4-bec7-cd597c478a62.jpg,335,434,0,434,470,411,335,471,0.057769775390625,0.041046142578125,0.039154052734375,0.035888671875,0.03387451171875,1,4,leafcup,common copperleaf,Canadian wood nettle,lemon balm,leafcup,Dwarf Nettle
val/06948_Plantae_Tracheophyta_Magnoliopsida_Asterales_Asteraceae_Polymnia_canadensis/651ec757-e519-4a19-92fe-9a10c2f9679b.jpg,335,433,0,433,459,470,335,378,0.045989990234375,0.043975830078125,0.04388427734375,0.03375244140625,0.030975341796875,1,4,leafcup,umbrella magnolia,Korean mulberry,Canadian wood nettle,leafcup,mapleleaf viburnum
val/06948_Plantae_Tracheophyta_Magnoliopsida_Asterales_Asteraceae_Polymnia_canadensis/ee86de53-702b-4b64-ba8e-52fcec4b3914.jpg,335,349,0,349,378,499,335,460,0.047515869140625,0.04217529296875,0.0401611328125,0.036376953125,0.0301666259765625,1,4,leafcup,narrow-leaved bittercress,mapleleaf viburnum,broad beech fern,leafcup,parsley hawthorn
val/06972_Plantae_Tracheophyta_Magnoliopsida_Asterales_Asteraceae_Senecio_glastifolius/6616f87a-97fe-4a34-aacc-85f4fa2a4d65.jpg,336,381,0,381,421,336,386,360,0.0987548828125,0.07879638671875,0.0469970703125,0.04437255859375,0.044342041015625,1,3,Woad-leaved ragwort,common heather,Red Odontites,Woad-leaved ragwort,alpine azalea,ragged-Robin
val/06972_Plantae_Tracheophyta_Magnoliopsida_Asterales_Asteraceae_Senecio_glastifolius/3df4c50e-b693-4343-84d5-456bb09562a9.jpg,336,483,0,483,336,430,22,289,0.463134765625,0.2054443359375,0.154541015625,0.033294677734375,0.032257080078125,1,2,Woad-leaved ragwort,western horsenettle,Woad-leaved ragwort,golden dewdrop,Transverse-banded Flower Fly,Spring Crocus
val/06972_Plantae_Tracheophyta_Magnoliopsida_Asterales_Asteraceae_Senecio_glastifolius/48e77fdf-3c38-4173-b9b3-796cea7c5ec9.jpg,336,483,0,483,336,330,430,450,0.2469482421875,0.172119140625,0.1478271484375,0.0965576171875,0.05511474609375,1,2,Woad-leaved ragwort,western horsenettle,Woad-leaved ragwort,oxeye daisy,golden dewdrop,red pagoda
val/06972_Plantae_Tracheophyta_Magnoliopsida_Asterales_Asteraceae_Senecio_glastifolius/5db4496f-6a84-4f56-bb72-354a17853ccc.jpg,336,416,0,416,336,419,381,360,0.1571044921875,0.0982666015625,0.09136962890625,0.07342529296875,0.054229736328125,1,2,Woad-leaved ragwort,woolly blue curls,Woad-leaved ragwort,Purple paintbrush,common heather,ragged-Robin
val/06990_Plantae_Tracheophyta_Magnoliopsida_Asterales_Asteraceae_Silphium_terebinthinaceum/a1d22900-f876-4c6b-aee1-21ed08be04a2.jpg,337,361,0,361,440,337,453,445,0.05419921875,0.046417236328125,0.032012939453125,0.031524658203125,0.0287017822265625,1,3,prairie dock,lesser stitchwort,Grey Willow,prairie dock,meadow anemone,Cherry Tree
val/06990_Plantae_Tracheophyta_Magnoliopsida_Asterales_Asteraceae_Silphium_terebinthinaceum/43eecd0f-86f1-41b6-8a4e-7771b1fd4b37.jpg,337,483,0,483,337,359,443,471,0.0684814453125,0.06463623046875,0.033477783203125,0.02227783203125,0.02117919921875,1,2,prairie dock,western horsenettle,prairie dock,Sea Sandwort,velvetleaf,Dwarf Nettle
val/06990_Plantae_Tracheophyta_Magnoliopsida_Asterales_Asteraceae_Silphium_terebinthinaceum/11c31f42-6878-4389-82f5-be9e8dce9996.jpg,337,305,0,305,383,452,382,337,0.085693359375,0.0823974609375,0.05047607421875,0.04632568359375,0.039581298828125,1,5,prairie dock,common three-square,Inaka,Spring Adonis,sand heath,prairie dock
val/07005_Plantae_Tracheophyta_Magnoliopsida_Asterales_Asteraceae_Solidago_rugosa/2c5b1295-9d2a-4fee-adf4-a4ff3213db56.jpg,338,438,0,438,428,321,338,458,0.2115478515625,0.0946044921875,0.083984375,0.062042236328125,0.059539794921875,1,4,common wrinkle-leaved goldenrod,Klamath weed,Dark Mullein,tickseed beggar-ticks,common wrinkle-leaved goldenrod,meadow buttercup
val/07005_Plantae_Tracheophyta_Magnoliopsida_Asterales_Asteraceae_Solidago_rugosa/d7e3ffca-316a-415a-b3c8-92ec9747e6a3.jpg,338,399,0,399,338,359,394,393,0.20947265625,0.1519775390625,0.10107421875,0.06500244140625,0.04449462890625,1,2,common wrinkle-leaved goldenrod,California goldenbanner,common wrinkle-leaved goldenrod,Sea Sandwort,longleaf wattle,Taiwan Acacia
val/07005_Plantae_Tracheophyta_Magnoliopsida_Asterales_Asteraceae_Solidago_rugosa/dc5d726b-1d11-4b4b-99b9-bd6a2e5a0f57.jpg,338,399,0,399,376,338,438,428,0.24658203125,0.16748046875,0.10772705078125,0.07464599609375,0.0687255859375,1,3,common wrinkle-leaved goldenrod,California goldenbanner,squirting cucumber,common wrinkle-leaved goldenrod,Klamath weed,Dark Mullein
val/07047_Plantae_Tracheophyta_Magnoliopsida_Asterales_Asteraceae_Tithonia_tubaeformis/93de8571-34d5-451f-a5ee-3ff19628ab6f.jpg,341,321,0,321,341,328,458,327,0.2418212890625,0.1400146484375,0.0726318359375,0.0472412109375,0.044952392578125,1,2,tree marigold,tickseed beggar-ticks,tree marigold,Bitterweed,meadow buttercup,great blanketflower
val/07047_Plantae_Tracheophyta_Magnoliopsida_Asterales_Asteraceae_Tithonia_tubaeformis/c07d073f-dff6-4e42-afd7-f5d13c69f3e5.jpg,341,323,0,323,341,429,330,395,0.0802001953125,0.06585693359375,0.06463623046875,0.03375244140625,0.033172607421875,1,2,tree marigold,narrow-leaved hawksbeard,tree marigold,Wand Mullein,oxeye daisy,Scotch Broom
val/07047_Plantae_Tracheophyta_Magnoliopsida_Asterales_Asteraceae_Tithonia_tubaeformis/ce4fb66d-4b91-4c8f-9344-3ed90f0c77d8.jpg,341,327,0,327,341,321,334,458,0.265625,0.13623046875,0.107177734375,0.07366943359375,0.05560302734375,1,2,tree marigold,great blanketflower,tree marigold,tickseed beggar-ticks,Great Plains Ragwort,meadow buttercup
val/07047_Plantae_Tracheophyta_Magnoliopsida_Asterales_Asteraceae_Tithonia_tubaeformis/621f847c-e40b-4f79-870f-c61a699fdd4b.jpg,341,327,0,327,341,22,328,321,0.220458984375,0.08941650390625,0.08013916015625,0.07086181640625,0.0687255859375,1,2,tree marigold,great blanketflower,tree marigold,Transverse-banded Flower Fly,Bitterweed,tickseed beggar-ticks
val/07047_Plantae_Tracheophyta_Magnoliopsida_Asterales_Asteraceae_Tithonia_tubaeformis/fa61ee01-9121-4d21-8682-01171d254b73.jpg,341,270,0,270,374,341,269,267,0.313232421875,0.1109619140625,0.07257080078125,0.04705810546875,0.0380859375,1,3,tree marigold,Scaly Chanterelle,Streambank Stickleaf,tree marigold,Peppery Bolete,Lichen Agaric
val/07092_Plantae_Tracheophyta_Magnoliopsida_Asterales_Campanulaceae_Campanula_prenanthoides/1c72cf38-6601-4c8f-8da6-ba6670c39ef3.jpg,342,296,0,296,342,424,313,346,0.10906982421875,0.10906982421875,0.06573486328125,0.045806884765625,0.042877197265625,1,2,California Harebell,Slender Ladies' Tresses,California Harebell,American lopseed,upright hedge-parsley,water forget-me-not
val/07092_Plantae_Tracheophyta_Magnoliopsida_Asterales_Campanulaceae_Campanula_prenanthoides/b69ef00e-dc04-481b-88f9-b262bc5631ed.jpg,342,455,0,455,425,454,342,290,0.0989990234375,0.09210205078125,0.07708740234375,0.0701904296875,0.060028076171875,1,4,California Harebell,Swamp Leather Flower,American brooklime,common columbine,California Harebell,Red Helleborine
val/07092_Plantae_Tracheophyta_Magnoliopsida_Asterales_Campanulaceae_Campanula_prenanthoides/d6f7be20-088c-44e4-a744-ce538f43bd8d.jpg,342,348,0,348,342,329,275,296,0.049591064453125,0.044403076171875,0.036407470703125,0.024993896484375,0.02191162109375,1,2,California Harebell,hairy bittercress,California Harebell,Old Plainsman,fan moss,Slender Ladies' Tresses
val/07100_Plantae_Tracheophyta_Magnoliopsida_Asterales_Campanulaceae_Jasione_montana/3c7351c9-396b-4509-ba58-634391a41bcb.jpg,343,414,0,414,343,427,363,344,0.1436767578125,0.08697509765625,0.08544921875,0.08251953125,0.07293701171875,1,2,Sheep's-bit,chia,Sheep's-bit,Butterfly bush,Perez's sea lavender,Salvation Jane
val/07100_Plantae_Tracheophyta_Magnoliopsida_Asterales_Campanulaceae_Jasione_montana/9373335e-740e-4529-a100-3a16f3807b55.jpg,343,307,0,307,347,343,455,309,0.0634765625,0.0523681640625,0.0406494140625,0.0295562744140625,0.0247802734375,1,3,Sheep's-bit,Annual Meadow-grass,European Searocket,Sheep's-bit,Swamp Leather Flower,Saint Augustine grass
val/07100_Plantae_Tracheophyta_Magnoliopsida_Asterales_Campanulaceae_Jasione_montana/e966be25-d472-4450-b9cc-1bd68f7f175f.jpg,343,286,0,286,409,343,426,410,0.10577392578125,0.08526611328125,0.074462890625,0.05511474609375,0.047698974609375,1,3,Sheep's-bit,Grape hyacinth,Blue Bugle,Sheep's-bit,Slender speedwell,carpet bugle
val/07100_Plantae_Tracheophyta_Magnoliopsida_Asterales_Campanulaceae_Jasione_montana/74f9755e-7adc-4c17-b66d-e3a512454ea4.jpg,343,34,0,34,76,285,70,343,0.04205322265625,0.03814697265625,0.03350830078125,0.0293121337890625,0.029266357421875,1,5,Sheep's-bit,Southern Carpenter Bee,Mazarine Blue,small camas,European Skipper,Sheep's-bit
val/07100_Plantae_Tracheophyta_Magnoliopsida_Asterales_Campanulaceae_Jasione_montana/4e6dfb26-096f-418e-abb4-9c93b04cfea5.jpg,343,389,0,389,343,362,381,391,0.053375244140625,0.04742431640625,0.04193115234375,0.037384033203125,0.036712646484375,1,2,Sheep's-bit,flaxflowered ipomopsis,Sheep's-bit,Small-leaved Blinks,common heather,longleaf phlox
val/07100_Plantae_Tracheophyta_Magnoliopsida_Asterales_Campanulaceae_Jasione_montana/49b5abac-38a1-4b1a-985b-8fb0e02030cb.jpg,343,286,0,286,343,409,426,455,0.11767578125,0.10797119140625,0.06158447265625,0.056243896484375,0.048004150390625,1,2,Sheep's-bit,Grape hyacinth,Sheep's-bit,Blue Bugle,Slender speedwell,Swamp Leather Flower
val/07100_Plantae_Tracheophyta_Magnoliopsida_Asterales_Campanulaceae_Jasione_montana/c54ec718-d817-45d2-af15-bdf8eb77713e.jpg,343,285,0,285,286,343,409,457,0.2335205078125,0.08026123046875,0.078369140625,0.055511474609375,0.0307464599609375,1,3,Sheep's-bit,small camas,Grape hyacinth,Sheep's-bit,Blue Bugle,eastern pasqueflower
val/07100_Plantae_Tracheophyta_Magnoliopsida_Asterales_Campanulaceae_Jasione_montana/f13bef96-cd30-4fd3-8527-d9db4e4d42a0.jpg,343,426,0,426,455,343,389,290,0.10223388671875,0.074951171875,0.0670166015625,0.058135986328125,0.04302978515625,1,3,Sheep's-bit,Slender speedwell,Swamp Leather Flower,Sheep's-bit,flaxflowered ipomopsis,Red Helleborine
val/07139_Plantae_Tracheophyta_Magnoliopsida_Boraginales_Boraginaceae_Echium_plantagineum/78414908-5ab2-417a-b251-20fa8ccd293d.jpg,344,415,0,415,483,431,322,344,0.10858154296875,0.07025146484375,0.061767578125,0.04852294921875,0.046112060546875,1,5,Salvation Jane,Marsh Woundwort,western horsenettle,Dakota mock vervain,Texas Thistle,Salvation Jane
val/07172_Plantae_Tracheophyta_Magnoliopsida_Boraginales_Boraginaceae_Myosotis_latifolia/4d23a0c0-5d2a-4c1d-a9a8-642f35361016.jpg,345,346,0,346,345,426,425,342,0.365478515625,0.3125,0.12432861328125,0.05792236328125,0.0340576171875,1,2,broadleaf forget-me-not,water forget-me-not,broadleaf forget-me-not,Slender speedwell,American brooklime,California Harebell
val/07172_Plantae_Tracheophyta_Magnoliopsida_Boraginales_Boraginaceae_Myosotis_latifolia/a3150240-8cfd-4c51-84b4-a9213c503be4.jpg,345,425,0,425,345,410,485,388,0.099853515625,0.071533203125,0.049041748046875,0.035430908203125,0.0250091552734375,1,2,broadleaf forget-me-not,American brooklime,broadleaf forget-me-not,carpet bugle,Porcelain Berry,black huckleberry
val/07172_Plantae_Tracheophyta_Magnoliopsida_Boraginales_Boraginaceae_Myosotis_latifolia/26415065-9622-4e3a-92e7-2b41de4c7848.jpg,345,346,0,346,345,426,430,483,0.630859375,0.288818359375,0.02484130859375,0.00762176513671875,0.006954193115234375,1,2,broadleaf forget-me-not,water forget-me-not,broadleaf forget-me-not,Slender speedwell,golden dewdrop,western horsenettle
val/07172_Plantae_Tracheophyta_Magnoliopsida_Boraginales_Boraginaceae_Myosotis_latifolia/7c56b6b6-a120-4b63-b335-090867cb5932.jpg,345,342,0,342,424,345,425,346,0.140625,0.1116943359375,0.0654296875,0.06402587890625,0.04541015625,1,3,broadleaf forget-me-not,California Harebell,American lopseed,broadleaf forget-me-not,American brooklime,water forget-me-not
val/07173_Plantae_Tracheophyta_Magnoliopsida_Boraginales_Boraginaceae_Myosotis_scorpioides/b30fe6a4-605f-4655-a2ed-51922fe8e398.jpg,346,345,0,345,346,425,433,460,0.1802978515625,0.12188720703125,0.0209197998046875,0.0183868408203125,0.0181121826171875,1,2,water forget-me-not,broadleaf forget-me-not,water forget-me-not,American brooklime,umbrella magnolia,parsley hawthorn
val/07173_Plantae_Tracheophyta_Magnoliopsida_Boraginales_Boraginaceae_Myosotis_scorpioides/7b8fbbf5-5729-4353-bf5f-ab7d07a71645.jpg,346,359,0,359,352,440,346,441,0.045654296875,0.031829833984375,0.0297088623046875,0.0282745361328125,0.0247344970703125,1,4,water forget-me-not,Sea Sandwort,Mexican tea,Grey Willow,water forget-me-not,black willow
val/07173_Plantae_Tracheophyta_Magnoliopsida_Boraginales_Boraginaceae_Myosotis_scorpioides/6f4619f4-4d09-471a-bf08-66e7f6f6d8d1.jpg,346,426,0,426,345,346,347,430,0.546875,0.25341796875,0.1414794921875,0.00994110107421875,0.0097808837890625,1,3,water forget-me-not,Slender speedwell,broadleaf forget-me-not,water forget-me-not,European Searocket,golden dewdrop
val/07173_Plantae_Tracheophyta_Magnoliopsida_Boraginales_Boraginaceae_Myosotis_scorpioides/9831189a-76a4-4dd4-8aea-4a88b1a81655.jpg,346,345,0,345,453,331,346,361,0.109130859375,0.05096435546875,0.038116455078125,0.036102294921875,0.0260162353515625,1,4,water forget-me-not,broadleaf forget-me-not,meadow anemone,Snow Squarestem,water forget-me-not,lesser stitchwort
val/07173_Plantae_Tracheophyta_Magnoliopsida_Boraginales_Boraginaceae_Myosotis_scorpioides/073987be-d690-4830-9d31-e8a20f81b896.jpg,346,453,0,453,331,346,335,433,0.06793212890625,0.0390625,0.037750244140625,0.0291595458984375,0.026397705078125,1,3,water forget-me-not,meadow anemone,Snow Squarestem,water forget-me-not,leafcup,umbrella magnolia
val/07226_Plantae_Tracheophyta_Magnoliopsida_Brassicales_Brassicaceae_Cakile_maritima/b23fc51e-35d0-40e4-964a-4eb677c1ed46.jpg,347,391,0,391,389,416,347,281,0.0748291015625,0.07281494140625,0.042938232421875,0.0287933349609375,0.0232696533203125,1,4,European Searocket,longleaf phlox,flaxflowered ipomopsis,woolly blue curls,European Searocket,nodding onion
val/07237_Plantae_Tracheophyta_Magnoliopsida_Brassicales_Brassicaceae_Cardamine_impatiens/bfc56ee0-58ba-41c6-afcc-0e13e8f73a93.jpg,349,276,0,276,349,346,352,307,0.0770263671875,0.049652099609375,0.03216552734375,0.02880859375,0.026458740234375,1,2,narrow-leaved bittercress,delicate fern moss,narrow-leaved bittercress,water forget-me-not,Mexican tea,Annual Meadow-grass
val/07246_Plantae_Tracheophyta_Magnoliopsida_Brassicales_Brassicaceae_Dithyrea_californica/eaf67d02-4a7e-4687-9753-3d580c437b4b.jpg,350,371,0,371,347,350,158,359,0.04449462890625,0.03729248046875,0.032928466796875,0.030731201171875,0.029266357421875,1,3,California shieldpod,canaigre dock,European Searocket,California shieldpod,Crowned Lapwing,Sea Sandwort
val/07299_Plantae_Tracheophyta_Magnoliopsida_Canellales_Winteraceae_Pseudowintera_colorata/701ed66e-162d-4d35-99c8-822be4db63a3.jpg,351,405,0,405,380,261,297,351,0.060943603515625,0.0289764404296875,0.0287628173828125,0.023406982421875,0.0233917236328125,1,5,Mountain Horopito,Coast silk tassel,Big Berry Manzanita,scaly pelt lichen,giant white fawn lily,Mountain Horopito
val/07327_Plantae_Tracheophyta_Magnoliopsida_Caryophyllales_Amaranthaceae_Dysphania_ambrosioides/2853b63c-18b9-4ba7-887c-25a27a97c7e4.jpg,352,307,0,307,359,347,324,352,0.0263824462890625,0.02490234375,0.0226593017578125,0.0160980224609375,0.01568603515625,1,5,Mexican tea,Annual Meadow-grass,Sea Sandwort,European Searocket,tropical horseweed,Mexican tea
val/07327_Plantae_Tracheophyta_Magnoliopsida_Caryophyllales_Amaranthaceae_Dysphania_ambrosioides/5fc9c4af-9caf-47a4-8332-bfa6c2d7bc46.jpg,352,283,0,283,359,352,416,245,0.02813720703125,0.0269927978515625,0.0242919921875,0.0189208984375,0.0185089111328125,1,3,Mexican tea,Spiny Asparagus,Sea Sandwort,Mexican tea,woolly blue curls,Mole Snake
val/07327_Plantae_Tracheophyta_Magnoliopsida_Caryophyllales_Amaranthaceae_Dysphania_ambrosioides/146caa57-8f83-444c-82ed-8dbce1be1b2e.jpg,352,349,0,349,307,276,352,497,0.083984375,0.05255126953125,0.035614013671875,0.029266357421875,0.025238037109375,1,4,Mexican tea,narrow-leaved bittercress,Annual Meadow-grass,delicate fern moss,Mexican tea,hay-scented fern
val/07327_Plantae_Tracheophyta_Magnoliopsida_Caryophyllales_Amaranthaceae_Dysphania_ambrosioides/22342231-99ab-4f22-aec5-0a45739264a8.jpg,352,329,0,329,352,435,471,320,0.043365478515625,0.0299835205078125,0.023468017578125,0.0205078125,0.01806640625,1,2,Mexican tea,Old Plainsman,Mexican tea,Tropic Croton,Dwarf Nettle,common mugwort
val/07339_Plantae_Tracheophyta_Magnoliopsida_Caryophyllales_Basellaceae_Anredera_cordifolia/121944e5-77a0-4b0d-b82f-29c425df1de8.jpg,353,405,0,405,447,353,314,408,0.05029296875,0.037078857421875,0.024200439453125,0.0236053466796875,0.02325439453125,1,3,Mignonette vine,Coast silk tassel,Wineberry,Mignonette vine,Japanese aralia,Kanono
val/07364_Plantae_Tracheophyta_Magnoliopsida_Caryophyllales_Cactaceae_Echinocereus_enneacanthus/41243c49-cf55-489e-ade2-c9a3eb06f7fe.jpg,354,356,0,356,354,357,355,358,0.376220703125,0.17431640625,0.075439453125,0.0706787109375,0.047119140625,1,2,Strawberry Cactus,strawberry hedgehog cactus,Strawberry Cactus,viviparous foxtail cactus,Spiny Hedgehog Cactus,California barrel cactus
val/07364_Plantae_Tracheophyta_Magnoliopsida_Caryophyllales_Cactaceae_Echinocereus_enneacanthus/4d7689d2-9f30-4944-8154-b62d34d69a42.jpg,354,223,0,223,226,354,245,246,0.033355712890625,0.030517578125,0.02490234375,0.022613525390625,0.021820068359375,1,3,Strawberry Cactus,Gray Wolf,Hooded Skunk,Strawberry Cactus,Mole Snake,Great Plains Skink
val/07364_Plantae_Tracheophyta_Magnoliopsida_Caryophyllales_Cactaceae_Echinocereus_enneacanthus/b43c8188-e792-464b-a47b-289f25ad26a0.jpg,354,356,0,356,354,419,486,444,0.6181640625,0.149169921875,0.11083984375,0.05487060546875,0.049163818359375,1,2,Strawberry Cactus,strawberry hedgehog cactus,Strawberry Cactus,Purple paintbrush,Pima Rhatany,Island Mallow
val/07364_Plantae_Tracheophyta_Magnoliopsida_Caryophyllales_Cactaceae_Echinocereus_enneacanthus/67c24730-e9b7-4f1e-bedb-9f845f8b43a4.jpg,354,356,0,356,354,357,463,319,0.1893310546875,0.17578125,0.0460205078125,0.022125244140625,0.0220794677734375,1,2,Strawberry Cactus,strawberry hedgehog cactus,Strawberry Cactus,viviparous foxtail cactus,desert almond,common burrobrush
val/07364_Plantae_Tracheophyta_Magnoliopsida_Caryophyllales_Cactaceae_Echinocereus_enneacanthus/0004abb9-2f35-4fb2-8655-71a92f201dd2.jpg,354,319,0,319,354,356,245,463,0.06158447265625,0.057159423828125,0.02099609375,0.020416259765625,0.017791748046875,1,2,Strawberry Cactus,common burrobrush,Strawberry Cactus,strawberry hedgehog cactus,Mole Snake,desert almond
val/07366_Plantae_Tracheophyta_Magnoliopsida_Caryophyllales_Cactaceae_Echinocereus_pectinatus/c6e55118-9ebe-46a8-9a2c-0eb34ea5520f.jpg,355,358,0,358,47,355,357,158,0.09375,0.0531005859375,0.04949951171875,0.039520263671875,0.032928466796875,1,3,Spiny Hedgehog Cactus,California barrel cactus,Volupial Pyrausta Moth,Spiny Hedgehog Cactus,viviparous foxtail cactus,Crowned Lapwing
val/07366_Plantae_Tracheophyta_Magnoliopsida_Caryophyllales_Cactaceae_Echinocereus_pectinatus/3a890860-b288-4407-9c30-5fa800e568c2.jpg,355,356,0,356,354,357,243,355,0.049041748046875,0.04052734375,0.033203125,0.0229949951171875,0.0216522216796875,1,5,Spiny Hedgehog Cactus,strawberry hedgehog cactus,Strawberry Cactus,viviparous foxtail cactus,Texas Coralsnake,Spiny Hedgehog Cactus
val/07366_Plantae_Tracheophyta_Magnoliopsida_Caryophyllales_Cactaceae_Echinocereus_pectinatus/62d3e415-e14c-4041-90af-2d0233528f00.jpg,355,260,0,260,363,457,355,249,0.0806884765625,0.0545654296875,0.018707275390625,0.0180206298828125,0.017608642578125,1,4,Spiny Hedgehog Cactus,Lined Chiton,Perez's sea lavender,eastern pasqueflower,Spiny Hedgehog Cactus,Beadlet anemone
val/07366_Plantae_Tracheophyta_Magnoliopsida_Caryophyllales_Cactaceae_Echinocereus_pectinatus/88edba2e-7d49-4fdf-9456-d28df6f6bbc8.jpg,355,246,0,246,355,224,65,240,0.044281005859375,0.040069580078125,0.031158447265625,0.0265960693359375,0.0242767333984375,1,2,Spiny Hedgehog Cactus,Great Plains Skink,Spiny Hedgehog Cactus,Culpeo,Juvenal's Duskywing,Flat-headed Snake
val/07371_Plantae_Tracheophyta_Magnoliopsida_Caryophyllales_Cactaceae_Echinocereus_stramineus/5bda1260-b8eb-4516-829f-d4dacd202069.jpg,356,279,0,279,383,354,319,356,0.18896484375,0.1632080078125,0.106201171875,0.07818603515625,0.06427001953125,1,5,strawberry hedgehog cactus,longleaf ephedra,Inaka,Strawberry Cactus,common burrobrush,strawberry hedgehog cactus
val/07371_Plantae_Tracheophyta_Magnoliopsida_Caryophyllales_Cactaceae_Echinocereus_stramineus/5685cc17-58a0-4d51-9e46-f8134a7e60ca.jpg,356,354,0,354,356,357,419,444,0.5859375,0.339111328125,0.024322509765625,0.0155792236328125,0.004291534423828125,1,2,strawberry hedgehog cactus,Strawberry Cactus,strawberry hedgehog cactus,viviparous foxtail cactus,Purple paintbrush,Island Mallow
val/07371_Plantae_Tracheophyta_Magnoliopsida_Caryophyllales_Cactaceae_Echinocereus_stramineus/0450c1fc-f33f-42d2-81f6-37832f4618f6.jpg,356,419,0,419,444,422,486,356,0.79052734375,0.0712890625,0.0706787109375,0.0254058837890625,0.01666259765625,1,5,strawberry hedgehog cactus,Purple paintbrush,Island Mallow,Indian Warrior,Pima Rhatany,strawberry hedgehog cactus
val/07375_Plantae_Tracheophyta_Magnoliopsida_Caryophyllales_Cactaceae_Escobaria_vivipara/b7867e28-4533-49d4-9e0f-4c7617fe609b.jpg,357,419,0,419,356,322,372,357,0.287841796875,0.125244140625,0.10845947265625,0.10614013671875,0.06298828125,1,5,viviparous foxtail cactus,Purple paintbrush,strawberry hedgehog cactus,Texas Thistle,crucifixion thorn,viviparous foxtail cactus
val/07375_Plantae_Tracheophyta_Magnoliopsida_Caryophyllales_Cactaceae_Escobaria_vivipara/c60c8dbe-b020-45d7-85c4-4653547682bf.jpg,357,413,0,413,392,357,348,407,0.040985107421875,0.03173828125,0.02642822265625,0.0247039794921875,0.0225982666015625,1,3,viviparous foxtail cactus,white sage,pygmy-flower rock-jasmine,viviparous foxtail cactus,hairy bittercress,Coprosma dumosa
val/07376_Plantae_Tracheophyta_Magnoliopsida_Caryophyllales_Cactaceae_Ferocactus_cylindraceus/ccc23cfd-6aa2-4b8c-8699-b8f016dbcbb3.jpg,358,230,0,230,358,222,250,223,0.033477783203125,0.0276031494140625,0.027191162109375,0.0258941650390625,0.0243072509765625,1,2,California barrel cactus,American Beaver,California barrel cactus,White-tailed Deer,Nuttall's Cockle,Gray Wolf
val/07434_Plantae_Tracheophyta_Magnoliopsida_Caryophyllales_Caryophyllaceae_Honckenya_peploides/06a32e6a-3a0f-49e7-bc52-2f572200470c.jpg,359,278,0,278,276,370,359,496,0.371826171875,0.0804443359375,0.04034423828125,0.037200927734375,0.0257568359375,1,4,Sea Sandwort,Flat-leaved Scalewort,delicate fern moss,woodland pterostegia,Sea Sandwort,brittle bladderfern
val/07434_Plantae_Tracheophyta_Magnoliopsida_Caryophyllales_Caryophyllaceae_Honckenya_peploides/ce7e7b20-b5ae-4349-a860-2d0dfbf095c3.jpg,359,429,0,429,428,399,359,323,0.05413818359375,0.037139892578125,0.03192138671875,0.0255584716796875,0.0253143310546875,1,4,Sea Sandwort,Wand Mullein,Dark Mullein,California goldenbanner,Sea Sandwort,narrow-leaved hawksbeard
val/07434_Plantae_Tracheophyta_Magnoliopsida_Caryophyllales_Caryophyllaceae_Honckenya_peploides/198dd671-58ee-46d9-bd7c-c042658dc0f6.jpg,359,347,0,347,82,359,333,114,0.10205078125,0.039459228515625,0.0261688232421875,0.022064208984375,0.0198822021484375,1,3,Sea Sandwort,European Searocket,Black-dotted Maliattha,Sea Sandwort,Tauhinu,Chrysopa oculata
val/07451_Plantae_Tracheophyta_Magnoliopsida_Caryophyllales_Caryophyllaceae_Silene_flos-cuculi/4867ddc6-d72c-4d85-affb-4ff4554459ab.jpg,360,313,0,313,364,360,281,424,0.050537109375,0.041595458984375,0.034637451171875,0.025787353515625,0.0255584716796875,1,3,ragged-Robin,upright hedge-parsley,alpine bistort,ragged-Robin,nodding onion,American lopseed
val/07464_Plantae_Tracheophyta_Magnoliopsida_Caryophyllales_Caryophyllaceae_Stellaria_graminea/8ee2861b-6b41-4987-8254-cc393b8d79bd.jpg,361,296,0,296,313,331,361,435,0.157958984375,0.05706787109375,0.0491943359375,0.0458984375,0.028228759765625,1,4,lesser stitchwort,Slender Ladies' Tresses,upright hedge-parsley,Snow Squarestem,lesser stitchwort,Tropic Croton
val/07464_Plantae_Tracheophyta_Magnoliopsida_Caryophyllales_Caryophyllaceae_Stellaria_graminea/d9afcb0d-7510-412c-8d01-83467136a6a2.jpg,361,296,0,296,361,412,313,342,0.2178955078125,0.0595703125,0.0360107421875,0.0296630859375,0.025177001953125,1,2,lesser stitchwort,Slender Ladies' Tresses,lesser stitchwort,spotted horse mint,upright hedge-parsley,California Harebell
val/07464_Plantae_Tracheophyta_Magnoliopsida_Caryophyllales_Caryophyllaceae_Stellaria_graminea/e9b33af0-d39d-42b2-b0a5-342c7ebd6264.jpg,361,331,0,331,453,361,313,346,0.08709716796875,0.070556640625,0.06036376953125,0.05615234375,0.030517578125,1,3,lesser stitchwort,Snow Squarestem,meadow anemone,lesser stitchwort,upright hedge-parsley,water forget-me-not
val/07464_Plantae_Tracheophyta_Magnoliopsida_Caryophyllales_Caryophyllaceae_Stellaria_graminea/abbaf4e9-9202-49c6-9008-422c76fcedd6.jpg,361,296,0,296,361,313,329,331,0.1851806640625,0.10089111328125,0.0472412109375,0.0290985107421875,0.028564453125,1,2,lesser stitchwort,Slender Ladies' Tresses,lesser stitchwort,upright hedge-parsley,Old Plainsman,Snow Squarestem
val/07513_Plantae_Tracheophyta_Magnoliopsida_Caryophyllales_Plumbaginaceae_Limonium_perezii/c6652b8b-20cb-4318-9b98-e48a0ba56e55.jpg,363,386,0,386,336,472,363,93,0.25732421875,0.1688232421875,0.0811767578125,0.058563232421875,0.039093017578125,1,4,Perez's sea lavender,alpine azalea,Woad-leaved ragwort,desert mistletoe,Perez's sea lavender,Dainty Swallowtail
val/07513_Plantae_Tracheophyta_Magnoliopsida_Caryophyllales_Plumbaginaceae_Limonium_perezii/a638fcf9-164c-4a35-ac41-9182be928c8b.jpg,363,416,0,416,336,363,457,381,0.12890625,0.123291015625,0.11883544921875,0.0745849609375,0.0675048828125,1,3,Perez's sea lavender,woolly blue curls,Woad-leaved ragwort,Perez's sea lavender,eastern pasqueflower,common heather
val/07520_Plantae_Tracheophyta_Magnoliopsida_Caryophyllales_Polygonaceae_Bistorta_vivipara/b703ebbf-764e-43fe-a406-5e766b6ffa93.jpg,364,330,0,330,364,449,428,404,0.0282745361328125,0.0261077880859375,0.0249481201171875,0.0228424072265625,0.0200958251953125,1,2,alpine bistort,oxeye daisy,alpine bistort,Golden Sunshinebush,Dark Mullein,California Wax Myrtle
val/07520_Plantae_Tracheophyta_Magnoliopsida_Caryophyllales_Polygonaceae_Bistorta_vivipara/ad6ee857-a247-42f3-898b-16648989511b.jpg,364,464,0,464,364,375,325,333,0.12408447265625,0.09130859375,0.029754638671875,0.0285797119140625,0.0272979736328125,1,2,alpine bistort,sand cherry,alpine bistort,Tree Tutu,tall boneset,Tauhinu
val/07526_Plantae_Tracheophyta_Magnoliopsida_Caryophyllales_Polygonaceae_Eriogonum_deflexum/fdeb7014-b3a6-489f-b337-44ea5c3d6e1c.jpg,365,472,0,472,260,365,243,255,0.08636474609375,0.068603515625,0.052276611328125,0.044097900390625,0.03350830078125,1,3,skeleton weed,desert mistletoe,Lined Chiton,skeleton weed,Texas Coralsnake,Hilton's Aeolid
val/07536_Plantae_Tracheophyta_Magnoliopsida_Caryophyllales_Polygonaceae_Fallopia_cilinodis/641e07e1-7d02-4287-ab89-79edc2bb179b.jpg,366,294,0,294,447,303,366,275,0.033447265625,0.0321044921875,0.02447509765625,0.02301025390625,0.02191162109375,1,4,Fringed Bindweed,Fly Orchid,Wineberry,sawbrier,Fringed Bindweed,fan moss
val/07552_Plantae_Tracheophyta_Magnoliopsida_Caryophyllales_Polygonaceae_Persicaria_maculosa/cf155350-0f45-4e25-b3a8-7337b936bbd4.jpg,367,415,0,415,367,320,412,446,0.0323486328125,0.02728271484375,0.025634765625,0.0212554931640625,0.0166473388671875,1,2,redshank,Marsh Woundwort,redshank,common mugwort,spotted horse mint,rose evening primrose
val/07558_Plantae_Tracheophyta_Magnoliopsida_Caryophyllales_Polygonaceae_Polygonum_aviculare/1ed13620-dc3f-426b-b57b-2df9a9bb8a0d.jpg,368,373,0,373,347,370,464,368,0.060150146484375,0.04315185546875,0.03948974609375,0.02886962890625,0.0278472900390625,1,5,prostrate knotweed,Stinging Serpent,European Searocket,woodland pterostegia,sand cherry,prostrate knotweed
val/07558_Plantae_Tracheophyta_Magnoliopsida_Caryophyllales_Polygonaceae_Polygonum_aviculare/fba16152-5b22-4656-a0ef-3a680842907d.jpg,368,359,0,359,396,375,368,361,0.059906005859375,0.0400390625,0.033050537109375,0.030853271484375,0.0279388427734375,1,4,prostrate knotweed,Sea Sandwort,white sweet clover,Tree Tutu,prostrate knotweed,lesser stitchwort
val/07558_Plantae_Tracheophyta_Magnoliopsida_Caryophyllales_Polygonaceae_Polygonum_aviculare/656c7ab8-615d-48fb-9db2-d9ede8755ebd.jpg,368,307,0,307,368,349,278,498,0.07763671875,0.06512451171875,0.03839111328125,0.03521728515625,0.0260009765625,1,2,prostrate knotweed,Annual Meadow-grass,prostrate knotweed,narrow-leaved bittercress,Flat-leaved Scalewort,ladder fern
val/07558_Plantae_Tracheophyta_Magnoliopsida_Caryophyllales_Polygonaceae_Polygonum_aviculare/121a5a67-8389-42f8-870c-0a3faa964e36.jpg,368,389,0,389,368,307,283,391,0.08746337890625,0.08184814453125,0.0609130859375,0.0570068359375,0.05120849609375,1,2,prostrate knotweed,flaxflowered ipomopsis,prostrate knotweed,Annual Meadow-grass,Spiny Asparagus,longleaf phlox
val/07559_Plantae_Tracheophyta_Magnoliopsida_Caryophyllales_Polygonaceae_Polygonum_paronychia/9c5aeba9-ddee-4241-8c44-a198bee206ab.jpg,369,418,0,418,397,298,369,478,0.056060791015625,0.05596923828125,0.04986572265625,0.0386962890625,0.0241851806640625,1,4,beach knotweed,field Indian paintbrush,Common Flat-pea,scarlet fritillary,beach knotweed,western roseroot
val/07560_Plantae_Tracheophyta_Magnoliopsida_Caryophyllales_Polygonaceae_Pterostegia_drymarioides/ef0bb144-ddc7-4465-8b20-604ffdafbb53.jpg,370,413,0,413,357,266,271,370,0.0227203369140625,0.021636962890625,0.0216064453125,0.021484375,0.0214691162109375,1,5,woodland pterostegia,white sage,viviparous foxtail cactus,blusher,stinkhorn,woodland pterostegia
val/07560_Plantae_Tracheophyta_Magnoliopsida_Caryophyllales_Polygonaceae_Pterostegia_drymarioides/b3143ff9-3591-4260-a2f7-cd3c754610f6.jpg,370,486,0,486,370,388,436,260,0.179931640625,0.10687255859375,0.06378173828125,0.04876708984375,0.039337158203125,1,2,woodland pterostegia,Pima Rhatany,woodland pterostegia,black huckleberry,Florida Hammock Sandmat,Lined Chiton
val/07567_Plantae_Tracheophyta_Magnoliopsida_Caryophyllales_Polygonaceae_Rumex_hymenosepalus/9027ca33-333d-462d-8b50-add9ad130c83.jpg,371,405,0,405,316,371,461,353,0.04901123046875,0.048553466796875,0.028045654296875,0.0274658203125,0.0271453857421875,1,3,canaigre dock,Coast silk tassel,Octopus Tree,canaigre dock,Loquat,Mignonette vine
val/07567_Plantae_Tracheophyta_Magnoliopsida_Caryophyllales_Polygonaceae_Rumex_hymenosepalus/e0045c91-0b52-44b1-9dfc-e2b1df086c5d.jpg,371,436,0,436,371,380,437,476,0.133544921875,0.0799560546875,0.0572509765625,0.02764892578125,0.0263519287109375,1,2,canaigre dock,Florida Hammock Sandmat,canaigre dock,Big Berry Manzanita,Cassava,Red Buckeye
val/07567_Plantae_Tracheophyta_Magnoliopsida_Caryophyllales_Polygonaceae_Rumex_hymenosepalus/4135243f-ae68-4472-be8d-b6ecc4ab4e45.jpg,371,380,0,380,371,405,283,375,0.052520751953125,0.02899169921875,0.020538330078125,0.0174407958984375,0.0172576904296875,1,2,canaigre dock,Big Berry Manzanita,canaigre dock,Coast silk tassel,Spiny Asparagus,Tree Tutu
val/07567_Plantae_Tracheophyta_Magnoliopsida_Caryophyllales_Polygonaceae_Rumex_hymenosepalus/e908671c-80ae-4cc5-8a70-6517dbdfe9ba.jpg,371,380,0,380,371,354,444,333,0.11663818359375,0.07550048828125,0.041748046875,0.03778076171875,0.036773681640625,1,2,canaigre dock,Big Berry Manzanita,canaigre dock,Strawberry Cactus,Island Mallow,Tauhinu
val/07576_Plantae_Tracheophyta_Magnoliopsida_Celastrales_Celastraceae_Canotia_holacantha/238d1ea3-cd6c-48eb-b324-7e4abaee35e6.jpg,372,279,0,279,372,383,474,354,0.1998291015625,0.165771484375,0.07452392578125,0.073974609375,0.036651611328125,1,2,crucifixion thorn,longleaf ephedra,crucifixion thorn,Inaka,elephant tree,Strawberry Cactus
val/07576_Plantae_Tracheophyta_Magnoliopsida_Celastrales_Celastraceae_Canotia_holacantha/00472160-00b8-4026-af1e-9d1d7b0838ea.jpg,372,354,0,354,229,372,221,220,0.0601806640625,0.05682373046875,0.05474853515625,0.049560546875,0.04949951171875,1,3,crucifixion thorn,Strawberry Cactus,Western Grey Kangaroo,crucifixion thorn,Eland,Klipspringer
val/07576_Plantae_Tracheophyta_Magnoliopsida_Celastrales_Celastraceae_Canotia_holacantha/d799070e-acaa-43f9-a272-f2fc3b7d162e.jpg,372,220,0,220,474,372,492,279,0.0989990234375,0.08978271484375,0.07379150390625,0.055084228515625,0.04718017578125,1,3,crucifixion thorn,Klipspringer,elephant tree,crucifixion thorn,ponderosa pine,longleaf ephedra
val/07576_Plantae_Tracheophyta_Magnoliopsida_Celastrales_Celastraceae_Canotia_holacantha/c9d6ddaa-c206-4dea-a363-60b1c83641b4.jpg,372,474,0,474,372,492,489,220,0.12017822265625,0.10858154296875,0.06060791015625,0.041259765625,0.036651611328125,1,2,crucifixion thorn,elephant tree,crucifixion thorn,ponderosa pine,Montezuma cypress,Klipspringer
val/07611_Plantae_Tracheophyta_Magnoliopsida_Cornales_Loasaceae_Cevallia_sinuata/6a7b6128-8f95-4da3-9356-0a649c63f228.jpg,373,319,0,319,373,365,325,368,0.0947265625,0.05548095703125,0.04852294921875,0.03704833984375,0.0242919921875,1,2,Stinging Serpent,common burrobrush,Stinging Serpent,skeleton weed,tall boneset,prostrate knotweed
val/07619_Plantae_Tracheophyta_Magnoliopsida_Cucurbitales_Coriariaceae_Coriaria_arborea/4af65d11-d81c-4aa2-b650-9c46b42a0b72.jpg,375,359,0,359,406,396,284,375,0.052978515625,0.0244598388671875,0.021331787109375,0.0201873779296875,0.0191650390625,1,5,Tree Tutu,Sea Sandwort,American columbo,white sweet clover,asparagus,Tree Tutu
val/07619_Plantae_Tracheophyta_Magnoliopsida_Cucurbitales_Coriariaceae_Coriaria_arborea/e2c30089-31d5-4ad7-a7c1-0b3ad5b69d7c.jpg,375,275,0,275,359,440,375,312,0.103759765625,0.0316162109375,0.0261688232421875,0.022125244140625,0.02191162109375,1,4,Tree Tutu,fan moss,Sea Sandwort,Grey Willow,Tree Tutu,Broad-leaved Chervil
val/07619_Plantae_Tracheophyta_Magnoliopsida_Cucurbitales_Coriariaceae_Coriaria_arborea/28476c36-a013-48d0-9158-bee37c2c699d.jpg,375,316,0,316,353,380,405,375,0.133056640625,0.061920166015625,0.044952392578125,0.03515625,0.03350830078125,1,5,Tree Tutu,Octopus Tree,Mignonette vine,Big Berry Manzanita,Coast silk tassel,Tree Tutu
val/07619_Plantae_Tracheophyta_Magnoliopsida_Cucurbitales_Coriariaceae_Coriaria_arborea/297b7850-facd-4f33-b172-39a1f3d95eca.jpg,375,477,0,477,460,317,447,375,0.1317138671875,0.048828125,0.041839599609375,0.029937744140625,0.0259857177734375,1,5,Tree Tutu,jade plant,parsley hawthorn,American holly,Wineberry,Tree Tutu
val/07625_Plantae_Tracheophyta_Magnoliopsida_Cucurbitales_Cucurbitaceae_Ecballium_elaterium/851b4ff8-fcbf-4773-a5a0-a9ad3a270248.jpg,376,377,0,377,376,459,427,417,0.08074951171875,0.05731201171875,0.035247802734375,0.032257080078125,0.02960205078125,1,2,squirting cucumber,Western Snowberry,squirting cucumber,Korean mulberry,Butterfly bush,Lilac chaste tree
val/07663_Plantae_Tracheophyta_Magnoliopsida_Dipsacales_Caprifoliaceae_Symphoricarpos_occidentalis/cea6479e-9ba4-4a57-9679-a01be326c0ac.jpg,377,443,0,443,434,453,377,445,0.0482177734375,0.037628173828125,0.03179931640625,0.026702880859375,0.024078369140625,1,4,Western Snowberry,velvetleaf,common copperleaf,meadow anemone,Western Snowberry,Cherry Tree
val/07663_Plantae_Tracheophyta_Magnoliopsida_Dipsacales_Caprifoliaceae_Symphoricarpos_occidentalis/b1c7d063-b6d7-44c8-bcad-cc75a130bbd5.jpg,377,453,0,453,377,483,443,440,0.043182373046875,0.03533935546875,0.0307464599609375,0.0303802490234375,0.0291900634765625,1,2,Western Snowberry,meadow anemone,Western Snowberry,western horsenettle,velvetleaf,Grey Willow
val/07678_Plantae_Tracheophyta_Magnoliopsida_Dipsacales_Viburnaceae_Viburnum_acerifolium/c1269c0e-af53-40c4-8df3-f6214cd86ec4.jpg,378,335,0,335,411,451,459,378,0.0438232421875,0.0416259765625,0.040618896484375,0.0311279296875,0.0306854248046875,1,5,mapleleaf viburnum,leafcup,lemon balm,black cohosh,Korean mulberry,mapleleaf viburnum
val/07678_Plantae_Tracheophyta_Magnoliopsida_Dipsacales_Viburnaceae_Viburnum_acerifolium/70e363a2-87e6-4295-ab6f-48a7baaa255e.jpg,378,462,0,462,378,303,315,99,0.1600341796875,0.141845703125,0.1180419921875,0.08367919921875,0.048431396484375,1,2,mapleleaf viburnum,dwarf cinquefoil,mapleleaf viburnum,sawbrier,dwarf ginseng,Fatal Metalmark
val/07707_Plantae_Tracheophyta_Magnoliopsida_Ericales_Ericaceae_Arbutus_unedo/407dee5e-7703-436b-a38d-a0a4a5f57d9e.jpg,379,477,0,477,379,209,430,375,0.10101318359375,0.074462890625,0.036376953125,0.0269622802734375,0.0266265869140625,1,2,strawberry tree,jade plant,strawberry tree,Indian White-eye,golden dewdrop,Tree Tutu
val/07707_Plantae_Tracheophyta_Magnoliopsida_Ericales_Ericaceae_Arbutus_unedo/a229d632-d21f-46e7-aea7-d36b95b48355.jpg,379,476,0,476,418,481,379,317,0.0972900390625,0.09686279296875,0.07470703125,0.06341552734375,0.055084228515625,1,4,strawberry tree,Red Buckeye,field Indian paintbrush,red morning glory,strawberry tree,American holly
val/07709_Plantae_Tracheophyta_Magnoliopsida_Ericales_Ericaceae_Arctostaphylos_glauca/434398d8-5af1-4f40-b237-36d7175cd911.jpg,380,445,0,445,376,440,316,380,0.1278076171875,0.07928466796875,0.04931640625,0.02215576171875,0.020355224609375,1,5,Big Berry Manzanita,Cherry Tree,squirting cucumber,Grey Willow,Octopus Tree,Big Berry Manzanita
val/07709_Plantae_Tracheophyta_Magnoliopsida_Ericales_Ericaceae_Arctostaphylos_glauca/4b056db7-b8da-49ef-8176-17af09f54c90.jpg,380,376,0,376,380,377,371,413,0.57666015625,0.11944580078125,0.057861328125,0.0380859375,0.031158447265625,1,2,Big Berry Manzanita,squirting cucumber,Big Berry Manzanita,Western Snowberry,canaigre dock,white sage
val/07715_Plantae_Tracheophyta_Magnoliopsida_Ericales_Ericaceae_Calluna_vulgaris/4b2a866a-9620-4c15-998e-e572c96c84cb.jpg,381,407,0,407,463,381,405,387,0.06353759765625,0.058868408203125,0.04730224609375,0.033477783203125,0.0289764404296875,1,3,common heather,Coprosma dumosa,desert almond,common heather,Coast silk tassel,Prickly mingimingi
val/07715_Plantae_Tracheophyta_Magnoliopsida_Ericales_Ericaceae_Calluna_vulgaris/50265fe7-68f0-43f9-adf5-31ccd7d8294a.jpg,381,336,0,336,381,287,491,417,0.09027099609375,0.061370849609375,0.03948974609375,0.021484375,0.0210723876953125,1,2,common heather,Woad-leaved ragwort,common heather,Branched Asphodel,lodgepole pine,Lilac chaste tree
val/07715_Plantae_Tracheophyta_Magnoliopsida_Ericales_Ericaceae_Calluna_vulgaris/58263304-a58a-423b-9d9f-ed030d22f07a.jpg,381,386,0,386,381,362,426,347,0.1470947265625,0.09613037109375,0.08123779296875,0.0516357421875,0.041748046875,1,2,common heather,alpine azalea,common heather,Small-leaved Blinks,Slender speedwell,European Searocket
val/07718_Plantae_Tracheophyta_Magnoliopsida_Ericales_Ericaceae_Ceratiola_ericoides/f1244d21-bd15-43ce-88d1-9d3c87934acb.jpg,382,333,0,333,220,382,441,383,0.05792236328125,0.05499267578125,0.054412841796875,0.03875732421875,0.0294036865234375,1,3,sand heath,Tauhinu,Klipspringer,sand heath,black willow,Inaka
val/07718_Plantae_Tracheophyta_Magnoliopsida_Ericales_Ericaceae_Ceratiola_ericoides/22f2de77-7610-4629-a1ef-b3f799efa982.jpg,382,383,0,383,441,287,382,310,0.0751953125,0.05157470703125,0.049835205078125,0.04071044921875,0.027801513671875,1,4,sand heath,Inaka,black willow,Branched Asphodel,sand heath,Kangaroo Grass
val/07723_Plantae_Tracheophyta_Magnoliopsida_Ericales_Ericaceae_Dracophyllum_longifolium/03a45bf4-afe9-482e-b503-5c0a65c3e3b2.jpg,383,354,0,354,405,387,407,383,0.046875,0.025634765625,0.024749755859375,0.020294189453125,0.0190887451171875,1,5,Inaka,Strawberry Cactus,Coast silk tassel,Prickly mingimingi,Coprosma dumosa,Inaka
val/07732_Plantae_Tracheophyta_Magnoliopsida_Ericales_Ericaceae_Erica_coccinea/b62203e5-b26f-4d83-8d7f-e0acdfc2b0bb.jpg,384,450,0,450,384,327,423,298,0.119873046875,0.07061767578125,0.04949951171875,0.042083740234375,0.0311431884765625,1,2,Red Heath,red pagoda,Red Heath,great blanketflower,scarlet monkeyflower,scarlet fritillary
val/07732_Plantae_Tracheophyta_Magnoliopsida_Ericales_Ericaceae_Erica_coccinea/0f8dd272-dfeb-4ca4-9779-10b000e93b39.jpg,384,382,0,382,384,450,364,336,0.112548828125,0.05474853515625,0.039886474609375,0.033538818359375,0.026153564453125,1,2,Red Heath,sand heath,Red Heath,red pagoda,alpine bistort,Woad-leaved ragwort
val/07740_Plantae_Tracheophyta_Magnoliopsida_Ericales_Ericaceae_Gaultheria_antipoda/98faaecf-211c-4985-b0c2-b966adeb1909.jpg,385,397,0,397,385,294,400,384,0.25244140625,0.123046875,0.048431396484375,0.0423583984375,0.042327880859375,1,2,Gaultheria antipoda,Common Flat-pea,Gaultheria antipoda,Fly Orchid,candyroot,Red Heath
val/07750_Plantae_Tracheophyta_Magnoliopsida_Ericales_Ericaceae_Kalmia_procumbens/cfde5475-b266-4cb7-9341-b685ec9431c3.jpg,386,369,0,369,386,407,467,392,0.0809326171875,0.06500244140625,0.05084228515625,0.045745849609375,0.0364990234375,1,2,alpine azalea,beach knotweed,alpine azalea,Coprosma dumosa,Rubus schmidelioides,pygmy-flower rock-jasmine
val/07750_Plantae_Tracheophyta_Magnoliopsida_Ericales_Ericaceae_Kalmia_procumbens/fb3a3204-5cd2-4b2c-89e5-f97caa45ce35.jpg,386,295,0,295,386,391,360,412,0.2054443359375,0.0780029296875,0.0760498046875,0.05059814453125,0.04888916015625,1,2,alpine azalea,Philippine Ground Orchid,alpine azalea,longleaf phlox,ragged-Robin,spotted horse mint
val/07751_Plantae_Tracheophyta_Magnoliopsida_Ericales_Ericaceae_Leptecophylla_juniperina/118a902b-39bc-4549-9246-3f6a81203af9.jpg,387,316,0,316,380,405,333,387,0.06256103515625,0.060211181640625,0.039031982421875,0.036407470703125,0.033172607421875,1,5,Prickly mingimingi,Octopus Tree,Big Berry Manzanita,Coast silk tassel,Tauhinu,Prickly mingimingi
val/07751_Plantae_Tracheophyta_Magnoliopsida_Ericales_Ericaceae_Leptecophylla_juniperina/e656a22f-d0f4-414f-8c7c-510763f1141b.jpg,387,474,0,474,387,383,333,382,0.0980224609375,0.08111572265625,0.07415771484375,0.051361083984375,0.043609619140625,1,2,Prickly mingimingi,elephant tree,Prickly mingimingi,Inaka,Tauhinu,sand heath
val/07751_Plantae_Tracheophyta_Magnoliopsida_Ericales_Ericaceae_Leptecophylla_juniperina/bb73b1bd-cc37-4691-90a4-684cd8c685d4.jpg,387,382,0,382,493,387,416,326,0.1123046875,0.06005859375,0.038604736328125,0.037109375,0.033966064453125,1,3,Prickly mingimingi,sand heath,tangle fern,Prickly mingimingi,woolly blue curls,dogfennel
val/07792_Plantae_Tracheophyta_Magnoliopsida_Ericales_Ericaceae_Vaccinium_membranaceum/c6d0ee11-b34a-4424-b0eb-4848a2b4e2e3.jpg,388,397,0,397,351,388,200,436,0.061981201171875,0.0469970703125,0.0206756591796875,0.0157012939453125,0.01410675048828125,1,3,black huckleberry,Common Flat-pea,Mountain Horopito,black huckleberry,Wrentit,Florida Hammock Sandmat
val/07814_Plantae_Tracheophyta_Magnoliopsida_Ericales_Polemoniaceae_Ipomopsis_longiflora/3489da60-63b8-47b9-a64e-a2ef235c0fa6.jpg,389,343,0,343,389,296,329,347,0.1309814453125,0.1220703125,0.06390380859375,0.0308990478515625,0.0274810791015625,1,2,flaxflowered ipomopsis,Sheep's-bit,flaxflowered ipomopsis,Slender Ladies' Tresses,Old Plainsman,European Searocket
val/07814_Plantae_Tracheophyta_Magnoliopsida_Ericales_Polemoniaceae_Ipomopsis_longiflora/f0e27a69-581a-4482-b701-189ad00b6c45.jpg,389,310,0,310,221,389,220,185,0.054046630859375,0.0489501953125,0.044403076171875,0.01605224609375,0.01605224609375,1,3,flaxflowered ipomopsis,Kangaroo Grass,Eland,flaxflowered ipomopsis,Klipspringer,Familiar Chat
val/07830_Plantae_Tracheophyta_Magnoliopsida_Ericales_Polemoniaceae_Phlox_drummondii/850084b6-2716-4182-8afd-a0588572fcbb.jpg,390,446,0,446,390,354,295,357,0.2088623046875,0.1807861328125,0.122802734375,0.049072265625,0.037811279296875,1,2,Drummond's phlox,rose evening primrose,Drummond's phlox,Strawberry Cactus,Philippine Ground Orchid,viviparous foxtail cactus
val/07830_Plantae_Tracheophyta_Magnoliopsida_Ericales_Polemoniaceae_Phlox_drummondii/5253eb91-fff1-4fb1-96d4-261701f96ef8.jpg,390,295,0,295,444,390,354,446,0.1697998046875,0.1357421875,0.0948486328125,0.041046142578125,0.03857421875,1,3,Drummond's phlox,Philippine Ground Orchid,Island Mallow,Drummond's phlox,Strawberry Cactus,rose evening primrose
val/07830_Plantae_Tracheophyta_Magnoliopsida_Ericales_Polemoniaceae_Phlox_drummondii/a0bb2512-d74e-43d3-9a49-9ac4c300a776.jpg,390,431,0,431,390,289,295,290,0.343017578125,0.158935546875,0.12017822265625,0.0860595703125,0.033477783203125,1,2,Drummond's phlox,Dakota mock vervain,Drummond's phlox,Spring Crocus,Philippine Ground Orchid,Red Helleborine
val/07832_Plantae_Tracheophyta_Magnoliopsida_Ericales_Polemoniaceae_Phlox_longifolia/92fefa9e-f4e2-4ae6-86f7-9a97ce28f56c.jpg,391,412,0,412,347,391,318,455,0.1475830078125,0.05474853515625,0.046600341796875,0.037994384765625,0.03533935546875,1,3,longleaf phlox,spotted horse mint,European Searocket,longleaf phlox,common yarrow,Swamp Leather Flower
val/07832_Plantae_Tracheophyta_Magnoliopsida_Ericales_Polemoniaceae_Phlox_longifolia/d4972140-a62f-41c4-aabe-6c2c5c243e2b.jpg,391,412,0,412,431,391,347,289,0.1043701171875,0.1043701171875,0.0849609375,0.08258056640625,0.0736083984375,1,3,longleaf phlox,spotted horse mint,Dakota mock vervain,longleaf phlox,European Searocket,Spring Crocus
val/07832_Plantae_Tracheophyta_Magnoliopsida_Ericales_Polemoniaceae_Phlox_longifolia/7fa1d96a-e76a-40ba-ad88-5291c030bc73.jpg,391,431,0,431,289,390,391,295,0.305908203125,0.216796875,0.10443115234375,0.068603515625,0.05657958984375,1,4,longleaf phlox,Dakota mock vervain,Spring Crocus,Drummond's phlox,longleaf phlox,Philippine Ground Orchid
val/07843_Plantae_Tracheophyta_Magnoliopsida_Ericales_Primulaceae_Androsace_septentrionalis/7c03d44a-435a-4f76-b865-be4621060e08.jpg,392,457,0,457,392,407,340,319,0.06097412109375,0.035858154296875,0.03057861328125,0.02520751953125,0.0240020751953125,1,2,pygmy-flower rock-jasmine,eastern pasqueflower,pygmy-flower rock-jasmine,Coprosma dumosa,common dandelion,common burrobrush
val/07843_Plantae_Tracheophyta_Magnoliopsida_Ericales_Primulaceae_Androsace_septentrionalis/7c65619c-ab5c-4977-a460-c46cea6c6ac3.jpg,392,256,0,256,373,191,392,200,0.053558349609375,0.040985107421875,0.039947509765625,0.033721923828125,0.032928466796875,1,4,pygmy-flower rock-jasmine,Varicose Wart Slug,Stinging Serpent,American Redstart,pygmy-flower rock-jasmine,Wrentit
val/07888_Plantae_Tracheophyta_Magnoliopsida_Fabales_Fabaceae_Acacia_confusa/3297c3f7-47e1-4944-8e43-72287e014fe3.jpg,393,139,0,139,393,448,395,490,0.029815673828125,0.023193359375,0.0229339599609375,0.0202789306640625,0.0164337158203125,1,2,Taiwan Acacia,Striped Eel Catfish,Taiwan Acacia,Coastal Banksia,Scotch Broom,white fir
val/07888_Plantae_Tracheophyta_Magnoliopsida_Fabales_Fabaceae_Acacia_confusa/cd156a97-c531-460b-ad30-9bca0c297151.jpg,393,398,0,398,474,441,393,489,0.0767822265625,0.06866455078125,0.0517578125,0.037261962890625,0.0361328125,1,4,Taiwan Acacia,black locust,elephant tree,black willow,Taiwan Acacia,Montezuma cypress
val/07888_Plantae_Tracheophyta_Magnoliopsida_Fabales_Fabaceae_Acacia_confusa/52fd2ec4-c45d-4302-b3bc-19c7777f20b4.jpg,393,24,0,24,297,206,477,393,0.035552978515625,0.0243072509765625,0.0241851806640625,0.0186004638671875,0.0186004638671875,1,5,Taiwan Acacia,Hemlock Woolly Adelgid,giant white fawn lily,Masked Water-Tyrant,jade plant,Taiwan Acacia
val/07891_Plantae_Tracheophyta_Magnoliopsida_Fabales_Fabaceae_Acacia_longifolia/5bc615aa-0179-4ae0-987a-717a2c62b03d.jpg,394,333,0,333,319,394,395,325,0.130615234375,0.1221923828125,0.06475830078125,0.045623779296875,0.0311431884765625,1,3,longleaf wattle,Tauhinu,common burrobrush,longleaf wattle,Scotch Broom,tall boneset
val/07891_Plantae_Tracheophyta_Magnoliopsida_Fabales_Fabaceae_Acacia_longifolia/6979fa64-116b-46e5-ae75-4fdfdf5f40c3.jpg,394,477,0,477,380,443,485,394,0.0570068359375,0.051849365234375,0.034759521484375,0.03277587890625,0.02777099609375,1,5,longleaf wattle,jade plant,Big Berry Manzanita,velvetleaf,Porcelain Berry,longleaf wattle
val/08024_Plantae_Tracheophyta_Magnoliopsida_Fabales_Fabaceae_Melilotus_albus/a804d960-7198-4e39-a62e-ce4348c8ca6e.jpg,396,325,0,325,396,319,329,412,0.31103515625,0.1187744140625,0.11651611328125,0.0247344970703125,0.0186920166015625,1,2,white sweet clover,tall boneset,white sweet clover,common burrobrush,Old Plainsman,spotted horse mint
val/08024_Plantae_Tracheophyta_Magnoliopsida_Fabales_Fabaceae_Melilotus_albus/728ef5ce-07fc-4277-8746-9d98e7072542.jpg,396,296,0,296,396,329,350,283,0.07257080078125,0.06842041015625,0.05572509765625,0.0380859375,0.036163330078125,1,2,white sweet clover,Slender Ladies' Tresses,white sweet clover,Old Plainsman,California shieldpod,Spiny Asparagus
val/08047_Plantae_Tracheophyta_Magnoliopsida_Fabales_Fabaceae_Platylobium_obtusangulum/289cce2d-16e5-4e18-bb42-2a9d58e7a00a.jpg,397,436,0,436,397,450,477,369,0.1417236328125,0.1412353515625,0.09332275390625,0.06475830078125,0.06011962890625,1,2,Common Flat-pea,Florida Hammock Sandmat,Common Flat-pea,red pagoda,jade plant,beach knotweed
val/08047_Plantae_Tracheophyta_Magnoliopsida_Fabales_Fabaceae_Platylobium_obtusangulum/06521c03-2764-41f6-948b-cbc76b0255c8.jpg,397,374,0,374,397,327,88,299,0.338623046875,0.23974609375,0.043060302734375,0.0260467529296875,0.024017333984375,1,2,Common Flat-pea,Streambank Stickleaf,Common Flat-pea,great blanketflower,Julia Butterfly,fire lily
val/08047_Plantae_Tracheophyta_Magnoliopsida_Fabales_Fabaceae_Platylobium_obtusangulum/a59d3089-5079-4eaf-84d3-af91cd46272d.jpg,397,369,0,369,436,486,397,370,0.241455078125,0.0906982421875,0.0792236328125,0.0697021484375,0.03802490234375,1,4,Common Flat-pea,beach knotweed,Florida Hammock Sandmat,Pima Rhatany,Common Flat-pea,woodland pterostegia
val/08047_Plantae_Tracheophyta_Magnoliopsida_Fabales_Fabaceae_Platylobium_obtusangulum/87a99869-ed6a-4b9a-a1b9-52c5047f7338.jpg,397,327,0,327,458,374,32,397,0.09130859375,0.0823974609375,0.06207275390625,0.0589599609375,0.05804443359375,1,5,Common Flat-pea,great blanketflower,meadow buttercup,Streambank Stickleaf,Jagged Ambush Bug,Common Flat-pea
val/08047_Plantae_Tracheophyta_Magnoliopsida_Fabales_Fabaceae_Platylobium_obtusangulum/e6a43ad6-3130-45c7-a88e-368bd2dafbb4.jpg,397,327,0,327,397,300,423,298,0.3349609375,0.09765625,0.05450439453125,0.0284423828125,0.0219879150390625,1,2,Common Flat-pea,great blanketflower,Common Flat-pea,Leopard Lily,scarlet monkeyflower,scarlet fritillary
val/08047_Plantae_Tracheophyta_Magnoliopsida_Fabales_Fabaceae_Platylobium_obtusangulum/48a45191-1b51-4955-9799-7eaed308ffc3.jpg,397,170,0,170,374,397,401,191,0.0831298828125,0.07025146484375,0.048797607421875,0.04449462890625,0.04107666015625,1,3,Common Flat-pea,Yellow Grosbeak,Streambank Stickleaf,Common Flat-pea,Yellow milkwort,American Redstart
val/08083_Plantae_Tracheophyta_Magnoliopsida_Fabales_Fabaceae_Thermopsis_californica/196494ed-dc30-403e-97a3-4c0c465bfca9.jpg,399,376,0,376,443,399,429,438,0.240478515625,0.05364990234375,0.048797607421875,0.047454833984375,0.0203094482421875,1,3,California goldenbanner,squirting cucumber,velvetleaf,California goldenbanner,Wand Mullein,Klamath weed
val/08083_Plantae_Tracheophyta_Magnoliopsida_Fabales_Fabaceae_Thermopsis_californica/91b417a5-2514-4bdd-94dd-7233a874616a.jpg,399,337,0,337,452,399,341,441,0.1947021484375,0.07904052734375,0.048431396484375,0.043060302734375,0.0278472900390625,1,3,California goldenbanner,prairie dock,Spring Adonis,California goldenbanner,tree marigold,black willow
val/08083_Plantae_Tracheophyta_Magnoliopsida_Fabales_Fabaceae_Thermopsis_californica/2e5e0173-75e2-40c1-b6e3-7814504d048d.jpg,399,442,0,442,376,399,339,411,0.0648193359375,0.0478515625,0.036346435546875,0.027740478515625,0.0276947021484375,1,3,California goldenbanner,Round-leaved Violet,squirting cucumber,California goldenbanner,prickly sowthistle,lemon balm
val/08083_Plantae_Tracheophyta_Magnoliopsida_Fabales_Fabaceae_Thermopsis_californica/25836c9f-1052-41a8-a712-1413bb5b9fe1.jpg,399,325,0,325,399,117,29,483,0.107666015625,0.03875732421875,0.034423828125,0.034332275390625,0.033111572265625,1,2,California goldenbanner,tall boneset,California goldenbanner,Common Blue Damselfly,European Striped Shield Bug,western horsenettle
val/08130_Plantae_Tracheophyta_Magnoliopsida_Fabales_Polygalaceae_Polygala_nana/13d3ad83-ccf7-4574-883d-7dd676ef6a5d.jpg,400,442,0,442,462,400,303,473,0.1583251953125,0.11602783203125,0.0853271484375,0.0228424072265625,0.0196075439453125,1,3,candyroot,Round-leaved Violet,dwarf cinquefoil,candyroot,sawbrier,poison ivy
val/08130_Plantae_Tracheophyta_Magnoliopsida_Fabales_Polygalaceae_Polygala_nana/d2808cb7-3d3a-42a9-b9c8-bd3858aa8674.jpg,400,482,0,482,332,462,400,340,0.047271728515625,0.03546142578125,0.032958984375,0.028778076171875,0.0263214111328125,1,4,candyroot,Obscure Morning Glory,white rattlesnakeroot,dwarf cinquefoil,candyroot,common dandelion
val/08132_Plantae_Tracheophyta_Magnoliopsida_Fabales_Polygalaceae_Polygala_rugelii/aefe78e4-f43d-4350-beaa-2f8d2bf84d92.jpg,401,323,0,323,358,452,401,328,0.11761474609375,0.09881591796875,0.06756591796875,0.050872802734375,0.039306640625,1,4,Yellow milkwort,narrow-leaved hawksbeard,California barrel cactus,Spring Adonis,Yellow milkwort,Bitterweed
val/08132_Plantae_Tracheophyta_Magnoliopsida_Fabales_Polygalaceae_Polygala_rugelii/e2630840-3014-45a2-b6b0-ef07194f1b1d.jpg,401,294,0,294,99,63,125,401,0.05267333984375,0.033538818359375,0.033111572265625,0.0310516357421875,0.0294647216796875,1,5,Yellow milkwort,Fly Orchid,Fatal Metalmark,Least Skipper,Long-winged Conehead,Yellow milkwort
val/08132_Plantae_Tracheophyta_Magnoliopsida_Fabales_Polygalaceae_Polygala_rugelii/0f5715dc-0e16-450b-b8c4-dd3cb0705590.jpg,401,334,0,334,458,401,321,429,0.155517578125,0.1387939453125,0.1072998046875,0.072021484375,0.060638427734375,1,3,Yellow milkwort,Great Plains Ragwort,meadow buttercup,Yellow milkwort,tickseed beggar-ticks,Wand Mullein
val/08132_Plantae_Tracheophyta_Magnoliopsida_Fabales_Polygalaceae_Polygala_rugelii/40543c09-61e9-4f91-bbf1-5f37625479e4.jpg,401,452,0,452,401,341,334,395,0.47216796875,0.300048828125,0.0297698974609375,0.022216796875,0.019439697265625,1,2,Yellow milkwort,Spring Adonis,Yellow milkwort,tree marigold,Great Plains Ragwort,Scotch Broom
val/08132_Plantae_Tracheophyta_Magnoliopsida_Fabales_Polygalaceae_Polygala_rugelii/547c90f7-b20e-48f5-872d-02ebee216a8c.jpg,401,458,0,458,32,401,40,438,0.123291015625,0.10546875,0.06524658203125,0.052581787109375,0.043243408203125,1,3,Yellow milkwort,meadow buttercup,Jagged Ambush Bug,Yellow milkwort,Metallic Epauletted-Sweat Bee,Klamath weed
val/08132_Plantae_Tracheophyta_Magnoliopsida_Fabales_Polygalaceae_Polygala_rugelii/ca76ffea-d69a-4af9-8bb2-9d8dcb2723d8.jpg,401,39,0,39,401,40,458,8,0.08984375,0.08758544921875,0.072021484375,0.0653076171875,0.05523681640625,1,2,Yellow milkwort,Pure Green Sweat Bee,Yellow milkwort,Metallic Epauletted-Sweat Bee,meadow buttercup,Goldenrod Soldier Beetle
val/08193_Plantae_Tracheophyta_Magnoliopsida_Fagales_Fagaceae_Quercus_michauxii/3865df95-ec70-4bf3-a205-713435dba338.jpg,402,433,0,433,402,445,432,316,0.2423095703125,0.0892333984375,0.0450439453125,0.041717529296875,0.03619384765625,1,2,swamp chestnut oak,umbrella magnolia,swamp chestnut oak,Cherry Tree,common pawpaw,Octopus Tree
val/08193_Plantae_Tracheophyta_Magnoliopsida_Fagales_Fagaceae_Quercus_michauxii/a6110853-6b37-4022-bc7a-593c1a59f8fa.jpg,402,188,0,188,189,402,118,33,0.0946044921875,0.0372314453125,0.032806396484375,0.0216064453125,0.0190582275390625,1,3,swamp chestnut oak,Cerulean Warbler,Hooded Warbler,swamp chestnut oak,Skimming Bluet,Ashy Mining Bee
val/08193_Plantae_Tracheophyta_Magnoliopsida_Fagales_Fagaceae_Quercus_michauxii/b218e69f-f4ee-4baf-96a5-a90c38743b9d.jpg,402,470,0,470,378,12,377,402,0.08819580078125,0.06829833984375,0.0596923828125,0.052886962890625,0.03521728515625,1,5,swamp chestnut oak,Canadian wood nettle,mapleleaf viburnum,Hadda Beetle,Western Snowberry,swamp chestnut oak
val/08220_Plantae_Tracheophyta_Magnoliopsida_Fagales_Myricaceae_Morella_californica/270fc33f-f6bc-4641-8c97-643a97c86915.jpg,404,364,0,364,367,421,404,483,0.025390625,0.024444580078125,0.0237579345703125,0.01568603515625,0.01544952392578125,1,4,California Wax Myrtle,alpine bistort,redshank,Red Odontites,California Wax Myrtle,western horsenettle
val/08220_Plantae_Tracheophyta_Magnoliopsida_Fagales_Myricaceae_Morella_californica/4f1eaf22-e119-4b90-8ac8-70e4e46f6288.jpg,404,441,0,441,394,404,449,382,0.07427978515625,0.07159423828125,0.06378173828125,0.049835205078125,0.0328369140625,1,3,California Wax Myrtle,black willow,longleaf wattle,California Wax Myrtle,Golden Sunshinebush,sand heath
val/08220_Plantae_Tracheophyta_Magnoliopsida_Fagales_Myricaceae_Morella_californica/fb99182e-e013-4b6f-871c-1883f7cb5aa7.jpg,404,400,0,400,404,449,103,170,0.10211181640625,0.08941650390625,0.047210693359375,0.030120849609375,0.024169921875,1,2,California Wax Myrtle,candyroot,California Wax Myrtle,Golden Sunshinebush,Small Emperor Moth,Yellow Grosbeak
val/08220_Plantae_Tracheophyta_Magnoliopsida_Fagales_Myricaceae_Morella_californica/4a8fe5b9-26a2-46ce-9f10-79efc10ddcc7.jpg,404,443,0,443,485,124,449,404,0.057281494140625,0.05047607421875,0.048980712890625,0.04833984375,0.04583740234375,1,5,California Wax Myrtle,velvetleaf,Porcelain Berry,Obscure Bird Grasshopper,Golden Sunshinebush,California Wax Myrtle
val/08226_Plantae_Tracheophyta_Magnoliopsida_Garryales_Garryaceae_Garrya_elliptica/c2e5b792-8ece-4a93-83a8-2869c75a65d1.jpg,405,413,0,413,380,263,261,405,0.1151123046875,0.05950927734375,0.04327392578125,0.04168701171875,0.0265045166015625,1,5,Coast silk tassel,white sage,Big Berry Manzanita,Smooth Rock Tripe,scaly pelt lichen,Coast silk tassel
val/08226_Plantae_Tracheophyta_Magnoliopsida_Garryales_Garryaceae_Garrya_elliptica/fdb0dd7b-7a14-45a1-b79a-c6f4117b8379.jpg,405,477,0,477,405,375,456,353,0.054412841796875,0.03900146484375,0.03704833984375,0.029052734375,0.027496337890625,1,2,Coast silk tassel,jade plant,Coast silk tassel,Tree Tutu,Virginia virgin's-bower,Mignonette vine
val/08293_Plantae_Tracheophyta_Magnoliopsida_Gentianales_Gentianaceae_Frasera_caroliniensis/be0bad30-f4dd-42bf-b7e4-cf1c43ba5859.jpg,406,499,0,499,388,366,406,460,0.05938720703125,0.045196533203125,0.038330078125,0.03271484375,0.031463623046875,1,4,American columbo,broad beech fern,black huckleberry,Fringed Bindweed,American columbo,parsley hawthorn
val/08293_Plantae_Tracheophyta_Magnoliopsida_Gentianales_Gentianaceae_Frasera_caroliniensis/7c2d3c0e-b1bd-4843-8bf3-f05e06586749.jpg,406,497,0,497,349,499,451,406,0.110107421875,0.09735107421875,0.057342529296875,0.04473876953125,0.03656005859375,1,5,American columbo,hay-scented fern,narrow-leaved bittercress,broad beech fern,black cohosh,American columbo
val/08325_Plantae_Tracheophyta_Magnoliopsida_Gentianales_Rubiaceae_Coprosma_dumosa/db79806f-b76a-4881-968e-977bc38e2885.jpg,407,325,0,325,407,413,350,392,0.138427734375,0.08294677734375,0.050323486328125,0.04345703125,0.036956787109375,1,2,Coprosma dumosa,tall boneset,Coprosma dumosa,white sage,California shieldpod,pygmy-flower rock-jasmine
val/08325_Plantae_Tracheophyta_Magnoliopsida_Gentianales_Rubiaceae_Coprosma_dumosa/c82ff316-e1b1-4b78-869a-73df41f44cc1.jpg,407,392,0,392,407,325,464,261,0.12164306640625,0.0947265625,0.038238525390625,0.0369873046875,0.035430908203125,1,2,Coprosma dumosa,pygmy-flower rock-jasmine,Coprosma dumosa,tall boneset,sand cherry,scaly pelt lichen
val/08325_Plantae_Tracheophyta_Magnoliopsida_Gentianales_Rubiaceae_Coprosma_dumosa/10c1078b-783f-4c7c-88a0-1f8095acda3a.jpg,407,278,0,278,370,407,275,261,0.100830078125,0.0975341796875,0.0906982421875,0.05621337890625,0.0306854248046875,1,3,Coprosma dumosa,Flat-leaved Scalewort,woodland pterostegia,Coprosma dumosa,fan moss,scaly pelt lichen
val/08327_Plantae_Tracheophyta_Magnoliopsida_Gentianales_Rubiaceae_Coprosma_grandifolia/48b8ab17-edd6-4d6a-b35b-05457aa8316f.jpg,408,351,0,351,447,495,408,385,0.26318359375,0.09759521484375,0.09613037109375,0.08294677734375,0.03546142578125,1,4,Kanono,Mountain Horopito,Wineberry,Crown Fern,Kanono,Gaultheria antipoda
val/08426_Plantae_Tracheophyta_Magnoliopsida_Lamiales_Lamiaceae_Ajuga_genevensis/183ce348-29db-420a-82ac-d514a6dd9e3b.jpg,409,410,0,410,409,345,425,455,0.0921630859375,0.0772705078125,0.05914306640625,0.056121826171875,0.040863037109375,1,2,Blue Bugle,carpet bugle,Blue Bugle,broadleaf forget-me-not,American brooklime,Swamp Leather Flower
val/08426_Plantae_Tracheophyta_Magnoliopsida_Lamiales_Lamiaceae_Ajuga_genevensis/df081c32-df3f-44ff-8698-662abc86b6c5.jpg,409,410,0,410,409,285,344,286,0.352783203125,0.332763671875,0.059173583984375,0.05780029296875,0.052642822265625,1,2,Blue Bugle,carpet bugle,Blue Bugle,small camas,Salvation Jane,Grape hyacinth
val/08426_Plantae_Tracheophyta_Magnoliopsida_Lamiales_Lamiaceae_Ajuga_genevensis/2100173e-7610-4675-9272-16286d3ae027.jpg,409,286,0,286,285,409,416,343,0.248291015625,0.161865234375,0.099365234375,0.09857177734375,0.08270263671875,1,3,Blue Bugle,Grape hyacinth,small camas,Blue Bugle,woolly blue curls,Sheep's-bit
val/08426_Plantae_Tracheophyta_Magnoliopsida_Lamiales_Lamiaceae_Ajuga_genevensis/b8e739c5-1afb-4f96-8189-530d57bafc09.jpg,409,426,0,426,410,430,346,409,0.0789794921875,0.0635986328125,0.045440673828125,0.03802490234375,0.026397705078125,1,5,Blue Bugle,Slender speedwell,carpet bugle,golden dewdrop,water forget-me-not,Blue Bugle
val/08427_Plantae_Tracheophyta_Magnoliopsida_Lamiales_Lamiaceae_Ajuga_reptans/4635313b-a535-4be6-87e9-8d40fd7d6a6c.jpg,410,405,0,405,411,410,465,471,0.0266876220703125,0.026092529296875,0.0243072509765625,0.0240478515625,0.024017333984375,1,3,carpet bugle,Coast silk tassel,lemon balm,carpet bugle,Blackthorn,Dwarf Nettle
val/08427_Plantae_Tracheophyta_Magnoliopsida_Lamiales_Lamiaceae_Ajuga_reptans/69cfe9dd-fe2d-48cf-9461-9b8733a455ff.jpg,410,425,0,425,426,430,409,410,0.09783935546875,0.0701904296875,0.05126953125,0.04168701171875,0.038055419921875,1,5,carpet bugle,American brooklime,Slender speedwell,golden dewdrop,Blue Bugle,carpet bugle
val/08427_Plantae_Tracheophyta_Magnoliopsida_Lamiales_Lamiaceae_Ajuga_reptans/162e93c5-5948-483e-88a9-a3406f91fbe6.jpg,410,409,0,409,285,410,344,286,0.429931640625,0.1451416015625,0.1236572265625,0.072998046875,0.066162109375,1,3,carpet bugle,Blue Bugle,small camas,carpet bugle,Salvation Jane,Grape hyacinth
val/08427_Plantae_Tracheophyta_Magnoliopsida_Lamiales_Lamiaceae_Ajuga_reptans/fcbe6920-39aa-4023-a0ab-65ed5dd8c991.jpg,410,409,0,409,285,410,454,426,0.31640625,0.1483154296875,0.139892578125,0.0689697265625,0.057403564453125,1,3,carpet bugle,Blue Bugle,small camas,carpet bugle,common columbine,Slender speedwell
val/08427_Plantae_Tracheophyta_Magnoliopsida_Lamiales_Lamiaceae_Ajuga_reptans/0aafb60d-e751-45bb-8765-b972d0ce889b.jpg,410,286,0,286,409,285,410,455,0.24072265625,0.0819091796875,0.03204345703125,0.031219482421875,0.0263824462890625,1,4,carpet bugle,Grape hyacinth,Blue Bugle,small camas,carpet bugle,Swamp Leather Flower
val/08427_Plantae_Tracheophyta_Magnoliopsida_Lamiales_Lamiaceae_Ajuga_reptans/a0a7f24e-fe96-442f-baa3-a7ae6dde5ba2.jpg,410,409,0,409,285,410,286,343,0.445068359375,0.330810546875,0.10125732421875,0.07672119140625,0.01666259765625,1,3,carpet bugle,Blue Bugle,small camas,carpet bugle,Grape hyacinth,Sheep's-bit
val/08460_Plantae_Tracheophyta_Magnoliopsida_Lamiales_Lamiaceae_Melissa_officinalis/83fd8480-ecf3-4bbb-8bb7-6cc368fc7e3d.jpg,411,376,0,376,411,408,447,475,0.07977294921875,0.054534912109375,0.03564453125,0.0318603515625,0.0307159423828125,1,2,lemon balm,squirting cucumber,lemon balm,Kanono,Wineberry,field maple
val/08460_Plantae_Tracheophyta_Magnoliopsida_Lamiales_Lamiaceae_Melissa_officinalis/9c19ecdb-019c-4edf-b643-75d49e60937c.jpg,411,335,0,335,470,378,411,483,0.0584716796875,0.05438232421875,0.050262451171875,0.045318603515625,0.04302978515625,1,4,lemon balm,leafcup,Canadian wood nettle,mapleleaf viburnum,lemon balm,western horsenettle
val/08460_Plantae_Tracheophyta_Magnoliopsida_Lamiales_Lamiaceae_Melissa_officinalis/158d2214-4e27-420d-b1ba-462614c4878d.jpg,411,470,0,470,12,337,411,335,0.10577392578125,0.0662841796875,0.053497314453125,0.0494384765625,0.04083251953125,1,4,lemon balm,Canadian wood nettle,Hadda Beetle,prairie dock,lemon balm,leafcup
val/08460_Plantae_Tracheophyta_Magnoliopsida_Lamiales_Lamiaceae_Melissa_officinalis/4d585888-aad1-442b-81ad-89deb2a752ad.jpg,411,434,0,434,411,335,471,459,0.10565185546875,0.09124755859375,0.083740234375,0.07421875,0.046356201171875,1,2,lemon balm,common copperleaf,lemon balm,leafcup,Dwarf Nettle,Korean mulberry
val/08460_Plantae_Tracheophyta_Magnoliopsida_Lamiales_Lamiaceae_Melissa_officinalis/d4b5160d-1070-4376-bb74-3462bc2897f0.jpg,411,359,0,359,411,338,312,471,0.0606689453125,0.058013916015625,0.045135498046875,0.0316162109375,0.030517578125,1,2,lemon balm,Sea Sandwort,lemon balm,common wrinkle-leaved goldenrod,Broad-leaved Chervil,Dwarf Nettle
val/08471_Plantae_Tracheophyta_Magnoliopsida_Lamiales_Lamiaceae_Monarda_punctata/e0c9566c-75d9-46fd-a190-28744d47a7cb.jpg,412,319,0,319,325,413,329,412,0.062103271484375,0.057220458984375,0.0380859375,0.0265655517578125,0.026336669921875,1,5,spotted horse mint,common burrobrush,tall boneset,white sage,Old Plainsman,spotted horse mint
val/08471_Plantae_Tracheophyta_Magnoliopsida_Lamiales_Lamiaceae_Monarda_punctata/ca7851d2-e523-41bf-8673-2df3f5db1707.jpg,412,325,0,325,483,396,412,359,0.056488037109375,0.0526123046875,0.051910400390625,0.03387451171875,0.0248565673828125,1,4,spotted horse mint,tall boneset,western horsenettle,white sweet clover,spotted horse mint,Sea Sandwort
val/08471_Plantae_Tracheophyta_Magnoliopsida_Lamiales_Lamiaceae_Monarda_punctata/0ce55980-3b4e-4a84-a8aa-20fa8a9292c5.jpg,412,9,0,9,15,412,77,115,0.0726318359375,0.047119140625,0.0213775634765625,0.020477294921875,0.0187225341796875,1,3,spotted horse mint,Spotted Longhorn,Oedemera femorata,spotted horse mint,Boisduval's Blue,Owly Sulphur
val/08471_Plantae_Tracheophyta_Magnoliopsida_Lamiales_Lamiaceae_Monarda_punctata/495c6115-58b3-4f3c-b7bd-08e1555a615e.jpg,412,391,0,391,412,421,281,360,0.1146240234375,0.10174560546875,0.07318115234375,0.07196044921875,0.05316162109375,1,2,spotted horse mint,longleaf phlox,spotted horse mint,Red Odontites,nodding onion,ragged-Robin
val/08471_Plantae_Tracheophyta_Magnoliopsida_Lamiales_Lamiaceae_Monarda_punctata/e0906512-1a1b-44b7-af12-d845ff0a83a6.jpg,412,325,0,325,412,396,329,347,0.130615234375,0.059906005859375,0.053131103515625,0.045440673828125,0.038421630859375,1,2,spotted horse mint,tall boneset,spotted horse mint,white sweet clover,Old Plainsman,European Searocket
val/08482_Plantae_Tracheophyta_Magnoliopsida_Lamiales_Lamiaceae_Salvia_apiana/611cf461-1487-4409-b7f4-0e3c13a89221.jpg,413,301,0,301,413,261,263,242,0.0526123046875,0.042266845703125,0.033355712890625,0.032684326171875,0.0221405029296875,1,2,white sage,snow trillium,white sage,scaly pelt lichen,Smooth Rock Tripe,Brown Basilisk
val/08482_Plantae_Tracheophyta_Magnoliopsida_Lamiales_Lamiaceae_Salvia_apiana/1ca6c1b7-8f4b-48c6-a679-aa9316a9c7db.jpg,413,357,0,357,413,239,274,37,0.08258056640625,0.045562744140625,0.04010009765625,0.028961181640625,0.0281982421875,1,2,white sage,viviparous foxtail cactus,white sage,Eastern Milksnake,ceramic parchment,Florida Carpenter Ant
val/08482_Plantae_Tracheophyta_Magnoliopsida_Lamiales_Lamiaceae_Salvia_apiana/4ee107c2-0d0d-4620-94ee-182cfff6f753.jpg,413,368,0,368,413,365,392,325,0.03643798828125,0.0265350341796875,0.0188751220703125,0.016693115234375,0.016021728515625,1,2,white sage,prostrate knotweed,white sage,skeleton weed,pygmy-flower rock-jasmine,tall boneset
val/08482_Plantae_Tracheophyta_Magnoliopsida_Lamiales_Lamiaceae_Salvia_apiana/22cf7a3a-6b7e-4c11-963b-86dc53161558.jpg,413,357,0,357,484,365,413,372,0.050872802734375,0.038299560546875,0.029083251953125,0.0272064208984375,0.0256805419921875,1,4,white sage,viviparous foxtail cactus,White Horse-nettle,skeleton weed,white sage,crucifixion thorn
val/08486_Plantae_Tracheophyta_Magnoliopsida_Lamiales_Lamiaceae_Salvia_columbariae/b5ab0c1f-c2ae-4924-8e7e-72198bc497c3.jpg,414,357,0,357,245,289,414,457,0.04339599609375,0.033172607421875,0.0311279296875,0.02850341796875,0.0219268798828125,1,4,chia,viviparous foxtail cactus,Mole Snake,Spring Crocus,chia,eastern pasqueflower
val/08486_Plantae_Tracheophyta_Magnoliopsida_Lamiales_Lamiaceae_Salvia_columbariae/bf9d2ae0-0e5b-48ea-8f1d-b3b13bd416f5.jpg,414,344,0,344,414,363,454,410,0.302734375,0.2181396484375,0.1204833984375,0.1123046875,0.0411376953125,1,2,chia,Salvation Jane,chia,Perez's sea lavender,common columbine,carpet bugle
val/08486_Plantae_Tracheophyta_Magnoliopsida_Lamiales_Lamiaceae_Salvia_columbariae/bb9f505a-f7a0-498d-b9ab-1aeb2ca0a9d1.jpg,414,351,0,351,486,153,15,414,0.04461669921875,0.041595458984375,0.0377197265625,0.0280303955078125,0.026275634765625,1,5,chia,Mountain Horopito,Pima Rhatany,Black-chinned Hummingbird,Oedemera femorata,chia
val/08512_Plantae_Tracheophyta_Magnoliopsida_Lamiales_Lamiaceae_Stachys_palustris/f319a92a-b8df-4d05-ba5e-54190d4ebe15.jpg,415,483,0,483,415,361,346,426,0.07177734375,0.044097900390625,0.037200927734375,0.034576416015625,0.034210205078125,1,2,Marsh Woundwort,western horsenettle,Marsh Woundwort,lesser stitchwort,water forget-me-not,Slender speedwell
val/08512_Plantae_Tracheophyta_Magnoliopsida_Lamiales_Lamiaceae_Stachys_palustris/1f98e7f3-5eeb-4bfe-acb8-28670bb9321e.jpg,415,291,0,291,415,295,360,431,0.181884765625,0.12469482421875,0.07867431640625,0.06494140625,0.04888916015625,1,2,Marsh Woundwort,Common Spotted Orchid,Marsh Woundwort,Philippine Ground Orchid,ragged-Robin,Dakota mock vervain
val/08523_Plantae_Tracheophyta_Magnoliopsida_Lamiales_Lamiaceae_Trichostema_lanatum/dfc04156-324a-45e9-bd8b-3d1dea7bd525.jpg,416,381,0,381,416,336,421,382,0.235107421875,0.1781005859375,0.1243896484375,0.113037109375,0.0362548828125,1,2,woolly blue curls,common heather,woolly blue curls,Woad-leaved ragwort,Red Odontites,sand heath
val/08523_Plantae_Tracheophyta_Magnoliopsida_Lamiales_Lamiaceae_Trichostema_lanatum/0d189d48-fb83-44d9-ad07-1e846e2f5d83.jpg,416,344,0,344,454,416,285,427,0.24169921875,0.1524658203125,0.0941162109375,0.0531005859375,0.03399658203125,1,3,woolly blue curls,Salvation Jane,common columbine,woolly blue curls,small camas,Butterfly bush
val/08523_Plantae_Tracheophyta_Magnoliopsida_Lamiales_Lamiaceae_Trichostema_lanatum/5e9a149c-7fb4-47df-8d4b-1121b9f27160.jpg,416,363,0,363,344,431,417,416,0.2061767578125,0.173583984375,0.1544189453125,0.08331298828125,0.07855224609375,1,5,woolly blue curls,Perez's sea lavender,Salvation Jane,Dakota mock vervain,Lilac chaste tree,woolly blue curls
val/08523_Plantae_Tracheophyta_Magnoliopsida_Lamiales_Lamiaceae_Trichostema_lanatum/45972334-ccb7-46f9-8681-bed1aebe7a54.jpg,416,419,0,419,416,295,336,363,0.1619873046875,0.1563720703125,0.07989501953125,0.065673828125,0.045684814453125,1,2,woolly blue curls,Purple paintbrush,woolly blue curls,Philippine Ground Orchid,Woad-leaved ragwort,Perez's sea lavender
val/08526_Plantae_Tracheophyta_Magnoliopsida_Lamiales_Lamiaceae_Vitex_agnus-castus/068d48e1-ca20-4c7a-8574-9dec0631ff4e.jpg,417,396,0,396,320,322,284,417,0.05499267578125,0.045013427734375,0.04254150390625,0.040069580078125,0.035736083984375,1,5,Lilac chaste tree,white sweet clover,common mugwort,Texas Thistle,asparagus,Lilac chaste tree
val/08526_Plantae_Tracheophyta_Magnoliopsida_Lamiales_Lamiaceae_Vitex_agnus-castus/8e7e1f9a-2753-4adc-ba4f-6386e9dd533d.jpg,417,409,0,409,410,417,426,286,0.1414794921875,0.10272216796875,0.064697265625,0.06439208984375,0.05450439453125,1,3,Lilac chaste tree,Blue Bugle,carpet bugle,Lilac chaste tree,Slender speedwell,Grape hyacinth
val/08526_Plantae_Tracheophyta_Magnoliopsida_Lamiales_Lamiaceae_Vitex_agnus-castus/b4dbae9c-bc23-459d-9778-7a39da917ad7.jpg,417,431,0,431,417,416,344,454,0.311767578125,0.1378173828125,0.07977294921875,0.0628662109375,0.053985595703125,1,2,Lilac chaste tree,Dakota mock vervain,Lilac chaste tree,woolly blue curls,Salvation Jane,common columbine
val/08569_Plantae_Tracheophyta_Magnoliopsida_Lamiales_Orobanchaceae_Castilleja_arvensis/eae83514-fb07-403d-bb4e-bdbff3392ce5.jpg,418,478,0,478,418,422,481,476,0.3203125,0.1707763671875,0.159912109375,0.07275390625,0.0548095703125,1,2,field Indian paintbrush,western roseroot,field Indian paintbrush,Indian Warrior,red morning glory,Red Buckeye
val/08569_Plantae_Tracheophyta_Magnoliopsida_Lamiales_Orobanchaceae_Castilleja_arvensis/46f5bfaa-981e-476f-8c00-3ca9e66b388c.jpg,418,369,0,369,418,298,450,397,0.1893310546875,0.1527099609375,0.07427978515625,0.0384521484375,0.038116455078125,1,2,field Indian paintbrush,beach knotweed,field Indian paintbrush,scarlet fritillary,red pagoda,Common Flat-pea
val/08569_Plantae_Tracheophyta_Magnoliopsida_Lamiales_Orobanchaceae_Castilleja_arvensis/f912c4db-f377-4fb1-957d-9f15b0535a41.jpg,418,298,0,298,418,423,481,300,0.224609375,0.13671875,0.08514404296875,0.0653076171875,0.034515380859375,1,2,field Indian paintbrush,scarlet fritillary,field Indian paintbrush,scarlet monkeyflower,red morning glory,Leopard Lily
val/08569_Plantae_Tracheophyta_Magnoliopsida_Lamiales_Orobanchaceae_Castilleja_arvensis/88ebe572-dc20-4ba9-8618-a9106c1262aa.jpg,418,367,0,367,415,360,476,418,0.1365966796875,0.050262451171875,0.0394287109375,0.038116455078125,0.03607177734375,1,5,field Indian paintbrush,redshank,Marsh Woundwort,ragged-Robin,Red Buckeye,field Indian paintbrush
val/08583_Plantae_Tracheophyta_Magnoliopsida_Lamiales_Orobanchaceae_Castilleja_purpurea/1caf2b36-45e8-471e-8de3-38b6102408c6.jpg,419,16,0,16,419,40,322,15,0.19384765625,0.139892578125,0.06951904296875,0.0537109375,0.05145263671875,1,2,Purple paintbrush,Kern's Flower Scarab,Purple paintbrush,Metallic Epauletted-Sweat Bee,Texas Thistle,Oedemera femorata
val/08592_Plantae_Tracheophyta_Magnoliopsida_Lamiales_Orobanchaceae_Epifagus_virginiana/e46e468f-a851-4564-9a86-d4303f63a86c.jpg,420,140,0,140,292,269,420,133,0.1607666015625,0.07061767578125,0.060546875,0.04864501953125,0.0318603515625,1,4,Beechdrops,Spiny Seahorse,checkered rattlesnake plantain,Peppery Bolete,Beechdrops,Snakeskin Wrasse
val/08592_Plantae_Tracheophyta_Magnoliopsida_Lamiales_Orobanchaceae_Epifagus_virginiana/c24e6744-7b43-4453-ae7e-2a64af7954f2.jpg,420,75,0,75,420,64,65,236,0.1072998046875,0.047027587890625,0.035736083984375,0.03033447265625,0.021820068359375,1,2,Beechdrops,Spring Azure,Beechdrops,Desert Checkered-Skipper,Juvenal's Duskywing,Italian Slow Worm
val/08600_Plantae_Tracheophyta_Magnoliopsida_Lamiales_Orobanchaceae_Odontites_vulgaris/bba3754b-cbb6-41b2-8ebd-d4fd0d19d711.jpg,421,386,0,386,381,421,362,387,0.1044921875,0.09515380859375,0.068115234375,0.04241943359375,0.023529052734375,1,3,Red Odontites,alpine azalea,common heather,Red Odontites,Small-leaved Blinks,Prickly mingimingi
val/08600_Plantae_Tracheophyta_Magnoliopsida_Lamiales_Orobanchaceae_Odontites_vulgaris/bd002e9e-95ae-4349-81c9-c202f276f0ec.jpg,421,446,0,446,294,421,419,97,0.0946044921875,0.061676025390625,0.04290771484375,0.039215087890625,0.0266571044921875,1,3,Red Odontites,rose evening primrose,Fly Orchid,Red Odontites,Purple paintbrush,Large White Butterfly
val/08600_Plantae_Tracheophyta_Magnoliopsida_Lamiales_Orobanchaceae_Odontites_vulgaris/de64ad3a-a66c-45f3-b36a-36c594358b9b.jpg,421,446,0,446,421,415,419,367,0.12548828125,0.12261962890625,0.0872802734375,0.0682373046875,0.052276611328125,1,2,Red Odontites,rose evening primrose,Red Odontites,Marsh Woundwort,Purple paintbrush,redshank
val/08606_Plantae_Tracheophyta_Magnoliopsida_Lamiales_Orobanchaceae_Pedicularis_densiflora/9ae02f03-ec1e-48eb-9d26-e7a99f39e02c.jpg,422,419,0,419,422,40,476,388,0.0899658203125,0.073486328125,0.053619384765625,0.046783447265625,0.039031982421875,1,2,Indian Warrior,Purple paintbrush,Indian Warrior,Metallic Epauletted-Sweat Bee,Red Buckeye,black huckleberry
val/08606_Plantae_Tracheophyta_Magnoliopsida_Lamiales_Orobanchaceae_Pedicularis_densiflora/2f65718b-5af6-43ef-a924-5cb9afb18e28.jpg,422,486,0,486,422,357,419,355,0.3876953125,0.11370849609375,0.091552734375,0.0880126953125,0.033233642578125,1,2,Indian Warrior,Pima Rhatany,Indian Warrior,viviparous foxtail cactus,Purple paintbrush,Spiny Hedgehog Cactus
val/08626_Plantae_Tracheophyta_Magnoliopsida_Lamiales_Phrymaceae_Erythranthe_cardinalis/00560db5-2a6f-4f74-a763-902f55c76d24.jpg,423,298,0,298,423,299,481,300,0.335693359375,0.1690673828125,0.10626220703125,0.08636474609375,0.066650390625,1,2,scarlet monkeyflower,scarlet fritillary,scarlet monkeyflower,fire lily,red morning glory,Leopard Lily
val/08626_Plantae_Tracheophyta_Magnoliopsida_Lamiales_Phrymaceae_Erythranthe_cardinalis/154434d4-15ec-4a2c-83d5-174164e0c3d0.jpg,423,422,0,422,478,298,423,351,0.051849365234375,0.044219970703125,0.038604736328125,0.0306243896484375,0.026580810546875,1,4,scarlet monkeyflower,Indian Warrior,western roseroot,scarlet fritillary,scarlet monkeyflower,Mountain Horopito
val/08633_Plantae_Tracheophyta_Magnoliopsida_Lamiales_Phrymaceae_Phryma_leptostachya/d8274dfe-a791-42ed-b000-48266b0f682d.jpg,424,335,0,335,482,377,424,332,0.06878662109375,0.034149169921875,0.032379150390625,0.03173828125,0.0251617431640625,1,4,American lopseed,leafcup,Obscure Morning Glory,Western Snowberry,American lopseed,white rattlesnakeroot
val/08633_Plantae_Tracheophyta_Magnoliopsida_Lamiales_Phrymaceae_Phryma_leptostachya/d676af5b-f2f3-48fa-aeef-284799a822ec.jpg,424,44,0,44,424,313,74,364,0.035400390625,0.034027099609375,0.028839111328125,0.026763916015625,0.0262603759765625,1,2,American lopseed,Pearl Veneer,American lopseed,upright hedge-parsley,Forget-me-not,alpine bistort
val/08687_Plantae_Tracheophyta_Magnoliopsida_Lamiales_Plantaginaceae_Veronica_americana/9cd28f70-e288-49ba-802d-76d2f5f5b18b.jpg,425,455,0,455,342,425,290,454,0.09918212890625,0.0750732421875,0.0682373046875,0.046417236328125,0.039093017578125,1,3,American brooklime,Swamp Leather Flower,California Harebell,American brooklime,Red Helleborine,common columbine
val/08687_Plantae_Tracheophyta_Magnoliopsida_Lamiales_Plantaginaceae_Veronica_americana/e1e919b7-b5a3-402f-9b81-fa8bc73017a1.jpg,425,345,0,345,342,346,425,430,0.049468994140625,0.045623779296875,0.045074462890625,0.042633056640625,0.0294952392578125,1,4,American brooklime,broadleaf forget-me-not,California Harebell,water forget-me-not,American brooklime,golden dewdrop
val/08687_Plantae_Tracheophyta_Magnoliopsida_Lamiales_Plantaginaceae_Veronica_americana/aeb98672-b6fb-4e2c-b998-fbb429bd7121.jpg,425,63,0,63,425,430,345,409,0.0552978515625,0.0360107421875,0.0296783447265625,0.0293426513671875,0.0255584716796875,1,2,American brooklime,Least Skipper,American brooklime,golden dewdrop,broadleaf forget-me-not,Blue Bugle
val/08693_Plantae_Tracheophyta_Magnoliopsida_Lamiales_Plantaginaceae_Veronica_filiformis/f6f27893-6a51-40e0-b5a1-12b14fb792a2.jpg,426,430,0,430,426,410,359,375,0.07379150390625,0.05279541015625,0.03277587890625,0.02227783203125,0.0198974609375,1,2,Slender speedwell,golden dewdrop,Slender speedwell,carpet bugle,Sea Sandwort,Tree Tutu
val/08693_Plantae_Tracheophyta_Magnoliopsida_Lamiales_Plantaginaceae_Veronica_filiformis/432bf42b-1aa5-445f-a0e6-23367cfad3f6.jpg,426,345,0,345,346,426,453,455,0.267333984375,0.19482421875,0.185546875,0.038055419921875,0.0301666259765625,1,3,Slender speedwell,broadleaf forget-me-not,water forget-me-not,Slender speedwell,meadow anemone,Swamp Leather Flower
val/08709_Plantae_Tracheophyta_Magnoliopsida_Lamiales_Scrophulariaceae_Buddleja_davidii/947899dc-fa5c-4516-ad1b-c9d70ae6322a.jpg,427,444,0,444,422,478,427,446,0.08233642578125,0.062103271484375,0.053192138671875,0.035186767578125,0.0254058837890625,1,4,Butterfly bush,Island Mallow,Indian Warrior,western roseroot,Butterfly bush,rose evening primrose
val/08709_Plantae_Tracheophyta_Magnoliopsida_Lamiales_Scrophulariaceae_Buddleja_davidii/d85875ff-e14d-4a58-8c08-6799aebe670f.jpg,427,322,0,322,427,16,415,291,0.354736328125,0.114501953125,0.071533203125,0.0418701171875,0.0384521484375,1,2,Butterfly bush,Texas Thistle,Butterfly bush,Kern's Flower Scarab,Marsh Woundwort,Common Spotted Orchid
val/08709_Plantae_Tracheophyta_Magnoliopsida_Lamiales_Scrophulariaceae_Buddleja_davidii/313c24c9-ada9-4454-ba9d-9714ad9a9c29.jpg,427,431,0,431,291,427,415,454,0.36572265625,0.045745849609375,0.04364013671875,0.035552978515625,0.0306854248046875,1,3,Butterfly bush,Dakota mock vervain,Common Spotted Orchid,Butterfly bush,Marsh Woundwort,common columbine
val/08709_Plantae_Tracheophyta_Magnoliopsida_Lamiales_Scrophulariaceae_Buddleja_davidii/e92990fc-24f3-4d24-8dae-68b90bb19d72.jpg,427,363,0,363,431,427,322,291,0.2381591796875,0.1142578125,0.08660888671875,0.08392333984375,0.0750732421875,1,3,Butterfly bush,Perez's sea lavender,Dakota mock vervain,Butterfly bush,Texas Thistle,Common Spotted Orchid
val/08717_Plantae_Tracheophyta_Magnoliopsida_Lamiales_Scrophulariaceae_Verbascum_nigrum/2c174a65-b3b8-4c9c-ba44-1ff67c0d79de.jpg,428,284,0,284,428,338,337,399,0.1654052734375,0.07861328125,0.052978515625,0.050628662109375,0.03759765625,1,2,Dark Mullein,asparagus,Dark Mullein,common wrinkle-leaved goldenrod,prairie dock,California goldenbanner
val/08717_Plantae_Tracheophyta_Magnoliopsida_Lamiales_Scrophulariaceae_Verbascum_nigrum/aaf84eda-43f9-4e5c-836b-052cfa5c3ff8.jpg,428,341,0,341,20,399,321,428,0.08258056640625,0.0521240234375,0.048309326171875,0.042144775390625,0.03973388671875,1,5,Dark Mullein,tree marigold,Mexican Cactus Fly,California goldenbanner,tickseed beggar-ticks,Dark Mullein
val/08717_Plantae_Tracheophyta_Magnoliopsida_Lamiales_Scrophulariaceae_Verbascum_nigrum/82ffa4e3-c65e-43c0-9a5e-f5432f3607c7.jpg,428,394,0,394,428,429,449,438,0.1134033203125,0.09918212890625,0.0716552734375,0.043792724609375,0.04217529296875,1,2,Dark Mullein,longleaf wattle,Dark Mullein,Wand Mullein,Golden Sunshinebush,Klamath weed
val/08717_Plantae_Tracheophyta_Magnoliopsida_Lamiales_Scrophulariaceae_Verbascum_nigrum/6ad94561-f2b7-4f30-8f9b-26ac8b76a322.jpg,428,382,0,382,428,383,325,326,0.0560302734375,0.037017822265625,0.0357666015625,0.027923583984375,0.0274505615234375,1,2,Dark Mullein,sand heath,Dark Mullein,Inaka,tall boneset,dogfennel
val/08719_Plantae_Tracheophyta_Magnoliopsida_Lamiales_Scrophulariaceae_Verbascum_virgatum/499fe066-44a9-4954-85dc-b1052a9f2ba6.jpg,429,323,0,323,401,334,400,429,0.1495361328125,0.08050537109375,0.06219482421875,0.052886962890625,0.050262451171875,1,5,Wand Mullein,narrow-leaved hawksbeard,Yellow milkwort,Great Plains Ragwort,candyroot,Wand Mullein
val/08719_Plantae_Tracheophyta_Magnoliopsida_Lamiales_Scrophulariaceae_Verbascum_virgatum/5fe22ad4-a12d-4963-bded-62bb199836e7.jpg,429,428,0,428,429,327,400,294,0.07464599609375,0.0498046875,0.04217529296875,0.041778564453125,0.0352783203125,1,2,Wand Mullein,Dark Mullein,Wand Mullein,great blanketflower,candyroot,Fly Orchid
val/08723_Plantae_Tracheophyta_Magnoliopsida_Lamiales_Verbenaceae_Duranta_erecta/5b9c59f6-fdef-46e0-8b66-0626ecb805b6.jpg,430,345,0,345,430,425,346,455,0.137451171875,0.10772705078125,0.1072998046875,0.0797119140625,0.04473876953125,1,2,golden dewdrop,broadleaf forget-me-not,golden dewdrop,American brooklime,water forget-me-not,Swamp Leather Flower
val/08723_Plantae_Tracheophyta_Magnoliopsida_Lamiales_Verbenaceae_Duranta_erecta/18a472fc-2707-4ed1-b396-747100d02e84.jpg,430,431,0,431,291,430,415,290,0.23291015625,0.11505126953125,0.077392578125,0.05853271484375,0.04632568359375,1,3,golden dewdrop,Dakota mock vervain,Common Spotted Orchid,golden dewdrop,Marsh Woundwort,Red Helleborine
val/08723_Plantae_Tracheophyta_Magnoliopsida_Lamiales_Verbenaceae_Duranta_erecta/a82b1fc8-29a6-4291-9acc-d1908f1f8b48.jpg,430,398,0,398,430,379,345,477,0.044677734375,0.037689208984375,0.03399658203125,0.03387451171875,0.030670166015625,1,2,golden dewdrop,black locust,golden dewdrop,strawberry tree,broadleaf forget-me-not,jade plant
val/08723_Plantae_Tracheophyta_Magnoliopsida_Lamiales_Verbenaceae_Duranta_erecta/49623efc-bcee-4919-ab21-ddce4c379230.jpg,430,433,0,433,430,460,439,361,0.03314208984375,0.0300140380859375,0.021484375,0.0206756591796875,0.0205078125,1,2,golden dewdrop,umbrella magnolia,golden dewdrop,parsley hawthorn,bebb's willow,lesser stitchwort
val/08724_Plantae_Tracheophyta_Magnoliopsida_Lamiales_Verbenaceae_Glandularia_bipinnatifida/3ff5e1b0-7761-4ab7-9cc2-74d815b0c011.jpg,431,289,0,289,431,322,357,390,0.1671142578125,0.121337890625,0.11151123046875,0.06927490234375,0.05511474609375,1,2,Dakota mock vervain,Spring Crocus,Dakota mock vervain,Texas Thistle,viviparous foxtail cactus,Drummond's phlox
val/08724_Plantae_Tracheophyta_Magnoliopsida_Lamiales_Verbenaceae_Glandularia_bipinnatifida/3761f156-3477-41b5-8709-6519551ee742.jpg,431,391,0,391,350,431,446,289,0.10015869140625,0.07147216796875,0.06219482421875,0.056640625,0.0433349609375,1,3,Dakota mock vervain,longleaf phlox,California shieldpod,Dakota mock vervain,rose evening primrose,Spring Crocus
val/08724_Plantae_Tracheophyta_Magnoliopsida_Lamiales_Verbenaceae_Glandularia_bipinnatifida/555c6533-0c73-49bb-9160-6c510fd9a958.jpg,431,289,0,289,431,416,322,427,0.203369140625,0.1666259765625,0.1402587890625,0.07965087890625,0.06500244140625,1,2,Dakota mock vervain,Spring Crocus,Dakota mock vervain,woolly blue curls,Texas Thistle,Butterfly bush
val/08724_Plantae_Tracheophyta_Magnoliopsida_Lamiales_Verbenaceae_Glandularia_bipinnatifida/13d7c883-84d7-489e-b465-5d88dcf42f76.jpg,431,295,0,295,431,290,390,416,0.346923828125,0.30859375,0.1435546875,0.046600341796875,0.04144287109375,1,2,Dakota mock vervain,Philippine Ground Orchid,Dakota mock vervain,Red Helleborine,Drummond's phlox,woolly blue curls
val/08763_Plantae_Tracheophyta_Magnoliopsida_Magnoliales_Magnoliaceae_Magnolia_tripetala/cf44fc3d-659e-41fd-bb26-2f9c6585bc5d.jpg,433,480,0,480,460,408,433,424,0.04693603515625,0.03448486328125,0.034271240234375,0.029815673828125,0.0245513916015625,1,4,umbrella magnolia,youth on age,parsley hawthorn,Kanono,umbrella magnolia,American lopseed
val/08763_Plantae_Tracheophyta_Magnoliopsida_Magnoliales_Magnoliaceae_Magnolia_tripetala/bc874ef7-568f-416b-865b-0ae6b9c0834f.jpg,433,400,0,400,103,433,473,409,0.039947509765625,0.03948974609375,0.032684326171875,0.0279083251953125,0.025787353515625,1,3,umbrella magnolia,candyroot,Small Emperor Moth,umbrella magnolia,poison ivy,Blue Bugle
val/08767_Plantae_Tracheophyta_Magnoliopsida_Malpighiales_Euphorbiaceae_Acalypha_rhomboidea/d95c79f1-4e8f-4f82-bea8-f65095222b09.jpg,434,466,0,466,314,459,434,332,0.038330078125,0.036346435546875,0.035186767578125,0.03271484375,0.031097412109375,1,4,common copperleaf,Himalayan-berry,Japanese aralia,Korean mulberry,common copperleaf,white rattlesnakeroot
val/08767_Plantae_Tracheophyta_Magnoliopsida_Malpighiales_Euphorbiaceae_Acalypha_rhomboidea/9e574794-07b3-4722-97ea-9e92bd6ebf76.jpg,434,411,0,411,434,471,335,459,0.0506591796875,0.049896240234375,0.038330078125,0.031768798828125,0.0270233154296875,1,2,common copperleaf,lemon balm,common copperleaf,Dwarf Nettle,leafcup,Korean mulberry
val/08773_Plantae_Tracheophyta_Magnoliopsida_Malpighiales_Euphorbiaceae_Croton_glandulosus/8e795815-c361-4814-b699-cf1aa9e6f69e.jpg,435,24,0,24,396,423,435,305,0.06195068359375,0.054443359375,0.049102783203125,0.048797607421875,0.02923583984375,1,4,Tropic Croton,Hemlock Woolly Adelgid,white sweet clover,scarlet monkeyflower,Tropic Croton,common three-square
val/08773_Plantae_Tracheophyta_Magnoliopsida_Malpighiales_Euphorbiaceae_Croton_glandulosus/036122a5-799a-4faa-baab-3f7d44bf4048.jpg,435,446,0,446,368,435,283,369,0.11993408203125,0.08575439453125,0.04876708984375,0.042755126953125,0.03228759765625,1,3,Tropic Croton,rose evening primrose,prostrate knotweed,Tropic Croton,Spiny Asparagus,beach knotweed
val/08773_Plantae_Tracheophyta_Magnoliopsida_Malpighiales_Euphorbiaceae_Croton_glandulosus/57d1bc8f-0e5a-49fe-982d-4597f3c96c84.jpg,435,377,0,377,63,424,435,331,0.030242919921875,0.02764892578125,0.0215911865234375,0.018646240234375,0.0169830322265625,1,4,Tropic Croton,Western Snowberry,Least Skipper,American lopseed,Tropic Croton,Snow Squarestem
val/08818_Plantae_Tracheophyta_Magnoliopsida_Malpighiales_Euphorbiaceae_Manihot_esculenta/96d985bf-1b2b-44df-aa33-66c90bb6b78f.jpg,437,317,0,317,437,476,424,466,0.104736328125,0.06585693359375,0.056549072265625,0.028167724609375,0.0251007080078125,1,2,Cassava,American holly,Cassava,Red Buckeye,American lopseed,Himalayan-berry
val/08818_Plantae_Tracheophyta_Magnoliopsida_Malpighiales_Euphorbiaceae_Manihot_esculenta/35a8b842-3034-4dfc-b7e2-886ddca9abc3.jpg,437,434,0,434,485,459,437,475,0.06439208984375,0.0469970703125,0.043731689453125,0.034576416015625,0.032562255859375,1,4,Cassava,common copperleaf,Porcelain Berry,Korean mulberry,Cassava,field maple
val/08818_Plantae_Tracheophyta_Magnoliopsida_Malpighiales_Euphorbiaceae_Manihot_esculenta/8b3b87b4-557f-4eb7-9005-b57efbf71030.jpg,437,460,0,460,447,434,437,459,0.0303955078125,0.029083251953125,0.026580810546875,0.02374267578125,0.0218353271484375,1,4,Cassava,parsley hawthorn,Wineberry,common copperleaf,Cassava,Korean mulberry
val/08818_Plantae_Tracheophyta_Magnoliopsida_Malpighiales_Euphorbiaceae_Manihot_esculenta/967a7a1c-743e-494a-abd1-bfdd9546220c.jpg,437,388,0,388,434,437,471,411,0.063720703125,0.03936767578125,0.038238525390625,0.034942626953125,0.032135009765625,1,3,Cassava,black huckleberry,common copperleaf,Cassava,Dwarf Nettle,lemon balm
val/08834_Plantae_Tracheophyta_Magnoliopsida_Malpighiales_Hypericaceae_Hypericum_perforatum/d069acb3-fc38-49f3-978f-440daae8f996.jpg,438,323,0,323,327,400,438,328,0.161865234375,0.09954833984375,0.09588623046875,0.073974609375,0.04547119140625,1,4,Klamath weed,narrow-leaved hawksbeard,great blanketflower,candyroot,Klamath weed,Bitterweed
val/08834_Plantae_Tracheophyta_Magnoliopsida_Malpighiales_Hypericaceae_Hypericum_perforatum/9fe5f8af-7f7d-43a1-ae20-94386c82dc12.jpg,438,328,0,328,428,438,321,284,0.081298828125,0.07073974609375,0.060455322265625,0.05780029296875,0.042083740234375,1,3,Klamath weed,Bitterweed,Dark Mullein,Klamath weed,tickseed beggar-ticks,asparagus
val/08834_Plantae_Tracheophyta_Magnoliopsida_Malpighiales_Hypericaceae_Hypericum_perforatum/51d6b949-d927-44dc-a636-4bd229a8f57c.jpg,438,321,0,321,334,438,328,452,0.24755859375,0.1695556640625,0.1668701171875,0.105224609375,0.0570068359375,1,3,Klamath weed,tickseed beggar-ticks,Great Plains Ragwort,Klamath weed,Bitterweed,Spring Adonis
val/08834_Plantae_Tracheophyta_Magnoliopsida_Malpighiales_Hypericaceae_Hypericum_perforatum/1a080637-7a5a-485d-a2bd-5f36efe45041.jpg,438,328,0,328,321,438,334,338,0.279541015625,0.168212890625,0.1304931640625,0.0836181640625,0.08294677734375,1,3,Klamath weed,Bitterweed,tickseed beggar-ticks,Klamath weed,Great Plains Ragwort,common wrinkle-leaved goldenrod
val/08834_Plantae_Tracheophyta_Magnoliopsida_Malpighiales_Hypericaceae_Hypericum_perforatum/34f970d8-0478-43ed-90fa-3769ded6373f.jpg,438,328,0,328,321,438,334,338,0.16943359375,0.1629638671875,0.10687255859375,0.082275390625,0.07244873046875,1,3,Klamath weed,Bitterweed,tickseed beggar-ticks,Klamath weed,Great Plains Ragwort,common wrinkle-leaved goldenrod
val/08869_Plantae_Tracheophyta_Magnoliopsida_Malpighiales_Salicaceae_Salix_cinerea/7afc7e67-d2ee-403f-8a4f-01d56af9f33a.jpg,440,359,0,359,29,440,117,404,0.0880126953125,0.040252685546875,0.03936767578125,0.034759521484375,0.034576416015625,1,3,Grey Willow,Sea Sandwort,European Striped Shield Bug,Grey Willow,Common Blue Damselfly,California Wax Myrtle
val/08878_Plantae_Tracheophyta_Magnoliopsida_Malpighiales_Salicaceae_Salix_nigra/1624d7cd-df20-4892-8c14-f2e1124aa12b.jpg,441,488,0,488,441,287,382,395,0.040985107421875,0.0390625,0.0361328125,0.033935546875,0.024078369140625,1,2,black willow,baldcypress,black willow,Branched Asphodel,sand heath,Scotch Broom
val/08878_Plantae_Tracheophyta_Magnoliopsida_Malpighiales_Salicaceae_Salix_nigra/8ce6b4b5-75c6-4a55-8b2d-2c50102e2241.jpg,441,449,0,449,382,394,493,441,0.2320556640625,0.180419921875,0.02532958984375,0.0248870849609375,0.023529052734375,1,5,black willow,Golden Sunshinebush,sand heath,longleaf wattle,tangle fern,black willow
val/08912_Plantae_Tracheophyta_Magnoliopsida_Malpighiales_Violaceae_Viola_rotundifolia/5a3375cc-de77-4b55-8749-bc63bc4cb8d9.jpg,442,315,0,315,462,442,332,311,0.19580078125,0.129638671875,0.065185546875,0.056976318359375,0.0310821533203125,1,3,Round-leaved Violet,dwarf ginseng,dwarf cinquefoil,Round-leaved Violet,white rattlesnakeroot,princess pine
val/08912_Plantae_Tracheophyta_Magnoliopsida_Malpighiales_Violaceae_Viola_rotundifolia/8cc2b220-1fb0-45d2-a0dc-541bccbb5e4b.jpg,442,400,0,400,442,323,327,452,0.40576171875,0.0958251953125,0.0574951171875,0.045501708984375,0.043701171875,1,2,Round-leaved Violet,candyroot,Round-leaved Violet,narrow-leaved hawksbeard,great blanketflower,Spring Adonis
val/08912_Plantae_Tracheophyta_Magnoliopsida_Malpighiales_Violaceae_Viola_rotundifolia/14ee43bd-2b36-43c4-b684-2b734f19cacc.jpg,442,400,0,400,442,462,452,327,0.1597900390625,0.143798828125,0.08441162109375,0.033233642578125,0.0207672119140625,1,2,Round-leaved Violet,candyroot,Round-leaved Violet,dwarf cinquefoil,Spring Adonis,great blanketflower
val/08930_Plantae_Tracheophyta_Magnoliopsida_Malvales_Malvaceae_Abutilon_theophrasti/9c6cf0ab-26fb-40ee-ac29-a9970c0a2a5e.jpg,443,294,0,294,443,115,31,125,0.033294677734375,0.029541015625,0.0283966064453125,0.0247802734375,0.02423095703125,1,2,velvetleaf,Fly Orchid,velvetleaf,Owly Sulphur,Southern Green Stink Bug,Long-winged Conehead
val/08930_Plantae_Tracheophyta_Magnoliopsida_Malvales_Malvaceae_Abutilon_theophrasti/abca2091-a4c9-491a-b30c-a75e270ee28d.jpg,443,482,0,482,377,445,55,443,0.0340576171875,0.030242919921875,0.0250701904296875,0.0224456787109375,0.020233154296875,1,5,velvetleaf,Obscure Morning Glory,Western Snowberry,Cherry Tree,Latticed Heath,velvetleaf
val/08930_Plantae_Tracheophyta_Magnoliopsida_Malvales_Malvaceae_Abutilon_theophrasti/9a198bfd-3764-4a19-9168-9e6c4694ae94.jpg,443,483,0,483,484,443,446,339,0.08697509765625,0.038818359375,0.02880859375,0.0283050537109375,0.026824951171875,1,3,velvetleaf,western horsenettle,White Horse-nettle,velvetleaf,rose evening primrose,prickly sowthistle
val/08956_Plantae_Tracheophyta_Magnoliopsida_Malvales_Malvaceae_Malva_assurgentiflora/8e89609c-f2d9-47d1-8936-2cbd441872a5.jpg,444,486,0,486,380,444,436,397,0.11767578125,0.1170654296875,0.08892822265625,0.06610107421875,0.0210418701171875,1,3,Island Mallow,Pima Rhatany,Big Berry Manzanita,Island Mallow,Florida Hammock Sandmat,Common Flat-pea
val/08956_Plantae_Tracheophyta_Magnoliopsida_Malvales_Malvaceae_Malva_assurgentiflora/3d44a0b9-a6b0-496f-8f36-b24976a8e5c5.jpg,444,16,0,16,39,444,354,40,0.15283203125,0.13427734375,0.10552978515625,0.09906005859375,0.049072265625,1,3,Island Mallow,Kern's Flower Scarab,Pure Green Sweat Bee,Island Mallow,Strawberry Cactus,Metallic Epauletted-Sweat Bee
val/08956_Plantae_Tracheophyta_Magnoliopsida_Malvales_Malvaceae_Malva_assurgentiflora/096efc2c-585a-4425-90a5-fff612a3f587.jpg,444,350,0,350,444,469,380,405,0.040252685546875,0.030609130859375,0.0199432373046875,0.0178680419921875,0.0177764892578125,1,2,Island Mallow,California shieldpod,Island Mallow,Siberian elm,Big Berry Manzanita,Coast silk tassel
val/08956_Plantae_Tracheophyta_Magnoliopsida_Malvales_Malvaceae_Malva_assurgentiflora/cde6e6eb-b8a2-4c04-b0ed-1c85798eb4f5.jpg,444,302,0,302,460,408,444,402,0.1539306640625,0.04534912109375,0.03515625,0.034454345703125,0.030914306640625,1,4,Island Mallow,painted trillium,parsley hawthorn,Kanono,Island Mallow,swamp chestnut oak
val/08987_Plantae_Tracheophyta_Magnoliopsida_Malvales_Muntingiaceae_Muntingia_calabura/c903af6d-475e-46a4-805c-66e5e91f404d.jpg,445,482,0,482,61,9,265,445,0.052093505859375,0.04052734375,0.0302581787109375,0.028411865234375,0.0250091552734375,1,5,Cherry Tree,Obscure Morning Glory,White Slant-line,Spotted Longhorn,green-spored parasol,Cherry Tree
val/08987_Plantae_Tracheophyta_Magnoliopsida_Malvales_Muntingiaceae_Muntingia_calabura/54d0f863-a0ee-4533-94b9-f6e01ec136ce.jpg,445,428,0,428,124,445,394,443,0.0224151611328125,0.022308349609375,0.0193939208984375,0.019378662109375,0.0164642333984375,1,3,Cherry Tree,Dark Mullein,Obscure Bird Grasshopper,Cherry Tree,longleaf wattle,velvetleaf
val/08987_Plantae_Tracheophyta_Magnoliopsida_Malvales_Muntingiaceae_Muntingia_calabura/d84ba42c-83c5-45c3-9eef-0f59dab00da5.jpg,445,9,0,9,445,69,453,28,0.036956787109375,0.031463623046875,0.0244598388671875,0.023651123046875,0.02276611328125,1,2,Cherry Tree,Spotted Longhorn,Cherry Tree,Long Dash Skipper,meadow anemone,Alfalfa Plant Bug
val/09069_Plantae_Tracheophyta_Magnoliopsida_Myrtales_Onagraceae_Oenothera_rosea/4e5440c8-2ccc-468d-883d-9726fec1e374.jpg,446,295,0,295,446,322,290,390,0.173583984375,0.142578125,0.052490234375,0.043426513671875,0.0215911865234375,1,2,rose evening primrose,Philippine Ground Orchid,rose evening primrose,Texas Thistle,Red Helleborine,Drummond's phlox
val/09069_Plantae_Tracheophyta_Magnoliopsida_Myrtales_Onagraceae_Oenothera_rosea/33440767-6cc2-423a-a895-f514d9390ecb.jpg,446,390,0,390,446,388,460,345,0.0665283203125,0.06024169921875,0.057525634765625,0.04132080078125,0.03240966796875,1,2,rose evening primrose,Drummond's phlox,rose evening primrose,black huckleberry,parsley hawthorn,broadleaf forget-me-not
val/09089_Plantae_Tracheophyta_Magnoliopsida_Oxalidales_Elaeocarpaceae_Aristotelia_serrata/4dd7b937-bf19-4a8f-98b1-104c6d96634c.jpg,447,465,0,465,404,447,375,385,0.0550537109375,0.04754638671875,0.0386962890625,0.032989501953125,0.030792236328125,1,3,Wineberry,Blackthorn,California Wax Myrtle,Wineberry,Tree Tutu,Gaultheria antipoda
val/09089_Plantae_Tracheophyta_Magnoliopsida_Oxalidales_Elaeocarpaceae_Aristotelia_serrata/d19f108e-28c9-4e16-abba-1f76ac688d2d.jpg,447,351,0,351,267,447,261,408,0.29296875,0.070556640625,0.039093017578125,0.03411865234375,0.0311126708984375,1,3,Wineberry,Mountain Horopito,Lichen Agaric,Wineberry,scaly pelt lichen,Kanono
val/09124_Plantae_Tracheophyta_Magnoliopsida_Proteales_Proteaceae_Banksia_integrifolia/ae03e9c8-675d-4bf9-a51e-3c6673867e91.jpg,448,371,0,371,329,448,393,24,0.04632568359375,0.0430908203125,0.02655029296875,0.026214599609375,0.0222625732421875,1,3,Coastal Banksia,canaigre dock,Old Plainsman,Coastal Banksia,Taiwan Acacia,Hemlock Woolly Adelgid
val/09124_Plantae_Tracheophyta_Magnoliopsida_Proteales_Proteaceae_Banksia_integrifolia/d480f675-253c-4381-b35d-e1bdb5a07d15.jpg,448,374,0,374,269,267,448,270,0.0994873046875,0.06573486328125,0.06378173828125,0.036773681640625,0.033721923828125,1,4,Coastal Banksia,Streambank Stickleaf,Peppery Bolete,Lichen Agaric,Coastal Banksia,Scaly Chanterelle
val/09128_Plantae_Tracheophyta_Magnoliopsida_Proteales_Proteaceae_Leucadendron_laureolum/3938bf8e-d907-4dc1-95be-f4f63199d519.jpg,449,401,0,401,383,449,452,382,0.1065673828125,0.09478759765625,0.0946044921875,0.07421875,0.03704833984375,1,3,Golden Sunshinebush,Yellow milkwort,Inaka,Golden Sunshinebush,Spring Adonis,sand heath
val/09128_Plantae_Tracheophyta_Magnoliopsida_Proteales_Proteaceae_Leucadendron_laureolum/5c8937c1-bf2d-42c7-bd94-2521987f9b75.jpg,449,359,0,359,449,382,394,333,0.069580078125,0.06329345703125,0.04327392578125,0.03851318359375,0.038330078125,1,2,Golden Sunshinebush,Sea Sandwort,Golden Sunshinebush,sand heath,longleaf wattle,Tauhinu
val/09128_Plantae_Tracheophyta_Magnoliopsida_Proteales_Proteaceae_Leucadendron_laureolum/b78356fc-0b79-42fa-8ab6-6038cbdaefe5.jpg,449,404,0,404,449,375,359,353,0.090576171875,0.054351806640625,0.0340576171875,0.0292205810546875,0.0272369384765625,1,2,Golden Sunshinebush,California Wax Myrtle,Golden Sunshinebush,Tree Tutu,Sea Sandwort,Mignonette vine
val/09128_Plantae_Tracheophyta_Magnoliopsida_Proteales_Proteaceae_Leucadendron_laureolum/34bf6ad2-81d4-408e-9aab-dad5c5b64265.jpg,449,452,0,452,449,401,384,323,0.1795654296875,0.135009765625,0.0732421875,0.07196044921875,0.06500244140625,1,2,Golden Sunshinebush,Spring Adonis,Golden Sunshinebush,Yellow milkwort,Red Heath,narrow-leaved hawksbeard
val/09133_Plantae_Tracheophyta_Magnoliopsida_Proteales_Proteaceae_Mimetes_cucullatus/2aae3161-9620-41e4-8716-03844759c572.jpg,450,32,0,32,450,262,333,384,0.043792724609375,0.040283203125,0.039093017578125,0.031890869140625,0.028778076171875,1,2,red pagoda,Jagged Ambush Bug,red pagoda,Golden Hair-lichen,Tauhinu,Red Heath
val/09199_Plantae_Tracheophyta_Magnoliopsida_Ranunculales_Ranunculaceae_Actaea_racemosa/e55aa8f2-fee1-4d9f-8d68-5a1e8f7c9aa6.jpg,451,499,0,499,497,349,451,335,0.355224609375,0.1737060546875,0.0814208984375,0.038604736328125,0.031280517578125,1,4,black cohosh,broad beech fern,hay-scented fern,narrow-leaved bittercress,black cohosh,leafcup
val/09199_Plantae_Tracheophyta_Magnoliopsida_Ranunculales_Ranunculaceae_Actaea_racemosa/8499e9bf-a09b-49d4-aacc-7f4a41b385ba.jpg,451,466,0,466,451,317,314,332,0.05975341796875,0.046844482421875,0.0462646484375,0.04608154296875,0.041748046875,1,2,black cohosh,Himalayan-berry,black cohosh,American holly,Japanese aralia,white rattlesnakeroot
val/09199_Plantae_Tracheophyta_Magnoliopsida_Ranunculales_Ranunculaceae_Actaea_racemosa/9f6b06c5-62f9-4fb7-8878-9f8f67c758af.jpg,451,497,0,497,276,326,451,499,0.1365966796875,0.0704345703125,0.06842041015625,0.06414794921875,0.0467529296875,1,4,black cohosh,hay-scented fern,delicate fern moss,dogfennel,black cohosh,broad beech fern
val/09199_Plantae_Tracheophyta_Magnoliopsida_Ranunculales_Ranunculaceae_Actaea_racemosa/d48e1f66-e396-414e-bbfe-fced325ae4fb.jpg,451,144,0,144,268,267,451,238,0.0413818359375,0.0260009765625,0.01953125,0.018524169921875,0.017974853515625,1,4,black cohosh,Green Salamander,Roridomyces austrororidus,Lichen Agaric,black cohosh,Common Bronze-back
val/09199_Plantae_Tracheophyta_Magnoliopsida_Ranunculales_Ranunculaceae_Actaea_racemosa/d5500751-dfb3-44b8-8a57-01189c616320.jpg,451,313,0,313,451,24,116,361,0.048309326171875,0.025177001953125,0.02081298828125,0.01959228515625,0.0192108154296875,1,2,black cohosh,upright hedge-parsley,black cohosh,Hemlock Woolly Adelgid,Ebony Jewelwing,lesser stitchwort
val/09202_Plantae_Tracheophyta_Magnoliopsida_Ranunculales_Ranunculaceae_Adonis_vernalis/2edb82cb-a985-4381-9bc2-9e5028d13be2.jpg,452,321,0,321,452,341,334,438,0.51025390625,0.10321044921875,0.076416015625,0.07464599609375,0.03070068359375,1,2,Spring Adonis,tickseed beggar-ticks,Spring Adonis,tree marigold,Great Plains Ragwort,Klamath weed
val/09202_Plantae_Tracheophyta_Magnoliopsida_Ranunculales_Ranunculaceae_Adonis_vernalis/6bb24ce8-be5f-4fe1-b14a-146f1dd4c258.jpg,452,327,0,327,323,400,452,401,0.1429443359375,0.13037109375,0.10296630859375,0.0843505859375,0.08306884765625,1,4,Spring Adonis,great blanketflower,narrow-leaved hawksbeard,candyroot,Spring Adonis,Yellow milkwort
val/09202_Plantae_Tracheophyta_Magnoliopsida_Ranunculales_Ranunculaceae_Adonis_vernalis/61ae446d-b20c-458f-92b1-54e87ac9de2c.jpg,452,401,0,401,452,429,323,399,0.0877685546875,0.062469482421875,0.06036376953125,0.051483154296875,0.037994384765625,1,2,Spring Adonis,Yellow milkwort,Spring Adonis,Wand Mullein,narrow-leaved hawksbeard,California goldenbanner
val/09202_Plantae_Tracheophyta_Magnoliopsida_Ranunculales_Ranunculaceae_Adonis_vernalis/05f516a0-b72d-4dcd-a76d-0e698c31ad99.jpg,452,196,0,196,401,399,341,452,0.07159423828125,0.0677490234375,0.042816162109375,0.03961181640625,0.038970947265625,1,5,Spring Adonis,Eastern Yellow Robin,Yellow milkwort,California goldenbanner,tree marigold,Spring Adonis
val/09202_Plantae_Tracheophyta_Magnoliopsida_Ranunculales_Ranunculaceae_Adonis_vernalis/e629300d-4790-420d-a514-90ec26df3c8a.jpg,452,321,0,321,401,334,452,438,0.134765625,0.130126953125,0.0882568359375,0.0828857421875,0.056976318359375,1,4,Spring Adonis,tickseed beggar-ticks,Yellow milkwort,Great Plains Ragwort,Spring Adonis,Klamath weed
val/09203_Plantae_Tracheophyta_Magnoliopsida_Ranunculales_Ranunculaceae_Anemonastrum_canadense/edfaedb7-5eb0-43a4-9589-b0dba13945e1.jpg,453,345,0,345,453,411,433,346,0.06402587890625,0.03350830078125,0.0282440185546875,0.0265655517578125,0.0251617431640625,1,2,meadow anemone,broadleaf forget-me-not,meadow anemone,lemon balm,umbrella magnolia,water forget-me-not
val/09203_Plantae_Tracheophyta_Magnoliopsida_Ranunculales_Ranunculaceae_Anemonastrum_canadense/268ad996-f411-425e-b633-f380bc77a7cc.jpg,453,345,0,345,346,453,361,460,0.344482421875,0.096923828125,0.0633544921875,0.031219482421875,0.0183563232421875,1,3,meadow anemone,broadleaf forget-me-not,water forget-me-not,meadow anemone,lesser stitchwort,parsley hawthorn
val/09203_Plantae_Tracheophyta_Magnoliopsida_Ranunculales_Ranunculaceae_Anemonastrum_canadense/a31824eb-a0ec-4ead-b7a2-b5688505e96e.jpg,453,61,0,61,482,453,330,15,0.0394287109375,0.03228759765625,0.02496337890625,0.0224609375,0.021575927734375,1,3,meadow anemone,White Slant-line,Obscure Morning Glory,meadow anemone,oxeye daisy,Oedemera femorata
val/09221_Plantae_Tracheophyta_Magnoliopsida_Ranunculales_Ranunculaceae_Aquilegia_vulgaris/2e8185e6-8be2-40f4-8937-8fca7d315d2f.jpg,454,344,0,344,454,484,457,414,0.246826171875,0.132080078125,0.12310791015625,0.05517578125,0.0457763671875,1,2,common columbine,Salvation Jane,common columbine,White Horse-nettle,eastern pasqueflower,chia
val/09221_Plantae_Tracheophyta_Magnoliopsida_Ranunculales_Ranunculaceae_Aquilegia_vulgaris/d5d77196-408b-4548-9e99-b75dbcccfc8b.jpg,454,67,0,67,295,454,63,390,0.10626220703125,0.07861328125,0.074951171875,0.0679931640625,0.047271728515625,1,3,common columbine,Eufala Skipper,Philippine Ground Orchid,common columbine,Least Skipper,Drummond's phlox
val/09221_Plantae_Tracheophyta_Magnoliopsida_Ranunculales_Ranunculaceae_Aquilegia_vulgaris/8ff71a7a-4e63-4d57-ba41-f921ecac8968.jpg,454,285,0,285,286,454,483,409,0.104248046875,0.07952880859375,0.059295654296875,0.05499267578125,0.054412841796875,1,3,common columbine,small camas,Grape hyacinth,common columbine,western horsenettle,Blue Bugle
val/09226_Plantae_Tracheophyta_Magnoliopsida_Ranunculales_Ranunculaceae_Clematis_crispa/8ac5704b-5d1c-4be8-ba03-4d94e25adc8e.jpg,455,431,0,431,390,344,454,455,0.0955810546875,0.068603515625,0.04638671875,0.041961669921875,0.037689208984375,1,5,Swamp Leather Flower,Dakota mock vervain,Drummond's phlox,Salvation Jane,common columbine,Swamp Leather Flower
val/09226_Plantae_Tracheophyta_Magnoliopsida_Ranunculales_Ranunculaceae_Clematis_crispa/6617c156-0f6f-4c7a-b7fd-0f93dc59535d.jpg,455,346,0,346,453,361,455,435,0.0819091796875,0.05035400390625,0.047332763671875,0.044952392578125,0.03521728515625,1,4,Swamp Leather Flower,water forget-me-not,meadow anemone,lesser stitchwort,Swamp Leather Flower,Tropic Croton
val/09226_Plantae_Tracheophyta_Magnoliopsida_Ranunculales_Ranunculaceae_Clematis_crispa/197abc3b-b578-43c5-bf77-85385ba81131.jpg,455,345,0,345,453,346,455,331,0.136474609375,0.0806884765625,0.040618896484375,0.02825927734375,0.0273895263671875,1,4,Swamp Leather Flower,broadleaf forget-me-not,meadow anemone,water forget-me-not,Swamp Leather Flower,Snow Squarestem
val/09226_Plantae_Tracheophyta_Magnoliopsida_Ranunculales_Ranunculaceae_Clematis_crispa/65ebb536-ddc6-4ad1-88d8-c69c4ea19f49.jpg,455,63,0,63,455,453,331,424,0.059814453125,0.041961669921875,0.03900146484375,0.0355224609375,0.03515625,1,2,Swamp Leather Flower,Least Skipper,Swamp Leather Flower,meadow anemone,Snow Squarestem,American lopseed
val/09226_Plantae_Tracheophyta_Magnoliopsida_Ranunculales_Ranunculaceae_Clematis_crispa/a5456243-bb68-4df6-9225-5d65d2441bfb.jpg,455,431,0,431,483,455,76,484,0.07867431640625,0.067626953125,0.06573486328125,0.046539306640625,0.03631591796875,1,3,Swamp Leather Flower,Dakota mock vervain,western horsenettle,Swamp Leather Flower,Mazarine Blue,White Horse-nettle
val/09235_Plantae_Tracheophyta_Magnoliopsida_Ranunculales_Ranunculaceae_Clematis_virginiana/612a4ca4-92ea-434d-90c5-096b1bf60127.jpg,456,477,0,477,405,456,412,466,0.130859375,0.11199951171875,0.04986572265625,0.034515380859375,0.0288848876953125,1,3,Virginia virgin's-bower,jade plant,Coast silk tassel,Virginia virgin's-bower,spotted horse mint,Himalayan-berry
val/09258_Plantae_Tracheophyta_Magnoliopsida_Ranunculales_Ranunculaceae_Pulsatilla_patens/4d1bcb6b-9b57-43ad-87ec-3199d225181d.jpg,457,484,0,484,457,289,483,327,0.328125,0.27099609375,0.19140625,0.03533935546875,0.020050048828125,1,2,eastern pasqueflower,White Horse-nettle,eastern pasqueflower,Spring Crocus,western horsenettle,great blanketflower
val/09260_Plantae_Tracheophyta_Magnoliopsida_Ranunculales_Ranunculaceae_Ranunculus_acris/b9381160-2cac-4674-978b-bf59a6a8edbe.jpg,458,429,0,429,458,428,40,74,0.0494384765625,0.048370361328125,0.034759521484375,0.031341552734375,0.03057861328125,1,2,meadow buttercup,Wand Mullein,meadow buttercup,Dark Mullein,Metallic Epauletted-Sweat Bee,Forget-me-not
val/09260_Plantae_Tracheophyta_Magnoliopsida_Ranunculales_Ranunculaceae_Ranunculus_acris/ad13954e-1982-49f1-bd16-43b5eb5a395a.jpg,458,334,0,334,438,401,458,452,0.12384033203125,0.10150146484375,0.09423828125,0.06475830078125,0.06024169921875,1,4,meadow buttercup,Great Plains Ragwort,Klamath weed,Yellow milkwort,meadow buttercup,Spring Adonis
val/09260_Plantae_Tracheophyta_Magnoliopsida_Ranunculales_Ranunculaceae_Ranunculus_acris/2688c955-7369-4092-9615-ee0ad54dc9db.jpg,458,452,0,452,328,321,458,337,0.2103271484375,0.1412353515625,0.129150390625,0.0870361328125,0.051361083984375,1,4,meadow buttercup,Spring Adonis,Bitterweed,tickseed beggar-ticks,meadow buttercup,prairie dock
val/09260_Plantae_Tracheophyta_Magnoliopsida_Ranunculales_Ranunculaceae_Ranunculus_acris/90135e88-d99a-40cd-8788-1ac3b4471fc2.jpg,458,22,0,22,458,63,346,429,0.051666259765625,0.046142578125,0.034332275390625,0.02935791015625,0.02862548828125,1,2,meadow buttercup,Transverse-banded Flower Fly,meadow buttercup,Least Skipper,water forget-me-not,Wand Mullein
val/09314_Plantae_Tracheophyta_Magnoliopsida_Rosales_Moraceae_Morus_indica/7485734f-adac-478c-b41b-207fce1ba76b.jpg,459,470,0,470,337,434,459,335,0.0772705078125,0.047332763671875,0.039215087890625,0.0323486328125,0.0289459228515625,1,4,Korean mulberry,Canadian wood nettle,prairie dock,common copperleaf,Korean mulberry,leafcup
val/09314_Plantae_Tracheophyta_Magnoliopsida_Rosales_Moraceae_Morus_indica/c8f0151c-1b3d-4fff-97be-9b9da574aab5.jpg,459,470,0,470,335,459,480,378,0.1123046875,0.06414794921875,0.040374755859375,0.03680419921875,0.0350341796875,1,3,Korean mulberry,Canadian wood nettle,leafcup,Korean mulberry,youth on age,mapleleaf viburnum
val/09372_Plantae_Tracheophyta_Magnoliopsida_Rosales_Rosaceae_Crataegus_marshallii/ee05ea97-3a88-499e-b307-24b918a4c735.jpg,460,464,0,464,460,361,302,345,0.045562744140625,0.0396728515625,0.0279998779296875,0.0264739990234375,0.0249481201171875,1,2,parsley hawthorn,sand cherry,parsley hawthorn,lesser stitchwort,painted trillium,broadleaf forget-me-not
val/09372_Plantae_Tracheophyta_Magnoliopsida_Rosales_Rosaceae_Crataegus_marshallii/89f24a64-1293-4ed8-afc9-c426afb2fa2f.jpg,460,378,0,378,460,435,480,476,0.060943603515625,0.05792236328125,0.041534423828125,0.040283203125,0.0347900390625,1,2,parsley hawthorn,mapleleaf viburnum,parsley hawthorn,Tropic Croton,youth on age,Red Buckeye
val/09372_Plantae_Tracheophyta_Magnoliopsida_Rosales_Rosaceae_Crataegus_marshallii/97202bbd-a8f1-4bf2-b992-885e73984705.jpg,460,315,0,315,482,345,302,460,0.059814453125,0.048614501953125,0.0435791015625,0.03271484375,0.0299530029296875,1,5,parsley hawthorn,dwarf ginseng,Obscure Morning Glory,broadleaf forget-me-not,painted trillium,parsley hawthorn
val/09379_Plantae_Tracheophyta_Magnoliopsida_Rosales_Rosaceae_Eriobotrya_japonica/460a2242-7852-4493-8796-da46023bf547.jpg,461,314,0,314,376,461,405,408,0.040283203125,0.0308685302734375,0.0301361083984375,0.024658203125,0.0236053466796875,1,3,Loquat,Japanese aralia,squirting cucumber,Loquat,Coast silk tassel,Kanono
val/09408_Plantae_Tracheophyta_Magnoliopsida_Rosales_Rosaceae_Potentilla_canadensis/7286a8d5-482c-4207-a78a-f7d9b440f76f.jpg,462,405,0,405,93,466,485,462,0.0482177734375,0.039947509765625,0.03753662109375,0.0304718017578125,0.028045654296875,1,5,dwarf cinquefoil,Coast silk tassel,Dainty Swallowtail,Himalayan-berry,Porcelain Berry,dwarf cinquefoil
val/09408_Plantae_Tracheophyta_Magnoliopsida_Rosales_Rosaceae_Potentilla_canadensis/db72872e-c89a-4066-9ee4-210f39c5a6e1.jpg,462,340,0,340,400,462,457,473,0.1009521484375,0.08660888671875,0.0638427734375,0.031982421875,0.023651123046875,1,3,dwarf cinquefoil,common dandelion,candyroot,dwarf cinquefoil,eastern pasqueflower,poison ivy
val/09408_Plantae_Tracheophyta_Magnoliopsida_Rosales_Rosaceae_Potentilla_canadensis/e1175aa3-d5d4-47e9-93b8-0bc6219fa434.jpg,462,442,0,442,462,499,470,434,0.386474609375,0.1458740234375,0.0217132568359375,0.0194854736328125,0.0180816650390625,1,2,dwarf cinquefoil,Round-leaved Violet,dwarf cinquefoil,broad beech fern,Canadian wood nettle,common copperleaf
val/09408_Plantae_Tracheophyta_Magnoliopsida_Rosales_Rosaceae_Potentilla_canadensis/5f2d31c0-332e-427f-849d-f2e1ba1224f5.jpg,462,482,0,482,473,462,332,442,0.1160888671875,0.09246826171875,0.08160400390625,0.047637939453125,0.038970947265625,1,3,dwarf cinquefoil,Obscure Morning Glory,poison ivy,dwarf cinquefoil,white rattlesnakeroot,Round-leaved Violet
val/09408_Plantae_Tracheophyta_Magnoliopsida_Rosales_Rosaceae_Potentilla_canadensis/bd7050c3-83e4-4d1b-ab48-b1bba56bda23.jpg,462,303,0,303,315,442,292,462,0.10015869140625,0.0740966796875,0.0689697265625,0.065185546875,0.05401611328125,1,5,dwarf cinquefoil,sawbrier,dwarf ginseng,Round-leaved Violet,checkered rattlesnake plantain,dwarf cinquefoil
val/09423_Plantae_Tracheophyta_Magnoliopsida_Rosales_Rosaceae_Prunus_fasciculata/056c09f4-d76b-4783-b656-e8113a6b792b.jpg,463,319,0,319,350,283,325,463,0.1533203125,0.08160400390625,0.04833984375,0.043670654296875,0.03717041015625,1,5,desert almond,common burrobrush,California shieldpod,Spiny Asparagus,tall boneset,desert almond
val/09423_Plantae_Tracheophyta_Magnoliopsida_Rosales_Rosaceae_Prunus_fasciculata/ed6012e8-7eef-45cd-aa8e-d71b1257b257.jpg,463,333,0,333,319,278,463,277,0.331298828125,0.1002197265625,0.09637451171875,0.05914306640625,0.042694091796875,1,4,desert almond,Tauhinu,common burrobrush,Flat-leaved Scalewort,desert almond,Sponge Weed
val/09433_Plantae_Tracheophyta_Magnoliopsida_Rosales_Rosaceae_Prunus_spinosa/244f73e4-134f-41ba-8964-3155f9800f4d.jpg,465,263,0,263,261,465,350,380,0.132568359375,0.08392333984375,0.06854248046875,0.058349609375,0.045318603515625,1,3,Blackthorn,Smooth Rock Tripe,scaly pelt lichen,Blackthorn,California shieldpod,Big Berry Manzanita
val/09433_Plantae_Tracheophyta_Magnoliopsida_Rosales_Rosaceae_Prunus_spinosa/075b580f-0d01-426c-9045-93b03781a21a.jpg,465,261,0,261,263,413,144,465,0.109375,0.10406494140625,0.048248291015625,0.03302001953125,0.0273284912109375,1,5,Blackthorn,scaly pelt lichen,Smooth Rock Tripe,white sage,Green Salamander,Blackthorn
val/09433_Plantae_Tracheophyta_Magnoliopsida_Rosales_Rosaceae_Prunus_spinosa/56b7a6d7-494f-4e0b-9176-93aaaad2f167.jpg,465,485,0,485,465,380,477,351,0.07501220703125,0.072509765625,0.06378173828125,0.058441162109375,0.05035400390625,1,2,Blackthorn,Porcelain Berry,Blackthorn,Big Berry Manzanita,jade plant,Mountain Horopito
val/09460_Plantae_Tracheophyta_Magnoliopsida_Rosales_Rosaceae_Rubus_bifrons/719726e1-1857-4b3a-b43f-3cb976cc3c5b.jpg,466,317,0,317,459,476,466,473,0.056365966796875,0.045379638671875,0.0347900390625,0.0251007080078125,0.018402099609375,1,4,Himalayan-berry,American holly,Korean mulberry,Red Buckeye,Himalayan-berry,poison ivy
val/09460_Plantae_Tracheophyta_Magnoliopsida_Rosales_Rosaceae_Rubus_bifrons/040f7fef-98ab-4e50-86f7-2096c546ff5c.jpg,466,376,0,376,461,436,380,466,0.1641845703125,0.06475830078125,0.04156494140625,0.033538818359375,0.033111572265625,1,5,Himalayan-berry,squirting cucumber,Loquat,Florida Hammock Sandmat,Big Berry Manzanita,Himalayan-berry
val/09460_Plantae_Tracheophyta_Magnoliopsida_Rosales_Rosaceae_Rubus_bifrons/72033db7-cedc-4211-b36c-94c1e3c5cc51.jpg,466,317,0,317,461,466,459,432,0.058135986328125,0.041015625,0.03564453125,0.033935546875,0.0291290283203125,1,3,Himalayan-berry,American holly,Loquat,Himalayan-berry,Korean mulberry,common pawpaw
val/09477_Plantae_Tracheophyta_Magnoliopsida_Rosales_Rosaceae_Rubus_schmidelioides/e47acd96-848b-4154-b50e-acb3023d4c89.jpg,467,370,0,370,467,362,407,422,0.046844482421875,0.03533935546875,0.031005859375,0.0242156982421875,0.0215911865234375,1,2,Rubus schmidelioides,woodland pterostegia,Rubus schmidelioides,Small-leaved Blinks,Coprosma dumosa,Indian Warrior
val/09499_Plantae_Tracheophyta_Magnoliopsida_Rosales_Ulmaceae_Ulmus_americana/f5588fd3-a3a2-43e8-ad3c-70a96719d998.jpg,468,470,0,470,335,459,411,468,0.053802490234375,0.051483154296875,0.036529541015625,0.031341552734375,0.02886962890625,1,5,American elm,Canadian wood nettle,leafcup,Korean mulberry,lemon balm,American elm
val/09510_Plantae_Tracheophyta_Magnoliopsida_Rosales_Urticaceae_Laportea_canadensis/61bafb66-b226-4606-9fce-e4107c95bd38.jpg,470,434,0,434,335,411,453,470,0.06585693359375,0.059234619140625,0.051177978515625,0.04486083984375,0.04449462890625,1,5,Canadian wood nettle,common copperleaf,leafcup,lemon balm,meadow anemone,Canadian wood nettle
val/09510_Plantae_Tracheophyta_Magnoliopsida_Rosales_Urticaceae_Laportea_canadensis/83d2e3b9-3117-4662-b288-117e6290527a.jpg,470,459,0,459,470,378,433,335,0.06982421875,0.06048583984375,0.038421630859375,0.035919189453125,0.03314208984375,1,2,Canadian wood nettle,Korean mulberry,Canadian wood nettle,mapleleaf viburnum,umbrella magnolia,leafcup
val/09518_Plantae_Tracheophyta_Magnoliopsida_Rosales_Urticaceae_Urtica_urens/4f484712-5cde-46b9-a390-f39dfc31ba13.jpg,471,376,0,376,405,371,471,466,0.06512451171875,0.0628662109375,0.043212890625,0.038177490234375,0.0322265625,1,4,Dwarf Nettle,squirting cucumber,Coast silk tassel,canaigre dock,Dwarf Nettle,Himalayan-berry
val/09518_Plantae_Tracheophyta_Magnoliopsida_Rosales_Urticaceae_Urtica_urens/fc8ef2a4-f390-455f-b53a-b0607c6b25d7.jpg,471,229,0,229,499,232,241,471,0.0350341796875,0.0280303955078125,0.0254364013671875,0.0208740234375,0.017822265625,1,5,Dwarf Nettle,Western Grey Kangaroo,broad beech fern,Woodchuck,Aesculapian Snake,Dwarf Nettle
val/09518_Plantae_Tracheophyta_Magnoliopsida_Rosales_Urticaceae_Urtica_urens/c45340c7-488f-4ad8-bc29-b66cb480dc36.jpg,471,411,0,411,434,470,335,471,0.18212890625,0.0731201171875,0.064453125,0.054046630859375,0.047698974609375,1,5,Dwarf Nettle,lemon balm,common copperleaf,Canadian wood nettle,leafcup,Dwarf Nettle
val/09518_Plantae_Tracheophyta_Magnoliopsida_Rosales_Urticaceae_Urtica_urens/4ab10a78-ae4d-444b-805c-3522c60366ac.jpg,471,435,0,435,471,352,349,339,0.059112548828125,0.05657958984375,0.047698974609375,0.038055419921875,0.02166748046875,1,2,Dwarf Nettle,Tropic Croton,Dwarf Nettle,Mexican tea,narrow-leaved bittercress,prickly sowthistle
val/09518_Plantae_Tracheophyta_Magnoliopsida_Rosales_Urticaceae_Urtica_urens/41304468-5ac8-4ada-83fa-a5f29fd30749.jpg,471,451,0,451,320,348,471,318,0.044189453125,0.032623291015625,0.028472900390625,0.026641845703125,0.0243988037109375,1,4,Dwarf Nettle,black cohosh,common mugwort,hairy bittercress,Dwarf Nettle,common yarrow
val/09525_Plantae_Tracheophyta_Magnoliopsida_Santalales_Santalaceae_Phoradendron_californicum/08c2cc0f-eb06-4561-ab42-d2291243b0dc.jpg,472,358,0,358,472,310,365,362,0.33642578125,0.31982421875,0.0233154296875,0.01812744140625,0.0149078369140625,1,2,desert mistletoe,California barrel cactus,desert mistletoe,Kangaroo Grass,skeleton weed,Small-leaved Blinks
val/09525_Plantae_Tracheophyta_Magnoliopsida_Santalales_Santalaceae_Phoradendron_californicum/814b390f-fe2a-4464-9d21-9bf9d1fa1a55.jpg,472,372,0,372,472,413,197,383,0.059906005859375,0.0479736328125,0.04339599609375,0.03955078125,0.035003662109375,1,2,desert mistletoe,crucifixion thorn,desert mistletoe,white sage,Tomtit,Inaka
val/09525_Plantae_Tracheophyta_Magnoliopsida_Santalales_Santalaceae_Phoradendron_californicum/579578b7-91ce-43d4-a3e8-ed46580d6000.jpg,472,492,0,492,472,487,355,474,0.0447998046875,0.031036376953125,0.02685546875,0.0236358642578125,0.022857666015625,1,2,desert mistletoe,ponderosa pine,desert mistletoe,giant sequoia,Spiny Hedgehog Cactus,elephant tree
val/09525_Plantae_Tracheophyta_Magnoliopsida_Santalales_Santalaceae_Phoradendron_californicum/008c811b-5598-42e0-b5a8-6bb8c51f68e9.jpg,472,490,0,490,472,372,448,393,0.067138671875,0.06439208984375,0.056365966796875,0.0538330078125,0.05126953125,1,2,desert mistletoe,white fir,desert mistletoe,crucifixion thorn,Coastal Banksia,Taiwan Acacia
val/09548_Plantae_Tracheophyta_Magnoliopsida_Sapindales_Anacardiaceae_Toxicodendron_rydbergii/77498411-0584-453a-bd39-71ba122d0377.jpg,473,366,0,366,473,388,466,439,0.05511474609375,0.04034423828125,0.0244293212890625,0.0240478515625,0.02130126953125,1,2,poison ivy,Fringed Bindweed,poison ivy,black huckleberry,Himalayan-berry,bebb's willow
val/09550_Plantae_Tracheophyta_Magnoliopsida_Sapindales_Burseraceae_Bursera_microphylla/1af04714-5992-4b51-8cb9-5d227a00e810.jpg,474,172,0,172,474,166,372,203,0.085693359375,0.04931640625,0.044677734375,0.039031982421875,0.038116455078125,1,2,elephant tree,Fish Crow,elephant tree,Red-billed Pigeon,crucifixion thorn,Olive-sided Flycatcher
val/09550_Plantae_Tracheophyta_Magnoliopsida_Sapindales_Burseraceae_Bursera_microphylla/e3b6a7ce-84f2-48ad-a7e1-dce0bc047e63.jpg,474,383,0,383,279,319,343,474,0.232421875,0.1412353515625,0.05499267578125,0.022369384765625,0.021270751953125,1,5,elephant tree,Inaka,longleaf ephedra,common burrobrush,Sheep's-bit,elephant tree
val/09550_Plantae_Tracheophyta_Magnoliopsida_Sapindales_Burseraceae_Bursera_microphylla/2b4e0a7e-ee3c-4ff8-89e2-8a393a54cbcf.jpg,474,372,0,372,474,279,383,472,0.23583984375,0.1993408203125,0.0777587890625,0.040496826171875,0.02850341796875,1,2,elephant tree,crucifixion thorn,elephant tree,longleaf ephedra,Inaka,desert mistletoe
val/09550_Plantae_Tracheophyta_Magnoliopsida_Sapindales_Burseraceae_Bursera_microphylla/09d04c27-8478-4964-8c45-1b4d63223ce3.jpg,474,372,0,372,279,472,319,474,0.1190185546875,0.07275390625,0.05108642578125,0.04534912109375,0.03875732421875,1,5,elephant tree,crucifixion thorn,longleaf ephedra,desert mistletoe,common burrobrush,elephant tree
val/09550_Plantae_Tracheophyta_Magnoliopsida_Sapindales_Burseraceae_Bursera_microphylla/a31ebf46-fe6b-4e98-92d8-74a0e6078b2d.jpg,474,279,0,279,356,474,372,220,0.1024169921875,0.0675048828125,0.042449951171875,0.04034423828125,0.029327392578125,1,3,elephant tree,longleaf ephedra,strawberry hedgehog cactus,elephant tree,crucifixion thorn,Klipspringer
val/09550_Plantae_Tracheophyta_Magnoliopsida_Sapindales_Burseraceae_Bursera_microphylla/dfefa7b0-2d18-4abc-916a-32bcf2852294.jpg,474,372,0,372,474,492,355,357,0.044708251953125,0.042083740234375,0.03924560546875,0.03619384765625,0.035614013671875,1,2,elephant tree,crucifixion thorn,elephant tree,ponderosa pine,Spiny Hedgehog Cactus,viviparous foxtail cactus
val/09586_Plantae_Tracheophyta_Magnoliopsida_Sapindales_Sapindaceae_Aesculus_pavia/36ea47b6-e35d-4033-8d9b-b4a7857239d3.jpg,476,437,0,437,476,312,480,388,0.08843994140625,0.06072998046875,0.0298614501953125,0.0271148681640625,0.0257110595703125,1,2,Red Buckeye,Cassava,Red Buckeye,Broad-leaved Chervil,youth on age,black huckleberry
val/09586_Plantae_Tracheophyta_Magnoliopsida_Sapindales_Sapindaceae_Aesculus_pavia/024d1d15-2039-4c42-bcd4-2ca77c7f41b3.jpg,476,317,0,317,332,482,476,378,0.1204833984375,0.0723876953125,0.06414794921875,0.0633544921875,0.0574951171875,1,4,Red Buckeye,American holly,white rattlesnakeroot,Obscure Morning Glory,Red Buckeye,mapleleaf viburnum
val/09597_Plantae_Tracheophyta_Magnoliopsida_Saxifragales_Crassulaceae_Crassula_ovata/63cae84a-9ee8-42da-888c-753438fab58b.jpg,477,333,0,333,405,407,477,261,0.1312255859375,0.0772705078125,0.0528564453125,0.04638671875,0.044769287109375,1,4,jade plant,Tauhinu,Coast silk tassel,Coprosma dumosa,jade plant,scaly pelt lichen
val/09597_Plantae_Tracheophyta_Magnoliopsida_Saxifragales_Crassulaceae_Crassula_ovata/9004842e-6c1d-4bb8-9d24-364e30f66b9b.jpg,477,351,0,351,477,380,436,388,0.1688232421875,0.14501953125,0.06365966796875,0.062347412109375,0.0408935546875,1,2,jade plant,Mountain Horopito,jade plant,Big Berry Manzanita,Florida Hammock Sandmat,black huckleberry
val/09597_Plantae_Tracheophyta_Magnoliopsida_Saxifragales_Crassulaceae_Crassula_ovata/8ebfbcde-7017-4854-be05-6b68d4095691.jpg,477,351,0,351,380,405,477,436,0.328125,0.12213134765625,0.08990478515625,0.05670166015625,0.0400390625,1,4,jade plant,Mountain Horopito,Big Berry Manzanita,Coast silk tassel,jade plant,Florida Hammock Sandmat
val/09640_Plantae_Tracheophyta_Magnoliopsida_Saxifragales_Grossulariaceae_Ribes_uva-crispa/17bf500e-93d4-4613-b9fa-1070b1f542b4.jpg,479,439,0,439,353,468,479,31,0.021270751953125,0.0212554931640625,0.0172119140625,0.016998291015625,0.01690673828125,1,4,Goose-berry,bebb's willow,Mignonette vine,American elm,Goose-berry,Southern Green Stink Bug
val/09674_Plantae_Tracheophyta_Magnoliopsida_Saxifragales_Saxifragaceae_Tolmiea_menziesii/38eb374b-25ba-4ae0-88f8-5e96d9d92471.jpg,480,424,0,424,480,331,378,332,0.05096435546875,0.03765869140625,0.0307159423828125,0.028839111328125,0.025665283203125,1,2,youth on age,American lopseed,youth on age,Snow Squarestem,mapleleaf viburnum,white rattlesnakeroot
val/09674_Plantae_Tracheophyta_Magnoliopsida_Saxifragales_Saxifragaceae_Tolmiea_menziesii/a1378da7-2dbb-4434-8bf4-d642fe7b2f3c.jpg,480,424,0,424,388,335,480,446,0.1192626953125,0.060089111328125,0.045928955078125,0.041351318359375,0.039031982421875,1,4,youth on age,American lopseed,black huckleberry,leafcup,youth on age,rose evening primrose
val/09674_Plantae_Tracheophyta_Magnoliopsida_Saxifragales_Saxifragaceae_Tolmiea_menziesii/e1cfd374-2b2d-45ae-b686-2545801190b7.jpg,480,424,0,424,480,378,435,302,0.140869140625,0.06732177734375,0.046600341796875,0.03021240234375,0.0279998779296875,1,2,youth on age,American lopseed,youth on age,mapleleaf viburnum,Tropic Croton,painted trillium
val/09695_Plantae_Tracheophyta_Magnoliopsida_Solanales_Convolvulaceae_Ipomoea_coccinea/f78d3ce6-4554-49a2-aefe-e079974a86d4.jpg,481,298,0,298,154,423,481,418,0.262451171875,0.1595458984375,0.1519775390625,0.1402587890625,0.07855224609375,1,4,red morning glory,scarlet fritillary,Green-crowned Brilliant,scarlet monkeyflower,red morning glory,field Indian paintbrush
val/09695_Plantae_Tracheophyta_Magnoliopsida_Solanales_Convolvulaceae_Ipomoea_coccinea/b601c027-62c8-49cc-857d-1fa5ef706a84.jpg,481,423,0,423,154,481,88,435,0.088623046875,0.0845947265625,0.079833984375,0.039886474609375,0.035614013671875,1,3,red morning glory,scarlet monkeyflower,Green-crowned Brilliant,red morning glory,Julia Butterfly,Tropic Croton
val/09695_Plantae_Tracheophyta_Magnoliopsida_Solanales_Convolvulaceae_Ipomoea_coccinea/b5149334-d331-41d2-bfe2-340b6ad02f84.jpg,481,423,0,423,300,298,299,481,0.193359375,0.164794921875,0.1572265625,0.08026123046875,0.06439208984375,1,5,red morning glory,scarlet monkeyflower,Leopard Lily,scarlet fritillary,fire lily,red morning glory
val/09695_Plantae_Tracheophyta_Magnoliopsida_Solanales_Convolvulaceae_Ipomoea_coccinea/a92220f0-9151-48d9-b9d1-a223d97d104e.jpg,481,299,0,299,481,300,423,88,0.3095703125,0.20703125,0.142578125,0.069580078125,0.035858154296875,1,2,red morning glory,fire lily,red morning glory,Leopard Lily,scarlet monkeyflower,Julia Butterfly
val/09702_Plantae_Tracheophyta_Magnoliopsida_Solanales_Convolvulaceae_Ipomoea_obscura/d8422d69-4cdd-4b8f-9d26-5f30de815014.jpg,482,63,0,63,482,445,74,69,0.047454833984375,0.034759521484375,0.0310821533203125,0.0295257568359375,0.0175018310546875,1,2,Obscure Morning Glory,Least Skipper,Obscure Morning Glory,Cherry Tree,Forget-me-not,Long Dash Skipper
val/09702_Plantae_Tracheophyta_Magnoliopsida_Solanales_Convolvulaceae_Ipomoea_obscura/6bc40bc9-9163-4e19-9c76-a19ef7e27145.jpg,482,301,0,301,302,482,268,264,0.0997314453125,0.032470703125,0.031890869140625,0.02716064453125,0.021881103515625,1,3,Obscure Morning Glory,snow trillium,painted trillium,Obscure Morning Glory,Roridomyces austrororidus,Yellow Stainer
val/09702_Plantae_Tracheophyta_Magnoliopsida_Solanales_Convolvulaceae_Ipomoea_obscura/53ae10ee-a7ea-45c3-a760-c4defbb30690.jpg,482,94,0,94,113,482,116,68,0.05645751953125,0.05615234375,0.035400390625,0.022979736328125,0.0218658447265625,1,3,Obscure Morning Glory,Thoas Swallowtail,Australian Green Mantis,Obscure Morning Glory,Ebony Jewelwing,Umber Skipper
val/09702_Plantae_Tracheophyta_Magnoliopsida_Solanales_Convolvulaceae_Ipomoea_obscura/9f26432f-0207-4ba4-a744-8a90cee0c792.jpg,482,61,0,61,482,453,62,265,0.1328125,0.11834716796875,0.039398193359375,0.03118896484375,0.0194854736328125,1,2,Obscure Morning Glory,White Slant-line,Obscure Morning Glory,meadow anemone,Yellow Slant-line,green-spored parasol
val/09702_Plantae_Tracheophyta_Magnoliopsida_Solanales_Convolvulaceae_Ipomoea_obscura/acb0bf33-a105-4a97-bf29-39d36cc7d8a2.jpg,482,408,0,408,301,482,445,302,0.046661376953125,0.03662109375,0.02880859375,0.0218658447265625,0.02178955078125,1,3,Obscure Morning Glory,Kanono,snow trillium,Obscure Morning Glory,Cherry Tree,painted trillium
val/09702_Plantae_Tracheophyta_Magnoliopsida_Solanales_Convolvulaceae_Ipomoea_obscura/9e8ecbe3-2a9f-4720-b62c-9e861c0004cc.jpg,482,301,0,301,482,94,93,68,0.341552734375,0.08197021484375,0.0260772705078125,0.0187835693359375,0.01708984375,1,2,Obscure Morning Glory,snow trillium,Obscure Morning Glory,Thoas Swallowtail,Dainty Swallowtail,Umber Skipper
val/09735_Plantae_Tracheophyta_Magnoliopsida_Solanales_Solanaceae_Solanum_dimidiatum/229770b6-56f6-447c-bd16-e90b51e9fdbc.jpg,483,63,0,63,455,69,430,483,0.0816650390625,0.05096435546875,0.048004150390625,0.038421630859375,0.03826904296875,1,5,western horsenettle,Least Skipper,Swamp Leather Flower,Long Dash Skipper,golden dewdrop,western horsenettle
val/09739_Plantae_Tracheophyta_Magnoliopsida_Solanales_Solanaceae_Solanum_elaeagnifolium/d1aa0c68-4a1e-433c-9c44-eb5db32015d2.jpg,484,400,0,400,282,289,323,484,0.040374755859375,0.0347900390625,0.0276947021484375,0.024871826171875,0.02154541015625,1,5,White Horse-nettle,candyroot,spring spiderlily,Spring Crocus,narrow-leaved hawksbeard,White Horse-nettle
val/09753_Plantae_Tracheophyta_Magnoliopsida_Vitales_Vitaceae_Ampelopsis_glandulosa/d7475ac5-3c04-45ce-9a96-9a31672fdae7.jpg,485,359,0,359,411,485,353,337,0.06524658203125,0.04913330078125,0.044036865234375,0.02874755859375,0.0268402099609375,1,3,Porcelain Berry,Sea Sandwort,lemon balm,Porcelain Berry,Mignonette vine,prairie dock
val/09753_Plantae_Tracheophyta_Magnoliopsida_Vitales_Vitaceae_Ampelopsis_glandulosa/411c0f08-0f8f-4454-aa9a-dfa968576de7.jpg,485,376,0,376,475,485,377,459,0.11767578125,0.056854248046875,0.04241943359375,0.0374755859375,0.032562255859375,1,3,Porcelain Berry,squirting cucumber,field maple,Porcelain Berry,Western Snowberry,Korean mulberry
val/09791_Plantae_Tracheophyta_Pinopsida_Pinales_Cupressaceae_Sequoiadendron_giganteum/56cd45eb-a6ac-4c5d-825b-1a424fe66756.jpg,487,491,0,491,492,372,487,172,0.06927490234375,0.06646728515625,0.056427001953125,0.05633544921875,0.041534423828125,1,4,giant sequoia,lodgepole pine,ponderosa pine,crucifixion thorn,giant sequoia,Fish Crow
val/09791_Plantae_Tracheophyta_Pinopsida_Pinales_Cupressaceae_Sequoiadendron_giganteum/85846538-afff-402a-bb95-8001d1c62410.jpg,487,260,0,260,249,487,253,133,0.1688232421875,0.137451171875,0.047943115234375,0.04449462890625,0.042205810546875,1,3,giant sequoia,Lined Chiton,Beadlet anemone,giant sequoia,California Cone,Snakeskin Wrasse
val/09793_Plantae_Tracheophyta_Pinopsida_Pinales_Cupressaceae_Taxodium_distichum/4bbec47d-f5e9-4a80-bfbe-66338ece8a77.jpg,488,489,0,489,488,214,468,402,0.036773681640625,0.032806396484375,0.0318603515625,0.0311126708984375,0.024749755859375,1,2,baldcypress,Montezuma cypress,baldcypress,Downy Woodpecker,American elm,swamp chestnut oak
val/09793_Plantae_Tracheophyta_Pinopsida_Pinales_Cupressaceae_Taxodium_distichum/006277a4-add4-45cf-b459-958a4c9e4fad.jpg,488,489,0,489,280,441,398,488,0.0291595458984375,0.023284912109375,0.020843505859375,0.0204315185546875,0.02008056640625,1,5,baldcypress,Montezuma cypress,coconut palm,black willow,black locust,baldcypress
val/09794_Plantae_Tracheophyta_Pinopsida_Pinales_Cupressaceae_Taxodium_mucronatum/9d553943-92a7-4b98-acda-5ee37e58c88b.jpg,489,451,0,451,228,387,218,489,0.061737060546875,0.052032470703125,0.023712158203125,0.0203399658203125,0.0193023681640625,1,5,Montezuma cypress,black cohosh,Sunda Flying Lemur,Prickly mingimingi,Black-throated Trogon,Montezuma cypress
val/09794_Plantae_Tracheophyta_Pinopsida_Pinales_Cupressaceae_Taxodium_mucronatum/ba531038-eb0a-42f4-b1e8-a75c14787f3e.jpg,489,441,0,441,488,489,440,316,0.0802001953125,0.058685302734375,0.0570068359375,0.047027587890625,0.03790283203125,1,3,Montezuma cypress,black willow,baldcypress,Montezuma cypress,Grey Willow,Octopus Tree
val/09794_Plantae_Tracheophyta_Pinopsida_Pinales_Cupressaceae_Taxodium_mucronatum/f48d477a-016c-4dd6-a959-bd542b3cb071.jpg,489,488,0,488,489,280,316,441,0.046417236328125,0.038818359375,0.033203125,0.02667236328125,0.0262298583984375,1,2,Montezuma cypress,baldcypress,Montezuma cypress,coconut palm,Octopus Tree,black willow
val/09799_Plantae_Tracheophyta_Pinopsida_Pinales_Pinaceae_Abies_concolor/bd7a1fbd-c8e0-4ae3-86e7-5ccedf12254f.jpg,490,493,0,493,491,288,498,490,0.274169921875,0.08282470703125,0.0777587890625,0.045654296875,0.033905029296875,1,5,white fir,tangle fern,lodgepole pine,Mountain flax,ladder fern,white fir
val/09799_Plantae_Tracheophyta_Pinopsida_Pinales_Pinaceae_Abies_concolor/8e274080-1692-46d8-a50b-358f39262d50.jpg,490,139,0,139,357,490,239,372,0.068603515625,0.038238525390625,0.036773681640625,0.034027099609375,0.033294677734375,1,3,white fir,Striped Eel Catfish,viviparous foxtail cactus,white fir,Eastern Milksnake,crucifixion thorn
val/09799_Plantae_Tracheophyta_Pinopsida_Pinales_Pinaceae_Abies_concolor/ef3dfa1e-e4c6-44fc-84ba-70f1b2d40ccf.jpg,490,495,0,495,451,494,490,489,0.2373046875,0.12261962890625,0.057464599609375,0.0504150390625,0.033905029296875,1,4,white fir,Crown Fern,black cohosh,Hen and Chicks Fern,white fir,Montezuma cypress
val/09799_Plantae_Tracheophyta_Pinopsida_Pinales_Pinaceae_Abies_concolor/3723e3d6-7520-42b4-b4d1-849e6917c984.jpg,490,262,0,262,440,168,448,490,0.0201873779296875,0.0168609619140625,0.014007568359375,0.01371002197265625,0.01336669921875,1,5,white fir,Golden Hair-lichen,Grey Willow,Black Crake,Coastal Banksia,white fir
val/09799_Plantae_Tracheophyta_Pinopsida_Pinales_Pinaceae_Abies_concolor/29cf71dc-1aae-4730-9633-4e50872bef4a.jpg,490,489,0,489,380,490,448,451,0.09783935546875,0.045074462890625,0.04254150390625,0.03155517578125,0.02447509765625,1,3,white fir,Montezuma cypress,Big Berry Manzanita,white fir,Coastal Banksia,black cohosh
val/09818_Plantae_Tracheophyta_Pinopsida_Pinales_Pinaceae_Pinus_contorta/bf53a093-6894-4b4e-8db3-f4f10f04a269.jpg,491,24,0,24,491,404,316,379,0.055328369140625,0.038330078125,0.023284912109375,0.0229339599609375,0.0222930908203125,1,2,lodgepole pine,Hemlock Woolly Adelgid,lodgepole pine,California Wax Myrtle,Octopus Tree,strawberry tree
val/09833_Plantae_Tracheophyta_Pinopsida_Pinales_Pinaceae_Pinus_ponderosa/00a167c0-6d3a-4860-a4e1-5f687fec1889.jpg,492,491,0,491,492,354,416,417,0.100341796875,0.042510986328125,0.0399169921875,0.037994384765625,0.036376953125,1,2,ponderosa pine,lodgepole pine,ponderosa pine,Strawberry Cactus,woolly blue curls,Lilac chaste tree
val/09877_Plantae_Tracheophyta_Polypodiopsida_Gleicheniales_Gleicheniaceae_Gleichenia_dicarpa/d0bc1dea-9ed4-4376-ba7e-f495c0987a19.jpg,493,116,0,116,493,142,24,497,0.260498046875,0.11749267578125,0.1112060546875,0.02227783203125,0.0216522216796875,1,2,tangle fern,Ebony Jewelwing,tangle fern,Eastern Dwarf Treefrog,Hemlock Woolly Adelgid,hay-scented fern
val/09892_Plantae_Tracheophyta_Polypodiopsida_Polypodiales_Aspleniaceae_Asplenium_bulbiferum/fee38bae-a241-4562-a0f0-ef0a4627886b.jpg,494,495,0,495,494,411,451,471,0.12493896484375,0.10040283203125,0.07415771484375,0.05548095703125,0.03668212890625,1,2,Hen and Chicks Fern,Crown Fern,Hen and Chicks Fern,lemon balm,black cohosh,Dwarf Nettle
val/09892_Plantae_Tracheophyta_Polypodiopsida_Polypodiales_Aspleniaceae_Asplenium_bulbiferum/38263690-a25d-4e1d-b0d4-7503d2328bd9.jpg,494,451,0,451,499,494,496,314,0.05975341796875,0.045379638671875,0.038116455078125,0.036285400390625,0.028564453125,1,3,Hen and Chicks Fern,black cohosh,broad beech fern,Hen and Chicks Fern,brittle bladderfern,Japanese aralia
val/09892_Plantae_Tracheophyta_Polypodiopsida_Polypodiales_Aspleniaceae_Asplenium_bulbiferum/2a6363bf-6738-4ad9-9e0d-fac87b9f2e97.jpg,494,424,0,424,435,480,437,494,0.2120361328125,0.04315185546875,0.034515380859375,0.033660888671875,0.0301666259765625,1,5,Hen and Chicks Fern,American lopseed,Tropic Croton,youth on age,Cassava,Hen and Chicks Fern
val/09892_Plantae_Tracheophyta_Polypodiopsida_Polypodiales_Aspleniaceae_Asplenium_bulbiferum/15f1e5f0-ac23-4c8e-bf31-55642856c22e.jpg,494,352,0,352,396,320,494,339,0.04412841796875,0.0423583984375,0.040557861328125,0.0298614501953125,0.0293426513671875,1,4,Hen and Chicks Fern,Mexican tea,white sweet clover,common mugwort,Hen and Chicks Fern,prickly sowthistle
val/09918_Plantae_Tracheophyta_Polypodiopsida_Polypodiales_Blechnaceae_Lomaria_discolor/2829dc32-b148-45bc-aa42-a0047a65cd2d.jpg,495,316,0,316,371,495,380,448,0.061309814453125,0.052825927734375,0.049224853515625,0.03765869140625,0.0335693359375,1,3,Crown Fern,Octopus Tree,canaigre dock,Crown Fern,Big Berry Manzanita,Coastal Banksia
val/09918_Plantae_Tracheophyta_Polypodiopsida_Polypodiales_Blechnaceae_Lomaria_discolor/05990800-4c77-43a0-994d-4d7db80cb4a2.jpg,495,307,0,307,306,495,412,425,0.055328369140625,0.0179443359375,0.0173797607421875,0.01430511474609375,0.01390838623046875,1,3,Crown Fern,Annual Meadow-grass,Dallis grass,Crown Fern,spotted horse mint,American brooklime
val/09918_Plantae_Tracheophyta_Polypodiopsida_Polypodiales_Blechnaceae_Lomaria_discolor/ff87f6c9-ea4d-4ab6-bdbf-343fb0237d82.jpg,495,498,0,498,494,495,489,451,0.045562744140625,0.036712646484375,0.0343017578125,0.030426025390625,0.0228424072265625,1,3,Crown Fern,ladder fern,Hen and Chicks Fern,Crown Fern,Montezuma cypress,black cohosh
val/09925_Plantae_Tracheophyta_Polypodiopsida_Polypodiales_Cystopteridaceae_Cystopteris_fragilis/fa0a750a-0dcf-4a1c-879b-023f99d8463f.jpg,496,499,0,499,349,497,496,471,0.15087890625,0.10491943359375,0.07470703125,0.053985595703125,0.0535888671875,1,4,brittle bladderfern,broad beech fern,narrow-leaved bittercress,hay-scented fern,brittle bladderfern,Dwarf Nettle
val/09925_Plantae_Tracheophyta_Polypodiopsida_Polypodiales_Cystopteridaceae_Cystopteris_fragilis/597860fa-171d-4161-ad4d-a4d22e88cce0.jpg,496,144,0,144,496,278,261,451,0.117919921875,0.06060791015625,0.0281219482421875,0.02685546875,0.025299072265625,1,2,brittle bladderfern,Green Salamander,brittle bladderfern,Flat-leaved Scalewort,scaly pelt lichen,black cohosh
val/09925_Plantae_Tracheophyta_Polypodiopsida_Polypodiales_Cystopteridaceae_Cystopteris_fragilis/e6b37cc1-0d5d-4a43-8150-c509f0805d45.jpg,496,349,0,349,499,497,276,496,0.2298583984375,0.13671875,0.1304931640625,0.0943603515625,0.060089111328125,1,5,brittle bladderfern,narrow-leaved bittercress,broad beech fern,hay-scented fern,delicate fern moss,brittle bladderfern
val/09928_Plantae_Tracheophyta_Polypodiopsida_Polypodiales_Dennstaedtiaceae_Dennstaedtia_punctilobula/5ea23ded-becb-46f9-9e48-0b306454386f.jpg,497,499,0,499,349,312,497,471,0.1329345703125,0.130126953125,0.0517578125,0.049163818359375,0.034576416015625,1,4,hay-scented fern,broad beech fern,narrow-leaved bittercress,Broad-leaved Chervil,hay-scented fern,Dwarf Nettle
val/09928_Plantae_Tracheophyta_Polypodiopsida_Polypodiales_Dennstaedtiaceae_Dennstaedtia_punctilobula/d253d999-7058-49e6-9233-45d5f6eba701.jpg,497,326,0,326,497,232,167,352,0.060516357421875,0.043731689453125,0.035247802734375,0.0254669189453125,0.020904541015625,1,2,hay-scented fern,dogfennel,hay-scented fern,Woodchuck,Common Peafowl,Mexican tea
val/09928_Plantae_Tracheophyta_Polypodiopsida_Polypodiales_Dennstaedtiaceae_Dennstaedtia_punctilobula/844c20e6-1806-440e-a977-9b5c8ba768ed.jpg,497,499,0,499,497,349,471,496,0.30126953125,0.1729736328125,0.08380126953125,0.03912353515625,0.0369873046875,1,2,hay-scented fern,broad beech fern,hay-scented fern,narrow-leaved bittercress,Dwarf Nettle,brittle bladderfern
val/09928_Plantae_Tracheophyta_Polypodiopsida_Polypodiales_Dennstaedtiaceae_Dennstaedtia_punctilobula/5b5f9d15-45d8-44d3-a8ee-ba128342b025.jpg,497,499,0,499,471,497,434,349,0.161376953125,0.06732177734375,0.054412841796875,0.047271728515625,0.0318603515625,1,3,hay-scented fern,broad beech fern,Dwarf Nettle,hay-scented fern,common copperleaf,narrow-leaved bittercress
val/09990_Plantae_Tracheophyta_Polypodiopsida_Polypodiales_Thelypteridaceae_Phegopteris_hexagonoptera/83e7b124-6580-49ba-a0b6-65409c08f7da.jpg,499,349,0,349,435,471,499,335,0.07867431640625,0.057098388671875,0.055023193359375,0.039306640625,0.039154052734375,1,4,broad beech fern,narrow-leaved bittercress,Tropic Croton,Dwarf Nettle,broad beech fern,leafcup
