split,class_index,category_id,image_id,annotation_id,file_name,species_name,common_name,kingdom,family,genus,width,height
train,0,9,1044236,1044236,train_mini/00009_Animalia_Arthropoda_Arachnida_Araneae_Araneidae_Araneus_diadematus/80989fc2-b0b7-4936-a69f-a8c8b6499563.jpg,Araneus diadematus,Cross Orbweaver,Animalia,Araneidae,Araneus,500,375
train,0,9,606858,606858,train_mini/00009_Animalia_Arthropoda_Arachnida_Araneae_Araneidae_Araneus_diadematus/bd937dff-9a34-4c9f-8732-5235115abeb8.jpg,Araneus diadematus,Cross Orbweaver,Animalia,Araneidae,Araneus,500,333
train,0,9,2275934,2275934,train_mini/00009_Animalia_Arthropoda_Arachnida_Araneae_Araneidae_Araneus_diadematus/bd4ff13d-51ee-4f92-8343-b335ed971dc3.jpg,Araneus diadematus,Cross Orbweaver,Animalia,Araneidae,Araneus,409,500
train,0,9,1107460,1107460,train_mini/00009_Animalia_Arthropoda_Arachnida_Araneae_Araneidae_Araneus_diadematus/8f232d04-4c6c-45f4-a124-548cb52df712.jpg,Araneus diadematus,Cross Orbweaver,Animalia,Araneidae,Araneus,500,333
train,0,9,1816493,1816493,train_mini/00009_Animalia_Arthropoda_Arachnida_Araneae_Araneidae_Araneus_diadematus/9762413e-4f2a-462b-87e6-5e7351b06197.jpg,Araneus diadematus,Cross Orbweaver,Animalia,Araneidae,Araneus,375,500
train,0,9,248007,248007,train_mini/00009_Animalia_Arthropoda_Arachnida_Araneae_Araneidae_Araneus_diadematus/be1092ef-c58d-4270-8707-1843b3a10d91.jpg,Araneus diadematus,Cross Orbweaver,Animalia,Araneidae,Araneus,500,363
train,0,9,2253327,2253327,train_mini/00009_Animalia_Arthropoda_Arachnida_Araneae_Araneidae_Araneus_diadematus/ba54817e-7703-4c67-adb1-54b02bb49666.jpg,Araneus diadematus,Cross Orbweaver,Animalia,Araneidae,Araneus,336,500
train,0,9,2130505,2130505,train_mini/00009_Animalia_Arthropoda_Arachnida_Araneae_Araneidae_Araneus_diadematus/c9e29627-0ca4-44dd-bb92-d3e36bbc067c.jpg,Araneus diadematus,Cross Orbweaver,Animalia,Araneidae,Araneus,375,500
train,1,45,594148,594148,train_mini/00045_Animalia_Arthropoda_Arachnida_Araneae_Araneidae_Trichonephila_clavipes/77a852f5-48cf-454f-982c-d73730df6236.jpg,Trichonephila clavipes,Golden Silk Spider,Animalia,Araneidae,Trichonephila,500,333
train,1,45,2570570,2570570,train_mini/00045_Animalia_Arthropoda_Arachnida_Araneae_Araneidae_Trichonephila_clavipes/beaa5d52-5015-4b59-a8ce-6fd304829d08.jpg,Trichonephila clavipes,Golden Silk Spider,Animalia,Araneidae,Trichonephila,333,500
train,1,45,2632538,2632538,train_mini/00045_Animalia_Arthropoda_Arachnida_Araneae_Araneidae_Trichonephila_clavipes/5c591eeb-e575-4a64-9878-8d0b8f3e2802.jpg,Trichonephila clavipes,Golden Silk Spider,Animalia,Araneidae,Trichonephila,375,500
train,1,45,1280536,1280536,train_mini/00045_Animalia_Arthropoda_Arachnida_Araneae_Araneidae_Trichonephila_clavipes/0004ad1a-1965-4463-afa7-bd0107aaa452.jpg,Trichonephila clavipes,Golden Silk Spider,Animalia,Araneidae,Trichonephila,500,375
train,1,45,2509345,2509345,train_mini/00045_Animalia_Arthropoda_Arachnida_Araneae_Araneidae_Trichonephila_clavipes/e1208f59-abc2-4cae-81ed-c22fbc136576.jpg,Trichonephila clavipes,Golden Silk Spider,Animalia,Araneidae,Trichonephila,500,375
train,1,45,2224460,2224460,train_mini/00045_Animalia_Arthropoda_Arachnida_Araneae_Araneidae_Trichonephila_clavipes/ca5a49b7-c3d6-43f4-8199-3ad7763becc7.jpg,Trichonephila clavipes,Golden Silk Spider,Animalia,Araneidae,Trichonephila,375,500
train,1,45,543540,543540,train_mini/00045_Animalia_Arthropoda_Arachnida_Araneae_Araneidae_Trichonephila_clavipes/07a63c4b-d0d9-4eb1-9aed-dd72bb5d9a8b.jpg,Trichonephila clavipes,Golden Silk Spider,Animalia,Araneidae,Trichonephila,375,500
train,1,45,1841876,1841876,train_mini/00045_Animalia_Arthropoda_Arachnida_Araneae_Araneidae_Trichonephila_clavipes/2f27953c-42d1-4500-85f5-a06fe4c49e9d.jpg,Trichonephila clavipes,Golden Silk Spider,Animalia,Araneidae,Trichonephila,375,500
train,2,70,411099,411099,train_mini/00070_Animalia_Arthropoda_Arachnida_Araneae_Pisauridae_Dolomedes_triton/fed39b2d-b67e-49c3-8f82-0b6d16291ca5.jpg,Dolomedes triton,Six-spotted Fishing Spider,Animalia,Pisauridae,Dolomedes,500,400
train,2,70,598868,598868,train_mini/00070_Animalia_Arthropoda_Arachnida_Araneae_Pisauridae_Dolomedes_triton/2cbf7532-7e84-49ee-a89c-eef82f77fdb3.jpg,Dolomedes triton,Six-spotted Fishing Spider,Animalia,Pisauridae,Dolomedes,500,375
train,2,70,1573088,1573088,train_mini/00070_Animalia_Arthropoda_Arachnida_Araneae_Pisauridae_Dolomedes_triton/6f1e1787-c004-4b4a-b651-24b98608f54a.jpg,Dolomedes triton,Six-spotted Fishing Spider,Animalia,Pisauridae,Dolomedes,500,333
train,2,70,2638950,2638950,train_mini/00070_Animalia_Arthropoda_Arachnida_Araneae_Pisauridae_Dolomedes_triton/597e124b-78f9-4a3c-bfe1-5502e5a28265.jpg,Dolomedes triton,Six-spotted Fishing Spider,Animalia,Pisauridae,Dolomedes,500,333
train,2,70,1321208,1321208,train_mini/00070_Animalia_Arthropoda_Arachnida_Araneae_Pisauridae_Dolomedes_triton/bce133a6-7a0f-4114-ac48-a9f6de420397.jpg,Dolomedes triton,Six-spotted Fishing Spider,Animalia,Pisauridae,Dolomedes,500,333
train,2,70,1748674,1748674,train_mini/00070_Animalia_Arthropoda_Arachnida_Araneae_Pisauridae_Dolomedes_triton/fd4ce8ba-323c-4d78-9647-b946eb5f22c9.jpg,Dolomedes triton,Six-spotted Fishing Spider,Animalia,Pisauridae,Dolomedes,500,375
train,2,70,55759,55759,train_mini/00070_Animalia_Arthropoda_Arachnida_Araneae_Pisauridae_Dolomedes_triton/f6a4834d-4bd0-4d42-9c59-a79ae7aac867.jpg,Dolomedes triton,Six-spotted Fishing Spider,Animalia,Pisauridae,Dolomedes,500,375
train,2,70,264468,264468,train_mini/00070_Animalia_Arthropoda_Arachnida_Araneae_Pisauridae_Dolomedes_triton/3c6cc91f-9844-4954-86eb-745c00bbcfa7.jpg,Dolomedes triton,Six-spotted Fishing Spider,Animalia,Pisauridae,Dolomedes,500,333
train,3,94,755182,755182,train_mini/00094_Animalia_Arthropoda_Arachnida_Araneae_Salticidae_Phidippus_johnsoni/058a159b-d5d2-4212-8b05-b8d0e367e43d.jpg,Phidippus johnsoni,Johnson's Jumping Spider,Animalia,Salticidae,Phidippus,375,500
train,3,94,1199678,1199678,train_mini/00094_Animalia_Arthropoda_Arachnida_Araneae_Salticidae_Phidippus_johnsoni/8946f55e-eb9e-4783-a222-36178a3f28f9.jpg,Phidippus johnsoni,Johnson's Jumping Spider,Animalia,Salticidae,Phidippus,500,421
train,3,94,767400,767400,train_mini/00094_Animalia_Arthropoda_Arachnida_Araneae_Salticidae_Phidippus_johnsoni/bb30f81b-3b9d-4821-ad5a-abf48b29bfa8.jpg,Phidippus johnsoni,Johnson's Jumping Spider,Animalia,Salticidae,Phidippus,321,500
train,3,94,1677205,1677205,train_mini/00094_Animalia_Arthropoda_Arachnida_Araneae_Salticidae_Phidippus_johnsoni/c62b181f-bda3-4ca3-8e96-0ad03249a137.jpg,Phidippus johnsoni,Johnson's Jumping Spider,Animalia,Salticidae,Phidippus,500,500
train,3,94,353576,353576,train_mini/00094_Animalia_Arthropoda_Arachnida_Araneae_Salticidae_Phidippus_johnsoni/de21b2cf-b38e-40e1-856b-7592104fd34a.jpg,Phidippus johnsoni,Johnson's Jumping Spider,Animalia,Salticidae,Phidippus,500,458
train,3,94,380209,380209,train_mini/00094_Animalia_Arthropoda_Arachnida_Araneae_Salticidae_Phidippus_johnsoni/db5e3995-bf29-4d6b-8479-c79048973811.jpg,Phidippus johnsoni,Johnson's Jumping Spider,Animalia,Salticidae,Phidippus,500,375
train,3,94,1612271,1612271,train_mini/00094_Animalia_Arthropoda_Arachnida_Araneae_Salticidae_Phidippus_johnsoni/b0c5081c-4fcf-44b3-954a-af99372527b6.jpg,Phidippus johnsoni,Johnson's Jumping Spider,Animalia,Salticidae,Phidippus,375,500
train,3,94,863555,863555,train_mini/00094_Animalia_Arthropoda_Arachnida_Araneae_Salticidae_Phidippus_johnsoni/961489a8-c118-4a52-a70f-da43afd78d2d.jpg,Phidippus johnsoni,Johnson's Jumping Spider,Animalia,Salticidae,Phidippus,500,333
train,4,152,2362462,2362462,train_mini/00152_Animalia_Arthropoda_Arachnida_Scorpiones_Vaejovidae_Paravaejovis_puritanus/53b4c7e3-bbbf-4fe6-80b6-1480a1068b51.jpg,Paravaejovis puritanus,Paravaejovis puritanus,Animalia,Vaejovidae,Paravaejovis,375,500
train,4,152,1992787,1992787,train_mini/00152_Animalia_Arthropoda_Arachnida_Scorpiones_Vaejovidae_Paravaejovis_puritanus/1cafa90b-c440-48dc-ba65-504ca94f0624.jpg,Paravaejovis puritanus,Paravaejovis puritanus,Animalia,Vaejovidae,Paravaejovis,375,500
train,4,152,2282513,2282513,train_mini/00152_Animalia_Arthropoda_Arachnida_Scorpiones_Vaejovidae_Paravaejovis_puritanus/2c725ef0-219c-4f30-a514-3a6f7d11ba86.jpg,Paravaejovis puritanus,Paravaejovis puritanus,Animalia,Vaejovidae,Paravaejovis,375,500
train,4,152,1059689,1059689,train_mini/00152_Animalia_Arthropoda_Arachnida_Scorpiones_Vaejovidae_Paravaejovis_puritanus/ceac89e2-74e3-4173-bf84-c77499e949ae.jpg,Paravaejovis puritanus,Paravaejovis puritanus,Animalia,Vaejovidae,Paravaejovis,500,375
train,4,152,1662551,1662551,train_mini/00152_Animalia_Arthropoda_Arachnida_Scorpiones_Vaejovidae_Paravaejovis_puritanus/aca4bed0-6cc6-4b6c-b686-f87f88eac44b.jpg,Paravaejovis puritanus,Paravaejovis puritanus,Animalia,Vaejovidae,Paravaejovis,500,375
train,4,152,2077011,2077011,train_mini/00152_Animalia_Arthropoda_Arachnida_Scorpiones_Vaejovidae_Paravaejovis_puritanus/a8310b3d-bfee-47b8-b4ae-f473891448ea.jpg,Paravaejovis puritanus,Paravaejovis puritanus,Animalia,Vaejovidae,Paravaejovis,375,500
train,4,152,491138,491138,train_mini/00152_Animalia_Arthropoda_Arachnida_Scorpiones_Vaejovidae_Paravaejovis_puritanus/2e6d11d5-64d7-4439-83d6-63ba6ad09693.jpg,Paravaejovis puritanus,Paravaejovis puritanus,Animalia,Vaejovidae,Paravaejovis,500,500
train,4,152,54657,54657,train_mini/00152_Animalia_Arthropoda_Arachnida_Scorpiones_Vaejovidae_Paravaejovis_puritanus/002b9239-8942-4024-b68e-1d85da310443.jpg,Paravaejovis puritanus,Paravaejovis puritanus,Animalia,Vaejovidae,Paravaejovis,375,500
train,5,157,539016,539016,train_mini/00157_Animalia_Arthropoda_Chilopoda_Scolopendromorpha_Scolopendridae_Hemiscolopendra_marginata/a9dd2e4c-a17e-49dd-a7a6-c1e5ccbd8c46.jpg,Hemiscolopendra marginata,Eastern Bark Centipede,Animalia,Scolopendridae,Hemiscolopendra,500,377
train,5,157,345736,345736,train_mini/00157_Animalia_Arthropoda_Chilopoda_Scolopendromorpha_Scolopendridae_Hemiscolopendra_marginata/a6696cb0-a6e9-405c-91a1-f69d0b141c09.jpg,Hemiscolopendra marginata,Eastern Bark Centipede,Animalia,Scolopendridae,Hemiscolopendra,500,382
train,5,157,1635388,1635388,train_mini/00157_Animalia_Arthropoda_Chilopoda_Scolopendromorpha_Scolopendridae_Hemiscolopendra_marginata/4ea2b1c2-f2e7-4f6f-b8cf-6af746d01d19.jpg,Hemiscolopendra marginata,Eastern Bark Centipede,Animalia,Scolopendridae,Hemiscolopendra,375,500
train,5,157,841745,841745,train_mini/00157_Animalia_Arthropoda_Chilopoda_Scolopendromorpha_Scolopendridae_Hemiscolopendra_marginata/5bd79896-caf3-4746-879b-98501f71e122.jpg,Hemiscolopendra marginata,Eastern Bark Centipede,Animalia,Scolopendridae,Hemiscolopendra,500,375
train,5,157,1559199,1559199,train_mini/00157_Animalia_Arthropoda_Chilopoda_Scolopendromorpha_Scolopendridae_Hemiscolopendra_marginata/52571152-8ecc-46eb-94c6-339d14d36da5.jpg,Hemiscolopendra marginata,Eastern Bark Centipede,Animalia,Scolopendridae,Hemiscolopendra,375,500
train,5,157,489723,489723,train_mini/00157_Animalia_Arthropoda_Chilopoda_Scolopendromorpha_Scolopendridae_Hemiscolopendra_marginata/22646615-1789-417a-a333-edb49b114815.jpg,Hemiscolopendra marginata,Eastern Bark Centipede,Animalia,Scolopendridae,Hemiscolopendra,375,500
train,5,157,1095630,1095630,train_mini/00157_Animalia_Arthropoda_Chilopoda_Scolopendromorpha_Scolopendridae_Hemiscolopendra_marginata/5517fcae-4af3-4413-aeec-455ad1a49106.jpg,Hemiscolopendra marginata,Eastern Bark Centipede,Animalia,Scolopendridae,Hemiscolopendra,375,500
train,5,157,1185577,1185577,train_mini/00157_Animalia_Arthropoda_Chilopoda_Scolopendromorpha_Scolopendridae_Hemiscolopendra_marginata/d31b2463-02d3-4b3e-98c2-cc913fd9169e.jpg,Hemiscolopendra marginata,Eastern Bark Centipede,Animalia,Scolopendridae,Hemiscolopendra,500,319
train,6,159,1037390,1037390,train_mini/00159_Animalia_Arthropoda_Chilopoda_Scolopendromorpha_Scolopendridae_Scolopendra_heros/ece9a654-f287-456f-b49f-6570fe17d306.jpg,Scolopendra heros,Giant Desert Centipede,Animalia,Scolopendridae,Scolopendra,500,375
train,6,159,379759,379759,train_mini/00159_Animalia_Arthropoda_Chilopoda_Scolopendromorpha_Scolopendridae_Scolopendra_heros/5c3a32c8-db2a-44ec-a6a7-84fe31382d81.jpg,Scolopendra heros,Giant Desert Centipede,Animalia,Scolopendridae,Scolopendra,500,375
train,6,159,539592,539592,train_mini/00159_Animalia_Arthropoda_Chilopoda_Scolopendromorpha_Scolopendridae_Scolopendra_heros/3314ada8-a01c-4061-875f-b04c446a198a.jpg,Scolopendra heros,Giant Desert Centipede,Animalia,Scolopendridae,Scolopendra,500,268
train,6,159,2588140,2588140,train_mini/00159_Animalia_Arthropoda_Chilopoda_Scolopendromorpha_Scolopendridae_Scolopendra_heros/a7854d67-e838-4d1b-8eb1-8f8b03ddce6d.jpg,Scolopendra heros,Giant Desert Centipede,Animalia,Scolopendridae,Scolopendra,375,500
train,6,159,927424,927424,train_mini/00159_Animalia_Arthropoda_Chilopoda_Scolopendromorpha_Scolopendridae_Scolopendra_heros/34c6b72d-74e9-40d9-8db8-c4d09be4dbf4.jpg,Scolopendra heros,Giant Desert Centipede,Animalia,Scolopendridae,Scolopendra,500,375
train,6,159,245947,245947,train_mini/00159_Animalia_Arthropoda_Chilopoda_Scolopendromorpha_Scolopendridae_Scolopendra_heros/208b9cf5-2663-4697-93a5-27b889af1973.jpg,Scolopendra heros,Giant Desert Centipede,Animalia,Scolopendridae,Scolopendra,500,375
train,6,159,1712847,1712847,train_mini/00159_Animalia_Arthropoda_Chilopoda_Scolopendromorpha_Scolopendridae_Scolopendra_heros/a3ec7c00-cef0-44fb-bf86-0303bd4c2d4e.jpg,Scolopendra heros,Giant Desert Centipede,Animalia,Scolopendridae,Scolopendra,395,500
train,6,159,521776,521776,train_mini/00159_Animalia_Arthropoda_Chilopoda_Scolopendromorpha_Scolopendridae_Scolopendra_heros/4892bfa5-ba23-42c7-ace0-f77f7c7171d3.jpg,Scolopendra heros,Giant Desert Centipede,Animalia,Scolopendridae,Scolopendra,375,500
train,7,184,727102,727102,train_mini/00184_Animalia_Arthropoda_Insecta_Coleoptera_Buprestidae_Agrilus_planipennis/8ff1feb5-8c82-4b21-a7b6-4673a36ea2aa.jpg,Agrilus planipennis,Emerald Ash Borer,Animalia,Buprestidae,Agrilus,375,500
train,7,184,2108199,2108199,train_mini/00184_Animalia_Arthropoda_Insecta_Coleoptera_Buprestidae_Agrilus_planipennis/945d404c-aed5-4f84-9647-e04cd2934032.jpg,Agrilus planipennis,Emerald Ash Borer,Animalia,Buprestidae,Agrilus,500,333
train,7,184,2466444,2466444,train_mini/00184_Animalia_Arthropoda_Insecta_Coleoptera_Buprestidae_Agrilus_planipennis/26be985d-8242-46f7-b8cf-acf5361046f9.jpg,Agrilus planipennis,Emerald Ash Borer,Animalia,Buprestidae,Agrilus,500,281
train,7,184,1903045,1903045,train_mini/00184_Animalia_Arthropoda_Insecta_Coleoptera_Buprestidae_Agrilus_planipennis/9fdb7a15-4df5-41c4-9ab8-df7273e276e0.jpg,Agrilus planipennis,Emerald Ash Borer,Animalia,Buprestidae,Agrilus,297,395
train,7,184,2496040,2496040,train_mini/00184_Animalia_Arthropoda_Insecta_Coleoptera_Buprestidae_Agrilus_planipennis/12c540ca-8140-4f6c-b2d5-692fedfc19e5.jpg,Agrilus planipennis,Emerald Ash Borer,Animalia,Buprestidae,Agrilus,500,375
train,7,184,344251,344251,train_mini/00184_Animalia_Arthropoda_Insecta_Coleoptera_Buprestidae_Agrilus_planipennis/c8397aea-14b0-45e7-a345-905e20ecb6b9.jpg,Agrilus planipennis,Emerald Ash Borer,Animalia,Buprestidae,Agrilus,375,500
train,7,184,13727,13727,train_mini/00184_Animalia_Arthropoda_Insecta_Coleoptera_Buprestidae_Agrilus_planipennis/0ff4effc-7d5d-4335-a662-aa59ddabe4d1.jpg,Agrilus planipennis,Emerald Ash Borer,Animalia,Buprestidae,Agrilus,375,500
train,7,184,900020,900020,train_mini/00184_Animalia_Arthropoda_Insecta_Coleoptera_Buprestidae_Agrilus_planipennis/46a2dc4f-bf9d-4950-af39-f782b53547e8.jpg,Agrilus planipennis,Emerald Ash Borer,Animalia,Buprestidae,Agrilus,375,500
train,8,193,542392,542392,train_mini/00193_Animalia_Arthropoda_Insecta_Coleoptera_Cantharidae_Chauliognathus_pensylvanicus/b50d7ebd-19fe-48f1-a91c-fdeaa121e8ab.jpg,Chauliognathus pensylvanicus,Goldenrod Soldier Beetle,Animalia,Cantharidae,Chauliognathus,375,500
train,8,193,2253133,2253133,train_mini/00193_Animalia_Arthropoda_Insecta_Coleoptera_Cantharidae_Chauliognathus_pensylvanicus/4035a8be-c349-4047-bed6-403ac8a7bbc5.jpg,Chauliognathus pensylvanicus,Goldenrod Soldier Beetle,Animalia,Cantharidae,Chauliognathus,431,500
train,8,193,2357071,2357071,train_mini/00193_Animalia_Arthropoda_Insecta_Coleoptera_Cantharidae_Chauliognathus_pensylvanicus/61ae8e4d-a35a-42bb-832e-372eb765be80.jpg,Chauliognathus pensylvanicus,Goldenrod Soldier Beetle,Animalia,Cantharidae,Chauliognathus,375,500
train,8,193,1094336,1094336,train_mini/00193_Animalia_Arthropoda_Insecta_Coleoptera_Cantharidae_Chauliognathus_pensylvanicus/e72e6bfa-407a-465e-992c-84b245e088ca.jpg,Chauliognathus pensylvanicus,Goldenrod Soldier Beetle,Animalia,Cantharidae,Chauliognathus,334,500
train,8,193,1046929,1046929,train_mini/00193_Animalia_Arthropoda_Insecta_Coleoptera_Cantharidae_Chauliognathus_pensylvanicus/50eab491-a959-4ec7-8398-6082968064a8.jpg,Chauliognathus pensylvanicus,Goldenrod Soldier Beetle,Animalia,Cantharidae,Chauliognathus,500,375
train,8,193,2231555,2231555,train_mini/00193_Animalia_Arthropoda_Insecta_Coleoptera_Cantharidae_Chauliognathus_pensylvanicus/e93863b7-b9b2-46be-91b1-7edc98205911.jpg,Chauliognathus pensylvanicus,Goldenrod Soldier Beetle,Animalia,Cantharidae,Chauliognathus,281,500
train,8,193,2187629,2187629,train_mini/00193_Animalia_Arthropoda_Insecta_Coleoptera_Cantharidae_Chauliognathus_pensylvanicus/97824d71-fb58-499d-88cd-5ea59b9e8b27.jpg,Chauliognathus pensylvanicus,Goldenrod Soldier Beetle,Animalia,Cantharidae,Chauliognathus,375,500
train,8,193,2187938,2187938,train_mini/00193_Animalia_Arthropoda_Insecta_Coleoptera_Cantharidae_Chauliognathus_pensylvanicus/dc894b01-dee9-4738-b521-a0fecd1c3cf5.jpg,Chauliognathus pensylvanicus,Goldenrod Soldier Beetle,Animalia,Cantharidae,Chauliognathus,500,375
train,9,251,2269003,2269003,train_mini/00251_Animalia_Arthropoda_Insecta_Coleoptera_Cerambycidae_Rutpela_maculata/a9a03a3c-1e90-4eb8-9bc5-f128108cea4a.jpg,Rutpela maculata,Spotted Longhorn,Animalia,Cerambycidae,Rutpela,500,375
train,9,251,2536657,2536657,train_mini/00251_Animalia_Arthropoda_Insecta_Coleoptera_Cerambycidae_Rutpela_maculata/251d3f4a-9f09-412f-a903-a72921803d91.jpg,Rutpela maculata,Spotted Longhorn,Animalia,Cerambycidae,Rutpela,500,375
train,9,251,993371,993371,train_mini/00251_Animalia_Arthropoda_Insecta_Coleoptera_Cerambycidae_Rutpela_maculata/13a1d6f2-69bb-4600-ab1e-48d140aec964.jpg,Rutpela maculata,Spotted Longhorn,Animalia,Cerambycidae,Rutpela,500,281
train,9,251,2482868,2482868,train_mini/00251_Animalia_Arthropoda_Insecta_Coleoptera_Cerambycidae_Rutpela_maculata/eb09686e-fae3-4940-89a8-368da47d36f7.jpg,Rutpela maculata,Spotted Longhorn,Animalia,Cerambycidae,Rutpela,500,461
train,9,251,204215,204215,train_mini/00251_Animalia_Arthropoda_Insecta_Coleoptera_Cerambycidae_Rutpela_maculata/17528cb5-a0c6-4adb-84d1-ce7ee53615f3.jpg,Rutpela maculata,Spotted Longhorn,Animalia,Cerambycidae,Rutpela,500,375
train,9,251,2001984,2001984,train_mini/00251_Animalia_Arthropoda_Insecta_Coleoptera_Cerambycidae_Rutpela_maculata/f908345f-fc63-4bd7-80ca-f27298c9b288.jpg,Rutpela maculata,Spotted Longhorn,Animalia,Cerambycidae,Rutpela,500,281
train,9,251,206053,206053,train_mini/00251_Animalia_Arthropoda_Insecta_Coleoptera_Cerambycidae_Rutpela_maculata/4fbba98c-470e-4b79-a2fd-938624685cb3.jpg,Rutpela maculata,Spotted Longhorn,Animalia,Cerambycidae,Rutpela,500,309
train,9,251,2233371,2233371,train_mini/00251_Animalia_Arthropoda_Insecta_Coleoptera_Cerambycidae_Rutpela_maculata/f14041c6-a806-4a68-99c0-1819ad2fe3a7.jpg,Rutpela maculata,Spotted Longhorn,Animalia,Cerambycidae,Rutpela,281,500
train,10,260,2097478,2097478,train_mini/00260_Animalia_Arthropoda_Insecta_Coleoptera_Cerambycidae_Trichocnemis_spiculatus/fe8e5be6-38fc-4a18-890c-56642d10bca9.jpg,Trichocnemis spiculatus,Spined Woodborer,Animalia,Cerambycidae,Trichocnemis,375,500
train,10,260,1977275,1977275,train_mini/00260_Animalia_Arthropoda_Insecta_Coleoptera_Cerambycidae_Trichocnemis_spiculatus/0c940e7d-1929-4183-8a54-4406f2176e65.jpg,Trichocnemis spiculatus,Spined Woodborer,Animalia,Cerambycidae,Trichocnemis,375,500
train,10,260,1260427,1260427,train_mini/00260_Animalia_Arthropoda_Insecta_Coleoptera_Cerambycidae_Trichocnemis_spiculatus/bee4cf0e-3bba-454a-912a-f00ab2de88f2.jpg,Trichocnemis spiculatus,Spined Woodborer,Animalia,Cerambycidae,Trichocnemis,500,375
train,10,260,21302,21302,train_mini/00260_Animalia_Arthropoda_Insecta_Coleoptera_Cerambycidae_Trichocnemis_spiculatus/dc6d9b9b-5c6c-42ff-aa0b-d222c8ff8c04.jpg,Trichocnemis spiculatus,Spined Woodborer,Animalia,Cerambycidae,Trichocnemis,500,375
train,10,260,2334155,2334155,train_mini/00260_Animalia_Arthropoda_Insecta_Coleoptera_Cerambycidae_Trichocnemis_spiculatus/6c0b7a05-4205-43dc-aacc-c08cfa9c5079.jpg,Trichocnemis spiculatus,Spined Woodborer,Animalia,Cerambycidae,Trichocnemis,375,500
train,10,260,1344702,1344702,train_mini/00260_Animalia_Arthropoda_Insecta_Coleoptera_Cerambycidae_Trichocnemis_spiculatus/d01123b1-e8d5-4355-ae83-8625d777ae8c.jpg,Trichocnemis spiculatus,Spined Woodborer,Animalia,Cerambycidae,Trichocnemis,500,375
train,10,260,1975852,1975852,train_mini/00260_Animalia_Arthropoda_Insecta_Coleoptera_Cerambycidae_Trichocnemis_spiculatus/7f28bc42-6fcb-4dec-969d-23130d6d8d01.jpg,Trichocnemis spiculatus,Spined Woodborer,Animalia,Cerambycidae,Trichocnemis,281,500
train,10,260,67442,67442,train_mini/00260_Animalia_Arthropoda_Insecta_Coleoptera_Cerambycidae_Trichocnemis_spiculatus/8d2b9d4d-cd12-404c-a501-cd8eb3932871.jpg,Trichocnemis spiculatus,Spined Woodborer,Animalia,Cerambycidae,Trichocnemis,500,375
train,11,290,1088572,1088572,train_mini/00290_Animalia_Arthropoda_Insecta_Coleoptera_Chrysomelidae_Leptinotarsa_juncta/91da7de4-bae6-4544-b53f-9ae755c6bae2.jpg,Leptinotarsa juncta,False Potato Beetle,Animalia,Chrysomelidae,Leptinotarsa,500,490
train,11,290,1703365,1703365,train_mini/00290_Animalia_Arthropoda_Insecta_Coleoptera_Chrysomelidae_Leptinotarsa_juncta/46223e17-2c57-4492-a1aa-d46323e38271.jpg,Leptinotarsa juncta,False Potato Beetle,Animalia,Chrysomelidae,Leptinotarsa,375,500
train,11,290,2139893,2139893,train_mini/00290_Animalia_Arthropoda_Insecta_Coleoptera_Chrysomelidae_Leptinotarsa_juncta/d2411c33-4906-41cf-9a89-560eadf3e2e3.jpg,Leptinotarsa juncta,False Potato Beetle,Animalia,Chrysomelidae,Leptinotarsa,281,500
train,11,290,1777158,1777158,train_mini/00290_Animalia_Arthropoda_Insecta_Coleoptera_Chrysomelidae_Leptinotarsa_juncta/5536ef7c-5aa8-4e1a-a2a2-94918b19dc94.jpg,Leptinotarsa juncta,False Potato Beetle,Animalia,Chrysomelidae,Leptinotarsa,375,500
train,11,290,912225,912225,train_mini/00290_Animalia_Arthropoda_Insecta_Coleoptera_Chrysomelidae_Leptinotarsa_juncta/a22ef698-c1af-4558-ae67-3060651b1f28.jpg,Leptinotarsa juncta,False Potato Beetle,Animalia,Chrysomelidae,Leptinotarsa,500,313
train,11,290,1768537,1768537,train_mini/00290_Animalia_Arthropoda_Insecta_Coleoptera_Chrysomelidae_Leptinotarsa_juncta/a77ebc80-8be3-4c82-85ca-3234311250e4.jpg,Leptinotarsa juncta,False Potato Beetle,Animalia,Chrysomelidae,Leptinotarsa,500,375
train,11,290,727942,727942,train_mini/00290_Animalia_Arthropoda_Insecta_Coleoptera_Chrysomelidae_Leptinotarsa_juncta/1c329126-d731-45c8-9e83-c651a8e0d9f4.jpg,Leptinotarsa juncta,False Potato Beetle,Animalia,Chrysomelidae,Leptinotarsa,500,375
train,11,290,2051145,2051145,train_mini/00290_Animalia_Arthropoda_Insecta_Coleoptera_Chrysomelidae_Leptinotarsa_juncta/15d7dd46-309b-4661-b096-79466fafcfba.jpg,Leptinotarsa juncta,False Potato Beetle,Animalia,Chrysomelidae,Leptinotarsa,375,500
train,12,326,1352725,1352725,train_mini/00326_Animalia_Arthropoda_Insecta_Coleoptera_Coccinellidae_Henosepilachna_vigintioctopunctata/5a8a0a81-9861-4c98-8a8f-904e17c9fde1.jpg,Henosepilachna vigintioctopunctata,Hadda Beetle,Animalia,Coccinellidae,Henosepilachna,500,333
train,12,326,1201918,1201918,train_mini/00326_Animalia_Arthropoda_Insecta_Coleoptera_Coccinellidae_Henosepilachna_vigintioctopunctata/57ef86ce-5fb2-4692-adf7-f97dc9a487d7.jpg,Henosepilachna vigintioctopunctata,Hadda Beetle,Animalia,Coccinellidae,Henosepilachna,375,500
train,12,326,2431152,2431152,train_mini/00326_Animalia_Arthropoda_Insecta_Coleoptera_Coccinellidae_Henosepilachna_vigintioctopunctata/5f82ba9e-2041-4bf7-bece-eec88688b159.jpg,Henosepilachna vigintioctopunctata,Hadda Beetle,Animalia,Coccinellidae,Henosepilachna,500,333
train,12,326,1702680,1702680,train_mini/00326_Animalia_Arthropoda_Insecta_Coleoptera_Coccinellidae_Henosepilachna_vigintioctopunctata/f10661e7-2fa3-4bbe-9339-ef143ac99ba7.jpg,Henosepilachna vigintioctopunctata,Hadda Beetle,Animalia,Coccinellidae,Henosepilachna,375,500
train,12,326,1764984,1764984,train_mini/00326_Animalia_Arthropoda_Insecta_Coleoptera_Coccinellidae_Henosepilachna_vigintioctopunctata/460552cb-a0d9-4029-a372-cb752cb0fbc3.jpg,Henosepilachna vigintioctopunctata,Hadda Beetle,Animalia,Coccinellidae,Henosepilachna,500,375
train,12,326,35805,35805,train_mini/00326_Animalia_Arthropoda_Insecta_Coleoptera_Coccinellidae_Henosepilachna_vigintioctopunctata/83369608-aef0-4a04-b814-870ef4b83176.jpg,Henosepilachna vigintioctopunctata,Hadda Beetle,Animalia,Coccinellidae,Henosepilachna,500,389
train,12,326,1551417,1551417,train_mini/00326_Animalia_Arthropoda_Insecta_Coleoptera_Coccinellidae_Henosepilachna_vigintioctopunctata/5eb3445b-6797-4c6a-8ddb-11a03691d24c.jpg,Henosepilachna vigintioctopunctata,Hadda Beetle,Animalia,Coccinellidae,Henosepilachna,375,500
train,12,326,1894280,1894280,train_mini/00326_Animalia_Arthropoda_Insecta_Coleoptera_Coccinellidae_Henosepilachna_vigintioctopunctata/a7bf5957-48ba-425e-8ef9-fa3d21096dc5.jpg,Henosepilachna vigintioctopunctata,Hadda Beetle,Animalia,Coccinellidae,Henosepilachna,382,500
train,13,332,2094995,2094995,train_mini/00332_Animalia_Arthropoda_Insecta_Coleoptera_Coccinellidae_Psyllobora_vigintiduopunctata/bbd138db-244e-47f4-9be4-2b15eee27c62.jpg,Psyllobora vigintiduopunctata,22-spot Ladybird Beetle,Animalia,Coccinellidae,Psyllobora,281,500
train,13,332,1070751,1070751,train_mini/00332_Animalia_Arthropoda_Insecta_Coleoptera_Coccinellidae_Psyllobora_vigintiduopunctata/bbebc572-f175-4ce1-a8b1-c39b7948f6cf.jpg,Psyllobora vigintiduopunctata,22-spot Ladybird Beetle,Animalia,Coccinellidae,Psyllobora,281,500
train,13,332,2502273,2502273,train_mini/00332_Animalia_Arthropoda_Insecta_Coleoptera_Coccinellidae_Psyllobora_vigintiduopunctata/3a6b51c0-98ae-42d9-9670-8c51de6c4091.jpg,Psyllobora vigintiduopunctata,22-spot Ladybird Beetle,Animalia,Coccinellidae,Psyllobora,250,500
train,13,332,2055025,2055025,train_mini/00332_Animalia_Arthropoda_Insecta_Coleoptera_Coccinellidae_Psyllobora_vigintiduopunctata/7dd2a829-65b4-48ea-8066-492c9785acb8.jpg,Psyllobora vigintiduopunctata,22-spot Ladybird Beetle,Animalia,Coccinellidae,Psyllobora,375,500
train,13,332,2454403,2454403,train_mini/00332_Animalia_Arthropoda_Insecta_Coleoptera_Coccinellidae_Psyllobora_vigintiduopunctata/f7141df7-77ee-4225-8e17-4c1d2f94df0f.jpg,Psyllobora vigintiduopunctata,22-spot Ladybird Beetle,Animalia,Coccinellidae,Psyllobora,500,430
train,13,332,785370,785370,train_mini/00332_Animalia_Arthropoda_Insecta_Coleoptera_Coccinellidae_Psyllobora_vigintiduopunctata/19c9ddba-eae2-4475-b34a-fbc844b3a76f.jpg,Psyllobora vigintiduopunctata,22-spot Ladybird Beetle,Animalia,Coccinellidae,Psyllobora,500,313
train,13,332,2271683,2271683,train_mini/00332_Animalia_Arthropoda_Insecta_Coleoptera_Coccinellidae_Psyllobora_vigintiduopunctata/e74d4aa5-b175-4e01-994d-6d81579525e0.jpg,Psyllobora vigintiduopunctata,22-spot Ladybird Beetle,Animalia,Coccinellidae,Psyllobora,375,500
train,13,332,2353296,2353296,train_mini/00332_Animalia_Arthropoda_Insecta_Coleoptera_Coccinellidae_Psyllobora_vigintiduopunctata/5cb74a91-a709-463a-837c-7a1afb8efe5f.jpg,Psyllobora vigintiduopunctata,22-spot Ladybird Beetle,Animalia,Coccinellidae,Psyllobora,500,375
train,14,351,2307658,2307658,train_mini/00351_Animalia_Arthropoda_Insecta_Coleoptera_Geotrupidae_Anoplotrupes_stercorosus/5d53f1ca-5dc7-44b0-afa8-184b7dec349e.jpg,Anoplotrupes stercorosus,Woodland Dor Beetle,Animalia,Geotrupidae,Anoplotrupes,375,500
train,14,351,2325815,2325815,train_mini/00351_Animalia_Arthropoda_Insecta_Coleoptera_Geotrupidae_Anoplotrupes_stercorosus/7e91c96d-0798-41f4-9f6e-a1d76fe0c1c6.jpg,Anoplotrupes stercorosus,Woodland Dor Beetle,Animalia,Geotrupidae,Anoplotrupes,500,281
train,14,351,1036540,1036540,train_mini/00351_Animalia_Arthropoda_Insecta_Coleoptera_Geotrupidae_Anoplotrupes_stercorosus/ffcac41f-773c-48f4-bbba-dd276dbe52e1.jpg,Anoplotrupes stercorosus,Woodland Dor Beetle,Animalia,Geotrupidae,Anoplotrupes,500,333
train,14,351,1103938,1103938,train_mini/00351_Animalia_Arthropoda_Insecta_Coleoptera_Geotrupidae_Anoplotrupes_stercorosus/a3b2d911-35d8-4870-aa08-085946880722.jpg,Anoplotrupes stercorosus,Woodland Dor Beetle,Animalia,Geotrupidae,Anoplotrupes,469,500
train,14,351,771333,771333,train_mini/00351_Animalia_Arthropoda_Insecta_Coleoptera_Geotrupidae_Anoplotrupes_stercorosus/8177100a-4350-4c2e-b3ee-51874b1e8f6c.jpg,Anoplotrupes stercorosus,Woodland Dor Beetle,Animalia,Geotrupidae,Anoplotrupes,500,375
train,14,351,1766648,1766648,train_mini/00351_Animalia_Arthropoda_Insecta_Coleoptera_Geotrupidae_Anoplotrupes_stercorosus/b725b859-0418-4ec7-b726-cf980eaf4a7b.jpg,Anoplotrupes stercorosus,Woodland Dor Beetle,Animalia,Geotrupidae,Anoplotrupes,500,373
train,14,351,938634,938634,train_mini/00351_Animalia_Arthropoda_Insecta_Coleoptera_Geotrupidae_Anoplotrupes_stercorosus/5a263363-2985-4ea1-9bad-4b46640c6fbb.jpg,Anoplotrupes stercorosus,Woodland Dor Beetle,Animalia,Geotrupidae,Anoplotrupes,281,500
train,14,351,1747296,1747296,train_mini/00351_Animalia_Arthropoda_Insecta_Coleoptera_Geotrupidae_Anoplotrupes_stercorosus/6fb72298-56a8-491d-a079-46af621620b6.jpg,Anoplotrupes stercorosus,Woodland Dor Beetle,Animalia,Geotrupidae,Anoplotrupes,500,333
train,15,370,1300084,1300084,train_mini/00370_Animalia_Arthropoda_Insecta_Coleoptera_Oedemeridae_Oedemera_femorata/bb23fb9a-cef0-4391-99a6-514b08f9bb27.jpg,Oedemera femorata,Oedemera femorata,Animalia,Oedemeridae,Oedemera,399,500
train,15,370,1914587,1914587,train_mini/00370_Animalia_Arthropoda_Insecta_Coleoptera_Oedemeridae_Oedemera_femorata/6bde79ad-def9-4997-a916-a40911024de4.jpg,Oedemera femorata,Oedemera femorata,Animalia,Oedemeridae,Oedemera,500,375
train,15,370,2259548,2259548,train_mini/00370_Animalia_Arthropoda_Insecta_Coleoptera_Oedemeridae_Oedemera_femorata/4e2dcef8-7d18-4b7a-a0e5-673bbb463611.jpg,Oedemera femorata,Oedemera femorata,Animalia,Oedemeridae,Oedemera,500,345
train,15,370,2449682,2449682,train_mini/00370_Animalia_Arthropoda_Insecta_Coleoptera_Oedemeridae_Oedemera_femorata/011c25aa-4e44-4df1-aa17-9d5e25e2262e.jpg,Oedemera femorata,Oedemera femorata,Animalia,Oedemeridae,Oedemera,500,391
train,15,370,1881610,1881610,train_mini/00370_Animalia_Arthropoda_Insecta_Coleoptera_Oedemeridae_Oedemera_femorata/29b2ee28-6694-4dfd-ac72-952ec743940b.jpg,Oedemera femorata,Oedemera femorata,Animalia,Oedemeridae,Oedemera,500,333
train,15,370,1890193,1890193,train_mini/00370_Animalia_Arthropoda_Insecta_Coleoptera_Oedemeridae_Oedemera_femorata/36dd9b9a-59b9-48e3-a661-27f1f9dec39b.jpg,Oedemera femorata,Oedemera femorata,Animalia,Oedemeridae,Oedemera,500,331
train,15,370,963863,963863,train_mini/00370_Animalia_Arthropoda_Insecta_Coleoptera_Oedemeridae_Oedemera_femorata/3c6ee974-ea30-4469-bbb7-a9251bd26d0f.jpg,Oedemera femorata,Oedemera femorata,Animalia,Oedemeridae,Oedemera,500,364
train,15,370,2618873,2618873,train_mini/00370_Animalia_Arthropoda_Insecta_Coleoptera_Oedemeridae_Oedemera_femorata/5ee1e16c-0f35-49c6-9ba9-db855e41f721.jpg,Oedemera femorata,Oedemera femorata,Animalia,Oedemeridae,Oedemera,500,331
train,16,384,426097,426097,train_mini/00384_Animalia_Arthropoda_Insecta_Coleoptera_Scarabaeidae_Euphoria_kernii/34605dcf-90a1-43cf-b45e-afb77faee323.jpg,Euphoria kernii,Kern's Flower Scarab,Animalia,Scarabaeidae,Euphoria,500,449
train,16,384,1554939,1554939,train_mini/00384_Animalia_Arthropoda_Insecta_Coleoptera_Scarabaeidae_Euphoria_kernii/9f6321c5-226c-46a3-b49a-bc3fcaca6fba.jpg,Euphoria kernii,Kern's Flower Scarab,Animalia,Scarabaeidae,Euphoria,500,375
train,16,384,1349991,1349991,train_mini/00384_Animalia_Arthropoda_Insecta_Coleoptera_Scarabaeidae_Euphoria_kernii/bb4cd900-627a-4af5-ade5-1549cb9f43f1.jpg,Euphoria kernii,Kern's Flower Scarab,Animalia,Scarabaeidae,Euphoria,500,418
train,16,384,216647,216647,train_mini/00384_Animalia_Arthropoda_Insecta_Coleoptera_Scarabaeidae_Euphoria_kernii/0a8a119e-7bdf-4b3c-9224-93f95c63fb6e.jpg,Euphoria kernii,Kern's Flower Scarab,Animalia,Scarabaeidae,Euphoria,500,375
train,16,384,180546,180546,train_mini/00384_Animalia_Arthropoda_Insecta_Coleoptera_Scarabaeidae_Euphoria_kernii/5ba8cceb-774b-4f13-b492-452c56d1a3c9.jpg,Euphoria kernii,Kern's Flower Scarab,Animalia,Scarabaeidae,Euphoria,488,500
train,16,384,1673089,1673089,train_mini/00384_Animalia_Arthropoda_Insecta_Coleoptera_Scarabaeidae_Euphoria_kernii/13794e60-3cfd-408a-9134-48428d2cfb8b.jpg,Euphoria kernii,Kern's Flower Scarab,Animalia,Scarabaeidae,Euphoria,375,500
train,16,384,1677239,1677239,train_mini/00384_Animalia_Arthropoda_Insecta_Coleoptera_Scarabaeidae_Euphoria_kernii/43c29247-56c9-4838-b317-bd0707d742f4.jpg,Euphoria kernii,Kern's Flower Scarab,Animalia,Scarabaeidae,Euphoria,500,333
train,16,384,381590,381590,train_mini/00384_Animalia_Arthropoda_Insecta_Coleoptera_Scarabaeidae_Euphoria_kernii/ce8706a8-716d-4804-9d47-63bac030a8a3.jpg,Euphoria kernii,Kern's Flower Scarab,Animalia,Scarabaeidae,Euphoria,500,375
train,17,386,112274,112274,train_mini/00386_Animalia_Arthropoda_Insecta_Coleoptera_Scarabaeidae_Exomala_orientalis/3816bd21-9a6d-4eb1-ab9e-e13246435f53.jpg,Exomala orientalis,Oriental Beetle,Animalia,Scarabaeidae,Exomala,500,500
train,17,386,2025634,2025634,train_mini/00386_Animalia_Arthropoda_Insecta_Coleoptera_Scarabaeidae_Exomala_orientalis/87803b98-5092-483f-b67d-d1fd06f9ee19.jpg,Exomala orientalis,Oriental Beetle,Animalia,Scarabaeidae,Exomala,375,500
train,17,386,2072280,2072280,train_mini/00386_Animalia_Arthropoda_Insecta_Coleoptera_Scarabaeidae_Exomala_orientalis/72b20d10-1fe3-4ba1-bbff-f35e7bff738a.jpg,Exomala orientalis,Oriental Beetle,Animalia,Scarabaeidae,Exomala,500,333
train,17,386,215967,215967,train_mini/00386_Animalia_Arthropoda_Insecta_Coleoptera_Scarabaeidae_Exomala_orientalis/1ae4eaaf-524f-42c3-80cd-9b89a7f25915.jpg,Exomala orientalis,Oriental Beetle,Animalia,Scarabaeidae,Exomala,500,375
train,17,386,1993153,1993153,train_mini/00386_Animalia_Arthropoda_Insecta_Coleoptera_Scarabaeidae_Exomala_orientalis/4829ff20-ff91-4659-a20e-6367a726dfae.jpg,Exomala orientalis,Oriental Beetle,Animalia,Scarabaeidae,Exomala,375,500
train,17,386,1328258,1328258,train_mini/00386_Animalia_Arthropoda_Insecta_Coleoptera_Scarabaeidae_Exomala_orientalis/26572a92-7bc7-4973-abde-2f4c61b68fcc.jpg,Exomala orientalis,Oriental Beetle,Animalia,Scarabaeidae,Exomala,500,478
train,17,386,2079206,2079206,train_mini/00386_Animalia_Arthropoda_Insecta_Coleoptera_Scarabaeidae_Exomala_orientalis/fedc1487-720a-4f8e-b882-1c0431348658.jpg,Exomala orientalis,Oriental Beetle,Animalia,Scarabaeidae,Exomala,500,332
train,17,386,1928845,1928845,train_mini/00386_Animalia_Arthropoda_Insecta_Coleoptera_Scarabaeidae_Exomala_orientalis/30c54b9e-3eb7-4ddd-bece-692b81470895.jpg,Exomala orientalis,Oriental Beetle,Animalia,Scarabaeidae,Exomala,375,500
train,18,435,1518088,1518088,train_mini/00435_Animalia_Arthropoda_Insecta_Diptera_Calliphoridae_Calliphora_vicina/0fec29d6-a9e5-4b62-8cb5-6e538746ad9c.jpg,Calliphora vicina,Blue Blowfly,Animalia,Calliphoridae,Calliphora,500,375
train,18,435,1695688,1695688,train_mini/00435_Animalia_Arthropoda_Insecta_Diptera_Calliphoridae_Calliphora_vicina/e7c5de6b-72c6-447b-a7eb-836d9b8f2e76.jpg,Calliphora vicina,Blue Blowfly,Animalia,Calliphoridae,Calliphora,375,500
train,18,435,1159397,1159397,train_mini/00435_Animalia_Arthropoda_Insecta_Diptera_Calliphoridae_Calliphora_vicina/ef652966-8b59-48fe-a0cc-719da6ce669e.jpg,Calliphora vicina,Blue Blowfly,Animalia,Calliphoridae,Calliphora,500,333
train,18,435,438739,438739,train_mini/00435_Animalia_Arthropoda_Insecta_Diptera_Calliphoridae_Calliphora_vicina/1cceb119-83d4-4c79-954a-990316193199.jpg,Calliphora vicina,Blue Blowfly,Animalia,Calliphoridae,Calliphora,500,375
train,18,435,1756207,1756207,train_mini/00435_Animalia_Arthropoda_Insecta_Diptera_Calliphoridae_Calliphora_vicina/d071e8bd-e1e0-4cc7-848f-d05b0f8e8aab.jpg,Calliphora vicina,Blue Blowfly,Animalia,Calliphoridae,Calliphora,375,500
train,18,435,2447418,2447418,train_mini/00435_Animalia_Arthropoda_Insecta_Diptera_Calliphoridae_Calliphora_vicina/3501f00b-97b3-4952-935e-74d8908c80c8.jpg,Calliphora vicina,Blue Blowfly,Animalia,Calliphoridae,Calliphora,500,327
train,18,435,539242,539242,train_mini/00435_Animalia_Arthropoda_Insecta_Diptera_Calliphoridae_Calliphora_vicina/6752c4bb-f1c8-4a5c-b296-a98e42b5c000.jpg,Calliphora vicina,Blue Blowfly,Animalia,Calliphoridae,Calliphora,375,500
train,18,435,2345,2345,train_mini/00435_Animalia_Arthropoda_Insecta_Diptera_Calliphoridae_Calliphora_vicina/fbd05e8b-e2a5-468e-8e59-c63c3fe7b508.jpg,Calliphora vicina,Blue Blowfly,Animalia,Calliphoridae,Calliphora,500,333
train,19,457,736061,736061,train_mini/00457_Animalia_Arthropoda_Insecta_Diptera_Stratiomyidae_Exaireta_spinigera/363519d1-39ba-449d-b7c8-6798813b5cb0.jpg,Exaireta spinigera,Garden soldier fly,Animalia,Stratiomyidae,Exaireta,281,500
train,19,457,160316,160316,train_mini/00457_Animalia_Arthropoda_Insecta_Diptera_Stratiomyidae_Exaireta_spinigera/9e19d4c0-599c-477c-819d-55fcae3da833.jpg,Exaireta spinigera,Garden soldier fly,Animalia,Stratiomyidae,Exaireta,500,333
train,19,457,2076276,2076276,train_mini/00457_Animalia_Arthropoda_Insecta_Diptera_Stratiomyidae_Exaireta_spinigera/84712d35-dba4-4654-b724-23f6129de0ff.jpg,Exaireta spinigera,Garden soldier fly,Animalia,Stratiomyidae,Exaireta,500,232
train,19,457,2215809,2215809,train_mini/00457_Animalia_Arthropoda_Insecta_Diptera_Stratiomyidae_Exaireta_spinigera/a43fb813-e13f-4cf4-805f-8b837c54594a.jpg,Exaireta spinigera,Garden soldier fly,Animalia,Stratiomyidae,Exaireta,500,450
train,19,457,145835,145835,train_mini/00457_Animalia_Arthropoda_Insecta_Diptera_Stratiomyidae_Exaireta_spinigera/4546a4f2-d41f-476a-8f71-fa85a0a1c75b.jpg,Exaireta spinigera,Garden soldier fly,Animalia,Stratiomyidae,Exaireta,374,500
train,19,457,1343595,1343595,train_mini/00457_Animalia_Arthropoda_Insecta_Diptera_Stratiomyidae_Exaireta_spinigera/d91f6d50-e0b0-4829-b029-54b45c7cc359.jpg,Exaireta spinigera,Garden soldier fly,Animalia,Stratiomyidae,Exaireta,497,500
train,19,457,394326,394326,train_mini/00457_Animalia_Arthropoda_Insecta_Diptera_Stratiomyidae_Exaireta_spinigera/88389410-6d29-47bc-8ef6-3bcaf03f6d41.jpg,Exaireta spinigera,Garden soldier fly,Animalia,Stratiomyidae,Exaireta,281,500
train,19,457,1773209,1773209,train_mini/00457_Animalia_Arthropoda_Insecta_Diptera_Stratiomyidae_Exaireta_spinigera/c25a4dd1-c887-4e90-9ae2-7b863b3f9b28.jpg,Exaireta spinigera,Garden soldier fly,Animalia,Stratiomyidae,Exaireta,500,368
train,20,461,384450,384450,train_mini/00461_Animalia_Arthropoda_Insecta_Diptera_Syrphidae_Copestylum_mexicanum/2e4397dc-f475-4d58-bfdd-156a29f3ff5f.jpg,Copestylum mexicanum,Mexican Cactus Fly,Animalia,Syrphidae,Copestylum,375,500
train,20,461,1192588,1192588,train_mini/00461_Animalia_Arthropoda_Insecta_Diptera_Syrphidae_Copestylum_mexicanum/75fa5530-d0d3-4079-aedb-769e3b2933ef.jpg,Copestylum mexicanum,Mexican Cactus Fly,Animalia,Syrphidae,Copestylum,375,500
train,20,461,2435241,2435241,train_mini/00461_Animalia_Arthropoda_Insecta_Diptera_Syrphidae_Copestylum_mexicanum/d72839f6-ac56-4426-b99c-dc53749a2993.jpg,Copestylum mexicanum,Mexican Cactus Fly,Animalia,Syrphidae,Copestylum,500,333
train,20,461,2246521,2246521,train_mini/00461_Animalia_Arthropoda_Insecta_Diptera_Syrphidae_Copestylum_mexicanum/1db35909-259b-4620-927c-8c1c28b45462.jpg,Copestylum mexicanum,Mexican Cactus Fly,Animalia,Syrphidae,Copestylum,375,500
train,20,461,884887,884887,train_mini/00461_Animalia_Arthropoda_Insecta_Diptera_Syrphidae_Copestylum_mexicanum/2a750a11-4afb-42e9-be30-0bc91bcf37a2.jpg,Copestylum mexicanum,Mexican Cactus Fly,Animalia,Syrphidae,Copestylum,500,333
train,20,461,134840,134840,train_mini/00461_Animalia_Arthropoda_Insecta_Diptera_Syrphidae_Copestylum_mexicanum/a58b3307-11c4-4dc5-9f85-717f1f21fb47.jpg,Copestylum mexicanum,Mexican Cactus Fly,Animalia,Syrphidae,Copestylum,500,375
train,20,461,379088,379088,train_mini/00461_Animalia_Arthropoda_Insecta_Diptera_Syrphidae_Copestylum_mexicanum/6933bbdf-b566-400a-81fb-9a710c3c66eb.jpg,Copestylum mexicanum,Mexican Cactus Fly,Animalia,Syrphidae,Copestylum,375,500
train,20,461,1949941,1949941,train_mini/00461_Animalia_Arthropoda_Insecta_Diptera_Syrphidae_Copestylum_mexicanum/18dc781c-0f00-4b50-8c54-f5948335aa61.jpg,Copestylum mexicanum,Mexican Cactus Fly,Animalia,Syrphidae,Copestylum,500,375
train,21,470,1436292,1436292,train_mini/00470_Animalia_Arthropoda_Insecta_Diptera_Syrphidae_Eristalis_stipator/ea47ecc4-488f-493c-864c-2237e6565bba.jpg,Eristalis stipator,Yellow-shouldered Drone Fly,Animalia,Syrphidae,Eristalis,500,415
train,21,470,1802379,1802379,train_mini/00470_Animalia_Arthropoda_Insecta_Diptera_Syrphidae_Eristalis_stipator/af902a6f-c16d-4af0-81cc-b6fc8064cfe9.jpg,Eristalis stipator,Yellow-shouldered Drone Fly,Animalia,Syrphidae,Eristalis,500,328
train,21,470,572009,572009,train_mini/00470_Animalia_Arthropoda_Insecta_Diptera_Syrphidae_Eristalis_stipator/3cb28e04-ee06-4eca-8342-cea9a8a16df3.jpg,Eristalis stipator,Yellow-shouldered Drone Fly,Animalia,Syrphidae,Eristalis,500,364
train,21,470,1796522,1796522,train_mini/00470_Animalia_Arthropoda_Insecta_Diptera_Syrphidae_Eristalis_stipator/ff0816e6-a88e-43d7-b95a-b9b16b014e5e.jpg,Eristalis stipator,Yellow-shouldered Drone Fly,Animalia,Syrphidae,Eristalis,500,423
train,21,470,91705,91705,train_mini/00470_Animalia_Arthropoda_Insecta_Diptera_Syrphidae_Eristalis_stipator/32c1886e-8da0-4263-b2f3-58640baa5120.jpg,Eristalis stipator,Yellow-shouldered Drone Fly,Animalia,Syrphidae,Eristalis,500,430
train,21,470,72474,72474,train_mini/00470_Animalia_Arthropoda_Insecta_Diptera_Syrphidae_Eristalis_stipator/5469fea3-6919-4869-a2fe-121dac9fc9ec.jpg,Eristalis stipator,Yellow-shouldered Drone Fly,Animalia,Syrphidae,Eristalis,500,500
train,21,470,1172230,1172230,train_mini/00470_Animalia_Arthropoda_Insecta_Diptera_Syrphidae_Eristalis_stipator/7dda0837-ed52-4515-a609-c879ad21c2aa.jpg,Eristalis stipator,Yellow-shouldered Drone Fly,Animalia,Syrphidae,Eristalis,500,463
train,21,470,1862710,1862710,train_mini/00470_Animalia_Arthropoda_Insecta_Diptera_Syrphidae_Eristalis_stipator/8c1446ba-5b30-466d-927a-f5edc9fd79e6.jpg,Eristalis stipator,Yellow-shouldered Drone Fly,Animalia,Syrphidae,Eristalis,375,500
train,22,472,2182223,2182223,train_mini/00472_Animalia_Arthropoda_Insecta_Diptera_Syrphidae_Eristalis_transversa/f08f35db-cd0f-42f8-b174-a8ba09837e7f.jpg,Eristalis transversa,Transverse-banded Flower Fly,Animalia,Syrphidae,Eristalis,375,500
train,22,472,210728,210728,train_mini/00472_Animalia_Arthropoda_Insecta_Diptera_Syrphidae_Eristalis_transversa/13794a42-0c11-4958-87a9-8f4d0541ad06.jpg,Eristalis transversa,Transverse-banded Flower Fly,Animalia,Syrphidae,Eristalis,500,333
train,22,472,1974558,1974558,train_mini/00472_Animalia_Arthropoda_Insecta_Diptera_Syrphidae_Eristalis_transversa/e4588c86-d715-46fc-b86a-d8d597c8dd68.jpg,Eristalis transversa,Transverse-banded Flower Fly,Animalia,Syrphidae,Eristalis,375,500
train,22,472,2112861,2112861,train_mini/00472_Animalia_Arthropoda_Insecta_Diptera_Syrphidae_Eristalis_transversa/38298599-73c3-4f68-b0b9-fd06eee031d5.jpg,Eristalis transversa,Transverse-banded Flower Fly,Animalia,Syrphidae,Eristalis,500,492
train,22,472,613898,613898,train_mini/00472_Animalia_Arthropoda_Insecta_Diptera_Syrphidae_Eristalis_transversa/8735641c-1d7c-4fd5-b73a-12502375e8a6.jpg,Eristalis transversa,Transverse-banded Flower Fly,Animalia,Syrphidae,Eristalis,500,432
train,22,472,2267663,2267663,train_mini/00472_Animalia_Arthropoda_Insecta_Diptera_Syrphidae_Eristalis_transversa/114e1d49-6619-4090-8ed0-11b95434af8d.jpg,Eristalis transversa,Transverse-banded Flower Fly,Animalia,Syrphidae,Eristalis,500,367
train,22,472,2211190,2211190,train_mini/00472_Animalia_Arthropoda_Insecta_Diptera_Syrphidae_Eristalis_transversa/3bedd720-a0fc-4c37-bd19-fc7bde665934.jpg,Eristalis transversa,Transverse-banded Flower Fly,Animalia,Syrphidae,Eristalis,375,500
train,22,472,2195084,2195084,train_mini/00472_Animalia_Arthropoda_Insecta_Diptera_Syrphidae_Eristalis_transversa/8fb76958-cbcd-4952-a76d-c751920a31b6.jpg,Eristalis transversa,Transverse-banded Flower Fly,Animalia,Syrphidae,Eristalis,375,500
train,23,493,2297183,2297183,train_mini/00493_Animalia_Arthropoda_Insecta_Diptera_Syrphidae_Toxomerus_politus/a9177b44-0825-4109-9210-bdcbbe15fea8.jpg,Toxomerus politus,Maize Calligrapher Fly,Animalia,Syrphidae,Toxomerus,359,500
train,23,493,2521151,2521151,train_mini/00493_Animalia_Arthropoda_Insecta_Diptera_Syrphidae_Toxomerus_politus/5cc298d3-5076-4193-9382-140dde759432.jpg,Toxomerus politus,Maize Calligrapher Fly,Animalia,Syrphidae,Toxomerus,439,500
train,23,493,2168087,2168087,train_mini/00493_Animalia_Arthropoda_Insecta_Diptera_Syrphidae_Toxomerus_politus/5ea70994-e450-4a8e-ac9d-177cfb1201a6.jpg,Toxomerus politus,Maize Calligrapher Fly,Animalia,Syrphidae,Toxomerus,375,500
train,23,493,1012034,1012034,train_mini/00493_Animalia_Arthropoda_Insecta_Diptera_Syrphidae_Toxomerus_politus/b149ac51-71ab-47d2-b0cd-30f12ff946a0.jpg,Toxomerus politus,Maize Calligrapher Fly,Animalia,Syrphidae,Toxomerus,375,500
train,23,493,1142398,1142398,train_mini/00493_Animalia_Arthropoda_Insecta_Diptera_Syrphidae_Toxomerus_politus/f882f701-e165-4428-8559-01c5b40a862d.jpg,Toxomerus politus,Maize Calligrapher Fly,Animalia,Syrphidae,Toxomerus,500,431
train,23,493,1701023,1701023,train_mini/00493_Animalia_Arthropoda_Insecta_Diptera_Syrphidae_Toxomerus_politus/1dd25644-441b-44d0-aa10-722ff3a5fbd4.jpg,Toxomerus politus,Maize Calligrapher Fly,Animalia,Syrphidae,Toxomerus,500,333
train,23,493,2288214,2288214,train_mini/00493_Animalia_Arthropoda_Insecta_Diptera_Syrphidae_Toxomerus_politus/e70e1603-225c-4b9a-99db-7a1211dba652.jpg,Toxomerus politus,Maize Calligrapher Fly,Animalia,Syrphidae,Toxomerus,500,372
train,23,493,240429,240429,train_mini/00493_Animalia_Arthropoda_Insecta_Diptera_Syrphidae_Toxomerus_politus/87400eed-0610-4571-b9c8-e5ee9badb241.jpg,Toxomerus politus,Maize Calligrapher Fly,Animalia,Syrphidae,Toxomerus,281,500
train,24,513,318059,318059,train_mini/00513_Animalia_Arthropoda_Insecta_Hemiptera_Adelgidae_Adelges_tsugae/730adb0f-136b-47d3-8e7d-bbf9b5e1a383.jpg,Adelges tsugae,Hemlock Woolly Adelgid,Animalia,Adelgidae,Adelges,500,334
train,24,513,789719,789719,train_mini/00513_Animalia_Arthropoda_Insecta_Hemiptera_Adelgidae_Adelges_tsugae/a6fe0c09-b164-425a-b444-394fc444edbb.jpg,Adelges tsugae,Hemlock Woolly Adelgid,Animalia,Adelgidae,Adelges,375,500
train,24,513,1325246,1325246,train_mini/00513_Animalia_Arthropoda_Insecta_Hemiptera_Adelgidae_Adelges_tsugae/e06e4056-742c-46de-b8f6-22d6e2db0135.jpg,Adelges tsugae,Hemlock Woolly Adelgid,Animalia,Adelgidae,Adelges,500,423
train,24,513,1890184,1890184,train_mini/00513_Animalia_Arthropoda_Insecta_Hemiptera_Adelgidae_Adelges_tsugae/e08bcade-3bf9-48be-ac48-7786049a3d5d.jpg,Adelges tsugae,Hemlock Woolly Adelgid,Animalia,Adelgidae,Adelges,500,400
train,24,513,735590,735590,train_mini/00513_Animalia_Arthropoda_Insecta_Hemiptera_Adelgidae_Adelges_tsugae/9097b425-c069-493c-b9fb-afeeb897f214.jpg,Adelges tsugae,Hemlock Woolly Adelgid,Animalia,Adelgidae,Adelges,500,333
train,24,513,2183644,2183644,train_mini/00513_Animalia_Arthropoda_Insecta_Hemiptera_Adelgidae_Adelges_tsugae/8b6d6189-7b95-46ed-ad7a-47ff7eec363a.jpg,Adelges tsugae,Hemlock Woolly Adelgid,Animalia,Adelgidae,Adelges,375,500
train,24,513,806987,806987,train_mini/00513_Animalia_Arthropoda_Insecta_Hemiptera_Adelgidae_Adelges_tsugae/5dd7e0ee-5d49-486d-850f-cd85da284e66.jpg,Adelges tsugae,Hemlock Woolly Adelgid,Animalia,Adelgidae,Adelges,375,500
train,24,513,1821135,1821135,train_mini/00513_Animalia_Arthropoda_Insecta_Hemiptera_Adelgidae_Adelges_tsugae/0f881578-2e6b-4d7d-bd5c-65828d1c1b62.jpg,Adelges tsugae,Hemlock Woolly Adelgid,Animalia,Adelgidae,Adelges,400,500
train,25,558,186927,186927,train_mini/00558_Animalia_Arthropoda_Insecta_Hemiptera_Coreidae_Acanthocephala_femorata/34dff387-ee0b-4ac8-a5ac-43a71166ba86.jpg,Acanthocephala femorata,Florida Leaf-footed Bug,Animalia,Coreidae,Acanthocephala,333,500
train,25,558,932515,932515,train_mini/00558_Animalia_Arthropoda_Insecta_Hemiptera_Coreidae_Acanthocephala_femorata/c5e012d6-b6f9-43d3-9360-3bb0d6def491.jpg,Acanthocephala femorata,Florida Leaf-footed Bug,Animalia,Coreidae,Acanthocephala,375,500
train,25,558,569273,569273,train_mini/00558_Animalia_Arthropoda_Insecta_Hemiptera_Coreidae_Acanthocephala_femorata/b1357155-cffc-4cb6-b48f-6fad202fab33.jpg,Acanthocephala femorata,Florida Leaf-footed Bug,Animalia,Coreidae,Acanthocephala,500,422
train,25,558,2157818,2157818,train_mini/00558_Animalia_Arthropoda_Insecta_Hemiptera_Coreidae_Acanthocephala_femorata/999788c0-8991-40a4-9dc6-6ce3ebe5cff3.jpg,Acanthocephala femorata,Florida Leaf-footed Bug,Animalia,Coreidae,Acanthocephala,375,500
train,25,558,1013836,1013836,train_mini/00558_Animalia_Arthropoda_Insecta_Hemiptera_Coreidae_Acanthocephala_femorata/1cd0d4f9-49ce-467b-8f7e-91df96f6ad7a.jpg,Acanthocephala femorata,Florida Leaf-footed Bug,Animalia,Coreidae,Acanthocephala,500,375
train,25,558,2606108,2606108,train_mini/00558_Animalia_Arthropoda_Insecta_Hemiptera_Coreidae_Acanthocephala_femorata/aee7c244-f7bd-4516-b75a-c76ef59cb09a.jpg,Acanthocephala femorata,Florida Leaf-footed Bug,Animalia,Coreidae,Acanthocephala,375,500
train,25,558,335087,335087,train_mini/00558_Animalia_Arthropoda_Insecta_Hemiptera_Coreidae_Acanthocephala_femorata/2d3fe449-cb3d-404a-80da-6e083dcb7173.jpg,Acanthocephala femorata,Florida Leaf-footed Bug,Animalia,Coreidae,Acanthocephala,375,500
train,25,558,1086622,1086622,train_mini/00558_Animalia_Arthropoda_Insecta_Hemiptera_Coreidae_Acanthocephala_femorata/e36a9e9c-96c6-4703-96f7-16bf8c2cbad9.jpg,Acanthocephala femorata,Florida Leaf-footed Bug,Animalia,Coreidae,Acanthocephala,500,375
train,26,567,475131,475131,train_mini/00567_Animalia_Arthropoda_Insecta_Hemiptera_Coreidae_Leptoglossus_clypealis/65a672c9-c3bc-4663-b06d-500ca87b5089.jpg,Leptoglossus clypealis,Western Leaf-footed Bug,Animalia,Coreidae,Leptoglossus,463,500
train,26,567,558671,558671,train_mini/00567_Animalia_Arthropoda_Insecta_Hemiptera_Coreidae_Leptoglossus_clypealis/a99d8efe-ad57-41ec-ac8e-efac804ee93b.jpg,Leptoglossus clypealis,Western Leaf-footed Bug,Animalia,Coreidae,Leptoglossus,475,500
train,26,567,1043445,1043445,train_mini/00567_Animalia_Arthropoda_Insecta_Hemiptera_Coreidae_Leptoglossus_clypealis/46ba4246-d0fd-476b-a93b-ebd0de6e485d.jpg,Leptoglossus clypealis,Western Leaf-footed Bug,Animalia,Coreidae,Leptoglossus,500,375
train,26,567,528177,528177,train_mini/00567_Animalia_Arthropoda_Insecta_Hemiptera_Coreidae_Leptoglossus_clypealis/9feb1a8f-0dfb-4a8b-bdc3-a37d30480f08.jpg,Leptoglossus clypealis,Western Leaf-footed Bug,Animalia,Coreidae,Leptoglossus,500,300
train,26,567,429474,429474,train_mini/00567_Animalia_Arthropoda_Insecta_Hemiptera_Coreidae_Leptoglossus_clypealis/0ebc85d8-21ed-45f8-be70-676902c9e7c0.jpg,Leptoglossus clypealis,Western Leaf-footed Bug,Animalia,Coreidae,Leptoglossus,482,500
train,26,567,138348,138348,train_mini/00567_Animalia_Arthropoda_Insecta_Hemiptera_Coreidae_Leptoglossus_clypealis/4054d574-0a3b-44bb-814d-e2ddb8c5dc30.jpg,Leptoglossus clypealis,Western Leaf-footed Bug,Animalia,Coreidae,Leptoglossus,500,333
train,26,567,597336,597336,train_mini/00567_Animalia_Arthropoda_Insecta_Hemiptera_Coreidae_Leptoglossus_clypealis/f48fbccf-40e6-4d17-9ebf-5b85d45602be.jpg,Leptoglossus clypealis,Western Leaf-footed Bug,Animalia,Coreidae,Leptoglossus,393,500
train,26,567,849733,849733,train_mini/00567_Animalia_Arthropoda_Insecta_Hemiptera_Coreidae_Leptoglossus_clypealis/97ae47d2-68bd-4fe6-89dc-7713d8e040a6.jpg,Leptoglossus clypealis,Western Leaf-footed Bug,Animalia,Coreidae,Leptoglossus,500,431
train,27,568,557417,557417,train_mini/00568_Animalia_Arthropoda_Insecta_Hemiptera_Coreidae_Leptoglossus_occidentalis/3d9b4a7c-c8ad-485c-ad15-f6c8e125da6f.jpg,Leptoglossus occidentalis,Western Conifer Seed Bug,Animalia,Coreidae,Leptoglossus,500,281
train,27,568,1165537,1165537,train_mini/00568_Animalia_Arthropoda_Insecta_Hemiptera_Coreidae_Leptoglossus_occidentalis/4a571f6e-cddc-41b5-95c2-a6aa31ff6361.jpg,Leptoglossus occidentalis,Western Conifer Seed Bug,Animalia,Coreidae,Leptoglossus,375,500
train,27,568,2355819,2355819,train_mini/00568_Animalia_Arthropoda_Insecta_Hemiptera_Coreidae_Leptoglossus_occidentalis/028b1a4e-abdb-46ed-a42b-5b5428aea88e.jpg,Leptoglossus occidentalis,Western Conifer Seed Bug,Animalia,Coreidae,Leptoglossus,500,281
train,27,568,1177838,1177838,train_mini/00568_Animalia_Arthropoda_Insecta_Hemiptera_Coreidae_Leptoglossus_occidentalis/9a24d9df-151c-451c-a0bb-1fa72e80bd01.jpg,Leptoglossus occidentalis,Western Conifer Seed Bug,Animalia,Coreidae,Leptoglossus,375,500
train,27,568,2360605,2360605,train_mini/00568_Animalia_Arthropoda_Insecta_Hemiptera_Coreidae_Leptoglossus_occidentalis/4492e90a-32c9-4d0d-97c8-e18bcc4d2b3a.jpg,Leptoglossus occidentalis,Western Conifer Seed Bug,Animalia,Coreidae,Leptoglossus,500,384
train,27,568,2404941,2404941,train_mini/00568_Animalia_Arthropoda_Insecta_Hemiptera_Coreidae_Leptoglossus_occidentalis/6fde6152-1d6f-4cee-8b7f-1ea2253f529b.jpg,Leptoglossus occidentalis,Western Conifer Seed Bug,Animalia,Coreidae,Leptoglossus,500,335
train,27,568,1164715,1164715,train_mini/00568_Animalia_Arthropoda_Insecta_Hemiptera_Coreidae_Leptoglossus_occidentalis/7676d417-5e0e-4baf-998b-3d28e2406cf3.jpg,Leptoglossus occidentalis,Western Conifer Seed Bug,Animalia,Coreidae,Leptoglossus,500,375
train,27,568,1190573,1190573,train_mini/00568_Animalia_Arthropoda_Insecta_Hemiptera_Coreidae_Leptoglossus_occidentalis/a4d52946-cd76-4c93-986b-662c0b871422.jpg,Leptoglossus occidentalis,Western Conifer Seed Bug,Animalia,Coreidae,Leptoglossus,364,500
train,28,597,45639,45639,train_mini/00597_Animalia_Arthropoda_Insecta_Hemiptera_Miridae_Adelphocoris_lineolatus/4b1545ba-6f07-4d07-82d3-eb255b43a537.jpg,Adelphocoris lineolatus,Alfalfa Plant Bug,Animalia,Miridae,Adelphocoris,375,500
train,28,597,635305,635305,train_mini/00597_Animalia_Arthropoda_Insecta_Hemiptera_Miridae_Adelphocoris_lineolatus/fb117d64-f12f-4be2-beac-e86e8bcffe27.jpg,Adelphocoris lineolatus,Alfalfa Plant Bug,Animalia,Miridae,Adelphocoris,375,500
train,28,597,486663,486663,train_mini/00597_Animalia_Arthropoda_Insecta_Hemiptera_Miridae_Adelphocoris_lineolatus/27e35ecb-b1ad-43c7-ae4c-6620036fc322.jpg,Adelphocoris lineolatus,Alfalfa Plant Bug,Animalia,Miridae,Adelphocoris,500,490
train,28,597,281151,281151,train_mini/00597_Animalia_Arthropoda_Insecta_Hemiptera_Miridae_Adelphocoris_lineolatus/b8811aa4-13b6-4ac8-8c2c-24e5747e1090.jpg,Adelphocoris lineolatus,Alfalfa Plant Bug,Animalia,Miridae,Adelphocoris,500,500
train,28,597,2068470,2068470,train_mini/00597_Animalia_Arthropoda_Insecta_Hemiptera_Miridae_Adelphocoris_lineolatus/5bd39476-971e-4d86-9a28-949c418dd6c1.jpg,Adelphocoris lineolatus,Alfalfa Plant Bug,Animalia,Miridae,Adelphocoris,375,500
train,28,597,2136885,2136885,train_mini/00597_Animalia_Arthropoda_Insecta_Hemiptera_Miridae_Adelphocoris_lineolatus/f30a5d15-b70c-4c48-8b84-b74d0394f4b5.jpg,Adelphocoris lineolatus,Alfalfa Plant Bug,Animalia,Miridae,Adelphocoris,500,375
train,28,597,448375,448375,train_mini/00597_Animalia_Arthropoda_Insecta_Hemiptera_Miridae_Adelphocoris_lineolatus/050ff7e9-c375-4e3d-b22e-474985e730b4.jpg,Adelphocoris lineolatus,Alfalfa Plant Bug,Animalia,Miridae,Adelphocoris,500,436
train,28,597,494251,494251,train_mini/00597_Animalia_Arthropoda_Insecta_Hemiptera_Miridae_Adelphocoris_lineolatus/5b60407c-f139-4603-9b8c-beaec98d1a1f.jpg,Adelphocoris lineolatus,Alfalfa Plant Bug,Animalia,Miridae,Adelphocoris,441,329
train,29,624,1755397,1755397,train_mini/00624_Animalia_Arthropoda_Insecta_Hemiptera_Pentatomidae_Graphosoma_italicum/abb2c623-96c5-4e1c-a562-e736635c422a.jpg,Graphosoma italicum,European Striped Shield Bug,Animalia,Pentatomidae,Graphosoma,281,500
train,29,624,327331,327331,train_mini/00624_Animalia_Arthropoda_Insecta_Hemiptera_Pentatomidae_Graphosoma_italicum/4a39de05-abbe-42ae-ad9d-222ff06260d8.jpg,Graphosoma italicum,European Striped Shield Bug,Animalia,Pentatomidae,Graphosoma,500,375
train,29,624,2173467,2173467,train_mini/00624_Animalia_Arthropoda_Insecta_Hemiptera_Pentatomidae_Graphosoma_italicum/3dbdbd0e-6622-4780-bb30-a1767e0c3b3d.jpg,Graphosoma italicum,European Striped Shield Bug,Animalia,Pentatomidae,Graphosoma,375,500
train,29,624,1845891,1845891,train_mini/00624_Animalia_Arthropoda_Insecta_Hemiptera_Pentatomidae_Graphosoma_italicum/fc6bb4db-29f0-46ae-9c41-5b64aa9239df.jpg,Graphosoma italicum,European Striped Shield Bug,Animalia,Pentatomidae,Graphosoma,500,375
train,29,624,940163,940163,train_mini/00624_Animalia_Arthropoda_Insecta_Hemiptera_Pentatomidae_Graphosoma_italicum/4ca3494e-3c6b-407e-bb3e-f11f45d28270.jpg,Graphosoma italicum,European Striped Shield Bug,Animalia,Pentatomidae,Graphosoma,281,500
train,29,624,1365341,1365341,train_mini/00624_Animalia_Arthropoda_Insecta_Hemiptera_Pentatomidae_Graphosoma_italicum/6c6ec127-be98-4a02-a6c9-2ae2888825ce.jpg,Graphosoma italicum,European Striped Shield Bug,Animalia,Pentatomidae,Graphosoma,500,375
train,29,624,2468645,2468645,train_mini/00624_Animalia_Arthropoda_Insecta_Hemiptera_Pentatomidae_Graphosoma_italicum/b0a97070-ded5-4707-9be9-f7d32282759d.jpg,Graphosoma italicum,European Striped Shield Bug,Animalia,Pentatomidae,Graphosoma,500,333
train,29,624,2142543,2142543,train_mini/00624_Animalia_Arthropoda_Insecta_Hemiptera_Pentatomidae_Graphosoma_italicum/ba141de2-9aca-421d-a2ce-06dc9f849e1a.jpg,Graphosoma italicum,European Striped Shield Bug,Animalia,Pentatomidae,Graphosoma,281,500
train,30,626,566935,566935,train_mini/00626_Animalia_Arthropoda_Insecta_Hemiptera_Pentatomidae_Halyomorpha_halys/db9af6a5-f068-485f-9c98-ca690097dd3f.jpg,Halyomorpha halys,Brown Marmorated Stink Bug,Animalia,Pentatomidae,Halyomorpha,500,500
train,30,626,1480741,1480741,train_mini/00626_Animalia_Arthropoda_Insecta_Hemiptera_Pentatomidae_Halyomorpha_halys/4769cd88-4a3e-4e50-b051-4ee4d7e41905.jpg,Halyomorpha halys,Brown Marmorated Stink Bug,Animalia,Pentatomidae,Halyomorpha,500,500
train,30,626,1220423,1220423,train_mini/00626_Animalia_Arthropoda_Insecta_Hemiptera_Pentatomidae_Halyomorpha_halys/1788fa71-aa70-424e-a044-695619198a32.jpg,Halyomorpha halys,Brown Marmorated Stink Bug,Animalia,Pentatomidae,Halyomorpha,500,375
train,30,626,555346,555346,train_mini/00626_Animalia_Arthropoda_Insecta_Hemiptera_Pentatomidae_Halyomorpha_halys/a1e01e14-3bc3-44eb-b5f3-5f1531642b10.jpg,Halyomorpha halys,Brown Marmorated Stink Bug,Animalia,Pentatomidae,Halyomorpha,500,375
train,30,626,1726554,1726554,train_mini/00626_Animalia_Arthropoda_Insecta_Hemiptera_Pentatomidae_Halyomorpha_halys/77ccf14b-1afa-4319-b4a8-02e5bd8762ff.jpg,Halyomorpha halys,Brown Marmorated Stink Bug,Animalia,Pentatomidae,Halyomorpha,500,457
train,30,626,1162107,1162107,train_mini/00626_Animalia_Arthropoda_Insecta_Hemiptera_Pentatomidae_Halyomorpha_halys/711b885d-222f-4bf0-a80a-9d293cc0b951.jpg,Halyomorpha halys,Brown Marmorated Stink Bug,Animalia,Pentatomidae,Halyomorpha,281,500
train,30,626,514094,514094,train_mini/00626_Animalia_Arthropoda_Insecta_Hemiptera_Pentatomidae_Halyomorpha_halys/683f5a02-b6c8-476f-8960-f0a671172f37.jpg,Halyomorpha halys,Brown Marmorated Stink Bug,Animalia,Pentatomidae,Halyomorpha,500,499
train,30,626,2306104,2306104,train_mini/00626_Animalia_Arthropoda_Insecta_Hemiptera_Pentatomidae_Halyomorpha_halys/8f852ac5-1f85-4cee-8996-264ae9df851d.jpg,Halyomorpha halys,Brown Marmorated Stink Bug,Animalia,Pentatomidae,Halyomorpha,375,500
train,31,630,1816961,1816961,train_mini/00630_Animalia_Arthropoda_Insecta_Hemiptera_Pentatomidae_Nezara_viridula/481d2562-cb02-4a1d-80de-fffb50ab6494.jpg,Nezara viridula,Southern Green Stink Bug,Animalia,Pentatomidae,Nezara,375,500
train,31,630,792918,792918,train_mini/00630_Animalia_Arthropoda_Insecta_Hemiptera_Pentatomidae_Nezara_viridula/64a79acb-9542-4284-b334-7ca14e864be1.jpg,Nezara viridula,Southern Green Stink Bug,Animalia,Pentatomidae,Nezara,500,310
train,31,630,1677456,1677456,train_mini/00630_Animalia_Arthropoda_Insecta_Hemiptera_Pentatomidae_Nezara_viridula/c8b302cb-b260-4fd6-a95b-7de7e8eeb8b5.jpg,Nezara viridula,Southern Green Stink Bug,Animalia,Pentatomidae,Nezara,500,375
train,31,630,985989,985989,train_mini/00630_Animalia_Arthropoda_Insecta_Hemiptera_Pentatomidae_Nezara_viridula/787953b6-376c-4291-8491-5edbf3a20125.jpg,Nezara viridula,Southern Green Stink Bug,Animalia,Pentatomidae,Nezara,500,500
train,31,630,2292879,2292879,train_mini/00630_Animalia_Arthropoda_Insecta_Hemiptera_Pentatomidae_Nezara_viridula/f0918ee4-baa1-48a9-a327-0d2e78409b92.jpg,Nezara viridula,Southern Green Stink Bug,Animalia,Pentatomidae,Nezara,341,500
train,31,630,54277,54277,train_mini/00630_Animalia_Arthropoda_Insecta_Hemiptera_Pentatomidae_Nezara_viridula/68f9e635-a8df-4aa7-80b2-f7e24a7f2765.jpg,Nezara viridula,Southern Green Stink Bug,Animalia,Pentatomidae,Nezara,500,375
train,31,630,572136,572136,train_mini/00630_Animalia_Arthropoda_Insecta_Hemiptera_Pentatomidae_Nezara_viridula/6f3ab0d5-6da3-4562-9c83-6e8699c9d21f.jpg,Nezara viridula,Southern Green Stink Bug,Animalia,Pentatomidae,Nezara,281,500
train,31,630,2248851,2248851,train_mini/00630_Animalia_Arthropoda_Insecta_Hemiptera_Pentatomidae_Nezara_viridula/ca05050b-e1fd-4cb2-b820-8e96eeb7462a.jpg,Nezara viridula,Southern Green Stink Bug,Animalia,Pentatomidae,Nezara,375,500
train,32,651,2650057,2650057,train_mini/00651_Animalia_Arthropoda_Insecta_Hemiptera_Reduviidae_Phymata_americana/ac286310-819d-4b06-96b3-cbf29b309a32.jpg,Phymata americana,Jagged Ambush Bug,Animalia,Reduviidae,Phymata,500,375
train,32,651,269125,269125,train_mini/00651_Animalia_Arthropoda_Insecta_Hemiptera_Reduviidae_Phymata_americana/67506272-cd17-4249-878d-19245f702dcb.jpg,Phymata americana,Jagged Ambush Bug,Animalia,Reduviidae,Phymata,500,375
train,32,651,986464,986464,train_mini/00651_Animalia_Arthropoda_Insecta_Hemiptera_Reduviidae_Phymata_americana/efb9785f-5c98-4f39-9f3d-6bc0d570cb8c.jpg,Phymata americana,Jagged Ambush Bug,Animalia,Reduviidae,Phymata,500,334
train,32,651,1009628,1009628,train_mini/00651_Animalia_Arthropoda_Insecta_Hemiptera_Reduviidae_Phymata_americana/83d68f01-9856-4e27-adaa-a7210eb7dc42.jpg,Phymata americana,Jagged Ambush Bug,Animalia,Reduviidae,Phymata,500,375
train,32,651,2353826,2353826,train_mini/00651_Animalia_Arthropoda_Insecta_Hemiptera_Reduviidae_Phymata_americana/365830e5-f663-468c-974e-f79526b69b5f.jpg,Phymata americana,Jagged Ambush Bug,Animalia,Reduviidae,Phymata,500,500
train,32,651,137751,137751,train_mini/00651_Animalia_Arthropoda_Insecta_Hemiptera_Reduviidae_Phymata_americana/681f7713-2fa7-4b30-97da-db8ca5c47f03.jpg,Phymata americana,Jagged Ambush Bug,Animalia,Reduviidae,Phymata,500,457
train,32,651,573582,573582,train_mini/00651_Animalia_Arthropoda_Insecta_Hemiptera_Reduviidae_Phymata_americana/c767e6ef-bcd4-4f2a-a311-c9374e23b544.jpg,Phymata americana,Jagged Ambush Bug,Animalia,Reduviidae,Phymata,500,500
train,32,651,2052827,2052827,train_mini/00651_Animalia_Arthropoda_Insecta_Hemiptera_Reduviidae_Phymata_americana/dbac539a-5dad-4082-9b55-449596064ee9.jpg,Phymata americana,Jagged Ambush Bug,Animalia,Reduviidae,Phymata,335,500
train,33,671,1573253,1573253,train_mini/00671_Animalia_Arthropoda_Insecta_Hymenoptera_Andrenidae_Andrena_cineraria/ae8fa8df-1d35-4229-abd7-13bedc8a62d2.jpg,Andrena cineraria,Ashy Mining Bee,Animalia,Andrenidae,Andrena,375,500
train,33,671,1749665,1749665,train_mini/00671_Animalia_Arthropoda_Insecta_Hymenoptera_Andrenidae_Andrena_cineraria/698034d1-5709-47e2-8e35-36524bda7df8.jpg,Andrena cineraria,Ashy Mining Bee,Animalia,Andrenidae,Andrena,375,500
train,33,671,1534383,1534383,train_mini/00671_Animalia_Arthropoda_Insecta_Hymenoptera_Andrenidae_Andrena_cineraria/695805ec-775b-4a6b-ba13-b1f38eefe400.jpg,Andrena cineraria,Ashy Mining Bee,Animalia,Andrenidae,Andrena,281,500
train,33,671,776743,776743,train_mini/00671_Animalia_Arthropoda_Insecta_Hymenoptera_Andrenidae_Andrena_cineraria/d2e231a2-a221-47e4-823f-a51c396c6fb5.jpg,Andrena cineraria,Ashy Mining Bee,Animalia,Andrenidae,Andrena,434,500
train,33,671,2643026,2643026,train_mini/00671_Animalia_Arthropoda_Insecta_Hymenoptera_Andrenidae_Andrena_cineraria/ff92e596-17e0-43d4-b983-b99a8edee301.jpg,Andrena cineraria,Ashy Mining Bee,Animalia,Andrenidae,Andrena,500,375
train,33,671,1553602,1553602,train_mini/00671_Animalia_Arthropoda_Insecta_Hymenoptera_Andrenidae_Andrena_cineraria/d8fd5651-f636-4cc4-be06-ff09d2c2d68b.jpg,Andrena cineraria,Ashy Mining Bee,Animalia,Andrenidae,Andrena,469,500
train,33,671,1138727,1138727,train_mini/00671_Animalia_Arthropoda_Insecta_Hymenoptera_Andrenidae_Andrena_cineraria/2340578b-e72f-4e41-9441-e0355fb99b4d.jpg,Andrena cineraria,Ashy Mining Bee,Animalia,Andrenidae,Andrena,471,500
train,33,671,1727051,1727051,train_mini/00671_Animalia_Arthropoda_Insecta_Hymenoptera_Andrenidae_Andrena_cineraria/0f2f2aee-e3eb-401d-b216-4951f8bd2aa0.jpg,Andrena cineraria,Ashy Mining Bee,Animalia,Andrenidae,Andrena,500,397
train,34,711,1189147,1189147,train_mini/00711_Animalia_Arthropoda_Insecta_Hymenoptera_Apidae_Xylocopa_micans/2f8ff4b6-808e-4dc6-97d1-640a581837a4.jpg,Xylocopa micans,Southern Carpenter Bee,Animalia,Apidae,Xylocopa,500,375
train,34,711,1592568,1592568,train_mini/00711_Animalia_Arthropoda_Insecta_Hymenoptera_Apidae_Xylocopa_micans/94ee3ecd-4c4a-431c-a03f-5acbe081614f.jpg,Xylocopa micans,Southern Carpenter Bee,Animalia,Apidae,Xylocopa,500,333
train,34,711,990457,990457,train_mini/00711_Animalia_Arthropoda_Insecta_Hymenoptera_Apidae_Xylocopa_micans/f540054c-d96d-4803-9e46-0c99d563e7be.jpg,Xylocopa micans,Southern Carpenter Bee,Animalia,Apidae,Xylocopa,500,500
train,34,711,1400619,1400619,train_mini/00711_Animalia_Arthropoda_Insecta_Hymenoptera_Apidae_Xylocopa_micans/ac0723c3-68d3-4df8-9556-3a644a81f95d.jpg,Xylocopa micans,Southern Carpenter Bee,Animalia,Apidae,Xylocopa,375,500
train,34,711,821342,821342,train_mini/00711_Animalia_Arthropoda_Insecta_Hymenoptera_Apidae_Xylocopa_micans/dc60244e-c7b8-4b43-a9d9-fc2357a63843.jpg,Xylocopa micans,Southern Carpenter Bee,Animalia,Apidae,Xylocopa,500,329
train,34,711,2056526,2056526,train_mini/00711_Animalia_Arthropoda_Insecta_Hymenoptera_Apidae_Xylocopa_micans/997746cd-73e7-4136-b495-f1d3a6f64225.jpg,Xylocopa micans,Southern Carpenter Bee,Animalia,Apidae,Xylocopa,500,405
train,34,711,1212643,1212643,train_mini/00711_Animalia_Arthropoda_Insecta_Hymenoptera_Apidae_Xylocopa_micans/0c01aa9f-177a-46a4-bbaf-954abc7085a0.jpg,Xylocopa micans,Southern Carpenter Bee,Animalia,Apidae,Xylocopa,500,375
train,34,711,1667904,1667904,train_mini/00711_Animalia_Arthropoda_Insecta_Hymenoptera_Apidae_Xylocopa_micans/7d09841e-b9be-40ce-a823-f3665fec15c3.jpg,Xylocopa micans,Southern Carpenter Bee,Animalia,Apidae,Xylocopa,500,335
train,35,718,2582254,2582254,train_mini/00718_Animalia_Arthropoda_Insecta_Hymenoptera_Cimbicidae_Cimbex_americanus/1466f57e-7aad-4b03-ac86-c67185d27043.jpg,Cimbex americanus,Elm Sawfly,Animalia,Cimbicidae,Cimbex,500,466
train,35,718,1853505,1853505,train_mini/00718_Animalia_Arthropoda_Insecta_Hymenoptera_Cimbicidae_Cimbex_americanus/7c0f2056-a4c7-44f7-bb66-158989b1d747.jpg,Cimbex americanus,Elm Sawfly,Animalia,Cimbicidae,Cimbex,375,500
train,35,718,1090210,1090210,train_mini/00718_Animalia_Arthropoda_Insecta_Hymenoptera_Cimbicidae_Cimbex_americanus/453df6a6-c9aa-46ff-a46c-efc57d978eac.jpg,Cimbex americanus,Elm Sawfly,Animalia,Cimbicidae,Cimbex,375,500
train,35,718,1413066,1413066,train_mini/00718_Animalia_Arthropoda_Insecta_Hymenoptera_Cimbicidae_Cimbex_americanus/06fac1e8-77ba-4527-828c-2b1400638c83.jpg,Cimbex americanus,Elm Sawfly,Animalia,Cimbicidae,Cimbex,375,500
train,35,718,48016,48016,train_mini/00718_Animalia_Arthropoda_Insecta_Hymenoptera_Cimbicidae_Cimbex_americanus/c2f0fde2-b663-4f3f-a6e4-e9de3270d6a3.jpg,Cimbex americanus,Elm Sawfly,Animalia,Cimbicidae,Cimbex,375,500
train,35,718,1131901,1131901,train_mini/00718_Animalia_Arthropoda_Insecta_Hymenoptera_Cimbicidae_Cimbex_americanus/81294aed-e157-4504-bc88-9de5740225f6.jpg,Cimbex americanus,Elm Sawfly,Animalia,Cimbicidae,Cimbex,500,375
train,35,718,2167029,2167029,train_mini/00718_Animalia_Arthropoda_Insecta_Hymenoptera_Cimbicidae_Cimbex_americanus/4005cb6c-bf2b-4758-b09f-4c5cdd8819b3.jpg,Cimbex americanus,Elm Sawfly,Animalia,Cimbicidae,Cimbex,500,375
train,35,718,1646294,1646294,train_mini/00718_Animalia_Arthropoda_Insecta_Hymenoptera_Cimbicidae_Cimbex_americanus/a4e73ea5-9535-4aa1-ab88-4d3e39785083.jpg,Cimbex americanus,Elm Sawfly,Animalia,Cimbicidae,Cimbex,329,438
train,36,727,378596,378596,train_mini/00727_Animalia_Arthropoda_Insecta_Hymenoptera_Cynipidae_Amphibolips_confluenta/a5b94025-b487-4bc3-83d1-f666607110ae.jpg,Amphibolips confluenta,Spongy Oak Apple Gall Wasp,Animalia,Cynipidae,Amphibolips,500,375
train,36,727,465060,465060,train_mini/00727_Animalia_Arthropoda_Insecta_Hymenoptera_Cynipidae_Amphibolips_confluenta/9352f54c-eb25-4449-a108-f72003c909c3.jpg,Amphibolips confluenta,Spongy Oak Apple Gall Wasp,Animalia,Cynipidae,Amphibolips,500,374
train,36,727,206410,206410,train_mini/00727_Animalia_Arthropoda_Insecta_Hymenoptera_Cynipidae_Amphibolips_confluenta/25cb39f5-4dcf-42ce-93a8-a6c649f68ed1.jpg,Amphibolips confluenta,Spongy Oak Apple Gall Wasp,Animalia,Cynipidae,Amphibolips,375,500
train,36,727,353296,353296,train_mini/00727_Animalia_Arthropoda_Insecta_Hymenoptera_Cynipidae_Amphibolips_confluenta/66d10814-98fc-4a46-9af3-16c37d99132c.jpg,Amphibolips confluenta,Spongy Oak Apple Gall Wasp,Animalia,Cynipidae,Amphibolips,500,500
train,36,727,192972,192972,train_mini/00727_Animalia_Arthropoda_Insecta_Hymenoptera_Cynipidae_Amphibolips_confluenta/441fa785-063b-4cd9-8c48-fd07a03f82d4.jpg,Amphibolips confluenta,Spongy Oak Apple Gall Wasp,Animalia,Cynipidae,Amphibolips,375,500
train,36,727,1466820,1466820,train_mini/00727_Animalia_Arthropoda_Insecta_Hymenoptera_Cynipidae_Amphibolips_confluenta/9ece0cd2-e335-42a6-a145-6f8873b8c4a7.jpg,Amphibolips confluenta,Spongy Oak Apple Gall Wasp,Animalia,Cynipidae,Amphibolips,500,375
train,36,727,2005679,2005679,train_mini/00727_Animalia_Arthropoda_Insecta_Hymenoptera_Cynipidae_Amphibolips_confluenta/0fdf0b6f-bae5-4bfd-a49d-9e4285de86a5.jpg,Amphibolips confluenta,Spongy Oak Apple Gall Wasp,Animalia,Cynipidae,Amphibolips,500,333
train,36,727,387970,387970,train_mini/00727_Animalia_Arthropoda_Insecta_Hymenoptera_Cynipidae_Amphibolips_confluenta/d65e28b3-e21a-4293-af2d-c0c28e8c5520.jpg,Amphibolips confluenta,Spongy Oak Apple Gall Wasp,Animalia,Cynipidae,Amphibolips,500,500
train,37,743,249482,249482,train_mini/00743_Animalia_Arthropoda_Insecta_Hymenoptera_Formicidae_Camponotus_floridanus/d281ce63-3c35-4a6c-ab8f-b6568b8e7e49.jpg,Camponotus floridanus,Florida Carpenter Ant,Animalia,Formicidae,Camponotus,375,500
train,37,743,1160318,1160318,train_mini/00743_Animalia_Arthropoda_Insecta_Hymenoptera_Formicidae_Camponotus_floridanus/e88558df-3334-4e21-b7a6-b70d94a599f5.jpg,Camponotus floridanus,Florida Carpenter Ant,Animalia,Formicidae,Camponotus,375,500
train,37,743,1417992,1417992,train_mini/00743_Animalia_Arthropoda_Insecta_Hymenoptera_Formicidae_Camponotus_floridanus/07742e05-f6e1-4c3c-8034-dc45473cf8af.jpg,Camponotus floridanus,Florida Carpenter Ant,Animalia,Formicidae,Camponotus,397,500
train,37,743,2359736,2359736,train_mini/00743_Animalia_Arthropoda_Insecta_Hymenoptera_Formicidae_Camponotus_floridanus/e6c246c8-fa9b-442b-a546-2fe262213dc6.jpg,Camponotus floridanus,Florida Carpenter Ant,Animalia,Formicidae,Camponotus,500,375
train,37,743,898001,898001,train_mini/00743_Animalia_Arthropoda_Insecta_Hymenoptera_Formicidae_Camponotus_floridanus/b96102b6-a2ac-496d-acd8-c39a809675e8.jpg,Camponotus floridanus,Florida Carpenter Ant,Animalia,Formicidae,Camponotus,375,500
train,37,743,1085349,1085349,train_mini/00743_Animalia_Arthropoda_Insecta_Hymenoptera_Formicidae_Camponotus_floridanus/12105b3c-9257-42aa-921b-2d3e5b73c685.jpg,Camponotus floridanus,Florida Carpenter Ant,Animalia,Formicidae,Camponotus,500,375
train,37,743,2426384,2426384,train_mini/00743_Animalia_Arthropoda_Insecta_Hymenoptera_Formicidae_Camponotus_floridanus/7e718394-ba6c-4086-a4f4-45327a0e65b1.jpg,Camponotus floridanus,Florida Carpenter Ant,Animalia,Formicidae,Camponotus,375,500
train,37,743,1784357,1784357,train_mini/00743_Animalia_Arthropoda_Insecta_Hymenoptera_Formicidae_Camponotus_floridanus/f1a0736b-84ed-4f13-bcad-0302641c0d09.jpg,Camponotus floridanus,Florida Carpenter Ant,Animalia,Formicidae,Camponotus,375,500
train,38,747,207755,207755,train_mini/00747_Animalia_Arthropoda_Insecta_Hymenoptera_Formicidae_Camponotus_novaeboracensis/c941901c-e19a-47a7-bc58-12c82afc3837.jpg,Camponotus novaeboracensis,New York Carpenter Ant,Animalia,Formicidae,Camponotus,375,500
train,38,747,1967051,1967051,train_mini/00747_Animalia_Arthropoda_Insecta_Hymenoptera_Formicidae_Camponotus_novaeboracensis/9fdd38cd-98d2-4516-9de8-a5e3ee099b6c.jpg,Camponotus novaeboracensis,New York Carpenter Ant,Animalia,Formicidae,Camponotus,375,500
train,38,747,468831,468831,train_mini/00747_Animalia_Arthropoda_Insecta_Hymenoptera_Formicidae_Camponotus_novaeboracensis/0d4589c2-601f-4c99-a077-bdcd8d9527cd.jpg,Camponotus novaeboracensis,New York Carpenter Ant,Animalia,Formicidae,Camponotus,374,500
train,38,747,1342769,1342769,train_mini/00747_Animalia_Arthropoda_Insecta_Hymenoptera_Formicidae_Camponotus_novaeboracensis/8746b31d-d622-4740-8885-4591edfdbf45.jpg,Camponotus novaeboracensis,New York Carpenter Ant,Animalia,Formicidae,Camponotus,500,500
train,38,747,1143780,1143780,train_mini/00747_Animalia_Arthropoda_Insecta_Hymenoptera_Formicidae_Camponotus_novaeboracensis/dab6d07e-38b8-4b3d-b63f-d7e6b65ba642.jpg,Camponotus novaeboracensis,New York Carpenter Ant,Animalia,Formicidae,Camponotus,500,357
train,38,747,1609731,1609731,train_mini/00747_Animalia_Arthropoda_Insecta_Hymenoptera_Formicidae_Camponotus_novaeboracensis/32a02aef-be96-4b4b-bd28-6fa2153cafb5.jpg,Camponotus novaeboracensis,New York Carpenter Ant,Animalia,Formicidae,Camponotus,500,499
train,38,747,1679944,1679944,train_mini/00747_Animalia_Arthropoda_Insecta_Hymenoptera_Formicidae_Camponotus_novaeboracensis/b6b2d967-fd76-4e32-a514-24d7030df455.jpg,Camponotus novaeboracensis,New York Carpenter Ant,Animalia,Formicidae,Camponotus,500,424
train,38,747,1784137,1784137,train_mini/00747_Animalia_Arthropoda_Insecta_Hymenoptera_Formicidae_Camponotus_novaeboracensis/cea6ba38-177a-4e3a-bd9f-d3a1a8d285a9.jpg,Camponotus novaeboracensis,New York Carpenter Ant,Animalia,Formicidae,Camponotus,375,500
train,39,774,1922108,1922108,train_mini/00774_Animalia_Arthropoda_Insecta_Hymenoptera_Halictidae_Augochlora_pura/4bd91ae9-e422-444c-8f0d-4458b625a2ab.jpg,Augochlora pura,Pure Green Sweat Bee,Animalia,Halictidae,Augochlora,500,425
train,39,774,1017949,1017949,train_mini/00774_Animalia_Arthropoda_Insecta_Hymenoptera_Halictidae_Augochlora_pura/065f77a5-b535-425d-bc5c-dfebbb8c277d.jpg,Augochlora pura,Pure Green Sweat Bee,Animalia,Halictidae,Augochlora,500,389
train,39,774,2352069,2352069,train_mini/00774_Animalia_Arthropoda_Insecta_Hymenoptera_Halictidae_Augochlora_pura/27ca7b77-6d3b-45c0-81b9-ef34258725e7.jpg,Augochlora pura,Pure Green Sweat Bee,Animalia,Halictidae,Augochlora,375,500
train,39,774,546114,546114,train_mini/00774_Animalia_Arthropoda_Insecta_Hymenoptera_Halictidae_Augochlora_pura/a20e2221-2e72-478e-a19e-5c017ab909db.jpg,Augochlora pura,Pure Green Sweat Bee,Animalia,Halictidae,Augochlora,375,500
train,39,774,1148075,1148075,train_mini/00774_Animalia_Arthropoda_Insecta_Hymenoptera_Halictidae_Augochlora_pura/bb451957-b942-425b-acec-6455988187a0.jpg,Augochlora pura,Pure Green Sweat Bee,Animalia,Halictidae,Augochlora,375,500
train,39,774,2369976,2369976,train_mini/00774_Animalia_Arthropoda_Insecta_Hymenoptera_Halictidae_Augochlora_pura/65afbaf3-719c-43cf-ab40-71123171ea9f.jpg,Augochlora pura,Pure Green Sweat Bee,Animalia,Halictidae,Augochlora,500,476
train,39,774,2317984,2317984,train_mini/00774_Animalia_Arthropoda_Insecta_Hymenoptera_Halictidae_Augochlora_pura/38662336-2d58-425e-996f-15557ca47b3c.jpg,Augochlora pura,Pure Green Sweat Bee,Animalia,Halictidae,Augochlora,484,500
train,39,774,592792,592792,train_mini/00774_Animalia_Arthropoda_Insecta_Hymenoptera_Halictidae_Augochlora_pura/9e6f8d9e-62e4-4323-87eb-36ce443ff18c.jpg,Augochlora pura,Pure Green Sweat Bee,Animalia,Halictidae,Augochlora,500,375
train,40,775,2160440,2160440,train_mini/00775_Animalia_Arthropoda_Insecta_Hymenoptera_Halictidae_Augochloropsis_metallica/022ebcd7-c390-4d26-8ec1-b71f2948d86f.jpg,Augochloropsis metallica,Metallic Epauletted-Sweat Bee,Animalia,Halictidae,Augochloropsis,500,375
train,40,775,2021302,2021302,train_mini/00775_Animalia_Arthropoda_Insecta_Hymenoptera_Halictidae_Augochloropsis_metallica/97afb6cb-38f3-4fa9-bbc7-141fc4c30d1a.jpg,Augochloropsis metallica,Metallic Epauletted-Sweat Bee,Animalia,Halictidae,Augochloropsis,500,375
train,40,775,585501,585501,train_mini/00775_Animalia_Arthropoda_Insecta_Hymenoptera_Halictidae_Augochloropsis_metallica/c2ba4d38-9fbb-41a2-b719-8b54b2b62e22.jpg,Augochloropsis metallica,Metallic Epauletted-Sweat Bee,Animalia,Halictidae,Augochloropsis,500,363
train,40,775,469180,469180,train_mini/00775_Animalia_Arthropoda_Insecta_Hymenoptera_Halictidae_Augochloropsis_metallica/e5db2ae9-3ba9-4d71-80a6-6df75ed03d4d.jpg,Augochloropsis metallica,Metallic Epauletted-Sweat Bee,Animalia,Halictidae,Augochloropsis,500,395
train,40,775,1249738,1249738,train_mini/00775_Animalia_Arthropoda_Insecta_Hymenoptera_Halictidae_Augochloropsis_metallica/9ebbb96f-f7b0-4ccd-838d-c802e6cd740f.jpg,Augochloropsis metallica,Metallic Epauletted-Sweat Bee,Animalia,Halictidae,Augochloropsis,500,428
train,40,775,1109737,1109737,train_mini/00775_Animalia_Arthropoda_Insecta_Hymenoptera_Halictidae_Augochloropsis_metallica/03d0f2a0-3587-4ec0-8dbe-190070833016.jpg,Augochloropsis metallica,Metallic Epauletted-Sweat Bee,Animalia,Halictidae,Augochloropsis,500,375
train,40,775,626404,626404,train_mini/00775_Animalia_Arthropoda_Insecta_Hymenoptera_Halictidae_Augochloropsis_metallica/d3e591fa-4f52-4d79-8f69-2940476c55d2.jpg,Augochloropsis metallica,Metallic Epauletted-Sweat Bee,Animalia,Halictidae,Augochloropsis,500,375
train,40,775,2418682,2418682,train_mini/00775_Animalia_Arthropoda_Insecta_Hymenoptera_Halictidae_Augochloropsis_metallica/20a414af-ceaf-4531-9517-eeaeec6ef8c3.jpg,Augochloropsis metallica,Metallic Epauletted-Sweat Bee,Animalia,Halictidae,Augochloropsis,500,375
train,41,799,1343335,1343335,train_mini/00799_Animalia_Arthropoda_Insecta_Hymenoptera_Sphecidae_Ammophila_procera/62c35f28-46f8-430d-8631-2ca76048e720.jpg,Ammophila procera,Common Thread-waisted Wasp,Animalia,Sphecidae,Ammophila,500,365
train,41,799,65233,65233,train_mini/00799_Animalia_Arthropoda_Insecta_Hymenoptera_Sphecidae_Ammophila_procera/d0583391-7d72-4a34-86c2-2b07ef2c81a5.jpg,Ammophila procera,Common Thread-waisted Wasp,Animalia,Sphecidae,Ammophila,500,375
train,41,799,1173137,1173137,train_mini/00799_Animalia_Arthropoda_Insecta_Hymenoptera_Sphecidae_Ammophila_procera/c0230f6b-bad3-408c-a9d7-149bb9bab009.jpg,Ammophila procera,Common Thread-waisted Wasp,Animalia,Sphecidae,Ammophila,375,500
train,41,799,453111,453111,train_mini/00799_Animalia_Arthropoda_Insecta_Hymenoptera_Sphecidae_Ammophila_procera/1c421bf7-5261-4e39-9e30-c75892cbc1cb.jpg,Ammophila procera,Common Thread-waisted Wasp,Animalia,Sphecidae,Ammophila,375,500
train,41,799,1926957,1926957,train_mini/00799_Animalia_Arthropoda_Insecta_Hymenoptera_Sphecidae_Ammophila_procera/940c93ea-4d47-4b66-9459-2f546b3cf849.jpg,Ammophila procera,Common Thread-waisted Wasp,Animalia,Sphecidae,Ammophila,500,333
train,41,799,1188867,1188867,train_mini/00799_Animalia_Arthropoda_Insecta_Hymenoptera_Sphecidae_Ammophila_procera/97e6f7aa-3e61-4418-9b0b-1a8e1002e232.jpg,Ammophila procera,Common Thread-waisted Wasp,Animalia,Sphecidae,Ammophila,500,333
train,41,799,1118259,1118259,train_mini/00799_Animalia_Arthropoda_Insecta_Hymenoptera_Sphecidae_Ammophila_procera/baa1d651-a0aa-4a64-b429-e03d3b4b410c.jpg,Ammophila procera,Common Thread-waisted Wasp,Animalia,Sphecidae,Ammophila,500,476
train,41,799,1096910,1096910,train_mini/00799_Animalia_Arthropoda_Insecta_Hymenoptera_Sphecidae_Ammophila_procera/122c31f6-59ee-43ff-82ad-5df151e463c3.jpg,Ammophila procera,Common Thread-waisted Wasp,Animalia,Sphecidae,Ammophila,500,331
train,42,819,2355575,2355575,train_mini/00819_Animalia_Arthropoda_Insecta_Hymenoptera_Vespidae_Mischocyttarus_flavitarsis/f2267aab-a72d-4340-b86d-fe62244afe68.jpg,Mischocyttarus flavitarsis,Western Paper Wasp,Animalia,Vespidae,Mischocyttarus,375,500
train,42,819,1578015,1578015,train_mini/00819_Animalia_Arthropoda_Insecta_Hymenoptera_Vespidae_Mischocyttarus_flavitarsis/0c54c7fb-d2aa-4d5d-b527-9bec4c1cf7ea.jpg,Mischocyttarus flavitarsis,Western Paper Wasp,Animalia,Vespidae,Mischocyttarus,500,375
train,42,819,624462,624462,train_mini/00819_Animalia_Arthropoda_Insecta_Hymenoptera_Vespidae_Mischocyttarus_flavitarsis/3e035c8e-e8e5-47ba-bfe8-acee77b6fe93.jpg,Mischocyttarus flavitarsis,Western Paper Wasp,Animalia,Vespidae,Mischocyttarus,500,349
train,42,819,2239954,2239954,train_mini/00819_Animalia_Arthropoda_Insecta_Hymenoptera_Vespidae_Mischocyttarus_flavitarsis/bfa6bbf7-ebc4-489c-acc8-e7538a48a414.jpg,Mischocyttarus flavitarsis,Western Paper Wasp,Animalia,Vespidae,Mischocyttarus,375,500
train,42,819,1106050,1106050,train_mini/00819_Animalia_Arthropoda_Insecta_Hymenoptera_Vespidae_Mischocyttarus_flavitarsis/119e43b2-b7c4-4899-80f0-7b37621de50d.jpg,Mischocyttarus flavitarsis,Western Paper Wasp,Animalia,Vespidae,Mischocyttarus,500,333
train,42,819,197816,197816,train_mini/00819_Animalia_Arthropoda_Insecta_Hymenoptera_Vespidae_Mischocyttarus_flavitarsis/7ef36275-0f39-4dc9-8dbc-ef1947159be4.jpg,Mischocyttarus flavitarsis,Western Paper Wasp,Animalia,Vespidae,Mischocyttarus,500,464
train,42,819,543366,543366,train_mini/00819_Animalia_Arthropoda_Insecta_Hymenoptera_Vespidae_Mischocyttarus_flavitarsis/8bdf9ddb-7052-4ab1-aae2-35314f87ff16.jpg,Mischocyttarus flavitarsis,Western Paper Wasp,Animalia,Vespidae,Mischocyttarus,499,500
train,42,819,2164911,2164911,train_mini/00819_Animalia_Arthropoda_Insecta_Hymenoptera_Vespidae_Mischocyttarus_flavitarsis/99bc4f45-e859-4d97-aaae-9f7ed4538d05.jpg,Mischocyttarus flavitarsis,Western Paper Wasp,Animalia,Vespidae,Mischocyttarus,482,500
train,43,858,755715,755715,train_mini/00858_Animalia_Arthropoda_Insecta_Lepidoptera_Crambidae_Achyra_rantalis/772fcd82-6169-49ae-a654-c72685152a40.jpg,Achyra rantalis,Garden Webworm Moth,Animalia,Crambidae,Achyra,468,500
train,43,858,2088808,2088808,train_mini/00858_Animalia_Arthropoda_Insecta_Lepidoptera_Crambidae_Achyra_rantalis/3a5fc408-2317-44c0-83f0-b99b20a5fd64.jpg,Achyra rantalis,Garden Webworm Moth,Animalia,Crambidae,Achyra,281,500
train,43,858,615248,615248,train_mini/00858_Animalia_Arthropoda_Insecta_Lepidoptera_Crambidae_Achyra_rantalis/14842ed2-2f1a-4c73-b4ab-07b9b37c5ca4.jpg,Achyra rantalis,Garden Webworm Moth,Animalia,Crambidae,Achyra,500,375
train,43,858,207198,207198,train_mini/00858_Animalia_Arthropoda_Insecta_Lepidoptera_Crambidae_Achyra_rantalis/f173a83f-0bb6-4ed9-ab06-421b1c56154f.jpg,Achyra rantalis,Garden Webworm Moth,Animalia,Crambidae,Achyra,436,500
train,43,858,267963,267963,train_mini/00858_Animalia_Arthropoda_Insecta_Lepidoptera_Crambidae_Achyra_rantalis/017bb5ac-69dc-4f6a-a839-1b44257c4a66.jpg,Achyra rantalis,Garden Webworm Moth,Animalia,Crambidae,Achyra,500,386
train,43,858,680007,680007,train_mini/00858_Animalia_Arthropoda_Insecta_Lepidoptera_Crambidae_Achyra_rantalis/bbf0d4a2-a4b5-4942-8578-e717ba46cc74.jpg,Achyra rantalis,Garden Webworm Moth,Animalia,Crambidae,Achyra,375,500
train,43,858,1101300,1101300,train_mini/00858_Animalia_Arthropoda_Insecta_Lepidoptera_Crambidae_Achyra_rantalis/3beec2d9-1cab-4347-81f9-01a7857cd57f.jpg,Achyra rantalis,Garden Webworm Moth,Animalia,Crambidae,Achyra,500,333
train,43,858,1649826,1649826,train_mini/00858_Animalia_Arthropoda_Insecta_Lepidoptera_Crambidae_Achyra_rantalis/99885141-0742-4515-a6be-83f55ca11b5f.jpg,Achyra rantalis,Garden Webworm Moth,Animalia,Crambidae,Achyra,500,333
train,44,859,2552200,2552200,train_mini/00859_Animalia_Arthropoda_Insecta_Lepidoptera_Crambidae_Agriphila_straminella/91e8ec89-d311-47b2-b384-1dca9d7d6149.jpg,Agriphila straminella,Pearl Veneer,Animalia,Crambidae,Agriphila,500,375
train,44,859,2606726,2606726,train_mini/00859_Animalia_Arthropoda_Insecta_Lepidoptera_Crambidae_Agriphila_straminella/0e957c69-c5a5-4c10-8816-ee081d19a4f8.jpg,Agriphila straminella,Pearl Veneer,Animalia,Crambidae,Agriphila,281,500
train,44,859,1984429,1984429,train_mini/00859_Animalia_Arthropoda_Insecta_Lepidoptera_Crambidae_Agriphila_straminella/66c7ed1b-5da1-4a00-b49e-1271fdcc4365.jpg,Agriphila straminella,Pearl Veneer,Animalia,Crambidae,Agriphila,480,360
train,44,859,2114814,2114814,train_mini/00859_Animalia_Arthropoda_Insecta_Lepidoptera_Crambidae_Agriphila_straminella/e2996d3c-c86f-4c46-bb9a-e2aa68b1157e.jpg,Agriphila straminella,Pearl Veneer,Animalia,Crambidae,Agriphila,500,401
train,44,859,2536461,2536461,train_mini/00859_Animalia_Arthropoda_Insecta_Lepidoptera_Crambidae_Agriphila_straminella/b92d6f3c-060d-427f-8ab4-9115fa7db66d.jpg,Agriphila straminella,Pearl Veneer,Animalia,Crambidae,Agriphila,500,334
train,44,859,2459041,2459041,train_mini/00859_Animalia_Arthropoda_Insecta_Lepidoptera_Crambidae_Agriphila_straminella/a57f4504-2958-4e08-91de-0e3f37e0979c.jpg,Agriphila straminella,Pearl Veneer,Animalia,Crambidae,Agriphila,500,375
train,44,859,1264720,1264720,train_mini/00859_Animalia_Arthropoda_Insecta_Lepidoptera_Crambidae_Agriphila_straminella/3b6a953a-f393-46d3-9f89-e7dec89af3f2.jpg,Agriphila straminella,Pearl Veneer,Animalia,Crambidae,Agriphila,334,500
train,44,859,1051315,1051315,train_mini/00859_Animalia_Arthropoda_Insecta_Lepidoptera_Crambidae_Agriphila_straminella/a40f9e7d-7f61-4c0b-bf9a-d4a8ff8565c3.jpg,Agriphila straminella,Pearl Veneer,Animalia,Crambidae,Agriphila,363,500
train,45,921,602615,602615,train_mini/00921_Animalia_Arthropoda_Insecta_Lepidoptera_Crambidae_Parapoynx_diminutalis/0c6b4c74-d6f0-47f9-a031-8aa94083d4f5.jpg,Parapoynx diminutalis,Hydrilla Leafcutter Moth,Animalia,Crambidae,Parapoynx,500,370
train,45,921,1190345,1190345,train_mini/00921_Animalia_Arthropoda_Insecta_Lepidoptera_Crambidae_Parapoynx_diminutalis/61924f01-2330-4a70-90b6-f1dc455fb345.jpg,Parapoynx diminutalis,Hydrilla Leafcutter Moth,Animalia,Crambidae,Parapoynx,500,375
train,45,921,1118151,1118151,train_mini/00921_Animalia_Arthropoda_Insecta_Lepidoptera_Crambidae_Parapoynx_diminutalis/09df526a-a32f-47ef-9095-e1d1979bfcaa.jpg,Parapoynx diminutalis,Hydrilla Leafcutter Moth,Animalia,Crambidae,Parapoynx,500,388
train,45,921,898954,898954,train_mini/00921_Animalia_Arthropoda_Insecta_Lepidoptera_Crambidae_Parapoynx_diminutalis/a800ea81-b382-4106-97bb-86a0da6950cd.jpg,Parapoynx diminutalis,Hydrilla Leafcutter Moth,Animalia,Crambidae,Parapoynx,500,383
train,45,921,265417,265417,train_mini/00921_Animalia_Arthropoda_Insecta_Lepidoptera_Crambidae_Parapoynx_diminutalis/80d7bbf8-e6d0-4405-963f-ebe58edbef01.jpg,Parapoynx diminutalis,Hydrilla Leafcutter Moth,Animalia,Crambidae,Parapoynx,500,330
train,45,921,1202592,1202592,train_mini/00921_Animalia_Arthropoda_Insecta_Lepidoptera_Crambidae_Parapoynx_diminutalis/e858fe6a-1b35-495c-8c92-1864330ca9a6.jpg,Parapoynx diminutalis,Hydrilla Leafcutter Moth,Animalia,Crambidae,Parapoynx,281,500
train,45,921,1680957,1680957,train_mini/00921_Animalia_Arthropoda_Insecta_Lepidoptera_Crambidae_Parapoynx_diminutalis/379d51af-4070-4f91-ac99-34d26c889649.jpg,Parapoynx diminutalis,Hydrilla Leafcutter Moth,Animalia,Crambidae,Parapoynx,500,333
train,45,921,1174013,1174013,train_mini/00921_Animalia_Arthropoda_Insecta_Lepidoptera_Crambidae_Parapoynx_diminutalis/735280dd-195e-40b0-b644-4e0785a92878.jpg,Parapoynx diminutalis,Hydrilla Leafcutter Moth,Animalia,Crambidae,Parapoynx,500,375
train,46,924,1564037,1564037,train_mini/00924_Animalia_Arthropoda_Insecta_Lepidoptera_Crambidae_Perispasta_caeculalis/57fb9813-9dde-4b2e-b247-87a25c0edf06.jpg,Perispasta caeculalis,Titian Peale's Crambid,Animalia,Crambidae,Perispasta,500,334
train,46,924,1063904,1063904,train_mini/00924_Animalia_Arthropoda_Insecta_Lepidoptera_Crambidae_Perispasta_caeculalis/94bc8c67-e4b3-4fb5-9f12-dc520ae4a815.jpg,Perispasta caeculalis,Titian Peale's Crambid,Animalia,Crambidae,Perispasta,500,400
train,46,924,2498470,2498470,train_mini/00924_Animalia_Arthropoda_Insecta_Lepidoptera_Crambidae_Perispasta_caeculalis/7e98d7ed-4763-44ec-a108-0ed349f761ae.jpg,Perispasta caeculalis,Titian Peale's Crambid,Animalia,Crambidae,Perispasta,500,365
train,46,924,2370535,2370535,train_mini/00924_Animalia_Arthropoda_Insecta_Lepidoptera_Crambidae_Perispasta_caeculalis/60f91ca4-e141-4a68-866f-d4a98432af83.jpg,Perispasta caeculalis,Titian Peale's Crambid,Animalia,Crambidae,Perispasta,500,375
train,46,924,2439689,2439689,train_mini/00924_Animalia_Arthropoda_Insecta_Lepidoptera_Crambidae_Perispasta_caeculalis/589442bf-abb6-42d9-8d22-f258cc27ee17.jpg,Perispasta caeculalis,Titian Peale's Crambid,Animalia,Crambidae,Perispasta,500,443
train,46,924,2425066,2425066,train_mini/00924_Animalia_Arthropoda_Insecta_Lepidoptera_Crambidae_Perispasta_caeculalis/12702706-ff98-4ae4-9e62-211f12aa0231.jpg,Perispasta caeculalis,Titian Peale's Crambid,Animalia,Crambidae,Perispasta,500,377
train,46,924,2160135,2160135,train_mini/00924_Animalia_Arthropoda_Insecta_Lepidoptera_Crambidae_Perispasta_caeculalis/2f15ff1e-be81-4288-bb1f-f6a278a59561.jpg,Perispasta caeculalis,Titian Peale's Crambid,Animalia,Crambidae,Perispasta,500,444
train,46,924,2320663,2320663,train_mini/00924_Animalia_Arthropoda_Insecta_Lepidoptera_Crambidae_Perispasta_caeculalis/a4b98fa4-29d9-4c7d-b97a-6d7a6763c518.jpg,Perispasta caeculalis,Titian Peale's Crambid,Animalia,Crambidae,Perispasta,500,500
train,47,937,2429563,2429563,train_mini/00937_Animalia_Arthropoda_Insecta_Lepidoptera_Crambidae_Pyrausta_volupialis/ba541057-7809-4b03-8b5a-9f965542a64a.jpg,Pyrausta volupialis,Volupial Pyrausta Moth,Animalia,Crambidae,Pyrausta,500,375
train,47,937,2300410,2300410,train_mini/00937_Animalia_Arthropoda_Insecta_Lepidoptera_Crambidae_Pyrausta_volupialis/df93e97f-f34c-4c2d-822c-2311aaff3711.jpg,Pyrausta volupialis,Volupial Pyrausta Moth,Animalia,Crambidae,Pyrausta,375,500
train,47,937,1980287,1980287,train_mini/00937_Animalia_Arthropoda_Insecta_Lepidoptera_Crambidae_Pyrausta_volupialis/0391acd9-f920-44a6-af43-fbce892e0909.jpg,Pyrausta volupialis,Volupial Pyrausta Moth,Animalia,Crambidae,Pyrausta,500,375
train,47,937,2129463,2129463,train_mini/00937_Animalia_Arthropoda_Insecta_Lepidoptera_Crambidae_Pyrausta_volupialis/5c436046-6363-4b34-ae29-c7a4249e343e.jpg,Pyrausta volupialis,Volupial Pyrausta Moth,Animalia,Crambidae,Pyrausta,333,500
train,47,937,582199,582199,train_mini/00937_Animalia_Arthropoda_Insecta_Lepidoptera_Crambidae_Pyrausta_volupialis/1d6e1598-4ae1-444a-867e-f9a97d4b234c.jpg,Pyrausta volupialis,Volupial Pyrausta Moth,Animalia,Crambidae,Pyrausta,498,500
train,47,937,984819,984819,train_mini/00937_Animalia_Arthropoda_Insecta_Lepidoptera_Crambidae_Pyrausta_volupialis/9f39dac9-299c-4838-867f-480a6ecde11e.jpg,Pyrausta volupialis,Volupial Pyrausta Moth,Animalia,Crambidae,Pyrausta,375,500
train,47,937,429428,429428,train_mini/00937_Animalia_Arthropoda_Insecta_Lepidoptera_Crambidae_Pyrausta_volupialis/fd0aeff0-2648-42b8-97d7-e2812735e448.jpg,Pyrausta volupialis,Volupial Pyrausta Moth,Animalia,Crambidae,Pyrausta,375,500
train,47,937,1630917,1630917,train_mini/00937_Animalia_Arthropoda_Insecta_Lepidoptera_Crambidae_Pyrausta_volupialis/a1626b27-06fb-4f90-85ba-22f3bdd787f3.jpg,Pyrausta volupialis,Volupial Pyrausta Moth,Animalia,Crambidae,Pyrausta,375,500
train,48,949,1101450,1101450,train_mini/00949_Animalia_Arthropoda_Insecta_Lepidoptera_Crambidae_Urola_nivalis/88d9a3af-5a2d-41b0-9cfb-b54bf856bddb.jpg,Urola nivalis,Snowy Urola Moth,Animalia,Crambidae,Urola,500,333
train,48,949,2491677,2491677,train_mini/00949_Animalia_Arthropoda_Insecta_Lepidoptera_Crambidae_Urola_nivalis/1ad2fe67-a93f-4f08-9db4-2328ef7f618f.jpg,Urola nivalis,Snowy Urola Moth,Animalia,Crambidae,Urola,500,500
train,48,949,2421457,2421457,train_mini/00949_Animalia_Arthropoda_Insecta_Lepidoptera_Crambidae_Urola_nivalis/7cb99126-8844-4fa2-9353-08b774a8da1b.jpg,Urola nivalis,Snowy Urola Moth,Animalia,Crambidae,Urola,500,499
train,48,949,2498401,2498401,train_mini/00949_Animalia_Arthropoda_Insecta_Lepidoptera_Crambidae_Urola_nivalis/5b95c092-9d32-4ecb-9416-a759f0d40d07.jpg,Urola nivalis,Snowy Urola Moth,Animalia,Crambidae,Urola,500,500
train,48,949,1979553,1979553,train_mini/00949_Animalia_Arthropoda_Insecta_Lepidoptera_Crambidae_Urola_nivalis/2bc9d839-a50d-4a8c-bd9e-a3cca51cb654.jpg,Urola nivalis,Snowy Urola Moth,Animalia,Crambidae,Urola,375,500
train,48,949,1025773,1025773,train_mini/00949_Animalia_Arthropoda_Insecta_Lepidoptera_Crambidae_Urola_nivalis/148bd051-4263-4734-b131-c05dfa1b0cb8.jpg,Urola nivalis,Snowy Urola Moth,Animalia,Crambidae,Urola,500,354
train,48,949,1853093,1853093,train_mini/00949_Animalia_Arthropoda_Insecta_Lepidoptera_Crambidae_Urola_nivalis/063f86f2-d1ce-4d57-92f1-a4cf57d53963.jpg,Urola nivalis,Snowy Urola Moth,Animalia,Crambidae,Urola,500,380
train,48,949,563711,563711,train_mini/00949_Animalia_Arthropoda_Insecta_Lepidoptera_Crambidae_Urola_nivalis/e256a2d8-bb58-4add-84b9-516b19c19baf.jpg,Urola nivalis,Snowy Urola Moth,Animalia,Crambidae,Urola,375,500
train,49,987,1631760,1631760,train_mini/00987_Animalia_Arthropoda_Insecta_Lepidoptera_Erebidae_Bulia_deducta/37b87259-6827-4d9e-809c-da4a246ab68f.jpg,Bulia deducta,Deduced Graphic,Animalia,Erebidae,Bulia,375,500
train,49,987,1869097,1869097,train_mini/00987_Animalia_Arthropoda_Insecta_Lepidoptera_Erebidae_Bulia_deducta/dd65127a-ec5a-40a7-a909-3e59ad2b4ee1.jpg,Bulia deducta,Deduced Graphic,Animalia,Erebidae,Bulia,333,500
train,49,987,1024118,1024118,train_mini/00987_Animalia_Arthropoda_Insecta_Lepidoptera_Erebidae_Bulia_deducta/99533e4a-5a45-4bca-a0f0-71cca7ee74c1.jpg,Bulia deducta,Deduced Graphic,Animalia,Erebidae,Bulia,500,500
train,49,987,2051650,2051650,train_mini/00987_Animalia_Arthropoda_Insecta_Lepidoptera_Erebidae_Bulia_deducta/d05b29f1-40bc-4e8c-8256-f91fc9219d69.jpg,Bulia deducta,Deduced Graphic,Animalia,Erebidae,Bulia,243,500
train,49,987,207572,207572,train_mini/00987_Animalia_Arthropoda_Insecta_Lepidoptera_Erebidae_Bulia_deducta/f9728a2f-8061-4a30-9986-4c0bb9b74483.jpg,Bulia deducta,Deduced Graphic,Animalia,Erebidae,Bulia,353,500
train,49,987,525756,525756,train_mini/00987_Animalia_Arthropoda_Insecta_Lepidoptera_Erebidae_Bulia_deducta/d10867fe-2924-4711-9ff2-28bd53300aea.jpg,Bulia deducta,Deduced Graphic,Animalia,Erebidae,Bulia,500,375
train,49,987,1899981,1899981,train_mini/00987_Animalia_Arthropoda_Insecta_Lepidoptera_Erebidae_Bulia_deducta/a5b18ee9-bfa6-4329-b25c-136c4928b44e.jpg,Bulia deducta,Deduced Graphic,Animalia,Erebidae,Bulia,500,500
train,49,987,345528,345528,train_mini/00987_Animalia_Arthropoda_Insecta_Lepidoptera_Erebidae_Bulia_deducta/26f7effa-14c3-4c30-8f9e-ff7eeeeb7160.jpg,Bulia deducta,Deduced Graphic,Animalia,Erebidae,Bulia,409,500
train,50,997,1276746,1276746,train_mini/00997_Animalia_Arthropoda_Insecta_Lepidoptera_Erebidae_Catocala_grynea/69585d4e-b818-4b19-9a13-bfbd13028797.jpg,Catocala grynea,Woody Underwing,Animalia,Erebidae,Catocala,411,500
train,50,997,1061915,1061915,train_mini/00997_Animalia_Arthropoda_Insecta_Lepidoptera_Erebidae_Catocala_grynea/bf20d28a-efe2-4383-a2fd-804ed964eea9.jpg,Catocala grynea,Woody Underwing,Animalia,Erebidae,Catocala,500,375
train,50,997,2676286,2676286,train_mini/00997_Animalia_Arthropoda_Insecta_Lepidoptera_Erebidae_Catocala_grynea/69a398c7-564e-4f2d-8597-f07f4bbe1fff.jpg,Catocala grynea,Woody Underwing,Animalia,Erebidae,Catocala,500,444
train,50,997,1333902,1333902,train_mini/00997_Animalia_Arthropoda_Insecta_Lepidoptera_Erebidae_Catocala_grynea/2bae5a7f-18cf-4c44-89b8-47126b820c8b.jpg,Catocala grynea,Woody Underwing,Animalia,Erebidae,Catocala,377,500
train,50,997,2278688,2278688,train_mini/00997_Animalia_Arthropoda_Insecta_Lepidoptera_Erebidae_Catocala_grynea/c4d647a1-b41a-4300-b073-ea785e2bafda.jpg,Catocala grynea,Woody Underwing,Animalia,Erebidae,Catocala,401,500
train,50,997,2532665,2532665,train_mini/00997_Animalia_Arthropoda_Insecta_Lepidoptera_Erebidae_Catocala_grynea/0c892ab4-c939-4343-8e89-95c3d98b809c.jpg,Catocala grynea,Woody Underwing,Animalia,Erebidae,Catocala,500,375
train,50,997,242916,242916,train_mini/00997_Animalia_Arthropoda_Insecta_Lepidoptera_Erebidae_Catocala_grynea/2d9d6c5d-1bb8-4847-a25a-70a33be404c5.jpg,Catocala grynea,Woody Underwing,Animalia,Erebidae,Catocala,500,334
train,50,997,1007625,1007625,train_mini/00997_Animalia_Arthropoda_Insecta_Lepidoptera_Erebidae_Catocala_grynea/65c31d3b-ded4-41a6-addc-f4d776d35336.jpg,Catocala grynea,Woody Underwing,Animalia,Erebidae,Catocala,500,480
train,51,998,1799630,1799630,train_mini/00998_Animalia_Arthropoda_Insecta_Lepidoptera_Erebidae_Catocala_ilia/dd5cdc8a-3c6f-48c8-9c42-8840bf887e69.jpg,Catocala ilia,Ilia Underwing,Animalia,Erebidae,Catocala,500,404
train,51,998,43651,43651,train_mini/00998_Animalia_Arthropoda_Insecta_Lepidoptera_Erebidae_Catocala_ilia/0fac2fb5-39fa-4785-a4e3-869b7dca55ec.jpg,Catocala ilia,Ilia Underwing,Animalia,Erebidae,Catocala,500,500
train,51,998,387590,387590,train_mini/00998_Animalia_Arthropoda_Insecta_Lepidoptera_Erebidae_Catocala_ilia/b6299d9b-71c3-4baa-a412-fd00971d8e4a.jpg,Catocala ilia,Ilia Underwing,Animalia,Erebidae,Catocala,500,409
train,51,998,1964998,1964998,train_mini/00998_Animalia_Arthropoda_Insecta_Lepidoptera_Erebidae_Catocala_ilia/a165bbc1-0290-4450-b317-0ca32092d34e.jpg,Catocala ilia,Ilia Underwing,Animalia,Erebidae,Catocala,375,500
train,51,998,1503722,1503722,train_mini/00998_Animalia_Arthropoda_Insecta_Lepidoptera_Erebidae_Catocala_ilia/797670b0-c635-4433-b2f1-1bb4ae9e9a46.jpg,Catocala ilia,Ilia Underwing,Animalia,Erebidae,Catocala,500,281
train,51,998,2234936,2234936,train_mini/00998_Animalia_Arthropoda_Insecta_Lepidoptera_Erebidae_Catocala_ilia/32e29450-3a92-42a5-82db-02b5d65c2281.jpg,Catocala ilia,Ilia Underwing,Animalia,Erebidae,Catocala,365,500
train,51,998,1882383,1882383,train_mini/00998_Animalia_Arthropoda_Insecta_Lepidoptera_Erebidae_Catocala_ilia/52cff9f6-7888-49de-a42e-33a976540b47.jpg,Catocala ilia,Ilia Underwing,Animalia,Erebidae,Catocala,351,500
train,51,998,2033808,2033808,train_mini/00998_Animalia_Arthropoda_Insecta_Lepidoptera_Erebidae_Catocala_ilia/2cb072a5-a44c-474c-a0f7-6ae9bbea86eb.jpg,Catocala ilia,Ilia Underwing,Animalia,Erebidae,Catocala,500,375
train,52,1047,2194791,2194791,train_mini/01047_Animalia_Arthropoda_Insecta_Lepidoptera_Erebidae_Hypena_bijugalis/3bc66f12-7e9c-4421-95e3-398e4f0a180f.jpg,Hypena bijugalis,Dimorphic Bomolocha Moth,Animalia,Erebidae,Hypena,500,386
train,52,1047,138814,138814,train_mini/01047_Animalia_Arthropoda_Insecta_Lepidoptera_Erebidae_Hypena_bijugalis/a6c68e9f-92aa-477f-924b-a73b785bb9ac.jpg,Hypena bijugalis,Dimorphic Bomolocha Moth,Animalia,Erebidae,Hypena,500,475
train,52,1047,53433,53433,train_mini/01047_Animalia_Arthropoda_Insecta_Lepidoptera_Erebidae_Hypena_bijugalis/8c988dfe-0aa9-414e-ba90-5674ab34bb7f.jpg,Hypena bijugalis,Dimorphic Bomolocha Moth,Animalia,Erebidae,Hypena,469,500
train,52,1047,307917,307917,train_mini/01047_Animalia_Arthropoda_Insecta_Lepidoptera_Erebidae_Hypena_bijugalis/2a63dbec-580e-4afb-81e3-36ff2e0142cd.jpg,Hypena bijugalis,Dimorphic Bomolocha Moth,Animalia,Erebidae,Hypena,500,375
train,52,1047,2063835,2063835,train_mini/01047_Animalia_Arthropoda_Insecta_Lepidoptera_Erebidae_Hypena_bijugalis/ffe92713-3caa-453b-b92e-2d1beaefa170.jpg,Hypena bijugalis,Dimorphic Bomolocha Moth,Animalia,Erebidae,Hypena,281,500
train,52,1047,2011628,2011628,train_mini/01047_Animalia_Arthropoda_Insecta_Lepidoptera_Erebidae_Hypena_bijugalis/48c1c73e-87dc-400a-9afc-2efa79595c9f.jpg,Hypena bijugalis,Dimorphic Bomolocha Moth,Animalia,Erebidae,Hypena,500,362
train,52,1047,2200174,2200174,train_mini/01047_Animalia_Arthropoda_Insecta_Lepidoptera_Erebidae_Hypena_bijugalis/d8857b54-a5e2-427b-a0bb-18d7ab414dd6.jpg,Hypena bijugalis,Dimorphic Bomolocha Moth,Animalia,Erebidae,Hypena,500,375
train,52,1047,1840664,1840664,train_mini/01047_Animalia_Arthropoda_Insecta_Lepidoptera_Erebidae_Hypena_bijugalis/27660136-23cb-41fc-9c2d-328f23a5e9f5.jpg,Hypena bijugalis,Dimorphic Bomolocha Moth,Animalia,Erebidae,Hypena,375,500
train,53,1076,729120,729120,train_mini/01076_Animalia_Arthropoda_Insecta_Lepidoptera_Erebidae_Melipotis_acontioides/09d89ba8-91c5-4e17-b6a3-1038df4db2ff.jpg,Melipotis acontioides,Royal Poinciana Moth,Animalia,Erebidae,Melipotis,281,500
train,53,1076,70298,70298,train_mini/01076_Animalia_Arthropoda_Insecta_Lepidoptera_Erebidae_Melipotis_acontioides/4e3fddf7-7428-4398-bf11-3eb409bf0878.jpg,Melipotis acontioides,Royal Poinciana Moth,Animalia,Erebidae,Melipotis,500,319
train,53,1076,636925,636925,train_mini/01076_Animalia_Arthropoda_Insecta_Lepidoptera_Erebidae_Melipotis_acontioides/ae9e79ff-a4ec-46e2-a727-e673b3236582.jpg,Melipotis acontioides,Royal Poinciana Moth,Animalia,Erebidae,Melipotis,500,370
train,53,1076,586656,586656,train_mini/01076_Animalia_Arthropoda_Insecta_Lepidoptera_Erebidae_Melipotis_acontioides/0babdf8a-1175-4b7f-98b6-bb59f18668c7.jpg,Melipotis acontioides,Royal Poinciana Moth,Animalia,Erebidae,Melipotis,375,500
train,53,1076,1199726,1199726,train_mini/01076_Animalia_Arthropoda_Insecta_Lepidoptera_Erebidae_Melipotis_acontioides/9bfdec8e-5882-4686-b560-f2af4f030622.jpg,Melipotis acontioides,Royal Poinciana Moth,Animalia,Erebidae,Melipotis,448,500
train,53,1076,2032202,2032202,train_mini/01076_Animalia_Arthropoda_Insecta_Lepidoptera_Erebidae_Melipotis_acontioides/eb53e856-b51d-41c5-ba1f-8677a676edde.jpg,Melipotis acontioides,Royal Poinciana Moth,Animalia,Erebidae,Melipotis,243,500
train,53,1076,620333,620333,train_mini/01076_Animalia_Arthropoda_Insecta_Lepidoptera_Erebidae_Melipotis_acontioides/74b19c72-da94-4b39-8457-8a194ae3b0c0.jpg,Melipotis acontioides,Royal Poinciana Moth,Animalia,Erebidae,Melipotis,375,500
train,53,1076,478229,478229,train_mini/01076_Animalia_Arthropoda_Insecta_Lepidoptera_Erebidae_Melipotis_acontioides/b2e67bc2-cb24-43c5-8487-17582af5c94d.jpg,Melipotis acontioides,Royal Poinciana Moth,Animalia,Erebidae,Melipotis,500,495
train,54,1103,371707,371707,train_mini/01103_Animalia_Arthropoda_Insecta_Lepidoptera_Erebidae_Pantydia_sparsa/cd92af89-93ae-4226-842f-78e575ed9f71.jpg,Pantydia sparsa,Pantydia sparsa,Animalia,Erebidae,Pantydia,500,369
train,54,1103,2373049,2373049,train_mini/01103_Animalia_Arthropoda_Insecta_Lepidoptera_Erebidae_Pantydia_sparsa/3a3da6ef-8049-49bf-a8ac-3e1b9155e221.jpg,Pantydia sparsa,Pantydia sparsa,Animalia,Erebidae,Pantydia,500,375
train,54,1103,2618551,2618551,train_mini/01103_Animalia_Arthropoda_Insecta_Lepidoptera_Erebidae_Pantydia_sparsa/34b5750d-194f-4cee-816a-6d6bf73492a4.jpg,Pantydia sparsa,Pantydia sparsa,Animalia,Erebidae,Pantydia,500,374
train,54,1103,166095,166095,train_mini/01103_Animalia_Arthropoda_Insecta_Lepidoptera_Erebidae_Pantydia_sparsa/8b97710e-2bbb-4f92-83d2-caa9ec04aac0.jpg,Pantydia sparsa,Pantydia sparsa,Animalia,Erebidae,Pantydia,365,500
train,54,1103,2325857,2325857,train_mini/01103_Animalia_Arthropoda_Insecta_Lepidoptera_Erebidae_Pantydia_sparsa/8248cfa6-ec7c-4075-9761-e69f9723a370.jpg,Pantydia sparsa,Pantydia sparsa,Animalia,Erebidae,Pantydia,500,379
train,54,1103,1736466,1736466,train_mini/01103_Animalia_Arthropoda_Insecta_Lepidoptera_Erebidae_Pantydia_sparsa/cd8f1e31-e56d-43fa-a18d-a52a658c9eb9.jpg,Pantydia sparsa,Pantydia sparsa,Animalia,Erebidae,Pantydia,500,375
train,54,1103,575605,575605,train_mini/01103_Animalia_Arthropoda_Insecta_Lepidoptera_Erebidae_Pantydia_sparsa/fdfd6a96-5f4d-4646-bf6c-a469d7e8c00d.jpg,Pantydia sparsa,Pantydia sparsa,Animalia,Erebidae,Pantydia,477,500
train,54,1103,1255232,1255232,train_mini/01103_Animalia_Arthropoda_Insecta_Lepidoptera_Erebidae_Pantydia_sparsa/c8c7e825-1c9b-47fd-9b17-f0a0703bf96a.jpg,Pantydia sparsa,Pantydia sparsa,Animalia,Erebidae,Pantydia,500,322
train,55,1164,2684190,2684190,train_mini/01164_Animalia_Arthropoda_Insecta_Lepidoptera_Geometridae_Chiasmia_clathrata/4fa8e624-1776-45ea-8c65-d9226225d4b1.jpg,Chiasmia clathrata,Latticed Heath,Animalia,Geometridae,Chiasmia,500,329
train,55,1164,1237352,1237352,train_mini/01164_Animalia_Arthropoda_Insecta_Lepidoptera_Geometridae_Chiasmia_clathrata/fd4f1b42-d2b5-498f-9aa4-4087ad9c5fc2.jpg,Chiasmia clathrata,Latticed Heath,Animalia,Geometridae,Chiasmia,500,500
train,55,1164,1035176,1035176,train_mini/01164_Animalia_Arthropoda_Insecta_Lepidoptera_Geometridae_Chiasmia_clathrata/50cc29cf-f8d7-4a53-bd34-26f18d03bef8.jpg,Chiasmia clathrata,Latticed Heath,Animalia,Geometridae,Chiasmia,375,500
train,55,1164,1561698,1561698,train_mini/01164_Animalia_Arthropoda_Insecta_Lepidoptera_Geometridae_Chiasmia_clathrata/df2bd5f8-fda0-45b6-ba7b-44c1451396ee.jpg,Chiasmia clathrata,Latticed Heath,Animalia,Geometridae,Chiasmia,500,281
train,55,1164,470357,470357,train_mini/01164_Animalia_Arthropoda_Insecta_Lepidoptera_Geometridae_Chiasmia_clathrata/c6ac3ee7-7dcb-430e-b5cb-3c43619ecd15.jpg,Chiasmia clathrata,Latticed Heath,Animalia,Geometridae,Chiasmia,500,281
train,55,1164,2454037,2454037,train_mini/01164_Animalia_Arthropoda_Insecta_Lepidoptera_Geometridae_Chiasmia_clathrata/d7375888-968d-4b0b-94c3-312e037ab3ab.jpg,Chiasmia clathrata,Latticed Heath,Animalia,Geometridae,Chiasmia,500,375
train,55,1164,1663863,1663863,train_mini/01164_Animalia_Arthropoda_Insecta_Lepidoptera_Geometridae_Chiasmia_clathrata/ff87b5f0-b9dd-4a65-9dd4-63366a398b44.jpg,Chiasmia clathrata,Latticed Heath,Animalia,Geometridae,Chiasmia,500,375
train,55,1164,2484852,2484852,train_mini/01164_Animalia_Arthropoda_Insecta_Lepidoptera_Geometridae_Chiasmia_clathrata/3af3850b-f358-4eb5-a904-689ebc866789.jpg,Chiasmia clathrata,Latticed Heath,Animalia,Geometridae,Chiasmia,500,371
train,56,1167,411194,411194,train_mini/01167_Animalia_Arthropoda_Insecta_Lepidoptera_Geometridae_Chlorochlamys_chloroleucaria/e00e0f09-20d6-4a6a-9eee-11bb4e55bd40.jpg,Chlorochlamys chloroleucaria,Blackberry Looper,Animalia,Geometridae,Chlorochlamys,500,315
train,56,1167,2165904,2165904,train_mini/01167_Animalia_Arthropoda_Insecta_Lepidoptera_Geometridae_Chlorochlamys_chloroleucaria/d462b5c7-77df-4b7d-bfa0-eaebc6258417.jpg,Chlorochlamys chloroleucaria,Blackberry Looper,Animalia,Geometridae,Chlorochlamys,500,250
train,56,1167,2021788,2021788,train_mini/01167_Animalia_Arthropoda_Insecta_Lepidoptera_Geometridae_Chlorochlamys_chloroleucaria/2be8a425-de45-4bca-9f98-1ed247c5676b.jpg,Chlorochlamys chloroleucaria,Blackberry Looper,Animalia,Geometridae,Chlorochlamys,500,375
train,56,1167,2165611,2165611,train_mini/01167_Animalia_Arthropoda_Insecta_Lepidoptera_Geometridae_Chlorochlamys_chloroleucaria/5f7210d3-39af-422d-b727-467bf2cc978a.jpg,Chlorochlamys chloroleucaria,Blackberry Looper,Animalia,Geometridae,Chlorochlamys,500,316
train,56,1167,1844380,1844380,train_mini/01167_Animalia_Arthropoda_Insecta_Lepidoptera_Geometridae_Chlorochlamys_chloroleucaria/692cb7ce-c585-4344-97d3-e7c5f3bca58b.jpg,Chlorochlamys chloroleucaria,Blackberry Looper,Animalia,Geometridae,Chlorochlamys,375,500
train,56,1167,341610,341610,train_mini/01167_Animalia_Arthropoda_Insecta_Lepidoptera_Geometridae_Chlorochlamys_chloroleucaria/3a08c058-0e74-49e6-9ac0-fa5e349b4aa6.jpg,Chlorochlamys chloroleucaria,Blackberry Looper,Animalia,Geometridae,Chlorochlamys,481,500
train,56,1167,1795775,1795775,train_mini/01167_Animalia_Arthropoda_Insecta_Lepidoptera_Geometridae_Chlorochlamys_chloroleucaria/42cf79ae-114d-4a06-a799-03def461bef6.jpg,Chlorochlamys chloroleucaria,Blackberry Looper,Animalia,Geometridae,Chlorochlamys,500,434
train,56,1167,89242,89242,train_mini/01167_Animalia_Arthropoda_Insecta_Lepidoptera_Geometridae_Chlorochlamys_chloroleucaria/2038bd93-5563-4aac-90d0-d0d26933c08c.jpg,Chlorochlamys chloroleucaria,Blackberry Looper,Animalia,Geometridae,Chlorochlamys,500,302
train,57,1176,1355100,1355100,train_mini/01176_Animalia_Arthropoda_Insecta_Lepidoptera_Geometridae_Colotois_pennaria/0d033f9b-cf31-4054-96c8-139a7de4c2a9.jpg,Colotois pennaria,Feathered Thorn,Animalia,Geometridae,Colotois,500,375
train,57,1176,2215180,2215180,train_mini/01176_Animalia_Arthropoda_Insecta_Lepidoptera_Geometridae_Colotois_pennaria/28340bd5-b6d6-477a-a5b8-36755c40880e.jpg,Colotois pennaria,Feathered Thorn,Animalia,Geometridae,Colotois,375,500
train,57,1176,1110265,1110265,train_mini/01176_Animalia_Arthropoda_Insecta_Lepidoptera_Geometridae_Colotois_pennaria/41b72313-762f-4318-97da-cf204930966a.jpg,Colotois pennaria,Feathered Thorn,Animalia,Geometridae,Colotois,375,500
train,57,1176,1192370,1192370,train_mini/01176_Animalia_Arthropoda_Insecta_Lepidoptera_Geometridae_Colotois_pennaria/db8ebabc-43dc-46ea-b703-8a1d8f97f0dd.jpg,Colotois pennaria,Feathered Thorn,Animalia,Geometridae,Colotois,500,347
train,57,1176,1207436,1207436,train_mini/01176_Animalia_Arthropoda_Insecta_Lepidoptera_Geometridae_Colotois_pennaria/1d5518dc-7e5a-409f-b949-671e3c709439.jpg,Colotois pennaria,Feathered Thorn,Animalia,Geometridae,Colotois,500,334
train,57,1176,589576,589576,train_mini/01176_Animalia_Arthropoda_Insecta_Lepidoptera_Geometridae_Colotois_pennaria/b480a53e-14c7-4185-a95c-27e3919589a8.jpg,Colotois pennaria,Feathered Thorn,Animalia,Geometridae,Colotois,375,500
train,57,1176,2627426,2627426,train_mini/01176_Animalia_Arthropoda_Insecta_Lepidoptera_Geometridae_Colotois_pennaria/7844eb55-e1c6-4281-85ad-a324d8a7365e.jpg,Colotois pennaria,Feathered Thorn,Animalia,Geometridae,Colotois,500,463
train,57,1176,2628866,2628866,train_mini/01176_Animalia_Arthropoda_Insecta_Lepidoptera_Geometridae_Colotois_pennaria/900a5772-a115-4947-bd7c-734f5df19be8.jpg,Colotois pennaria,Feathered Thorn,Animalia,Geometridae,Colotois,500,375
train,58,1233,131321,131321,train_mini/01233_Animalia_Arthropoda_Insecta_Lepidoptera_Geometridae_Idaea_aversata/50d706e4-4d4b-43cf-933a-4a8c225e870b.jpg,Idaea aversata,Riband Wave,Animalia,Geometridae,Idaea,500,334
train,58,1233,2115751,2115751,train_mini/01233_Animalia_Arthropoda_Insecta_Lepidoptera_Geometridae_Idaea_aversata/d38d5581-e651-47ab-8160-04530f0dc843.jpg,Idaea aversata,Riband Wave,Animalia,Geometridae,Idaea,375,500
train,58,1233,668633,668633,train_mini/01233_Animalia_Arthropoda_Insecta_Lepidoptera_Geometridae_Idaea_aversata/ccbc0af5-853e-46ff-ad71-41f3d47d15a8.jpg,Idaea aversata,Riband Wave,Animalia,Geometridae,Idaea,500,333
train,58,1233,1880690,1880690,train_mini/01233_Animalia_Arthropoda_Insecta_Lepidoptera_Geometridae_Idaea_aversata/1af1f0e9-7be1-4079-8dab-b4eef0cbeee9.jpg,Idaea aversata,Riband Wave,Animalia,Geometridae,Idaea,500,341
train,58,1233,2685275,2685275,train_mini/01233_Animalia_Arthropoda_Insecta_Lepidoptera_Geometridae_Idaea_aversata/a7c63c03-f72c-44ee-92dc-3004b5cffad7.jpg,Idaea aversata,Riband Wave,Animalia,Geometridae,Idaea,500,353
train,58,1233,2518075,2518075,train_mini/01233_Animalia_Arthropoda_Insecta_Lepidoptera_Geometridae_Idaea_aversata/ffcb1189-d68a-473f-89e4-86f6590438d6.jpg,Idaea aversata,Riband Wave,Animalia,Geometridae,Idaea,500,328
train,58,1233,2193516,2193516,train_mini/01233_Animalia_Arthropoda_Insecta_Lepidoptera_Geometridae_Idaea_aversata/df16b832-0779-4ba2-ac02-a2cde52ee485.jpg,Idaea aversata,Riband Wave,Animalia,Geometridae,Idaea,500,500
train,58,1233,2048381,2048381,train_mini/01233_Animalia_Arthropoda_Insecta_Lepidoptera_Geometridae_Idaea_aversata/cc5fea53-89be-4a3f-87e9-333fb8e6d49b.jpg,Idaea aversata,Riband Wave,Animalia,Geometridae,Idaea,500,375
train,59,1242,133081,133081,train_mini/01242_Animalia_Arthropoda_Insecta_Lepidoptera_Geometridae_Ilexia_intractata/24fa2f4b-b5c5-40f2-ba58-165534e03043.jpg,Ilexia intractata,Black-dotted Ruddy Moth,Animalia,Geometridae,Ilexia,500,375
train,59,1242,692238,692238,train_mini/01242_Animalia_Arthropoda_Insecta_Lepidoptera_Geometridae_Ilexia_intractata/d2c48cbe-d1e2-4e7c-9836-980e39ea0aee.jpg,Ilexia intractata,Black-dotted Ruddy Moth,Animalia,Geometridae,Ilexia,500,390
train,59,1242,1909060,1909060,train_mini/01242_Animalia_Arthropoda_Insecta_Lepidoptera_Geometridae_Ilexia_intractata/196e9823-d34c-4b04-905d-46d203192887.jpg,Ilexia intractata,Black-dotted Ruddy Moth,Animalia,Geometridae,Ilexia,500,333
train,59,1242,323147,323147,train_mini/01242_Animalia_Arthropoda_Insecta_Lepidoptera_Geometridae_Ilexia_intractata/a81e7886-1bb1-4022-b6dd-c4de2e02274d.jpg,Ilexia intractata,Black-dotted Ruddy Moth,Animalia,Geometridae,Ilexia,500,419
train,59,1242,1471972,1471972,train_mini/01242_Animalia_Arthropoda_Insecta_Lepidoptera_Geometridae_Ilexia_intractata/27c9793b-f2fc-4395-83e9-bf1f7d86506c.jpg,Ilexia intractata,Black-dotted Ruddy Moth,Animalia,Geometridae,Ilexia,500,254
train,59,1242,335320,335320,train_mini/01242_Animalia_Arthropoda_Insecta_Lepidoptera_Geometridae_Ilexia_intractata/9caee9f1-648b-41c4-b2dc-712003d07ffb.jpg,Ilexia intractata,Black-dotted Ruddy Moth,Animalia,Geometridae,Ilexia,500,289
train,59,1242,214134,214134,train_mini/01242_Animalia_Arthropoda_Insecta_Lepidoptera_Geometridae_Ilexia_intractata/06d668a8-8a95-4537-a434-b2b9b6b98aab.jpg,Ilexia intractata,Black-dotted Ruddy Moth,Animalia,Geometridae,Ilexia,500,329
train,59,1242,370382,370382,train_mini/01242_Animalia_Arthropoda_Insecta_Lepidoptera_Geometridae_Ilexia_intractata/545aa85c-b36e-4767-9642-43d175c8ab7f.jpg,Ilexia intractata,Black-dotted Ruddy Moth,Animalia,Geometridae,Ilexia,500,420
train,60,1297,232790,232790,train_mini/01297_Animalia_Arthropoda_Insecta_Lepidoptera_Geometridae_Probole_amicaria/e5167d38-413b-492c-9276-12e6242959ad.jpg,Probole amicaria,Alien Probole Moth,Animalia,Geometridae,Probole,500,375
train,60,1297,1706280,1706280,train_mini/01297_Animalia_Arthropoda_Insecta_Lepidoptera_Geometridae_Probole_amicaria/476d50c9-273b-43db-bba8-938240f60656.jpg,Probole amicaria,Alien Probole Moth,Animalia,Geometridae,Probole,500,375
train,60,1297,2571997,2571997,train_mini/01297_Animalia_Arthropoda_Insecta_Lepidoptera_Geometridae_Probole_amicaria/c04e8f5a-eff1-4070-ad94-17c3be783b58.jpg,Probole amicaria,Alien Probole Moth,Animalia,Geometridae,Probole,390,500
train,60,1297,1683345,1683345,train_mini/01297_Animalia_Arthropoda_Insecta_Lepidoptera_Geometridae_Probole_amicaria/31fbff97-f8d5-4816-9e44-3dae9c889099.jpg,Probole amicaria,Alien Probole Moth,Animalia,Geometridae,Probole,500,333
train,60,1297,11769,11769,train_mini/01297_Animalia_Arthropoda_Insecta_Lepidoptera_Geometridae_Probole_amicaria/a531b430-b18f-48c2-8e3b-85bc63e74340.jpg,Probole amicaria,Alien Probole Moth,Animalia,Geometridae,Probole,500,361
train,60,1297,1927889,1927889,train_mini/01297_Animalia_Arthropoda_Insecta_Lepidoptera_Geometridae_Probole_amicaria/bfeb1cb3-8d75-4e38-9328-caf53ac1688e.jpg,Probole amicaria,Alien Probole Moth,Animalia,Geometridae,Probole,375,500
train,60,1297,1429380,1429380,train_mini/01297_Animalia_Arthropoda_Insecta_Lepidoptera_Geometridae_Probole_amicaria/912e613f-0ee4-4b50-8a49-4cd1929261e7.jpg,Probole amicaria,Alien Probole Moth,Animalia,Geometridae,Probole,500,333
train,60,1297,472814,472814,train_mini/01297_Animalia_Arthropoda_Insecta_Lepidoptera_Geometridae_Probole_amicaria/b1e87202-8050-404c-95d5-0eb0d39b8a02.jpg,Probole amicaria,Alien Probole Moth,Animalia,Geometridae,Probole,500,375
train,61,1314,105752,105752,train_mini/01314_Animalia_Arthropoda_Insecta_Lepidoptera_Geometridae_Tetracis_cachexiata/8ec7bcf4-2d1f-401b-a3b3-a8cfaf4ccd51.jpg,Tetracis cachexiata,White Slant-line,Animalia,Geometridae,Tetracis,500,375
train,61,1314,941548,941548,train_mini/01314_Animalia_Arthropoda_Insecta_Lepidoptera_Geometridae_Tetracis_cachexiata/051a1880-9560-4e67-babb-9a43099187b0.jpg,Tetracis cachexiata,White Slant-line,Animalia,Geometridae,Tetracis,300,500
train,61,1314,421399,421399,train_mini/01314_Animalia_Arthropoda_Insecta_Lepidoptera_Geometridae_Tetracis_cachexiata/ed984374-2f5c-426d-9ed0-f7751006c37d.jpg,Tetracis cachexiata,White Slant-line,Animalia,Geometridae,Tetracis,375,500
train,61,1314,592963,592963,train_mini/01314_Animalia_Arthropoda_Insecta_Lepidoptera_Geometridae_Tetracis_cachexiata/d6f336a6-7ec5-4c0a-8bca-2e2a25d40a96.jpg,Tetracis cachexiata,White Slant-line,Animalia,Geometridae,Tetracis,500,313
train,61,1314,1953474,1953474,train_mini/01314_Animalia_Arthropoda_Insecta_Lepidoptera_Geometridae_Tetracis_cachexiata/92bd2423-9dcb-48de-b804-53f563852a08.jpg,Tetracis cachexiata,White Slant-line,Animalia,Geometridae,Tetracis,500,375
train,61,1314,2477658,2477658,train_mini/01314_Animalia_Arthropoda_Insecta_Lepidoptera_Geometridae_Tetracis_cachexiata/baa65c97-5b1b-4ed6-a4f5-312732215133.jpg,Tetracis cachexiata,White Slant-line,Animalia,Geometridae,Tetracis,500,439
train,61,1314,1977960,1977960,train_mini/01314_Animalia_Arthropoda_Insecta_Lepidoptera_Geometridae_Tetracis_cachexiata/dcfaeb58-bfe7-4152-b18c-ecc422b494af.jpg,Tetracis cachexiata,White Slant-line,Animalia,Geometridae,Tetracis,375,500
train,61,1314,875043,875043,train_mini/01314_Animalia_Arthropoda_Insecta_Lepidoptera_Geometridae_Tetracis_cachexiata/2547c99d-67e5-40c4-b9dd-7e4e888a829f.jpg,Tetracis cachexiata,White Slant-line,Animalia,Geometridae,Tetracis,500,500
train,62,1315,106684,106684,train_mini/01315_Animalia_Arthropoda_Insecta_Lepidoptera_Geometridae_Tetracis_crocallata/1d6e15d2-e16d-4409-861c-61b5fd3da28a.jpg,Tetracis crocallata,Yellow Slant-line,Animalia,Geometridae,Tetracis,500,364
train,62,1315,938651,938651,train_mini/01315_Animalia_Arthropoda_Insecta_Lepidoptera_Geometridae_Tetracis_crocallata/df589e46-c95a-47c0-846b-92fb36037977.jpg,Tetracis crocallata,Yellow Slant-line,Animalia,Geometridae,Tetracis,500,281
train,62,1315,1971482,1971482,train_mini/01315_Animalia_Arthropoda_Insecta_Lepidoptera_Geometridae_Tetracis_crocallata/c792fb9d-72fb-49a5-9221-0c0ed925e1c3.jpg,Tetracis crocallata,Yellow Slant-line,Animalia,Geometridae,Tetracis,500,454
train,62,1315,1936889,1936889,train_mini/01315_Animalia_Arthropoda_Insecta_Lepidoptera_Geometridae_Tetracis_crocallata/14be60ce-f483-42a5-8ada-b0774913ef07.jpg,Tetracis crocallata,Yellow Slant-line,Animalia,Geometridae,Tetracis,281,500
train,62,1315,188652,188652,train_mini/01315_Animalia_Arthropoda_Insecta_Lepidoptera_Geometridae_Tetracis_crocallata/4e7043c9-c03a-4066-a045-2c3590390189.jpg,Tetracis crocallata,Yellow Slant-line,Animalia,Geometridae,Tetracis,500,418
train,62,1315,478655,478655,train_mini/01315_Animalia_Arthropoda_Insecta_Lepidoptera_Geometridae_Tetracis_crocallata/35a633b0-c72d-430e-9874-c0f09ea50a6b.jpg,Tetracis crocallata,Yellow Slant-line,Animalia,Geometridae,Tetracis,500,333
train,62,1315,2061961,2061961,train_mini/01315_Animalia_Arthropoda_Insecta_Lepidoptera_Geometridae_Tetracis_crocallata/f6c44331-a8f0-4b6d-979e-d4c06a319d9e.jpg,Tetracis crocallata,Yellow Slant-line,Animalia,Geometridae,Tetracis,500,333
train,62,1315,1802485,1802485,train_mini/01315_Animalia_Arthropoda_Insecta_Lepidoptera_Geometridae_Tetracis_crocallata/6a13fe3b-dda0-4f90-badf-06833857cb57.jpg,Tetracis crocallata,Yellow Slant-line,Animalia,Geometridae,Tetracis,375,500
train,63,1335,2181431,2181431,train_mini/01335_Animalia_Arthropoda_Insecta_Lepidoptera_Hesperiidae_Ancyloxypha_numitor/6390f26f-b92d-4fd3-bd82-809f4fc98248.jpg,Ancyloxypha numitor,Least Skipper,Animalia,Hesperiidae,Ancyloxypha,281,500
train,63,1335,1948819,1948819,train_mini/01335_Animalia_Arthropoda_Insecta_Lepidoptera_Hesperiidae_Ancyloxypha_numitor/2d8d172b-381d-410a-bea1-a3c2a32ee6f0.jpg,Ancyloxypha numitor,Least Skipper,Animalia,Hesperiidae,Ancyloxypha,500,375
train,63,1335,1034609,1034609,train_mini/01335_Animalia_Arthropoda_Insecta_Lepidoptera_Hesperiidae_Ancyloxypha_numitor/d1ff62d0-9a5e-4424-ae84-d3223acfd79c.jpg,Ancyloxypha numitor,Least Skipper,Animalia,Hesperiidae,Ancyloxypha,500,333
train,63,1335,846003,846003,train_mini/01335_Animalia_Arthropoda_Insecta_Lepidoptera_Hesperiidae_Ancyloxypha_numitor/500e4d82-064a-4788-b5f4-7309e3188fce.jpg,Ancyloxypha numitor,Least Skipper,Animalia,Hesperiidae,Ancyloxypha,333,500
train,63,1335,851699,851699,train_mini/01335_Animalia_Arthropoda_Insecta_Lepidoptera_Hesperiidae_Ancyloxypha_numitor/9b4aa2ae-1da7-49a2-b262-9fa0ca51bc9e.jpg,Ancyloxypha numitor,Least Skipper,Animalia,Hesperiidae,Ancyloxypha,500,375
train,63,1335,1026657,1026657,train_mini/01335_Animalia_Arthropoda_Insecta_Lepidoptera_Hesperiidae_Ancyloxypha_numitor/ff251e09-5d61-425f-8e54-cdb829cb6a03.jpg,Ancyloxypha numitor,Least Skipper,Animalia,Hesperiidae,Ancyloxypha,500,333
train,63,1335,992125,992125,train_mini/01335_Animalia_Arthropoda_Insecta_Lepidoptera_Hesperiidae_Ancyloxypha_numitor/153cae57-0dd1-4a4a-b04c-086c2f711489.jpg,Ancyloxypha numitor,Least Skipper,Animalia,Hesperiidae,Ancyloxypha,500,313
train,63,1335,896344,896344,train_mini/01335_Animalia_Arthropoda_Insecta_Lepidoptera_Hesperiidae_Ancyloxypha_numitor/6133fb76-3713-4008-b71d-c26c0788197d.jpg,Ancyloxypha numitor,Least Skipper,Animalia,Hesperiidae,Ancyloxypha,375,500
train,64,1346,1428669,1428669,train_mini/01346_Animalia_Arthropoda_Insecta_Lepidoptera_Hesperiidae_Burnsius_philetas/b1452f1d-6b35-4e86-b5ef-c4690074fdca.jpg,Burnsius philetas,Desert Checkered-Skipper,Animalia,Hesperiidae,Burnsius,500,333
train,64,1346,2593273,2593273,train_mini/01346_Animalia_Arthropoda_Insecta_Lepidoptera_Hesperiidae_Burnsius_philetas/74663fdd-0867-4a93-90a2-255fcbb4b1fe.jpg,Burnsius philetas,Desert Checkered-Skipper,Animalia,Hesperiidae,Burnsius,500,375
train,64,1346,562479,562479,train_mini/01346_Animalia_Arthropoda_Insecta_Lepidoptera_Hesperiidae_Burnsius_philetas/c93ae25e-3ed2-4693-8712-a0537349852a.jpg,Burnsius philetas,Desert Checkered-Skipper,Animalia,Hesperiidae,Burnsius,500,402
train,64,1346,820080,820080,train_mini/01346_Animalia_Arthropoda_Insecta_Lepidoptera_Hesperiidae_Burnsius_philetas/6d114135-c7a1-4f18-aa7c-cae46e972c5d.jpg,Burnsius philetas,Desert Checkered-Skipper,Animalia,Hesperiidae,Burnsius,500,375
train,64,1346,1102733,1102733,train_mini/01346_Animalia_Arthropoda_Insecta_Lepidoptera_Hesperiidae_Burnsius_philetas/1f780a71-6365-44be-80e9-1debd7f2357f.jpg,Burnsius philetas,Desert Checkered-Skipper,Animalia,Hesperiidae,Burnsius,500,375
train,64,1346,1060984,1060984,train_mini/01346_Animalia_Arthropoda_Insecta_Lepidoptera_Hesperiidae_Burnsius_philetas/22d89758-7b37-4d94-81ea-e7f1311bc5e3.jpg,Burnsius philetas,Desert Checkered-Skipper,Animalia,Hesperiidae,Burnsius,500,333
train,64,1346,1245497,1245497,train_mini/01346_Animalia_Arthropoda_Insecta_Lepidoptera_Hesperiidae_Burnsius_philetas/f8f02c2f-7a97-486c-b980-381436cf20b1.jpg,Burnsius philetas,Desert Checkered-Skipper,Animalia,Hesperiidae,Burnsius,500,375
train,64,1346,47716,47716,train_mini/01346_Animalia_Arthropoda_Insecta_Lepidoptera_Hesperiidae_Burnsius_philetas/65df30b2-d90c-4666-aaf0-564c76cd3052.jpg,Burnsius philetas,Desert Checkered-Skipper,Animalia,Hesperiidae,Burnsius,500,212
train,65,1362,2589737,2589737,train_mini/01362_Animalia_Arthropoda_Insecta_Lepidoptera_Hesperiidae_Erynnis_juvenalis/a83accd9-8831-4016-a05a-59f2a90734be.jpg,Erynnis juvenalis,Juvenal's Duskywing,Animalia,Hesperiidae,Erynnis,500,333
train,65,1362,1707180,1707180,train_mini/01362_Animalia_Arthropoda_Insecta_Lepidoptera_Hesperiidae_Erynnis_juvenalis/2f74b239-da94-4b5b-a7bd-6925509d2790.jpg,Erynnis juvenalis,Juvenal's Duskywing,Animalia,Hesperiidae,Erynnis,500,281
train,65,1362,1839053,1839053,train_mini/01362_Animalia_Arthropoda_Insecta_Lepidoptera_Hesperiidae_Erynnis_juvenalis/f57a7de9-4601-4a03-83b6-5d51809ee370.jpg,Erynnis juvenalis,Juvenal's Duskywing,Animalia,Hesperiidae,Erynnis,500,333
train,65,1362,878907,878907,train_mini/01362_Animalia_Arthropoda_Insecta_Lepidoptera_Hesperiidae_Erynnis_juvenalis/f8eaeb0d-4714-49f9-b4ed-d0006daee42e.jpg,Erynnis juvenalis,Juvenal's Duskywing,Animalia,Hesperiidae,Erynnis,500,348
train,65,1362,1568343,1568343,train_mini/01362_Animalia_Arthropoda_Insecta_Lepidoptera_Hesperiidae_Erynnis_juvenalis/c9df27a7-2ce3-4600-be87-ecda17683f7e.jpg,Erynnis juvenalis,Juvenal's Duskywing,Animalia,Hesperiidae,Erynnis,243,500
train,65,1362,346503,346503,train_mini/01362_Animalia_Arthropoda_Insecta_Lepidoptera_Hesperiidae_Erynnis_juvenalis/108ba034-263b-4a80-bada-2d7b246b5a21.jpg,Erynnis juvenalis,Juvenal's Duskywing,Animalia,Hesperiidae,Erynnis,472,500
train,65,1362,169872,169872,train_mini/01362_Animalia_Arthropoda_Insecta_Lepidoptera_Hesperiidae_Erynnis_juvenalis/4618d1b9-3045-4ccf-938f-e4578fd51408.jpg,Erynnis juvenalis,Juvenal's Duskywing,Animalia,Hesperiidae,Erynnis,500,333
train,65,1362,1563407,1563407,train_mini/01362_Animalia_Arthropoda_Insecta_Lepidoptera_Hesperiidae_Erynnis_juvenalis/0c331241-b248-4e05-872d-48edbf30d066.jpg,Erynnis juvenalis,Juvenal's Duskywing,Animalia,Hesperiidae,Erynnis,500,333
train,66,1374,1292594,1292594,train_mini/01374_Animalia_Arthropoda_Insecta_Lepidoptera_Hesperiidae_Iambrix_salsala/d27799e2-c0d3-4042-98e1-e5ad35883ec3.jpg,Iambrix salsala,Chestnut Bob,Animalia,Hesperiidae,Iambrix,500,424
train,66,1374,2048077,2048077,train_mini/01374_Animalia_Arthropoda_Insecta_Lepidoptera_Hesperiidae_Iambrix_salsala/82e1bf81-87ca-446c-a002-69cae579d58a.jpg,Iambrix salsala,Chestnut Bob,Animalia,Hesperiidae,Iambrix,500,333
train,66,1374,281301,281301,train_mini/01374_Animalia_Arthropoda_Insecta_Lepidoptera_Hesperiidae_Iambrix_salsala/83e609eb-7d44-452c-859a-7ca814306126.jpg,Iambrix salsala,Chestnut Bob,Animalia,Hesperiidae,Iambrix,500,322
train,66,1374,941825,941825,train_mini/01374_Animalia_Arthropoda_Insecta_Lepidoptera_Hesperiidae_Iambrix_salsala/19646528-ff70-47f6-b294-e56272f08ee9.jpg,Iambrix salsala,Chestnut Bob,Animalia,Hesperiidae,Iambrix,500,375
train,66,1374,2427861,2427861,train_mini/01374_Animalia_Arthropoda_Insecta_Lepidoptera_Hesperiidae_Iambrix_salsala/9059635d-4361-4463-87e0-9f6f3251dcfa.jpg,Iambrix salsala,Chestnut Bob,Animalia,Hesperiidae,Iambrix,500,375
train,66,1374,2192256,2192256,train_mini/01374_Animalia_Arthropoda_Insecta_Lepidoptera_Hesperiidae_Iambrix_salsala/a98d7e9d-841d-419b-905d-2b037fb1ccde.jpg,Iambrix salsala,Chestnut Bob,Animalia,Hesperiidae,Iambrix,500,324
train,66,1374,955005,955005,train_mini/01374_Animalia_Arthropoda_Insecta_Lepidoptera_Hesperiidae_Iambrix_salsala/c28300a7-d5b8-432b-9901-d22a5b9347a1.jpg,Iambrix salsala,Chestnut Bob,Animalia,Hesperiidae,Iambrix,500,449
train,66,1374,2311681,2311681,train_mini/01374_Animalia_Arthropoda_Insecta_Lepidoptera_Hesperiidae_Iambrix_salsala/d366fab7-45f7-4a6c-9901-fd4c0bbc2980.jpg,Iambrix salsala,Chestnut Bob,Animalia,Hesperiidae,Iambrix,500,375
train,67,1376,293562,293562,train_mini/01376_Animalia_Arthropoda_Insecta_Lepidoptera_Hesperiidae_Lerodea_eufala/8d154c83-7043-46f2-babd-595fec8157bd.jpg,Lerodea eufala,Eufala Skipper,Animalia,Hesperiidae,Lerodea,489,500
train,67,1376,1212327,1212327,train_mini/01376_Animalia_Arthropoda_Insecta_Lepidoptera_Hesperiidae_Lerodea_eufala/4dfc89ac-2171-4aca-8c8c-8db4973cfcc2.jpg,Lerodea eufala,Eufala Skipper,Animalia,Hesperiidae,Lerodea,500,375
train,67,1376,986369,986369,train_mini/01376_Animalia_Arthropoda_Insecta_Lepidoptera_Hesperiidae_Lerodea_eufala/b091f807-1afa-47d5-b3da-d4f22c6b700f.jpg,Lerodea eufala,Eufala Skipper,Animalia,Hesperiidae,Lerodea,500,334
train,67,1376,1184624,1184624,train_mini/01376_Animalia_Arthropoda_Insecta_Lepidoptera_Hesperiidae_Lerodea_eufala/b4d93cb8-e3ac-4eaf-8e5a-2b0966451d06.jpg,Lerodea eufala,Eufala Skipper,Animalia,Hesperiidae,Lerodea,467,500
train,67,1376,1798132,1798132,train_mini/01376_Animalia_Arthropoda_Insecta_Lepidoptera_Hesperiidae_Lerodea_eufala/959179b8-db41-4f27-9ba3-8e183de29253.jpg,Lerodea eufala,Eufala Skipper,Animalia,Hesperiidae,Lerodea,243,500
train,67,1376,1829747,1829747,train_mini/01376_Animalia_Arthropoda_Insecta_Lepidoptera_Hesperiidae_Lerodea_eufala/a51f8104-6c06-445f-967d-06360c38d611.jpg,Lerodea eufala,Eufala Skipper,Animalia,Hesperiidae,Lerodea,375,500
train,67,1376,2365317,2365317,train_mini/01376_Animalia_Arthropoda_Insecta_Lepidoptera_Hesperiidae_Lerodea_eufala/661c19ae-3ac5-417d-80f7-8c69e2bd1494.jpg,Lerodea eufala,Eufala Skipper,Animalia,Hesperiidae,Lerodea,500,339
train,67,1376,258494,258494,train_mini/01376_Animalia_Arthropoda_Insecta_Lepidoptera_Hesperiidae_Lerodea_eufala/f6f99595-021a-4f74-8ddd-b97bad4ca8c8.jpg,Lerodea eufala,Eufala Skipper,Animalia,Hesperiidae,Lerodea,500,500
train,68,1378,441235,441235,train_mini/01378_Animalia_Arthropoda_Insecta_Lepidoptera_Hesperiidae_Lon_melane/2bbf6bdd-0c99-48a4-9060-2e7aa9d7a2ca.jpg,Lon melane,Umber Skipper,Animalia,Hesperiidae,Lon,375,500
train,68,1378,1654613,1654613,train_mini/01378_Animalia_Arthropoda_Insecta_Lepidoptera_Hesperiidae_Lon_melane/2874999e-7da4-4f3d-907d-9254108e2637.jpg,Lon melane,Umber Skipper,Animalia,Hesperiidae,Lon,375,500
train,68,1378,2359666,2359666,train_mini/01378_Animalia_Arthropoda_Insecta_Lepidoptera_Hesperiidae_Lon_melane/6e74e484-42d0-4d77-9260-c1d632e2b00a.jpg,Lon melane,Umber Skipper,Animalia,Hesperiidae,Lon,500,375
train,68,1378,795159,795159,train_mini/01378_Animalia_Arthropoda_Insecta_Lepidoptera_Hesperiidae_Lon_melane/b5daf7b3-2217-45f4-a562-5c47c469b83e.jpg,Lon melane,Umber Skipper,Animalia,Hesperiidae,Lon,485,500
train,68,1378,1650498,1650498,train_mini/01378_Animalia_Arthropoda_Insecta_Lepidoptera_Hesperiidae_Lon_melane/d8cbdf27-9e68-4b4e-8b72-a36e6223db32.jpg,Lon melane,Umber Skipper,Animalia,Hesperiidae,Lon,375,500
train,68,1378,110366,110366,train_mini/01378_Animalia_Arthropoda_Insecta_Lepidoptera_Hesperiidae_Lon_melane/9af770d7-bf7c-4008-ae0a-7fb0057f0404.jpg,Lon melane,Umber Skipper,Animalia,Hesperiidae,Lon,500,375
train,68,1378,1107350,1107350,train_mini/01378_Animalia_Arthropoda_Insecta_Lepidoptera_Hesperiidae_Lon_melane/a283cd4e-79b3-4f29-b058-dc7c2dc83c8a.jpg,Lon melane,Umber Skipper,Animalia,Hesperiidae,Lon,500,333
train,68,1378,414309,414309,train_mini/01378_Animalia_Arthropoda_Insecta_Lepidoptera_Hesperiidae_Lon_melane/5d3ed0e6-3e1f-4a31-a395-cdcc12375f5f.jpg,Lon melane,Umber Skipper,Animalia,Hesperiidae,Lon,500,383
train,69,1393,2633105,2633105,train_mini/01393_Animalia_Arthropoda_Insecta_Lepidoptera_Hesperiidae_Polites_mystic/041d8a44-837c-420d-9f69-cbf03a2927b3.jpg,Polites mystic,Long Dash Skipper,Animalia,Hesperiidae,Polites,500,331
train,69,1393,930531,930531,train_mini/01393_Animalia_Arthropoda_Insecta_Lepidoptera_Hesperiidae_Polites_mystic/ac1a0af7-9366-458f-8364-511707475682.jpg,Polites mystic,Long Dash Skipper,Animalia,Hesperiidae,Polites,500,333
train,69,1393,1829512,1829512,train_mini/01393_Animalia_Arthropoda_Insecta_Lepidoptera_Hesperiidae_Polites_mystic/25137f97-22d5-4f2b-8589-6baa121a865f.jpg,Polites mystic,Long Dash Skipper,Animalia,Hesperiidae,Polites,500,333
train,69,1393,964929,964929,train_mini/01393_Animalia_Arthropoda_Insecta_Lepidoptera_Hesperiidae_Polites_mystic/2800e315-288a-4f14-88d7-af73defb8462.jpg,Polites mystic,Long Dash Skipper,Animalia,Hesperiidae,Polites,500,333
train,69,1393,487383,487383,train_mini/01393_Animalia_Arthropoda_Insecta_Lepidoptera_Hesperiidae_Polites_mystic/bb7c6dc1-708e-41bd-8e75-7f1a3b51e3a0.jpg,Polites mystic,Long Dash Skipper,Animalia,Hesperiidae,Polites,500,492
train,69,1393,1966782,1966782,train_mini/01393_Animalia_Arthropoda_Insecta_Lepidoptera_Hesperiidae_Polites_mystic/bda9e053-4fed-491f-9d08-de88e96bc66c.jpg,Polites mystic,Long Dash Skipper,Animalia,Hesperiidae,Polites,402,500
train,69,1393,1906322,1906322,train_mini/01393_Animalia_Arthropoda_Insecta_Lepidoptera_Hesperiidae_Polites_mystic/6ab18070-79bf-45ea-8ed4-10f3bf1b812c.jpg,Polites mystic,Long Dash Skipper,Animalia,Hesperiidae,Polites,500,375
train,69,1393,451723,451723,train_mini/01393_Animalia_Arthropoda_Insecta_Lepidoptera_Hesperiidae_Polites_mystic/283189cf-1434-4ae0-a62f-881b4187c94a.jpg,Polites mystic,Long Dash Skipper,Animalia,Hesperiidae,Polites,500,376
train,70,1405,322628,322628,train_mini/01405_Animalia_Arthropoda_Insecta_Lepidoptera_Hesperiidae_Thymelicus_lineola/0888fd97-562e-4ba7-8e6a-fef034c20069.jpg,Thymelicus lineola,European Skipper,Animalia,Hesperiidae,Thymelicus,500,375
train,70,1405,640101,640101,train_mini/01405_Animalia_Arthropoda_Insecta_Lepidoptera_Hesperiidae_Thymelicus_lineola/2d2ca668-9691-49f9-9393-08f112bc1f5d.jpg,Thymelicus lineola,European Skipper,Animalia,Hesperiidae,Thymelicus,500,333
train,70,1405,212282,212282,train_mini/01405_Animalia_Arthropoda_Insecta_Lepidoptera_Hesperiidae_Thymelicus_lineola/b033522f-1ea4-4511-8744-2ca441c13f9e.jpg,Thymelicus lineola,European Skipper,Animalia,Hesperiidae,Thymelicus,500,333
train,70,1405,2074765,2074765,train_mini/01405_Animalia_Arthropoda_Insecta_Lepidoptera_Hesperiidae_Thymelicus_lineola/2159d601-f42d-4eeb-8ce3-b6d2e98b4e00.jpg,Thymelicus lineola,European Skipper,Animalia,Hesperiidae,Thymelicus,500,327
train,70,1405,719205,719205,train_mini/01405_Animalia_Arthropoda_Insecta_Lepidoptera_Hesperiidae_Thymelicus_lineola/8021ce72-ab35-451c-9c5e-c7271ad8ac9e.jpg,Thymelicus lineola,European Skipper,Animalia,Hesperiidae,Thymelicus,500,281
train,70,1405,939425,939425,train_mini/01405_Animalia_Arthropoda_Insecta_Lepidoptera_Hesperiidae_Thymelicus_lineola/c18b2485-ecf5-47e0-931d-dea9db012fa6.jpg,Thymelicus lineola,European Skipper,Animalia,Hesperiidae,Thymelicus,500,375
train,70,1405,206964,206964,train_mini/01405_Animalia_Arthropoda_Insecta_Lepidoptera_Hesperiidae_Thymelicus_lineola/cf7ef472-372d-4c30-b370-8023d1d78bae.jpg,Thymelicus lineola,European Skipper,Animalia,Hesperiidae,Thymelicus,500,375
train,70,1405,2089403,2089403,train_mini/01405_Animalia_Arthropoda_Insecta_Lepidoptera_Hesperiidae_Thymelicus_lineola/e5bb7950-dc09-408e-b669-14fb3362b54b.jpg,Thymelicus lineola,European Skipper,Animalia,Hesperiidae,Thymelicus,500,375
train,71,1408,2045268,2045268,train_mini/01408_Animalia_Arthropoda_Insecta_Lepidoptera_Hesperiidae_Urbanus_dorantes/c69f6ccc-1dd4-4e32-811c-4b66cfb3198b.jpg,Urbanus dorantes,Dorantes Longtail,Animalia,Hesperiidae,Urbanus,428,380
train,71,1408,548957,548957,train_mini/01408_Animalia_Arthropoda_Insecta_Lepidoptera_Hesperiidae_Urbanus_dorantes/341dafc1-408a-4c76-90ce-1294093e65e0.jpg,Urbanus dorantes,Dorantes Longtail,Animalia,Hesperiidae,Urbanus,375,500
train,71,1408,2618421,2618421,train_mini/01408_Animalia_Arthropoda_Insecta_Lepidoptera_Hesperiidae_Urbanus_dorantes/1f8bf5ef-3c28-43c9-8339-e4add553be8e.jpg,Urbanus dorantes,Dorantes Longtail,Animalia,Hesperiidae,Urbanus,423,406
train,71,1408,511026,511026,train_mini/01408_Animalia_Arthropoda_Insecta_Lepidoptera_Hesperiidae_Urbanus_dorantes/f1044b3b-b4dd-470d-8681-28cc28825e1c.jpg,Urbanus dorantes,Dorantes Longtail,Animalia,Hesperiidae,Urbanus,375,500
train,71,1408,265613,265613,train_mini/01408_Animalia_Arthropoda_Insecta_Lepidoptera_Hesperiidae_Urbanus_dorantes/61a6e93e-ff2c-4566-8937-173a9c39cdae.jpg,Urbanus dorantes,Dorantes Longtail,Animalia,Hesperiidae,Urbanus,500,281
train,71,1408,1205152,1205152,train_mini/01408_Animalia_Arthropoda_Insecta_Lepidoptera_Hesperiidae_Urbanus_dorantes/ffe1933e-26dc-4fe2-80f1-edc27d4e7d0b.jpg,Urbanus dorantes,Dorantes Longtail,Animalia,Hesperiidae,Urbanus,500,375
train,71,1408,1215574,1215574,train_mini/01408_Animalia_Arthropoda_Insecta_Lepidoptera_Hesperiidae_Urbanus_dorantes/fb9a09df-1385-476d-ac7f-8ce3dc370cca.jpg,Urbanus dorantes,Dorantes Longtail,Animalia,Hesperiidae,Urbanus,375,500
train,71,1408,2120917,2120917,train_mini/01408_Animalia_Arthropoda_Insecta_Lepidoptera_Hesperiidae_Urbanus_dorantes/f11388d8-b130-4e53-9f23-32a3427d208e.jpg,Urbanus dorantes,Dorantes Longtail,Animalia,Hesperiidae,Urbanus,500,375
train,72,1430,136440,136440,train_mini/01430_Animalia_Arthropoda_Insecta_Lepidoptera_Limacodidae_Euclea_incisa/7ac19650-16b3-4bcc-a052-20b90d87a270.jpg,Euclea incisa,Green Oak-Slug Moth,Animalia,Limacodidae,Euclea,375,500
train,72,1430,67234,67234,train_mini/01430_Animalia_Arthropoda_Insecta_Lepidoptera_Limacodidae_Euclea_incisa/3772c90e-71db-40a5-a03a-9c2e17f79173.jpg,Euclea incisa,Green Oak-Slug Moth,Animalia,Limacodidae,Euclea,500,375
train,72,1430,1896139,1896139,train_mini/01430_Animalia_Arthropoda_Insecta_Lepidoptera_Limacodidae_Euclea_incisa/11473da2-6c83-4257-bdf5-f389758a3e22.jpg,Euclea incisa,Green Oak-Slug Moth,Animalia,Limacodidae,Euclea,500,330
train,72,1430,1934071,1934071,train_mini/01430_Animalia_Arthropoda_Insecta_Lepidoptera_Limacodidae_Euclea_incisa/c26df194-f71b-4921-9112-d266fa37a4bc.jpg,Euclea incisa,Green Oak-Slug Moth,Animalia,Limacodidae,Euclea,500,375
train,72,1430,1229445,1229445,train_mini/01430_Animalia_Arthropoda_Insecta_Lepidoptera_Limacodidae_Euclea_incisa/4bd640a5-c691-490f-827b-52d9ec83c9e9.jpg,Euclea incisa,Green Oak-Slug Moth,Animalia,Limacodidae,Euclea,500,333
train,72,1430,789033,789033,train_mini/01430_Animalia_Arthropoda_Insecta_Lepidoptera_Limacodidae_Euclea_incisa/dc3e31e8-c35a-411e-9597-95be8bf5034c.jpg,Euclea incisa,Green Oak-Slug Moth,Animalia,Limacodidae,Euclea,500,471
train,72,1430,1598149,1598149,train_mini/01430_Animalia_Arthropoda_Insecta_Lepidoptera_Limacodidae_Euclea_incisa/c1a670b8-36a9-4a3e-b2e6-951b01066699.jpg,Euclea incisa,Green Oak-Slug Moth,Animalia,Limacodidae,Euclea,375,500
train,72,1430,1150307,1150307,train_mini/01430_Animalia_Arthropoda_Insecta_Lepidoptera_Limacodidae_Euclea_incisa/c6f9bfb0-e3ea-4be2-835b-3b0b6cfcc872.jpg,Euclea incisa,Green Oak-Slug Moth,Animalia,Limacodidae,Euclea,500,382
train,73,1439,1493341,1493341,train_mini/01439_Animalia_Arthropoda_Insecta_Lepidoptera_Lycaenidae_Anthene_emolus/7132a83f-410f-450f-8604-45a0c8ef616e.jpg,Anthene emolus,Common Ciliate Blue,Animalia,Lycaenidae,Anthene,500,333
train,73,1439,2055844,2055844,train_mini/01439_Animalia_Arthropoda_Insecta_Lepidoptera_Lycaenidae_Anthene_emolus/ff1827f2-1233-4f91-a096-c07ab171c312.jpg,Anthene emolus,Common Ciliate Blue,Animalia,Lycaenidae,Anthene,500,371
train,73,1439,2219086,2219086,train_mini/01439_Animalia_Arthropoda_Insecta_Lepidoptera_Lycaenidae_Anthene_emolus/2b54609f-d853-43a9-af08-8f3ee19943b8.jpg,Anthene emolus,Common Ciliate Blue,Animalia,Lycaenidae,Anthene,500,333
train,73,1439,2019131,2019131,train_mini/01439_Animalia_Arthropoda_Insecta_Lepidoptera_Lycaenidae_Anthene_emolus/beac1af0-31a7-4595-8eb8-693269afeaf3.jpg,Anthene emolus,Common Ciliate Blue,Animalia,Lycaenidae,Anthene,500,333
train,73,1439,2261796,2261796,train_mini/01439_Animalia_Arthropoda_Insecta_Lepidoptera_Lycaenidae_Anthene_emolus/8252beb7-cbf3-45d6-bf3b-ab465e318bb0.jpg,Anthene emolus,Common Ciliate Blue,Animalia,Lycaenidae,Anthene,500,346
train,73,1439,2404416,2404416,train_mini/01439_Animalia_Arthropoda_Insecta_Lepidoptera_Lycaenidae_Anthene_emolus/fb8da318-7137-44f5-8af6-36cd79adb705.jpg,Anthene emolus,Common Ciliate Blue,Animalia,Lycaenidae,Anthene,500,496
train,73,1439,2408530,2408530,train_mini/01439_Animalia_Arthropoda_Insecta_Lepidoptera_Lycaenidae_Anthene_emolus/d78380ec-cb66-4c5f-9466-c92823923ba0.jpg,Anthene emolus,Common Ciliate Blue,Animalia,Lycaenidae,Anthene,500,333
train,73,1439,2063303,2063303,train_mini/01439_Animalia_Arthropoda_Insecta_Lepidoptera_Lycaenidae_Anthene_emolus/5be6e43b-688f-4448-98cd-5b6cf7fd71cb.jpg,Anthene emolus,Common Ciliate Blue,Animalia,Lycaenidae,Anthene,500,333
train,74,1455,2031231,2031231,train_mini/01455_Animalia_Arthropoda_Insecta_Lepidoptera_Lycaenidae_Catochrysops_strabo/31765695-f5df-4c96-8b4a-a24785f685d0.jpg,Catochrysops strabo,Forget-me-not,Animalia,Lycaenidae,Catochrysops,500,378
train,74,1455,2675426,2675426,train_mini/01455_Animalia_Arthropoda_Insecta_Lepidoptera_Lycaenidae_Catochrysops_strabo/c9be43d7-9048-4de6-b03a-47f1a4e75a60.jpg,Catochrysops strabo,Forget-me-not,Animalia,Lycaenidae,Catochrysops,500,375
train,74,1455,2683340,2683340,train_mini/01455_Animalia_Arthropoda_Insecta_Lepidoptera_Lycaenidae_Catochrysops_strabo/11626ca5-8b6e-4432-9f68-eb32570420f9.jpg,Catochrysops strabo,Forget-me-not,Animalia,Lycaenidae,Catochrysops,500,395
train,74,1455,78947,78947,train_mini/01455_Animalia_Arthropoda_Insecta_Lepidoptera_Lycaenidae_Catochrysops_strabo/f9e9648e-6073-4a12-8037-131299dc7dad.jpg,Catochrysops strabo,Forget-me-not,Animalia,Lycaenidae,Catochrysops,500,333
train,74,1455,645924,645924,train_mini/01455_Animalia_Arthropoda_Insecta_Lepidoptera_Lycaenidae_Catochrysops_strabo/89bd24d8-7724-406f-8766-ec17e54a9051.jpg,Catochrysops strabo,Forget-me-not,Animalia,Lycaenidae,Catochrysops,500,291
train,74,1455,202565,202565,train_mini/01455_Animalia_Arthropoda_Insecta_Lepidoptera_Lycaenidae_Catochrysops_strabo/ba8037a1-202c-4d8f-ac5d-5749072a6816.jpg,Catochrysops strabo,Forget-me-not,Animalia,Lycaenidae,Catochrysops,500,334
train,74,1455,1157509,1157509,train_mini/01455_Animalia_Arthropoda_Insecta_Lepidoptera_Lycaenidae_Catochrysops_strabo/9ae4acf2-b1be-438e-b98a-968d57fc0142.jpg,Catochrysops strabo,Forget-me-not,Animalia,Lycaenidae,Catochrysops,500,333
train,74,1455,1236846,1236846,train_mini/01455_Animalia_Arthropoda_Insecta_Lepidoptera_Lycaenidae_Catochrysops_strabo/e1e0c272-bd2b-4cbc-91a7-7a7078164936.jpg,Catochrysops strabo,Forget-me-not,Animalia,Lycaenidae,Catochrysops,500,281
train,75,1458,371377,371377,train_mini/01458_Animalia_Arthropoda_Insecta_Lepidoptera_Lycaenidae_Celastrina_ladon/16dac8d6-6d2e-4d82-81c2-f24ec8deda31.jpg,Celastrina ladon,Spring Azure,Animalia,Lycaenidae,Celastrina,375,500
train,75,1458,2180858,2180858,train_mini/01458_Animalia_Arthropoda_Insecta_Lepidoptera_Lycaenidae_Celastrina_ladon/4ae3370a-1dda-4b3a-b50b-2629880b2657.jpg,Celastrina ladon,Spring Azure,Animalia,Lycaenidae,Celastrina,500,333
train,75,1458,822436,822436,train_mini/01458_Animalia_Arthropoda_Insecta_Lepidoptera_Lycaenidae_Celastrina_ladon/7b0c3b0c-93a3-460d-8e10-0da44c624ef6.jpg,Celastrina ladon,Spring Azure,Animalia,Lycaenidae,Celastrina,403,500
train,75,1458,187281,187281,train_mini/01458_Animalia_Arthropoda_Insecta_Lepidoptera_Lycaenidae_Celastrina_ladon/4d830cad-349c-4bca-b315-2db42a10f3d1.jpg,Celastrina ladon,Spring Azure,Animalia,Lycaenidae,Celastrina,500,500
train,75,1458,819152,819152,train_mini/01458_Animalia_Arthropoda_Insecta_Lepidoptera_Lycaenidae_Celastrina_ladon/07334691-605c-49d4-b6a6-fe6ba8c16e72.jpg,Celastrina ladon,Spring Azure,Animalia,Lycaenidae,Celastrina,500,375
train,75,1458,730311,730311,train_mini/01458_Animalia_Arthropoda_Insecta_Lepidoptera_Lycaenidae_Celastrina_ladon/3c132ade-d523-4aa3-8989-50b24bc43c7f.jpg,Celastrina ladon,Spring Azure,Animalia,Lycaenidae,Celastrina,500,333
train,75,1458,1394813,1394813,train_mini/01458_Animalia_Arthropoda_Insecta_Lepidoptera_Lycaenidae_Celastrina_ladon/89fb4f8b-2b2f-4802-9ab2-f41cb3ac70ca.jpg,Celastrina ladon,Spring Azure,Animalia,Lycaenidae,Celastrina,473,500
train,75,1458,363750,363750,train_mini/01458_Animalia_Arthropoda_Insecta_Lepidoptera_Lycaenidae_Celastrina_ladon/36e6ce4a-6c6c-4428-9ea4-c006b75bdfab.jpg,Celastrina ladon,Spring Azure,Animalia,Lycaenidae,Celastrina,281,500
train,76,1469,1200084,1200084,train_mini/01469_Animalia_Arthropoda_Insecta_Lepidoptera_Lycaenidae_Cyaniris_semiargus/dc4c541b-9ae7-47c9-840e-0fa160b6029b.jpg,Cyaniris semiargus,Mazarine Blue,Animalia,Lycaenidae,Cyaniris,375,500
train,76,1469,451797,451797,train_mini/01469_Animalia_Arthropoda_Insecta_Lepidoptera_Lycaenidae_Cyaniris_semiargus/b737bc35-e2eb-481b-bdef-b6308551cdcb.jpg,Cyaniris semiargus,Mazarine Blue,Animalia,Lycaenidae,Cyaniris,500,333
train,76,1469,1144518,1144518,train_mini/01469_Animalia_Arthropoda_Insecta_Lepidoptera_Lycaenidae_Cyaniris_semiargus/6899ff7d-8fd4-468a-9a4c-0c63839c8f17.jpg,Cyaniris semiargus,Mazarine Blue,Animalia,Lycaenidae,Cyaniris,500,433
train,76,1469,2176589,2176589,train_mini/01469_Animalia_Arthropoda_Insecta_Lepidoptera_Lycaenidae_Cyaniris_semiargus/d44563ca-981f-47d0-9e64-f8efc72db996.jpg,Cyaniris semiargus,Mazarine Blue,Animalia,Lycaenidae,Cyaniris,500,449
train,76,1469,483027,483027,train_mini/01469_Animalia_Arthropoda_Insecta_Lepidoptera_Lycaenidae_Cyaniris_semiargus/dbd2dad0-e700-46ad-a0d0-122169a172fb.jpg,Cyaniris semiargus,Mazarine Blue,Animalia,Lycaenidae,Cyaniris,500,375
train,76,1469,2609439,2609439,train_mini/01469_Animalia_Arthropoda_Insecta_Lepidoptera_Lycaenidae_Cyaniris_semiargus/b3b9097e-f41e-419e-a2a5-bd1da1022402.jpg,Cyaniris semiargus,Mazarine Blue,Animalia,Lycaenidae,Cyaniris,500,429
train,76,1469,2401951,2401951,train_mini/01469_Animalia_Arthropoda_Insecta_Lepidoptera_Lycaenidae_Cyaniris_semiargus/540ed52e-5994-40a4-b561-be87d72c5444.jpg,Cyaniris semiargus,Mazarine Blue,Animalia,Lycaenidae,Cyaniris,500,375
train,76,1469,2472131,2472131,train_mini/01469_Animalia_Arthropoda_Insecta_Lepidoptera_Lycaenidae_Cyaniris_semiargus/507f92f6-e4a7-40ab-96ce-8691776e6d4e.jpg,Cyaniris semiargus,Mazarine Blue,Animalia,Lycaenidae,Cyaniris,500,375
train,77,1485,914692,914692,train_mini/01485_Animalia_Arthropoda_Insecta_Lepidoptera_Lycaenidae_Icaricia_icarioides/17632e19-742f-420f-a04b-1242fcf0249a.jpg,Icaricia icarioides,Boisduval's Blue,Animalia,Lycaenidae,Icaricia,500,375
train,77,1485,2040114,2040114,train_mini/01485_Animalia_Arthropoda_Insecta_Lepidoptera_Lycaenidae_Icaricia_icarioides/06bf5c5f-e54c-4b5b-bc36-6193653524f1.jpg,Icaricia icarioides,Boisduval's Blue,Animalia,Lycaenidae,Icaricia,500,375
train,77,1485,1816370,1816370,train_mini/01485_Animalia_Arthropoda_Insecta_Lepidoptera_Lycaenidae_Icaricia_icarioides/577ad837-6ebb-4f4e-a4f5-0a1ef728c73b.jpg,Icaricia icarioides,Boisduval's Blue,Animalia,Lycaenidae,Icaricia,500,375
train,77,1485,263415,263415,train_mini/01485_Animalia_Arthropoda_Insecta_Lepidoptera_Lycaenidae_Icaricia_icarioides/d2794147-0325-4c17-8d16-d9511f794f52.jpg,Icaricia icarioides,Boisduval's Blue,Animalia,Lycaenidae,Icaricia,500,375
train,77,1485,2380489,2380489,train_mini/01485_Animalia_Arthropoda_Insecta_Lepidoptera_Lycaenidae_Icaricia_icarioides/5a904cf9-9669-4fe5-ab46-a6fb5e861ba4.jpg,Icaricia icarioides,Boisduval's Blue,Animalia,Lycaenidae,Icaricia,500,383
train,77,1485,2484065,2484065,train_mini/01485_Animalia_Arthropoda_Insecta_Lepidoptera_Lycaenidae_Icaricia_icarioides/e7f3d053-a035-43a0-9f28-1dc3e9496f6d.jpg,Icaricia icarioides,Boisduval's Blue,Animalia,Lycaenidae,Icaricia,500,459
train,77,1485,372709,372709,train_mini/01485_Animalia_Arthropoda_Insecta_Lepidoptera_Lycaenidae_Icaricia_icarioides/44ed4edf-341c-41f0-a8f6-fbc74da6e07b.jpg,Icaricia icarioides,Boisduval's Blue,Animalia,Lycaenidae,Icaricia,500,335
train,77,1485,1869825,1869825,train_mini/01485_Animalia_Arthropoda_Insecta_Lepidoptera_Lycaenidae_Icaricia_icarioides/f5c60942-c71f-499c-b72a-f30c862753d2.jpg,Icaricia icarioides,Boisduval's Blue,Animalia,Lycaenidae,Icaricia,462,500
train,78,1493,2040973,2040973,train_mini/01493_Animalia_Arthropoda_Insecta_Lepidoptera_Lycaenidae_Leptotes_marina/413f589c-4f69-484b-8bab-29af954f78fc.jpg,Leptotes marina,Marine Blue,Animalia,Lycaenidae,Leptotes,243,500
train,78,1493,551778,551778,train_mini/01493_Animalia_Arthropoda_Insecta_Lepidoptera_Lycaenidae_Leptotes_marina/faa88467-5ba1-4414-afec-a5c566498f55.jpg,Leptotes marina,Marine Blue,Animalia,Lycaenidae,Leptotes,500,332
train,78,1493,539583,539583,train_mini/01493_Animalia_Arthropoda_Insecta_Lepidoptera_Lycaenidae_Leptotes_marina/04cb8fd8-8e96-49db-8299-6919cc241b86.jpg,Leptotes marina,Marine Blue,Animalia,Lycaenidae,Leptotes,500,483
train,78,1493,2057312,2057312,train_mini/01493_Animalia_Arthropoda_Insecta_Lepidoptera_Lycaenidae_Leptotes_marina/4f63fa69-1458-48dc-a5f7-773ee254dd8c.jpg,Leptotes marina,Marine Blue,Animalia,Lycaenidae,Leptotes,500,361
train,78,1493,1647241,1647241,train_mini/01493_Animalia_Arthropoda_Insecta_Lepidoptera_Lycaenidae_Leptotes_marina/2acd858a-2ce1-4c49-84c2-044b60131cd7.jpg,Leptotes marina,Marine Blue,Animalia,Lycaenidae,Leptotes,500,281
train,78,1493,400495,400495,train_mini/01493_Animalia_Arthropoda_Insecta_Lepidoptera_Lycaenidae_Leptotes_marina/4407cffc-498f-4354-8cb3-90757a01a0f6.jpg,Leptotes marina,Marine Blue,Animalia,Lycaenidae,Leptotes,500,281
train,78,1493,1505117,1505117,train_mini/01493_Animalia_Arthropoda_Insecta_Lepidoptera_Lycaenidae_Leptotes_marina/a99f0385-10cc-4ac5-9865-306ac8c0fb65.jpg,Leptotes marina,Marine Blue,Animalia,Lycaenidae,Leptotes,500,375
train,78,1493,2115934,2115934,train_mini/01493_Animalia_Arthropoda_Insecta_Lepidoptera_Lycaenidae_Leptotes_marina/ad8c14a2-1203-422b-ac29-a7a5179e5c02.jpg,Leptotes marina,Marine Blue,Animalia,Lycaenidae,Leptotes,500,300
train,79,1534,109235,109235,train_mini/01534_Animalia_Arthropoda_Insecta_Lepidoptera_Lycaenidae_Satyrium_titus/17b2b239-5360-4a62-b77b-feef4d3c60ee.jpg,Satyrium titus,Coral Hairstreak,Animalia,Lycaenidae,Satyrium,500,375
train,79,1534,2081980,2081980,train_mini/01534_Animalia_Arthropoda_Insecta_Lepidoptera_Lycaenidae_Satyrium_titus/2c5f42b0-7175-4466-bcb7-b26eb4a0dadb.jpg,Satyrium titus,Coral Hairstreak,Animalia,Lycaenidae,Satyrium,500,420
train,79,1534,116620,116620,train_mini/01534_Animalia_Arthropoda_Insecta_Lepidoptera_Lycaenidae_Satyrium_titus/0c9fd661-35fe-43b5-add1-d0cefea4c1e4.jpg,Satyrium titus,Coral Hairstreak,Animalia,Lycaenidae,Satyrium,333,500
train,79,1534,2238419,2238419,train_mini/01534_Animalia_Arthropoda_Insecta_Lepidoptera_Lycaenidae_Satyrium_titus/a2782dd2-faf0-41a4-931f-9e18a782dd33.jpg,Satyrium titus,Coral Hairstreak,Animalia,Lycaenidae,Satyrium,500,375
train,79,1534,1845500,1845500,train_mini/01534_Animalia_Arthropoda_Insecta_Lepidoptera_Lycaenidae_Satyrium_titus/9b1c51a5-9214-449f-a57e-a02798748da1.jpg,Satyrium titus,Coral Hairstreak,Animalia,Lycaenidae,Satyrium,375,500
train,79,1534,1927983,1927983,train_mini/01534_Animalia_Arthropoda_Insecta_Lepidoptera_Lycaenidae_Satyrium_titus/c95cf126-1b64-456e-b3c3-5b474ffe7a1e.jpg,Satyrium titus,Coral Hairstreak,Animalia,Lycaenidae,Satyrium,433,500
train,79,1534,1994642,1994642,train_mini/01534_Animalia_Arthropoda_Insecta_Lepidoptera_Lycaenidae_Satyrium_titus/c566aad2-6e70-4908-b9ba-4ecde2465fae.jpg,Satyrium titus,Coral Hairstreak,Animalia,Lycaenidae,Satyrium,500,415
train,79,1534,889743,889743,train_mini/01534_Animalia_Arthropoda_Insecta_Lepidoptera_Lycaenidae_Satyrium_titus/a0c2e6a0-08c5-41db-8355-34b2dc80a365.jpg,Satyrium titus,Coral Hairstreak,Animalia,Lycaenidae,Satyrium,400,500
train,80,1583,1922521,1922521,train_mini/01583_Animalia_Arthropoda_Insecta_Lepidoptera_Noctuidae_Autographa_californica/42277d72-da48-4b84-bc85-5696f513ac6a.jpg,Autographa californica,Alfalfa Looper,Animalia,Noctuidae,Autographa,500,500
train,80,1583,1189079,1189079,train_mini/01583_Animalia_Arthropoda_Insecta_Lepidoptera_Noctuidae_Autographa_californica/d6952f1f-5e22-4c55-ae32-563906816618.jpg,Autographa californica,Alfalfa Looper,Animalia,Noctuidae,Autographa,465,500
train,80,1583,1667842,1667842,train_mini/01583_Animalia_Arthropoda_Insecta_Lepidoptera_Noctuidae_Autographa_californica/5574c85c-9a47-49f0-93e5-ec6c410e836d.jpg,Autographa californica,Alfalfa Looper,Animalia,Noctuidae,Autographa,375,500
train,80,1583,457595,457595,train_mini/01583_Animalia_Arthropoda_Insecta_Lepidoptera_Noctuidae_Autographa_californica/c85ea588-8442-4c5a-9273-b9df7a3cf7a6.jpg,Autographa californica,Alfalfa Looper,Animalia,Noctuidae,Autographa,281,500
train,80,1583,342128,342128,train_mini/01583_Animalia_Arthropoda_Insecta_Lepidoptera_Noctuidae_Autographa_californica/efadd987-218e-4afc-b3eb-df8126575a8c.jpg,Autographa californica,Alfalfa Looper,Animalia,Noctuidae,Autographa,375,500
train,80,1583,581247,581247,train_mini/01583_Animalia_Arthropoda_Insecta_Lepidoptera_Noctuidae_Autographa_californica/f7e2be8a-623f-40d5-897c-aed7f7455d09.jpg,Autographa californica,Alfalfa Looper,Animalia,Noctuidae,Autographa,375,500
train,80,1583,688014,688014,train_mini/01583_Animalia_Arthropoda_Insecta_Lepidoptera_Noctuidae_Autographa_californica/a480cdc8-a016-40e7-9837-753b5a532659.jpg,Autographa californica,Alfalfa Looper,Animalia,Noctuidae,Autographa,500,500
train,80,1583,1332517,1332517,train_mini/01583_Animalia_Arthropoda_Insecta_Lepidoptera_Noctuidae_Autographa_californica/659c912a-4b78-4705-b931-cbcae235ad7d.jpg,Autographa californica,Alfalfa Looper,Animalia,Noctuidae,Autographa,375,500
train,81,1649,1039604,1039604,train_mini/01649_Animalia_Arthropoda_Insecta_Lepidoptera_Noctuidae_Lithacodia_musta/39965c33-bdc9-4db1-9a01-914ffa2be662.jpg,Lithacodia musta,Small Mossy Lithacodia,Animalia,Noctuidae,Lithacodia,476,500
train,81,1649,1941664,1941664,train_mini/01649_Animalia_Arthropoda_Insecta_Lepidoptera_Noctuidae_Lithacodia_musta/52467f33-332e-4dd9-baf4-4c212859926a.jpg,Lithacodia musta,Small Mossy Lithacodia,Animalia,Noctuidae,Lithacodia,500,333
train,81,1649,2074198,2074198,train_mini/01649_Animalia_Arthropoda_Insecta_Lepidoptera_Noctuidae_Lithacodia_musta/bf99ccc6-5e45-411f-8077-3e028af75def.jpg,Lithacodia musta,Small Mossy Lithacodia,Animalia,Noctuidae,Lithacodia,500,333
train,81,1649,2437434,2437434,train_mini/01649_Animalia_Arthropoda_Insecta_Lepidoptera_Noctuidae_Lithacodia_musta/d1b0ec6a-08eb-4dc7-bff2-19257cb23fac.jpg,Lithacodia musta,Small Mossy Lithacodia,Animalia,Noctuidae,Lithacodia,440,500
train,81,1649,102088,102088,train_mini/01649_Animalia_Arthropoda_Insecta_Lepidoptera_Noctuidae_Lithacodia_musta/b1f54a90-312d-4701-aeb1-463b6e4daf21.jpg,Lithacodia musta,Small Mossy Lithacodia,Animalia,Noctuidae,Lithacodia,375,500
train,81,1649,351930,351930,train_mini/01649_Animalia_Arthropoda_Insecta_Lepidoptera_Noctuidae_Lithacodia_musta/b3db83a0-a73a-472b-a09a-dfbe65d64e44.jpg,Lithacodia musta,Small Mossy Lithacodia,Animalia,Noctuidae,Lithacodia,500,500
train,81,1649,479753,479753,train_mini/01649_Animalia_Arthropoda_Insecta_Lepidoptera_Noctuidae_Lithacodia_musta/7c68b14e-8533-48c2-9a46-f6d9019f5afa.jpg,Lithacodia musta,Small Mossy Lithacodia,Animalia,Noctuidae,Lithacodia,481,500
train,81,1649,1375227,1375227,train_mini/01649_Animalia_Arthropoda_Insecta_Lepidoptera_Noctuidae_Lithacodia_musta/88e4fabc-345a-4533-add4-14963ed269a4.jpg,Lithacodia musta,Small Mossy Lithacodia,Animalia,Noctuidae,Lithacodia,500,339
train,82,1653,369860,369860,train_mini/01653_Animalia_Arthropoda_Insecta_Lepidoptera_Noctuidae_Maliattha_synochitis/27d30c6a-7cc9-409e-b342-77efd32a2de8.jpg,Maliattha synochitis,Black-dotted Maliattha,Animalia,Noctuidae,Maliattha,500,461
train,82,1653,1024426,1024426,train_mini/01653_Animalia_Arthropoda_Insecta_Lepidoptera_Noctuidae_Maliattha_synochitis/b173a2f1-d7a4-48cc-b412-c73d3f43a8f9.jpg,Maliattha synochitis,Black-dotted Maliattha,Animalia,Noctuidae,Maliattha,453,500
train,82,1653,303743,303743,train_mini/01653_Animalia_Arthropoda_Insecta_Lepidoptera_Noctuidae_Maliattha_synochitis/342ac44f-482e-484b-b111-2c059cb39b78.jpg,Maliattha synochitis,Black-dotted Maliattha,Animalia,Noctuidae,Maliattha,500,362
train,82,1653,159828,159828,train_mini/01653_Animalia_Arthropoda_Insecta_Lepidoptera_Noctuidae_Maliattha_synochitis/cbaad916-372b-4776-a1d0-1c4d2a7fbe0c.jpg,Maliattha synochitis,Black-dotted Maliattha,Animalia,Noctuidae,Maliattha,401,500
train,82,1653,1868445,1868445,train_mini/01653_Animalia_Arthropoda_Insecta_Lepidoptera_Noctuidae_Maliattha_synochitis/b9aa0013-4fcf-4263-ba76-8dcfac1bdb4b.jpg,Maliattha synochitis,Black-dotted Maliattha,Animalia,Noctuidae,Maliattha,500,336
train,82,1653,431611,431611,train_mini/01653_Animalia_Arthropoda_Insecta_Lepidoptera_Noctuidae_Maliattha_synochitis/c023a29b-6338-4509-bdba-1db671d5904e.jpg,Maliattha synochitis,Black-dotted Maliattha,Animalia,Noctuidae,Maliattha,500,379
train,82,1653,1680998,1680998,train_mini/01653_Animalia_Arthropoda_Insecta_Lepidoptera_Noctuidae_Maliattha_synochitis/ed7fc597-9692-43d0-9dfe-7722bd3d45cf.jpg,Maliattha synochitis,Black-dotted Maliattha,Animalia,Noctuidae,Maliattha,500,375
train,82,1653,988532,988532,train_mini/01653_Animalia_Arthropoda_Insecta_Lepidoptera_Noctuidae_Maliattha_synochitis/a192afd0-b622-4803-9da5-41607ced59bd.jpg,Maliattha synochitis,Black-dotted Maliattha,Animalia,Noctuidae,Maliattha,375,500
train,83,1691,363668,363668,train_mini/01691_Animalia_Arthropoda_Insecta_Lepidoptera_Noctuidae_Ponometia_semiflava/5d635a81-91c6-4293-90f0-a47b3a25f74b.jpg,Ponometia semiflava,Half-yellow Moth,Animalia,Noctuidae,Ponometia,500,291
train,83,1691,1015150,1015150,train_mini/01691_Animalia_Arthropoda_Insecta_Lepidoptera_Noctuidae_Ponometia_semiflava/e32dc871-818f-4b53-89dd-43f1233fa197.jpg,Ponometia semiflava,Half-yellow Moth,Animalia,Noctuidae,Ponometia,333,500
train,83,1691,485399,485399,train_mini/01691_Animalia_Arthropoda_Insecta_Lepidoptera_Noctuidae_Ponometia_semiflava/5f237113-4aaa-4a4a-b45c-05d10db495a1.jpg,Ponometia semiflava,Half-yellow Moth,Animalia,Noctuidae,Ponometia,454,500
train,83,1691,1000737,1000737,train_mini/01691_Animalia_Arthropoda_Insecta_Lepidoptera_Noctuidae_Ponometia_semiflava/272de081-788b-447f-836f-33278311b71f.jpg,Ponometia semiflava,Half-yellow Moth,Animalia,Noctuidae,Ponometia,375,500
train,83,1691,2009711,2009711,train_mini/01691_Animalia_Arthropoda_Insecta_Lepidoptera_Noctuidae_Ponometia_semiflava/2b4b32d7-9b89-4f05-b84d-b70d92d5d685.jpg,Ponometia semiflava,Half-yellow Moth,Animalia,Noctuidae,Ponometia,348,500
train,83,1691,354002,354002,train_mini/01691_Animalia_Arthropoda_Insecta_Lepidoptera_Noctuidae_Ponometia_semiflava/d464925d-e1b7-4ce1-812b-bed5254c8698.jpg,Ponometia semiflava,Half-yellow Moth,Animalia,Noctuidae,Ponometia,441,500
train,83,1691,1014601,1014601,train_mini/01691_Animalia_Arthropoda_Insecta_Lepidoptera_Noctuidae_Ponometia_semiflava/2d034b29-08da-45e2-83b2-679bc495ee40.jpg,Ponometia semiflava,Half-yellow Moth,Animalia,Noctuidae,Ponometia,500,410
train,83,1691,727619,727619,train_mini/01691_Animalia_Arthropoda_Insecta_Lepidoptera_Noctuidae_Ponometia_semiflava/42618df5-78dd-4762-ac9a-c8b9ed7ee238.jpg,Ponometia semiflava,Half-yellow Moth,Animalia,Noctuidae,Ponometia,500,333
train,84,1729,2495723,2495723,train_mini/01729_Animalia_Arthropoda_Insecta_Lepidoptera_Nolidae_Pseudoips_prasinana/060fb7a5-fb86-44d8-b97c-d236047376ea.jpg,Pseudoips prasinana,Green Silver-lines,Animalia,Nolidae,Pseudoips,500,333
train,84,1729,2326509,2326509,train_mini/01729_Animalia_Arthropoda_Insecta_Lepidoptera_Nolidae_Pseudoips_prasinana/0f440dc8-d277-4aec-8d4d-b065c6583032.jpg,Pseudoips prasinana,Green Silver-lines,Animalia,Nolidae,Pseudoips,375,500
train,84,1729,1394638,1394638,train_mini/01729_Animalia_Arthropoda_Insecta_Lepidoptera_Nolidae_Pseudoips_prasinana/a3a7067c-43b7-4075-a106-af0a52a8bb00.jpg,Pseudoips prasinana,Green Silver-lines,Animalia,Nolidae,Pseudoips,500,375
train,84,1729,2116145,2116145,train_mini/01729_Animalia_Arthropoda_Insecta_Lepidoptera_Nolidae_Pseudoips_prasinana/3f0aed84-c1fe-4821-9949-c3fd99014d2c.jpg,Pseudoips prasinana,Green Silver-lines,Animalia,Nolidae,Pseudoips,281,500
train,84,1729,2546948,2546948,train_mini/01729_Animalia_Arthropoda_Insecta_Lepidoptera_Nolidae_Pseudoips_prasinana/603cd37f-8bec-4acf-95cb-f7d4c18c2db5.jpg,Pseudoips prasinana,Green Silver-lines,Animalia,Nolidae,Pseudoips,375,500
train,84,1729,1888420,1888420,train_mini/01729_Animalia_Arthropoda_Insecta_Lepidoptera_Nolidae_Pseudoips_prasinana/c1cd464f-389c-4508-8f0a-552d03a5126b.jpg,Pseudoips prasinana,Green Silver-lines,Animalia,Nolidae,Pseudoips,500,333
train,84,1729,1318213,1318213,train_mini/01729_Animalia_Arthropoda_Insecta_Lepidoptera_Nolidae_Pseudoips_prasinana/e0909452-4917-4234-9986-4c3ce9d24a8f.jpg,Pseudoips prasinana,Green Silver-lines,Animalia,Nolidae,Pseudoips,500,333
train,84,1729,1954942,1954942,train_mini/01729_Animalia_Arthropoda_Insecta_Lepidoptera_Nolidae_Pseudoips_prasinana/a8a429f5-c540-48a2-8b93-79c3aab22288.jpg,Pseudoips prasinana,Green Silver-lines,Animalia,Nolidae,Pseudoips,375,500
train,85,1748,2420295,2420295,train_mini/01748_Animalia_Arthropoda_Insecta_Lepidoptera_Notodontidae_Peridea_angulosa/4e75e064-8a2a-4549-9115-e9a01daa2ddd.jpg,Peridea angulosa,Angulose Prominent Moth,Animalia,Notodontidae,Peridea,500,357
train,85,1748,2097558,2097558,train_mini/01748_Animalia_Arthropoda_Insecta_Lepidoptera_Notodontidae_Peridea_angulosa/eee1eccd-3a5f-449d-88a2-7ba49ce21b17.jpg,Peridea angulosa,Angulose Prominent Moth,Animalia,Notodontidae,Peridea,375,500
train,85,1748,714045,714045,train_mini/01748_Animalia_Arthropoda_Insecta_Lepidoptera_Notodontidae_Peridea_angulosa/7adfeb24-5c19-462c-8b42-f397ec38ba03.jpg,Peridea angulosa,Angulose Prominent Moth,Animalia,Notodontidae,Peridea,500,375
train,85,1748,960218,960218,train_mini/01748_Animalia_Arthropoda_Insecta_Lepidoptera_Notodontidae_Peridea_angulosa/7f5d2b18-2680-4362-be54-c75b5cd1c7cd.jpg,Peridea angulosa,Angulose Prominent Moth,Animalia,Notodontidae,Peridea,408,500
train,85,1748,2306421,2306421,train_mini/01748_Animalia_Arthropoda_Insecta_Lepidoptera_Notodontidae_Peridea_angulosa/1250c847-07db-4ba4-9853-3573f4ecec8f.jpg,Peridea angulosa,Angulose Prominent Moth,Animalia,Notodontidae,Peridea,313,500
train,85,1748,2163023,2163023,train_mini/01748_Animalia_Arthropoda_Insecta_Lepidoptera_Notodontidae_Peridea_angulosa/e63e0287-3372-4b5a-876d-cfc13ddd7611.jpg,Peridea angulosa,Angulose Prominent Moth,Animalia,Notodontidae,Peridea,367,500
train,85,1748,977762,977762,train_mini/01748_Animalia_Arthropoda_Insecta_Lepidoptera_Notodontidae_Peridea_angulosa/140f299a-c143-4329-a15f-6db379bf69cd.jpg,Peridea angulosa,Angulose Prominent Moth,Animalia,Notodontidae,Peridea,500,333
train,85,1748,237265,237265,train_mini/01748_Animalia_Arthropoda_Insecta_Lepidoptera_Notodontidae_Peridea_angulosa/f9218eae-dede-4eca-8ffb-32b1821fb669.jpg,Peridea angulosa,Angulose Prominent Moth,Animalia,Notodontidae,Peridea,375,500
train,86,1802,2468600,2468600,train_mini/01802_Animalia_Arthropoda_Insecta_Lepidoptera_Nymphalidae_Brenthis_ino/7d5a5a44-01e1-48d6-9fe7-440672ea4bbb.jpg,Brenthis ino,Lesser Marbled Fritillary,Animalia,Nymphalidae,Brenthis,500,375
train,86,1802,2087531,2087531,train_mini/01802_Animalia_Arthropoda_Insecta_Lepidoptera_Nymphalidae_Brenthis_ino/159c48b5-c803-47bf-9643-15af6a2f75a1.jpg,Brenthis ino,Lesser Marbled Fritillary,Animalia,Nymphalidae,Brenthis,500,333
train,86,1802,1869547,1869547,train_mini/01802_Animalia_Arthropoda_Insecta_Lepidoptera_Nymphalidae_Brenthis_ino/4ba24253-194f-4ec4-abc5-df640feb50c4.jpg,Brenthis ino,Lesser Marbled Fritillary,Animalia,Nymphalidae,Brenthis,375,500
train,86,1802,1824246,1824246,train_mini/01802_Animalia_Arthropoda_Insecta_Lepidoptera_Nymphalidae_Brenthis_ino/7647d355-61a2-41d4-a4da-82ab0d85a88f.jpg,Brenthis ino,Lesser Marbled Fritillary,Animalia,Nymphalidae,Brenthis,331,500
train,86,1802,1924561,1924561,train_mini/01802_Animalia_Arthropoda_Insecta_Lepidoptera_Nymphalidae_Brenthis_ino/5e0491f2-67a3-47b9-b133-e65781b53373.jpg,Brenthis ino,Lesser Marbled Fritillary,Animalia,Nymphalidae,Brenthis,375,500
train,86,1802,2521344,2521344,train_mini/01802_Animalia_Arthropoda_Insecta_Lepidoptera_Nymphalidae_Brenthis_ino/d0ace6ff-8e24-42dd-900f-2dbc42f81286.jpg,Brenthis ino,Lesser Marbled Fritillary,Animalia,Nymphalidae,Brenthis,500,335
train,86,1802,2459092,2459092,train_mini/01802_Animalia_Arthropoda_Insecta_Lepidoptera_Nymphalidae_Brenthis_ino/f4004a96-8df4-4824-8b94-d15129a4f027.jpg,Brenthis ino,Lesser Marbled Fritillary,Animalia,Nymphalidae,Brenthis,500,379
train,86,1802,349759,349759,train_mini/01802_Animalia_Arthropoda_Insecta_Lepidoptera_Nymphalidae_Brenthis_ino/57abf82c-bba3-4f0b-bb35-ce5018c058b9.jpg,Brenthis ino,Lesser Marbled Fritillary,Animalia,Nymphalidae,Brenthis,454,380
train,87,1838,2682697,2682697,train_mini/01838_Animalia_Arthropoda_Insecta_Lepidoptera_Nymphalidae_Doxocopa_laure/ef4f1fd2-7c8f-4e7e-ab8f-9a8b5c88f4f1.jpg,Doxocopa laure,Silver Emperor,Animalia,Nymphalidae,Doxocopa,500,413
train,87,1838,476710,476710,train_mini/01838_Animalia_Arthropoda_Insecta_Lepidoptera_Nymphalidae_Doxocopa_laure/8bb7eca3-59ce-489f-b280-dd663103853d.jpg,Doxocopa laure,Silver Emperor,Animalia,Nymphalidae,Doxocopa,500,375
train,87,1838,629530,629530,train_mini/01838_Animalia_Arthropoda_Insecta_Lepidoptera_Nymphalidae_Doxocopa_laure/fdb8f60c-9ae0-4ed2-9c0a-7021fc2f9218.jpg,Doxocopa laure,Silver Emperor,Animalia,Nymphalidae,Doxocopa,500,375
train,87,1838,26006,26006,train_mini/01838_Animalia_Arthropoda_Insecta_Lepidoptera_Nymphalidae_Doxocopa_laure/79ac94d5-2002-43cc-ac4f-df1f9b1ba920.jpg,Doxocopa laure,Silver Emperor,Animalia,Nymphalidae,Doxocopa,500,364
train,87,1838,2504429,2504429,train_mini/01838_Animalia_Arthropoda_Insecta_Lepidoptera_Nymphalidae_Doxocopa_laure/f78a9bdc-e011-4f18-9f2a-433f99ae0afc.jpg,Doxocopa laure,Silver Emperor,Animalia,Nymphalidae,Doxocopa,500,375
train,87,1838,547079,547079,train_mini/01838_Animalia_Arthropoda_Insecta_Lepidoptera_Nymphalidae_Doxocopa_laure/e1746af9-f2ce-4284-861a-1d28d33e100c.jpg,Doxocopa laure,Silver Emperor,Animalia,Nymphalidae,Doxocopa,500,333
train,87,1838,224879,224879,train_mini/01838_Animalia_Arthropoda_Insecta_Lepidoptera_Nymphalidae_Doxocopa_laure/2dc12aa0-0eae-4b90-904f-34b5601941a5.jpg,Doxocopa laure,Silver Emperor,Animalia,Nymphalidae,Doxocopa,500,421
train,87,1838,1176929,1176929,train_mini/01838_Animalia_Arthropoda_Insecta_Lepidoptera_Nymphalidae_Doxocopa_laure/ad3ee9dd-63ae-447e-890c-55d02f4a5304.jpg,Doxocopa laure,Silver Emperor,Animalia,Nymphalidae,Doxocopa,500,333
train,88,1840,650847,650847,train_mini/01840_Animalia_Arthropoda_Insecta_Lepidoptera_Nymphalidae_Dryas_iulia/4b3f6691-d636-4b29-90df-40b80bcaa838.jpg,Dryas iulia,Julia Butterfly,Animalia,Nymphalidae,Dryas,500,407
train,88,1840,2333582,2333582,train_mini/01840_Animalia_Arthropoda_Insecta_Lepidoptera_Nymphalidae_Dryas_iulia/7b48a7cb-9a29-44a6-9347-f456a5568a89.jpg,Dryas iulia,Julia Butterfly,Animalia,Nymphalidae,Dryas,312,354
train,88,1840,346130,346130,train_mini/01840_Animalia_Arthropoda_Insecta_Lepidoptera_Nymphalidae_Dryas_iulia/778854cf-3a12-4afe-b709-9992bcd65474.jpg,Dryas iulia,Julia Butterfly,Animalia,Nymphalidae,Dryas,500,400
train,88,1840,510392,510392,train_mini/01840_Animalia_Arthropoda_Insecta_Lepidoptera_Nymphalidae_Dryas_iulia/f14a2913-115c-4f52-87cf-9bca85f59801.jpg,Dryas iulia,Julia Butterfly,Animalia,Nymphalidae,Dryas,375,500
train,88,1840,2461049,2461049,train_mini/01840_Animalia_Arthropoda_Insecta_Lepidoptera_Nymphalidae_Dryas_iulia/db1ab588-8b32-42b4-820e-28bf8752d080.jpg,Dryas iulia,Julia Butterfly,Animalia,Nymphalidae,Dryas,500,375
train,88,1840,226136,226136,train_mini/01840_Animalia_Arthropoda_Insecta_Lepidoptera_Nymphalidae_Dryas_iulia/251fb479-bd9d-4507-ac12-bb67b353979a.jpg,Dryas iulia,Julia Butterfly,Animalia,Nymphalidae,Dryas,500,375
train,88,1840,1594867,1594867,train_mini/01840_Animalia_Arthropoda_Insecta_Lepidoptera_Nymphalidae_Dryas_iulia/7e2581c7-f931-4c8e-a6d7-7619058b5d8d.jpg,Dryas iulia,Julia Butterfly,Animalia,Nymphalidae,Dryas,500,323
train,88,1840,1377141,1377141,train_mini/01840_Animalia_Arthropoda_Insecta_Lepidoptera_Nymphalidae_Dryas_iulia/8bceaf02-4881-4bd3-89db-bb0ce4f397bc.jpg,Dryas iulia,Julia Butterfly,Animalia,Nymphalidae,Dryas,500,375
train,89,1854,953909,953909,train_mini/01854_Animalia_Arthropoda_Insecta_Lepidoptera_Nymphalidae_Euphydryas_phaeton/bfbf4e92-03ae-4544-bef0-c34ff1c4f7af.jpg,Euphydryas phaeton,Baltimore Checkerspot,Animalia,Nymphalidae,Euphydryas,500,319
train,89,1854,2002821,2002821,train_mini/01854_Animalia_Arthropoda_Insecta_Lepidoptera_Nymphalidae_Euphydryas_phaeton/3753e3b5-5649-46a1-a3fe-31e7ae7a06de.jpg,Euphydryas phaeton,Baltimore Checkerspot,Animalia,Nymphalidae,Euphydryas,500,375
train,89,1854,2035145,2035145,train_mini/01854_Animalia_Arthropoda_Insecta_Lepidoptera_Nymphalidae_Euphydryas_phaeton/31af8301-3228-4e59-beb6-a8afc532f662.jpg,Euphydryas phaeton,Baltimore Checkerspot,Animalia,Nymphalidae,Euphydryas,500,375
train,89,1854,2631784,2631784,train_mini/01854_Animalia_Arthropoda_Insecta_Lepidoptera_Nymphalidae_Euphydryas_phaeton/98092589-4612-4f62-bc97-3b402c8cf3a3.jpg,Euphydryas phaeton,Baltimore Checkerspot,Animalia,Nymphalidae,Euphydryas,500,374
train,89,1854,1842069,1842069,train_mini/01854_Animalia_Arthropoda_Insecta_Lepidoptera_Nymphalidae_Euphydryas_phaeton/c035b2b7-d76f-4b72-b524-f6c24ccc2399.jpg,Euphydryas phaeton,Baltimore Checkerspot,Animalia,Nymphalidae,Euphydryas,500,375
train,89,1854,491123,491123,train_mini/01854_Animalia_Arthropoda_Insecta_Lepidoptera_Nymphalidae_Euphydryas_phaeton/af4e9b60-3d2c-42fe-b0e7-95e53ba75288.jpg,Euphydryas phaeton,Baltimore Checkerspot,Animalia,Nymphalidae,Euphydryas,500,333
train,89,1854,336325,336325,train_mini/01854_Animalia_Arthropoda_Insecta_Lepidoptera_Nymphalidae_Euphydryas_phaeton/173f5565-4008-4b5e-bde5-361861b997aa.jpg,Euphydryas phaeton,Baltimore Checkerspot,Animalia,Nymphalidae,Euphydryas,500,332
train,89,1854,687185,687185,train_mini/01854_Animalia_Arthropoda_Insecta_Lepidoptera_Nymphalidae_Euphydryas_phaeton/821136e6-6a0d-488a-890e-97dd5591af0a.jpg,Euphydryas phaeton,Baltimore Checkerspot,Animalia,Nymphalidae,Euphydryas,500,320
train,90,1908,1814185,1814185,train_mini/01908_Animalia_Arthropoda_Insecta_Lepidoptera_Nymphalidae_Limenitis_arthemis/d3be49c0-024c-4b0e-b911-adbaca9c740f.jpg,Limenitis arthemis,Red-spotted Admiral,Animalia,Nymphalidae,Limenitis,500,442
train,90,1908,1068314,1068314,train_mini/01908_Animalia_Arthropoda_Insecta_Lepidoptera_Nymphalidae_Limenitis_arthemis/78dd25f8-05e3-470e-bdcc-1067ac8fd585.jpg,Limenitis arthemis,Red-spotted Admiral,Animalia,Nymphalidae,Limenitis,375,500
train,90,1908,2461883,2461883,train_mini/01908_Animalia_Arthropoda_Insecta_Lepidoptera_Nymphalidae_Limenitis_arthemis/2758ff04-8f82-4f24-a1eb-aa011089f68a.jpg,Limenitis arthemis,Red-spotted Admiral,Animalia,Nymphalidae,Limenitis,500,481
train,90,1908,2531829,2531829,train_mini/01908_Animalia_Arthropoda_Insecta_Lepidoptera_Nymphalidae_Limenitis_arthemis/cf5afcbd-5f20-49c3-8a86-4cbed40fabbd.jpg,Limenitis arthemis,Red-spotted Admiral,Animalia,Nymphalidae,Limenitis,375,500
train,90,1908,2359785,2359785,train_mini/01908_Animalia_Arthropoda_Insecta_Lepidoptera_Nymphalidae_Limenitis_arthemis/dacc676a-cb49-4063-9082-a6b66fd7c260.jpg,Limenitis arthemis,Red-spotted Admiral,Animalia,Nymphalidae,Limenitis,500,354
train,90,1908,959826,959826,train_mini/01908_Animalia_Arthropoda_Insecta_Lepidoptera_Nymphalidae_Limenitis_arthemis/cc96ab1d-445d-4b23-a22f-6e40553bf5a9.jpg,Limenitis arthemis,Red-spotted Admiral,Animalia,Nymphalidae,Limenitis,500,281
train,90,1908,521698,521698,train_mini/01908_Animalia_Arthropoda_Insecta_Lepidoptera_Nymphalidae_Limenitis_arthemis/44769632-ea8f-4d4b-9a0e-cca8ab8e2d3e.jpg,Limenitis arthemis,Red-spotted Admiral,Animalia,Nymphalidae,Limenitis,375,500
train,90,1908,996076,996076,train_mini/01908_Animalia_Arthropoda_Insecta_Lepidoptera_Nymphalidae_Limenitis_arthemis/c2330b26-a2f0-4b05-8ed9-afcb0d4d4554.jpg,Limenitis arthemis,Red-spotted Admiral,Animalia,Nymphalidae,Limenitis,384,500
train,91,1938,500239,500239,train_mini/01938_Animalia_Arthropoda_Insecta_Lepidoptera_Nymphalidae_Nymphalis_antiopa/abf39bd1-c65f-46d5-b75c-1924e4d00709.jpg,Nymphalis antiopa,Mourning Cloak,Animalia,Nymphalidae,Nymphalis,500,375
train,91,1938,1782848,1782848,train_mini/01938_Animalia_Arthropoda_Insecta_Lepidoptera_Nymphalidae_Nymphalis_antiopa/574ebe27-2562-4f61-b0f6-e3220aeed4aa.jpg,Nymphalis antiopa,Mourning Cloak,Animalia,Nymphalidae,Nymphalis,375,500
train,91,1938,2635605,2635605,train_mini/01938_Animalia_Arthropoda_Insecta_Lepidoptera_Nymphalidae_Nymphalis_antiopa/67b05e0e-a0f0-494b-9095-e7c82534e07a.jpg,Nymphalis antiopa,Mourning Cloak,Animalia,Nymphalidae,Nymphalis,500,500
train,91,1938,350873,350873,train_mini/01938_Animalia_Arthropoda_Insecta_Lepidoptera_Nymphalidae_Nymphalis_antiopa/bbac9ba1-a521-4612-88b3-1c3728358790.jpg,Nymphalis antiopa,Mourning Cloak,Animalia,Nymphalidae,Nymphalis,500,334
train,91,1938,316337,316337,train_mini/01938_Animalia_Arthropoda_Insecta_Lepidoptera_Nymphalidae_Nymphalis_antiopa/e1194136-efbd-411e-aa62-e62d5633b52c.jpg,Nymphalis antiopa,Mourning Cloak,Animalia,Nymphalidae,Nymphalis,500,375
train,91,1938,616752,616752,train_mini/01938_Animalia_Arthropoda_Insecta_Lepidoptera_Nymphalidae_Nymphalis_antiopa/0cda085b-c0ca-47fe-8401-52a8a0f799a9.jpg,Nymphalis antiopa,Mourning Cloak,Animalia,Nymphalidae,Nymphalis,500,375
train,91,1938,2100600,2100600,train_mini/01938_Animalia_Arthropoda_Insecta_Lepidoptera_Nymphalidae_Nymphalis_antiopa/7db456ca-99f1-4520-ae3c-4906aef599c6.jpg,Nymphalis antiopa,Mourning Cloak,Animalia,Nymphalidae,Nymphalis,282,500
train,91,1938,972607,972607,train_mini/01938_Animalia_Arthropoda_Insecta_Lepidoptera_Nymphalidae_Nymphalis_antiopa/4339a27a-6f18-4f8c-944a-05a4de672eec.jpg,Nymphalis antiopa,Mourning Cloak,Animalia,Nymphalidae,Nymphalis,375,500
train,92,1968,1277827,1277827,train_mini/01968_Animalia_Arthropoda_Insecta_Lepidoptera_Nymphalidae_Smyrna_blomfildia/e97fe9ee-00af-49df-979c-5257f78978ca.jpg,Smyrna blomfildia,Blomfild's Beauty,Animalia,Nymphalidae,Smyrna,500,378
train,92,1968,1019804,1019804,train_mini/01968_Animalia_Arthropoda_Insecta_Lepidoptera_Nymphalidae_Smyrna_blomfildia/81eb3002-8d29-4483-b757-5775b67c995e.jpg,Smyrna blomfildia,Blomfild's Beauty,Animalia,Nymphalidae,Smyrna,500,375
train,92,1968,1366693,1366693,train_mini/01968_Animalia_Arthropoda_Insecta_Lepidoptera_Nymphalidae_Smyrna_blomfildia/cb07d483-ff08-4cb2-8ff1-16218c841a2e.jpg,Smyrna blomfildia,Blomfild's Beauty,Animalia,Nymphalidae,Smyrna,500,375
train,92,1968,229398,229398,train_mini/01968_Animalia_Arthropoda_Insecta_Lepidoptera_Nymphalidae_Smyrna_blomfildia/b2aa7965-40b7-4cfc-b450-b7742495d53b.jpg,Smyrna blomfildia,Blomfild's Beauty,Animalia,Nymphalidae,Smyrna,500,375
train,92,1968,1245969,1245969,train_mini/01968_Animalia_Arthropoda_Insecta_Lepidoptera_Nymphalidae_Smyrna_blomfildia/3fca3a69-57a5-4cde-91bd-3f7ca8cdbcc9.jpg,Smyrna blomfildia,Blomfild's Beauty,Animalia,Nymphalidae,Smyrna,375,500
train,92,1968,605998,605998,train_mini/01968_Animalia_Arthropoda_Insecta_Lepidoptera_Nymphalidae_Smyrna_blomfildia/4ec0c511-15d1-4eb3-b3e4-5033bcfdd482.jpg,Smyrna blomfildia,Blomfild's Beauty,Animalia,Nymphalidae,Smyrna,500,375
train,92,1968,537987,537987,train_mini/01968_Animalia_Arthropoda_Insecta_Lepidoptera_Nymphalidae_Smyrna_blomfildia/b4f70b22-8ecf-4337-8bf1-eb378171a432.jpg,Smyrna blomfildia,Blomfild's Beauty,Animalia,Nymphalidae,Smyrna,500,333
train,92,1968,299620,299620,train_mini/01968_Animalia_Arthropoda_Insecta_Lepidoptera_Nymphalidae_Smyrna_blomfildia/ffdbbac6-723b-4880-a53c-fb7afece4de3.jpg,Smyrna blomfildia,Blomfild's Beauty,Animalia,Nymphalidae,Smyrna,500,375
train,93,2009,645050,645050,train_mini/02009_Animalia_Arthropoda_Insecta_Lepidoptera_Papilionidae_Papilio_anactus/16a45f10-7061-4143-a698-c7d5bffc92a1.jpg,Papilio anactus,Dainty Swallowtail,Animalia,Papilionidae,Papilio,375,500
train,93,2009,1758569,1758569,train_mini/02009_Animalia_Arthropoda_Insecta_Lepidoptera_Papilionidae_Papilio_anactus/cc0c432a-64d9-4a14-bd76-f6e316fa69be.jpg,Papilio anactus,Dainty Swallowtail,Animalia,Papilionidae,Papilio,500,375
train,93,2009,2595041,2595041,train_mini/02009_Animalia_Arthropoda_Insecta_Lepidoptera_Papilionidae_Papilio_anactus/2f62f113-640c-421e-93ba-773ef17228ce.jpg,Papilio anactus,Dainty Swallowtail,Animalia,Papilionidae,Papilio,500,375
train,93,2009,1731627,1731627,train_mini/02009_Animalia_Arthropoda_Insecta_Lepidoptera_Papilionidae_Papilio_anactus/b97ef7cd-6730-40bc-b02e-0c5e91e36239.jpg,Papilio anactus,Dainty Swallowtail,Animalia,Papilionidae,Papilio,500,375
train,93,2009,1904234,1904234,train_mini/02009_Animalia_Arthropoda_Insecta_Lepidoptera_Papilionidae_Papilio_anactus/c79865f5-3f03-425a-b3ec-e86d2de5306b.jpg,Papilio anactus,Dainty Swallowtail,Animalia,Papilionidae,Papilio,500,333
train,93,2009,2076070,2076070,train_mini/02009_Animalia_Arthropoda_Insecta_Lepidoptera_Papilionidae_Papilio_anactus/a244135c-6bcf-4282-bbac-0eece9183559.jpg,Papilio anactus,Dainty Swallowtail,Animalia,Papilionidae,Papilio,333,500
train,93,2009,2600267,2600267,train_mini/02009_Animalia_Arthropoda_Insecta_Lepidoptera_Papilionidae_Papilio_anactus/d237f3e9-8ab0-4cc8-99c1-d91b2833d753.jpg,Papilio anactus,Dainty Swallowtail,Animalia,Papilionidae,Papilio,500,375
train,93,2009,2603892,2603892,train_mini/02009_Animalia_Arthropoda_Insecta_Lepidoptera_Papilionidae_Papilio_anactus/54a4a733-6a40-412d-ba84-135569d17b6a.jpg,Papilio anactus,Dainty Swallowtail,Animalia,Papilionidae,Papilio,500,375
train,94,2034,2081682,2081682,train_mini/02034_Animalia_Arthropoda_Insecta_Lepidoptera_Papilionidae_Papilio_thoas/3d66289b-fdef-4f03-b812-a8a568a7f28b.jpg,Papilio thoas,Thoas Swallowtail,Animalia,Papilionidae,Papilio,375,500
train,94,2034,160192,160192,train_mini/02034_Animalia_Arthropoda_Insecta_Lepidoptera_Papilionidae_Papilio_thoas/5b2419cf-b352-49ab-94ef-c924df77aa4b.jpg,Papilio thoas,Thoas Swallowtail,Animalia,Papilionidae,Papilio,375,500
train,94,2034,1371725,1371725,train_mini/02034_Animalia_Arthropoda_Insecta_Lepidoptera_Papilionidae_Papilio_thoas/3ac08d1c-5358-4d17-9e53-b8681044d5e0.jpg,Papilio thoas,Thoas Swallowtail,Animalia,Papilionidae,Papilio,281,500
train,94,2034,775513,775513,train_mini/02034_Animalia_Arthropoda_Insecta_Lepidoptera_Papilionidae_Papilio_thoas/b837c7ac-9e6b-4ee7-b8b8-0cf4b3658382.jpg,Papilio thoas,Thoas Swallowtail,Animalia,Papilionidae,Papilio,500,375
train,94,2034,2493283,2493283,train_mini/02034_Animalia_Arthropoda_Insecta_Lepidoptera_Papilionidae_Papilio_thoas/fb3d5294-45bf-4b2e-8628-964deb3d84d2.jpg,Papilio thoas,Thoas Swallowtail,Animalia,Papilionidae,Papilio,500,375
train,94,2034,2532150,2532150,train_mini/02034_Animalia_Arthropoda_Insecta_Lepidoptera_Papilionidae_Papilio_thoas/8bc0c644-6760-4311-ac57-64870c5e9e18.jpg,Papilio thoas,Thoas Swallowtail,Animalia,Papilionidae,Papilio,500,375
train,94,2034,2470372,2470372,train_mini/02034_Animalia_Arthropoda_Insecta_Lepidoptera_Papilionidae_Papilio_thoas/23c81676-e4d2-4fa3-becc-8529587fcbe2.jpg,Papilio thoas,Thoas Swallowtail,Animalia,Papilionidae,Papilio,441,500
train,94,2034,2581325,2581325,train_mini/02034_Animalia_Arthropoda_Insecta_Lepidoptera_Papilionidae_Papilio_thoas/c4fb8ab8-f062-447d-8fc8-d58dcb51c676.jpg,Papilio thoas,Thoas Swallowtail,Animalia,Papilionidae,Papilio,500,375
train,95,2073,2559700,2559700,train_mini/02073_Animalia_Arthropoda_Insecta_Lepidoptera_Pieridae_Eurema_daira/8e650c59-d82a-4381-9070-4ae12dd70686.jpg,Eurema daira,Barred Yellow,Animalia,Pieridae,Eurema,500,333
train,95,2073,646997,646997,train_mini/02073_Animalia_Arthropoda_Insecta_Lepidoptera_Pieridae_Eurema_daira/4f8b2c43-b8c8-4d9e-8b5a-19556fac18b3.jpg,Eurema daira,Barred Yellow,Animalia,Pieridae,Eurema,417,500
train,95,2073,1670178,1670178,train_mini/02073_Animalia_Arthropoda_Insecta_Lepidoptera_Pieridae_Eurema_daira/27976add-87a2-4a5c-852a-7a72164b7377.jpg,Eurema daira,Barred Yellow,Animalia,Pieridae,Eurema,500,375
train,95,2073,1411690,1411690,train_mini/02073_Animalia_Arthropoda_Insecta_Lepidoptera_Pieridae_Eurema_daira/0c5e1388-a3fc-4a38-bc38-92aa1e59bbf5.jpg,Eurema daira,Barred Yellow,Animalia,Pieridae,Eurema,281,500
train,95,2073,337084,337084,train_mini/02073_Animalia_Arthropoda_Insecta_Lepidoptera_Pieridae_Eurema_daira/dbb90fcf-5e6b-425a-b123-4006d109e414.jpg,Eurema daira,Barred Yellow,Animalia,Pieridae,Eurema,281,500
train,95,2073,1801957,1801957,train_mini/02073_Animalia_Arthropoda_Insecta_Lepidoptera_Pieridae_Eurema_daira/ccb5f999-7e91-4921-9e7c-a67fc57784a5.jpg,Eurema daira,Barred Yellow,Animalia,Pieridae,Eurema,500,401
train,95,2073,64281,64281,train_mini/02073_Animalia_Arthropoda_Insecta_Lepidoptera_Pieridae_Eurema_daira/1908b557-e253-4347-a23c-87137545416d.jpg,Eurema daira,Barred Yellow,Animalia,Pieridae,Eurema,500,310
train,95,2073,2638953,2638953,train_mini/02073_Animalia_Arthropoda_Insecta_Lepidoptera_Pieridae_Eurema_daira/857a825c-bb7d-4391-828a-521f4470368a.jpg,Eurema daira,Barred Yellow,Animalia,Pieridae,Eurema,500,333
train,96,2077,249405,249405,train_mini/02077_Animalia_Arthropoda_Insecta_Lepidoptera_Pieridae_Glutophrissa_drusilla/7a34b76f-c66b-4828-8116-a7d21c4c0f63.jpg,Glutophrissa drusilla,Florida White,Animalia,Pieridae,Glutophrissa,500,427
train,96,2077,1383431,1383431,train_mini/02077_Animalia_Arthropoda_Insecta_Lepidoptera_Pieridae_Glutophrissa_drusilla/349822e3-a642-4d17-ae5f-0d2897a49e33.jpg,Glutophrissa drusilla,Florida White,Animalia,Pieridae,Glutophrissa,500,333
train,96,2077,2292207,2292207,train_mini/02077_Animalia_Arthropoda_Insecta_Lepidoptera_Pieridae_Glutophrissa_drusilla/81d454fb-bf79-4e23-b994-caaaf8a0c7f1.jpg,Glutophrissa drusilla,Florida White,Animalia,Pieridae,Glutophrissa,500,333
train,96,2077,2163893,2163893,train_mini/02077_Animalia_Arthropoda_Insecta_Lepidoptera_Pieridae_Glutophrissa_drusilla/747e733a-d0ab-48b6-a78f-56d7ac6cdd7d.jpg,Glutophrissa drusilla,Florida White,Animalia,Pieridae,Glutophrissa,500,299
train,96,2077,934833,934833,train_mini/02077_Animalia_Arthropoda_Insecta_Lepidoptera_Pieridae_Glutophrissa_drusilla/b9993b0c-e2d0-49ec-b7e4-34e091657bf8.jpg,Glutophrissa drusilla,Florida White,Animalia,Pieridae,Glutophrissa,375,500
train,96,2077,765064,765064,train_mini/02077_Animalia_Arthropoda_Insecta_Lepidoptera_Pieridae_Glutophrissa_drusilla/4fb010bd-b5bf-4ac7-b7d9-7118b5384f5d.jpg,Glutophrissa drusilla,Florida White,Animalia,Pieridae,Glutophrissa,500,354
train,96,2077,175480,175480,train_mini/02077_Animalia_Arthropoda_Insecta_Lepidoptera_Pieridae_Glutophrissa_drusilla/fe1c1d1b-8307-4563-b22e-55af2ab85a98.jpg,Glutophrissa drusilla,Florida White,Animalia,Pieridae,Glutophrissa,500,332
train,96,2077,369930,369930,train_mini/02077_Animalia_Arthropoda_Insecta_Lepidoptera_Pieridae_Glutophrissa_drusilla/1d942dd8-a2dc-470b-8989-0c0b804b7b95.jpg,Glutophrissa drusilla,Florida White,Animalia,Pieridae,Glutophrissa,500,451
train,97,2092,2116149,2116149,train_mini/02092_Animalia_Arthropoda_Insecta_Lepidoptera_Pieridae_Pieris_brassicae/2f748930-4a2c-4f22-826a-8019582b6840.jpg,Pieris brassicae,Large White Butterfly,Animalia,Pieridae,Pieris,375,500
train,97,2092,2190147,2190147,train_mini/02092_Animalia_Arthropoda_Insecta_Lepidoptera_Pieridae_Pieris_brassicae/dfc01887-df66-462e-9fd0-b6a50f40e63a.jpg,Pieris brassicae,Large White Butterfly,Animalia,Pieridae,Pieris,375,500
train,97,2092,2545272,2545272,train_mini/02092_Animalia_Arthropoda_Insecta_Lepidoptera_Pieridae_Pieris_brassicae/c2bb74e6-2331-49ca-b8ab-00344d6099b3.jpg,Pieris brassicae,Large White Butterfly,Animalia,Pieridae,Pieris,500,333
train,97,2092,1230213,1230213,train_mini/02092_Animalia_Arthropoda_Insecta_Lepidoptera_Pieridae_Pieris_brassicae/ec6ab6af-8dd5-4fcd-8326-cba6380ed810.jpg,Pieris brassicae,Large White Butterfly,Animalia,Pieridae,Pieris,500,375
train,97,2092,821843,821843,train_mini/02092_Animalia_Arthropoda_Insecta_Lepidoptera_Pieridae_Pieris_brassicae/6712a71c-2367-4158-8ec3-2db1bbb69a9e.jpg,Pieris brassicae,Large White Butterfly,Animalia,Pieridae,Pieris,375,500
train,97,2092,905392,905392,train_mini/02092_Animalia_Arthropoda_Insecta_Lepidoptera_Pieridae_Pieris_brassicae/4de2f8db-1e79-4f90-9049-3540675513d8.jpg,Pieris brassicae,Large White Butterfly,Animalia,Pieridae,Pieris,500,500
train,97,2092,1722508,1722508,train_mini/02092_Animalia_Arthropoda_Insecta_Lepidoptera_Pieridae_Pieris_brassicae/8e87913d-0378-486e-8432-74f7d3aaba5f.jpg,Pieris brassicae,Large White Butterfly,Animalia,Pieridae,Pieris,500,333
train,97,2092,1461955,1461955,train_mini/02092_Animalia_Arthropoda_Insecta_Lepidoptera_Pieridae_Pieris_brassicae/ca3de27d-bf31-4a26-b036-61028950e1ac.jpg,Pieris brassicae,Large White Butterfly,Animalia,Pieridae,Pieris,500,335
train,98,2129,1102338,1102338,train_mini/02129_Animalia_Arthropoda_Insecta_Lepidoptera_Pyralidae_Moodna_ostrinella/ac6f49d4-43ff-44b8-9b2e-c71b107b311d.jpg,Moodna ostrinella,Darker Moodna Moth,Animalia,Pyralidae,Moodna,372,500
train,98,2129,1367124,1367124,train_mini/02129_Animalia_Arthropoda_Insecta_Lepidoptera_Pyralidae_Moodna_ostrinella/04e4121f-06b7-4aa4-89c3-37be12f7b4e8.jpg,Moodna ostrinella,Darker Moodna Moth,Animalia,Pyralidae,Moodna,281,500
train,98,2129,994845,994845,train_mini/02129_Animalia_Arthropoda_Insecta_Lepidoptera_Pyralidae_Moodna_ostrinella/5b714f53-d571-4487-8a48-f9e6a1869b4b.jpg,Moodna ostrinella,Darker Moodna Moth,Animalia,Pyralidae,Moodna,500,298
train,98,2129,419873,419873,train_mini/02129_Animalia_Arthropoda_Insecta_Lepidoptera_Pyralidae_Moodna_ostrinella/1e4df915-28ca-4382-8f46-ccbea16039fd.jpg,Moodna ostrinella,Darker Moodna Moth,Animalia,Pyralidae,Moodna,500,375
train,98,2129,1461748,1461748,train_mini/02129_Animalia_Arthropoda_Insecta_Lepidoptera_Pyralidae_Moodna_ostrinella/e636ab7e-24dc-4d7f-b18e-cf0fa5981786.jpg,Moodna ostrinella,Darker Moodna Moth,Animalia,Pyralidae,Moodna,375,500
train,98,2129,1972225,1972225,train_mini/02129_Animalia_Arthropoda_Insecta_Lepidoptera_Pyralidae_Moodna_ostrinella/0eb3eb98-057c-4d87-9827-99eb3dfb7f7f.jpg,Moodna ostrinella,Darker Moodna Moth,Animalia,Pyralidae,Moodna,393,500
train,98,2129,1196896,1196896,train_mini/02129_Animalia_Arthropoda_Insecta_Lepidoptera_Pyralidae_Moodna_ostrinella/d1d700df-2f83-4c12-954e-2284d274e212.jpg,Moodna ostrinella,Darker Moodna Moth,Animalia,Pyralidae,Moodna,500,316
train,98,2129,1416331,1416331,train_mini/02129_Animalia_Arthropoda_Insecta_Lepidoptera_Pyralidae_Moodna_ostrinella/6569ca55-9683-48c4-b730-c516ec1eda37.jpg,Moodna ostrinella,Darker Moodna Moth,Animalia,Pyralidae,Moodna,500,375
train,99,2139,717791,717791,train_mini/02139_Animalia_Arthropoda_Insecta_Lepidoptera_Riodinidae_Calephelis_nemesis/191109f3-f656-4999-a90c-25cd575957c4.jpg,Calephelis nemesis,Fatal Metalmark,Animalia,Riodinidae,Calephelis,496,500
train,99,2139,123876,123876,train_mini/02139_Animalia_Arthropoda_Insecta_Lepidoptera_Riodinidae_Calephelis_nemesis/dd18cdd2-61dc-4210-9f43-4cf36b4d0829.jpg,Calephelis nemesis,Fatal Metalmark,Animalia,Riodinidae,Calephelis,500,333
train,99,2139,2346563,2346563,train_mini/02139_Animalia_Arthropoda_Insecta_Lepidoptera_Riodinidae_Calephelis_nemesis/4fbe15e5-6e98-4760-9d9b-3a8ba64c22d6.jpg,Calephelis nemesis,Fatal Metalmark,Animalia,Riodinidae,Calephelis,500,400
train,99,2139,2158746,2158746,train_mini/02139_Animalia_Arthropoda_Insecta_Lepidoptera_Riodinidae_Calephelis_nemesis/2f8e74df-2b96-41eb-93c8-cefec19ffa51.jpg,Calephelis nemesis,Fatal Metalmark,Animalia,Riodinidae,Calephelis,500,333
train,99,2139,2481227,2481227,train_mini/02139_Animalia_Arthropoda_Insecta_Lepidoptera_Riodinidae_Calephelis_nemesis/a540982e-4c3d-4035-a05c-8433d3a570a2.jpg,Calephelis nemesis,Fatal Metalmark,Animalia,Riodinidae,Calephelis,487,500
train,99,2139,1183171,1183171,train_mini/02139_Animalia_Arthropoda_Insecta_Lepidoptera_Riodinidae_Calephelis_nemesis/abead117-912f-4f0c-84d9-6c1a929a1db8.jpg,Calephelis nemesis,Fatal Metalmark,Animalia,Riodinidae,Calephelis,500,418
train,99,2139,509845,509845,train_mini/02139_Animalia_Arthropoda_Insecta_Lepidoptera_Riodinidae_Calephelis_nemesis/4b13d525-f9e9-43a8-bd03-eba7586fa18b.jpg,Calephelis nemesis,Fatal Metalmark,Animalia,Riodinidae,Calephelis,372,253
train,99,2139,947420,947420,train_mini/02139_Animalia_Arthropoda_Insecta_Lepidoptera_Riodinidae_Calephelis_nemesis/bc02d38a-81bc-44b2-9f12-ad39a24676ff.jpg,Calephelis nemesis,Fatal Metalmark,Animalia,Riodinidae,Calephelis,500,375
train,100,2145,1330016,1330016,train_mini/02145_Animalia_Arthropoda_Insecta_Lepidoptera_Riodinidae_Melanis_pixe/9984e020-baa9-4990-8248-550413f07d1e.jpg,Melanis pixe,Red-bordered Pixie,Animalia,Riodinidae,Melanis,375,500
train,100,2145,320000,320000,train_mini/02145_Animalia_Arthropoda_Insecta_Lepidoptera_Riodinidae_Melanis_pixe/9fbf9ed9-1f63-4a48-b98f-fa65f94eb52a.jpg,Melanis pixe,Red-bordered Pixie,Animalia,Riodinidae,Melanis,375,500
train,100,2145,775039,775039,train_mini/02145_Animalia_Arthropoda_Insecta_Lepidoptera_Riodinidae_Melanis_pixe/4a4cba60-5d0a-4327-9ea2-5ae782333262.jpg,Melanis pixe,Red-bordered Pixie,Animalia,Riodinidae,Melanis,500,375
train,100,2145,1229108,1229108,train_mini/02145_Animalia_Arthropoda_Insecta_Lepidoptera_Riodinidae_Melanis_pixe/84e0df01-4b1f-4135-8c2b-060328f34c63.jpg,Melanis pixe,Red-bordered Pixie,Animalia,Riodinidae,Melanis,500,333
train,100,2145,1379134,1379134,train_mini/02145_Animalia_Arthropoda_Insecta_Lepidoptera_Riodinidae_Melanis_pixe/f2c7f9d0-56e0-4b29-bfa4-356821a03c9f.jpg,Melanis pixe,Red-bordered Pixie,Animalia,Riodinidae,Melanis,500,375
train,100,2145,1302256,1302256,train_mini/02145_Animalia_Arthropoda_Insecta_Lepidoptera_Riodinidae_Melanis_pixe/46d48508-427a-48cb-b7e6-87ae71331fec.jpg,Melanis pixe,Red-bordered Pixie,Animalia,Riodinidae,Melanis,500,354
train,100,2145,1185032,1185032,train_mini/02145_Animalia_Arthropoda_Insecta_Lepidoptera_Riodinidae_Melanis_pixe/c60e54d0-6a0b-4568-b8f1-b50ff7d516a3.jpg,Melanis pixe,Red-bordered Pixie,Animalia,Riodinidae,Melanis,500,281
train,100,2145,1195110,1195110,train_mini/02145_Animalia_Arthropoda_Insecta_Lepidoptera_Riodinidae_Melanis_pixe/f713b50f-e42a-4b32-8f4b-49aa19b80977.jpg,Melanis pixe,Red-bordered Pixie,Animalia,Riodinidae,Melanis,500,500
train,101,2149,1183287,1183287,train_mini/02149_Animalia_Arthropoda_Insecta_Lepidoptera_Saturniidae_Anisota_senatoria/2148a0af-b3a8-4c03-84df-e741a3542067.jpg,Anisota senatoria,Orange-tipped Oakworm Moth,Animalia,Saturniidae,Anisota,375,500
train,101,2149,2311004,2311004,train_mini/02149_Animalia_Arthropoda_Insecta_Lepidoptera_Saturniidae_Anisota_senatoria/428c4fe3-3236-4710-a149-7f1b50b93009.jpg,Anisota senatoria,Orange-tipped Oakworm Moth,Animalia,Saturniidae,Anisota,500,447
train,101,2149,959299,959299,train_mini/02149_Animalia_Arthropoda_Insecta_Lepidoptera_Saturniidae_Anisota_senatoria/092cceb7-9bf0-41a8-82c0-f8d2ca2d41c9.jpg,Anisota senatoria,Orange-tipped Oakworm Moth,Animalia,Saturniidae,Anisota,281,500
train,101,2149,2289622,2289622,train_mini/02149_Animalia_Arthropoda_Insecta_Lepidoptera_Saturniidae_Anisota_senatoria/1976986b-5eec-4023-9b39-e032d1b72cec.jpg,Anisota senatoria,Orange-tipped Oakworm Moth,Animalia,Saturniidae,Anisota,255,500
train,101,2149,2240847,2240847,train_mini/02149_Animalia_Arthropoda_Insecta_Lepidoptera_Saturniidae_Anisota_senatoria/3bb1572a-e4db-44f5-8608-0e03b6493fc4.jpg,Anisota senatoria,Orange-tipped Oakworm Moth,Animalia,Saturniidae,Anisota,375,500
train,101,2149,2123526,2123526,train_mini/02149_Animalia_Arthropoda_Insecta_Lepidoptera_Saturniidae_Anisota_senatoria/55f59e00-4bed-4cf9-a764-257d178d6b82.jpg,Anisota senatoria,Orange-tipped Oakworm Moth,Animalia,Saturniidae,Anisota,500,375
train,101,2149,1085490,1085490,train_mini/02149_Animalia_Arthropoda_Insecta_Lepidoptera_Saturniidae_Anisota_senatoria/0b29e6a7-7ce6-48b2-a1b5-ab156639cd3a.jpg,Anisota senatoria,Orange-tipped Oakworm Moth,Animalia,Saturniidae,Anisota,395,500
train,101,2149,1969045,1969045,train_mini/02149_Animalia_Arthropoda_Insecta_Lepidoptera_Saturniidae_Anisota_senatoria/06141db5-0782-45c4-93ac-c2e3616b4f40.jpg,Anisota senatoria,Orange-tipped Oakworm Moth,Animalia,Saturniidae,Anisota,375,500
train,102,2161,971243,971243,train_mini/02161_Animalia_Arthropoda_Insecta_Lepidoptera_Saturniidae_Hemileuca_maia/edfe2bd2-f704-4a20-9772-e8e28966dce0.jpg,Hemileuca maia,Buck Moth,Animalia,Saturniidae,Hemileuca,486,500
train,102,2161,1946704,1946704,train_mini/02161_Animalia_Arthropoda_Insecta_Lepidoptera_Saturniidae_Hemileuca_maia/34163d4f-fea1-4cd3-a071-feb5a62351c0.jpg,Hemileuca maia,Buck Moth,Animalia,Saturniidae,Hemileuca,375,500
train,102,2161,1655959,1655959,train_mini/02161_Animalia_Arthropoda_Insecta_Lepidoptera_Saturniidae_Hemileuca_maia/40aeaa2e-90f0-45e9-89e7-c6bf97c393e4.jpg,Hemileuca maia,Buck Moth,Animalia,Saturniidae,Hemileuca,500,399
train,102,2161,2598427,2598427,train_mini/02161_Animalia_Arthropoda_Insecta_Lepidoptera_Saturniidae_Hemileuca_maia/2bb4a886-95ec-4c2a-bd8a-1da8c2bf68a9.jpg,Hemileuca maia,Buck Moth,Animalia,Saturniidae,Hemileuca,500,333
train,102,2161,376104,376104,train_mini/02161_Animalia_Arthropoda_Insecta_Lepidoptera_Saturniidae_Hemileuca_maia/9cfd4a95-6af8-48f7-a2db-6f6785202902.jpg,Hemileuca maia,Buck Moth,Animalia,Saturniidae,Hemileuca,375,500
train,102,2161,2496853,2496853,train_mini/02161_Animalia_Arthropoda_Insecta_Lepidoptera_Saturniidae_Hemileuca_maia/eb9c2a81-8ca5-4c9d-adec-29c8508fb224.jpg,Hemileuca maia,Buck Moth,Animalia,Saturniidae,Hemileuca,500,333
train,102,2161,370111,370111,train_mini/02161_Animalia_Arthropoda_Insecta_Lepidoptera_Saturniidae_Hemileuca_maia/1f0c05a3-c5c0-4338-8dd2-42efe6939f5c.jpg,Hemileuca maia,Buck Moth,Animalia,Saturniidae,Hemileuca,500,375
train,102,2161,865500,865500,train_mini/02161_Animalia_Arthropoda_Insecta_Lepidoptera_Saturniidae_Hemileuca_maia/351199db-e453-4932-8373-d6dbc8dd0f37.jpg,Hemileuca maia,Buck Moth,Animalia,Saturniidae,Hemileuca,500,500
train,103,2166,2350,2350,train_mini/02166_Animalia_Arthropoda_Insecta_Lepidoptera_Saturniidae_Saturnia_pavonia/b659ecea-8c8b-44ba-b3ef-6f25033b5fc6.jpg,Saturnia pavonia,Small Emperor Moth,Animalia,Saturniidae,Saturnia,500,375
train,103,2166,986826,986826,train_mini/02166_Animalia_Arthropoda_Insecta_Lepidoptera_Saturniidae_Saturnia_pavonia/34a4b01a-1e07-4efe-b450-c6d309bc8cc6.jpg,Saturnia pavonia,Small Emperor Moth,Animalia,Saturniidae,Saturnia,500,375
train,103,2166,1850447,1850447,train_mini/02166_Animalia_Arthropoda_Insecta_Lepidoptera_Saturniidae_Saturnia_pavonia/b88a1207-adfa-41a6-a9e3-fe5d08193a60.jpg,Saturnia pavonia,Small Emperor Moth,Animalia,Saturniidae,Saturnia,375,500
train,103,2166,2643096,2643096,train_mini/02166_Animalia_Arthropoda_Insecta_Lepidoptera_Saturniidae_Saturnia_pavonia/227be9f7-48ca-4e91-9229-748fe4b22d26.jpg,Saturnia pavonia,Small Emperor Moth,Animalia,Saturniidae,Saturnia,500,264
train,103,2166,2653011,2653011,train_mini/02166_Animalia_Arthropoda_Insecta_Lepidoptera_Saturniidae_Saturnia_pavonia/fd709c70-8333-4f32-8916-c97d3fd8bb6d.jpg,Saturnia pavonia,Small Emperor Moth,Animalia,Saturniidae,Saturnia,372,500
train,103,2166,92403,92403,train_mini/02166_Animalia_Arthropoda_Insecta_Lepidoptera_Saturniidae_Saturnia_pavonia/47f54bce-e649-4c16-b48e-599cfb2144d8.jpg,Saturnia pavonia,Small Emperor Moth,Animalia,Saturniidae,Saturnia,500,343
train,103,2166,1458474,1458474,train_mini/02166_Animalia_Arthropoda_Insecta_Lepidoptera_Saturniidae_Saturnia_pavonia/3277490f-aa8e-4f83-aa63-96625893f8c9.jpg,Saturnia pavonia,Small Emperor Moth,Animalia,Saturniidae,Saturnia,500,375
train,103,2166,1925491,1925491,train_mini/02166_Animalia_Arthropoda_Insecta_Lepidoptera_Saturniidae_Saturnia_pavonia/d41786af-5655-4be6-aeae-d2684b6a315d.jpg,Saturnia pavonia,Small Emperor Moth,Animalia,Saturniidae,Saturnia,500,375
train,104,2167,294072,294072,train_mini/02167_Animalia_Arthropoda_Insecta_Lepidoptera_Saturniidae_Saturnia_pyri/993c4324-8bd1-40c3-8418-f9e11570ddbc.jpg,Saturnia pyri,Giant Peacock Moth,Animalia,Saturniidae,Saturnia,500,375
train,104,2167,2637538,2637538,train_mini/02167_Animalia_Arthropoda_Insecta_Lepidoptera_Saturniidae_Saturnia_pyri/761cdc5e-b840-4379-acc0-ef8128016fa9.jpg,Saturnia pyri,Giant Peacock Moth,Animalia,Saturniidae,Saturnia,375,500
train,104,2167,2116445,2116445,train_mini/02167_Animalia_Arthropoda_Insecta_Lepidoptera_Saturniidae_Saturnia_pyri/fe35b143-1739-4332-bd38-5c5ab952cd14.jpg,Saturnia pyri,Giant Peacock Moth,Animalia,Saturniidae,Saturnia,375,500
train,104,2167,2461563,2461563,train_mini/02167_Animalia_Arthropoda_Insecta_Lepidoptera_Saturniidae_Saturnia_pyri/dad45326-ad31-4970-81d4-ca6c6fd36a3f.jpg,Saturnia pyri,Giant Peacock Moth,Animalia,Saturniidae,Saturnia,500,375
train,104,2167,1749615,1749615,train_mini/02167_Animalia_Arthropoda_Insecta_Lepidoptera_Saturniidae_Saturnia_pyri/510af1ef-6b67-4b4f-b8bc-1d3a9460260f.jpg,Saturnia pyri,Giant Peacock Moth,Animalia,Saturniidae,Saturnia,500,301
train,104,2167,2649968,2649968,train_mini/02167_Animalia_Arthropoda_Insecta_Lepidoptera_Saturniidae_Saturnia_pyri/755554f7-2c03-4bd9-85ff-f80a3a43e01b.jpg,Saturnia pyri,Giant Peacock Moth,Animalia,Saturniidae,Saturnia,500,375
train,104,2167,1650772,1650772,train_mini/02167_Animalia_Arthropoda_Insecta_Lepidoptera_Saturniidae_Saturnia_pyri/f7dc902b-dcb4-4063-adb6-cda2d051d0dd.jpg,Saturnia pyri,Giant Peacock Moth,Animalia,Saturniidae,Saturnia,500,375
train,104,2167,991378,991378,train_mini/02167_Animalia_Arthropoda_Insecta_Lepidoptera_Saturniidae_Saturnia_pyri/f0f325bb-1b32-4f03-8421-d9bb68961a46.jpg,Saturnia pyri,Giant Peacock Moth,Animalia,Saturniidae,Saturnia,281,500
train,105,2185,1592727,1592727,train_mini/02185_Animalia_Arthropoda_Insecta_Lepidoptera_Sphingidae_Dolba_hyloeus/a4b66769-ae1e-4b27-90cb-e55f8cccde4e.jpg,Dolba hyloeus,Pawpaw Sphinx Moth,Animalia,Sphingidae,Dolba,500,339
train,105,2185,1992668,1992668,train_mini/02185_Animalia_Arthropoda_Insecta_Lepidoptera_Sphingidae_Dolba_hyloeus/834d0e55-e672-4e88-9121-f1dbfc048af7.jpg,Dolba hyloeus,Pawpaw Sphinx Moth,Animalia,Sphingidae,Dolba,500,333
train,105,2185,276664,276664,train_mini/02185_Animalia_Arthropoda_Insecta_Lepidoptera_Sphingidae_Dolba_hyloeus/e5550316-7cb3-4275-ba0d-7a8f5de240a6.jpg,Dolba hyloeus,Pawpaw Sphinx Moth,Animalia,Sphingidae,Dolba,500,500
train,105,2185,1837456,1837456,train_mini/02185_Animalia_Arthropoda_Insecta_Lepidoptera_Sphingidae_Dolba_hyloeus/be442d64-4937-4eef-970e-d4e15731ef4d.jpg,Dolba hyloeus,Pawpaw Sphinx Moth,Animalia,Sphingidae,Dolba,500,333
train,105,2185,2041456,2041456,train_mini/02185_Animalia_Arthropoda_Insecta_Lepidoptera_Sphingidae_Dolba_hyloeus/7fb420d6-2ac9-4898-8940-63998925f122.jpg,Dolba hyloeus,Pawpaw Sphinx Moth,Animalia,Sphingidae,Dolba,500,396
train,105,2185,1997119,1997119,train_mini/02185_Animalia_Arthropoda_Insecta_Lepidoptera_Sphingidae_Dolba_hyloeus/8352d470-2148-4963-9286-83c2d41ce813.jpg,Dolba hyloeus,Pawpaw Sphinx Moth,Animalia,Sphingidae,Dolba,375,500
train,105,2185,47562,47562,train_mini/02185_Animalia_Arthropoda_Insecta_Lepidoptera_Sphingidae_Dolba_hyloeus/bfc4df31-8fe4-4a5c-8b18-5b41d4dfa651.jpg,Dolba hyloeus,Pawpaw Sphinx Moth,Animalia,Sphingidae,Dolba,500,333
train,105,2185,1228351,1228351,train_mini/02185_Animalia_Arthropoda_Insecta_Lepidoptera_Sphingidae_Dolba_hyloeus/0a8ac8bd-b3ff-4931-8b48-c0c109ab38fb.jpg,Dolba hyloeus,Pawpaw Sphinx Moth,Animalia,Sphingidae,Dolba,500,375
train,106,2198,1848672,1848672,train_mini/02198_Animalia_Arthropoda_Insecta_Lepidoptera_Sphingidae_Hippotion_scrofa/aae211a2-aa56-49c7-ba6b-13bc093318f1.jpg,Hippotion scrofa,Hippotion scrofa,Animalia,Sphingidae,Hippotion,375,500
train,106,2198,2640007,2640007,train_mini/02198_Animalia_Arthropoda_Insecta_Lepidoptera_Sphingidae_Hippotion_scrofa/66f05f08-d2b5-4c16-b3e1-fd3a72374fbc.jpg,Hippotion scrofa,Hippotion scrofa,Animalia,Sphingidae,Hippotion,500,385
train,106,2198,2621475,2621475,train_mini/02198_Animalia_Arthropoda_Insecta_Lepidoptera_Sphingidae_Hippotion_scrofa/5b8d439c-1ccd-43f9-aec3-43b69053ba57.jpg,Hippotion scrofa,Hippotion scrofa,Animalia,Sphingidae,Hippotion,500,332
train,106,2198,2675397,2675397,train_mini/02198_Animalia_Arthropoda_Insecta_Lepidoptera_Sphingidae_Hippotion_scrofa/dafd9726-651e-4a9e-9bf3-5fd77df63a07.jpg,Hippotion scrofa,Hippotion scrofa,Animalia,Sphingidae,Hippotion,500,375
train,106,2198,2569529,2569529,train_mini/02198_Animalia_Arthropoda_Insecta_Lepidoptera_Sphingidae_Hippotion_scrofa/c3734671-a31e-4ebd-8e5f-2997312de466.jpg,Hippotion scrofa,Hippotion scrofa,Animalia,Sphingidae,Hippotion,500,333
train,106,2198,637733,637733,train_mini/02198_Animalia_Arthropoda_Insecta_Lepidoptera_Sphingidae_Hippotion_scrofa/4c7ceebb-a2ae-40ba-b55a-b2dcd4ce7bd0.jpg,Hippotion scrofa,Hippotion scrofa,Animalia,Sphingidae,Hippotion,500,420
train,106,2198,2628330,2628330,train_mini/02198_Animalia_Arthropoda_Insecta_Lepidoptera_Sphingidae_Hippotion_scrofa/c32cf3ab-d070-4dea-bb9a-dab715f039f8.jpg,Hippotion scrofa,Hippotion scrofa,Animalia,Sphingidae,Hippotion,500,333
train,106,2198,397800,397800,train_mini/02198_Animalia_Arthropoda_Insecta_Lepidoptera_Sphingidae_Hippotion_scrofa/a8d68cdb-e51b-4a6f-88eb-499ade66854f.jpg,Hippotion scrofa,Hippotion scrofa,Animalia,Sphingidae,Hippotion,333,500
train,107,2211,491757,491757,train_mini/02211_Animalia_Arthropoda_Insecta_Lepidoptera_Sphingidae_Paonias_excaecata/78b627ae-3a37-43d5-93ad-72510df3ea2d.jpg,Paonias excaecata,Blinded Sphinx Moth,Animalia,Sphingidae,Paonias,500,495
train,107,2211,1082763,1082763,train_mini/02211_Animalia_Arthropoda_Insecta_Lepidoptera_Sphingidae_Paonias_excaecata/b2552636-204a-44e2-9935-54cdb9a454e2.jpg,Paonias excaecata,Blinded Sphinx Moth,Animalia,Sphingidae,Paonias,500,375
train,107,2211,1755577,1755577,train_mini/02211_Animalia_Arthropoda_Insecta_Lepidoptera_Sphingidae_Paonias_excaecata/5f86ce22-39e4-4eca-8bd0-cace861d925d.jpg,Paonias excaecata,Blinded Sphinx Moth,Animalia,Sphingidae,Paonias,375,500
train,107,2211,2287815,2287815,train_mini/02211_Animalia_Arthropoda_Insecta_Lepidoptera_Sphingidae_Paonias_excaecata/f0f14dfd-fd21-4fc5-b0c7-ca049cc5826d.jpg,Paonias excaecata,Blinded Sphinx Moth,Animalia,Sphingidae,Paonias,375,500
train,107,2211,1945929,1945929,train_mini/02211_Animalia_Arthropoda_Insecta_Lepidoptera_Sphingidae_Paonias_excaecata/c61e42b5-e7f1-49e6-a785-32fa18da0425.jpg,Paonias excaecata,Blinded Sphinx Moth,Animalia,Sphingidae,Paonias,375,500
train,107,2211,1199434,1199434,train_mini/02211_Animalia_Arthropoda_Insecta_Lepidoptera_Sphingidae_Paonias_excaecata/83311ab2-ed73-4099-b6c6-bae597e3e4ce.jpg,Paonias excaecata,Blinded Sphinx Moth,Animalia,Sphingidae,Paonias,500,333
train,107,2211,1073381,1073381,train_mini/02211_Animalia_Arthropoda_Insecta_Lepidoptera_Sphingidae_Paonias_excaecata/0843e86d-adb8-4cc8-837a-4afeb85c9fd6.jpg,Paonias excaecata,Blinded Sphinx Moth,Animalia,Sphingidae,Paonias,375,500
train,107,2211,1667411,1667411,train_mini/02211_Animalia_Arthropoda_Insecta_Lepidoptera_Sphingidae_Paonias_excaecata/e758861c-349a-4693-9f6d-eddbd7d37ce6.jpg,Paonias excaecata,Blinded Sphinx Moth,Animalia,Sphingidae,Paonias,375,500
train,108,2222,1153858,1153858,train_mini/02222_Animalia_Arthropoda_Insecta_Lepidoptera_Sphingidae_Sphinx_pinastri/305c9db3-0cfd-4fd4-8e9f-c422e4a005c6.jpg,Sphinx pinastri,Pine Hawk-Moth,Animalia,Sphingidae,Sphinx,375,500
train,108,2222,2518597,2518597,train_mini/02222_Animalia_Arthropoda_Insecta_Lepidoptera_Sphingidae_Sphinx_pinastri/984a98ed-5511-4ae5-8479-5bb379b2dbb3.jpg,Sphinx pinastri,Pine Hawk-Moth,Animalia,Sphingidae,Sphinx,375,500
train,108,2222,1013535,1013535,train_mini/02222_Animalia_Arthropoda_Insecta_Lepidoptera_Sphingidae_Sphinx_pinastri/9cdc220a-b6fe-4d1b-b358-2e82c8687f5b.jpg,Sphinx pinastri,Pine Hawk-Moth,Animalia,Sphingidae,Sphinx,375,500
train,108,2222,2206208,2206208,train_mini/02222_Animalia_Arthropoda_Insecta_Lepidoptera_Sphingidae_Sphinx_pinastri/cbaf8f92-a827-4cd0-9c5d-d7b5723a232c.jpg,Sphinx pinastri,Pine Hawk-Moth,Animalia,Sphingidae,Sphinx,500,375
train,108,2222,1706988,1706988,train_mini/02222_Animalia_Arthropoda_Insecta_Lepidoptera_Sphingidae_Sphinx_pinastri/b93b978a-657e-4f83-befa-a1f561d44467.jpg,Sphinx pinastri,Pine Hawk-Moth,Animalia,Sphingidae,Sphinx,375,500
train,108,2222,2456676,2456676,train_mini/02222_Animalia_Arthropoda_Insecta_Lepidoptera_Sphingidae_Sphinx_pinastri/b0060072-4f2a-40f5-824f-4dcc383b5e1a.jpg,Sphinx pinastri,Pine Hawk-Moth,Animalia,Sphingidae,Sphinx,500,281
train,108,2222,2417299,2417299,train_mini/02222_Animalia_Arthropoda_Insecta_Lepidoptera_Sphingidae_Sphinx_pinastri/f8297c53-e19c-46c3-8723-19469977c750.jpg,Sphinx pinastri,Pine Hawk-Moth,Animalia,Sphingidae,Sphinx,500,281
train,108,2222,2272180,2272180,train_mini/02222_Animalia_Arthropoda_Insecta_Lepidoptera_Sphingidae_Sphinx_pinastri/80be708b-915f-45b9-91d3-78c1f1aad5df.jpg,Sphinx pinastri,Pine Hawk-Moth,Animalia,Sphingidae,Sphinx,375,500
train,109,2235,2541759,2541759,train_mini/02235_Animalia_Arthropoda_Insecta_Lepidoptera_Tortricidae_Argyrotaenia_velutinana/7e549f82-f382-4bbc-92f0-66082c1f554c.jpg,Argyrotaenia velutinana,Red-banded Leafroller,Animalia,Tortricidae,Argyrotaenia,375,500
train,109,2235,1820133,1820133,train_mini/02235_Animalia_Arthropoda_Insecta_Lepidoptera_Tortricidae_Argyrotaenia_velutinana/fecfc882-6389-4f2b-b463-0a0dc747ed8f.jpg,Argyrotaenia velutinana,Red-banded Leafroller,Animalia,Tortricidae,Argyrotaenia,400,500
train,109,2235,977976,977976,train_mini/02235_Animalia_Arthropoda_Insecta_Lepidoptera_Tortricidae_Argyrotaenia_velutinana/d7e2a82a-6e9b-4888-bce3-7d2b00c89c3f.jpg,Argyrotaenia velutinana,Red-banded Leafroller,Animalia,Tortricidae,Argyrotaenia,500,375
train,109,2235,1019463,1019463,train_mini/02235_Animalia_Arthropoda_Insecta_Lepidoptera_Tortricidae_Argyrotaenia_velutinana/e7145433-5047-4a3d-b9c5-12a306c971de.jpg,Argyrotaenia velutinana,Red-banded Leafroller,Animalia,Tortricidae,Argyrotaenia,482,500
train,109,2235,1081749,1081749,train_mini/02235_Animalia_Arthropoda_Insecta_Lepidoptera_Tortricidae_Argyrotaenia_velutinana/0e8a4a6c-0251-41a3-ab54-a1d21e1ba412.jpg,Argyrotaenia velutinana,Red-banded Leafroller,Animalia,Tortricidae,Argyrotaenia,419,500
train,109,2235,2108428,2108428,train_mini/02235_Animalia_Arthropoda_Insecta_Lepidoptera_Tortricidae_Argyrotaenia_velutinana/173c3339-4f31-4098-9750-8be4f86ce184.jpg,Argyrotaenia velutinana,Red-banded Leafroller,Animalia,Tortricidae,Argyrotaenia,500,455
train,109,2235,1359254,1359254,train_mini/02235_Animalia_Arthropoda_Insecta_Lepidoptera_Tortricidae_Argyrotaenia_velutinana/5cb4789b-6100-4fc8-8c5f-f835cea1d877.jpg,Argyrotaenia velutinana,Red-banded Leafroller,Animalia,Tortricidae,Argyrotaenia,315,500
train,109,2235,665411,665411,train_mini/02235_Animalia_Arthropoda_Insecta_Lepidoptera_Tortricidae_Argyrotaenia_velutinana/f539bc85-eb09-4099-996b-6cdc016996e8.jpg,Argyrotaenia velutinana,Red-banded Leafroller,Animalia,Tortricidae,Argyrotaenia,500,374
train,110,2246,2367125,2367125,train_mini/02246_Animalia_Arthropoda_Insecta_Lepidoptera_Tortricidae_Cydia_latiferreana/c26946b6-f12c-4386-bbe7-080c291a8b9b.jpg,Cydia latiferreana,Filbertworm Moth,Animalia,Tortricidae,Cydia,260,500
train,110,2246,1315494,1315494,train_mini/02246_Animalia_Arthropoda_Insecta_Lepidoptera_Tortricidae_Cydia_latiferreana/f94be37e-1a13-43d8-a882-405970cbea53.jpg,Cydia latiferreana,Filbertworm Moth,Animalia,Tortricidae,Cydia,442,500
train,110,2246,2406579,2406579,train_mini/02246_Animalia_Arthropoda_Insecta_Lepidoptera_Tortricidae_Cydia_latiferreana/825ad472-2af4-4482-9993-eea71fab083d.jpg,Cydia latiferreana,Filbertworm Moth,Animalia,Tortricidae,Cydia,500,460
train,110,2246,2037575,2037575,train_mini/02246_Animalia_Arthropoda_Insecta_Lepidoptera_Tortricidae_Cydia_latiferreana/ac4858ea-d59f-4e6d-b570-69ca52c386ef.jpg,Cydia latiferreana,Filbertworm Moth,Animalia,Tortricidae,Cydia,478,500
train,110,2246,1045746,1045746,train_mini/02246_Animalia_Arthropoda_Insecta_Lepidoptera_Tortricidae_Cydia_latiferreana/38df9867-0a2d-46fa-a013-e32ae7cf99bf.jpg,Cydia latiferreana,Filbertworm Moth,Animalia,Tortricidae,Cydia,402,500
train,110,2246,604207,604207,train_mini/02246_Animalia_Arthropoda_Insecta_Lepidoptera_Tortricidae_Cydia_latiferreana/dc58e369-a7c5-418b-b43d-951c6f1a36af.jpg,Cydia latiferreana,Filbertworm Moth,Animalia,Tortricidae,Cydia,436,500
train,110,2246,252042,252042,train_mini/02246_Animalia_Arthropoda_Insecta_Lepidoptera_Tortricidae_Cydia_latiferreana/4abb5da3-277f-4eb3-b5b7-0108ce2b49d4.jpg,Cydia latiferreana,Filbertworm Moth,Animalia,Tortricidae,Cydia,500,435
train,110,2246,1192233,1192233,train_mini/02246_Animalia_Arthropoda_Insecta_Lepidoptera_Tortricidae_Cydia_latiferreana/30d25b8d-6ea2-487a-a4b3-86b7b5bdebc6.jpg,Cydia latiferreana,Filbertworm Moth,Animalia,Tortricidae,Cydia,375,500
train,111,2249,840321,840321,train_mini/02249_Animalia_Arthropoda_Insecta_Lepidoptera_Tortricidae_Epiblema_otiosana/3a48d9bc-206a-4408-94a1-fafe48a05542.jpg,Epiblema otiosana,Bidens Borer Moth,Animalia,Tortricidae,Epiblema,500,275
train,111,2249,1965130,1965130,train_mini/02249_Animalia_Arthropoda_Insecta_Lepidoptera_Tortricidae_Epiblema_otiosana/beb7c4e1-719d-49bc-bb89-5c49e2e1e822.jpg,Epiblema otiosana,Bidens Borer Moth,Animalia,Tortricidae,Epiblema,500,375
train,111,2249,139767,139767,train_mini/02249_Animalia_Arthropoda_Insecta_Lepidoptera_Tortricidae_Epiblema_otiosana/6bad7941-4c14-4473-b1d7-380388638bbe.jpg,Epiblema otiosana,Bidens Borer Moth,Animalia,Tortricidae,Epiblema,372,500
train,111,2249,495200,495200,train_mini/02249_Animalia_Arthropoda_Insecta_Lepidoptera_Tortricidae_Epiblema_otiosana/1c1171e9-6082-4383-bd83-bf24fab70931.jpg,Epiblema otiosana,Bidens Borer Moth,Animalia,Tortricidae,Epiblema,500,301
train,111,2249,2502124,2502124,train_mini/02249_Animalia_Arthropoda_Insecta_Lepidoptera_Tortricidae_Epiblema_otiosana/a1178907-c019-4789-a886-c3d51210052d.jpg,Epiblema otiosana,Bidens Borer Moth,Animalia,Tortricidae,Epiblema,500,333
train,111,2249,2031042,2031042,train_mini/02249_Animalia_Arthropoda_Insecta_Lepidoptera_Tortricidae_Epiblema_otiosana/ebc66e55-cc1d-4b20-97a2-856d232cb19c.jpg,Epiblema otiosana,Bidens Borer Moth,Animalia,Tortricidae,Epiblema,500,352
train,111,2249,2169286,2169286,train_mini/02249_Animalia_Arthropoda_Insecta_Lepidoptera_Tortricidae_Epiblema_otiosana/c0066540-a040-4853-b73c-69b8d81b3535.jpg,Epiblema otiosana,Bidens Borer Moth,Animalia,Tortricidae,Epiblema,425,500
train,111,2249,280411,280411,train_mini/02249_Animalia_Arthropoda_Insecta_Lepidoptera_Tortricidae_Epiblema_otiosana/ebb2c61a-0913-4f99-9977-e0e7c9907c5f.jpg,Epiblema otiosana,Bidens Borer Moth,Animalia,Tortricidae,Epiblema,300,400
train,112,2262,1643496,1643496,train_mini/02262_Animalia_Arthropoda_Insecta_Lepidoptera_Tortricidae_Platynota_rostrana/7d97c4bc-fc9a-4dc8-a240-8d60504f2f08.jpg,Platynota rostrana,Omnivorous Platynota Moth,Animalia,Tortricidae,Platynota,500,375
train,112,2262,954433,954433,train_mini/02262_Animalia_Arthropoda_Insecta_Lepidoptera_Tortricidae_Platynota_rostrana/693211e9-d094-48c7-ab41-644656aac3e1.jpg,Platynota rostrana,Omnivorous Platynota Moth,Animalia,Tortricidae,Platynota,375,500
train,112,2262,1048021,1048021,train_mini/02262_Animalia_Arthropoda_Insecta_Lepidoptera_Tortricidae_Platynota_rostrana/42fd71b2-99e0-4d2b-9fcc-3fe13ebabfda.jpg,Platynota rostrana,Omnivorous Platynota Moth,Animalia,Tortricidae,Platynota,500,455
train,112,2262,1199696,1199696,train_mini/02262_Animalia_Arthropoda_Insecta_Lepidoptera_Tortricidae_Platynota_rostrana/5725ddf3-09ec-452c-a340-56e7524edf5a.jpg,Platynota rostrana,Omnivorous Platynota Moth,Animalia,Tortricidae,Platynota,375,500
train,112,2262,356901,356901,train_mini/02262_Animalia_Arthropoda_Insecta_Lepidoptera_Tortricidae_Platynota_rostrana/8a723284-a542-4e92-a388-388fe935ef41.jpg,Platynota rostrana,Omnivorous Platynota Moth,Animalia,Tortricidae,Platynota,340,500
train,112,2262,348987,348987,train_mini/02262_Animalia_Arthropoda_Insecta_Lepidoptera_Tortricidae_Platynota_rostrana/cab3de53-2d29-41aa-86c0-9ccb2edc5cf4.jpg,Platynota rostrana,Omnivorous Platynota Moth,Animalia,Tortricidae,Platynota,333,500
train,112,2262,2032197,2032197,train_mini/02262_Animalia_Arthropoda_Insecta_Lepidoptera_Tortricidae_Platynota_rostrana/ea34dcd5-a18a-41fc-b98d-adcb3c144214.jpg,Platynota rostrana,Omnivorous Platynota Moth,Animalia,Tortricidae,Platynota,500,375
train,112,2262,1631967,1631967,train_mini/02262_Animalia_Arthropoda_Insecta_Lepidoptera_Tortricidae_Platynota_rostrana/cf6cfd6b-7e92-4672-a40f-b14b14a19719.jpg,Platynota rostrana,Omnivorous Platynota Moth,Animalia,Tortricidae,Platynota,500,305
train,113,2284,1251080,1251080,train_mini/02284_Animalia_Arthropoda_Insecta_Mantodea_Mantidae_Orthodera_ministralis/a20a9b1c-78c9-4f3b-9ca7-62daf4958f17.jpg,Orthodera ministralis,Australian Green Mantis,Animalia,Mantidae,Orthodera,281,500
train,113,2284,1166205,1166205,train_mini/02284_Animalia_Arthropoda_Insecta_Mantodea_Mantidae_Orthodera_ministralis/20055da2-c7ee-4aeb-9947-c2c292263ad0.jpg,Orthodera ministralis,Australian Green Mantis,Animalia,Mantidae,Orthodera,500,333
train,113,2284,1754745,1754745,train_mini/02284_Animalia_Arthropoda_Insecta_Mantodea_Mantidae_Orthodera_ministralis/19915344-b22f-4387-8198-882385080445.jpg,Orthodera ministralis,Australian Green Mantis,Animalia,Mantidae,Orthodera,500,375
train,113,2284,744400,744400,train_mini/02284_Animalia_Arthropoda_Insecta_Mantodea_Mantidae_Orthodera_ministralis/61b5e999-dff1-4687-ae0f-89b63c9479e3.jpg,Orthodera ministralis,Australian Green Mantis,Animalia,Mantidae,Orthodera,375,500
train,113,2284,2637980,2637980,train_mini/02284_Animalia_Arthropoda_Insecta_Mantodea_Mantidae_Orthodera_ministralis/7a240ac1-a6ef-49ee-8ddc-d8b0983b849b.jpg,Orthodera ministralis,Australian Green Mantis,Animalia,Mantidae,Orthodera,500,401
train,113,2284,1899381,1899381,train_mini/02284_Animalia_Arthropoda_Insecta_Mantodea_Mantidae_Orthodera_ministralis/18868549-6b41-4c8f-ba45-8b4d82b04261.jpg,Orthodera ministralis,Australian Green Mantis,Animalia,Mantidae,Orthodera,374,500
train,113,2284,2380611,2380611,train_mini/02284_Animalia_Arthropoda_Insecta_Mantodea_Mantidae_Orthodera_ministralis/b4c26105-a76d-4d2f-96ad-c74fde3e654a.jpg,Orthodera ministralis,Australian Green Mantis,Animalia,Mantidae,Orthodera,500,333
train,113,2284,2488540,2488540,train_mini/02284_Animalia_Arthropoda_Insecta_Mantodea_Mantidae_Orthodera_ministralis/8256310b-4013-4d23-81ac-ac76a4994aa1.jpg,Orthodera ministralis,Australian Green Mantis,Animalia,Mantidae,Orthodera,500,375
train,114,2297,941366,941366,train_mini/02297_Animalia_Arthropoda_Insecta_Neuroptera_Chrysopidae_Chrysopa_oculata/ce036b8c-b784-476f-a453-4ac0dd5bc148.jpg,Chrysopa oculata,Chrysopa oculata,Animalia,Chrysopidae,Chrysopa,500,333
train,114,2297,450332,450332,train_mini/02297_Animalia_Arthropoda_Insecta_Neuroptera_Chrysopidae_Chrysopa_oculata/104c4e14-7289-447e-a111-705f02e4be58.jpg,Chrysopa oculata,Chrysopa oculata,Animalia,Chrysopidae,Chrysopa,500,375
train,114,2297,582607,582607,train_mini/02297_Animalia_Arthropoda_Insecta_Neuroptera_Chrysopidae_Chrysopa_oculata/5c01ffe5-d1ca-4259-bd65-f8c9122158af.jpg,Chrysopa oculata,Chrysopa oculata,Animalia,Chrysopidae,Chrysopa,500,333
train,114,2297,1993084,1993084,train_mini/02297_Animalia_Arthropoda_Insecta_Neuroptera_Chrysopidae_Chrysopa_oculata/e72ba3bb-bacd-4916-8686-e9f4321f88fe.jpg,Chrysopa oculata,Chrysopa oculata,Animalia,Chrysopidae,Chrysopa,375,500
train,114,2297,2251110,2251110,train_mini/02297_Animalia_Arthropoda_Insecta_Neuroptera_Chrysopidae_Chrysopa_oculata/77bc5a5a-dc80-45a6-b839-78c13ffcc752.jpg,Chrysopa oculata,Chrysopa oculata,Animalia,Chrysopidae,Chrysopa,395,500
train,114,2297,2275676,2275676,train_mini/02297_Animalia_Arthropoda_Insecta_Neuroptera_Chrysopidae_Chrysopa_oculata/155a29df-98f3-4872-85ed-e333cf90ae82.jpg,Chrysopa oculata,Chrysopa oculata,Animalia,Chrysopidae,Chrysopa,375,500
train,114,2297,892753,892753,train_mini/02297_Animalia_Arthropoda_Insecta_Neuroptera_Chrysopidae_Chrysopa_oculata/56c3e403-0a00-48eb-bad6-120e1c3aeaf5.jpg,Chrysopa oculata,Chrysopa oculata,Animalia,Chrysopidae,Chrysopa,375,500
train,114,2297,2597605,2597605,train_mini/02297_Animalia_Arthropoda_Insecta_Neuroptera_Chrysopidae_Chrysopa_oculata/82657abf-cc1a-4d68-a9a3-4a88297c7ade.jpg,Chrysopa oculata,Chrysopa oculata,Animalia,Chrysopidae,Chrysopa,375,500
train,115,2303,1685537,1685537,train_mini/02303_Animalia_Arthropoda_Insecta_Neuroptera_Myrmeleontidae_Libelloides_coccajus/3ee47ec2-9a68-43aa-9ff7-f90ca78c8ba1.jpg,Libelloides coccajus,Owly Sulphur,Animalia,Myrmeleontidae,Libelloides,500,333
train,115,2303,804171,804171,train_mini/02303_Animalia_Arthropoda_Insecta_Neuroptera_Myrmeleontidae_Libelloides_coccajus/a4283a22-a721-4b5c-962c-dfe27ff6ddd5.jpg,Libelloides coccajus,Owly Sulphur,Animalia,Myrmeleontidae,Libelloides,281,500
train,115,2303,2559576,2559576,train_mini/02303_Animalia_Arthropoda_Insecta_Neuroptera_Myrmeleontidae_Libelloides_coccajus/d8e8b89b-2ed3-4f23-943f-09b9851eb9e3.jpg,Libelloides coccajus,Owly Sulphur,Animalia,Myrmeleontidae,Libelloides,500,375
train,115,2303,307199,307199,train_mini/02303_Animalia_Arthropoda_Insecta_Neuroptera_Myrmeleontidae_Libelloides_coccajus/24b5a113-aec0-4ce5-ba63-2fe0c9a9d4f6.jpg,Libelloides coccajus,Owly Sulphur,Animalia,Myrmeleontidae,Libelloides,500,333
train,115,2303,1096841,1096841,train_mini/02303_Animalia_Arthropoda_Insecta_Neuroptera_Myrmeleontidae_Libelloides_coccajus/ca7c257e-8541-49a8-abd5-74f2e2e0f360.jpg,Libelloides coccajus,Owly Sulphur,Animalia,Myrmeleontidae,Libelloides,500,341
train,115,2303,1993930,1993930,train_mini/02303_Animalia_Arthropoda_Insecta_Neuroptera_Myrmeleontidae_Libelloides_coccajus/ee2b2f66-61d3-4587-a56e-ad58df2f58bd.jpg,Libelloides coccajus,Owly Sulphur,Animalia,Myrmeleontidae,Libelloides,375,500
train,115,2303,1538777,1538777,train_mini/02303_Animalia_Arthropoda_Insecta_Neuroptera_Myrmeleontidae_Libelloides_coccajus/2892e4fe-81c0-4a49-a17f-363a81a1dd2b.jpg,Libelloides coccajus,Owly Sulphur,Animalia,Myrmeleontidae,Libelloides,335,500
train,115,2303,1897411,1897411,train_mini/02303_Animalia_Arthropoda_Insecta_Neuroptera_Myrmeleontidae_Libelloides_coccajus/e3b21959-9362-45d3-95aa-b5cd7c80ab69.jpg,Libelloides coccajus,Owly Sulphur,Animalia,Myrmeleontidae,Libelloides,500,333
train,116,2332,2047367,2047367,train_mini/02332_Animalia_Arthropoda_Insecta_Odonata_Calopterygidae_Calopteryx_maculata/656fcd56-7140-40ee-919a-1afd02957c26.jpg,Calopteryx maculata,Ebony Jewelwing,Animalia,Calopterygidae,Calopteryx,375,500
train,116,2332,110876,110876,train_mini/02332_Animalia_Arthropoda_Insecta_Odonata_Calopterygidae_Calopteryx_maculata/a4c833ed-b435-4e59-a80c-af7d3aa5bdab.jpg,Calopteryx maculata,Ebony Jewelwing,Animalia,Calopterygidae,Calopteryx,333,500
train,116,2332,2201638,2201638,train_mini/02332_Animalia_Arthropoda_Insecta_Odonata_Calopterygidae_Calopteryx_maculata/ec8f582e-19dc-42b0-80e5-ed669b6e5aeb.jpg,Calopteryx maculata,Ebony Jewelwing,Animalia,Calopterygidae,Calopteryx,488,500
train,116,2332,1885741,1885741,train_mini/02332_Animalia_Arthropoda_Insecta_Odonata_Calopterygidae_Calopteryx_maculata/d7542710-a93b-4ce8-84b4-86a75f347c8b.jpg,Calopteryx maculata,Ebony Jewelwing,Animalia,Calopterygidae,Calopteryx,500,375
train,116,2332,91695,91695,train_mini/02332_Animalia_Arthropoda_Insecta_Odonata_Calopterygidae_Calopteryx_maculata/9217beef-62a1-48f8-acb8-5d80cae135af.jpg,Calopteryx maculata,Ebony Jewelwing,Animalia,Calopterygidae,Calopteryx,500,375
train,116,2332,1880037,1880037,train_mini/02332_Animalia_Arthropoda_Insecta_Odonata_Calopterygidae_Calopteryx_maculata/00df7e79-3d68-4869-9b7a-32db6d506bcd.jpg,Calopteryx maculata,Ebony Jewelwing,Animalia,Calopterygidae,Calopteryx,375,500
train,116,2332,2640847,2640847,train_mini/02332_Animalia_Arthropoda_Insecta_Odonata_Calopterygidae_Calopteryx_maculata/736ccad2-45f8-45e3-88a1-fe689d795505.jpg,Calopteryx maculata,Ebony Jewelwing,Animalia,Calopterygidae,Calopteryx,500,466
train,116,2332,305006,305006,train_mini/02332_Animalia_Arthropoda_Insecta_Odonata_Calopterygidae_Calopteryx_maculata/553d5513-8307-4a6b-9fd8-9fd875429db3.jpg,Calopteryx maculata,Ebony Jewelwing,Animalia,Calopterygidae,Calopteryx,500,320
train,117,2369,1994538,1994538,train_mini/02369_Animalia_Arthropoda_Insecta_Odonata_Coenagrionidae_Enallagma_cyathigerum/625aca1c-b96d-466e-85c4-f4386bab1e9d.jpg,Enallagma cyathigerum,Common Blue Damselfly,Animalia,Coenagrionidae,Enallagma,500,333
train,117,2369,2018342,2018342,train_mini/02369_Animalia_Arthropoda_Insecta_Odonata_Coenagrionidae_Enallagma_cyathigerum/faf0de54-a6ca-4290-9a87-d1cf5de6ccb3.jpg,Enallagma cyathigerum,Common Blue Damselfly,Animalia,Coenagrionidae,Enallagma,500,310
train,117,2369,628926,628926,train_mini/02369_Animalia_Arthropoda_Insecta_Odonata_Coenagrionidae_Enallagma_cyathigerum/ababc222-e627-45dd-a17b-d0db2cb2a1f2.jpg,Enallagma cyathigerum,Common Blue Damselfly,Animalia,Coenagrionidae,Enallagma,500,386
train,117,2369,1695824,1695824,train_mini/02369_Animalia_Arthropoda_Insecta_Odonata_Coenagrionidae_Enallagma_cyathigerum/7a61f49e-a219-46a8-828b-4bde6fae9311.jpg,Enallagma cyathigerum,Common Blue Damselfly,Animalia,Coenagrionidae,Enallagma,500,333
train,117,2369,2655986,2655986,train_mini/02369_Animalia_Arthropoda_Insecta_Odonata_Coenagrionidae_Enallagma_cyathigerum/508446bb-7206-452c-9ba3-063b37cbceb8.jpg,Enallagma cyathigerum,Common Blue Damselfly,Animalia,Coenagrionidae,Enallagma,377,500
train,117,2369,1985325,1985325,train_mini/02369_Animalia_Arthropoda_Insecta_Odonata_Coenagrionidae_Enallagma_cyathigerum/ad522b39-fcc1-4b74-91f4-0c26130508be.jpg,Enallagma cyathigerum,Common Blue Damselfly,Animalia,Coenagrionidae,Enallagma,500,375
train,117,2369,2124121,2124121,train_mini/02369_Animalia_Arthropoda_Insecta_Odonata_Coenagrionidae_Enallagma_cyathigerum/924c6c74-eb34-4bca-baad-443b10fbf466.jpg,Enallagma cyathigerum,Common Blue Damselfly,Animalia,Coenagrionidae,Enallagma,500,375
train,117,2369,1450227,1450227,train_mini/02369_Animalia_Arthropoda_Insecta_Odonata_Coenagrionidae_Enallagma_cyathigerum/6754abd7-99ed-4090-87da-3fd4d56bba74.jpg,Enallagma cyathigerum,Common Blue Damselfly,Animalia,Coenagrionidae,Enallagma,500,319
train,118,2375,453415,453415,train_mini/02375_Animalia_Arthropoda_Insecta_Odonata_Coenagrionidae_Enallagma_geminatum/430d359f-f240-43b7-ad04-e40d59be3bc8.jpg,Enallagma geminatum,Skimming Bluet,Animalia,Coenagrionidae,Enallagma,500,375
train,118,2375,1162422,1162422,train_mini/02375_Animalia_Arthropoda_Insecta_Odonata_Coenagrionidae_Enallagma_geminatum/979d11ec-73f4-49b7-8abc-bea3eb199f25.jpg,Enallagma geminatum,Skimming Bluet,Animalia,Coenagrionidae,Enallagma,500,322
train,118,2375,2324758,2324758,train_mini/02375_Animalia_Arthropoda_Insecta_Odonata_Coenagrionidae_Enallagma_geminatum/9628a817-428c-4313-aa0a-3304b1416337.jpg,Enallagma geminatum,Skimming Bluet,Animalia,Coenagrionidae,Enallagma,500,357
train,118,2375,2283752,2283752,train_mini/02375_Animalia_Arthropoda_Insecta_Odonata_Coenagrionidae_Enallagma_geminatum/05f66360-5927-4171-addc-97c46ca0ae34.jpg,Enallagma geminatum,Skimming Bluet,Animalia,Coenagrionidae,Enallagma,500,404
train,118,2375,2393397,2393397,train_mini/02375_Animalia_Arthropoda_Insecta_Odonata_Coenagrionidae_Enallagma_geminatum/89a54430-b553-4e58-86d6-d15dfd1021f5.jpg,Enallagma geminatum,Skimming Bluet,Animalia,Coenagrionidae,Enallagma,500,399
train,118,2375,2276257,2276257,train_mini/02375_Animalia_Arthropoda_Insecta_Odonata_Coenagrionidae_Enallagma_geminatum/02de6714-6694-421d-a3ff-96308d282825.jpg,Enallagma geminatum,Skimming Bluet,Animalia,Coenagrionidae,Enallagma,500,282
train,118,2375,2109170,2109170,train_mini/02375_Animalia_Arthropoda_Insecta_Odonata_Coenagrionidae_Enallagma_geminatum/b170c56d-8473-4274-a30c-b069455599d1.jpg,Enallagma geminatum,Skimming Bluet,Animalia,Coenagrionidae,Enallagma,500,303
train,118,2375,2130482,2130482,train_mini/02375_Animalia_Arthropoda_Insecta_Odonata_Coenagrionidae_Enallagma_geminatum/b7bd7430-0d9e-4a44-b217-cce9ccb3beeb.jpg,Enallagma geminatum,Skimming Bluet,Animalia,Coenagrionidae,Enallagma,500,500
train,119,2427,111020,111020,train_mini/02427_Animalia_Arthropoda_Insecta_Odonata_Gomphidae_Erpetogomphus_designatus/90b9832d-6181-4e25-9924-f623eb836e6f.jpg,Erpetogomphus designatus,Eastern Ringtail,Animalia,Gomphidae,Erpetogomphus,375,500
train,119,2427,551796,551796,train_mini/02427_Animalia_Arthropoda_Insecta_Odonata_Gomphidae_Erpetogomphus_designatus/c831a70d-7c57-4d55-aaa0-0fa6497cf316.jpg,Erpetogomphus designatus,Eastern Ringtail,Animalia,Gomphidae,Erpetogomphus,500,408
train,119,2427,2117118,2117118,train_mini/02427_Animalia_Arthropoda_Insecta_Odonata_Gomphidae_Erpetogomphus_designatus/a1e404ce-50bd-4673-86ab-2ccba26a1d41.jpg,Erpetogomphus designatus,Eastern Ringtail,Animalia,Gomphidae,Erpetogomphus,500,500
train,119,2427,95080,95080,train_mini/02427_Animalia_Arthropoda_Insecta_Odonata_Gomphidae_Erpetogomphus_designatus/b35b13c7-0187-4524-b5b6-1875897541b8.jpg,Erpetogomphus designatus,Eastern Ringtail,Animalia,Gomphidae,Erpetogomphus,500,469
train,119,2427,449892,449892,train_mini/02427_Animalia_Arthropoda_Insecta_Odonata_Gomphidae_Erpetogomphus_designatus/09b0571d-4429-4ffc-9574-12d0bb2231b4.jpg,Erpetogomphus designatus,Eastern Ringtail,Animalia,Gomphidae,Erpetogomphus,500,375
train,119,2427,2184191,2184191,train_mini/02427_Animalia_Arthropoda_Insecta_Odonata_Gomphidae_Erpetogomphus_designatus/e709f0cb-3e0b-417d-af5b-411c688c377b.jpg,Erpetogomphus designatus,Eastern Ringtail,Animalia,Gomphidae,Erpetogomphus,500,375
train,119,2427,1140240,1140240,train_mini/02427_Animalia_Arthropoda_Insecta_Odonata_Gomphidae_Erpetogomphus_designatus/815a8ed3-9f85-4b1d-8f13-9932263ae4b2.jpg,Erpetogomphus designatus,Eastern Ringtail,Animalia,Gomphidae,Erpetogomphus,500,500
train,119,2427,232207,232207,train_mini/02427_Animalia_Arthropoda_Insecta_Odonata_Gomphidae_Erpetogomphus_designatus/d8b57ecb-5877-4d1d-9def-8d8594920551.jpg,Erpetogomphus designatus,Eastern Ringtail,Animalia,Gomphidae,Erpetogomphus,500,375
train,120,2432,1803088,1803088,train_mini/02432_Animalia_Arthropoda_Insecta_Odonata_Gomphidae_Hagenius_brevistylus/bb7d3fe1-0da5-4464-a0ea-8f1f8a2c0401.jpg,Hagenius brevistylus,Dragonhunter,Animalia,Gomphidae,Hagenius,375,500
train,120,2432,1066664,1066664,train_mini/02432_Animalia_Arthropoda_Insecta_Odonata_Gomphidae_Hagenius_brevistylus/74f6821e-96de-4b32-8a20-65e3e5f1c92c.jpg,Hagenius brevistylus,Dragonhunter,Animalia,Gomphidae,Hagenius,375,500
train,120,2432,506351,506351,train_mini/02432_Animalia_Arthropoda_Insecta_Odonata_Gomphidae_Hagenius_brevistylus/8547686d-ff59-461f-95dd-e65c7f03ae05.jpg,Hagenius brevistylus,Dragonhunter,Animalia,Gomphidae,Hagenius,500,238
train,120,2432,98614,98614,train_mini/02432_Animalia_Arthropoda_Insecta_Odonata_Gomphidae_Hagenius_brevistylus/29d04604-2bdb-4faa-8f3d-83e616442588.jpg,Hagenius brevistylus,Dragonhunter,Animalia,Gomphidae,Hagenius,306,500
train,120,2432,957981,957981,train_mini/02432_Animalia_Arthropoda_Insecta_Odonata_Gomphidae_Hagenius_brevistylus/13f2d5cc-b3c3-4008-848b-508256056165.jpg,Hagenius brevistylus,Dragonhunter,Animalia,Gomphidae,Hagenius,500,375
train,120,2432,573879,573879,train_mini/02432_Animalia_Arthropoda_Insecta_Odonata_Gomphidae_Hagenius_brevistylus/b562881f-3e6b-414a-81ec-fc60d5d04103.jpg,Hagenius brevistylus,Dragonhunter,Animalia,Gomphidae,Hagenius,375,500
train,120,2432,2164259,2164259,train_mini/02432_Animalia_Arthropoda_Insecta_Odonata_Gomphidae_Hagenius_brevistylus/70751b5d-a2f9-44d4-8678-07593cb2e385.jpg,Hagenius brevistylus,Dragonhunter,Animalia,Gomphidae,Hagenius,500,375
train,120,2432,994214,994214,train_mini/02432_Animalia_Arthropoda_Insecta_Odonata_Gomphidae_Hagenius_brevistylus/803ad698-2b97-4e22-a104-dbcc1be8b4a1.jpg,Hagenius brevistylus,Dragonhunter,Animalia,Gomphidae,Hagenius,384,500
train,121,2463,2142903,2142903,train_mini/02463_Animalia_Arthropoda_Insecta_Odonata_Lestidae_Lestes_virens/7aaa8d15-2b0f-4c8a-af3e-1f2a5192588b.jpg,Lestes virens,Small Spreadwing,Animalia,Lestidae,Lestes,500,333
train,121,2463,1270071,1270071,train_mini/02463_Animalia_Arthropoda_Insecta_Odonata_Lestidae_Lestes_virens/a8175df8-6913-4426-8442-33189b3143e0.jpg,Lestes virens,Small Spreadwing,Animalia,Lestidae,Lestes,500,375
train,121,2463,2287375,2287375,train_mini/02463_Animalia_Arthropoda_Insecta_Odonata_Lestidae_Lestes_virens/b6bc10b1-a1d0-4706-93a1-64fdd2a269c6.jpg,Lestes virens,Small Spreadwing,Animalia,Lestidae,Lestes,500,380
train,121,2463,678039,678039,train_mini/02463_Animalia_Arthropoda_Insecta_Odonata_Lestidae_Lestes_virens/849632e5-ce3d-44ad-b085-e8c6a07d51bc.jpg,Lestes virens,Small Spreadwing,Animalia,Lestidae,Lestes,500,375
train,121,2463,92406,92406,train_mini/02463_Animalia_Arthropoda_Insecta_Odonata_Lestidae_Lestes_virens/bde1ba7a-233e-4190-a73f-53f3cb7d7331.jpg,Lestes virens,Small Spreadwing,Animalia,Lestidae,Lestes,500,313
train,121,2463,2213428,2213428,train_mini/02463_Animalia_Arthropoda_Insecta_Odonata_Lestidae_Lestes_virens/b2bb06ce-df91-44c4-8fe2-e89fe3992d98.jpg,Lestes virens,Small Spreadwing,Animalia,Lestidae,Lestes,500,330
train,121,2463,2465889,2465889,train_mini/02463_Animalia_Arthropoda_Insecta_Odonata_Lestidae_Lestes_virens/d03c5e01-c7c3-46d4-b4ce-f740d7d80367.jpg,Lestes virens,Small Spreadwing,Animalia,Lestidae,Lestes,500,375
train,121,2463,2388650,2388650,train_mini/02463_Animalia_Arthropoda_Insecta_Odonata_Lestidae_Lestes_virens/8f7af8ec-1c97-4e1f-ae17-49f1f3777a01.jpg,Lestes virens,Small Spreadwing,Animalia,Lestidae,Lestes,351,500
train,122,2527,158572,158572,train_mini/02527_Animalia_Arthropoda_Insecta_Odonata_Libellulidae_Neurothemis_taiwanensis/85119eba-e71b-4321-be0e-3299b5affb26.jpg,Neurothemis taiwanensis,Neurothemis taiwanensis,Animalia,Libellulidae,Neurothemis,500,377
train,122,2527,1185346,1185346,train_mini/02527_Animalia_Arthropoda_Insecta_Odonata_Libellulidae_Neurothemis_taiwanensis/f0f1fd0e-a366-4d48-94c1-25191c7a4e03.jpg,Neurothemis taiwanensis,Neurothemis taiwanensis,Animalia,Libellulidae,Neurothemis,500,375
train,122,2527,2094315,2094315,train_mini/02527_Animalia_Arthropoda_Insecta_Odonata_Libellulidae_Neurothemis_taiwanensis/1e04e0ea-a189-4be9-8682-653a885547fa.jpg,Neurothemis taiwanensis,Neurothemis taiwanensis,Animalia,Libellulidae,Neurothemis,500,375
train,122,2527,1978340,1978340,train_mini/02527_Animalia_Arthropoda_Insecta_Odonata_Libellulidae_Neurothemis_taiwanensis/0549be39-b127-426f-b32e-6101d399f639.jpg,Neurothemis taiwanensis,Neurothemis taiwanensis,Animalia,Libellulidae,Neurothemis,500,375
train,122,2527,2531711,2531711,train_mini/02527_Animalia_Arthropoda_Insecta_Odonata_Libellulidae_Neurothemis_taiwanensis/f42276db-f691-48b1-a350-5fc8500b6abc.jpg,Neurothemis taiwanensis,Neurothemis taiwanensis,Animalia,Libellulidae,Neurothemis,500,375
train,122,2527,1648953,1648953,train_mini/02527_Animalia_Arthropoda_Insecta_Odonata_Libellulidae_Neurothemis_taiwanensis/964e1b9f-aa54-4fc5-bd25-8cd0888148c4.jpg,Neurothemis taiwanensis,Neurothemis taiwanensis,Animalia,Libellulidae,Neurothemis,500,375
train,122,2527,1074519,1074519,train_mini/02527_Animalia_Arthropoda_Insecta_Odonata_Libellulidae_Neurothemis_taiwanensis/088e88d1-186a-4007-9002-cddd97b2d464.jpg,Neurothemis taiwanensis,Neurothemis taiwanensis,Animalia,Libellulidae,Neurothemis,500,375
train,122,2527,1821542,1821542,train_mini/02527_Animalia_Arthropoda_Insecta_Odonata_Libellulidae_Neurothemis_taiwanensis/66aafff6-2958-4402-b08a-71c2a74d1a41.jpg,Neurothemis taiwanensis,Neurothemis taiwanensis,Animalia,Libellulidae,Neurothemis,500,375
train,123,2628,531080,531080,train_mini/02628_Animalia_Arthropoda_Insecta_Orthoptera_Acrididae_Pseudochorthippus_curtipennis/98ef61cf-6dcb-49cc-9f80-4e5979f713ed.jpg,Pseudochorthippus curtipennis,Marsh meadow grasshopper,Animalia,Acrididae,Pseudochorthippus,500,375
train,123,2628,938588,938588,train_mini/02628_Animalia_Arthropoda_Insecta_Orthoptera_Acrididae_Pseudochorthippus_curtipennis/840dcdae-993f-4404-a5d2-3e2cc4e03c3b.jpg,Pseudochorthippus curtipennis,Marsh meadow grasshopper,Animalia,Acrididae,Pseudochorthippus,243,500
train,123,2628,532579,532579,train_mini/02628_Animalia_Arthropoda_Insecta_Orthoptera_Acrididae_Pseudochorthippus_curtipennis/697ac248-fced-4262-99d6-d8180e319ab7.jpg,Pseudochorthippus curtipennis,Marsh meadow grasshopper,Animalia,Acrididae,Pseudochorthippus,462,500
train,123,2628,1138208,1138208,train_mini/02628_Animalia_Arthropoda_Insecta_Orthoptera_Acrididae_Pseudochorthippus_curtipennis/6965d7fa-e4d9-479e-a376-8bc7e5d42137.jpg,Pseudochorthippus curtipennis,Marsh meadow grasshopper,Animalia,Acrididae,Pseudochorthippus,375,500
train,123,2628,1138405,1138405,train_mini/02628_Animalia_Arthropoda_Insecta_Orthoptera_Acrididae_Pseudochorthippus_curtipennis/b6b7e5fc-f20f-48db-b356-a0c9322c34ad.jpg,Pseudochorthippus curtipennis,Marsh meadow grasshopper,Animalia,Acrididae,Pseudochorthippus,500,453
train,123,2628,220401,220401,train_mini/02628_Animalia_Arthropoda_Insecta_Orthoptera_Acrididae_Pseudochorthippus_curtipennis/98051a56-7111-4dc0-8e47-20551e9fbeec.jpg,Pseudochorthippus curtipennis,Marsh meadow grasshopper,Animalia,Acrididae,Pseudochorthippus,392,500
train,123,2628,541093,541093,train_mini/02628_Animalia_Arthropoda_Insecta_Orthoptera_Acrididae_Pseudochorthippus_curtipennis/bcd7afc2-e494-4a57-9326-5c50b7634fc7.jpg,Pseudochorthippus curtipennis,Marsh meadow grasshopper,Animalia,Acrididae,Pseudochorthippus,375,500
train,123,2628,2119762,2119762,train_mini/02628_Animalia_Arthropoda_Insecta_Orthoptera_Acrididae_Pseudochorthippus_curtipennis/8798eea4-066b-41be-888e-396e7dbd996c.jpg,Pseudochorthippus curtipennis,Marsh meadow grasshopper,Animalia,Acrididae,Pseudochorthippus,500,342
train,124,2633,2215996,2215996,train_mini/02633_Animalia_Arthropoda_Insecta_Orthoptera_Acrididae_Schistocerca_obscura/059a1aca-d1be-42be-903a-7c55fed75c00.jpg,Schistocerca obscura,Obscure Bird Grasshopper,Animalia,Acrididae,Schistocerca,375,500
train,124,2633,2264369,2264369,train_mini/02633_Animalia_Arthropoda_Insecta_Orthoptera_Acrididae_Schistocerca_obscura/ad2a4d67-b8e3-4fe9-b992-b6ba34d4e25d.jpg,Schistocerca obscura,Obscure Bird Grasshopper,Animalia,Acrididae,Schistocerca,500,500
train,124,2633,977901,977901,train_mini/02633_Animalia_Arthropoda_Insecta_Orthoptera_Acrididae_Schistocerca_obscura/ed342639-5474-4edd-b0df-c9fbf6c82f3a.jpg,Schistocerca obscura,Obscure Bird Grasshopper,Animalia,Acrididae,Schistocerca,375,500
train,124,2633,1108118,1108118,train_mini/02633_Animalia_Arthropoda_Insecta_Orthoptera_Acrididae_Schistocerca_obscura/3c577941-fcd7-4eae-8e7c-f4554d4cf4df.jpg,Schistocerca obscura,Obscure Bird Grasshopper,Animalia,Acrididae,Schistocerca,500,375
train,124,2633,1205188,1205188,train_mini/02633_Animalia_Arthropoda_Insecta_Orthoptera_Acrididae_Schistocerca_obscura/2d538bb1-67db-4f3d-8a3c-04bcc21ef35c.jpg,Schistocerca obscura,Obscure Bird Grasshopper,Animalia,Acrididae,Schistocerca,375,500
train,124,2633,1158445,1158445,train_mini/02633_Animalia_Arthropoda_Insecta_Orthoptera_Acrididae_Schistocerca_obscura/bbbd7133-ac64-4c53-bdf5-14c35be7181a.jpg,Schistocerca obscura,Obscure Bird Grasshopper,Animalia,Acrididae,Schistocerca,421,500
train,124,2633,2350025,2350025,train_mini/02633_Animalia_Arthropoda_Insecta_Orthoptera_Acrididae_Schistocerca_obscura/17cde811-8398-4769-9367-ce369b99a52b.jpg,Schistocerca obscura,Obscure Bird Grasshopper,Animalia,Acrididae,Schistocerca,333,500
train,124,2633,2313665,2313665,train_mini/02633_Animalia_Arthropoda_Insecta_Orthoptera_Acrididae_Schistocerca_obscura/3fd93d5c-14ce-4353-8fec-7e9ada687d5d.jpg,Schistocerca obscura,Obscure Bird Grasshopper,Animalia,Acrididae,Schistocerca,377,500
train,125,2668,2635968,2635968,train_mini/02668_Animalia_Arthropoda_Insecta_Orthoptera_Tettigoniidae_Conocephalus_fuscus/a37196fe-13d2-4644-83f7-39bf832175a0.jpg,Conocephalus fuscus,Long-winged Conehead,Animalia,Tettigoniidae,Conocephalus,500,373
train,125,2668,2165788,2165788,train_mini/02668_Animalia_Arthropoda_Insecta_Orthoptera_Tettigoniidae_Conocephalus_fuscus/fdb7e17f-912e-4147-a336-016e872b57db.jpg,Conocephalus fuscus,Long-winged Conehead,Animalia,Tettigoniidae,Conocephalus,375,500
train,125,2668,2144610,2144610,train_mini/02668_Animalia_Arthropoda_Insecta_Orthoptera_Tettigoniidae_Conocephalus_fuscus/b71ba2a6-1251-4058-94c5-c00ff4f0c533.jpg,Conocephalus fuscus,Long-winged Conehead,Animalia,Tettigoniidae,Conocephalus,500,335
train,125,2668,2547125,2547125,train_mini/02668_Animalia_Arthropoda_Insecta_Orthoptera_Tettigoniidae_Conocephalus_fuscus/af0a22b9-6a93-4c5f-b803-999716433ea5.jpg,Conocephalus fuscus,Long-winged Conehead,Animalia,Tettigoniidae,Conocephalus,500,352
train,125,2668,1583229,1583229,train_mini/02668_Animalia_Arthropoda_Insecta_Orthoptera_Tettigoniidae_Conocephalus_fuscus/a6883733-06a7-4154-af1c-a7ab08101e07.jpg,Conocephalus fuscus,Long-winged Conehead,Animalia,Tettigoniidae,Conocephalus,375,500
train,125,2668,2166180,2166180,train_mini/02668_Animalia_Arthropoda_Insecta_Orthoptera_Tettigoniidae_Conocephalus_fuscus/84ccb173-d2cc-45c7-99da-bfd205715250.jpg,Conocephalus fuscus,Long-winged Conehead,Animalia,Tettigoniidae,Conocephalus,500,380
train,125,2668,452802,452802,train_mini/02668_Animalia_Arthropoda_Insecta_Orthoptera_Tettigoniidae_Conocephalus_fuscus/59a80007-c7b7-4195-b039-5a63dcab73c6.jpg,Conocephalus fuscus,Long-winged Conehead,Animalia,Tettigoniidae,Conocephalus,375,500
train,125,2668,2045502,2045502,train_mini/02668_Animalia_Arthropoda_Insecta_Orthoptera_Tettigoniidae_Conocephalus_fuscus/39604308-0465-4592-9879-ec48cbb9db43.jpg,Conocephalus fuscus,Long-winged Conehead,Animalia,Tettigoniidae,Conocephalus,500,281
train,126,2702,2003542,2003542,train_mini/02702_Animalia_Arthropoda_Malacostraca_Decapoda_Cambaridae_Faxonius_virilis/03edfbc5-abe2-4074-b9ac-00fef3024fa4.jpg,Faxonius virilis,Virile Crayfish,Animalia,Cambaridae,Faxonius,375,500
train,126,2702,1507448,1507448,train_mini/02702_Animalia_Arthropoda_Malacostraca_Decapoda_Cambaridae_Faxonius_virilis/253f96e4-3cbb-4141-b20d-9ca20095c9bc.jpg,Faxonius virilis,Virile Crayfish,Animalia,Cambaridae,Faxonius,500,375
train,126,2702,568559,568559,train_mini/02702_Animalia_Arthropoda_Malacostraca_Decapoda_Cambaridae_Faxonius_virilis/e575d7ff-0346-4673-bb6e-2633157658c6.jpg,Faxonius virilis,Virile Crayfish,Animalia,Cambaridae,Faxonius,375,500
train,126,2702,2297763,2297763,train_mini/02702_Animalia_Arthropoda_Malacostraca_Decapoda_Cambaridae_Faxonius_virilis/ffa2ba05-1716-429e-a414-2dfdbd65db8c.jpg,Faxonius virilis,Virile Crayfish,Animalia,Cambaridae,Faxonius,500,333
train,126,2702,1561815,1561815,train_mini/02702_Animalia_Arthropoda_Malacostraca_Decapoda_Cambaridae_Faxonius_virilis/2d2c3fef-2833-4769-aea3-6e5578b26259.jpg,Faxonius virilis,Virile Crayfish,Animalia,Cambaridae,Faxonius,500,491
train,126,2702,1367172,1367172,train_mini/02702_Animalia_Arthropoda_Malacostraca_Decapoda_Cambaridae_Faxonius_virilis/4e526628-2a3d-4546-a63f-8285ef4c2105.jpg,Faxonius virilis,Virile Crayfish,Animalia,Cambaridae,Faxonius,500,500
train,126,2702,2548512,2548512,train_mini/02702_Animalia_Arthropoda_Malacostraca_Decapoda_Cambaridae_Faxonius_virilis/1a292388-e641-4656-aeb2-d1bb299c653a.jpg,Faxonius virilis,Virile Crayfish,Animalia,Cambaridae,Faxonius,500,470
train,126,2702,234412,234412,train_mini/02702_Animalia_Arthropoda_Malacostraca_Decapoda_Cambaridae_Faxonius_virilis/fa0e6fb1-9c1e-47e6-a39f-d41ea1d0b45f.jpg,Faxonius virilis,Virile Crayfish,Animalia,Cambaridae,Faxonius,375,500
train,127,2736,1303323,1303323,train_mini/02736_Animalia_Arthropoda_Malacostraca_Decapoda_Porcellanidae_Petrolisthes_elongatus/8728d663-bba3-45a4-9fb8-5350e2505d9b.jpg,Petrolisthes elongatus,New Zealand Half Crab,Animalia,Porcellanidae,Petrolisthes,281,500
train,127,2736,91516,91516,train_mini/02736_Animalia_Arthropoda_Malacostraca_Decapoda_Porcellanidae_Petrolisthes_elongatus/362770a3-3c6b-419a-8c0e-ec664024983c.jpg,Petrolisthes elongatus,New Zealand Half Crab,Animalia,Porcellanidae,Petrolisthes,500,459
train,127,2736,224591,224591,train_mini/02736_Animalia_Arthropoda_Malacostraca_Decapoda_Porcellanidae_Petrolisthes_elongatus/779ae6c0-c57a-457a-92c3-85358bc030a3.jpg,Petrolisthes elongatus,New Zealand Half Crab,Animalia,Porcellanidae,Petrolisthes,500,329
train,127,2736,1377801,1377801,train_mini/02736_Animalia_Arthropoda_Malacostraca_Decapoda_Porcellanidae_Petrolisthes_elongatus/1ea0ed43-f06d-4ddf-b016-bc0b34d815f2.jpg,Petrolisthes elongatus,New Zealand Half Crab,Animalia,Porcellanidae,Petrolisthes,362,310
train,127,2736,1652888,1652888,train_mini/02736_Animalia_Arthropoda_Malacostraca_Decapoda_Porcellanidae_Petrolisthes_elongatus/b4955222-bc0f-4a96-9609-acb68d61bd74.jpg,Petrolisthes elongatus,New Zealand Half Crab,Animalia,Porcellanidae,Petrolisthes,500,375
train,127,2736,658619,658619,train_mini/02736_Animalia_Arthropoda_Malacostraca_Decapoda_Porcellanidae_Petrolisthes_elongatus/656d87fc-d84d-487e-a05d-7c6a42015b80.jpg,Petrolisthes elongatus,New Zealand Half Crab,Animalia,Porcellanidae,Petrolisthes,375,500
train,127,2736,883483,883483,train_mini/02736_Animalia_Arthropoda_Malacostraca_Decapoda_Porcellanidae_Petrolisthes_elongatus/5c398cbf-8e4d-4678-84dc-de0f29978f5a.jpg,Petrolisthes elongatus,New Zealand Half Crab,Animalia,Porcellanidae,Petrolisthes,500,333
train,127,2736,118308,118308,train_mini/02736_Animalia_Arthropoda_Malacostraca_Decapoda_Porcellanidae_Petrolisthes_elongatus/946ed63c-7834-496e-993e-20117c210f91.jpg,Petrolisthes elongatus,New Zealand Half Crab,Animalia,Porcellanidae,Petrolisthes,500,300
train,128,2769,369500,369500,train_mini/02769_Animalia_Chordata_Actinopterygii_Cypriniformes_Cyprinidae_Pimephales_notatus/67da80a0-8f99-4fbe-9c9c-ee767115ffcf.jpg,Pimephales notatus,Bluntnose Minnow,Animalia,Cyprinidae,Pimephales,500,256
train,128,2769,1998590,1998590,train_mini/02769_Animalia_Chordata_Actinopterygii_Cypriniformes_Cyprinidae_Pimephales_notatus/ce77c900-031e-44b6-b0de-0b6e7b60e2f4.jpg,Pimephales notatus,Bluntnose Minnow,Animalia,Cyprinidae,Pimephales,500,242
train,128,2769,1024671,1024671,train_mini/02769_Animalia_Chordata_Actinopterygii_Cypriniformes_Cyprinidae_Pimephales_notatus/81445558-6849-4624-bf11-ff068dd68dc0.jpg,Pimephales notatus,Bluntnose Minnow,Animalia,Cyprinidae,Pimephales,491,500
train,128,2769,1155917,1155917,train_mini/02769_Animalia_Chordata_Actinopterygii_Cypriniformes_Cyprinidae_Pimephales_notatus/8eb277c0-030e-4ec5-acdd-5743b65dc865.jpg,Pimephales notatus,Bluntnose Minnow,Animalia,Cyprinidae,Pimephales,500,281
train,128,2769,2220042,2220042,train_mini/02769_Animalia_Chordata_Actinopterygii_Cypriniformes_Cyprinidae_Pimephales_notatus/c161a179-3455-4a00-92a8-e3b5749b303e.jpg,Pimephales notatus,Bluntnose Minnow,Animalia,Cyprinidae,Pimephales,500,227
train,128,2769,2182997,2182997,train_mini/02769_Animalia_Chordata_Actinopterygii_Cypriniformes_Cyprinidae_Pimephales_notatus/d8d9f2cf-85aa-43db-b9b9-63d0f5ad4be2.jpg,Pimephales notatus,Bluntnose Minnow,Animalia,Cyprinidae,Pimephales,500,375
train,128,2769,55005,55005,train_mini/02769_Animalia_Chordata_Actinopterygii_Cypriniformes_Cyprinidae_Pimephales_notatus/9a5c7c54-0866-4651-8b7f-59426dd4aaca.jpg,Pimephales notatus,Bluntnose Minnow,Animalia,Cyprinidae,Pimephales,500,375
train,128,2769,1791630,1791630,train_mini/02769_Animalia_Chordata_Actinopterygii_Cypriniformes_Cyprinidae_Pimephales_notatus/45d38fb5-c687-49d5-ba42-e7b205c75f54.jpg,Pimephales notatus,Bluntnose Minnow,Animalia,Cyprinidae,Pimephales,500,375
train,129,2770,1407012,1407012,train_mini/02770_Animalia_Chordata_Actinopterygii_Cypriniformes_Cyprinidae_Rhinichthys_atratulus/c0e5f19c-5734-4027-b744-2b2c9b3a57d3.jpg,Rhinichthys atratulus,Blacknose Dace,Animalia,Cyprinidae,Rhinichthys,375,500
train,129,2770,2452975,2452975,train_mini/02770_Animalia_Chordata_Actinopterygii_Cypriniformes_Cyprinidae_Rhinichthys_atratulus/8718ce80-3690-4e49-ab81-ae895bcee5a4.jpg,Rhinichthys atratulus,Blacknose Dace,Animalia,Cyprinidae,Rhinichthys,318,500
train,129,2770,1211411,1211411,train_mini/02770_Animalia_Chordata_Actinopterygii_Cypriniformes_Cyprinidae_Rhinichthys_atratulus/4f3c4323-7058-4aba-8763-48f261ff1125.jpg,Rhinichthys atratulus,Blacknose Dace,Animalia,Cyprinidae,Rhinichthys,500,375
train,129,2770,2013564,2013564,train_mini/02770_Animalia_Chordata_Actinopterygii_Cypriniformes_Cyprinidae_Rhinichthys_atratulus/7954f71f-c555-4568-9c93-36fd2eaddb94.jpg,Rhinichthys atratulus,Blacknose Dace,Animalia,Cyprinidae,Rhinichthys,500,333
train,129,2770,2230343,2230343,train_mini/02770_Animalia_Chordata_Actinopterygii_Cypriniformes_Cyprinidae_Rhinichthys_atratulus/d090e26d-45f4-4799-8431-18d17238375a.jpg,Rhinichthys atratulus,Blacknose Dace,Animalia,Cyprinidae,Rhinichthys,500,325
train,129,2770,560803,560803,train_mini/02770_Animalia_Chordata_Actinopterygii_Cypriniformes_Cyprinidae_Rhinichthys_atratulus/b2329cae-1822-49b9-a953-168a26d710ce.jpg,Rhinichthys atratulus,Blacknose Dace,Animalia,Cyprinidae,Rhinichthys,375,500
train,129,2770,938850,938850,train_mini/02770_Animalia_Chordata_Actinopterygii_Cypriniformes_Cyprinidae_Rhinichthys_atratulus/86dff489-3f6b-4d9f-ad8d-e8f985135e89.jpg,Rhinichthys atratulus,Blacknose Dace,Animalia,Cyprinidae,Rhinichthys,500,321
train,129,2770,1154350,1154350,train_mini/02770_Animalia_Chordata_Actinopterygii_Cypriniformes_Cyprinidae_Rhinichthys_atratulus/2d7530a4-36d4-4ed6-8041-d0ce4b8dbae5.jpg,Rhinichthys atratulus,Blacknose Dace,Animalia,Cyprinidae,Rhinichthys,500,375
train,130,2773,1005160,1005160,train_mini/02773_Animalia_Chordata_Actinopterygii_Cypriniformes_Cyprinidae_Squalius_cephalus/0329d1c4-f978-462d-b881-7c7ed9b774f3.jpg,Squalius cephalus,Chub,Animalia,Cyprinidae,Squalius,500,375
train,130,2773,634637,634637,train_mini/02773_Animalia_Chordata_Actinopterygii_Cypriniformes_Cyprinidae_Squalius_cephalus/330df59b-2274-42c0-8e4a-5d44aba32e22.jpg,Squalius cephalus,Chub,Animalia,Cyprinidae,Squalius,500,281
train,130,2773,847106,847106,train_mini/02773_Animalia_Chordata_Actinopterygii_Cypriniformes_Cyprinidae_Squalius_cephalus/93237d49-1b5b-4a04-9985-3e6b7ba5722d.jpg,Squalius cephalus,Chub,Animalia,Cyprinidae,Squalius,500,407
train,130,2773,2071440,2071440,train_mini/02773_Animalia_Chordata_Actinopterygii_Cypriniformes_Cyprinidae_Squalius_cephalus/0a7385dd-b9a3-493f-843c-3bd6dbfba835.jpg,Squalius cephalus,Chub,Animalia,Cyprinidae,Squalius,405,500
train,130,2773,2397951,2397951,train_mini/02773_Animalia_Chordata_Actinopterygii_Cypriniformes_Cyprinidae_Squalius_cephalus/9b504ba1-d6e3-4ecd-bcc1-154481e17b4b.jpg,Squalius cephalus,Chub,Animalia,Cyprinidae,Squalius,500,375
train,130,2773,2378312,2378312,train_mini/02773_Animalia_Chordata_Actinopterygii_Cypriniformes_Cyprinidae_Squalius_cephalus/5d8bc5b8-9090-4571-9145-6f132e08d0a3.jpg,Squalius cephalus,Chub,Animalia,Cyprinidae,Squalius,500,281
train,130,2773,2607042,2607042,train_mini/02773_Animalia_Chordata_Actinopterygii_Cypriniformes_Cyprinidae_Squalius_cephalus/6dcb8280-55d3-400b-a660-7b7f74934303.jpg,Squalius cephalus,Chub,Animalia,Cyprinidae,Squalius,500,375
train,130,2773,2348810,2348810,train_mini/02773_Animalia_Chordata_Actinopterygii_Cypriniformes_Cyprinidae_Squalius_cephalus/5b16c740-cfc0-40b4-8b99-ab1dc002a8ac.jpg,Squalius cephalus,Chub,Animalia,Cyprinidae,Squalius,500,375
train,131,2800,1099373,1099373,train_mini/02800_Animalia_Chordata_Actinopterygii_Perciformes_Centrarchidae_Lepomis_auritus/4def29b9-cc2c-48d3-887e-7bcec90ffd5d.jpg,Lepomis auritus,Redbreast Sunfish,Animalia,Centrarchidae,Lepomis,500,276
train,131,2800,876075,876075,train_mini/02800_Animalia_Chordata_Actinopterygii_Perciformes_Centrarchidae_Lepomis_auritus/832bd8a1-a886-424e-9bae-88122a4fcaed.jpg,Lepomis auritus,Redbreast Sunfish,Animalia,Centrarchidae,Lepomis,233,500
train,131,2800,1489668,1489668,train_mini/02800_Animalia_Chordata_Actinopterygii_Perciformes_Centrarchidae_Lepomis_auritus/d0bb5066-ed61-4c35-8d8a-ceae5313d62a.jpg,Lepomis auritus,Redbreast Sunfish,Animalia,Centrarchidae,Lepomis,500,375
train,131,2800,250262,250262,train_mini/02800_Animalia_Chordata_Actinopterygii_Perciformes_Centrarchidae_Lepomis_auritus/8df94df5-9284-4897-8f67-876a16e69304.jpg,Lepomis auritus,Redbreast Sunfish,Animalia,Centrarchidae,Lepomis,500,250
train,131,2800,2007444,2007444,train_mini/02800_Animalia_Chordata_Actinopterygii_Perciformes_Centrarchidae_Lepomis_auritus/a8539f8d-7685-4dd7-987c-acb8eb2303a1.jpg,Lepomis auritus,Redbreast Sunfish,Animalia,Centrarchidae,Lepomis,375,500
train,131,2800,54235,54235,train_mini/02800_Animalia_Chordata_Actinopterygii_Perciformes_Centrarchidae_Lepomis_auritus/671672ea-4b18-44bc-85f2-51d4004cfa98.jpg,Lepomis auritus,Redbreast Sunfish,Animalia,Centrarchidae,Lepomis,500,375
train,131,2800,2253110,2253110,train_mini/02800_Animalia_Chordata_Actinopterygii_Perciformes_Centrarchidae_Lepomis_auritus/8d80464b-f6d6-46e6-b041-ae95303a53ec.jpg,Lepomis auritus,Redbreast Sunfish,Animalia,Centrarchidae,Lepomis,500,375
train,131,2800,2630058,2630058,train_mini/02800_Animalia_Chordata_Actinopterygii_Perciformes_Centrarchidae_Lepomis_auritus/a7c8b349-4817-4cdc-a7e5-0233d083bc9d.jpg,Lepomis auritus,Redbreast Sunfish,Animalia,Centrarchidae,Lepomis,500,280
train,132,2812,1851490,1851490,train_mini/02812_Animalia_Chordata_Actinopterygii_Perciformes_Chaetodontidae_Chaetodon_capistratus/21811aca-f404-4746-bfe5-b399d42c4ad6.jpg,Chaetodon capistratus,Four-eyed Butterflyfish,Animalia,Chaetodontidae,Chaetodon,500,375
train,132,2812,359042,359042,train_mini/02812_Animalia_Chordata_Actinopterygii_Perciformes_Chaetodontidae_Chaetodon_capistratus/bd696a74-8572-4a43-a513-1579b232fb8f.jpg,Chaetodon capistratus,Four-eyed Butterflyfish,Animalia,Chaetodontidae,Chaetodon,500,416
train,132,2812,2493856,2493856,train_mini/02812_Animalia_Chordata_Actinopterygii_Perciformes_Chaetodontidae_Chaetodon_capistratus/215f63b4-6a0e-4bd4-9388-21866b5a9dd1.jpg,Chaetodon capistratus,Four-eyed Butterflyfish,Animalia,Chaetodontidae,Chaetodon,500,329
train,132,2812,2452196,2452196,train_mini/02812_Animalia_Chordata_Actinopterygii_Perciformes_Chaetodontidae_Chaetodon_capistratus/63de9dc9-c3fc-491b-89e2-e9dbc16ab81f.jpg,Chaetodon capistratus,Four-eyed Butterflyfish,Animalia,Chaetodontidae,Chaetodon,491,269
train,132,2812,1304596,1304596,train_mini/02812_Animalia_Chordata_Actinopterygii_Perciformes_Chaetodontidae_Chaetodon_capistratus/b753cd69-2dbe-4a9c-afdb-632e56754b99.jpg,Chaetodon capistratus,Four-eyed Butterflyfish,Animalia,Chaetodontidae,Chaetodon,500,375
train,132,2812,649312,649312,train_mini/02812_Animalia_Chordata_Actinopterygii_Perciformes_Chaetodontidae_Chaetodon_capistratus/086d2a2f-dd2f-46fe-bfa5-8276ecb24c99.jpg,Chaetodon capistratus,Four-eyed Butterflyfish,Animalia,Chaetodontidae,Chaetodon,500,375
train,132,2812,538285,538285,train_mini/02812_Animalia_Chordata_Actinopterygii_Perciformes_Chaetodontidae_Chaetodon_capistratus/3e4de7ea-b4f8-4765-a77a-61c9bcb66074.jpg,Chaetodon capistratus,Four-eyed Butterflyfish,Animalia,Chaetodontidae,Chaetodon,500,375
train,132,2812,2518438,2518438,train_mini/02812_Animalia_Chordata_Actinopterygii_Perciformes_Chaetodontidae_Chaetodon_capistratus/15d25beb-297b-4b7c-b136-3ac3769470ce.jpg,Chaetodon capistratus,Four-eyed Butterflyfish,Animalia,Chaetodontidae,Chaetodon,500,375
train,133,2836,297858,297858,train_mini/02836_Animalia_Chordata_Actinopterygii_Perciformes_Labridae_Eupetrichthys_angustipes/9217f5e1-14e2-4831-b43d-ddb55cb95d77.jpg,Eupetrichthys angustipes,Snakeskin Wrasse,Animalia,Labridae,Eupetrichthys,500,375
train,133,2836,1808759,1808759,train_mini/02836_Animalia_Chordata_Actinopterygii_Perciformes_Labridae_Eupetrichthys_angustipes/9389dd1e-c768-4163-9eaf-0e590d66607a.jpg,Eupetrichthys angustipes,Snakeskin Wrasse,Animalia,Labridae,Eupetrichthys,500,324
train,133,2836,1453352,1453352,train_mini/02836_Animalia_Chordata_Actinopterygii_Perciformes_Labridae_Eupetrichthys_angustipes/6c575692-b194-4895-91ac-91c893a93614.jpg,Eupetrichthys angustipes,Snakeskin Wrasse,Animalia,Labridae,Eupetrichthys,500,333
train,133,2836,830457,830457,train_mini/02836_Animalia_Chordata_Actinopterygii_Perciformes_Labridae_Eupetrichthys_angustipes/dbd62fe4-7100-4409-a181-62135c0d2f0e.jpg,Eupetrichthys angustipes,Snakeskin Wrasse,Animalia,Labridae,Eupetrichthys,500,333
train,133,2836,2115032,2115032,train_mini/02836_Animalia_Chordata_Actinopterygii_Perciformes_Labridae_Eupetrichthys_angustipes/3ebe027a-1123-4cde-879b-a27fa21593fe.jpg,Eupetrichthys angustipes,Snakeskin Wrasse,Animalia,Labridae,Eupetrichthys,500,375
train,133,2836,674180,674180,train_mini/02836_Animalia_Chordata_Actinopterygii_Perciformes_Labridae_Eupetrichthys_angustipes/c828097a-2a6b-49d2-860f-1698dff44372.jpg,Eupetrichthys angustipes,Snakeskin Wrasse,Animalia,Labridae,Eupetrichthys,500,375
train,133,2836,763189,763189,train_mini/02836_Animalia_Chordata_Actinopterygii_Perciformes_Labridae_Eupetrichthys_angustipes/171fbb87-477e-4f80-a78a-010350497289.jpg,Eupetrichthys angustipes,Snakeskin Wrasse,Animalia,Labridae,Eupetrichthys,500,336
train,133,2836,1787547,1787547,train_mini/02836_Animalia_Chordata_Actinopterygii_Perciformes_Labridae_Eupetrichthys_angustipes/5e768be0-3b21-474a-b9ad-682c3df4323f.jpg,Eupetrichthys angustipes,Snakeskin Wrasse,Animalia,Labridae,Eupetrichthys,500,333
train,134,2855,1323190,1323190,train_mini/02855_Animalia_Chordata_Actinopterygii_Perciformes_Mullidae_Parupeneus_spilurus/bfd4ebc7-c315-46b7-9c59-6554e22e646d.jpg,Parupeneus spilurus,Blackspot Goatfish,Animalia,Mullidae,Parupeneus,500,375
train,134,2855,747569,747569,train_mini/02855_Animalia_Chordata_Actinopterygii_Perciformes_Mullidae_Parupeneus_spilurus/8c6f731a-d8a9-43e6-8600-5d166eb61fee.jpg,Parupeneus spilurus,Blackspot Goatfish,Animalia,Mullidae,Parupeneus,500,348
train,134,2855,573082,573082,train_mini/02855_Animalia_Chordata_Actinopterygii_Perciformes_Mullidae_Parupeneus_spilurus/11ca8c3d-cde1-439f-8bce-db32fcdfe2bb.jpg,Parupeneus spilurus,Blackspot Goatfish,Animalia,Mullidae,Parupeneus,500,281
train,134,2855,1429771,1429771,train_mini/02855_Animalia_Chordata_Actinopterygii_Perciformes_Mullidae_Parupeneus_spilurus/4830d932-44e7-4d1b-b1f6-6494d19bf981.jpg,Parupeneus spilurus,Blackspot Goatfish,Animalia,Mullidae,Parupeneus,500,334
train,134,2855,1039924,1039924,train_mini/02855_Animalia_Chordata_Actinopterygii_Perciformes_Mullidae_Parupeneus_spilurus/c3392fbf-402b-43fd-a547-113f82d677b5.jpg,Parupeneus spilurus,Blackspot Goatfish,Animalia,Mullidae,Parupeneus,500,375
train,134,2855,123196,123196,train_mini/02855_Animalia_Chordata_Actinopterygii_Perciformes_Mullidae_Parupeneus_spilurus/b3882482-4854-4318-a905-0adc957a9bb9.jpg,Parupeneus spilurus,Blackspot Goatfish,Animalia,Mullidae,Parupeneus,500,375
train,134,2855,694294,694294,train_mini/02855_Animalia_Chordata_Actinopterygii_Perciformes_Mullidae_Parupeneus_spilurus/ecb8d19d-3a82-4fe0-9cf4-3d12028e9fe6.jpg,Parupeneus spilurus,Blackspot Goatfish,Animalia,Mullidae,Parupeneus,500,281
train,134,2855,609909,609909,train_mini/02855_Animalia_Chordata_Actinopterygii_Perciformes_Mullidae_Parupeneus_spilurus/8f955f40-a1de-4bbe-945a-d81e9c32660e.jpg,Parupeneus spilurus,Blackspot Goatfish,Animalia,Mullidae,Parupeneus,500,279
train,135,2858,1141598,1141598,train_mini/02858_Animalia_Chordata_Actinopterygii_Perciformes_Percidae_Perca_flavescens/9b8e27ea-001e-4d13-87f8-7d610744194d.jpg,Perca flavescens,Yellow Perch,Animalia,Percidae,Perca,375,500
train,135,2858,894235,894235,train_mini/02858_Animalia_Chordata_Actinopterygii_Perciformes_Percidae_Perca_flavescens/b1f5ac39-d922-40d8-bc24-ed7af5f82589.jpg,Perca flavescens,Yellow Perch,Animalia,Percidae,Perca,375,500
train,135,2858,680814,680814,train_mini/02858_Animalia_Chordata_Actinopterygii_Perciformes_Percidae_Perca_flavescens/6445c297-32dc-4c9b-9cf8-b9df83a8b781.jpg,Perca flavescens,Yellow Perch,Animalia,Percidae,Perca,374,500
train,135,2858,371465,371465,train_mini/02858_Animalia_Chordata_Actinopterygii_Perciformes_Percidae_Perca_flavescens/40854d53-d652-4053-ac9a-e6aa377be108.jpg,Perca flavescens,Yellow Perch,Animalia,Percidae,Perca,500,375
train,135,2858,2289569,2289569,train_mini/02858_Animalia_Chordata_Actinopterygii_Perciformes_Percidae_Perca_flavescens/b1998fc8-66af-4cd5-8ff3-7ab493814225.jpg,Perca flavescens,Yellow Perch,Animalia,Percidae,Perca,375,500
train,135,2858,918625,918625,train_mini/02858_Animalia_Chordata_Actinopterygii_Perciformes_Percidae_Perca_flavescens/3d7d1b57-f558-4603-8d46-bd1b0a0263a0.jpg,Perca flavescens,Yellow Perch,Animalia,Percidae,Perca,500,364
train,135,2858,712606,712606,train_mini/02858_Animalia_Chordata_Actinopterygii_Perciformes_Percidae_Perca_flavescens/9dc8888f-94d8-48a5-a3b8-8457bc855a1e.jpg,Perca flavescens,Yellow Perch,Animalia,Percidae,Perca,500,333
train,135,2858,765243,765243,train_mini/02858_Animalia_Chordata_Actinopterygii_Perciformes_Percidae_Perca_flavescens/50c5b0b1-afb9-4557-9f3e-0da93c8907af.jpg,Perca flavescens,Yellow Perch,Animalia,Percidae,Perca,500,333
train,136,2866,163798,163798,train_mini/02866_Animalia_Chordata_Actinopterygii_Perciformes_Pomacentridae_Abudefduf_vaigiensis/c95f65f3-8f85-4520-9cc2-15e1b03b4e00.jpg,Abudefduf vaigiensis,Indo-Pacific Sergeant Major,Animalia,Pomacentridae,Abudefduf,500,375
train,136,2866,735085,735085,train_mini/02866_Animalia_Chordata_Actinopterygii_Perciformes_Pomacentridae_Abudefduf_vaigiensis/61d6bdce-6a9a-4ed3-a646-c028660649cb.jpg,Abudefduf vaigiensis,Indo-Pacific Sergeant Major,Animalia,Pomacentridae,Abudefduf,500,375
train,136,2866,2010353,2010353,train_mini/02866_Animalia_Chordata_Actinopterygii_Perciformes_Pomacentridae_Abudefduf_vaigiensis/6f5f8e7d-140c-4525-bc9f-0584ebb6708b.jpg,Abudefduf vaigiensis,Indo-Pacific Sergeant Major,Animalia,Pomacentridae,Abudefduf,500,364
train,136,2866,2566014,2566014,train_mini/02866_Animalia_Chordata_Actinopterygii_Perciformes_Pomacentridae_Abudefduf_vaigiensis/958b7ebe-146e-43c3-aeb9-e778efc6408b.jpg,Abudefduf vaigiensis,Indo-Pacific Sergeant Major,Animalia,Pomacentridae,Abudefduf,500,308
train,136,2866,1326405,1326405,train_mini/02866_Animalia_Chordata_Actinopterygii_Perciformes_Pomacentridae_Abudefduf_vaigiensis/1ad43901-524e-47e6-a3be-90709ce411eb.jpg,Abudefduf vaigiensis,Indo-Pacific Sergeant Major,Animalia,Pomacentridae,Abudefduf,281,500
train,136,2866,1332324,1332324,train_mini/02866_Animalia_Chordata_Actinopterygii_Perciformes_Pomacentridae_Abudefduf_vaigiensis/7a8cfb9d-494a-46e8-b03d-97c5aee72349.jpg,Abudefduf vaigiensis,Indo-Pacific Sergeant Major,Animalia,Pomacentridae,Abudefduf,500,333
train,136,2866,2449611,2449611,train_mini/02866_Animalia_Chordata_Actinopterygii_Perciformes_Pomacentridae_Abudefduf_vaigiensis/4bc0bc56-701a-4872-b841-b86c1cdc3999.jpg,Abudefduf vaigiensis,Indo-Pacific Sergeant Major,Animalia,Pomacentridae,Abudefduf,500,375
train,136,2866,1274085,1274085,train_mini/02866_Animalia_Chordata_Actinopterygii_Perciformes_Pomacentridae_Abudefduf_vaigiensis/d7672bdd-aa3f-4b69-9b98-9b09f4cdc71b.jpg,Abudefduf vaigiensis,Indo-Pacific Sergeant Major,Animalia,Pomacentridae,Abudefduf,500,333
train,137,2878,2312333,2312333,train_mini/02878_Animalia_Chordata_Actinopterygii_Perciformes_Sciaenidae_Aplodinotus_grunniens/a6f55ad2-7e58-4c75-9214-eddb5c7275ab.jpg,Aplodinotus grunniens,Freshwater Drum,Animalia,Sciaenidae,Aplodinotus,375,500
train,137,2878,896153,896153,train_mini/02878_Animalia_Chordata_Actinopterygii_Perciformes_Sciaenidae_Aplodinotus_grunniens/79d8e6f5-a919-4cca-87f2-3888550eaabb.jpg,Aplodinotus grunniens,Freshwater Drum,Animalia,Sciaenidae,Aplodinotus,500,281
train,137,2878,681634,681634,train_mini/02878_Animalia_Chordata_Actinopterygii_Perciformes_Sciaenidae_Aplodinotus_grunniens/aba935d0-f012-42d5-85b6-1ff8da7b1b26.jpg,Aplodinotus grunniens,Freshwater Drum,Animalia,Sciaenidae,Aplodinotus,500,304
train,137,2878,2281877,2281877,train_mini/02878_Animalia_Chordata_Actinopterygii_Perciformes_Sciaenidae_Aplodinotus_grunniens/c89fc22a-b06c-42ec-9d53-2a33dbcdfff9.jpg,Aplodinotus grunniens,Freshwater Drum,Animalia,Sciaenidae,Aplodinotus,375,500
train,137,2878,2329001,2329001,train_mini/02878_Animalia_Chordata_Actinopterygii_Perciformes_Sciaenidae_Aplodinotus_grunniens/564162d6-febb-41ca-bac4-b775343fb0ca.jpg,Aplodinotus grunniens,Freshwater Drum,Animalia,Sciaenidae,Aplodinotus,375,500
train,137,2878,2037734,2037734,train_mini/02878_Animalia_Chordata_Actinopterygii_Perciformes_Sciaenidae_Aplodinotus_grunniens/39fc7575-47af-4167-9cf9-d65d2ed9193f.jpg,Aplodinotus grunniens,Freshwater Drum,Animalia,Sciaenidae,Aplodinotus,375,500
train,137,2878,1007820,1007820,train_mini/02878_Animalia_Chordata_Actinopterygii_Perciformes_Sciaenidae_Aplodinotus_grunniens/3aa8d71e-66f8-4ff4-bcab-30f03eb3e65f.jpg,Aplodinotus grunniens,Freshwater Drum,Animalia,Sciaenidae,Aplodinotus,500,254
train,137,2878,2312327,2312327,train_mini/02878_Animalia_Chordata_Actinopterygii_Perciformes_Sciaenidae_Aplodinotus_grunniens/477d49aa-d649-4532-8680-a2d19ff46476.jpg,Aplodinotus grunniens,Freshwater Drum,Animalia,Sciaenidae,Aplodinotus,375,500
train,138,2884,468514,468514,train_mini/02884_Animalia_Chordata_Actinopterygii_Perciformes_Serranidae_Paralabrax_clathratus/6f6ab672-92c6-47e0-ac60-972c73c1dcb8.jpg,Paralabrax clathratus,Kelp Bass,Animalia,Serranidae,Paralabrax,500,375
train,138,2884,1908962,1908962,train_mini/02884_Animalia_Chordata_Actinopterygii_Perciformes_Serranidae_Paralabrax_clathratus/698b287f-d1a4-4b6b-a4ec-2f995b98b7e9.jpg,Paralabrax clathratus,Kelp Bass,Animalia,Serranidae,Paralabrax,500,375
train,138,2884,2371760,2371760,train_mini/02884_Animalia_Chordata_Actinopterygii_Perciformes_Serranidae_Paralabrax_clathratus/50cc4724-0c06-4a01-a55c-957a046d5883.jpg,Paralabrax clathratus,Kelp Bass,Animalia,Serranidae,Paralabrax,500,375
train,138,2884,334271,334271,train_mini/02884_Animalia_Chordata_Actinopterygii_Perciformes_Serranidae_Paralabrax_clathratus/358514e8-499b-450a-99c0-ac13029ac1f0.jpg,Paralabrax clathratus,Kelp Bass,Animalia,Serranidae,Paralabrax,500,375
train,138,2884,1541311,1541311,train_mini/02884_Animalia_Chordata_Actinopterygii_Perciformes_Serranidae_Paralabrax_clathratus/169a1e93-796d-412e-b916-07113688b3e3.jpg,Paralabrax clathratus,Kelp Bass,Animalia,Serranidae,Paralabrax,500,269
train,138,2884,1445730,1445730,train_mini/02884_Animalia_Chordata_Actinopterygii_Perciformes_Serranidae_Paralabrax_clathratus/37a15506-7a15-49ae-b9e1-75cb5c1762e9.jpg,Paralabrax clathratus,Kelp Bass,Animalia,Serranidae,Paralabrax,500,375
train,138,2884,2547141,2547141,train_mini/02884_Animalia_Chordata_Actinopterygii_Perciformes_Serranidae_Paralabrax_clathratus/847d45a6-065e-42b4-b840-cfa6e6015d2d.jpg,Paralabrax clathratus,Kelp Bass,Animalia,Serranidae,Paralabrax,375,500
train,138,2884,1029164,1029164,train_mini/02884_Animalia_Chordata_Actinopterygii_Perciformes_Serranidae_Paralabrax_clathratus/a18e7ec3-f18b-4d34-9ada-2680d901da75.jpg,Paralabrax clathratus,Kelp Bass,Animalia,Serranidae,Paralabrax,500,361
train,139,2914,2430852,2430852,train_mini/02914_Animalia_Chordata_Actinopterygii_Siluriformes_Plotosidae_Plotosus_lineatus/48c41c82-01bb-461a-8a39-744b9ba79241.jpg,Plotosus lineatus,Striped Eel Catfish,Animalia,Plotosidae,Plotosus,500,344
train,139,2914,2465832,2465832,train_mini/02914_Animalia_Chordata_Actinopterygii_Siluriformes_Plotosidae_Plotosus_lineatus/1a283b06-2cf2-4cb7-b0d7-e9fbe787f4fe.jpg,Plotosus lineatus,Striped Eel Catfish,Animalia,Plotosidae,Plotosus,500,375
train,139,2914,2458946,2458946,train_mini/02914_Animalia_Chordata_Actinopterygii_Siluriformes_Plotosidae_Plotosus_lineatus/afb29da4-539d-457a-9c79-d1f892a867ad.jpg,Plotosus lineatus,Striped Eel Catfish,Animalia,Plotosidae,Plotosus,500,333
train,139,2914,1274481,1274481,train_mini/02914_Animalia_Chordata_Actinopterygii_Siluriformes_Plotosidae_Plotosus_lineatus/7a576371-5a0b-470b-b156-b1e2fc2cd516.jpg,Plotosus lineatus,Striped Eel Catfish,Animalia,Plotosidae,Plotosus,500,375
train,139,2914,325176,325176,train_mini/02914_Animalia_Chordata_Actinopterygii_Siluriformes_Plotosidae_Plotosus_lineatus/e1cdd62c-030d-4e38-b5b1-81d62be8843b.jpg,Plotosus lineatus,Striped Eel Catfish,Animalia,Plotosidae,Plotosus,500,375
train,139,2914,1922781,1922781,train_mini/02914_Animalia_Chordata_Actinopterygii_Siluriformes_Plotosidae_Plotosus_lineatus/64de4daa-2e6e-4e92-ba04-02586d70dee0.jpg,Plotosus lineatus,Striped Eel Catfish,Animalia,Plotosidae,Plotosus,500,334
train,139,2914,2572166,2572166,train_mini/02914_Animalia_Chordata_Actinopterygii_Siluriformes_Plotosidae_Plotosus_lineatus/96054cac-ec66-4dea-acd3-ad13842b3ff9.jpg,Plotosus lineatus,Striped Eel Catfish,Animalia,Plotosidae,Plotosus,500,375
train,139,2914,2254750,2254750,train_mini/02914_Animalia_Chordata_Actinopterygii_Siluriformes_Plotosidae_Plotosus_lineatus/d0f6b8d1-4dfe-444b-8ed2-0dbb2f7e0026.jpg,Plotosus lineatus,Striped Eel Catfish,Animalia,Plotosidae,Plotosus,500,375
train,140,2919,2389679,2389679,train_mini/02919_Animalia_Chordata_Actinopterygii_Syngnathiformes_Syngnathidae_Hippocampus_histrix/d3e2bd34-22d1-46f8-858d-2d8638ed9888.jpg,Hippocampus histrix,Spiny Seahorse,Animalia,Syngnathidae,Hippocampus,500,375
train,140,2919,2004103,2004103,train_mini/02919_Animalia_Chordata_Actinopterygii_Syngnathiformes_Syngnathidae_Hippocampus_histrix/7283c418-2e5d-415e-bf5a-baa77066dac3.jpg,Hippocampus histrix,Spiny Seahorse,Animalia,Syngnathidae,Hippocampus,500,448
train,140,2919,2647352,2647352,train_mini/02919_Animalia_Chordata_Actinopterygii_Syngnathiformes_Syngnathidae_Hippocampus_histrix/8010b597-49e7-4fa3-9ee7-fbae8ddf69d9.jpg,Hippocampus histrix,Spiny Seahorse,Animalia,Syngnathidae,Hippocampus,500,333
train,140,2919,2539386,2539386,train_mini/02919_Animalia_Chordata_Actinopterygii_Syngnathiformes_Syngnathidae_Hippocampus_histrix/a4168c28-fcac-4149-8c6e-cd72c9e4f46e.jpg,Hippocampus histrix,Spiny Seahorse,Animalia,Syngnathidae,Hippocampus,500,333
train,140,2919,717426,717426,train_mini/02919_Animalia_Chordata_Actinopterygii_Syngnathiformes_Syngnathidae_Hippocampus_histrix/c07eafa2-cad7-4f48-8725-e5e5ea168135.jpg,Hippocampus histrix,Spiny Seahorse,Animalia,Syngnathidae,Hippocampus,354,500
train,140,2919,769330,769330,train_mini/02919_Animalia_Chordata_Actinopterygii_Syngnathiformes_Syngnathidae_Hippocampus_histrix/7a68755c-be6b-4bf8-8fac-fff5fb08373b.jpg,Hippocampus histrix,Spiny Seahorse,Animalia,Syngnathidae,Hippocampus,500,474
train,140,2919,2539387,2539387,train_mini/02919_Animalia_Chordata_Actinopterygii_Syngnathiformes_Syngnathidae_Hippocampus_histrix/9843a1d8-efc7-4a43-af32-18f3c2676a86.jpg,Hippocampus histrix,Spiny Seahorse,Animalia,Syngnathidae,Hippocampus,500,333
train,140,2919,1436603,1436603,train_mini/02919_Animalia_Chordata_Actinopterygii_Syngnathiformes_Syngnathidae_Hippocampus_histrix/529b5030-bea7-438d-b63d-67f93de124ae.jpg,Hippocampus histrix,Spiny Seahorse,Animalia,Syngnathidae,Hippocampus,500,359
train,141,2973,1515221,1515221,train_mini/02973_Animalia_Chordata_Amphibia_Anura_Craugastoridae_Pristimantis_achatinus/35d35d9d-7bb7-4baa-8f0a-cc7b49f9cf2d.jpg,Pristimantis achatinus,Cachabi Robber Frog,Animalia,Craugastoridae,Pristimantis,500,375
train,141,2973,899989,899989,train_mini/02973_Animalia_Chordata_Amphibia_Anura_Craugastoridae_Pristimantis_achatinus/13b2ef3a-e1dd-4edb-a402-3b12914ff576.jpg,Pristimantis achatinus,Cachabi Robber Frog,Animalia,Craugastoridae,Pristimantis,500,331
train,141,2973,1326669,1326669,train_mini/02973_Animalia_Chordata_Amphibia_Anura_Craugastoridae_Pristimantis_achatinus/6988b894-6c8d-4483-9326-bd54528aa4ed.jpg,Pristimantis achatinus,Cachabi Robber Frog,Animalia,Craugastoridae,Pristimantis,500,332
train,141,2973,1854612,1854612,train_mini/02973_Animalia_Chordata_Amphibia_Anura_Craugastoridae_Pristimantis_achatinus/b5230110-3461-4585-8270-5b89fef4b5a2.jpg,Pristimantis achatinus,Cachabi Robber Frog,Animalia,Craugastoridae,Pristimantis,500,484
train,141,2973,1273586,1273586,train_mini/02973_Animalia_Chordata_Amphibia_Anura_Craugastoridae_Pristimantis_achatinus/edb39274-b3d0-4b39-938b-ac2df42c4260.jpg,Pristimantis achatinus,Cachabi Robber Frog,Animalia,Craugastoridae,Pristimantis,500,340
train,141,2973,1242789,1242789,train_mini/02973_Animalia_Chordata_Amphibia_Anura_Craugastoridae_Pristimantis_achatinus/1704bb3f-ea61-4d61-b6de-f817342fce3f.jpg,Pristimantis achatinus,Cachabi Robber Frog,Animalia,Craugastoridae,Pristimantis,300,500
train,141,2973,472866,472866,train_mini/02973_Animalia_Chordata_Amphibia_Anura_Craugastoridae_Pristimantis_achatinus/19d38fd7-c4bb-48fe-821c-b16c4b4e1efd.jpg,Pristimantis achatinus,Cachabi Robber Frog,Animalia,Craugastoridae,Pristimantis,375,500
train,141,2973,223609,223609,train_mini/02973_Animalia_Chordata_Amphibia_Anura_Craugastoridae_Pristimantis_achatinus/4e5d0058-5823-415a-bbdd-aa0e4286707a.jpg,Pristimantis achatinus,Cachabi Robber Frog,Animalia,Craugastoridae,Pristimantis,500,375
train,142,3014,157380,157380,train_mini/03014_Animalia_Chordata_Amphibia_Anura_Pelodryadidae_Litoria_fallax/9b8cbef4-2197-4cec-b1e7-210e28cddd6b.jpg,Litoria fallax,Eastern Dwarf Treefrog,Animalia,Pelodryadidae,Litoria,500,500
train,142,3014,1388028,1388028,train_mini/03014_Animalia_Chordata_Amphibia_Anura_Pelodryadidae_Litoria_fallax/21b61681-827f-43a5-bf6e-5661a7e689f5.jpg,Litoria fallax,Eastern Dwarf Treefrog,Animalia,Pelodryadidae,Litoria,500,375
train,142,3014,2615328,2615328,train_mini/03014_Animalia_Chordata_Amphibia_Anura_Pelodryadidae_Litoria_fallax/c62a3526-26e4-4ad1-8544-83e0b0499e72.jpg,Litoria fallax,Eastern Dwarf Treefrog,Animalia,Pelodryadidae,Litoria,375,500
train,142,3014,648350,648350,train_mini/03014_Animalia_Chordata_Amphibia_Anura_Pelodryadidae_Litoria_fallax/634ded4b-ad09-4285-8f4e-f92660a25e8a.jpg,Litoria fallax,Eastern Dwarf Treefrog,Animalia,Pelodryadidae,Litoria,375,500
train,142,3014,2627451,2627451,train_mini/03014_Animalia_Chordata_Amphibia_Anura_Pelodryadidae_Litoria_fallax/b6421c3f-902a-4d0e-b5e2-8676ef0e0f48.jpg,Litoria fallax,Eastern Dwarf Treefrog,Animalia,Pelodryadidae,Litoria,500,333
train,142,3014,2117257,2117257,train_mini/03014_Animalia_Chordata_Amphibia_Anura_Pelodryadidae_Litoria_fallax/8a560253-b342-4917-a4b0-629bd0fa0461.jpg,Litoria fallax,Eastern Dwarf Treefrog,Animalia,Pelodryadidae,Litoria,500,375
train,142,3014,2433664,2433664,train_mini/03014_Animalia_Chordata_Amphibia_Anura_Pelodryadidae_Litoria_fallax/7e9f88da-1c0a-41e4-bbeb-94d5e23b914d.jpg,Litoria fallax,Eastern Dwarf Treefrog,Animalia,Pelodryadidae,Litoria,500,311
train,142,3014,2258217,2258217,train_mini/03014_Animalia_Chordata_Amphibia_Anura_Pelodryadidae_Litoria_fallax/9eb51603-d45f-482a-a0a0-536b40ba4b98.jpg,Litoria fallax,Eastern Dwarf Treefrog,Animalia,Pelodryadidae,Litoria,375,500
train,143,3040,1004117,1004117,train_mini/03040_Animalia_Chordata_Amphibia_Anura_Ranidae_Rana_aurora/c251d1b8-1166-425f-8f59-b4b7dc4b966a.jpg,Rana aurora,Northern Red-legged Frog,Animalia,Ranidae,Rana,500,333
train,143,3040,914980,914980,train_mini/03040_Animalia_Chordata_Amphibia_Anura_Ranidae_Rana_aurora/9a9977d1-8058-4217-8d41-33683c1fb775.jpg,Rana aurora,Northern Red-legged Frog,Animalia,Ranidae,Rana,500,333
train,143,3040,495031,495031,train_mini/03040_Animalia_Chordata_Amphibia_Anura_Ranidae_Rana_aurora/e1eaffdd-17e4-45de-8671-06ab3912677c.jpg,Rana aurora,Northern Red-legged Frog,Animalia,Ranidae,Rana,500,281
train,143,3040,273338,273338,train_mini/03040_Animalia_Chordata_Amphibia_Anura_Ranidae_Rana_aurora/7d59cfa4-3335-4ac7-8467-2c740c31103c.jpg,Rana aurora,Northern Red-legged Frog,Animalia,Ranidae,Rana,281,500
train,143,3040,864802,864802,train_mini/03040_Animalia_Chordata_Amphibia_Anura_Ranidae_Rana_aurora/31dfcfe8-06ee-4369-93dd-2c43e2cf16c7.jpg,Rana aurora,Northern Red-legged Frog,Animalia,Ranidae,Rana,500,333
train,143,3040,2574360,2574360,train_mini/03040_Animalia_Chordata_Amphibia_Anura_Ranidae_Rana_aurora/5edf03ea-c048-4264-b009-2501db405e56.jpg,Rana aurora,Northern Red-legged Frog,Animalia,Ranidae,Rana,500,333
train,143,3040,131829,131829,train_mini/03040_Animalia_Chordata_Amphibia_Anura_Ranidae_Rana_aurora/b66ebcad-be85-4b20-84d1-b8f713b8d024.jpg,Rana aurora,Northern Red-legged Frog,Animalia,Ranidae,Rana,500,500
train,143,3040,2564903,2564903,train_mini/03040_Animalia_Chordata_Amphibia_Anura_Ranidae_Rana_aurora/8e08f762-b720-4c37-b5cb-ba985384fb3f.jpg,Rana aurora,Northern Red-legged Frog,Animalia,Ranidae,Rana,500,394
train,144,3070,2131981,2131981,train_mini/03070_Animalia_Chordata_Amphibia_Caudata_Plethodontidae_Aneides_aeneus/16b4d32d-7404-42ff-8c7d-aff2df9be283.jpg,Aneides aeneus,Green Salamander,Animalia,Plethodontidae,Aneides,500,363
train,144,3070,967606,967606,train_mini/03070_Animalia_Chordata_Amphibia_Caudata_Plethodontidae_Aneides_aeneus/f5248217-dc5c-492f-a3dc-d41d7f2d05be.jpg,Aneides aeneus,Green Salamander,Animalia,Plethodontidae,Aneides,500,375
train,144,3070,1021375,1021375,train_mini/03070_Animalia_Chordata_Amphibia_Caudata_Plethodontidae_Aneides_aeneus/a90cc53f-a8d7-4935-86a3-dcb7f93d4c7b.jpg,Aneides aeneus,Green Salamander,Animalia,Plethodontidae,Aneides,375,500
train,144,3070,1041539,1041539,train_mini/03070_Animalia_Chordata_Amphibia_Caudata_Plethodontidae_Aneides_aeneus/51ad1881-9b4a-4d4a-bb29-885f5a492621.jpg,Aneides aeneus,Green Salamander,Animalia,Plethodontidae,Aneides,500,375
train,144,3070,417287,417287,train_mini/03070_Animalia_Chordata_Amphibia_Caudata_Plethodontidae_Aneides_aeneus/67dde964-5fcc-4a07-b6c2-0ac53427ebee.jpg,Aneides aeneus,Green Salamander,Animalia,Plethodontidae,Aneides,500,342
train,144,3070,1192061,1192061,train_mini/03070_Animalia_Chordata_Amphibia_Caudata_Plethodontidae_Aneides_aeneus/3cd542f0-b8df-433f-bff8-7dfd71400ed1.jpg,Aneides aeneus,Green Salamander,Animalia,Plethodontidae,Aneides,500,311
train,144,3070,905549,905549,train_mini/03070_Animalia_Chordata_Amphibia_Caudata_Plethodontidae_Aneides_aeneus/abe13099-0d2d-4811-9e4d-3196499e789c.jpg,Aneides aeneus,Green Salamander,Animalia,Plethodontidae,Aneides,500,431
train,144,3070,1943820,1943820,train_mini/03070_Animalia_Chordata_Amphibia_Caudata_Plethodontidae_Aneides_aeneus/5b97d580-3c69-4551-8ec3-cb7d87510c8d.jpg,Aneides aeneus,Green Salamander,Animalia,Plethodontidae,Aneides,375,500
train,145,3107,729374,729374,train_mini/03107_Animalia_Chordata_Amphibia_Caudata_Salamandridae_Triturus_carnifex/9d08b946-8d82-438e-9345-7e90d6152312.jpg,Triturus carnifex,Italian Crested Newt,Animalia,Salamandridae,Triturus,375,500
train,145,3107,1577494,1577494,train_mini/03107_Animalia_Chordata_Amphibia_Caudata_Salamandridae_Triturus_carnifex/86097857-ad4d-49dc-b51a-5988e274503e.jpg,Triturus carnifex,Italian Crested Newt,Animalia,Salamandridae,Triturus,500,375
train,145,3107,1325010,1325010,train_mini/03107_Animalia_Chordata_Amphibia_Caudata_Salamandridae_Triturus_carnifex/d69624a7-e97f-457e-919b-0c61f6f88e2b.jpg,Triturus carnifex,Italian Crested Newt,Animalia,Salamandridae,Triturus,500,331
train,145,3107,1204428,1204428,train_mini/03107_Animalia_Chordata_Amphibia_Caudata_Salamandridae_Triturus_carnifex/616e5876-f51f-4eec-986b-83a7df9e06f5.jpg,Triturus carnifex,Italian Crested Newt,Animalia,Salamandridae,Triturus,500,333
train,145,3107,2256277,2256277,train_mini/03107_Animalia_Chordata_Amphibia_Caudata_Salamandridae_Triturus_carnifex/95b2f029-22d3-47f5-b60f-ed40d4c78eaf.jpg,Triturus carnifex,Italian Crested Newt,Animalia,Salamandridae,Triturus,500,375
train,145,3107,524837,524837,train_mini/03107_Animalia_Chordata_Amphibia_Caudata_Salamandridae_Triturus_carnifex/e8386d6b-a7b8-4e23-b3a8-6a68ee712a3b.jpg,Triturus carnifex,Italian Crested Newt,Animalia,Salamandridae,Triturus,500,333
train,145,3107,1449358,1449358,train_mini/03107_Animalia_Chordata_Amphibia_Caudata_Salamandridae_Triturus_carnifex/2ea01823-90da-4559-9c4c-3ac13050fbc0.jpg,Triturus carnifex,Italian Crested Newt,Animalia,Salamandridae,Triturus,500,375
train,145,3107,2573186,2573186,train_mini/03107_Animalia_Chordata_Amphibia_Caudata_Salamandridae_Triturus_carnifex/fe297510-4058-4534-94ac-a3ec88f3b646.jpg,Triturus carnifex,Italian Crested Newt,Animalia,Salamandridae,Triturus,500,378
train,146,3120,1843816,1843816,train_mini/03120_Animalia_Chordata_Aves_Accipitriformes_Accipitridae_Aquila_heliaca/3162fdc3-9baf-45df-a063-a2b757243563.jpg,Aquila heliaca,Imperial Eagle,Animalia,Accipitridae,Aquila,500,333
train,146,3120,2490712,2490712,train_mini/03120_Animalia_Chordata_Aves_Accipitriformes_Accipitridae_Aquila_heliaca/32f5aec0-aa34-4824-be9f-4b2687ba3829.jpg,Aquila heliaca,Imperial Eagle,Animalia,Accipitridae,Aquila,500,333
train,146,3120,1250116,1250116,train_mini/03120_Animalia_Chordata_Aves_Accipitriformes_Accipitridae_Aquila_heliaca/2a9c6ce5-1cd5-4a80-ab74-c7633f295276.jpg,Aquila heliaca,Imperial Eagle,Animalia,Accipitridae,Aquila,500,375
train,146,3120,1799855,1799855,train_mini/03120_Animalia_Chordata_Aves_Accipitriformes_Accipitridae_Aquila_heliaca/19d5d6a8-bb13-4ea8-a455-33ecd547f303.jpg,Aquila heliaca,Imperial Eagle,Animalia,Accipitridae,Aquila,500,339
train,146,3120,1376030,1376030,train_mini/03120_Animalia_Chordata_Aves_Accipitriformes_Accipitridae_Aquila_heliaca/c77390a3-fff3-48b0-9097-5f5e36b49a4c.jpg,Aquila heliaca,Imperial Eagle,Animalia,Accipitridae,Aquila,500,371
train,146,3120,476294,476294,train_mini/03120_Animalia_Chordata_Aves_Accipitriformes_Accipitridae_Aquila_heliaca/7b3246ae-f6f3-43ae-882c-120234371230.jpg,Aquila heliaca,Imperial Eagle,Animalia,Accipitridae,Aquila,500,333
train,146,3120,2657646,2657646,train_mini/03120_Animalia_Chordata_Aves_Accipitriformes_Accipitridae_Aquila_heliaca/efb177c0-3609-4972-99ff-bc68f7851d0f.jpg,Aquila heliaca,Imperial Eagle,Animalia,Accipitridae,Aquila,500,333
train,146,3120,2457248,2457248,train_mini/03120_Animalia_Chordata_Aves_Accipitriformes_Accipitridae_Aquila_heliaca/9df71e78-2dc3-44a9-8c81-e948d4e433d7.jpg,Aquila heliaca,Imperial Eagle,Animalia,Accipitridae,Aquila,500,333
train,147,3177,1013654,1013654,train_mini/03177_Animalia_Chordata_Aves_Accipitriformes_Accipitridae_Pernis_apivorus/374dc831-11b2-4d14-b7ed-3f6629ebd033.jpg,Pernis apivorus,European Honey-buzzard,Animalia,Accipitridae,Pernis,281,500
train,147,3177,653805,653805,train_mini/03177_Animalia_Chordata_Aves_Accipitriformes_Accipitridae_Pernis_apivorus/3b1470b2-c654-40f7-b821-f90f6a994991.jpg,Pernis apivorus,European Honey-buzzard,Animalia,Accipitridae,Pernis,500,500
train,147,3177,2262963,2262963,train_mini/03177_Animalia_Chordata_Aves_Accipitriformes_Accipitridae_Pernis_apivorus/c296e61f-c3e2-44a5-9229-b12477233f15.jpg,Pernis apivorus,European Honey-buzzard,Animalia,Accipitridae,Pernis,500,333
train,147,3177,2505496,2505496,train_mini/03177_Animalia_Chordata_Aves_Accipitriformes_Accipitridae_Pernis_apivorus/9f4babba-f8d1-4f5c-810f-0f7aec467a04.jpg,Pernis apivorus,European Honey-buzzard,Animalia,Accipitridae,Pernis,362,500
train,147,3177,1466079,1466079,train_mini/03177_Animalia_Chordata_Aves_Accipitriformes_Accipitridae_Pernis_apivorus/ea249a82-a0af-41b3-a72b-a492b0db90b4.jpg,Pernis apivorus,European Honey-buzzard,Animalia,Accipitridae,Pernis,500,375
train,147,3177,548253,548253,train_mini/03177_Animalia_Chordata_Aves_Accipitriformes_Accipitridae_Pernis_apivorus/5f3adf3a-c151-424a-95e8-1704a54f6fbb.jpg,Pernis apivorus,European Honey-buzzard,Animalia,Accipitridae,Pernis,500,375
train,147,3177,750029,750029,train_mini/03177_Animalia_Chordata_Aves_Accipitriformes_Accipitridae_Pernis_apivorus/992c329b-d10a-4179-b550-31c67173802f.jpg,Pernis apivorus,European Honey-buzzard,Animalia,Accipitridae,Pernis,493,471
train,147,3177,2471735,2471735,train_mini/03177_Animalia_Chordata_Aves_Accipitriformes_Accipitridae_Pernis_apivorus/bfe66971-2c83-4ae1-acbf-6c41eeb68c84.jpg,Pernis apivorus,European Honey-buzzard,Animalia,Accipitridae,Pernis,500,333
train,148,3199,2443383,2443383,train_mini/03199_Animalia_Chordata_Aves_Anseriformes_Anatidae_Anas_georgica/2c05104c-a80c-44aa-9bb8-59eb6a0b249e.jpg,Anas georgica,Yellow-billed Pintail,Animalia,Anatidae,Anas,500,300
train,148,3199,1493951,1493951,train_mini/03199_Animalia_Chordata_Aves_Anseriformes_Anatidae_Anas_georgica/7df25be9-3b42-4957-85ed-da88c956eca6.jpg,Anas georgica,Yellow-billed Pintail,Animalia,Anatidae,Anas,500,273
train,148,3199,1300824,1300824,train_mini/03199_Animalia_Chordata_Aves_Anseriformes_Anatidae_Anas_georgica/0869ef10-76fc-4a3d-9616-bef39444c6aa.jpg,Anas georgica,Yellow-billed Pintail,Animalia,Anatidae,Anas,500,372
train,148,3199,2501943,2501943,train_mini/03199_Animalia_Chordata_Aves_Anseriformes_Anatidae_Anas_georgica/8b5d15ae-d124-4876-8c90-0c80d62b0141.jpg,Anas georgica,Yellow-billed Pintail,Animalia,Anatidae,Anas,500,349
train,148,3199,2580500,2580500,train_mini/03199_Animalia_Chordata_Aves_Anseriformes_Anatidae_Anas_georgica/3c1d77d1-2be3-4918-8a8a-ccb3fadb495e.jpg,Anas georgica,Yellow-billed Pintail,Animalia,Anatidae,Anas,500,334
train,148,3199,2588809,2588809,train_mini/03199_Animalia_Chordata_Aves_Anseriformes_Anatidae_Anas_georgica/dd65203c-600b-4c08-9f67-59f97b2147bc.jpg,Anas georgica,Yellow-billed Pintail,Animalia,Anatidae,Anas,500,384
train,148,3199,1465671,1465671,train_mini/03199_Animalia_Chordata_Aves_Anseriformes_Anatidae_Anas_georgica/a2d96a87-88df-4dd5-96be-65fc4335c3d8.jpg,Anas georgica,Yellow-billed Pintail,Animalia,Anatidae,Anas,500,375
train,148,3199,2586013,2586013,train_mini/03199_Animalia_Chordata_Aves_Anseriformes_Anatidae_Anas_georgica/766577cf-9890-49d1-ad35-88e265a1fa0a.jpg,Anas georgica,Yellow-billed Pintail,Animalia,Anatidae,Anas,311,403
train,149,3244,782935,782935,train_mini/03244_Animalia_Chordata_Aves_Anseriformes_Anatidae_Cygnus_olor/8201aa8c-1940-4727-8c62-8943127cc481.jpg,Cygnus olor,Mute Swan,Animalia,Anatidae,Cygnus,500,331
train,149,3244,2585705,2585705,train_mini/03244_Animalia_Chordata_Aves_Anseriformes_Anatidae_Cygnus_olor/1455e896-a56c-43db-a7ea-7093129661d8.jpg,Cygnus olor,Mute Swan,Animalia,Anatidae,Cygnus,500,333
train,149,3244,1897332,1897332,train_mini/03244_Animalia_Chordata_Aves_Anseriformes_Anatidae_Cygnus_olor/9af1c1c2-346a-41fd-98e9-48b5d3530083.jpg,Cygnus olor,Mute Swan,Animalia,Anatidae,Cygnus,375,500
train,149,3244,1532780,1532780,train_mini/03244_Animalia_Chordata_Aves_Anseriformes_Anatidae_Cygnus_olor/7ca38935-2af9-4653-8c2f-aa77920a160b.jpg,Cygnus olor,Mute Swan,Animalia,Anatidae,Cygnus,500,375
train,149,3244,107852,107852,train_mini/03244_Animalia_Chordata_Aves_Anseriformes_Anatidae_Cygnus_olor/c89806a0-70cd-4641-851f-28cae47c9236.jpg,Cygnus olor,Mute Swan,Animalia,Anatidae,Cygnus,281,500
train,149,3244,593202,593202,train_mini/03244_Animalia_Chordata_Aves_Anseriformes_Anatidae_Cygnus_olor/abf5bbb1-700c-4d46-a11e-f0f7d3526743.jpg,Cygnus olor,Mute Swan,Animalia,Anatidae,Cygnus,500,250
train,149,3244,2590456,2590456,train_mini/03244_Animalia_Chordata_Aves_Anseriformes_Anatidae_Cygnus_olor/d7fc60fa-13ae-44cb-b710-ddd78917ef2d.jpg,Cygnus olor,Mute Swan,Animalia,Anatidae,Cygnus,375,500
train,149,3244,1889361,1889361,train_mini/03244_Animalia_Chordata_Aves_Anseriformes_Anatidae_Cygnus_olor/7ffe8592-7a81-4295-98fb-aaeccaf73bfd.jpg,Cygnus olor,Mute Swan,Animalia,Anatidae,Cygnus,500,375
train,150,3258,382843,382843,train_mini/03258_Animalia_Chordata_Aves_Anseriformes_Anatidae_Melanitta_perspicillata/9d93d972-d9eb-4011-8486-35ca569ba46b.jpg,Melanitta perspicillata,Surf Scoter,Animalia,Anatidae,Melanitta,500,375
train,150,3258,1163064,1163064,train_mini/03258_Animalia_Chordata_Aves_Anseriformes_Anatidae_Melanitta_perspicillata/9dee07a4-4f49-46f0-89e6-c69f60c5a36d.jpg,Melanitta perspicillata,Surf Scoter,Animalia,Anatidae,Melanitta,500,281
train,150,3258,593708,593708,train_mini/03258_Animalia_Chordata_Aves_Anseriformes_Anatidae_Melanitta_perspicillata/9cde38b4-5a5d-4b1d-a83d-853b6c827f2c.jpg,Melanitta perspicillata,Surf Scoter,Animalia,Anatidae,Melanitta,500,361
train,150,3258,1488571,1488571,train_mini/03258_Animalia_Chordata_Aves_Anseriformes_Anatidae_Melanitta_perspicillata/e1501dd1-0996-45a5-b2f3-a4d89473e3b5.jpg,Melanitta perspicillata,Surf Scoter,Animalia,Anatidae,Melanitta,243,500
train,150,3258,334343,334343,train_mini/03258_Animalia_Chordata_Aves_Anseriformes_Anatidae_Melanitta_perspicillata/d17c5e09-ea77-4974-a242-c53a9ff871e2.jpg,Melanitta perspicillata,Surf Scoter,Animalia,Anatidae,Melanitta,396,296
train,150,3258,1377576,1377576,train_mini/03258_Animalia_Chordata_Aves_Anseriformes_Anatidae_Melanitta_perspicillata/a574fc33-4326-49cc-b219-582d53c2574c.jpg,Melanitta perspicillata,Surf Scoter,Animalia,Anatidae,Melanitta,500,333
train,150,3258,799344,799344,train_mini/03258_Animalia_Chordata_Aves_Anseriformes_Anatidae_Melanitta_perspicillata/aa008f84-7124-4c04-8fe2-8b89f2d18249.jpg,Melanitta perspicillata,Surf Scoter,Animalia,Anatidae,Melanitta,500,375
train,150,3258,154036,154036,train_mini/03258_Animalia_Chordata_Aves_Anseriformes_Anatidae_Melanitta_perspicillata/677d844b-a8a5-450e-9c0e-0fd37e820ab0.jpg,Melanitta perspicillata,Surf Scoter,Animalia,Anatidae,Melanitta,500,301
train,151,3259,2668474,2668474,train_mini/03259_Animalia_Chordata_Aves_Anseriformes_Anatidae_Mergellus_albellus/9e29634a-b04b-4c60-9f89-aa051d2b9b9d.jpg,Mergellus albellus,Smew,Animalia,Anatidae,Mergellus,500,331
train,151,3259,2486928,2486928,train_mini/03259_Animalia_Chordata_Aves_Anseriformes_Anatidae_Mergellus_albellus/54ff2995-8a97-4aa8-a31d-1fb515d31f85.jpg,Mergellus albellus,Smew,Animalia,Anatidae,Mergellus,337,500
train,151,3259,1394630,1394630,train_mini/03259_Animalia_Chordata_Aves_Anseriformes_Anatidae_Mergellus_albellus/12f54817-743b-4665-b5bd-8b8a05846cce.jpg,Mergellus albellus,Smew,Animalia,Anatidae,Mergellus,500,375
train,151,3259,614624,614624,train_mini/03259_Animalia_Chordata_Aves_Anseriformes_Anatidae_Mergellus_albellus/1c1332dd-81c7-4add-bc3d-e579332d80d2.jpg,Mergellus albellus,Smew,Animalia,Anatidae,Mergellus,500,281
train,151,3259,1270786,1270786,train_mini/03259_Animalia_Chordata_Aves_Anseriformes_Anatidae_Mergellus_albellus/a22f3b23-650c-4913-ab82-edb33eeda8f8.jpg,Mergellus albellus,Smew,Animalia,Anatidae,Mergellus,500,333
train,151,3259,1197124,1197124,train_mini/03259_Animalia_Chordata_Aves_Anseriformes_Anatidae_Mergellus_albellus/f468d3cd-a354-4418-9fbf-fbe470b83ab8.jpg,Mergellus albellus,Smew,Animalia,Anatidae,Mergellus,500,375
train,151,3259,1360359,1360359,train_mini/03259_Animalia_Chordata_Aves_Anseriformes_Anatidae_Mergellus_albellus/d11cc37f-c715-48ad-a5dc-c63ea16ddfae.jpg,Mergellus albellus,Smew,Animalia,Anatidae,Mergellus,500,311
train,151,3259,1439605,1439605,train_mini/03259_Animalia_Chordata_Aves_Anseriformes_Anatidae_Mergellus_albellus/28f654ff-4df2-4b4f-a9b2-9457973132b5.jpg,Mergellus albellus,Smew,Animalia,Anatidae,Mergellus,500,375
train,152,3260,1467494,1467494,train_mini/03260_Animalia_Chordata_Aves_Anseriformes_Anatidae_Mergus_merganser/64a1b6ef-99aa-424c-a0bc-9ea4243e1fd3.jpg,Mergus merganser,Common Merganser,Animalia,Anatidae,Mergus,357,238
train,152,3260,747267,747267,train_mini/03260_Animalia_Chordata_Aves_Anseriformes_Anatidae_Mergus_merganser/157df6db-42ca-49b5-9966-c47cd0ff697a.jpg,Mergus merganser,Common Merganser,Animalia,Anatidae,Mergus,418,500
train,152,3260,762108,762108,train_mini/03260_Animalia_Chordata_Aves_Anseriformes_Anatidae_Mergus_merganser/0d807986-0441-46eb-872a-82ace23d2cfe.jpg,Mergus merganser,Common Merganser,Animalia,Anatidae,Mergus,500,375
train,152,3260,1555461,1555461,train_mini/03260_Animalia_Chordata_Aves_Anseriformes_Anatidae_Mergus_merganser/c4d61818-db78-4343-830f-3df999a69fdf.jpg,Mergus merganser,Common Merganser,Animalia,Anatidae,Mergus,500,145
train,152,3260,1893097,1893097,train_mini/03260_Animalia_Chordata_Aves_Anseriformes_Anatidae_Mergus_merganser/c06cba0b-544f-40a8-ab8d-19f9dd52e862.jpg,Mergus merganser,Common Merganser,Animalia,Anatidae,Mergus,500,333
train,152,3260,267186,267186,train_mini/03260_Animalia_Chordata_Aves_Anseriformes_Anatidae_Mergus_merganser/cc241fea-afad-4aac-ae63-9ac809d50206.jpg,Mergus merganser,Common Merganser,Animalia,Anatidae,Mergus,500,375
train,152,3260,1337459,1337459,train_mini/03260_Animalia_Chordata_Aves_Anseriformes_Anatidae_Mergus_merganser/04657cb2-c004-49fd-86ea-4001a116954c.jpg,Mergus merganser,Common Merganser,Animalia,Anatidae,Mergus,500,375
train,152,3260,2116628,2116628,train_mini/03260_Animalia_Chordata_Aves_Anseriformes_Anatidae_Mergus_merganser/4ee653cf-ddd8-4aa2-a00a-548ef5ff3bc2.jpg,Mergus merganser,Common Merganser,Animalia,Anatidae,Mergus,410,500
train,153,3306,2475613,2475613,train_mini/03306_Animalia_Chordata_Aves_Caprimulgiformes_Trochilidae_Archilochus_alexandri/ea00b0c8-c483-41b0-8794-83f67e8dcd9c.jpg,Archilochus alexandri,Black-chinned Hummingbird,Animalia,Trochilidae,Archilochus,500,375
train,153,3306,463394,463394,train_mini/03306_Animalia_Chordata_Aves_Caprimulgiformes_Trochilidae_Archilochus_alexandri/ef8164a6-0e8d-4866-9876-bb863841a62f.jpg,Archilochus alexandri,Black-chinned Hummingbird,Animalia,Trochilidae,Archilochus,500,375
train,153,3306,1648636,1648636,train_mini/03306_Animalia_Chordata_Aves_Caprimulgiformes_Trochilidae_Archilochus_alexandri/4dbe53f5-d762-486f-90c4-f12a413e7bce.jpg,Archilochus alexandri,Black-chinned Hummingbird,Animalia,Trochilidae,Archilochus,375,500
train,153,3306,471020,471020,train_mini/03306_Animalia_Chordata_Aves_Caprimulgiformes_Trochilidae_Archilochus_alexandri/ad2ddc3a-b5ce-4cad-9cc2-253b2b54d47c.jpg,Archilochus alexandri,Black-chinned Hummingbird,Animalia,Trochilidae,Archilochus,278,287
train,153,3306,892383,892383,train_mini/03306_Animalia_Chordata_Aves_Caprimulgiformes_Trochilidae_Archilochus_alexandri/366c8f39-788d-4eeb-9eaf-69f02f1ff77b.jpg,Archilochus alexandri,Black-chinned Hummingbird,Animalia,Trochilidae,Archilochus,500,364
train,153,3306,1458820,1458820,train_mini/03306_Animalia_Chordata_Aves_Caprimulgiformes_Trochilidae_Archilochus_alexandri/0b78d916-cb49-47d2-b9c4-eadc8bf0d78c.jpg,Archilochus alexandri,Black-chinned Hummingbird,Animalia,Trochilidae,Archilochus,500,375
train,153,3306,1581678,1581678,train_mini/03306_Animalia_Chordata_Aves_Caprimulgiformes_Trochilidae_Archilochus_alexandri/71e03596-051d-45c2-b795-72426828510a.jpg,Archilochus alexandri,Black-chinned Hummingbird,Animalia,Trochilidae,Archilochus,500,378
train,153,3306,2321372,2321372,train_mini/03306_Animalia_Chordata_Aves_Caprimulgiformes_Trochilidae_Archilochus_alexandri/e24c5399-1058-4ee3-9d02-2c6d96a7ad32.jpg,Archilochus alexandri,Black-chinned Hummingbird,Animalia,Trochilidae,Archilochus,375,500
train,154,3321,1346566,1346566,train_mini/03321_Animalia_Chordata_Aves_Caprimulgiformes_Trochilidae_Heliodoxa_jacula/26f4db34-9fc8-4d9c-9088-fd7659d8f98a.jpg,Heliodoxa jacula,Green-crowned Brilliant,Animalia,Trochilidae,Heliodoxa,500,375
train,154,3321,545181,545181,train_mini/03321_Animalia_Chordata_Aves_Caprimulgiformes_Trochilidae_Heliodoxa_jacula/568a8810-b32a-441e-b745-246f10e64fe3.jpg,Heliodoxa jacula,Green-crowned Brilliant,Animalia,Trochilidae,Heliodoxa,500,333
train,154,3321,1524920,1524920,train_mini/03321_Animalia_Chordata_Aves_Caprimulgiformes_Trochilidae_Heliodoxa_jacula/7e7f1bc4-c600-47b3-a4f4-a9cb15245f0d.jpg,Heliodoxa jacula,Green-crowned Brilliant,Animalia,Trochilidae,Heliodoxa,500,333
train,154,3321,698990,698990,train_mini/03321_Animalia_Chordata_Aves_Caprimulgiformes_Trochilidae_Heliodoxa_jacula/be24b5b0-c6b1-4889-8fe0-d82815279c53.jpg,Heliodoxa jacula,Green-crowned Brilliant,Animalia,Trochilidae,Heliodoxa,500,374
train,154,3321,33434,33434,train_mini/03321_Animalia_Chordata_Aves_Caprimulgiformes_Trochilidae_Heliodoxa_jacula/7503c616-03e0-47cd-9b17-279f2c7a413b.jpg,Heliodoxa jacula,Green-crowned Brilliant,Animalia,Trochilidae,Heliodoxa,394,500
train,154,3321,1287233,1287233,train_mini/03321_Animalia_Chordata_Aves_Caprimulgiformes_Trochilidae_Heliodoxa_jacula/b2cecc7e-4bd0-42a2-a695-0dc9cc2688ea.jpg,Heliodoxa jacula,Green-crowned Brilliant,Animalia,Trochilidae,Heliodoxa,375,500
train,154,3321,350266,350266,train_mini/03321_Animalia_Chordata_Aves_Caprimulgiformes_Trochilidae_Heliodoxa_jacula/b774a049-f638-4439-aeb5-1c98a7c1700e.jpg,Heliodoxa jacula,Green-crowned Brilliant,Animalia,Trochilidae,Heliodoxa,500,400
train,154,3321,599745,599745,train_mini/03321_Animalia_Chordata_Aves_Caprimulgiformes_Trochilidae_Heliodoxa_jacula/bfb0ebc1-4433-4448-9b58-4e161a00496c.jpg,Heliodoxa jacula,Green-crowned Brilliant,Animalia,Trochilidae,Heliodoxa,500,333
train,155,3358,59870,59870,train_mini/03358_Animalia_Chordata_Aves_Charadriiformes_Charadriidae_Charadrius_obscurus/fbdf57ed-c7fa-40b3-a517-a4658650ee5a.jpg,Charadrius obscurus,Red-breasted Dotterel,Animalia,Charadriidae,Charadrius,500,318
train,155,3358,2332206,2332206,train_mini/03358_Animalia_Chordata_Aves_Charadriiformes_Charadriidae_Charadrius_obscurus/66685f18-058c-495b-8198-b4862cdf3f73.jpg,Charadrius obscurus,Red-breasted Dotterel,Animalia,Charadriidae,Charadrius,373,500
train,155,3358,1984157,1984157,train_mini/03358_Animalia_Chordata_Aves_Charadriiformes_Charadriidae_Charadrius_obscurus/39061928-fcf3-4524-9728-5d02eae49cf6.jpg,Charadrius obscurus,Red-breasted Dotterel,Animalia,Charadriidae,Charadrius,500,375
train,155,3358,2610316,2610316,train_mini/03358_Animalia_Chordata_Aves_Charadriiformes_Charadriidae_Charadrius_obscurus/5fe29ce9-2f55-43f4-8677-4f089962e2a9.jpg,Charadrius obscurus,Red-breasted Dotterel,Animalia,Charadriidae,Charadrius,500,354
train,155,3358,1317713,1317713,train_mini/03358_Animalia_Chordata_Aves_Charadriiformes_Charadriidae_Charadrius_obscurus/045b3c3b-c47a-46f2-96c3-547d1d03be0f.jpg,Charadrius obscurus,Red-breasted Dotterel,Animalia,Charadriidae,Charadrius,500,375
train,155,3358,1058212,1058212,train_mini/03358_Animalia_Chordata_Aves_Charadriiformes_Charadriidae_Charadrius_obscurus/c9b66bd7-4e25-4472-9b04-184426af95d9.jpg,Charadrius obscurus,Red-breasted Dotterel,Animalia,Charadriidae,Charadrius,500,375
train,155,3358,2570769,2570769,train_mini/03358_Animalia_Chordata_Aves_Charadriiformes_Charadriidae_Charadrius_obscurus/5a00f0e2-a4d7-4aa2-a94a-1dd14e6091b5.jpg,Charadrius obscurus,Red-breasted Dotterel,Animalia,Charadriidae,Charadrius,500,274
train,155,3358,2310897,2310897,train_mini/03358_Animalia_Chordata_Aves_Charadriiformes_Charadriidae_Charadrius_obscurus/a03f5643-718b-4ac4-a20c-60579bf2903d.jpg,Charadrius obscurus,Red-breasted Dotterel,Animalia,Charadriidae,Charadrius,500,332
train,156,3364,2678398,2678398,train_mini/03364_Animalia_Chordata_Aves_Charadriiformes_Charadriidae_Charadrius_wilsonia/8a4f8dba-e22b-4ee8-bd2f-5d39eda0e336.jpg,Charadrius wilsonia,Wilson's Plover,Animalia,Charadriidae,Charadrius,500,333
train,156,3364,728302,728302,train_mini/03364_Animalia_Chordata_Aves_Charadriiformes_Charadriidae_Charadrius_wilsonia/6a204b75-8984-4525-a9c8-abbe69fe7c69.jpg,Charadrius wilsonia,Wilson's Plover,Animalia,Charadriidae,Charadrius,500,331
train,156,3364,1767515,1767515,train_mini/03364_Animalia_Chordata_Aves_Charadriiformes_Charadriidae_Charadrius_wilsonia/cc845a46-cd80-48e9-9e78-f6d130310689.jpg,Charadrius wilsonia,Wilson's Plover,Animalia,Charadriidae,Charadrius,500,333
train,156,3364,2640692,2640692,train_mini/03364_Animalia_Chordata_Aves_Charadriiformes_Charadriidae_Charadrius_wilsonia/1ac2343d-de2c-45e6-8baa-f298b1948e4a.jpg,Charadrius wilsonia,Wilson's Plover,Animalia,Charadriidae,Charadrius,500,281
train,156,3364,2466127,2466127,train_mini/03364_Animalia_Chordata_Aves_Charadriiformes_Charadriidae_Charadrius_wilsonia/1f42f81c-5ea7-4f29-a18a-3acef3af7a8a.jpg,Charadrius wilsonia,Wilson's Plover,Animalia,Charadriidae,Charadrius,500,282
train,156,3364,791937,791937,train_mini/03364_Animalia_Chordata_Aves_Charadriiformes_Charadriidae_Charadrius_wilsonia/361a3a00-9770-4ed5-8993-7f9d40b6afd4.jpg,Charadrius wilsonia,Wilson's Plover,Animalia,Charadriidae,Charadrius,500,333
train,156,3364,527879,527879,train_mini/03364_Animalia_Chordata_Aves_Charadriiformes_Charadriidae_Charadrius_wilsonia/c240282d-0908-4c6d-947b-b8b47c5442ba.jpg,Charadrius wilsonia,Wilson's Plover,Animalia,Charadriidae,Charadrius,500,375
train,156,3364,270820,270820,train_mini/03364_Animalia_Chordata_Aves_Charadriiformes_Charadriidae_Charadrius_wilsonia/0ae279f3-7fff-4e56-a8bd-8e6acb44f4fd.jpg,Charadrius wilsonia,Wilson's Plover,Animalia,Charadriidae,Charadrius,500,375
train,157,3367,257195,257195,train_mini/03367_Animalia_Chordata_Aves_Charadriiformes_Charadriidae_Pluvialis_dominica/59da2874-fe26-4d4f-b895-542e4a49e1a9.jpg,Pluvialis dominica,American Golden-Plover,Animalia,Charadriidae,Pluvialis,500,335
train,157,3367,367424,367424,train_mini/03367_Animalia_Chordata_Aves_Charadriiformes_Charadriidae_Pluvialis_dominica/b9ddbf9a-05fd-4131-afe5-08849e459323.jpg,Pluvialis dominica,American Golden-Plover,Animalia,Charadriidae,Pluvialis,500,390
train,157,3367,1631968,1631968,train_mini/03367_Animalia_Chordata_Aves_Charadriiformes_Charadriidae_Pluvialis_dominica/04373c83-e789-4eee-bd10-e6b50c7a2a5c.jpg,Pluvialis dominica,American Golden-Plover,Animalia,Charadriidae,Pluvialis,500,375
train,157,3367,2355188,2355188,train_mini/03367_Animalia_Chordata_Aves_Charadriiformes_Charadriidae_Pluvialis_dominica/9ac743a0-be40-49c3-ace1-4ddb797f7926.jpg,Pluvialis dominica,American Golden-Plover,Animalia,Charadriidae,Pluvialis,500,294
train,157,3367,2629994,2629994,train_mini/03367_Animalia_Chordata_Aves_Charadriiformes_Charadriidae_Pluvialis_dominica/4108fa2a-35a9-426c-9de9-4a98144da281.jpg,Pluvialis dominica,American Golden-Plover,Animalia,Charadriidae,Pluvialis,500,333
train,157,3367,2342519,2342519,train_mini/03367_Animalia_Chordata_Aves_Charadriiformes_Charadriidae_Pluvialis_dominica/bad2ed40-ce81-4967-b56b-94aaf5b3860e.jpg,Pluvialis dominica,American Golden-Plover,Animalia,Charadriidae,Pluvialis,500,273
train,157,3367,1268380,1268380,train_mini/03367_Animalia_Chordata_Aves_Charadriiformes_Charadriidae_Pluvialis_dominica/f32a3e72-1d7b-4b19-99b6-ddd8924e77b5.jpg,Pluvialis dominica,American Golden-Plover,Animalia,Charadriidae,Pluvialis,500,333
train,157,3367,1865288,1865288,train_mini/03367_Animalia_Chordata_Aves_Charadriiformes_Charadriidae_Pluvialis_dominica/1aeeacfc-e702-4a1b-a9bf-4299f1415a72.jpg,Pluvialis dominica,American Golden-Plover,Animalia,Charadriidae,Pluvialis,500,333
train,158,3372,2660843,2660843,train_mini/03372_Animalia_Chordata_Aves_Charadriiformes_Charadriidae_Vanellus_coronatus/6e4a0070-99d9-4db3-bbc1-cb50c3fa061e.jpg,Vanellus coronatus,Crowned Lapwing,Animalia,Charadriidae,Vanellus,500,300
train,158,3372,2632948,2632948,train_mini/03372_Animalia_Chordata_Aves_Charadriiformes_Charadriidae_Vanellus_coronatus/ca4399c2-2548-4fda-8a2c-c9333106d6be.jpg,Vanellus coronatus,Crowned Lapwing,Animalia,Charadriidae,Vanellus,500,375
train,158,3372,2608216,2608216,train_mini/03372_Animalia_Chordata_Aves_Charadriiformes_Charadriidae_Vanellus_coronatus/5f40022a-e71c-4c75-b3cb-c977fbe196f2.jpg,Vanellus coronatus,Crowned Lapwing,Animalia,Charadriidae,Vanellus,500,280
train,158,3372,549331,549331,train_mini/03372_Animalia_Chordata_Aves_Charadriiformes_Charadriidae_Vanellus_coronatus/95d8e659-38a2-4302-acb8-6144ed53f18c.jpg,Vanellus coronatus,Crowned Lapwing,Animalia,Charadriidae,Vanellus,500,333
train,158,3372,1888019,1888019,train_mini/03372_Animalia_Chordata_Aves_Charadriiformes_Charadriidae_Vanellus_coronatus/2bcf9010-010c-464a-86ea-67434d007a28.jpg,Vanellus coronatus,Crowned Lapwing,Animalia,Charadriidae,Vanellus,500,334
train,158,3372,883684,883684,train_mini/03372_Animalia_Chordata_Aves_Charadriiformes_Charadriidae_Vanellus_coronatus/6f09918c-a120-4212-9757-c02be14b431e.jpg,Vanellus coronatus,Crowned Lapwing,Animalia,Charadriidae,Vanellus,500,344
train,158,3372,1033492,1033492,train_mini/03372_Animalia_Chordata_Aves_Charadriiformes_Charadriidae_Vanellus_coronatus/8dde21be-6867-4632-b0a5-870e3ab1bb41.jpg,Vanellus coronatus,Crowned Lapwing,Animalia,Charadriidae,Vanellus,500,375
train,158,3372,1980877,1980877,train_mini/03372_Animalia_Chordata_Aves_Charadriiformes_Charadriidae_Vanellus_coronatus/c0109b1b-7884-4d9c-8c5e-fc054ee517ad.jpg,Vanellus coronatus,Crowned Lapwing,Animalia,Charadriidae,Vanellus,500,333
train,159,3385,1434534,1434534,train_mini/03385_Animalia_Chordata_Aves_Charadriiformes_Haematopodidae_Haematopus_palliatus/c1080e32-c1ad-4a5e-85b7-1530741da85d.jpg,Haematopus palliatus,American Oystercatcher,Animalia,Haematopodidae,Haematopus,500,333
train,159,3385,1823563,1823563,train_mini/03385_Animalia_Chordata_Aves_Charadriiformes_Haematopodidae_Haematopus_palliatus/d69a8f3d-1a83-408a-9757-26ddaf95f4eb.jpg,Haematopus palliatus,American Oystercatcher,Animalia,Haematopodidae,Haematopus,500,375
train,159,3385,209597,209597,train_mini/03385_Animalia_Chordata_Aves_Charadriiformes_Haematopodidae_Haematopus_palliatus/4270c2c9-c21a-46be-b13b-be609896ac2d.jpg,Haematopus palliatus,American Oystercatcher,Animalia,Haematopodidae,Haematopus,500,333
train,159,3385,645412,645412,train_mini/03385_Animalia_Chordata_Aves_Charadriiformes_Haematopodidae_Haematopus_palliatus/44b04534-c94b-4873-8239-108d8790fc65.jpg,Haematopus palliatus,American Oystercatcher,Animalia,Haematopodidae,Haematopus,500,471
train,159,3385,806686,806686,train_mini/03385_Animalia_Chordata_Aves_Charadriiformes_Haematopodidae_Haematopus_palliatus/5f520e1f-85e6-424c-9c37-83c3307ca595.jpg,Haematopus palliatus,American Oystercatcher,Animalia,Haematopodidae,Haematopus,500,335
train,159,3385,337176,337176,train_mini/03385_Animalia_Chordata_Aves_Charadriiformes_Haematopodidae_Haematopus_palliatus/d8b7d0f8-d2c5-409c-b5ab-7116777b1f22.jpg,Haematopus palliatus,American Oystercatcher,Animalia,Haematopodidae,Haematopus,500,333
train,159,3385,100257,100257,train_mini/03385_Animalia_Chordata_Aves_Charadriiformes_Haematopodidae_Haematopus_palliatus/3a1c26a3-e4e9-41b1-9de4-0b63bf28ffb5.jpg,Haematopus palliatus,American Oystercatcher,Animalia,Haematopodidae,Haematopus,500,281
train,159,3385,1931029,1931029,train_mini/03385_Animalia_Chordata_Aves_Charadriiformes_Haematopodidae_Haematopus_palliatus/7d1b9a9a-f654-4bd9-90cf-4f6a3859b0b4.jpg,Haematopus palliatus,American Oystercatcher,Animalia,Haematopodidae,Haematopus,500,375
train,160,3398,1851144,1851144,train_mini/03398_Animalia_Chordata_Aves_Charadriiformes_Laridae_Chroicocephalus_hartlaubii/8d861705-2585-47d8-9f37-e31d4b31c93f.jpg,Chroicocephalus hartlaubii,Hartlaub's Gull,Animalia,Laridae,Chroicocephalus,500,375
train,160,3398,2668473,2668473,train_mini/03398_Animalia_Chordata_Aves_Charadriiformes_Laridae_Chroicocephalus_hartlaubii/5af372f7-27d9-466f-817a-9eb9740b99f5.jpg,Chroicocephalus hartlaubii,Hartlaub's Gull,Animalia,Laridae,Chroicocephalus,500,399
train,160,3398,1489,1489,train_mini/03398_Animalia_Chordata_Aves_Charadriiformes_Laridae_Chroicocephalus_hartlaubii/2cc641e1-bc3a-4183-a9b8-e4d7d9ab3a83.jpg,Chroicocephalus hartlaubii,Hartlaub's Gull,Animalia,Laridae,Chroicocephalus,500,333
train,160,3398,1557584,1557584,train_mini/03398_Animalia_Chordata_Aves_Charadriiformes_Laridae_Chroicocephalus_hartlaubii/cf36b624-6dbb-4102-b8e7-38b159b8c9f0.jpg,Chroicocephalus hartlaubii,Hartlaub's Gull,Animalia,Laridae,Chroicocephalus,500,282
train,160,3398,1134096,1134096,train_mini/03398_Animalia_Chordata_Aves_Charadriiformes_Laridae_Chroicocephalus_hartlaubii/45ac6594-6c70-427b-93e7-2877909f2822.jpg,Chroicocephalus hartlaubii,Hartlaub's Gull,Animalia,Laridae,Chroicocephalus,500,375
train,160,3398,885515,885515,train_mini/03398_Animalia_Chordata_Aves_Charadriiformes_Laridae_Chroicocephalus_hartlaubii/c722d249-1426-4028-806d-1a2c5f6edd75.jpg,Chroicocephalus hartlaubii,Hartlaub's Gull,Animalia,Laridae,Chroicocephalus,500,375
train,160,3398,2640695,2640695,train_mini/03398_Animalia_Chordata_Aves_Charadriiformes_Laridae_Chroicocephalus_hartlaubii/e3347d43-d16d-4ca6-8b99-4566906817fb.jpg,Chroicocephalus hartlaubii,Hartlaub's Gull,Animalia,Laridae,Chroicocephalus,500,333
train,160,3398,930163,930163,train_mini/03398_Animalia_Chordata_Aves_Charadriiformes_Laridae_Chroicocephalus_hartlaubii/4d2b1582-9fdb-47e5-ba2e-0a5c83298889.jpg,Chroicocephalus hartlaubii,Hartlaub's Gull,Animalia,Laridae,Chroicocephalus,500,313
train,161,3402,525132,525132,train_mini/03402_Animalia_Chordata_Aves_Charadriiformes_Laridae_Chroicocephalus_ridibundus/37b39039-884b-45f3-8803-c1c28f296836.jpg,Chroicocephalus ridibundus,Black-headed Gull,Animalia,Laridae,Chroicocephalus,375,500
train,161,3402,2346693,2346693,train_mini/03402_Animalia_Chordata_Aves_Charadriiformes_Laridae_Chroicocephalus_ridibundus/eb051f9e-6216-4f67-a415-e40ee1473109.jpg,Chroicocephalus ridibundus,Black-headed Gull,Animalia,Laridae,Chroicocephalus,500,333
train,161,3402,2620494,2620494,train_mini/03402_Animalia_Chordata_Aves_Charadriiformes_Laridae_Chroicocephalus_ridibundus/95dee9ad-73a4-4cc0-b750-250311332242.jpg,Chroicocephalus ridibundus,Black-headed Gull,Animalia,Laridae,Chroicocephalus,500,333
train,161,3402,1220795,1220795,train_mini/03402_Animalia_Chordata_Aves_Charadriiformes_Laridae_Chroicocephalus_ridibundus/5382112c-56eb-489f-a3bb-2ff66fd9f694.jpg,Chroicocephalus ridibundus,Black-headed Gull,Animalia,Laridae,Chroicocephalus,500,319
train,161,3402,797183,797183,train_mini/03402_Animalia_Chordata_Aves_Charadriiformes_Laridae_Chroicocephalus_ridibundus/fcc5e606-f078-4253-9eba-77f3548179b4.jpg,Chroicocephalus ridibundus,Black-headed Gull,Animalia,Laridae,Chroicocephalus,500,333
train,161,3402,149629,149629,train_mini/03402_Animalia_Chordata_Aves_Charadriiformes_Laridae_Chroicocephalus_ridibundus/1842405b-3579-4a5a-bc5b-5c4bc35133f0.jpg,Chroicocephalus ridibundus,Black-headed Gull,Animalia,Laridae,Chroicocephalus,500,313
train,161,3402,558353,558353,train_mini/03402_Animalia_Chordata_Aves_Charadriiformes_Laridae_Chroicocephalus_ridibundus/339dc249-0dcd-42c1-84fb-999e58ec7c9e.jpg,Chroicocephalus ridibundus,Black-headed Gull,Animalia,Laridae,Chroicocephalus,500,331
train,161,3402,2441403,2441403,train_mini/03402_Animalia_Chordata_Aves_Charadriiformes_Laridae_Chroicocephalus_ridibundus/56c20efa-2d8f-4b8e-b6f1-2460e0f59506.jpg,Chroicocephalus ridibundus,Black-headed Gull,Animalia,Laridae,Chroicocephalus,500,375
train,162,3410,682413,682413,train_mini/03410_Animalia_Chordata_Aves_Charadriiformes_Laridae_Larus_cachinnans/695b1a63-c86e-4145-aa3d-5cdc69871715.jpg,Larus cachinnans,Caspian Gull,Animalia,Laridae,Larus,500,333
train,162,3410,2611235,2611235,train_mini/03410_Animalia_Chordata_Aves_Charadriiformes_Laridae_Larus_cachinnans/c4972005-2b88-4509-ad64-c96c733cad3c.jpg,Larus cachinnans,Caspian Gull,Animalia,Laridae,Larus,500,375
train,162,3410,2427718,2427718,train_mini/03410_Animalia_Chordata_Aves_Charadriiformes_Laridae_Larus_cachinnans/8d238cc7-9ee6-4a6e-b9d9-9f04bc9de337.jpg,Larus cachinnans,Caspian Gull,Animalia,Laridae,Larus,500,375
train,162,3410,1314030,1314030,train_mini/03410_Animalia_Chordata_Aves_Charadriiformes_Laridae_Larus_cachinnans/e7e86024-4d6f-4286-89e1-edac81624c66.jpg,Larus cachinnans,Caspian Gull,Animalia,Laridae,Larus,500,308
train,162,3410,330022,330022,train_mini/03410_Animalia_Chordata_Aves_Charadriiformes_Laridae_Larus_cachinnans/1e4e59ca-fc47-4d22-ba56-b0cf3ac937f7.jpg,Larus cachinnans,Caspian Gull,Animalia,Laridae,Larus,444,267
train,162,3410,1816905,1816905,train_mini/03410_Animalia_Chordata_Aves_Charadriiformes_Laridae_Larus_cachinnans/4b162701-de0f-4bf7-92dc-6ad37c0e4cf0.jpg,Larus cachinnans,Caspian Gull,Animalia,Laridae,Larus,500,421
train,162,3410,2420131,2420131,train_mini/03410_Animalia_Chordata_Aves_Charadriiformes_Laridae_Larus_cachinnans/1510ba44-95c8-4aee-83d4-9a9a830aaf18.jpg,Larus cachinnans,Caspian Gull,Animalia,Laridae,Larus,500,341
train,162,3410,2565144,2565144,train_mini/03410_Animalia_Chordata_Aves_Charadriiformes_Laridae_Larus_cachinnans/6ab96d0c-aaf6-480b-aa0a-f44db8e49994.jpg,Larus cachinnans,Caspian Gull,Animalia,Laridae,Larus,500,307
train,163,3417,138322,138322,train_mini/03417_Animalia_Chordata_Aves_Charadriiformes_Laridae_Larus_glaucescens/c6cd8f3e-a1e3-4979-a885-145cc4eb2539.jpg,Larus glaucescens,Glaucous-winged Gull,Animalia,Laridae,Larus,500,400
train,163,3417,1455773,1455773,train_mini/03417_Animalia_Chordata_Aves_Charadriiformes_Laridae_Larus_glaucescens/7ffef40d-96ec-4568-8b95-ed37bce7dcbf.jpg,Larus glaucescens,Glaucous-winged Gull,Animalia,Laridae,Larus,500,375
train,163,3417,21910,21910,train_mini/03417_Animalia_Chordata_Aves_Charadriiformes_Laridae_Larus_glaucescens/551bbcd7-139a-4531-992b-c4d9f38700e0.jpg,Larus glaucescens,Glaucous-winged Gull,Animalia,Laridae,Larus,375,500
train,163,3417,29676,29676,train_mini/03417_Animalia_Chordata_Aves_Charadriiformes_Laridae_Larus_glaucescens/fa5c88cc-af3f-42db-be4f-3d56bf973caa.jpg,Larus glaucescens,Glaucous-winged Gull,Animalia,Laridae,Larus,500,327
train,163,3417,1098754,1098754,train_mini/03417_Animalia_Chordata_Aves_Charadriiformes_Laridae_Larus_glaucescens/6f54ff05-4d00-4ee1-8b3a-db44a2a70ecc.jpg,Larus glaucescens,Glaucous-winged Gull,Animalia,Laridae,Larus,500,500
train,163,3417,1661492,1661492,train_mini/03417_Animalia_Chordata_Aves_Charadriiformes_Laridae_Larus_glaucescens/2fcc6759-3505-4098-ba3c-854e590582b2.jpg,Larus glaucescens,Glaucous-winged Gull,Animalia,Laridae,Larus,500,375
train,163,3417,33423,33423,train_mini/03417_Animalia_Chordata_Aves_Charadriiformes_Laridae_Larus_glaucescens/6da1d50f-ea78-4429-837c-9f84e9a50fa7.jpg,Larus glaucescens,Glaucous-winged Gull,Animalia,Laridae,Larus,500,375
train,163,3417,255022,255022,train_mini/03417_Animalia_Chordata_Aves_Charadriiformes_Laridae_Larus_glaucescens/e391a992-43ee-4b8f-91c2-6fc7599cf486.jpg,Larus glaucescens,Glaucous-winged Gull,Animalia,Laridae,Larus,500,281
train,164,3481,665326,665326,train_mini/03481_Animalia_Chordata_Aves_Charadriiformes_Scolopacidae_Numenius_madagascariensis/5bf40ca2-759f-4823-af8b-1f4e07a4784b.jpg,Numenius madagascariensis,Far Eastern Curlew,Animalia,Scolopacidae,Numenius,500,375
train,164,3481,1685418,1685418,train_mini/03481_Animalia_Chordata_Aves_Charadriiformes_Scolopacidae_Numenius_madagascariensis/7772d928-f5f3-496e-ab2b-fac27267a0e0.jpg,Numenius madagascariensis,Far Eastern Curlew,Animalia,Scolopacidae,Numenius,500,333
train,164,3481,1184464,1184464,train_mini/03481_Animalia_Chordata_Aves_Charadriiformes_Scolopacidae_Numenius_madagascariensis/0b402593-1c0c-4c96-b752-57afc18155dd.jpg,Numenius madagascariensis,Far Eastern Curlew,Animalia,Scolopacidae,Numenius,386,385
train,164,3481,2011716,2011716,train_mini/03481_Animalia_Chordata_Aves_Charadriiformes_Scolopacidae_Numenius_madagascariensis/bcc6276c-85c5-47cd-93a6-9e6064849a1d.jpg,Numenius madagascariensis,Far Eastern Curlew,Animalia,Scolopacidae,Numenius,500,362
train,164,3481,1212266,1212266,train_mini/03481_Animalia_Chordata_Aves_Charadriiformes_Scolopacidae_Numenius_madagascariensis/43b0fda6-314c-4a65-9a86-6326f4287ae7.jpg,Numenius madagascariensis,Far Eastern Curlew,Animalia,Scolopacidae,Numenius,500,350
train,164,3481,2127009,2127009,train_mini/03481_Animalia_Chordata_Aves_Charadriiformes_Scolopacidae_Numenius_madagascariensis/88b7bdc9-9e7b-4f2e-9e1a-c9286c28f43b.jpg,Numenius madagascariensis,Far Eastern Curlew,Animalia,Scolopacidae,Numenius,500,333
train,164,3481,363650,363650,train_mini/03481_Animalia_Chordata_Aves_Charadriiformes_Scolopacidae_Numenius_madagascariensis/71c9529c-1b81-4fbb-8fcd-c825358dfdda.jpg,Numenius madagascariensis,Far Eastern Curlew,Animalia,Scolopacidae,Numenius,500,333
train,164,3481,2394522,2394522,train_mini/03481_Animalia_Chordata_Aves_Charadriiformes_Scolopacidae_Numenius_madagascariensis/41aaa4a1-be01-4838-9ca2-cb2a46b28e19.jpg,Numenius madagascariensis,Far Eastern Curlew,Animalia,Scolopacidae,Numenius,406,500
train,165,3490,1937846,1937846,train_mini/03490_Animalia_Chordata_Aves_Charadriiformes_Scolopacidae_Tringa_glareola/1fef4f37-4bce-4ee4-b9c9-a1b5f1ae8614.jpg,Tringa glareola,Wood Sandpiper,Animalia,Scolopacidae,Tringa,500,354
train,165,3490,2480565,2480565,train_mini/03490_Animalia_Chordata_Aves_Charadriiformes_Scolopacidae_Tringa_glareola/c82da832-8973-49b4-a2ca-83e59e86e662.jpg,Tringa glareola,Wood Sandpiper,Animalia,Scolopacidae,Tringa,364,478
train,165,3490,759467,759467,train_mini/03490_Animalia_Chordata_Aves_Charadriiformes_Scolopacidae_Tringa_glareola/8e16c2e3-d16a-49dc-bdff-0ce94bdb75cc.jpg,Tringa glareola,Wood Sandpiper,Animalia,Scolopacidae,Tringa,361,500
train,165,3490,2670676,2670676,train_mini/03490_Animalia_Chordata_Aves_Charadriiformes_Scolopacidae_Tringa_glareola/3f4ddfa7-ea29-4523-affa-3f2ad8e41a2f.jpg,Tringa glareola,Wood Sandpiper,Animalia,Scolopacidae,Tringa,500,376
train,165,3490,2322876,2322876,train_mini/03490_Animalia_Chordata_Aves_Charadriiformes_Scolopacidae_Tringa_glareola/c0442cc7-661e-4fa4-8bf1-acb0f55c46bc.jpg,Tringa glareola,Wood Sandpiper,Animalia,Scolopacidae,Tringa,500,400
train,165,3490,2445614,2445614,train_mini/03490_Animalia_Chordata_Aves_Charadriiformes_Scolopacidae_Tringa_glareola/6d1210f9-4264-4f7a-83c7-3c644689633f.jpg,Tringa glareola,Wood Sandpiper,Animalia,Scolopacidae,Tringa,500,333
train,165,3490,313223,313223,train_mini/03490_Animalia_Chordata_Aves_Charadriiformes_Scolopacidae_Tringa_glareola/e4a20689-910b-46e8-a2f8-a2a769549bf7.jpg,Tringa glareola,Wood Sandpiper,Animalia,Scolopacidae,Tringa,500,375
train,165,3490,1271946,1271946,train_mini/03490_Animalia_Chordata_Aves_Charadriiformes_Scolopacidae_Tringa_glareola/55d03dbd-8642-4c86-979f-1a37fb7f2ce4.jpg,Tringa glareola,Wood Sandpiper,Animalia,Scolopacidae,Tringa,500,357
train,166,3529,2528006,2528006,train_mini/03529_Animalia_Chordata_Aves_Columbiformes_Columbidae_Patagioenas_flavirostris/fdbd3a15-6e2d-4ae9-bb4a-39fe0cfe0b6a.jpg,Patagioenas flavirostris,Red-billed Pigeon,Animalia,Columbidae,Patagioenas,500,320
train,166,3529,308521,308521,train_mini/03529_Animalia_Chordata_Aves_Columbiformes_Columbidae_Patagioenas_flavirostris/5e9de057-f52c-45f2-ba2c-cafa3dc6795e.jpg,Patagioenas flavirostris,Red-billed Pigeon,Animalia,Columbidae,Patagioenas,500,334
train,166,3529,2526166,2526166,train_mini/03529_Animalia_Chordata_Aves_Columbiformes_Columbidae_Patagioenas_flavirostris/db417dd3-e7c9-4b98-80f6-16d4b1ce7887.jpg,Patagioenas flavirostris,Red-billed Pigeon,Animalia,Columbidae,Patagioenas,500,364
train,166,3529,1560515,1560515,train_mini/03529_Animalia_Chordata_Aves_Columbiformes_Columbidae_Patagioenas_flavirostris/b8c00064-0ca6-407c-9999-a3bf5f53da18.jpg,Patagioenas flavirostris,Red-billed Pigeon,Animalia,Columbidae,Patagioenas,500,375
train,166,3529,1467904,1467904,train_mini/03529_Animalia_Chordata_Aves_Columbiformes_Columbidae_Patagioenas_flavirostris/2f7df664-4c67-4a2c-9f37-a378dcdda9de.jpg,Patagioenas flavirostris,Red-billed Pigeon,Animalia,Columbidae,Patagioenas,500,375
train,166,3529,616989,616989,train_mini/03529_Animalia_Chordata_Aves_Columbiformes_Columbidae_Patagioenas_flavirostris/2b46eea2-0639-44a6-bf52-03ddf6e46acd.jpg,Patagioenas flavirostris,Red-billed Pigeon,Animalia,Columbidae,Patagioenas,500,375
train,166,3529,2429333,2429333,train_mini/03529_Animalia_Chordata_Aves_Columbiformes_Columbidae_Patagioenas_flavirostris/743fccca-53f3-42e8-b917-aefc9e3e6df0.jpg,Patagioenas flavirostris,Red-billed Pigeon,Animalia,Columbidae,Patagioenas,500,338
train,166,3529,171592,171592,train_mini/03529_Animalia_Chordata_Aves_Columbiformes_Columbidae_Patagioenas_flavirostris/b7f50ad1-e154-4f44-b2b1-cd06902583c1.jpg,Patagioenas flavirostris,Red-billed Pigeon,Animalia,Columbidae,Patagioenas,500,334
train,167,3635,311355,311355,train_mini/03635_Animalia_Chordata_Aves_Galliformes_Phasianidae_Pavo_cristatus/3f2d5526-73d4-4e64-8586-206ebfbd7d97.jpg,Pavo cristatus,Common Peafowl,Animalia,Phasianidae,Pavo,500,375
train,167,3635,1606345,1606345,train_mini/03635_Animalia_Chordata_Aves_Galliformes_Phasianidae_Pavo_cristatus/55ebb9b4-1fb3-44c7-9c5f-e2680b435597.jpg,Pavo cristatus,Common Peafowl,Animalia,Phasianidae,Pavo,500,387
train,167,3635,830384,830384,train_mini/03635_Animalia_Chordata_Aves_Galliformes_Phasianidae_Pavo_cristatus/c3e22840-4acc-4292-a09c-2cdf5f418505.jpg,Pavo cristatus,Common Peafowl,Animalia,Phasianidae,Pavo,500,331
train,167,3635,2414445,2414445,train_mini/03635_Animalia_Chordata_Aves_Galliformes_Phasianidae_Pavo_cristatus/d5c7fdc5-6de7-4b22-9c74-50475246b4f9.jpg,Pavo cristatus,Common Peafowl,Animalia,Phasianidae,Pavo,500,375
train,167,3635,2382020,2382020,train_mini/03635_Animalia_Chordata_Aves_Galliformes_Phasianidae_Pavo_cristatus/96b317f5-21b3-472b-9fe4-d5ef15c93871.jpg,Pavo cristatus,Common Peafowl,Animalia,Phasianidae,Pavo,500,375
train,167,3635,2164738,2164738,train_mini/03635_Animalia_Chordata_Aves_Galliformes_Phasianidae_Pavo_cristatus/4844d858-1145-4574-a53a-edca4f55e662.jpg,Pavo cristatus,Common Peafowl,Animalia,Phasianidae,Pavo,500,375
train,167,3635,619279,619279,train_mini/03635_Animalia_Chordata_Aves_Galliformes_Phasianidae_Pavo_cristatus/cfae1c72-6852-429d-afd3-4995f3411ba4.jpg,Pavo cristatus,Common Peafowl,Animalia,Phasianidae,Pavo,340,500
train,167,3635,2185777,2185777,train_mini/03635_Animalia_Chordata_Aves_Galliformes_Phasianidae_Pavo_cristatus/83cbc91d-db70-4b5b-879b-35e1e21694bd.jpg,Pavo cristatus,Common Peafowl,Animalia,Phasianidae,Pavo,500,375
train,168,3673,1289174,1289174,train_mini/03673_Animalia_Chordata_Aves_Gruiformes_Rallidae_Zapornia_flavirostra/e70bde25-65d7-487a-ae2a-cfce37540f51.jpg,Zapornia flavirostra,Black Crake,Animalia,Rallidae,Zapornia,376,461
train,168,3673,1994912,1994912,train_mini/03673_Animalia_Chordata_Aves_Gruiformes_Rallidae_Zapornia_flavirostra/f914b837-5777-4349-85c7-0c6061fc7c5b.jpg,Zapornia flavirostra,Black Crake,Animalia,Rallidae,Zapornia,500,375
train,168,3673,35836,35836,train_mini/03673_Animalia_Chordata_Aves_Gruiformes_Rallidae_Zapornia_flavirostra/2fd4c47e-9ab4-4a35-8efd-80307e5d025d.jpg,Zapornia flavirostra,Black Crake,Animalia,Rallidae,Zapornia,309,500
train,168,3673,1797649,1797649,train_mini/03673_Animalia_Chordata_Aves_Gruiformes_Rallidae_Zapornia_flavirostra/d5a1e1cb-795a-44b0-9c0d-5d3c7b27e4b7.jpg,Zapornia flavirostra,Black Crake,Animalia,Rallidae,Zapornia,500,375
train,168,3673,2187684,2187684,train_mini/03673_Animalia_Chordata_Aves_Gruiformes_Rallidae_Zapornia_flavirostra/8c62e3e2-cc1b-47a8-93da-57ec399cf755.jpg,Zapornia flavirostra,Black Crake,Animalia,Rallidae,Zapornia,491,442
train,168,3673,1083744,1083744,train_mini/03673_Animalia_Chordata_Aves_Gruiformes_Rallidae_Zapornia_flavirostra/c0700f9d-9e4a-4dac-a171-91a1bed64d33.jpg,Zapornia flavirostra,Black Crake,Animalia,Rallidae,Zapornia,500,377
train,168,3673,546551,546551,train_mini/03673_Animalia_Chordata_Aves_Gruiformes_Rallidae_Zapornia_flavirostra/754bc5d0-b522-4b0a-ba90-ae449fd5272b.jpg,Zapornia flavirostra,Black Crake,Animalia,Rallidae,Zapornia,500,333
train,168,3673,2060554,2060554,train_mini/03673_Animalia_Chordata_Aves_Gruiformes_Rallidae_Zapornia_flavirostra/7ba3cdb3-8145-4a71-bd8b-32ac0812875d.jpg,Zapornia flavirostra,Black Crake,Animalia,Rallidae,Zapornia,375,500
train,169,3715,1534390,1534390,train_mini/03715_Animalia_Chordata_Aves_Passeriformes_Cardinalidae_Passerina_ciris/271218f5-4d4b-4e35-b283-d75793b19126.jpg,Passerina ciris,Painted Bunting,Animalia,Cardinalidae,Passerina,500,474
train,169,3715,342222,342222,train_mini/03715_Animalia_Chordata_Aves_Passeriformes_Cardinalidae_Passerina_ciris/22315298-1248-4b52-a0b7-feb16b206492.jpg,Passerina ciris,Painted Bunting,Animalia,Cardinalidae,Passerina,500,375
train,169,3715,1256118,1256118,train_mini/03715_Animalia_Chordata_Aves_Passeriformes_Cardinalidae_Passerina_ciris/a21193b4-9d6e-4cb0-9074-07385d524006.jpg,Passerina ciris,Painted Bunting,Animalia,Cardinalidae,Passerina,500,334
train,169,3715,1384450,1384450,train_mini/03715_Animalia_Chordata_Aves_Passeriformes_Cardinalidae_Passerina_ciris/5b5acbfd-6dd3-464b-9b91-79177eaa1368.jpg,Passerina ciris,Painted Bunting,Animalia,Cardinalidae,Passerina,500,375
train,169,3715,1992430,1992430,train_mini/03715_Animalia_Chordata_Aves_Passeriformes_Cardinalidae_Passerina_ciris/9465baa9-db8b-4ba0-8520-4f0c0b009984.jpg,Passerina ciris,Painted Bunting,Animalia,Cardinalidae,Passerina,364,500
train,169,3715,807906,807906,train_mini/03715_Animalia_Chordata_Aves_Passeriformes_Cardinalidae_Passerina_ciris/761def2f-f70a-4098-865a-603434a40a6f.jpg,Passerina ciris,Painted Bunting,Animalia,Cardinalidae,Passerina,500,333
train,169,3715,1171677,1171677,train_mini/03715_Animalia_Chordata_Aves_Passeriformes_Cardinalidae_Passerina_ciris/94aa5e34-f741-42ae-a765-5c4420a7d4eb.jpg,Passerina ciris,Painted Bunting,Animalia,Cardinalidae,Passerina,500,496
train,169,3715,1860356,1860356,train_mini/03715_Animalia_Chordata_Aves_Passeriformes_Cardinalidae_Passerina_ciris/03d374de-e0e3-485d-aa3e-fd36ab595b7b.jpg,Passerina ciris,Painted Bunting,Animalia,Cardinalidae,Passerina,375,500
train,170,3719,2457127,2457127,train_mini/03719_Animalia_Chordata_Aves_Passeriformes_Cardinalidae_Pheucticus_chrysopeplus/40e1b507-354e-45f4-a61d-99314fc47efd.jpg,Pheucticus chrysopeplus,Yellow Grosbeak,Animalia,Cardinalidae,Pheucticus,500,375
train,170,3719,809054,809054,train_mini/03719_Animalia_Chordata_Aves_Passeriformes_Cardinalidae_Pheucticus_chrysopeplus/261a832b-18e8-43b1-a18a-9ea299ac8973.jpg,Pheucticus chrysopeplus,Yellow Grosbeak,Animalia,Cardinalidae,Pheucticus,500,375
train,170,3719,1597147,1597147,train_mini/03719_Animalia_Chordata_Aves_Passeriformes_Cardinalidae_Pheucticus_chrysopeplus/d8ee545f-f345-4a92-9ec2-6ab9a90f9cb7.jpg,Pheucticus chrysopeplus,Yellow Grosbeak,Animalia,Cardinalidae,Pheucticus,500,333
train,170,3719,1420931,1420931,train_mini/03719_Animalia_Chordata_Aves_Passeriformes_Cardinalidae_Pheucticus_chrysopeplus/92275c1a-09cb-4326-a61b-dff627fc6cc9.jpg,Pheucticus chrysopeplus,Yellow Grosbeak,Animalia,Cardinalidae,Pheucticus,500,467
train,170,3719,1835335,1835335,train_mini/03719_Animalia_Chordata_Aves_Passeriformes_Cardinalidae_Pheucticus_chrysopeplus/fa84297e-7fb1-4aa9-b0ac-3a03fc47d013.jpg,Pheucticus chrysopeplus,Yellow Grosbeak,Animalia,Cardinalidae,Pheucticus,288,500
train,170,3719,1907423,1907423,train_mini/03719_Animalia_Chordata_Aves_Passeriformes_Cardinalidae_Pheucticus_chrysopeplus/c8660674-0d19-4396-a684-0ffa7f985f90.jpg,Pheucticus chrysopeplus,Yellow Grosbeak,Animalia,Cardinalidae,Pheucticus,500,375
train,170,3719,619461,619461,train_mini/03719_Animalia_Chordata_Aves_Passeriformes_Cardinalidae_Pheucticus_chrysopeplus/934ec149-d83b-4656-8a53-27474ffac625.jpg,Pheucticus chrysopeplus,Yellow Grosbeak,Animalia,Cardinalidae,Pheucticus,500,375
train,170,3719,2396563,2396563,train_mini/03719_Animalia_Chordata_Aves_Passeriformes_Cardinalidae_Pheucticus_chrysopeplus/acade0ca-a18d-4a80-bbf2-0f0c6e228717.jpg,Pheucticus chrysopeplus,Yellow Grosbeak,Animalia,Cardinalidae,Pheucticus,500,334
train,171,3728,2301343,2301343,train_mini/03728_Animalia_Chordata_Aves_Passeriformes_Certhiidae_Certhia_americana/8aecdc77-3812-439c-9927-0a3b283d901d.jpg,Certhia americana,Brown Creeper,Animalia,Certhiidae,Certhia,500,375
train,171,3728,2533072,2533072,train_mini/03728_Animalia_Chordata_Aves_Passeriformes_Certhiidae_Certhia_americana/fd91f51d-93ca-4422-bb4d-3b24c6eddf2b.jpg,Certhia americana,Brown Creeper,Animalia,Certhiidae,Certhia,371,500
train,171,3728,2532079,2532079,train_mini/03728_Animalia_Chordata_Aves_Passeriformes_Certhiidae_Certhia_americana/76286cb9-3bba-405f-a70b-5b03c2774e27.jpg,Certhia americana,Brown Creeper,Animalia,Certhiidae,Certhia,500,332
train,171,3728,307598,307598,train_mini/03728_Animalia_Chordata_Aves_Passeriformes_Certhiidae_Certhia_americana/e1c8c2a3-bfb2-4dc1-a5d4-0e83550d25ae.jpg,Certhia americana,Brown Creeper,Animalia,Certhiidae,Certhia,500,404
train,171,3728,148307,148307,train_mini/03728_Animalia_Chordata_Aves_Passeriformes_Certhiidae_Certhia_americana/0900a631-4d8f-4556-9e60-2deea728e0b4.jpg,Certhia americana,Brown Creeper,Animalia,Certhiidae,Certhia,500,433
train,171,3728,323072,323072,train_mini/03728_Animalia_Chordata_Aves_Passeriformes_Certhiidae_Certhia_americana/6861a51e-0880-4685-ba59-00807aa22ae7.jpg,Certhia americana,Brown Creeper,Animalia,Certhiidae,Certhia,375,500
train,171,3728,1433081,1433081,train_mini/03728_Animalia_Chordata_Aves_Passeriformes_Certhiidae_Certhia_americana/bb6aed6f-cbb8-4f1d-8fa5-2c842295bdfb.jpg,Certhia americana,Brown Creeper,Animalia,Certhiidae,Certhia,500,375
train,171,3728,2630174,2630174,train_mini/03728_Animalia_Chordata_Aves_Passeriformes_Certhiidae_Certhia_americana/78b57cf1-d941-4541-9de0-4aebe33dd141.jpg,Certhia americana,Brown Creeper,Animalia,Certhiidae,Certhia,500,333
train,172,3759,76432,76432,train_mini/03759_Animalia_Chordata_Aves_Passeriformes_Corvidae_Corvus_ossifragus/fc3e8910-e349-48df-9c3c-70965e01571b.jpg,Corvus ossifragus,Fish Crow,Animalia,Corvidae,Corvus,495,500
train,172,3759,1176108,1176108,train_mini/03759_Animalia_Chordata_Aves_Passeriformes_Corvidae_Corvus_ossifragus/3932930a-9340-4428-94cc-cfc6932a9075.jpg,Corvus ossifragus,Fish Crow,Animalia,Corvidae,Corvus,375,500
train,172,3759,850366,850366,train_mini/03759_Animalia_Chordata_Aves_Passeriformes_Corvidae_Corvus_ossifragus/37a165ea-f372-4e45-afce-f17af950dda3.jpg,Corvus ossifragus,Fish Crow,Animalia,Corvidae,Corvus,500,333
train,172,3759,2536916,2536916,train_mini/03759_Animalia_Chordata_Aves_Passeriformes_Corvidae_Corvus_ossifragus/416c7fdb-22de-4c90-b550-d444d0f2f407.jpg,Corvus ossifragus,Fish Crow,Animalia,Corvidae,Corvus,500,351
train,172,3759,269087,269087,train_mini/03759_Animalia_Chordata_Aves_Passeriformes_Corvidae_Corvus_ossifragus/2469fbe2-7729-47f1-a8f3-0ae468d146a0.jpg,Corvus ossifragus,Fish Crow,Animalia,Corvidae,Corvus,375,500
train,172,3759,940222,940222,train_mini/03759_Animalia_Chordata_Aves_Passeriformes_Corvidae_Corvus_ossifragus/9056734d-42e3-4952-abf6-0503f4d14b4f.jpg,Corvus ossifragus,Fish Crow,Animalia,Corvidae,Corvus,500,375
train,172,3759,934345,934345,train_mini/03759_Animalia_Chordata_Aves_Passeriformes_Corvidae_Corvus_ossifragus/3418fe6e-5b0d-436e-86ff-847c039acc89.jpg,Corvus ossifragus,Fish Crow,Animalia,Corvidae,Corvus,375,500
train,172,3759,174535,174535,train_mini/03759_Animalia_Chordata_Aves_Passeriformes_Corvidae_Corvus_ossifragus/06549e48-8ecf-4543-a0e3-d1794b3bac0e.jpg,Corvus ossifragus,Fish Crow,Animalia,Corvidae,Corvus,500,334
train,173,3777,2155715,2155715,train_mini/03777_Animalia_Chordata_Aves_Passeriformes_Corvidae_Psilorhinus_morio/0caa369a-75b8-4313-a373-76371ee1cb83.jpg,Psilorhinus morio,Brown Jay,Animalia,Corvidae,Psilorhinus,500,375
train,173,3777,469629,469629,train_mini/03777_Animalia_Chordata_Aves_Passeriformes_Corvidae_Psilorhinus_morio/cd130873-2564-4efc-b0ec-4853388f1280.jpg,Psilorhinus morio,Brown Jay,Animalia,Corvidae,Psilorhinus,500,333
train,173,3777,576644,576644,train_mini/03777_Animalia_Chordata_Aves_Passeriformes_Corvidae_Psilorhinus_morio/4c3a8e1d-421b-44ff-a9be-8a452b47bb88.jpg,Psilorhinus morio,Brown Jay,Animalia,Corvidae,Psilorhinus,500,375
train,173,3777,2450260,2450260,train_mini/03777_Animalia_Chordata_Aves_Passeriformes_Corvidae_Psilorhinus_morio/c3e8b166-0a5d-4624-bc2f-4465915bcbe4.jpg,Psilorhinus morio,Brown Jay,Animalia,Corvidae,Psilorhinus,500,333
train,173,3777,1374084,1374084,train_mini/03777_Animalia_Chordata_Aves_Passeriformes_Corvidae_Psilorhinus_morio/b5eaf0e7-2073-483c-a55a-0b80acfee4ec.jpg,Psilorhinus morio,Brown Jay,Animalia,Corvidae,Psilorhinus,500,333
train,173,3777,408286,408286,train_mini/03777_Animalia_Chordata_Aves_Passeriformes_Corvidae_Psilorhinus_morio/cf11dbdc-2d99-48db-bd8b-ffc312622ac7.jpg,Psilorhinus morio,Brown Jay,Animalia,Corvidae,Psilorhinus,500,400
train,173,3777,157227,157227,train_mini/03777_Animalia_Chordata_Aves_Passeriformes_Corvidae_Psilorhinus_morio/abc8bbed-06ef-42ae-8ff2-adda8fbed41b.jpg,Psilorhinus morio,Brown Jay,Animalia,Corvidae,Psilorhinus,500,333
train,173,3777,318341,318341,train_mini/03777_Animalia_Chordata_Aves_Passeriformes_Corvidae_Psilorhinus_morio/4271bcf1-9559-49d0-af6b-e55969cd4b40.jpg,Psilorhinus morio,Brown Jay,Animalia,Corvidae,Psilorhinus,500,375
train,174,3778,133669,133669,train_mini/03778_Animalia_Chordata_Aves_Passeriformes_Corvidae_Pyrrhocorax_graculus/02aa5c90-4873-49df-a814-2df96a22a72e.jpg,Pyrrhocorax graculus,Alpine Chough,Animalia,Corvidae,Pyrrhocorax,500,423
train,174,3778,559392,559392,train_mini/03778_Animalia_Chordata_Aves_Passeriformes_Corvidae_Pyrrhocorax_graculus/9ba71455-bba8-4290-9872-b6d32d033e7d.jpg,Pyrrhocorax graculus,Alpine Chough,Animalia,Corvidae,Pyrrhocorax,483,500
train,174,3778,2000498,2000498,train_mini/03778_Animalia_Chordata_Aves_Passeriformes_Corvidae_Pyrrhocorax_graculus/921e5486-4c98-4373-8887-8a9366e07fec.jpg,Pyrrhocorax graculus,Alpine Chough,Animalia,Corvidae,Pyrrhocorax,500,281
train,174,3778,2134522,2134522,train_mini/03778_Animalia_Chordata_Aves_Passeriformes_Corvidae_Pyrrhocorax_graculus/35015da1-a701-4c8f-ab73-93958dc5053b.jpg,Pyrrhocorax graculus,Alpine Chough,Animalia,Corvidae,Pyrrhocorax,500,281
train,174,3778,2419194,2419194,train_mini/03778_Animalia_Chordata_Aves_Passeriformes_Corvidae_Pyrrhocorax_graculus/c53c379e-099b-4ee0-bd0e-55f01f511725.jpg,Pyrrhocorax graculus,Alpine Chough,Animalia,Corvidae,Pyrrhocorax,500,375
train,174,3778,785205,785205,train_mini/03778_Animalia_Chordata_Aves_Passeriformes_Corvidae_Pyrrhocorax_graculus/462b281a-4df5-486f-81df-54f604686b04.jpg,Pyrrhocorax graculus,Alpine Chough,Animalia,Corvidae,Pyrrhocorax,375,500
train,174,3778,2177226,2177226,train_mini/03778_Animalia_Chordata_Aves_Passeriformes_Corvidae_Pyrrhocorax_graculus/67bbb364-35bb-46cd-9d72-1d9f60f6cd1a.jpg,Pyrrhocorax graculus,Alpine Chough,Animalia,Corvidae,Pyrrhocorax,500,375
train,174,3778,2525918,2525918,train_mini/03778_Animalia_Chordata_Aves_Passeriformes_Corvidae_Pyrrhocorax_graculus/607cf295-cf1b-4e08-8379-409be9e77b97.jpg,Pyrrhocorax graculus,Alpine Chough,Animalia,Corvidae,Pyrrhocorax,500,333
train,175,3804,2253809,2253809,train_mini/03804_Animalia_Chordata_Aves_Passeriformes_Estrildidae_Taeniopygia_bichenovii/6bd4cfc1-a7ad-47e1-8f73-f42c650b4b40.jpg,Taeniopygia bichenovii,Double-barred Finch,Animalia,Estrildidae,Taeniopygia,500,333
train,175,3804,2599893,2599893,train_mini/03804_Animalia_Chordata_Aves_Passeriformes_Estrildidae_Taeniopygia_bichenovii/b8146811-92e5-4c71-bdae-5de46eae301f.jpg,Taeniopygia bichenovii,Double-barred Finch,Animalia,Estrildidae,Taeniopygia,500,375
train,175,3804,1986807,1986807,train_mini/03804_Animalia_Chordata_Aves_Passeriformes_Estrildidae_Taeniopygia_bichenovii/0d993f41-1f20-401f-bbdb-a5fdf988e41e.jpg,Taeniopygia bichenovii,Double-barred Finch,Animalia,Estrildidae,Taeniopygia,500,414
train,175,3804,2653937,2653937,train_mini/03804_Animalia_Chordata_Aves_Passeriformes_Estrildidae_Taeniopygia_bichenovii/49e8fa59-1f58-4db1-a5f5-e373271f6535.jpg,Taeniopygia bichenovii,Double-barred Finch,Animalia,Estrildidae,Taeniopygia,375,500
train,175,3804,1988610,1988610,train_mini/03804_Animalia_Chordata_Aves_Passeriformes_Estrildidae_Taeniopygia_bichenovii/bd18fd35-9c48-468d-bd48-35421956961f.jpg,Taeniopygia bichenovii,Double-barred Finch,Animalia,Estrildidae,Taeniopygia,500,380
train,175,3804,1267898,1267898,train_mini/03804_Animalia_Chordata_Aves_Passeriformes_Estrildidae_Taeniopygia_bichenovii/9487c6fc-342f-46da-ae33-011f6d76e2ca.jpg,Taeniopygia bichenovii,Double-barred Finch,Animalia,Estrildidae,Taeniopygia,500,375
train,175,3804,1573210,1573210,train_mini/03804_Animalia_Chordata_Aves_Passeriformes_Estrildidae_Taeniopygia_bichenovii/6457f593-3813-42f8-8b75-db446464b85e.jpg,Taeniopygia bichenovii,Double-barred Finch,Animalia,Estrildidae,Taeniopygia,500,333
train,175,3804,2584739,2584739,train_mini/03804_Animalia_Chordata_Aves_Passeriformes_Estrildidae_Taeniopygia_bichenovii/b7f5f5bc-c167-44c5-b25a-31deec6b096b.jpg,Taeniopygia bichenovii,Double-barred Finch,Animalia,Estrildidae,Taeniopygia,500,401
train,176,3828,2636119,2636119,train_mini/03828_Animalia_Chordata_Aves_Passeriformes_Fringillidae_Loxia_curvirostra/31dd7e1c-b70b-4bcf-a0f9-a51f17e704c0.jpg,Loxia curvirostra,Red Crossbill,Animalia,Fringillidae,Loxia,500,430
train,176,3828,608637,608637,train_mini/03828_Animalia_Chordata_Aves_Passeriformes_Fringillidae_Loxia_curvirostra/e974a961-54d0-48c2-9568-62ca5c3ff2ff.jpg,Loxia curvirostra,Red Crossbill,Animalia,Fringillidae,Loxia,493,500
train,176,3828,606860,606860,train_mini/03828_Animalia_Chordata_Aves_Passeriformes_Fringillidae_Loxia_curvirostra/ebc72e65-fcb6-4783-b3cd-c43843aaa482.jpg,Loxia curvirostra,Red Crossbill,Animalia,Fringillidae,Loxia,500,333
train,176,3828,879341,879341,train_mini/03828_Animalia_Chordata_Aves_Passeriformes_Fringillidae_Loxia_curvirostra/0841252d-8a3e-47aa-9cde-2cd85d71e955.jpg,Loxia curvirostra,Red Crossbill,Animalia,Fringillidae,Loxia,500,375
train,176,3828,1914774,1914774,train_mini/03828_Animalia_Chordata_Aves_Passeriformes_Fringillidae_Loxia_curvirostra/1da19f40-5fad-4827-838c-325e38733c2e.jpg,Loxia curvirostra,Red Crossbill,Animalia,Fringillidae,Loxia,500,379
train,176,3828,1595641,1595641,train_mini/03828_Animalia_Chordata_Aves_Passeriformes_Fringillidae_Loxia_curvirostra/e6e7bf64-476a-4744-a506-2be88884cb5d.jpg,Loxia curvirostra,Red Crossbill,Animalia,Fringillidae,Loxia,500,375
train,176,3828,644309,644309,train_mini/03828_Animalia_Chordata_Aves_Passeriformes_Fringillidae_Loxia_curvirostra/9b438877-3e6f-40e1-9700-c034e724330c.jpg,Loxia curvirostra,Red Crossbill,Animalia,Fringillidae,Loxia,500,335
train,176,3828,2177264,2177264,train_mini/03828_Animalia_Chordata_Aves_Passeriformes_Fringillidae_Loxia_curvirostra/fb257a30-3625-41a7-85b9-8ee673021b20.jpg,Loxia curvirostra,Red Crossbill,Animalia,Fringillidae,Loxia,500,313
train,177,3849,2104798,2104798,train_mini/03849_Animalia_Chordata_Aves_Passeriformes_Hirundinidae_Hirundo_rustica/17827a49-a905-4b2c-af8e-a9cb099be3b1.jpg,Hirundo rustica,Barn Swallow,Animalia,Hirundinidae,Hirundo,375,500
train,177,3849,370884,370884,train_mini/03849_Animalia_Chordata_Aves_Passeriformes_Hirundinidae_Hirundo_rustica/137960d9-9b60-4fcf-b618-ae60df5913d1.jpg,Hirundo rustica,Barn Swallow,Animalia,Hirundinidae,Hirundo,500,375
train,177,3849,2404972,2404972,train_mini/03849_Animalia_Chordata_Aves_Passeriformes_Hirundinidae_Hirundo_rustica/5ad555cf-380a-4b7e-80de-81fe890ae54e.jpg,Hirundo rustica,Barn Swallow,Animalia,Hirundinidae,Hirundo,500,375
train,177,3849,253687,253687,train_mini/03849_Animalia_Chordata_Aves_Passeriformes_Hirundinidae_Hirundo_rustica/0eb92d35-0aa6-436f-9736-2e046a7cdedc.jpg,Hirundo rustica,Barn Swallow,Animalia,Hirundinidae,Hirundo,482,500
train,177,3849,665269,665269,train_mini/03849_Animalia_Chordata_Aves_Passeriformes_Hirundinidae_Hirundo_rustica/44f22b1d-a232-4654-9385-36d3369a71ba.jpg,Hirundo rustica,Barn Swallow,Animalia,Hirundinidae,Hirundo,500,333
train,177,3849,753154,753154,train_mini/03849_Animalia_Chordata_Aves_Passeriformes_Hirundinidae_Hirundo_rustica/e1252ed2-c73f-40d1-887b-ccec3f88a7a2.jpg,Hirundo rustica,Barn Swallow,Animalia,Hirundinidae,Hirundo,500,375
train,177,3849,2072213,2072213,train_mini/03849_Animalia_Chordata_Aves_Passeriformes_Hirundinidae_Hirundo_rustica/fe1f0043-27b6-4baf-a9f6-9ebca37e1bc9.jpg,Hirundo rustica,Barn Swallow,Animalia,Hirundinidae,Hirundo,500,375
train,177,3849,604528,604528,train_mini/03849_Animalia_Chordata_Aves_Passeriformes_Hirundinidae_Hirundo_rustica/24680baf-2b92-4bb1-a4f6-0eea28c21e35.jpg,Hirundo rustica,Barn Swallow,Animalia,Hirundinidae,Hirundo,500,358
train,178,3859,1735209,1735209,train_mini/03859_Animalia_Chordata_Aves_Passeriformes_Hirundinidae_Riparia_riparia/42cd175b-902f-4561-bf5a-99970bbded29.jpg,Riparia riparia,Bank Swallow,Animalia,Hirundinidae,Riparia,500,375
train,178,3859,1347161,1347161,train_mini/03859_Animalia_Chordata_Aves_Passeriformes_Hirundinidae_Riparia_riparia/d4b2f42e-795a-4b72-9d53-fb61297346c5.jpg,Riparia riparia,Bank Swallow,Animalia,Hirundinidae,Riparia,500,413
train,178,3859,1750575,1750575,train_mini/03859_Animalia_Chordata_Aves_Passeriformes_Hirundinidae_Riparia_riparia/c3349db5-9ec6-4644-aa1d-d1cc8a9c648a.jpg,Riparia riparia,Bank Swallow,Animalia,Hirundinidae,Riparia,500,333
train,178,3859,607451,607451,train_mini/03859_Animalia_Chordata_Aves_Passeriformes_Hirundinidae_Riparia_riparia/b9b43596-81ed-4100-8fa8-b11b3c6f4ec9.jpg,Riparia riparia,Bank Swallow,Animalia,Hirundinidae,Riparia,500,333
train,178,3859,410815,410815,train_mini/03859_Animalia_Chordata_Aves_Passeriformes_Hirundinidae_Riparia_riparia/7ede8177-2e4b-49a1-815f-338c03599e69.jpg,Riparia riparia,Bank Swallow,Animalia,Hirundinidae,Riparia,459,344
train,178,3859,1073769,1073769,train_mini/03859_Animalia_Chordata_Aves_Passeriformes_Hirundinidae_Riparia_riparia/0719cd82-3504-4c68-80d5-28bebd102801.jpg,Riparia riparia,Bank Swallow,Animalia,Hirundinidae,Riparia,500,305
train,178,3859,2631121,2631121,train_mini/03859_Animalia_Chordata_Aves_Passeriformes_Hirundinidae_Riparia_riparia/bc2523f0-442d-447a-9319-5f023ffe9354.jpg,Riparia riparia,Bank Swallow,Animalia,Hirundinidae,Riparia,379,500
train,178,3859,2600152,2600152,train_mini/03859_Animalia_Chordata_Aves_Passeriformes_Hirundinidae_Riparia_riparia/d1bfe248-3922-4ea5-a68a-310121dfecb9.jpg,Riparia riparia,Bank Swallow,Animalia,Hirundinidae,Riparia,500,390
train,179,3860,1392384,1392384,train_mini/03860_Animalia_Chordata_Aves_Passeriformes_Hirundinidae_Stelgidopteryx_ruficollis/bd3a4b89-978a-43ca-bcb5-43d34d1f7e9c.jpg,Stelgidopteryx ruficollis,Southern Rough-winged Swallow,Animalia,Hirundinidae,Stelgidopteryx,500,375
train,179,3860,841505,841505,train_mini/03860_Animalia_Chordata_Aves_Passeriformes_Hirundinidae_Stelgidopteryx_ruficollis/ebdb9c9c-11c4-46b3-a6c0-555101752a8f.jpg,Stelgidopteryx ruficollis,Southern Rough-winged Swallow,Animalia,Hirundinidae,Stelgidopteryx,500,333
train,179,3860,2406759,2406759,train_mini/03860_Animalia_Chordata_Aves_Passeriformes_Hirundinidae_Stelgidopteryx_ruficollis/e3d1498c-be99-4ac3-abab-b08b63c1d361.jpg,Stelgidopteryx ruficollis,Southern Rough-winged Swallow,Animalia,Hirundinidae,Stelgidopteryx,500,408
train,179,3860,318,318,train_mini/03860_Animalia_Chordata_Aves_Passeriformes_Hirundinidae_Stelgidopteryx_ruficollis/1e5b5789-1f32-43a7-9628-86a4bd87b545.jpg,Stelgidopteryx ruficollis,Southern Rough-winged Swallow,Animalia,Hirundinidae,Stelgidopteryx,500,313
train,179,3860,1192392,1192392,train_mini/03860_Animalia_Chordata_Aves_Passeriformes_Hirundinidae_Stelgidopteryx_ruficollis/2106e5a1-1bcb-49bf-8b5d-d5265c7212ea.jpg,Stelgidopteryx ruficollis,Southern Rough-winged Swallow,Animalia,Hirundinidae,Stelgidopteryx,500,375
train,179,3860,2082530,2082530,train_mini/03860_Animalia_Chordata_Aves_Passeriformes_Hirundinidae_Stelgidopteryx_ruficollis/63e8ab91-10bc-4aa4-8f46-d899ee6d126d.jpg,Stelgidopteryx ruficollis,Southern Rough-winged Swallow,Animalia,Hirundinidae,Stelgidopteryx,500,333
train,179,3860,1557996,1557996,train_mini/03860_Animalia_Chordata_Aves_Passeriformes_Hirundinidae_Stelgidopteryx_ruficollis/08bbc719-ec21-4f1f-b469-3d9f13fffa44.jpg,Stelgidopteryx ruficollis,Southern Rough-winged Swallow,Animalia,Hirundinidae,Stelgidopteryx,500,375
train,179,3860,1507124,1507124,train_mini/03860_Animalia_Chordata_Aves_Passeriformes_Hirundinidae_Stelgidopteryx_ruficollis/67f32ee4-9850-4508-9445-d4b4ca8082cd.jpg,Stelgidopteryx ruficollis,Southern Rough-winged Swallow,Animalia,Hirundinidae,Stelgidopteryx,500,333
train,180,3865,2512483,2512483,train_mini/03865_Animalia_Chordata_Aves_Passeriformes_Hirundinidae_Tachycineta_thalassina/dffb2213-0500-4713-b63d-1b807df2d70f.jpg,Tachycineta thalassina,Violet-green Swallow,Animalia,Hirundinidae,Tachycineta,500,333
train,180,3865,1472101,1472101,train_mini/03865_Animalia_Chordata_Aves_Passeriformes_Hirundinidae_Tachycineta_thalassina/5c5ce65b-d4fc-4b9c-86f5-2ea4ba7caf17.jpg,Tachycineta thalassina,Violet-green Swallow,Animalia,Hirundinidae,Tachycineta,500,333
train,180,3865,689835,689835,train_mini/03865_Animalia_Chordata_Aves_Passeriformes_Hirundinidae_Tachycineta_thalassina/4a153aa9-48cf-41ea-8f4d-f960841ae4ac.jpg,Tachycineta thalassina,Violet-green Swallow,Animalia,Hirundinidae,Tachycineta,375,500
train,180,3865,250376,250376,train_mini/03865_Animalia_Chordata_Aves_Passeriformes_Hirundinidae_Tachycineta_thalassina/2843d251-d58f-4fe4-808f-c161cb997c8d.jpg,Tachycineta thalassina,Violet-green Swallow,Animalia,Hirundinidae,Tachycineta,500,420
train,180,3865,2463025,2463025,train_mini/03865_Animalia_Chordata_Aves_Passeriformes_Hirundinidae_Tachycineta_thalassina/c074d90c-792e-422b-8c6b-c4d53212d6d6.jpg,Tachycineta thalassina,Violet-green Swallow,Animalia,Hirundinidae,Tachycineta,500,281
train,180,3865,433589,433589,train_mini/03865_Animalia_Chordata_Aves_Passeriformes_Hirundinidae_Tachycineta_thalassina/af4dad4a-4a67-4372-901d-d3b2b0bc6594.jpg,Tachycineta thalassina,Violet-green Swallow,Animalia,Hirundinidae,Tachycineta,258,260
train,180,3865,231212,231212,train_mini/03865_Animalia_Chordata_Aves_Passeriformes_Hirundinidae_Tachycineta_thalassina/9421a087-bb75-443f-a0f3-8ef178b4a9c1.jpg,Tachycineta thalassina,Violet-green Swallow,Animalia,Hirundinidae,Tachycineta,454,500
train,180,3865,813435,813435,train_mini/03865_Animalia_Chordata_Aves_Passeriformes_Hirundinidae_Tachycineta_thalassina/9d572aee-ffba-4201-bcb6-c62e52358bf6.jpg,Tachycineta thalassina,Violet-green Swallow,Animalia,Hirundinidae,Tachycineta,500,333
train,181,3868,285826,285826,train_mini/03868_Animalia_Chordata_Aves_Passeriformes_Icteridae_Agelaius_tricolor/769fadee-7cc6-4f61-b4cb-b9881746d80a.jpg,Agelaius tricolor,Tricolored Blackbird,Animalia,Icteridae,Agelaius,500,375
train,181,3868,1479555,1479555,train_mini/03868_Animalia_Chordata_Aves_Passeriformes_Icteridae_Agelaius_tricolor/65bcb97a-6ac2-46c5-803e-e7676f95315d.jpg,Agelaius tricolor,Tricolored Blackbird,Animalia,Icteridae,Agelaius,500,338
train,181,3868,1249834,1249834,train_mini/03868_Animalia_Chordata_Aves_Passeriformes_Icteridae_Agelaius_tricolor/e374a5bd-e0ad-49f2-916b-4d05911b8f06.jpg,Agelaius tricolor,Tricolored Blackbird,Animalia,Icteridae,Agelaius,500,323
train,181,3868,81536,81536,train_mini/03868_Animalia_Chordata_Aves_Passeriformes_Icteridae_Agelaius_tricolor/f194ed78-6628-4958-bd41-70ca37a9fad7.jpg,Agelaius tricolor,Tricolored Blackbird,Animalia,Icteridae,Agelaius,500,333
train,181,3868,1367166,1367166,train_mini/03868_Animalia_Chordata_Aves_Passeriformes_Icteridae_Agelaius_tricolor/10d90168-165d-47f5-8cab-2fbe59868f22.jpg,Agelaius tricolor,Tricolored Blackbird,Animalia,Icteridae,Agelaius,500,299
train,181,3868,381050,381050,train_mini/03868_Animalia_Chordata_Aves_Passeriformes_Icteridae_Agelaius_tricolor/ac74a323-7acd-4886-9987-541e2cdbd0b0.jpg,Agelaius tricolor,Tricolored Blackbird,Animalia,Icteridae,Agelaius,500,294
train,181,3868,127642,127642,train_mini/03868_Animalia_Chordata_Aves_Passeriformes_Icteridae_Agelaius_tricolor/bf979f7c-3bd2-41af-8435-9e528974af7e.jpg,Agelaius tricolor,Tricolored Blackbird,Animalia,Icteridae,Agelaius,500,137
train,181,3868,699064,699064,train_mini/03868_Animalia_Chordata_Aves_Passeriformes_Icteridae_Agelaius_tricolor/d88e5f78-93fb-4a5a-83de-5d6f788f31df.jpg,Agelaius tricolor,Tricolored Blackbird,Animalia,Icteridae,Agelaius,500,319
train,182,3901,1724812,1724812,train_mini/03901_Animalia_Chordata_Aves_Passeriformes_Icteridae_Quiscalus_quiscula/19f8385c-1ee9-4ab8-a837-8451dd054274.jpg,Quiscalus quiscula,Common Grackle,Animalia,Icteridae,Quiscalus,500,375
train,182,3901,889653,889653,train_mini/03901_Animalia_Chordata_Aves_Passeriformes_Icteridae_Quiscalus_quiscula/5c62fa40-167f-4dc1-b2cd-b5b57f1a1131.jpg,Quiscalus quiscula,Common Grackle,Animalia,Icteridae,Quiscalus,500,333
train,182,3901,1650699,1650699,train_mini/03901_Animalia_Chordata_Aves_Passeriformes_Icteridae_Quiscalus_quiscula/9c331226-d6c4-4d70-adc4-e49a4977249e.jpg,Quiscalus quiscula,Common Grackle,Animalia,Icteridae,Quiscalus,500,375
train,182,3901,1456013,1456013,train_mini/03901_Animalia_Chordata_Aves_Passeriformes_Icteridae_Quiscalus_quiscula/f0c5963a-3001-42eb-a761-d6af0bf6b365.jpg,Quiscalus quiscula,Common Grackle,Animalia,Icteridae,Quiscalus,500,357
train,182,3901,1507029,1507029,train_mini/03901_Animalia_Chordata_Aves_Passeriformes_Icteridae_Quiscalus_quiscula/4042478d-93e6-46c0-856e-56b5e6a2bef8.jpg,Quiscalus quiscula,Common Grackle,Animalia,Icteridae,Quiscalus,375,500
train,182,3901,1184959,1184959,train_mini/03901_Animalia_Chordata_Aves_Passeriformes_Icteridae_Quiscalus_quiscula/a615d6be-835a-4c00-9858-34e22f644986.jpg,Quiscalus quiscula,Common Grackle,Animalia,Icteridae,Quiscalus,375,500
train,182,3901,1253223,1253223,train_mini/03901_Animalia_Chordata_Aves_Passeriformes_Icteridae_Quiscalus_quiscula/14b51355-8eb9-4923-a753-57d1372a9ef4.jpg,Quiscalus quiscula,Common Grackle,Animalia,Icteridae,Quiscalus,375,500
train,182,3901,1594140,1594140,train_mini/03901_Animalia_Chordata_Aves_Passeriformes_Icteridae_Quiscalus_quiscula/296b2910-716f-4192-a203-a31e6089deab.jpg,Quiscalus quiscula,Common Grackle,Animalia,Icteridae,Quiscalus,500,380
train,183,3938,1812485,1812485,train_mini/03938_Animalia_Chordata_Aves_Passeriformes_Meliphagidae_Ptilotula_penicillata/e4cabb79-605f-4991-aa29-7cd82f0361f5.jpg,Ptilotula penicillata,White-plumed Honeyeater,Animalia,Meliphagidae,Ptilotula,500,375
train,183,3938,120942,120942,train_mini/03938_Animalia_Chordata_Aves_Passeriformes_Meliphagidae_Ptilotula_penicillata/ab66211c-4246-4425-9bdb-60a1bfc359ba.jpg,Ptilotula penicillata,White-plumed Honeyeater,Animalia,Meliphagidae,Ptilotula,500,333
train,183,3938,2325341,2325341,train_mini/03938_Animalia_Chordata_Aves_Passeriformes_Meliphagidae_Ptilotula_penicillata/bf3faaac-2929-4077-95c5-7d09dbf097b5.jpg,Ptilotula penicillata,White-plumed Honeyeater,Animalia,Meliphagidae,Ptilotula,500,333
train,183,3938,65918,65918,train_mini/03938_Animalia_Chordata_Aves_Passeriformes_Meliphagidae_Ptilotula_penicillata/fe8e71e0-ea95-48f9-8703-cbcbc51556dc.jpg,Ptilotula penicillata,White-plumed Honeyeater,Animalia,Meliphagidae,Ptilotula,499,500
train,183,3938,2630225,2630225,train_mini/03938_Animalia_Chordata_Aves_Passeriformes_Meliphagidae_Ptilotula_penicillata/bdc2049a-f2e0-44c2-8820-ca24f9db9f29.jpg,Ptilotula penicillata,White-plumed Honeyeater,Animalia,Meliphagidae,Ptilotula,446,500
train,183,3938,410552,410552,train_mini/03938_Animalia_Chordata_Aves_Passeriformes_Meliphagidae_Ptilotula_penicillata/ede5f735-5dc5-46d8-a820-89b0709cb104.jpg,Ptilotula penicillata,White-plumed Honeyeater,Animalia,Meliphagidae,Ptilotula,500,375
train,183,3938,2592511,2592511,train_mini/03938_Animalia_Chordata_Aves_Passeriformes_Meliphagidae_Ptilotula_penicillata/5eb91190-54b6-4bb2-bef6-d6a884ad8509.jpg,Ptilotula penicillata,White-plumed Honeyeater,Animalia,Meliphagidae,Ptilotula,333,500
train,183,3938,2668309,2668309,train_mini/03938_Animalia_Chordata_Aves_Passeriformes_Meliphagidae_Ptilotula_penicillata/71e9984e-f230-4088-82d4-4960975ba4f0.jpg,Ptilotula penicillata,White-plumed Honeyeater,Animalia,Meliphagidae,Ptilotula,500,333
train,184,3961,104816,104816,train_mini/03961_Animalia_Chordata_Aves_Passeriformes_Motacillidae_Anthus_pratensis/8ea21d5b-012b-46fb-a692-02737a8242d7.jpg,Anthus pratensis,Meadow Pipit,Animalia,Motacillidae,Anthus,500,360
train,184,3961,2478711,2478711,train_mini/03961_Animalia_Chordata_Aves_Passeriformes_Motacillidae_Anthus_pratensis/388c1e1c-ccf3-4a88-ac8f-5722560f18ca.jpg,Anthus pratensis,Meadow Pipit,Animalia,Motacillidae,Anthus,500,500
train,184,3961,2380785,2380785,train_mini/03961_Animalia_Chordata_Aves_Passeriformes_Motacillidae_Anthus_pratensis/86926635-c361-41ea-99a6-7279a57a901f.jpg,Anthus pratensis,Meadow Pipit,Animalia,Motacillidae,Anthus,500,375
train,184,3961,471547,471547,train_mini/03961_Animalia_Chordata_Aves_Passeriformes_Motacillidae_Anthus_pratensis/42ba8c61-bdab-40b0-b6fe-f4c370f4497c.jpg,Anthus pratensis,Meadow Pipit,Animalia,Motacillidae,Anthus,500,484
train,184,3961,438443,438443,train_mini/03961_Animalia_Chordata_Aves_Passeriformes_Motacillidae_Anthus_pratensis/afb6a8bb-529f-4cbb-82dc-85502d39ea2a.jpg,Anthus pratensis,Meadow Pipit,Animalia,Motacillidae,Anthus,500,375
train,184,3961,1548069,1548069,train_mini/03961_Animalia_Chordata_Aves_Passeriformes_Motacillidae_Anthus_pratensis/1d4d994b-7cc9-42c0-a27c-33693d4c0662.jpg,Anthus pratensis,Meadow Pipit,Animalia,Motacillidae,Anthus,500,375
train,184,3961,310550,310550,train_mini/03961_Animalia_Chordata_Aves_Passeriformes_Motacillidae_Anthus_pratensis/559bda13-c0f9-4ea5-a6ae-43f76aa87a29.jpg,Anthus pratensis,Meadow Pipit,Animalia,Motacillidae,Anthus,500,323
train,184,3961,704532,704532,train_mini/03961_Animalia_Chordata_Aves_Passeriformes_Motacillidae_Anthus_pratensis/a50f6665-4707-40b4-8080-6a85e5bf23bd.jpg,Anthus pratensis,Meadow Pipit,Animalia,Motacillidae,Anthus,500,375
train,185,3990,35996,35996,train_mini/03990_Animalia_Chordata_Aves_Passeriformes_Muscicapidae_Oenanthe_familiaris/4b20164f-64fe-4708-bad1-0438bf5343d5.jpg,Oenanthe familiaris,Familiar Chat,Animalia,Muscicapidae,Oenanthe,500,333
train,185,3990,754662,754662,train_mini/03990_Animalia_Chordata_Aves_Passeriformes_Muscicapidae_Oenanthe_familiaris/43b14828-3369-4bf0-a02e-c4a6d03e0ffb.jpg,Oenanthe familiaris,Familiar Chat,Animalia,Muscicapidae,Oenanthe,500,300
train,185,3990,620551,620551,train_mini/03990_Animalia_Chordata_Aves_Passeriformes_Muscicapidae_Oenanthe_familiaris/66c8c545-6c61-4616-abb6-9bd8df8a25ba.jpg,Oenanthe familiaris,Familiar Chat,Animalia,Muscicapidae,Oenanthe,500,393
train,185,3990,625106,625106,train_mini/03990_Animalia_Chordata_Aves_Passeriformes_Muscicapidae_Oenanthe_familiaris/d3a412bc-0504-42ea-b313-c95667ba331d.jpg,Oenanthe familiaris,Familiar Chat,Animalia,Muscicapidae,Oenanthe,333,500
train,185,3990,2221236,2221236,train_mini/03990_Animalia_Chordata_Aves_Passeriformes_Muscicapidae_Oenanthe_familiaris/322d1bf6-2d61-4706-a4e0-bdb33c112b37.jpg,Oenanthe familiaris,Familiar Chat,Animalia,Muscicapidae,Oenanthe,500,418
train,185,3990,764032,764032,train_mini/03990_Animalia_Chordata_Aves_Passeriformes_Muscicapidae_Oenanthe_familiaris/57325cb7-37bd-4fd0-bfa1-d4a9f086452b.jpg,Oenanthe familiaris,Familiar Chat,Animalia,Muscicapidae,Oenanthe,320,500
train,185,3990,621197,621197,train_mini/03990_Animalia_Chordata_Aves_Passeriformes_Muscicapidae_Oenanthe_familiaris/69d782aa-847b-4239-8dcb-8a33bdddddca.jpg,Oenanthe familiaris,Familiar Chat,Animalia,Muscicapidae,Oenanthe,500,374
train,185,3990,663396,663396,train_mini/03990_Animalia_Chordata_Aves_Passeriformes_Muscicapidae_Oenanthe_familiaris/af7a5ec1-b060-43ea-b850-b50bd9475e11.jpg,Oenanthe familiaris,Familiar Chat,Animalia,Muscicapidae,Oenanthe,500,333
train,186,4040,607940,607940,train_mini/04040_Animalia_Chordata_Aves_Passeriformes_Paridae_Poecile_hudsonicus/3a264494-b8ae-4d98-9ed0-3b8908ecee69.jpg,Poecile hudsonicus,Boreal Chickadee,Animalia,Paridae,Poecile,500,375
train,186,4040,2017131,2017131,train_mini/04040_Animalia_Chordata_Aves_Passeriformes_Paridae_Poecile_hudsonicus/d2239595-435d-48ca-a261-6eea24a87b8b.jpg,Poecile hudsonicus,Boreal Chickadee,Animalia,Paridae,Poecile,500,406
train,186,4040,1525780,1525780,train_mini/04040_Animalia_Chordata_Aves_Passeriformes_Paridae_Poecile_hudsonicus/c8777151-7491-4e6d-adb6-b9e99928ff84.jpg,Poecile hudsonicus,Boreal Chickadee,Animalia,Paridae,Poecile,403,500
train,186,4040,678865,678865,train_mini/04040_Animalia_Chordata_Aves_Passeriformes_Paridae_Poecile_hudsonicus/4fa10e02-bc56-4e6f-b777-1c438450092e.jpg,Poecile hudsonicus,Boreal Chickadee,Animalia,Paridae,Poecile,500,375
train,186,4040,1266247,1266247,train_mini/04040_Animalia_Chordata_Aves_Passeriformes_Paridae_Poecile_hudsonicus/4554c0fe-7263-4387-bc83-360586322a10.jpg,Poecile hudsonicus,Boreal Chickadee,Animalia,Paridae,Poecile,500,435
train,186,4040,1761037,1761037,train_mini/04040_Animalia_Chordata_Aves_Passeriformes_Paridae_Poecile_hudsonicus/3af3aec4-9fbe-4b55-8745-bd87953f57b9.jpg,Poecile hudsonicus,Boreal Chickadee,Animalia,Paridae,Poecile,500,339
train,186,4040,2441965,2441965,train_mini/04040_Animalia_Chordata_Aves_Passeriformes_Paridae_Poecile_hudsonicus/a8663d11-a979-4e06-901a-bd19772c9192.jpg,Poecile hudsonicus,Boreal Chickadee,Animalia,Paridae,Poecile,500,344
train,186,4040,697573,697573,train_mini/04040_Animalia_Chordata_Aves_Passeriformes_Paridae_Poecile_hudsonicus/7a3577d3-875e-495d-9931-fbb42d650ad4.jpg,Poecile hudsonicus,Boreal Chickadee,Animalia,Paridae,Poecile,500,333
train,187,4043,2516534,2516534,train_mini/04043_Animalia_Chordata_Aves_Passeriformes_Paridae_Poecile_rufescens/4068257f-a468-4c5d-9139-d7e82d3e73b7.jpg,Poecile rufescens,Chestnut-backed Chickadee,Animalia,Paridae,Poecile,500,350
train,187,4043,2213267,2213267,train_mini/04043_Animalia_Chordata_Aves_Passeriformes_Paridae_Poecile_rufescens/46b38980-7496-47ee-babd-ac5f9892adc0.jpg,Poecile rufescens,Chestnut-backed Chickadee,Animalia,Paridae,Poecile,375,500
train,187,4043,945951,945951,train_mini/04043_Animalia_Chordata_Aves_Passeriformes_Paridae_Poecile_rufescens/cff91bb6-8dec-450d-b539-c8c1fd895c3e.jpg,Poecile rufescens,Chestnut-backed Chickadee,Animalia,Paridae,Poecile,500,374
train,187,4043,1078724,1078724,train_mini/04043_Animalia_Chordata_Aves_Passeriformes_Paridae_Poecile_rufescens/8a9300bf-7c3c-43d9-bde3-8d34e40095d8.jpg,Poecile rufescens,Chestnut-backed Chickadee,Animalia,Paridae,Poecile,500,379
train,187,4043,983100,983100,train_mini/04043_Animalia_Chordata_Aves_Passeriformes_Paridae_Poecile_rufescens/049750c8-7bc8-462d-b61f-bd3400e40248.jpg,Poecile rufescens,Chestnut-backed Chickadee,Animalia,Paridae,Poecile,500,333
train,187,4043,2035232,2035232,train_mini/04043_Animalia_Chordata_Aves_Passeriformes_Paridae_Poecile_rufescens/460f903c-996d-4a54-9b35-99b492424747.jpg,Poecile rufescens,Chestnut-backed Chickadee,Animalia,Paridae,Poecile,500,333
train,187,4043,926075,926075,train_mini/04043_Animalia_Chordata_Aves_Passeriformes_Paridae_Poecile_rufescens/9f6f50dd-086b-4b2c-b1e1-5f458bc91835.jpg,Poecile rufescens,Chestnut-backed Chickadee,Animalia,Paridae,Poecile,500,333
train,187,4043,626108,626108,train_mini/04043_Animalia_Chordata_Aves_Passeriformes_Paridae_Poecile_rufescens/dc5c268a-3fb7-4e91-8d23-68e657796a3c.jpg,Poecile rufescens,Chestnut-backed Chickadee,Animalia,Paridae,Poecile,500,375
train,188,4068,175860,175860,train_mini/04068_Animalia_Chordata_Aves_Passeriformes_Parulidae_Setophaga_cerulea/89470ddb-092a-4b9d-b7b1-f4a5fb3bbe16.jpg,Setophaga cerulea,Cerulean Warbler,Animalia,Parulidae,Setophaga,500,435
train,188,4068,1137398,1137398,train_mini/04068_Animalia_Chordata_Aves_Passeriformes_Parulidae_Setophaga_cerulea/84cc77f0-d4e5-400d-ac41-a74948b9ec03.jpg,Setophaga cerulea,Cerulean Warbler,Animalia,Parulidae,Setophaga,500,358
train,188,4068,1601074,1601074,train_mini/04068_Animalia_Chordata_Aves_Passeriformes_Parulidae_Setophaga_cerulea/82f39251-780a-4f15-977e-5a0f761e5cf7.jpg,Setophaga cerulea,Cerulean Warbler,Animalia,Parulidae,Setophaga,500,333
train,188,4068,1015262,1015262,train_mini/04068_Animalia_Chordata_Aves_Passeriformes_Parulidae_Setophaga_cerulea/510620f1-57fb-4aff-b1ad-5cebfef4410a.jpg,Setophaga cerulea,Cerulean Warbler,Animalia,Parulidae,Setophaga,281,500
train,188,4068,939367,939367,train_mini/04068_Animalia_Chordata_Aves_Passeriformes_Parulidae_Setophaga_cerulea/55bcb463-85fb-4c4a-976f-bfc851912216.jpg,Setophaga cerulea,Cerulean Warbler,Animalia,Parulidae,Setophaga,500,339
train,188,4068,2086768,2086768,train_mini/04068_Animalia_Chordata_Aves_Passeriformes_Parulidae_Setophaga_cerulea/ac555db1-a5eb-496d-85c5-05fa7f17cb4a.jpg,Setophaga cerulea,Cerulean Warbler,Animalia,Parulidae,Setophaga,500,401
train,188,4068,194794,194794,train_mini/04068_Animalia_Chordata_Aves_Passeriformes_Parulidae_Setophaga_cerulea/ec29750f-8213-4ec9-acbb-3e4b6c21aea9.jpg,Setophaga cerulea,Cerulean Warbler,Animalia,Parulidae,Setophaga,500,333
train,188,4068,873642,873642,train_mini/04068_Animalia_Chordata_Aves_Passeriformes_Parulidae_Setophaga_cerulea/96685caa-6f9c-48f9-bc26-647fc107ae66.jpg,Setophaga cerulea,Cerulean Warbler,Animalia,Parulidae,Setophaga,500,333
train,189,4070,547957,547957,train_mini/04070_Animalia_Chordata_Aves_Passeriformes_Parulidae_Setophaga_citrina/31375cc0-578b-4a8a-a87b-1c24063aa478.jpg,Setophaga citrina,Hooded Warbler,Animalia,Parulidae,Setophaga,500,500
train,189,4070,100130,100130,train_mini/04070_Animalia_Chordata_Aves_Passeriformes_Parulidae_Setophaga_citrina/d462e837-26b5-48d2-a0bd-fc48c03f1d07.jpg,Setophaga citrina,Hooded Warbler,Animalia,Parulidae,Setophaga,500,327
train,189,4070,1504794,1504794,train_mini/04070_Animalia_Chordata_Aves_Passeriformes_Parulidae_Setophaga_citrina/f49c98d9-891b-47e7-8010-a24e1c337086.jpg,Setophaga citrina,Hooded Warbler,Animalia,Parulidae,Setophaga,500,333
train,189,4070,1723622,1723622,train_mini/04070_Animalia_Chordata_Aves_Passeriformes_Parulidae_Setophaga_citrina/32b1c856-e658-4a17-a0f8-72d7e83bc39a.jpg,Setophaga citrina,Hooded Warbler,Animalia,Parulidae,Setophaga,500,333
train,189,4070,680877,680877,train_mini/04070_Animalia_Chordata_Aves_Passeriformes_Parulidae_Setophaga_citrina/aacb0196-a176-4a6f-a20a-8287e7df7308.jpg,Setophaga citrina,Hooded Warbler,Animalia,Parulidae,Setophaga,500,333
train,189,4070,619257,619257,train_mini/04070_Animalia_Chordata_Aves_Passeriformes_Parulidae_Setophaga_citrina/19299b0b-e6e1-420f-b692-4abecc76670c.jpg,Setophaga citrina,Hooded Warbler,Animalia,Parulidae,Setophaga,500,281
train,189,4070,2218700,2218700,train_mini/04070_Animalia_Chordata_Aves_Passeriformes_Parulidae_Setophaga_citrina/9ed3f8ec-8369-407d-9f9f-22c68ff9666b.jpg,Setophaga citrina,Hooded Warbler,Animalia,Parulidae,Setophaga,500,336
train,189,4070,94169,94169,train_mini/04070_Animalia_Chordata_Aves_Passeriformes_Parulidae_Setophaga_citrina/0968e4fe-cc78-4f2e-9e1f-c0ef88616648.jpg,Setophaga citrina,Hooded Warbler,Animalia,Parulidae,Setophaga,289,420
train,190,4073,1276852,1276852,train_mini/04073_Animalia_Chordata_Aves_Passeriformes_Parulidae_Setophaga_dominica/2f479f9e-1b3d-4a0d-8d23-b6cc18825166.jpg,Setophaga dominica,Yellow-throated Warbler,Animalia,Parulidae,Setophaga,500,484
train,190,4073,169020,169020,train_mini/04073_Animalia_Chordata_Aves_Passeriformes_Parulidae_Setophaga_dominica/ae066634-75f2-4175-8c9b-abb3b2e3162d.jpg,Setophaga dominica,Yellow-throated Warbler,Animalia,Parulidae,Setophaga,500,375
train,190,4073,1559682,1559682,train_mini/04073_Animalia_Chordata_Aves_Passeriformes_Parulidae_Setophaga_dominica/35c13d9e-ed99-45ba-9e98-7da9e8cf0967.jpg,Setophaga dominica,Yellow-throated Warbler,Animalia,Parulidae,Setophaga,500,298
train,190,4073,1843152,1843152,train_mini/04073_Animalia_Chordata_Aves_Passeriformes_Parulidae_Setophaga_dominica/3908e8f6-cb0e-4fc5-8cc5-7c38011ec301.jpg,Setophaga dominica,Yellow-throated Warbler,Animalia,Parulidae,Setophaga,500,334
train,190,4073,578129,578129,train_mini/04073_Animalia_Chordata_Aves_Passeriformes_Parulidae_Setophaga_dominica/e2af6bba-0010-41f1-8197-4da3992c1c80.jpg,Setophaga dominica,Yellow-throated Warbler,Animalia,Parulidae,Setophaga,500,333
train,190,4073,681304,681304,train_mini/04073_Animalia_Chordata_Aves_Passeriformes_Parulidae_Setophaga_dominica/6fa83f4f-010a-409d-89e8-9bffa1f86ae5.jpg,Setophaga dominica,Yellow-throated Warbler,Animalia,Parulidae,Setophaga,500,402
train,190,4073,816444,816444,train_mini/04073_Animalia_Chordata_Aves_Passeriformes_Parulidae_Setophaga_dominica/5d53c734-f1bb-4ff0-8bb7-c1392c4076e4.jpg,Setophaga dominica,Yellow-throated Warbler,Animalia,Parulidae,Setophaga,400,500
train,190,4073,821441,821441,train_mini/04073_Animalia_Chordata_Aves_Passeriformes_Parulidae_Setophaga_dominica/31ff532a-569f-402e-9f50-0b9085f91360.jpg,Setophaga dominica,Yellow-throated Warbler,Animalia,Parulidae,Setophaga,500,278
train,191,4084,673332,673332,train_mini/04084_Animalia_Chordata_Aves_Passeriformes_Parulidae_Setophaga_ruticilla/be9ceeaa-1a85-4e2d-89c0-df93d34ad227.jpg,Setophaga ruticilla,American Redstart,Animalia,Parulidae,Setophaga,500,357
train,191,4084,794522,794522,train_mini/04084_Animalia_Chordata_Aves_Passeriformes_Parulidae_Setophaga_ruticilla/907d2f23-da8a-47a0-b0d4-daeef9a34ec2.jpg,Setophaga ruticilla,American Redstart,Animalia,Parulidae,Setophaga,500,330
train,191,4084,1720805,1720805,train_mini/04084_Animalia_Chordata_Aves_Passeriformes_Parulidae_Setophaga_ruticilla/b1f13027-44ba-4982-a7e2-7c68ba1f0907.jpg,Setophaga ruticilla,American Redstart,Animalia,Parulidae,Setophaga,500,357
train,191,4084,909146,909146,train_mini/04084_Animalia_Chordata_Aves_Passeriformes_Parulidae_Setophaga_ruticilla/25a9f5ac-9228-433b-8c3f-d445767d56ff.jpg,Setophaga ruticilla,American Redstart,Animalia,Parulidae,Setophaga,500,333
train,191,4084,881256,881256,train_mini/04084_Animalia_Chordata_Aves_Passeriformes_Parulidae_Setophaga_ruticilla/34210eae-2e40-4aa1-8fe7-7ff5b614e284.jpg,Setophaga ruticilla,American Redstart,Animalia,Parulidae,Setophaga,445,500
train,191,4084,1768186,1768186,train_mini/04084_Animalia_Chordata_Aves_Passeriformes_Parulidae_Setophaga_ruticilla/874758c5-2e9e-41d8-8a1d-70ef66ff789d.jpg,Setophaga ruticilla,American Redstart,Animalia,Parulidae,Setophaga,500,436
train,191,4084,147728,147728,train_mini/04084_Animalia_Chordata_Aves_Passeriformes_Parulidae_Setophaga_ruticilla/0ae80310-9e41-4c88-a236-7495393de297.jpg,Setophaga ruticilla,American Redstart,Animalia,Parulidae,Setophaga,426,500
train,191,4084,626233,626233,train_mini/04084_Animalia_Chordata_Aves_Passeriformes_Parulidae_Setophaga_ruticilla/2babf682-5c7a-4ad2-8bac-72d25536a3a8.jpg,Setophaga ruticilla,American Redstart,Animalia,Parulidae,Setophaga,500,335
train,192,4089,1651036,1651036,train_mini/04089_Animalia_Chordata_Aves_Passeriformes_Parulidae_Vermivora_chrysoptera/aa1e8476-fe9c-4ac2-b99b-4846f0593664.jpg,Vermivora chrysoptera,Golden-winged Warbler,Animalia,Parulidae,Vermivora,500,333
train,192,4089,1068624,1068624,train_mini/04089_Animalia_Chordata_Aves_Passeriformes_Parulidae_Vermivora_chrysoptera/f851fb98-0b13-4d7a-b8e4-d9b1d1a8beda.jpg,Vermivora chrysoptera,Golden-winged Warbler,Animalia,Parulidae,Vermivora,484,500
train,192,4089,43712,43712,train_mini/04089_Animalia_Chordata_Aves_Passeriformes_Parulidae_Vermivora_chrysoptera/8a47c302-0daf-44a2-8439-09cc83da98a8.jpg,Vermivora chrysoptera,Golden-winged Warbler,Animalia,Parulidae,Vermivora,500,375
train,192,4089,537539,537539,train_mini/04089_Animalia_Chordata_Aves_Passeriformes_Parulidae_Vermivora_chrysoptera/95b288f8-7612-4649-870a-6b123594d9bf.jpg,Vermivora chrysoptera,Golden-winged Warbler,Animalia,Parulidae,Vermivora,500,375
train,192,4089,2621267,2621267,train_mini/04089_Animalia_Chordata_Aves_Passeriformes_Parulidae_Vermivora_chrysoptera/97b21868-8f7d-4584-ae1b-c1ddfb711af5.jpg,Vermivora chrysoptera,Golden-winged Warbler,Animalia,Parulidae,Vermivora,500,451
train,192,4089,2551912,2551912,train_mini/04089_Animalia_Chordata_Aves_Passeriformes_Parulidae_Vermivora_chrysoptera/cf794336-502c-46a4-bad8-14feccb2a7d3.jpg,Vermivora chrysoptera,Golden-winged Warbler,Animalia,Parulidae,Vermivora,500,333
train,192,4089,812156,812156,train_mini/04089_Animalia_Chordata_Aves_Passeriformes_Parulidae_Vermivora_chrysoptera/572016a9-2696-4aab-87fd-9b6f7ee886a1.jpg,Vermivora chrysoptera,Golden-winged Warbler,Animalia,Parulidae,Vermivora,500,333
train,192,4089,1615239,1615239,train_mini/04089_Animalia_Chordata_Aves_Passeriformes_Parulidae_Vermivora_chrysoptera/72e2cc8a-e60a-40c8-b6dc-a6418fece327.jpg,Vermivora chrysoptera,Golden-winged Warbler,Animalia,Parulidae,Vermivora,452,500
train,193,4099,582110,582110,train_mini/04099_Animalia_Chordata_Aves_Passeriformes_Passerellidae_Calamospiza_melanocorys/9bda900e-55e5-49bc-8ec0-c582f7a914bc.jpg,Calamospiza melanocorys,Lark Bunting,Animalia,Passerellidae,Calamospiza,500,333
train,193,4099,2655770,2655770,train_mini/04099_Animalia_Chordata_Aves_Passeriformes_Passerellidae_Calamospiza_melanocorys/7c19e5d8-fa00-4d34-8699-6fd5fdc66c38.jpg,Calamospiza melanocorys,Lark Bunting,Animalia,Passerellidae,Calamospiza,500,369
train,193,4099,8171,8171,train_mini/04099_Animalia_Chordata_Aves_Passeriformes_Passerellidae_Calamospiza_melanocorys/cdd08603-c414-4a93-b60a-c794970bc307.jpg,Calamospiza melanocorys,Lark Bunting,Animalia,Passerellidae,Calamospiza,500,333
train,193,4099,873785,873785,train_mini/04099_Animalia_Chordata_Aves_Passeriformes_Passerellidae_Calamospiza_melanocorys/f245afd6-4936-4038-936c-5c70544f6619.jpg,Calamospiza melanocorys,Lark Bunting,Animalia,Passerellidae,Calamospiza,500,366
train,193,4099,1043068,1043068,train_mini/04099_Animalia_Chordata_Aves_Passeriformes_Passerellidae_Calamospiza_melanocorys/06917f9b-a2db-482a-8b44-8136fcb38ae2.jpg,Calamospiza melanocorys,Lark Bunting,Animalia,Passerellidae,Calamospiza,500,267
train,193,4099,2578544,2578544,train_mini/04099_Animalia_Chordata_Aves_Passeriformes_Passerellidae_Calamospiza_melanocorys/e5dd15f8-89f5-46af-aa16-c5f1cd065cf5.jpg,Calamospiza melanocorys,Lark Bunting,Animalia,Passerellidae,Calamospiza,500,351
train,193,4099,346884,346884,train_mini/04099_Animalia_Chordata_Aves_Passeriformes_Passerellidae_Calamospiza_melanocorys/b4238b86-60d4-4607-a5ab-c3e6783342ba.jpg,Calamospiza melanocorys,Lark Bunting,Animalia,Passerellidae,Calamospiza,344,500
train,193,4099,823369,823369,train_mini/04099_Animalia_Chordata_Aves_Passeriformes_Passerellidae_Calamospiza_melanocorys/aae7d47f-4e78-4bdb-8633-a266b05f63ca.jpg,Calamospiza melanocorys,Lark Bunting,Animalia,Passerellidae,Calamospiza,500,375
train,194,4100,1701854,1701854,train_mini/04100_Animalia_Chordata_Aves_Passeriformes_Passerellidae_Centronyx_henslowii/6809770d-f40c-4823-a7ba-9623b8a18f66.jpg,Centronyx henslowii,Henslow's Sparrow,Animalia,Passerellidae,Centronyx,500,359
train,194,4100,228270,228270,train_mini/04100_Animalia_Chordata_Aves_Passeriformes_Passerellidae_Centronyx_henslowii/776d5090-dcf0-46e1-9ce3-fd3ae1c0a64e.jpg,Centronyx henslowii,Henslow's Sparrow,Animalia,Passerellidae,Centronyx,500,331
train,194,4100,2501939,2501939,train_mini/04100_Animalia_Chordata_Aves_Passeriformes_Passerellidae_Centronyx_henslowii/42fca016-9768-4060-9a26-59d780e3e478.jpg,Centronyx henslowii,Henslow's Sparrow,Animalia,Passerellidae,Centronyx,500,375
train,194,4100,1352186,1352186,train_mini/04100_Animalia_Chordata_Aves_Passeriformes_Passerellidae_Centronyx_henslowii/4afcebcd-d4de-4e41-b12b-f7c4588d67cc.jpg,Centronyx henslowii,Henslow's Sparrow,Animalia,Passerellidae,Centronyx,500,357
train,194,4100,1893034,1893034,train_mini/04100_Animalia_Chordata_Aves_Passeriformes_Passerellidae_Centronyx_henslowii/3b7a8cc0-db4d-4152-a754-3fdd2a94b5f3.jpg,Centronyx henslowii,Henslow's Sparrow,Animalia,Passerellidae,Centronyx,500,375
train,194,4100,370543,370543,train_mini/04100_Animalia_Chordata_Aves_Passeriformes_Passerellidae_Centronyx_henslowii/a7ab3f71-6f0a-4811-9a21-30193737885d.jpg,Centronyx henslowii,Henslow's Sparrow,Animalia,Passerellidae,Centronyx,500,375
train,194,4100,1250870,1250870,train_mini/04100_Animalia_Chordata_Aves_Passeriformes_Passerellidae_Centronyx_henslowii/85f3c3ad-3042-40d3-9db2-feea70ab3f41.jpg,Centronyx henslowii,Henslow's Sparrow,Animalia,Passerellidae,Centronyx,500,333
train,194,4100,1823687,1823687,train_mini/04100_Animalia_Chordata_Aves_Passeriformes_Passerellidae_Centronyx_henslowii/5a82d9d6-69ef-42e7-ac88-c399d725316f.jpg,Centronyx henslowii,Henslow's Sparrow,Animalia,Passerellidae,Centronyx,500,375
train,195,4118,2082186,2082186,train_mini/04118_Animalia_Chordata_Aves_Passeriformes_Passerellidae_Pipilo_erythrophthalmus/1c601677-875a-4a26-8ddf-904f3df96ec7.jpg,Pipilo erythrophthalmus,Eastern Towhee,Animalia,Passerellidae,Pipilo,500,333
train,195,4118,2660317,2660317,train_mini/04118_Animalia_Chordata_Aves_Passeriformes_Passerellidae_Pipilo_erythrophthalmus/5aeeef25-b28f-4d0d-928f-be845902427a.jpg,Pipilo erythrophthalmus,Eastern Towhee,Animalia,Passerellidae,Pipilo,500,439
train,195,4118,211872,211872,train_mini/04118_Animalia_Chordata_Aves_Passeriformes_Passerellidae_Pipilo_erythrophthalmus/dc692655-5007-4f71-bddf-416437785db6.jpg,Pipilo erythrophthalmus,Eastern Towhee,Animalia,Passerellidae,Pipilo,433,500
train,195,4118,2396756,2396756,train_mini/04118_Animalia_Chordata_Aves_Passeriformes_Passerellidae_Pipilo_erythrophthalmus/773a24c9-3c0f-4b2f-ac0b-939fd4f8df77.jpg,Pipilo erythrophthalmus,Eastern Towhee,Animalia,Passerellidae,Pipilo,500,333
train,195,4118,2033003,2033003,train_mini/04118_Animalia_Chordata_Aves_Passeriformes_Passerellidae_Pipilo_erythrophthalmus/d235f714-5612-442b-b37e-6f4f2b6799f8.jpg,Pipilo erythrophthalmus,Eastern Towhee,Animalia,Passerellidae,Pipilo,375,500
train,195,4118,1974131,1974131,train_mini/04118_Animalia_Chordata_Aves_Passeriformes_Passerellidae_Pipilo_erythrophthalmus/1318d9a4-186d-4f5e-a683-74c50e583ede.jpg,Pipilo erythrophthalmus,Eastern Towhee,Animalia,Passerellidae,Pipilo,375,500
train,195,4118,1686661,1686661,train_mini/04118_Animalia_Chordata_Aves_Passeriformes_Passerellidae_Pipilo_erythrophthalmus/6687b35a-6a6e-4f48-a207-71d70a34ec1e.jpg,Pipilo erythrophthalmus,Eastern Towhee,Animalia,Passerellidae,Pipilo,500,400
train,195,4118,2587666,2587666,train_mini/04118_Animalia_Chordata_Aves_Passeriformes_Passerellidae_Pipilo_erythrophthalmus/bd8b67a0-ec9c-4edf-a64f-566f463f894c.jpg,Pipilo erythrophthalmus,Eastern Towhee,Animalia,Passerellidae,Pipilo,500,375
train,196,4138,1830540,1830540,train_mini/04138_Animalia_Chordata_Aves_Passeriformes_Petroicidae_Eopsaltria_australis/1f3eb5d4-7732-4731-89a1-4579899a6466.jpg,Eopsaltria australis,Eastern Yellow Robin,Animalia,Petroicidae,Eopsaltria,281,500
train,196,4138,872261,872261,train_mini/04138_Animalia_Chordata_Aves_Passeriformes_Petroicidae_Eopsaltria_australis/74b20e7e-86af-4482-96f8-2168df092efb.jpg,Eopsaltria australis,Eastern Yellow Robin,Animalia,Petroicidae,Eopsaltria,500,375
train,196,4138,1456202,1456202,train_mini/04138_Animalia_Chordata_Aves_Passeriformes_Petroicidae_Eopsaltria_australis/e8c0a254-17c9-4d2e-b13b-82aceb3f3bcc.jpg,Eopsaltria australis,Eastern Yellow Robin,Animalia,Petroicidae,Eopsaltria,375,500
train,196,4138,2602113,2602113,train_mini/04138_Animalia_Chordata_Aves_Passeriformes_Petroicidae_Eopsaltria_australis/99448f19-b78f-4b58-be45-2905825d6819.jpg,Eopsaltria australis,Eastern Yellow Robin,Animalia,Petroicidae,Eopsaltria,392,395
train,196,4138,715433,715433,train_mini/04138_Animalia_Chordata_Aves_Passeriformes_Petroicidae_Eopsaltria_australis/561fc8b5-cd06-4dad-b777-dd3aa70a661c.jpg,Eopsaltria australis,Eastern Yellow Robin,Animalia,Petroicidae,Eopsaltria,500,333
train,196,4138,772668,772668,train_mini/04138_Animalia_Chordata_Aves_Passeriformes_Petroicidae_Eopsaltria_australis/4bcc3696-53de-4464-90ed-7e210b2ab6b8.jpg,Eopsaltria australis,Eastern Yellow Robin,Animalia,Petroicidae,Eopsaltria,500,400
train,196,4138,2162377,2162377,train_mini/04138_Animalia_Chordata_Aves_Passeriformes_Petroicidae_Eopsaltria_australis/08478af2-6803-4fc3-95fe-10e7547523fb.jpg,Eopsaltria australis,Eastern Yellow Robin,Animalia,Petroicidae,Eopsaltria,500,373
train,196,4138,2668413,2668413,train_mini/04138_Animalia_Chordata_Aves_Passeriformes_Petroicidae_Eopsaltria_australis/a31c0763-52d5-47cb-b5ae-8996f7ffcc8a.jpg,Eopsaltria australis,Eastern Yellow Robin,Animalia,Petroicidae,Eopsaltria,500,468
train,197,4142,1556947,1556947,train_mini/04142_Animalia_Chordata_Aves_Passeriformes_Petroicidae_Petroica_macrocephala/1ab9b6e0-12b9-4155-acc0-f6fd93ca6459.jpg,Petroica macrocephala,Tomtit,Animalia,Petroicidae,Petroica,375,500
train,197,4142,2592224,2592224,train_mini/04142_Animalia_Chordata_Aves_Passeriformes_Petroicidae_Petroica_macrocephala/005b6b99-a063-4aae-8bbd-7d88099285f0.jpg,Petroica macrocephala,Tomtit,Animalia,Petroicidae,Petroica,500,332
train,197,4142,711068,711068,train_mini/04142_Animalia_Chordata_Aves_Passeriformes_Petroicidae_Petroica_macrocephala/212fc690-88ac-4545-a285-72e61a375e23.jpg,Petroica macrocephala,Tomtit,Animalia,Petroicidae,Petroica,500,375
train,197,4142,483049,483049,train_mini/04142_Animalia_Chordata_Aves_Passeriformes_Petroicidae_Petroica_macrocephala/b72857d7-a960-4fd6-bd72-d2bbc632df55.jpg,Petroica macrocephala,Tomtit,Animalia,Petroicidae,Petroica,500,375
train,197,4142,1681915,1681915,train_mini/04142_Animalia_Chordata_Aves_Passeriformes_Petroicidae_Petroica_macrocephala/d669ceb0-8042-422e-a9b2-bc19943d1883.jpg,Petroica macrocephala,Tomtit,Animalia,Petroicidae,Petroica,375,500
train,197,4142,368201,368201,train_mini/04142_Animalia_Chordata_Aves_Passeriformes_Petroicidae_Petroica_macrocephala/c82ef839-f7ce-4b63-b9c5-1c0e55a07d0b.jpg,Petroica macrocephala,Tomtit,Animalia,Petroicidae,Petroica,500,375
train,197,4142,637022,637022,train_mini/04142_Animalia_Chordata_Aves_Passeriformes_Petroicidae_Petroica_macrocephala/3262028d-2aca-4f97-90e7-616c0597cfe3.jpg,Petroica macrocephala,Tomtit,Animalia,Petroicidae,Petroica,500,333
train,197,4142,2480050,2480050,train_mini/04142_Animalia_Chordata_Aves_Passeriformes_Petroicidae_Petroica_macrocephala/7d757cac-0430-4ca0-af98-ff6361283c42.jpg,Petroica macrocephala,Tomtit,Animalia,Petroicidae,Petroica,500,375
train,198,4178,2589747,2589747,train_mini/04178_Animalia_Chordata_Aves_Passeriformes_Regulidae_Regulus_ignicapilla/fb32f1da-a6d3-4356-a784-9717358db459.jpg,Regulus ignicapilla,Common Firecrest,Animalia,Regulidae,Regulus,500,388
train,198,4178,1393195,1393195,train_mini/04178_Animalia_Chordata_Aves_Passeriformes_Regulidae_Regulus_ignicapilla/208cacd1-1b09-4861-bc9f-e5eb4c96ae9c.jpg,Regulus ignicapilla,Common Firecrest,Animalia,Regulidae,Regulus,500,300
train,198,4178,360327,360327,train_mini/04178_Animalia_Chordata_Aves_Passeriformes_Regulidae_Regulus_ignicapilla/f1d29766-9c49-4488-98f5-076fc94ef799.jpg,Regulus ignicapilla,Common Firecrest,Animalia,Regulidae,Regulus,500,375
train,198,4178,1478583,1478583,train_mini/04178_Animalia_Chordata_Aves_Passeriformes_Regulidae_Regulus_ignicapilla/b2e078dd-9579-4c87-9bf7-507add453339.jpg,Regulus ignicapilla,Common Firecrest,Animalia,Regulidae,Regulus,375,500
train,198,4178,1260541,1260541,train_mini/04178_Animalia_Chordata_Aves_Passeriformes_Regulidae_Regulus_ignicapilla/93c7d486-4dfd-4d50-95e5-2ec53fee63f9.jpg,Regulus ignicapilla,Common Firecrest,Animalia,Regulidae,Regulus,500,491
train,198,4178,628508,628508,train_mini/04178_Animalia_Chordata_Aves_Passeriformes_Regulidae_Regulus_ignicapilla/9d7024a9-41da-4a7f-86ec-8a1faf41cb10.jpg,Regulus ignicapilla,Common Firecrest,Animalia,Regulidae,Regulus,500,333
train,198,4178,2147125,2147125,train_mini/04178_Animalia_Chordata_Aves_Passeriformes_Regulidae_Regulus_ignicapilla/31105855-b30d-410d-a25b-aaaa3a54eafb.jpg,Regulus ignicapilla,Common Firecrest,Animalia,Regulidae,Regulus,500,375
train,198,4178,51733,51733,train_mini/04178_Animalia_Chordata_Aves_Passeriformes_Regulidae_Regulus_ignicapilla/267adcbd-8bce-4e86-8273-816bdc0759ec.jpg,Regulus ignicapilla,Common Firecrest,Animalia,Regulidae,Regulus,500,375
train,199,4189,661314,661314,train_mini/04189_Animalia_Chordata_Aves_Passeriformes_Sittidae_Sitta_pusilla/6c50a645-a4fd-439a-b580-8714e1cd4656.jpg,Sitta pusilla,Brown-headed Nuthatch,Animalia,Sittidae,Sitta,500,375
train,199,4189,1310541,1310541,train_mini/04189_Animalia_Chordata_Aves_Passeriformes_Sittidae_Sitta_pusilla/b9080696-1fec-442f-b8f1-75bfbd38e823.jpg,Sitta pusilla,Brown-headed Nuthatch,Animalia,Sittidae,Sitta,500,281
train,199,4189,142888,142888,train_mini/04189_Animalia_Chordata_Aves_Passeriformes_Sittidae_Sitta_pusilla/bec116cc-e870-4ff2-a69d-3c2e818c45ef.jpg,Sitta pusilla,Brown-headed Nuthatch,Animalia,Sittidae,Sitta,500,454
train,199,4189,2264224,2264224,train_mini/04189_Animalia_Chordata_Aves_Passeriformes_Sittidae_Sitta_pusilla/151e011a-f424-4993-83ce-6f0df62df7e9.jpg,Sitta pusilla,Brown-headed Nuthatch,Animalia,Sittidae,Sitta,498,500
train,199,4189,518,518,train_mini/04189_Animalia_Chordata_Aves_Passeriformes_Sittidae_Sitta_pusilla/b7d3aec5-3372-4235-b246-995cd211144c.jpg,Sitta pusilla,Brown-headed Nuthatch,Animalia,Sittidae,Sitta,500,355
train,199,4189,1880666,1880666,train_mini/04189_Animalia_Chordata_Aves_Passeriformes_Sittidae_Sitta_pusilla/d0d313d0-6b04-4d52-bb80-22ecb17568f5.jpg,Sitta pusilla,Brown-headed Nuthatch,Animalia,Sittidae,Sitta,500,500
train,199,4189,1827203,1827203,train_mini/04189_Animalia_Chordata_Aves_Passeriformes_Sittidae_Sitta_pusilla/ebf739d8-6917-424f-912d-52f570bb7583.jpg,Sitta pusilla,Brown-headed Nuthatch,Animalia,Sittidae,Sitta,500,375
train,199,4189,1343303,1343303,train_mini/04189_Animalia_Chordata_Aves_Passeriformes_Sittidae_Sitta_pusilla/7eb3cfea-4336-437a-9749-05b22aa85cd4.jpg,Sitta pusilla,Brown-headed Nuthatch,Animalia,Sittidae,Sitta,500,423
train,200,4203,720117,720117,train_mini/04203_Animalia_Chordata_Aves_Passeriformes_Sylviidae_Chamaea_fasciata/0076e2da-f900-45fa-afc0-92039908503e.jpg,Chamaea fasciata,Wrentit,Animalia,Sylviidae,Chamaea,500,375
train,200,4203,1574193,1574193,train_mini/04203_Animalia_Chordata_Aves_Passeriformes_Sylviidae_Chamaea_fasciata/d633653a-ac25-4daa-b9e4-519c4ddd3288.jpg,Chamaea fasciata,Wrentit,Animalia,Sylviidae,Chamaea,500,333
train,200,4203,1596118,1596118,train_mini/04203_Animalia_Chordata_Aves_Passeriformes_Sylviidae_Chamaea_fasciata/6ce54640-323a-46e0-8776-04efee1fa002.jpg,Chamaea fasciata,Wrentit,Animalia,Sylviidae,Chamaea,500,331
train,200,4203,149797,149797,train_mini/04203_Animalia_Chordata_Aves_Passeriformes_Sylviidae_Chamaea_fasciata/3760b8ab-f031-4788-8b70-cf497c36721c.jpg,Chamaea fasciata,Wrentit,Animalia,Sylviidae,Chamaea,356,500
train,200,4203,583577,583577,train_mini/04203_Animalia_Chordata_Aves_Passeriformes_Sylviidae_Chamaea_fasciata/6d8a4c61-bbad-4fa0-9b62-ddd20c9ed8f8.jpg,Chamaea fasciata,Wrentit,Animalia,Sylviidae,Chamaea,375,500
train,200,4203,145615,145615,train_mini/04203_Animalia_Chordata_Aves_Passeriformes_Sylviidae_Chamaea_fasciata/fca359b7-886a-431b-a612-7c68be53b7d1.jpg,Chamaea fasciata,Wrentit,Animalia,Sylviidae,Chamaea,500,333
train,200,4203,2409716,2409716,train_mini/04203_Animalia_Chordata_Aves_Passeriformes_Sylviidae_Chamaea_fasciata/5a705f21-dbf3-4206-83f0-512828970285.jpg,Chamaea fasciata,Wrentit,Animalia,Sylviidae,Chamaea,500,333
train,200,4203,1915872,1915872,train_mini/04203_Animalia_Chordata_Aves_Passeriformes_Sylviidae_Chamaea_fasciata/94471984-7309-4c6c-976d-4f5b79b7edff.jpg,Chamaea fasciata,Wrentit,Animalia,Sylviidae,Chamaea,335,500
train,201,4228,492209,492209,train_mini/04228_Animalia_Chordata_Aves_Passeriformes_Thraupidae_Saltator_coerulescens/9e285c41-abbc-4373-9a02-d92b486c3eb9.jpg,Saltator coerulescens,Grayish Saltator,Animalia,Thraupidae,Saltator,500,375
train,201,4228,101086,101086,train_mini/04228_Animalia_Chordata_Aves_Passeriformes_Thraupidae_Saltator_coerulescens/fd873a53-2291-4fb7-86b4-a93f19d1f3d9.jpg,Saltator coerulescens,Grayish Saltator,Animalia,Thraupidae,Saltator,500,375
train,201,4228,149777,149777,train_mini/04228_Animalia_Chordata_Aves_Passeriformes_Thraupidae_Saltator_coerulescens/646b91c6-b17a-468d-a9c1-87917b609682.jpg,Saltator coerulescens,Grayish Saltator,Animalia,Thraupidae,Saltator,500,352
train,201,4228,1853561,1853561,train_mini/04228_Animalia_Chordata_Aves_Passeriformes_Thraupidae_Saltator_coerulescens/da74deb5-8785-486c-a16e-850f365018d0.jpg,Saltator coerulescens,Grayish Saltator,Animalia,Thraupidae,Saltator,500,375
train,201,4228,1781505,1781505,train_mini/04228_Animalia_Chordata_Aves_Passeriformes_Thraupidae_Saltator_coerulescens/712250bb-c8f5-4ef0-95a9-956ec86fe1b8.jpg,Saltator coerulescens,Grayish Saltator,Animalia,Thraupidae,Saltator,500,369
train,201,4228,2511094,2511094,train_mini/04228_Animalia_Chordata_Aves_Passeriformes_Thraupidae_Saltator_coerulescens/adfdf861-6ebc-478a-8e03-e2b393f79066.jpg,Saltator coerulescens,Grayish Saltator,Animalia,Thraupidae,Saltator,500,375
train,201,4228,2066146,2066146,train_mini/04228_Animalia_Chordata_Aves_Passeriformes_Thraupidae_Saltator_coerulescens/2d6886fc-bfb8-42da-a4f6-ee5ce2adf2d1.jpg,Saltator coerulescens,Grayish Saltator,Animalia,Thraupidae,Saltator,500,375
train,201,4228,1347516,1347516,train_mini/04228_Animalia_Chordata_Aves_Passeriformes_Thraupidae_Saltator_coerulescens/e5417f27-b4e1-4e44-af25-ba102ca7f5a9.jpg,Saltator coerulescens,Grayish Saltator,Animalia,Thraupidae,Saltator,500,333
train,202,4245,1474476,1474476,train_mini/04245_Animalia_Chordata_Aves_Passeriformes_Thraupidae_Thraupis_episcopus/a85950e6-f6fd-4b20-ba30-c25d7cc322da.jpg,Thraupis episcopus,Blue-gray Tanager,Animalia,Thraupidae,Thraupis,500,375
train,202,4245,2645424,2645424,train_mini/04245_Animalia_Chordata_Aves_Passeriformes_Thraupidae_Thraupis_episcopus/553d4421-20d9-41e4-a3a9-5215cff1950f.jpg,Thraupis episcopus,Blue-gray Tanager,Animalia,Thraupidae,Thraupis,500,328
train,202,4245,814993,814993,train_mini/04245_Animalia_Chordata_Aves_Passeriformes_Thraupidae_Thraupis_episcopus/684049ec-86c6-4d27-bc4e-1ca00c544998.jpg,Thraupis episcopus,Blue-gray Tanager,Animalia,Thraupidae,Thraupis,500,333
train,202,4245,232691,232691,train_mini/04245_Animalia_Chordata_Aves_Passeriformes_Thraupidae_Thraupis_episcopus/c1895b3f-8927-4c7d-872d-cfe424c504af.jpg,Thraupis episcopus,Blue-gray Tanager,Animalia,Thraupidae,Thraupis,500,336
train,202,4245,124799,124799,train_mini/04245_Animalia_Chordata_Aves_Passeriformes_Thraupidae_Thraupis_episcopus/6d22e31b-c2a5-4e71-beb1-b471ef363ac8.jpg,Thraupis episcopus,Blue-gray Tanager,Animalia,Thraupidae,Thraupis,483,288
train,202,4245,2683245,2683245,train_mini/04245_Animalia_Chordata_Aves_Passeriformes_Thraupidae_Thraupis_episcopus/294002fc-2c2a-4b18-9524-22d88c992e18.jpg,Thraupis episcopus,Blue-gray Tanager,Animalia,Thraupidae,Thraupis,500,298
train,202,4245,72294,72294,train_mini/04245_Animalia_Chordata_Aves_Passeriformes_Thraupidae_Thraupis_episcopus/133b35c5-aad7-41b9-9361-f8e5c13472ca.jpg,Thraupis episcopus,Blue-gray Tanager,Animalia,Thraupidae,Thraupis,500,376
train,202,4245,1066612,1066612,train_mini/04245_Animalia_Chordata_Aves_Passeriformes_Thraupidae_Thraupis_episcopus/265e31e9-9ab0-4f99-8c81-8b88b315934e.jpg,Thraupis episcopus,Blue-gray Tanager,Animalia,Thraupidae,Thraupis,500,311
train,203,4293,536047,536047,train_mini/04293_Animalia_Chordata_Aves_Passeriformes_Tyrannidae_Contopus_cooperi/399f082c-c59b-47e3-8bfd-1908775790e7.jpg,Contopus cooperi,Olive-sided Flycatcher,Animalia,Tyrannidae,Contopus,500,375
train,203,4293,2282981,2282981,train_mini/04293_Animalia_Chordata_Aves_Passeriformes_Tyrannidae_Contopus_cooperi/6568ff86-1cfe-405e-9981-f8852bdfe566.jpg,Contopus cooperi,Olive-sided Flycatcher,Animalia,Tyrannidae,Contopus,413,500
train,203,4293,1107991,1107991,train_mini/04293_Animalia_Chordata_Aves_Passeriformes_Tyrannidae_Contopus_cooperi/cdb892b5-df08-4cf3-a3dc-1adaf5af3ae3.jpg,Contopus cooperi,Olive-sided Flycatcher,Animalia,Tyrannidae,Contopus,500,331
train,203,4293,1104752,1104752,train_mini/04293_Animalia_Chordata_Aves_Passeriformes_Tyrannidae_Contopus_cooperi/8df7c6cd-b0a9-4264-9eb7-10648755f92e.jpg,Contopus cooperi,Olive-sided Flycatcher,Animalia,Tyrannidae,Contopus,500,375
train,203,4293,860013,860013,train_mini/04293_Animalia_Chordata_Aves_Passeriformes_Tyrannidae_Contopus_cooperi/afa5dd38-f47f-4e22-b9f9-3d0d13e52c45.jpg,Contopus cooperi,Olive-sided Flycatcher,Animalia,Tyrannidae,Contopus,500,375
train,203,4293,2646844,2646844,train_mini/04293_Animalia_Chordata_Aves_Passeriformes_Tyrannidae_Contopus_cooperi/2ef8ac98-e6a2-4b7c-bd87-eab74794a2a3.jpg,Contopus cooperi,Olive-sided Flycatcher,Animalia,Tyrannidae,Contopus,426,500
train,203,4293,2282779,2282779,train_mini/04293_Animalia_Chordata_Aves_Passeriformes_Tyrannidae_Contopus_cooperi/cd5c51d4-44c3-46b5-8174-74c9c4ed82ee.jpg,Contopus cooperi,Olive-sided Flycatcher,Animalia,Tyrannidae,Contopus,500,376
train,203,4293,474715,474715,train_mini/04293_Animalia_Chordata_Aves_Passeriformes_Tyrannidae_Contopus_cooperi/35fcb407-5504-4347-9e30-61b94e883bb4.jpg,Contopus cooperi,Olive-sided Flycatcher,Animalia,Tyrannidae,Contopus,500,332
train,204,4295,139020,139020,train_mini/04295_Animalia_Chordata_Aves_Passeriformes_Tyrannidae_Contopus_sordidulus/c1d5c08a-fd2a-4079-b0d2-aed3da3b377e.jpg,Contopus sordidulus,Western Wood-Pewee,Animalia,Tyrannidae,Contopus,500,281
train,204,4295,194694,194694,train_mini/04295_Animalia_Chordata_Aves_Passeriformes_Tyrannidae_Contopus_sordidulus/d18e5926-9c16-4be4-ae5b-279444770b0e.jpg,Contopus sordidulus,Western Wood-Pewee,Animalia,Tyrannidae,Contopus,500,333
train,204,4295,290694,290694,train_mini/04295_Animalia_Chordata_Aves_Passeriformes_Tyrannidae_Contopus_sordidulus/deaf00d6-8db1-4cf1-95e4-7876c8a55cb4.jpg,Contopus sordidulus,Western Wood-Pewee,Animalia,Tyrannidae,Contopus,454,500
train,204,4295,1100277,1100277,train_mini/04295_Animalia_Chordata_Aves_Passeriformes_Tyrannidae_Contopus_sordidulus/cd537d29-8313-48f9-8918-8b81f756bc1e.jpg,Contopus sordidulus,Western Wood-Pewee,Animalia,Tyrannidae,Contopus,500,334
train,204,4295,2523145,2523145,train_mini/04295_Animalia_Chordata_Aves_Passeriformes_Tyrannidae_Contopus_sordidulus/5b9014b2-e60a-4d22-a2e1-4d716bed3dfc.jpg,Contopus sordidulus,Western Wood-Pewee,Animalia,Tyrannidae,Contopus,500,375
train,204,4295,2601922,2601922,train_mini/04295_Animalia_Chordata_Aves_Passeriformes_Tyrannidae_Contopus_sordidulus/cb598f73-c365-49f5-b5a7-79c6e0b1ce1b.jpg,Contopus sordidulus,Western Wood-Pewee,Animalia,Tyrannidae,Contopus,500,300
train,204,4295,201899,201899,train_mini/04295_Animalia_Chordata_Aves_Passeriformes_Tyrannidae_Contopus_sordidulus/e562854f-44f2-4e82-8107-8758d75ae3ec.jpg,Contopus sordidulus,Western Wood-Pewee,Animalia,Tyrannidae,Contopus,500,428
train,204,4295,830292,830292,train_mini/04295_Animalia_Chordata_Aves_Passeriformes_Tyrannidae_Contopus_sordidulus/2b584d37-0a91-45d5-beef-10f7327d8d64.jpg,Contopus sordidulus,Western Wood-Pewee,Animalia,Tyrannidae,Contopus,500,334
train,205,4302,312421,312421,train_mini/04302_Animalia_Chordata_Aves_Passeriformes_Tyrannidae_Empidonax_hammondii/e986b2d6-ac49-4350-bc23-28cbb7d005fd.jpg,Empidonax hammondii,Hammond's Flycatcher,Animalia,Tyrannidae,Empidonax,500,333
train,205,4302,2300463,2300463,train_mini/04302_Animalia_Chordata_Aves_Passeriformes_Tyrannidae_Empidonax_hammondii/8585b042-c6a3-49ee-9c40-a06db1fea044.jpg,Empidonax hammondii,Hammond's Flycatcher,Animalia,Tyrannidae,Empidonax,500,342
train,205,4302,1264295,1264295,train_mini/04302_Animalia_Chordata_Aves_Passeriformes_Tyrannidae_Empidonax_hammondii/e971d297-50cb-47f9-8c31-475aba0fbb03.jpg,Empidonax hammondii,Hammond's Flycatcher,Animalia,Tyrannidae,Empidonax,375,500
train,205,4302,584240,584240,train_mini/04302_Animalia_Chordata_Aves_Passeriformes_Tyrannidae_Empidonax_hammondii/3655de15-8b46-41ba-b191-1b3da0565a0e.jpg,Empidonax hammondii,Hammond's Flycatcher,Animalia,Tyrannidae,Empidonax,500,331
train,205,4302,334827,334827,train_mini/04302_Animalia_Chordata_Aves_Passeriformes_Tyrannidae_Empidonax_hammondii/c38b0f66-4d8b-427e-9d86-97efeb212b68.jpg,Empidonax hammondii,Hammond's Flycatcher,Animalia,Tyrannidae,Empidonax,500,375
train,205,4302,1426132,1426132,train_mini/04302_Animalia_Chordata_Aves_Passeriformes_Tyrannidae_Empidonax_hammondii/4110e5ad-36df-4b20-a280-576b4e9b48b1.jpg,Empidonax hammondii,Hammond's Flycatcher,Animalia,Tyrannidae,Empidonax,500,366
train,205,4302,72096,72096,train_mini/04302_Animalia_Chordata_Aves_Passeriformes_Tyrannidae_Empidonax_hammondii/4bd04d32-072b-4237-97d6-96b100efae32.jpg,Empidonax hammondii,Hammond's Flycatcher,Animalia,Tyrannidae,Empidonax,500,333
train,205,4302,1745468,1745468,train_mini/04302_Animalia_Chordata_Aves_Passeriformes_Tyrannidae_Empidonax_hammondii/b6b9c83d-a489-485d-a10c-998670813c42.jpg,Empidonax hammondii,Hammond's Flycatcher,Animalia,Tyrannidae,Empidonax,500,398
train,206,4308,2315290,2315290,train_mini/04308_Animalia_Chordata_Aves_Passeriformes_Tyrannidae_Fluvicola_nengeta/4a3d9eaa-fb60-4f12-92a4-da78c9958584.jpg,Fluvicola nengeta,Masked Water-Tyrant,Animalia,Tyrannidae,Fluvicola,500,334
train,206,4308,2425938,2425938,train_mini/04308_Animalia_Chordata_Aves_Passeriformes_Tyrannidae_Fluvicola_nengeta/0fa1a698-4f16-4b61-9b88-84673c7fe64c.jpg,Fluvicola nengeta,Masked Water-Tyrant,Animalia,Tyrannidae,Fluvicola,500,375
train,206,4308,1363818,1363818,train_mini/04308_Animalia_Chordata_Aves_Passeriformes_Tyrannidae_Fluvicola_nengeta/6cc04014-3ec2-4af1-8db7-b2d3892c2cb1.jpg,Fluvicola nengeta,Masked Water-Tyrant,Animalia,Tyrannidae,Fluvicola,333,500
train,206,4308,1884101,1884101,train_mini/04308_Animalia_Chordata_Aves_Passeriformes_Tyrannidae_Fluvicola_nengeta/33f15f74-2231-4bf7-a6bb-67856c4723da.jpg,Fluvicola nengeta,Masked Water-Tyrant,Animalia,Tyrannidae,Fluvicola,375,500
train,206,4308,1324289,1324289,train_mini/04308_Animalia_Chordata_Aves_Passeriformes_Tyrannidae_Fluvicola_nengeta/acf902fe-c165-473b-9d25-51d1a539a33b.jpg,Fluvicola nengeta,Masked Water-Tyrant,Animalia,Tyrannidae,Fluvicola,500,375
train,206,4308,1544040,1544040,train_mini/04308_Animalia_Chordata_Aves_Passeriformes_Tyrannidae_Fluvicola_nengeta/638e4d25-f12d-4873-9cb2-40ca21cf4f57.jpg,Fluvicola nengeta,Masked Water-Tyrant,Animalia,Tyrannidae,Fluvicola,500,303
train,206,4308,2328581,2328581,train_mini/04308_Animalia_Chordata_Aves_Passeriformes_Tyrannidae_Fluvicola_nengeta/daa333db-81b8-4cda-939d-43741ebccc58.jpg,Fluvicola nengeta,Masked Water-Tyrant,Animalia,Tyrannidae,Fluvicola,500,357
train,206,4308,2350113,2350113,train_mini/04308_Animalia_Chordata_Aves_Passeriformes_Tyrannidae_Fluvicola_nengeta/644013d3-02fc-4efd-9cf4-fd2b4bc80052.jpg,Fluvicola nengeta,Masked Water-Tyrant,Animalia,Tyrannidae,Fluvicola,500,375
train,207,4313,1903421,1903421,train_mini/04313_Animalia_Chordata_Aves_Passeriformes_Tyrannidae_Myiarchus_cinerascens/739aae36-8883-4d98-ba5b-d15881a35a78.jpg,Myiarchus cinerascens,Ash-throated Flycatcher,Animalia,Tyrannidae,Myiarchus,333,500
train,207,4313,109117,109117,train_mini/04313_Animalia_Chordata_Aves_Passeriformes_Tyrannidae_Myiarchus_cinerascens/c0c6e424-1eb9-4585-b24f-9ab0e6084633.jpg,Myiarchus cinerascens,Ash-throated Flycatcher,Animalia,Tyrannidae,Myiarchus,500,333
train,207,4313,73618,73618,train_mini/04313_Animalia_Chordata_Aves_Passeriformes_Tyrannidae_Myiarchus_cinerascens/5d40caa6-48e2-4502-a107-3f35c75fbc41.jpg,Myiarchus cinerascens,Ash-throated Flycatcher,Animalia,Tyrannidae,Myiarchus,500,375
train,207,4313,1496360,1496360,train_mini/04313_Animalia_Chordata_Aves_Passeriformes_Tyrannidae_Myiarchus_cinerascens/ff083005-2db1-4c8b-ab38-857c836a9c51.jpg,Myiarchus cinerascens,Ash-throated Flycatcher,Animalia,Tyrannidae,Myiarchus,500,375
train,207,4313,2046153,2046153,train_mini/04313_Animalia_Chordata_Aves_Passeriformes_Tyrannidae_Myiarchus_cinerascens/a06e1b04-0773-482a-8085-dc7dbfd2ee6c.jpg,Myiarchus cinerascens,Ash-throated Flycatcher,Animalia,Tyrannidae,Myiarchus,500,333
train,207,4313,516771,516771,train_mini/04313_Animalia_Chordata_Aves_Passeriformes_Tyrannidae_Myiarchus_cinerascens/1c750801-609b-4258-8dbf-480754b84b92.jpg,Myiarchus cinerascens,Ash-throated Flycatcher,Animalia,Tyrannidae,Myiarchus,500,342
train,207,4313,688108,688108,train_mini/04313_Animalia_Chordata_Aves_Passeriformes_Tyrannidae_Myiarchus_cinerascens/90ffd037-5a63-4c0b-a0e7-63f6e96ee68d.jpg,Myiarchus cinerascens,Ash-throated Flycatcher,Animalia,Tyrannidae,Myiarchus,424,500
train,207,4313,320241,320241,train_mini/04313_Animalia_Chordata_Aves_Passeriformes_Tyrannidae_Myiarchus_cinerascens/ca652ca8-1089-4325-a0f8-b97cb22ea9aa.jpg,Myiarchus cinerascens,Ash-throated Flycatcher,Animalia,Tyrannidae,Myiarchus,500,373
train,208,4350,742722,742722,train_mini/04350_Animalia_Chordata_Aves_Passeriformes_Zosteropidae_Zosterops_japonicus/c14a05cf-302b-4c83-9e8c-606427361049.jpg,Zosterops japonicus,Warbling White-eye,Animalia,Zosteropidae,Zosterops,500,333
train,208,4350,1467476,1467476,train_mini/04350_Animalia_Chordata_Aves_Passeriformes_Zosteropidae_Zosterops_japonicus/ac603acf-3dd5-43c5-9da0-5c9b23925c67.jpg,Zosterops japonicus,Warbling White-eye,Animalia,Zosteropidae,Zosterops,500,375
train,208,4350,341091,341091,train_mini/04350_Animalia_Chordata_Aves_Passeriformes_Zosteropidae_Zosterops_japonicus/3a98a5ee-0919-44ce-9628-16b6688272c1.jpg,Zosterops japonicus,Warbling White-eye,Animalia,Zosteropidae,Zosterops,500,340
train,208,4350,310364,310364,train_mini/04350_Animalia_Chordata_Aves_Passeriformes_Zosteropidae_Zosterops_japonicus/ac5dc032-ecea-4675-a4c6-283f9a107409.jpg,Zosterops japonicus,Warbling White-eye,Animalia,Zosteropidae,Zosterops,500,375
train,208,4350,2650764,2650764,train_mini/04350_Animalia_Chordata_Aves_Passeriformes_Zosteropidae_Zosterops_japonicus/b60b74c7-0cdc-4826-8f7c-d17ae9930e79.jpg,Zosterops japonicus,Warbling White-eye,Animalia,Zosteropidae,Zosterops,500,334
train,208,4350,2218068,2218068,train_mini/04350_Animalia_Chordata_Aves_Passeriformes_Zosteropidae_Zosterops_japonicus/0c83fe40-cd77-4ef0-a20a-f3abccdc5d36.jpg,Zosterops japonicus,Warbling White-eye,Animalia,Zosteropidae,Zosterops,500,334
train,208,4350,2494100,2494100,train_mini/04350_Animalia_Chordata_Aves_Passeriformes_Zosteropidae_Zosterops_japonicus/118d804e-c364-4513-a274-00f9263ea60e.jpg,Zosterops japonicus,Warbling White-eye,Animalia,Zosteropidae,Zosterops,500,353
train,208,4350,958045,958045,train_mini/04350_Animalia_Chordata_Aves_Passeriformes_Zosteropidae_Zosterops_japonicus/6faf4a75-378c-46d9-aa2e-9f5a1c675578.jpg,Zosterops japonicus,Warbling White-eye,Animalia,Zosteropidae,Zosterops,500,334
train,209,4352,1674419,1674419,train_mini/04352_Animalia_Chordata_Aves_Passeriformes_Zosteropidae_Zosterops_palpebrosus/f725bced-1792-4580-b3f5-1040f48ec0ed.jpg,Zosterops palpebrosus,Indian White-eye,Animalia,Zosteropidae,Zosterops,500,375
train,209,4352,2516087,2516087,train_mini/04352_Animalia_Chordata_Aves_Passeriformes_Zosteropidae_Zosterops_palpebrosus/a13a99ca-33cc-46e1-8677-9b6980a5c1bb.jpg,Zosterops palpebrosus,Indian White-eye,Animalia,Zosteropidae,Zosterops,500,375
train,209,4352,88588,88588,train_mini/04352_Animalia_Chordata_Aves_Passeriformes_Zosteropidae_Zosterops_palpebrosus/b0f0bfa3-5756-4708-9893-c3b996208a32.jpg,Zosterops palpebrosus,Indian White-eye,Animalia,Zosteropidae,Zosterops,500,375
train,209,4352,369284,369284,train_mini/04352_Animalia_Chordata_Aves_Passeriformes_Zosteropidae_Zosterops_palpebrosus/98cbf32d-c403-4ccf-bb76-6429b41a1e05.jpg,Zosterops palpebrosus,Indian White-eye,Animalia,Zosteropidae,Zosterops,500,333
train,209,4352,850905,850905,train_mini/04352_Animalia_Chordata_Aves_Passeriformes_Zosteropidae_Zosterops_palpebrosus/64815ba6-779e-4cdd-8811-0e02c0faf6fc.jpg,Zosterops palpebrosus,Indian White-eye,Animalia,Zosteropidae,Zosterops,500,375
train,209,4352,2344970,2344970,train_mini/04352_Animalia_Chordata_Aves_Passeriformes_Zosteropidae_Zosterops_palpebrosus/eec1078d-ed32-4e4b-bd86-98970024a5cb.jpg,Zosterops palpebrosus,Indian White-eye,Animalia,Zosteropidae,Zosterops,500,334
train,209,4352,272528,272528,train_mini/04352_Animalia_Chordata_Aves_Passeriformes_Zosteropidae_Zosterops_palpebrosus/f6b95533-5d62-4212-a39a-b9b657632b00.jpg,Zosterops palpebrosus,Indian White-eye,Animalia,Zosteropidae,Zosterops,500,375
train,209,4352,2413898,2413898,train_mini/04352_Animalia_Chordata_Aves_Passeriformes_Zosteropidae_Zosterops_palpebrosus/92b3190e-1dbc-4248-bc39-b51178efba79.jpg,Zosterops palpebrosus,Indian White-eye,Animalia,Zosteropidae,Zosterops,500,407
train,210,4372,1525194,1525194,train_mini/04372_Animalia_Chordata_Aves_Pelecaniformes_Ardeidae_Cochlearius_cochlearius/3e64ed29-db8f-4b17-95ec-a021030e50e6.jpg,Cochlearius cochlearius,Boat-billed Heron,Animalia,Ardeidae,Cochlearius,500,375
train,210,4372,2259280,2259280,train_mini/04372_Animalia_Chordata_Aves_Pelecaniformes_Ardeidae_Cochlearius_cochlearius/f3eba65e-a399-4a36-8c19-0571b44f9003.jpg,Cochlearius cochlearius,Boat-billed Heron,Animalia,Ardeidae,Cochlearius,500,372
train,210,4372,1331523,1331523,train_mini/04372_Animalia_Chordata_Aves_Pelecaniformes_Ardeidae_Cochlearius_cochlearius/0f42d9f7-578c-4d5d-8bf5-9e05daf25f90.jpg,Cochlearius cochlearius,Boat-billed Heron,Animalia,Ardeidae,Cochlearius,500,375
train,210,4372,2468631,2468631,train_mini/04372_Animalia_Chordata_Aves_Pelecaniformes_Ardeidae_Cochlearius_cochlearius/b4feafe5-8e31-4b61-83c9-c50736cbaeb3.jpg,Cochlearius cochlearius,Boat-billed Heron,Animalia,Ardeidae,Cochlearius,407,500
train,210,4372,2614197,2614197,train_mini/04372_Animalia_Chordata_Aves_Pelecaniformes_Ardeidae_Cochlearius_cochlearius/c41abed2-7156-441d-8605-8e8175bc3f24.jpg,Cochlearius cochlearius,Boat-billed Heron,Animalia,Ardeidae,Cochlearius,375,500
train,210,4372,338432,338432,train_mini/04372_Animalia_Chordata_Aves_Pelecaniformes_Ardeidae_Cochlearius_cochlearius/12d19ec5-3769-42de-b998-8f141b9a1135.jpg,Cochlearius cochlearius,Boat-billed Heron,Animalia,Ardeidae,Cochlearius,500,281
train,210,4372,708972,708972,train_mini/04372_Animalia_Chordata_Aves_Pelecaniformes_Ardeidae_Cochlearius_cochlearius/e006e123-7e18-40a3-bc64-75b5982bf4d8.jpg,Cochlearius cochlearius,Boat-billed Heron,Animalia,Ardeidae,Cochlearius,500,357
train,210,4372,2462716,2462716,train_mini/04372_Animalia_Chordata_Aves_Pelecaniformes_Ardeidae_Cochlearius_cochlearius/4500b5ad-4dd2-4165-bb45-2f7560b23e78.jpg,Cochlearius cochlearius,Boat-billed Heron,Animalia,Ardeidae,Cochlearius,480,500
train,211,4386,697265,697265,train_mini/04386_Animalia_Chordata_Aves_Pelecaniformes_Ardeidae_Nycticorax_nycticorax/6a3dde97-0440-47c2-9c75-8216a8c54ce9.jpg,Nycticorax nycticorax,Black-crowned Night Heron,Animalia,Ardeidae,Nycticorax,495,500
train,211,4386,935151,935151,train_mini/04386_Animalia_Chordata_Aves_Pelecaniformes_Ardeidae_Nycticorax_nycticorax/edddb9cd-9f84-4a50-8c57-2003a9f9205b.jpg,Nycticorax nycticorax,Black-crowned Night Heron,Animalia,Ardeidae,Nycticorax,500,375
train,211,4386,1302477,1302477,train_mini/04386_Animalia_Chordata_Aves_Pelecaniformes_Ardeidae_Nycticorax_nycticorax/8b7842bd-54c8-42e9-9ac3-35d582e426c8.jpg,Nycticorax nycticorax,Black-crowned Night Heron,Animalia,Ardeidae,Nycticorax,500,333
train,211,4386,2059408,2059408,train_mini/04386_Animalia_Chordata_Aves_Pelecaniformes_Ardeidae_Nycticorax_nycticorax/7bcd4613-53b9-4d7d-84a7-e1c246209e91.jpg,Nycticorax nycticorax,Black-crowned Night Heron,Animalia,Ardeidae,Nycticorax,375,500
train,211,4386,93509,93509,train_mini/04386_Animalia_Chordata_Aves_Pelecaniformes_Ardeidae_Nycticorax_nycticorax/5a953ed9-e78e-4d91-8659-7e171b59df16.jpg,Nycticorax nycticorax,Black-crowned Night Heron,Animalia,Ardeidae,Nycticorax,500,287
train,211,4386,1216029,1216029,train_mini/04386_Animalia_Chordata_Aves_Pelecaniformes_Ardeidae_Nycticorax_nycticorax/3952bb43-1e3b-43c5-8be3-40b84f9d97d9.jpg,Nycticorax nycticorax,Black-crowned Night Heron,Animalia,Ardeidae,Nycticorax,500,333
train,211,4386,422560,422560,train_mini/04386_Animalia_Chordata_Aves_Pelecaniformes_Ardeidae_Nycticorax_nycticorax/90b38ec5-79c1-49d8-831f-7d5e801c5a0c.jpg,Nycticorax nycticorax,Black-crowned Night Heron,Animalia,Ardeidae,Nycticorax,500,399
train,211,4386,177031,177031,train_mini/04386_Animalia_Chordata_Aves_Pelecaniformes_Ardeidae_Nycticorax_nycticorax/6319c70b-7496-47f0-9f5a-c998442447c1.jpg,Nycticorax nycticorax,Black-crowned Night Heron,Animalia,Ardeidae,Nycticorax,375,500
train,212,4391,158439,158439,train_mini/04391_Animalia_Chordata_Aves_Pelecaniformes_Pelecanidae_Pelecanus_crispus/e6c03e96-8ab4-4302-833e-498a205f7086.jpg,Pelecanus crispus,Dalmatian Pelican,Animalia,Pelecanidae,Pelecanus,500,258
train,212,4391,1313607,1313607,train_mini/04391_Animalia_Chordata_Aves_Pelecaniformes_Pelecanidae_Pelecanus_crispus/3d4f711c-d106-4200-89d2-8f70481e4a02.jpg,Pelecanus crispus,Dalmatian Pelican,Animalia,Pelecanidae,Pelecanus,500,374
train,212,4391,788404,788404,train_mini/04391_Animalia_Chordata_Aves_Pelecaniformes_Pelecanidae_Pelecanus_crispus/60a7fb97-eb20-4731-a473-0ea2b2ad30c9.jpg,Pelecanus crispus,Dalmatian Pelican,Animalia,Pelecanidae,Pelecanus,481,481
train,212,4391,663264,663264,train_mini/04391_Animalia_Chordata_Aves_Pelecaniformes_Pelecanidae_Pelecanus_crispus/5b64c133-9300-4c20-88d6-42dbfd0ef2ce.jpg,Pelecanus crispus,Dalmatian Pelican,Animalia,Pelecanidae,Pelecanus,500,333
train,212,4391,2443726,2443726,train_mini/04391_Animalia_Chordata_Aves_Pelecaniformes_Pelecanidae_Pelecanus_crispus/e38c5b42-0804-4722-9417-9adfb4c4fdb8.jpg,Pelecanus crispus,Dalmatian Pelican,Animalia,Pelecanidae,Pelecanus,500,333
train,212,4391,2340023,2340023,train_mini/04391_Animalia_Chordata_Aves_Pelecaniformes_Pelecanidae_Pelecanus_crispus/b02bf83b-2888-4739-ab2a-b39749f277e8.jpg,Pelecanus crispus,Dalmatian Pelican,Animalia,Pelecanidae,Pelecanus,390,500
train,212,4391,2179773,2179773,train_mini/04391_Animalia_Chordata_Aves_Pelecaniformes_Pelecanidae_Pelecanus_crispus/0283be34-3e28-4ac2-afe4-d4245642cd8b.jpg,Pelecanus crispus,Dalmatian Pelican,Animalia,Pelecanidae,Pelecanus,500,375
train,212,4391,2523853,2523853,train_mini/04391_Animalia_Chordata_Aves_Pelecaniformes_Pelecanidae_Pelecanus_crispus/8080cd21-ffaa-41ee-b511-c8ef01476ff1.jpg,Pelecanus crispus,Dalmatian Pelican,Animalia,Pelecanidae,Pelecanus,500,291
train,213,4419,2129153,2129153,train_mini/04419_Animalia_Chordata_Aves_Phoenicopteriformes_Phoenicopteridae_Phoenicopterus_ruber/3fe7f849-2022-48eb-a3d1-61ee55166309.jpg,Phoenicopterus ruber,American Flamingo,Animalia,Phoenicopteridae,Phoenicopterus,375,500
train,213,4419,874113,874113,train_mini/04419_Animalia_Chordata_Aves_Phoenicopteriformes_Phoenicopteridae_Phoenicopterus_ruber/4219a905-24fb-4687-b4a6-697f11bb3e89.jpg,Phoenicopterus ruber,American Flamingo,Animalia,Phoenicopteridae,Phoenicopterus,500,375
train,213,4419,580134,580134,train_mini/04419_Animalia_Chordata_Aves_Phoenicopteriformes_Phoenicopteridae_Phoenicopterus_ruber/29b62eca-9348-4e9b-9b7c-1f3e8a5be02c.jpg,Phoenicopterus ruber,American Flamingo,Animalia,Phoenicopteridae,Phoenicopterus,500,375
train,213,4419,314240,314240,train_mini/04419_Animalia_Chordata_Aves_Phoenicopteriformes_Phoenicopteridae_Phoenicopterus_ruber/61095a28-86c1-4acc-ba8c-4e1499cd8e82.jpg,Phoenicopterus ruber,American Flamingo,Animalia,Phoenicopteridae,Phoenicopterus,500,375
train,213,4419,2393011,2393011,train_mini/04419_Animalia_Chordata_Aves_Phoenicopteriformes_Phoenicopteridae_Phoenicopterus_ruber/9b9bbcf7-4f82-4554-b3b6-2ce2774ef8d1.jpg,Phoenicopterus ruber,American Flamingo,Animalia,Phoenicopteridae,Phoenicopterus,500,358
train,213,4419,2181639,2181639,train_mini/04419_Animalia_Chordata_Aves_Phoenicopteriformes_Phoenicopteridae_Phoenicopterus_ruber/1162d36c-e54e-4a3e-ae96-c72283bc480a.jpg,Phoenicopterus ruber,American Flamingo,Animalia,Phoenicopteridae,Phoenicopterus,500,333
train,213,4419,2613404,2613404,train_mini/04419_Animalia_Chordata_Aves_Phoenicopteriformes_Phoenicopteridae_Phoenicopterus_ruber/eaf8abb0-6f25-4fbe-bf1b-53aa99d4f4db.jpg,Phoenicopterus ruber,American Flamingo,Animalia,Phoenicopteridae,Phoenicopterus,500,375
train,213,4419,17395,17395,train_mini/04419_Animalia_Chordata_Aves_Phoenicopteriformes_Phoenicopteridae_Phoenicopterus_ruber/3499a1c8-fe08-4a62-8bf3-b892c37715f0.jpg,Phoenicopterus ruber,American Flamingo,Animalia,Phoenicopteridae,Phoenicopterus,500,333
train,214,4442,1267054,1267054,train_mini/04442_Animalia_Chordata_Aves_Piciformes_Picidae_Dryobates_pubescens/8ce50319-f287-4245-b60e-2aac9e0ab8ee.jpg,Dryobates pubescens,Downy Woodpecker,Animalia,Picidae,Dryobates,500,333
train,214,4442,2437781,2437781,train_mini/04442_Animalia_Chordata_Aves_Piciformes_Picidae_Dryobates_pubescens/65585510-8ef0-41d6-9483-6a093cb4ad13.jpg,Dryobates pubescens,Downy Woodpecker,Animalia,Picidae,Dryobates,500,333
train,214,4442,426297,426297,train_mini/04442_Animalia_Chordata_Aves_Piciformes_Picidae_Dryobates_pubescens/2266741e-14e8-4699-b573-3f487eaaa0d7.jpg,Dryobates pubescens,Downy Woodpecker,Animalia,Picidae,Dryobates,333,500
train,214,4442,2643606,2643606,train_mini/04442_Animalia_Chordata_Aves_Piciformes_Picidae_Dryobates_pubescens/ca5d5687-a1f5-4705-9921-a10be0e14259.jpg,Dryobates pubescens,Downy Woodpecker,Animalia,Picidae,Dryobates,383,500
train,214,4442,294890,294890,train_mini/04442_Animalia_Chordata_Aves_Piciformes_Picidae_Dryobates_pubescens/c28cdfa9-cb90-42e6-9306-9264227cb263.jpg,Dryobates pubescens,Downy Woodpecker,Animalia,Picidae,Dryobates,500,375
train,214,4442,450150,450150,train_mini/04442_Animalia_Chordata_Aves_Piciformes_Picidae_Dryobates_pubescens/e551634e-dc5c-4a20-9c12-85780070a6d2.jpg,Dryobates pubescens,Downy Woodpecker,Animalia,Picidae,Dryobates,500,375
train,214,4442,497450,497450,train_mini/04442_Animalia_Chordata_Aves_Piciformes_Picidae_Dryobates_pubescens/012aef83-8522-42a7-bb5d-b6af7849393b.jpg,Dryobates pubescens,Downy Woodpecker,Animalia,Picidae,Dryobates,500,375
train,214,4442,695582,695582,train_mini/04442_Animalia_Chordata_Aves_Piciformes_Picidae_Dryobates_pubescens/8d50d5ba-523a-4b87-931c-ad11b735c6a7.jpg,Dryobates pubescens,Downy Woodpecker,Animalia,Picidae,Dryobates,281,500
train,215,4553,710587,710587,train_mini/04553_Animalia_Chordata_Aves_Strigiformes_Strigidae_Megascops_asio/d6ed2219-afbe-4379-a7fa-069fa4e78530.jpg,Megascops asio,Eastern Screech-Owl,Animalia,Strigidae,Megascops,375,500
train,215,4553,662198,662198,train_mini/04553_Animalia_Chordata_Aves_Strigiformes_Strigidae_Megascops_asio/e216017e-9a26-4931-b8f9-2c7e01486190.jpg,Megascops asio,Eastern Screech-Owl,Animalia,Strigidae,Megascops,375,500
train,215,4553,2445855,2445855,train_mini/04553_Animalia_Chordata_Aves_Strigiformes_Strigidae_Megascops_asio/c1231a2c-3d68-4813-8744-0292114db579.jpg,Megascops asio,Eastern Screech-Owl,Animalia,Strigidae,Megascops,500,334
train,215,4553,745489,745489,train_mini/04553_Animalia_Chordata_Aves_Strigiformes_Strigidae_Megascops_asio/1ab35a95-01f8-48b4-9ace-66e2e3ccc787.jpg,Megascops asio,Eastern Screech-Owl,Animalia,Strigidae,Megascops,500,333
train,215,4553,1245117,1245117,train_mini/04553_Animalia_Chordata_Aves_Strigiformes_Strigidae_Megascops_asio/e6dfc51c-ec7d-4c8d-9e1a-5472efafe025.jpg,Megascops asio,Eastern Screech-Owl,Animalia,Strigidae,Megascops,500,375
train,215,4553,1031140,1031140,train_mini/04553_Animalia_Chordata_Aves_Strigiformes_Strigidae_Megascops_asio/0fdf5aa7-86f0-47fa-a0d7-cc56ebf1a6f5.jpg,Megascops asio,Eastern Screech-Owl,Animalia,Strigidae,Megascops,350,350
train,215,4553,2513466,2513466,train_mini/04553_Animalia_Chordata_Aves_Strigiformes_Strigidae_Megascops_asio/2ea6a270-8c0e-4195-8807-02d2625503e9.jpg,Megascops asio,Eastern Screech-Owl,Animalia,Strigidae,Megascops,500,375
train,215,4553,2168899,2168899,train_mini/04553_Animalia_Chordata_Aves_Strigiformes_Strigidae_Megascops_asio/1f93b9da-61f0-45eb-b903-ddef6e2b1322.jpg,Megascops asio,Eastern Screech-Owl,Animalia,Strigidae,Megascops,375,500
train,216,4578,2302403,2302403,train_mini/04578_Animalia_Chordata_Aves_Suliformes_Phalacrocoracidae_Phalacrocorax_pelagicus/bf217aa8-10e0-4232-b7cf-ef5b666fe618.jpg,Phalacrocorax pelagicus,Pelagic Cormorant,Animalia,Phalacrocoracidae,Phalacrocorax,500,449
train,216,4578,1396498,1396498,train_mini/04578_Animalia_Chordata_Aves_Suliformes_Phalacrocoracidae_Phalacrocorax_pelagicus/eede2176-d092-4180-8be5-4c48bec4561a.jpg,Phalacrocorax pelagicus,Pelagic Cormorant,Animalia,Phalacrocoracidae,Phalacrocorax,500,281
train,216,4578,9515,9515,train_mini/04578_Animalia_Chordata_Aves_Suliformes_Phalacrocoracidae_Phalacrocorax_pelagicus/cd986507-4fcd-479c-aba1-e1b0764324db.jpg,Phalacrocorax pelagicus,Pelagic Cormorant,Animalia,Phalacrocoracidae,Phalacrocorax,500,333
train,216,4578,1715181,1715181,train_mini/04578_Animalia_Chordata_Aves_Suliformes_Phalacrocoracidae_Phalacrocorax_pelagicus/c35d5ebb-1cc9-4357-aeac-c6df1f61f906.jpg,Phalacrocorax pelagicus,Pelagic Cormorant,Animalia,Phalacrocoracidae,Phalacrocorax,500,375
train,216,4578,149256,149256,train_mini/04578_Animalia_Chordata_Aves_Suliformes_Phalacrocoracidae_Phalacrocorax_pelagicus/063e2c31-afb3-43e5-b19b-6a9969e78a63.jpg,Phalacrocorax pelagicus,Pelagic Cormorant,Animalia,Phalacrocoracidae,Phalacrocorax,500,457
train,216,4578,211840,211840,train_mini/04578_Animalia_Chordata_Aves_Suliformes_Phalacrocoracidae_Phalacrocorax_pelagicus/0055fb1e-4336-4cfe-b53a-d415e4316fa2.jpg,Phalacrocorax pelagicus,Pelagic Cormorant,Animalia,Phalacrocoracidae,Phalacrocorax,480,500
train,216,4578,1289955,1289955,train_mini/04578_Animalia_Chordata_Aves_Suliformes_Phalacrocoracidae_Phalacrocorax_pelagicus/0a061a39-b5cb-4451-8788-1248227c76c7.jpg,Phalacrocorax pelagicus,Pelagic Cormorant,Animalia,Phalacrocoracidae,Phalacrocorax,500,282
train,216,4578,304113,304113,train_mini/04578_Animalia_Chordata_Aves_Suliformes_Phalacrocoracidae_Phalacrocorax_pelagicus/1880f1dd-d50b-415e-b225-4530224152b9.jpg,Phalacrocorax pelagicus,Pelagic Cormorant,Animalia,Phalacrocoracidae,Phalacrocorax,500,333
train,217,4579,310075,310075,train_mini/04579_Animalia_Chordata_Aves_Suliformes_Phalacrocoracidae_Phalacrocorax_penicillatus/d37da756-0566-496b-8e7f-f611ec676dbe.jpg,Phalacrocorax penicillatus,Brandt's Cormorant,Animalia,Phalacrocoracidae,Phalacrocorax,481,500
train,217,4579,1790338,1790338,train_mini/04579_Animalia_Chordata_Aves_Suliformes_Phalacrocoracidae_Phalacrocorax_penicillatus/b027f90c-6510-4380-bcef-d74b655b85d4.jpg,Phalacrocorax penicillatus,Brandt's Cormorant,Animalia,Phalacrocoracidae,Phalacrocorax,500,400
train,217,4579,352209,352209,train_mini/04579_Animalia_Chordata_Aves_Suliformes_Phalacrocoracidae_Phalacrocorax_penicillatus/964e9cda-29d5-4b49-98ea-907350aa8d2b.jpg,Phalacrocorax penicillatus,Brandt's Cormorant,Animalia,Phalacrocoracidae,Phalacrocorax,500,375
train,217,4579,1802223,1802223,train_mini/04579_Animalia_Chordata_Aves_Suliformes_Phalacrocoracidae_Phalacrocorax_penicillatus/c7236029-0412-4eaf-9d94-8db28a69f164.jpg,Phalacrocorax penicillatus,Brandt's Cormorant,Animalia,Phalacrocoracidae,Phalacrocorax,500,375
train,217,4579,2309968,2309968,train_mini/04579_Animalia_Chordata_Aves_Suliformes_Phalacrocoracidae_Phalacrocorax_penicillatus/37ae4dde-f1a6-478a-8f23-8a0be1a35d56.jpg,Phalacrocorax penicillatus,Brandt's Cormorant,Animalia,Phalacrocoracidae,Phalacrocorax,309,500
train,217,4579,2327611,2327611,train_mini/04579_Animalia_Chordata_Aves_Suliformes_Phalacrocoracidae_Phalacrocorax_penicillatus/61e82de5-b3a3-4e8c-92a4-2af0271344e2.jpg,Phalacrocorax penicillatus,Brandt's Cormorant,Animalia,Phalacrocoracidae,Phalacrocorax,500,333
train,217,4579,2636324,2636324,train_mini/04579_Animalia_Chordata_Aves_Suliformes_Phalacrocoracidae_Phalacrocorax_penicillatus/4c2e4293-34f9-42d6-9df4-601c64e922c2.jpg,Phalacrocorax penicillatus,Brandt's Cormorant,Animalia,Phalacrocoracidae,Phalacrocorax,500,371
train,217,4579,424797,424797,train_mini/04579_Animalia_Chordata_Aves_Suliformes_Phalacrocoracidae_Phalacrocorax_penicillatus/9b688245-07e5-4290-b17f-fed20406964b.jpg,Phalacrocorax penicillatus,Brandt's Cormorant,Animalia,Phalacrocoracidae,Phalacrocorax,500,459
train,218,4596,1357745,1357745,train_mini/04596_Animalia_Chordata_Aves_Trogoniformes_Trogonidae_Trogon_rufus/8f8dab25-035d-4e61-9137-e4c75837cf14.jpg,Trogon rufus,Black-throated Trogon,Animalia,Trogonidae,Trogon,388,500
train,218,4596,1099056,1099056,train_mini/04596_Animalia_Chordata_Aves_Trogoniformes_Trogonidae_Trogon_rufus/a605176a-c549-4528-91d3-8696ea2a1ad5.jpg,Trogon rufus,Black-throated Trogon,Animalia,Trogonidae,Trogon,500,375
train,218,4596,1394819,1394819,train_mini/04596_Animalia_Chordata_Aves_Trogoniformes_Trogonidae_Trogon_rufus/9b965b0e-239a-4073-81d7-859c9ab72e1e.jpg,Trogon rufus,Black-throated Trogon,Animalia,Trogonidae,Trogon,500,375
train,218,4596,1766873,1766873,train_mini/04596_Animalia_Chordata_Aves_Trogoniformes_Trogonidae_Trogon_rufus/5bb5a5a8-329e-4e5d-85c3-b5f7f52b03f2.jpg,Trogon rufus,Black-throated Trogon,Animalia,Trogonidae,Trogon,500,333
train,218,4596,1378588,1378588,train_mini/04596_Animalia_Chordata_Aves_Trogoniformes_Trogonidae_Trogon_rufus/be15f6c4-d4a7-4ef4-b4d4-25cb022785be.jpg,Trogon rufus,Black-throated Trogon,Animalia,Trogonidae,Trogon,500,375
train,218,4596,2407585,2407585,train_mini/04596_Animalia_Chordata_Aves_Trogoniformes_Trogonidae_Trogon_rufus/03398c26-6298-4990-a247-6d61d556b25e.jpg,Trogon rufus,Black-throated Trogon,Animalia,Trogonidae,Trogon,500,333
train,218,4596,2677219,2677219,train_mini/04596_Animalia_Chordata_Aves_Trogoniformes_Trogonidae_Trogon_rufus/2a857f28-c73d-45e7-8fe0-56011c7de769.jpg,Trogon rufus,Black-throated Trogon,Animalia,Trogonidae,Trogon,500,375
train,218,4596,19856,19856,train_mini/04596_Animalia_Chordata_Aves_Trogoniformes_Trogonidae_Trogon_rufus/086e8b9e-9e15-4841-a45d-ca5ff1331a4a.jpg,Trogon rufus,Black-throated Trogon,Animalia,Trogonidae,Trogon,471,500
train,219,4609,77386,77386,train_mini/04609_Animalia_Chordata_Elasmobranchii_Orectolobiformes_Ginglymostomatidae_Ginglymostoma_cirratum/3af10dba-f362-451c-bb5d-c6fbff943777.jpg,Ginglymostoma cirratum,Nurse Shark,Animalia,Ginglymostomatidae,Ginglymostoma,500,500
train,219,4609,1347450,1347450,train_mini/04609_Animalia_Chordata_Elasmobranchii_Orectolobiformes_Ginglymostomatidae_Ginglymostoma_cirratum/fd9f8803-900f-4a8d-a0b2-1caf8d2da60e.jpg,Ginglymostoma cirratum,Nurse Shark,Animalia,Ginglymostomatidae,Ginglymostoma,500,334
train,219,4609,2442895,2442895,train_mini/04609_Animalia_Chordata_Elasmobranchii_Orectolobiformes_Ginglymostomatidae_Ginglymostoma_cirratum/881bfe9c-9b5c-4aeb-8bba-3a60adb78137.jpg,Ginglymostoma cirratum,Nurse Shark,Animalia,Ginglymostomatidae,Ginglymostoma,500,281
train,219,4609,2024107,2024107,train_mini/04609_Animalia_Chordata_Elasmobranchii_Orectolobiformes_Ginglymostomatidae_Ginglymostoma_cirratum/86c5d092-668c-4cd1-9604-036a0c370be1.jpg,Ginglymostoma cirratum,Nurse Shark,Animalia,Ginglymostomatidae,Ginglymostoma,500,375
train,219,4609,323643,323643,train_mini/04609_Animalia_Chordata_Elasmobranchii_Orectolobiformes_Ginglymostomatidae_Ginglymostoma_cirratum/bf93cf11-ac52-4aef-8c55-c077e79c8990.jpg,Ginglymostoma cirratum,Nurse Shark,Animalia,Ginglymostomatidae,Ginglymostoma,500,375
train,219,4609,1703250,1703250,train_mini/04609_Animalia_Chordata_Elasmobranchii_Orectolobiformes_Ginglymostomatidae_Ginglymostoma_cirratum/888a89eb-f43d-4523-bd80-503ed1bb43e5.jpg,Ginglymostoma cirratum,Nurse Shark,Animalia,Ginglymostomatidae,Ginglymostoma,375,500
train,219,4609,2161249,2161249,train_mini/04609_Animalia_Chordata_Elasmobranchii_Orectolobiformes_Ginglymostomatidae_Ginglymostoma_cirratum/3ff1657a-9996-42cf-8d1d-09e3d69a2ff8.jpg,Ginglymostoma cirratum,Nurse Shark,Animalia,Ginglymostomatidae,Ginglymostoma,500,281
train,219,4609,2513767,2513767,train_mini/04609_Animalia_Chordata_Elasmobranchii_Orectolobiformes_Ginglymostomatidae_Ginglymostoma_cirratum/e86caa5b-0b01-487d-9e3a-2b973e8c3320.jpg,Ginglymostoma cirratum,Nurse Shark,Animalia,Ginglymostomatidae,Ginglymostoma,500,268
train,220,4632,2631934,2631934,train_mini/04632_Animalia_Chordata_Mammalia_Artiodactyla_Bovidae_Oreotragus_oreotragus/a8900c88-a8a8-4569-a987-dc3d93651195.jpg,Oreotragus oreotragus,Klipspringer,Animalia,Bovidae,Oreotragus,500,333
train,220,4632,661792,661792,train_mini/04632_Animalia_Chordata_Mammalia_Artiodactyla_Bovidae_Oreotragus_oreotragus/5aa8eaac-be05-4337-8190-cf11b7e978c6.jpg,Oreotragus oreotragus,Klipspringer,Animalia,Bovidae,Oreotragus,500,364
train,220,4632,32791,32791,train_mini/04632_Animalia_Chordata_Mammalia_Artiodactyla_Bovidae_Oreotragus_oreotragus/deae6b65-89da-44e3-80dd-028c5d775410.jpg,Oreotragus oreotragus,Klipspringer,Animalia,Bovidae,Oreotragus,420,500
train,220,4632,1603213,1603213,train_mini/04632_Animalia_Chordata_Mammalia_Artiodactyla_Bovidae_Oreotragus_oreotragus/037af06a-641d-4ef4-adcd-fb41a4ca5ce1.jpg,Oreotragus oreotragus,Klipspringer,Animalia,Bovidae,Oreotragus,500,281
train,220,4632,419224,419224,train_mini/04632_Animalia_Chordata_Mammalia_Artiodactyla_Bovidae_Oreotragus_oreotragus/3850e2ec-53ff-4f63-95af-7d2601eb2da2.jpg,Oreotragus oreotragus,Klipspringer,Animalia,Bovidae,Oreotragus,500,375
train,220,4632,1689371,1689371,train_mini/04632_Animalia_Chordata_Mammalia_Artiodactyla_Bovidae_Oreotragus_oreotragus/b4700c31-aa8c-4ae7-8400-7ea82c0c85cd.jpg,Oreotragus oreotragus,Klipspringer,Animalia,Bovidae,Oreotragus,500,375
train,220,4632,35696,35696,train_mini/04632_Animalia_Chordata_Mammalia_Artiodactyla_Bovidae_Oreotragus_oreotragus/ddb84d42-7528-4b15-be32-ced148eba3a7.jpg,Oreotragus oreotragus,Klipspringer,Animalia,Bovidae,Oreotragus,333,500
train,220,4632,290521,290521,train_mini/04632_Animalia_Chordata_Mammalia_Artiodactyla_Bovidae_Oreotragus_oreotragus/cfb72071-5e58-41d9-b638-026cfac90396.jpg,Oreotragus oreotragus,Klipspringer,Animalia,Bovidae,Oreotragus,500,333
train,221,4641,2561536,2561536,train_mini/04641_Animalia_Chordata_Mammalia_Artiodactyla_Bovidae_Tragelaphus_oryx/52029e91-21ad-42b7-a1ca-6581eabbc2fb.jpg,Tragelaphus oryx,Eland,Animalia,Bovidae,Tragelaphus,500,345
train,221,4641,2576787,2576787,train_mini/04641_Animalia_Chordata_Mammalia_Artiodactyla_Bovidae_Tragelaphus_oryx/5ef6eaeb-57ac-43e3-8bd2-fdcbc13cee2b.jpg,Tragelaphus oryx,Eland,Animalia,Bovidae,Tragelaphus,500,375
train,221,4641,2175296,2175296,train_mini/04641_Animalia_Chordata_Mammalia_Artiodactyla_Bovidae_Tragelaphus_oryx/68243c69-56c4-4957-ac15-b62c4dcf26d5.jpg,Tragelaphus oryx,Eland,Animalia,Bovidae,Tragelaphus,500,333
train,221,4641,890689,890689,train_mini/04641_Animalia_Chordata_Mammalia_Artiodactyla_Bovidae_Tragelaphus_oryx/7c7b77e7-09e9-4477-8567-dc18ead3f60b.jpg,Tragelaphus oryx,Eland,Animalia,Bovidae,Tragelaphus,500,333
train,221,4641,2398660,2398660,train_mini/04641_Animalia_Chordata_Mammalia_Artiodactyla_Bovidae_Tragelaphus_oryx/dffb4bd2-7fe2-43ff-bfa4-73a85926dafb.jpg,Tragelaphus oryx,Eland,Animalia,Bovidae,Tragelaphus,500,333
train,221,4641,2644852,2644852,train_mini/04641_Animalia_Chordata_Mammalia_Artiodactyla_Bovidae_Tragelaphus_oryx/2daf72a3-98d8-45ce-bf7f-3d7d35c0777b.jpg,Tragelaphus oryx,Eland,Animalia,Bovidae,Tragelaphus,500,259
train,221,4641,310771,310771,train_mini/04641_Animalia_Chordata_Mammalia_Artiodactyla_Bovidae_Tragelaphus_oryx/448607b4-6e98-4633-8c2a-3cbadc92cf71.jpg,Tragelaphus oryx,Eland,Animalia,Bovidae,Tragelaphus,500,333
train,221,4641,2449559,2449559,train_mini/04641_Animalia_Chordata_Mammalia_Artiodactyla_Bovidae_Tragelaphus_oryx/e8d30ddb-5251-4db8-bfe5-a8d9772034a0.jpg,Tragelaphus oryx,Eland,Animalia,Bovidae,Tragelaphus,496,500
train,222,4654,2130294,2130294,train_mini/04654_Animalia_Chordata_Mammalia_Artiodactyla_Cervidae_Odocoileus_virginianus/b89111a4-a07c-4ff8-ae7e-c9b2fa1b2e1b.jpg,Odocoileus virginianus,White-tailed Deer,Animalia,Cervidae,Odocoileus,500,375
train,222,4654,272387,272387,train_mini/04654_Animalia_Chordata_Mammalia_Artiodactyla_Cervidae_Odocoileus_virginianus/bac9793b-7a12-42dc-834f-fb0989385be5.jpg,Odocoileus virginianus,White-tailed Deer,Animalia,Cervidae,Odocoileus,500,375
train,222,4654,1465902,1465902,train_mini/04654_Animalia_Chordata_Mammalia_Artiodactyla_Cervidae_Odocoileus_virginianus/886c9342-d16f-4a0b-832c-b61efd5ff440.jpg,Odocoileus virginianus,White-tailed Deer,Animalia,Cervidae,Odocoileus,243,500
train,222,4654,139377,139377,train_mini/04654_Animalia_Chordata_Mammalia_Artiodactyla_Cervidae_Odocoileus_virginianus/114ac104-37dd-46d0-abbd-8e51e4ebe169.jpg,Odocoileus virginianus,White-tailed Deer,Animalia,Cervidae,Odocoileus,500,281
train,222,4654,2500698,2500698,train_mini/04654_Animalia_Chordata_Mammalia_Artiodactyla_Cervidae_Odocoileus_virginianus/01aaa492-9ce8-48d6-9aca-3edbb8ebbc6f.jpg,Odocoileus virginianus,White-tailed Deer,Animalia,Cervidae,Odocoileus,500,192
train,222,4654,1391507,1391507,train_mini/04654_Animalia_Chordata_Mammalia_Artiodactyla_Cervidae_Odocoileus_virginianus/9afdb9a7-2cf7-4bab-8423-0c99aa948562.jpg,Odocoileus virginianus,White-tailed Deer,Animalia,Cervidae,Odocoileus,500,375
train,222,4654,2172117,2172117,train_mini/04654_Animalia_Chordata_Mammalia_Artiodactyla_Cervidae_Odocoileus_virginianus/f3abb4ad-ae9a-410e-87be-d948f3202a17.jpg,Odocoileus virginianus,White-tailed Deer,Animalia,Cervidae,Odocoileus,375,500
train,222,4654,1372022,1372022,train_mini/04654_Animalia_Chordata_Mammalia_Artiodactyla_Cervidae_Odocoileus_virginianus/30d3289c-95fd-4b46-b275-002d0efde58d.jpg,Odocoileus virginianus,White-tailed Deer,Animalia,Cervidae,Odocoileus,500,375
train,223,4671,361045,361045,train_mini/04671_Animalia_Chordata_Mammalia_Carnivora_Canidae_Canis_lupus/b7bee318-b6b8-4500-962f-afe94661d952.jpg,Canis lupus,Gray Wolf,Animalia,Canidae,Canis,375,500
train,223,4671,1417343,1417343,train_mini/04671_Animalia_Chordata_Mammalia_Carnivora_Canidae_Canis_lupus/16288d98-3d8c-4783-9c16-650feac2c086.jpg,Canis lupus,Gray Wolf,Animalia,Canidae,Canis,500,375
train,223,4671,360376,360376,train_mini/04671_Animalia_Chordata_Mammalia_Carnivora_Canidae_Canis_lupus/9bb8a3f1-9eb1-4f81-ba4b-8bc34b37fa51.jpg,Canis lupus,Gray Wolf,Animalia,Canidae,Canis,500,281
train,223,4671,483690,483690,train_mini/04671_Animalia_Chordata_Mammalia_Carnivora_Canidae_Canis_lupus/057edb14-cb94-45ee-987d-5c45860fad41.jpg,Canis lupus,Gray Wolf,Animalia,Canidae,Canis,375,500
train,223,4671,244582,244582,train_mini/04671_Animalia_Chordata_Mammalia_Carnivora_Canidae_Canis_lupus/080a8dd7-960a-42df-b15f-8ee1921c7e01.jpg,Canis lupus,Gray Wolf,Animalia,Canidae,Canis,500,375
train,223,4671,2485773,2485773,train_mini/04671_Animalia_Chordata_Mammalia_Carnivora_Canidae_Canis_lupus/3972e02d-2198-4da5-a53d-b9860713307e.jpg,Canis lupus,Gray Wolf,Animalia,Canidae,Canis,500,375
train,223,4671,2415381,2415381,train_mini/04671_Animalia_Chordata_Mammalia_Carnivora_Canidae_Canis_lupus/e31e343c-d2ee-43d5-b5e6-f9deeb097fd6.jpg,Canis lupus,Gray Wolf,Animalia,Canidae,Canis,329,500
train,223,4671,1561684,1561684,train_mini/04671_Animalia_Chordata_Mammalia_Carnivora_Canidae_Canis_lupus/b25b9abe-928e-4e0b-9272-efc51804b5fe.jpg,Canis lupus,Gray Wolf,Animalia,Canidae,Canis,281,500
train,224,4673,2124244,2124244,train_mini/04673_Animalia_Chordata_Mammalia_Carnivora_Canidae_Lycalopex_culpaeus/fe323425-1de2-4cbe-9689-5a573cfee8fa.jpg,Lycalopex culpaeus,Culpeo,Animalia,Canidae,Lycalopex,375,500
train,224,4673,29986,29986,train_mini/04673_Animalia_Chordata_Mammalia_Carnivora_Canidae_Lycalopex_culpaeus/1e379b14-01ac-433e-9f76-4bdd73124214.jpg,Lycalopex culpaeus,Culpeo,Animalia,Canidae,Lycalopex,500,375
train,224,4673,1417206,1417206,train_mini/04673_Animalia_Chordata_Mammalia_Carnivora_Canidae_Lycalopex_culpaeus/707a2cf0-1405-4cdf-9761-820dfc96cc00.jpg,Lycalopex culpaeus,Culpeo,Animalia,Canidae,Lycalopex,500,281
train,224,4673,644369,644369,train_mini/04673_Animalia_Chordata_Mammalia_Carnivora_Canidae_Lycalopex_culpaeus/4850e697-9949-49cc-9d87-47dd6a2c61fa.jpg,Lycalopex culpaeus,Culpeo,Animalia,Canidae,Lycalopex,500,333
train,224,4673,2632615,2632615,train_mini/04673_Animalia_Chordata_Mammalia_Carnivora_Canidae_Lycalopex_culpaeus/87b60826-52ee-4b6c-bee2-c83af3cae66f.jpg,Lycalopex culpaeus,Culpeo,Animalia,Canidae,Lycalopex,500,281
train,224,4673,2681750,2681750,train_mini/04673_Animalia_Chordata_Mammalia_Carnivora_Canidae_Lycalopex_culpaeus/7cc827c8-01ac-4532-b378-bac23d1c37eb.jpg,Lycalopex culpaeus,Culpeo,Animalia,Canidae,Lycalopex,500,375
train,224,4673,1644154,1644154,train_mini/04673_Animalia_Chordata_Mammalia_Carnivora_Canidae_Lycalopex_culpaeus/fb9314aa-e32d-4601-890f-9e34ce556d07.jpg,Lycalopex culpaeus,Culpeo,Animalia,Canidae,Lycalopex,500,281
train,224,4673,1717504,1717504,train_mini/04673_Animalia_Chordata_Mammalia_Carnivora_Canidae_Lycalopex_culpaeus/c1ede224-17c2-42c3-ac98-7adc7b3b8578.jpg,Lycalopex culpaeus,Culpeo,Animalia,Canidae,Lycalopex,500,375
train,225,4680,1357518,1357518,train_mini/04680_Animalia_Chordata_Mammalia_Carnivora_Felidae_Lynx_canadensis/3094f281-91ac-4166-9e0e-6d44f335f470.jpg,Lynx canadensis,Canada Lynx,Animalia,Felidae,Lynx,375,500
train,225,4680,635885,635885,train_mini/04680_Animalia_Chordata_Mammalia_Carnivora_Felidae_Lynx_canadensis/1cb78028-06cc-4bcf-91ab-ca8be3726df0.jpg,Lynx canadensis,Canada Lynx,Animalia,Felidae,Lynx,281,500
train,225,4680,311321,311321,train_mini/04680_Animalia_Chordata_Mammalia_Carnivora_Felidae_Lynx_canadensis/3bc1dfa4-ef9d-4417-b7d9-49971b17fe8e.jpg,Lynx canadensis,Canada Lynx,Animalia,Felidae,Lynx,500,375
train,225,4680,552074,552074,train_mini/04680_Animalia_Chordata_Mammalia_Carnivora_Felidae_Lynx_canadensis/5e9e4db6-8c6f-4f9e-84a7-7e623dd76e1b.jpg,Lynx canadensis,Canada Lynx,Animalia,Felidae,Lynx,500,375
train,225,4680,564345,564345,train_mini/04680_Animalia_Chordata_Mammalia_Carnivora_Felidae_Lynx_canadensis/a9d09214-bc91-4d5f-be20-b0eba5e0afd1.jpg,Lynx canadensis,Canada Lynx,Animalia,Felidae,Lynx,500,375
train,225,4680,2102078,2102078,train_mini/04680_Animalia_Chordata_Mammalia_Carnivora_Felidae_Lynx_canadensis/85d50c95-087f-453c-b0ef-95713414720f.jpg,Lynx canadensis,Canada Lynx,Animalia,Felidae,Lynx,461,500
train,225,4680,665297,665297,train_mini/04680_Animalia_Chordata_Mammalia_Carnivora_Felidae_Lynx_canadensis/6199152c-c55c-4821-8a82-c0b18a1abd21.jpg,Lynx canadensis,Canada Lynx,Animalia,Felidae,Lynx,281,500
train,225,4680,2515227,2515227,train_mini/04680_Animalia_Chordata_Mammalia_Carnivora_Felidae_Lynx_canadensis/41fe4bfd-84fd-4a7d-a044-eca270436514.jpg,Lynx canadensis,Canada Lynx,Animalia,Felidae,Lynx,500,374
train,226,4690,2635855,2635855,train_mini/04690_Animalia_Chordata_Mammalia_Carnivora_Mephitidae_Mephitis_macroura/c046007e-791e-4cd9-8b87-1d3af5247795.jpg,Mephitis macroura,Hooded Skunk,Animalia,Mephitidae,Mephitis,500,326
train,226,4690,992850,992850,train_mini/04690_Animalia_Chordata_Mammalia_Carnivora_Mephitidae_Mephitis_macroura/21988516-aa55-4c37-b82e-afa127233ce8.jpg,Mephitis macroura,Hooded Skunk,Animalia,Mephitidae,Mephitis,500,375
train,226,4690,1001778,1001778,train_mini/04690_Animalia_Chordata_Mammalia_Carnivora_Mephitidae_Mephitis_macroura/9048d865-cb83-48ba-826c-6be3f20c65a6.jpg,Mephitis macroura,Hooded Skunk,Animalia,Mephitidae,Mephitis,500,375
train,226,4690,987333,987333,train_mini/04690_Animalia_Chordata_Mammalia_Carnivora_Mephitidae_Mephitis_macroura/a997ac5a-38f7-4296-b038-31ac7b0c6901.jpg,Mephitis macroura,Hooded Skunk,Animalia,Mephitidae,Mephitis,500,385
train,226,4690,325484,325484,train_mini/04690_Animalia_Chordata_Mammalia_Carnivora_Mephitidae_Mephitis_macroura/5f85632c-0e11-47aa-a537-79a760bcddc9.jpg,Mephitis macroura,Hooded Skunk,Animalia,Mephitidae,Mephitis,500,375
train,226,4690,546951,546951,train_mini/04690_Animalia_Chordata_Mammalia_Carnivora_Mephitidae_Mephitis_macroura/12ce954e-d6c2-480f-805e-fbb65afdf602.jpg,Mephitis macroura,Hooded Skunk,Animalia,Mephitidae,Mephitis,500,375
train,226,4690,1879628,1879628,train_mini/04690_Animalia_Chordata_Mammalia_Carnivora_Mephitidae_Mephitis_macroura/cf7b68e6-f9fb-4b71-9044-f5a6189b7e24.jpg,Mephitis macroura,Hooded Skunk,Animalia,Mephitidae,Mephitis,500,282
train,226,4690,1035340,1035340,train_mini/04690_Animalia_Chordata_Mammalia_Carnivora_Mephitidae_Mephitis_macroura/f3768bcf-42e3-44a9-a90f-8785a2960797.jpg,Mephitis macroura,Hooded Skunk,Animalia,Mephitidae,Mephitis,500,500
train,227,4708,641760,641760,train_mini/04708_Animalia_Chordata_Mammalia_Carnivora_Otariidae_Phocarctos_hookeri/3fcb033e-1da9-468b-9b62-fea1883c5856.jpg,Phocarctos hookeri,New Zealand Sea Lion,Animalia,Otariidae,Phocarctos,414,500
train,227,4708,409614,409614,train_mini/04708_Animalia_Chordata_Mammalia_Carnivora_Otariidae_Phocarctos_hookeri/1f648dda-c2bd-4ee1-9ba5-25669e792721.jpg,Phocarctos hookeri,New Zealand Sea Lion,Animalia,Otariidae,Phocarctos,500,331
train,227,4708,2224570,2224570,train_mini/04708_Animalia_Chordata_Mammalia_Carnivora_Otariidae_Phocarctos_hookeri/d428b346-fd31-49a4-9e9d-e41da7fa2138.jpg,Phocarctos hookeri,New Zealand Sea Lion,Animalia,Otariidae,Phocarctos,500,500
train,227,4708,2375327,2375327,train_mini/04708_Animalia_Chordata_Mammalia_Carnivora_Otariidae_Phocarctos_hookeri/426a3560-078f-42cf-ba24-2ce62ce924ba.jpg,Phocarctos hookeri,New Zealand Sea Lion,Animalia,Otariidae,Phocarctos,500,375
train,227,4708,1419431,1419431,train_mini/04708_Animalia_Chordata_Mammalia_Carnivora_Otariidae_Phocarctos_hookeri/17a0a6e2-f204-4069-b677-bec5f4ab0fa2.jpg,Phocarctos hookeri,New Zealand Sea Lion,Animalia,Otariidae,Phocarctos,231,500
train,227,4708,1241014,1241014,train_mini/04708_Animalia_Chordata_Mammalia_Carnivora_Otariidae_Phocarctos_hookeri/3e159099-219c-44b7-bd31-626026ad6b17.jpg,Phocarctos hookeri,New Zealand Sea Lion,Animalia,Otariidae,Phocarctos,500,358
train,227,4708,297249,297249,train_mini/04708_Animalia_Chordata_Mammalia_Carnivora_Otariidae_Phocarctos_hookeri/4878c94b-11ea-46b3-8aef-0e5856cd9bf9.jpg,Phocarctos hookeri,New Zealand Sea Lion,Animalia,Otariidae,Phocarctos,500,375
train,227,4708,2284102,2284102,train_mini/04708_Animalia_Chordata_Mammalia_Carnivora_Otariidae_Phocarctos_hookeri/7a37b026-dca3-4b3d-b728-064daf0cad72.jpg,Phocarctos hookeri,New Zealand Sea Lion,Animalia,Otariidae,Phocarctos,500,375
train,228,4732,848642,848642,train_mini/04732_Animalia_Chordata_Mammalia_Dermoptera_Cynocephalidae_Galeopterus_variegatus/fd431b4b-e92c-4489-8062-1f20f51c926a.jpg,Galeopterus variegatus,Sunda Flying Lemur,Animalia,Cynocephalidae,Galeopterus,375,500
train,228,4732,1571358,1571358,train_mini/04732_Animalia_Chordata_Mammalia_Dermoptera_Cynocephalidae_Galeopterus_variegatus/4ea2e936-2cdc-43c3-bdf8-b239e563ca15.jpg,Galeopterus variegatus,Sunda Flying Lemur,Animalia,Cynocephalidae,Galeopterus,374,500
train,228,4732,904100,904100,train_mini/04732_Animalia_Chordata_Mammalia_Dermoptera_Cynocephalidae_Galeopterus_variegatus/c79e7ab4-e5e7-449a-89f9-5138af2e7c95.jpg,Galeopterus variegatus,Sunda Flying Lemur,Animalia,Cynocephalidae,Galeopterus,375,500
train,228,4732,2580852,2580852,train_mini/04732_Animalia_Chordata_Mammalia_Dermoptera_Cynocephalidae_Galeopterus_variegatus/850f9a7e-5ce9-4f69-abc8-0fa7f0f855ad.jpg,Galeopterus variegatus,Sunda Flying Lemur,Animalia,Cynocephalidae,Galeopterus,500,388
train,228,4732,1390308,1390308,train_mini/04732_Animalia_Chordata_Mammalia_Dermoptera_Cynocephalidae_Galeopterus_variegatus/492a1f6f-fe69-4ffb-a02d-cee8a49b3a6b.jpg,Galeopterus variegatus,Sunda Flying Lemur,Animalia,Cynocephalidae,Galeopterus,333,500
train,228,4732,446250,446250,train_mini/04732_Animalia_Chordata_Mammalia_Dermoptera_Cynocephalidae_Galeopterus_variegatus/6b06e111-0f69-47be-a114-4daea7b440ad.jpg,Galeopterus variegatus,Sunda Flying Lemur,Animalia,Cynocephalidae,Galeopterus,500,332
train,228,4732,1289537,1289537,train_mini/04732_Animalia_Chordata_Mammalia_Dermoptera_Cynocephalidae_Galeopterus_variegatus/567fdb30-abb0-49e9-927b-ae699367c359.jpg,Galeopterus variegatus,Sunda Flying Lemur,Animalia,Cynocephalidae,Galeopterus,500,337
train,228,4732,225820,225820,train_mini/04732_Animalia_Chordata_Mammalia_Dermoptera_Cynocephalidae_Galeopterus_variegatus/26cf2e6e-0ccd-4b25-a44c-580f9957f1de.jpg,Galeopterus variegatus,Sunda Flying Lemur,Animalia,Cynocephalidae,Galeopterus,333,500
train,229,4736,1918713,1918713,train_mini/04736_Animalia_Chordata_Mammalia_Diprotodontia_Macropodidae_Macropus_fuliginosus/6ac0bf23-157e-4dbd-85af-9df3ad8286ad.jpg,Macropus fuliginosus,Western Grey Kangaroo,Animalia,Macropodidae,Macropus,375,500
train,229,4736,1266307,1266307,train_mini/04736_Animalia_Chordata_Mammalia_Diprotodontia_Macropodidae_Macropus_fuliginosus/bf337b4b-6f02-4e27-b34f-e3f5a8ca3e42.jpg,Macropus fuliginosus,Western Grey Kangaroo,Animalia,Macropodidae,Macropus,500,375
train,229,4736,2632153,2632153,train_mini/04736_Animalia_Chordata_Mammalia_Diprotodontia_Macropodidae_Macropus_fuliginosus/3539e4fd-8329-49be-9d72-eadbef419bcd.jpg,Macropus fuliginosus,Western Grey Kangaroo,Animalia,Macropodidae,Macropus,424,500
train,229,4736,1998349,1998349,train_mini/04736_Animalia_Chordata_Mammalia_Diprotodontia_Macropodidae_Macropus_fuliginosus/24ae7ce1-86e5-4f81-8142-f1e759d2d20e.jpg,Macropus fuliginosus,Western Grey Kangaroo,Animalia,Macropodidae,Macropus,500,371
train,229,4736,2650108,2650108,train_mini/04736_Animalia_Chordata_Mammalia_Diprotodontia_Macropodidae_Macropus_fuliginosus/fe2d24a9-8bbe-4827-81e7-2e900438572d.jpg,Macropus fuliginosus,Western Grey Kangaroo,Animalia,Macropodidae,Macropus,500,333
train,229,4736,2075660,2075660,train_mini/04736_Animalia_Chordata_Mammalia_Diprotodontia_Macropodidae_Macropus_fuliginosus/487038b8-783e-4413-a0cd-9936aef185bf.jpg,Macropus fuliginosus,Western Grey Kangaroo,Animalia,Macropodidae,Macropus,500,275
train,229,4736,2626128,2626128,train_mini/04736_Animalia_Chordata_Mammalia_Diprotodontia_Macropodidae_Macropus_fuliginosus/a10f5165-6639-401d-8ae3-2a082c570799.jpg,Macropus fuliginosus,Western Grey Kangaroo,Animalia,Macropodidae,Macropus,500,335
train,229,4736,2298529,2298529,train_mini/04736_Animalia_Chordata_Mammalia_Diprotodontia_Macropodidae_Macropus_fuliginosus/dccc6a2d-1069-4432-87fb-67832d1a7693.jpg,Macropus fuliginosus,Western Grey Kangaroo,Animalia,Macropodidae,Macropus,375,500
train,230,4794,1663146,1663146,train_mini/04794_Animalia_Chordata_Mammalia_Rodentia_Castoridae_Castor_canadensis/e8dd93e2-3b06-47f8-8a70-97cb92f3af01.jpg,Castor canadensis,American Beaver,Animalia,Castoridae,Castor,375,500
train,230,4794,71759,71759,train_mini/04794_Animalia_Chordata_Mammalia_Rodentia_Castoridae_Castor_canadensis/88700557-8b49-4e3f-abce-6ada097ab427.jpg,Castor canadensis,American Beaver,Animalia,Castoridae,Castor,500,391
train,230,4794,1605242,1605242,train_mini/04794_Animalia_Chordata_Mammalia_Rodentia_Castoridae_Castor_canadensis/346da129-8452-418f-8e88-a0bc69c4ed0b.jpg,Castor canadensis,American Beaver,Animalia,Castoridae,Castor,375,500
train,230,4794,2450124,2450124,train_mini/04794_Animalia_Chordata_Mammalia_Rodentia_Castoridae_Castor_canadensis/0f704162-a133-44ef-8d75-6c7164b1cc81.jpg,Castor canadensis,American Beaver,Animalia,Castoridae,Castor,500,333
train,230,4794,2151352,2151352,train_mini/04794_Animalia_Chordata_Mammalia_Rodentia_Castoridae_Castor_canadensis/acf1826b-b657-4c04-b88b-d03036814c72.jpg,Castor canadensis,American Beaver,Animalia,Castoridae,Castor,375,500
train,230,4794,1407701,1407701,train_mini/04794_Animalia_Chordata_Mammalia_Rodentia_Castoridae_Castor_canadensis/52953788-d3a8-45dd-b8ad-6017ee5ef158.jpg,Castor canadensis,American Beaver,Animalia,Castoridae,Castor,281,500
train,230,4794,768,768,train_mini/04794_Animalia_Chordata_Mammalia_Rodentia_Castoridae_Castor_canadensis/b8eb7743-89ce-47f1-aad8-35f1e7d7f4a2.jpg,Castor canadensis,American Beaver,Animalia,Castoridae,Castor,500,374
train,230,4794,1228790,1228790,train_mini/04794_Animalia_Chordata_Mammalia_Rodentia_Castoridae_Castor_canadensis/40b1d831-d48c-4cc0-988c-828e0b3e0c20.jpg,Castor canadensis,American Beaver,Animalia,Castoridae,Castor,281,500
train,231,4801,2057858,2057858,train_mini/04801_Animalia_Chordata_Mammalia_Rodentia_Cricetidae_Myodes_glareolus/91d8a44f-5c1f-4d17-bceb-36b1c04c5516.jpg,Myodes glareolus,Bank Vole,Animalia,Cricetidae,Myodes,500,333
train,231,4801,2317540,2317540,train_mini/04801_Animalia_Chordata_Mammalia_Rodentia_Cricetidae_Myodes_glareolus/1a92c964-4ab2-4cd6-aaec-fb4919b3c85b.jpg,Myodes glareolus,Bank Vole,Animalia,Cricetidae,Myodes,500,397
train,231,4801,2562624,2562624,train_mini/04801_Animalia_Chordata_Mammalia_Rodentia_Cricetidae_Myodes_glareolus/a5d74ba8-4f1d-409b-9ed0-2523fc917be2.jpg,Myodes glareolus,Bank Vole,Animalia,Cricetidae,Myodes,500,450
train,231,4801,1530420,1530420,train_mini/04801_Animalia_Chordata_Mammalia_Rodentia_Cricetidae_Myodes_glareolus/b0b90603-1f0d-4574-85e3-6b416c798ef6.jpg,Myodes glareolus,Bank Vole,Animalia,Cricetidae,Myodes,500,348
train,231,4801,2613490,2613490,train_mini/04801_Animalia_Chordata_Mammalia_Rodentia_Cricetidae_Myodes_glareolus/47e84a01-b9a8-4b3b-8dde-1cf658a9c06e.jpg,Myodes glareolus,Bank Vole,Animalia,Cricetidae,Myodes,500,333
train,231,4801,1669839,1669839,train_mini/04801_Animalia_Chordata_Mammalia_Rodentia_Cricetidae_Myodes_glareolus/05253cef-8a25-470b-9db2-33da60c8d4c4.jpg,Myodes glareolus,Bank Vole,Animalia,Cricetidae,Myodes,500,375
train,231,4801,343596,343596,train_mini/04801_Animalia_Chordata_Mammalia_Rodentia_Cricetidae_Myodes_glareolus/545757b0-c18c-4b0a-bed8-89ae96e617f8.jpg,Myodes glareolus,Bank Vole,Animalia,Cricetidae,Myodes,500,375
train,231,4801,717009,717009,train_mini/04801_Animalia_Chordata_Mammalia_Rodentia_Cricetidae_Myodes_glareolus/c6b9ef75-6d66-4c90-8c2a-d81f80497a77.jpg,Myodes glareolus,Bank Vole,Animalia,Cricetidae,Myodes,500,375
train,232,4833,2456705,2456705,train_mini/04833_Animalia_Chordata_Mammalia_Rodentia_Sciuridae_Marmota_monax/caa2c8fe-ad98-45fd-b4d0-e1bb1a56e301.jpg,Marmota monax,Woodchuck,Animalia,Sciuridae,Marmota,500,375
train,232,4833,9338,9338,train_mini/04833_Animalia_Chordata_Mammalia_Rodentia_Sciuridae_Marmota_monax/9c6feac1-ede0-4bf5-ac1c-37399d0e5837.jpg,Marmota monax,Woodchuck,Animalia,Sciuridae,Marmota,358,480
train,232,4833,2645880,2645880,train_mini/04833_Animalia_Chordata_Mammalia_Rodentia_Sciuridae_Marmota_monax/b2012604-6b53-41bb-818a-8d3a378dac4a.jpg,Marmota monax,Woodchuck,Animalia,Sciuridae,Marmota,500,311
train,232,4833,222414,222414,train_mini/04833_Animalia_Chordata_Mammalia_Rodentia_Sciuridae_Marmota_monax/7178c01e-1b61-4989-9ed5-8edc6a55d171.jpg,Marmota monax,Woodchuck,Animalia,Sciuridae,Marmota,375,373
train,232,4833,1936466,1936466,train_mini/04833_Animalia_Chordata_Mammalia_Rodentia_Sciuridae_Marmota_monax/8178aa45-c531-4852-b0fe-2427bbfac281.jpg,Marmota monax,Woodchuck,Animalia,Sciuridae,Marmota,500,281
train,232,4833,97051,97051,train_mini/04833_Animalia_Chordata_Mammalia_Rodentia_Sciuridae_Marmota_monax/2e5bce1b-836c-4e73-8d2c-eaacb2a6a6d3.jpg,Marmota monax,Woodchuck,Animalia,Sciuridae,Marmota,500,333
train,232,4833,117937,117937,train_mini/04833_Animalia_Chordata_Mammalia_Rodentia_Sciuridae_Marmota_monax/fa20ea50-bcdd-49d0-9efd-08084e8b6170.jpg,Marmota monax,Woodchuck,Animalia,Sciuridae,Marmota,360,480
train,232,4833,1802992,1802992,train_mini/04833_Animalia_Chordata_Mammalia_Rodentia_Sciuridae_Marmota_monax/dcba6b2d-628d-43ad-9fdd-a133f535d2b1.jpg,Marmota monax,Woodchuck,Animalia,Sciuridae,Marmota,500,375
train,233,4843,145189,145189,train_mini/04843_Animalia_Chordata_Mammalia_Rodentia_Sciuridae_Sciurus_aureogaster/2b76fe70-ad37-404f-82db-501b82dd7f4b.jpg,Sciurus aureogaster,Red-bellied Squirrel,Animalia,Sciuridae,Sciurus,500,375
train,233,4843,2681785,2681785,train_mini/04843_Animalia_Chordata_Mammalia_Rodentia_Sciuridae_Sciurus_aureogaster/40a1be49-6e39-4a33-9869-64e96b9ca33e.jpg,Sciurus aureogaster,Red-bellied Squirrel,Animalia,Sciuridae,Sciurus,500,281
train,233,4843,19526,19526,train_mini/04843_Animalia_Chordata_Mammalia_Rodentia_Sciuridae_Sciurus_aureogaster/9f384c43-6ae2-408f-883e-f3c76d98ac16.jpg,Sciurus aureogaster,Red-bellied Squirrel,Animalia,Sciuridae,Sciurus,500,418
train,233,4843,1771502,1771502,train_mini/04843_Animalia_Chordata_Mammalia_Rodentia_Sciuridae_Sciurus_aureogaster/ce7c983e-df20-4d56-934c-2de3af1ef58c.jpg,Sciurus aureogaster,Red-bellied Squirrel,Animalia,Sciuridae,Sciurus,500,375
train,233,4843,565081,565081,train_mini/04843_Animalia_Chordata_Mammalia_Rodentia_Sciuridae_Sciurus_aureogaster/7bd83886-82fd-431a-87da-5d9beda19fc1.jpg,Sciurus aureogaster,Red-bellied Squirrel,Animalia,Sciuridae,Sciurus,500,333
train,233,4843,4334,4334,train_mini/04843_Animalia_Chordata_Mammalia_Rodentia_Sciuridae_Sciurus_aureogaster/0cb80371-f50c-4381-ab71-a89adea68bf6.jpg,Sciurus aureogaster,Red-bellied Squirrel,Animalia,Sciuridae,Sciurus,500,439
train,233,4843,121307,121307,train_mini/04843_Animalia_Chordata_Mammalia_Rodentia_Sciuridae_Sciurus_aureogaster/1a6e9822-1574-424a-9b8a-46a445a1fd61.jpg,Sciurus aureogaster,Red-bellied Squirrel,Animalia,Sciuridae,Sciurus,371,500
train,233,4843,2621395,2621395,train_mini/04843_Animalia_Chordata_Mammalia_Rodentia_Sciuridae_Sciurus_aureogaster/7ea9c775-6edc-4e97-a1da-c0931d08394e.jpg,Sciurus aureogaster,Red-bellied Squirrel,Animalia,Sciuridae,Sciurus,500,375
train,234,4860,2112799,2112799,train_mini/04860_Animalia_Chordata_Reptilia_Crocodylia_Alligatoridae_Caiman_crocodilus/daa89248-b3e9-419f-a918-850ae11bed6f.jpg,Caiman crocodilus,Common Caiman,Animalia,Alligatoridae,Caiman,500,331
train,234,4860,1308896,1308896,train_mini/04860_Animalia_Chordata_Reptilia_Crocodylia_Alligatoridae_Caiman_crocodilus/478afa78-8a46-4f69-8f0e-9649f342889c.jpg,Caiman crocodilus,Common Caiman,Animalia,Alligatoridae,Caiman,375,500
train,234,4860,7969,7969,train_mini/04860_Animalia_Chordata_Reptilia_Crocodylia_Alligatoridae_Caiman_crocodilus/5048e625-cc1c-4a31-bfea-310cd6a5c8b6.jpg,Caiman crocodilus,Common Caiman,Animalia,Alligatoridae,Caiman,500,266
train,234,4860,2580319,2580319,train_mini/04860_Animalia_Chordata_Reptilia_Crocodylia_Alligatoridae_Caiman_crocodilus/07ababa6-c18f-4856-b9ed-bbcaa8f96230.jpg,Caiman crocodilus,Common Caiman,Animalia,Alligatoridae,Caiman,375,500
train,234,4860,2617129,2617129,train_mini/04860_Animalia_Chordata_Reptilia_Crocodylia_Alligatoridae_Caiman_crocodilus/bfdd99d7-1cf0-485d-9f6d-ad916e655884.jpg,Caiman crocodilus,Common Caiman,Animalia,Alligatoridae,Caiman,500,375
train,234,4860,1645477,1645477,train_mini/04860_Animalia_Chordata_Reptilia_Crocodylia_Alligatoridae_Caiman_crocodilus/383d5374-7108-4cdc-a1f2-12e69bd31fc6.jpg,Caiman crocodilus,Common Caiman,Animalia,Alligatoridae,Caiman,500,375
train,234,4860,618319,618319,train_mini/04860_Animalia_Chordata_Reptilia_Crocodylia_Alligatoridae_Caiman_crocodilus/a84a0e11-549f-4d51-9661-3bcf049aa889.jpg,Caiman crocodilus,Common Caiman,Animalia,Alligatoridae,Caiman,281,500
train,234,4860,2431254,2431254,train_mini/04860_Animalia_Chordata_Reptilia_Crocodylia_Alligatoridae_Caiman_crocodilus/f14bea24-3e28-4d40-812e-fa377b918d2d.jpg,Caiman crocodilus,Common Caiman,Animalia,Alligatoridae,Caiman,500,375
train,235,4862,276156,276156,train_mini/04862_Animalia_Chordata_Reptilia_Crocodylia_Crocodylidae_Crocodylus_moreletii/a096f33e-230c-451c-ac10-3e23251ae10e.jpg,Crocodylus moreletii,Belize Crocodile,Animalia,Crocodylidae,Crocodylus,500,375
train,235,4862,2322046,2322046,train_mini/04862_Animalia_Chordata_Reptilia_Crocodylia_Crocodylidae_Crocodylus_moreletii/00ad759e-0ef2-48b5-ba7e-2daed6836b71.jpg,Crocodylus moreletii,Belize Crocodile,Animalia,Crocodylidae,Crocodylus,375,500
train,235,4862,725195,725195,train_mini/04862_Animalia_Chordata_Reptilia_Crocodylia_Crocodylidae_Crocodylus_moreletii/fbcdadea-1872-4bc2-9b10-bbee25fd1fa1.jpg,Crocodylus moreletii,Belize Crocodile,Animalia,Crocodylidae,Crocodylus,500,375
train,235,4862,2114450,2114450,train_mini/04862_Animalia_Chordata_Reptilia_Crocodylia_Crocodylidae_Crocodylus_moreletii/2e2767f3-3e32-4b98-ae60-bc93c0a81435.jpg,Crocodylus moreletii,Belize Crocodile,Animalia,Crocodylidae,Crocodylus,500,375
train,235,4862,324121,324121,train_mini/04862_Animalia_Chordata_Reptilia_Crocodylia_Crocodylidae_Crocodylus_moreletii/8896e91e-ee96-43fa-8f81-bdd80865ce53.jpg,Crocodylus moreletii,Belize Crocodile,Animalia,Crocodylidae,Crocodylus,500,334
train,235,4862,241666,241666,train_mini/04862_Animalia_Chordata_Reptilia_Crocodylia_Crocodylidae_Crocodylus_moreletii/5456d9bd-c12b-4c15-b843-fe1ecd631c9f.jpg,Crocodylus moreletii,Belize Crocodile,Animalia,Crocodylidae,Crocodylus,500,341
train,235,4862,56552,56552,train_mini/04862_Animalia_Chordata_Reptilia_Crocodylia_Crocodylidae_Crocodylus_moreletii/00cf9871-cc4b-4ad0-aea2-88b7d03e24e3.jpg,Crocodylus moreletii,Belize Crocodile,Animalia,Crocodylidae,Crocodylus,500,333
train,235,4862,1636300,1636300,train_mini/04862_Animalia_Chordata_Reptilia_Crocodylia_Crocodylidae_Crocodylus_moreletii/8a71600d-2866-412d-89b8-14df72a6a4f2.jpg,Crocodylus moreletii,Belize Crocodile,Animalia,Crocodylidae,Crocodylus,500,375
train,236,4879,2160719,2160719,train_mini/04879_Animalia_Chordata_Reptilia_Squamata_Anguidae_Anguis_veronensis/7e583386-fa00-45d5-80f4-1f2a3ad598c6.jpg,Anguis veronensis,Italian Slow Worm,Animalia,Anguidae,Anguis,500,107
train,236,4879,957331,957331,train_mini/04879_Animalia_Chordata_Reptilia_Squamata_Anguidae_Anguis_veronensis/25255d57-94f0-4bf0-9275-c59f59f3c51a.jpg,Anguis veronensis,Italian Slow Worm,Animalia,Anguidae,Anguis,375,500
train,236,4879,1854860,1854860,train_mini/04879_Animalia_Chordata_Reptilia_Squamata_Anguidae_Anguis_veronensis/c372b10a-8f08-449c-a348-f6373ac66b97.jpg,Anguis veronensis,Italian Slow Worm,Animalia,Anguidae,Anguis,375,500
train,236,4879,284165,284165,train_mini/04879_Animalia_Chordata_Reptilia_Squamata_Anguidae_Anguis_veronensis/3704877c-8841-45da-a790-4329365ee3a5.jpg,Anguis veronensis,Italian Slow Worm,Animalia,Anguidae,Anguis,281,500
train,236,4879,880140,880140,train_mini/04879_Animalia_Chordata_Reptilia_Squamata_Anguidae_Anguis_veronensis/5e385a19-6f1c-499c-8394-68d6542389d1.jpg,Anguis veronensis,Italian Slow Worm,Animalia,Anguidae,Anguis,216,500
train,236,4879,2479157,2479157,train_mini/04879_Animalia_Chordata_Reptilia_Squamata_Anguidae_Anguis_veronensis/60b66b5a-de9b-41d1-91aa-e471c5bca5f7.jpg,Anguis veronensis,Italian Slow Worm,Animalia,Anguidae,Anguis,500,375
train,236,4879,1854772,1854772,train_mini/04879_Animalia_Chordata_Reptilia_Squamata_Anguidae_Anguis_veronensis/d5d832db-2fe7-4697-9a65-3844bd5a520b.jpg,Anguis veronensis,Italian Slow Worm,Animalia,Anguidae,Anguis,375,500
train,236,4879,567296,567296,train_mini/04879_Animalia_Chordata_Reptilia_Squamata_Anguidae_Anguis_veronensis/4e8539b6-5e44-4504-9dbc-0384c89253f5.jpg,Anguis veronensis,Italian Slow Worm,Animalia,Anguidae,Anguis,500,333
train,237,4884,599427,599427,train_mini/04884_Animalia_Chordata_Reptilia_Squamata_Anguidae_Gerrhonotus_infernalis/185b55b3-a6d1-41d1-a167-3c9c5497eda3.jpg,Gerrhonotus infernalis,Texas Alligator Lizard,Animalia,Anguidae,Gerrhonotus,375,500
train,237,4884,1272734,1272734,train_mini/04884_Animalia_Chordata_Reptilia_Squamata_Anguidae_Gerrhonotus_infernalis/35ade232-df88-40d5-b28a-2716b3b77f23.jpg,Gerrhonotus infernalis,Texas Alligator Lizard,Animalia,Anguidae,Gerrhonotus,500,375
train,237,4884,11152,11152,train_mini/04884_Animalia_Chordata_Reptilia_Squamata_Anguidae_Gerrhonotus_infernalis/b9c2a3ec-145d-4d9b-a506-b7178042a6a3.jpg,Gerrhonotus infernalis,Texas Alligator Lizard,Animalia,Anguidae,Gerrhonotus,500,375
train,237,4884,428325,428325,train_mini/04884_Animalia_Chordata_Reptilia_Squamata_Anguidae_Gerrhonotus_infernalis/dac9505d-a2be-41ab-a05a-94842afd4b9d.jpg,Gerrhonotus infernalis,Texas Alligator Lizard,Animalia,Anguidae,Gerrhonotus,375,500
train,237,4884,305230,305230,train_mini/04884_Animalia_Chordata_Reptilia_Squamata_Anguidae_Gerrhonotus_infernalis/0fa3833d-82e8-489d-ab47-40a73286e466.jpg,Gerrhonotus infernalis,Texas Alligator Lizard,Animalia,Anguidae,Gerrhonotus,375,500
train,237,4884,1228416,1228416,train_mini/04884_Animalia_Chordata_Reptilia_Squamata_Anguidae_Gerrhonotus_infernalis/1ca7165d-1c60-41e8-83aa-ed4fe91ce99c.jpg,Gerrhonotus infernalis,Texas Alligator Lizard,Animalia,Anguidae,Gerrhonotus,375,500
train,237,4884,2646326,2646326,train_mini/04884_Animalia_Chordata_Reptilia_Squamata_Anguidae_Gerrhonotus_infernalis/4a2b1451-e66b-465a-a87b-2efc8c8f158b.jpg,Gerrhonotus infernalis,Texas Alligator Lizard,Animalia,Anguidae,Gerrhonotus,282,500
train,237,4884,1143413,1143413,train_mini/04884_Animalia_Chordata_Reptilia_Squamata_Anguidae_Gerrhonotus_infernalis/66400be7-9cd0-4b63-8f59-4d80d38f13f0.jpg,Gerrhonotus infernalis,Texas Alligator Lizard,Animalia,Anguidae,Gerrhonotus,496,500
train,238,4904,310444,310444,train_mini/04904_Animalia_Chordata_Reptilia_Squamata_Colubridae_Dendrelaphis_pictus/6045f13f-1057-4f4e-87c7-812e94bedfa4.jpg,Dendrelaphis pictus,Common Bronze-back,Animalia,Colubridae,Dendrelaphis,500,333
train,238,4904,818187,818187,train_mini/04904_Animalia_Chordata_Reptilia_Squamata_Colubridae_Dendrelaphis_pictus/59fc36f9-bc5c-4b5e-9367-8a38e50010ef.jpg,Dendrelaphis pictus,Common Bronze-back,Animalia,Colubridae,Dendrelaphis,500,333
train,238,4904,1308208,1308208,train_mini/04904_Animalia_Chordata_Reptilia_Squamata_Colubridae_Dendrelaphis_pictus/43e6d160-8d02-44b9-9b0a-e0943f7535d2.jpg,Dendrelaphis pictus,Common Bronze-back,Animalia,Colubridae,Dendrelaphis,500,375
train,238,4904,2200019,2200019,train_mini/04904_Animalia_Chordata_Reptilia_Squamata_Colubridae_Dendrelaphis_pictus/931252ab-8f14-4370-a0d4-5a3ec8e7b8db.jpg,Dendrelaphis pictus,Common Bronze-back,Animalia,Colubridae,Dendrelaphis,500,418
train,238,4904,1463002,1463002,train_mini/04904_Animalia_Chordata_Reptilia_Squamata_Colubridae_Dendrelaphis_pictus/4ac92c6c-4d84-49b6-a115-5f8e117fecd9.jpg,Dendrelaphis pictus,Common Bronze-back,Animalia,Colubridae,Dendrelaphis,500,384
train,238,4904,2226678,2226678,train_mini/04904_Animalia_Chordata_Reptilia_Squamata_Colubridae_Dendrelaphis_pictus/714cfbda-97e7-4093-a574-fcd25100508c.jpg,Dendrelaphis pictus,Common Bronze-back,Animalia,Colubridae,Dendrelaphis,301,500
train,238,4904,503375,503375,train_mini/04904_Animalia_Chordata_Reptilia_Squamata_Colubridae_Dendrelaphis_pictus/d91ea3c0-6413-4c20-812b-22e85e44a87a.jpg,Dendrelaphis pictus,Common Bronze-back,Animalia,Colubridae,Dendrelaphis,281,500
train,238,4904,1083179,1083179,train_mini/04904_Animalia_Chordata_Reptilia_Squamata_Colubridae_Dendrelaphis_pictus/e845f0fb-1eb9-4980-aa26-0642963ce753.jpg,Dendrelaphis pictus,Common Bronze-back,Animalia,Colubridae,Dendrelaphis,500,281
train,239,4925,2157678,2157678,train_mini/04925_Animalia_Chordata_Reptilia_Squamata_Colubridae_Lampropeltis_triangulum/edc6ce31-bfa5-4d4d-b7b9-2b4de1917d62.jpg,Lampropeltis triangulum,Eastern Milksnake,Animalia,Colubridae,Lampropeltis,500,500
train,239,4925,2346297,2346297,train_mini/04925_Animalia_Chordata_Reptilia_Squamata_Colubridae_Lampropeltis_triangulum/fec2466f-43a8-442e-8a9e-57a89e9b5080.jpg,Lampropeltis triangulum,Eastern Milksnake,Animalia,Colubridae,Lampropeltis,500,375
train,239,4925,90830,90830,train_mini/04925_Animalia_Chordata_Reptilia_Squamata_Colubridae_Lampropeltis_triangulum/44be26f4-ca1a-41bb-8f6d-3c8310153ee0.jpg,Lampropeltis triangulum,Eastern Milksnake,Animalia,Colubridae,Lampropeltis,500,334
train,239,4925,1720015,1720015,train_mini/04925_Animalia_Chordata_Reptilia_Squamata_Colubridae_Lampropeltis_triangulum/ae450a6f-2d15-4681-bcff-33d322e4ea08.jpg,Lampropeltis triangulum,Eastern Milksnake,Animalia,Colubridae,Lampropeltis,500,375
train,239,4925,1973876,1973876,train_mini/04925_Animalia_Chordata_Reptilia_Squamata_Colubridae_Lampropeltis_triangulum/a8f0d6d1-ee40-4725-844f-e1ab509fd9b6.jpg,Lampropeltis triangulum,Eastern Milksnake,Animalia,Colubridae,Lampropeltis,375,500
train,239,4925,1014332,1014332,train_mini/04925_Animalia_Chordata_Reptilia_Squamata_Colubridae_Lampropeltis_triangulum/0958eecc-5b8e-4276-8e8c-50d9f7f25886.jpg,Lampropeltis triangulum,Eastern Milksnake,Animalia,Colubridae,Lampropeltis,500,375
train,239,4925,2025782,2025782,train_mini/04925_Animalia_Chordata_Reptilia_Squamata_Colubridae_Lampropeltis_triangulum/6d48a724-ebad-4a3a-afd2-f91c0767c964.jpg,Lampropeltis triangulum,Eastern Milksnake,Animalia,Colubridae,Lampropeltis,375,500
train,239,4925,1040148,1040148,train_mini/04925_Animalia_Chordata_Reptilia_Squamata_Colubridae_Lampropeltis_triangulum/105724ac-6d58-48aa-85bb-b554bd692197.jpg,Lampropeltis triangulum,Eastern Milksnake,Animalia,Colubridae,Lampropeltis,375,500
train,240,4964,265057,265057,train_mini/04964_Animalia_Chordata_Reptilia_Squamata_Colubridae_Tantilla_gracilis/3b1f3d42-cac6-479f-a785-11f7f932e118.jpg,Tantilla gracilis,Flat-headed Snake,Animalia,Colubridae,Tantilla,375,500
train,240,4964,1772788,1772788,train_mini/04964_Animalia_Chordata_Reptilia_Squamata_Colubridae_Tantilla_gracilis/81c71ff6-3148-4f9c-b0de-492e15a25efd.jpg,Tantilla gracilis,Flat-headed Snake,Animalia,Colubridae,Tantilla,375,500
train,240,4964,2526606,2526606,train_mini/04964_Animalia_Chordata_Reptilia_Squamata_Colubridae_Tantilla_gracilis/7b63a8a0-ea7b-49df-8606-ba088cf6e473.jpg,Tantilla gracilis,Flat-headed Snake,Animalia,Colubridae,Tantilla,463,500
train,240,4964,149415,149415,train_mini/04964_Animalia_Chordata_Reptilia_Squamata_Colubridae_Tantilla_gracilis/aaef65aa-3241-46cd-b157-da3f39d48dce.jpg,Tantilla gracilis,Flat-headed Snake,Animalia,Colubridae,Tantilla,500,347
train,240,4964,198309,198309,train_mini/04964_Animalia_Chordata_Reptilia_Squamata_Colubridae_Tantilla_gracilis/d8aa4aff-83c2-4f12-887e-899acc4a50dc.jpg,Tantilla gracilis,Flat-headed Snake,Animalia,Colubridae,Tantilla,500,334
train,240,4964,1687975,1687975,train_mini/04964_Animalia_Chordata_Reptilia_Squamata_Colubridae_Tantilla_gracilis/62d5a0cc-4f9e-44f6-a6cd-3218283f92c4.jpg,Tantilla gracilis,Flat-headed Snake,Animalia,Colubridae,Tantilla,375,500
train,240,4964,66889,66889,train_mini/04964_Animalia_Chordata_Reptilia_Squamata_Colubridae_Tantilla_gracilis/c6036628-188c-4673-bdea-984ee421b95b.jpg,Tantilla gracilis,Flat-headed Snake,Animalia,Colubridae,Tantilla,500,317
train,240,4964,120398,120398,train_mini/04964_Animalia_Chordata_Reptilia_Squamata_Colubridae_Tantilla_gracilis/24c3e864-65d6-4f71-9fe1-2d6fbe098117.jpg,Tantilla gracilis,Flat-headed Snake,Animalia,Colubridae,Tantilla,500,331
train,241,4977,825061,825061,train_mini/04977_Animalia_Chordata_Reptilia_Squamata_Colubridae_Zamenis_longissimus/5713414d-5216-40f4-8b5d-5a9080a23a3a.jpg,Zamenis longissimus,Aesculapian Snake,Animalia,Colubridae,Zamenis,375,500
train,241,4977,882587,882587,train_mini/04977_Animalia_Chordata_Reptilia_Squamata_Colubridae_Zamenis_longissimus/e14af3d1-2a17-4897-bcf0-720fb8414ab0.jpg,Zamenis longissimus,Aesculapian Snake,Animalia,Colubridae,Zamenis,500,375
train,241,4977,884250,884250,train_mini/04977_Animalia_Chordata_Reptilia_Squamata_Colubridae_Zamenis_longissimus/536221f8-5a9e-4a71-a748-1663f5b2f1c6.jpg,Zamenis longissimus,Aesculapian Snake,Animalia,Colubridae,Zamenis,281,500
train,241,4977,1723772,1723772,train_mini/04977_Animalia_Chordata_Reptilia_Squamata_Colubridae_Zamenis_longissimus/bb720fbc-a792-4d53-a099-e76300326be1.jpg,Zamenis longissimus,Aesculapian Snake,Animalia,Colubridae,Zamenis,500,281
train,241,4977,1499069,1499069,train_mini/04977_Animalia_Chordata_Reptilia_Squamata_Colubridae_Zamenis_longissimus/22f1a11b-0808-46dc-a9fd-42de6312b4d8.jpg,Zamenis longissimus,Aesculapian Snake,Animalia,Colubridae,Zamenis,500,265
train,241,4977,2615580,2615580,train_mini/04977_Animalia_Chordata_Reptilia_Squamata_Colubridae_Zamenis_longissimus/916869e2-5e38-4065-93a8-9b8c40a80f83.jpg,Zamenis longissimus,Aesculapian Snake,Animalia,Colubridae,Zamenis,500,375
train,241,4977,2188305,2188305,train_mini/04977_Animalia_Chordata_Reptilia_Squamata_Colubridae_Zamenis_longissimus/acf31da3-96d9-47e1-926c-123c6ba8fccb.jpg,Zamenis longissimus,Aesculapian Snake,Animalia,Colubridae,Zamenis,500,427
train,241,4977,2445382,2445382,train_mini/04977_Animalia_Chordata_Reptilia_Squamata_Colubridae_Zamenis_longissimus/ce62a741-0335-40b5-8cdb-59e46dcb4a5d.jpg,Zamenis longissimus,Aesculapian Snake,Animalia,Colubridae,Zamenis,500,333
train,242,4981,1442758,1442758,train_mini/04981_Animalia_Chordata_Reptilia_Squamata_Corytophanidae_Basiliscus_vittatus/7d6c5d26-9fc1-4780-933e-d7a02d789076.jpg,Basiliscus vittatus,Brown Basilisk,Animalia,Corytophanidae,Basiliscus,497,500
train,242,4981,1221311,1221311,train_mini/04981_Animalia_Chordata_Reptilia_Squamata_Corytophanidae_Basiliscus_vittatus/abaab1fa-6d9a-4ec1-b260-7f2d770b5edb.jpg,Basiliscus vittatus,Brown Basilisk,Animalia,Corytophanidae,Basiliscus,500,375
train,242,4981,2368606,2368606,train_mini/04981_Animalia_Chordata_Reptilia_Squamata_Corytophanidae_Basiliscus_vittatus/87cf7341-4caf-40cd-a6c2-d1d71f2f7911.jpg,Basiliscus vittatus,Brown Basilisk,Animalia,Corytophanidae,Basiliscus,375,500
train,242,4981,1839524,1839524,train_mini/04981_Animalia_Chordata_Reptilia_Squamata_Corytophanidae_Basiliscus_vittatus/db9f59a5-3d22-4513-a9db-7ef9927b330b.jpg,Basiliscus vittatus,Brown Basilisk,Animalia,Corytophanidae,Basiliscus,369,500
train,242,4981,1607903,1607903,train_mini/04981_Animalia_Chordata_Reptilia_Squamata_Corytophanidae_Basiliscus_vittatus/8ac0b058-40b4-44a9-8d01-1dce2a3bae06.jpg,Basiliscus vittatus,Brown Basilisk,Animalia,Corytophanidae,Basiliscus,381,500
train,242,4981,52330,52330,train_mini/04981_Animalia_Chordata_Reptilia_Squamata_Corytophanidae_Basiliscus_vittatus/f51ef265-e095-4654-b94e-2b1072631829.jpg,Basiliscus vittatus,Brown Basilisk,Animalia,Corytophanidae,Basiliscus,500,397
train,242,4981,2616898,2616898,train_mini/04981_Animalia_Chordata_Reptilia_Squamata_Corytophanidae_Basiliscus_vittatus/35c8e0d4-f1ab-43a5-ac88-5c10e3294a50.jpg,Basiliscus vittatus,Brown Basilisk,Animalia,Corytophanidae,Basiliscus,500,333
train,242,4981,423462,423462,train_mini/04981_Animalia_Chordata_Reptilia_Squamata_Corytophanidae_Basiliscus_vittatus/198def94-5b9b-4cb1-acea-8a376b7795d8.jpg,Basiliscus vittatus,Brown Basilisk,Animalia,Corytophanidae,Basiliscus,500,375
train,243,4995,1133475,1133475,train_mini/04995_Animalia_Chordata_Reptilia_Squamata_Elapidae_Micrurus_tener/568a42ae-85ce-490b-a3ce-675271f9a731.jpg,Micrurus tener,Texas Coralsnake,Animalia,Elapidae,Micrurus,500,500
train,243,4995,101214,101214,train_mini/04995_Animalia_Chordata_Reptilia_Squamata_Elapidae_Micrurus_tener/ecae6f9f-7d8a-469b-8240-e0b43cb84f9e.jpg,Micrurus tener,Texas Coralsnake,Animalia,Elapidae,Micrurus,500,375
train,243,4995,18648,18648,train_mini/04995_Animalia_Chordata_Reptilia_Squamata_Elapidae_Micrurus_tener/1ee70615-26fe-4379-a103-28dae69f2f35.jpg,Micrurus tener,Texas Coralsnake,Animalia,Elapidae,Micrurus,373,500
train,243,4995,125162,125162,train_mini/04995_Animalia_Chordata_Reptilia_Squamata_Elapidae_Micrurus_tener/a1c417e1-1a32-46e4-97ea-162a31cb3698.jpg,Micrurus tener,Texas Coralsnake,Animalia,Elapidae,Micrurus,500,428
train,243,4995,388056,388056,train_mini/04995_Animalia_Chordata_Reptilia_Squamata_Elapidae_Micrurus_tener/a34bef4c-41a9-4028-8fee-ed2e456d9039.jpg,Micrurus tener,Texas Coralsnake,Animalia,Elapidae,Micrurus,328,500
train,243,4995,768646,768646,train_mini/04995_Animalia_Chordata_Reptilia_Squamata_Elapidae_Micrurus_tener/27374d1b-02c4-4d15-8adf-0707b9aace38.jpg,Micrurus tener,Texas Coralsnake,Animalia,Elapidae,Micrurus,243,500
train,243,4995,840964,840964,train_mini/04995_Animalia_Chordata_Reptilia_Squamata_Elapidae_Micrurus_tener/f471588a-a159-4401-a2d7-3d481690caf3.jpg,Micrurus tener,Texas Coralsnake,Animalia,Elapidae,Micrurus,375,500
train,243,4995,203670,203670,train_mini/04995_Animalia_Chordata_Reptilia_Squamata_Elapidae_Micrurus_tener/81720fd4-fd57-4ed0-aa27-f995a4166b50.jpg,Micrurus tener,Texas Coralsnake,Animalia,Elapidae,Micrurus,375,500
train,244,5016,1555037,1555037,train_mini/05016_Animalia_Chordata_Reptilia_Squamata_Iguanidae_Iguana_iguana/68fb77ac-ab73-4b03-9c5f-07cc0593da18.jpg,Iguana iguana,Green Iguana,Animalia,Iguanidae,Iguana,500,500
train,244,5016,1125838,1125838,train_mini/05016_Animalia_Chordata_Reptilia_Squamata_Iguanidae_Iguana_iguana/a083caca-46ff-4784-aa5c-86e6c5811a50.jpg,Iguana iguana,Green Iguana,Animalia,Iguanidae,Iguana,500,333
train,244,5016,134106,134106,train_mini/05016_Animalia_Chordata_Reptilia_Squamata_Iguanidae_Iguana_iguana/3ea647cd-8dcd-43b6-bdd0-8f68214ce4ef.jpg,Iguana iguana,Green Iguana,Animalia,Iguanidae,Iguana,500,331
train,244,5016,1395304,1395304,train_mini/05016_Animalia_Chordata_Reptilia_Squamata_Iguanidae_Iguana_iguana/0f47f7fb-52c0-4243-896d-636234472056.jpg,Iguana iguana,Green Iguana,Animalia,Iguanidae,Iguana,500,333
train,244,5016,2612879,2612879,train_mini/05016_Animalia_Chordata_Reptilia_Squamata_Iguanidae_Iguana_iguana/3e26d080-64ce-4e36-8e27-e971b59676d1.jpg,Iguana iguana,Green Iguana,Animalia,Iguanidae,Iguana,237,500
train,244,5016,1240634,1240634,train_mini/05016_Animalia_Chordata_Reptilia_Squamata_Iguanidae_Iguana_iguana/8dd66ff0-a5f5-4045-becd-341a50763d6a.jpg,Iguana iguana,Green Iguana,Animalia,Iguanidae,Iguana,281,500
train,244,5016,1929689,1929689,train_mini/05016_Animalia_Chordata_Reptilia_Squamata_Iguanidae_Iguana_iguana/c55a179a-a5d8-4c56-9690-66eadf8dab3f.jpg,Iguana iguana,Green Iguana,Animalia,Iguanidae,Iguana,500,483
train,244,5016,2654780,2654780,train_mini/05016_Animalia_Chordata_Reptilia_Squamata_Iguanidae_Iguana_iguana/75c9c01f-960a-4f7a-9248-48dc6b127f28.jpg,Iguana iguana,Green Iguana,Animalia,Iguanidae,Iguana,500,333
train,245,5028,2499236,2499236,train_mini/05028_Animalia_Chordata_Reptilia_Squamata_Lamprophiidae_Pseudaspis_cana/12f9c6b7-cb46-4bd9-840f-526b96beddda.jpg,Pseudaspis cana,Mole Snake,Animalia,Lamprophiidae,Pseudaspis,500,375
train,245,5028,769035,769035,train_mini/05028_Animalia_Chordata_Reptilia_Squamata_Lamprophiidae_Pseudaspis_cana/f2055e88-f063-497a-9752-b8b6ec2ccae2.jpg,Pseudaspis cana,Mole Snake,Animalia,Lamprophiidae,Pseudaspis,375,500
train,245,5028,1849999,1849999,train_mini/05028_Animalia_Chordata_Reptilia_Squamata_Lamprophiidae_Pseudaspis_cana/1b0738db-1333-48ca-b0f4-67ca1c45dad8.jpg,Pseudaspis cana,Mole Snake,Animalia,Lamprophiidae,Pseudaspis,500,375
train,245,5028,1384462,1384462,train_mini/05028_Animalia_Chordata_Reptilia_Squamata_Lamprophiidae_Pseudaspis_cana/7ed8085a-08ad-417b-8f71-f0c886e31759.jpg,Pseudaspis cana,Mole Snake,Animalia,Lamprophiidae,Pseudaspis,500,375
train,245,5028,749769,749769,train_mini/05028_Animalia_Chordata_Reptilia_Squamata_Lamprophiidae_Pseudaspis_cana/75cdb9ab-8b95-4a67-a495-83563a2e5699.jpg,Pseudaspis cana,Mole Snake,Animalia,Lamprophiidae,Pseudaspis,500,375
train,245,5028,749192,749192,train_mini/05028_Animalia_Chordata_Reptilia_Squamata_Lamprophiidae_Pseudaspis_cana/56d783d8-1c46-4253-837d-3bb0d1814d77.jpg,Pseudaspis cana,Mole Snake,Animalia,Lamprophiidae,Pseudaspis,500,375
train,245,5028,1384866,1384866,train_mini/05028_Animalia_Chordata_Reptilia_Squamata_Lamprophiidae_Pseudaspis_cana/8576d4e4-9d59-40c2-9434-3df5131cfc5a.jpg,Pseudaspis cana,Mole Snake,Animalia,Lamprophiidae,Pseudaspis,500,333
train,245,5028,171747,171747,train_mini/05028_Animalia_Chordata_Reptilia_Squamata_Lamprophiidae_Pseudaspis_cana/2f76d588-e682-4642-87e4-65a4eb6907cb.jpg,Pseudaspis cana,Mole Snake,Animalia,Lamprophiidae,Pseudaspis,500,334
train,246,5080,235821,235821,train_mini/05080_Animalia_Chordata_Reptilia_Squamata_Scincidae_Plestiodon_obsoletus/ff310257-333d-4a79-8b46-b9d499023dcc.jpg,Plestiodon obsoletus,Great Plains Skink,Animalia,Scincidae,Plestiodon,500,500
train,246,5080,2020031,2020031,train_mini/05080_Animalia_Chordata_Reptilia_Squamata_Scincidae_Plestiodon_obsoletus/2c2bf52d-62f9-45c5-a5f7-e3faf7404ab4.jpg,Plestiodon obsoletus,Great Plains Skink,Animalia,Scincidae,Plestiodon,375,500
train,246,5080,1956470,1956470,train_mini/05080_Animalia_Chordata_Reptilia_Squamata_Scincidae_Plestiodon_obsoletus/43985aa6-db24-4ee3-a09d-745e3f73997d.jpg,Plestiodon obsoletus,Great Plains Skink,Animalia,Scincidae,Plestiodon,375,500
train,246,5080,964212,964212,train_mini/05080_Animalia_Chordata_Reptilia_Squamata_Scincidae_Plestiodon_obsoletus/e231e7cf-d5fd-48b8-adf1-08e50cc8ad9a.jpg,Plestiodon obsoletus,Great Plains Skink,Animalia,Scincidae,Plestiodon,500,375
train,246,5080,2216985,2216985,train_mini/05080_Animalia_Chordata_Reptilia_Squamata_Scincidae_Plestiodon_obsoletus/69da3067-69a0-46c2-b8e1-e8e10119ce5a.jpg,Plestiodon obsoletus,Great Plains Skink,Animalia,Scincidae,Plestiodon,500,375
train,246,5080,404977,404977,train_mini/05080_Animalia_Chordata_Reptilia_Squamata_Scincidae_Plestiodon_obsoletus/3223bd12-16c8-44a3-a42d-a3f5f14497da.jpg,Plestiodon obsoletus,Great Plains Skink,Animalia,Scincidae,Plestiodon,500,333
train,246,5080,562716,562716,train_mini/05080_Animalia_Chordata_Reptilia_Squamata_Scincidae_Plestiodon_obsoletus/3b38c00f-f86c-43da-8cba-b7c8c12d3e7e.jpg,Plestiodon obsoletus,Great Plains Skink,Animalia,Scincidae,Plestiodon,500,332
train,246,5080,694877,694877,train_mini/05080_Animalia_Chordata_Reptilia_Squamata_Scincidae_Plestiodon_obsoletus/c1fd8fca-9966-4bba-9a3c-573b26ed8486.jpg,Plestiodon obsoletus,Great Plains Skink,Animalia,Scincidae,Plestiodon,375,500
train,247,5118,1889503,1889503,train_mini/05118_Animalia_Chordata_Reptilia_Squamata_Viperidae_Crotalus_oreganus/aa95c89e-ab52-4b31-9c24-ba2dc07f1e88.jpg,Crotalus oreganus,Western Rattlesnake,Animalia,Viperidae,Crotalus,375,500
train,247,5118,1433253,1433253,train_mini/05118_Animalia_Chordata_Reptilia_Squamata_Viperidae_Crotalus_oreganus/c46acc32-03c3-48f1-b166-afbb495d419b.jpg,Crotalus oreganus,Western Rattlesnake,Animalia,Viperidae,Crotalus,500,281
train,247,5118,1534288,1534288,train_mini/05118_Animalia_Chordata_Reptilia_Squamata_Viperidae_Crotalus_oreganus/ebb71e50-5e14-4980-8579-d6eff909bead.jpg,Crotalus oreganus,Western Rattlesnake,Animalia,Viperidae,Crotalus,375,500
train,247,5118,814434,814434,train_mini/05118_Animalia_Chordata_Reptilia_Squamata_Viperidae_Crotalus_oreganus/31a4a781-639f-4c6e-92a6-3db525a53f4a.jpg,Crotalus oreganus,Western Rattlesnake,Animalia,Viperidae,Crotalus,375,500
train,247,5118,2092145,2092145,train_mini/05118_Animalia_Chordata_Reptilia_Squamata_Viperidae_Crotalus_oreganus/86c6bb41-9b90-46df-9cf4-10a536586d41.jpg,Crotalus oreganus,Western Rattlesnake,Animalia,Viperidae,Crotalus,500,375
train,247,5118,1031607,1031607,train_mini/05118_Animalia_Chordata_Reptilia_Squamata_Viperidae_Crotalus_oreganus/f156832e-4200-4c4c-a041-d94a27be5c20.jpg,Crotalus oreganus,Western Rattlesnake,Animalia,Viperidae,Crotalus,500,333
train,247,5118,48295,48295,train_mini/05118_Animalia_Chordata_Reptilia_Squamata_Viperidae_Crotalus_oreganus/6b2eb26d-b377-4c5b-b21c-4f53846b7740.jpg,Crotalus oreganus,Western Rattlesnake,Animalia,Viperidae,Crotalus,500,375
train,247,5118,37501,37501,train_mini/05118_Animalia_Chordata_Reptilia_Squamata_Viperidae_Crotalus_oreganus/b31e90ba-6689-423b-870d-4e54c727fd69.jpg,Crotalus oreganus,Western Rattlesnake,Animalia,Viperidae,Crotalus,500,333
train,248,5124,2455291,2455291,train_mini/05124_Animalia_Chordata_Reptilia_Squamata_Viperidae_Sistrurus_catenatus/f743d9bf-47ec-4c7d-8b7d-3b719bd1735a.jpg,Sistrurus catenatus,Massasauga,Animalia,Viperidae,Sistrurus,500,333
train,248,5124,2326234,2326234,train_mini/05124_Animalia_Chordata_Reptilia_Squamata_Viperidae_Sistrurus_catenatus/bd725f2e-d854-4bdd-9d95-584cd5423981.jpg,Sistrurus catenatus,Massasauga,Animalia,Viperidae,Sistrurus,375,500
train,248,5124,2496800,2496800,train_mini/05124_Animalia_Chordata_Reptilia_Squamata_Viperidae_Sistrurus_catenatus/143f478d-5d36-4776-a863-f8339d220bbf.jpg,Sistrurus catenatus,Massasauga,Animalia,Viperidae,Sistrurus,500,333
train,248,5124,2095837,2095837,train_mini/05124_Animalia_Chordata_Reptilia_Squamata_Viperidae_Sistrurus_catenatus/63d3ea8f-6504-4876-8603-15408cec52e2.jpg,Sistrurus catenatus,Massasauga,Animalia,Viperidae,Sistrurus,375,500
train,248,5124,1204161,1204161,train_mini/05124_Animalia_Chordata_Reptilia_Squamata_Viperidae_Sistrurus_catenatus/ae15c9cb-2100-4cc5-b966-e63496cce2f1.jpg,Sistrurus catenatus,Massasauga,Animalia,Viperidae,Sistrurus,500,281
train,248,5124,537112,537112,train_mini/05124_Animalia_Chordata_Reptilia_Squamata_Viperidae_Sistrurus_catenatus/cd4a7caa-cb9b-4c17-8ad3-a46d917e141c.jpg,Sistrurus catenatus,Massasauga,Animalia,Viperidae,Sistrurus,500,375
train,248,5124,2285417,2285417,train_mini/05124_Animalia_Chordata_Reptilia_Squamata_Viperidae_Sistrurus_catenatus/040a460a-d4ec-40ff-bc0c-44ad27235b9c.jpg,Sistrurus catenatus,Massasauga,Animalia,Viperidae,Sistrurus,422,500
train,248,5124,897816,897816,train_mini/05124_Animalia_Chordata_Reptilia_Squamata_Viperidae_Sistrurus_catenatus/cab86a69-3ce3-4820-b5a4-5454ec833916.jpg,Sistrurus catenatus,Massasauga,Animalia,Viperidae,Sistrurus,500,375
train,249,5172,691753,691753,train_mini/05172_Animalia_Cnidaria_Anthozoa_Actiniaria_Actiniidae_Actinia_equina/680ef0e1-b773-4702-b370-913d212314b7.jpg,Actinia equina,Beadlet anemone,Animalia,Actiniidae,Actinia,374,500
train,249,5172,2435548,2435548,train_mini/05172_Animalia_Cnidaria_Anthozoa_Actiniaria_Actiniidae_Actinia_equina/41f48ec4-af16-4397-bba0-8a5137fc5e36.jpg,Actinia equina,Beadlet anemone,Animalia,Actiniidae,Actinia,500,333
train,249,5172,673451,673451,train_mini/05172_Animalia_Cnidaria_Anthozoa_Actiniaria_Actiniidae_Actinia_equina/903c36cf-da94-49af-ac54-68f8f1d87427.jpg,Actinia equina,Beadlet anemone,Animalia,Actiniidae,Actinia,500,375
train,249,5172,2335295,2335295,train_mini/05172_Animalia_Cnidaria_Anthozoa_Actiniaria_Actiniidae_Actinia_equina/90038371-4b7a-4c5b-a965-79e8a154561b.jpg,Actinia equina,Beadlet anemone,Animalia,Actiniidae,Actinia,500,379
train,249,5172,1214749,1214749,train_mini/05172_Animalia_Cnidaria_Anthozoa_Actiniaria_Actiniidae_Actinia_equina/1163a751-47e5-400f-8f4b-962d4f1a8558.jpg,Actinia equina,Beadlet anemone,Animalia,Actiniidae,Actinia,375,500
train,249,5172,1854323,1854323,train_mini/05172_Animalia_Cnidaria_Anthozoa_Actiniaria_Actiniidae_Actinia_equina/4284f415-9833-4936-9c05-1a1033916f78.jpg,Actinia equina,Beadlet anemone,Animalia,Actiniidae,Actinia,375,500
train,249,5172,2284825,2284825,train_mini/05172_Animalia_Cnidaria_Anthozoa_Actiniaria_Actiniidae_Actinia_equina/5eacc5ed-a886-4810-8bff-458f1d209d4c.jpg,Actinia equina,Beadlet anemone,Animalia,Actiniidae,Actinia,500,466
train,249,5172,2623563,2623563,train_mini/05172_Animalia_Cnidaria_Anthozoa_Actiniaria_Actiniidae_Actinia_equina/f0e1fc0b-b680-4590-b1c2-2eaae9622308.jpg,Actinia equina,Beadlet anemone,Animalia,Actiniidae,Actinia,500,392
train,250,5220,917241,917241,train_mini/05220_Animalia_Mollusca_Bivalvia_Cardiida_Cardiidae_Clinocardium_nuttallii/714641da-f4fe-43a9-9f4a-e0d4559454f9.jpg,Clinocardium nuttallii,Nuttall's Cockle,Animalia,Cardiidae,Clinocardium,500,335
train,250,5220,855005,855005,train_mini/05220_Animalia_Mollusca_Bivalvia_Cardiida_Cardiidae_Clinocardium_nuttallii/f263b115-9a54-413d-b74e-e0c02742e2bd.jpg,Clinocardium nuttallii,Nuttall's Cockle,Animalia,Cardiidae,Clinocardium,500,281
train,250,5220,2029154,2029154,train_mini/05220_Animalia_Mollusca_Bivalvia_Cardiida_Cardiidae_Clinocardium_nuttallii/1579d24d-b6e7-4a3d-895c-3c6743c9a845.jpg,Clinocardium nuttallii,Nuttall's Cockle,Animalia,Cardiidae,Clinocardium,375,500
train,250,5220,1686627,1686627,train_mini/05220_Animalia_Mollusca_Bivalvia_Cardiida_Cardiidae_Clinocardium_nuttallii/7f2589fb-140c-46d3-836d-a02a6c1be711.jpg,Clinocardium nuttallii,Nuttall's Cockle,Animalia,Cardiidae,Clinocardium,375,500
train,250,5220,860055,860055,train_mini/05220_Animalia_Mollusca_Bivalvia_Cardiida_Cardiidae_Clinocardium_nuttallii/53875b59-441e-48ff-b757-6b2f09fc53c5.jpg,Clinocardium nuttallii,Nuttall's Cockle,Animalia,Cardiidae,Clinocardium,500,375
train,250,5220,1863615,1863615,train_mini/05220_Animalia_Mollusca_Bivalvia_Cardiida_Cardiidae_Clinocardium_nuttallii/6d373f93-f387-4ab0-872d-5bb300bf803a.jpg,Clinocardium nuttallii,Nuttall's Cockle,Animalia,Cardiidae,Clinocardium,500,461
train,250,5220,122307,122307,train_mini/05220_Animalia_Mollusca_Bivalvia_Cardiida_Cardiidae_Clinocardium_nuttallii/5826927b-b0df-453e-81c3-559734d81c36.jpg,Clinocardium nuttallii,Nuttall's Cockle,Animalia,Cardiidae,Clinocardium,373,500
train,250,5220,962605,962605,train_mini/05220_Animalia_Mollusca_Bivalvia_Cardiida_Cardiidae_Clinocardium_nuttallii/1b45e628-e329-48dd-911d-930cdce4d1c0.jpg,Clinocardium nuttallii,Nuttall's Cockle,Animalia,Cardiidae,Clinocardium,375,500
train,251,5273,1703246,1703246,train_mini/05273_Animalia_Mollusca_Gastropoda_Littorinimorpha_Strombidae_Aliger_gigas/d6fcddc1-a1d5-4e42-b266-c7e28169f7d0.jpg,Aliger gigas,Queen Conch,Animalia,Strombidae,Aliger,375,500
train,251,5273,2648056,2648056,train_mini/05273_Animalia_Mollusca_Gastropoda_Littorinimorpha_Strombidae_Aliger_gigas/c716d715-2889-4cd3-9a7a-18ab50ed0354.jpg,Aliger gigas,Queen Conch,Animalia,Strombidae,Aliger,500,500
train,251,5273,1312880,1312880,train_mini/05273_Animalia_Mollusca_Gastropoda_Littorinimorpha_Strombidae_Aliger_gigas/f33c1cfd-f497-4157-a491-495dfdae43ee.jpg,Aliger gigas,Queen Conch,Animalia,Strombidae,Aliger,375,500
train,251,5273,2493697,2493697,train_mini/05273_Animalia_Mollusca_Gastropoda_Littorinimorpha_Strombidae_Aliger_gigas/f53e8fa3-018a-4cb5-9350-6cdc5d6a8e3c.jpg,Aliger gigas,Queen Conch,Animalia,Strombidae,Aliger,500,333
train,251,5273,1584836,1584836,train_mini/05273_Animalia_Mollusca_Gastropoda_Littorinimorpha_Strombidae_Aliger_gigas/a3a9686a-acb9-4ca5-8742-1bad013b9b51.jpg,Aliger gigas,Queen Conch,Animalia,Strombidae,Aliger,375,500
train,251,5273,299551,299551,train_mini/05273_Animalia_Mollusca_Gastropoda_Littorinimorpha_Strombidae_Aliger_gigas/5bd31b3e-5954-4e8a-a285-e0e6f233bf61.jpg,Aliger gigas,Queen Conch,Animalia,Strombidae,Aliger,375,500
train,251,5273,1971694,1971694,train_mini/05273_Animalia_Mollusca_Gastropoda_Littorinimorpha_Strombidae_Aliger_gigas/d91e7a28-09f5-4e12-b987-24b0ea9243af.jpg,Aliger gigas,Queen Conch,Animalia,Strombidae,Aliger,500,282
train,251,5273,1518299,1518299,train_mini/05273_Animalia_Mollusca_Gastropoda_Littorinimorpha_Strombidae_Aliger_gigas/587fe383-c1ca-4099-968b-6fbb34161569.jpg,Aliger gigas,Queen Conch,Animalia,Strombidae,Aliger,500,375
train,252,5277,1861457,1861457,train_mini/05277_Animalia_Mollusca_Gastropoda_Neogastropoda_Buccinidae_Buccinum_undatum/b52b253f-2904-46c8-8422-da53fbbafbad.jpg,Buccinum undatum,Common Whelk,Animalia,Buccinidae,Buccinum,375,500
train,252,5277,955640,955640,train_mini/05277_Animalia_Mollusca_Gastropoda_Neogastropoda_Buccinidae_Buccinum_undatum/eb570c32-7a53-42e5-96f7-fad4f7dc9659.jpg,Buccinum undatum,Common Whelk,Animalia,Buccinidae,Buccinum,375,500
train,252,5277,1044296,1044296,train_mini/05277_Animalia_Mollusca_Gastropoda_Neogastropoda_Buccinidae_Buccinum_undatum/b29af06c-b85d-4eb8-8fd1-466759973809.jpg,Buccinum undatum,Common Whelk,Animalia,Buccinidae,Buccinum,375,500
train,252,5277,995480,995480,train_mini/05277_Animalia_Mollusca_Gastropoda_Neogastropoda_Buccinidae_Buccinum_undatum/affa708d-11cf-4d8e-9827-494f5aa38b9a.jpg,Buccinum undatum,Common Whelk,Animalia,Buccinidae,Buccinum,500,375
train,252,5277,221711,221711,train_mini/05277_Animalia_Mollusca_Gastropoda_Neogastropoda_Buccinidae_Buccinum_undatum/a0f6314c-aec0-41e8-bf30-00623b8eb069.jpg,Buccinum undatum,Common Whelk,Animalia,Buccinidae,Buccinum,281,500
train,252,5277,2449770,2449770,train_mini/05277_Animalia_Mollusca_Gastropoda_Neogastropoda_Buccinidae_Buccinum_undatum/3ea83b49-3d86-4937-b0a9-f141bc054644.jpg,Buccinum undatum,Common Whelk,Animalia,Buccinidae,Buccinum,500,375
train,252,5277,1805993,1805993,train_mini/05277_Animalia_Mollusca_Gastropoda_Neogastropoda_Buccinidae_Buccinum_undatum/e29a75f0-fdf2-4009-bc80-ff5a11b07953.jpg,Buccinum undatum,Common Whelk,Animalia,Buccinidae,Buccinum,375,500
train,252,5277,462719,462719,train_mini/05277_Animalia_Mollusca_Gastropoda_Neogastropoda_Buccinidae_Buccinum_undatum/1574d249-8be1-41d8-b914-4e53c775c655.jpg,Buccinum undatum,Common Whelk,Animalia,Buccinidae,Buccinum,500,375
train,253,5283,1598140,1598140,train_mini/05283_Animalia_Mollusca_Gastropoda_Neogastropoda_Conidae_Californiconus_californicus/e3d1b069-b298-4a43-9a44-84fcdf20df46.jpg,Californiconus californicus,California Cone,Animalia,Conidae,Californiconus,375,500
train,253,5283,1322306,1322306,train_mini/05283_Animalia_Mollusca_Gastropoda_Neogastropoda_Conidae_Californiconus_californicus/777d2d3d-f444-40c3-8ddd-8e15081d57e4.jpg,Californiconus californicus,California Cone,Animalia,Conidae,Californiconus,375,500
train,253,5283,1839921,1839921,train_mini/05283_Animalia_Mollusca_Gastropoda_Neogastropoda_Conidae_Californiconus_californicus/c9614d45-dc26-4e1b-9176-c0470a5ba89a.jpg,Californiconus californicus,California Cone,Animalia,Conidae,Californiconus,439,500
train,253,5283,2276512,2276512,train_mini/05283_Animalia_Mollusca_Gastropoda_Neogastropoda_Conidae_Californiconus_californicus/9da7b350-7d70-47c4-b277-912b643f69b8.jpg,Californiconus californicus,California Cone,Animalia,Conidae,Californiconus,500,356
train,253,5283,921154,921154,train_mini/05283_Animalia_Mollusca_Gastropoda_Neogastropoda_Conidae_Californiconus_californicus/cbbd26af-ee36-4f2a-9314-3a7adb232aa3.jpg,Californiconus californicus,California Cone,Animalia,Conidae,Californiconus,500,375
train,253,5283,913828,913828,train_mini/05283_Animalia_Mollusca_Gastropoda_Neogastropoda_Conidae_Californiconus_californicus/3f4d7f48-8e26-404a-bcd5-c7c9fc8fb357.jpg,Californiconus californicus,California Cone,Animalia,Conidae,Californiconus,500,375
train,253,5283,2198496,2198496,train_mini/05283_Animalia_Mollusca_Gastropoda_Neogastropoda_Conidae_Californiconus_californicus/8ac1bb7f-4392-4ef8-b983-8533fb1949e7.jpg,Californiconus californicus,California Cone,Animalia,Conidae,Californiconus,500,375
train,253,5283,362705,362705,train_mini/05283_Animalia_Mollusca_Gastropoda_Neogastropoda_Conidae_Californiconus_californicus/25095298-881c-44ed-8480-9279cf2504d6.jpg,Californiconus californicus,California Cone,Animalia,Conidae,Californiconus,500,375
train,254,5291,669822,669822,train_mini/05291_Animalia_Mollusca_Gastropoda_Neogastropoda_Olividae_Americoliva_sayana/74dd97e7-0766-40a7-8704-4a140f751920.jpg,Americoliva sayana,Lettered Olive,Animalia,Olividae,Americoliva,500,375
train,254,5291,1718437,1718437,train_mini/05291_Animalia_Mollusca_Gastropoda_Neogastropoda_Olividae_Americoliva_sayana/1725a726-279a-4be9-88db-5159f038b13e.jpg,Americoliva sayana,Lettered Olive,Animalia,Olividae,Americoliva,500,375
train,254,5291,1907286,1907286,train_mini/05291_Animalia_Mollusca_Gastropoda_Neogastropoda_Olividae_Americoliva_sayana/0f9325c5-4ac6-4ee0-96f9-ac829e8f0c23.jpg,Americoliva sayana,Lettered Olive,Animalia,Olividae,Americoliva,375,500
train,254,5291,217467,217467,train_mini/05291_Animalia_Mollusca_Gastropoda_Neogastropoda_Olividae_Americoliva_sayana/ed1375e4-3a39-4deb-846e-57e721d637f1.jpg,Americoliva sayana,Lettered Olive,Animalia,Olividae,Americoliva,500,333
train,254,5291,112242,112242,train_mini/05291_Animalia_Mollusca_Gastropoda_Neogastropoda_Olividae_Americoliva_sayana/05af5166-bb59-4266-9c42-c2cf8d068db9.jpg,Americoliva sayana,Lettered Olive,Animalia,Olividae,Americoliva,500,375
train,254,5291,137561,137561,train_mini/05291_Animalia_Mollusca_Gastropoda_Neogastropoda_Olividae_Americoliva_sayana/e4d22044-2853-415e-9618-8574cfeefff0.jpg,Americoliva sayana,Lettered Olive,Animalia,Olividae,Americoliva,375,500
train,254,5291,1286702,1286702,train_mini/05291_Animalia_Mollusca_Gastropoda_Neogastropoda_Olividae_Americoliva_sayana/377829d1-05af-4b93-b3a2-b8fd478556cc.jpg,Americoliva sayana,Lettered Olive,Animalia,Olividae,Americoliva,500,375
train,254,5291,487507,487507,train_mini/05291_Animalia_Mollusca_Gastropoda_Neogastropoda_Olividae_Americoliva_sayana/30995ef4-b445-4bd9-8aaa-f598443e73b5.jpg,Americoliva sayana,Lettered Olive,Animalia,Olividae,Americoliva,500,375
train,255,5312,305908,305908,train_mini/05312_Animalia_Mollusca_Gastropoda_Nudibranchia_Facelinidae_Phidiana_hiltoni/4279082e-d42b-4d8c-9a1f-5b5a573cafe2.jpg,Phidiana hiltoni,Hilton's Aeolid,Animalia,Facelinidae,Phidiana,500,375
train,255,5312,1811108,1811108,train_mini/05312_Animalia_Mollusca_Gastropoda_Nudibranchia_Facelinidae_Phidiana_hiltoni/8f3c4694-8dc9-418a-b3fd-ab8a2eeb6572.jpg,Phidiana hiltoni,Hilton's Aeolid,Animalia,Facelinidae,Phidiana,375,500
train,255,5312,669181,669181,train_mini/05312_Animalia_Mollusca_Gastropoda_Nudibranchia_Facelinidae_Phidiana_hiltoni/8b7e78b6-056a-4e90-b318-7279442a28a0.jpg,Phidiana hiltoni,Hilton's Aeolid,Animalia,Facelinidae,Phidiana,500,375
train,255,5312,985477,985477,train_mini/05312_Animalia_Mollusca_Gastropoda_Nudibranchia_Facelinidae_Phidiana_hiltoni/8129ae56-6b63-43da-83f5-db2a2261b0da.jpg,Phidiana hiltoni,Hilton's Aeolid,Animalia,Facelinidae,Phidiana,500,335
train,255,5312,852133,852133,train_mini/05312_Animalia_Mollusca_Gastropoda_Nudibranchia_Facelinidae_Phidiana_hiltoni/1eba9921-53d5-40cb-af0f-eb430cd1b63a.jpg,Phidiana hiltoni,Hilton's Aeolid,Animalia,Facelinidae,Phidiana,500,375
train,255,5312,1960324,1960324,train_mini/05312_Animalia_Mollusca_Gastropoda_Nudibranchia_Facelinidae_Phidiana_hiltoni/31fe459a-113c-446b-8a3a-45b7e1c4de07.jpg,Phidiana hiltoni,Hilton's Aeolid,Animalia,Facelinidae,Phidiana,343,500
train,255,5312,30923,30923,train_mini/05312_Animalia_Mollusca_Gastropoda_Nudibranchia_Facelinidae_Phidiana_hiltoni/50816760-4872-4ed9-8734-1c006b205550.jpg,Phidiana hiltoni,Hilton's Aeolid,Animalia,Facelinidae,Phidiana,500,361
train,255,5312,782477,782477,train_mini/05312_Animalia_Mollusca_Gastropoda_Nudibranchia_Facelinidae_Phidiana_hiltoni/d6bebce6-232d-4c94-a3e4-73a7f0e991a6.jpg,Phidiana hiltoni,Hilton's Aeolid,Animalia,Facelinidae,Phidiana,500,418
train,256,5323,2416500,2416500,train_mini/05323_Animalia_Mollusca_Gastropoda_Nudibranchia_Phyllidiidae_Phyllidia_varicosa/6ef1f5b6-3357-4998-ac30-8d5276046bab.jpg,Phyllidia varicosa,Varicose Wart Slug,Animalia,Phyllidiidae,Phyllidia,500,396
train,256,5323,2102765,2102765,train_mini/05323_Animalia_Mollusca_Gastropoda_Nudibranchia_Phyllidiidae_Phyllidia_varicosa/5b3e87f2-3fc5-43f3-af6f-f695e20906fc.jpg,Phyllidia varicosa,Varicose Wart Slug,Animalia,Phyllidiidae,Phyllidia,500,281
train,256,5323,2607834,2607834,train_mini/05323_Animalia_Mollusca_Gastropoda_Nudibranchia_Phyllidiidae_Phyllidia_varicosa/d9ad0fed-8b7a-4a98-9742-4084aa9f5d5b.jpg,Phyllidia varicosa,Varicose Wart Slug,Animalia,Phyllidiidae,Phyllidia,500,268
train,256,5323,2552592,2552592,train_mini/05323_Animalia_Mollusca_Gastropoda_Nudibranchia_Phyllidiidae_Phyllidia_varicosa/0d97c4a8-266c-4042-acea-ab052e208f78.jpg,Phyllidia varicosa,Varicose Wart Slug,Animalia,Phyllidiidae,Phyllidia,500,375
train,256,5323,1207080,1207080,train_mini/05323_Animalia_Mollusca_Gastropoda_Nudibranchia_Phyllidiidae_Phyllidia_varicosa/8ba331a7-7ba9-44ba-848c-674a4e7685da.jpg,Phyllidia varicosa,Varicose Wart Slug,Animalia,Phyllidiidae,Phyllidia,500,375
train,256,5323,1220523,1220523,train_mini/05323_Animalia_Mollusca_Gastropoda_Nudibranchia_Phyllidiidae_Phyllidia_varicosa/c1366612-4015-47cc-8a5d-b55305c5c32d.jpg,Phyllidia varicosa,Varicose Wart Slug,Animalia,Phyllidiidae,Phyllidia,500,375
train,256,5323,464515,464515,train_mini/05323_Animalia_Mollusca_Gastropoda_Nudibranchia_Phyllidiidae_Phyllidia_varicosa/cfba2b73-2ffd-4ea4-980b-1687622d5b28.jpg,Phyllidia varicosa,Varicose Wart Slug,Animalia,Phyllidiidae,Phyllidia,500,400
train,256,5323,2325161,2325161,train_mini/05323_Animalia_Mollusca_Gastropoda_Nudibranchia_Phyllidiidae_Phyllidia_varicosa/fda185bb-70b6-4087-a2fd-f25cbc97c8a4.jpg,Phyllidia varicosa,Varicose Wart Slug,Animalia,Phyllidiidae,Phyllidia,500,306
train,257,5330,1046876,1046876,train_mini/05330_Animalia_Mollusca_Gastropoda_Stylommatophora_Achatinidae_Rumina_decollata/eb1d7dfb-d66c-4b75-ba2d-6cbec36aaa53.jpg,Rumina decollata,Decollate Snail,Animalia,Achatinidae,Rumina,300,500
train,257,5330,2650757,2650757,train_mini/05330_Animalia_Mollusca_Gastropoda_Stylommatophora_Achatinidae_Rumina_decollata/20fe7a28-6c24-49c6-b9da-1108018f4566.jpg,Rumina decollata,Decollate Snail,Animalia,Achatinidae,Rumina,500,375
train,257,5330,2360716,2360716,train_mini/05330_Animalia_Mollusca_Gastropoda_Stylommatophora_Achatinidae_Rumina_decollata/ee853c9f-c21a-44ee-8b66-0b32bdd5e12e.jpg,Rumina decollata,Decollate Snail,Animalia,Achatinidae,Rumina,281,500
train,257,5330,2184994,2184994,train_mini/05330_Animalia_Mollusca_Gastropoda_Stylommatophora_Achatinidae_Rumina_decollata/a1244d99-a202-4bde-a3dc-c84fc0b58ffd.jpg,Rumina decollata,Decollate Snail,Animalia,Achatinidae,Rumina,375,500
train,257,5330,809787,809787,train_mini/05330_Animalia_Mollusca_Gastropoda_Stylommatophora_Achatinidae_Rumina_decollata/5df864e5-4e38-4a57-a4b4-8be523dcb008.jpg,Rumina decollata,Decollate Snail,Animalia,Achatinidae,Rumina,375,500
train,257,5330,1561529,1561529,train_mini/05330_Animalia_Mollusca_Gastropoda_Stylommatophora_Achatinidae_Rumina_decollata/a1063b12-3623-43e5-abe7-ee5b3488583f.jpg,Rumina decollata,Decollate Snail,Animalia,Achatinidae,Rumina,375,500
train,257,5330,1333359,1333359,train_mini/05330_Animalia_Mollusca_Gastropoda_Stylommatophora_Achatinidae_Rumina_decollata/d6da8456-faa4-496e-be44-0e6a6f10c3e2.jpg,Rumina decollata,Decollate Snail,Animalia,Achatinidae,Rumina,375,500
train,257,5330,352702,352702,train_mini/05330_Animalia_Mollusca_Gastropoda_Stylommatophora_Achatinidae_Rumina_decollata/b2948927-570e-4c35-9ead-e795b89490e9.jpg,Rumina decollata,Decollate Snail,Animalia,Achatinidae,Rumina,375,500
train,258,5347,2232174,2232174,train_mini/05347_Animalia_Mollusca_Gastropoda_Stylommatophora_Helicidae_Cepaea_hortensis/5c7bf2d0-9bec-4d1f-a756-28cb21886353.jpg,Cepaea hortensis,White-lipped Snail,Animalia,Helicidae,Cepaea,500,375
train,258,5347,1866142,1866142,train_mini/05347_Animalia_Mollusca_Gastropoda_Stylommatophora_Helicidae_Cepaea_hortensis/ef33894e-ae4b-4155-b512-432be66a6d92.jpg,Cepaea hortensis,White-lipped Snail,Animalia,Helicidae,Cepaea,375,500
train,258,5347,819049,819049,train_mini/05347_Animalia_Mollusca_Gastropoda_Stylommatophora_Helicidae_Cepaea_hortensis/ba008980-a3ba-4cd8-bab6-40342b2af0eb.jpg,Cepaea hortensis,White-lipped Snail,Animalia,Helicidae,Cepaea,281,500
train,258,5347,1699978,1699978,train_mini/05347_Animalia_Mollusca_Gastropoda_Stylommatophora_Helicidae_Cepaea_hortensis/15e14f99-9716-42de-a603-79cb754cca95.jpg,Cepaea hortensis,White-lipped Snail,Animalia,Helicidae,Cepaea,281,500
train,258,5347,2401160,2401160,train_mini/05347_Animalia_Mollusca_Gastropoda_Stylommatophora_Helicidae_Cepaea_hortensis/7a671112-7d42-4755-8a10-5000c1e48b02.jpg,Cepaea hortensis,White-lipped Snail,Animalia,Helicidae,Cepaea,500,333
train,258,5347,2345338,2345338,train_mini/05347_Animalia_Mollusca_Gastropoda_Stylommatophora_Helicidae_Cepaea_hortensis/3630ed29-ada8-4430-b96a-c3802ef39546.jpg,Cepaea hortensis,White-lipped Snail,Animalia,Helicidae,Cepaea,375,500
train,258,5347,2278906,2278906,train_mini/05347_Animalia_Mollusca_Gastropoda_Stylommatophora_Helicidae_Cepaea_hortensis/1df8f8ef-e00f-4e53-97fb-affd8beaad22.jpg,Cepaea hortensis,White-lipped Snail,Animalia,Helicidae,Cepaea,500,375
train,258,5347,1644463,1644463,train_mini/05347_Animalia_Mollusca_Gastropoda_Stylommatophora_Helicidae_Cepaea_hortensis/feb8ce5e-ce1f-4ba9-9002-2013890dc914.jpg,Cepaea hortensis,White-lipped Snail,Animalia,Helicidae,Cepaea,500,489
train,259,5350,904618,904618,train_mini/05350_Animalia_Mollusca_Gastropoda_Stylommatophora_Helicidae_Helix_lucorum/69e17cdf-bf3f-41d9-a562-a619a6167225.jpg,Helix lucorum,Turkish Snail,Animalia,Helicidae,Helix,375,500
train,259,5350,2542864,2542864,train_mini/05350_Animalia_Mollusca_Gastropoda_Stylommatophora_Helicidae_Helix_lucorum/d15c44b7-0a01-44cb-b3a0-9519707e56cd.jpg,Helix lucorum,Turkish Snail,Animalia,Helicidae,Helix,500,488
train,259,5350,1832755,1832755,train_mini/05350_Animalia_Mollusca_Gastropoda_Stylommatophora_Helicidae_Helix_lucorum/902f17de-35d7-4ffc-a01a-f220737b7bee.jpg,Helix lucorum,Turkish Snail,Animalia,Helicidae,Helix,375,500
train,259,5350,1706242,1706242,train_mini/05350_Animalia_Mollusca_Gastropoda_Stylommatophora_Helicidae_Helix_lucorum/3dd85a94-8ac5-4d3d-973a-b0ca58a1ed16.jpg,Helix lucorum,Turkish Snail,Animalia,Helicidae,Helix,500,500
train,259,5350,2643112,2643112,train_mini/05350_Animalia_Mollusca_Gastropoda_Stylommatophora_Helicidae_Helix_lucorum/2efdd021-13d4-44ef-b7dc-2b798c862d8d.jpg,Helix lucorum,Turkish Snail,Animalia,Helicidae,Helix,500,375
train,259,5350,1698346,1698346,train_mini/05350_Animalia_Mollusca_Gastropoda_Stylommatophora_Helicidae_Helix_lucorum/f1093212-143b-4ad6-9445-03e3d83afdab.jpg,Helix lucorum,Turkish Snail,Animalia,Helicidae,Helix,375,500
train,259,5350,1518010,1518010,train_mini/05350_Animalia_Mollusca_Gastropoda_Stylommatophora_Helicidae_Helix_lucorum/1fa4488f-aacc-45e4-8e29-43d9c8a82cdf.jpg,Helix lucorum,Turkish Snail,Animalia,Helicidae,Helix,375,500
train,259,5350,550304,550304,train_mini/05350_Animalia_Mollusca_Gastropoda_Stylommatophora_Helicidae_Helix_lucorum/f54f17be-0dc4-4fb5-9aa1-c45d14fcc06b.jpg,Helix lucorum,Turkish Snail,Animalia,Helicidae,Helix,375,500
train,260,5387,1654481,1654481,train_mini/05387_Animalia_Mollusca_Polyplacophora_Chitonida_Tonicellidae_Tonicella_lineata/9e7fbc36-71ae-4552-bd84-6d70158b6dc4.jpg,Tonicella lineata,Lined Chiton,Animalia,Tonicellidae,Tonicella,375,500
train,260,5387,2388252,2388252,train_mini/05387_Animalia_Mollusca_Polyplacophora_Chitonida_Tonicellidae_Tonicella_lineata/0d34d3eb-2ede-4bfd-9b54-e28023cc9265.jpg,Tonicella lineata,Lined Chiton,Animalia,Tonicellidae,Tonicella,500,415
train,260,5387,817712,817712,train_mini/05387_Animalia_Mollusca_Polyplacophora_Chitonida_Tonicellidae_Tonicella_lineata/04917d7a-4824-464c-8ef0-d10f3948bd70.jpg,Tonicella lineata,Lined Chiton,Animalia,Tonicellidae,Tonicella,333,500
train,260,5387,485727,485727,train_mini/05387_Animalia_Mollusca_Polyplacophora_Chitonida_Tonicellidae_Tonicella_lineata/79bfcb4f-8111-450f-be5b-28cf39cf01f9.jpg,Tonicella lineata,Lined Chiton,Animalia,Tonicellidae,Tonicella,500,333
train,260,5387,2328289,2328289,train_mini/05387_Animalia_Mollusca_Polyplacophora_Chitonida_Tonicellidae_Tonicella_lineata/cfb01c49-d8d6-4b54-8ac9-f22b4b06147e.jpg,Tonicella lineata,Lined Chiton,Animalia,Tonicellidae,Tonicella,500,333
train,260,5387,2655564,2655564,train_mini/05387_Animalia_Mollusca_Polyplacophora_Chitonida_Tonicellidae_Tonicella_lineata/f6257097-ccda-4191-bd52-afc4ae810d69.jpg,Tonicella lineata,Lined Chiton,Animalia,Tonicellidae,Tonicella,375,500
train,260,5387,598200,598200,train_mini/05387_Animalia_Mollusca_Polyplacophora_Chitonida_Tonicellidae_Tonicella_lineata/5697e268-0166-4b3c-b604-451db3bf06ad.jpg,Tonicella lineata,Lined Chiton,Animalia,Tonicellidae,Tonicella,500,375
train,260,5387,1348561,1348561,train_mini/05387_Animalia_Mollusca_Polyplacophora_Chitonida_Tonicellidae_Tonicella_lineata/6231dd85-3fe1-45f5-b37f-161c8998519b.jpg,Tonicella lineata,Lined Chiton,Animalia,Tonicellidae,Tonicella,375,500
train,261,5433,1314258,1314258,train_mini/05433_Fungi_Ascomycota_Lecanoromycetes_Peltigerales_Peltigeraceae_Peltigera_praetextata/67a5eba1-d228-45aa-9327-c571f554542f.jpg,Peltigera praetextata,scaly pelt lichen,Fungi,Peltigeraceae,Peltigera,500,333
train,261,5433,1908420,1908420,train_mini/05433_Fungi_Ascomycota_Lecanoromycetes_Peltigerales_Peltigeraceae_Peltigera_praetextata/b19bd73a-8cc4-44de-b74c-fc24eab21f3a.jpg,Peltigera praetextata,scaly pelt lichen,Fungi,Peltigeraceae,Peltigera,500,333
train,261,5433,1712397,1712397,train_mini/05433_Fungi_Ascomycota_Lecanoromycetes_Peltigerales_Peltigeraceae_Peltigera_praetextata/a4ba4dbb-3b87-4ca8-aa7d-07838d9a17bf.jpg,Peltigera praetextata,scaly pelt lichen,Fungi,Peltigeraceae,Peltigera,500,375
train,261,5433,1944982,1944982,train_mini/05433_Fungi_Ascomycota_Lecanoromycetes_Peltigerales_Peltigeraceae_Peltigera_praetextata/7b656671-d794-4ff4-af0b-9d8c9fb8079c.jpg,Peltigera praetextata,scaly pelt lichen,Fungi,Peltigeraceae,Peltigera,500,375
train,261,5433,1991380,1991380,train_mini/05433_Fungi_Ascomycota_Lecanoromycetes_Peltigerales_Peltigeraceae_Peltigera_praetextata/fe484a5c-c9ce-4ff9-8c85-570064b9a8d7.jpg,Peltigera praetextata,scaly pelt lichen,Fungi,Peltigeraceae,Peltigera,391,500
train,261,5433,1707237,1707237,train_mini/05433_Fungi_Ascomycota_Lecanoromycetes_Peltigerales_Peltigeraceae_Peltigera_praetextata/18cf5e79-0230-47ae-956d-47bd37f3262d.jpg,Peltigera praetextata,scaly pelt lichen,Fungi,Peltigeraceae,Peltigera,500,375
train,261,5433,686405,686405,train_mini/05433_Fungi_Ascomycota_Lecanoromycetes_Peltigerales_Peltigeraceae_Peltigera_praetextata/fba15571-479f-403b-953a-bcb758294466.jpg,Peltigera praetextata,scaly pelt lichen,Fungi,Peltigeraceae,Peltigera,375,500
train,261,5433,1535777,1535777,train_mini/05433_Fungi_Ascomycota_Lecanoromycetes_Peltigerales_Peltigeraceae_Peltigera_praetextata/8f23b9b4-9132-468e-949c-70babbd5ce6f.jpg,Peltigera praetextata,scaly pelt lichen,Fungi,Peltigeraceae,Peltigera,500,375
train,262,5441,790632,790632,train_mini/05441_Fungi_Ascomycota_Lecanoromycetes_Teloschistales_Teloschistaceae_Teloschistes_flavicans/bb21a5d8-0c07-4c9c-8f4e-5d0272dac678.jpg,Teloschistes flavicans,Golden Hair-lichen,Fungi,Teloschistaceae,Teloschistes,281,500
train,262,5441,301993,301993,train_mini/05441_Fungi_Ascomycota_Lecanoromycetes_Teloschistales_Teloschistaceae_Teloschistes_flavicans/4154f364-4d31-4a83-a518-e2e06e6cdbee.jpg,Teloschistes flavicans,Golden Hair-lichen,Fungi,Teloschistaceae,Teloschistes,499,500
train,262,5441,2407993,2407993,train_mini/05441_Fungi_Ascomycota_Lecanoromycetes_Teloschistales_Teloschistaceae_Teloschistes_flavicans/ea060476-9562-4522-81cb-aab2e0618f3e.jpg,Teloschistes flavicans,Golden Hair-lichen,Fungi,Teloschistaceae,Teloschistes,500,375
train,262,5441,1391731,1391731,train_mini/05441_Fungi_Ascomycota_Lecanoromycetes_Teloschistales_Teloschistaceae_Teloschistes_flavicans/201aea40-4e64-474b-846b-52a68a6d07b1.jpg,Teloschistes flavicans,Golden Hair-lichen,Fungi,Teloschistaceae,Teloschistes,500,375
train,262,5441,1376595,1376595,train_mini/05441_Fungi_Ascomycota_Lecanoromycetes_Teloschistales_Teloschistaceae_Teloschistes_flavicans/31ea156b-6e75-4326-b028-549498dfb5a2.jpg,Teloschistes flavicans,Golden Hair-lichen,Fungi,Teloschistaceae,Teloschistes,500,332
train,262,5441,564432,564432,train_mini/05441_Fungi_Ascomycota_Lecanoromycetes_Teloschistales_Teloschistaceae_Teloschistes_flavicans/c4ada90b-ddd5-4833-aa92-d259698f2d55.jpg,Teloschistes flavicans,Golden Hair-lichen,Fungi,Teloschistaceae,Teloschistes,375,500
train,262,5441,1568959,1568959,train_mini/05441_Fungi_Ascomycota_Lecanoromycetes_Teloschistales_Teloschistaceae_Teloschistes_flavicans/2d031fe9-0f9b-4aa0-b8c4-08622a56f1ef.jpg,Teloschistes flavicans,Golden Hair-lichen,Fungi,Teloschistaceae,Teloschistes,375,500
train,262,5441,1229623,1229623,train_mini/05441_Fungi_Ascomycota_Lecanoromycetes_Teloschistales_Teloschistaceae_Teloschistes_flavicans/699ab351-1992-4410-ac6f-a2c3eaa7b03b.jpg,Teloschistes flavicans,Golden Hair-lichen,Fungi,Teloschistaceae,Teloschistes,375,500
train,263,5445,1315224,1315224,train_mini/05445_Fungi_Ascomycota_Lecanoromycetes_Umbilicariales_Umbilicariaceae_Umbilicaria_mammulata/f85b184f-1f53-4c73-96bb-dedde5b2ee62.jpg,Umbilicaria mammulata,Smooth Rock Tripe,Fungi,Umbilicariaceae,Umbilicaria,375,500
train,263,5445,1732103,1732103,train_mini/05445_Fungi_Ascomycota_Lecanoromycetes_Umbilicariales_Umbilicariaceae_Umbilicaria_mammulata/f117d36d-7f04-41a2-aa38-6c7e3b8cceb7.jpg,Umbilicaria mammulata,Smooth Rock Tripe,Fungi,Umbilicariaceae,Umbilicaria,500,500
train,263,5445,1668235,1668235,train_mini/05445_Fungi_Ascomycota_Lecanoromycetes_Umbilicariales_Umbilicariaceae_Umbilicaria_mammulata/e22924c3-19ab-4116-a44f-3d716beb9649.jpg,Umbilicaria mammulata,Smooth Rock Tripe,Fungi,Umbilicariaceae,Umbilicaria,375,500
train,263,5445,1230529,1230529,train_mini/05445_Fungi_Ascomycota_Lecanoromycetes_Umbilicariales_Umbilicariaceae_Umbilicaria_mammulata/a3bc98a8-fa5f-4704-9e77-4e2e88e3a053.jpg,Umbilicaria mammulata,Smooth Rock Tripe,Fungi,Umbilicariaceae,Umbilicaria,500,333
train,263,5445,393705,393705,train_mini/05445_Fungi_Ascomycota_Lecanoromycetes_Umbilicariales_Umbilicariaceae_Umbilicaria_mammulata/5a760ec8-7c7a-4a0c-a74c-9ed219f14ac2.jpg,Umbilicaria mammulata,Smooth Rock Tripe,Fungi,Umbilicariaceae,Umbilicaria,375,500
train,263,5445,640003,640003,train_mini/05445_Fungi_Ascomycota_Lecanoromycetes_Umbilicariales_Umbilicariaceae_Umbilicaria_mammulata/76c8030f-050b-4706-bc46-e740fd845e22.jpg,Umbilicaria mammulata,Smooth Rock Tripe,Fungi,Umbilicariaceae,Umbilicaria,500,464
train,263,5445,2316510,2316510,train_mini/05445_Fungi_Ascomycota_Lecanoromycetes_Umbilicariales_Umbilicariaceae_Umbilicaria_mammulata/b6bb12d2-d497-4a06-992c-7101464b1eda.jpg,Umbilicaria mammulata,Smooth Rock Tripe,Fungi,Umbilicariaceae,Umbilicaria,500,333
train,263,5445,2541936,2541936,train_mini/05445_Fungi_Ascomycota_Lecanoromycetes_Umbilicariales_Umbilicariaceae_Umbilicaria_mammulata/3f84d096-3a97-4261-b860-52c5578e9e0a.jpg,Umbilicaria mammulata,Smooth Rock Tripe,Fungi,Umbilicariaceae,Umbilicaria,281,500
train,264,5474,760761,760761,train_mini/05474_Fungi_Basidiomycota_Agaricomycetes_Agaricales_Agaricaceae_Agaricus_xanthodermus/70bc432a-f428-40c6-a7b7-5b9269724eb8.jpg,Agaricus xanthodermus,Yellow Stainer,Fungi,Agaricaceae,Agaricus,500,452
train,264,5474,1357830,1357830,train_mini/05474_Fungi_Basidiomycota_Agaricomycetes_Agaricales_Agaricaceae_Agaricus_xanthodermus/ae41d4a1-a5e5-4dcb-bd13-43cf60a7fae4.jpg,Agaricus xanthodermus,Yellow Stainer,Fungi,Agaricaceae,Agaricus,375,500
train,264,5474,361307,361307,train_mini/05474_Fungi_Basidiomycota_Agaricomycetes_Agaricales_Agaricaceae_Agaricus_xanthodermus/e96a3867-574e-4ce5-8b1a-c69d2b42b3c5.jpg,Agaricus xanthodermus,Yellow Stainer,Fungi,Agaricaceae,Agaricus,472,500
train,264,5474,597253,597253,train_mini/05474_Fungi_Basidiomycota_Agaricomycetes_Agaricales_Agaricaceae_Agaricus_xanthodermus/d4d761a8-3bf1-44fe-9dd0-28c17fab1883.jpg,Agaricus xanthodermus,Yellow Stainer,Fungi,Agaricaceae,Agaricus,375,500
train,264,5474,603887,603887,train_mini/05474_Fungi_Basidiomycota_Agaricomycetes_Agaricales_Agaricaceae_Agaricus_xanthodermus/e376a6bf-2f8a-4fe9-bda1-21c3101598a7.jpg,Agaricus xanthodermus,Yellow Stainer,Fungi,Agaricaceae,Agaricus,375,500
train,264,5474,1768601,1768601,train_mini/05474_Fungi_Basidiomycota_Agaricomycetes_Agaricales_Agaricaceae_Agaricus_xanthodermus/46408ddc-2265-431b-b358-d68d8fb9af22.jpg,Agaricus xanthodermus,Yellow Stainer,Fungi,Agaricaceae,Agaricus,500,375
train,264,5474,632965,632965,train_mini/05474_Fungi_Basidiomycota_Agaricomycetes_Agaricales_Agaricaceae_Agaricus_xanthodermus/b207004e-5d3f-48b1-b022-0062e028bae5.jpg,Agaricus xanthodermus,Yellow Stainer,Fungi,Agaricaceae,Agaricus,500,281
train,264,5474,1291272,1291272,train_mini/05474_Fungi_Basidiomycota_Agaricomycetes_Agaricales_Agaricaceae_Agaricus_xanthodermus/54de409b-aeb4-4ce8-9663-93cfed178454.jpg,Agaricus xanthodermus,Yellow Stainer,Fungi,Agaricaceae,Agaricus,375,500
train,265,5477,523917,523917,train_mini/05477_Fungi_Basidiomycota_Agaricomycetes_Agaricales_Agaricaceae_Chlorophyllum_molybdites/582d0fcf-ce35-4fdd-b4ed-6d08ec9fbaa5.jpg,Chlorophyllum molybdites,green-spored parasol,Fungi,Agaricaceae,Chlorophyllum,500,375
train,265,5477,1668350,1668350,train_mini/05477_Fungi_Basidiomycota_Agaricomycetes_Agaricales_Agaricaceae_Chlorophyllum_molybdites/38fd988b-32f8-44c9-88cc-eabef4ade1a2.jpg,Chlorophyllum molybdites,green-spored parasol,Fungi,Agaricaceae,Chlorophyllum,375,500
train,265,5477,486441,486441,train_mini/05477_Fungi_Basidiomycota_Agaricomycetes_Agaricales_Agaricaceae_Chlorophyllum_molybdites/f7694500-e99d-49d5-a92e-a26a0e1645b3.jpg,Chlorophyllum molybdites,green-spored parasol,Fungi,Agaricaceae,Chlorophyllum,281,500
train,265,5477,254847,254847,train_mini/05477_Fungi_Basidiomycota_Agaricomycetes_Agaricales_Agaricaceae_Chlorophyllum_molybdites/dd5a0d22-9a5e-4e67-a5b3-107bfd52a77b.jpg,Chlorophyllum molybdites,green-spored parasol,Fungi,Agaricaceae,Chlorophyllum,500,319
train,265,5477,723152,723152,train_mini/05477_Fungi_Basidiomycota_Agaricomycetes_Agaricales_Agaricaceae_Chlorophyllum_molybdites/d3cbfab1-9d12-4ca6-b140-52dface66667.jpg,Chlorophyllum molybdites,green-spored parasol,Fungi,Agaricaceae,Chlorophyllum,500,375
train,265,5477,316169,316169,train_mini/05477_Fungi_Basidiomycota_Agaricomycetes_Agaricales_Agaricaceae_Chlorophyllum_molybdites/76583063-74bd-4a3b-893f-d76d443826b2.jpg,Chlorophyllum molybdites,green-spored parasol,Fungi,Agaricaceae,Chlorophyllum,500,375
train,265,5477,552717,552717,train_mini/05477_Fungi_Basidiomycota_Agaricomycetes_Agaricales_Agaricaceae_Chlorophyllum_molybdites/380ff4b6-83b5-45bf-a2e7-d8378c38f2c0.jpg,Chlorophyllum molybdites,green-spored parasol,Fungi,Agaricaceae,Chlorophyllum,500,375
train,265,5477,977271,977271,train_mini/05477_Fungi_Basidiomycota_Agaricomycetes_Agaricales_Agaricaceae_Chlorophyllum_molybdites/dc6ba269-44fc-4d1d-b6fe-6616c39bad43.jpg,Chlorophyllum molybdites,green-spored parasol,Fungi,Agaricaceae,Chlorophyllum,500,375
train,266,5498,1962833,1962833,train_mini/05498_Fungi_Basidiomycota_Agaricomycetes_Agaricales_Amanitaceae_Amanita_rubescens/e93155fc-f607-47f2-98df-4b92472f75b6.jpg,Amanita rubescens,blusher,Fungi,Amanitaceae,Amanita,375,500
train,266,5498,752020,752020,train_mini/05498_Fungi_Basidiomycota_Agaricomycetes_Agaricales_Amanitaceae_Amanita_rubescens/eaf11ffc-7d40-4f67-99f9-2c23754e2515.jpg,Amanita rubescens,blusher,Fungi,Amanitaceae,Amanita,278,500
train,266,5498,1153027,1153027,train_mini/05498_Fungi_Basidiomycota_Agaricomycetes_Agaricales_Amanitaceae_Amanita_rubescens/804c8553-d219-4936-adeb-b144229466d0.jpg,Amanita rubescens,blusher,Fungi,Amanitaceae,Amanita,281,500
train,266,5498,1879448,1879448,train_mini/05498_Fungi_Basidiomycota_Agaricomycetes_Agaricales_Amanitaceae_Amanita_rubescens/66d040b0-2ef7-40ce-8f6f-fd6d00d8ae8c.jpg,Amanita rubescens,blusher,Fungi,Amanitaceae,Amanita,500,281
train,266,5498,2640335,2640335,train_mini/05498_Fungi_Basidiomycota_Agaricomycetes_Agaricales_Amanitaceae_Amanita_rubescens/a8b697c3-1c19-4473-8bf5-76b433ec037e.jpg,Amanita rubescens,blusher,Fungi,Amanitaceae,Amanita,500,500
train,266,5498,2191585,2191585,train_mini/05498_Fungi_Basidiomycota_Agaricomycetes_Agaricales_Amanitaceae_Amanita_rubescens/6d987f2b-cc0c-4b15-965c-0a6d38778569.jpg,Amanita rubescens,blusher,Fungi,Amanitaceae,Amanita,375,500
train,266,5498,1959786,1959786,train_mini/05498_Fungi_Basidiomycota_Agaricomycetes_Agaricales_Amanitaceae_Amanita_rubescens/4c092811-e795-4205-b4ea-2699e4211026.jpg,Amanita rubescens,blusher,Fungi,Amanitaceae,Amanita,500,375
train,266,5498,1327963,1327963,train_mini/05498_Fungi_Basidiomycota_Agaricomycetes_Agaricales_Amanitaceae_Amanita_rubescens/3627c301-c7b8-42be-b0ed-dae081150db1.jpg,Amanita rubescens,blusher,Fungi,Amanitaceae,Amanita,500,375
train,267,5523,830718,830718,train_mini/05523_Fungi_Basidiomycota_Agaricomycetes_Agaricales_Hygrophoraceae_Lichenomphalia_umbellifera/14b3862d-25b9-4158-ad32-2fd12a11ddf2.jpg,Lichenomphalia umbellifera,Lichen Agaric,Fungi,Hygrophoraceae,Lichenomphalia,375,500
train,267,5523,1727999,1727999,train_mini/05523_Fungi_Basidiomycota_Agaricomycetes_Agaricales_Hygrophoraceae_Lichenomphalia_umbellifera/a708775f-5ea3-46e0-9e27-039a2e351540.jpg,Lichenomphalia umbellifera,Lichen Agaric,Fungi,Hygrophoraceae,Lichenomphalia,375,500
train,267,5523,2194482,2194482,train_mini/05523_Fungi_Basidiomycota_Agaricomycetes_Agaricales_Hygrophoraceae_Lichenomphalia_umbellifera/8422414e-27b7-4bfb-b784-59f12b2b856c.jpg,Lichenomphalia umbellifera,Lichen Agaric,Fungi,Hygrophoraceae,Lichenomphalia,500,392
train,267,5523,1944038,1944038,train_mini/05523_Fungi_Basidiomycota_Agaricomycetes_Agaricales_Hygrophoraceae_Lichenomphalia_umbellifera/042e947d-9d75-45af-b686-7c087ef1d064.jpg,Lichenomphalia umbellifera,Lichen Agaric,Fungi,Hygrophoraceae,Lichenomphalia,375,500
train,267,5523,1472342,1472342,train_mini/05523_Fungi_Basidiomycota_Agaricomycetes_Agaricales_Hygrophoraceae_Lichenomphalia_umbellifera/f5d2b2c3-b100-44f3-80b3-3af5433920c4.jpg,Lichenomphalia umbellifera,Lichen Agaric,Fungi,Hygrophoraceae,Lichenomphalia,500,375
train,267,5523,2126331,2126331,train_mini/05523_Fungi_Basidiomycota_Agaricomycetes_Agaricales_Hygrophoraceae_Lichenomphalia_umbellifera/2b55e0bf-f8e0-4bdf-8791-7cbca9312af5.jpg,Lichenomphalia umbellifera,Lichen Agaric,Fungi,Hygrophoraceae,Lichenomphalia,375,500
train,267,5523,1396444,1396444,train_mini/05523_Fungi_Basidiomycota_Agaricomycetes_Agaricales_Hygrophoraceae_Lichenomphalia_umbellifera/12bfd49b-9c3a-4ec9-a072-c2b218d66e31.jpg,Lichenomphalia umbellifera,Lichen Agaric,Fungi,Hygrophoraceae,Lichenomphalia,500,375
train,267,5523,148854,148854,train_mini/05523_Fungi_Basidiomycota_Agaricomycetes_Agaricales_Hygrophoraceae_Lichenomphalia_umbellifera/23106b70-45c1-4375-b4ec-6f4883aa1282.jpg,Lichenomphalia umbellifera,Lichen Agaric,Fungi,Hygrophoraceae,Lichenomphalia,500,332
train,268,5541,791673,791673,train_mini/05541_Fungi_Basidiomycota_Agaricomycetes_Agaricales_Mycenaceae_Roridomyces_austrororidus/d681cdbb-2700-4058-aa82-44b7182082c9.jpg,Roridomyces austrororidus,Roridomyces austrororidus,Fungi,Mycenaceae,Roridomyces,375,500
train,268,5541,907581,907581,train_mini/05541_Fungi_Basidiomycota_Agaricomycetes_Agaricales_Mycenaceae_Roridomyces_austrororidus/d88cc190-257d-432d-a3bf-de26c7bd17be.jpg,Roridomyces austrororidus,Roridomyces austrororidus,Fungi,Mycenaceae,Roridomyces,500,375
train,268,5541,1661908,1661908,train_mini/05541_Fungi_Basidiomycota_Agaricomycetes_Agaricales_Mycenaceae_Roridomyces_austrororidus/064159f0-0a46-4f69-8820-0c0a487180f7.jpg,Roridomyces austrororidus,Roridomyces austrororidus,Fungi,Mycenaceae,Roridomyces,500,375
train,268,5541,2530971,2530971,train_mini/05541_Fungi_Basidiomycota_Agaricomycetes_Agaricales_Mycenaceae_Roridomyces_austrororidus/f144a945-a147-4c45-a134-07e451b8f8fa.jpg,Roridomyces austrororidus,Roridomyces austrororidus,Fungi,Mycenaceae,Roridomyces,500,333
train,268,5541,954153,954153,train_mini/05541_Fungi_Basidiomycota_Agaricomycetes_Agaricales_Mycenaceae_Roridomyces_austrororidus/13dfa92c-414b-484b-9ef8-78075eaf468c.jpg,Roridomyces austrororidus,Roridomyces austrororidus,Fungi,Mycenaceae,Roridomyces,472,500
train,268,5541,1657135,1657135,train_mini/05541_Fungi_Basidiomycota_Agaricomycetes_Agaricales_Mycenaceae_Roridomyces_austrororidus/8264c1bb-861f-4b51-823e-a7b0f0ba13e8.jpg,Roridomyces austrororidus,Roridomyces austrororidus,Fungi,Mycenaceae,Roridomyces,375,500
train,268,5541,1788646,1788646,train_mini/05541_Fungi_Basidiomycota_Agaricomycetes_Agaricales_Mycenaceae_Roridomyces_austrororidus/f97ddd44-87a9-4405-ad97-8957fb8f55ab.jpg,Roridomyces austrororidus,Roridomyces austrororidus,Fungi,Mycenaceae,Roridomyces,500,337
train,268,5541,1364760,1364760,train_mini/05541_Fungi_Basidiomycota_Agaricomycetes_Agaricales_Mycenaceae_Roridomyces_austrororidus/9677e448-5e52-4c84-a276-778173a5f984.jpg,Roridomyces austrororidus,Roridomyces austrororidus,Fungi,Mycenaceae,Roridomyces,375,500
train,269,5599,64961,64961,train_mini/05599_Fungi_Basidiomycota_Agaricomycetes_Boletales_Boletaceae_Chalciporus_piperatus/963ef81e-a174-4a4d-bec7-ff1b7384eef6.jpg,Chalciporus piperatus,Peppery Bolete,Fungi,Boletaceae,Chalciporus,500,375
train,269,5599,649600,649600,train_mini/05599_Fungi_Basidiomycota_Agaricomycetes_Boletales_Boletaceae_Chalciporus_piperatus/59173a20-aff8-4fa1-8cb7-493d73003beb.jpg,Chalciporus piperatus,Peppery Bolete,Fungi,Boletaceae,Chalciporus,500,375
train,269,5599,185727,185727,train_mini/05599_Fungi_Basidiomycota_Agaricomycetes_Boletales_Boletaceae_Chalciporus_piperatus/ddd3c687-819e-466a-b109-355a5c4213b7.jpg,Chalciporus piperatus,Peppery Bolete,Fungi,Boletaceae,Chalciporus,500,375
train,269,5599,1549902,1549902,train_mini/05599_Fungi_Basidiomycota_Agaricomycetes_Boletales_Boletaceae_Chalciporus_piperatus/bdb4e681-8ca9-4ada-952f-8b62483ccfd8.jpg,Chalciporus piperatus,Peppery Bolete,Fungi,Boletaceae,Chalciporus,375,500
train,269,5599,708770,708770,train_mini/05599_Fungi_Basidiomycota_Agaricomycetes_Boletales_Boletaceae_Chalciporus_piperatus/e3a74929-30bc-4dd4-abfd-132ad7a14425.jpg,Chalciporus piperatus,Peppery Bolete,Fungi,Boletaceae,Chalciporus,281,500
train,269,5599,2323086,2323086,train_mini/05599_Fungi_Basidiomycota_Agaricomycetes_Boletales_Boletaceae_Chalciporus_piperatus/48d44eee-2c9e-44b9-8557-416b07d4e025.jpg,Chalciporus piperatus,Peppery Bolete,Fungi,Boletaceae,Chalciporus,281,500
train,269,5599,744323,744323,train_mini/05599_Fungi_Basidiomycota_Agaricomycetes_Boletales_Boletaceae_Chalciporus_piperatus/73c33773-dee8-4b4e-be3d-8cdefef1fd76.jpg,Chalciporus piperatus,Peppery Bolete,Fungi,Boletaceae,Chalciporus,375,500
train,269,5599,1083774,1083774,train_mini/05599_Fungi_Basidiomycota_Agaricomycetes_Boletales_Boletaceae_Chalciporus_piperatus/ee53008c-704a-4c22-bc68-635c1543824f.jpg,Chalciporus piperatus,Peppery Bolete,Fungi,Boletaceae,Chalciporus,500,333
train,270,5633,622987,622987,train_mini/05633_Fungi_Basidiomycota_Agaricomycetes_Gomphales_Gomphaceae_Turbinellus_floccosus/61364e5d-ea2c-49fa-b47d-6550f6cd4d7b.jpg,Turbinellus floccosus,Scaly Chanterelle,Fungi,Gomphaceae,Turbinellus,500,375
train,270,5633,1968908,1968908,train_mini/05633_Fungi_Basidiomycota_Agaricomycetes_Gomphales_Gomphaceae_Turbinellus_floccosus/4d899ec4-5445-4825-91d6-57f785322217.jpg,Turbinellus floccosus,Scaly Chanterelle,Fungi,Gomphaceae,Turbinellus,500,281
train,270,5633,607056,607056,train_mini/05633_Fungi_Basidiomycota_Agaricomycetes_Gomphales_Gomphaceae_Turbinellus_floccosus/e36f7619-cb6f-45ee-99be-e6c1c6b87cbd.jpg,Turbinellus floccosus,Scaly Chanterelle,Fungi,Gomphaceae,Turbinellus,375,500
train,270,5633,1038335,1038335,train_mini/05633_Fungi_Basidiomycota_Agaricomycetes_Gomphales_Gomphaceae_Turbinellus_floccosus/063bca6b-d1d7-44c4-86f8-09b784a18903.jpg,Turbinellus floccosus,Scaly Chanterelle,Fungi,Gomphaceae,Turbinellus,375,500
train,270,5633,1040770,1040770,train_mini/05633_Fungi_Basidiomycota_Agaricomycetes_Gomphales_Gomphaceae_Turbinellus_floccosus/bcf2eceb-0f05-4d32-96c5-02d8a9f11813.jpg,Turbinellus floccosus,Scaly Chanterelle,Fungi,Gomphaceae,Turbinellus,281,500
train,270,5633,50118,50118,train_mini/05633_Fungi_Basidiomycota_Agaricomycetes_Gomphales_Gomphaceae_Turbinellus_floccosus/6c026a9b-b054-4529-89bc-12278afc3bbc.jpg,Turbinellus floccosus,Scaly Chanterelle,Fungi,Gomphaceae,Turbinellus,500,370
train,270,5633,1000258,1000258,train_mini/05633_Fungi_Basidiomycota_Agaricomycetes_Gomphales_Gomphaceae_Turbinellus_floccosus/88f23a8c-41af-4ec7-b807-44f14a69ca0e.jpg,Turbinellus floccosus,Scaly Chanterelle,Fungi,Gomphaceae,Turbinellus,375,500
train,270,5633,2468927,2468927,train_mini/05633_Fungi_Basidiomycota_Agaricomycetes_Gomphales_Gomphaceae_Turbinellus_floccosus/9b42cded-4b78-4409-94b4-bb59bda333fa.jpg,Turbinellus floccosus,Scaly Chanterelle,Fungi,Gomphaceae,Turbinellus,500,375
train,271,5648,1201860,1201860,train_mini/05648_Fungi_Basidiomycota_Agaricomycetes_Phallales_Phallaceae_Phallus_impudicus/ee208c2d-5f0f-4eb5-9042-f87e76cd9c75.jpg,Phallus impudicus,stinkhorn,Fungi,Phallaceae,Phallus,333,500
train,271,5648,2049340,2049340,train_mini/05648_Fungi_Basidiomycota_Agaricomycetes_Phallales_Phallaceae_Phallus_impudicus/1c203be7-c17b-435b-89bb-581826ae5524.jpg,Phallus impudicus,stinkhorn,Fungi,Phallaceae,Phallus,375,500
train,271,5648,1859333,1859333,train_mini/05648_Fungi_Basidiomycota_Agaricomycetes_Phallales_Phallaceae_Phallus_impudicus/6abf3608-14bf-4f37-98b1-e409e5052220.jpg,Phallus impudicus,stinkhorn,Fungi,Phallaceae,Phallus,375,500
train,271,5648,2186813,2186813,train_mini/05648_Fungi_Basidiomycota_Agaricomycetes_Phallales_Phallaceae_Phallus_impudicus/589d4e60-3956-4371-b0f4-8d1338c255b7.jpg,Phallus impudicus,stinkhorn,Fungi,Phallaceae,Phallus,375,500
train,271,5648,2225448,2225448,train_mini/05648_Fungi_Basidiomycota_Agaricomycetes_Phallales_Phallaceae_Phallus_impudicus/343613a5-8d0c-4988-8f67-ea200c47c107.jpg,Phallus impudicus,stinkhorn,Fungi,Phallaceae,Phallus,375,500
train,271,5648,2422634,2422634,train_mini/05648_Fungi_Basidiomycota_Agaricomycetes_Phallales_Phallaceae_Phallus_impudicus/4108a511-90cb-4ba4-9a39-4ef96526dc4c.jpg,Phallus impudicus,stinkhorn,Fungi,Phallaceae,Phallus,444,500
train,271,5648,2555472,2555472,train_mini/05648_Fungi_Basidiomycota_Agaricomycetes_Phallales_Phallaceae_Phallus_impudicus/57811537-212b-4f71-ba62-8c946d1f3676.jpg,Phallus impudicus,stinkhorn,Fungi,Phallaceae,Phallus,334,500
train,271,5648,516780,516780,train_mini/05648_Fungi_Basidiomycota_Agaricomycetes_Phallales_Phallaceae_Phallus_impudicus/daee0903-db45-4dfe-b296-286907a32343.jpg,Phallus impudicus,stinkhorn,Fungi,Phallaceae,Phallus,375,500
train,272,5676,2057358,2057358,train_mini/05676_Fungi_Basidiomycota_Agaricomycetes_Polyporales_Polyporaceae_Fomes_fomentarius/918f90d9-0711-4d72-84f1-399b80b7dca0.jpg,Fomes fomentarius,Hoof Fungus,Fungi,Polyporaceae,Fomes,375,500
train,272,5676,1945123,1945123,train_mini/05676_Fungi_Basidiomycota_Agaricomycetes_Polyporales_Polyporaceae_Fomes_fomentarius/7f530bb7-5d82-4344-9828-d31e888e055e.jpg,Fomes fomentarius,Hoof Fungus,Fungi,Polyporaceae,Fomes,500,243
train,272,5676,2456719,2456719,train_mini/05676_Fungi_Basidiomycota_Agaricomycetes_Polyporales_Polyporaceae_Fomes_fomentarius/91f75e53-ee84-4d03-b04a-365578b94ebe.jpg,Fomes fomentarius,Hoof Fungus,Fungi,Polyporaceae,Fomes,500,375
train,272,5676,1303562,1303562,train_mini/05676_Fungi_Basidiomycota_Agaricomycetes_Polyporales_Polyporaceae_Fomes_fomentarius/01cd2ac0-0076-481c-b9de-e2ed064e2fc0.jpg,Fomes fomentarius,Hoof Fungus,Fungi,Polyporaceae,Fomes,500,308
train,272,5676,1457036,1457036,train_mini/05676_Fungi_Basidiomycota_Agaricomycetes_Polyporales_Polyporaceae_Fomes_fomentarius/85ef0190-21a9-4971-90f3-f0977bc416ae.jpg,Fomes fomentarius,Hoof Fungus,Fungi,Polyporaceae,Fomes,500,333
train,272,5676,1977804,1977804,train_mini/05676_Fungi_Basidiomycota_Agaricomycetes_Polyporales_Polyporaceae_Fomes_fomentarius/9ad720e9-e05f-40df-b072-f9dccb109e13.jpg,Fomes fomentarius,Hoof Fungus,Fungi,Polyporaceae,Fomes,375,500
train,272,5676,2626963,2626963,train_mini/05676_Fungi_Basidiomycota_Agaricomycetes_Polyporales_Polyporaceae_Fomes_fomentarius/3cff34a8-fb0e-4dec-a087-3b3d20dcec86.jpg,Fomes fomentarius,Hoof Fungus,Fungi,Polyporaceae,Fomes,500,375
train,272,5676,2206924,2206924,train_mini/05676_Fungi_Basidiomycota_Agaricomycetes_Polyporales_Polyporaceae_Fomes_fomentarius/df8ceb09-cff3-4949-bad2-86bcecac64da.jpg,Fomes fomentarius,Hoof Fungus,Fungi,Polyporaceae,Fomes,375,500
train,273,5700,1138215,1138215,train_mini/05700_Fungi_Basidiomycota_Agaricomycetes_Russulales_Hericiaceae_Hericium_americanum/5f3a2185-ae43-4461-be23-74ac21abd396.jpg,Hericium americanum,Bear's Head Tooth,Fungi,Hericiaceae,Hericium,500,375
train,273,5700,1153018,1153018,train_mini/05700_Fungi_Basidiomycota_Agaricomycetes_Russulales_Hericiaceae_Hericium_americanum/5c75872f-79e3-4673-b56a-f8beba04e320.jpg,Hericium americanum,Bear's Head Tooth,Fungi,Hericiaceae,Hericium,500,374
train,273,5700,133804,133804,train_mini/05700_Fungi_Basidiomycota_Agaricomycetes_Russulales_Hericiaceae_Hericium_americanum/ae6ffe7d-30af-457a-8f96-1546d3dfe66c.jpg,Hericium americanum,Bear's Head Tooth,Fungi,Hericiaceae,Hericium,281,500
train,273,5700,1276886,1276886,train_mini/05700_Fungi_Basidiomycota_Agaricomycetes_Russulales_Hericiaceae_Hericium_americanum/f49ea061-d27c-4b4b-a5d1-42009e1fa014.jpg,Hericium americanum,Bear's Head Tooth,Fungi,Hericiaceae,Hericium,500,333
train,273,5700,2330204,2330204,train_mini/05700_Fungi_Basidiomycota_Agaricomycetes_Russulales_Hericiaceae_Hericium_americanum/d0ae78f8-5dde-41e3-85dc-bd1620d847b7.jpg,Hericium americanum,Bear's Head Tooth,Fungi,Hericiaceae,Hericium,500,375
train,273,5700,2510163,2510163,train_mini/05700_Fungi_Basidiomycota_Agaricomycetes_Russulales_Hericiaceae_Hericium_americanum/32cc9b8a-7fb8-4eaf-98ba-4dcc4df4dcb8.jpg,Hericium americanum,Bear's Head Tooth,Fungi,Hericiaceae,Hericium,375,500
train,273,5700,1073804,1073804,train_mini/05700_Fungi_Basidiomycota_Agaricomycetes_Russulales_Hericiaceae_Hericium_americanum/7995da97-dde5-4589-bcfb-a9172f01fd0e.jpg,Hericium americanum,Bear's Head Tooth,Fungi,Hericiaceae,Hericium,400,500
train,273,5700,706594,706594,train_mini/05700_Fungi_Basidiomycota_Agaricomycetes_Russulales_Hericiaceae_Hericium_americanum/634a8c0a-f754-49c4-8348-e93f4f056c6d.jpg,Hericium americanum,Bear's Head Tooth,Fungi,Hericiaceae,Hericium,500,375
train,274,5714,695044,695044,train_mini/05714_Fungi_Basidiomycota_Agaricomycetes_Russulales_Stereaceae_Xylobolus_frustulatus/4efa7437-39ad-4485-830d-ef70d4443b49.jpg,Xylobolus frustulatus,ceramic parchment,Fungi,Stereaceae,Xylobolus,375,500
train,274,5714,37540,37540,train_mini/05714_Fungi_Basidiomycota_Agaricomycetes_Russulales_Stereaceae_Xylobolus_frustulatus/e9fe71af-5c48-470c-a558-6386020e73e7.jpg,Xylobolus frustulatus,ceramic parchment,Fungi,Stereaceae,Xylobolus,500,334
train,274,5714,80698,80698,train_mini/05714_Fungi_Basidiomycota_Agaricomycetes_Russulales_Stereaceae_Xylobolus_frustulatus/18e24f71-c71e-4f27-b4f0-f38e1fa29b06.jpg,Xylobolus frustulatus,ceramic parchment,Fungi,Stereaceae,Xylobolus,500,375
train,274,5714,268049,268049,train_mini/05714_Fungi_Basidiomycota_Agaricomycetes_Russulales_Stereaceae_Xylobolus_frustulatus/9a8e1055-32c4-4e04-893f-eca9d854b412.jpg,Xylobolus frustulatus,ceramic parchment,Fungi,Stereaceae,Xylobolus,375,500
train,274,5714,812286,812286,train_mini/05714_Fungi_Basidiomycota_Agaricomycetes_Russulales_Stereaceae_Xylobolus_frustulatus/c36dfaa5-aa9d-449b-8e96-c85fb6c5dcc0.jpg,Xylobolus frustulatus,ceramic parchment,Fungi,Stereaceae,Xylobolus,500,375
train,274,5714,691746,691746,train_mini/05714_Fungi_Basidiomycota_Agaricomycetes_Russulales_Stereaceae_Xylobolus_frustulatus/9f245728-c4de-45d7-bd3b-bab7b5bd0a0c.jpg,Xylobolus frustulatus,ceramic parchment,Fungi,Stereaceae,Xylobolus,375,500
train,274,5714,1576721,1576721,train_mini/05714_Fungi_Basidiomycota_Agaricomycetes_Russulales_Stereaceae_Xylobolus_frustulatus/b9394206-7c82-4fe5-828d-75454b5506ef.jpg,Xylobolus frustulatus,ceramic parchment,Fungi,Stereaceae,Xylobolus,500,375
train,274,5714,672968,672968,train_mini/05714_Fungi_Basidiomycota_Agaricomycetes_Russulales_Stereaceae_Xylobolus_frustulatus/1abd8668-0c0e-4f91-8a78-eecadc9d2ddb.jpg,Xylobolus frustulatus,ceramic parchment,Fungi,Stereaceae,Xylobolus,500,333
train,275,5734,1312639,1312639,train_mini/05734_Plantae_Bryophyta_Bryopsida_Bryales_Mniaceae_Rhizomnium_glabrescens/3bd27414-09ad-4010-b0fd-aabe49c36c2e.jpg,Rhizomnium glabrescens,fan moss,Plantae,Mniaceae,Rhizomnium,500,375
train,275,5734,514459,514459,train_mini/05734_Plantae_Bryophyta_Bryopsida_Bryales_Mniaceae_Rhizomnium_glabrescens/b5dd0e86-4f68-4b35-ac61-697f3ff8c08e.jpg,Rhizomnium glabrescens,fan moss,Plantae,Mniaceae,Rhizomnium,500,331
train,275,5734,1244740,1244740,train_mini/05734_Plantae_Bryophyta_Bryopsida_Bryales_Mniaceae_Rhizomnium_glabrescens/12cfae12-6f83-4acd-b921-bcf04e48ca41.jpg,Rhizomnium glabrescens,fan moss,Plantae,Mniaceae,Rhizomnium,500,332
train,275,5734,201658,201658,train_mini/05734_Plantae_Bryophyta_Bryopsida_Bryales_Mniaceae_Rhizomnium_glabrescens/7f48c90f-56f0-41fa-9bbf-8f13b99a7348.jpg,Rhizomnium glabrescens,fan moss,Plantae,Mniaceae,Rhizomnium,375,500
train,275,5734,1832462,1832462,train_mini/05734_Plantae_Bryophyta_Bryopsida_Bryales_Mniaceae_Rhizomnium_glabrescens/9c45d3d4-fefa-441b-a23d-70eb86e9d10a.jpg,Rhizomnium glabrescens,fan moss,Plantae,Mniaceae,Rhizomnium,500,375
train,275,5734,538,538,train_mini/05734_Plantae_Bryophyta_Bryopsida_Bryales_Mniaceae_Rhizomnium_glabrescens/5146145f-ff18-4856-a19d-4c892fda4a6f.jpg,Rhizomnium glabrescens,fan moss,Plantae,Mniaceae,Rhizomnium,500,333
train,275,5734,1688018,1688018,train_mini/05734_Plantae_Bryophyta_Bryopsida_Bryales_Mniaceae_Rhizomnium_glabrescens/fac40a62-a836-444f-9eec-116a18027aa8.jpg,Rhizomnium glabrescens,fan moss,Plantae,Mniaceae,Rhizomnium,375,500
train,275,5734,318932,318932,train_mini/05734_Plantae_Bryophyta_Bryopsida_Bryales_Mniaceae_Rhizomnium_glabrescens/49981717-cecf-4c8b-9de2-d4c137bbd999.jpg,Rhizomnium glabrescens,fan moss,Plantae,Mniaceae,Rhizomnium,500,333
train,276,5756,504099,504099,train_mini/05756_Plantae_Bryophyta_Bryopsida_Hypnales_Thuidiaceae_Thuidium_delicatulum/d8dabfa0-d315-456c-96dc-68d0c64674d2.jpg,Thuidium delicatulum,delicate fern moss,Plantae,Thuidiaceae,Thuidium,478,500
train,276,5756,601426,601426,train_mini/05756_Plantae_Bryophyta_Bryopsida_Hypnales_Thuidiaceae_Thuidium_delicatulum/d7e9b8c3-50a1-4070-a20d-bdc0bf6f3f5f.jpg,Thuidium delicatulum,delicate fern moss,Plantae,Thuidiaceae,Thuidium,375,500
train,276,5756,1393890,1393890,train_mini/05756_Plantae_Bryophyta_Bryopsida_Hypnales_Thuidiaceae_Thuidium_delicatulum/2ea60bcd-7809-42b0-ac3c-0f5326f37781.jpg,Thuidium delicatulum,delicate fern moss,Plantae,Thuidiaceae,Thuidium,500,500
train,276,5756,2307030,2307030,train_mini/05756_Plantae_Bryophyta_Bryopsida_Hypnales_Thuidiaceae_Thuidium_delicatulum/5aa11f94-6238-4122-abca-b248c48f7e44.jpg,Thuidium delicatulum,delicate fern moss,Plantae,Thuidiaceae,Thuidium,375,500
train,276,5756,1159584,1159584,train_mini/05756_Plantae_Bryophyta_Bryopsida_Hypnales_Thuidiaceae_Thuidium_delicatulum/842afa62-94e3-42be-a859-3ba277d46c15.jpg,Thuidium delicatulum,delicate fern moss,Plantae,Thuidiaceae,Thuidium,500,347
train,276,5756,617974,617974,train_mini/05756_Plantae_Bryophyta_Bryopsida_Hypnales_Thuidiaceae_Thuidium_delicatulum/06047132-4bb1-4faf-a755-b4456d97779a.jpg,Thuidium delicatulum,delicate fern moss,Plantae,Thuidiaceae,Thuidium,500,500
train,276,5756,787574,787574,train_mini/05756_Plantae_Bryophyta_Bryopsida_Hypnales_Thuidiaceae_Thuidium_delicatulum/449bf81f-e32b-4c26-b5df-7c9b62c5c6bf.jpg,Thuidium delicatulum,delicate fern moss,Plantae,Thuidiaceae,Thuidium,375,500
train,276,5756,24611,24611,train_mini/05756_Plantae_Bryophyta_Bryopsida_Hypnales_Thuidiaceae_Thuidium_delicatulum/76d5d2e8-3d6d-4dee-9d8f-80da0b495992.jpg,Thuidium delicatulum,delicate fern moss,Plantae,Thuidiaceae,Thuidium,500,375
train,277,5764,1744740,1744740,train_mini/05764_Plantae_Chlorophyta_Ulvophyceae_Bryopsidales_Codiaceae_Codium_fragile/c5fc8dbf-f824-4390-8f60-a03a3c6bc3c0.jpg,Codium fragile,Sponge Weed,Plantae,Codiaceae,Codium,500,375
train,277,5764,1150358,1150358,train_mini/05764_Plantae_Chlorophyta_Ulvophyceae_Bryopsidales_Codiaceae_Codium_fragile/1e1f0607-c397-49b3-a05d-5ddcbe024b72.jpg,Codium fragile,Sponge Weed,Plantae,Codiaceae,Codium,500,375
train,277,5764,2053954,2053954,train_mini/05764_Plantae_Chlorophyta_Ulvophyceae_Bryopsidales_Codiaceae_Codium_fragile/f90a6fcf-e553-479e-ba7f-027edd4fb1f0.jpg,Codium fragile,Sponge Weed,Plantae,Codiaceae,Codium,375,500
train,277,5764,2194309,2194309,train_mini/05764_Plantae_Chlorophyta_Ulvophyceae_Bryopsidales_Codiaceae_Codium_fragile/42e39c50-39f7-46bd-8be6-a2eb9dac2d1f.jpg,Codium fragile,Sponge Weed,Plantae,Codiaceae,Codium,375,500
train,277,5764,2086593,2086593,train_mini/05764_Plantae_Chlorophyta_Ulvophyceae_Bryopsidales_Codiaceae_Codium_fragile/4c73e48f-2b01-4588-be00-11e7beb1f4f5.jpg,Codium fragile,Sponge Weed,Plantae,Codiaceae,Codium,500,375
train,277,5764,1566006,1566006,train_mini/05764_Plantae_Chlorophyta_Ulvophyceae_Bryopsidales_Codiaceae_Codium_fragile/f69ea950-5f66-4b2e-b3ff-4266703b1129.jpg,Codium fragile,Sponge Weed,Plantae,Codiaceae,Codium,281,500
train,277,5764,923289,923289,train_mini/05764_Plantae_Chlorophyta_Ulvophyceae_Bryopsidales_Codiaceae_Codium_fragile/c82f374d-9223-45b0-8206-e68a95824d21.jpg,Codium fragile,Sponge Weed,Plantae,Codiaceae,Codium,500,375
train,277,5764,749992,749992,train_mini/05764_Plantae_Chlorophyta_Ulvophyceae_Bryopsidales_Codiaceae_Codium_fragile/e02bdbc6-89f4-41d7-947b-667b1baf8a52.jpg,Codium fragile,Sponge Weed,Plantae,Codiaceae,Codium,500,375
train,278,5769,1296983,1296983,train_mini/05769_Plantae_Marchantiophyta_Jungermanniopsida_Porellales_Radulaceae_Radula_complanata/2e4475d7-0d5c-4d03-9a5f-bc601250472d.jpg,Radula complanata,Flat-leaved Scalewort,Plantae,Radulaceae,Radula,500,375
train,278,5769,1406969,1406969,train_mini/05769_Plantae_Marchantiophyta_Jungermanniopsida_Porellales_Radulaceae_Radula_complanata/5dc3e5d1-841e-4d82-8356-bd46e853517f.jpg,Radula complanata,Flat-leaved Scalewort,Plantae,Radulaceae,Radula,375,500
train,278,5769,1718901,1718901,train_mini/05769_Plantae_Marchantiophyta_Jungermanniopsida_Porellales_Radulaceae_Radula_complanata/ca7590c3-4ba1-4a63-81cb-cc9825b31f03.jpg,Radula complanata,Flat-leaved Scalewort,Plantae,Radulaceae,Radula,356,500
train,278,5769,2496011,2496011,train_mini/05769_Plantae_Marchantiophyta_Jungermanniopsida_Porellales_Radulaceae_Radula_complanata/bd4183bc-fa66-4734-9772-8b9ddea90800.jpg,Radula complanata,Flat-leaved Scalewort,Plantae,Radulaceae,Radula,500,375
train,278,5769,1480090,1480090,train_mini/05769_Plantae_Marchantiophyta_Jungermanniopsida_Porellales_Radulaceae_Radula_complanata/81d1b223-203f-4c08-80b8-f82d7f9d3bd6.jpg,Radula complanata,Flat-leaved Scalewort,Plantae,Radulaceae,Radula,413,500
train,278,5769,1586166,1586166,train_mini/05769_Plantae_Marchantiophyta_Jungermanniopsida_Porellales_Radulaceae_Radula_complanata/54ca06a2-1b1e-474c-a38a-84137eebe093.jpg,Radula complanata,Flat-leaved Scalewort,Plantae,Radulaceae,Radula,500,247
train,278,5769,8348,8348,train_mini/05769_Plantae_Marchantiophyta_Jungermanniopsida_Porellales_Radulaceae_Radula_complanata/f86c9a58-5e0c-4327-a71d-998e4d4c342b.jpg,Radula complanata,Flat-leaved Scalewort,Plantae,Radulaceae,Radula,376,500
train,278,5769,1296945,1296945,train_mini/05769_Plantae_Marchantiophyta_Jungermanniopsida_Porellales_Radulaceae_Radula_complanata/3895b0b6-ec3e-42ac-b3a5-4179b855a40a.jpg,Radula complanata,Flat-leaved Scalewort,Plantae,Radulaceae,Radula,500,333
train,279,5783,699587,699587,train_mini/05783_Plantae_Tracheophyta_Gnetopsida_Ephedrales_Ephedraceae_Ephedra_trifurca/d3ac476e-9f40-47c1-a868-1dc05dcc268a.jpg,Ephedra trifurca,longleaf ephedra,Plantae,Ephedraceae,Ephedra,500,375
train,279,5783,1960357,1960357,train_mini/05783_Plantae_Tracheophyta_Gnetopsida_Ephedrales_Ephedraceae_Ephedra_trifurca/0e17ce97-b836-43b9-8b26-44953f7fe057.jpg,Ephedra trifurca,longleaf ephedra,Plantae,Ephedraceae,Ephedra,500,375
train,279,5783,1124076,1124076,train_mini/05783_Plantae_Tracheophyta_Gnetopsida_Ephedrales_Ephedraceae_Ephedra_trifurca/87b316a7-321b-4b79-9c13-e71ba6a0d584.jpg,Ephedra trifurca,longleaf ephedra,Plantae,Ephedraceae,Ephedra,375,500
train,279,5783,246364,246364,train_mini/05783_Plantae_Tracheophyta_Gnetopsida_Ephedrales_Ephedraceae_Ephedra_trifurca/e2b34040-923e-484d-a220-8aa516517f54.jpg,Ephedra trifurca,longleaf ephedra,Plantae,Ephedraceae,Ephedra,375,500
train,279,5783,848976,848976,train_mini/05783_Plantae_Tracheophyta_Gnetopsida_Ephedrales_Ephedraceae_Ephedra_trifurca/c9ac01f3-a810-4f3e-9d84-087cfe26678e.jpg,Ephedra trifurca,longleaf ephedra,Plantae,Ephedraceae,Ephedra,500,375
train,279,5783,747852,747852,train_mini/05783_Plantae_Tracheophyta_Gnetopsida_Ephedrales_Ephedraceae_Ephedra_trifurca/cde76c35-4563-4ac8-9cb1-1b73c3e12316.jpg,Ephedra trifurca,longleaf ephedra,Plantae,Ephedraceae,Ephedra,500,375
train,279,5783,1325162,1325162,train_mini/05783_Plantae_Tracheophyta_Gnetopsida_Ephedrales_Ephedraceae_Ephedra_trifurca/1c0b25a0-b686-494b-a929-277e9e7f45ab.jpg,Ephedra trifurca,longleaf ephedra,Plantae,Ephedraceae,Ephedra,500,375
train,279,5783,1445636,1445636,train_mini/05783_Plantae_Tracheophyta_Gnetopsida_Ephedrales_Ephedraceae_Ephedra_trifurca/5e879dd2-d216-44c0-8bd7-ef461504b1e8.jpg,Ephedra trifurca,longleaf ephedra,Plantae,Ephedraceae,Ephedra,500,375
train,280,5824,2006087,2006087,train_mini/05824_Plantae_Tracheophyta_Liliopsida_Arecales_Arecaceae_Cocos_nucifera/dc92200f-cd65-4478-a02a-ef17558530c5.jpg,Cocos nucifera,coconut palm,Plantae,Arecaceae,Cocos,375,500
train,280,5824,1219158,1219158,train_mini/05824_Plantae_Tracheophyta_Liliopsida_Arecales_Arecaceae_Cocos_nucifera/3d1df880-41bb-4839-a4cc-a6d75b9b3d9f.jpg,Cocos nucifera,coconut palm,Plantae,Arecaceae,Cocos,375,500
train,280,5824,1837887,1837887,train_mini/05824_Plantae_Tracheophyta_Liliopsida_Arecales_Arecaceae_Cocos_nucifera/793b3cc7-9166-4346-a659-2182dd96a12f.jpg,Cocos nucifera,coconut palm,Plantae,Arecaceae,Cocos,500,333
train,280,5824,469994,469994,train_mini/05824_Plantae_Tracheophyta_Liliopsida_Arecales_Arecaceae_Cocos_nucifera/9796e6a0-c476-43dc-bad3-4bb50d4f5b7d.jpg,Cocos nucifera,coconut palm,Plantae,Arecaceae,Cocos,375,500
train,280,5824,2439557,2439557,train_mini/05824_Plantae_Tracheophyta_Liliopsida_Arecales_Arecaceae_Cocos_nucifera/2746d9ba-1ab5-42e3-aaa3-6be60afc21bc.jpg,Cocos nucifera,coconut palm,Plantae,Arecaceae,Cocos,375,500
train,280,5824,1581661,1581661,train_mini/05824_Plantae_Tracheophyta_Liliopsida_Arecales_Arecaceae_Cocos_nucifera/8f36dfb2-1e31-4624-9301-e142d9a73d9e.jpg,Cocos nucifera,coconut palm,Plantae,Arecaceae,Cocos,375,500
train,280,5824,1387934,1387934,train_mini/05824_Plantae_Tracheophyta_Liliopsida_Arecales_Arecaceae_Cocos_nucifera/b916acc0-42dc-4baa-a5d6-484f4391671a.jpg,Cocos nucifera,coconut palm,Plantae,Arecaceae,Cocos,375,500
train,280,5824,657130,657130,train_mini/05824_Plantae_Tracheophyta_Liliopsida_Arecales_Arecaceae_Cocos_nucifera/20939734-8d72-412d-b60d-5d4c729ec669.jpg,Cocos nucifera,coconut palm,Plantae,Arecaceae,Cocos,334,500
train,281,5837,2054019,2054019,train_mini/05837_Plantae_Tracheophyta_Liliopsida_Asparagales_Amaryllidaceae_Allium_cernuum/07c82a13-6c37-43e9-b393-8933d82dbbd5.jpg,Allium cernuum,nodding onion,Plantae,Amaryllidaceae,Allium,375,500
train,281,5837,1033933,1033933,train_mini/05837_Plantae_Tracheophyta_Liliopsida_Asparagales_Amaryllidaceae_Allium_cernuum/602bbe43-4eea-4097-a705-6c77e4c75aa4.jpg,Allium cernuum,nodding onion,Plantae,Amaryllidaceae,Allium,500,375
train,281,5837,1773811,1773811,train_mini/05837_Plantae_Tracheophyta_Liliopsida_Asparagales_Amaryllidaceae_Allium_cernuum/d2624d5a-3714-49a0-8fd0-29579964705c.jpg,Allium cernuum,nodding onion,Plantae,Amaryllidaceae,Allium,375,500
train,281,5837,2576769,2576769,train_mini/05837_Plantae_Tracheophyta_Liliopsida_Asparagales_Amaryllidaceae_Allium_cernuum/50e8db53-2df2-4275-865c-b2a936cc61b6.jpg,Allium cernuum,nodding onion,Plantae,Amaryllidaceae,Allium,500,500
train,281,5837,1297327,1297327,train_mini/05837_Plantae_Tracheophyta_Liliopsida_Asparagales_Amaryllidaceae_Allium_cernuum/22be0cdd-0634-48c6-b90a-23404c51a0c9.jpg,Allium cernuum,nodding onion,Plantae,Amaryllidaceae,Allium,500,375
train,281,5837,2121554,2121554,train_mini/05837_Plantae_Tracheophyta_Liliopsida_Asparagales_Amaryllidaceae_Allium_cernuum/ccaa1f79-149c-4153-9425-c9d96b797ade.jpg,Allium cernuum,nodding onion,Plantae,Amaryllidaceae,Allium,375,500
train,281,5837,197585,197585,train_mini/05837_Plantae_Tracheophyta_Liliopsida_Asparagales_Amaryllidaceae_Allium_cernuum/9737d2fa-a8ce-48f3-9bc5-851cabd6cf72.jpg,Allium cernuum,nodding onion,Plantae,Amaryllidaceae,Allium,500,375
train,281,5837,1205840,1205840,train_mini/05837_Plantae_Tracheophyta_Liliopsida_Asparagales_Amaryllidaceae_Allium_cernuum/f8549d0b-ed8e-4679-b6c3-c43901bc0e94.jpg,Allium cernuum,nodding onion,Plantae,Amaryllidaceae,Allium,375,500
train,282,5856,1497117,1497117,train_mini/05856_Plantae_Tracheophyta_Liliopsida_Asparagales_Amaryllidaceae_Hymenocallis_liriosme/8d54eec3-d917-426d-8f9c-6be6e899d89e.jpg,Hymenocallis liriosme,spring spiderlily,Plantae,Amaryllidaceae,Hymenocallis,500,281
train,282,5856,899923,899923,train_mini/05856_Plantae_Tracheophyta_Liliopsida_Asparagales_Amaryllidaceae_Hymenocallis_liriosme/f071b4ed-0d6e-4ffc-aff3-e5f61095deea.jpg,Hymenocallis liriosme,spring spiderlily,Plantae,Amaryllidaceae,Hymenocallis,375,500
train,282,5856,2145432,2145432,train_mini/05856_Plantae_Tracheophyta_Liliopsida_Asparagales_Amaryllidaceae_Hymenocallis_liriosme/9324486a-df4c-4615-8ab8-651d3b101092.jpg,Hymenocallis liriosme,spring spiderlily,Plantae,Amaryllidaceae,Hymenocallis,375,500
train,282,5856,731124,731124,train_mini/05856_Plantae_Tracheophyta_Liliopsida_Asparagales_Amaryllidaceae_Hymenocallis_liriosme/ffab8e96-f6b9-404b-807b-40091d4b6fab.jpg,Hymenocallis liriosme,spring spiderlily,Plantae,Amaryllidaceae,Hymenocallis,375,500
train,282,5856,1436545,1436545,train_mini/05856_Plantae_Tracheophyta_Liliopsida_Asparagales_Amaryllidaceae_Hymenocallis_liriosme/2bfc29a1-02b5-47ab-9386-761589656f23.jpg,Hymenocallis liriosme,spring spiderlily,Plantae,Amaryllidaceae,Hymenocallis,375,500
train,282,5856,243197,243197,train_mini/05856_Plantae_Tracheophyta_Liliopsida_Asparagales_Amaryllidaceae_Hymenocallis_liriosme/ae6e4048-4bd1-4ddc-873b-b4e7d0ca470b.jpg,Hymenocallis liriosme,spring spiderlily,Plantae,Amaryllidaceae,Hymenocallis,375,500
train,282,5856,378225,378225,train_mini/05856_Plantae_Tracheophyta_Liliopsida_Asparagales_Amaryllidaceae_Hymenocallis_liriosme/559029aa-0e42-42de-a984-d88bb3fd0506.jpg,Hymenocallis liriosme,spring spiderlily,Plantae,Amaryllidaceae,Hymenocallis,500,333
train,282,5856,90353,90353,train_mini/05856_Plantae_Tracheophyta_Liliopsida_Asparagales_Amaryllidaceae_Hymenocallis_liriosme/69e10856-e019-4906-a89f-f7913bb36be3.jpg,Hymenocallis liriosme,spring spiderlily,Plantae,Amaryllidaceae,Hymenocallis,500,281
train,283,5878,167712,167712,train_mini/05878_Plantae_Tracheophyta_Liliopsida_Asparagales_Asparagaceae_Asparagus_acutifolius/ff029e2d-2245-4151-8a4f-efb61bb91544.jpg,Asparagus acutifolius,Spiny Asparagus,Plantae,Asparagaceae,Asparagus,500,335
train,283,5878,578269,578269,train_mini/05878_Plantae_Tracheophyta_Liliopsida_Asparagales_Asparagaceae_Asparagus_acutifolius/605798a5-242a-40aa-a40f-3faa13b10ac0.jpg,Asparagus acutifolius,Spiny Asparagus,Plantae,Asparagaceae,Asparagus,500,375
train,283,5878,2588141,2588141,train_mini/05878_Plantae_Tracheophyta_Liliopsida_Asparagales_Asparagaceae_Asparagus_acutifolius/a48a3bcb-cf9b-4bbd-8459-1f5452ae402b.jpg,Asparagus acutifolius,Spiny Asparagus,Plantae,Asparagaceae,Asparagus,375,500
train,283,5878,656699,656699,train_mini/05878_Plantae_Tracheophyta_Liliopsida_Asparagales_Asparagaceae_Asparagus_acutifolius/9e14f61f-047d-41b8-a5ac-d5fd47239aca.jpg,Asparagus acutifolius,Spiny Asparagus,Plantae,Asparagaceae,Asparagus,375,500
train,283,5878,2266372,2266372,train_mini/05878_Plantae_Tracheophyta_Liliopsida_Asparagales_Asparagaceae_Asparagus_acutifolius/c96498b7-1c20-48c1-8fbd-ab436077a3a7.jpg,Asparagus acutifolius,Spiny Asparagus,Plantae,Asparagaceae,Asparagus,315,500
train,283,5878,1865982,1865982,train_mini/05878_Plantae_Tracheophyta_Liliopsida_Asparagales_Asparagaceae_Asparagus_acutifolius/4379c20e-f9ca-4046-8db7-b343e0f03705.jpg,Asparagus acutifolius,Spiny Asparagus,Plantae,Asparagaceae,Asparagus,500,375
train,283,5878,580625,580625,train_mini/05878_Plantae_Tracheophyta_Liliopsida_Asparagales_Asparagaceae_Asparagus_acutifolius/6d05218b-2c74-4896-9217-2b3489834a08.jpg,Asparagus acutifolius,Spiny Asparagus,Plantae,Asparagaceae,Asparagus,500,375
train,283,5878,2686184,2686184,train_mini/05878_Plantae_Tracheophyta_Liliopsida_Asparagales_Asparagaceae_Asparagus_acutifolius/bc0234be-9eab-4eda-a37e-477a90df91d8.jpg,Asparagus acutifolius,Spiny Asparagus,Plantae,Asparagaceae,Asparagus,500,331
train,284,5881,680832,680832,train_mini/05881_Plantae_Tracheophyta_Liliopsida_Asparagales_Asparagaceae_Asparagus_officinalis/650ea266-bccb-44bf-bf62-46bd7190b938.jpg,Asparagus officinalis,asparagus,Plantae,Asparagaceae,Asparagus,375,500
train,284,5881,1940803,1940803,train_mini/05881_Plantae_Tracheophyta_Liliopsida_Asparagales_Asparagaceae_Asparagus_officinalis/67c9ba2d-be86-403d-bb23-a9fc5461d3f3.jpg,Asparagus officinalis,asparagus,Plantae,Asparagaceae,Asparagus,375,500
train,284,5881,1160031,1160031,train_mini/05881_Plantae_Tracheophyta_Liliopsida_Asparagales_Asparagaceae_Asparagus_officinalis/ab9db004-e8db-4c59-9659-0879a6576d9c.jpg,Asparagus officinalis,asparagus,Plantae,Asparagaceae,Asparagus,375,500
train,284,5881,2344855,2344855,train_mini/05881_Plantae_Tracheophyta_Liliopsida_Asparagales_Asparagaceae_Asparagus_officinalis/0ae00950-68bd-4ade-950d-700647809cf3.jpg,Asparagus officinalis,asparagus,Plantae,Asparagaceae,Asparagus,375,500
train,284,5881,1826544,1826544,train_mini/05881_Plantae_Tracheophyta_Liliopsida_Asparagales_Asparagaceae_Asparagus_officinalis/997a8234-d441-47de-acbb-5e1348471b56.jpg,Asparagus officinalis,asparagus,Plantae,Asparagaceae,Asparagus,375,500
train,284,5881,451395,451395,train_mini/05881_Plantae_Tracheophyta_Liliopsida_Asparagales_Asparagaceae_Asparagus_officinalis/a1048ed9-6fa5-4b8a-9ad3-8172f5a8960b.jpg,Asparagus officinalis,asparagus,Plantae,Asparagaceae,Asparagus,375,500
train,284,5881,2413866,2413866,train_mini/05881_Plantae_Tracheophyta_Liliopsida_Asparagales_Asparagaceae_Asparagus_officinalis/188e4f31-d417-43ee-b4ba-6a1c8d81ea1c.jpg,Asparagus officinalis,asparagus,Plantae,Asparagaceae,Asparagus,375,500
train,284,5881,1173682,1173682,train_mini/05881_Plantae_Tracheophyta_Liliopsida_Asparagales_Asparagaceae_Asparagus_officinalis/60b09e6c-c584-4306-9d2b-625c96980dcc.jpg,Asparagus officinalis,asparagus,Plantae,Asparagaceae,Asparagus,375,500
train,285,5887,1691000,1691000,train_mini/05887_Plantae_Tracheophyta_Liliopsida_Asparagales_Asparagaceae_Camassia_quamash/87585b9e-ce49-4609-b070-efafc2acbc68.jpg,Camassia quamash,small camas,Plantae,Asparagaceae,Camassia,375,500
train,285,5887,1838777,1838777,train_mini/05887_Plantae_Tracheophyta_Liliopsida_Asparagales_Asparagaceae_Camassia_quamash/9959b176-fffb-47b1-8833-d94672b264ed.jpg,Camassia quamash,small camas,Plantae,Asparagaceae,Camassia,375,500
train,285,5887,1756651,1756651,train_mini/05887_Plantae_Tracheophyta_Liliopsida_Asparagales_Asparagaceae_Camassia_quamash/d22cfb44-ba59-4019-ae2f-0d3dec7ed603.jpg,Camassia quamash,small camas,Plantae,Asparagaceae,Camassia,375,500
train,285,5887,833065,833065,train_mini/05887_Plantae_Tracheophyta_Liliopsida_Asparagales_Asparagaceae_Camassia_quamash/b1e83d6c-c31c-4d0d-b63c-4a765ce8a38a.jpg,Camassia quamash,small camas,Plantae,Asparagaceae,Camassia,281,500
train,285,5887,1747535,1747535,train_mini/05887_Plantae_Tracheophyta_Liliopsida_Asparagales_Asparagaceae_Camassia_quamash/9fa899fa-42e9-40e6-a4fc-f59ac547985a.jpg,Camassia quamash,small camas,Plantae,Asparagaceae,Camassia,375,500
train,285,5887,1516601,1516601,train_mini/05887_Plantae_Tracheophyta_Liliopsida_Asparagales_Asparagaceae_Camassia_quamash/549e659b-695d-4748-9b05-4976f83855f4.jpg,Camassia quamash,small camas,Plantae,Asparagaceae,Camassia,375,500
train,285,5887,941367,941367,train_mini/05887_Plantae_Tracheophyta_Liliopsida_Asparagales_Asparagaceae_Camassia_quamash/33fbb7a9-e32b-44f6-8ccf-509d8988e6b4.jpg,Camassia quamash,small camas,Plantae,Asparagaceae,Camassia,375,500
train,285,5887,819658,819658,train_mini/05887_Plantae_Tracheophyta_Liliopsida_Asparagales_Asparagaceae_Camassia_quamash/61831b51-612f-40aa-9d59-a660a4222b7f.jpg,Camassia quamash,small camas,Plantae,Asparagaceae,Camassia,375,500
train,286,5916,1734793,1734793,train_mini/05916_Plantae_Tracheophyta_Liliopsida_Asparagales_Asparagaceae_Muscari_neglectum/cb46ed2a-33aa-490c-bded-1c9617f16ac7.jpg,Muscari neglectum,Grape hyacinth,Plantae,Asparagaceae,Muscari,375,500
train,286,5916,164095,164095,train_mini/05916_Plantae_Tracheophyta_Liliopsida_Asparagales_Asparagaceae_Muscari_neglectum/49b8c9bc-9340-44d0-93f1-04c6f56ac6b5.jpg,Muscari neglectum,Grape hyacinth,Plantae,Asparagaceae,Muscari,375,500
train,286,5916,760289,760289,train_mini/05916_Plantae_Tracheophyta_Liliopsida_Asparagales_Asparagaceae_Muscari_neglectum/350078d9-a1de-4cd5-a019-eeb8f2a9cfb3.jpg,Muscari neglectum,Grape hyacinth,Plantae,Asparagaceae,Muscari,500,375
train,286,5916,1459140,1459140,train_mini/05916_Plantae_Tracheophyta_Liliopsida_Asparagales_Asparagaceae_Muscari_neglectum/8c94f85b-bc61-41b3-a669-8aee9488d55c.jpg,Muscari neglectum,Grape hyacinth,Plantae,Asparagaceae,Muscari,500,375
train,286,5916,1487980,1487980,train_mini/05916_Plantae_Tracheophyta_Liliopsida_Asparagales_Asparagaceae_Muscari_neglectum/52de999b-59dd-4aed-b2d9-3d9e0cc4dff0.jpg,Muscari neglectum,Grape hyacinth,Plantae,Asparagaceae,Muscari,375,500
train,286,5916,1746718,1746718,train_mini/05916_Plantae_Tracheophyta_Liliopsida_Asparagales_Asparagaceae_Muscari_neglectum/e57d26c9-8622-4f0e-a6d1-62260c4e06de.jpg,Muscari neglectum,Grape hyacinth,Plantae,Asparagaceae,Muscari,500,333
train,286,5916,703362,703362,train_mini/05916_Plantae_Tracheophyta_Liliopsida_Asparagales_Asparagaceae_Muscari_neglectum/240059f9-302b-4253-859a-060778d2f747.jpg,Muscari neglectum,Grape hyacinth,Plantae,Asparagaceae,Muscari,489,500
train,286,5916,713821,713821,train_mini/05916_Plantae_Tracheophyta_Liliopsida_Asparagales_Asparagaceae_Muscari_neglectum/3e12ed5d-cc3d-4e9d-b01e-efd067f5e005.jpg,Muscari neglectum,Grape hyacinth,Plantae,Asparagaceae,Muscari,375,500
train,287,5948,1678489,1678489,train_mini/05948_Plantae_Tracheophyta_Liliopsida_Asparagales_Asphodelaceae_Asphodelus_ramosus/73724a35-a168-4338-b26f-b402f1aaa0e7.jpg,Asphodelus ramosus,Branched Asphodel,Plantae,Asphodelaceae,Asphodelus,500,375
train,287,5948,705229,705229,train_mini/05948_Plantae_Tracheophyta_Liliopsida_Asparagales_Asphodelaceae_Asphodelus_ramosus/79b6ee7f-ce4a-4927-bb47-6c807ffdd1ec.jpg,Asphodelus ramosus,Branched Asphodel,Plantae,Asphodelaceae,Asphodelus,281,500
train,287,5948,2256165,2256165,train_mini/05948_Plantae_Tracheophyta_Liliopsida_Asparagales_Asphodelaceae_Asphodelus_ramosus/cc2f7441-293f-41c5-a430-8c7a23103ed7.jpg,Asphodelus ramosus,Branched Asphodel,Plantae,Asphodelaceae,Asphodelus,500,375
train,287,5948,2603647,2603647,train_mini/05948_Plantae_Tracheophyta_Liliopsida_Asparagales_Asphodelaceae_Asphodelus_ramosus/d9dc72f6-5ccd-4070-af46-9cd213d5768b.jpg,Asphodelus ramosus,Branched Asphodel,Plantae,Asphodelaceae,Asphodelus,375,500
train,287,5948,1363220,1363220,train_mini/05948_Plantae_Tracheophyta_Liliopsida_Asparagales_Asphodelaceae_Asphodelus_ramosus/a3596bc3-2371-4327-9e21-2d184c1ebdd2.jpg,Asphodelus ramosus,Branched Asphodel,Plantae,Asphodelaceae,Asphodelus,281,500
train,287,5948,1652881,1652881,train_mini/05948_Plantae_Tracheophyta_Liliopsida_Asparagales_Asphodelaceae_Asphodelus_ramosus/52721ae7-50e3-446b-97cf-7f8a65e51f5b.jpg,Asphodelus ramosus,Branched Asphodel,Plantae,Asphodelaceae,Asphodelus,375,500
train,287,5948,648691,648691,train_mini/05948_Plantae_Tracheophyta_Liliopsida_Asparagales_Asphodelaceae_Asphodelus_ramosus/1bac3101-194f-42d3-a84c-4d245668ec57.jpg,Asphodelus ramosus,Branched Asphodel,Plantae,Asphodelaceae,Asphodelus,375,500
train,287,5948,153104,153104,train_mini/05948_Plantae_Tracheophyta_Liliopsida_Asparagales_Asphodelaceae_Asphodelus_ramosus/8d1b4bc6-d962-4580-bf7e-f277d0dde4a3.jpg,Asphodelus ramosus,Branched Asphodel,Plantae,Asphodelaceae,Asphodelus,375,500
train,288,5952,124900,124900,train_mini/05952_Plantae_Tracheophyta_Liliopsida_Asparagales_Asphodelaceae_Phormium_cookianum/9433fb8a-e120-4bc5-823e-c507397c4025.jpg,Phormium cookianum,Mountain flax,Plantae,Asphodelaceae,Phormium,373,500
train,288,5952,1345483,1345483,train_mini/05952_Plantae_Tracheophyta_Liliopsida_Asparagales_Asphodelaceae_Phormium_cookianum/4bb76da6-65c0-4e8d-84fc-1bfaaccf1b88.jpg,Phormium cookianum,Mountain flax,Plantae,Asphodelaceae,Phormium,500,419
train,288,5952,2663841,2663841,train_mini/05952_Plantae_Tracheophyta_Liliopsida_Asparagales_Asphodelaceae_Phormium_cookianum/a461a305-4bfa-4f9e-b8d1-0f4aed7fa751.jpg,Phormium cookianum,Mountain flax,Plantae,Asphodelaceae,Phormium,500,375
train,288,5952,671421,671421,train_mini/05952_Plantae_Tracheophyta_Liliopsida_Asparagales_Asphodelaceae_Phormium_cookianum/0a3298ec-a84e-4023-8998-93840f8628fe.jpg,Phormium cookianum,Mountain flax,Plantae,Asphodelaceae,Phormium,375,500
train,288,5952,201031,201031,train_mini/05952_Plantae_Tracheophyta_Liliopsida_Asparagales_Asphodelaceae_Phormium_cookianum/0a9994a8-a8a1-4722-a613-6ec698a4be05.jpg,Phormium cookianum,Mountain flax,Plantae,Asphodelaceae,Phormium,500,333
train,288,5952,345262,345262,train_mini/05952_Plantae_Tracheophyta_Liliopsida_Asparagales_Asphodelaceae_Phormium_cookianum/e61c4adf-1e58-435a-8b39-cee6d1a14b95.jpg,Phormium cookianum,Mountain flax,Plantae,Asphodelaceae,Phormium,375,500
train,288,5952,708352,708352,train_mini/05952_Plantae_Tracheophyta_Liliopsida_Asparagales_Asphodelaceae_Phormium_cookianum/0d3ffc24-6fed-4dfd-a559-c95f10c8f5fb.jpg,Phormium cookianum,Mountain flax,Plantae,Asphodelaceae,Phormium,374,500
train,288,5952,1236473,1236473,train_mini/05952_Plantae_Tracheophyta_Liliopsida_Asparagales_Asphodelaceae_Phormium_cookianum/ff0ff78e-11b3-48d0-9f28-01a44a37adfa.jpg,Phormium cookianum,Mountain flax,Plantae,Asphodelaceae,Phormium,375,500
train,289,5962,701713,701713,train_mini/05962_Plantae_Tracheophyta_Liliopsida_Asparagales_Iridaceae_Crocus_vernus/e2905700-64aa-4ed1-a707-075af41a487f.jpg,Crocus vernus,Spring Crocus,Plantae,Iridaceae,Crocus,500,281
train,289,5962,783783,783783,train_mini/05962_Plantae_Tracheophyta_Liliopsida_Asparagales_Iridaceae_Crocus_vernus/0877a630-c3f3-44dc-bfcd-e5f51eb9f894.jpg,Crocus vernus,Spring Crocus,Plantae,Iridaceae,Crocus,375,500
train,289,5962,363267,363267,train_mini/05962_Plantae_Tracheophyta_Liliopsida_Asparagales_Iridaceae_Crocus_vernus/0ec49d75-ef8e-44b5-9cb1-5f0498c62924.jpg,Crocus vernus,Spring Crocus,Plantae,Iridaceae,Crocus,375,500
train,289,5962,335669,335669,train_mini/05962_Plantae_Tracheophyta_Liliopsida_Asparagales_Iridaceae_Crocus_vernus/75591815-f8c5-4bff-a042-d6134d1beecd.jpg,Crocus vernus,Spring Crocus,Plantae,Iridaceae,Crocus,375,500
train,289,5962,816194,816194,train_mini/05962_Plantae_Tracheophyta_Liliopsida_Asparagales_Iridaceae_Crocus_vernus/4e4ec828-586d-433d-b37b-e72de096a7a6.jpg,Crocus vernus,Spring Crocus,Plantae,Iridaceae,Crocus,375,500
train,289,5962,86868,86868,train_mini/05962_Plantae_Tracheophyta_Liliopsida_Asparagales_Iridaceae_Crocus_vernus/3d7cc465-37d8-4036-b104-497a78c007d6.jpg,Crocus vernus,Spring Crocus,Plantae,Iridaceae,Crocus,500,375
train,289,5962,358208,358208,train_mini/05962_Plantae_Tracheophyta_Liliopsida_Asparagales_Iridaceae_Crocus_vernus/afb8159c-a9a1-420a-994a-5a0394d414ae.jpg,Crocus vernus,Spring Crocus,Plantae,Iridaceae,Crocus,500,333
train,289,5962,1467809,1467809,train_mini/05962_Plantae_Tracheophyta_Liliopsida_Asparagales_Iridaceae_Crocus_vernus/6d464599-849a-43a6-938b-c68000c9dc68.jpg,Crocus vernus,Spring Crocus,Plantae,Iridaceae,Crocus,375,500
train,290,6005,2036240,2036240,train_mini/06005_Plantae_Tracheophyta_Liliopsida_Asparagales_Orchidaceae_Cephalanthera_rubra/19601be1-0951-46bf-93b1-a007b274704a.jpg,Cephalanthera rubra,Red Helleborine,Plantae,Orchidaceae,Cephalanthera,500,374
train,290,6005,2036537,2036537,train_mini/06005_Plantae_Tracheophyta_Liliopsida_Asparagales_Orchidaceae_Cephalanthera_rubra/af8632d7-f771-447a-a24b-04d163c64bf1.jpg,Cephalanthera rubra,Red Helleborine,Plantae,Orchidaceae,Cephalanthera,333,500
train,290,6005,1278015,1278015,train_mini/06005_Plantae_Tracheophyta_Liliopsida_Asparagales_Orchidaceae_Cephalanthera_rubra/8cdc77db-6628-4c8b-9d0c-dc3676800348.jpg,Cephalanthera rubra,Red Helleborine,Plantae,Orchidaceae,Cephalanthera,375,500
train,290,6005,2443388,2443388,train_mini/06005_Plantae_Tracheophyta_Liliopsida_Asparagales_Orchidaceae_Cephalanthera_rubra/8a9ad97f-4e50-4883-996c-267ab3f6b317.jpg,Cephalanthera rubra,Red Helleborine,Plantae,Orchidaceae,Cephalanthera,375,500
train,290,6005,728183,728183,train_mini/06005_Plantae_Tracheophyta_Liliopsida_Asparagales_Orchidaceae_Cephalanthera_rubra/da919d49-8dd6-4963-8d3a-9da6ac8ceb23.jpg,Cephalanthera rubra,Red Helleborine,Plantae,Orchidaceae,Cephalanthera,348,216
train,290,6005,255239,255239,train_mini/06005_Plantae_Tracheophyta_Liliopsida_Asparagales_Orchidaceae_Cephalanthera_rubra/c9852c2d-6e70-4549-9827-4278538e16bb.jpg,Cephalanthera rubra,Red Helleborine,Plantae,Orchidaceae,Cephalanthera,375,500
train,290,6005,222307,222307,train_mini/06005_Plantae_Tracheophyta_Liliopsida_Asparagales_Orchidaceae_Cephalanthera_rubra/a6e07210-e299-4517-b7a6-54a73a5c8567.jpg,Cephalanthera rubra,Red Helleborine,Plantae,Orchidaceae,Cephalanthera,281,500
train,290,6005,2611689,2611689,train_mini/06005_Plantae_Tracheophyta_Liliopsida_Asparagales_Orchidaceae_Cephalanthera_rubra/1dc54fba-17e4-4112-84a2-9cff51e53f19.jpg,Cephalanthera rubra,Red Helleborine,Plantae,Orchidaceae,Cephalanthera,375,500
train,291,6018,1946130,1946130,train_mini/06018_Plantae_Tracheophyta_Liliopsida_Asparagales_Orchidaceae_Dactylorhiza_fuchsii/72e9ef5b-1de6-405d-80a3-449b4cac8c63.jpg,Dactylorhiza fuchsii,Common Spotted Orchid,Plantae,Orchidaceae,Dactylorhiza,375,500
train,291,6018,1955412,1955412,train_mini/06018_Plantae_Tracheophyta_Liliopsida_Asparagales_Orchidaceae_Dactylorhiza_fuchsii/1e048cce-ec98-44ae-95cb-b398f041d159.jpg,Dactylorhiza fuchsii,Common Spotted Orchid,Plantae,Orchidaceae,Dactylorhiza,375,500
train,291,6018,1884589,1884589,train_mini/06018_Plantae_Tracheophyta_Liliopsida_Asparagales_Orchidaceae_Dactylorhiza_fuchsii/e89b5811-7e93-498c-8296-f86a992ab66c.jpg,Dactylorhiza fuchsii,Common Spotted Orchid,Plantae,Orchidaceae,Dactylorhiza,375,500
train,291,6018,1780512,1780512,train_mini/06018_Plantae_Tracheophyta_Liliopsida_Asparagales_Orchidaceae_Dactylorhiza_fuchsii/e18919fd-a9a8-4684-ab66-2f657ab2f0a1.jpg,Dactylorhiza fuchsii,Common Spotted Orchid,Plantae,Orchidaceae,Dactylorhiza,375,500
train,291,6018,2589676,2589676,train_mini/06018_Plantae_Tracheophyta_Liliopsida_Asparagales_Orchidaceae_Dactylorhiza_fuchsii/7270b823-cee8-4675-94e7-539752e3d2f5.jpg,Dactylorhiza fuchsii,Common Spotted Orchid,Plantae,Orchidaceae,Dactylorhiza,331,500
train,291,6018,2546733,2546733,train_mini/06018_Plantae_Tracheophyta_Liliopsida_Asparagales_Orchidaceae_Dactylorhiza_fuchsii/f5a789ea-4f8b-40a3-89b3-5f4ca18a37b5.jpg,Dactylorhiza fuchsii,Common Spotted Orchid,Plantae,Orchidaceae,Dactylorhiza,500,500
train,291,6018,1894192,1894192,train_mini/06018_Plantae_Tracheophyta_Liliopsida_Asparagales_Orchidaceae_Dactylorhiza_fuchsii/19f27844-3f1a-4741-821a-5a3447dca763.jpg,Dactylorhiza fuchsii,Common Spotted Orchid,Plantae,Orchidaceae,Dactylorhiza,375,500
train,291,6018,2453419,2453419,train_mini/06018_Plantae_Tracheophyta_Liliopsida_Asparagales_Orchidaceae_Dactylorhiza_fuchsii/73ed1f87-0dcd-436c-a16a-81f1da4f39f6.jpg,Dactylorhiza fuchsii,Common Spotted Orchid,Plantae,Orchidaceae,Dactylorhiza,421,500
train,292,6042,2108951,2108951,train_mini/06042_Plantae_Tracheophyta_Liliopsida_Asparagales_Orchidaceae_Goodyera_tesselata/01663a57-d64e-444b-a294-13bbc5f6b1fd.jpg,Goodyera tesselata,checkered rattlesnake plantain,Plantae,Orchidaceae,Goodyera,375,500
train,292,6042,1039393,1039393,train_mini/06042_Plantae_Tracheophyta_Liliopsida_Asparagales_Orchidaceae_Goodyera_tesselata/83bb19b4-7c69-4665-9fb6-9553adcec52d.jpg,Goodyera tesselata,checkered rattlesnake plantain,Plantae,Orchidaceae,Goodyera,281,500
train,292,6042,2501668,2501668,train_mini/06042_Plantae_Tracheophyta_Liliopsida_Asparagales_Orchidaceae_Goodyera_tesselata/eb41ffbf-5f64-414d-9247-9e165132e1f3.jpg,Goodyera tesselata,checkered rattlesnake plantain,Plantae,Orchidaceae,Goodyera,500,375
train,292,6042,488934,488934,train_mini/06042_Plantae_Tracheophyta_Liliopsida_Asparagales_Orchidaceae_Goodyera_tesselata/0a563986-15e9-442a-bf11-554f2816a1d2.jpg,Goodyera tesselata,checkered rattlesnake plantain,Plantae,Orchidaceae,Goodyera,375,500
train,292,6042,258956,258956,train_mini/06042_Plantae_Tracheophyta_Liliopsida_Asparagales_Orchidaceae_Goodyera_tesselata/f2c63ff8-b987-4a17-97a3-5f827d3a1747.jpg,Goodyera tesselata,checkered rattlesnake plantain,Plantae,Orchidaceae,Goodyera,373,500
train,292,6042,2077107,2077107,train_mini/06042_Plantae_Tracheophyta_Liliopsida_Asparagales_Orchidaceae_Goodyera_tesselata/a1eb5428-e753-46ad-9954-893c0157086c.jpg,Goodyera tesselata,checkered rattlesnake plantain,Plantae,Orchidaceae,Goodyera,281,500
train,292,6042,1139586,1139586,train_mini/06042_Plantae_Tracheophyta_Liliopsida_Asparagales_Orchidaceae_Goodyera_tesselata/8416ca41-5526-4674-bdb5-767b3928c5a7.jpg,Goodyera tesselata,checkered rattlesnake plantain,Plantae,Orchidaceae,Goodyera,500,375
train,292,6042,1743340,1743340,train_mini/06042_Plantae_Tracheophyta_Liliopsida_Asparagales_Orchidaceae_Goodyera_tesselata/731d127b-2728-42b3-b965-669fdeae5392.jpg,Goodyera tesselata,checkered rattlesnake plantain,Plantae,Orchidaceae,Goodyera,300,500
train,293,6054,2470694,2470694,train_mini/06054_Plantae_Tracheophyta_Liliopsida_Asparagales_Orchidaceae_Neottia_nidus-avis/4eebe4b6-7e51-4813-860d-3ba7f7c1097d.jpg,Neottia nidus-avis,bird's-nest orchid,Plantae,Orchidaceae,Neottia,333,500
train,293,6054,919589,919589,train_mini/06054_Plantae_Tracheophyta_Liliopsida_Asparagales_Orchidaceae_Neottia_nidus-avis/61fca22d-3cc4-4426-9bd8-12cf76360ce1.jpg,Neottia nidus-avis,bird's-nest orchid,Plantae,Orchidaceae,Neottia,375,500
train,293,6054,2022281,2022281,train_mini/06054_Plantae_Tracheophyta_Liliopsida_Asparagales_Orchidaceae_Neottia_nidus-avis/356dc78a-8b02-4dec-b707-6bcb31c2e0d6.jpg,Neottia nidus-avis,bird's-nest orchid,Plantae,Orchidaceae,Neottia,500,334
train,293,6054,1812673,1812673,train_mini/06054_Plantae_Tracheophyta_Liliopsida_Asparagales_Orchidaceae_Neottia_nidus-avis/5fbd3466-8342-4505-8236-cb7612c8835f.jpg,Neottia nidus-avis,bird's-nest orchid,Plantae,Orchidaceae,Neottia,500,375
train,293,6054,2512504,2512504,train_mini/06054_Plantae_Tracheophyta_Liliopsida_Asparagales_Orchidaceae_Neottia_nidus-avis/6ceac608-b50d-4f8a-8ff9-de0915d25fc1.jpg,Neottia nidus-avis,bird's-nest orchid,Plantae,Orchidaceae,Neottia,287,500
train,293,6054,2632886,2632886,train_mini/06054_Plantae_Tracheophyta_Liliopsida_Asparagales_Orchidaceae_Neottia_nidus-avis/182644db-c349-4d99-83e9-9edf80ef9cc7.jpg,Neottia nidus-avis,bird's-nest orchid,Plantae,Orchidaceae,Neottia,375,500
train,293,6054,913587,913587,train_mini/06054_Plantae_Tracheophyta_Liliopsida_Asparagales_Orchidaceae_Neottia_nidus-avis/c0e13a6e-853e-46fe-a5d1-078d07bdb548.jpg,Neottia nidus-avis,bird's-nest orchid,Plantae,Orchidaceae,Neottia,375,500
train,293,6054,1758709,1758709,train_mini/06054_Plantae_Tracheophyta_Liliopsida_Asparagales_Orchidaceae_Neottia_nidus-avis/b6b2fc02-a24a-4b6c-a87a-217ad34da7be.jpg,Neottia nidus-avis,bird's-nest orchid,Plantae,Orchidaceae,Neottia,375,500
train,294,6060,1772579,1772579,train_mini/06060_Plantae_Tracheophyta_Liliopsida_Asparagales_Orchidaceae_Ophrys_insectifera/c57660b3-84cf-495a-9adf-6977c59cd11d.jpg,Ophrys insectifera,Fly Orchid,Plantae,Orchidaceae,Ophrys,375,500
train,294,6060,1725718,1725718,train_mini/06060_Plantae_Tracheophyta_Liliopsida_Asparagales_Orchidaceae_Ophrys_insectifera/8623bcd0-b712-4b53-8713-b216a1483584.jpg,Ophrys insectifera,Fly Orchid,Plantae,Orchidaceae,Ophrys,445,500
train,294,6060,2619809,2619809,train_mini/06060_Plantae_Tracheophyta_Liliopsida_Asparagales_Orchidaceae_Ophrys_insectifera/1d067515-25bd-4500-ae99-57acee360093.jpg,Ophrys insectifera,Fly Orchid,Plantae,Orchidaceae,Ophrys,375,500
train,294,6060,1851469,1851469,train_mini/06060_Plantae_Tracheophyta_Liliopsida_Asparagales_Orchidaceae_Ophrys_insectifera/4fb13e47-e48d-475a-9fd5-84217d7da8b3.jpg,Ophrys insectifera,Fly Orchid,Plantae,Orchidaceae,Ophrys,333,500
train,294,6060,2490918,2490918,train_mini/06060_Plantae_Tracheophyta_Liliopsida_Asparagales_Orchidaceae_Ophrys_insectifera/1de23e94-98cd-45e1-9ee1-6a455292113d.jpg,Ophrys insectifera,Fly Orchid,Plantae,Orchidaceae,Ophrys,375,500
train,294,6060,1790348,1790348,train_mini/06060_Plantae_Tracheophyta_Liliopsida_Asparagales_Orchidaceae_Ophrys_insectifera/d6c1b359-8250-4365-964b-c99dfbf85c81.jpg,Ophrys insectifera,Fly Orchid,Plantae,Orchidaceae,Ophrys,375,500
train,294,6060,2483783,2483783,train_mini/06060_Plantae_Tracheophyta_Liliopsida_Asparagales_Orchidaceae_Ophrys_insectifera/90d4e319-ccbb-46d4-8625-9262b5ce9f57.jpg,Ophrys insectifera,Fly Orchid,Plantae,Orchidaceae,Ophrys,500,333
train,294,6060,2479543,2479543,train_mini/06060_Plantae_Tracheophyta_Liliopsida_Asparagales_Orchidaceae_Ophrys_insectifera/d8e7ce10-f0ef-4959-8000-73eeae0a159b.jpg,Ophrys insectifera,Fly Orchid,Plantae,Orchidaceae,Ophrys,342,500
train,295,6094,2477536,2477536,train_mini/06094_Plantae_Tracheophyta_Liliopsida_Asparagales_Orchidaceae_Spathoglottis_plicata/442500ce-f196-443c-84c9-35e87d499cd2.jpg,Spathoglottis plicata,Philippine Ground Orchid,Plantae,Orchidaceae,Spathoglottis,375,500
train,295,6094,449315,449315,train_mini/06094_Plantae_Tracheophyta_Liliopsida_Asparagales_Orchidaceae_Spathoglottis_plicata/19ade0c4-dc83-46ce-af62-a79848e24def.jpg,Spathoglottis plicata,Philippine Ground Orchid,Plantae,Orchidaceae,Spathoglottis,500,333
train,295,6094,737079,737079,train_mini/06094_Plantae_Tracheophyta_Liliopsida_Asparagales_Orchidaceae_Spathoglottis_plicata/341bce38-b283-4ff3-a38c-6689cc696895.jpg,Spathoglottis plicata,Philippine Ground Orchid,Plantae,Orchidaceae,Spathoglottis,500,375
train,295,6094,699302,699302,train_mini/06094_Plantae_Tracheophyta_Liliopsida_Asparagales_Orchidaceae_Spathoglottis_plicata/171be137-926e-4ecc-9349-ee8f741ed7ac.jpg,Spathoglottis plicata,Philippine Ground Orchid,Plantae,Orchidaceae,Spathoglottis,375,500
train,295,6094,1247242,1247242,train_mini/06094_Plantae_Tracheophyta_Liliopsida_Asparagales_Orchidaceae_Spathoglottis_plicata/8c3c3ef6-889d-491b-b4a7-08cb0eaa014b.jpg,Spathoglottis plicata,Philippine Ground Orchid,Plantae,Orchidaceae,Spathoglottis,500,341
train,295,6094,738988,738988,train_mini/06094_Plantae_Tracheophyta_Liliopsida_Asparagales_Orchidaceae_Spathoglottis_plicata/60b0cbef-84aa-4ee8-b43a-5307d6425cb9.jpg,Spathoglottis plicata,Philippine Ground Orchid,Plantae,Orchidaceae,Spathoglottis,375,500
train,295,6094,2462070,2462070,train_mini/06094_Plantae_Tracheophyta_Liliopsida_Asparagales_Orchidaceae_Spathoglottis_plicata/942f4729-e750-4c0e-b213-85952cafda35.jpg,Spathoglottis plicata,Philippine Ground Orchid,Plantae,Orchidaceae,Spathoglottis,500,375
train,295,6094,2661757,2661757,train_mini/06094_Plantae_Tracheophyta_Liliopsida_Asparagales_Orchidaceae_Spathoglottis_plicata/688dd222-bc01-4397-a717-910c43399178.jpg,Spathoglottis plicata,Philippine Ground Orchid,Plantae,Orchidaceae,Spathoglottis,333,500
train,296,6097,2189536,2189536,train_mini/06097_Plantae_Tracheophyta_Liliopsida_Asparagales_Orchidaceae_Spiranthes_lacera/ac59201b-6496-4b5e-b9c2-d02097df9181.jpg,Spiranthes lacera,Slender Ladies' Tresses,Plantae,Orchidaceae,Spiranthes,375,500
train,296,6097,2311253,2311253,train_mini/06097_Plantae_Tracheophyta_Liliopsida_Asparagales_Orchidaceae_Spiranthes_lacera/95bb29e1-6db8-404a-aacd-cefb2e66ef5a.jpg,Spiranthes lacera,Slender Ladies' Tresses,Plantae,Orchidaceae,Spiranthes,375,500
train,296,6097,2301599,2301599,train_mini/06097_Plantae_Tracheophyta_Liliopsida_Asparagales_Orchidaceae_Spiranthes_lacera/38f23df9-4b6f-4b50-b095-4c6f98f25bed.jpg,Spiranthes lacera,Slender Ladies' Tresses,Plantae,Orchidaceae,Spiranthes,333,500
train,296,6097,2248526,2248526,train_mini/06097_Plantae_Tracheophyta_Liliopsida_Asparagales_Orchidaceae_Spiranthes_lacera/e542a774-104c-4d21-850d-70bc9aff1ec1.jpg,Spiranthes lacera,Slender Ladies' Tresses,Plantae,Orchidaceae,Spiranthes,363,500
train,296,6097,558510,558510,train_mini/06097_Plantae_Tracheophyta_Liliopsida_Asparagales_Orchidaceae_Spiranthes_lacera/0e6161e9-7274-4e2d-b9e3-dbd87bbe2aee.jpg,Spiranthes lacera,Slender Ladies' Tresses,Plantae,Orchidaceae,Spiranthes,500,375
train,296,6097,1009883,1009883,train_mini/06097_Plantae_Tracheophyta_Liliopsida_Asparagales_Orchidaceae_Spiranthes_lacera/bdbd0e90-f861-41b7-8fe2-d4cd5b2c61d3.jpg,Spiranthes lacera,Slender Ladies' Tresses,Plantae,Orchidaceae,Spiranthes,375,500
train,296,6097,2041098,2041098,train_mini/06097_Plantae_Tracheophyta_Liliopsida_Asparagales_Orchidaceae_Spiranthes_lacera/025119c9-1376-4fdd-ba05-a40c7e68efac.jpg,Spiranthes lacera,Slender Ladies' Tresses,Plantae,Orchidaceae,Spiranthes,375,500
train,296,6097,232213,232213,train_mini/06097_Plantae_Tracheophyta_Liliopsida_Asparagales_Orchidaceae_Spiranthes_lacera/a033a6f7-9101-4932-bc47-657be7d55116.jpg,Spiranthes lacera,Slender Ladies' Tresses,Plantae,Orchidaceae,Spiranthes,500,375
train,297,6157,1467987,1467987,train_mini/06157_Plantae_Tracheophyta_Liliopsida_Liliales_Liliaceae_Erythronium_oregonum/2022d680-be1a-4a7a-8090-cb1a2b3a97e3.jpg,Erythronium oregonum,giant white fawn lily,Plantae,Liliaceae,Erythronium,375,500
train,297,6157,1794632,1794632,train_mini/06157_Plantae_Tracheophyta_Liliopsida_Liliales_Liliaceae_Erythronium_oregonum/dd1c13e9-3741-4006-8318-48666d17dd3f.jpg,Erythronium oregonum,giant white fawn lily,Plantae,Liliaceae,Erythronium,375,500
train,297,6157,1499895,1499895,train_mini/06157_Plantae_Tracheophyta_Liliopsida_Liliales_Liliaceae_Erythronium_oregonum/27815f31-4f62-4fa0-a7d6-af51cc047c94.jpg,Erythronium oregonum,giant white fawn lily,Plantae,Liliaceae,Erythronium,375,500
train,297,6157,1810940,1810940,train_mini/06157_Plantae_Tracheophyta_Liliopsida_Liliales_Liliaceae_Erythronium_oregonum/ce61fe10-0fd6-48aa-b611-6ccd259c7e0c.jpg,Erythronium oregonum,giant white fawn lily,Plantae,Liliaceae,Erythronium,375,500
train,297,6157,112183,112183,train_mini/06157_Plantae_Tracheophyta_Liliopsida_Liliales_Liliaceae_Erythronium_oregonum/ac7734cc-c987-4910-92a7-25110905da9a.jpg,Erythronium oregonum,giant white fawn lily,Plantae,Liliaceae,Erythronium,500,375
train,297,6157,734278,734278,train_mini/06157_Plantae_Tracheophyta_Liliopsida_Liliales_Liliaceae_Erythronium_oregonum/bff746a1-b44e-456d-bdb1-284eff4c768b.jpg,Erythronium oregonum,giant white fawn lily,Plantae,Liliaceae,Erythronium,375,500
train,297,6157,174259,174259,train_mini/06157_Plantae_Tracheophyta_Liliopsida_Liliales_Liliaceae_Erythronium_oregonum/42ed2496-367a-4908-bdff-22a44ca6c492.jpg,Erythronium oregonum,giant white fawn lily,Plantae,Liliaceae,Erythronium,375,500
train,297,6157,630448,630448,train_mini/06157_Plantae_Tracheophyta_Liliopsida_Liliales_Liliaceae_Erythronium_oregonum/f57e48af-435b-4c2a-8145-8117d9448872.jpg,Erythronium oregonum,giant white fawn lily,Plantae,Liliaceae,Erythronium,500,331
train,298,6165,427783,427783,train_mini/06165_Plantae_Tracheophyta_Liliopsida_Liliales_Liliaceae_Fritillaria_recurva/fbf1272b-6de8-4ec9-9255-51aba9c37939.jpg,Fritillaria recurva,scarlet fritillary,Plantae,Liliaceae,Fritillaria,375,500
train,298,6165,796556,796556,train_mini/06165_Plantae_Tracheophyta_Liliopsida_Liliales_Liliaceae_Fritillaria_recurva/1825c696-cd55-4a06-8a5a-a2fe9f8c42bf.jpg,Fritillaria recurva,scarlet fritillary,Plantae,Liliaceae,Fritillaria,375,500
train,298,6165,1638328,1638328,train_mini/06165_Plantae_Tracheophyta_Liliopsida_Liliales_Liliaceae_Fritillaria_recurva/c29b5943-00ea-4e10-902f-b4c726489129.jpg,Fritillaria recurva,scarlet fritillary,Plantae,Liliaceae,Fritillaria,281,500
train,298,6165,42713,42713,train_mini/06165_Plantae_Tracheophyta_Liliopsida_Liliales_Liliaceae_Fritillaria_recurva/735ddcee-5b71-43ba-8d22-8c4c86c16a94.jpg,Fritillaria recurva,scarlet fritillary,Plantae,Liliaceae,Fritillaria,375,500
train,298,6165,816610,816610,train_mini/06165_Plantae_Tracheophyta_Liliopsida_Liliales_Liliaceae_Fritillaria_recurva/ced1593c-e1ab-4f50-8bec-b52e1c1a90ac.jpg,Fritillaria recurva,scarlet fritillary,Plantae,Liliaceae,Fritillaria,281,500
train,298,6165,763948,763948,train_mini/06165_Plantae_Tracheophyta_Liliopsida_Liliales_Liliaceae_Fritillaria_recurva/cad63a61-e294-4864-86ed-c5dd9294ac21.jpg,Fritillaria recurva,scarlet fritillary,Plantae,Liliaceae,Fritillaria,333,500
train,298,6165,1909634,1909634,train_mini/06165_Plantae_Tracheophyta_Liliopsida_Liliales_Liliaceae_Fritillaria_recurva/9d5c6501-a636-45f1-8d22-b0fb67d04c8d.jpg,Fritillaria recurva,scarlet fritillary,Plantae,Liliaceae,Fritillaria,375,500
train,298,6165,1750894,1750894,train_mini/06165_Plantae_Tracheophyta_Liliopsida_Liliales_Liliaceae_Fritillaria_recurva/e4d6c5aa-0d83-4342-ab2c-8e6f56b125bd.jpg,Fritillaria recurva,scarlet fritillary,Plantae,Liliaceae,Fritillaria,375,500
train,299,6168,2564158,2564158,train_mini/06168_Plantae_Tracheophyta_Liliopsida_Liliales_Liliaceae_Lilium_bulbiferum/52dfa2bd-81e2-4df0-8e75-b44238f1f178.jpg,Lilium bulbiferum,fire lily,Plantae,Liliaceae,Lilium,375,500
train,299,6168,1392190,1392190,train_mini/06168_Plantae_Tracheophyta_Liliopsida_Liliales_Liliaceae_Lilium_bulbiferum/65c4765d-9482-422d-bde6-88464cd699c7.jpg,Lilium bulbiferum,fire lily,Plantae,Liliaceae,Lilium,500,458
train,299,6168,1278020,1278020,train_mini/06168_Plantae_Tracheophyta_Liliopsida_Liliales_Liliaceae_Lilium_bulbiferum/f0a5d7cb-c5cd-4710-9e93-435f6b4f892e.jpg,Lilium bulbiferum,fire lily,Plantae,Liliaceae,Lilium,375,500
train,299,6168,2138008,2138008,train_mini/06168_Plantae_Tracheophyta_Liliopsida_Liliales_Liliaceae_Lilium_bulbiferum/8d6459bc-5b40-44e2-b3d5-093c9fa63d22.jpg,Lilium bulbiferum,fire lily,Plantae,Liliaceae,Lilium,500,333
train,299,6168,1917110,1917110,train_mini/06168_Plantae_Tracheophyta_Liliopsida_Liliales_Liliaceae_Lilium_bulbiferum/67e24a95-4c2a-4349-917b-74ac97a27960.jpg,Lilium bulbiferum,fire lily,Plantae,Liliaceae,Lilium,500,375
train,299,6168,872614,872614,train_mini/06168_Plantae_Tracheophyta_Liliopsida_Liliales_Liliaceae_Lilium_bulbiferum/66476e52-8da6-42a6-8fe5-d43d0cb8326f.jpg,Lilium bulbiferum,fire lily,Plantae,Liliaceae,Lilium,375,500
train,299,6168,211176,211176,train_mini/06168_Plantae_Tracheophyta_Liliopsida_Liliales_Liliaceae_Lilium_bulbiferum/8aa9f318-8695-4a04-925e-05e80d0316b1.jpg,Lilium bulbiferum,fire lily,Plantae,Liliaceae,Lilium,500,375
train,299,6168,1926471,1926471,train_mini/06168_Plantae_Tracheophyta_Liliopsida_Liliales_Liliaceae_Lilium_bulbiferum/3ab5fd5c-5e03-43bf-82ae-c584af394d29.jpg,Lilium bulbiferum,fire lily,Plantae,Liliaceae,Lilium,375,500
train,300,6176,470714,470714,train_mini/06176_Plantae_Tracheophyta_Liliopsida_Liliales_Liliaceae_Lilium_pardalinum/fe4ba78b-4ef0-4aeb-a1f7-aa70e9e05316.jpg,Lilium pardalinum,Leopard Lily,Plantae,Liliaceae,Lilium,500,375
train,300,6176,503779,503779,train_mini/06176_Plantae_Tracheophyta_Liliopsida_Liliales_Liliaceae_Lilium_pardalinum/7c31e345-fe61-49c0-a222-08508d0116a9.jpg,Lilium pardalinum,Leopard Lily,Plantae,Liliaceae,Lilium,331,500
train,300,6176,2048459,2048459,train_mini/06176_Plantae_Tracheophyta_Liliopsida_Liliales_Liliaceae_Lilium_pardalinum/b9205d95-db99-43f9-870d-dfd7391c6aca.jpg,Lilium pardalinum,Leopard Lily,Plantae,Liliaceae,Lilium,375,500
train,300,6176,2234319,2234319,train_mini/06176_Plantae_Tracheophyta_Liliopsida_Liliales_Liliaceae_Lilium_pardalinum/59627552-1081-42d3-9d5f-2480196a6685.jpg,Lilium pardalinum,Leopard Lily,Plantae,Liliaceae,Lilium,375,500
train,300,6176,2539293,2539293,train_mini/06176_Plantae_Tracheophyta_Liliopsida_Liliales_Liliaceae_Lilium_pardalinum/cb3ec42f-b46f-4876-9a03-f633f23c62f2.jpg,Lilium pardalinum,Leopard Lily,Plantae,Liliaceae,Lilium,375,500
train,300,6176,220699,220699,train_mini/06176_Plantae_Tracheophyta_Liliopsida_Liliales_Liliaceae_Lilium_pardalinum/1309bb08-89cc-4ffa-9089-0bb36b826930.jpg,Lilium pardalinum,Leopard Lily,Plantae,Liliaceae,Lilium,500,500
train,300,6176,16320,16320,train_mini/06176_Plantae_Tracheophyta_Liliopsida_Liliales_Liliaceae_Lilium_pardalinum/da5f9416-2ac8-4554-ad30-f5cb66af2ef6.jpg,Lilium pardalinum,Leopard Lily,Plantae,Liliaceae,Lilium,500,333
train,300,6176,1889463,1889463,train_mini/06176_Plantae_Tracheophyta_Liliopsida_Liliales_Liliaceae_Lilium_pardalinum/cea1570b-a691-49bf-aebb-83eac52e85e2.jpg,Lilium pardalinum,Leopard Lily,Plantae,Liliaceae,Lilium,281,500
train,301,6202,763946,763946,train_mini/06202_Plantae_Tracheophyta_Liliopsida_Liliales_Melanthiaceae_Trillium_nivale/3b311dcc-e333-40bc-a410-c516adc26e5a.jpg,Trillium nivale,snow trillium,Plantae,Melanthiaceae,Trillium,500,375
train,301,6202,756834,756834,train_mini/06202_Plantae_Tracheophyta_Liliopsida_Liliales_Melanthiaceae_Trillium_nivale/cd769431-3221-411c-ab9d-72d21bc5b38e.jpg,Trillium nivale,snow trillium,Plantae,Melanthiaceae,Trillium,375,500
train,301,6202,1457809,1457809,train_mini/06202_Plantae_Tracheophyta_Liliopsida_Liliales_Melanthiaceae_Trillium_nivale/a99aca33-0556-47f3-bb13-1117da1beb8f.jpg,Trillium nivale,snow trillium,Plantae,Melanthiaceae,Trillium,500,375
train,301,6202,936536,936536,train_mini/06202_Plantae_Tracheophyta_Liliopsida_Liliales_Melanthiaceae_Trillium_nivale/d7ca5010-2bca-48be-a96e-145d46eb6d25.jpg,Trillium nivale,snow trillium,Plantae,Melanthiaceae,Trillium,500,375
train,301,6202,1463870,1463870,train_mini/06202_Plantae_Tracheophyta_Liliopsida_Liliales_Melanthiaceae_Trillium_nivale/d79a06f7-2e45-4b1f-a40b-e80b66ea03b1.jpg,Trillium nivale,snow trillium,Plantae,Melanthiaceae,Trillium,375,500
train,301,6202,345179,345179,train_mini/06202_Plantae_Tracheophyta_Liliopsida_Liliales_Melanthiaceae_Trillium_nivale/329059e2-2c18-4573-858e-068c31bbb582.jpg,Trillium nivale,snow trillium,Plantae,Melanthiaceae,Trillium,500,500
train,301,6202,1026312,1026312,train_mini/06202_Plantae_Tracheophyta_Liliopsida_Liliales_Melanthiaceae_Trillium_nivale/64abef9a-0346-49b8-8558-388a5c0abdc9.jpg,Trillium nivale,snow trillium,Plantae,Melanthiaceae,Trillium,500,375
train,301,6202,1421354,1421354,train_mini/06202_Plantae_Tracheophyta_Liliopsida_Liliales_Melanthiaceae_Trillium_nivale/d5da6fe3-b3b1-4d3d-97eb-fae520960ebe.jpg,Trillium nivale,snow trillium,Plantae,Melanthiaceae,Trillium,500,333
train,302,6206,228260,228260,train_mini/06206_Plantae_Tracheophyta_Liliopsida_Liliales_Melanthiaceae_Trillium_undulatum/4d8c702a-c31f-4bc6-a9e7-e085b70f55a2.jpg,Trillium undulatum,painted trillium,Plantae,Melanthiaceae,Trillium,375,500
train,302,6206,1486538,1486538,train_mini/06206_Plantae_Tracheophyta_Liliopsida_Liliales_Melanthiaceae_Trillium_undulatum/f63467df-c631-44f5-bd0b-ee2cbb6f7e64.jpg,Trillium undulatum,painted trillium,Plantae,Melanthiaceae,Trillium,500,333
train,302,6206,1777534,1777534,train_mini/06206_Plantae_Tracheophyta_Liliopsida_Liliales_Melanthiaceae_Trillium_undulatum/2e31c68b-365b-4fd6-bc2a-db578ae85d15.jpg,Trillium undulatum,painted trillium,Plantae,Melanthiaceae,Trillium,500,375
train,302,6206,1933135,1933135,train_mini/06206_Plantae_Tracheophyta_Liliopsida_Liliales_Melanthiaceae_Trillium_undulatum/5068b76d-de5f-4635-b5be-6c29dd4e8ae9.jpg,Trillium undulatum,painted trillium,Plantae,Melanthiaceae,Trillium,500,500
train,302,6206,1560385,1560385,train_mini/06206_Plantae_Tracheophyta_Liliopsida_Liliales_Melanthiaceae_Trillium_undulatum/1b099086-eaa8-494a-ac75-17c69d6124b3.jpg,Trillium undulatum,painted trillium,Plantae,Melanthiaceae,Trillium,375,500
train,302,6206,1903433,1903433,train_mini/06206_Plantae_Tracheophyta_Liliopsida_Liliales_Melanthiaceae_Trillium_undulatum/bb48d0f9-7f8c-4726-8862-289927963f99.jpg,Trillium undulatum,painted trillium,Plantae,Melanthiaceae,Trillium,375,500
train,302,6206,882754,882754,train_mini/06206_Plantae_Tracheophyta_Liliopsida_Liliales_Melanthiaceae_Trillium_undulatum/626c5ca1-be3f-4ee4-9bc5-b2ece9e8e428.jpg,Trillium undulatum,painted trillium,Plantae,Melanthiaceae,Trillium,375,500
train,302,6206,2547542,2547542,train_mini/06206_Plantae_Tracheophyta_Liliopsida_Liliales_Melanthiaceae_Trillium_undulatum/6bd7e9b9-b86b-4df4-8584-21999e1c1831.jpg,Trillium undulatum,painted trillium,Plantae,Melanthiaceae,Trillium,500,281
train,303,6215,1981322,1981322,train_mini/06215_Plantae_Tracheophyta_Liliopsida_Liliales_Smilacaceae_Smilax_glauca/420b1876-26d5-4497-b28a-18ef60b3cd06.jpg,Smilax glauca,sawbrier,Plantae,Smilacaceae,Smilax,243,500
train,303,6215,951746,951746,train_mini/06215_Plantae_Tracheophyta_Liliopsida_Liliales_Smilacaceae_Smilax_glauca/46a0f528-d2c0-4d4f-a839-4f63418a24bd.jpg,Smilax glauca,sawbrier,Plantae,Smilacaceae,Smilax,500,333
train,303,6215,105595,105595,train_mini/06215_Plantae_Tracheophyta_Liliopsida_Liliales_Smilacaceae_Smilax_glauca/6b433685-7e2f-4eab-b037-3101aef2b389.jpg,Smilax glauca,sawbrier,Plantae,Smilacaceae,Smilax,500,413
train,303,6215,285373,285373,train_mini/06215_Plantae_Tracheophyta_Liliopsida_Liliales_Smilacaceae_Smilax_glauca/e01f3847-cf93-4561-ba1f-d43f441bf4a2.jpg,Smilax glauca,sawbrier,Plantae,Smilacaceae,Smilax,500,500
train,303,6215,2446782,2446782,train_mini/06215_Plantae_Tracheophyta_Liliopsida_Liliales_Smilacaceae_Smilax_glauca/926a52e1-4ea3-4b13-bce9-20ab7cf9dd95.jpg,Smilax glauca,sawbrier,Plantae,Smilacaceae,Smilax,500,375
train,303,6215,972133,972133,train_mini/06215_Plantae_Tracheophyta_Liliopsida_Liliales_Smilacaceae_Smilax_glauca/0c63b81c-154e-442b-a5d8-c2031420ba52.jpg,Smilax glauca,sawbrier,Plantae,Smilacaceae,Smilax,500,333
train,303,6215,630134,630134,train_mini/06215_Plantae_Tracheophyta_Liliopsida_Liliales_Smilacaceae_Smilax_glauca/ff66d653-39d1-4a20-a876-3aa283b44103.jpg,Smilax glauca,sawbrier,Plantae,Smilacaceae,Smilax,375,500
train,303,6215,2151635,2151635,train_mini/06215_Plantae_Tracheophyta_Liliopsida_Liliales_Smilacaceae_Smilax_glauca/e347ee90-0cb0-445e-9f05-4d3ac5843256.jpg,Smilax glauca,sawbrier,Plantae,Smilacaceae,Smilax,375,500
train,304,6238,756317,756317,train_mini/06238_Plantae_Tracheophyta_Liliopsida_Poales_Cyperaceae_Carex_digitata/a076f3cd-69e0-4370-960b-a9cab66c03a2.jpg,Carex digitata,Fingered Sedge,Plantae,Cyperaceae,Carex,375,500
train,304,6238,2526678,2526678,train_mini/06238_Plantae_Tracheophyta_Liliopsida_Poales_Cyperaceae_Carex_digitata/0e235f20-7d87-42aa-ac88-7d19fa32c769.jpg,Carex digitata,Fingered Sedge,Plantae,Cyperaceae,Carex,365,500
train,304,6238,2528978,2528978,train_mini/06238_Plantae_Tracheophyta_Liliopsida_Poales_Cyperaceae_Carex_digitata/208a8fd6-c9d2-4704-bad0-9eb9d075b672.jpg,Carex digitata,Fingered Sedge,Plantae,Cyperaceae,Carex,333,500
train,304,6238,2426194,2426194,train_mini/06238_Plantae_Tracheophyta_Liliopsida_Poales_Cyperaceae_Carex_digitata/34cb4c1f-140a-4db4-bdcc-474dcbb88681.jpg,Carex digitata,Fingered Sedge,Plantae,Cyperaceae,Carex,500,331
train,304,6238,1649345,1649345,train_mini/06238_Plantae_Tracheophyta_Liliopsida_Poales_Cyperaceae_Carex_digitata/0c6ea74f-2677-44c4-9418-cfc8343184a4.jpg,Carex digitata,Fingered Sedge,Plantae,Cyperaceae,Carex,500,281
train,304,6238,838734,838734,train_mini/06238_Plantae_Tracheophyta_Liliopsida_Poales_Cyperaceae_Carex_digitata/6b3983ac-230a-449a-a4ab-81205ebd71b3.jpg,Carex digitata,Fingered Sedge,Plantae,Cyperaceae,Carex,281,500
train,304,6238,2496652,2496652,train_mini/06238_Plantae_Tracheophyta_Liliopsida_Poales_Cyperaceae_Carex_digitata/403654b0-3510-4f8e-b517-8bf38382dcb5.jpg,Carex digitata,Fingered Sedge,Plantae,Cyperaceae,Carex,500,375
train,304,6238,2532257,2532257,train_mini/06238_Plantae_Tracheophyta_Liliopsida_Poales_Cyperaceae_Carex_digitata/f971dc9b-5974-4dfd-bb2e-d05a4310c5bd.jpg,Carex digitata,Fingered Sedge,Plantae,Cyperaceae,Carex,311,500
train,305,6295,1856832,1856832,train_mini/06295_Plantae_Tracheophyta_Liliopsida_Poales_Cyperaceae_Schoenoplectus_pungens/988a5c7f-25c8-4e3e-b60a-bb4d54c72874.jpg,Schoenoplectus pungens,common three-square,Plantae,Cyperaceae,Schoenoplectus,375,500
train,305,6295,983156,983156,train_mini/06295_Plantae_Tracheophyta_Liliopsida_Poales_Cyperaceae_Schoenoplectus_pungens/4ef8be44-a2ef-49c2-ac2e-bde4ff1f8953.jpg,Schoenoplectus pungens,common three-square,Plantae,Cyperaceae,Schoenoplectus,375,500
train,305,6295,513080,513080,train_mini/06295_Plantae_Tracheophyta_Liliopsida_Poales_Cyperaceae_Schoenoplectus_pungens/d27ca4c2-1341-41eb-acca-eeda9f94d3e8.jpg,Schoenoplectus pungens,common three-square,Plantae,Cyperaceae,Schoenoplectus,375,500
train,305,6295,400940,400940,train_mini/06295_Plantae_Tracheophyta_Liliopsida_Poales_Cyperaceae_Schoenoplectus_pungens/81dfcfe4-924f-495f-b09d-f4ea9f728762.jpg,Schoenoplectus pungens,common three-square,Plantae,Cyperaceae,Schoenoplectus,375,500
train,305,6295,544311,544311,train_mini/06295_Plantae_Tracheophyta_Liliopsida_Poales_Cyperaceae_Schoenoplectus_pungens/64c9ad85-909a-4bfc-b470-daa7c197e3ec.jpg,Schoenoplectus pungens,common three-square,Plantae,Cyperaceae,Schoenoplectus,281,500
train,305,6295,1002246,1002246,train_mini/06295_Plantae_Tracheophyta_Liliopsida_Poales_Cyperaceae_Schoenoplectus_pungens/671b5a27-5915-4d64-898a-c1e8a5fe1990.jpg,Schoenoplectus pungens,common three-square,Plantae,Cyperaceae,Schoenoplectus,375,500
train,305,6295,2073333,2073333,train_mini/06295_Plantae_Tracheophyta_Liliopsida_Poales_Cyperaceae_Schoenoplectus_pungens/cfcb6730-59b5-4547-a675-773738e4288f.jpg,Schoenoplectus pungens,common three-square,Plantae,Cyperaceae,Schoenoplectus,375,500
train,305,6295,2504943,2504943,train_mini/06295_Plantae_Tracheophyta_Liliopsida_Poales_Cyperaceae_Schoenoplectus_pungens/4715315b-30a5-459f-aa8a-88cd1c25a28f.jpg,Schoenoplectus pungens,common three-square,Plantae,Cyperaceae,Schoenoplectus,333,500
train,306,6407,1944940,1944940,train_mini/06407_Plantae_Tracheophyta_Liliopsida_Poales_Poaceae_Paspalum_dilatatum/a28667f9-7c4c-481b-8c67-0db8604ea6dd.jpg,Paspalum dilatatum,Dallis grass,Plantae,Poaceae,Paspalum,375,500
train,306,6407,234544,234544,train_mini/06407_Plantae_Tracheophyta_Liliopsida_Poales_Poaceae_Paspalum_dilatatum/3c9bcecd-3dfb-4793-8ad5-c5835499f823.jpg,Paspalum dilatatum,Dallis grass,Plantae,Poaceae,Paspalum,500,265
train,306,6407,2514755,2514755,train_mini/06407_Plantae_Tracheophyta_Liliopsida_Poales_Poaceae_Paspalum_dilatatum/9b0ef944-9ca1-4824-b17e-112992ed45f2.jpg,Paspalum dilatatum,Dallis grass,Plantae,Poaceae,Paspalum,500,375
train,306,6407,851196,851196,train_mini/06407_Plantae_Tracheophyta_Liliopsida_Poales_Poaceae_Paspalum_dilatatum/e859dbe1-e02d-4492-8f44-f67aa8454f1e.jpg,Paspalum dilatatum,Dallis grass,Plantae,Poaceae,Paspalum,375,500
train,306,6407,866720,866720,train_mini/06407_Plantae_Tracheophyta_Liliopsida_Poales_Poaceae_Paspalum_dilatatum/e82b26c6-a1bf-499e-a38f-f0f103129fbc.jpg,Paspalum dilatatum,Dallis grass,Plantae,Poaceae,Paspalum,375,500
train,306,6407,202807,202807,train_mini/06407_Plantae_Tracheophyta_Liliopsida_Poales_Poaceae_Paspalum_dilatatum/70affb05-e7a3-42a2-a823-f02aada3c642.jpg,Paspalum dilatatum,Dallis grass,Plantae,Poaceae,Paspalum,500,375
train,306,6407,2840,2840,train_mini/06407_Plantae_Tracheophyta_Liliopsida_Poales_Poaceae_Paspalum_dilatatum/ef90734c-1f30-4785-b651-d5288d7430d5.jpg,Paspalum dilatatum,Dallis grass,Plantae,Poaceae,Paspalum,500,334
train,306,6407,415723,415723,train_mini/06407_Plantae_Tracheophyta_Liliopsida_Poales_Poaceae_Paspalum_dilatatum/59623667-3c1f-4877-8ea4-b61d4739fef3.jpg,Paspalum dilatatum,Dallis grass,Plantae,Poaceae,Paspalum,281,500
train,307,6416,1645997,1645997,train_mini/06416_Plantae_Tracheophyta_Liliopsida_Poales_Poaceae_Poa_annua/796b03c3-b962-4edc-b50d-da936cc91e55.jpg,Poa annua,Annual Meadow-grass,Plantae,Poaceae,Poa,500,331
train,307,6416,723412,723412,train_mini/06416_Plantae_Tracheophyta_Liliopsida_Poales_Poaceae_Poa_annua/b338b7a8-df65-45fc-9e7a-5ef01c0d06a0.jpg,Poa annua,Annual Meadow-grass,Plantae,Poaceae,Poa,375,500
train,307,6416,2316685,2316685,train_mini/06416_Plantae_Tracheophyta_Liliopsida_Poales_Poaceae_Poa_annua/6124b8f1-214f-4d63-9f07-3adcfa569fd6.jpg,Poa annua,Annual Meadow-grass,Plantae,Poaceae,Poa,281,500
train,307,6416,1425220,1425220,train_mini/06416_Plantae_Tracheophyta_Liliopsida_Poales_Poaceae_Poa_annua/671efaa8-9509-41b1-a00f-52f083eddda2.jpg,Poa annua,Annual Meadow-grass,Plantae,Poaceae,Poa,375,500
train,307,6416,1524843,1524843,train_mini/06416_Plantae_Tracheophyta_Liliopsida_Poales_Poaceae_Poa_annua/74c10b3c-c181-4940-91d7-8f59dd8d81f7.jpg,Poa annua,Annual Meadow-grass,Plantae,Poaceae,Poa,375,500
train,307,6416,691948,691948,train_mini/06416_Plantae_Tracheophyta_Liliopsida_Poales_Poaceae_Poa_annua/b2ee1d2f-f88b-45db-b7c6-565654c7f4c4.jpg,Poa annua,Annual Meadow-grass,Plantae,Poaceae,Poa,500,334
train,307,6416,834840,834840,train_mini/06416_Plantae_Tracheophyta_Liliopsida_Poales_Poaceae_Poa_annua/9612880e-6667-4dbf-af4a-6b06261a9001.jpg,Poa annua,Annual Meadow-grass,Plantae,Poaceae,Poa,375,500
train,307,6416,1162421,1162421,train_mini/06416_Plantae_Tracheophyta_Liliopsida_Poales_Poaceae_Poa_annua/d642499a-0fe7-40e0-b796-08dbc6587832.jpg,Poa annua,Annual Meadow-grass,Plantae,Poaceae,Poa,402,500
train,308,6425,1139092,1139092,train_mini/06425_Plantae_Tracheophyta_Liliopsida_Poales_Poaceae_Setaria_viridis/46d11d16-814d-477c-bb79-3528c563a956.jpg,Setaria viridis,Green Bristle Grass,Plantae,Poaceae,Setaria,500,375
train,308,6425,2363307,2363307,train_mini/06425_Plantae_Tracheophyta_Liliopsida_Poales_Poaceae_Setaria_viridis/1a7be758-adba-43d4-a18c-07bcf4665b0a.jpg,Setaria viridis,Green Bristle Grass,Plantae,Poaceae,Setaria,375,500
train,308,6425,1875775,1875775,train_mini/06425_Plantae_Tracheophyta_Liliopsida_Poales_Poaceae_Setaria_viridis/1f9711e6-e8bf-4d96-bdfe-bf4ab2866e73.jpg,Setaria viridis,Green Bristle Grass,Plantae,Poaceae,Setaria,333,500
train,308,6425,612307,612307,train_mini/06425_Plantae_Tracheophyta_Liliopsida_Poales_Poaceae_Setaria_viridis/0fa29259-1412-42a4-a4ed-b96a44daa574.jpg,Setaria viridis,Green Bristle Grass,Plantae,Poaceae,Setaria,500,281
train,308,6425,2348934,2348934,train_mini/06425_Plantae_Tracheophyta_Liliopsida_Poales_Poaceae_Setaria_viridis/688aba51-d4a7-4d5d-9ebb-f20cfd5dc8e8.jpg,Setaria viridis,Green Bristle Grass,Plantae,Poaceae,Setaria,375,500
train,308,6425,2028068,2028068,train_mini/06425_Plantae_Tracheophyta_Liliopsida_Poales_Poaceae_Setaria_viridis/bbe1c1c0-cc18-4154-8c98-ef3feb48d0d0.jpg,Setaria viridis,Green Bristle Grass,Plantae,Poaceae,Setaria,375,500
train,308,6425,637074,637074,train_mini/06425_Plantae_Tracheophyta_Liliopsida_Poales_Poaceae_Setaria_viridis/1d161305-582c-4452-8565-995a151890d9.jpg,Setaria viridis,Green Bristle Grass,Plantae,Poaceae,Setaria,375,500
train,308,6425,2496326,2496326,train_mini/06425_Plantae_Tracheophyta_Liliopsida_Poales_Poaceae_Setaria_viridis/1b8f28a6-3fc2-4649-8a96-7d2f522084b9.jpg,Setaria viridis,Green Bristle Grass,Plantae,Poaceae,Setaria,500,373
train,309,6431,1599158,1599158,train_mini/06431_Plantae_Tracheophyta_Liliopsida_Poales_Poaceae_Stenotaphrum_secundatum/7c0c6a9f-6aa5-45be-8537-cc01685149b9.jpg,Stenotaphrum secundatum,Saint Augustine grass,Plantae,Poaceae,Stenotaphrum,500,500
train,309,6431,703393,703393,train_mini/06431_Plantae_Tracheophyta_Liliopsida_Poales_Poaceae_Stenotaphrum_secundatum/bb109934-68d4-4807-b0b5-2d84f953986a.jpg,Stenotaphrum secundatum,Saint Augustine grass,Plantae,Poaceae,Stenotaphrum,375,500
train,309,6431,1674462,1674462,train_mini/06431_Plantae_Tracheophyta_Liliopsida_Poales_Poaceae_Stenotaphrum_secundatum/675fdd9e-83cd-4159-a570-50ea7168a33c.jpg,Stenotaphrum secundatum,Saint Augustine grass,Plantae,Poaceae,Stenotaphrum,500,375
train,309,6431,453430,453430,train_mini/06431_Plantae_Tracheophyta_Liliopsida_Poales_Poaceae_Stenotaphrum_secundatum/635fcc23-cd77-4da0-a16e-827a4cf2c597.jpg,Stenotaphrum secundatum,Saint Augustine grass,Plantae,Poaceae,Stenotaphrum,448,500
train,309,6431,1615288,1615288,train_mini/06431_Plantae_Tracheophyta_Liliopsida_Poales_Poaceae_Stenotaphrum_secundatum/102b7f16-c30c-49bc-94d1-e496cbb98f53.jpg,Stenotaphrum secundatum,Saint Augustine grass,Plantae,Poaceae,Stenotaphrum,500,333
train,309,6431,143909,143909,train_mini/06431_Plantae_Tracheophyta_Liliopsida_Poales_Poaceae_Stenotaphrum_secundatum/d5e0fee0-1b7b-437b-bc59-6f0e5d0aab70.jpg,Stenotaphrum secundatum,Saint Augustine grass,Plantae,Poaceae,Stenotaphrum,376,500
train,309,6431,636038,636038,train_mini/06431_Plantae_Tracheophyta_Liliopsida_Poales_Poaceae_Stenotaphrum_secundatum/4b10138b-e9e9-400a-be34-e993af2804a5.jpg,Stenotaphrum secundatum,Saint Augustine grass,Plantae,Poaceae,Stenotaphrum,375,500
train,309,6431,1352133,1352133,train_mini/06431_Plantae_Tracheophyta_Liliopsida_Poales_Poaceae_Stenotaphrum_secundatum/acfaf572-2368-412c-9510-622622c80e8a.jpg,Stenotaphrum secundatum,Saint Augustine grass,Plantae,Poaceae,Stenotaphrum,333,500
train,310,6433,2617708,2617708,train_mini/06433_Plantae_Tracheophyta_Liliopsida_Poales_Poaceae_Themeda_triandra/a1349b3b-5c07-4538-b9f9-1db701dcd8d9.jpg,Themeda triandra,Kangaroo Grass,Plantae,Poaceae,Themeda,375,500
train,310,6433,757012,757012,train_mini/06433_Plantae_Tracheophyta_Liliopsida_Poales_Poaceae_Themeda_triandra/f637baa0-a2b9-4c6d-8a25-78cb2eaea0b7.jpg,Themeda triandra,Kangaroo Grass,Plantae,Poaceae,Themeda,338,451
train,310,6433,1503083,1503083,train_mini/06433_Plantae_Tracheophyta_Liliopsida_Poales_Poaceae_Themeda_triandra/7cf3ea28-a5aa-4e35-96d9-9f327cb29b0d.jpg,Themeda triandra,Kangaroo Grass,Plantae,Poaceae,Themeda,500,375
train,310,6433,2600340,2600340,train_mini/06433_Plantae_Tracheophyta_Liliopsida_Poales_Poaceae_Themeda_triandra/4333264b-0843-4168-a211-e2c0f3fa4f33.jpg,Themeda triandra,Kangaroo Grass,Plantae,Poaceae,Themeda,500,375
train,310,6433,767577,767577,train_mini/06433_Plantae_Tracheophyta_Liliopsida_Poales_Poaceae_Themeda_triandra/b5edbf2d-8964-4579-9b76-ae172972144f.jpg,Themeda triandra,Kangaroo Grass,Plantae,Poaceae,Themeda,375,500
train,310,6433,2309494,2309494,train_mini/06433_Plantae_Tracheophyta_Liliopsida_Poales_Poaceae_Themeda_triandra/941b4c8e-fb96-48dd-bb3e-0c88a905f0cb.jpg,Themeda triandra,Kangaroo Grass,Plantae,Poaceae,Themeda,500,375
train,310,6433,2594152,2594152,train_mini/06433_Plantae_Tracheophyta_Liliopsida_Poales_Poaceae_Themeda_triandra/53fdd986-9797-45c1-b6c9-d4b1e9949064.jpg,Themeda triandra,Kangaroo Grass,Plantae,Poaceae,Themeda,354,500
train,310,6433,1365108,1365108,train_mini/06433_Plantae_Tracheophyta_Liliopsida_Poales_Poaceae_Themeda_triandra/6b264491-47c9-45d1-a0ce-55dcba933d9d.jpg,Themeda triandra,Kangaroo Grass,Plantae,Poaceae,Themeda,375,500
train,311,6461,767764,767764,train_mini/06461_Plantae_Tracheophyta_Lycopodiopsida_Lycopodiales_Lycopodiaceae_Dendrolycopodium_obscurum/308fe4ee-d873-437e-9334-31a61378ba7a.jpg,Dendrolycopodium obscurum,princess pine,Plantae,Lycopodiaceae,Dendrolycopodium,401,500
train,311,6461,439779,439779,train_mini/06461_Plantae_Tracheophyta_Lycopodiopsida_Lycopodiales_Lycopodiaceae_Dendrolycopodium_obscurum/b57fb705-7475-4145-8eee-db42dd29cb28.jpg,Dendrolycopodium obscurum,princess pine,Plantae,Lycopodiaceae,Dendrolycopodium,500,375
train,311,6461,1363765,1363765,train_mini/06461_Plantae_Tracheophyta_Lycopodiopsida_Lycopodiales_Lycopodiaceae_Dendrolycopodium_obscurum/53ee8db1-cf18-442f-bcdf-c29ffbefd556.jpg,Dendrolycopodium obscurum,princess pine,Plantae,Lycopodiaceae,Dendrolycopodium,375,500
train,311,6461,1573577,1573577,train_mini/06461_Plantae_Tracheophyta_Lycopodiopsida_Lycopodiales_Lycopodiaceae_Dendrolycopodium_obscurum/572a44d9-4306-4095-a6d0-1eda763183e7.jpg,Dendrolycopodium obscurum,princess pine,Plantae,Lycopodiaceae,Dendrolycopodium,500,334
train,311,6461,1637139,1637139,train_mini/06461_Plantae_Tracheophyta_Lycopodiopsida_Lycopodiales_Lycopodiaceae_Dendrolycopodium_obscurum/8971a7a7-a853-4389-a3cc-0fb56b91fe75.jpg,Dendrolycopodium obscurum,princess pine,Plantae,Lycopodiaceae,Dendrolycopodium,375,500
train,311,6461,1224421,1224421,train_mini/06461_Plantae_Tracheophyta_Lycopodiopsida_Lycopodiales_Lycopodiaceae_Dendrolycopodium_obscurum/46c569d0-e25e-41c9-bd05-92724ce7a371.jpg,Dendrolycopodium obscurum,princess pine,Plantae,Lycopodiaceae,Dendrolycopodium,250,500
train,311,6461,126963,126963,train_mini/06461_Plantae_Tracheophyta_Lycopodiopsida_Lycopodiales_Lycopodiaceae_Dendrolycopodium_obscurum/854fc55f-16ea-4114-8930-773ef9960da0.jpg,Dendrolycopodium obscurum,princess pine,Plantae,Lycopodiaceae,Dendrolycopodium,338,500
train,311,6461,445905,445905,train_mini/06461_Plantae_Tracheophyta_Lycopodiopsida_Lycopodiales_Lycopodiaceae_Dendrolycopodium_obscurum/aa3983b4-d29f-4bb2-a397-5da201e41a49.jpg,Dendrolycopodium obscurum,princess pine,Plantae,Lycopodiaceae,Dendrolycopodium,500,333
train,312,6492,1688328,1688328,train_mini/06492_Plantae_Tracheophyta_Magnoliopsida_Apiales_Apiaceae_Chaerophyllum_aromaticum/00362070-1f15-4635-86f2-a0fda2a5fce6.jpg,Chaerophyllum aromaticum,Broad-leaved Chervil,Plantae,Apiaceae,Chaerophyllum,500,383
train,312,6492,2499022,2499022,train_mini/06492_Plantae_Tracheophyta_Magnoliopsida_Apiales_Apiaceae_Chaerophyllum_aromaticum/5e60cbca-2a0d-4cab-bd5e-3a1a5309be94.jpg,Chaerophyllum aromaticum,Broad-leaved Chervil,Plantae,Apiaceae,Chaerophyllum,500,341
train,312,6492,1823521,1823521,train_mini/06492_Plantae_Tracheophyta_Magnoliopsida_Apiales_Apiaceae_Chaerophyllum_aromaticum/37ea0034-2715-4236-83a6-fe1f20119e88.jpg,Chaerophyllum aromaticum,Broad-leaved Chervil,Plantae,Apiaceae,Chaerophyllum,375,500
train,312,6492,1826820,1826820,train_mini/06492_Plantae_Tracheophyta_Magnoliopsida_Apiales_Apiaceae_Chaerophyllum_aromaticum/5465c3b2-e4df-4cc4-af46-ff3a73b36f28.jpg,Chaerophyllum aromaticum,Broad-leaved Chervil,Plantae,Apiaceae,Chaerophyllum,500,375
train,312,6492,1926770,1926770,train_mini/06492_Plantae_Tracheophyta_Magnoliopsida_Apiales_Apiaceae_Chaerophyllum_aromaticum/50c65aae-2138-47a4-9663-e7dee40b9ed2.jpg,Chaerophyllum aromaticum,Broad-leaved Chervil,Plantae,Apiaceae,Chaerophyllum,375,500
train,312,6492,1584382,1584382,train_mini/06492_Plantae_Tracheophyta_Magnoliopsida_Apiales_Apiaceae_Chaerophyllum_aromaticum/fa9c5ff0-d440-4b01-ad3e-ccb5f39f348e.jpg,Chaerophyllum aromaticum,Broad-leaved Chervil,Plantae,Apiaceae,Chaerophyllum,375,500
train,312,6492,2037776,2037776,train_mini/06492_Plantae_Tracheophyta_Magnoliopsida_Apiales_Apiaceae_Chaerophyllum_aromaticum/a91f5924-b180-4191-958e-ed93471ddc31.jpg,Chaerophyllum aromaticum,Broad-leaved Chervil,Plantae,Apiaceae,Chaerophyllum,375,500
train,312,6492,1968228,1968228,train_mini/06492_Plantae_Tracheophyta_Magnoliopsida_Apiales_Apiaceae_Chaerophyllum_aromaticum/12462840-e50d-4832-930b-ca7bad78470f.jpg,Chaerophyllum aromaticum,Broad-leaved Chervil,Plantae,Apiaceae,Chaerophyllum,375,500
train,313,6543,1984349,1984349,train_mini/06543_Plantae_Tracheophyta_Magnoliopsida_Apiales_Apiaceae_Torilis_japonica/50153bc3-7de1-4ce1-baa1-50f80904a51b.jpg,Torilis japonica,upright hedge-parsley,Plantae,Apiaceae,Torilis,375,500
train,313,6543,1871641,1871641,train_mini/06543_Plantae_Tracheophyta_Magnoliopsida_Apiales_Apiaceae_Torilis_japonica/15d65095-5b9c-4123-9aeb-c97ef0bba8e0.jpg,Torilis japonica,upright hedge-parsley,Plantae,Apiaceae,Torilis,346,500
train,313,6543,1032722,1032722,train_mini/06543_Plantae_Tracheophyta_Magnoliopsida_Apiales_Apiaceae_Torilis_japonica/08eb28ea-cf19-41b0-aab1-20d5e5fab55a.jpg,Torilis japonica,upright hedge-parsley,Plantae,Apiaceae,Torilis,500,375
train,313,6543,2038281,2038281,train_mini/06543_Plantae_Tracheophyta_Magnoliopsida_Apiales_Apiaceae_Torilis_japonica/02aaf271-7c90-427d-8055-c426624aa884.jpg,Torilis japonica,upright hedge-parsley,Plantae,Apiaceae,Torilis,375,500
train,313,6543,2093082,2093082,train_mini/06543_Plantae_Tracheophyta_Magnoliopsida_Apiales_Apiaceae_Torilis_japonica/5cc6b01b-7594-4662-b24a-d94b3dce02e6.jpg,Torilis japonica,upright hedge-parsley,Plantae,Apiaceae,Torilis,375,500
train,313,6543,951523,951523,train_mini/06543_Plantae_Tracheophyta_Magnoliopsida_Apiales_Apiaceae_Torilis_japonica/ddfd740c-9c94-417b-9db5-90731e8bdfc5.jpg,Torilis japonica,upright hedge-parsley,Plantae,Apiaceae,Torilis,500,375
train,313,6543,973028,973028,train_mini/06543_Plantae_Tracheophyta_Magnoliopsida_Apiales_Apiaceae_Torilis_japonica/910fa056-42cb-4d4c-91b3-daa32920ed75.jpg,Torilis japonica,upright hedge-parsley,Plantae,Apiaceae,Torilis,500,402
train,313,6543,2544911,2544911,train_mini/06543_Plantae_Tracheophyta_Magnoliopsida_Apiales_Apiaceae_Torilis_japonica/254a0a55-c7cd-47c4-af78-f547e59cbf87.jpg,Torilis japonica,upright hedge-parsley,Plantae,Apiaceae,Torilis,375,500
train,314,6554,1576635,1576635,train_mini/06554_Plantae_Tracheophyta_Magnoliopsida_Apiales_Araliaceae_Fatsia_japonica/47101bdd-d5e5-4266-9108-d91698a1d25d.jpg,Fatsia japonica,Japanese aralia,Plantae,Araliaceae,Fatsia,375,500
train,314,6554,2382351,2382351,train_mini/06554_Plantae_Tracheophyta_Magnoliopsida_Apiales_Araliaceae_Fatsia_japonica/50826f65-bcd1-4999-8e83-5853a0fdbd47.jpg,Fatsia japonica,Japanese aralia,Plantae,Araliaceae,Fatsia,375,500
train,314,6554,2268673,2268673,train_mini/06554_Plantae_Tracheophyta_Magnoliopsida_Apiales_Araliaceae_Fatsia_japonica/8a4cc5e8-ec1a-478e-99c2-e3955aa580cc.jpg,Fatsia japonica,Japanese aralia,Plantae,Araliaceae,Fatsia,500,375
train,314,6554,1429234,1429234,train_mini/06554_Plantae_Tracheophyta_Magnoliopsida_Apiales_Araliaceae_Fatsia_japonica/34d2057d-53d6-4f4d-98d2-cb2035fa3750.jpg,Fatsia japonica,Japanese aralia,Plantae,Araliaceae,Fatsia,500,375
train,314,6554,1397255,1397255,train_mini/06554_Plantae_Tracheophyta_Magnoliopsida_Apiales_Araliaceae_Fatsia_japonica/a66fda53-06fe-4b31-b457-bf01b7d1a33d.jpg,Fatsia japonica,Japanese aralia,Plantae,Araliaceae,Fatsia,281,500
train,314,6554,59759,59759,train_mini/06554_Plantae_Tracheophyta_Magnoliopsida_Apiales_Araliaceae_Fatsia_japonica/66566127-05a7-4c44-92cf-6c18c16928e7.jpg,Fatsia japonica,Japanese aralia,Plantae,Araliaceae,Fatsia,500,375
train,314,6554,622796,622796,train_mini/06554_Plantae_Tracheophyta_Magnoliopsida_Apiales_Araliaceae_Fatsia_japonica/ce163fad-4528-4858-b30e-8b27d3d6aa7e.jpg,Fatsia japonica,Japanese aralia,Plantae,Araliaceae,Fatsia,375,500
train,314,6554,642151,642151,train_mini/06554_Plantae_Tracheophyta_Magnoliopsida_Apiales_Araliaceae_Fatsia_japonica/70a76e7c-7684-42f1-bcf6-06a35f6e9d2f.jpg,Fatsia japonica,Japanese aralia,Plantae,Araliaceae,Fatsia,500,375
train,315,6562,992651,992651,train_mini/06562_Plantae_Tracheophyta_Magnoliopsida_Apiales_Araliaceae_Panax_trifolius/c7c6a8bb-cb70-4b61-9df2-eec4c478a91a.jpg,Panax trifolius,dwarf ginseng,Plantae,Araliaceae,Panax,333,500
train,315,6562,846580,846580,train_mini/06562_Plantae_Tracheophyta_Magnoliopsida_Apiales_Araliaceae_Panax_trifolius/8c294afd-c9b4-4333-8ffb-d4fd7a2f6993.jpg,Panax trifolius,dwarf ginseng,Plantae,Araliaceae,Panax,375,500
train,315,6562,178687,178687,train_mini/06562_Plantae_Tracheophyta_Magnoliopsida_Apiales_Araliaceae_Panax_trifolius/b56b2b7f-3ddb-4d5b-af3d-682a80d5535e.jpg,Panax trifolius,dwarf ginseng,Plantae,Araliaceae,Panax,375,500
train,315,6562,1519501,1519501,train_mini/06562_Plantae_Tracheophyta_Magnoliopsida_Apiales_Araliaceae_Panax_trifolius/68fe5527-baa5-45b1-b890-63a471696990.jpg,Panax trifolius,dwarf ginseng,Plantae,Araliaceae,Panax,375,500
train,315,6562,1571395,1571395,train_mini/06562_Plantae_Tracheophyta_Magnoliopsida_Apiales_Araliaceae_Panax_trifolius/0d25af6f-3397-4e2c-bcc6-b0095e586a09.jpg,Panax trifolius,dwarf ginseng,Plantae,Araliaceae,Panax,375,500
train,315,6562,1550494,1550494,train_mini/06562_Plantae_Tracheophyta_Magnoliopsida_Apiales_Araliaceae_Panax_trifolius/064274f4-b19f-4ed6-84c4-e83252212054.jpg,Panax trifolius,dwarf ginseng,Plantae,Araliaceae,Panax,500,375
train,315,6562,205568,205568,train_mini/06562_Plantae_Tracheophyta_Magnoliopsida_Apiales_Araliaceae_Panax_trifolius/62cba2b6-da27-479f-b665-26c7d6231713.jpg,Panax trifolius,dwarf ginseng,Plantae,Araliaceae,Panax,500,375
train,315,6562,726247,726247,train_mini/06562_Plantae_Tracheophyta_Magnoliopsida_Apiales_Araliaceae_Panax_trifolius/65f7b2ac-46aa-4668-9946-2bc40b0efb25.jpg,Panax trifolius,dwarf ginseng,Plantae,Araliaceae,Panax,375,500
train,316,6568,565790,565790,train_mini/06568_Plantae_Tracheophyta_Magnoliopsida_Apiales_Araliaceae_Schefflera_actinophylla/ebb8d113-8692-4bd4-94b6-9ff8da107e2f.jpg,Schefflera actinophylla,Octopus Tree,Plantae,Araliaceae,Schefflera,375,500
train,316,6568,592353,592353,train_mini/06568_Plantae_Tracheophyta_Magnoliopsida_Apiales_Araliaceae_Schefflera_actinophylla/28d04389-a7b3-4d78-a999-d03fd90f489a.jpg,Schefflera actinophylla,Octopus Tree,Plantae,Araliaceae,Schefflera,500,375
train,316,6568,574747,574747,train_mini/06568_Plantae_Tracheophyta_Magnoliopsida_Apiales_Araliaceae_Schefflera_actinophylla/4e7f849c-40c3-4ca5-a569-44460b2d85d7.jpg,Schefflera actinophylla,Octopus Tree,Plantae,Araliaceae,Schefflera,281,500
train,316,6568,1578021,1578021,train_mini/06568_Plantae_Tracheophyta_Magnoliopsida_Apiales_Araliaceae_Schefflera_actinophylla/c09a383c-76f1-4f16-ac8a-d1176c2dfd4d.jpg,Schefflera actinophylla,Octopus Tree,Plantae,Araliaceae,Schefflera,500,333
train,316,6568,497706,497706,train_mini/06568_Plantae_Tracheophyta_Magnoliopsida_Apiales_Araliaceae_Schefflera_actinophylla/b90019e5-4daf-461b-8366-ad6c0cdce5bf.jpg,Schefflera actinophylla,Octopus Tree,Plantae,Araliaceae,Schefflera,500,375
train,316,6568,2099283,2099283,train_mini/06568_Plantae_Tracheophyta_Magnoliopsida_Apiales_Araliaceae_Schefflera_actinophylla/2474e19f-f25b-40cf-ae7b-fd42cf21c2f9.jpg,Schefflera actinophylla,Octopus Tree,Plantae,Araliaceae,Schefflera,500,333
train,316,6568,779189,779189,train_mini/06568_Plantae_Tracheophyta_Magnoliopsida_Apiales_Araliaceae_Schefflera_actinophylla/20e90bc8-0907-43e3-8485-54068aea62f3.jpg,Schefflera actinophylla,Octopus Tree,Plantae,Araliaceae,Schefflera,333,500
train,316,6568,1193956,1193956,train_mini/06568_Plantae_Tracheophyta_Magnoliopsida_Apiales_Araliaceae_Schefflera_actinophylla/ec3c0afd-485e-4117-800c-1a3c33017e6e.jpg,Schefflera actinophylla,Octopus Tree,Plantae,Araliaceae,Schefflera,500,375
train,317,6585,126933,126933,train_mini/06585_Plantae_Tracheophyta_Magnoliopsida_Aquifoliales_Aquifoliaceae_Ilex_opaca/9865e9b5-d4f1-44f2-af67-2d2f0c583826.jpg,Ilex opaca,American holly,Plantae,Aquifoliaceae,Ilex,500,333
train,317,6585,1512431,1512431,train_mini/06585_Plantae_Tracheophyta_Magnoliopsida_Aquifoliales_Aquifoliaceae_Ilex_opaca/a21bd797-f2dc-4666-8a60-0bc190575e13.jpg,Ilex opaca,American holly,Plantae,Aquifoliaceae,Ilex,281,500
train,317,6585,313339,313339,train_mini/06585_Plantae_Tracheophyta_Magnoliopsida_Aquifoliales_Aquifoliaceae_Ilex_opaca/1b87c100-39d9-47ab-ac77-972823c564a4.jpg,Ilex opaca,American holly,Plantae,Aquifoliaceae,Ilex,375,500
train,317,6585,1573537,1573537,train_mini/06585_Plantae_Tracheophyta_Magnoliopsida_Aquifoliales_Aquifoliaceae_Ilex_opaca/9e366dc9-8cf9-4731-991f-a0882078fb52.jpg,Ilex opaca,American holly,Plantae,Aquifoliaceae,Ilex,375,500
train,317,6585,856413,856413,train_mini/06585_Plantae_Tracheophyta_Magnoliopsida_Aquifoliales_Aquifoliaceae_Ilex_opaca/13cfc266-db9d-4ce9-8300-80761c043c11.jpg,Ilex opaca,American holly,Plantae,Aquifoliaceae,Ilex,281,500
train,317,6585,1838162,1838162,train_mini/06585_Plantae_Tracheophyta_Magnoliopsida_Aquifoliales_Aquifoliaceae_Ilex_opaca/b209d65b-1c98-4843-9911-a858f81d0a70.jpg,Ilex opaca,American holly,Plantae,Aquifoliaceae,Ilex,375,500
train,317,6585,327498,327498,train_mini/06585_Plantae_Tracheophyta_Magnoliopsida_Aquifoliales_Aquifoliaceae_Ilex_opaca/347ff038-558d-4dfc-b3de-581b13c49961.jpg,Ilex opaca,American holly,Plantae,Aquifoliaceae,Ilex,500,375
train,317,6585,1689320,1689320,train_mini/06585_Plantae_Tracheophyta_Magnoliopsida_Aquifoliales_Aquifoliaceae_Ilex_opaca/4991142a-effa-4a92-9683-879303ce9e78.jpg,Ilex opaca,American holly,Plantae,Aquifoliaceae,Ilex,375,500
train,318,6590,1718336,1718336,train_mini/06590_Plantae_Tracheophyta_Magnoliopsida_Asterales_Asteraceae_Achillea_millefolium/7ebb759a-3089-43ce-b9c8-0fc41d65adad.jpg,Achillea millefolium,common yarrow,Plantae,Asteraceae,Achillea,281,500
train,318,6590,2071676,2071676,train_mini/06590_Plantae_Tracheophyta_Magnoliopsida_Asterales_Asteraceae_Achillea_millefolium/38c57ddb-bfee-4c08-8903-6356d51e7430.jpg,Achillea millefolium,common yarrow,Plantae,Asteraceae,Achillea,500,272
train,318,6590,818306,818306,train_mini/06590_Plantae_Tracheophyta_Magnoliopsida_Asterales_Asteraceae_Achillea_millefolium/c152de4a-b4d4-4df9-99d1-88811dda4de5.jpg,Achillea millefolium,common yarrow,Plantae,Asteraceae,Achillea,374,500
train,318,6590,2332667,2332667,train_mini/06590_Plantae_Tracheophyta_Magnoliopsida_Asterales_Asteraceae_Achillea_millefolium/e557b1d9-d404-4f47-98db-74a67842109d.jpg,Achillea millefolium,common yarrow,Plantae,Asteraceae,Achillea,500,333
train,318,6590,1361611,1361611,train_mini/06590_Plantae_Tracheophyta_Magnoliopsida_Asterales_Asteraceae_Achillea_millefolium/4583351b-a316-47a9-a500-15398ec1e424.jpg,Achillea millefolium,common yarrow,Plantae,Asteraceae,Achillea,500,375
train,318,6590,2534677,2534677,train_mini/06590_Plantae_Tracheophyta_Magnoliopsida_Asterales_Asteraceae_Achillea_millefolium/58d31fab-bc1f-4449-954b-d7c09304955e.jpg,Achillea millefolium,common yarrow,Plantae,Asteraceae,Achillea,500,374
train,318,6590,935651,935651,train_mini/06590_Plantae_Tracheophyta_Magnoliopsida_Asterales_Asteraceae_Achillea_millefolium/372afc31-c389-4e59-917e-1d4d9efe63d1.jpg,Achillea millefolium,common yarrow,Plantae,Asteraceae,Achillea,375,500
train,318,6590,1730313,1730313,train_mini/06590_Plantae_Tracheophyta_Magnoliopsida_Asterales_Asteraceae_Achillea_millefolium/35123a7a-a818-4e10-9dea-4516f4518910.jpg,Achillea millefolium,common yarrow,Plantae,Asteraceae,Achillea,375,500
train,319,6609,162222,162222,train_mini/06609_Plantae_Tracheophyta_Magnoliopsida_Asterales_Asteraceae_Ambrosia_salsola/666acaa9-978b-4128-a3d7-9844da0429c3.jpg,Ambrosia salsola,common burrobrush,Plantae,Asteraceae,Ambrosia,500,333
train,319,6609,1659241,1659241,train_mini/06609_Plantae_Tracheophyta_Magnoliopsida_Asterales_Asteraceae_Ambrosia_salsola/7355c4fb-d960-4677-afe1-2d22794e5717.jpg,Ambrosia salsola,common burrobrush,Plantae,Asteraceae,Ambrosia,500,375
train,319,6609,2641303,2641303,train_mini/06609_Plantae_Tracheophyta_Magnoliopsida_Asterales_Asteraceae_Ambrosia_salsola/1a75d7a4-7fd0-45ac-bde6-f357d2fd622b.jpg,Ambrosia salsola,common burrobrush,Plantae,Asteraceae,Ambrosia,375,500
train,319,6609,2407305,2407305,train_mini/06609_Plantae_Tracheophyta_Magnoliopsida_Asterales_Asteraceae_Ambrosia_salsola/dae28076-927f-4138-80a1-b1565f15e166.jpg,Ambrosia salsola,common burrobrush,Plantae,Asteraceae,Ambrosia,281,500
train,319,6609,787389,787389,train_mini/06609_Plantae_Tracheophyta_Magnoliopsida_Asterales_Asteraceae_Ambrosia_salsola/6d759a01-eaab-4f7c-9035-5635dd606c7b.jpg,Ambrosia salsola,common burrobrush,Plantae,Asteraceae,Ambrosia,281,500
train,319,6609,1752569,1752569,train_mini/06609_Plantae_Tracheophyta_Magnoliopsida_Asterales_Asteraceae_Ambrosia_salsola/02f0eeb8-5cca-4ab9-95f1-948a45ccbf12.jpg,Ambrosia salsola,common burrobrush,Plantae,Asteraceae,Ambrosia,375,500
train,319,6609,656281,656281,train_mini/06609_Plantae_Tracheophyta_Magnoliopsida_Asterales_Asteraceae_Ambrosia_salsola/51710dcc-0222-4949-a19d-b130e702e10b.jpg,Ambrosia salsola,common burrobrush,Plantae,Asteraceae,Ambrosia,500,500
train,319,6609,337893,337893,train_mini/06609_Plantae_Tracheophyta_Magnoliopsida_Asterales_Asteraceae_Ambrosia_salsola/43a35724-3fe7-4ed9-b59c-e67dfdc6633e.jpg,Ambrosia salsola,common burrobrush,Plantae,Asteraceae,Ambrosia,375,500
train,320,6639,2673257,2673257,train_mini/06639_Plantae_Tracheophyta_Magnoliopsida_Asterales_Asteraceae_Artemisia_vulgaris/df002087-e276-48e5-9215-5ab51d2864fc.jpg,Artemisia vulgaris,common mugwort,Plantae,Asteraceae,Artemisia,375,500
train,320,6639,2054957,2054957,train_mini/06639_Plantae_Tracheophyta_Magnoliopsida_Asterales_Asteraceae_Artemisia_vulgaris/5efc8174-5557-48a6-912e-84be181531cc.jpg,Artemisia vulgaris,common mugwort,Plantae,Asteraceae,Artemisia,375,500
train,320,6639,2348778,2348778,train_mini/06639_Plantae_Tracheophyta_Magnoliopsida_Asterales_Asteraceae_Artemisia_vulgaris/1b83d38b-022f-4842-ba8b-2d8432075c1f.jpg,Artemisia vulgaris,common mugwort,Plantae,Asteraceae,Artemisia,375,500
train,320,6639,1134498,1134498,train_mini/06639_Plantae_Tracheophyta_Magnoliopsida_Asterales_Asteraceae_Artemisia_vulgaris/85b44ba9-435c-4069-b9bf-9a438397616a.jpg,Artemisia vulgaris,common mugwort,Plantae,Asteraceae,Artemisia,500,313
train,320,6639,281477,281477,train_mini/06639_Plantae_Tracheophyta_Magnoliopsida_Asterales_Asteraceae_Artemisia_vulgaris/fbcf8167-9655-4e07-8fa1-4495a7ab4162.jpg,Artemisia vulgaris,common mugwort,Plantae,Asteraceae,Artemisia,500,375
train,320,6639,2233051,2233051,train_mini/06639_Plantae_Tracheophyta_Magnoliopsida_Asterales_Asteraceae_Artemisia_vulgaris/4910fb66-44ad-4e56-8618-b36960a325f7.jpg,Artemisia vulgaris,common mugwort,Plantae,Asteraceae,Artemisia,375,500
train,320,6639,2240365,2240365,train_mini/06639_Plantae_Tracheophyta_Magnoliopsida_Asterales_Asteraceae_Artemisia_vulgaris/dd3bd11c-87a3-49d6-86cb-1b895a69ae79.jpg,Artemisia vulgaris,common mugwort,Plantae,Asteraceae,Artemisia,375,500
train,320,6639,1185009,1185009,train_mini/06639_Plantae_Tracheophyta_Magnoliopsida_Asterales_Asteraceae_Artemisia_vulgaris/a33c1c7f-6ce4-4c15-a9da-642ffd93a9f0.jpg,Artemisia vulgaris,common mugwort,Plantae,Asteraceae,Artemisia,375,500
train,321,6655,292994,292994,train_mini/06655_Plantae_Tracheophyta_Magnoliopsida_Asterales_Asteraceae_Bidens_aristosa/2662bfb0-5f29-448f-88d3-fb018ec35739.jpg,Bidens aristosa,tickseed beggar-ticks,Plantae,Asteraceae,Bidens,500,375
train,321,6655,2325819,2325819,train_mini/06655_Plantae_Tracheophyta_Magnoliopsida_Asterales_Asteraceae_Bidens_aristosa/9c68626e-f8fb-425c-ab47-82d0baaec25f.jpg,Bidens aristosa,tickseed beggar-ticks,Plantae,Asteraceae,Bidens,375,500
train,321,6655,2306664,2306664,train_mini/06655_Plantae_Tracheophyta_Magnoliopsida_Asterales_Asteraceae_Bidens_aristosa/a2f504a9-4a40-4084-ad08-e24230651bce.jpg,Bidens aristosa,tickseed beggar-ticks,Plantae,Asteraceae,Bidens,281,500
train,321,6655,1090738,1090738,train_mini/06655_Plantae_Tracheophyta_Magnoliopsida_Asterales_Asteraceae_Bidens_aristosa/34e89f6c-ce30-484f-a099-4b71e472a3b8.jpg,Bidens aristosa,tickseed beggar-ticks,Plantae,Asteraceae,Bidens,500,375
train,321,6655,2262081,2262081,train_mini/06655_Plantae_Tracheophyta_Magnoliopsida_Asterales_Asteraceae_Bidens_aristosa/799cc6b0-f2ab-4466-bef6-d5f4aa4eb69d.jpg,Bidens aristosa,tickseed beggar-ticks,Plantae,Asteraceae,Bidens,375,500
train,321,6655,2314877,2314877,train_mini/06655_Plantae_Tracheophyta_Magnoliopsida_Asterales_Asteraceae_Bidens_aristosa/52c5ee17-753c-471b-b4de-a376a5830fd6.jpg,Bidens aristosa,tickseed beggar-ticks,Plantae,Asteraceae,Bidens,500,375
train,321,6655,1953044,1953044,train_mini/06655_Plantae_Tracheophyta_Magnoliopsida_Asterales_Asteraceae_Bidens_aristosa/00b43d8a-4482-40c4-82ce-f9c43e507794.jpg,Bidens aristosa,tickseed beggar-ticks,Plantae,Asteraceae,Bidens,375,500
train,321,6655,1096567,1096567,train_mini/06655_Plantae_Tracheophyta_Magnoliopsida_Asterales_Asteraceae_Bidens_aristosa/1551db03-3689-4e1b-bc57-cfa171eac0ad.jpg,Bidens aristosa,tickseed beggar-ticks,Plantae,Asteraceae,Bidens,375,500
train,322,6716,34431,34431,train_mini/06716_Plantae_Tracheophyta_Magnoliopsida_Asterales_Asteraceae_Cirsium_texanum/5cdf58e0-661c-455d-89bf-f0dfc180271b.jpg,Cirsium texanum,Texas Thistle,Plantae,Asteraceae,Cirsium,500,375
train,322,6716,1458544,1458544,train_mini/06716_Plantae_Tracheophyta_Magnoliopsida_Asterales_Asteraceae_Cirsium_texanum/c061e14e-14bf-489b-b628-08b7cc40029f.jpg,Cirsium texanum,Texas Thistle,Plantae,Asteraceae,Cirsium,243,500
train,322,6716,906513,906513,train_mini/06716_Plantae_Tracheophyta_Magnoliopsida_Asterales_Asteraceae_Cirsium_texanum/3716bf69-d706-4b2b-8ef4-ef4098692fa0.jpg,Cirsium texanum,Texas Thistle,Plantae,Asteraceae,Cirsium,375,500
train,322,6716,1540790,1540790,train_mini/06716_Plantae_Tracheophyta_Magnoliopsida_Asterales_Asteraceae_Cirsium_texanum/ec23b3c9-2b29-4f3f-a53c-d90d4e6f9cdf.jpg,Cirsium texanum,Texas Thistle,Plantae,Asteraceae,Cirsium,500,375
train,322,6716,1592354,1592354,train_mini/06716_Plantae_Tracheophyta_Magnoliopsida_Asterales_Asteraceae_Cirsium_texanum/96653d9a-a33b-4845-a07c-083d35323d8a.jpg,Cirsium texanum,Texas Thistle,Plantae,Asteraceae,Cirsium,500,281
train,322,6716,1611069,1611069,train_mini/06716_Plantae_Tracheophyta_Magnoliopsida_Asterales_Asteraceae_Cirsium_texanum/f2e11dc7-464d-4be8-b899-afbdfdfab8cf.jpg,Cirsium texanum,Texas Thistle,Plantae,Asteraceae,Cirsium,375,500
train,322,6716,46095,46095,train_mini/06716_Plantae_Tracheophyta_Magnoliopsida_Asterales_Asteraceae_Cirsium_texanum/4ac7e645-dc78-4d26-9d0f-6d391cd03a6d.jpg,Cirsium texanum,Texas Thistle,Plantae,Asteraceae,Cirsium,373,500
train,322,6716,725871,725871,train_mini/06716_Plantae_Tracheophyta_Magnoliopsida_Asterales_Asteraceae_Cirsium_texanum/fac072d4-9d2a-4f5a-8fcf-67ae2394d97a.jpg,Cirsium texanum,Texas Thistle,Plantae,Asteraceae,Cirsium,375,500
train,323,6734,949769,949769,train_mini/06734_Plantae_Tracheophyta_Magnoliopsida_Asterales_Asteraceae_Crepis_tectorum/27731cc3-f341-4957-b390-949c51b0b87a.jpg,Crepis tectorum,narrow-leaved hawksbeard,Plantae,Asteraceae,Crepis,475,500
train,323,6734,2403567,2403567,train_mini/06734_Plantae_Tracheophyta_Magnoliopsida_Asterales_Asteraceae_Crepis_tectorum/e95e0c87-829a-4209-9cfb-91030f810249.jpg,Crepis tectorum,narrow-leaved hawksbeard,Plantae,Asteraceae,Crepis,500,331
train,323,6734,2102498,2102498,train_mini/06734_Plantae_Tracheophyta_Magnoliopsida_Asterales_Asteraceae_Crepis_tectorum/b6f1adc2-735e-4e7f-bdd3-b767540c6e45.jpg,Crepis tectorum,narrow-leaved hawksbeard,Plantae,Asteraceae,Crepis,375,500
train,323,6734,1859650,1859650,train_mini/06734_Plantae_Tracheophyta_Magnoliopsida_Asterales_Asteraceae_Crepis_tectorum/65d335f9-8b60-44be-a339-e24896f16720.jpg,Crepis tectorum,narrow-leaved hawksbeard,Plantae,Asteraceae,Crepis,375,500
train,323,6734,2359281,2359281,train_mini/06734_Plantae_Tracheophyta_Magnoliopsida_Asterales_Asteraceae_Crepis_tectorum/204c10b0-cc1e-40e7-af96-e01489039bd9.jpg,Crepis tectorum,narrow-leaved hawksbeard,Plantae,Asteraceae,Crepis,500,281
train,323,6734,1996429,1996429,train_mini/06734_Plantae_Tracheophyta_Magnoliopsida_Asterales_Asteraceae_Crepis_tectorum/66a5a421-ae89-4f9a-9144-60dc9aaf0623.jpg,Crepis tectorum,narrow-leaved hawksbeard,Plantae,Asteraceae,Crepis,375,500
train,323,6734,1265745,1265745,train_mini/06734_Plantae_Tracheophyta_Magnoliopsida_Asterales_Asteraceae_Crepis_tectorum/64ed3542-18d8-4411-ae0a-b14185061d17.jpg,Crepis tectorum,narrow-leaved hawksbeard,Plantae,Asteraceae,Crepis,441,500
train,323,6734,2557912,2557912,train_mini/06734_Plantae_Tracheophyta_Magnoliopsida_Asterales_Asteraceae_Crepis_tectorum/92b11b9f-eab2-43a7-81bd-46833f39e8eb.jpg,Crepis tectorum,narrow-leaved hawksbeard,Plantae,Asteraceae,Crepis,432,500
train,324,6779,2358009,2358009,train_mini/06779_Plantae_Tracheophyta_Magnoliopsida_Asterales_Asteraceae_Erigeron_sumatrensis/6a6bc9a1-6c12-4e03-91be-8bf8e999c583.jpg,Erigeron sumatrensis,tropical horseweed,Plantae,Asteraceae,Erigeron,375,500
train,324,6779,1507665,1507665,train_mini/06779_Plantae_Tracheophyta_Magnoliopsida_Asterales_Asteraceae_Erigeron_sumatrensis/646cb4c0-c421-43fb-b607-1e5de7dd7a6e.jpg,Erigeron sumatrensis,tropical horseweed,Plantae,Asteraceae,Erigeron,281,500
train,324,6779,777128,777128,train_mini/06779_Plantae_Tracheophyta_Magnoliopsida_Asterales_Asteraceae_Erigeron_sumatrensis/f442473d-3ead-491f-967c-07b482c06107.jpg,Erigeron sumatrensis,tropical horseweed,Plantae,Asteraceae,Erigeron,375,500
train,324,6779,749821,749821,train_mini/06779_Plantae_Tracheophyta_Magnoliopsida_Asterales_Asteraceae_Erigeron_sumatrensis/302a2144-a556-4c12-abf5-0edcfff490c9.jpg,Erigeron sumatrensis,tropical horseweed,Plantae,Asteraceae,Erigeron,500,375
train,324,6779,132489,132489,train_mini/06779_Plantae_Tracheophyta_Magnoliopsida_Asterales_Asteraceae_Erigeron_sumatrensis/2433d74d-a2a9-415b-aec1-dc7ad2013a00.jpg,Erigeron sumatrensis,tropical horseweed,Plantae,Asteraceae,Erigeron,500,352
train,324,6779,358720,358720,train_mini/06779_Plantae_Tracheophyta_Magnoliopsida_Asterales_Asteraceae_Erigeron_sumatrensis/f472123f-3c15-44e3-93b3-2e21bc665ff3.jpg,Erigeron sumatrensis,tropical horseweed,Plantae,Asteraceae,Erigeron,282,500
train,324,6779,1985368,1985368,train_mini/06779_Plantae_Tracheophyta_Magnoliopsida_Asterales_Asteraceae_Erigeron_sumatrensis/ff9fd524-6593-44d8-87af-e1056fa69d41.jpg,Erigeron sumatrensis,tropical horseweed,Plantae,Asteraceae,Erigeron,375,500
train,324,6779,1569815,1569815,train_mini/06779_Plantae_Tracheophyta_Magnoliopsida_Asterales_Asteraceae_Erigeron_sumatrensis/84f52b75-bc95-40ac-a0ee-ee5adec950dd.jpg,Erigeron sumatrensis,tropical horseweed,Plantae,Asteraceae,Erigeron,375,500
train,325,6785,613053,613053,train_mini/06785_Plantae_Tracheophyta_Magnoliopsida_Asterales_Asteraceae_Eupatorium_altissimum/b1f5e550-aed5-468d-98da-93328de33305.jpg,Eupatorium altissimum,tall boneset,Plantae,Asteraceae,Eupatorium,500,333
train,325,6785,2126136,2126136,train_mini/06785_Plantae_Tracheophyta_Magnoliopsida_Asterales_Asteraceae_Eupatorium_altissimum/c58b28c5-dc31-4970-8a5e-4f2322bcaaf8.jpg,Eupatorium altissimum,tall boneset,Plantae,Asteraceae,Eupatorium,333,500
train,325,6785,2321956,2321956,train_mini/06785_Plantae_Tracheophyta_Magnoliopsida_Asterales_Asteraceae_Eupatorium_altissimum/6c433804-127a-4cba-8aca-2cf7eb441f61.jpg,Eupatorium altissimum,tall boneset,Plantae,Asteraceae,Eupatorium,375,500
train,325,6785,1137497,1137497,train_mini/06785_Plantae_Tracheophyta_Magnoliopsida_Asterales_Asteraceae_Eupatorium_altissimum/bba41449-3401-4380-bfbd-03bd266f0189.jpg,Eupatorium altissimum,tall boneset,Plantae,Asteraceae,Eupatorium,375,500
train,325,6785,488420,488420,train_mini/06785_Plantae_Tracheophyta_Magnoliopsida_Asterales_Asteraceae_Eupatorium_altissimum/146c4536-a214-4b60-8220-82ebd18ccc30.jpg,Eupatorium altissimum,tall boneset,Plantae,Asteraceae,Eupatorium,500,374
train,325,6785,2463456,2463456,train_mini/06785_Plantae_Tracheophyta_Magnoliopsida_Asterales_Asteraceae_Eupatorium_altissimum/391ad709-0173-4bb7-8c58-b972930c53e0.jpg,Eupatorium altissimum,tall boneset,Plantae,Asteraceae,Eupatorium,500,281
train,325,6785,239470,239470,train_mini/06785_Plantae_Tracheophyta_Magnoliopsida_Asterales_Asteraceae_Eupatorium_altissimum/0498f721-5a7a-4f6b-ad0b-1e00675afc34.jpg,Eupatorium altissimum,tall boneset,Plantae,Asteraceae,Eupatorium,281,500
train,325,6785,525079,525079,train_mini/06785_Plantae_Tracheophyta_Magnoliopsida_Asterales_Asteraceae_Eupatorium_altissimum/f0bfb53f-28a1-41f8-8ad9-7e3393294937.jpg,Eupatorium altissimum,tall boneset,Plantae,Asteraceae,Eupatorium,500,375
train,326,6787,1159332,1159332,train_mini/06787_Plantae_Tracheophyta_Magnoliopsida_Asterales_Asteraceae_Eupatorium_capillifolium/26d58f2c-f8f1-403a-a509-18454180ec35.jpg,Eupatorium capillifolium,dogfennel,Plantae,Asteraceae,Eupatorium,375,500
train,326,6787,2336423,2336423,train_mini/06787_Plantae_Tracheophyta_Magnoliopsida_Asterales_Asteraceae_Eupatorium_capillifolium/9866c536-5210-43c0-b260-715ef16aa88b.jpg,Eupatorium capillifolium,dogfennel,Plantae,Asteraceae,Eupatorium,375,500
train,326,6787,1538855,1538855,train_mini/06787_Plantae_Tracheophyta_Magnoliopsida_Asterales_Asteraceae_Eupatorium_capillifolium/09fa28c8-722d-4fcb-bfdf-445f0fda7e52.jpg,Eupatorium capillifolium,dogfennel,Plantae,Asteraceae,Eupatorium,375,500
train,326,6787,1604949,1604949,train_mini/06787_Plantae_Tracheophyta_Magnoliopsida_Asterales_Asteraceae_Eupatorium_capillifolium/4a157873-6622-493b-bbef-2fe088aadcc1.jpg,Eupatorium capillifolium,dogfennel,Plantae,Asteraceae,Eupatorium,375,500
train,326,6787,404655,404655,train_mini/06787_Plantae_Tracheophyta_Magnoliopsida_Asterales_Asteraceae_Eupatorium_capillifolium/2971e689-8e30-48d9-bc62-4db00108d289.jpg,Eupatorium capillifolium,dogfennel,Plantae,Asteraceae,Eupatorium,500,375
train,326,6787,249694,249694,train_mini/06787_Plantae_Tracheophyta_Magnoliopsida_Asterales_Asteraceae_Eupatorium_capillifolium/3f9f7353-49f1-4368-b357-a225f9941f58.jpg,Eupatorium capillifolium,dogfennel,Plantae,Asteraceae,Eupatorium,375,500
train,326,6787,875947,875947,train_mini/06787_Plantae_Tracheophyta_Magnoliopsida_Asterales_Asteraceae_Eupatorium_capillifolium/643baf16-b3aa-4052-a5b3-f5c646d6c57e.jpg,Eupatorium capillifolium,dogfennel,Plantae,Asteraceae,Eupatorium,375,500
train,326,6787,1883904,1883904,train_mini/06787_Plantae_Tracheophyta_Magnoliopsida_Asterales_Asteraceae_Eupatorium_capillifolium/caab52db-a662-4dea-abb4-b331fa4e35e7.jpg,Eupatorium capillifolium,dogfennel,Plantae,Asteraceae,Eupatorium,281,500
train,327,6800,1106125,1106125,train_mini/06800_Plantae_Tracheophyta_Magnoliopsida_Asterales_Asteraceae_Gaillardia_aristata/1a609fb8-9947-4457-b8d2-d9b17859db11.jpg,Gaillardia aristata,great blanketflower,Plantae,Asteraceae,Gaillardia,375,500
train,327,6800,2047318,2047318,train_mini/06800_Plantae_Tracheophyta_Magnoliopsida_Asterales_Asteraceae_Gaillardia_aristata/b4a71998-0b71-4e5c-ac29-8ab460fd07f1.jpg,Gaillardia aristata,great blanketflower,Plantae,Asteraceae,Gaillardia,375,500
train,327,6800,2155548,2155548,train_mini/06800_Plantae_Tracheophyta_Magnoliopsida_Asterales_Asteraceae_Gaillardia_aristata/d1d59a9f-65a0-4418-8a80-e688630e5bf3.jpg,Gaillardia aristata,great blanketflower,Plantae,Asteraceae,Gaillardia,281,500
train,327,6800,648908,648908,train_mini/06800_Plantae_Tracheophyta_Magnoliopsida_Asterales_Asteraceae_Gaillardia_aristata/0fe35ef4-f143-4703-8fd0-5dcd9e93ef7a.jpg,Gaillardia aristata,great blanketflower,Plantae,Asteraceae,Gaillardia,375,500
train,327,6800,1752694,1752694,train_mini/06800_Plantae_Tracheophyta_Magnoliopsida_Asterales_Asteraceae_Gaillardia_aristata/4d6a6d93-76c6-44a8-b352-d695585dfb17.jpg,Gaillardia aristata,great blanketflower,Plantae,Asteraceae,Gaillardia,375,500
train,327,6800,508355,508355,train_mini/06800_Plantae_Tracheophyta_Magnoliopsida_Asterales_Asteraceae_Gaillardia_aristata/ca68eaba-36c1-4009-bad1-00cd0cca39f9.jpg,Gaillardia aristata,great blanketflower,Plantae,Asteraceae,Gaillardia,373,500
train,327,6800,904218,904218,train_mini/06800_Plantae_Tracheophyta_Magnoliopsida_Asterales_Asteraceae_Gaillardia_aristata/149da653-4db6-4e32-8036-60da0497cfd7.jpg,Gaillardia aristata,great blanketflower,Plantae,Asteraceae,Gaillardia,375,500
train,327,6800,2326955,2326955,train_mini/06800_Plantae_Tracheophyta_Magnoliopsida_Asterales_Asteraceae_Gaillardia_aristata/c13018a8-ca5e-418a-97c2-d948e910557c.jpg,Gaillardia aristata,great blanketflower,Plantae,Asteraceae,Gaillardia,375,500
train,328,6818,858884,858884,train_mini/06818_Plantae_Tracheophyta_Magnoliopsida_Asterales_Asteraceae_Helenium_amarum/69153c3e-ea6f-43f2-b185-443a2ed454f5.jpg,Helenium amarum,Bitterweed,Plantae,Asteraceae,Helenium,375,500
train,328,6818,13518,13518,train_mini/06818_Plantae_Tracheophyta_Magnoliopsida_Asterales_Asteraceae_Helenium_amarum/65fcf007-0f9e-490a-9587-646331a47ca1.jpg,Helenium amarum,Bitterweed,Plantae,Asteraceae,Helenium,500,375
train,328,6818,1176181,1176181,train_mini/06818_Plantae_Tracheophyta_Magnoliopsida_Asterales_Asteraceae_Helenium_amarum/0792e1bd-0e3b-424c-9064-e7c9e5f2c31f.jpg,Helenium amarum,Bitterweed,Plantae,Asteraceae,Helenium,375,500
train,328,6818,2044022,2044022,train_mini/06818_Plantae_Tracheophyta_Magnoliopsida_Asterales_Asteraceae_Helenium_amarum/e6b9ea11-2045-45e8-ae29-c3fc5392b08c.jpg,Helenium amarum,Bitterweed,Plantae,Asteraceae,Helenium,281,500
train,328,6818,851409,851409,train_mini/06818_Plantae_Tracheophyta_Magnoliopsida_Asterales_Asteraceae_Helenium_amarum/ad8e5207-497c-4c18-a7be-9fc4b2156634.jpg,Helenium amarum,Bitterweed,Plantae,Asteraceae,Helenium,375,500
train,328,6818,1631086,1631086,train_mini/06818_Plantae_Tracheophyta_Magnoliopsida_Asterales_Asteraceae_Helenium_amarum/182fca94-ec0e-4887-87b5-7d96f3ae8c65.jpg,Helenium amarum,Bitterweed,Plantae,Asteraceae,Helenium,500,500
train,328,6818,2281888,2281888,train_mini/06818_Plantae_Tracheophyta_Magnoliopsida_Asterales_Asteraceae_Helenium_amarum/24e5a3f0-c0df-4704-a81d-ac44d6aa2c79.jpg,Helenium amarum,Bitterweed,Plantae,Asteraceae,Helenium,375,500
train,328,6818,1003608,1003608,train_mini/06818_Plantae_Tracheophyta_Magnoliopsida_Asterales_Asteraceae_Helenium_amarum/586d9ad9-5295-4887-be6e-2c0596dd7695.jpg,Helenium amarum,Bitterweed,Plantae,Asteraceae,Helenium,500,451
train,329,6843,338788,338788,train_mini/06843_Plantae_Tracheophyta_Magnoliopsida_Asterales_Asteraceae_Hymenopappus_artemisiifolius/07061c93-1813-4559-ab28-cc2cf544b52c.jpg,Hymenopappus artemisiifolius,Old Plainsman,Plantae,Asteraceae,Hymenopappus,500,375
train,329,6843,790577,790577,train_mini/06843_Plantae_Tracheophyta_Magnoliopsida_Asterales_Asteraceae_Hymenopappus_artemisiifolius/c91a922e-7f50-4e85-a021-5d50ac231104.jpg,Hymenopappus artemisiifolius,Old Plainsman,Plantae,Asteraceae,Hymenopappus,500,336
train,329,6843,824810,824810,train_mini/06843_Plantae_Tracheophyta_Magnoliopsida_Asterales_Asteraceae_Hymenopappus_artemisiifolius/df4ada23-c897-4610-9ddd-0f34b1d434c7.jpg,Hymenopappus artemisiifolius,Old Plainsman,Plantae,Asteraceae,Hymenopappus,500,333
train,329,6843,39139,39139,train_mini/06843_Plantae_Tracheophyta_Magnoliopsida_Asterales_Asteraceae_Hymenopappus_artemisiifolius/3b5f688d-d54b-4b11-867b-5e344255db7b.jpg,Hymenopappus artemisiifolius,Old Plainsman,Plantae,Asteraceae,Hymenopappus,375,500
train,329,6843,707138,707138,train_mini/06843_Plantae_Tracheophyta_Magnoliopsida_Asterales_Asteraceae_Hymenopappus_artemisiifolius/7bfab0ba-3cf9-43bd-8e69-246628f2e15f.jpg,Hymenopappus artemisiifolius,Old Plainsman,Plantae,Asteraceae,Hymenopappus,500,375
train,329,6843,375036,375036,train_mini/06843_Plantae_Tracheophyta_Magnoliopsida_Asterales_Asteraceae_Hymenopappus_artemisiifolius/083b297d-84cb-4c0f-9267-abebe59f7085.jpg,Hymenopappus artemisiifolius,Old Plainsman,Plantae,Asteraceae,Hymenopappus,375,500
train,329,6843,839835,839835,train_mini/06843_Plantae_Tracheophyta_Magnoliopsida_Asterales_Asteraceae_Hymenopappus_artemisiifolius/212b2f8f-d430-452e-86f5-daa5d0db8314.jpg,Hymenopappus artemisiifolius,Old Plainsman,Plantae,Asteraceae,Hymenopappus,375,500
train,329,6843,863180,863180,train_mini/06843_Plantae_Tracheophyta_Magnoliopsida_Asterales_Asteraceae_Hymenopappus_artemisiifolius/e2e8c755-ce70-4420-b930-147740ff21a7.jpg,Hymenopappus artemisiifolius,Old Plainsman,Plantae,Asteraceae,Hymenopappus,375,500
train,330,6874,1825091,1825091,train_mini/06874_Plantae_Tracheophyta_Magnoliopsida_Asterales_Asteraceae_Leucanthemum_vulgare/68147dba-5da2-4b98-a17f-bf9d1e11e1c3.jpg,Leucanthemum vulgare,oxeye daisy,Plantae,Asteraceae,Leucanthemum,500,375
train,330,6874,118140,118140,train_mini/06874_Plantae_Tracheophyta_Magnoliopsida_Asterales_Asteraceae_Leucanthemum_vulgare/69df284e-8e60-450d-bfe7-f16269a38cb2.jpg,Leucanthemum vulgare,oxeye daisy,Plantae,Asteraceae,Leucanthemum,500,333
train,330,6874,2388391,2388391,train_mini/06874_Plantae_Tracheophyta_Magnoliopsida_Asterales_Asteraceae_Leucanthemum_vulgare/6c5b3f4d-2b23-41cf-9cae-24f850c403d2.jpg,Leucanthemum vulgare,oxeye daisy,Plantae,Asteraceae,Leucanthemum,418,500
train,330,6874,1997768,1997768,train_mini/06874_Plantae_Tracheophyta_Magnoliopsida_Asterales_Asteraceae_Leucanthemum_vulgare/3a4308b8-1c58-4633-87b1-8683937cb2b7.jpg,Leucanthemum vulgare,oxeye daisy,Plantae,Asteraceae,Leucanthemum,473,500
train,330,6874,923501,923501,train_mini/06874_Plantae_Tracheophyta_Magnoliopsida_Asterales_Asteraceae_Leucanthemum_vulgare/1bc18ac8-a467-431a-a911-8d862d7640e6.jpg,Leucanthemum vulgare,oxeye daisy,Plantae,Asteraceae,Leucanthemum,500,370
train,330,6874,39943,39943,train_mini/06874_Plantae_Tracheophyta_Magnoliopsida_Asterales_Asteraceae_Leucanthemum_vulgare/9dde6da3-506b-483b-9067-423b04d0258a.jpg,Leucanthemum vulgare,oxeye daisy,Plantae,Asteraceae,Leucanthemum,373,500
train,330,6874,1808810,1808810,train_mini/06874_Plantae_Tracheophyta_Magnoliopsida_Asterales_Asteraceae_Leucanthemum_vulgare/832ddca6-740e-4933-8e3c-66f00def7a88.jpg,Leucanthemum vulgare,oxeye daisy,Plantae,Asteraceae,Leucanthemum,375,500
train,330,6874,988362,988362,train_mini/06874_Plantae_Tracheophyta_Magnoliopsida_Asterales_Asteraceae_Leucanthemum_vulgare/24aa3450-5067-44b8-838c-0f0ed2b3d262.jpg,Leucanthemum vulgare,oxeye daisy,Plantae,Asteraceae,Leucanthemum,500,375
train,331,6893,1944081,1944081,train_mini/06893_Plantae_Tracheophyta_Magnoliopsida_Asterales_Asteraceae_Melanthera_nivea/cd33a1c1-98b7-4d89-b7f4-1345b394f9c9.jpg,Melanthera nivea,Snow Squarestem,Plantae,Asteraceae,Melanthera,375,500
train,331,6893,723475,723475,train_mini/06893_Plantae_Tracheophyta_Magnoliopsida_Asterales_Asteraceae_Melanthera_nivea/f20ace55-d79c-48e1-b91b-1fd2d296a881.jpg,Melanthera nivea,Snow Squarestem,Plantae,Asteraceae,Melanthera,375,500
train,331,6893,1799405,1799405,train_mini/06893_Plantae_Tracheophyta_Magnoliopsida_Asterales_Asteraceae_Melanthera_nivea/c423ae6c-3af8-4522-b735-a4d21378caec.jpg,Melanthera nivea,Snow Squarestem,Plantae,Asteraceae,Melanthera,375,500
train,331,6893,1322903,1322903,train_mini/06893_Plantae_Tracheophyta_Magnoliopsida_Asterales_Asteraceae_Melanthera_nivea/31c404d1-3b36-43d0-8c5b-f324c29586ce.jpg,Melanthera nivea,Snow Squarestem,Plantae,Asteraceae,Melanthera,375,500
train,331,6893,523159,523159,train_mini/06893_Plantae_Tracheophyta_Magnoliopsida_Asterales_Asteraceae_Melanthera_nivea/ed914b44-c18d-49b0-9384-91f19475bfd1.jpg,Melanthera nivea,Snow Squarestem,Plantae,Asteraceae,Melanthera,500,375
train,331,6893,2298626,2298626,train_mini/06893_Plantae_Tracheophyta_Magnoliopsida_Asterales_Asteraceae_Melanthera_nivea/bb93d9a8-ca34-443a-ae35-5b97df984ff4.jpg,Melanthera nivea,Snow Squarestem,Plantae,Asteraceae,Melanthera,500,500
train,331,6893,1767675,1767675,train_mini/06893_Plantae_Tracheophyta_Magnoliopsida_Asterales_Asteraceae_Melanthera_nivea/53885f39-c754-4fcb-91ad-ddaed5b463ef.jpg,Melanthera nivea,Snow Squarestem,Plantae,Asteraceae,Melanthera,375,500
train,331,6893,1766327,1766327,train_mini/06893_Plantae_Tracheophyta_Magnoliopsida_Asterales_Asteraceae_Melanthera_nivea/18a0f116-5900-4061-82d1-ae5ad0566411.jpg,Melanthera nivea,Snow Squarestem,Plantae,Asteraceae,Melanthera,375,500
train,332,6901,2239233,2239233,train_mini/06901_Plantae_Tracheophyta_Magnoliopsida_Asterales_Asteraceae_Nabalus_albus/2fe4b726-d1ae-4242-8658-65abfe04de4f.jpg,Nabalus albus,white rattlesnakeroot,Plantae,Asteraceae,Nabalus,375,500
train,332,6901,424687,424687,train_mini/06901_Plantae_Tracheophyta_Magnoliopsida_Asterales_Asteraceae_Nabalus_albus/735bf2cb-7e3c-45ab-86ea-df16a536c8ff.jpg,Nabalus albus,white rattlesnakeroot,Plantae,Asteraceae,Nabalus,375,500
train,332,6901,206607,206607,train_mini/06901_Plantae_Tracheophyta_Magnoliopsida_Asterales_Asteraceae_Nabalus_albus/a59ea9f3-f880-4b81-9f75-fc5a8cba4a43.jpg,Nabalus albus,white rattlesnakeroot,Plantae,Asteraceae,Nabalus,459,500
train,332,6901,1957292,1957292,train_mini/06901_Plantae_Tracheophyta_Magnoliopsida_Asterales_Asteraceae_Nabalus_albus/749df26a-d171-40dc-a9f8-2bb337fc0755.jpg,Nabalus albus,white rattlesnakeroot,Plantae,Asteraceae,Nabalus,375,500
train,332,6901,1761967,1761967,train_mini/06901_Plantae_Tracheophyta_Magnoliopsida_Asterales_Asteraceae_Nabalus_albus/930ab052-93e1-4117-af47-fbfa1eacd6fc.jpg,Nabalus albus,white rattlesnakeroot,Plantae,Asteraceae,Nabalus,500,375
train,332,6901,11063,11063,train_mini/06901_Plantae_Tracheophyta_Magnoliopsida_Asterales_Asteraceae_Nabalus_albus/4a7714c2-427b-4287-880d-cb3b3b71c58a.jpg,Nabalus albus,white rattlesnakeroot,Plantae,Asteraceae,Nabalus,375,500
train,332,6901,2288542,2288542,train_mini/06901_Plantae_Tracheophyta_Magnoliopsida_Asterales_Asteraceae_Nabalus_albus/9ab7b0ba-0a64-4f5a-833c-abd12f871ae7.jpg,Nabalus albus,white rattlesnakeroot,Plantae,Asteraceae,Nabalus,375,500
train,332,6901,2444573,2444573,train_mini/06901_Plantae_Tracheophyta_Magnoliopsida_Asterales_Asteraceae_Nabalus_albus/42983318-9ffd-4cda-9d8c-9f777e57260e.jpg,Nabalus albus,white rattlesnakeroot,Plantae,Asteraceae,Nabalus,500,375
train,333,6912,661822,661822,train_mini/06912_Plantae_Tracheophyta_Magnoliopsida_Asterales_Asteraceae_Ozothamnus_leptophyllus/45299957-2886-49b0-935e-b26ff8ddf1a6.jpg,Ozothamnus leptophyllus,Tauhinu,Plantae,Asteraceae,Ozothamnus,500,375
train,333,6912,61950,61950,train_mini/06912_Plantae_Tracheophyta_Magnoliopsida_Asterales_Asteraceae_Ozothamnus_leptophyllus/e20da38e-b512-453f-a4aa-ce0d32865684.jpg,Ozothamnus leptophyllus,Tauhinu,Plantae,Asteraceae,Ozothamnus,373,500
train,333,6912,2625283,2625283,train_mini/06912_Plantae_Tracheophyta_Magnoliopsida_Asterales_Asteraceae_Ozothamnus_leptophyllus/339256f3-91e1-47a4-b9d4-9a675b4d3e4f.jpg,Ozothamnus leptophyllus,Tauhinu,Plantae,Asteraceae,Ozothamnus,500,375
train,333,6912,61743,61743,train_mini/06912_Plantae_Tracheophyta_Magnoliopsida_Asterales_Asteraceae_Ozothamnus_leptophyllus/42813517-3e96-4994-b72e-09fb33cedd52.jpg,Ozothamnus leptophyllus,Tauhinu,Plantae,Asteraceae,Ozothamnus,500,375
train,333,6912,324925,324925,train_mini/06912_Plantae_Tracheophyta_Magnoliopsida_Asterales_Asteraceae_Ozothamnus_leptophyllus/c146165a-2af5-4a07-9340-0e9ad107ea29.jpg,Ozothamnus leptophyllus,Tauhinu,Plantae,Asteraceae,Ozothamnus,375,500
train,333,6912,1316655,1316655,train_mini/06912_Plantae_Tracheophyta_Magnoliopsida_Asterales_Asteraceae_Ozothamnus_leptophyllus/912c7e66-7f12-4ec2-a7ea-8896dfb82bfc.jpg,Ozothamnus leptophyllus,Tauhinu,Plantae,Asteraceae,Ozothamnus,375,500
train,333,6912,61128,61128,train_mini/06912_Plantae_Tracheophyta_Magnoliopsida_Asterales_Asteraceae_Ozothamnus_leptophyllus/db89dac1-02b0-4569-910c-4cb22fab85a2.jpg,Ozothamnus leptophyllus,Tauhinu,Plantae,Asteraceae,Ozothamnus,373,500
train,333,6912,669048,669048,train_mini/06912_Plantae_Tracheophyta_Magnoliopsida_Asterales_Asteraceae_Ozothamnus_leptophyllus/1408cba5-9eab-4a9e-879e-0c3f530401d5.jpg,Ozothamnus leptophyllus,Tauhinu,Plantae,Asteraceae,Ozothamnus,500,281
train,334,6918,1520157,1520157,train_mini/06918_Plantae_Tracheophyta_Magnoliopsida_Asterales_Asteraceae_Packera_tampicana/3395fe3e-3ff2-490f-a297-55a86796fbc0.jpg,Packera tampicana,Great Plains Ragwort,Plantae,Asteraceae,Packera,375,500
train,334,6918,89007,89007,train_mini/06918_Plantae_Tracheophyta_Magnoliopsida_Asterales_Asteraceae_Packera_tampicana/d36f55ed-b660-4614-87e5-53f5f68809ea.jpg,Packera tampicana,Great Plains Ragwort,Plantae,Asteraceae,Packera,500,375
train,334,6918,1687518,1687518,train_mini/06918_Plantae_Tracheophyta_Magnoliopsida_Asterales_Asteraceae_Packera_tampicana/f219644d-f571-427f-ade2-16065503aecd.jpg,Packera tampicana,Great Plains Ragwort,Plantae,Asteraceae,Packera,500,500
train,334,6918,1670916,1670916,train_mini/06918_Plantae_Tracheophyta_Magnoliopsida_Asterales_Asteraceae_Packera_tampicana/e66c37c6-14eb-471a-bd68-b5508dc4fa29.jpg,Packera tampicana,Great Plains Ragwort,Plantae,Asteraceae,Packera,500,400
train,334,6918,86116,86116,train_mini/06918_Plantae_Tracheophyta_Magnoliopsida_Asterales_Asteraceae_Packera_tampicana/09ecc312-8bd3-44c9-9ead-d71c972c79fc.jpg,Packera tampicana,Great Plains Ragwort,Plantae,Asteraceae,Packera,375,500
train,334,6918,1509645,1509645,train_mini/06918_Plantae_Tracheophyta_Magnoliopsida_Asterales_Asteraceae_Packera_tampicana/bf2aa264-0ad7-44cf-8e63-8e85d30e404c.jpg,Packera tampicana,Great Plains Ragwort,Plantae,Asteraceae,Packera,375,500
train,334,6918,1490039,1490039,train_mini/06918_Plantae_Tracheophyta_Magnoliopsida_Asterales_Asteraceae_Packera_tampicana/965dddab-0570-40d3-9701-32eb50d9900d.jpg,Packera tampicana,Great Plains Ragwort,Plantae,Asteraceae,Packera,375,500
train,334,6918,1478880,1478880,train_mini/06918_Plantae_Tracheophyta_Magnoliopsida_Asterales_Asteraceae_Packera_tampicana/aa80d337-1da4-41d9-a6c7-973f602d914b.jpg,Packera tampicana,Great Plains Ragwort,Plantae,Asteraceae,Packera,500,375
train,335,6948,1792694,1792694,train_mini/06948_Plantae_Tracheophyta_Magnoliopsida_Asterales_Asteraceae_Polymnia_canadensis/740c37c2-1e8e-4d9d-9ab3-63d279e446fe.jpg,Polymnia canadensis,leafcup,Plantae,Asteraceae,Polymnia,375,500
train,335,6948,2117182,2117182,train_mini/06948_Plantae_Tracheophyta_Magnoliopsida_Asterales_Asteraceae_Polymnia_canadensis/82c17cbd-a313-4ffa-8515-4f26954a38d9.jpg,Polymnia canadensis,leafcup,Plantae,Asteraceae,Polymnia,375,500
train,335,6948,1355520,1355520,train_mini/06948_Plantae_Tracheophyta_Magnoliopsida_Asterales_Asteraceae_Polymnia_canadensis/1b336afb-9f41-4e6c-8a5a-09e5d117a588.jpg,Polymnia canadensis,leafcup,Plantae,Asteraceae,Polymnia,281,500
train,335,6948,2157291,2157291,train_mini/06948_Plantae_Tracheophyta_Magnoliopsida_Asterales_Asteraceae_Polymnia_canadensis/df4b7277-f60a-4dc1-8fa9-6528d301127c.jpg,Polymnia canadensis,leafcup,Plantae,Asteraceae,Polymnia,375,500
train,335,6948,2008531,2008531,train_mini/06948_Plantae_Tracheophyta_Magnoliopsida_Asterales_Asteraceae_Polymnia_canadensis/b374f797-60a2-435c-9263-db5a205ea3ac.jpg,Polymnia canadensis,leafcup,Plantae,Asteraceae,Polymnia,375,500
train,335,6948,1843144,1843144,train_mini/06948_Plantae_Tracheophyta_Magnoliopsida_Asterales_Asteraceae_Polymnia_canadensis/7eff4b5f-456e-4c2a-afd5-f9355530ef80.jpg,Polymnia canadensis,leafcup,Plantae,Asteraceae,Polymnia,375,500
train,335,6948,1453156,1453156,train_mini/06948_Plantae_Tracheophyta_Magnoliopsida_Asterales_Asteraceae_Polymnia_canadensis/0fe50895-c633-49a0-9c05-6824d7457224.jpg,Polymnia canadensis,leafcup,Plantae,Asteraceae,Polymnia,375,500
train,335,6948,393113,393113,train_mini/06948_Plantae_Tracheophyta_Magnoliopsida_Asterales_Asteraceae_Polymnia_canadensis/4c439bf7-67b6-46c8-bde9-ef16aa151886.jpg,Polymnia canadensis,leafcup,Plantae,Asteraceae,Polymnia,375,500
train,336,6972,742699,742699,train_mini/06972_Plantae_Tracheophyta_Magnoliopsida_Asterales_Asteraceae_Senecio_glastifolius/1452c85b-9f64-476a-b843-fe45cf34807b.jpg,Senecio glastifolius,Woad-leaved ragwort,Plantae,Asteraceae,Senecio,500,333
train,336,6972,756281,756281,train_mini/06972_Plantae_Tracheophyta_Magnoliopsida_Asterales_Asteraceae_Senecio_glastifolius/c3ccabc3-2191-479d-9c57-b7f114c2efca.jpg,Senecio glastifolius,Woad-leaved ragwort,Plantae,Asteraceae,Senecio,364,500
train,336,6972,1198999,1198999,train_mini/06972_Plantae_Tracheophyta_Magnoliopsida_Asterales_Asteraceae_Senecio_glastifolius/707825ad-5699-4fa2-99bb-7f612a95ada2.jpg,Senecio glastifolius,Woad-leaved ragwort,Plantae,Asteraceae,Senecio,500,375
train,336,6972,63615,63615,train_mini/06972_Plantae_Tracheophyta_Magnoliopsida_Asterales_Asteraceae_Senecio_glastifolius/303b2db7-e5e0-4caf-a5ee-b3c8336c2cc1.jpg,Senecio glastifolius,Woad-leaved ragwort,Plantae,Asteraceae,Senecio,500,334
train,336,6972,1211655,1211655,train_mini/06972_Plantae_Tracheophyta_Magnoliopsida_Asterales_Asteraceae_Senecio_glastifolius/4a0ed4c2-946a-4399-acbb-54d71e59109f.jpg,Senecio glastifolius,Woad-leaved ragwort,Plantae,Asteraceae,Senecio,375,500
train,336,6972,994190,994190,train_mini/06972_Plantae_Tracheophyta_Magnoliopsida_Asterales_Asteraceae_Senecio_glastifolius/d681b5ca-d597-47da-88e9-a2cbc7aec9cc.jpg,Senecio glastifolius,Woad-leaved ragwort,Plantae,Asteraceae,Senecio,500,354
train,336,6972,629831,629831,train_mini/06972_Plantae_Tracheophyta_Magnoliopsida_Asterales_Asteraceae_Senecio_glastifolius/bffc2267-7051-4a96-b4f6-7959b5715d8e.jpg,Senecio glastifolius,Woad-leaved ragwort,Plantae,Asteraceae,Senecio,500,375
train,336,6972,285544,285544,train_mini/06972_Plantae_Tracheophyta_Magnoliopsida_Asterales_Asteraceae_Senecio_glastifolius/f65890ee-03c4-49e3-800a-10c64e848663.jpg,Senecio glastifolius,Woad-leaved ragwort,Plantae,Asteraceae,Senecio,500,375
train,337,6990,500793,500793,train_mini/06990_Plantae_Tracheophyta_Magnoliopsida_Asterales_Asteraceae_Silphium_terebinthinaceum/f2770a4a-d90d-437b-b677-336fb616679d.jpg,Silphium terebinthinaceum,prairie dock,Plantae,Asteraceae,Silphium,375,500
train,337,6990,1786220,1786220,train_mini/06990_Plantae_Tracheophyta_Magnoliopsida_Asterales_Asteraceae_Silphium_terebinthinaceum/e6f37205-93c4-4fa9-aab1-7bdd3c46ff9f.jpg,Silphium terebinthinaceum,prairie dock,Plantae,Asteraceae,Silphium,375,500
train,337,6990,2580171,2580171,train_mini/06990_Plantae_Tracheophyta_Magnoliopsida_Asterales_Asteraceae_Silphium_terebinthinaceum/717c7f90-ad54-433a-8e59-4a16ad547670.jpg,Silphium terebinthinaceum,prairie dock,Plantae,Asteraceae,Silphium,375,500
train,337,6990,446325,446325,train_mini/06990_Plantae_Tracheophyta_Magnoliopsida_Asterales_Asteraceae_Silphium_terebinthinaceum/d668c940-64d6-4af9-8a1e-72a414e21b37.jpg,Silphium terebinthinaceum,prairie dock,Plantae,Asteraceae,Silphium,375,500
train,337,6990,878738,878738,train_mini/06990_Plantae_Tracheophyta_Magnoliopsida_Asterales_Asteraceae_Silphium_terebinthinaceum/d20f94d9-c97e-4579-ab4e-b317cc8dcf7d.jpg,Silphium terebinthinaceum,prairie dock,Plantae,Asteraceae,Silphium,375,500
train,337,6990,974270,974270,train_mini/06990_Plantae_Tracheophyta_Magnoliopsida_Asterales_Asteraceae_Silphium_terebinthinaceum/d9913f4f-e554-49a8-b42f-43dab2cc9adb.jpg,Silphium terebinthinaceum,prairie dock,Plantae,Asteraceae,Silphium,375,500
train,337,6990,246039,246039,train_mini/06990_Plantae_Tracheophyta_Magnoliopsida_Asterales_Asteraceae_Silphium_terebinthinaceum/dda414ff-4771-4937-ac2d-8c6a3625764f.jpg,Silphium terebinthinaceum,prairie dock,Plantae,Asteraceae,Silphium,500,333
train,337,6990,1829645,1829645,train_mini/06990_Plantae_Tracheophyta_Magnoliopsida_Asterales_Asteraceae_Silphium_terebinthinaceum/3cae4023-f718-4135-ac7b-d664703119af.jpg,Silphium terebinthinaceum,prairie dock,Plantae,Asteraceae,Silphium,333,500
train,338,7005,246943,246943,train_mini/07005_Plantae_Tracheophyta_Magnoliopsida_Asterales_Asteraceae_Solidago_rugosa/5816d277-f4eb-4a91-99db-597b6f83e12c.jpg,Solidago rugosa,common wrinkle-leaved goldenrod,Plantae,Asteraceae,Solidago,281,500
train,338,7005,2260508,2260508,train_mini/07005_Plantae_Tracheophyta_Magnoliopsida_Asterales_Asteraceae_Solidago_rugosa/795bcd64-7016-473f-afd8-f4c8f2e22f89.jpg,Solidago rugosa,common wrinkle-leaved goldenrod,Plantae,Asteraceae,Solidago,375,500
train,338,7005,526369,526369,train_mini/07005_Plantae_Tracheophyta_Magnoliopsida_Asterales_Asteraceae_Solidago_rugosa/7de3c547-95a9-48c9-9e0d-05e7889bb10e.jpg,Solidago rugosa,common wrinkle-leaved goldenrod,Plantae,Asteraceae,Solidago,375,500
train,338,7005,130466,130466,train_mini/07005_Plantae_Tracheophyta_Magnoliopsida_Asterales_Asteraceae_Solidago_rugosa/8f98f5e3-c6fb-45fb-b878-8f70ce2da5e5.jpg,Solidago rugosa,common wrinkle-leaved goldenrod,Plantae,Asteraceae,Solidago,375,500
train,338,7005,2345287,2345287,train_mini/07005_Plantae_Tracheophyta_Magnoliopsida_Asterales_Asteraceae_Solidago_rugosa/c61e09f6-b67d-4037-901a-85ebaeabde3a.jpg,Solidago rugosa,common wrinkle-leaved goldenrod,Plantae,Asteraceae,Solidago,375,500
train,338,7005,2168852,2168852,train_mini/07005_Plantae_Tracheophyta_Magnoliopsida_Asterales_Asteraceae_Solidago_rugosa/382acc57-24c2-4f1b-81bf-da668d70d352.jpg,Solidago rugosa,common wrinkle-leaved goldenrod,Plantae,Asteraceae,Solidago,375,500
train,338,7005,125824,125824,train_mini/07005_Plantae_Tracheophyta_Magnoliopsida_Asterales_Asteraceae_Solidago_rugosa/5051d0cc-51f9-46de-8995-2dd90ffccdc9.jpg,Solidago rugosa,common wrinkle-leaved goldenrod,Plantae,Asteraceae,Solidago,281,500
train,338,7005,2504945,2504945,train_mini/07005_Plantae_Tracheophyta_Magnoliopsida_Asterales_Asteraceae_Solidago_rugosa/d1cdc29e-c0dc-4773-a5a5-4dc77d690284.jpg,Solidago rugosa,common wrinkle-leaved goldenrod,Plantae,Asteraceae,Solidago,333,500
train,339,7013,2230233,2230233,train_mini/07013_Plantae_Tracheophyta_Magnoliopsida_Asterales_Asteraceae_Sonchus_asper/6c9ef375-9947-4ef4-b869-291157beb98c.jpg,Sonchus asper,prickly sowthistle,Plantae,Asteraceae,Sonchus,500,375
train,339,7013,1035791,1035791,train_mini/07013_Plantae_Tracheophyta_Magnoliopsida_Asterales_Asteraceae_Sonchus_asper/7af9e42a-74ac-4390-902d-455ed55b59f1.jpg,Sonchus asper,prickly sowthistle,Plantae,Asteraceae,Sonchus,375,500
train,339,7013,1839360,1839360,train_mini/07013_Plantae_Tracheophyta_Magnoliopsida_Asterales_Asteraceae_Sonchus_asper/ae4a7697-0ca2-4c24-b7b7-103012c239d6.jpg,Sonchus asper,prickly sowthistle,Plantae,Asteraceae,Sonchus,500,355
train,339,7013,1212845,1212845,train_mini/07013_Plantae_Tracheophyta_Magnoliopsida_Asterales_Asteraceae_Sonchus_asper/b4b9825a-6c83-4582-ac92-521044f7bb98.jpg,Sonchus asper,prickly sowthistle,Plantae,Asteraceae,Sonchus,500,375
train,339,7013,1666524,1666524,train_mini/07013_Plantae_Tracheophyta_Magnoliopsida_Asterales_Asteraceae_Sonchus_asper/0e11a65b-b5cc-4dce-a421-3d0bcf5bf639.jpg,Sonchus asper,prickly sowthistle,Plantae,Asteraceae,Sonchus,375,500
train,339,7013,823610,823610,train_mini/07013_Plantae_Tracheophyta_Magnoliopsida_Asterales_Asteraceae_Sonchus_asper/24d5cb6a-033e-46d5-99b9-5ea85e4ccb39.jpg,Sonchus asper,prickly sowthistle,Plantae,Asteraceae,Sonchus,334,500
train,339,7013,1460329,1460329,train_mini/07013_Plantae_Tracheophyta_Magnoliopsida_Asterales_Asteraceae_Sonchus_asper/10afe614-bd70-4528-83fd-81e976654308.jpg,Sonchus asper,prickly sowthistle,Plantae,Asteraceae,Sonchus,274,500
train,339,7013,1354048,1354048,train_mini/07013_Plantae_Tracheophyta_Magnoliopsida_Asterales_Asteraceae_Sonchus_asper/afcbb2b9-04ff-4e11-befc-b3254b437a44.jpg,Sonchus asper,prickly sowthistle,Plantae,Asteraceae,Sonchus,500,236
train,340,7039,812564,812564,train_mini/07039_Plantae_Tracheophyta_Magnoliopsida_Asterales_Asteraceae_Taraxacum_officinale/ae3a401a-1d3e-496c-8d9f-2c1ac50861fa.jpg,Taraxacum officinale,common dandelion,Plantae,Asteraceae,Taraxacum,375,500
train,340,7039,851227,851227,train_mini/07039_Plantae_Tracheophyta_Magnoliopsida_Asterales_Asteraceae_Taraxacum_officinale/1a32cc15-93c5-407f-93f2-20a3874b58d8.jpg,Taraxacum officinale,common dandelion,Plantae,Asteraceae,Taraxacum,500,333
train,340,7039,825320,825320,train_mini/07039_Plantae_Tracheophyta_Magnoliopsida_Asterales_Asteraceae_Taraxacum_officinale/a76668cc-1af2-477c-ba8b-f673c3e2f061.jpg,Taraxacum officinale,common dandelion,Plantae,Asteraceae,Taraxacum,281,500
train,340,7039,1407404,1407404,train_mini/07039_Plantae_Tracheophyta_Magnoliopsida_Asterales_Asteraceae_Taraxacum_officinale/cd273428-3404-4dbd-b9c2-3dddb84fcda4.jpg,Taraxacum officinale,common dandelion,Plantae,Asteraceae,Taraxacum,375,500
train,340,7039,855940,855940,train_mini/07039_Plantae_Tracheophyta_Magnoliopsida_Asterales_Asteraceae_Taraxacum_officinale/c72862d6-bcb4-47b9-bd63-31a30b750c74.jpg,Taraxacum officinale,common dandelion,Plantae,Asteraceae,Taraxacum,500,375
train,340,7039,1726861,1726861,train_mini/07039_Plantae_Tracheophyta_Magnoliopsida_Asterales_Asteraceae_Taraxacum_officinale/427155b8-f92d-4d45-8d03-c450829e8d47.jpg,Taraxacum officinale,common dandelion,Plantae,Asteraceae,Taraxacum,375,500
train,340,7039,2196377,2196377,train_mini/07039_Plantae_Tracheophyta_Magnoliopsida_Asterales_Asteraceae_Taraxacum_officinale/1ede6bfa-9946-4965-8a8d-f1a2e6cc75cd.jpg,Taraxacum officinale,common dandelion,Plantae,Asteraceae,Taraxacum,375,500
train,340,7039,2681612,2681612,train_mini/07039_Plantae_Tracheophyta_Magnoliopsida_Asterales_Asteraceae_Taraxacum_officinale/3cbeff9e-c42d-4e10-a7d2-312e9bd3ab07.jpg,Taraxacum officinale,common dandelion,Plantae,Asteraceae,Taraxacum,500,375
train,341,7047,600433,600433,train_mini/07047_Plantae_Tracheophyta_Magnoliopsida_Asterales_Asteraceae_Tithonia_tubaeformis/21fd18ed-39bb-4ae5-8b2d-46c21208fc6c.jpg,Tithonia tubaeformis,tree marigold,Plantae,Asteraceae,Tithonia,500,375
train,341,7047,1766975,1766975,train_mini/07047_Plantae_Tracheophyta_Magnoliopsida_Asterales_Asteraceae_Tithonia_tubaeformis/57d23ff8-7ab0-4c00-8bd2-bbd2c5e57128.jpg,Tithonia tubaeformis,tree marigold,Plantae,Asteraceae,Tithonia,500,375
train,341,7047,2414569,2414569,train_mini/07047_Plantae_Tracheophyta_Magnoliopsida_Asterales_Asteraceae_Tithonia_tubaeformis/63a198db-60dc-4106-abe3-fefebb91025a.jpg,Tithonia tubaeformis,tree marigold,Plantae,Asteraceae,Tithonia,281,500
train,341,7047,1630244,1630244,train_mini/07047_Plantae_Tracheophyta_Magnoliopsida_Asterales_Asteraceae_Tithonia_tubaeformis/27f4d426-5cd3-4dfa-a0b9-1346b02cb6c5.jpg,Tithonia tubaeformis,tree marigold,Plantae,Asteraceae,Tithonia,281,500
train,341,7047,580679,580679,train_mini/07047_Plantae_Tracheophyta_Magnoliopsida_Asterales_Asteraceae_Tithonia_tubaeformis/c0bf0f8e-6a93-48ed-a4a8-fd61a06bb550.jpg,Tithonia tubaeformis,tree marigold,Plantae,Asteraceae,Tithonia,375,500
train,341,7047,2412893,2412893,train_mini/07047_Plantae_Tracheophyta_Magnoliopsida_Asterales_Asteraceae_Tithonia_tubaeformis/7b633f64-8b27-4ee0-8d32-9063f9997b59.jpg,Tithonia tubaeformis,tree marigold,Plantae,Asteraceae,Tithonia,500,333
train,341,7047,285223,285223,train_mini/07047_Plantae_Tracheophyta_Magnoliopsida_Asterales_Asteraceae_Tithonia_tubaeformis/46d7a1d3-adfe-4d30-984e-23eb2bd773a0.jpg,Tithonia tubaeformis,tree marigold,Plantae,Asteraceae,Tithonia,500,281
train,341,7047,133596,133596,train_mini/07047_Plantae_Tracheophyta_Magnoliopsida_Asterales_Asteraceae_Tithonia_tubaeformis/a9e008f2-de62-428d-8895-e499a21e1a52.jpg,Tithonia tubaeformis,tree marigold,Plantae,Asteraceae,Tithonia,500,375
train,342,7092,2120322,2120322,train_mini/07092_Plantae_Tracheophyta_Magnoliopsida_Asterales_Campanulaceae_Campanula_prenanthoides/fde3388f-ec03-4f6e-b58d-1b5fc2de8b93.jpg,Campanula prenanthoides,California Harebell,Plantae,Campanulaceae,Campanula,375,500
train,342,7092,1027322,1027322,train_mini/07092_Plantae_Tracheophyta_Magnoliopsida_Asterales_Campanulaceae_Campanula_prenanthoides/f647819c-0322-4716-b9d2-e00801ba3682.jpg,Campanula prenanthoides,California Harebell,Plantae,Campanulaceae,Campanula,375,500
train,342,7092,10303,10303,train_mini/07092_Plantae_Tracheophyta_Magnoliopsida_Asterales_Campanulaceae_Campanula_prenanthoides/3c17babc-9f43-4ab8-8dc8-4c438d3abfce.jpg,Campanula prenanthoides,California Harebell,Plantae,Campanulaceae,Campanula,500,375
train,342,7092,2195303,2195303,train_mini/07092_Plantae_Tracheophyta_Magnoliopsida_Asterales_Campanulaceae_Campanula_prenanthoides/29d6c0c2-fdbc-4f49-bda6-d264afe3d87b.jpg,Campanula prenanthoides,California Harebell,Plantae,Campanulaceae,Campanula,281,500
train,342,7092,955890,955890,train_mini/07092_Plantae_Tracheophyta_Magnoliopsida_Asterales_Campanulaceae_Campanula_prenanthoides/e1e1a886-6ae4-44d0-a397-2491e6fb5649.jpg,Campanula prenanthoides,California Harebell,Plantae,Campanulaceae,Campanula,375,500
train,342,7092,959014,959014,train_mini/07092_Plantae_Tracheophyta_Magnoliopsida_Asterales_Campanulaceae_Campanula_prenanthoides/32cdabae-3592-4c8a-8331-4d96829c6223.jpg,Campanula prenanthoides,California Harebell,Plantae,Campanulaceae,Campanula,375,500
train,342,7092,2164625,2164625,train_mini/07092_Plantae_Tracheophyta_Magnoliopsida_Asterales_Campanulaceae_Campanula_prenanthoides/cc2aa5b6-a856-4f36-97f3-669599f8a7dc.jpg,Campanula prenanthoides,California Harebell,Plantae,Campanulaceae,Campanula,500,333
train,342,7092,1169700,1169700,train_mini/07092_Plantae_Tracheophyta_Magnoliopsida_Asterales_Campanulaceae_Campanula_prenanthoides/aa995677-6f7f-422a-9d23-43485a1dba5c.jpg,Campanula prenanthoides,California Harebell,Plantae,Campanulaceae,Campanula,375,500
train,343,7100,1885308,1885308,train_mini/07100_Plantae_Tracheophyta_Magnoliopsida_Asterales_Campanulaceae_Jasione_montana/f725e02a-c728-4f99-8fb0-51e9884ebcc5.jpg,Jasione montana,Sheep's-bit,Plantae,Campanulaceae,Jasione,375,500
train,343,7100,898817,898817,train_mini/07100_Plantae_Tracheophyta_Magnoliopsida_Asterales_Campanulaceae_Jasione_montana/ecbc2513-98b0-48a7-b349-49bb614e6c69.jpg,Jasione montana,Sheep's-bit,Plantae,Campanulaceae,Jasione,375,500
train,343,7100,2110672,2110672,train_mini/07100_Plantae_Tracheophyta_Magnoliopsida_Asterales_Campanulaceae_Jasione_montana/336d3225-0e7b-47d3-b1af-449ba73ec4f6.jpg,Jasione montana,Sheep's-bit,Plantae,Campanulaceae,Jasione,375,500
train,343,7100,129832,129832,train_mini/07100_Plantae_Tracheophyta_Magnoliopsida_Asterales_Campanulaceae_Jasione_montana/57d19649-aa1c-489c-a529-1b6be538885b.jpg,Jasione montana,Sheep's-bit,Plantae,Campanulaceae,Jasione,375,500
train,343,7100,2054762,2054762,train_mini/07100_Plantae_Tracheophyta_Magnoliopsida_Asterales_Campanulaceae_Jasione_montana/3ef5bfaf-523e-4191-9dfd-669a4fc969b7.jpg,Jasione montana,Sheep's-bit,Plantae,Campanulaceae,Jasione,375,500
train,343,7100,2514358,2514358,train_mini/07100_Plantae_Tracheophyta_Magnoliopsida_Asterales_Campanulaceae_Jasione_montana/2cd1c056-70b8-49b4-bb34-95175e7884a6.jpg,Jasione montana,Sheep's-bit,Plantae,Campanulaceae,Jasione,500,375
train,343,7100,2633571,2633571,train_mini/07100_Plantae_Tracheophyta_Magnoliopsida_Asterales_Campanulaceae_Jasione_montana/e88abad3-e02e-4643-91a4-bf6846cb0fdf.jpg,Jasione montana,Sheep's-bit,Plantae,Campanulaceae,Jasione,500,281
train,343,7100,1828195,1828195,train_mini/07100_Plantae_Tracheophyta_Magnoliopsida_Asterales_Campanulaceae_Jasione_montana/ce0bacad-371d-4b57-b0a7-81604789a0ef.jpg,Jasione montana,Sheep's-bit,Plantae,Campanulaceae,Jasione,375,500
train,344,7139,770557,770557,train_mini/07139_Plantae_Tracheophyta_Magnoliopsida_Boraginales_Boraginaceae_Echium_plantagineum/5815fa28-f1b3-4abd-844f-679963d0d1cd.jpg,Echium plantagineum,Salvation Jane,Plantae,Boraginaceae,Echium,375,500
train,344,7139,315657,315657,train_mini/07139_Plantae_Tracheophyta_Magnoliopsida_Boraginales_Boraginaceae_Echium_plantagineum/e08fb393-3039-4ef4-ba22-fad79d6bf807.jpg,Echium plantagineum,Salvation Jane,Plantae,Boraginaceae,Echium,500,500
train,344,7139,142976,142976,train_mini/07139_Plantae_Tracheophyta_Magnoliopsida_Boraginales_Boraginaceae_Echium_plantagineum/6348c7e5-53cf-4eed-a4b6-8f5af0635a2c.jpg,Echium plantagineum,Salvation Jane,Plantae,Boraginaceae,Echium,333,500
train,344,7139,176515,176515,train_mini/07139_Plantae_Tracheophyta_Magnoliopsida_Boraginales_Boraginaceae_Echium_plantagineum/bffd2cd1-1c7e-4883-b6d6-4c5d6b65acff.jpg,Echium plantagineum,Salvation Jane,Plantae,Boraginaceae,Echium,219,500
train,344,7139,1291296,1291296,train_mini/07139_Plantae_Tracheophyta_Magnoliopsida_Boraginales_Boraginaceae_Echium_plantagineum/2ed00586-d371-43ae-9521-127a6636f4d8.jpg,Echium plantagineum,Salvation Jane,Plantae,Boraginaceae,Echium,375,500
train,344,7139,2595390,2595390,train_mini/07139_Plantae_Tracheophyta_Magnoliopsida_Boraginales_Boraginaceae_Echium_plantagineum/e8d48fe7-9702-476c-ba53-0f3200404475.jpg,Echium plantagineum,Salvation Jane,Plantae,Boraginaceae,Echium,382,500
train,344,7139,592282,592282,train_mini/07139_Plantae_Tracheophyta_Magnoliopsida_Boraginales_Boraginaceae_Echium_plantagineum/7017adb6-5179-47de-8df4-012458f1cf5f.jpg,Echium plantagineum,Salvation Jane,Plantae,Boraginaceae,Echium,375,500
train,344,7139,842760,842760,train_mini/07139_Plantae_Tracheophyta_Magnoliopsida_Boraginales_Boraginaceae_Echium_plantagineum/af59a2ca-0ce7-45e7-8e59-2d123fa1675f.jpg,Echium plantagineum,Salvation Jane,Plantae,Boraginaceae,Echium,375,500
train,345,7172,1820430,1820430,train_mini/07172_Plantae_Tracheophyta_Magnoliopsida_Boraginales_Boraginaceae_Myosotis_latifolia/18fe55f5-10d7-41f9-8a09-2586695c9bc4.jpg,Myosotis latifolia,broadleaf forget-me-not,Plantae,Boraginaceae,Myosotis,500,375
train,345,7172,1614565,1614565,train_mini/07172_Plantae_Tracheophyta_Magnoliopsida_Boraginales_Boraginaceae_Myosotis_latifolia/d39b2ddd-5ac1-4110-9807-fa1fd1406fb7.jpg,Myosotis latifolia,broadleaf forget-me-not,Plantae,Boraginaceae,Myosotis,375,500
train,345,7172,1680923,1680923,train_mini/07172_Plantae_Tracheophyta_Magnoliopsida_Boraginales_Boraginaceae_Myosotis_latifolia/f5d0f243-de08-4229-9ee7-9719c8e69b2d.jpg,Myosotis latifolia,broadleaf forget-me-not,Plantae,Boraginaceae,Myosotis,375,500
train,345,7172,486412,486412,train_mini/07172_Plantae_Tracheophyta_Magnoliopsida_Boraginales_Boraginaceae_Myosotis_latifolia/3742ac2d-c5f2-4a7c-9c51-d59ddadd3ebc.jpg,Myosotis latifolia,broadleaf forget-me-not,Plantae,Boraginaceae,Myosotis,500,375
train,345,7172,722341,722341,train_mini/07172_Plantae_Tracheophyta_Magnoliopsida_Boraginales_Boraginaceae_Myosotis_latifolia/cd25cb11-7537-4e82-ad86-38c247e027f6.jpg,Myosotis latifolia,broadleaf forget-me-not,Plantae,Boraginaceae,Myosotis,375,500
train,345,7172,715411,715411,train_mini/07172_Plantae_Tracheophyta_Magnoliopsida_Boraginales_Boraginaceae_Myosotis_latifolia/4767dd09-97cc-4d31-adb5-cdbca9071baf.jpg,Myosotis latifolia,broadleaf forget-me-not,Plantae,Boraginaceae,Myosotis,500,375
train,345,7172,1015065,1015065,train_mini/07172_Plantae_Tracheophyta_Magnoliopsida_Boraginales_Boraginaceae_Myosotis_latifolia/981a2371-41c2-4331-9fc7-1fff0f997768.jpg,Myosotis latifolia,broadleaf forget-me-not,Plantae,Boraginaceae,Myosotis,375,500
train,345,7172,345994,345994,train_mini/07172_Plantae_Tracheophyta_Magnoliopsida_Boraginales_Boraginaceae_Myosotis_latifolia/24d60851-2fd8-4e7d-a9ba-a0965c7d929e.jpg,Myosotis latifolia,broadleaf forget-me-not,Plantae,Boraginaceae,Myosotis,375,500
train,346,7173,246169,246169,train_mini/07173_Plantae_Tracheophyta_Magnoliopsida_Boraginales_Boraginaceae_Myosotis_scorpioides/b3c67429-1f77-46cc-8688-bc9b1601c922.jpg,Myosotis scorpioides,water forget-me-not,Plantae,Boraginaceae,Myosotis,500,281
train,346,7173,947814,947814,train_mini/07173_Plantae_Tracheophyta_Magnoliopsida_Boraginales_Boraginaceae_Myosotis_scorpioides/684fdfd2-b236-417a-8910-2d6fb724c737.jpg,Myosotis scorpioides,water forget-me-not,Plantae,Boraginaceae,Myosotis,500,333
train,346,7173,2324503,2324503,train_mini/07173_Plantae_Tracheophyta_Magnoliopsida_Boraginales_Boraginaceae_Myosotis_scorpioides/3ff52927-407e-4586-8556-a385986922d5.jpg,Myosotis scorpioides,water forget-me-not,Plantae,Boraginaceae,Myosotis,375,500
train,346,7173,956627,956627,train_mini/07173_Plantae_Tracheophyta_Magnoliopsida_Boraginales_Boraginaceae_Myosotis_scorpioides/e4e2a0c3-df2e-4ccd-b4ed-58b6dc861e44.jpg,Myosotis scorpioides,water forget-me-not,Plantae,Boraginaceae,Myosotis,281,500
train,346,7173,209169,209169,train_mini/07173_Plantae_Tracheophyta_Magnoliopsida_Boraginales_Boraginaceae_Myosotis_scorpioides/32783cc3-0799-4129-b0cc-9fc9f13bed69.jpg,Myosotis scorpioides,water forget-me-not,Plantae,Boraginaceae,Myosotis,500,375
train,346,7173,268106,268106,train_mini/07173_Plantae_Tracheophyta_Magnoliopsida_Boraginales_Boraginaceae_Myosotis_scorpioides/9fa836f0-c059-427c-8a09-cf15bc947d8b.jpg,Myosotis scorpioides,water forget-me-not,Plantae,Boraginaceae,Myosotis,375,500
train,346,7173,950621,950621,train_mini/07173_Plantae_Tracheophyta_Magnoliopsida_Boraginales_Boraginaceae_Myosotis_scorpioides/74794050-db96-4bfa-9fe4-e55541a5e107.jpg,Myosotis scorpioides,water forget-me-not,Plantae,Boraginaceae,Myosotis,375,500
train,346,7173,14641,14641,train_mini/07173_Plantae_Tracheophyta_Magnoliopsida_Boraginales_Boraginaceae_Myosotis_scorpioides/e0742c6e-57f7-4f35-9edb-0f63fa3750e8.jpg,Myosotis scorpioides,water forget-me-not,Plantae,Boraginaceae,Myosotis,500,445
train,347,7226,498101,498101,train_mini/07226_Plantae_Tracheophyta_Magnoliopsida_Brassicales_Brassicaceae_Cakile_maritima/f2964f28-ae8a-401d-a2aa-d5a64ddbe08e.jpg,Cakile maritima,European Searocket,Plantae,Brassicaceae,Cakile,281,500
train,347,7226,86882,86882,train_mini/07226_Plantae_Tracheophyta_Magnoliopsida_Brassicales_Brassicaceae_Cakile_maritima/d00f4695-f9cd-4135-a25a-9aa6b1687c96.jpg,Cakile maritima,European Searocket,Plantae,Brassicaceae,Cakile,375,500
train,347,7226,1960317,1960317,train_mini/07226_Plantae_Tracheophyta_Magnoliopsida_Brassicales_Brassicaceae_Cakile_maritima/dcd74ca5-20f2-4833-8138-1dd4ad20e907.jpg,Cakile maritima,European Searocket,Plantae,Brassicaceae,Cakile,375,500
train,347,7226,466600,466600,train_mini/07226_Plantae_Tracheophyta_Magnoliopsida_Brassicales_Brassicaceae_Cakile_maritima/7273723b-b2d3-4f5f-b04c-04820e355cab.jpg,Cakile maritima,European Searocket,Plantae,Brassicaceae,Cakile,375,500
train,347,7226,2090717,2090717,train_mini/07226_Plantae_Tracheophyta_Magnoliopsida_Brassicales_Brassicaceae_Cakile_maritima/f40230af-b7cf-4da1-8495-15ad456dd888.jpg,Cakile maritima,European Searocket,Plantae,Brassicaceae,Cakile,500,375
train,347,7226,516081,516081,train_mini/07226_Plantae_Tracheophyta_Magnoliopsida_Brassicales_Brassicaceae_Cakile_maritima/ed80ea07-5af5-45e2-924b-d1ef9acf7e5d.jpg,Cakile maritima,European Searocket,Plantae,Brassicaceae,Cakile,500,375
train,347,7226,2338113,2338113,train_mini/07226_Plantae_Tracheophyta_Magnoliopsida_Brassicales_Brassicaceae_Cakile_maritima/39a5ce72-6ab0-428d-8b43-bb182970b326.jpg,Cakile maritima,European Searocket,Plantae,Brassicaceae,Cakile,375,500
train,347,7226,182160,182160,train_mini/07226_Plantae_Tracheophyta_Magnoliopsida_Brassicales_Brassicaceae_Cakile_maritima/32a13a78-7709-404f-b0ea-dbee9a6d0a8b.jpg,Cakile maritima,European Searocket,Plantae,Brassicaceae,Cakile,375,500
train,348,7236,1523386,1523386,train_mini/07236_Plantae_Tracheophyta_Magnoliopsida_Brassicales_Brassicaceae_Cardamine_hirsuta/d795882f-c082-43a8-ae97-dde164993e1a.jpg,Cardamine hirsuta,hairy bittercress,Plantae,Brassicaceae,Cardamine,375,500
train,348,7236,789689,789689,train_mini/07236_Plantae_Tracheophyta_Magnoliopsida_Brassicales_Brassicaceae_Cardamine_hirsuta/77b54678-38be-4cb2-8a54-d4bf4af26497.jpg,Cardamine hirsuta,hairy bittercress,Plantae,Brassicaceae,Cardamine,375,500
train,348,7236,1355408,1355408,train_mini/07236_Plantae_Tracheophyta_Magnoliopsida_Brassicales_Brassicaceae_Cardamine_hirsuta/6a579790-51ba-439b-aa2f-f65e36a492f2.jpg,Cardamine hirsuta,hairy bittercress,Plantae,Brassicaceae,Cardamine,375,500
train,348,7236,379469,379469,train_mini/07236_Plantae_Tracheophyta_Magnoliopsida_Brassicales_Brassicaceae_Cardamine_hirsuta/608a5c39-6455-4ed3-a81f-a201f4604060.jpg,Cardamine hirsuta,hairy bittercress,Plantae,Brassicaceae,Cardamine,375,500
train,348,7236,777392,777392,train_mini/07236_Plantae_Tracheophyta_Magnoliopsida_Brassicales_Brassicaceae_Cardamine_hirsuta/a0045f8f-ede3-4bc6-bed0-6fbee3e39fa4.jpg,Cardamine hirsuta,hairy bittercress,Plantae,Brassicaceae,Cardamine,375,500
train,348,7236,1617700,1617700,train_mini/07236_Plantae_Tracheophyta_Magnoliopsida_Brassicales_Brassicaceae_Cardamine_hirsuta/8fa14303-d655-4ae0-887e-883e0b95b4a5.jpg,Cardamine hirsuta,hairy bittercress,Plantae,Brassicaceae,Cardamine,375,500
train,348,7236,720670,720670,train_mini/07236_Plantae_Tracheophyta_Magnoliopsida_Brassicales_Brassicaceae_Cardamine_hirsuta/61fefb92-a1eb-43c0-ba07-37bfc7267965.jpg,Cardamine hirsuta,hairy bittercress,Plantae,Brassicaceae,Cardamine,500,300
train,348,7236,355710,355710,train_mini/07236_Plantae_Tracheophyta_Magnoliopsida_Brassicales_Brassicaceae_Cardamine_hirsuta/8bf54c1a-69d0-4cc5-b1b5-a2fce7d56691.jpg,Cardamine hirsuta,hairy bittercress,Plantae,Brassicaceae,Cardamine,375,500
train,349,7237,12747,12747,train_mini/07237_Plantae_Tracheophyta_Magnoliopsida_Brassicales_Brassicaceae_Cardamine_impatiens/75f0b21e-87ce-4519-88b3-a021d8e867a2.jpg,Cardamine impatiens,narrow-leaved bittercress,Plantae,Brassicaceae,Cardamine,500,333
train,349,7237,203002,203002,train_mini/07237_Plantae_Tracheophyta_Magnoliopsida_Brassicales_Brassicaceae_Cardamine_impatiens/1ca1ec26-0cf8-41ae-8a41-055bb9fbd649.jpg,Cardamine impatiens,narrow-leaved bittercress,Plantae,Brassicaceae,Cardamine,375,500
train,349,7237,1979787,1979787,train_mini/07237_Plantae_Tracheophyta_Magnoliopsida_Brassicales_Brassicaceae_Cardamine_impatiens/85181ea1-51ab-4f8a-8c3c-742ac65f9871.jpg,Cardamine impatiens,narrow-leaved bittercress,Plantae,Brassicaceae,Cardamine,375,500
train,349,7237,2481009,2481009,train_mini/07237_Plantae_Tracheophyta_Magnoliopsida_Brassicales_Brassicaceae_Cardamine_impatiens/a057aa44-7533-42f2-ae89-93ca5be5c189.jpg,Cardamine impatiens,narrow-leaved bittercress,Plantae,Brassicaceae,Cardamine,344,500
train,349,7237,1801689,1801689,train_mini/07237_Plantae_Tracheophyta_Magnoliopsida_Brassicales_Brassicaceae_Cardamine_impatiens/fd6290b3-b6c1-4f79-a2cd-5a58fec4bd08.jpg,Cardamine impatiens,narrow-leaved bittercress,Plantae,Brassicaceae,Cardamine,375,500
train,349,7237,1558696,1558696,train_mini/07237_Plantae_Tracheophyta_Magnoliopsida_Brassicales_Brassicaceae_Cardamine_impatiens/847061bd-9225-41a7-86ef-53a399b54e51.jpg,Cardamine impatiens,narrow-leaved bittercress,Plantae,Brassicaceae,Cardamine,375,500
train,349,7237,1468521,1468521,train_mini/07237_Plantae_Tracheophyta_Magnoliopsida_Brassicales_Brassicaceae_Cardamine_impatiens/f868c030-5183-4031-81bb-d0612becaea5.jpg,Cardamine impatiens,narrow-leaved bittercress,Plantae,Brassicaceae,Cardamine,500,375
train,349,7237,1812274,1812274,train_mini/07237_Plantae_Tracheophyta_Magnoliopsida_Brassicales_Brassicaceae_Cardamine_impatiens/4f9c9ab8-b511-45c3-ace0-5523e51bede0.jpg,Cardamine impatiens,narrow-leaved bittercress,Plantae,Brassicaceae,Cardamine,500,334
train,350,7246,357863,357863,train_mini/07246_Plantae_Tracheophyta_Magnoliopsida_Brassicales_Brassicaceae_Dithyrea_californica/42e06ae6-8bdf-4943-a111-32d5339b928c.jpg,Dithyrea californica,California shieldpod,Plantae,Brassicaceae,Dithyrea,500,422
train,350,7246,1407738,1407738,train_mini/07246_Plantae_Tracheophyta_Magnoliopsida_Brassicales_Brassicaceae_Dithyrea_californica/7c86772b-7dae-491a-aab7-a7ff09077ab9.jpg,Dithyrea californica,California shieldpod,Plantae,Brassicaceae,Dithyrea,500,375
train,350,7246,354643,354643,train_mini/07246_Plantae_Tracheophyta_Magnoliopsida_Brassicales_Brassicaceae_Dithyrea_californica/0f6fcc0e-9d6c-41b0-a4a1-566f5b1c750b.jpg,Dithyrea californica,California shieldpod,Plantae,Brassicaceae,Dithyrea,500,375
train,350,7246,1887078,1887078,train_mini/07246_Plantae_Tracheophyta_Magnoliopsida_Brassicales_Brassicaceae_Dithyrea_californica/77fcf70c-a6b8-408f-8a4a-59801da7d7f0.jpg,Dithyrea californica,California shieldpod,Plantae,Brassicaceae,Dithyrea,500,375
train,350,7246,340724,340724,train_mini/07246_Plantae_Tracheophyta_Magnoliopsida_Brassicales_Brassicaceae_Dithyrea_californica/03c21bec-6db8-4a1e-ae69-4ea293437376.jpg,Dithyrea californica,California shieldpod,Plantae,Brassicaceae,Dithyrea,281,500
train,350,7246,1429575,1429575,train_mini/07246_Plantae_Tracheophyta_Magnoliopsida_Brassicales_Brassicaceae_Dithyrea_californica/17f38c16-f8da-4b4e-8e64-693017248db5.jpg,Dithyrea californica,California shieldpod,Plantae,Brassicaceae,Dithyrea,500,332
train,350,7246,704968,704968,train_mini/07246_Plantae_Tracheophyta_Magnoliopsida_Brassicales_Brassicaceae_Dithyrea_californica/49ff0a20-13fb-4ef6-ac55-9c56cd0de7ff.jpg,Dithyrea californica,California shieldpod,Plantae,Brassicaceae,Dithyrea,500,375
train,350,7246,459781,459781,train_mini/07246_Plantae_Tracheophyta_Magnoliopsida_Brassicales_Brassicaceae_Dithyrea_californica/9e41aa3e-5a2a-482a-a945-ab2a151fc9b7.jpg,Dithyrea californica,California shieldpod,Plantae,Brassicaceae,Dithyrea,375,500
train,351,7299,62215,62215,train_mini/07299_Plantae_Tracheophyta_Magnoliopsida_Canellales_Winteraceae_Pseudowintera_colorata/b71be27d-174b-4f7d-8db6-d607ca19b0c7.jpg,Pseudowintera colorata,Mountain Horopito,Plantae,Winteraceae,Pseudowintera,500,375
train,351,7299,242990,242990,train_mini/07299_Plantae_Tracheophyta_Magnoliopsida_Canellales_Winteraceae_Pseudowintera_colorata/7b58c6bf-07f7-4fb9-b6bc-74357f1db213.jpg,Pseudowintera colorata,Mountain Horopito,Plantae,Winteraceae,Pseudowintera,375,500
train,351,7299,1215920,1215920,train_mini/07299_Plantae_Tracheophyta_Magnoliopsida_Canellales_Winteraceae_Pseudowintera_colorata/233d8b8c-5f0d-4f85-9797-27fc84007ba9.jpg,Pseudowintera colorata,Mountain Horopito,Plantae,Winteraceae,Pseudowintera,500,375
train,351,7299,172803,172803,train_mini/07299_Plantae_Tracheophyta_Magnoliopsida_Canellales_Winteraceae_Pseudowintera_colorata/1f7e665d-b650-4cd3-afd1-349b6f50f230.jpg,Pseudowintera colorata,Mountain Horopito,Plantae,Winteraceae,Pseudowintera,500,375
train,351,7299,392094,392094,train_mini/07299_Plantae_Tracheophyta_Magnoliopsida_Canellales_Winteraceae_Pseudowintera_colorata/3fb88c4f-5bdd-4ca7-83f3-5950282bdc98.jpg,Pseudowintera colorata,Mountain Horopito,Plantae,Winteraceae,Pseudowintera,375,500
train,351,7299,59610,59610,train_mini/07299_Plantae_Tracheophyta_Magnoliopsida_Canellales_Winteraceae_Pseudowintera_colorata/6e231a1d-ee5a-4c55-98dc-9297be668c3c.jpg,Pseudowintera colorata,Mountain Horopito,Plantae,Winteraceae,Pseudowintera,375,500
train,351,7299,2558834,2558834,train_mini/07299_Plantae_Tracheophyta_Magnoliopsida_Canellales_Winteraceae_Pseudowintera_colorata/f0fd6d59-8aee-4f89-9c0f-349bb3fb5f80.jpg,Pseudowintera colorata,Mountain Horopito,Plantae,Winteraceae,Pseudowintera,500,375
train,351,7299,2004772,2004772,train_mini/07299_Plantae_Tracheophyta_Magnoliopsida_Canellales_Winteraceae_Pseudowintera_colorata/effdd62f-4fb4-4579-8e02-c12fa6cb5ea9.jpg,Pseudowintera colorata,Mountain Horopito,Plantae,Winteraceae,Pseudowintera,375,500
train,352,7327,2325940,2325940,train_mini/07327_Plantae_Tracheophyta_Magnoliopsida_Caryophyllales_Amaranthaceae_Dysphania_ambrosioides/564fc78f-8cd3-4f50-967b-33f1a5910539.jpg,Dysphania ambrosioides,Mexican tea,Plantae,Amaranthaceae,Dysphania,375,500
train,352,7327,1629690,1629690,train_mini/07327_Plantae_Tracheophyta_Magnoliopsida_Caryophyllales_Amaranthaceae_Dysphania_ambrosioides/aaa49f83-bf95-4d60-989e-f20007560aa6.jpg,Dysphania ambrosioides,Mexican tea,Plantae,Amaranthaceae,Dysphania,300,500
train,352,7327,2350543,2350543,train_mini/07327_Plantae_Tracheophyta_Magnoliopsida_Caryophyllales_Amaranthaceae_Dysphania_ambrosioides/5fa75aae-513d-4b84-bb28-b142c0530449.jpg,Dysphania ambrosioides,Mexican tea,Plantae,Amaranthaceae,Dysphania,375,500
train,352,7327,167287,167287,train_mini/07327_Plantae_Tracheophyta_Magnoliopsida_Caryophyllales_Amaranthaceae_Dysphania_ambrosioides/9a250773-15b6-4d3c-ad76-aecdc5399f5b.jpg,Dysphania ambrosioides,Mexican tea,Plantae,Amaranthaceae,Dysphania,363,500
train,352,7327,140176,140176,train_mini/07327_Plantae_Tracheophyta_Magnoliopsida_Caryophyllales_Amaranthaceae_Dysphania_ambrosioides/0a0f7af1-1eac-46ee-b8c6-f51d5dfb03e2.jpg,Dysphania ambrosioides,Mexican tea,Plantae,Amaranthaceae,Dysphania,375,500
train,352,7327,990384,990384,train_mini/07327_Plantae_Tracheophyta_Magnoliopsida_Caryophyllales_Amaranthaceae_Dysphania_ambrosioides/e9a46745-945c-4b6c-9ff2-7f4946e172c7.jpg,Dysphania ambrosioides,Mexican tea,Plantae,Amaranthaceae,Dysphania,375,500
train,352,7327,473846,473846,train_mini/07327_Plantae_Tracheophyta_Magnoliopsida_Caryophyllales_Amaranthaceae_Dysphania_ambrosioides/405d1966-c6e9-42a3-8e39-4cbc330465f6.jpg,Dysphania ambrosioides,Mexican tea,Plantae,Amaranthaceae,Dysphania,281,500
train,352,7327,1781723,1781723,train_mini/07327_Plantae_Tracheophyta_Magnoliopsida_Caryophyllales_Amaranthaceae_Dysphania_ambrosioides/63638571-95fc-42a1-9286-c49cc61cf7c0.jpg,Dysphania ambrosioides,Mexican tea,Plantae,Amaranthaceae,Dysphania,375,500
train,353,7339,788544,788544,train_mini/07339_Plantae_Tracheophyta_Magnoliopsida_Caryophyllales_Basellaceae_Anredera_cordifolia/6d24a4a7-5666-48d6-ac8d-827363cb0555.jpg,Anredera cordifolia,Mignonette vine,Plantae,Basellaceae,Anredera,500,375
train,353,7339,1254295,1254295,train_mini/07339_Plantae_Tracheophyta_Magnoliopsida_Caryophyllales_Basellaceae_Anredera_cordifolia/614853c2-d3b7-4de7-85e4-4022e09b9c63.jpg,Anredera cordifolia,Mignonette vine,Plantae,Basellaceae,Anredera,500,375
train,353,7339,1482919,1482919,train_mini/07339_Plantae_Tracheophyta_Magnoliopsida_Caryophyllales_Basellaceae_Anredera_cordifolia/4cdb4887-399c-4017-981c-13051b0611fd.jpg,Anredera cordifolia,Mignonette vine,Plantae,Basellaceae,Anredera,375,500
train,353,7339,1174924,1174924,train_mini/07339_Plantae_Tracheophyta_Magnoliopsida_Caryophyllales_Basellaceae_Anredera_cordifolia/b002765c-bae1-4d1d-8328-d4b6986f09ac.jpg,Anredera cordifolia,Mignonette vine,Plantae,Basellaceae,Anredera,375,500
train,353,7339,359883,359883,train_mini/07339_Plantae_Tracheophyta_Magnoliopsida_Caryophyllales_Basellaceae_Anredera_cordifolia/84634f5d-3a90-4f63-a55f-0b4ab4025c95.jpg,Anredera cordifolia,Mignonette vine,Plantae,Basellaceae,Anredera,500,333
train,353,7339,1815509,1815509,train_mini/07339_Plantae_Tracheophyta_Magnoliopsida_Caryophyllales_Basellaceae_Anredera_cordifolia/92e93439-9ebf-4d95-8904-38ed99039d4d.jpg,Anredera cordifolia,Mignonette vine,Plantae,Basellaceae,Anredera,375,500
train,353,7339,1483458,1483458,train_mini/07339_Plantae_Tracheophyta_Magnoliopsida_Caryophyllales_Basellaceae_Anredera_cordifolia/c1076162-6f78-4006-9ebb-6b4e9b11beab.jpg,Anredera cordifolia,Mignonette vine,Plantae,Basellaceae,Anredera,500,375
train,353,7339,772948,772948,train_mini/07339_Plantae_Tracheophyta_Magnoliopsida_Caryophyllales_Basellaceae_Anredera_cordifolia/90b1db3d-1eff-4a2f-b8e4-062615a8c4c3.jpg,Anredera cordifolia,Mignonette vine,Plantae,Basellaceae,Anredera,500,500
train,354,7364,650968,650968,train_mini/07364_Plantae_Tracheophyta_Magnoliopsida_Caryophyllales_Cactaceae_Echinocereus_enneacanthus/e01724af-6e1e-41fd-97d8-6a8a076e8411.jpg,Echinocereus enneacanthus,Strawberry Cactus,Plantae,Cactaceae,Echinocereus,500,333
train,354,7364,777286,777286,train_mini/07364_Plantae_Tracheophyta_Magnoliopsida_Caryophyllales_Cactaceae_Echinocereus_enneacanthus/e51d08ef-55fa-45ee-944b-7711fa226f0b.jpg,Echinocereus enneacanthus,Strawberry Cactus,Plantae,Cactaceae,Echinocereus,500,375
train,354,7364,1340749,1340749,train_mini/07364_Plantae_Tracheophyta_Magnoliopsida_Caryophyllales_Cactaceae_Echinocereus_enneacanthus/14f5845f-74af-4860-9c02-14a7f998fdfa.jpg,Echinocereus enneacanthus,Strawberry Cactus,Plantae,Cactaceae,Echinocereus,375,500
train,354,7364,1668629,1668629,train_mini/07364_Plantae_Tracheophyta_Magnoliopsida_Caryophyllales_Cactaceae_Echinocereus_enneacanthus/ca340041-71fc-43a0-b631-b5660fe19d9a.jpg,Echinocereus enneacanthus,Strawberry Cactus,Plantae,Cactaceae,Echinocereus,375,500
train,354,7364,2279697,2279697,train_mini/07364_Plantae_Tracheophyta_Magnoliopsida_Caryophyllales_Cactaceae_Echinocereus_enneacanthus/fbff291f-6792-497a-8719-2d9f3dbb4ad0.jpg,Echinocereus enneacanthus,Strawberry Cactus,Plantae,Cactaceae,Echinocereus,375,500
train,354,7364,1555549,1555549,train_mini/07364_Plantae_Tracheophyta_Magnoliopsida_Caryophyllales_Cactaceae_Echinocereus_enneacanthus/bfee371b-b84e-4b0e-86df-c2ebcab01011.jpg,Echinocereus enneacanthus,Strawberry Cactus,Plantae,Cactaceae,Echinocereus,281,500
train,354,7364,764595,764595,train_mini/07364_Plantae_Tracheophyta_Magnoliopsida_Caryophyllales_Cactaceae_Echinocereus_enneacanthus/1efe4b0d-6ac9-43f1-b401-c28d25c6c3af.jpg,Echinocereus enneacanthus,Strawberry Cactus,Plantae,Cactaceae,Echinocereus,500,375
train,354,7364,38147,38147,train_mini/07364_Plantae_Tracheophyta_Magnoliopsida_Caryophyllales_Cactaceae_Echinocereus_enneacanthus/2a87143c-2ea1-4ca8-87c0-f7ad268f9f40.jpg,Echinocereus enneacanthus,Strawberry Cactus,Plantae,Cactaceae,Echinocereus,375,500
train,355,7366,954422,954422,train_mini/07366_Plantae_Tracheophyta_Magnoliopsida_Caryophyllales_Cactaceae_Echinocereus_pectinatus/38a81a28-21d7-4d40-b7d8-aa1f9f9b3901.jpg,Echinocereus pectinatus,Spiny Hedgehog Cactus,Plantae,Cactaceae,Echinocereus,500,333
train,355,7366,1040975,1040975,train_mini/07366_Plantae_Tracheophyta_Magnoliopsida_Caryophyllales_Cactaceae_Echinocereus_pectinatus/55590453-cd97-4e57-b79e-2d08644ba567.jpg,Echinocereus pectinatus,Spiny Hedgehog Cactus,Plantae,Cactaceae,Echinocereus,389,500
train,355,7366,845553,845553,train_mini/07366_Plantae_Tracheophyta_Magnoliopsida_Caryophyllales_Cactaceae_Echinocereus_pectinatus/bd80f1ac-a29d-4212-9018-028ec7c2baed.jpg,Echinocereus pectinatus,Spiny Hedgehog Cactus,Plantae,Cactaceae,Echinocereus,373,500
train,355,7366,1593317,1593317,train_mini/07366_Plantae_Tracheophyta_Magnoliopsida_Caryophyllales_Cactaceae_Echinocereus_pectinatus/3aab7b79-9c63-4de2-b2c0-8135c4bb1bcf.jpg,Echinocereus pectinatus,Spiny Hedgehog Cactus,Plantae,Cactaceae,Echinocereus,500,375
train,355,7366,1367952,1367952,train_mini/07366_Plantae_Tracheophyta_Magnoliopsida_Caryophyllales_Cactaceae_Echinocereus_pectinatus/ce3f7cf0-d597-42d4-af7a-13184f03f13a.jpg,Echinocereus pectinatus,Spiny Hedgehog Cactus,Plantae,Cactaceae,Echinocereus,375,500
train,355,7366,911755,911755,train_mini/07366_Plantae_Tracheophyta_Magnoliopsida_Caryophyllales_Cactaceae_Echinocereus_pectinatus/85bb7882-7f2b-41ba-9afe-72893db61d33.jpg,Echinocereus pectinatus,Spiny Hedgehog Cactus,Plantae,Cactaceae,Echinocereus,500,375
train,355,7366,445723,445723,train_mini/07366_Plantae_Tracheophyta_Magnoliopsida_Caryophyllales_Cactaceae_Echinocereus_pectinatus/d02c3fd4-c2dd-45ed-a3a7-19df8969d9f8.jpg,Echinocereus pectinatus,Spiny Hedgehog Cactus,Plantae,Cactaceae,Echinocereus,500,333
train,355,7366,1982311,1982311,train_mini/07366_Plantae_Tracheophyta_Magnoliopsida_Caryophyllales_Cactaceae_Echinocereus_pectinatus/2e1ed3d0-ffbf-42cc-9b46-8b66b72412d4.jpg,Echinocereus pectinatus,Spiny Hedgehog Cactus,Plantae,Cactaceae,Echinocereus,375,500
train,356,7371,1517746,1517746,train_mini/07371_Plantae_Tracheophyta_Magnoliopsida_Caryophyllales_Cactaceae_Echinocereus_stramineus/dd4c4628-721d-4d75-96b2-dad681d1c3be.jpg,Echinocereus stramineus,strawberry hedgehog cactus,Plantae,Cactaceae,Echinocereus,375,500
train,356,7371,538579,538579,train_mini/07371_Plantae_Tracheophyta_Magnoliopsida_Caryophyllales_Cactaceae_Echinocereus_stramineus/975ada01-258b-4531-924b-6a56e1cf40c8.jpg,Echinocereus stramineus,strawberry hedgehog cactus,Plantae,Cactaceae,Echinocereus,500,333
train,356,7371,945095,945095,train_mini/07371_Plantae_Tracheophyta_Magnoliopsida_Caryophyllales_Cactaceae_Echinocereus_stramineus/fd4a6720-946d-4959-b241-37b02045ae04.jpg,Echinocereus stramineus,strawberry hedgehog cactus,Plantae,Cactaceae,Echinocereus,375,500
train,356,7371,695871,695871,train_mini/07371_Plantae_Tracheophyta_Magnoliopsida_Caryophyllales_Cactaceae_Echinocereus_stramineus/3621ddec-4c91-40ea-b5ed-8a1c0634acba.jpg,Echinocereus stramineus,strawberry hedgehog cactus,Plantae,Cactaceae,Echinocereus,500,500
train,356,7371,2387393,2387393,train_mini/07371_Plantae_Tracheophyta_Magnoliopsida_Caryophyllales_Cactaceae_Echinocereus_stramineus/d635fe9e-0efc-49de-a674-b106f9ed0d07.jpg,Echinocereus stramineus,strawberry hedgehog cactus,Plantae,Cactaceae,Echinocereus,500,375
train,356,7371,1293389,1293389,train_mini/07371_Plantae_Tracheophyta_Magnoliopsida_Caryophyllales_Cactaceae_Echinocereus_stramineus/fb86cc2b-18ba-4b0f-8624-7ccca24b4c36.jpg,Echinocereus stramineus,strawberry hedgehog cactus,Plantae,Cactaceae,Echinocereus,500,375
train,356,7371,1639253,1639253,train_mini/07371_Plantae_Tracheophyta_Magnoliopsida_Caryophyllales_Cactaceae_Echinocereus_stramineus/7f9d6ad2-e757-4c7c-a2c8-03f2f789efdb.jpg,Echinocereus stramineus,strawberry hedgehog cactus,Plantae,Cactaceae,Echinocereus,500,375
train,356,7371,2565609,2565609,train_mini/07371_Plantae_Tracheophyta_Magnoliopsida_Caryophyllales_Cactaceae_Echinocereus_stramineus/9be9aebf-a0d4-4c5d-86e1-703d96765d11.jpg,Echinocereus stramineus,strawberry hedgehog cactus,Plantae,Cactaceae,Echinocereus,500,375
train,357,7375,1849696,1849696,train_mini/07375_Plantae_Tracheophyta_Magnoliopsida_Caryophyllales_Cactaceae_Escobaria_vivipara/b886c27a-b4c2-4c77-b49f-688e45f53a37.jpg,Escobaria vivipara,viviparous foxtail cactus,Plantae,Cactaceae,Escobaria,375,500
train,357,7375,2230184,2230184,train_mini/07375_Plantae_Tracheophyta_Magnoliopsida_Caryophyllales_Cactaceae_Escobaria_vivipara/7a14d2af-8953-4a97-bbcc-32be4940764c.jpg,Escobaria vivipara,viviparous foxtail cactus,Plantae,Cactaceae,Escobaria,500,375
train,357,7375,1230492,1230492,train_mini/07375_Plantae_Tracheophyta_Magnoliopsida_Caryophyllales_Cactaceae_Escobaria_vivipara/2c7797f5-0b2c-45d4-9b38-06d14d3df975.jpg,Escobaria vivipara,viviparous foxtail cactus,Plantae,Cactaceae,Escobaria,500,375
train,357,7375,1859350,1859350,train_mini/07375_Plantae_Tracheophyta_Magnoliopsida_Caryophyllales_Cactaceae_Escobaria_vivipara/813d52c6-28c1-4b9b-9e5e-101dcec74247.jpg,Escobaria vivipara,viviparous foxtail cactus,Plantae,Cactaceae,Escobaria,375,500
train,357,7375,1798447,1798447,train_mini/07375_Plantae_Tracheophyta_Magnoliopsida_Caryophyllales_Cactaceae_Escobaria_vivipara/fa10d614-e9e3-4aad-b8e2-2c87ff88f47f.jpg,Escobaria vivipara,viviparous foxtail cactus,Plantae,Cactaceae,Escobaria,375,500
train,357,7375,1438088,1438088,train_mini/07375_Plantae_Tracheophyta_Magnoliopsida_Caryophyllales_Cactaceae_Escobaria_vivipara/3e05df21-1b0c-4d92-9542-bedbdd3bf5b5.jpg,Escobaria vivipara,viviparous foxtail cactus,Plantae,Cactaceae,Escobaria,500,375
train,357,7375,1611652,1611652,train_mini/07375_Plantae_Tracheophyta_Magnoliopsida_Caryophyllales_Cactaceae_Escobaria_vivipara/37b2bee7-0cc8-4cd5-a18a-4b40c0fbc08a.jpg,Escobaria vivipara,viviparous foxtail cactus,Plantae,Cactaceae,Escobaria,500,375
train,357,7375,440933,440933,train_mini/07375_Plantae_Tracheophyta_Magnoliopsida_Caryophyllales_Cactaceae_Escobaria_vivipara/3f526537-955a-4f95-8f8d-c31f25f36bd1.jpg,Escobaria vivipara,viviparous foxtail cactus,Plantae,Cactaceae,Escobaria,375,500
train,358,7376,1562265,1562265,train_mini/07376_Plantae_Tracheophyta_Magnoliopsida_Caryophyllales_Cactaceae_Ferocactus_cylindraceus/38929835-5d90-4d88-a96d-0d5b7cd8b9ae.jpg,Ferocactus cylindraceus,California barrel cactus,Plantae,Cactaceae,Ferocactus,375,500
train,358,7376,365569,365569,train_mini/07376_Plantae_Tracheophyta_Magnoliopsida_Caryophyllales_Cactaceae_Ferocactus_cylindraceus/d8bfa2e8-35e6-4509-b0a0-a6c987be9687.jpg,Ferocactus cylindraceus,California barrel cactus,Plantae,Cactaceae,Ferocactus,375,500
train,358,7376,1388841,1388841,train_mini/07376_Plantae_Tracheophyta_Magnoliopsida_Caryophyllales_Cactaceae_Ferocactus_cylindraceus/10c6ab60-c361-48ab-a8e5-b16c5ae72338.jpg,Ferocactus cylindraceus,California barrel cactus,Plantae,Cactaceae,Ferocactus,375,500
train,358,7376,1478547,1478547,train_mini/07376_Plantae_Tracheophyta_Magnoliopsida_Caryophyllales_Cactaceae_Ferocactus_cylindraceus/94819efa-b0a5-45ac-bb54-9db02ea69567.jpg,Ferocactus cylindraceus,California barrel cactus,Plantae,Cactaceae,Ferocactus,375,500
train,358,7376,2216743,2216743,train_mini/07376_Plantae_Tracheophyta_Magnoliopsida_Caryophyllales_Cactaceae_Ferocactus_cylindraceus/9eb49502-24f8-4cd5-8572-9ced75e87db9.jpg,Ferocactus cylindraceus,California barrel cactus,Plantae,Cactaceae,Ferocactus,375,500
train,358,7376,249907,249907,train_mini/07376_Plantae_Tracheophyta_Magnoliopsida_Caryophyllales_Cactaceae_Ferocactus_cylindraceus/44001e12-e648-4520-82bc-6ab9b9063142.jpg,Ferocactus cylindraceus,California barrel cactus,Plantae,Cactaceae,Ferocactus,500,375
train,358,7376,1466505,1466505,train_mini/07376_Plantae_Tracheophyta_Magnoliopsida_Caryophyllales_Cactaceae_Ferocactus_cylindraceus/ea853e34-fd04-467e-830b-09e7f110e42f.jpg,Ferocactus cylindraceus,California barrel cactus,Plantae,Cactaceae,Ferocactus,500,333
train,358,7376,727959,727959,train_mini/07376_Plantae_Tracheophyta_Magnoliopsida_Caryophyllales_Cactaceae_Ferocactus_cylindraceus/1dd9f1ce-bb62-4a53-88ce-cf83bad3a938.jpg,Ferocactus cylindraceus,California barrel cactus,Plantae,Cactaceae,Ferocactus,375,500
train,359,7434,2383901,2383901,train_mini/07434_Plantae_Tracheophyta_Magnoliopsida_Caryophyllales_Caryophyllaceae_Honckenya_peploides/1300f0ec-6aff-4382-8335-9572bec7b8ff.jpg,Honckenya peploides,Sea Sandwort,Plantae,Caryophyllaceae,Honckenya,500,354
train,359,7434,917940,917940,train_mini/07434_Plantae_Tracheophyta_Magnoliopsida_Caryophyllales_Caryophyllaceae_Honckenya_peploides/609688d1-1e2a-47a7-b6f9-21cd4cc982e4.jpg,Honckenya peploides,Sea Sandwort,Plantae,Caryophyllaceae,Honckenya,500,375
train,359,7434,1803241,1803241,train_mini/07434_Plantae_Tracheophyta_Magnoliopsida_Caryophyllales_Caryophyllaceae_Honckenya_peploides/be851a5c-d7c2-44fd-b327-51865d39da0c.jpg,Honckenya peploides,Sea Sandwort,Plantae,Caryophyllaceae,Honckenya,500,375
train,359,7434,2102897,2102897,train_mini/07434_Plantae_Tracheophyta_Magnoliopsida_Caryophyllales_Caryophyllaceae_Honckenya_peploides/1ae7b5e8-b67a-47f9-a9ed-1da85abed5e5.jpg,Honckenya peploides,Sea Sandwort,Plantae,Caryophyllaceae,Honckenya,375,500
train,359,7434,989635,989635,train_mini/07434_Plantae_Tracheophyta_Magnoliopsida_Caryophyllales_Caryophyllaceae_Honckenya_peploides/da9c1caa-4344-4a4b-b597-d4e6e58bf5e0.jpg,Honckenya peploides,Sea Sandwort,Plantae,Caryophyllaceae,Honckenya,500,375
train,359,7434,1760007,1760007,train_mini/07434_Plantae_Tracheophyta_Magnoliopsida_Caryophyllales_Caryophyllaceae_Honckenya_peploides/3d6abef2-9482-4dae-9c33-ff46c4359ac0.jpg,Honckenya peploides,Sea Sandwort,Plantae,Caryophyllaceae,Honckenya,375,500
train,359,7434,1076731,1076731,train_mini/07434_Plantae_Tracheophyta_Magnoliopsida_Caryophyllales_Caryophyllaceae_Honckenya_peploides/c3e93c38-f2a6-4738-9f2b-1c2b78d8d110.jpg,Honckenya peploides,Sea Sandwort,Plantae,Caryophyllaceae,Honckenya,500,375
train,359,7434,1859626,1859626,train_mini/07434_Plantae_Tracheophyta_Magnoliopsida_Caryophyllales_Caryophyllaceae_Honckenya_peploides/78e4bf05-313e-4ea8-a84e-fdbf2b6868bd.jpg,Honckenya peploides,Sea Sandwort,Plantae,Caryophyllaceae,Honckenya,375,500
train,360,7451,1339475,1339475,train_mini/07451_Plantae_Tracheophyta_Magnoliopsida_Caryophyllales_Caryophyllaceae_Silene_flos-cuculi/c5737f15-c4a6-42da-b4db-c20d90b18e2a.jpg,Silene flos-cuculi,ragged-Robin,Plantae,Caryophyllaceae,Silene,281,500
train,360,7451,1790181,1790181,train_mini/07451_Plantae_Tracheophyta_Magnoliopsida_Caryophyllales_Caryophyllaceae_Silene_flos-cuculi/e64edc98-f780-47cc-ac57-08856d31476c.jpg,Silene flos-cuculi,ragged-Robin,Plantae,Caryophyllaceae,Silene,375,500
train,360,7451,2515566,2515566,train_mini/07451_Plantae_Tracheophyta_Magnoliopsida_Caryophyllales_Caryophyllaceae_Silene_flos-cuculi/71f616d4-6151-40c5-ac25-b5a2111b803b.jpg,Silene flos-cuculi,ragged-Robin,Plantae,Caryophyllaceae,Silene,375,500
train,360,7451,1788759,1788759,train_mini/07451_Plantae_Tracheophyta_Magnoliopsida_Caryophyllales_Caryophyllaceae_Silene_flos-cuculi/aa1e6be6-5519-4f95-8bdf-4442e907a7a7.jpg,Silene flos-cuculi,ragged-Robin,Plantae,Caryophyllaceae,Silene,500,392
train,360,7451,1961531,1961531,train_mini/07451_Plantae_Tracheophyta_Magnoliopsida_Caryophyllales_Caryophyllaceae_Silene_flos-cuculi/bd1814f9-cf0d-41e1-b7ed-17d76f02e749.jpg,Silene flos-cuculi,ragged-Robin,Plantae,Caryophyllaceae,Silene,375,500
train,360,7451,1800732,1800732,train_mini/07451_Plantae_Tracheophyta_Magnoliopsida_Caryophyllales_Caryophyllaceae_Silene_flos-cuculi/80758244-425e-4108-898a-a1003a970c54.jpg,Silene flos-cuculi,ragged-Robin,Plantae,Caryophyllaceae,Silene,375,500
train,360,7451,2507629,2507629,train_mini/07451_Plantae_Tracheophyta_Magnoliopsida_Caryophyllales_Caryophyllaceae_Silene_flos-cuculi/1b22c844-2088-42ab-872a-8aac42a27945.jpg,Silene flos-cuculi,ragged-Robin,Plantae,Caryophyllaceae,Silene,500,367
train,360,7451,474856,474856,train_mini/07451_Plantae_Tracheophyta_Magnoliopsida_Caryophyllales_Caryophyllaceae_Silene_flos-cuculi/796a4dbb-b55d-4ede-af95-74dcbbdb5c79.jpg,Silene flos-cuculi,ragged-Robin,Plantae,Caryophyllaceae,Silene,281,500
train,361,7464,2401435,2401435,train_mini/07464_Plantae_Tracheophyta_Magnoliopsida_Caryophyllales_Caryophyllaceae_Stellaria_graminea/cc00a770-1c46-4e58-af09-a2dc38800b01.jpg,Stellaria graminea,lesser stitchwort,Plantae,Caryophyllaceae,Stellaria,500,375
train,361,7464,1130285,1130285,train_mini/07464_Plantae_Tracheophyta_Magnoliopsida_Caryophyllales_Caryophyllaceae_Stellaria_graminea/d82a5c03-8948-4671-abe8-8263d171a04a.jpg,Stellaria graminea,lesser stitchwort,Plantae,Caryophyllaceae,Stellaria,375,500
train,361,7464,2531778,2531778,train_mini/07464_Plantae_Tracheophyta_Magnoliopsida_Caryophyllales_Caryophyllaceae_Stellaria_graminea/416d813f-64ef-4a78-9af1-da87b70c7c65.jpg,Stellaria graminea,lesser stitchwort,Plantae,Caryophyllaceae,Stellaria,500,389
train,361,7464,930792,930792,train_mini/07464_Plantae_Tracheophyta_Magnoliopsida_Caryophyllales_Caryophyllaceae_Stellaria_graminea/ea779bf2-dcf8-4d8f-9f2a-a6beb13da618.jpg,Stellaria graminea,lesser stitchwort,Plantae,Caryophyllaceae,Stellaria,375,500
train,361,7464,1930008,1930008,train_mini/07464_Plantae_Tracheophyta_Magnoliopsida_Caryophyllales_Caryophyllaceae_Stellaria_graminea/07251edf-29c8-4daf-b3a4-44e5cfdddad0.jpg,Stellaria graminea,lesser stitchwort,Plantae,Caryophyllaceae,Stellaria,500,333
train,361,7464,2555185,2555185,train_mini/07464_Plantae_Tracheophyta_Magnoliopsida_Caryophyllales_Caryophyllaceae_Stellaria_graminea/f679a28c-7da8-4399-9ff5-7ff3d327aacb.jpg,Stellaria graminea,lesser stitchwort,Plantae,Caryophyllaceae,Stellaria,500,375
train,361,7464,2004836,2004836,train_mini/07464_Plantae_Tracheophyta_Magnoliopsida_Caryophyllales_Caryophyllaceae_Stellaria_graminea/34fe4a6b-971d-426b-8763-e1febd06d546.jpg,Stellaria graminea,lesser stitchwort,Plantae,Caryophyllaceae,Stellaria,281,500
train,361,7464,1365387,1365387,train_mini/07464_Plantae_Tracheophyta_Magnoliopsida_Caryophyllales_Caryophyllaceae_Stellaria_graminea/c200a3e4-91fc-4a1a-9831-1fbafcc4608c.jpg,Stellaria graminea,lesser stitchwort,Plantae,Caryophyllaceae,Stellaria,282,500
train,362,7496,46136,46136,train_mini/07496_Plantae_Tracheophyta_Magnoliopsida_Caryophyllales_Montiaceae_Montia_parvifolia/23c0a732-2537-436c-80f6-2067e639d859.jpg,Montia parvifolia,Small-leaved Blinks,Plantae,Montiaceae,Montia,500,375
train,362,7496,941044,941044,train_mini/07496_Plantae_Tracheophyta_Magnoliopsida_Caryophyllales_Montiaceae_Montia_parvifolia/62a9041e-334c-447a-997f-34ad9775b49d.jpg,Montia parvifolia,Small-leaved Blinks,Plantae,Montiaceae,Montia,375,500
train,362,7496,1867304,1867304,train_mini/07496_Plantae_Tracheophyta_Magnoliopsida_Caryophyllales_Montiaceae_Montia_parvifolia/f6210010-426b-4216-a006-a98db8e38207.jpg,Montia parvifolia,Small-leaved Blinks,Plantae,Montiaceae,Montia,375,500
train,362,7496,679984,679984,train_mini/07496_Plantae_Tracheophyta_Magnoliopsida_Caryophyllales_Montiaceae_Montia_parvifolia/7608cb57-8474-443d-ae0f-6d652a1ba3fa.jpg,Montia parvifolia,Small-leaved Blinks,Plantae,Montiaceae,Montia,431,500
train,362,7496,214509,214509,train_mini/07496_Plantae_Tracheophyta_Magnoliopsida_Caryophyllales_Montiaceae_Montia_parvifolia/6e8cf1c2-3146-4038-aa1a-1e4c93b62489.jpg,Montia parvifolia,Small-leaved Blinks,Plantae,Montiaceae,Montia,500,334
train,362,7496,103303,103303,train_mini/07496_Plantae_Tracheophyta_Magnoliopsida_Caryophyllales_Montiaceae_Montia_parvifolia/926f01c6-0484-41a6-9235-83d5bca34387.jpg,Montia parvifolia,Small-leaved Blinks,Plantae,Montiaceae,Montia,500,375
train,362,7496,1971182,1971182,train_mini/07496_Plantae_Tracheophyta_Magnoliopsida_Caryophyllales_Montiaceae_Montia_parvifolia/8389e852-9b7e-466e-90c1-379c0444684b.jpg,Montia parvifolia,Small-leaved Blinks,Plantae,Montiaceae,Montia,500,375
train,362,7496,1764776,1764776,train_mini/07496_Plantae_Tracheophyta_Magnoliopsida_Caryophyllales_Montiaceae_Montia_parvifolia/b63483b7-1110-4484-9a00-59d6e23fb1a6.jpg,Montia parvifolia,Small-leaved Blinks,Plantae,Montiaceae,Montia,500,375
train,363,7513,1675257,1675257,train_mini/07513_Plantae_Tracheophyta_Magnoliopsida_Caryophyllales_Plumbaginaceae_Limonium_perezii/3d1977e4-3488-4fcc-a7f6-da073d4e9fe9.jpg,Limonium perezii,Perez's sea lavender,Plantae,Plumbaginaceae,Limonium,375,500
train,363,7513,1485037,1485037,train_mini/07513_Plantae_Tracheophyta_Magnoliopsida_Caryophyllales_Plumbaginaceae_Limonium_perezii/12abc653-cb0c-4fc9-aa2a-ad607d732064.jpg,Limonium perezii,Perez's sea lavender,Plantae,Plumbaginaceae,Limonium,375,500
train,363,7513,1683044,1683044,train_mini/07513_Plantae_Tracheophyta_Magnoliopsida_Caryophyllales_Plumbaginaceae_Limonium_perezii/fcc39785-c9b0-4c69-a0b8-38dfe32340b1.jpg,Limonium perezii,Perez's sea lavender,Plantae,Plumbaginaceae,Limonium,500,281
train,363,7513,1370898,1370898,train_mini/07513_Plantae_Tracheophyta_Magnoliopsida_Caryophyllales_Plumbaginaceae_Limonium_perezii/eadaa97e-bc7c-4b3e-8713-a3c62f7a113f.jpg,Limonium perezii,Perez's sea lavender,Plantae,Plumbaginaceae,Limonium,500,375
train,363,7513,853557,853557,train_mini/07513_Plantae_Tracheophyta_Magnoliopsida_Caryophyllales_Plumbaginaceae_Limonium_perezii/74e3ac23-af4e-4228-b353-375392f6ef92.jpg,Limonium perezii,Perez's sea lavender,Plantae,Plumbaginaceae,Limonium,375,500
train,363,7513,1631672,1631672,train_mini/07513_Plantae_Tracheophyta_Magnoliopsida_Caryophyllales_Plumbaginaceae_Limonium_perezii/ff2cdc69-e84c-4238-bc84-1dd48aca80d6.jpg,Limonium perezii,Perez's sea lavender,Plantae,Plumbaginaceae,Limonium,375,500
train,363,7513,2601849,2601849,train_mini/07513_Plantae_Tracheophyta_Magnoliopsida_Caryophyllales_Plumbaginaceae_Limonium_perezii/1e630ead-cf36-443c-9aa0-dde6c96cfa04.jpg,Limonium perezii,Perez's sea lavender,Plantae,Plumbaginaceae,Limonium,500,375
train,363,7513,2067107,2067107,train_mini/07513_Plantae_Tracheophyta_Magnoliopsida_Caryophyllales_Plumbaginaceae_Limonium_perezii/51ede9e3-44d9-4a32-b4ec-2d019b79b75a.jpg,Limonium perezii,Perez's sea lavender,Plantae,Plumbaginaceae,Limonium,375,500
train,364,7520,497427,497427,train_mini/07520_Plantae_Tracheophyta_Magnoliopsida_Caryophyllales_Polygonaceae_Bistorta_vivipara/58f55ce0-e027-4d16-abf3-cd127b2c91be.jpg,Bistorta vivipara,alpine bistort,Plantae,Polygonaceae,Bistorta,375,500
train,364,7520,2166723,2166723,train_mini/07520_Plantae_Tracheophyta_Magnoliopsida_Caryophyllales_Polygonaceae_Bistorta_vivipara/a0d6fe18-ffe3-4861-9c96-72df586b0638.jpg,Bistorta vivipara,alpine bistort,Plantae,Polygonaceae,Bistorta,375,500
train,364,7520,2264778,2264778,train_mini/07520_Plantae_Tracheophyta_Magnoliopsida_Caryophyllales_Polygonaceae_Bistorta_vivipara/b6eda0fc-c4b8-4560-b1cb-24c95928003f.jpg,Bistorta vivipara,alpine bistort,Plantae,Polygonaceae,Bistorta,375,500
train,364,7520,1969370,1969370,train_mini/07520_Plantae_Tracheophyta_Magnoliopsida_Caryophyllales_Polygonaceae_Bistorta_vivipara/f3f20251-10cf-424f-99b4-a665e57bae73.jpg,Bistorta vivipara,alpine bistort,Plantae,Polygonaceae,Bistorta,375,500
train,364,7520,2133243,2133243,train_mini/07520_Plantae_Tracheophyta_Magnoliopsida_Caryophyllales_Polygonaceae_Bistorta_vivipara/0ecb1c41-bc32-46bf-a986-1babd74c867d.jpg,Bistorta vivipara,alpine bistort,Plantae,Polygonaceae,Bistorta,333,500
train,364,7520,1904598,1904598,train_mini/07520_Plantae_Tracheophyta_Magnoliopsida_Caryophyllales_Polygonaceae_Bistorta_vivipara/10304d46-bb58-406d-a438-d1c801c253d8.jpg,Bistorta vivipara,alpine bistort,Plantae,Polygonaceae,Bistorta,375,500
train,364,7520,1359204,1359204,train_mini/07520_Plantae_Tracheophyta_Magnoliopsida_Caryophyllales_Polygonaceae_Bistorta_vivipara/4b3594ba-da53-4e64-98a5-b108ae2eed49.jpg,Bistorta vivipara,alpine bistort,Plantae,Polygonaceae,Bistorta,500,333
train,364,7520,1990597,1990597,train_mini/07520_Plantae_Tracheophyta_Magnoliopsida_Caryophyllales_Polygonaceae_Bistorta_vivipara/f98ce7b1-9050-4498-b604-b53364b05bd3.jpg,Bistorta vivipara,alpine bistort,Plantae,Polygonaceae,Bistorta,500,337
train,365,7526,1046230,1046230,train_mini/07526_Plantae_Tracheophyta_Magnoliopsida_Caryophyllales_Polygonaceae_Eriogonum_deflexum/06b35a7c-eac8-447e-a167-7104929b48cf.jpg,Eriogonum deflexum,skeleton weed,Plantae,Polygonaceae,Eriogonum,375,500
train,365,7526,595089,595089,train_mini/07526_Plantae_Tracheophyta_Magnoliopsida_Caryophyllales_Polygonaceae_Eriogonum_deflexum/c05c0540-5223-4290-8c67-e5df8fe2ff69.jpg,Eriogonum deflexum,skeleton weed,Plantae,Polygonaceae,Eriogonum,500,300
train,365,7526,1909617,1909617,train_mini/07526_Plantae_Tracheophyta_Magnoliopsida_Caryophyllales_Polygonaceae_Eriogonum_deflexum/ae167528-33d1-4ff0-810a-cf4b63726636.jpg,Eriogonum deflexum,skeleton weed,Plantae,Polygonaceae,Eriogonum,375,500
train,365,7526,2132387,2132387,train_mini/07526_Plantae_Tracheophyta_Magnoliopsida_Caryophyllales_Polygonaceae_Eriogonum_deflexum/85843bf3-fc58-4c75-abb7-838004a52cce.jpg,Eriogonum deflexum,skeleton weed,Plantae,Polygonaceae,Eriogonum,500,333
train,365,7526,1876427,1876427,train_mini/07526_Plantae_Tracheophyta_Magnoliopsida_Caryophyllales_Polygonaceae_Eriogonum_deflexum/4e2c693f-6dab-4930-b935-3e52639af980.jpg,Eriogonum deflexum,skeleton weed,Plantae,Polygonaceae,Eriogonum,500,357
train,365,7526,1691382,1691382,train_mini/07526_Plantae_Tracheophyta_Magnoliopsida_Caryophyllales_Polygonaceae_Eriogonum_deflexum/b4ee5139-0995-4285-ab1b-a61356f533ef.jpg,Eriogonum deflexum,skeleton weed,Plantae,Polygonaceae,Eriogonum,500,413
train,365,7526,2009460,2009460,train_mini/07526_Plantae_Tracheophyta_Magnoliopsida_Caryophyllales_Polygonaceae_Eriogonum_deflexum/922b6927-7b77-4bab-91c7-078b177add7b.jpg,Eriogonum deflexum,skeleton weed,Plantae,Polygonaceae,Eriogonum,500,375
train,365,7526,842942,842942,train_mini/07526_Plantae_Tracheophyta_Magnoliopsida_Caryophyllales_Polygonaceae_Eriogonum_deflexum/da828235-f270-4be6-a070-a4f2ec8e6d4f.jpg,Eriogonum deflexum,skeleton weed,Plantae,Polygonaceae,Eriogonum,500,357
train,366,7536,1944183,1944183,train_mini/07536_Plantae_Tracheophyta_Magnoliopsida_Caryophyllales_Polygonaceae_Fallopia_cilinodis/273deb88-d34a-4259-9d02-d2e4ade1f22d.jpg,Fallopia cilinodis,Fringed Bindweed,Plantae,Polygonaceae,Fallopia,500,375
train,366,7536,23432,23432,train_mini/07536_Plantae_Tracheophyta_Magnoliopsida_Caryophyllales_Polygonaceae_Fallopia_cilinodis/5eabddc7-865f-42b8-b4a8-0bf1d0a48bef.jpg,Fallopia cilinodis,Fringed Bindweed,Plantae,Polygonaceae,Fallopia,375,500
train,366,7536,2130074,2130074,train_mini/07536_Plantae_Tracheophyta_Magnoliopsida_Caryophyllales_Polygonaceae_Fallopia_cilinodis/4d465810-bb31-433e-adce-09dfa90ed7c5.jpg,Fallopia cilinodis,Fringed Bindweed,Plantae,Polygonaceae,Fallopia,375,500
train,366,7536,425998,425998,train_mini/07536_Plantae_Tracheophyta_Magnoliopsida_Caryophyllales_Polygonaceae_Fallopia_cilinodis/c71a28c6-21c2-40df-bdf1-8ffe316d2256.jpg,Fallopia cilinodis,Fringed Bindweed,Plantae,Polygonaceae,Fallopia,500,375
train,366,7536,206600,206600,train_mini/07536_Plantae_Tracheophyta_Magnoliopsida_Caryophyllales_Polygonaceae_Fallopia_cilinodis/847fd2b7-fc1e-4374-90b7-056b1b0ea4df.jpg,Fallopia cilinodis,Fringed Bindweed,Plantae,Polygonaceae,Fallopia,333,500
train,366,7536,945342,945342,train_mini/07536_Plantae_Tracheophyta_Magnoliopsida_Caryophyllales_Polygonaceae_Fallopia_cilinodis/bb6cdb26-0ac2-45ff-a15a-0ae8255977a8.jpg,Fallopia cilinodis,Fringed Bindweed,Plantae,Polygonaceae,Fallopia,281,500
train,366,7536,2396576,2396576,train_mini/07536_Plantae_Tracheophyta_Magnoliopsida_Caryophyllales_Polygonaceae_Fallopia_cilinodis/301e7d12-1d77-4777-9fe6-5810339f04b3.jpg,Fallopia cilinodis,Fringed Bindweed,Plantae,Polygonaceae,Fallopia,333,500
train,366,7536,2350321,2350321,train_mini/07536_Plantae_Tracheophyta_Magnoliopsida_Caryophyllales_Polygonaceae_Fallopia_cilinodis/830956dd-c4cb-4a7b-aaa7-7e10648546bc.jpg,Fallopia cilinodis,Fringed Bindweed,Plantae,Polygonaceae,Fallopia,375,500
train,367,7552,2167230,2167230,train_mini/07552_Plantae_Tracheophyta_Magnoliopsida_Caryophyllales_Polygonaceae_Persicaria_maculosa/2c01d7e1-a224-4738-8c39-3ff5b70c184a.jpg,Persicaria maculosa,redshank,Plantae,Polygonaceae,Persicaria,500,500
train,367,7552,1006489,1006489,train_mini/07552_Plantae_Tracheophyta_Magnoliopsida_Caryophyllales_Polygonaceae_Persicaria_maculosa/6fa0493b-cc81-466d-be37-e02c789daeae.jpg,Persicaria maculosa,redshank,Plantae,Polygonaceae,Persicaria,375,500
train,367,7552,515931,515931,train_mini/07552_Plantae_Tracheophyta_Magnoliopsida_Caryophyllales_Polygonaceae_Persicaria_maculosa/46a557d5-bf14-4b97-91f1-89b453f5454a.jpg,Persicaria maculosa,redshank,Plantae,Polygonaceae,Persicaria,210,500
train,367,7552,885157,885157,train_mini/07552_Plantae_Tracheophyta_Magnoliopsida_Caryophyllales_Polygonaceae_Persicaria_maculosa/53ddb711-1bf2-4e94-9047-1d7d1fe10315.jpg,Persicaria maculosa,redshank,Plantae,Polygonaceae,Persicaria,500,333
train,367,7552,2345319,2345319,train_mini/07552_Plantae_Tracheophyta_Magnoliopsida_Caryophyllales_Polygonaceae_Persicaria_maculosa/4eeffecd-0b5d-4568-8f4a-47cbf8a1acbe.jpg,Persicaria maculosa,redshank,Plantae,Polygonaceae,Persicaria,375,500
train,367,7552,2133468,2133468,train_mini/07552_Plantae_Tracheophyta_Magnoliopsida_Caryophyllales_Polygonaceae_Persicaria_maculosa/fe0aec31-17da-4ce8-953e-5d4e89075a0a.jpg,Persicaria maculosa,redshank,Plantae,Polygonaceae,Persicaria,375,500
train,367,7552,2239117,2239117,train_mini/07552_Plantae_Tracheophyta_Magnoliopsida_Caryophyllales_Polygonaceae_Persicaria_maculosa/9867624e-df70-408f-bf6a-d121733ceae6.jpg,Persicaria maculosa,redshank,Plantae,Polygonaceae,Persicaria,243,500
train,367,7552,2296241,2296241,train_mini/07552_Plantae_Tracheophyta_Magnoliopsida_Caryophyllales_Polygonaceae_Persicaria_maculosa/5bed3be8-a8b0-4de9-8db2-28c00db7f6d9.jpg,Persicaria maculosa,redshank,Plantae,Polygonaceae,Persicaria,500,375
train,368,7558,1108515,1108515,train_mini/07558_Plantae_Tracheophyta_Magnoliopsida_Caryophyllales_Polygonaceae_Polygonum_aviculare/283f4720-2c6b-429e-803a-43359d849d4a.jpg,Polygonum aviculare,prostrate knotweed,Plantae,Polygonaceae,Polygonum,500,375
train,368,7558,254988,254988,train_mini/07558_Plantae_Tracheophyta_Magnoliopsida_Caryophyllales_Polygonaceae_Polygonum_aviculare/d7897107-a6f3-4579-9fd9-fe43ef2add3c.jpg,Polygonum aviculare,prostrate knotweed,Plantae,Polygonaceae,Polygonum,375,500
train,368,7558,426262,426262,train_mini/07558_Plantae_Tracheophyta_Magnoliopsida_Caryophyllales_Polygonaceae_Polygonum_aviculare/9f24aeef-618c-4279-aebe-200459bb532d.jpg,Polygonum aviculare,prostrate knotweed,Plantae,Polygonaceae,Polygonum,375,500
train,368,7558,60915,60915,train_mini/07558_Plantae_Tracheophyta_Magnoliopsida_Caryophyllales_Polygonaceae_Polygonum_aviculare/f5746cb1-e0f2-4b28-a346-fa18c541a322.jpg,Polygonum aviculare,prostrate knotweed,Plantae,Polygonaceae,Polygonum,500,375
train,368,7558,2227702,2227702,train_mini/07558_Plantae_Tracheophyta_Magnoliopsida_Caryophyllales_Polygonaceae_Polygonum_aviculare/22035d98-9ac3-42b8-b680-601fe4e29404.jpg,Polygonum aviculare,prostrate knotweed,Plantae,Polygonaceae,Polygonum,281,500
train,368,7558,262696,262696,train_mini/07558_Plantae_Tracheophyta_Magnoliopsida_Caryophyllales_Polygonaceae_Polygonum_aviculare/c67cb187-b019-47f1-90e8-440aec3679c9.jpg,Polygonum aviculare,prostrate knotweed,Plantae,Polygonaceae,Polygonum,375,500
train,368,7558,1091173,1091173,train_mini/07558_Plantae_Tracheophyta_Magnoliopsida_Caryophyllales_Polygonaceae_Polygonum_aviculare/520c5f9d-fd61-4531-b513-004b7d3ca0cf.jpg,Polygonum aviculare,prostrate knotweed,Plantae,Polygonaceae,Polygonum,500,279
train,368,7558,2280924,2280924,train_mini/07558_Plantae_Tracheophyta_Magnoliopsida_Caryophyllales_Polygonaceae_Polygonum_aviculare/ddd69eaa-9534-44d9-9e41-36d2988618e9.jpg,Polygonum aviculare,prostrate knotweed,Plantae,Polygonaceae,Polygonum,375,500
train,369,7559,1103035,1103035,train_mini/07559_Plantae_Tracheophyta_Magnoliopsida_Caryophyllales_Polygonaceae_Polygonum_paronychia/91cd1786-afbc-4284-a8ea-3d6984c76457.jpg,Polygonum paronychia,beach knotweed,Plantae,Polygonaceae,Polygonum,375,500
train,369,7559,1746177,1746177,train_mini/07559_Plantae_Tracheophyta_Magnoliopsida_Caryophyllales_Polygonaceae_Polygonum_paronychia/e52166d3-f0e1-471f-aeef-3ca4d91e311f.jpg,Polygonum paronychia,beach knotweed,Plantae,Polygonaceae,Polygonum,375,500
train,369,7559,2267085,2267085,train_mini/07559_Plantae_Tracheophyta_Magnoliopsida_Caryophyllales_Polygonaceae_Polygonum_paronychia/3157db47-f12d-4f75-8147-4f327a126274.jpg,Polygonum paronychia,beach knotweed,Plantae,Polygonaceae,Polygonum,375,500
train,369,7559,38524,38524,train_mini/07559_Plantae_Tracheophyta_Magnoliopsida_Caryophyllales_Polygonaceae_Polygonum_paronychia/d00f3dda-ef76-4456-9f18-c1bdbb2602ef.jpg,Polygonum paronychia,beach knotweed,Plantae,Polygonaceae,Polygonum,375,500
train,369,7559,845896,845896,train_mini/07559_Plantae_Tracheophyta_Magnoliopsida_Caryophyllales_Polygonaceae_Polygonum_paronychia/44f609f9-48d1-4450-975f-818284c4ec74.jpg,Polygonum paronychia,beach knotweed,Plantae,Polygonaceae,Polygonum,449,500
train,369,7559,2424054,2424054,train_mini/07559_Plantae_Tracheophyta_Magnoliopsida_Caryophyllales_Polygonaceae_Polygonum_paronychia/fdb7534c-27e0-4b4b-9302-23a5f78c84a6.jpg,Polygonum paronychia,beach knotweed,Plantae,Polygonaceae,Polygonum,500,375
train,369,7559,386924,386924,train_mini/07559_Plantae_Tracheophyta_Magnoliopsida_Caryophyllales_Polygonaceae_Polygonum_paronychia/a4dbf77c-ed0e-4628-a854-8c39dd9f6138.jpg,Polygonum paronychia,beach knotweed,Plantae,Polygonaceae,Polygonum,500,329
train,369,7559,510641,510641,train_mini/07559_Plantae_Tracheophyta_Magnoliopsida_Caryophyllales_Polygonaceae_Polygonum_paronychia/054b631d-a613-4751-9f26-fc613ca5d2d3.jpg,Polygonum paronychia,beach knotweed,Plantae,Polygonaceae,Polygonum,500,333
train,370,7560,166914,166914,train_mini/07560_Plantae_Tracheophyta_Magnoliopsida_Caryophyllales_Polygonaceae_Pterostegia_drymarioides/d4cea02f-1cee-4c98-8c56-069cf1b0a940.jpg,Pterostegia drymarioides,woodland pterostegia,Plantae,Polygonaceae,Pterostegia,500,375
train,370,7560,502968,502968,train_mini/07560_Plantae_Tracheophyta_Magnoliopsida_Caryophyllales_Polygonaceae_Pterostegia_drymarioides/3ad642ce-064a-4c9b-ae36-3bd8f9dc60cf.jpg,Pterostegia drymarioides,woodland pterostegia,Plantae,Polygonaceae,Pterostegia,500,333
train,370,7560,869841,869841,train_mini/07560_Plantae_Tracheophyta_Magnoliopsida_Caryophyllales_Polygonaceae_Pterostegia_drymarioides/1c3060dd-0a07-4ced-b841-0ffdc428c4fe.jpg,Pterostegia drymarioides,woodland pterostegia,Plantae,Polygonaceae,Pterostegia,375,500
train,370,7560,1310382,1310382,train_mini/07560_Plantae_Tracheophyta_Magnoliopsida_Caryophyllales_Polygonaceae_Pterostegia_drymarioides/2b92af50-f7be-4849-a8e4-49fd83fc45ba.jpg,Pterostegia drymarioides,woodland pterostegia,Plantae,Polygonaceae,Pterostegia,375,500
train,370,7560,349617,349617,train_mini/07560_Plantae_Tracheophyta_Magnoliopsida_Caryophyllales_Polygonaceae_Pterostegia_drymarioides/74a47a4b-1623-46f0-9880-5dfcb90b7802.jpg,Pterostegia drymarioides,woodland pterostegia,Plantae,Polygonaceae,Pterostegia,500,351
train,370,7560,336866,336866,train_mini/07560_Plantae_Tracheophyta_Magnoliopsida_Caryophyllales_Polygonaceae_Pterostegia_drymarioides/3f6b0cf6-0ce6-4943-9c7c-141c0199d7af.jpg,Pterostegia drymarioides,woodland pterostegia,Plantae,Polygonaceae,Pterostegia,375,500
train,370,7560,1980153,1980153,train_mini/07560_Plantae_Tracheophyta_Magnoliopsida_Caryophyllales_Polygonaceae_Pterostegia_drymarioides/9e6931cc-74fa-4e70-8689-48015bdfc22f.jpg,Pterostegia drymarioides,woodland pterostegia,Plantae,Polygonaceae,Pterostegia,500,375
train,370,7560,378857,378857,train_mini/07560_Plantae_Tracheophyta_Magnoliopsida_Caryophyllales_Polygonaceae_Pterostegia_drymarioides/4d3250b4-d696-4310-a577-8d3d722dfda0.jpg,Pterostegia drymarioides,woodland pterostegia,Plantae,Polygonaceae,Pterostegia,500,487
train,371,7567,826604,826604,train_mini/07567_Plantae_Tracheophyta_Magnoliopsida_Caryophyllales_Polygonaceae_Rumex_hymenosepalus/e352c740-650b-460f-9cfa-d25b74eb230e.jpg,Rumex hymenosepalus,canaigre dock,Plantae,Polygonaceae,Rumex,375,500
train,371,7567,684434,684434,train_mini/07567_Plantae_Tracheophyta_Magnoliopsida_Caryophyllales_Polygonaceae_Rumex_hymenosepalus/f64bf2db-1ace-43c6-8614-55d71331e5db.jpg,Rumex hymenosepalus,canaigre dock,Plantae,Polygonaceae,Rumex,375,500
train,371,7567,1227900,1227900,train_mini/07567_Plantae_Tracheophyta_Magnoliopsida_Caryophyllales_Polygonaceae_Rumex_hymenosepalus/40e9b45e-a1f0-46ab-ae4e-7d42d5be004a.jpg,Rumex hymenosepalus,canaigre dock,Plantae,Polygonaceae,Rumex,375,500
train,371,7567,498297,498297,train_mini/07567_Plantae_Tracheophyta_Magnoliopsida_Caryophyllales_Polygonaceae_Rumex_hymenosepalus/588db3c7-2a74-4550-a2b2-84826d6e6997.jpg,Rumex hymenosepalus,canaigre dock,Plantae,Polygonaceae,Rumex,375,500
train,371,7567,371548,371548,train_mini/07567_Plantae_Tracheophyta_Magnoliopsida_Caryophyllales_Polygonaceae_Rumex_hymenosepalus/90de016c-0ff7-4d5a-a93c-51c095cc03cc.jpg,Rumex hymenosepalus,canaigre dock,Plantae,Polygonaceae,Rumex,375,500
train,371,7567,1056219,1056219,train_mini/07567_Plantae_Tracheophyta_Magnoliopsida_Caryophyllales_Polygonaceae_Rumex_hymenosepalus/ecd78916-482a-4220-9b05-3e8cecaadf8f.jpg,Rumex hymenosepalus,canaigre dock,Plantae,Polygonaceae,Rumex,500,281
train,371,7567,791352,791352,train_mini/07567_Plantae_Tracheophyta_Magnoliopsida_Caryophyllales_Polygonaceae_Rumex_hymenosepalus/6ef44900-7672-404d-bcb2-f585ade88696.jpg,Rumex hymenosepalus,canaigre dock,Plantae,Polygonaceae,Rumex,375,500
train,371,7567,355623,355623,train_mini/07567_Plantae_Tracheophyta_Magnoliopsida_Caryophyllales_Polygonaceae_Rumex_hymenosepalus/26355608-771a-4a2f-a62a-b12a44ca532d.jpg,Rumex hymenosepalus,canaigre dock,Plantae,Polygonaceae,Rumex,281,500
train,372,7576,2287737,2287737,train_mini/07576_Plantae_Tracheophyta_Magnoliopsida_Celastrales_Celastraceae_Canotia_holacantha/b46fe7d9-ee76-4a42-aeb1-2249f9078b4d.jpg,Canotia holacantha,crucifixion thorn,Plantae,Celastraceae,Canotia,375,500
train,372,7576,637885,637885,train_mini/07576_Plantae_Tracheophyta_Magnoliopsida_Celastrales_Celastraceae_Canotia_holacantha/1c8bb983-600a-42c7-a229-244940e588b7.jpg,Canotia holacantha,crucifixion thorn,Plantae,Celastraceae,Canotia,375,500
train,372,7576,1048645,1048645,train_mini/07576_Plantae_Tracheophyta_Magnoliopsida_Celastrales_Celastraceae_Canotia_holacantha/3930a66c-699d-4fac-a8aa-ce3351e5ab4b.jpg,Canotia holacantha,crucifixion thorn,Plantae,Celastraceae,Canotia,281,500
train,372,7576,691129,691129,train_mini/07576_Plantae_Tracheophyta_Magnoliopsida_Celastrales_Celastraceae_Canotia_holacantha/bcd22567-b727-4eee-b9b4-0df88c1a944e.jpg,Canotia holacantha,crucifixion thorn,Plantae,Celastraceae,Canotia,375,500
train,372,7576,1358766,1358766,train_mini/07576_Plantae_Tracheophyta_Magnoliopsida_Celastrales_Celastraceae_Canotia_holacantha/10cabd75-500d-49c8-8512-cfaf02a9425e.jpg,Canotia holacantha,crucifixion thorn,Plantae,Celastraceae,Canotia,500,375
train,372,7576,1435229,1435229,train_mini/07576_Plantae_Tracheophyta_Magnoliopsida_Celastrales_Celastraceae_Canotia_holacantha/e544857b-e19a-4c7b-8e15-8b0d488451cb.jpg,Canotia holacantha,crucifixion thorn,Plantae,Celastraceae,Canotia,375,500
train,372,7576,149462,149462,train_mini/07576_Plantae_Tracheophyta_Magnoliopsida_Celastrales_Celastraceae_Canotia_holacantha/f9940cb1-05c1-4121-98d3-dc676ac64b72.jpg,Canotia holacantha,crucifixion thorn,Plantae,Celastraceae,Canotia,500,375
train,372,7576,1324198,1324198,train_mini/07576_Plantae_Tracheophyta_Magnoliopsida_Celastrales_Celastraceae_Canotia_holacantha/65733ab2-dda4-4db9-a8cb-3ceda9b604b9.jpg,Canotia holacantha,crucifixion thorn,Plantae,Celastraceae,Canotia,375,500
train,373,7611,536912,536912,train_mini/07611_Plantae_Tracheophyta_Magnoliopsida_Cornales_Loasaceae_Cevallia_sinuata/512c0d6f-45b9-4812-8fff-2b8716d0ac05.jpg,Cevallia sinuata,Stinging Serpent,Plantae,Loasaceae,Cevallia,333,500
train,373,7611,107237,107237,train_mini/07611_Plantae_Tracheophyta_Magnoliopsida_Cornales_Loasaceae_Cevallia_sinuata/586e0c75-2cd6-4cca-82f7-ccd72e888c17.jpg,Cevallia sinuata,Stinging Serpent,Plantae,Loasaceae,Cevallia,500,281
train,373,7611,2038507,2038507,train_mini/07611_Plantae_Tracheophyta_Magnoliopsida_Cornales_Loasaceae_Cevallia_sinuata/a79c1f4b-25aa-46f6-94b4-acf3bbb16388.jpg,Cevallia sinuata,Stinging Serpent,Plantae,Loasaceae,Cevallia,500,301
train,373,7611,1762698,1762698,train_mini/07611_Plantae_Tracheophyta_Magnoliopsida_Cornales_Loasaceae_Cevallia_sinuata/0e5f2be6-c6d1-4200-8c92-1bd9df2e6503.jpg,Cevallia sinuata,Stinging Serpent,Plantae,Loasaceae,Cevallia,375,500
train,373,7611,1178309,1178309,train_mini/07611_Plantae_Tracheophyta_Magnoliopsida_Cornales_Loasaceae_Cevallia_sinuata/6a0ff13e-499c-494e-815f-c93f6b913fe9.jpg,Cevallia sinuata,Stinging Serpent,Plantae,Loasaceae,Cevallia,500,334
train,373,7611,501045,501045,train_mini/07611_Plantae_Tracheophyta_Magnoliopsida_Cornales_Loasaceae_Cevallia_sinuata/27bab6ae-5836-491d-9a4e-0bde678da2d3.jpg,Cevallia sinuata,Stinging Serpent,Plantae,Loasaceae,Cevallia,500,375
train,373,7611,2242219,2242219,train_mini/07611_Plantae_Tracheophyta_Magnoliopsida_Cornales_Loasaceae_Cevallia_sinuata/9a4a024c-b496-4e25-a263-3a3636dd39cd.jpg,Cevallia sinuata,Stinging Serpent,Plantae,Loasaceae,Cevallia,500,333
train,373,7611,1034941,1034941,train_mini/07611_Plantae_Tracheophyta_Magnoliopsida_Cornales_Loasaceae_Cevallia_sinuata/c6f8a088-6295-40ee-b2ef-607031d6128f.jpg,Cevallia sinuata,Stinging Serpent,Plantae,Loasaceae,Cevallia,375,500
train,374,7613,2256333,2256333,train_mini/07613_Plantae_Tracheophyta_Magnoliopsida_Cornales_Loasaceae_Mentzelia_hispida/493aa421-374f-4e66-b415-98cf3819f752.jpg,Mentzelia hispida,Streambank Stickleaf,Plantae,Loasaceae,Mentzelia,375,500
train,374,7613,2321280,2321280,train_mini/07613_Plantae_Tracheophyta_Magnoliopsida_Cornales_Loasaceae_Mentzelia_hispida/2dd092b0-3143-4da4-b4b9-8729b35fc72e.jpg,Mentzelia hispida,Streambank Stickleaf,Plantae,Loasaceae,Mentzelia,375,500
train,374,7613,2129024,2129024,train_mini/07613_Plantae_Tracheophyta_Magnoliopsida_Cornales_Loasaceae_Mentzelia_hispida/a843eccc-092a-4f69-9c91-a0db158d3bcf.jpg,Mentzelia hispida,Streambank Stickleaf,Plantae,Loasaceae,Mentzelia,375,500
train,374,7613,1048529,1048529,train_mini/07613_Plantae_Tracheophyta_Magnoliopsida_Cornales_Loasaceae_Mentzelia_hispida/b5226150-871c-46e5-9655-45421664e94b.jpg,Mentzelia hispida,Streambank Stickleaf,Plantae,Loasaceae,Mentzelia,281,500
train,374,7613,69048,69048,train_mini/07613_Plantae_Tracheophyta_Magnoliopsida_Cornales_Loasaceae_Mentzelia_hispida/2305ac28-5f1b-490d-afb3-7e8bc3e57fba.jpg,Mentzelia hispida,Streambank Stickleaf,Plantae,Loasaceae,Mentzelia,300,500
train,374,7613,54604,54604,train_mini/07613_Plantae_Tracheophyta_Magnoliopsida_Cornales_Loasaceae_Mentzelia_hispida/d1fdfd0e-88e1-4888-89f6-2e49c5bd29eb.jpg,Mentzelia hispida,Streambank Stickleaf,Plantae,Loasaceae,Mentzelia,500,375
train,374,7613,1612852,1612852,train_mini/07613_Plantae_Tracheophyta_Magnoliopsida_Cornales_Loasaceae_Mentzelia_hispida/ca63dfd7-f475-4fee-8f6f-a6e940ffa486.jpg,Mentzelia hispida,Streambank Stickleaf,Plantae,Loasaceae,Mentzelia,375,500
train,374,7613,261745,261745,train_mini/07613_Plantae_Tracheophyta_Magnoliopsida_Cornales_Loasaceae_Mentzelia_hispida/46389d7b-b79a-4b8b-8095-c9462bf7a576.jpg,Mentzelia hispida,Streambank Stickleaf,Plantae,Loasaceae,Mentzelia,500,413
train,375,7619,74029,74029,train_mini/07619_Plantae_Tracheophyta_Magnoliopsida_Cucurbitales_Coriariaceae_Coriaria_arborea/fdfa0669-2a69-47a8-b0b9-75dad6d287ec.jpg,Coriaria arborea,Tree Tutu,Plantae,Coriariaceae,Coriaria,375,500
train,375,7619,1465772,1465772,train_mini/07619_Plantae_Tracheophyta_Magnoliopsida_Cucurbitales_Coriariaceae_Coriaria_arborea/ef9a2da7-49f9-4d2f-966a-667be775d231.jpg,Coriaria arborea,Tree Tutu,Plantae,Coriariaceae,Coriaria,500,375
train,375,7619,637065,637065,train_mini/07619_Plantae_Tracheophyta_Magnoliopsida_Cucurbitales_Coriariaceae_Coriaria_arborea/04221010-b572-46f5-aa9a-b1f6dbab7a7d.jpg,Coriaria arborea,Tree Tutu,Plantae,Coriariaceae,Coriaria,500,332
train,375,7619,2325208,2325208,train_mini/07619_Plantae_Tracheophyta_Magnoliopsida_Cucurbitales_Coriariaceae_Coriaria_arborea/49f7bdca-6dfe-45fb-96a1-ad8ad5e421c2.jpg,Coriaria arborea,Tree Tutu,Plantae,Coriariaceae,Coriaria,500,375
train,375,7619,74979,74979,train_mini/07619_Plantae_Tracheophyta_Magnoliopsida_Cucurbitales_Coriariaceae_Coriaria_arborea/4eba39a4-6f21-4c03-ab45-12b0d805246f.jpg,Coriaria arborea,Tree Tutu,Plantae,Coriariaceae,Coriaria,149,500
train,375,7619,61940,61940,train_mini/07619_Plantae_Tracheophyta_Magnoliopsida_Cucurbitales_Coriariaceae_Coriaria_arborea/92bd1f8a-2bcd-4556-9579-8e9ea24cd19f.jpg,Coriaria arborea,Tree Tutu,Plantae,Coriariaceae,Coriaria,373,500
train,375,7619,255910,255910,train_mini/07619_Plantae_Tracheophyta_Magnoliopsida_Cucurbitales_Coriariaceae_Coriaria_arborea/6e167e5f-3578-4fc2-8b3c-27b6f6520586.jpg,Coriaria arborea,Tree Tutu,Plantae,Coriariaceae,Coriaria,500,375
train,375,7619,440055,440055,train_mini/07619_Plantae_Tracheophyta_Magnoliopsida_Cucurbitales_Coriariaceae_Coriaria_arborea/868097ab-0bfb-47d4-8b51-059ddadbd129.jpg,Coriaria arborea,Tree Tutu,Plantae,Coriariaceae,Coriaria,375,500
train,376,7625,2582538,2582538,train_mini/07625_Plantae_Tracheophyta_Magnoliopsida_Cucurbitales_Cucurbitaceae_Ecballium_elaterium/e457aa83-414c-43e8-9da7-2f18d50ea711.jpg,Ecballium elaterium,squirting cucumber,Plantae,Cucurbitaceae,Ecballium,500,375
train,376,7625,1157240,1157240,train_mini/07625_Plantae_Tracheophyta_Magnoliopsida_Cucurbitales_Cucurbitaceae_Ecballium_elaterium/a29f389e-f3e5-4031-9893-c94023180050.jpg,Ecballium elaterium,squirting cucumber,Plantae,Cucurbitaceae,Ecballium,281,500
train,376,7625,1114700,1114700,train_mini/07625_Plantae_Tracheophyta_Magnoliopsida_Cucurbitales_Cucurbitaceae_Ecballium_elaterium/9f9bca75-6857-4c97-bf01-cada46946d2a.jpg,Ecballium elaterium,squirting cucumber,Plantae,Cucurbitaceae,Ecballium,500,376
train,376,7625,927610,927610,train_mini/07625_Plantae_Tracheophyta_Magnoliopsida_Cucurbitales_Cucurbitaceae_Ecballium_elaterium/6f3f7afa-22d2-4a90-8391-bc82bb10c104.jpg,Ecballium elaterium,squirting cucumber,Plantae,Cucurbitaceae,Ecballium,375,500
train,376,7625,208279,208279,train_mini/07625_Plantae_Tracheophyta_Magnoliopsida_Cucurbitales_Cucurbitaceae_Ecballium_elaterium/5fdf664a-1fd5-4e08-bd10-c34093c9bdcc.jpg,Ecballium elaterium,squirting cucumber,Plantae,Cucurbitaceae,Ecballium,500,281
train,376,7625,222325,222325,train_mini/07625_Plantae_Tracheophyta_Magnoliopsida_Cucurbitales_Cucurbitaceae_Ecballium_elaterium/bcbe0e53-deb6-42e4-8610-159c95f44253.jpg,Ecballium elaterium,squirting cucumber,Plantae,Cucurbitaceae,Ecballium,500,375
train,376,7625,230591,230591,train_mini/07625_Plantae_Tracheophyta_Magnoliopsida_Cucurbitales_Cucurbitaceae_Ecballium_elaterium/44a9b307-eeac-4522-96fb-3359187fdc93.jpg,Ecballium elaterium,squirting cucumber,Plantae,Cucurbitaceae,Ecballium,281,500
train,376,7625,1399026,1399026,train_mini/07625_Plantae_Tracheophyta_Magnoliopsida_Cucurbitales_Cucurbitaceae_Ecballium_elaterium/ffa91573-3c72-4b68-b59c-22d1d886d49c.jpg,Ecballium elaterium,squirting cucumber,Plantae,Cucurbitaceae,Ecballium,375,500
train,377,7663,1931313,1931313,train_mini/07663_Plantae_Tracheophyta_Magnoliopsida_Dipsacales_Caprifoliaceae_Symphoricarpos_occidentalis/6d7657b6-c4ee-4e28-853c-f33826326fc9.jpg,Symphoricarpos occidentalis,Western Snowberry,Plantae,Caprifoliaceae,Symphoricarpos,375,500
train,377,7663,1971195,1971195,train_mini/07663_Plantae_Tracheophyta_Magnoliopsida_Dipsacales_Caprifoliaceae_Symphoricarpos_occidentalis/1582bc04-5d5c-4985-855c-6c5a4c0d1691.jpg,Symphoricarpos occidentalis,Western Snowberry,Plantae,Caprifoliaceae,Symphoricarpos,500,375
train,377,7663,1598385,1598385,train_mini/07663_Plantae_Tracheophyta_Magnoliopsida_Dipsacales_Caprifoliaceae_Symphoricarpos_occidentalis/815081ae-20b2-4799-a277-ecfb2e1c2f3a.jpg,Symphoricarpos occidentalis,Western Snowberry,Plantae,Caprifoliaceae,Symphoricarpos,375,500
train,377,7663,262604,262604,train_mini/07663_Plantae_Tracheophyta_Magnoliopsida_Dipsacales_Caprifoliaceae_Symphoricarpos_occidentalis/e2a048bb-2336-4556-951b-dedc393b8713.jpg,Symphoricarpos occidentalis,Western Snowberry,Plantae,Caprifoliaceae,Symphoricarpos,500,375
train,377,7663,1877250,1877250,train_mini/07663_Plantae_Tracheophyta_Magnoliopsida_Dipsacales_Caprifoliaceae_Symphoricarpos_occidentalis/a24a1556-320f-4ad8-b173-9e72382cfccc.jpg,Symphoricarpos occidentalis,Western Snowberry,Plantae,Caprifoliaceae,Symphoricarpos,375,500
train,377,7663,2410863,2410863,train_mini/07663_Plantae_Tracheophyta_Magnoliopsida_Dipsacales_Caprifoliaceae_Symphoricarpos_occidentalis/82fff608-e6d2-4aed-a911-c76b40444089.jpg,Symphoricarpos occidentalis,Western Snowberry,Plantae,Caprifoliaceae,Symphoricarpos,375,500
train,377,7663,2026896,2026896,train_mini/07663_Plantae_Tracheophyta_Magnoliopsida_Dipsacales_Caprifoliaceae_Symphoricarpos_occidentalis/136729d6-a09c-4af6-8cd8-49ad692425e4.jpg,Symphoricarpos occidentalis,Western Snowberry,Plantae,Caprifoliaceae,Symphoricarpos,375,500
train,377,7663,2578936,2578936,train_mini/07663_Plantae_Tracheophyta_Magnoliopsida_Dipsacales_Caprifoliaceae_Symphoricarpos_occidentalis/ed0e8953-a03d-46ec-a0fd-04e5dac35fdc.jpg,Symphoricarpos occidentalis,Western Snowberry,Plantae,Caprifoliaceae,Symphoricarpos,343,500
train,378,7678,314922,314922,train_mini/07678_Plantae_Tracheophyta_Magnoliopsida_Dipsacales_Viburnaceae_Viburnum_acerifolium/fd1aae99-f024-46a1-8f58-67704f86f79d.jpg,Viburnum acerifolium,mapleleaf viburnum,Plantae,Viburnaceae,Viburnum,399,500
train,378,7678,888913,888913,train_mini/07678_Plantae_Tracheophyta_Magnoliopsida_Dipsacales_Viburnaceae_Viburnum_acerifolium/0fb2c56b-c303-4900-9225-0ef627654544.jpg,Viburnum acerifolium,mapleleaf viburnum,Plantae,Viburnaceae,Viburnum,375,500
train,378,7678,1813834,1813834,train_mini/07678_Plantae_Tracheophyta_Magnoliopsida_Dipsacales_Viburnaceae_Viburnum_acerifolium/df3c0feb-5f9c-4238-ba70-e77d3300db66.jpg,Viburnum acerifolium,mapleleaf viburnum,Plantae,Viburnaceae,Viburnum,375,500
train,378,7678,1062178,1062178,train_mini/07678_Plantae_Tracheophyta_Magnoliopsida_Dipsacales_Viburnaceae_Viburnum_acerifolium/7a09915c-1a44-4a9d-b37a-8cc0bcf8e788.jpg,Viburnum acerifolium,mapleleaf viburnum,Plantae,Viburnaceae,Viburnum,375,500
train,378,7678,887305,887305,train_mini/07678_Plantae_Tracheophyta_Magnoliopsida_Dipsacales_Viburnaceae_Viburnum_acerifolium/31711d70-a584-4c71-8396-eebdb205f32a.jpg,Viburnum acerifolium,mapleleaf viburnum,Plantae,Viburnaceae,Viburnum,281,500
train,378,7678,432207,432207,train_mini/07678_Plantae_Tracheophyta_Magnoliopsida_Dipsacales_Viburnaceae_Viburnum_acerifolium/abd6bad0-d599-491b-9cc8-118915d847fa.jpg,Viburnum acerifolium,mapleleaf viburnum,Plantae,Viburnaceae,Viburnum,375,500
train,378,7678,564262,564262,train_mini/07678_Plantae_Tracheophyta_Magnoliopsida_Dipsacales_Viburnaceae_Viburnum_acerifolium/be3b8c6b-c4aa-4b5b-8753-1773d8ee6373.jpg,Viburnum acerifolium,mapleleaf viburnum,Plantae,Viburnaceae,Viburnum,281,500
train,378,7678,1933655,1933655,train_mini/07678_Plantae_Tracheophyta_Magnoliopsida_Dipsacales_Viburnaceae_Viburnum_acerifolium/3e26102a-85e8-435c-9155-e7d9d0d5134b.jpg,Viburnum acerifolium,mapleleaf viburnum,Plantae,Viburnaceae,Viburnum,500,375
train,379,7707,1275974,1275974,train_mini/07707_Plantae_Tracheophyta_Magnoliopsida_Ericales_Ericaceae_Arbutus_unedo/d9d0204e-bca0-47db-af16-4502b699cc16.jpg,Arbutus unedo,strawberry tree,Plantae,Ericaceae,Arbutus,500,375
train,379,7707,1434710,1434710,train_mini/07707_Plantae_Tracheophyta_Magnoliopsida_Ericales_Ericaceae_Arbutus_unedo/ffa76492-0dc0-4b66-928a-c32e6daad87d.jpg,Arbutus unedo,strawberry tree,Plantae,Ericaceae,Arbutus,500,333
train,379,7707,1406297,1406297,train_mini/07707_Plantae_Tracheophyta_Magnoliopsida_Ericales_Ericaceae_Arbutus_unedo/43048c92-f875-4aa3-b0f6-92c5cf7be41b.jpg,Arbutus unedo,strawberry tree,Plantae,Ericaceae,Arbutus,500,375
train,379,7707,1236860,1236860,train_mini/07707_Plantae_Tracheophyta_Magnoliopsida_Ericales_Ericaceae_Arbutus_unedo/f5d966ba-a4c1-4327-b949-f68637163c6c.jpg,Arbutus unedo,strawberry tree,Plantae,Ericaceae,Arbutus,281,500
train,379,7707,1642524,1642524,train_mini/07707_Plantae_Tracheophyta_Magnoliopsida_Ericales_Ericaceae_Arbutus_unedo/df632c55-ace7-4554-a92a-835baf147140.jpg,Arbutus unedo,strawberry tree,Plantae,Ericaceae,Arbutus,500,281
train,379,7707,1491623,1491623,train_mini/07707_Plantae_Tracheophyta_Magnoliopsida_Ericales_Ericaceae_Arbutus_unedo/08d5e168-01bb-4766-bed1-4bcfacb55bfa.jpg,Arbutus unedo,strawberry tree,Plantae,Ericaceae,Arbutus,375,500
train,379,7707,2627063,2627063,train_mini/07707_Plantae_Tracheophyta_Magnoliopsida_Ericales_Ericaceae_Arbutus_unedo/41a681a1-5008-4ffc-b644-37caf9e14de6.jpg,Arbutus unedo,strawberry tree,Plantae,Ericaceae,Arbutus,375,500
train,379,7707,152294,152294,train_mini/07707_Plantae_Tracheophyta_Magnoliopsida_Ericales_Ericaceae_Arbutus_unedo/b6b63bf4-10f4-4218-a138-cbd8f15fda94.jpg,Arbutus unedo,strawberry tree,Plantae,Ericaceae,Arbutus,500,375
train,380,7709,1797660,1797660,train_mini/07709_Plantae_Tracheophyta_Magnoliopsida_Ericales_Ericaceae_Arctostaphylos_glauca/0aa3f570-c486-4ea1-a032-115f4d8fa9d3.jpg,Arctostaphylos glauca,Big Berry Manzanita,Plantae,Ericaceae,Arctostaphylos,375,500
train,380,7709,624384,624384,train_mini/07709_Plantae_Tracheophyta_Magnoliopsida_Ericales_Ericaceae_Arctostaphylos_glauca/99711c1b-701b-4d33-933a-00c79b214074.jpg,Arctostaphylos glauca,Big Berry Manzanita,Plantae,Ericaceae,Arctostaphylos,500,375
train,380,7709,734641,734641,train_mini/07709_Plantae_Tracheophyta_Magnoliopsida_Ericales_Ericaceae_Arctostaphylos_glauca/5470e000-80d1-41a8-a0ea-0f92504ef62e.jpg,Arctostaphylos glauca,Big Berry Manzanita,Plantae,Ericaceae,Arctostaphylos,500,375
train,380,7709,1726061,1726061,train_mini/07709_Plantae_Tracheophyta_Magnoliopsida_Ericales_Ericaceae_Arctostaphylos_glauca/cd4f5b42-229e-4e58-a7a5-786f080cf3cc.jpg,Arctostaphylos glauca,Big Berry Manzanita,Plantae,Ericaceae,Arctostaphylos,375,500
train,380,7709,603095,603095,train_mini/07709_Plantae_Tracheophyta_Magnoliopsida_Ericales_Ericaceae_Arctostaphylos_glauca/b279d59b-660d-4e43-a483-2ddd432b6885.jpg,Arctostaphylos glauca,Big Berry Manzanita,Plantae,Ericaceae,Arctostaphylos,500,375
train,380,7709,785091,785091,train_mini/07709_Plantae_Tracheophyta_Magnoliopsida_Ericales_Ericaceae_Arctostaphylos_glauca/72d89562-12f2-4abf-80aa-a4aa43ef009f.jpg,Arctostaphylos glauca,Big Berry Manzanita,Plantae,Ericaceae,Arctostaphylos,375,500
train,380,7709,1395414,1395414,train_mini/07709_Plantae_Tracheophyta_Magnoliopsida_Ericales_Ericaceae_Arctostaphylos_glauca/a38f7363-a0a5-4e09-a199-c4136c28a930.jpg,Arctostaphylos glauca,Big Berry Manzanita,Plantae,Ericaceae,Arctostaphylos,375,500
train,380,7709,2463012,2463012,train_mini/07709_Plantae_Tracheophyta_Magnoliopsida_Ericales_Ericaceae_Arctostaphylos_glauca/ab3cbaa9-4b4b-4246-84d0-8a0a1d7a646d.jpg,Arctostaphylos glauca,Big Berry Manzanita,Plantae,Ericaceae,Arctostaphylos,500,375
train,381,7715,2485994,2485994,train_mini/07715_Plantae_Tracheophyta_Magnoliopsida_Ericales_Ericaceae_Calluna_vulgaris/e9370803-9efd-4b88-b5e1-9d082e45482f.jpg,Calluna vulgaris,common heather,Plantae,Ericaceae,Calluna,500,333
train,381,7715,730791,730791,train_mini/07715_Plantae_Tracheophyta_Magnoliopsida_Ericales_Ericaceae_Calluna_vulgaris/5c9decf7-557e-46a9-9b56-311ecc180f7e.jpg,Calluna vulgaris,common heather,Plantae,Ericaceae,Calluna,500,375
train,381,7715,2173231,2173231,train_mini/07715_Plantae_Tracheophyta_Magnoliopsida_Ericales_Ericaceae_Calluna_vulgaris/97a45968-016e-4949-8a8d-091458b930e2.jpg,Calluna vulgaris,common heather,Plantae,Ericaceae,Calluna,375,500
train,381,7715,1138359,1138359,train_mini/07715_Plantae_Tracheophyta_Magnoliopsida_Ericales_Ericaceae_Calluna_vulgaris/1d2058d0-6e9f-4c8a-adb7-bca947509466.jpg,Calluna vulgaris,common heather,Plantae,Ericaceae,Calluna,375,500
train,381,7715,2478158,2478158,train_mini/07715_Plantae_Tracheophyta_Magnoliopsida_Ericales_Ericaceae_Calluna_vulgaris/a7435b24-4cb9-4247-9a27-97ab1f33b1f2.jpg,Calluna vulgaris,common heather,Plantae,Ericaceae,Calluna,375,500
train,381,7715,2202645,2202645,train_mini/07715_Plantae_Tracheophyta_Magnoliopsida_Ericales_Ericaceae_Calluna_vulgaris/feb4d038-ebbd-4050-86f0-5363136c1461.jpg,Calluna vulgaris,common heather,Plantae,Ericaceae,Calluna,500,375
train,381,7715,2221202,2221202,train_mini/07715_Plantae_Tracheophyta_Magnoliopsida_Ericales_Ericaceae_Calluna_vulgaris/85bba87c-f57a-4362-b20c-ed1e9d609b36.jpg,Calluna vulgaris,common heather,Plantae,Ericaceae,Calluna,500,334
train,381,7715,2217358,2217358,train_mini/07715_Plantae_Tracheophyta_Magnoliopsida_Ericales_Ericaceae_Calluna_vulgaris/2ce8c0e1-89ad-4af4-bd16-6d67a74db9d8.jpg,Calluna vulgaris,common heather,Plantae,Ericaceae,Calluna,375,500
train,382,7718,1126578,1126578,train_mini/07718_Plantae_Tracheophyta_Magnoliopsida_Ericales_Ericaceae_Ceratiola_ericoides/0e2ae631-6f96-408c-88d3-303da1c0329d.jpg,Ceratiola ericoides,sand heath,Plantae,Ericaceae,Ceratiola,500,421
train,382,7718,282868,282868,train_mini/07718_Plantae_Tracheophyta_Magnoliopsida_Ericales_Ericaceae_Ceratiola_ericoides/13306264-c4be-4d22-85d3-4da7aaf4b52c.jpg,Ceratiola ericoides,sand heath,Plantae,Ericaceae,Ceratiola,500,331
train,382,7718,1281810,1281810,train_mini/07718_Plantae_Tracheophyta_Magnoliopsida_Ericales_Ericaceae_Ceratiola_ericoides/2da55f08-b9ab-410a-88e9-0ed9d9d924bb.jpg,Ceratiola ericoides,sand heath,Plantae,Ericaceae,Ceratiola,375,500
train,382,7718,1488693,1488693,train_mini/07718_Plantae_Tracheophyta_Magnoliopsida_Ericales_Ericaceae_Ceratiola_ericoides/6161a589-7211-44cd-90a8-aef9c0e7364a.jpg,Ceratiola ericoides,sand heath,Plantae,Ericaceae,Ceratiola,333,500
train,382,7718,1782396,1782396,train_mini/07718_Plantae_Tracheophyta_Magnoliopsida_Ericales_Ericaceae_Ceratiola_ericoides/c8d8dd39-fa47-4384-bc83-e73933d861c8.jpg,Ceratiola ericoides,sand heath,Plantae,Ericaceae,Ceratiola,281,500
train,382,7718,1224984,1224984,train_mini/07718_Plantae_Tracheophyta_Magnoliopsida_Ericales_Ericaceae_Ceratiola_ericoides/ab148184-cbf8-4511-a6aa-548ab2118e5f.jpg,Ceratiola ericoides,sand heath,Plantae,Ericaceae,Ceratiola,500,333
train,382,7718,1413791,1413791,train_mini/07718_Plantae_Tracheophyta_Magnoliopsida_Ericales_Ericaceae_Ceratiola_ericoides/3e67df56-cf96-4abf-9140-989f9fb96723.jpg,Ceratiola ericoides,sand heath,Plantae,Ericaceae,Ceratiola,375,500
train,382,7718,292740,292740,train_mini/07718_Plantae_Tracheophyta_Magnoliopsida_Ericales_Ericaceae_Ceratiola_ericoides/e44cc5bf-1e57-4f30-a68b-a4b0ca5c67fd.jpg,Ceratiola ericoides,sand heath,Plantae,Ericaceae,Ceratiola,375,500
train,383,7723,1342241,1342241,train_mini/07723_Plantae_Tracheophyta_Magnoliopsida_Ericales_Ericaceae_Dracophyllum_longifolium/378ec8a3-63d8-4cd0-b03c-72253c60ea8d.jpg,Dracophyllum longifolium,Inaka,Plantae,Ericaceae,Dracophyllum,333,500
train,383,7723,328943,328943,train_mini/07723_Plantae_Tracheophyta_Magnoliopsida_Ericales_Ericaceae_Dracophyllum_longifolium/aa5a6853-c1cc-4baf-993e-3293b26c325d.jpg,Dracophyllum longifolium,Inaka,Plantae,Ericaceae,Dracophyllum,437,500
train,383,7723,403925,403925,train_mini/07723_Plantae_Tracheophyta_Magnoliopsida_Ericales_Ericaceae_Dracophyllum_longifolium/f800e75c-e4b9-4613-b3d8-ba174445b174.jpg,Dracophyllum longifolium,Inaka,Plantae,Ericaceae,Dracophyllum,500,375
train,383,7723,163454,163454,train_mini/07723_Plantae_Tracheophyta_Magnoliopsida_Ericales_Ericaceae_Dracophyllum_longifolium/3160a743-b192-4ef5-9a84-b90d60c3f74f.jpg,Dracophyllum longifolium,Inaka,Plantae,Ericaceae,Dracophyllum,334,500
train,383,7723,1417006,1417006,train_mini/07723_Plantae_Tracheophyta_Magnoliopsida_Ericales_Ericaceae_Dracophyllum_longifolium/ce416707-f2fe-4e78-92b6-27e81cf16e0d.jpg,Dracophyllum longifolium,Inaka,Plantae,Ericaceae,Dracophyllum,375,500
train,383,7723,2258390,2258390,train_mini/07723_Plantae_Tracheophyta_Magnoliopsida_Ericales_Ericaceae_Dracophyllum_longifolium/d4edb1c2-f435-4834-afa1-e78d5b7343f1.jpg,Dracophyllum longifolium,Inaka,Plantae,Ericaceae,Dracophyllum,500,333
train,383,7723,320897,320897,train_mini/07723_Plantae_Tracheophyta_Magnoliopsida_Ericales_Ericaceae_Dracophyllum_longifolium/41073df1-3730-4517-b56b-8dd7895a871c.jpg,Dracophyllum longifolium,Inaka,Plantae,Ericaceae,Dracophyllum,375,500
train,383,7723,61361,61361,train_mini/07723_Plantae_Tracheophyta_Magnoliopsida_Ericales_Ericaceae_Dracophyllum_longifolium/bf69e7e3-edc6-4350-a7b3-a0725b0d68c8.jpg,Dracophyllum longifolium,Inaka,Plantae,Ericaceae,Dracophyllum,500,375
train,384,7732,1313522,1313522,train_mini/07732_Plantae_Tracheophyta_Magnoliopsida_Ericales_Ericaceae_Erica_coccinea/acbfbf40-ae29-47ad-961d-163e410a5384.jpg,Erica coccinea,Red Heath,Plantae,Ericaceae,Erica,375,500
train,384,7732,1280057,1280057,train_mini/07732_Plantae_Tracheophyta_Magnoliopsida_Ericales_Ericaceae_Erica_coccinea/0c779e12-67d9-421a-80bc-3506c77185cb.jpg,Erica coccinea,Red Heath,Plantae,Ericaceae,Erica,500,375
train,384,7732,1516265,1516265,train_mini/07732_Plantae_Tracheophyta_Magnoliopsida_Ericales_Ericaceae_Erica_coccinea/007cb86e-718e-4460-835a-75fee39a0cef.jpg,Erica coccinea,Red Heath,Plantae,Ericaceae,Erica,500,500
train,384,7732,778372,778372,train_mini/07732_Plantae_Tracheophyta_Magnoliopsida_Ericales_Ericaceae_Erica_coccinea/6d3154ab-1abb-4306-b66c-540f9e0fe989.jpg,Erica coccinea,Red Heath,Plantae,Ericaceae,Erica,500,375
train,384,7732,910440,910440,train_mini/07732_Plantae_Tracheophyta_Magnoliopsida_Ericales_Ericaceae_Erica_coccinea/45b876c0-7b87-498b-9d37-8ebf37dec73b.jpg,Erica coccinea,Red Heath,Plantae,Ericaceae,Erica,500,281
train,384,7732,2644147,2644147,train_mini/07732_Plantae_Tracheophyta_Magnoliopsida_Ericales_Ericaceae_Erica_coccinea/042ebec6-d6d8-4f42-b10c-65eb7e6d9905.jpg,Erica coccinea,Red Heath,Plantae,Ericaceae,Erica,500,453
train,384,7732,774684,774684,train_mini/07732_Plantae_Tracheophyta_Magnoliopsida_Ericales_Ericaceae_Erica_coccinea/f4b4578d-624e-433a-b9a3-41b2014bcedb.jpg,Erica coccinea,Red Heath,Plantae,Ericaceae,Erica,336,500
train,384,7732,1588332,1588332,train_mini/07732_Plantae_Tracheophyta_Magnoliopsida_Ericales_Ericaceae_Erica_coccinea/3cade2bf-9572-4754-971e-8af2c98faab6.jpg,Erica coccinea,Red Heath,Plantae,Ericaceae,Erica,375,500
train,385,7740,1390132,1390132,train_mini/07740_Plantae_Tracheophyta_Magnoliopsida_Ericales_Ericaceae_Gaultheria_antipoda/06eb9aa4-a68e-42e4-8020-51376b858d5c.jpg,Gaultheria antipoda,Gaultheria antipoda,Plantae,Ericaceae,Gaultheria,500,375
train,385,7740,411644,411644,train_mini/07740_Plantae_Tracheophyta_Magnoliopsida_Ericales_Ericaceae_Gaultheria_antipoda/649824c0-621b-42e4-ace6-8ccabbbc4005.jpg,Gaultheria antipoda,Gaultheria antipoda,Plantae,Ericaceae,Gaultheria,500,375
train,385,7740,288918,288918,train_mini/07740_Plantae_Tracheophyta_Magnoliopsida_Ericales_Ericaceae_Gaultheria_antipoda/f0749835-53dd-4cdc-8d21-f6628f93ae5f.jpg,Gaultheria antipoda,Gaultheria antipoda,Plantae,Ericaceae,Gaultheria,375,500
train,385,7740,60828,60828,train_mini/07740_Plantae_Tracheophyta_Magnoliopsida_Ericales_Ericaceae_Gaultheria_antipoda/d7be6d3e-6961-4151-a07c-ffdab85e1fc0.jpg,Gaultheria antipoda,Gaultheria antipoda,Plantae,Ericaceae,Gaultheria,500,333
train,385,7740,2591930,2591930,train_mini/07740_Plantae_Tracheophyta_Magnoliopsida_Ericales_Ericaceae_Gaultheria_antipoda/90fa7fc7-6e71-417c-a5d6-1e75ab36caae.jpg,Gaultheria antipoda,Gaultheria antipoda,Plantae,Ericaceae,Gaultheria,500,375
train,385,7740,1329054,1329054,train_mini/07740_Plantae_Tracheophyta_Magnoliopsida_Ericales_Ericaceae_Gaultheria_antipoda/38d07816-ff2f-4662-a418-625aab63858c.jpg,Gaultheria antipoda,Gaultheria antipoda,Plantae,Ericaceae,Gaultheria,375,500
train,385,7740,697907,697907,train_mini/07740_Plantae_Tracheophyta_Magnoliopsida_Ericales_Ericaceae_Gaultheria_antipoda/7c4d8384-649c-4a4b-8e5b-29b9f139f0b4.jpg,Gaultheria antipoda,Gaultheria antipoda,Plantae,Ericaceae,Gaultheria,500,281
train,385,7740,1437543,1437543,train_mini/07740_Plantae_Tracheophyta_Magnoliopsida_Ericales_Ericaceae_Gaultheria_antipoda/0c67d547-1ffd-4153-822c-8d9ba3cb9aea.jpg,Gaultheria antipoda,Gaultheria antipoda,Plantae,Ericaceae,Gaultheria,500,375
train,386,7750,951097,951097,train_mini/07750_Plantae_Tracheophyta_Magnoliopsida_Ericales_Ericaceae_Kalmia_procumbens/a1996e41-f51d-441f-8b37-fca933af430f.jpg,Kalmia procumbens,alpine azalea,Plantae,Ericaceae,Kalmia,375,500
train,386,7750,2479844,2479844,train_mini/07750_Plantae_Tracheophyta_Magnoliopsida_Ericales_Ericaceae_Kalmia_procumbens/1c00ffb4-cc52-4da8-8462-bde51e644361.jpg,Kalmia procumbens,alpine azalea,Plantae,Ericaceae,Kalmia,500,375
train,386,7750,1456520,1456520,train_mini/07750_Plantae_Tracheophyta_Magnoliopsida_Ericales_Ericaceae_Kalmia_procumbens/6ab1f425-ef42-4c69-b293-33f2c7554477.jpg,Kalmia procumbens,alpine azalea,Plantae,Ericaceae,Kalmia,500,500
train,386,7750,2599925,2599925,train_mini/07750_Plantae_Tracheophyta_Magnoliopsida_Ericales_Ericaceae_Kalmia_procumbens/6ae48505-9dbb-41c5-b48d-62ff2ac295b2.jpg,Kalmia procumbens,alpine azalea,Plantae,Ericaceae,Kalmia,375,500
train,386,7750,925564,925564,train_mini/07750_Plantae_Tracheophyta_Magnoliopsida_Ericales_Ericaceae_Kalmia_procumbens/a3678d22-c917-4086-a7ba-dd4e1b925b8b.jpg,Kalmia procumbens,alpine azalea,Plantae,Ericaceae,Kalmia,375,500
train,386,7750,598987,598987,train_mini/07750_Plantae_Tracheophyta_Magnoliopsida_Ericales_Ericaceae_Kalmia_procumbens/3993dc52-04d9-489b-9eeb-244093d1c71b.jpg,Kalmia procumbens,alpine azalea,Plantae,Ericaceae,Kalmia,500,331
train,386,7750,2436802,2436802,train_mini/07750_Plantae_Tracheophyta_Magnoliopsida_Ericales_Ericaceae_Kalmia_procumbens/ef9d9cf5-71b7-4d0b-871d-ce6c91445225.jpg,Kalmia procumbens,alpine azalea,Plantae,Ericaceae,Kalmia,500,333
train,386,7750,1885401,1885401,train_mini/07750_Plantae_Tracheophyta_Magnoliopsida_Ericales_Ericaceae_Kalmia_procumbens/c5756913-1330-4b13-ae2c-b9afdc1178e9.jpg,Kalmia procumbens,alpine azalea,Plantae,Ericaceae,Kalmia,500,281
train,387,7751,1343471,1343471,train_mini/07751_Plantae_Tracheophyta_Magnoliopsida_Ericales_Ericaceae_Leptecophylla_juniperina/12607d47-9bb0-4163-aaf9-638047290537.jpg,Leptecophylla juniperina,Prickly mingimingi,Plantae,Ericaceae,Leptecophylla,281,500
train,387,7751,63484,63484,train_mini/07751_Plantae_Tracheophyta_Magnoliopsida_Ericales_Ericaceae_Leptecophylla_juniperina/6216fe7c-e74a-4910-826e-37aba968c19a.jpg,Leptecophylla juniperina,Prickly mingimingi,Plantae,Ericaceae,Leptecophylla,500,333
train,387,7751,79424,79424,train_mini/07751_Plantae_Tracheophyta_Magnoliopsida_Ericales_Ericaceae_Leptecophylla_juniperina/d2984d04-66e8-4211-b5c5-ccaba64c1056.jpg,Leptecophylla juniperina,Prickly mingimingi,Plantae,Ericaceae,Leptecophylla,500,363
train,387,7751,2439807,2439807,train_mini/07751_Plantae_Tracheophyta_Magnoliopsida_Ericales_Ericaceae_Leptecophylla_juniperina/bcb94979-bdbf-4cff-bb11-783890481805.jpg,Leptecophylla juniperina,Prickly mingimingi,Plantae,Ericaceae,Leptecophylla,500,333
train,387,7751,742479,742479,train_mini/07751_Plantae_Tracheophyta_Magnoliopsida_Ericales_Ericaceae_Leptecophylla_juniperina/64ff9aeb-d8a3-4fce-a8e2-e355bce3f9a8.jpg,Leptecophylla juniperina,Prickly mingimingi,Plantae,Ericaceae,Leptecophylla,500,333
train,387,7751,122928,122928,train_mini/07751_Plantae_Tracheophyta_Magnoliopsida_Ericales_Ericaceae_Leptecophylla_juniperina/d3678ae9-56e5-4897-90fb-9d7282066381.jpg,Leptecophylla juniperina,Prickly mingimingi,Plantae,Ericaceae,Leptecophylla,500,375
train,387,7751,496189,496189,train_mini/07751_Plantae_Tracheophyta_Magnoliopsida_Ericales_Ericaceae_Leptecophylla_juniperina/c02e4c3b-3b8b-4ccd-829f-e31f2f3f6302.jpg,Leptecophylla juniperina,Prickly mingimingi,Plantae,Ericaceae,Leptecophylla,500,375
train,387,7751,2307313,2307313,train_mini/07751_Plantae_Tracheophyta_Magnoliopsida_Ericales_Ericaceae_Leptecophylla_juniperina/30bf7485-cde1-4e98-8f26-427bf71aef4b.jpg,Leptecophylla juniperina,Prickly mingimingi,Plantae,Ericaceae,Leptecophylla,500,375
train,388,7792,2321723,2321723,train_mini/07792_Plantae_Tracheophyta_Magnoliopsida_Ericales_Ericaceae_Vaccinium_membranaceum/624313a8-eea9-4251-a421-34db50dca5af.jpg,Vaccinium membranaceum,black huckleberry,Plantae,Ericaceae,Vaccinium,375,500
train,388,7792,228390,228390,train_mini/07792_Plantae_Tracheophyta_Magnoliopsida_Ericales_Ericaceae_Vaccinium_membranaceum/9efd6c88-5c19-4b9e-9bcc-6bfc9715b1cb.jpg,Vaccinium membranaceum,black huckleberry,Plantae,Ericaceae,Vaccinium,500,333
train,388,7792,1010537,1010537,train_mini/07792_Plantae_Tracheophyta_Magnoliopsida_Ericales_Ericaceae_Vaccinium_membranaceum/c004f89d-4fef-407c-94fb-827ad0547bd2.jpg,Vaccinium membranaceum,black huckleberry,Plantae,Ericaceae,Vaccinium,500,375
train,388,7792,2571756,2571756,train_mini/07792_Plantae_Tracheophyta_Magnoliopsida_Ericales_Ericaceae_Vaccinium_membranaceum/687a5040-bd04-4ba2-b4bb-b1b3c2880025.jpg,Vaccinium membranaceum,black huckleberry,Plantae,Ericaceae,Vaccinium,500,375
train,388,7792,2423722,2423722,train_mini/07792_Plantae_Tracheophyta_Magnoliopsida_Ericales_Ericaceae_Vaccinium_membranaceum/a39f1e0c-dd8a-4a33-b7eb-10d4457fc4af.jpg,Vaccinium membranaceum,black huckleberry,Plantae,Ericaceae,Vaccinium,375,500
train,388,7792,2047016,2047016,train_mini/07792_Plantae_Tracheophyta_Magnoliopsida_Ericales_Ericaceae_Vaccinium_membranaceum/2be1477f-f068-482c-9bb5-00369c91a757.jpg,Vaccinium membranaceum,black huckleberry,Plantae,Ericaceae,Vaccinium,500,333
train,388,7792,2563031,2563031,train_mini/07792_Plantae_Tracheophyta_Magnoliopsida_Ericales_Ericaceae_Vaccinium_membranaceum/e33fdb85-5a87-4437-a762-26793f1d03d1.jpg,Vaccinium membranaceum,black huckleberry,Plantae,Ericaceae,Vaccinium,500,375
train,388,7792,73159,73159,train_mini/07792_Plantae_Tracheophyta_Magnoliopsida_Ericales_Ericaceae_Vaccinium_membranaceum/0d199875-76d1-4ff7-abf1-1e8aa362646b.jpg,Vaccinium membranaceum,black huckleberry,Plantae,Ericaceae,Vaccinium,500,375
train,389,7814,862384,862384,train_mini/07814_Plantae_Tracheophyta_Magnoliopsida_Ericales_Polemoniaceae_Ipomopsis_longiflora/5cc398ba-1aec-4e47-8838-9b546eeccbb8.jpg,Ipomopsis longiflora,flaxflowered ipomopsis,Plantae,Polemoniaceae,Ipomopsis,500,332
train,389,7814,2243465,2243465,train_mini/07814_Plantae_Tracheophyta_Magnoliopsida_Ericales_Polemoniaceae_Ipomopsis_longiflora/c33ada2a-44ab-4f02-9d89-80059c4d7d19.jpg,Ipomopsis longiflora,flaxflowered ipomopsis,Plantae,Polemoniaceae,Ipomopsis,375,500
train,389,7814,2126671,2126671,train_mini/07814_Plantae_Tracheophyta_Magnoliopsida_Ericales_Polemoniaceae_Ipomopsis_longiflora/f33c06b2-9f75-486b-b830-02f74e168fd9.jpg,Ipomopsis longiflora,flaxflowered ipomopsis,Plantae,Polemoniaceae,Ipomopsis,375,500
train,389,7814,723598,723598,train_mini/07814_Plantae_Tracheophyta_Magnoliopsida_Ericales_Polemoniaceae_Ipomopsis_longiflora/9c0dae00-fa43-4846-a09e-6f8c8357c210.jpg,Ipomopsis longiflora,flaxflowered ipomopsis,Plantae,Polemoniaceae,Ipomopsis,375,500
train,389,7814,2258932,2258932,train_mini/07814_Plantae_Tracheophyta_Magnoliopsida_Ericales_Polemoniaceae_Ipomopsis_longiflora/dac6e64b-cf78-441c-9ce9-198c7faf9c03.jpg,Ipomopsis longiflora,flaxflowered ipomopsis,Plantae,Polemoniaceae,Ipomopsis,375,500
train,389,7814,317283,317283,train_mini/07814_Plantae_Tracheophyta_Magnoliopsida_Ericales_Polemoniaceae_Ipomopsis_longiflora/9b8b8070-963d-4e24-86ce-c637bf398f8f.jpg,Ipomopsis longiflora,flaxflowered ipomopsis,Plantae,Polemoniaceae,Ipomopsis,500,438
train,389,7814,393385,393385,train_mini/07814_Plantae_Tracheophyta_Magnoliopsida_Ericales_Polemoniaceae_Ipomopsis_longiflora/9574f014-cf48-4cc8-a6f4-e84c7d41d4a4.jpg,Ipomopsis longiflora,flaxflowered ipomopsis,Plantae,Polemoniaceae,Ipomopsis,500,335
train,389,7814,2440505,2440505,train_mini/07814_Plantae_Tracheophyta_Magnoliopsida_Ericales_Polemoniaceae_Ipomopsis_longiflora/e380b686-ba8c-44c3-9963-122b74e3fef2.jpg,Ipomopsis longiflora,flaxflowered ipomopsis,Plantae,Polemoniaceae,Ipomopsis,375,500
train,390,7830,1470229,1470229,train_mini/07830_Plantae_Tracheophyta_Magnoliopsida_Ericales_Polemoniaceae_Phlox_drummondii/311f5efe-ef4a-4b85-b646-3ee7f9e75d72.jpg,Phlox drummondii,Drummond's phlox,Plantae,Polemoniaceae,Phlox,500,375
train,390,7830,808692,808692,train_mini/07830_Plantae_Tracheophyta_Magnoliopsida_Ericales_Polemoniaceae_Phlox_drummondii/e8c217ee-d2a3-4bc2-92e3-f34e0764284b.jpg,Phlox drummondii,Drummond's phlox,Plantae,Polemoniaceae,Phlox,500,375
train,390,7830,746516,746516,train_mini/07830_Plantae_Tracheophyta_Magnoliopsida_Ericales_Polemoniaceae_Phlox_drummondii/f0548905-08c8-4dae-a70e-f0ca69614599.jpg,Phlox drummondii,Drummond's phlox,Plantae,Polemoniaceae,Phlox,500,375
train,390,7830,1360859,1360859,train_mini/07830_Plantae_Tracheophyta_Magnoliopsida_Ericales_Polemoniaceae_Phlox_drummondii/2228e758-437a-47d1-a456-7f5bc3a66a02.jpg,Phlox drummondii,Drummond's phlox,Plantae,Polemoniaceae,Phlox,375,500
train,390,7830,1365827,1365827,train_mini/07830_Plantae_Tracheophyta_Magnoliopsida_Ericales_Polemoniaceae_Phlox_drummondii/9cda7098-d77b-44a2-a1a1-774c1d64b8a3.jpg,Phlox drummondii,Drummond's phlox,Plantae,Polemoniaceae,Phlox,500,500
train,390,7830,333576,333576,train_mini/07830_Plantae_Tracheophyta_Magnoliopsida_Ericales_Polemoniaceae_Phlox_drummondii/febfae2e-1cad-4e96-b501-4fc7409c4e51.jpg,Phlox drummondii,Drummond's phlox,Plantae,Polemoniaceae,Phlox,375,500
train,390,7830,735452,735452,train_mini/07830_Plantae_Tracheophyta_Magnoliopsida_Ericales_Polemoniaceae_Phlox_drummondii/aaf290de-cd3e-42e2-bae6-66e9b5401d2d.jpg,Phlox drummondii,Drummond's phlox,Plantae,Polemoniaceae,Phlox,375,500
train,390,7830,1409695,1409695,train_mini/07830_Plantae_Tracheophyta_Magnoliopsida_Ericales_Polemoniaceae_Phlox_drummondii/f09f285f-bb4c-4b11-b0ce-4fdf3da43152.jpg,Phlox drummondii,Drummond's phlox,Plantae,Polemoniaceae,Phlox,375,500
train,391,7832,1897278,1897278,train_mini/07832_Plantae_Tracheophyta_Magnoliopsida_Ericales_Polemoniaceae_Phlox_longifolia/4bb15bc0-1b1c-449e-a94d-4b61aa775d5b.jpg,Phlox longifolia,longleaf phlox,Plantae,Polemoniaceae,Phlox,375,500
train,391,7832,481799,481799,train_mini/07832_Plantae_Tracheophyta_Magnoliopsida_Ericales_Polemoniaceae_Phlox_longifolia/fe5cadd7-656a-4264-b438-e53e81dc6156.jpg,Phlox longifolia,longleaf phlox,Plantae,Polemoniaceae,Phlox,500,375
train,391,7832,1881687,1881687,train_mini/07832_Plantae_Tracheophyta_Magnoliopsida_Ericales_Polemoniaceae_Phlox_longifolia/cb4a453b-f5d7-4e76-9fb3-489cdc1af3f8.jpg,Phlox longifolia,longleaf phlox,Plantae,Polemoniaceae,Phlox,375,500
train,391,7832,173962,173962,train_mini/07832_Plantae_Tracheophyta_Magnoliopsida_Ericales_Polemoniaceae_Phlox_longifolia/9855a62b-9339-412a-ae77-2892c7ffe171.jpg,Phlox longifolia,longleaf phlox,Plantae,Polemoniaceae,Phlox,373,500
train,391,7832,794574,794574,train_mini/07832_Plantae_Tracheophyta_Magnoliopsida_Ericales_Polemoniaceae_Phlox_longifolia/1c9155a9-0f63-427d-a875-51409300b500.jpg,Phlox longifolia,longleaf phlox,Plantae,Polemoniaceae,Phlox,375,500
train,391,7832,1917400,1917400,train_mini/07832_Plantae_Tracheophyta_Magnoliopsida_Ericales_Polemoniaceae_Phlox_longifolia/8ac0d697-12fc-42bb-a991-ad44b6c365ab.jpg,Phlox longifolia,longleaf phlox,Plantae,Polemoniaceae,Phlox,500,365
train,391,7832,219407,219407,train_mini/07832_Plantae_Tracheophyta_Magnoliopsida_Ericales_Polemoniaceae_Phlox_longifolia/ab31bbaa-ed04-4167-b949-12c79ff36968.jpg,Phlox longifolia,longleaf phlox,Plantae,Polemoniaceae,Phlox,500,333
train,391,7832,2575375,2575375,train_mini/07832_Plantae_Tracheophyta_Magnoliopsida_Ericales_Polemoniaceae_Phlox_longifolia/98d78c36-62d9-4328-8076-a3cdb687c044.jpg,Phlox longifolia,longleaf phlox,Plantae,Polemoniaceae,Phlox,500,500
train,392,7843,2403756,2403756,train_mini/07843_Plantae_Tracheophyta_Magnoliopsida_Ericales_Primulaceae_Androsace_septentrionalis/97039e1a-63a4-46d7-97f4-ff24c3bf032d.jpg,Androsace septentrionalis,pygmy-flower rock-jasmine,Plantae,Primulaceae,Androsace,500,443
train,392,7843,864826,864826,train_mini/07843_Plantae_Tracheophyta_Magnoliopsida_Ericales_Primulaceae_Androsace_septentrionalis/a8f0a341-4f36-4a92-962c-010ce0b92158.jpg,Androsace septentrionalis,pygmy-flower rock-jasmine,Plantae,Primulaceae,Androsace,375,500
train,392,7843,870379,870379,train_mini/07843_Plantae_Tracheophyta_Magnoliopsida_Ericales_Primulaceae_Androsace_septentrionalis/329acd9c-9f8b-4938-9ac3-7bba5157440f.jpg,Androsace septentrionalis,pygmy-flower rock-jasmine,Plantae,Primulaceae,Androsace,375,500
train,392,7843,2078894,2078894,train_mini/07843_Plantae_Tracheophyta_Magnoliopsida_Ericales_Primulaceae_Androsace_septentrionalis/5d751b7e-615d-4436-bf5a-1cd39e0a57da.jpg,Androsace septentrionalis,pygmy-flower rock-jasmine,Plantae,Primulaceae,Androsace,364,500
train,392,7843,216535,216535,train_mini/07843_Plantae_Tracheophyta_Magnoliopsida_Ericales_Primulaceae_Androsace_septentrionalis/188f3c00-ab5f-4f13-8ff9-59ccb40b9c42.jpg,Androsace septentrionalis,pygmy-flower rock-jasmine,Plantae,Primulaceae,Androsace,375,500
train,392,7843,1725385,1725385,train_mini/07843_Plantae_Tracheophyta_Magnoliopsida_Ericales_Primulaceae_Androsace_septentrionalis/5c09ce59-9e3a-4cf7-84cc-f6ca19805990.jpg,Androsace septentrionalis,pygmy-flower rock-jasmine,Plantae,Primulaceae,Androsace,500,375
train,392,7843,2483808,2483808,train_mini/07843_Plantae_Tracheophyta_Magnoliopsida_Ericales_Primulaceae_Androsace_septentrionalis/bd645e8f-8cd6-4ffa-aef9-974298f1c9ae.jpg,Androsace septentrionalis,pygmy-flower rock-jasmine,Plantae,Primulaceae,Androsace,374,500
train,392,7843,1357919,1357919,train_mini/07843_Plantae_Tracheophyta_Magnoliopsida_Ericales_Primulaceae_Androsace_septentrionalis/a51e16b5-b08b-49bb-9018-68166c2cf470.jpg,Androsace septentrionalis,pygmy-flower rock-jasmine,Plantae,Primulaceae,Androsace,500,331
train,393,7888,1882556,1882556,train_mini/07888_Plantae_Tracheophyta_Magnoliopsida_Fabales_Fabaceae_Acacia_confusa/64f27996-4914-4e8e-8eca-b74dc200ad0c.jpg,Acacia confusa,Taiwan Acacia,Plantae,Fabaceae,Acacia,375,500
train,393,7888,1210270,1210270,train_mini/07888_Plantae_Tracheophyta_Magnoliopsida_Fabales_Fabaceae_Acacia_confusa/e3c2ddde-da0c-4f7d-a1f2-6b369d1a7c17.jpg,Acacia confusa,Taiwan Acacia,Plantae,Fabaceae,Acacia,375,500
train,393,7888,1094304,1094304,train_mini/07888_Plantae_Tracheophyta_Magnoliopsida_Fabales_Fabaceae_Acacia_confusa/a1eefeef-846a-4cad-bd74-09e05cd17382.jpg,Acacia confusa,Taiwan Acacia,Plantae,Fabaceae,Acacia,500,332
train,393,7888,1115770,1115770,train_mini/07888_Plantae_Tracheophyta_Magnoliopsida_Fabales_Fabaceae_Acacia_confusa/b73cc278-b01f-466a-8dea-e8db029feaa7.jpg,Acacia confusa,Taiwan Acacia,Plantae,Fabaceae,Acacia,500,375
train,393,7888,1599344,1599344,train_mini/07888_Plantae_Tracheophyta_Magnoliopsida_Fabales_Fabaceae_Acacia_confusa/3bf1c637-5a64-4c72-91d9-faf689a5d3b3.jpg,Acacia confusa,Taiwan Acacia,Plantae,Fabaceae,Acacia,375,500
train,393,7888,1663658,1663658,train_mini/07888_Plantae_Tracheophyta_Magnoliopsida_Fabales_Fabaceae_Acacia_confusa/d2a06c67-b220-49ac-8841-aa2d1a7a403a.jpg,Acacia confusa,Taiwan Acacia,Plantae,Fabaceae,Acacia,281,500
train,393,7888,1674500,1674500,train_mini/07888_Plantae_Tracheophyta_Magnoliopsida_Fabales_Fabaceae_Acacia_confusa/f0cd024f-6be3-4ceb-a689-96d872148ec7.jpg,Acacia confusa,Taiwan Acacia,Plantae,Fabaceae,Acacia,375,500
train,393,7888,1328875,1328875,train_mini/07888_Plantae_Tracheophyta_Magnoliopsida_Fabales_Fabaceae_Acacia_confusa/e491a289-d006-4adf-b439-9900d79ac2f0.jpg,Acacia confusa,Taiwan Acacia,Plantae,Fabaceae,Acacia,500,375
train,394,7891,1352441,1352441,train_mini/07891_Plantae_Tracheophyta_Magnoliopsida_Fabales_Fabaceae_Acacia_longifolia/2de07b17-eb8b-452f-845d-65a90a95415f.jpg,Acacia longifolia,longleaf wattle,Plantae,Fabaceae,Acacia,500,282
train,394,7891,63587,63587,train_mini/07891_Plantae_Tracheophyta_Magnoliopsida_Fabales_Fabaceae_Acacia_longifolia/4d5cea23-c79c-4890-aaba-c1d2af370037.jpg,Acacia longifolia,longleaf wattle,Plantae,Fabaceae,Acacia,500,375
train,394,7891,161397,161397,train_mini/07891_Plantae_Tracheophyta_Magnoliopsida_Fabales_Fabaceae_Acacia_longifolia/681cfe70-049d-4147-9814-178ea063a50f.jpg,Acacia longifolia,longleaf wattle,Plantae,Fabaceae,Acacia,375,500
train,394,7891,82749,82749,train_mini/07891_Plantae_Tracheophyta_Magnoliopsida_Fabales_Fabaceae_Acacia_longifolia/eb5c8dc0-633d-45fc-89e3-b9fc616b093a.jpg,Acacia longifolia,longleaf wattle,Plantae,Fabaceae,Acacia,375,500
train,394,7891,2422475,2422475,train_mini/07891_Plantae_Tracheophyta_Magnoliopsida_Fabales_Fabaceae_Acacia_longifolia/30271aeb-2af1-41c6-9960-b9f730a72296.jpg,Acacia longifolia,longleaf wattle,Plantae,Fabaceae,Acacia,500,375
train,394,7891,1010249,1010249,train_mini/07891_Plantae_Tracheophyta_Magnoliopsida_Fabales_Fabaceae_Acacia_longifolia/2017c14d-a276-42ea-b875-da5430665d34.jpg,Acacia longifolia,longleaf wattle,Plantae,Fabaceae,Acacia,375,500
train,394,7891,749998,749998,train_mini/07891_Plantae_Tracheophyta_Magnoliopsida_Fabales_Fabaceae_Acacia_longifolia/b90c6bd1-62da-4c6e-9ea1-9af13a1f6366.jpg,Acacia longifolia,longleaf wattle,Plantae,Fabaceae,Acacia,500,375
train,394,7891,1763748,1763748,train_mini/07891_Plantae_Tracheophyta_Magnoliopsida_Fabales_Fabaceae_Acacia_longifolia/72645b0e-6e11-454c-a9f1-f8e9d14d338b.jpg,Acacia longifolia,longleaf wattle,Plantae,Fabaceae,Acacia,500,333
train,395,7943,1676263,1676263,train_mini/07943_Plantae_Tracheophyta_Magnoliopsida_Fabales_Fabaceae_Cytisus_scoparius/768e6ce2-6ce1-4c0f-92e3-70e48ee13228.jpg,Cytisus scoparius,Scotch Broom,Plantae,Fabaceae,Cytisus,500,333
train,395,7943,2191885,2191885,train_mini/07943_Plantae_Tracheophyta_Magnoliopsida_Fabales_Fabaceae_Cytisus_scoparius/16e05045-dcab-4df4-9c07-4aa4fd3bc866.jpg,Cytisus scoparius,Scotch Broom,Plantae,Fabaceae,Cytisus,375,500
train,395,7943,860538,860538,train_mini/07943_Plantae_Tracheophyta_Magnoliopsida_Fabales_Fabaceae_Cytisus_scoparius/e234fac4-27f3-4d8b-b4d1-aa88dc0431df.jpg,Cytisus scoparius,Scotch Broom,Plantae,Fabaceae,Cytisus,281,500
train,395,7943,1728744,1728744,train_mini/07943_Plantae_Tracheophyta_Magnoliopsida_Fabales_Fabaceae_Cytisus_scoparius/9df2a26f-03af-49fb-acd8-1b7d07a42e64.jpg,Cytisus scoparius,Scotch Broom,Plantae,Fabaceae,Cytisus,375,500
train,395,7943,1236176,1236176,train_mini/07943_Plantae_Tracheophyta_Magnoliopsida_Fabales_Fabaceae_Cytisus_scoparius/41c549e1-c498-4430-afea-013732467302.jpg,Cytisus scoparius,Scotch Broom,Plantae,Fabaceae,Cytisus,500,375
train,395,7943,183828,183828,train_mini/07943_Plantae_Tracheophyta_Magnoliopsida_Fabales_Fabaceae_Cytisus_scoparius/07abdec8-062d-4335-a314-8033e06bd2ec.jpg,Cytisus scoparius,Scotch Broom,Plantae,Fabaceae,Cytisus,281,500
train,395,7943,1330327,1330327,train_mini/07943_Plantae_Tracheophyta_Magnoliopsida_Fabales_Fabaceae_Cytisus_scoparius/2f0b4e7d-2249-4876-920d-bbbcd1373530.jpg,Cytisus scoparius,Scotch Broom,Plantae,Fabaceae,Cytisus,375,500
train,395,7943,1431860,1431860,train_mini/07943_Plantae_Tracheophyta_Magnoliopsida_Fabales_Fabaceae_Cytisus_scoparius/20d64aa4-cb78-4fe0-98a7-d082ef5958d4.jpg,Cytisus scoparius,Scotch Broom,Plantae,Fabaceae,Cytisus,375,500
train,396,8024,1658785,1658785,train_mini/08024_Plantae_Tracheophyta_Magnoliopsida_Fabales_Fabaceae_Melilotus_albus/ba2b60b8-4df1-46aa-afac-7dd58cd4ab53.jpg,Melilotus albus,white sweet clover,Plantae,Fabaceae,Melilotus,281,500
train,396,8024,487380,487380,train_mini/08024_Plantae_Tracheophyta_Magnoliopsida_Fabales_Fabaceae_Melilotus_albus/2a561034-7954-4fb6-b908-f41cf5fd6f97.jpg,Melilotus albus,white sweet clover,Plantae,Fabaceae,Melilotus,500,375
train,396,8024,660359,660359,train_mini/08024_Plantae_Tracheophyta_Magnoliopsida_Fabales_Fabaceae_Melilotus_albus/78576ac4-6540-408f-ad8a-0bd74cdfe79c.jpg,Melilotus albus,white sweet clover,Plantae,Fabaceae,Melilotus,471,500
train,396,8024,2225380,2225380,train_mini/08024_Plantae_Tracheophyta_Magnoliopsida_Fabales_Fabaceae_Melilotus_albus/a3692bef-0f9b-4ce6-ac5a-45c76e4ba373.jpg,Melilotus albus,white sweet clover,Plantae,Fabaceae,Melilotus,375,500
train,396,8024,906849,906849,train_mini/08024_Plantae_Tracheophyta_Magnoliopsida_Fabales_Fabaceae_Melilotus_albus/85ba82ec-3413-4ce0-93d9-9ec276c802bc.jpg,Melilotus albus,white sweet clover,Plantae,Fabaceae,Melilotus,375,500
train,396,8024,1006408,1006408,train_mini/08024_Plantae_Tracheophyta_Magnoliopsida_Fabales_Fabaceae_Melilotus_albus/e79c1c05-3224-4908-bce0-f2cfa372872d.jpg,Melilotus albus,white sweet clover,Plantae,Fabaceae,Melilotus,500,375
train,396,8024,1962080,1962080,train_mini/08024_Plantae_Tracheophyta_Magnoliopsida_Fabales_Fabaceae_Melilotus_albus/74d7282c-8b72-48a4-a8f9-7997d73f5c78.jpg,Melilotus albus,white sweet clover,Plantae,Fabaceae,Melilotus,375,500
train,396,8024,490967,490967,train_mini/08024_Plantae_Tracheophyta_Magnoliopsida_Fabales_Fabaceae_Melilotus_albus/2c762a24-4ec2-4283-8fd4-a4eaa20bc31e.jpg,Melilotus albus,white sweet clover,Plantae,Fabaceae,Melilotus,281,500
train,397,8047,269314,269314,train_mini/08047_Plantae_Tracheophyta_Magnoliopsida_Fabales_Fabaceae_Platylobium_obtusangulum/6bc74fe4-49bf-4a37-9e0e-c1aa27825f17.jpg,Platylobium obtusangulum,Common Flat-pea,Plantae,Fabaceae,Platylobium,500,374
train,397,8047,2219050,2219050,train_mini/08047_Plantae_Tracheophyta_Magnoliopsida_Fabales_Fabaceae_Platylobium_obtusangulum/9bece700-5bd9-4436-9482-3b3f639b478c.jpg,Platylobium obtusangulum,Common Flat-pea,Plantae,Fabaceae,Platylobium,375,500
train,397,8047,2303205,2303205,train_mini/08047_Plantae_Tracheophyta_Magnoliopsida_Fabales_Fabaceae_Platylobium_obtusangulum/9a2f4c1a-15c2-4fca-b8ef-6e996db116b9.jpg,Platylobium obtusangulum,Common Flat-pea,Plantae,Fabaceae,Platylobium,375,500
train,397,8047,1197134,1197134,train_mini/08047_Plantae_Tracheophyta_Magnoliopsida_Fabales_Fabaceae_Platylobium_obtusangulum/8617a146-8ec2-4a04-bde3-b306c2c8bb49.jpg,Platylobium obtusangulum,Common Flat-pea,Plantae,Fabaceae,Platylobium,500,398
train,397,8047,1141186,1141186,train_mini/08047_Plantae_Tracheophyta_Magnoliopsida_Fabales_Fabaceae_Platylobium_obtusangulum/6eac1f4e-68f5-4211-9cde-946dd597bb08.jpg,Platylobium obtusangulum,Common Flat-pea,Plantae,Fabaceae,Platylobium,384,500
train,397,8047,2602393,2602393,train_mini/08047_Plantae_Tracheophyta_Magnoliopsida_Fabales_Fabaceae_Platylobium_obtusangulum/b5f60bb8-d132-4d37-a982-14f1c8976e5f.jpg,Platylobium obtusangulum,Common Flat-pea,Plantae,Fabaceae,Platylobium,500,378
train,397,8047,2679964,2679964,train_mini/08047_Plantae_Tracheophyta_Magnoliopsida_Fabales_Fabaceae_Platylobium_obtusangulum/0d8dda17-5a0b-452e-ae0d-a8869787ece7.jpg,Platylobium obtusangulum,Common Flat-pea,Plantae,Fabaceae,Platylobium,375,500
train,397,8047,2599884,2599884,train_mini/08047_Plantae_Tracheophyta_Magnoliopsida_Fabales_Fabaceae_Platylobium_obtusangulum/855246f4-7802-4ad3-8254-e44e5d6fef76.jpg,Platylobium obtusangulum,Common Flat-pea,Plantae,Fabaceae,Platylobium,500,413
train,398,8057,211812,211812,train_mini/08057_Plantae_Tracheophyta_Magnoliopsida_Fabales_Fabaceae_Robinia_pseudoacacia/63d5d0ec-75a7-4489-b7e8-4b177cad922d.jpg,Robinia pseudoacacia,black locust,Plantae,Fabaceae,Robinia,375,500
train,398,8057,1698425,1698425,train_mini/08057_Plantae_Tracheophyta_Magnoliopsida_Fabales_Fabaceae_Robinia_pseudoacacia/878d8a3c-8457-4da6-9f3b-0de0780eca37.jpg,Robinia pseudoacacia,black locust,Plantae,Fabaceae,Robinia,375,500
train,398,8057,1244444,1244444,train_mini/08057_Plantae_Tracheophyta_Magnoliopsida_Fabales_Fabaceae_Robinia_pseudoacacia/70c05800-a714-4c11-bbdc-6469c44e20db.jpg,Robinia pseudoacacia,black locust,Plantae,Fabaceae,Robinia,500,375
train,398,8057,1771804,1771804,train_mini/08057_Plantae_Tracheophyta_Magnoliopsida_Fabales_Fabaceae_Robinia_pseudoacacia/fa7170d5-06f4-4923-8319-b2888de12931.jpg,Robinia pseudoacacia,black locust,Plantae,Fabaceae,Robinia,375,500
train,398,8057,610721,610721,train_mini/08057_Plantae_Tracheophyta_Magnoliopsida_Fabales_Fabaceae_Robinia_pseudoacacia/8dfeeeed-8410-4434-ab5b-132a7e0e1efe.jpg,Robinia pseudoacacia,black locust,Plantae,Fabaceae,Robinia,500,281
train,398,8057,1619186,1619186,train_mini/08057_Plantae_Tracheophyta_Magnoliopsida_Fabales_Fabaceae_Robinia_pseudoacacia/9a9bd469-887b-4b68-9d1b-6cf898efdc20.jpg,Robinia pseudoacacia,black locust,Plantae,Fabaceae,Robinia,375,500
train,398,8057,1561412,1561412,train_mini/08057_Plantae_Tracheophyta_Magnoliopsida_Fabales_Fabaceae_Robinia_pseudoacacia/97b7a710-3e97-443d-8065-11ccb9a1c084.jpg,Robinia pseudoacacia,black locust,Plantae,Fabaceae,Robinia,375,500
train,398,8057,338652,338652,train_mini/08057_Plantae_Tracheophyta_Magnoliopsida_Fabales_Fabaceae_Robinia_pseudoacacia/16e95838-6daa-4d36-be73-204151030c16.jpg,Robinia pseudoacacia,black locust,Plantae,Fabaceae,Robinia,500,375
train,399,8083,1668531,1668531,train_mini/08083_Plantae_Tracheophyta_Magnoliopsida_Fabales_Fabaceae_Thermopsis_californica/48e0ac71-f877-4899-b826-431f70d729a3.jpg,Thermopsis californica,California goldenbanner,Plantae,Fabaceae,Thermopsis,375,500
train,399,8083,1595095,1595095,train_mini/08083_Plantae_Tracheophyta_Magnoliopsida_Fabales_Fabaceae_Thermopsis_californica/27f087a4-015f-44c0-9208-8dfde50801a6.jpg,Thermopsis californica,California goldenbanner,Plantae,Fabaceae,Thermopsis,375,500
train,399,8083,478989,478989,train_mini/08083_Plantae_Tracheophyta_Magnoliopsida_Fabales_Fabaceae_Thermopsis_californica/7b81a7c2-cbe4-4cae-b06e-2b130d295a7d.jpg,Thermopsis californica,California goldenbanner,Plantae,Fabaceae,Thermopsis,500,333
train,399,8083,815980,815980,train_mini/08083_Plantae_Tracheophyta_Magnoliopsida_Fabales_Fabaceae_Thermopsis_californica/4fbe957c-7dad-49d5-9cea-ee57c653e377.jpg,Thermopsis californica,California goldenbanner,Plantae,Fabaceae,Thermopsis,375,500
train,399,8083,1903362,1903362,train_mini/08083_Plantae_Tracheophyta_Magnoliopsida_Fabales_Fabaceae_Thermopsis_californica/8a43d0aa-50e4-41ca-bde7-4dd721d05de4.jpg,Thermopsis californica,California goldenbanner,Plantae,Fabaceae,Thermopsis,375,500
train,399,8083,1877147,1877147,train_mini/08083_Plantae_Tracheophyta_Magnoliopsida_Fabales_Fabaceae_Thermopsis_californica/82260aef-2b52-496e-b7bb-c9ec0e18fba8.jpg,Thermopsis californica,California goldenbanner,Plantae,Fabaceae,Thermopsis,500,333
train,399,8083,167716,167716,train_mini/08083_Plantae_Tracheophyta_Magnoliopsida_Fabales_Fabaceae_Thermopsis_californica/a05cb883-dd22-492f-b425-a8e93f0b07eb.jpg,Thermopsis californica,California goldenbanner,Plantae,Fabaceae,Thermopsis,500,375
train,399,8083,436801,436801,train_mini/08083_Plantae_Tracheophyta_Magnoliopsida_Fabales_Fabaceae_Thermopsis_californica/0d0a0eb7-a194-4edf-a6c8-4daf30421cff.jpg,Thermopsis californica,California goldenbanner,Plantae,Fabaceae,Thermopsis,374,500
train,400,8130,667664,667664,train_mini/08130_Plantae_Tracheophyta_Magnoliopsida_Fabales_Polygalaceae_Polygala_nana/af7eec89-117f-4dfd-bc82-fa4e566e49dd.jpg,Polygala nana,candyroot,Plantae,Polygalaceae,Polygala,375,500
train,400,8130,860462,860462,train_mini/08130_Plantae_Tracheophyta_Magnoliopsida_Fabales_Polygalaceae_Polygala_nana/7c76f464-d693-4c8d-8d54-1ea7cc8125ae.jpg,Polygala nana,candyroot,Plantae,Polygalaceae,Polygala,500,333
train,400,8130,1249188,1249188,train_mini/08130_Plantae_Tracheophyta_Magnoliopsida_Fabales_Polygalaceae_Polygala_nana/1bdae8d8-dc43-49e9-98c4-2f749118219f.jpg,Polygala nana,candyroot,Plantae,Polygalaceae,Polygala,500,333
train,400,8130,1360959,1360959,train_mini/08130_Plantae_Tracheophyta_Magnoliopsida_Fabales_Polygalaceae_Polygala_nana/a4530d44-fd6c-4e67-ae15-93c27bd91023.jpg,Polygala nana,candyroot,Plantae,Polygalaceae,Polygala,500,375
train,400,8130,1262455,1262455,train_mini/08130_Plantae_Tracheophyta_Magnoliopsida_Fabales_Polygalaceae_Polygala_nana/94415236-0f4d-4a17-b518-07b65697cfb3.jpg,Polygala nana,candyroot,Plantae,Polygalaceae,Polygala,500,333
train,400,8130,1566878,1566878,train_mini/08130_Plantae_Tracheophyta_Magnoliopsida_Fabales_Polygalaceae_Polygala_nana/eeb5e657-7b15-4c0b-ab3b-55db563742f4.jpg,Polygala nana,candyroot,Plantae,Polygalaceae,Polygala,375,500
train,400,8130,398800,398800,train_mini/08130_Plantae_Tracheophyta_Magnoliopsida_Fabales_Polygalaceae_Polygala_nana/d3c5f421-d8f1-4612-92b4-fa00de16784e.jpg,Polygala nana,candyroot,Plantae,Polygalaceae,Polygala,375,500
train,400,8130,1672023,1672023,train_mini/08130_Plantae_Tracheophyta_Magnoliopsida_Fabales_Polygalaceae_Polygala_nana/a120cab6-f310-4740-ae1c-a4394db7e5d2.jpg,Polygala nana,candyroot,Plantae,Polygalaceae,Polygala,500,333
train,401,8132,831366,831366,train_mini/08132_Plantae_Tracheophyta_Magnoliopsida_Fabales_Polygalaceae_Polygala_rugelii/2aabf639-05cf-4085-b795-a419a6922c10.jpg,Polygala rugelii,Yellow milkwort,Plantae,Polygalaceae,Polygala,500,281
train,401,8132,2365357,2365357,train_mini/08132_Plantae_Tracheophyta_Magnoliopsida_Fabales_Polygalaceae_Polygala_rugelii/515f83d6-ffd6-418a-b693-de48a9ef7096.jpg,Polygala rugelii,Yellow milkwort,Plantae,Polygalaceae,Polygala,375,500
train,401,8132,1803096,1803096,train_mini/08132_Plantae_Tracheophyta_Magnoliopsida_Fabales_Polygalaceae_Polygala_rugelii/30d3929e-233f-48ec-bc90-b80e842ca8ef.jpg,Polygala rugelii,Yellow milkwort,Plantae,Polygalaceae,Polygala,375,500
train,401,8132,2520896,2520896,train_mini/08132_Plantae_Tracheophyta_Magnoliopsida_Fabales_Polygalaceae_Polygala_rugelii/bf627b02-f70b-4b93-baa9-ae18dbd05e00.jpg,Polygala rugelii,Yellow milkwort,Plantae,Polygalaceae,Polygala,500,375
train,401,8132,1544946,1544946,train_mini/08132_Plantae_Tracheophyta_Magnoliopsida_Fabales_Polygalaceae_Polygala_rugelii/00a087a5-277a-451f-bb21-a88dfb04a613.jpg,Polygala rugelii,Yellow milkwort,Plantae,Polygalaceae,Polygala,500,375
train,401,8132,1244049,1244049,train_mini/08132_Plantae_Tracheophyta_Magnoliopsida_Fabales_Polygalaceae_Polygala_rugelii/8ad733e2-5776-4885-af6d-d523bd16ff62.jpg,Polygala rugelii,Yellow milkwort,Plantae,Polygalaceae,Polygala,281,500
train,401,8132,1206384,1206384,train_mini/08132_Plantae_Tracheophyta_Magnoliopsida_Fabales_Polygalaceae_Polygala_rugelii/9911dd95-a956-4b48-b9b6-841b625433b9.jpg,Polygala rugelii,Yellow milkwort,Plantae,Polygalaceae,Polygala,500,375
train,401,8132,1793353,1793353,train_mini/08132_Plantae_Tracheophyta_Magnoliopsida_Fabales_Polygalaceae_Polygala_rugelii/92a9b432-6c6d-49a2-879d-c5096b9aed48.jpg,Polygala rugelii,Yellow milkwort,Plantae,Polygalaceae,Polygala,442,500
train,402,8193,1667003,1667003,train_mini/08193_Plantae_Tracheophyta_Magnoliopsida_Fagales_Fagaceae_Quercus_michauxii/a10f5576-4c6d-4919-8b0a-68b7dd7037bf.jpg,Quercus michauxii,swamp chestnut oak,Plantae,Fagaceae,Quercus,375,500
train,402,8193,396035,396035,train_mini/08193_Plantae_Tracheophyta_Magnoliopsida_Fagales_Fagaceae_Quercus_michauxii/925eaa0e-d052-4eb6-8b2a-a2163e1e3356.jpg,Quercus michauxii,swamp chestnut oak,Plantae,Fagaceae,Quercus,375,500
train,402,8193,270437,270437,train_mini/08193_Plantae_Tracheophyta_Magnoliopsida_Fagales_Fagaceae_Quercus_michauxii/85398e56-076f-4a6c-8358-2d831853a2bc.jpg,Quercus michauxii,swamp chestnut oak,Plantae,Fagaceae,Quercus,375,500
train,402,8193,1613677,1613677,train_mini/08193_Plantae_Tracheophyta_Magnoliopsida_Fagales_Fagaceae_Quercus_michauxii/48a88a4e-109f-45e5-bcb7-5b2a4d7256c6.jpg,Quercus michauxii,swamp chestnut oak,Plantae,Fagaceae,Quercus,500,375
train,402,8193,1219996,1219996,train_mini/08193_Plantae_Tracheophyta_Magnoliopsida_Fagales_Fagaceae_Quercus_michauxii/149f9b91-38d8-401f-be05-f546bafaa287.jpg,Quercus michauxii,swamp chestnut oak,Plantae,Fagaceae,Quercus,375,500
train,402,8193,1852142,1852142,train_mini/08193_Plantae_Tracheophyta_Magnoliopsida_Fagales_Fagaceae_Quercus_michauxii/b5d22873-3ca9-4909-81bd-c16037be7f08.jpg,Quercus michauxii,swamp chestnut oak,Plantae,Fagaceae,Quercus,281,500
train,402,8193,1756879,1756879,train_mini/08193_Plantae_Tracheophyta_Magnoliopsida_Fagales_Fagaceae_Quercus_michauxii/912e3632-cb05-43d3-8ad3-60e58aeac866.jpg,Quercus michauxii,swamp chestnut oak,Plantae,Fagaceae,Quercus,500,326
train,402,8193,345876,345876,train_mini/08193_Plantae_Tracheophyta_Magnoliopsida_Fagales_Fagaceae_Quercus_michauxii/5d68dcf2-7fec-431b-b38e-b88fa1eb8eac.jpg,Quercus michauxii,swamp chestnut oak,Plantae,Fagaceae,Quercus,375,500
train,403,8198,894298,894298,train_mini/08198_Plantae_Tracheophyta_Magnoliopsida_Fagales_Fagaceae_Quercus_phellos/b1b4f997-ac97-49b6-bf96-cead32cdc201.jpg,Quercus phellos,willow oak,Plantae,Fagaceae,Quercus,375,500
train,403,8198,188104,188104,train_mini/08198_Plantae_Tracheophyta_Magnoliopsida_Fagales_Fagaceae_Quercus_phellos/ed7bcad0-d802-4c02-bf28-efc8d43e9cdc.jpg,Quercus phellos,willow oak,Plantae,Fagaceae,Quercus,375,500
train,403,8198,799539,799539,train_mini/08198_Plantae_Tracheophyta_Magnoliopsida_Fagales_Fagaceae_Quercus_phellos/1f447cb5-edcf-423f-bde5-5a4d3bcab426.jpg,Quercus phellos,willow oak,Plantae,Fagaceae,Quercus,500,375
train,403,8198,1104480,1104480,train_mini/08198_Plantae_Tracheophyta_Magnoliopsida_Fagales_Fagaceae_Quercus_phellos/614c9fe4-1b12-44ff-bc89-bc353b66ccef.jpg,Quercus phellos,willow oak,Plantae,Fagaceae,Quercus,375,500
train,403,8198,1161617,1161617,train_mini/08198_Plantae_Tracheophyta_Magnoliopsida_Fagales_Fagaceae_Quercus_phellos/9e4bc9fb-1fa6-47c7-bf48-e21cdaa7f82c.jpg,Quercus phellos,willow oak,Plantae,Fagaceae,Quercus,375,500
train,403,8198,617297,617297,train_mini/08198_Plantae_Tracheophyta_Magnoliopsida_Fagales_Fagaceae_Quercus_phellos/64c938fe-67ae-4356-b727-2a5a859b927d.jpg,Quercus phellos,willow oak,Plantae,Fagaceae,Quercus,281,500
train,403,8198,1594838,1594838,train_mini/08198_Plantae_Tracheophyta_Magnoliopsida_Fagales_Fagaceae_Quercus_phellos/0b00035c-deed-426d-8099-d6a7ab8377a4.jpg,Quercus phellos,willow oak,Plantae,Fagaceae,Quercus,500,333
train,403,8198,1566538,1566538,train_mini/08198_Plantae_Tracheophyta_Magnoliopsida_Fagales_Fagaceae_Quercus_phellos/152826cc-6eb9-4350-b9f3-b17b54e435e0.jpg,Quercus phellos,willow oak,Plantae,Fagaceae,Quercus,375,500
train,404,8220,1594121,1594121,train_mini/08220_Plantae_Tracheophyta_Magnoliopsida_Fagales_Myricaceae_Morella_californica/9d13448b-5384-44b4-9a59-75e74c8b909f.jpg,Morella californica,California Wax Myrtle,Plantae,Myricaceae,Morella,281,500
train,404,8220,381549,381549,train_mini/08220_Plantae_Tracheophyta_Magnoliopsida_Fagales_Myricaceae_Morella_californica/96abe0a5-c62f-4bee-a399-4374373b110c.jpg,Morella californica,California Wax Myrtle,Plantae,Myricaceae,Morella,375,500
train,404,8220,2558159,2558159,train_mini/08220_Plantae_Tracheophyta_Magnoliopsida_Fagales_Myricaceae_Morella_californica/b3f2f591-ce5d-4479-be2f-3bb9715a4e6e.jpg,Morella californica,California Wax Myrtle,Plantae,Myricaceae,Morella,333,500
train,404,8220,109606,109606,train_mini/08220_Plantae_Tracheophyta_Magnoliopsida_Fagales_Myricaceae_Morella_californica/889fbaea-6cb0-4f73-90ae-afd32c117b4f.jpg,Morella californica,California Wax Myrtle,Plantae,Myricaceae,Morella,500,375
train,404,8220,1378047,1378047,train_mini/08220_Plantae_Tracheophyta_Magnoliopsida_Fagales_Myricaceae_Morella_californica/54d33ccc-7cf3-4538-8b68-e5b9d79072bc.jpg,Morella californica,California Wax Myrtle,Plantae,Myricaceae,Morella,375,500
train,404,8220,2362060,2362060,train_mini/08220_Plantae_Tracheophyta_Magnoliopsida_Fagales_Myricaceae_Morella_californica/bc646bb4-d968-400e-920e-49b71b05b5a7.jpg,Morella californica,California Wax Myrtle,Plantae,Myricaceae,Morella,375,500
train,404,8220,1209965,1209965,train_mini/08220_Plantae_Tracheophyta_Magnoliopsida_Fagales_Myricaceae_Morella_californica/9feb78aa-ceea-4c6b-8a19-a4a61cc5bb08.jpg,Morella californica,California Wax Myrtle,Plantae,Myricaceae,Morella,375,500
train,404,8220,426562,426562,train_mini/08220_Plantae_Tracheophyta_Magnoliopsida_Fagales_Myricaceae_Morella_californica/2d38397b-4a1d-443c-8176-053f5d6c26ec.jpg,Morella californica,California Wax Myrtle,Plantae,Myricaceae,Morella,500,333
train,405,8226,1428907,1428907,train_mini/08226_Plantae_Tracheophyta_Magnoliopsida_Garryales_Garryaceae_Garrya_elliptica/79193ea1-b9ca-46bd-bea7-a5069a7ba1d1.jpg,Garrya elliptica,Coast silk tassel,Plantae,Garryaceae,Garrya,500,375
train,405,8226,1673880,1673880,train_mini/08226_Plantae_Tracheophyta_Magnoliopsida_Garryales_Garryaceae_Garrya_elliptica/572e4ed4-242b-47ff-83fa-ed9e325a8307.jpg,Garrya elliptica,Coast silk tassel,Plantae,Garryaceae,Garrya,500,375
train,405,8226,1392186,1392186,train_mini/08226_Plantae_Tracheophyta_Magnoliopsida_Garryales_Garryaceae_Garrya_elliptica/d9366b7d-ec85-4e23-99ae-9d3f4233651e.jpg,Garrya elliptica,Coast silk tassel,Plantae,Garryaceae,Garrya,375,500
train,405,8226,156717,156717,train_mini/08226_Plantae_Tracheophyta_Magnoliopsida_Garryales_Garryaceae_Garrya_elliptica/ef446de3-b2fc-4284-8f05-1449e1ab42c1.jpg,Garrya elliptica,Coast silk tassel,Plantae,Garryaceae,Garrya,375,500
train,405,8226,1359899,1359899,train_mini/08226_Plantae_Tracheophyta_Magnoliopsida_Garryales_Garryaceae_Garrya_elliptica/a25a0232-2e8a-4433-881f-5658106e3e2f.jpg,Garrya elliptica,Coast silk tassel,Plantae,Garryaceae,Garrya,500,500
train,405,8226,1594856,1594856,train_mini/08226_Plantae_Tracheophyta_Magnoliopsida_Garryales_Garryaceae_Garrya_elliptica/6e0fe873-4e91-40f6-ae68-0d5ca769b40d.jpg,Garrya elliptica,Coast silk tassel,Plantae,Garryaceae,Garrya,375,500
train,405,8226,2178890,2178890,train_mini/08226_Plantae_Tracheophyta_Magnoliopsida_Garryales_Garryaceae_Garrya_elliptica/5a6591df-0c31-4a3a-947b-581766dc4bd8.jpg,Garrya elliptica,Coast silk tassel,Plantae,Garryaceae,Garrya,375,500
train,405,8226,291598,291598,train_mini/08226_Plantae_Tracheophyta_Magnoliopsida_Garryales_Garryaceae_Garrya_elliptica/f4d35682-2cf7-4465-9510-b5ae797b0ee0.jpg,Garrya elliptica,Coast silk tassel,Plantae,Garryaceae,Garrya,375,500
train,406,8293,1539309,1539309,train_mini/08293_Plantae_Tracheophyta_Magnoliopsida_Gentianales_Gentianaceae_Frasera_caroliniensis/1fa640c2-3ff7-40e3-b769-ed184cfd80ff.jpg,Frasera caroliniensis,American columbo,Plantae,Gentianaceae,Frasera,500,343
train,406,8293,487629,487629,train_mini/08293_Plantae_Tracheophyta_Magnoliopsida_Gentianales_Gentianaceae_Frasera_caroliniensis/70ae6e53-67d9-46b3-ab2b-d8479d570826.jpg,Frasera caroliniensis,American columbo,Plantae,Gentianaceae,Frasera,281,500
train,406,8293,1086141,1086141,train_mini/08293_Plantae_Tracheophyta_Magnoliopsida_Gentianales_Gentianaceae_Frasera_caroliniensis/22747086-8b96-4458-b534-69c8b0483f06.jpg,Frasera caroliniensis,American columbo,Plantae,Gentianaceae,Frasera,375,500
train,406,8293,787565,787565,train_mini/08293_Plantae_Tracheophyta_Magnoliopsida_Gentianales_Gentianaceae_Frasera_caroliniensis/1236c2b0-365a-42b1-8b16-382baae706e8.jpg,Frasera caroliniensis,American columbo,Plantae,Gentianaceae,Frasera,375,500
train,406,8293,2442451,2442451,train_mini/08293_Plantae_Tracheophyta_Magnoliopsida_Gentianales_Gentianaceae_Frasera_caroliniensis/8f439c89-7b8c-4dbc-a303-e68bf70f2cac.jpg,Frasera caroliniensis,American columbo,Plantae,Gentianaceae,Frasera,375,500
train,406,8293,984556,984556,train_mini/08293_Plantae_Tracheophyta_Magnoliopsida_Gentianales_Gentianaceae_Frasera_caroliniensis/b4d900cc-4c9b-45ec-96b5-57af021367d9.jpg,Frasera caroliniensis,American columbo,Plantae,Gentianaceae,Frasera,375,500
train,406,8293,2163941,2163941,train_mini/08293_Plantae_Tracheophyta_Magnoliopsida_Gentianales_Gentianaceae_Frasera_caroliniensis/cfff90a5-1272-48fd-b995-a3e089762902.jpg,Frasera caroliniensis,American columbo,Plantae,Gentianaceae,Frasera,375,500
train,406,8293,2125716,2125716,train_mini/08293_Plantae_Tracheophyta_Magnoliopsida_Gentianales_Gentianaceae_Frasera_caroliniensis/90f74696-377d-4326-b11a-dd1208b97b76.jpg,Frasera caroliniensis,American columbo,Plantae,Gentianaceae,Frasera,375,500
train,407,8325,1080591,1080591,train_mini/08325_Plantae_Tracheophyta_Magnoliopsida_Gentianales_Rubiaceae_Coprosma_dumosa/fbd08e79-ce1b-4d67-8db0-07e93de3fa75.jpg,Coprosma dumosa,Coprosma dumosa,Plantae,Rubiaceae,Coprosma,375,500
train,407,8325,1239069,1239069,train_mini/08325_Plantae_Tracheophyta_Magnoliopsida_Gentianales_Rubiaceae_Coprosma_dumosa/00dac313-99b8-4d23-8e8f-a424593236a9.jpg,Coprosma dumosa,Coprosma dumosa,Plantae,Rubiaceae,Coprosma,375,500
train,407,8325,2462213,2462213,train_mini/08325_Plantae_Tracheophyta_Magnoliopsida_Gentianales_Rubiaceae_Coprosma_dumosa/456443a2-ffa5-41f6-b622-af92ef778549.jpg,Coprosma dumosa,Coprosma dumosa,Plantae,Rubiaceae,Coprosma,500,375
train,407,8325,786940,786940,train_mini/08325_Plantae_Tracheophyta_Magnoliopsida_Gentianales_Rubiaceae_Coprosma_dumosa/3283313e-9d21-47e7-a078-7354fb6b11c6.jpg,Coprosma dumosa,Coprosma dumosa,Plantae,Rubiaceae,Coprosma,375,500
train,407,8325,1647946,1647946,train_mini/08325_Plantae_Tracheophyta_Magnoliopsida_Gentianales_Rubiaceae_Coprosma_dumosa/1a899332-9899-4465-88a8-e306d08b229a.jpg,Coprosma dumosa,Coprosma dumosa,Plantae,Rubiaceae,Coprosma,375,500
train,407,8325,1598288,1598288,train_mini/08325_Plantae_Tracheophyta_Magnoliopsida_Gentianales_Rubiaceae_Coprosma_dumosa/71bf3cce-0f1d-4050-98b5-f9cdc62fe358.jpg,Coprosma dumosa,Coprosma dumosa,Plantae,Rubiaceae,Coprosma,500,333
train,407,8325,387347,387347,train_mini/08325_Plantae_Tracheophyta_Magnoliopsida_Gentianales_Rubiaceae_Coprosma_dumosa/3871370c-14c3-4bff-964d-4a5399185fe8.jpg,Coprosma dumosa,Coprosma dumosa,Plantae,Rubiaceae,Coprosma,500,333
train,407,8325,677862,677862,train_mini/08325_Plantae_Tracheophyta_Magnoliopsida_Gentianales_Rubiaceae_Coprosma_dumosa/044f5f86-0d50-4e60-867f-d1d2f23a5c92.jpg,Coprosma dumosa,Coprosma dumosa,Plantae,Rubiaceae,Coprosma,500,281
train,408,8327,1325640,1325640,train_mini/08327_Plantae_Tracheophyta_Magnoliopsida_Gentianales_Rubiaceae_Coprosma_grandifolia/72f99275-e028-4c69-a49f-ae812147ae73.jpg,Coprosma grandifolia,Kanono,Plantae,Rubiaceae,Coprosma,281,500
train,408,8327,1018483,1018483,train_mini/08327_Plantae_Tracheophyta_Magnoliopsida_Gentianales_Rubiaceae_Coprosma_grandifolia/a74f093d-6ccf-4497-9e3d-ccb461716aef.jpg,Coprosma grandifolia,Kanono,Plantae,Rubiaceae,Coprosma,333,500
train,408,8327,336518,336518,train_mini/08327_Plantae_Tracheophyta_Magnoliopsida_Gentianales_Rubiaceae_Coprosma_grandifolia/24b9de9e-0e37-49ba-8b70-f7a88c57e1c1.jpg,Coprosma grandifolia,Kanono,Plantae,Rubiaceae,Coprosma,281,500
train,408,8327,364610,364610,train_mini/08327_Plantae_Tracheophyta_Magnoliopsida_Gentianales_Rubiaceae_Coprosma_grandifolia/4dbaa9ca-6486-4920-a608-b82a46a8d07c.jpg,Coprosma grandifolia,Kanono,Plantae,Rubiaceae,Coprosma,500,375
train,408,8327,611572,611572,train_mini/08327_Plantae_Tracheophyta_Magnoliopsida_Gentianales_Rubiaceae_Coprosma_grandifolia/f879d859-42ce-4449-8afc-3e278b775c3d.jpg,Coprosma grandifolia,Kanono,Plantae,Rubiaceae,Coprosma,281,500
train,408,8327,1321046,1321046,train_mini/08327_Plantae_Tracheophyta_Magnoliopsida_Gentianales_Rubiaceae_Coprosma_grandifolia/f1d2b7bd-1d7a-4215-9e77-35aa8f050d4a.jpg,Coprosma grandifolia,Kanono,Plantae,Rubiaceae,Coprosma,281,500
train,408,8327,601393,601393,train_mini/08327_Plantae_Tracheophyta_Magnoliopsida_Gentianales_Rubiaceae_Coprosma_grandifolia/d373382c-910d-4ba6-9ffa-0d5ad1590275.jpg,Coprosma grandifolia,Kanono,Plantae,Rubiaceae,Coprosma,375,500
train,408,8327,168218,168218,train_mini/08327_Plantae_Tracheophyta_Magnoliopsida_Gentianales_Rubiaceae_Coprosma_grandifolia/2a52ca37-d638-4d2a-8709-54a8becb3b0b.jpg,Coprosma grandifolia,Kanono,Plantae,Rubiaceae,Coprosma,500,333
train,409,8426,1991398,1991398,train_mini/08426_Plantae_Tracheophyta_Magnoliopsida_Lamiales_Lamiaceae_Ajuga_genevensis/a61ba0e1-d368-4e9a-b66b-e98f93693939.jpg,Ajuga genevensis,Blue Bugle,Plantae,Lamiaceae,Ajuga,375,500
train,409,8426,2480897,2480897,train_mini/08426_Plantae_Tracheophyta_Magnoliopsida_Lamiales_Lamiaceae_Ajuga_genevensis/d39f85fb-975a-446c-8be2-38cc14d32b01.jpg,Ajuga genevensis,Blue Bugle,Plantae,Lamiaceae,Ajuga,500,353
train,409,8426,1739674,1739674,train_mini/08426_Plantae_Tracheophyta_Magnoliopsida_Lamiales_Lamiaceae_Ajuga_genevensis/905915df-3312-446f-8c1a-fcd0c207fb86.jpg,Ajuga genevensis,Blue Bugle,Plantae,Lamiaceae,Ajuga,500,375
train,409,8426,1658433,1658433,train_mini/08426_Plantae_Tracheophyta_Magnoliopsida_Lamiales_Lamiaceae_Ajuga_genevensis/1e38ad77-92ce-42a7-9e7b-beddb686975b.jpg,Ajuga genevensis,Blue Bugle,Plantae,Lamiaceae,Ajuga,375,500
train,409,8426,2409783,2409783,train_mini/08426_Plantae_Tracheophyta_Magnoliopsida_Lamiales_Lamiaceae_Ajuga_genevensis/850fff0b-2182-48ca-8f9e-d8f535455cdc.jpg,Ajuga genevensis,Blue Bugle,Plantae,Lamiaceae,Ajuga,500,375
train,409,8426,2675589,2675589,train_mini/08426_Plantae_Tracheophyta_Magnoliopsida_Lamiales_Lamiaceae_Ajuga_genevensis/c33f348e-a708-43a7-b927-b5560713886c.jpg,Ajuga genevensis,Blue Bugle,Plantae,Lamiaceae,Ajuga,375,500
train,409,8426,1678282,1678282,train_mini/08426_Plantae_Tracheophyta_Magnoliopsida_Lamiales_Lamiaceae_Ajuga_genevensis/1b4f6afe-4a14-4c02-9a1c-37c8553b9ebf.jpg,Ajuga genevensis,Blue Bugle,Plantae,Lamiaceae,Ajuga,500,281
train,409,8426,1703370,1703370,train_mini/08426_Plantae_Tracheophyta_Magnoliopsida_Lamiales_Lamiaceae_Ajuga_genevensis/ccfe1de6-551e-4204-91d6-37a58b12e249.jpg,Ajuga genevensis,Blue Bugle,Plantae,Lamiaceae,Ajuga,375,500
train,410,8427,1723263,1723263,train_mini/08427_Plantae_Tracheophyta_Magnoliopsida_Lamiales_Lamiaceae_Ajuga_reptans/f2ac4b89-46e5-49b2-96a9-686588ccd9ef.jpg,Ajuga reptans,carpet bugle,Plantae,Lamiaceae,Ajuga,375,500
train,410,8427,2090504,2090504,train_mini/08427_Plantae_Tracheophyta_Magnoliopsida_Lamiales_Lamiaceae_Ajuga_reptans/c81261ca-2bed-4bfd-84ae-76f00d67c0e9.jpg,Ajuga reptans,carpet bugle,Plantae,Lamiaceae,Ajuga,375,500
train,410,8427,1557979,1557979,train_mini/08427_Plantae_Tracheophyta_Magnoliopsida_Lamiales_Lamiaceae_Ajuga_reptans/17bc4053-976d-46b2-bd61-178cbe63de43.jpg,Ajuga reptans,carpet bugle,Plantae,Lamiaceae,Ajuga,375,500
train,410,8427,1663555,1663555,train_mini/08427_Plantae_Tracheophyta_Magnoliopsida_Lamiales_Lamiaceae_Ajuga_reptans/343a3ec9-10eb-45ba-be36-0b2854c6bd68.jpg,Ajuga reptans,carpet bugle,Plantae,Lamiaceae,Ajuga,375,500
train,410,8427,2682560,2682560,train_mini/08427_Plantae_Tracheophyta_Magnoliopsida_Lamiales_Lamiaceae_Ajuga_reptans/4a0479bb-37c1-4c6a-9751-05bf5349ec7a.jpg,Ajuga reptans,carpet bugle,Plantae,Lamiaceae,Ajuga,281,500
train,410,8427,1730723,1730723,train_mini/08427_Plantae_Tracheophyta_Magnoliopsida_Lamiales_Lamiaceae_Ajuga_reptans/dab0ac90-d115-487b-8263-0332733cad14.jpg,Ajuga reptans,carpet bugle,Plantae,Lamiaceae,Ajuga,375,500
train,410,8427,1671679,1671679,train_mini/08427_Plantae_Tracheophyta_Magnoliopsida_Lamiales_Lamiaceae_Ajuga_reptans/a275af98-b923-4681-9353-a75605e1fb90.jpg,Ajuga reptans,carpet bugle,Plantae,Lamiaceae,Ajuga,375,500
train,410,8427,253577,253577,train_mini/08427_Plantae_Tracheophyta_Magnoliopsida_Lamiales_Lamiaceae_Ajuga_reptans/ef08eac6-8117-4f9a-a99c-64808d0c26c5.jpg,Ajuga reptans,carpet bugle,Plantae,Lamiaceae,Ajuga,500,375
train,411,8460,1810647,1810647,train_mini/08460_Plantae_Tracheophyta_Magnoliopsida_Lamiales_Lamiaceae_Melissa_officinalis/cffce5c8-a9c0-41cd-852f-f793b4caf1d9.jpg,Melissa officinalis,lemon balm,Plantae,Lamiaceae,Melissa,375,500
train,411,8460,2104091,2104091,train_mini/08460_Plantae_Tracheophyta_Magnoliopsida_Lamiales_Lamiaceae_Melissa_officinalis/835644c3-d3a7-41f7-ac77-6baad67cd31d.jpg,Melissa officinalis,lemon balm,Plantae,Lamiaceae,Melissa,500,500
train,411,8460,1673995,1673995,train_mini/08460_Plantae_Tracheophyta_Magnoliopsida_Lamiales_Lamiaceae_Melissa_officinalis/46f97ced-2b85-4472-b0f6-53a82f9f5b45.jpg,Melissa officinalis,lemon balm,Plantae,Lamiaceae,Melissa,500,375
train,411,8460,643507,643507,train_mini/08460_Plantae_Tracheophyta_Magnoliopsida_Lamiales_Lamiaceae_Melissa_officinalis/e9061519-ff2f-48ba-9b57-0b5f037f1b4c.jpg,Melissa officinalis,lemon balm,Plantae,Lamiaceae,Melissa,500,375
train,411,8460,1666400,1666400,train_mini/08460_Plantae_Tracheophyta_Magnoliopsida_Lamiales_Lamiaceae_Melissa_officinalis/67e70e82-3a30-4b96-b0d1-a20cf8845346.jpg,Melissa officinalis,lemon balm,Plantae,Lamiaceae,Melissa,375,500
train,411,8460,2337974,2337974,train_mini/08460_Plantae_Tracheophyta_Magnoliopsida_Lamiales_Lamiaceae_Melissa_officinalis/241cf418-3b89-47df-a848-086b8b4f8f35.jpg,Melissa officinalis,lemon balm,Plantae,Lamiaceae,Melissa,375,500
train,411,8460,1218053,1218053,train_mini/08460_Plantae_Tracheophyta_Magnoliopsida_Lamiales_Lamiaceae_Melissa_officinalis/ee3c5ed3-8bd8-48e1-bd8a-73636a090072.jpg,Melissa officinalis,lemon balm,Plantae,Lamiaceae,Melissa,500,361
train,411,8460,2319753,2319753,train_mini/08460_Plantae_Tracheophyta_Magnoliopsida_Lamiales_Lamiaceae_Melissa_officinalis/a55cfacb-1dd0-44a6-a006-5834eb98b75f.jpg,Melissa officinalis,lemon balm,Plantae,Lamiaceae,Melissa,375,500
train,412,8471,240333,240333,train_mini/08471_Plantae_Tracheophyta_Magnoliopsida_Lamiales_Lamiaceae_Monarda_punctata/14742053-2648-471d-995f-e2e8f940fd51.jpg,Monarda punctata,spotted horse mint,Plantae,Lamiaceae,Monarda,375,500
train,412,8471,2400034,2400034,train_mini/08471_Plantae_Tracheophyta_Magnoliopsida_Lamiales_Lamiaceae_Monarda_punctata/810c6981-17a8-4fac-b273-674b45f48ec2.jpg,Monarda punctata,spotted horse mint,Plantae,Lamiaceae,Monarda,375,500
train,412,8471,938359,938359,train_mini/08471_Plantae_Tracheophyta_Magnoliopsida_Lamiales_Lamiaceae_Monarda_punctata/6450d43a-d4f3-4438-ba09-5d30d0c7bd27.jpg,Monarda punctata,spotted horse mint,Plantae,Lamiaceae,Monarda,500,375
train,412,8471,494961,494961,train_mini/08471_Plantae_Tracheophyta_Magnoliopsida_Lamiales_Lamiaceae_Monarda_punctata/7cd34e9e-26a6-4dd4-94f0-744753910d67.jpg,Monarda punctata,spotted horse mint,Plantae,Lamiaceae,Monarda,500,500
train,412,8471,1913499,1913499,train_mini/08471_Plantae_Tracheophyta_Magnoliopsida_Lamiales_Lamiaceae_Monarda_punctata/62cf1bb2-5641-46dc-8e8b-88e1b8ee533c.jpg,Monarda punctata,spotted horse mint,Plantae,Lamiaceae,Monarda,375,500
train,412,8471,804334,804334,train_mini/08471_Plantae_Tracheophyta_Magnoliopsida_Lamiales_Lamiaceae_Monarda_punctata/8a137b1e-8063-4269-9afb-96229bd8aabc.jpg,Monarda punctata,spotted horse mint,Plantae,Lamiaceae,Monarda,375,500
train,412,8471,415170,415170,train_mini/08471_Plantae_Tracheophyta_Magnoliopsida_Lamiales_Lamiaceae_Monarda_punctata/9b7e49d3-ec0f-4902-a790-12d90be9a7fd.jpg,Monarda punctata,spotted horse mint,Plantae,Lamiaceae,Monarda,500,375
train,412,8471,2196977,2196977,train_mini/08471_Plantae_Tracheophyta_Magnoliopsida_Lamiales_Lamiaceae_Monarda_punctata/74cbe017-6703-4582-8ffc-51d678ec4f74.jpg,Monarda punctata,spotted horse mint,Plantae,Lamiaceae,Monarda,375,500
train,413,8482,813987,813987,train_mini/08482_Plantae_Tracheophyta_Magnoliopsida_Lamiales_Lamiaceae_Salvia_apiana/136360ff-4b46-44eb-9c74-9075555444dc.jpg,Salvia apiana,white sage,Plantae,Lamiaceae,Salvia,375,500
train,413,8482,3937,3937,train_mini/08482_Plantae_Tracheophyta_Magnoliopsida_Lamiales_Lamiaceae_Salvia_apiana/1c54a72e-3414-4586-b51a-0ba3bba680f4.jpg,Salvia apiana,white sage,Plantae,Lamiaceae,Salvia,500,375
train,413,8482,38435,38435,train_mini/08482_Plantae_Tracheophyta_Magnoliopsida_Lamiales_Lamiaceae_Salvia_apiana/7105426d-f247-4944-8fe3-8cfa3ea34d14.jpg,Salvia apiana,white sage,Plantae,Lamiaceae,Salvia,500,375
train,413,8482,441858,441858,train_mini/08482_Plantae_Tracheophyta_Magnoliopsida_Lamiales_Lamiaceae_Salvia_apiana/d025940e-1c28-4d2a-9fdf-5aa1e411196d.jpg,Salvia apiana,white sage,Plantae,Lamiaceae,Salvia,500,500
train,413,8482,845574,845574,train_mini/08482_Plantae_Tracheophyta_Magnoliopsida_Lamiales_Lamiaceae_Salvia_apiana/7f4ac51f-5519-4b46-9532-5bd6f5976d10.jpg,Salvia apiana,white sage,Plantae,Lamiaceae,Salvia,500,500
train,413,8482,304964,304964,train_mini/08482_Plantae_Tracheophyta_Magnoliopsida_Lamiales_Lamiaceae_Salvia_apiana/f2835054-2921-430d-92e4-b2e606c52150.jpg,Salvia apiana,white sage,Plantae,Lamiaceae,Salvia,375,500
train,413,8482,1750845,1750845,train_mini/08482_Plantae_Tracheophyta_Magnoliopsida_Lamiales_Lamiaceae_Salvia_apiana/4f68e37f-b3e1-4383-b77d-a97783bfcc85.jpg,Salvia apiana,white sage,Plantae,Lamiaceae,Salvia,375,500
train,413,8482,2356956,2356956,train_mini/08482_Plantae_Tracheophyta_Magnoliopsida_Lamiales_Lamiaceae_Salvia_apiana/58a703fd-fd52-4425-b4ab-375fbd7ed793.jpg,Salvia apiana,white sage,Plantae,Lamiaceae,Salvia,500,333
train,414,8486,781544,781544,train_mini/08486_Plantae_Tracheophyta_Magnoliopsida_Lamiales_Lamiaceae_Salvia_columbariae/a8b363b4-4bb6-4f5c-8534-e2c01565df3e.jpg,Salvia columbariae,chia,Plantae,Lamiaceae,Salvia,500,378
train,414,8486,1464774,1464774,train_mini/08486_Plantae_Tracheophyta_Magnoliopsida_Lamiales_Lamiaceae_Salvia_columbariae/67573734-d2f1-43e1-86e8-9575f80fd97c.jpg,Salvia columbariae,chia,Plantae,Lamiaceae,Salvia,375,500
train,414,8486,1534098,1534098,train_mini/08486_Plantae_Tracheophyta_Magnoliopsida_Lamiales_Lamiaceae_Salvia_columbariae/e697227d-0da4-4848-a32d-1945b48ffab2.jpg,Salvia columbariae,chia,Plantae,Lamiaceae,Salvia,375,500
train,414,8486,1725263,1725263,train_mini/08486_Plantae_Tracheophyta_Magnoliopsida_Lamiales_Lamiaceae_Salvia_columbariae/0d2cd5c9-0e7d-45a9-9196-d71ecf648a89.jpg,Salvia columbariae,chia,Plantae,Lamiaceae,Salvia,375,500
train,414,8486,165565,165565,train_mini/08486_Plantae_Tracheophyta_Magnoliopsida_Lamiales_Lamiaceae_Salvia_columbariae/ed47a351-1cb3-4c6b-ab63-f517337ffe0f.jpg,Salvia columbariae,chia,Plantae,Lamiaceae,Salvia,375,500
train,414,8486,1488402,1488402,train_mini/08486_Plantae_Tracheophyta_Magnoliopsida_Lamiales_Lamiaceae_Salvia_columbariae/b0e0b26f-29bc-445e-b094-f4cb5c4f39e2.jpg,Salvia columbariae,chia,Plantae,Lamiaceae,Salvia,375,500
train,414,8486,82025,82025,train_mini/08486_Plantae_Tracheophyta_Magnoliopsida_Lamiales_Lamiaceae_Salvia_columbariae/02193434-2008-4a95-b6f6-fa267bd6a5ac.jpg,Salvia columbariae,chia,Plantae,Lamiaceae,Salvia,375,500
train,414,8486,1401989,1401989,train_mini/08486_Plantae_Tracheophyta_Magnoliopsida_Lamiales_Lamiaceae_Salvia_columbariae/e74debeb-a8a1-4207-9861-a0fd3464df9e.jpg,Salvia columbariae,chia,Plantae,Lamiaceae,Salvia,500,500
train,415,8512,2658674,2658674,train_mini/08512_Plantae_Tracheophyta_Magnoliopsida_Lamiales_Lamiaceae_Stachys_palustris/6d0ac247-c082-4eaf-836e-5ca6e4a1090b.jpg,Stachys palustris,Marsh Woundwort,Plantae,Lamiaceae,Stachys,375,500
train,415,8512,1076695,1076695,train_mini/08512_Plantae_Tracheophyta_Magnoliopsida_Lamiales_Lamiaceae_Stachys_palustris/a6f75323-ee01-4397-ba10-dc0783293e7d.jpg,Stachys palustris,Marsh Woundwort,Plantae,Lamiaceae,Stachys,500,375
train,415,8512,2054509,2054509,train_mini/08512_Plantae_Tracheophyta_Magnoliopsida_Lamiales_Lamiaceae_Stachys_palustris/b1d5e497-ffdd-4aac-8df5-065eada64d4b.jpg,Stachys palustris,Marsh Woundwort,Plantae,Lamiaceae,Stachys,375,500
train,415,8512,2299320,2299320,train_mini/08512_Plantae_Tracheophyta_Magnoliopsida_Lamiales_Lamiaceae_Stachys_palustris/ecc211ed-461c-437d-9d52-4a9e1610c614.jpg,Stachys palustris,Marsh Woundwort,Plantae,Lamiaceae,Stachys,500,375
train,415,8512,2193894,2193894,train_mini/08512_Plantae_Tracheophyta_Magnoliopsida_Lamiales_Lamiaceae_Stachys_palustris/c57f1c79-76fd-442b-9ed8-88ee18088ab6.jpg,Stachys palustris,Marsh Woundwort,Plantae,Lamiaceae,Stachys,500,375
train,415,8512,2669031,2669031,train_mini/08512_Plantae_Tracheophyta_Magnoliopsida_Lamiales_Lamiaceae_Stachys_palustris/f374a48a-9374-4450-b9dc-782c99cda234.jpg,Stachys palustris,Marsh Woundwort,Plantae,Lamiaceae,Stachys,375,500
train,415,8512,2107925,2107925,train_mini/08512_Plantae_Tracheophyta_Magnoliopsida_Lamiales_Lamiaceae_Stachys_palustris/c5a03de7-709c-4778-8719-59cf45069b88.jpg,Stachys palustris,Marsh Woundwort,Plantae,Lamiaceae,Stachys,375,500
train,415,8512,2096518,2096518,train_mini/08512_Plantae_Tracheophyta_Magnoliopsida_Lamiales_Lamiaceae_Stachys_palustris/94084f6d-f730-4f8f-acda-7c3ee585b762.jpg,Stachys palustris,Marsh Woundwort,Plantae,Lamiaceae,Stachys,333,500
train,416,8523,1715096,1715096,train_mini/08523_Plantae_Tracheophyta_Magnoliopsida_Lamiales_Lamiaceae_Trichostema_lanatum/ba11b05f-9763-403c-be6a-dcec1d4d1cdb.jpg,Trichostema lanatum,woolly blue curls,Plantae,Lamiaceae,Trichostema,500,375
train,416,8523,2017250,2017250,train_mini/08523_Plantae_Tracheophyta_Magnoliopsida_Lamiales_Lamiaceae_Trichostema_lanatum/2ec342ee-ffb9-435a-a318-cb5bb30a3b54.jpg,Trichostema lanatum,woolly blue curls,Plantae,Lamiaceae,Trichostema,375,500
train,416,8523,645383,645383,train_mini/08523_Plantae_Tracheophyta_Magnoliopsida_Lamiales_Lamiaceae_Trichostema_lanatum/c1c7f27e-07e6-4659-97d6-54664490f361.jpg,Trichostema lanatum,woolly blue curls,Plantae,Lamiaceae,Trichostema,375,500
train,416,8523,1608713,1608713,train_mini/08523_Plantae_Tracheophyta_Magnoliopsida_Lamiales_Lamiaceae_Trichostema_lanatum/124d9fd7-b64c-4b4f-ab40-d157a5516079.jpg,Trichostema lanatum,woolly blue curls,Plantae,Lamiaceae,Trichostema,375,500
train,416,8523,1519705,1519705,train_mini/08523_Plantae_Tracheophyta_Magnoliopsida_Lamiales_Lamiaceae_Trichostema_lanatum/c5805d77-fca0-4b51-af81-0336336c1ed2.jpg,Trichostema lanatum,woolly blue curls,Plantae,Lamiaceae,Trichostema,375,500
train,416,8523,396479,396479,train_mini/08523_Plantae_Tracheophyta_Magnoliopsida_Lamiales_Lamiaceae_Trichostema_lanatum/d5b9f3db-7995-404c-ba83-3f139d18084a.jpg,Trichostema lanatum,woolly blue curls,Plantae,Lamiaceae,Trichostema,281,500
train,416,8523,1647441,1647441,train_mini/08523_Plantae_Tracheophyta_Magnoliopsida_Lamiales_Lamiaceae_Trichostema_lanatum/e97d8a5d-ef36-4a53-a6df-8d5979036545.jpg,Trichostema lanatum,woolly blue curls,Plantae,Lamiaceae,Trichostema,375,500
train,416,8523,1548560,1548560,train_mini/08523_Plantae_Tracheophyta_Magnoliopsida_Lamiales_Lamiaceae_Trichostema_lanatum/3d255fb8-491f-4572-ba6d-d57118d6c7be.jpg,Trichostema lanatum,woolly blue curls,Plantae,Lamiaceae,Trichostema,500,375
train,417,8526,248147,248147,train_mini/08526_Plantae_Tracheophyta_Magnoliopsida_Lamiales_Lamiaceae_Vitex_agnus-castus/04050d85-4848-4655-a67e-01489b21f670.jpg,Vitex agnus-castus,Lilac chaste tree,Plantae,Lamiaceae,Vitex,500,375
train,417,8526,2109159,2109159,train_mini/08526_Plantae_Tracheophyta_Magnoliopsida_Lamiales_Lamiaceae_Vitex_agnus-castus/f695634b-7590-4435-92ba-56d82f4be662.jpg,Vitex agnus-castus,Lilac chaste tree,Plantae,Lamiaceae,Vitex,375,500
train,417,8526,1750756,1750756,train_mini/08526_Plantae_Tracheophyta_Magnoliopsida_Lamiales_Lamiaceae_Vitex_agnus-castus/b4f43065-e4e4-417d-b17d-b4253523c13f.jpg,Vitex agnus-castus,Lilac chaste tree,Plantae,Lamiaceae,Vitex,375,500
train,417,8526,1691664,1691664,train_mini/08526_Plantae_Tracheophyta_Magnoliopsida_Lamiales_Lamiaceae_Vitex_agnus-castus/6528e5ee-6676-4156-a343-7bdf2e62d9f8.jpg,Vitex agnus-castus,Lilac chaste tree,Plantae,Lamiaceae,Vitex,375,500
train,417,8526,1950312,1950312,train_mini/08526_Plantae_Tracheophyta_Magnoliopsida_Lamiales_Lamiaceae_Vitex_agnus-castus/0a311733-ca23-40a2-85da-047e5e3646b6.jpg,Vitex agnus-castus,Lilac chaste tree,Plantae,Lamiaceae,Vitex,500,375
train,417,8526,1728997,1728997,train_mini/08526_Plantae_Tracheophyta_Magnoliopsida_Lamiales_Lamiaceae_Vitex_agnus-castus/526002ee-fb2c-4975-bebe-e495a4c29842.jpg,Vitex agnus-castus,Lilac chaste tree,Plantae,Lamiaceae,Vitex,375,500
train,417,8526,1059270,1059270,train_mini/08526_Plantae_Tracheophyta_Magnoliopsida_Lamiales_Lamiaceae_Vitex_agnus-castus/6c64f77a-c222-40fa-a552-5411bc30bb1f.jpg,Vitex agnus-castus,Lilac chaste tree,Plantae,Lamiaceae,Vitex,375,500
train,417,8526,2208693,2208693,train_mini/08526_Plantae_Tracheophyta_Magnoliopsida_Lamiales_Lamiaceae_Vitex_agnus-castus/1e0d1602-b0d4-4b8a-810b-ec48f2552f0f.jpg,Vitex agnus-castus,Lilac chaste tree,Plantae,Lamiaceae,Vitex,375,500
train,418,8569,2685116,2685116,train_mini/08569_Plantae_Tracheophyta_Magnoliopsida_Lamiales_Orobanchaceae_Castilleja_arvensis/bf1cceee-1a32-4abe-8475-de010981834f.jpg,Castilleja arvensis,field Indian paintbrush,Plantae,Orobanchaceae,Castilleja,375,500
train,418,8569,1300236,1300236,train_mini/08569_Plantae_Tracheophyta_Magnoliopsida_Lamiales_Orobanchaceae_Castilleja_arvensis/4ed1aa81-d429-4cad-8410-2d62d86f9d83.jpg,Castilleja arvensis,field Indian paintbrush,Plantae,Orobanchaceae,Castilleja,500,250
train,418,8569,1294959,1294959,train_mini/08569_Plantae_Tracheophyta_Magnoliopsida_Lamiales_Orobanchaceae_Castilleja_arvensis/55f49d1d-cde5-4b58-88aa-25a26955e6d1.jpg,Castilleja arvensis,field Indian paintbrush,Plantae,Orobanchaceae,Castilleja,375,500
train,418,8569,625731,625731,train_mini/08569_Plantae_Tracheophyta_Magnoliopsida_Lamiales_Orobanchaceae_Castilleja_arvensis/0668203a-6d29-4d9f-8f06-ae531a342e6a.jpg,Castilleja arvensis,field Indian paintbrush,Plantae,Orobanchaceae,Castilleja,375,500
train,418,8569,1615554,1615554,train_mini/08569_Plantae_Tracheophyta_Magnoliopsida_Lamiales_Orobanchaceae_Castilleja_arvensis/94e4e950-1f46-401f-b453-8d940985e09a.jpg,Castilleja arvensis,field Indian paintbrush,Plantae,Orobanchaceae,Castilleja,375,500
train,418,8569,1653521,1653521,train_mini/08569_Plantae_Tracheophyta_Magnoliopsida_Lamiales_Orobanchaceae_Castilleja_arvensis/730717fc-a65b-492a-ab3a-603da970cdc9.jpg,Castilleja arvensis,field Indian paintbrush,Plantae,Orobanchaceae,Castilleja,373,500
train,418,8569,668669,668669,train_mini/08569_Plantae_Tracheophyta_Magnoliopsida_Lamiales_Orobanchaceae_Castilleja_arvensis/b29f0e32-37a7-4b81-8570-0f191f138d03.jpg,Castilleja arvensis,field Indian paintbrush,Plantae,Orobanchaceae,Castilleja,500,375
train,418,8569,1730541,1730541,train_mini/08569_Plantae_Tracheophyta_Magnoliopsida_Lamiales_Orobanchaceae_Castilleja_arvensis/335a74e8-ded2-4756-9b5b-b3e340387935.jpg,Castilleja arvensis,field Indian paintbrush,Plantae,Orobanchaceae,Castilleja,382,500
train,419,8583,359496,359496,train_mini/08583_Plantae_Tracheophyta_Magnoliopsida_Lamiales_Orobanchaceae_Castilleja_purpurea/1bf70042-188e-48d8-bd96-940dd2fd3767.jpg,Castilleja purpurea,Purple paintbrush,Plantae,Orobanchaceae,Castilleja,375,500
train,419,8583,1545877,1545877,train_mini/08583_Plantae_Tracheophyta_Magnoliopsida_Lamiales_Orobanchaceae_Castilleja_purpurea/42c86c4c-8581-4420-93c7-3ac3a3e40503.jpg,Castilleja purpurea,Purple paintbrush,Plantae,Orobanchaceae,Castilleja,375,500
train,419,8583,842606,842606,train_mini/08583_Plantae_Tracheophyta_Magnoliopsida_Lamiales_Orobanchaceae_Castilleja_purpurea/81ab1f71-4965-432c-b49e-424aaa4157ca.jpg,Castilleja purpurea,Purple paintbrush,Plantae,Orobanchaceae,Castilleja,375,500
train,419,8583,184487,184487,train_mini/08583_Plantae_Tracheophyta_Magnoliopsida_Lamiales_Orobanchaceae_Castilleja_purpurea/4ab1a08e-2bba-4971-93b4-bb35434c8c1c.jpg,Castilleja purpurea,Purple paintbrush,Plantae,Orobanchaceae,Castilleja,375,500
train,419,8583,344302,344302,train_mini/08583_Plantae_Tracheophyta_Magnoliopsida_Lamiales_Orobanchaceae_Castilleja_purpurea/08f34299-69b9-4bc6-8cf1-b85b725243ed.jpg,Castilleja purpurea,Purple paintbrush,Plantae,Orobanchaceae,Castilleja,500,281
train,419,8583,2209022,2209022,train_mini/08583_Plantae_Tracheophyta_Magnoliopsida_Lamiales_Orobanchaceae_Castilleja_purpurea/78e742f1-916c-4c3e-b607-3130e03dfd44.jpg,Castilleja purpurea,Purple paintbrush,Plantae,Orobanchaceae,Castilleja,375,500
train,419,8583,1522849,1522849,train_mini/08583_Plantae_Tracheophyta_Magnoliopsida_Lamiales_Orobanchaceae_Castilleja_purpurea/574fb072-b6e7-4460-be9f-103d0e9b11dd.jpg,Castilleja purpurea,Purple paintbrush,Plantae,Orobanchaceae,Castilleja,375,500
train,419,8583,1513832,1513832,train_mini/08583_Plantae_Tracheophyta_Magnoliopsida_Lamiales_Orobanchaceae_Castilleja_purpurea/04b20823-671a-4031-bc9d-5510ff695c75.jpg,Castilleja purpurea,Purple paintbrush,Plantae,Orobanchaceae,Castilleja,375,500
train,420,8592,2331948,2331948,train_mini/08592_Plantae_Tracheophyta_Magnoliopsida_Lamiales_Orobanchaceae_Epifagus_virginiana/bdace01a-552a-4557-a00d-9b073a981d41.jpg,Epifagus virginiana,Beechdrops,Plantae,Orobanchaceae,Epifagus,375,500
train,420,8592,542337,542337,train_mini/08592_Plantae_Tracheophyta_Magnoliopsida_Lamiales_Orobanchaceae_Epifagus_virginiana/9d0dc4d4-c5d1-422f-820f-e4e351bfc71c.jpg,Epifagus virginiana,Beechdrops,Plantae,Orobanchaceae,Epifagus,333,500
train,420,8592,2338687,2338687,train_mini/08592_Plantae_Tracheophyta_Magnoliopsida_Lamiales_Orobanchaceae_Epifagus_virginiana/6aa8f035-93cb-4609-9339-b9a03b7c361f.jpg,Epifagus virginiana,Beechdrops,Plantae,Orobanchaceae,Epifagus,375,500
train,420,8592,563600,563600,train_mini/08592_Plantae_Tracheophyta_Magnoliopsida_Lamiales_Orobanchaceae_Epifagus_virginiana/0d91a926-b092-497f-b685-0b37e1d806d5.jpg,Epifagus virginiana,Beechdrops,Plantae,Orobanchaceae,Epifagus,375,500
train,420,8592,2359987,2359987,train_mini/08592_Plantae_Tracheophyta_Magnoliopsida_Lamiales_Orobanchaceae_Epifagus_virginiana/569c6834-519b-45c1-b776-128a40f510c0.jpg,Epifagus virginiana,Beechdrops,Plantae,Orobanchaceae,Epifagus,375,500
train,420,8592,988312,988312,train_mini/08592_Plantae_Tracheophyta_Magnoliopsida_Lamiales_Orobanchaceae_Epifagus_virginiana/ed4eee29-6e06-4936-89d5-b48a74c085a3.jpg,Epifagus virginiana,Beechdrops,Plantae,Orobanchaceae,Epifagus,375,500
train,420,8592,2351353,2351353,train_mini/08592_Plantae_Tracheophyta_Magnoliopsida_Lamiales_Orobanchaceae_Epifagus_virginiana/dfb34a87-71f2-4ccb-a73c-9f71a45cb9b5.jpg,Epifagus virginiana,Beechdrops,Plantae,Orobanchaceae,Epifagus,375,500
train,420,8592,2296525,2296525,train_mini/08592_Plantae_Tracheophyta_Magnoliopsida_Lamiales_Orobanchaceae_Epifagus_virginiana/64cfbff0-db20-4908-96c4-a7a0fc90d30b.jpg,Epifagus virginiana,Beechdrops,Plantae,Orobanchaceae,Epifagus,333,500
train,421,8600,2221160,2221160,train_mini/08600_Plantae_Tracheophyta_Magnoliopsida_Lamiales_Orobanchaceae_Odontites_vulgaris/c4fe50dc-9880-4c5c-bf78-31fac46ab47c.jpg,Odontites vulgaris,Red Odontites,Plantae,Orobanchaceae,Odontites,375,500
train,421,8600,2165243,2165243,train_mini/08600_Plantae_Tracheophyta_Magnoliopsida_Lamiales_Orobanchaceae_Odontites_vulgaris/e35924cc-caa0-44d4-bec0-2298e5feba48.jpg,Odontites vulgaris,Red Odontites,Plantae,Orobanchaceae,Odontites,500,395
train,421,8600,2206374,2206374,train_mini/08600_Plantae_Tracheophyta_Magnoliopsida_Lamiales_Orobanchaceae_Odontites_vulgaris/f5ce7c09-9d32-45fe-bda7-69ff98fb7223.jpg,Odontites vulgaris,Red Odontites,Plantae,Orobanchaceae,Odontites,375,500
train,421,8600,2318397,2318397,train_mini/08600_Plantae_Tracheophyta_Magnoliopsida_Lamiales_Orobanchaceae_Odontites_vulgaris/48419d5b-6334-43d6-bb4e-a126afd9f7a1.jpg,Odontites vulgaris,Red Odontites,Plantae,Orobanchaceae,Odontites,500,333
train,421,8600,2241806,2241806,train_mini/08600_Plantae_Tracheophyta_Magnoliopsida_Lamiales_Orobanchaceae_Odontites_vulgaris/b13f0c8b-bc5b-4d8e-bed7-1876aaef6e2d.jpg,Odontites vulgaris,Red Odontites,Plantae,Orobanchaceae,Odontites,387,500
train,421,8600,2126453,2126453,train_mini/08600_Plantae_Tracheophyta_Magnoliopsida_Lamiales_Orobanchaceae_Odontites_vulgaris/59331acb-8e59-41ef-92a3-0f6ed762bd6f.jpg,Odontites vulgaris,Red Odontites,Plantae,Orobanchaceae,Odontites,375,500
train,421,8600,517177,517177,train_mini/08600_Plantae_Tracheophyta_Magnoliopsida_Lamiales_Orobanchaceae_Odontites_vulgaris/a9516508-44e2-4dbc-8e8d-e279d2fef917.jpg,Odontites vulgaris,Red Odontites,Plantae,Orobanchaceae,Odontites,281,500
train,421,8600,1332736,1332736,train_mini/08600_Plantae_Tracheophyta_Magnoliopsida_Lamiales_Orobanchaceae_Odontites_vulgaris/919b7bde-e90b-4dc5-a611-ab04f4eb8e6d.jpg,Odontites vulgaris,Red Odontites,Plantae,Orobanchaceae,Odontites,375,500
train,422,8606,1416273,1416273,train_mini/08606_Plantae_Tracheophyta_Magnoliopsida_Lamiales_Orobanchaceae_Pedicularis_densiflora/88f3c67e-24af-4c9f-85d4-2ac640428f39.jpg,Pedicularis densiflora,Indian Warrior,Plantae,Orobanchaceae,Pedicularis,500,375
train,422,8606,376850,376850,train_mini/08606_Plantae_Tracheophyta_Magnoliopsida_Lamiales_Orobanchaceae_Pedicularis_densiflora/b006306a-5f17-4996-b73a-35029c6b0b49.jpg,Pedicularis densiflora,Indian Warrior,Plantae,Orobanchaceae,Pedicularis,375,500
train,422,8606,1528193,1528193,train_mini/08606_Plantae_Tracheophyta_Magnoliopsida_Lamiales_Orobanchaceae_Pedicularis_densiflora/14d278f5-9bc9-4ff9-9e09-b50e6fe85da9.jpg,Pedicularis densiflora,Indian Warrior,Plantae,Orobanchaceae,Pedicularis,281,500
train,422,8606,1350406,1350406,train_mini/08606_Plantae_Tracheophyta_Magnoliopsida_Lamiales_Orobanchaceae_Pedicularis_densiflora/c369bb3e-3760-44d8-b0c7-80047e9c4c04.jpg,Pedicularis densiflora,Indian Warrior,Plantae,Orobanchaceae,Pedicularis,375,500
train,422,8606,1394571,1394571,train_mini/08606_Plantae_Tracheophyta_Magnoliopsida_Lamiales_Orobanchaceae_Pedicularis_densiflora/e3d21249-43ef-4b94-aaef-a34c1e85da48.jpg,Pedicularis densiflora,Indian Warrior,Plantae,Orobanchaceae,Pedicularis,375,500
train,422,8606,814068,814068,train_mini/08606_Plantae_Tracheophyta_Magnoliopsida_Lamiales_Orobanchaceae_Pedicularis_densiflora/d8776a08-9c57-4545-a230-4e53efb5c0bd.jpg,Pedicularis densiflora,Indian Warrior,Plantae,Orobanchaceae,Pedicularis,500,375
train,422,8606,8952,8952,train_mini/08606_Plantae_Tracheophyta_Magnoliopsida_Lamiales_Orobanchaceae_Pedicularis_densiflora/60cd149e-a7d9-4e77-bd0c-d6b90c42ad2c.jpg,Pedicularis densiflora,Indian Warrior,Plantae,Orobanchaceae,Pedicularis,480,358
train,422,8606,1551014,1551014,train_mini/08606_Plantae_Tracheophyta_Magnoliopsida_Lamiales_Orobanchaceae_Pedicularis_densiflora/f697ffeb-9d64-4adc-a155-89e12e3fb9a9.jpg,Pedicularis densiflora,Indian Warrior,Plantae,Orobanchaceae,Pedicularis,375,500
train,423,8626,502494,502494,train_mini/08626_Plantae_Tracheophyta_Magnoliopsida_Lamiales_Phrymaceae_Erythranthe_cardinalis/e21a2054-4127-43cc-bfb5-a99caf8b8776.jpg,Erythranthe cardinalis,scarlet monkeyflower,Plantae,Phrymaceae,Erythranthe,375,500
train,423,8626,469542,469542,train_mini/08626_Plantae_Tracheophyta_Magnoliopsida_Lamiales_Phrymaceae_Erythranthe_cardinalis/fffc51e0-cdae-4dab-b4cd-23fbe2cbb50a.jpg,Erythranthe cardinalis,scarlet monkeyflower,Plantae,Phrymaceae,Erythranthe,500,375
train,423,8626,1043423,1043423,train_mini/08626_Plantae_Tracheophyta_Magnoliopsida_Lamiales_Phrymaceae_Erythranthe_cardinalis/9b0a9ae2-051b-48ed-9e07-dbe469e595f4.jpg,Erythranthe cardinalis,scarlet monkeyflower,Plantae,Phrymaceae,Erythranthe,375,500
train,423,8626,2505243,2505243,train_mini/08626_Plantae_Tracheophyta_Magnoliopsida_Lamiales_Phrymaceae_Erythranthe_cardinalis/f14c3901-0af5-45d3-a096-69628c392c77.jpg,Erythranthe cardinalis,scarlet monkeyflower,Plantae,Phrymaceae,Erythranthe,281,500
train,423,8626,2093244,2093244,train_mini/08626_Plantae_Tracheophyta_Magnoliopsida_Lamiales_Phrymaceae_Erythranthe_cardinalis/2111a3d8-c274-4420-93ca-325da51a74d3.jpg,Erythranthe cardinalis,scarlet monkeyflower,Plantae,Phrymaceae,Erythranthe,500,375
train,423,8626,1357322,1357322,train_mini/08626_Plantae_Tracheophyta_Magnoliopsida_Lamiales_Phrymaceae_Erythranthe_cardinalis/761fc76e-616e-4d81-b6e6-df6227c9406c.jpg,Erythranthe cardinalis,scarlet monkeyflower,Plantae,Phrymaceae,Erythranthe,500,324
train,423,8626,2351949,2351949,train_mini/08626_Plantae_Tracheophyta_Magnoliopsida_Lamiales_Phrymaceae_Erythranthe_cardinalis/ca99eca3-f7a8-44e2-96b5-1c2f53e47d83.jpg,Erythranthe cardinalis,scarlet monkeyflower,Plantae,Phrymaceae,Erythranthe,415,500
train,423,8626,2192176,2192176,train_mini/08626_Plantae_Tracheophyta_Magnoliopsida_Lamiales_Phrymaceae_Erythranthe_cardinalis/78cf92dd-1484-444e-bbb4-8884574d9eec.jpg,Erythranthe cardinalis,scarlet monkeyflower,Plantae,Phrymaceae,Erythranthe,281,500
train,424,8633,995891,995891,train_mini/08633_Plantae_Tracheophyta_Magnoliopsida_Lamiales_Phrymaceae_Phryma_leptostachya/99218892-a914-43e1-ad0f-624129b74bcc.jpg,Phryma leptostachya,American lopseed,Plantae,Phrymaceae,Phryma,375,500
train,424,8633,1129602,1129602,train_mini/08633_Plantae_Tracheophyta_Magnoliopsida_Lamiales_Phrymaceae_Phryma_leptostachya/ff2ad623-ee56-4a21-a9ad-ade5c265873a.jpg,Phryma leptostachya,American lopseed,Plantae,Phrymaceae,Phryma,500,333
train,424,8633,912987,912987,train_mini/08633_Plantae_Tracheophyta_Magnoliopsida_Lamiales_Phrymaceae_Phryma_leptostachya/7b77aac2-7ac5-4795-bcf2-bdd26d16aad5.jpg,Phryma leptostachya,American lopseed,Plantae,Phrymaceae,Phryma,356,500
train,424,8633,930070,930070,train_mini/08633_Plantae_Tracheophyta_Magnoliopsida_Lamiales_Phrymaceae_Phryma_leptostachya/b46672fb-7b94-47de-98c2-796593a24b7d.jpg,Phryma leptostachya,American lopseed,Plantae,Phrymaceae,Phryma,375,500
train,424,8633,1983142,1983142,train_mini/08633_Plantae_Tracheophyta_Magnoliopsida_Lamiales_Phrymaceae_Phryma_leptostachya/8d10bb89-d796-43f3-bea1-6a91400cc401.jpg,Phryma leptostachya,American lopseed,Plantae,Phrymaceae,Phryma,375,500
train,424,8633,1922124,1922124,train_mini/08633_Plantae_Tracheophyta_Magnoliopsida_Lamiales_Phrymaceae_Phryma_leptostachya/d70c68fe-5520-4d17-a5f0-e0d879d5f0df.jpg,Phryma leptostachya,American lopseed,Plantae,Phrymaceae,Phryma,375,500
train,424,8633,1912055,1912055,train_mini/08633_Plantae_Tracheophyta_Magnoliopsida_Lamiales_Phrymaceae_Phryma_leptostachya/1a901060-e5fb-4299-9627-02be9bb2582f.jpg,Phryma leptostachya,American lopseed,Plantae,Phrymaceae,Phryma,281,500
train,424,8633,1970125,1970125,train_mini/08633_Plantae_Tracheophyta_Magnoliopsida_Lamiales_Phrymaceae_Phryma_leptostachya/e648f722-6e3b-4eb2-8dd5-5aa2b5d71d0b.jpg,Phryma leptostachya,American lopseed,Plantae,Phrymaceae,Phryma,500,375
train,425,8687,1033480,1033480,train_mini/08687_Plantae_Tracheophyta_Magnoliopsida_Lamiales_Plantaginaceae_Veronica_americana/0667e83d-2490-4323-bcf5-9cb7a2db01a4.jpg,Veronica americana,American brooklime,Plantae,Plantaginaceae,Veronica,375,500
train,425,8687,99760,99760,train_mini/08687_Plantae_Tracheophyta_Magnoliopsida_Lamiales_Plantaginaceae_Veronica_americana/a5a86e4a-33ef-47a5-bf73-7f37afffcb8e.jpg,Veronica americana,American brooklime,Plantae,Plantaginaceae,Veronica,500,375
train,425,8687,1853714,1853714,train_mini/08687_Plantae_Tracheophyta_Magnoliopsida_Lamiales_Plantaginaceae_Veronica_americana/3dd9c7df-7026-4fda-9616-769649889c72.jpg,Veronica americana,American brooklime,Plantae,Plantaginaceae,Veronica,375,500
train,425,8687,1269197,1269197,train_mini/08687_Plantae_Tracheophyta_Magnoliopsida_Lamiales_Plantaginaceae_Veronica_americana/cd428460-19ba-4836-a0de-f7b147e9cdd8.jpg,Veronica americana,American brooklime,Plantae,Plantaginaceae,Veronica,334,500
train,425,8687,507669,507669,train_mini/08687_Plantae_Tracheophyta_Magnoliopsida_Lamiales_Plantaginaceae_Veronica_americana/005a57b3-9f8d-45ec-8e6e-f40c1018f6c8.jpg,Veronica americana,American brooklime,Plantae,Plantaginaceae,Veronica,281,500
train,425,8687,1960443,1960443,train_mini/08687_Plantae_Tracheophyta_Magnoliopsida_Lamiales_Plantaginaceae_Veronica_americana/d8c5c6cb-31e0-4943-9273-b75f86e64dcf.jpg,Veronica americana,American brooklime,Plantae,Plantaginaceae,Veronica,375,500
train,425,8687,2292139,2292139,train_mini/08687_Plantae_Tracheophyta_Magnoliopsida_Lamiales_Plantaginaceae_Veronica_americana/8af2e892-9752-455d-a34c-5e4b7ee55e16.jpg,Veronica americana,American brooklime,Plantae,Plantaginaceae,Veronica,375,500
train,425,8687,1741233,1741233,train_mini/08687_Plantae_Tracheophyta_Magnoliopsida_Lamiales_Plantaginaceae_Veronica_americana/4223f91a-08bd-4208-87e1-31fcd80534ac.jpg,Veronica americana,American brooklime,Plantae,Plantaginaceae,Veronica,500,500
train,426,8693,805069,805069,train_mini/08693_Plantae_Tracheophyta_Magnoliopsida_Lamiales_Plantaginaceae_Veronica_filiformis/138d6615-c959-4d92-902a-95dc8604ec50.jpg,Veronica filiformis,Slender speedwell,Plantae,Plantaginaceae,Veronica,375,500
train,426,8693,2160882,2160882,train_mini/08693_Plantae_Tracheophyta_Magnoliopsida_Lamiales_Plantaginaceae_Veronica_filiformis/a1be1daa-b7ce-4a82-81a2-ef818d8e20e4.jpg,Veronica filiformis,Slender speedwell,Plantae,Plantaginaceae,Veronica,500,281
train,426,8693,1454876,1454876,train_mini/08693_Plantae_Tracheophyta_Magnoliopsida_Lamiales_Plantaginaceae_Veronica_filiformis/a3087605-9439-4b15-af15-1a238f1f90fd.jpg,Veronica filiformis,Slender speedwell,Plantae,Plantaginaceae,Veronica,375,500
train,426,8693,2474255,2474255,train_mini/08693_Plantae_Tracheophyta_Magnoliopsida_Lamiales_Plantaginaceae_Veronica_filiformis/a5d5288e-4d56-490e-96ec-b5becac9219c.jpg,Veronica filiformis,Slender speedwell,Plantae,Plantaginaceae,Veronica,500,333
train,426,8693,1601163,1601163,train_mini/08693_Plantae_Tracheophyta_Magnoliopsida_Lamiales_Plantaginaceae_Veronica_filiformis/10c04c5f-9c7d-4162-b55d-c32297b88c49.jpg,Veronica filiformis,Slender speedwell,Plantae,Plantaginaceae,Veronica,375,500
train,426,8693,1750652,1750652,train_mini/08693_Plantae_Tracheophyta_Magnoliopsida_Lamiales_Plantaginaceae_Veronica_filiformis/dec475e8-f05a-4e70-a2da-8997a9b5d7b4.jpg,Veronica filiformis,Slender speedwell,Plantae,Plantaginaceae,Veronica,500,375
train,426,8693,1742831,1742831,train_mini/08693_Plantae_Tracheophyta_Magnoliopsida_Lamiales_Plantaginaceae_Veronica_filiformis/ef4185a0-32a9-4fe6-b921-240df8d8c553.jpg,Veronica filiformis,Slender speedwell,Plantae,Plantaginaceae,Veronica,500,333
train,426,8693,526955,526955,train_mini/08693_Plantae_Tracheophyta_Magnoliopsida_Lamiales_Plantaginaceae_Veronica_filiformis/bc177dcf-7c26-466d-ab2d-c6e9f822d6a2.jpg,Veronica filiformis,Slender speedwell,Plantae,Plantaginaceae,Veronica,500,266
train,427,8709,796419,796419,train_mini/08709_Plantae_Tracheophyta_Magnoliopsida_Lamiales_Scrophulariaceae_Buddleja_davidii/c416cac4-edfb-4c75-9e59-05b8444015ce.jpg,Buddleja davidii,Butterfly bush,Plantae,Scrophulariaceae,Buddleja,375,500
train,427,8709,1946140,1946140,train_mini/08709_Plantae_Tracheophyta_Magnoliopsida_Lamiales_Scrophulariaceae_Buddleja_davidii/b9755fc7-491f-4b21-aaf6-93709024b566.jpg,Buddleja davidii,Butterfly bush,Plantae,Scrophulariaceae,Buddleja,375,500
train,427,8709,2053174,2053174,train_mini/08709_Plantae_Tracheophyta_Magnoliopsida_Lamiales_Scrophulariaceae_Buddleja_davidii/7d67ec1c-28b0-4408-ae18-044e3ab5b27c.jpg,Buddleja davidii,Butterfly bush,Plantae,Scrophulariaceae,Buddleja,375,500
train,427,8709,2422111,2422111,train_mini/08709_Plantae_Tracheophyta_Magnoliopsida_Lamiales_Scrophulariaceae_Buddleja_davidii/9a1671cd-be20-4b7f-841f-ada815ce237a.jpg,Buddleja davidii,Butterfly bush,Plantae,Scrophulariaceae,Buddleja,500,338
train,427,8709,564671,564671,train_mini/08709_Plantae_Tracheophyta_Magnoliopsida_Lamiales_Scrophulariaceae_Buddleja_davidii/2dc4244a-143b-4052-b65a-96621a2d875a.jpg,Buddleja davidii,Butterfly bush,Plantae,Scrophulariaceae,Buddleja,500,281
train,427,8709,223054,223054,train_mini/08709_Plantae_Tracheophyta_Magnoliopsida_Lamiales_Scrophulariaceae_Buddleja_davidii/3a337941-e1b0-4658-8bfe-6a7bd7253fcc.jpg,Buddleja davidii,Butterfly bush,Plantae,Scrophulariaceae,Buddleja,375,500
train,427,8709,2299001,2299001,train_mini/08709_Plantae_Tracheophyta_Magnoliopsida_Lamiales_Scrophulariaceae_Buddleja_davidii/883653db-686f-4558-b86a-4051a724cf45.jpg,Buddleja davidii,Butterfly bush,Plantae,Scrophulariaceae,Buddleja,375,500
train,427,8709,2607036,2607036,train_mini/08709_Plantae_Tracheophyta_Magnoliopsida_Lamiales_Scrophulariaceae_Buddleja_davidii/1ae4534b-6a41-45be-97d9-83557f03d44f.jpg,Buddleja davidii,Butterfly bush,Plantae,Scrophulariaceae,Buddleja,500,375
train,428,8717,2191160,2191160,train_mini/08717_Plantae_Tracheophyta_Magnoliopsida_Lamiales_Scrophulariaceae_Verbascum_nigrum/6a8093f8-7b27-4888-832e-713791536984.jpg,Verbascum nigrum,Dark Mullein,Plantae,Scrophulariaceae,Verbascum,500,375
train,428,8717,2365196,2365196,train_mini/08717_Plantae_Tracheophyta_Magnoliopsida_Lamiales_Scrophulariaceae_Verbascum_nigrum/f9246989-d571-4edd-ab4b-ff0fbcf56b33.jpg,Verbascum nigrum,Dark Mullein,Plantae,Scrophulariaceae,Verbascum,375,500
train,428,8717,2225358,2225358,train_mini/08717_Plantae_Tracheophyta_Magnoliopsida_Lamiales_Scrophulariaceae_Verbascum_nigrum/0430a01e-11cd-4dea-9258-d9099bcf62e7.jpg,Verbascum nigrum,Dark Mullein,Plantae,Scrophulariaceae,Verbascum,375,500
train,428,8717,998015,998015,train_mini/08717_Plantae_Tracheophyta_Magnoliopsida_Lamiales_Scrophulariaceae_Verbascum_nigrum/e9823346-3d27-4ae8-8194-37d48b7847c8.jpg,Verbascum nigrum,Dark Mullein,Plantae,Scrophulariaceae,Verbascum,500,375
train,428,8717,2117720,2117720,train_mini/08717_Plantae_Tracheophyta_Magnoliopsida_Lamiales_Scrophulariaceae_Verbascum_nigrum/d7ef106f-8314-4f3f-9c70-681346b396db.jpg,Verbascum nigrum,Dark Mullein,Plantae,Scrophulariaceae,Verbascum,375,500
train,428,8717,1905248,1905248,train_mini/08717_Plantae_Tracheophyta_Magnoliopsida_Lamiales_Scrophulariaceae_Verbascum_nigrum/f6511bb2-0380-439d-b5f4-065f80fd8791.jpg,Verbascum nigrum,Dark Mullein,Plantae,Scrophulariaceae,Verbascum,375,500
train,428,8717,2135063,2135063,train_mini/08717_Plantae_Tracheophyta_Magnoliopsida_Lamiales_Scrophulariaceae_Verbascum_nigrum/141fcb10-bfc4-4bed-aeb8-c43acd60e556.jpg,Verbascum nigrum,Dark Mullein,Plantae,Scrophulariaceae,Verbascum,375,500
train,428,8717,463781,463781,train_mini/08717_Plantae_Tracheophyta_Magnoliopsida_Lamiales_Scrophulariaceae_Verbascum_nigrum/56e3dad4-7ddf-469f-bbf8-4dbd70caccfb.jpg,Verbascum nigrum,Dark Mullein,Plantae,Scrophulariaceae,Verbascum,221,500
train,429,8719,134540,134540,train_mini/08719_Plantae_Tracheophyta_Magnoliopsida_Lamiales_Scrophulariaceae_Verbascum_virgatum/b81640d3-40de-409e-8efa-4e132189da59.jpg,Verbascum virgatum,Wand Mullein,Plantae,Scrophulariaceae,Verbascum,281,500
train,429,8719,136562,136562,train_mini/08719_Plantae_Tracheophyta_Magnoliopsida_Lamiales_Scrophulariaceae_Verbascum_virgatum/7e1def1a-9955-4ecb-8bb3-ee4b21e80b0b.jpg,Verbascum virgatum,Wand Mullein,Plantae,Scrophulariaceae,Verbascum,335,500
train,429,8719,310652,310652,train_mini/08719_Plantae_Tracheophyta_Magnoliopsida_Lamiales_Scrophulariaceae_Verbascum_virgatum/d0a91d8f-8dc1-43ec-a3be-0b6dc30b0361.jpg,Verbascum virgatum,Wand Mullein,Plantae,Scrophulariaceae,Verbascum,500,474
train,429,8719,1238186,1238186,train_mini/08719_Plantae_Tracheophyta_Magnoliopsida_Lamiales_Scrophulariaceae_Verbascum_virgatum/7bfe01da-15ea-4c55-a485-bb766126a87a.jpg,Verbascum virgatum,Wand Mullein,Plantae,Scrophulariaceae,Verbascum,281,500
train,429,8719,1743469,1743469,train_mini/08719_Plantae_Tracheophyta_Magnoliopsida_Lamiales_Scrophulariaceae_Verbascum_virgatum/18a0e031-0b00-4b6e-9139-a7a8e437fe2b.jpg,Verbascum virgatum,Wand Mullein,Plantae,Scrophulariaceae,Verbascum,500,375
train,429,8719,1617938,1617938,train_mini/08719_Plantae_Tracheophyta_Magnoliopsida_Lamiales_Scrophulariaceae_Verbascum_virgatum/b1469df9-f58a-4873-b8cc-4ebe846527e6.jpg,Verbascum virgatum,Wand Mullein,Plantae,Scrophulariaceae,Verbascum,375,500
train,429,8719,1399541,1399541,train_mini/08719_Plantae_Tracheophyta_Magnoliopsida_Lamiales_Scrophulariaceae_Verbascum_virgatum/d8347fb9-0bcc-46de-8b05-bf7c3910986e.jpg,Verbascum virgatum,Wand Mullein,Plantae,Scrophulariaceae,Verbascum,500,333
train,429,8719,352492,352492,train_mini/08719_Plantae_Tracheophyta_Magnoliopsida_Lamiales_Scrophulariaceae_Verbascum_virgatum/dbb7f313-3f4f-486d-a426-a7ddcac47094.jpg,Verbascum virgatum,Wand Mullein,Plantae,Scrophulariaceae,Verbascum,500,375
train,430,8723,423265,423265,train_mini/08723_Plantae_Tracheophyta_Magnoliopsida_Lamiales_Verbenaceae_Duranta_erecta/7f002538-1777-4cad-b18b-4a5e3c3e9c7b.jpg,Duranta erecta,golden dewdrop,Plantae,Verbenaceae,Duranta,375,500
train,430,8723,372411,372411,train_mini/08723_Plantae_Tracheophyta_Magnoliopsida_Lamiales_Verbenaceae_Duranta_erecta/c7a8c76f-d923-4f43-872b-010c1b4df59a.jpg,Duranta erecta,golden dewdrop,Plantae,Verbenaceae,Duranta,500,333
train,430,8723,1852555,1852555,train_mini/08723_Plantae_Tracheophyta_Magnoliopsida_Lamiales_Verbenaceae_Duranta_erecta/3370d972-b388-4625-88b8-9699276abbfb.jpg,Duranta erecta,golden dewdrop,Plantae,Verbenaceae,Duranta,500,281
train,430,8723,1297571,1297571,train_mini/08723_Plantae_Tracheophyta_Magnoliopsida_Lamiales_Verbenaceae_Duranta_erecta/4f9bba97-5aa3-4b89-92bb-0437f149e917.jpg,Duranta erecta,golden dewdrop,Plantae,Verbenaceae,Duranta,375,500
train,430,8723,1452434,1452434,train_mini/08723_Plantae_Tracheophyta_Magnoliopsida_Lamiales_Verbenaceae_Duranta_erecta/89cb10c7-b4b5-4a88-8686-4032be2e73d4.jpg,Duranta erecta,golden dewdrop,Plantae,Verbenaceae,Duranta,500,333
train,430,8723,2055257,2055257,train_mini/08723_Plantae_Tracheophyta_Magnoliopsida_Lamiales_Verbenaceae_Duranta_erecta/33956208-7b3b-4a0c-871e-7b44213e48e4.jpg,Duranta erecta,golden dewdrop,Plantae,Verbenaceae,Duranta,500,333
train,430,8723,1595713,1595713,train_mini/08723_Plantae_Tracheophyta_Magnoliopsida_Lamiales_Verbenaceae_Duranta_erecta/1f395dfb-9513-4cfe-a953-5e084c858b32.jpg,Duranta erecta,golden dewdrop,Plantae,Verbenaceae,Duranta,500,375
train,430,8723,1657463,1657463,train_mini/08723_Plantae_Tracheophyta_Magnoliopsida_Lamiales_Verbenaceae_Duranta_erecta/b7666537-1d24-4e3f-b695-9857140b8fa3.jpg,Duranta erecta,golden dewdrop,Plantae,Verbenaceae,Duranta,375,500
train,431,8724,372399,372399,train_mini/08724_Plantae_Tracheophyta_Magnoliopsida_Lamiales_Verbenaceae_Glandularia_bipinnatifida/32da6b33-f92a-4762-af86-acdc6683b38d.jpg,Glandularia bipinnatifida,Dakota mock vervain,Plantae,Verbenaceae,Glandularia,500,375
train,431,8724,2014091,2014091,train_mini/08724_Plantae_Tracheophyta_Magnoliopsida_Lamiales_Verbenaceae_Glandularia_bipinnatifida/1c90e1d2-9706-49f4-a094-946eb2091b95.jpg,Glandularia bipinnatifida,Dakota mock vervain,Plantae,Verbenaceae,Glandularia,375,500
train,431,8724,2197906,2197906,train_mini/08724_Plantae_Tracheophyta_Magnoliopsida_Lamiales_Verbenaceae_Glandularia_bipinnatifida/17efb7e9-8604-475a-a944-c4bdf9a6d9f8.jpg,Glandularia bipinnatifida,Dakota mock vervain,Plantae,Verbenaceae,Glandularia,500,375
train,431,8724,1608483,1608483,train_mini/08724_Plantae_Tracheophyta_Magnoliopsida_Lamiales_Verbenaceae_Glandularia_bipinnatifida/deb59db6-17b8-408e-9577-d2d999c7a8b8.jpg,Glandularia bipinnatifida,Dakota mock vervain,Plantae,Verbenaceae,Glandularia,375,500
train,431,8724,370544,370544,train_mini/08724_Plantae_Tracheophyta_Magnoliopsida_Lamiales_Verbenaceae_Glandularia_bipinnatifida/29a12b63-aa45-480b-a093-1a4a7a6ce145.jpg,Glandularia bipinnatifida,Dakota mock vervain,Plantae,Verbenaceae,Glandularia,375,500
train,431,8724,377960,377960,train_mini/08724_Plantae_Tracheophyta_Magnoliopsida_Lamiales_Verbenaceae_Glandularia_bipinnatifida/29375f19-bb08-4ba6-a77f-347ea0e7277b.jpg,Glandularia bipinnatifida,Dakota mock vervain,Plantae,Verbenaceae,Glandularia,500,333
train,431,8724,1625105,1625105,train_mini/08724_Plantae_Tracheophyta_Magnoliopsida_Lamiales_Verbenaceae_Glandularia_bipinnatifida/9e08b50b-024d-48f2-bb19-4ca1b05742b5.jpg,Glandularia bipinnatifida,Dakota mock vervain,Plantae,Verbenaceae,Glandularia,500,500
train,431,8724,744906,744906,train_mini/08724_Plantae_Tracheophyta_Magnoliopsida_Lamiales_Verbenaceae_Glandularia_bipinnatifida/dcdb529f-1cb5-4c29-bcff-7097f7a7e194.jpg,Glandularia bipinnatifida,Dakota mock vervain,Plantae,Verbenaceae,Glandularia,500,375
train,432,8757,1680563,1680563,train_mini/08757_Plantae_Tracheophyta_Magnoliopsida_Magnoliales_Annonaceae_Asimina_triloba/79e95d2b-d9a0-4d2b-bb66-42ad9dd89782.jpg,Asimina triloba,common pawpaw,Plantae,Annonaceae,Asimina,375,500
train,432,8757,889005,889005,train_mini/08757_Plantae_Tracheophyta_Magnoliopsida_Magnoliales_Annonaceae_Asimina_triloba/fdff872e-c92d-48fe-aa3a-eddf05860702.jpg,Asimina triloba,common pawpaw,Plantae,Annonaceae,Asimina,375,500
train,432,8757,2319352,2319352,train_mini/08757_Plantae_Tracheophyta_Magnoliopsida_Magnoliales_Annonaceae_Asimina_triloba/ff53eaf3-f0da-4e8f-8247-0c3fa4b854ae.jpg,Asimina triloba,common pawpaw,Plantae,Annonaceae,Asimina,500,281
train,432,8757,1779522,1779522,train_mini/08757_Plantae_Tracheophyta_Magnoliopsida_Magnoliales_Annonaceae_Asimina_triloba/82e5c061-8d75-4338-bdad-8ec435f7ce68.jpg,Asimina triloba,common pawpaw,Plantae,Annonaceae,Asimina,375,500
train,432,8757,564102,564102,train_mini/08757_Plantae_Tracheophyta_Magnoliopsida_Magnoliales_Annonaceae_Asimina_triloba/cfc86150-5b8f-4b95-9cfe-6c4498e8a97d.jpg,Asimina triloba,common pawpaw,Plantae,Annonaceae,Asimina,375,500
train,432,8757,796199,796199,train_mini/08757_Plantae_Tracheophyta_Magnoliopsida_Magnoliales_Annonaceae_Asimina_triloba/94644b65-91c9-44a9-b7b0-b4f6e5fe760d.jpg,Asimina triloba,common pawpaw,Plantae,Annonaceae,Asimina,500,375
train,432,8757,2365866,2365866,train_mini/08757_Plantae_Tracheophyta_Magnoliopsida_Magnoliales_Annonaceae_Asimina_triloba/2c60aa14-01ed-49d2-b7d3-8369efa19e13.jpg,Asimina triloba,common pawpaw,Plantae,Annonaceae,Asimina,500,333
train,432,8757,2450573,2450573,train_mini/08757_Plantae_Tracheophyta_Magnoliopsida_Magnoliales_Annonaceae_Asimina_triloba/6924b7fc-a17e-4f2a-b15e-448aa5c56bd0.jpg,Asimina triloba,common pawpaw,Plantae,Annonaceae,Asimina,500,375
train,433,8763,208875,208875,train_mini/08763_Plantae_Tracheophyta_Magnoliopsida_Magnoliales_Magnoliaceae_Magnolia_tripetala/5926206a-bd17-482d-89be-66a456b160eb.jpg,Magnolia tripetala,umbrella magnolia,Plantae,Magnoliaceae,Magnolia,375,500
train,433,8763,603435,603435,train_mini/08763_Plantae_Tracheophyta_Magnoliopsida_Magnoliales_Magnoliaceae_Magnolia_tripetala/f3813355-6d9e-4c4c-889e-fe8ba55be3cb.jpg,Magnolia tripetala,umbrella magnolia,Plantae,Magnoliaceae,Magnolia,500,375
train,433,8763,1596394,1596394,train_mini/08763_Plantae_Tracheophyta_Magnoliopsida_Magnoliales_Magnoliaceae_Magnolia_tripetala/e5624080-a254-4d58-8202-50af31eccd77.jpg,Magnolia tripetala,umbrella magnolia,Plantae,Magnoliaceae,Magnolia,500,375
train,433,8763,1538079,1538079,train_mini/08763_Plantae_Tracheophyta_Magnoliopsida_Magnoliales_Magnoliaceae_Magnolia_tripetala/6f27f287-2b29-4cbe-9d3e-f9b442c70119.jpg,Magnolia tripetala,umbrella magnolia,Plantae,Magnoliaceae,Magnolia,375,500
train,433,8763,1885169,1885169,train_mini/08763_Plantae_Tracheophyta_Magnoliopsida_Magnoliales_Magnoliaceae_Magnolia_tripetala/dcbc7bb2-616d-4841-a7e5-55482199c220.jpg,Magnolia tripetala,umbrella magnolia,Plantae,Magnoliaceae,Magnolia,500,375
train,433,8763,424454,424454,train_mini/08763_Plantae_Tracheophyta_Magnoliopsida_Magnoliales_Magnoliaceae_Magnolia_tripetala/5bfac1d2-19da-404b-a4f7-66f3eaa2ceab.jpg,Magnolia tripetala,umbrella magnolia,Plantae,Magnoliaceae,Magnolia,500,375
train,433,8763,1672500,1672500,train_mini/08763_Plantae_Tracheophyta_Magnoliopsida_Magnoliales_Magnoliaceae_Magnolia_tripetala/9f815ad6-7228-46cb-b0e0-c21a6cec04fb.jpg,Magnolia tripetala,umbrella magnolia,Plantae,Magnoliaceae,Magnolia,500,333
train,433,8763,2463428,2463428,train_mini/08763_Plantae_Tracheophyta_Magnoliopsida_Magnoliales_Magnoliaceae_Magnolia_tripetala/887887df-838b-4a1d-9565-b7fd4db2a930.jpg,Magnolia tripetala,umbrella magnolia,Plantae,Magnoliaceae,Magnolia,375,500
train,434,8767,1943924,1943924,train_mini/08767_Plantae_Tracheophyta_Magnoliopsida_Malpighiales_Euphorbiaceae_Acalypha_rhomboidea/5bcc7e9f-b58e-424d-ab38-fb72b7d5db85.jpg,Acalypha rhomboidea,common copperleaf,Plantae,Euphorbiaceae,Acalypha,375,500
train,434,8767,2332121,2332121,train_mini/08767_Plantae_Tracheophyta_Magnoliopsida_Malpighiales_Euphorbiaceae_Acalypha_rhomboidea/a87849d1-6747-49ac-b575-aef574a4efc9.jpg,Acalypha rhomboidea,common copperleaf,Plantae,Euphorbiaceae,Acalypha,500,375
train,434,8767,1201621,1201621,train_mini/08767_Plantae_Tracheophyta_Magnoliopsida_Malpighiales_Euphorbiaceae_Acalypha_rhomboidea/950ed5a4-5787-43aa-b983-364dd9fca8f0.jpg,Acalypha rhomboidea,common copperleaf,Plantae,Euphorbiaceae,Acalypha,375,500
train,434,8767,1008497,1008497,train_mini/08767_Plantae_Tracheophyta_Magnoliopsida_Malpighiales_Euphorbiaceae_Acalypha_rhomboidea/86b10a00-a7a3-4377-b346-017cd9904717.jpg,Acalypha rhomboidea,common copperleaf,Plantae,Euphorbiaceae,Acalypha,281,500
train,434,8767,549871,549871,train_mini/08767_Plantae_Tracheophyta_Magnoliopsida_Malpighiales_Euphorbiaceae_Acalypha_rhomboidea/20e68d89-0df7-4b82-8d6a-8d7f9842100b.jpg,Acalypha rhomboidea,common copperleaf,Plantae,Euphorbiaceae,Acalypha,335,500
train,434,8767,20962,20962,train_mini/08767_Plantae_Tracheophyta_Magnoliopsida_Malpighiales_Euphorbiaceae_Acalypha_rhomboidea/281f560c-d749-4839-980b-b0361e1abdf5.jpg,Acalypha rhomboidea,common copperleaf,Plantae,Euphorbiaceae,Acalypha,375,500
train,434,8767,2288081,2288081,train_mini/08767_Plantae_Tracheophyta_Magnoliopsida_Malpighiales_Euphorbiaceae_Acalypha_rhomboidea/395d816a-681e-4ac3-9aa2-2fdb0279b49e.jpg,Acalypha rhomboidea,common copperleaf,Plantae,Euphorbiaceae,Acalypha,375,500
train,434,8767,2117761,2117761,train_mini/08767_Plantae_Tracheophyta_Magnoliopsida_Malpighiales_Euphorbiaceae_Acalypha_rhomboidea/6b0138b6-25b1-4a47-bd19-cd5f87cbcc06.jpg,Acalypha rhomboidea,common copperleaf,Plantae,Euphorbiaceae,Acalypha,500,375
train,435,8773,2273951,2273951,train_mini/08773_Plantae_Tracheophyta_Magnoliopsida_Malpighiales_Euphorbiaceae_Croton_glandulosus/392aaed4-69f8-409b-ba50-8c88db518d22.jpg,Croton glandulosus,Tropic Croton,Plantae,Euphorbiaceae,Croton,500,500
train,435,8773,2138558,2138558,train_mini/08773_Plantae_Tracheophyta_Magnoliopsida_Malpighiales_Euphorbiaceae_Croton_glandulosus/d12f0a8f-811a-41c4-916b-215e72d6ab46.jpg,Croton glandulosus,Tropic Croton,Plantae,Euphorbiaceae,Croton,375,500
train,435,8773,2361104,2361104,train_mini/08773_Plantae_Tracheophyta_Magnoliopsida_Malpighiales_Euphorbiaceae_Croton_glandulosus/b617fbe1-fb05-4f24-997b-5331de33808f.jpg,Croton glandulosus,Tropic Croton,Plantae,Euphorbiaceae,Croton,317,296
train,435,8773,988483,988483,train_mini/08773_Plantae_Tracheophyta_Magnoliopsida_Malpighiales_Euphorbiaceae_Croton_glandulosus/1300223f-a25f-4cc1-9987-d720dcddb2db.jpg,Croton glandulosus,Tropic Croton,Plantae,Euphorbiaceae,Croton,489,500
train,435,8773,2185592,2185592,train_mini/08773_Plantae_Tracheophyta_Magnoliopsida_Malpighiales_Euphorbiaceae_Croton_glandulosus/57c7a28d-3cb3-4a75-9161-98c926e05330.jpg,Croton glandulosus,Tropic Croton,Plantae,Euphorbiaceae,Croton,375,500
train,435,8773,236480,236480,train_mini/08773_Plantae_Tracheophyta_Magnoliopsida_Malpighiales_Euphorbiaceae_Croton_glandulosus/be48c1cd-b3be-41a6-9495-97ea2b3379a5.jpg,Croton glandulosus,Tropic Croton,Plantae,Euphorbiaceae,Croton,500,375
train,435,8773,1092160,1092160,train_mini/08773_Plantae_Tracheophyta_Magnoliopsida_Malpighiales_Euphorbiaceae_Croton_glandulosus/c89b97d3-009d-48d7-a26b-1d8b1751d7e3.jpg,Croton glandulosus,Tropic Croton,Plantae,Euphorbiaceae,Croton,500,375
train,435,8773,271324,271324,train_mini/08773_Plantae_Tracheophyta_Magnoliopsida_Malpighiales_Euphorbiaceae_Croton_glandulosus/473c115d-9cf6-419c-8068-1fabe00ab17a.jpg,Croton glandulosus,Tropic Croton,Plantae,Euphorbiaceae,Croton,500,375
train,436,8804,603055,603055,train_mini/08804_Plantae_Tracheophyta_Magnoliopsida_Malpighiales_Euphorbiaceae_Euphorbia_ophthalmica/18025a04-6e69-4b2e-8a14-35f166ce7e54.jpg,Euphorbia ophthalmica,Florida Hammock Sandmat,Plantae,Euphorbiaceae,Euphorbia,375,500
train,436,8804,236845,236845,train_mini/08804_Plantae_Tracheophyta_Magnoliopsida_Malpighiales_Euphorbiaceae_Euphorbia_ophthalmica/7726625b-7877-4cab-b548-577562f596bb.jpg,Euphorbia ophthalmica,Florida Hammock Sandmat,Plantae,Euphorbiaceae,Euphorbia,500,375
train,436,8804,1849723,1849723,train_mini/08804_Plantae_Tracheophyta_Magnoliopsida_Malpighiales_Euphorbiaceae_Euphorbia_ophthalmica/992bd4c6-abc3-4519-9b6f-b889fdbec829.jpg,Euphorbia ophthalmica,Florida Hammock Sandmat,Plantae,Euphorbiaceae,Euphorbia,375,500
train,436,8804,2078050,2078050,train_mini/08804_Plantae_Tracheophyta_Magnoliopsida_Malpighiales_Euphorbiaceae_Euphorbia_ophthalmica/73cc78ec-b00d-420e-b48a-6a61e5b1cde1.jpg,Euphorbia ophthalmica,Florida Hammock Sandmat,Plantae,Euphorbiaceae,Euphorbia,375,500
train,436,8804,1278723,1278723,train_mini/08804_Plantae_Tracheophyta_Magnoliopsida_Malpighiales_Euphorbiaceae_Euphorbia_ophthalmica/2b9f74b4-44e3-4f1e-908a-b2e016779f54.jpg,Euphorbia ophthalmica,Florida Hammock Sandmat,Plantae,Euphorbiaceae,Euphorbia,500,331
train,436,8804,1622627,1622627,train_mini/08804_Plantae_Tracheophyta_Magnoliopsida_Malpighiales_Euphorbiaceae_Euphorbia_ophthalmica/441e9e10-89f2-434c-8e09-bfdd12e22d78.jpg,Euphorbia ophthalmica,Florida Hammock Sandmat,Plantae,Euphorbiaceae,Euphorbia,375,500
train,436,8804,1579362,1579362,train_mini/08804_Plantae_Tracheophyta_Magnoliopsida_Malpighiales_Euphorbiaceae_Euphorbia_ophthalmica/1eeafd5e-1cb5-4104-91ca-d96a95e502e8.jpg,Euphorbia ophthalmica,Florida Hammock Sandmat,Plantae,Euphorbiaceae,Euphorbia,500,332
train,436,8804,2233155,2233155,train_mini/08804_Plantae_Tracheophyta_Magnoliopsida_Malpighiales_Euphorbiaceae_Euphorbia_ophthalmica/2bef3edd-93da-4e6f-b419-f0744b9fa973.jpg,Euphorbia ophthalmica,Florida Hammock Sandmat,Plantae,Euphorbiaceae,Euphorbia,375,500
train,437,8818,2007930,2007930,train_mini/08818_Plantae_Tracheophyta_Magnoliopsida_Malpighiales_Euphorbiaceae_Manihot_esculenta/1bc9abad-c156-460a-856d-e87284a1d202.jpg,Manihot esculenta,Cassava,Plantae,Euphorbiaceae,Manihot,281,500
train,437,8818,1636687,1636687,train_mini/08818_Plantae_Tracheophyta_Magnoliopsida_Malpighiales_Euphorbiaceae_Manihot_esculenta/fb983667-578a-4dd5-856c-522ef2d7ddb8.jpg,Manihot esculenta,Cassava,Plantae,Euphorbiaceae,Manihot,375,500
train,437,8818,791190,791190,train_mini/08818_Plantae_Tracheophyta_Magnoliopsida_Malpighiales_Euphorbiaceae_Manihot_esculenta/c2131b07-342a-4344-b600-a066ab79d94e.jpg,Manihot esculenta,Cassava,Plantae,Euphorbiaceae,Manihot,375,500
train,437,8818,1596605,1596605,train_mini/08818_Plantae_Tracheophyta_Magnoliopsida_Malpighiales_Euphorbiaceae_Manihot_esculenta/ec3c45e9-c15e-4dce-ab61-679abcb6ffd6.jpg,Manihot esculenta,Cassava,Plantae,Euphorbiaceae,Manihot,375,500
train,437,8818,1642872,1642872,train_mini/08818_Plantae_Tracheophyta_Magnoliopsida_Malpighiales_Euphorbiaceae_Manihot_esculenta/0e1dc3e3-44a2-4780-ad0c-849ce00b13dc.jpg,Manihot esculenta,Cassava,Plantae,Euphorbiaceae,Manihot,500,375
train,437,8818,1696564,1696564,train_mini/08818_Plantae_Tracheophyta_Magnoliopsida_Malpighiales_Euphorbiaceae_Manihot_esculenta/06e81d2d-8379-4be6-813c-b996d2c4d6ba.jpg,Manihot esculenta,Cassava,Plantae,Euphorbiaceae,Manihot,500,343
train,437,8818,2352073,2352073,train_mini/08818_Plantae_Tracheophyta_Magnoliopsida_Malpighiales_Euphorbiaceae_Manihot_esculenta/536a0f40-cef4-4932-b700-e4afd02e7273.jpg,Manihot esculenta,Cassava,Plantae,Euphorbiaceae,Manihot,500,441
train,437,8818,1754109,1754109,train_mini/08818_Plantae_Tracheophyta_Magnoliopsida_Malpighiales_Euphorbiaceae_Manihot_esculenta/024de731-708b-44a4-8695-1b620735197c.jpg,Manihot esculenta,Cassava,Plantae,Euphorbiaceae,Manihot,375,500
train,438,8834,2074344,2074344,train_mini/08834_Plantae_Tracheophyta_Magnoliopsida_Malpighiales_Hypericaceae_Hypericum_perforatum/3db6a1a3-0291-448c-aa2a-2bc116f0c55e.jpg,Hypericum perforatum,Klamath weed,Plantae,Hypericaceae,Hypericum,375,500
train,438,8834,40643,40643,train_mini/08834_Plantae_Tracheophyta_Magnoliopsida_Malpighiales_Hypericaceae_Hypericum_perforatum/96093c04-65e5-4b4d-9313-eaf8866d5499.jpg,Hypericum perforatum,Klamath weed,Plantae,Hypericaceae,Hypericum,500,332
train,438,8834,1964206,1964206,train_mini/08834_Plantae_Tracheophyta_Magnoliopsida_Malpighiales_Hypericaceae_Hypericum_perforatum/59367933-a3ea-4d20-be63-987f79c90362.jpg,Hypericum perforatum,Klamath weed,Plantae,Hypericaceae,Hypericum,375,500
train,438,8834,962204,962204,train_mini/08834_Plantae_Tracheophyta_Magnoliopsida_Malpighiales_Hypericaceae_Hypericum_perforatum/39f34cb1-2786-40a7-8c7b-b47dec1a6a6d.jpg,Hypericum perforatum,Klamath weed,Plantae,Hypericaceae,Hypericum,375,500
train,438,8834,2065017,2065017,train_mini/08834_Plantae_Tracheophyta_Magnoliopsida_Malpighiales_Hypericaceae_Hypericum_perforatum/7f0032a7-630a-44b7-88dc-0f09df2a5e6d.jpg,Hypericum perforatum,Klamath weed,Plantae,Hypericaceae,Hypericum,333,500
train,438,8834,473353,473353,train_mini/08834_Plantae_Tracheophyta_Magnoliopsida_Malpighiales_Hypericaceae_Hypericum_perforatum/030c21ef-947f-46d3-827d-f33c201fe3f2.jpg,Hypericum perforatum,Klamath weed,Plantae,Hypericaceae,Hypericum,281,500
train,438,8834,1906290,1906290,train_mini/08834_Plantae_Tracheophyta_Magnoliopsida_Malpighiales_Hypericaceae_Hypericum_perforatum/b2887f56-c05c-4060-bc01-c3042d7b702f.jpg,Hypericum perforatum,Klamath weed,Plantae,Hypericaceae,Hypericum,375,500
train,438,8834,619132,619132,train_mini/08834_Plantae_Tracheophyta_Magnoliopsida_Malpighiales_Hypericaceae_Hypericum_perforatum/cde14c15-ccc1-4eec-9121-01ec3f3d705a.jpg,Hypericum perforatum,Klamath weed,Plantae,Hypericaceae,Hypericum,500,332
train,439,8867,859861,859861,train_mini/08867_Plantae_Tracheophyta_Magnoliopsida_Malpighiales_Salicaceae_Salix_bebbiana/2cb7d62d-1884-498e-90a8-ea15d08cc738.jpg,Salix bebbiana,bebb's willow,Plantae,Salicaceae,Salix,373,500
train,439,8867,277248,277248,train_mini/08867_Plantae_Tracheophyta_Magnoliopsida_Malpighiales_Salicaceae_Salix_bebbiana/3fb6d573-9bc5-4fa1-8927-2ce1b8ef8efa.jpg,Salix bebbiana,bebb's willow,Plantae,Salicaceae,Salix,375,500
train,439,8867,2109462,2109462,train_mini/08867_Plantae_Tracheophyta_Magnoliopsida_Malpighiales_Salicaceae_Salix_bebbiana/3c0380d3-246b-422a-a765-c60b2ef477d6.jpg,Salix bebbiana,bebb's willow,Plantae,Salicaceae,Salix,417,500
train,439,8867,2416459,2416459,train_mini/08867_Plantae_Tracheophyta_Magnoliopsida_Malpighiales_Salicaceae_Salix_bebbiana/424d2208-6515-430d-b2ee-25e4fb61a43c.jpg,Salix bebbiana,bebb's willow,Plantae,Salicaceae,Salix,500,375
train,439,8867,469612,469612,train_mini/08867_Plantae_Tracheophyta_Magnoliopsida_Malpighiales_Salicaceae_Salix_bebbiana/55a616d3-6fa5-41d2-99c4-d2ec10fdeb97.jpg,Salix bebbiana,bebb's willow,Plantae,Salicaceae,Salix,500,333
train,439,8867,1912643,1912643,train_mini/08867_Plantae_Tracheophyta_Magnoliopsida_Malpighiales_Salicaceae_Salix_bebbiana/1ff6a42d-4319-43aa-81c4-500acabbdf50.jpg,Salix bebbiana,bebb's willow,Plantae,Salicaceae,Salix,375,500
train,439,8867,936982,936982,train_mini/08867_Plantae_Tracheophyta_Magnoliopsida_Malpighiales_Salicaceae_Salix_bebbiana/f408bd6e-b338-4a9b-937c-6679f9e83a23.jpg,Salix bebbiana,bebb's willow,Plantae,Salicaceae,Salix,500,375
train,439,8867,2414131,2414131,train_mini/08867_Plantae_Tracheophyta_Magnoliopsida_Malpighiales_Salicaceae_Salix_bebbiana/4c5fcbbd-bec3-4193-ac52-f8918859caf8.jpg,Salix bebbiana,bebb's willow,Plantae,Salicaceae,Salix,375,500
train,440,8869,794210,794210,train_mini/08869_Plantae_Tracheophyta_Magnoliopsida_Malpighiales_Salicaceae_Salix_cinerea/bab6f35f-579a-4582-a07d-8a776cd1a2e2.jpg,Salix cinerea,Grey Willow,Plantae,Salicaceae,Salix,375,500
train,440,8869,1874132,1874132,train_mini/08869_Plantae_Tracheophyta_Magnoliopsida_Malpighiales_Salicaceae_Salix_cinerea/5c496d47-4715-412d-ad0a-011330f2aa13.jpg,Salix cinerea,Grey Willow,Plantae,Salicaceae,Salix,500,333
train,440,8869,1969179,1969179,train_mini/08869_Plantae_Tracheophyta_Magnoliopsida_Malpighiales_Salicaceae_Salix_cinerea/575f88f8-fd51-4d2c-abc4-ff1ca88c303f.jpg,Salix cinerea,Grey Willow,Plantae,Salicaceae,Salix,375,500
train,440,8869,1246584,1246584,train_mini/08869_Plantae_Tracheophyta_Magnoliopsida_Malpighiales_Salicaceae_Salix_cinerea/395b3d4d-619d-4e6c-94ea-4ebdbbad698f.jpg,Salix cinerea,Grey Willow,Plantae,Salicaceae,Salix,281,500
train,440,8869,830054,830054,train_mini/08869_Plantae_Tracheophyta_Magnoliopsida_Malpighiales_Salicaceae_Salix_cinerea/5c2c2ca3-106f-4e2b-8dd0-99095f9a5300.jpg,Salix cinerea,Grey Willow,Plantae,Salicaceae,Salix,375,500
train,440,8869,1671190,1671190,train_mini/08869_Plantae_Tracheophyta_Magnoliopsida_Malpighiales_Salicaceae_Salix_cinerea/2d41be98-0fcd-4cf8-8b1a-31bf15aee484.jpg,Salix cinerea,Grey Willow,Plantae,Salicaceae,Salix,500,375
train,440,8869,2476974,2476974,train_mini/08869_Plantae_Tracheophyta_Magnoliopsida_Malpighiales_Salicaceae_Salix_cinerea/ae2f9a68-3a7c-4264-8942-207fe346db2a.jpg,Salix cinerea,Grey Willow,Plantae,Salicaceae,Salix,334,500
train,440,8869,2260761,2260761,train_mini/08869_Plantae_Tracheophyta_Magnoliopsida_Malpighiales_Salicaceae_Salix_cinerea/7e957f4a-f059-4e06-8f48-2d011d6578ba.jpg,Salix cinerea,Grey Willow,Plantae,Salicaceae,Salix,500,462
train,441,8878,1606937,1606937,train_mini/08878_Plantae_Tracheophyta_Magnoliopsida_Malpighiales_Salicaceae_Salix_nigra/bf0b107a-373c-4302-b1a0-9fbe78cf8149.jpg,Salix nigra,black willow,Plantae,Salicaceae,Salix,375,500
train,441,8878,343940,343940,train_mini/08878_Plantae_Tracheophyta_Magnoliopsida_Malpighiales_Salicaceae_Salix_nigra/e167857c-497a-47aa-98cd-588a0b3136b7.jpg,Salix nigra,black willow,Plantae,Salicaceae,Salix,500,375
train,441,8878,1172892,1172892,train_mini/08878_Plantae_Tracheophyta_Magnoliopsida_Malpighiales_Salicaceae_Salix_nigra/a7944eaf-e80f-4c56-8689-f337bec3e225.jpg,Salix nigra,black willow,Plantae,Salicaceae,Salix,375,500
train,441,8878,1208683,1208683,train_mini/08878_Plantae_Tracheophyta_Magnoliopsida_Malpighiales_Salicaceae_Salix_nigra/7480e3c6-3382-4c79-a0a2-f89c3beaec20.jpg,Salix nigra,black willow,Plantae,Salicaceae,Salix,500,375
train,441,8878,2300057,2300057,train_mini/08878_Plantae_Tracheophyta_Magnoliopsida_Malpighiales_Salicaceae_Salix_nigra/b7d61c04-363c-4231-a227-d4d6551a648f.jpg,Salix nigra,black willow,Plantae,Salicaceae,Salix,243,500
train,441,8878,2582498,2582498,train_mini/08878_Plantae_Tracheophyta_Magnoliopsida_Malpighiales_Salicaceae_Salix_nigra/6d34bb23-f4d0-474e-bcb0-f4b27e6031fd.jpg,Salix nigra,black willow,Plantae,Salicaceae,Salix,500,375
train,441,8878,1951584,1951584,train_mini/08878_Plantae_Tracheophyta_Magnoliopsida_Malpighiales_Salicaceae_Salix_nigra/50c25976-c35d-4a65-817c-3c75d512e608.jpg,Salix nigra,black willow,Plantae,Salicaceae,Salix,375,500
train,441,8878,748777,748777,train_mini/08878_Plantae_Tracheophyta_Magnoliopsida_Malpighiales_Salicaceae_Salix_nigra/7f788441-b1a8-43b1-bc20-38e3020d3606.jpg,Salix nigra,black willow,Plantae,Salicaceae,Salix,281,500
train,442,8912,1206444,1206444,train_mini/08912_Plantae_Tracheophyta_Magnoliopsida_Malpighiales_Violaceae_Viola_rotundifolia/18b26a8b-6c77-444a-a294-e586c6978294.jpg,Viola rotundifolia,Round-leaved Violet,Plantae,Violaceae,Viola,500,281
train,442,8912,823264,823264,train_mini/08912_Plantae_Tracheophyta_Magnoliopsida_Malpighiales_Violaceae_Viola_rotundifolia/584e47a3-0fe8-4946-8573-460631c20cf3.jpg,Viola rotundifolia,Round-leaved Violet,Plantae,Violaceae,Viola,500,375
train,442,8912,183942,183942,train_mini/08912_Plantae_Tracheophyta_Magnoliopsida_Malpighiales_Violaceae_Viola_rotundifolia/5c8b0fef-0266-4c96-9b26-08f2d4b94723.jpg,Viola rotundifolia,Round-leaved Violet,Plantae,Violaceae,Viola,500,366
train,442,8912,270726,270726,train_mini/08912_Plantae_Tracheophyta_Magnoliopsida_Malpighiales_Violaceae_Viola_rotundifolia/f3bb68ae-add6-485f-9620-971a6dd97c4e.jpg,Viola rotundifolia,Round-leaved Violet,Plantae,Violaceae,Viola,500,375
train,442,8912,1689980,1689980,train_mini/08912_Plantae_Tracheophyta_Magnoliopsida_Malpighiales_Violaceae_Viola_rotundifolia/a406a0e9-0406-4794-9fd3-8e26f8035b41.jpg,Viola rotundifolia,Round-leaved Violet,Plantae,Violaceae,Viola,500,375
train,442,8912,363821,363821,train_mini/08912_Plantae_Tracheophyta_Magnoliopsida_Malpighiales_Violaceae_Viola_rotundifolia/c0da611e-7b37-4fc9-9257-e129270f49fa.jpg,Viola rotundifolia,Round-leaved Violet,Plantae,Violaceae,Viola,375,500
train,442,8912,1746329,1746329,train_mini/08912_Plantae_Tracheophyta_Magnoliopsida_Malpighiales_Violaceae_Viola_rotundifolia/593474fa-5ff3-4130-9da8-8648a0a43483.jpg,Viola rotundifolia,Round-leaved Violet,Plantae,Violaceae,Viola,500,375
train,442,8912,825688,825688,train_mini/08912_Plantae_Tracheophyta_Magnoliopsida_Malpighiales_Violaceae_Viola_rotundifolia/1280edcf-9afc-4a62-93dd-9d0bddc4bb86.jpg,Viola rotundifolia,Round-leaved Violet,Plantae,Violaceae,Viola,375,500
train,443,8930,1022121,1022121,train_mini/08930_Plantae_Tracheophyta_Magnoliopsida_Malvales_Malvaceae_Abutilon_theophrasti/971dfeea-d17c-4a70-a226-3a451ebe02b6.jpg,Abutilon theophrasti,velvetleaf,Plantae,Malvaceae,Abutilon,375,500
train,443,8930,1158097,1158097,train_mini/08930_Plantae_Tracheophyta_Magnoliopsida_Malvales_Malvaceae_Abutilon_theophrasti/ccbef051-7985-4c0a-a7c9-03281cdbad3e.jpg,Abutilon theophrasti,velvetleaf,Plantae,Malvaceae,Abutilon,375,500
train,443,8930,1109341,1109341,train_mini/08930_Plantae_Tracheophyta_Magnoliopsida_Malvales_Malvaceae_Abutilon_theophrasti/4e000bed-918e-4c6e-a046-03741e51f5dd.jpg,Abutilon theophrasti,velvetleaf,Plantae,Malvaceae,Abutilon,375,500
train,443,8930,1632991,1632991,train_mini/08930_Plantae_Tracheophyta_Magnoliopsida_Malvales_Malvaceae_Abutilon_theophrasti/728d068b-d9d1-4a3f-872f-a2a590b9cff0.jpg,Abutilon theophrasti,velvetleaf,Plantae,Malvaceae,Abutilon,375,500
train,443,8930,2328756,2328756,train_mini/08930_Plantae_Tracheophyta_Magnoliopsida_Malvales_Malvaceae_Abutilon_theophrasti/aa87f6d9-47e4-4596-91a1-2cb7d3b01665.jpg,Abutilon theophrasti,velvetleaf,Plantae,Malvaceae,Abutilon,281,500
train,443,8930,1004941,1004941,train_mini/08930_Plantae_Tracheophyta_Magnoliopsida_Malvales_Malvaceae_Abutilon_theophrasti/c83662a0-c8cc-4491-874e-033b6991594f.jpg,Abutilon theophrasti,velvetleaf,Plantae,Malvaceae,Abutilon,374,500
train,443,8930,819832,819832,train_mini/08930_Plantae_Tracheophyta_Magnoliopsida_Malvales_Malvaceae_Abutilon_theophrasti/aaef3bec-529b-41e4-aecf-9334cd2a3fde.jpg,Abutilon theophrasti,velvetleaf,Plantae,Malvaceae,Abutilon,500,375
train,443,8930,1079415,1079415,train_mini/08930_Plantae_Tracheophyta_Magnoliopsida_Malvales_Malvaceae_Abutilon_theophrasti/43634a64-8076-4c72-ada3-625ec27eb424.jpg,Abutilon theophrasti,velvetleaf,Plantae,Malvaceae,Abutilon,375,500
train,444,8956,1596481,1596481,train_mini/08956_Plantae_Tracheophyta_Magnoliopsida_Malvales_Malvaceae_Malva_assurgentiflora/8822aa9d-fde1-48b5-a1bc-258cd0a77efa.jpg,Malva assurgentiflora,Island Mallow,Plantae,Malvaceae,Malva,375,500
train,444,8956,1587176,1587176,train_mini/08956_Plantae_Tracheophyta_Magnoliopsida_Malvales_Malvaceae_Malva_assurgentiflora/2885352b-d734-4127-b14b-eab438ed2e27.jpg,Malva assurgentiflora,Island Mallow,Plantae,Malvaceae,Malva,375,500
train,444,8956,814564,814564,train_mini/08956_Plantae_Tracheophyta_Magnoliopsida_Malvales_Malvaceae_Malva_assurgentiflora/9161a3a6-0a1c-4e64-9d84-d0a13f918938.jpg,Malva assurgentiflora,Island Mallow,Plantae,Malvaceae,Malva,500,375
train,444,8956,455319,455319,train_mini/08956_Plantae_Tracheophyta_Magnoliopsida_Malvales_Malvaceae_Malva_assurgentiflora/780a5ce5-28e7-4eb1-baa3-e54052a2b303.jpg,Malva assurgentiflora,Island Mallow,Plantae,Malvaceae,Malva,500,335
train,444,8956,1933965,1933965,train_mini/08956_Plantae_Tracheophyta_Magnoliopsida_Malvales_Malvaceae_Malva_assurgentiflora/36f1a20e-1695-44fb-a3b7-d55fb62e8ec1.jpg,Malva assurgentiflora,Island Mallow,Plantae,Malvaceae,Malva,500,375
train,444,8956,469111,469111,train_mini/08956_Plantae_Tracheophyta_Magnoliopsida_Malvales_Malvaceae_Malva_assurgentiflora/2f20854f-c1a8-48f3-b943-8e043850d878.jpg,Malva assurgentiflora,Island Mallow,Plantae,Malvaceae,Malva,375,500
train,444,8956,1121873,1121873,train_mini/08956_Plantae_Tracheophyta_Magnoliopsida_Malvales_Malvaceae_Malva_assurgentiflora/b0ca1421-6ade-4248-aa01-a0e10c83a14a.jpg,Malva assurgentiflora,Island Mallow,Plantae,Malvaceae,Malva,375,500
train,444,8956,1654425,1654425,train_mini/08956_Plantae_Tracheophyta_Magnoliopsida_Malvales_Malvaceae_Malva_assurgentiflora/e9d758ed-ae85-43de-a5fe-1f74d7e30d9a.jpg,Malva assurgentiflora,Island Mallow,Plantae,Malvaceae,Malva,375,500
train,445,8987,714573,714573,train_mini/08987_Plantae_Tracheophyta_Magnoliopsida_Malvales_Muntingiaceae_Muntingia_calabura/3eca40a1-5d38-4918-9ffc-cf8990b688b5.jpg,Muntingia calabura,Cherry Tree,Plantae,Muntingiaceae,Muntingia,500,332
train,445,8987,1620024,1620024,train_mini/08987_Plantae_Tracheophyta_Magnoliopsida_Malvales_Muntingiaceae_Muntingia_calabura/a2a07446-7790-4b7d-9761-602736344582.jpg,Muntingia calabura,Cherry Tree,Plantae,Muntingiaceae,Muntingia,375,500
train,445,8987,150674,150674,train_mini/08987_Plantae_Tracheophyta_Magnoliopsida_Malvales_Muntingiaceae_Muntingia_calabura/4c174071-727e-4a7d-b710-343de98704e8.jpg,Muntingia calabura,Cherry Tree,Plantae,Muntingiaceae,Muntingia,500,375
train,445,8987,1654990,1654990,train_mini/08987_Plantae_Tracheophyta_Magnoliopsida_Malvales_Muntingiaceae_Muntingia_calabura/1a43898a-1fe4-482c-89ef-097b7700ac8a.jpg,Muntingia calabura,Cherry Tree,Plantae,Muntingiaceae,Muntingia,500,375
train,445,8987,1238337,1238337,train_mini/08987_Plantae_Tracheophyta_Magnoliopsida_Malvales_Muntingiaceae_Muntingia_calabura/846a4276-8372-4a6e-adcb-ad9b6051b094.jpg,Muntingia calabura,Cherry Tree,Plantae,Muntingiaceae,Muntingia,500,375
train,445,8987,1253279,1253279,train_mini/08987_Plantae_Tracheophyta_Magnoliopsida_Malvales_Muntingiaceae_Muntingia_calabura/de87211c-42aa-4777-ac27-b1233ed109be.jpg,Muntingia calabura,Cherry Tree,Plantae,Muntingiaceae,Muntingia,375,500
train,445,8987,867981,867981,train_mini/08987_Plantae_Tracheophyta_Magnoliopsida_Malvales_Muntingiaceae_Muntingia_calabura/30cb2d61-572a-47f3-a1d0-0720b79552a7.jpg,Muntingia calabura,Cherry Tree,Plantae,Muntingiaceae,Muntingia,375,500
train,445,8987,1469829,1469829,train_mini/08987_Plantae_Tracheophyta_Magnoliopsida_Malvales_Muntingiaceae_Muntingia_calabura/e37f89f5-5b3f-4aba-baa3-9c252bd7747d.jpg,Muntingia calabura,Cherry Tree,Plantae,Muntingiaceae,Muntingia,500,375
train,446,9069,1922751,1922751,train_mini/09069_Plantae_Tracheophyta_Magnoliopsida_Myrtales_Onagraceae_Oenothera_rosea/0115766b-004b-44b8-aabb-a225cc7f9986.jpg,Oenothera rosea,rose evening primrose,Plantae,Onagraceae,Oenothera,500,375
train,446,9069,1182822,1182822,train_mini/09069_Plantae_Tracheophyta_Magnoliopsida_Myrtales_Onagraceae_Oenothera_rosea/82179a2f-e388-42c4-9574-8649ce7446db.jpg,Oenothera rosea,rose evening primrose,Plantae,Onagraceae,Oenothera,375,500
train,446,9069,709218,709218,train_mini/09069_Plantae_Tracheophyta_Magnoliopsida_Myrtales_Onagraceae_Oenothera_rosea/7031f1b0-755b-4985-a5f6-fb4e98b38685.jpg,Oenothera rosea,rose evening primrose,Plantae,Onagraceae,Oenothera,500,281
train,446,9069,960821,960821,train_mini/09069_Plantae_Tracheophyta_Magnoliopsida_Myrtales_Onagraceae_Oenothera_rosea/cd5bcfd2-749a-4944-8fc3-7c3bf4028a05.jpg,Oenothera rosea,rose evening primrose,Plantae,Onagraceae,Oenothera,500,375
train,446,9069,753923,753923,train_mini/09069_Plantae_Tracheophyta_Magnoliopsida_Myrtales_Onagraceae_Oenothera_rosea/cfcca87b-c526-4679-9e19-c4fd49705749.jpg,Oenothera rosea,rose evening primrose,Plantae,Onagraceae,Oenothera,500,411
train,446,9069,1626666,1626666,train_mini/09069_Plantae_Tracheophyta_Magnoliopsida_Myrtales_Onagraceae_Oenothera_rosea/c795ac4b-ff80-4db5-8b6b-ea54a6f15dfd.jpg,Oenothera rosea,rose evening primrose,Plantae,Onagraceae,Oenothera,500,375
train,446,9069,1095382,1095382,train_mini/09069_Plantae_Tracheophyta_Magnoliopsida_Myrtales_Onagraceae_Oenothera_rosea/a5124a39-e3f9-4f3d-b561-e4afdbbedf56.jpg,Oenothera rosea,rose evening primrose,Plantae,Onagraceae,Oenothera,375,500
train,446,9069,734398,734398,train_mini/09069_Plantae_Tracheophyta_Magnoliopsida_Myrtales_Onagraceae_Oenothera_rosea/1ec100cf-2f7e-4386-b726-ab092be6248d.jpg,Oenothera rosea,rose evening primrose,Plantae,Onagraceae,Oenothera,411,500
train,447,9089,2594890,2594890,train_mini/09089_Plantae_Tracheophyta_Magnoliopsida_Oxalidales_Elaeocarpaceae_Aristotelia_serrata/a10d7c02-3db2-497d-9f38-4c18cfda5f45.jpg,Aristotelia serrata,Wineberry,Plantae,Elaeocarpaceae,Aristotelia,500,375
train,447,9089,85026,85026,train_mini/09089_Plantae_Tracheophyta_Magnoliopsida_Oxalidales_Elaeocarpaceae_Aristotelia_serrata/4415906d-4e7e-42d2-9cfa-a375f967bda4.jpg,Aristotelia serrata,Wineberry,Plantae,Elaeocarpaceae,Aristotelia,500,332
train,447,9089,633907,633907,train_mini/09089_Plantae_Tracheophyta_Magnoliopsida_Oxalidales_Elaeocarpaceae_Aristotelia_serrata/c65e35f1-6583-4696-ba45-9a40a3f41173.jpg,Aristotelia serrata,Wineberry,Plantae,Elaeocarpaceae,Aristotelia,375,500
train,447,9089,133374,133374,train_mini/09089_Plantae_Tracheophyta_Magnoliopsida_Oxalidales_Elaeocarpaceae_Aristotelia_serrata/53cca89d-7b1a-4b7e-864c-7d7de40ee332.jpg,Aristotelia serrata,Wineberry,Plantae,Elaeocarpaceae,Aristotelia,373,500
train,447,9089,480742,480742,train_mini/09089_Plantae_Tracheophyta_Magnoliopsida_Oxalidales_Elaeocarpaceae_Aristotelia_serrata/129fc1c7-6f53-4e45-b78e-545a4f79c380.jpg,Aristotelia serrata,Wineberry,Plantae,Elaeocarpaceae,Aristotelia,500,333
train,447,9089,219781,219781,train_mini/09089_Plantae_Tracheophyta_Magnoliopsida_Oxalidales_Elaeocarpaceae_Aristotelia_serrata/bc32d4c4-617a-4557-9ce3-dffad182ac50.jpg,Aristotelia serrata,Wineberry,Plantae,Elaeocarpaceae,Aristotelia,500,375
train,447,9089,2204027,2204027,train_mini/09089_Plantae_Tracheophyta_Magnoliopsida_Oxalidales_Elaeocarpaceae_Aristotelia_serrata/1152f713-2729-48d6-936a-4b7749c05432.jpg,Aristotelia serrata,Wineberry,Plantae,Elaeocarpaceae,Aristotelia,375,500
train,447,9089,2320008,2320008,train_mini/09089_Plantae_Tracheophyta_Magnoliopsida_Oxalidales_Elaeocarpaceae_Aristotelia_serrata/be8979c5-ee6c-448c-a598-5975a1d15c49.jpg,Aristotelia serrata,Wineberry,Plantae,Elaeocarpaceae,Aristotelia,281,500
train,448,9124,877219,877219,train_mini/09124_Plantae_Tracheophyta_Magnoliopsida_Proteales_Proteaceae_Banksia_integrifolia/d168dd3c-e74d-4385-b22c-82b1cac728e6.jpg,Banksia integrifolia,Coastal Banksia,Plantae,Proteaceae,Banksia,375,500
train,448,9124,2669162,2669162,train_mini/09124_Plantae_Tracheophyta_Magnoliopsida_Proteales_Proteaceae_Banksia_integrifolia/7f7cea2b-6513-4538-9075-94ae3fb4cd5d.jpg,Banksia integrifolia,Coastal Banksia,Plantae,Proteaceae,Banksia,375,500
train,448,9124,2436513,2436513,train_mini/09124_Plantae_Tracheophyta_Magnoliopsida_Proteales_Proteaceae_Banksia_integrifolia/27cea7a2-c14c-46f8-ac31-3deb002bc1f2.jpg,Banksia integrifolia,Coastal Banksia,Plantae,Proteaceae,Banksia,500,375
train,448,9124,1000432,1000432,train_mini/09124_Plantae_Tracheophyta_Magnoliopsida_Proteales_Proteaceae_Banksia_integrifolia/34c3b664-095b-46a2-9788-75987e949a98.jpg,Banksia integrifolia,Coastal Banksia,Plantae,Proteaceae,Banksia,500,333
train,448,9124,1930499,1930499,train_mini/09124_Plantae_Tracheophyta_Magnoliopsida_Proteales_Proteaceae_Banksia_integrifolia/1acf3387-feb0-4faf-bd35-9e17f97545f8.jpg,Banksia integrifolia,Coastal Banksia,Plantae,Proteaceae,Banksia,375,500
train,448,9124,1306372,1306372,train_mini/09124_Plantae_Tracheophyta_Magnoliopsida_Proteales_Proteaceae_Banksia_integrifolia/38ffa6a4-48cf-41ba-8bfc-18720672c54b.jpg,Banksia integrifolia,Coastal Banksia,Plantae,Proteaceae,Banksia,500,375
train,448,9124,2259277,2259277,train_mini/09124_Plantae_Tracheophyta_Magnoliopsida_Proteales_Proteaceae_Banksia_integrifolia/b257ad05-ef53-4657-8ff1-cdc33927f3d6.jpg,Banksia integrifolia,Coastal Banksia,Plantae,Proteaceae,Banksia,375,500
train,448,9124,2614059,2614059,train_mini/09124_Plantae_Tracheophyta_Magnoliopsida_Proteales_Proteaceae_Banksia_integrifolia/634d74cc-b698-46b9-87da-8b06a2c392d4.jpg,Banksia integrifolia,Coastal Banksia,Plantae,Proteaceae,Banksia,500,500
train,449,9128,1618343,1618343,train_mini/09128_Plantae_Tracheophyta_Magnoliopsida_Proteales_Proteaceae_Leucadendron_laureolum/08c37699-201a-4850-af64-f1c7d71c16b1.jpg,Leucadendron laureolum,Golden Sunshinebush,Plantae,Proteaceae,Leucadendron,375,500
train,449,9128,1602385,1602385,train_mini/09128_Plantae_Tracheophyta_Magnoliopsida_Proteales_Proteaceae_Leucadendron_laureolum/20e7d4ce-c356-491b-b191-63e812a058ab.jpg,Leucadendron laureolum,Golden Sunshinebush,Plantae,Proteaceae,Leucadendron,281,500
train,449,9128,1602285,1602285,train_mini/09128_Plantae_Tracheophyta_Magnoliopsida_Proteales_Proteaceae_Leucadendron_laureolum/98992d95-018c-4e95-86df-44fdb1d08ca7.jpg,Leucadendron laureolum,Golden Sunshinebush,Plantae,Proteaceae,Leucadendron,500,371
train,449,9128,1168713,1168713,train_mini/09128_Plantae_Tracheophyta_Magnoliopsida_Proteales_Proteaceae_Leucadendron_laureolum/d60e75d5-6f75-4511-9de0-9f00ee789b57.jpg,Leucadendron laureolum,Golden Sunshinebush,Plantae,Proteaceae,Leucadendron,375,500
train,449,9128,1618880,1618880,train_mini/09128_Plantae_Tracheophyta_Magnoliopsida_Proteales_Proteaceae_Leucadendron_laureolum/3d7a1a74-68a0-4fa1-ae8d-43fca72eaeea.jpg,Leucadendron laureolum,Golden Sunshinebush,Plantae,Proteaceae,Leucadendron,375,500
train,449,9128,1618631,1618631,train_mini/09128_Plantae_Tracheophyta_Magnoliopsida_Proteales_Proteaceae_Leucadendron_laureolum/2aa19ad5-0cfb-45b9-8a23-d0a2acdf806b.jpg,Leucadendron laureolum,Golden Sunshinebush,Plantae,Proteaceae,Leucadendron,375,500
train,449,9128,1890805,1890805,train_mini/09128_Plantae_Tracheophyta_Magnoliopsida_Proteales_Proteaceae_Leucadendron_laureolum/ca5a2f50-b4f2-4c18-9846-a2fd4654e6a7.jpg,Leucadendron laureolum,Golden Sunshinebush,Plantae,Proteaceae,Leucadendron,500,500
train,449,9128,2107378,2107378,train_mini/09128_Plantae_Tracheophyta_Magnoliopsida_Proteales_Proteaceae_Leucadendron_laureolum/6f576f57-8f19-4c04-aeec-fe7a5c8c1c06.jpg,Leucadendron laureolum,Golden Sunshinebush,Plantae,Proteaceae,Leucadendron,500,375
train,450,9133,2477606,2477606,train_mini/09133_Plantae_Tracheophyta_Magnoliopsida_Proteales_Proteaceae_Mimetes_cucullatus/ddd77dd7-bb98-4b3e-890e-0d9c1d345cdb.jpg,Mimetes cucullatus,red pagoda,Plantae,Proteaceae,Mimetes,500,438
train,450,9133,1081521,1081521,train_mini/09133_Plantae_Tracheophyta_Magnoliopsida_Proteales_Proteaceae_Mimetes_cucullatus/64ed5d9b-f0b6-4cdd-b7de-87add2c5c1dc.jpg,Mimetes cucullatus,red pagoda,Plantae,Proteaceae,Mimetes,500,375
train,450,9133,1806530,1806530,train_mini/09133_Plantae_Tracheophyta_Magnoliopsida_Proteales_Proteaceae_Mimetes_cucullatus/746a6c50-34de-4d66-9e59-54ee6a31bb7c.jpg,Mimetes cucullatus,red pagoda,Plantae,Proteaceae,Mimetes,375,500
train,450,9133,1706680,1706680,train_mini/09133_Plantae_Tracheophyta_Magnoliopsida_Proteales_Proteaceae_Mimetes_cucullatus/ef7b0a09-6c1e-43e8-842c-08fa6953ef95.jpg,Mimetes cucullatus,red pagoda,Plantae,Proteaceae,Mimetes,500,375
train,450,9133,776569,776569,train_mini/09133_Plantae_Tracheophyta_Magnoliopsida_Proteales_Proteaceae_Mimetes_cucullatus/0df13a66-0645-4ee9-a3dd-9fab862029c9.jpg,Mimetes cucullatus,red pagoda,Plantae,Proteaceae,Mimetes,500,447
train,450,9133,1353452,1353452,train_mini/09133_Plantae_Tracheophyta_Magnoliopsida_Proteales_Proteaceae_Mimetes_cucullatus/ae17e202-7add-4ee5-bbb0-d51a3c2081d0.jpg,Mimetes cucullatus,red pagoda,Plantae,Proteaceae,Mimetes,500,333
train,450,9133,752525,752525,train_mini/09133_Plantae_Tracheophyta_Magnoliopsida_Proteales_Proteaceae_Mimetes_cucullatus/fe31463d-a5ce-4110-8195-ecb38d600c34.jpg,Mimetes cucullatus,red pagoda,Plantae,Proteaceae,Mimetes,400,500
train,450,9133,2060052,2060052,train_mini/09133_Plantae_Tracheophyta_Magnoliopsida_Proteales_Proteaceae_Mimetes_cucullatus/b314d8a2-ab9e-4553-8d6a-fbbfc6200d29.jpg,Mimetes cucullatus,red pagoda,Plantae,Proteaceae,Mimetes,500,375
train,451,9199,1894725,1894725,train_mini/09199_Plantae_Tracheophyta_Magnoliopsida_Ranunculales_Ranunculaceae_Actaea_racemosa/b593ff7e-f2f6-4eaa-bf21-5148867d1055.jpg,Actaea racemosa,black cohosh,Plantae,Ranunculaceae,Actaea,375,500
train,451,9199,933035,933035,train_mini/09199_Plantae_Tracheophyta_Magnoliopsida_Ranunculales_Ranunculaceae_Actaea_racemosa/c64470c2-140f-4ec7-8920-cd2d01ee4b22.jpg,Actaea racemosa,black cohosh,Plantae,Ranunculaceae,Actaea,500,426
train,451,9199,486217,486217,train_mini/09199_Plantae_Tracheophyta_Magnoliopsida_Ranunculales_Ranunculaceae_Actaea_racemosa/2628a98d-5844-4673-8715-82f061ff8891.jpg,Actaea racemosa,black cohosh,Plantae,Ranunculaceae,Actaea,500,344
train,451,9199,2295655,2295655,train_mini/09199_Plantae_Tracheophyta_Magnoliopsida_Ranunculales_Ranunculaceae_Actaea_racemosa/1704c1cb-b1ec-4300-94e8-23b9f6ddf59c.jpg,Actaea racemosa,black cohosh,Plantae,Ranunculaceae,Actaea,375,500
train,451,9199,977506,977506,train_mini/09199_Plantae_Tracheophyta_Magnoliopsida_Ranunculales_Ranunculaceae_Actaea_racemosa/3177be36-f939-4cbc-ae7b-263f287dccd1.jpg,Actaea racemosa,black cohosh,Plantae,Ranunculaceae,Actaea,500,375
train,451,9199,1700599,1700599,train_mini/09199_Plantae_Tracheophyta_Magnoliopsida_Ranunculales_Ranunculaceae_Actaea_racemosa/740d68e9-516d-4112-8b3b-b73432d17c38.jpg,Actaea racemosa,black cohosh,Plantae,Ranunculaceae,Actaea,375,500
train,451,9199,2280990,2280990,train_mini/09199_Plantae_Tracheophyta_Magnoliopsida_Ranunculales_Ranunculaceae_Actaea_racemosa/4e5b3371-9f06-47d6-8954-6d3fdf3b52a8.jpg,Actaea racemosa,black cohosh,Plantae,Ranunculaceae,Actaea,375,500
train,451,9199,238498,238498,train_mini/09199_Plantae_Tracheophyta_Magnoliopsida_Ranunculales_Ranunculaceae_Actaea_racemosa/a7d7d3e7-a699-4502-97c4-82937c2a391b.jpg,Actaea racemosa,black cohosh,Plantae,Ranunculaceae,Actaea,333,500
train,452,9202,1935414,1935414,train_mini/09202_Plantae_Tracheophyta_Magnoliopsida_Ranunculales_Ranunculaceae_Adonis_vernalis/85dd9217-3688-442a-86ab-4375434fb1e6.jpg,Adonis vernalis,Spring Adonis,Plantae,Ranunculaceae,Adonis,500,331
train,452,9202,1325970,1325970,train_mini/09202_Plantae_Tracheophyta_Magnoliopsida_Ranunculales_Ranunculaceae_Adonis_vernalis/5badd31f-63a0-4c7e-98c6-2522a4ad1766.jpg,Adonis vernalis,Spring Adonis,Plantae,Ranunculaceae,Adonis,500,333
train,452,9202,1444443,1444443,train_mini/09202_Plantae_Tracheophyta_Magnoliopsida_Ranunculales_Ranunculaceae_Adonis_vernalis/bcd5bc8d-8d06-42cf-812a-fd83731599ba.jpg,Adonis vernalis,Spring Adonis,Plantae,Ranunculaceae,Adonis,500,333
train,452,9202,20873,20873,train_mini/09202_Plantae_Tracheophyta_Magnoliopsida_Ranunculales_Ranunculaceae_Adonis_vernalis/d38536da-5eba-46f2-ba65-a69446c107cc.jpg,Adonis vernalis,Spring Adonis,Plantae,Ranunculaceae,Adonis,500,333
train,452,9202,2472294,2472294,train_mini/09202_Plantae_Tracheophyta_Magnoliopsida_Ranunculales_Ranunculaceae_Adonis_vernalis/1fc28d42-f941-4a8d-86e8-f558e41249ac.jpg,Adonis vernalis,Spring Adonis,Plantae,Ranunculaceae,Adonis,500,375
train,452,9202,2665216,2665216,train_mini/09202_Plantae_Tracheophyta_Magnoliopsida_Ranunculales_Ranunculaceae_Adonis_vernalis/a45f4175-679f-469e-90be-2ddb63ab3e0b.jpg,Adonis vernalis,Spring Adonis,Plantae,Ranunculaceae,Adonis,471,500
train,452,9202,2518513,2518513,train_mini/09202_Plantae_Tracheophyta_Magnoliopsida_Ranunculales_Ranunculaceae_Adonis_vernalis/e13b84f0-a745-4048-a898-8df000e5f374.jpg,Adonis vernalis,Spring Adonis,Plantae,Ranunculaceae,Adonis,500,375
train,452,9202,2602203,2602203,train_mini/09202_Plantae_Tracheophyta_Magnoliopsida_Ranunculales_Ranunculaceae_Adonis_vernalis/ebe6df0d-b4b1-4bfc-8afc-6c327d11c0b3.jpg,Adonis vernalis,Spring Adonis,Plantae,Ranunculaceae,Adonis,500,411
train,453,9203,1891938,1891938,train_mini/09203_Plantae_Tracheophyta_Magnoliopsida_Ranunculales_Ranunculaceae_Anemonastrum_canadense/b460b600-61c9-4bd7-a98d-d1223ad255ae.jpg,Anemonastrum canadense,meadow anemone,Plantae,Ranunculaceae,Anemonastrum,375,500
train,453,9203,1947471,1947471,train_mini/09203_Plantae_Tracheophyta_Magnoliopsida_Ranunculales_Ranunculaceae_Anemonastrum_canadense/c3d49af1-5346-4aeb-877d-10b8eb097f19.jpg,Anemonastrum canadense,meadow anemone,Plantae,Ranunculaceae,Anemonastrum,375,500
train,453,9203,1757476,1757476,train_mini/09203_Plantae_Tracheophyta_Magnoliopsida_Ranunculales_Ranunculaceae_Anemonastrum_canadense/1a89743d-46e6-424e-bb4e-7a5f2a090dae.jpg,Anemonastrum canadense,meadow anemone,Plantae,Ranunculaceae,Anemonastrum,243,500
train,453,9203,1823437,1823437,train_mini/09203_Plantae_Tracheophyta_Magnoliopsida_Ranunculales_Ranunculaceae_Anemonastrum_canadense/0f9fd76d-be13-4a4b-a5af-cb971f8d2d78.jpg,Anemonastrum canadense,meadow anemone,Plantae,Ranunculaceae,Anemonastrum,375,500
train,453,9203,2030159,2030159,train_mini/09203_Plantae_Tracheophyta_Magnoliopsida_Ranunculales_Ranunculaceae_Anemonastrum_canadense/cf38c011-e46d-43bc-af60-d5ce282bd4ec.jpg,Anemonastrum canadense,meadow anemone,Plantae,Ranunculaceae,Anemonastrum,375,500
train,453,9203,1832519,1832519,train_mini/09203_Plantae_Tracheophyta_Magnoliopsida_Ranunculales_Ranunculaceae_Anemonastrum_canadense/4c94cd09-9a39-45c5-95d4-5de36dfdab8c.jpg,Anemonastrum canadense,meadow anemone,Plantae,Ranunculaceae,Anemonastrum,375,500
train,453,9203,2168249,2168249,train_mini/09203_Plantae_Tracheophyta_Magnoliopsida_Ranunculales_Ranunculaceae_Anemonastrum_canadense/101ef977-3f59-4299-ac2a-8e2e0849daf7.jpg,Anemonastrum canadense,meadow anemone,Plantae,Ranunculaceae,Anemonastrum,500,375
train,453,9203,1371248,1371248,train_mini/09203_Plantae_Tracheophyta_Magnoliopsida_Ranunculales_Ranunculaceae_Anemonastrum_canadense/3ce98227-af48-438b-a0f5-9a0d6190bbb0.jpg,Anemonastrum canadense,meadow anemone,Plantae,Ranunculaceae,Anemonastrum,500,236
train,454,9221,2023076,2023076,train_mini/09221_Plantae_Tracheophyta_Magnoliopsida_Ranunculales_Ranunculaceae_Aquilegia_vulgaris/2330fc89-fb20-422e-803e-5028fb80246a.jpg,Aquilegia vulgaris,common columbine,Plantae,Ranunculaceae,Aquilegia,375,500
train,454,9221,1761994,1761994,train_mini/09221_Plantae_Tracheophyta_Magnoliopsida_Ranunculales_Ranunculaceae_Aquilegia_vulgaris/d94f098c-5bf0-456c-995a-cb07f578c3fb.jpg,Aquilegia vulgaris,common columbine,Plantae,Ranunculaceae,Aquilegia,375,500
train,454,9221,1702717,1702717,train_mini/09221_Plantae_Tracheophyta_Magnoliopsida_Ranunculales_Ranunculaceae_Aquilegia_vulgaris/82cbdc70-b955-4bc3-a0c2-0e857960020c.jpg,Aquilegia vulgaris,common columbine,Plantae,Ranunculaceae,Aquilegia,375,500
train,454,9221,1345520,1345520,train_mini/09221_Plantae_Tracheophyta_Magnoliopsida_Ranunculales_Ranunculaceae_Aquilegia_vulgaris/c8bc070f-29eb-4910-9eb9-383b0efd5c94.jpg,Aquilegia vulgaris,common columbine,Plantae,Ranunculaceae,Aquilegia,333,500
train,454,9221,436693,436693,train_mini/09221_Plantae_Tracheophyta_Magnoliopsida_Ranunculales_Ranunculaceae_Aquilegia_vulgaris/33b25606-afc5-495b-9f2b-dee87394147a.jpg,Aquilegia vulgaris,common columbine,Plantae,Ranunculaceae,Aquilegia,500,375
train,454,9221,11540,11540,train_mini/09221_Plantae_Tracheophyta_Magnoliopsida_Ranunculales_Ranunculaceae_Aquilegia_vulgaris/22fe5145-37c9-42ca-a67e-14cb18de3e6a.jpg,Aquilegia vulgaris,common columbine,Plantae,Ranunculaceae,Aquilegia,480,358
train,454,9221,441160,441160,train_mini/09221_Plantae_Tracheophyta_Magnoliopsida_Ranunculales_Ranunculaceae_Aquilegia_vulgaris/7ceac419-28cd-48f6-aa7e-53d184032941.jpg,Aquilegia vulgaris,common columbine,Plantae,Ranunculaceae,Aquilegia,375,500
train,454,9221,1771615,1771615,train_mini/09221_Plantae_Tracheophyta_Magnoliopsida_Ranunculales_Ranunculaceae_Aquilegia_vulgaris/b94d7790-d849-413d-9a8f-bbb50921b5b6.jpg,Aquilegia vulgaris,common columbine,Plantae,Ranunculaceae,Aquilegia,375,500
train,455,9226,1821295,1821295,train_mini/09226_Plantae_Tracheophyta_Magnoliopsida_Ranunculales_Ranunculaceae_Clematis_crispa/ef91fa9a-8cb3-4e74-8e70-ff214f6475da.jpg,Clematis crispa,Swamp Leather Flower,Plantae,Ranunculaceae,Clematis,500,375
train,455,9226,2270429,2270429,train_mini/09226_Plantae_Tracheophyta_Magnoliopsida_Ranunculales_Ranunculaceae_Clematis_crispa/6a2dc2ce-01bc-4d99-b008-b7eb20d2b38f.jpg,Clematis crispa,Swamp Leather Flower,Plantae,Ranunculaceae,Clematis,500,375
train,455,9226,193699,193699,train_mini/09226_Plantae_Tracheophyta_Magnoliopsida_Ranunculales_Ranunculaceae_Clematis_crispa/34317778-f616-445d-b6e5-332c3e5b4f71.jpg,Clematis crispa,Swamp Leather Flower,Plantae,Ranunculaceae,Clematis,375,500
train,455,9226,1478769,1478769,train_mini/09226_Plantae_Tracheophyta_Magnoliopsida_Ranunculales_Ranunculaceae_Clematis_crispa/ae31ef60-18ff-4a63-acc2-99ceb8483c31.jpg,Clematis crispa,Swamp Leather Flower,Plantae,Ranunculaceae,Clematis,500,333
train,455,9226,786172,786172,train_mini/09226_Plantae_Tracheophyta_Magnoliopsida_Ranunculales_Ranunculaceae_Clematis_crispa/868832a4-712e-428a-802a-cc884e963e53.jpg,Clematis crispa,Swamp Leather Flower,Plantae,Ranunculaceae,Clematis,500,375
train,455,9226,792672,792672,train_mini/09226_Plantae_Tracheophyta_Magnoliopsida_Ranunculales_Ranunculaceae_Clematis_crispa/abc9f363-83dd-4281-926f-004447fbca91.jpg,Clematis crispa,Swamp Leather Flower,Plantae,Ranunculaceae,Clematis,375,500
train,455,9226,274118,274118,train_mini/09226_Plantae_Tracheophyta_Magnoliopsida_Ranunculales_Ranunculaceae_Clematis_crispa/8cc76676-614c-435e-9567-7bd72bea3d0f.jpg,Clematis crispa,Swamp Leather Flower,Plantae,Ranunculaceae,Clematis,482,500
train,455,9226,730940,730940,train_mini/09226_Plantae_Tracheophyta_Magnoliopsida_Ranunculales_Ranunculaceae_Clematis_crispa/5f1f58e9-2b45-4300-899f-69916dfacfdb.jpg,Clematis crispa,Swamp Leather Flower,Plantae,Ranunculaceae,Clematis,375,500
train,456,9235,1203337,1203337,train_mini/09235_Plantae_Tracheophyta_Magnoliopsida_Ranunculales_Ranunculaceae_Clematis_virginiana/e5b24637-4f31-4ba0-a75b-504a91ede919.jpg,Clematis virginiana,Virginia virgin's-bower,Plantae,Ranunculaceae,Clematis,281,500
train,456,9235,2377054,2377054,train_mini/09235_Plantae_Tracheophyta_Magnoliopsida_Ranunculales_Ranunculaceae_Clematis_virginiana/22b7f4e8-e122-494a-9593-e5e1fdb84a37.jpg,Clematis virginiana,Virginia virgin's-bower,Plantae,Ranunculaceae,Clematis,375,500
train,456,9235,2187213,2187213,train_mini/09235_Plantae_Tracheophyta_Magnoliopsida_Ranunculales_Ranunculaceae_Clematis_virginiana/5b08c639-add9-48d3-988c-0e25da2c7c9f.jpg,Clematis virginiana,Virginia virgin's-bower,Plantae,Ranunculaceae,Clematis,375,500
train,456,9235,1112087,1112087,train_mini/09235_Plantae_Tracheophyta_Magnoliopsida_Ranunculales_Ranunculaceae_Clematis_virginiana/13bc7758-cb96-4c8f-95b2-6a6acf06e12a.jpg,Clematis virginiana,Virginia virgin's-bower,Plantae,Ranunculaceae,Clematis,375,500
train,456,9235,1121264,1121264,train_mini/09235_Plantae_Tracheophyta_Magnoliopsida_Ranunculales_Ranunculaceae_Clematis_virginiana/3527ed74-3b92-468b-a075-33da15d31d9c.jpg,Clematis virginiana,Virginia virgin's-bower,Plantae,Ranunculaceae,Clematis,500,375
train,456,9235,2192086,2192086,train_mini/09235_Plantae_Tracheophyta_Magnoliopsida_Ranunculales_Ranunculaceae_Clematis_virginiana/e6c6696c-a222-4341-a8f9-474d7490a480.jpg,Clematis virginiana,Virginia virgin's-bower,Plantae,Ranunculaceae,Clematis,375,500
train,456,9235,1328840,1328840,train_mini/09235_Plantae_Tracheophyta_Magnoliopsida_Ranunculales_Ranunculaceae_Clematis_virginiana/3a1da844-7bcb-40e6-8166-2113724c0a75.jpg,Clematis virginiana,Virginia virgin's-bower,Plantae,Ranunculaceae,Clematis,500,375
train,456,9235,117441,117441,train_mini/09235_Plantae_Tracheophyta_Magnoliopsida_Ranunculales_Ranunculaceae_Clematis_virginiana/40a0e6b6-3c70-45e4-840f-589a9278aa78.jpg,Clematis virginiana,Virginia virgin's-bower,Plantae,Ranunculaceae,Clematis,500,396
train,457,9258,1362583,1362583,train_mini/09258_Plantae_Tracheophyta_Magnoliopsida_Ranunculales_Ranunculaceae_Pulsatilla_patens/218ef9d1-5ac7-42df-bfc1-c84498d1c787.jpg,Pulsatilla patens,eastern pasqueflower,Plantae,Ranunculaceae,Pulsatilla,500,337
train,457,9258,1720287,1720287,train_mini/09258_Plantae_Tracheophyta_Magnoliopsida_Ranunculales_Ranunculaceae_Pulsatilla_patens/0b15cae4-3693-4323-8dd7-5e086e1f50d7.jpg,Pulsatilla patens,eastern pasqueflower,Plantae,Ranunculaceae,Pulsatilla,375,500
train,457,9258,2629906,2629906,train_mini/09258_Plantae_Tracheophyta_Magnoliopsida_Ranunculales_Ranunculaceae_Pulsatilla_patens/250ed2f0-c9d5-4249-910e-8d5547f139a7.jpg,Pulsatilla patens,eastern pasqueflower,Plantae,Ranunculaceae,Pulsatilla,281,500
train,457,9258,1971041,1971041,train_mini/09258_Plantae_Tracheophyta_Magnoliopsida_Ranunculales_Ranunculaceae_Pulsatilla_patens/f3a6e97c-3fb9-4e45-8e84-956c3e2f6541.jpg,Pulsatilla patens,eastern pasqueflower,Plantae,Ranunculaceae,Pulsatilla,375,500
train,457,9258,2674891,2674891,train_mini/09258_Plantae_Tracheophyta_Magnoliopsida_Ranunculales_Ranunculaceae_Pulsatilla_patens/7b3668dc-3c29-48d7-bc79-d7d5c6ae5cec.jpg,Pulsatilla patens,eastern pasqueflower,Plantae,Ranunculaceae,Pulsatilla,333,500
train,457,9258,2401393,2401393,train_mini/09258_Plantae_Tracheophyta_Magnoliopsida_Ranunculales_Ranunculaceae_Pulsatilla_patens/e527fd1e-c83e-4dfb-9eeb-3d4dca924ade.jpg,Pulsatilla patens,eastern pasqueflower,Plantae,Ranunculaceae,Pulsatilla,500,427
train,457,9258,2572121,2572121,train_mini/09258_Plantae_Tracheophyta_Magnoliopsida_Ranunculales_Ranunculaceae_Pulsatilla_patens/3330ada2-20cf-4c7c-805a-98e13fc01fa1.jpg,Pulsatilla patens,eastern pasqueflower,Plantae,Ranunculaceae,Pulsatilla,375,500
train,457,9258,2476009,2476009,train_mini/09258_Plantae_Tracheophyta_Magnoliopsida_Ranunculales_Ranunculaceae_Pulsatilla_patens/e4f5b2fd-67d6-4f2a-8087-65aab41050bc.jpg,Pulsatilla patens,eastern pasqueflower,Plantae,Ranunculaceae,Pulsatilla,500,375
train,458,9260,1592187,1592187,train_mini/09260_Plantae_Tracheophyta_Magnoliopsida_Ranunculales_Ranunculaceae_Ranunculus_acris/70f423a9-e8cd-46d0-94d6-7ac23de97fe9.jpg,Ranunculus acris,meadow buttercup,Plantae,Ranunculaceae,Ranunculus,375,500
train,458,9260,1681421,1681421,train_mini/09260_Plantae_Tracheophyta_Magnoliopsida_Ranunculales_Ranunculaceae_Ranunculus_acris/5138767a-6da4-4059-a56b-a9e84793cf91.jpg,Ranunculus acris,meadow buttercup,Plantae,Ranunculaceae,Ranunculus,281,500
train,458,9260,2024750,2024750,train_mini/09260_Plantae_Tracheophyta_Magnoliopsida_Ranunculales_Ranunculaceae_Ranunculus_acris/a058b97b-877e-4a31-bdfb-4df27daa1d12.jpg,Ranunculus acris,meadow buttercup,Plantae,Ranunculaceae,Ranunculus,375,500
train,458,9260,1860558,1860558,train_mini/09260_Plantae_Tracheophyta_Magnoliopsida_Ranunculales_Ranunculaceae_Ranunculus_acris/29093b44-0681-46ae-8bef-069641a30bdd.jpg,Ranunculus acris,meadow buttercup,Plantae,Ranunculaceae,Ranunculus,375,500
train,458,9260,1892921,1892921,train_mini/09260_Plantae_Tracheophyta_Magnoliopsida_Ranunculales_Ranunculaceae_Ranunculus_acris/145fc527-9567-4483-980a-9c01e48ab940.jpg,Ranunculus acris,meadow buttercup,Plantae,Ranunculaceae,Ranunculus,375,500
train,458,9260,988743,988743,train_mini/09260_Plantae_Tracheophyta_Magnoliopsida_Ranunculales_Ranunculaceae_Ranunculus_acris/426d5fbf-e631-4c5e-aa8c-a5f86381ce71.jpg,Ranunculus acris,meadow buttercup,Plantae,Ranunculaceae,Ranunculus,375,500
train,458,9260,2498707,2498707,train_mini/09260_Plantae_Tracheophyta_Magnoliopsida_Ranunculales_Ranunculaceae_Ranunculus_acris/2f25c3be-da9d-4c14-b6a5-f0bb0838569f.jpg,Ranunculus acris,meadow buttercup,Plantae,Ranunculaceae,Ranunculus,487,500
train,458,9260,447619,447619,train_mini/09260_Plantae_Tracheophyta_Magnoliopsida_Ranunculales_Ranunculaceae_Ranunculus_acris/96945984-e750-4add-8710-8bdf82589445.jpg,Ranunculus acris,meadow buttercup,Plantae,Ranunculaceae,Ranunculus,375,500
train,459,9314,1170529,1170529,train_mini/09314_Plantae_Tracheophyta_Magnoliopsida_Rosales_Moraceae_Morus_indica/854119e3-b724-489e-aaa2-9a428501bd36.jpg,Morus indica,Korean mulberry,Plantae,Moraceae,Morus,500,332
train,459,9314,2326528,2326528,train_mini/09314_Plantae_Tracheophyta_Magnoliopsida_Rosales_Moraceae_Morus_indica/84523ee3-19bd-4acf-bb22-46d073ee9c6c.jpg,Morus indica,Korean mulberry,Plantae,Moraceae,Morus,500,281
train,459,9314,1557744,1557744,train_mini/09314_Plantae_Tracheophyta_Magnoliopsida_Rosales_Moraceae_Morus_indica/583eae44-5321-48bc-be98-c4a01085a961.jpg,Morus indica,Korean mulberry,Plantae,Moraceae,Morus,500,333
train,459,9314,1740761,1740761,train_mini/09314_Plantae_Tracheophyta_Magnoliopsida_Rosales_Moraceae_Morus_indica/efbc2a35-ec43-4c07-bfba-d81768a26e7c.jpg,Morus indica,Korean mulberry,Plantae,Moraceae,Morus,281,500
train,459,9314,972828,972828,train_mini/09314_Plantae_Tracheophyta_Magnoliopsida_Rosales_Moraceae_Morus_indica/81c7e76f-b697-42a5-8b46-b736461b937d.jpg,Morus indica,Korean mulberry,Plantae,Moraceae,Morus,375,500
train,459,9314,1656752,1656752,train_mini/09314_Plantae_Tracheophyta_Magnoliopsida_Rosales_Moraceae_Morus_indica/245aeac9-0b65-43ed-9266-29b7efd4b457.jpg,Morus indica,Korean mulberry,Plantae,Moraceae,Morus,282,500
train,459,9314,1584029,1584029,train_mini/09314_Plantae_Tracheophyta_Magnoliopsida_Rosales_Moraceae_Morus_indica/b3ee00fc-d610-42dc-ab1e-4c85273caa87.jpg,Morus indica,Korean mulberry,Plantae,Moraceae,Morus,500,375
train,459,9314,1242830,1242830,train_mini/09314_Plantae_Tracheophyta_Magnoliopsida_Rosales_Moraceae_Morus_indica/01598062-16d0-44dd-8545-06c4e54fa0e0.jpg,Morus indica,Korean mulberry,Plantae,Moraceae,Morus,281,500
train,460,9372,1707010,1707010,train_mini/09372_Plantae_Tracheophyta_Magnoliopsida_Rosales_Rosaceae_Crataegus_marshallii/9c57f736-0b57-4538-8222-c1763544b6b4.jpg,Crataegus marshallii,parsley hawthorn,Plantae,Rosaceae,Crataegus,281,500
train,460,9372,721603,721603,train_mini/09372_Plantae_Tracheophyta_Magnoliopsida_Rosales_Rosaceae_Crataegus_marshallii/633490c8-fa13-47d0-bc5e-a97dc28c6e9b.jpg,Crataegus marshallii,parsley hawthorn,Plantae,Rosaceae,Crataegus,375,500
train,460,9372,871180,871180,train_mini/09372_Plantae_Tracheophyta_Magnoliopsida_Rosales_Rosaceae_Crataegus_marshallii/86012451-ff7f-40fe-a507-52e0fe02e4a1.jpg,Crataegus marshallii,parsley hawthorn,Plantae,Rosaceae,Crataegus,375,500
train,460,9372,1621677,1621677,train_mini/09372_Plantae_Tracheophyta_Magnoliopsida_Rosales_Rosaceae_Crataegus_marshallii/cce9ccf4-f2ed-42c9-9277-2af147724d30.jpg,Crataegus marshallii,parsley hawthorn,Plantae,Rosaceae,Crataegus,375,500
train,460,9372,658468,658468,train_mini/09372_Plantae_Tracheophyta_Magnoliopsida_Rosales_Rosaceae_Crataegus_marshallii/889d465a-5f73-4e63-ac77-759e808a2979.jpg,Crataegus marshallii,parsley hawthorn,Plantae,Rosaceae,Crataegus,375,500
train,460,9372,1563489,1563489,train_mini/09372_Plantae_Tracheophyta_Magnoliopsida_Rosales_Rosaceae_Crataegus_marshallii/496661b8-f323-443b-8498-1d6e7df3a4db.jpg,Crataegus marshallii,parsley hawthorn,Plantae,Rosaceae,Crataegus,243,500
train,460,9372,1391205,1391205,train_mini/09372_Plantae_Tracheophyta_Magnoliopsida_Rosales_Rosaceae_Crataegus_marshallii/b139fcfa-95fe-40f1-9812-dd66ce221fa6.jpg,Crataegus marshallii,parsley hawthorn,Plantae,Rosaceae,Crataegus,281,500
train,460,9372,733169,733169,train_mini/09372_Plantae_Tracheophyta_Magnoliopsida_Rosales_Rosaceae_Crataegus_marshallii/702f62e8-f772-4732-9421-cdad24d8ea05.jpg,Crataegus marshallii,parsley hawthorn,Plantae,Rosaceae,Crataegus,375,500
train,461,9379,14486,14486,train_mini/09379_Plantae_Tracheophyta_Magnoliopsida_Rosales_Rosaceae_Eriobotrya_japonica/ad3d29d7-836e-4832-ada2-a1e74e6d8d8b.jpg,Eriobotrya japonica,Loquat,Plantae,Rosaceae,Eriobotrya,375,500
train,461,9379,96859,96859,train_mini/09379_Plantae_Tracheophyta_Magnoliopsida_Rosales_Rosaceae_Eriobotrya_japonica/ac22c4d9-f314-4637-a6f2-c7eb44045fbb.jpg,Eriobotrya japonica,Loquat,Plantae,Rosaceae,Eriobotrya,500,373
train,461,9379,1441886,1441886,train_mini/09379_Plantae_Tracheophyta_Magnoliopsida_Rosales_Rosaceae_Eriobotrya_japonica/552f1f91-cc5d-49ea-b212-565a6451312b.jpg,Eriobotrya japonica,Loquat,Plantae,Rosaceae,Eriobotrya,281,500
train,461,9379,1456989,1456989,train_mini/09379_Plantae_Tracheophyta_Magnoliopsida_Rosales_Rosaceae_Eriobotrya_japonica/0299ce50-7ad5-4a4f-906e-1d83588429fe.jpg,Eriobotrya japonica,Loquat,Plantae,Rosaceae,Eriobotrya,500,375
train,461,9379,160931,160931,train_mini/09379_Plantae_Tracheophyta_Magnoliopsida_Rosales_Rosaceae_Eriobotrya_japonica/a0c775bb-d81c-43b5-95d2-9d5128afddc6.jpg,Eriobotrya japonica,Loquat,Plantae,Rosaceae,Eriobotrya,375,500
train,461,9379,677657,677657,train_mini/09379_Plantae_Tracheophyta_Magnoliopsida_Rosales_Rosaceae_Eriobotrya_japonica/adc279a8-cb46-4560-ae9f-c81dcbd424c7.jpg,Eriobotrya japonica,Loquat,Plantae,Rosaceae,Eriobotrya,375,500
train,461,9379,2560150,2560150,train_mini/09379_Plantae_Tracheophyta_Magnoliopsida_Rosales_Rosaceae_Eriobotrya_japonica/df818369-d763-4aeb-a758-f8d5b15b01eb.jpg,Eriobotrya japonica,Loquat,Plantae,Rosaceae,Eriobotrya,332,500
train,461,9379,412036,412036,train_mini/09379_Plantae_Tracheophyta_Magnoliopsida_Rosales_Rosaceae_Eriobotrya_japonica/3142e3ab-bf2c-46a8-a55e-3cb60e5b41b5.jpg,Eriobotrya japonica,Loquat,Plantae,Rosaceae,Eriobotrya,375,500
train,462,9408,826013,826013,train_mini/09408_Plantae_Tracheophyta_Magnoliopsida_Rosales_Rosaceae_Potentilla_canadensis/628f583c-bc68-4b8b-8457-a658f5996c91.jpg,Potentilla canadensis,dwarf cinquefoil,Plantae,Rosaceae,Potentilla,281,500
train,462,9408,1534435,1534435,train_mini/09408_Plantae_Tracheophyta_Magnoliopsida_Rosales_Rosaceae_Potentilla_canadensis/c68022d9-766b-4476-a72a-166022082651.jpg,Potentilla canadensis,dwarf cinquefoil,Plantae,Rosaceae,Potentilla,500,375
train,462,9408,1220889,1220889,train_mini/09408_Plantae_Tracheophyta_Magnoliopsida_Rosales_Rosaceae_Potentilla_canadensis/23322079-6bf5-4b37-814c-f170be84daa7.jpg,Potentilla canadensis,dwarf cinquefoil,Plantae,Rosaceae,Potentilla,375,500
train,462,9408,918391,918391,train_mini/09408_Plantae_Tracheophyta_Magnoliopsida_Rosales_Rosaceae_Potentilla_canadensis/ea5fe8dc-cda9-4644-8c4a-d82785f20334.jpg,Potentilla canadensis,dwarf cinquefoil,Plantae,Rosaceae,Potentilla,500,375
train,462,9408,2171037,2171037,train_mini/09408_Plantae_Tracheophyta_Magnoliopsida_Rosales_Rosaceae_Potentilla_canadensis/90764e0d-d7d6-41fd-9ffc-e050ac784cf5.jpg,Potentilla canadensis,dwarf cinquefoil,Plantae,Rosaceae,Potentilla,375,500
train,462,9408,1571462,1571462,train_mini/09408_Plantae_Tracheophyta_Magnoliopsida_Rosales_Rosaceae_Potentilla_canadensis/aa658919-eef6-4004-981e-48618111877f.jpg,Potentilla canadensis,dwarf cinquefoil,Plantae,Rosaceae,Potentilla,337,500
train,462,9408,1666313,1666313,train_mini/09408_Plantae_Tracheophyta_Magnoliopsida_Rosales_Rosaceae_Potentilla_canadensis/bc9b50c0-e985-4af1-8e86-1edae349235b.jpg,Potentilla canadensis,dwarf cinquefoil,Plantae,Rosaceae,Potentilla,375,500
train,462,9408,695885,695885,train_mini/09408_Plantae_Tracheophyta_Magnoliopsida_Rosales_Rosaceae_Potentilla_canadensis/9ce93d98-5ee6-4006-b2f7-f1b0951f9c03.jpg,Potentilla canadensis,dwarf cinquefoil,Plantae,Rosaceae,Potentilla,500,281
train,463,9423,574527,574527,train_mini/09423_Plantae_Tracheophyta_Magnoliopsida_Rosales_Rosaceae_Prunus_fasciculata/fec8b200-c44e-4b98-a3d9-b4cae655098e.jpg,Prunus fasciculata,desert almond,Plantae,Rosaceae,Prunus,281,500
train,463,9423,1453398,1453398,train_mini/09423_Plantae_Tracheophyta_Magnoliopsida_Rosales_Rosaceae_Prunus_fasciculata/06d5b34b-e824-4ab1-9f81-3f8f68fa015e.jpg,Prunus fasciculata,desert almond,Plantae,Rosaceae,Prunus,375,500
train,463,9423,300733,300733,train_mini/09423_Plantae_Tracheophyta_Magnoliopsida_Rosales_Rosaceae_Prunus_fasciculata/6a1aea91-0487-4eed-8d8f-98200ffd6262.jpg,Prunus fasciculata,desert almond,Plantae,Rosaceae,Prunus,375,500
train,463,9423,1607538,1607538,train_mini/09423_Plantae_Tracheophyta_Magnoliopsida_Rosales_Rosaceae_Prunus_fasciculata/85a1cf1a-967e-4d00-b8e5-a89a7427afc5.jpg,Prunus fasciculata,desert almond,Plantae,Rosaceae,Prunus,500,281
train,463,9423,1285158,1285158,train_mini/09423_Plantae_Tracheophyta_Magnoliopsida_Rosales_Rosaceae_Prunus_fasciculata/b4f2cbb1-76a4-46f6-b490-26b04ee459a6.jpg,Prunus fasciculata,desert almond,Plantae,Rosaceae,Prunus,375,500
train,463,9423,161072,161072,train_mini/09423_Plantae_Tracheophyta_Magnoliopsida_Rosales_Rosaceae_Prunus_fasciculata/632ce4d9-75a1-4c2f-919a-45eceffc554a.jpg,Prunus fasciculata,desert almond,Plantae,Rosaceae,Prunus,500,281
train,463,9423,595090,595090,train_mini/09423_Plantae_Tracheophyta_Magnoliopsida_Rosales_Rosaceae_Prunus_fasciculata/8389de67-3fc0-402d-b960-269369c105a6.jpg,Prunus fasciculata,desert almond,Plantae,Rosaceae,Prunus,300,500
train,463,9423,341926,341926,train_mini/09423_Plantae_Tracheophyta_Magnoliopsida_Rosales_Rosaceae_Prunus_fasciculata/d064bd0e-5c91-4170-bc96-f7fc59df0128.jpg,Prunus fasciculata,desert almond,Plantae,Rosaceae,Prunus,375,500
train,464,9431,846057,846057,train_mini/09431_Plantae_Tracheophyta_Magnoliopsida_Rosales_Rosaceae_Prunus_pumila/b374e37f-3a89-4ecf-96a6-7af6bbddf3e9.jpg,Prunus pumila,sand cherry,Plantae,Rosaceae,Prunus,375,500
train,464,9431,1911960,1911960,train_mini/09431_Plantae_Tracheophyta_Magnoliopsida_Rosales_Rosaceae_Prunus_pumila/f8fcf295-8f2f-43f1-9836-cdbf867f3e3c.jpg,Prunus pumila,sand cherry,Plantae,Rosaceae,Prunus,281,500
train,464,9431,943690,943690,train_mini/09431_Plantae_Tracheophyta_Magnoliopsida_Rosales_Rosaceae_Prunus_pumila/7ee28cb9-f569-4c75-9fee-53e2dd827f70.jpg,Prunus pumila,sand cherry,Plantae,Rosaceae,Prunus,500,375
train,464,9431,1069247,1069247,train_mini/09431_Plantae_Tracheophyta_Magnoliopsida_Rosales_Rosaceae_Prunus_pumila/3ab50abe-18de-46a1-b4db-b5fde93021df.jpg,Prunus pumila,sand cherry,Plantae,Rosaceae,Prunus,375,500
train,464,9431,684298,684298,train_mini/09431_Plantae_Tracheophyta_Magnoliopsida_Rosales_Rosaceae_Prunus_pumila/c7918cfc-374c-4ba9-9755-a1d2f8bd25cd.jpg,Prunus pumila,sand cherry,Plantae,Rosaceae,Prunus,375,500
train,464,9431,1113914,1113914,train_mini/09431_Plantae_Tracheophyta_Magnoliopsida_Rosales_Rosaceae_Prunus_pumila/87d16a9e-198a-4f56-8319-d06af38cfe1e.jpg,Prunus pumila,sand cherry,Plantae,Rosaceae,Prunus,333,500
train,464,9431,1772637,1772637,train_mini/09431_Plantae_Tracheophyta_Magnoliopsida_Rosales_Rosaceae_Prunus_pumila/1b2e2d5a-7d3d-41da-ba88-29cd154df619.jpg,Prunus pumila,sand cherry,Plantae,Rosaceae,Prunus,500,331
train,464,9431,1894921,1894921,train_mini/09431_Plantae_Tracheophyta_Magnoliopsida_Rosales_Rosaceae_Prunus_pumila/2db29fcd-cc4d-490c-97e3-929816470e0e.jpg,Prunus pumila,sand cherry,Plantae,Rosaceae,Prunus,375,500
train,465,9433,1214380,1214380,train_mini/09433_Plantae_Tracheophyta_Magnoliopsida_Rosales_Rosaceae_Prunus_spinosa/9336b2af-7e42-482d-9121-12f1444ba536.jpg,Prunus spinosa,Blackthorn,Plantae,Rosaceae,Prunus,500,375
train,465,9433,123674,123674,train_mini/09433_Plantae_Tracheophyta_Magnoliopsida_Rosales_Rosaceae_Prunus_spinosa/328be137-add7-4c76-92a7-32730e2808ae.jpg,Prunus spinosa,Blackthorn,Plantae,Rosaceae,Prunus,375,500
train,465,9433,114623,114623,train_mini/09433_Plantae_Tracheophyta_Magnoliopsida_Rosales_Rosaceae_Prunus_spinosa/0b9cf71d-1ed4-4a9a-9f1f-0bc80acde9ca.jpg,Prunus spinosa,Blackthorn,Plantae,Rosaceae,Prunus,375,500
train,465,9433,2325057,2325057,train_mini/09433_Plantae_Tracheophyta_Magnoliopsida_Rosales_Rosaceae_Prunus_spinosa/3ea99655-8b2c-4cfc-83c8-d5cd2d6d102d.jpg,Prunus spinosa,Blackthorn,Plantae,Rosaceae,Prunus,375,500
train,465,9433,2482700,2482700,train_mini/09433_Plantae_Tracheophyta_Magnoliopsida_Rosales_Rosaceae_Prunus_spinosa/462546a6-f71c-4539-b6b4-8e15e0c91a34.jpg,Prunus spinosa,Blackthorn,Plantae,Rosaceae,Prunus,375,500
train,465,9433,1079438,1079438,train_mini/09433_Plantae_Tracheophyta_Magnoliopsida_Rosales_Rosaceae_Prunus_spinosa/c027884e-dc5b-42b7-b172-0f5f14a7c9f0.jpg,Prunus spinosa,Blackthorn,Plantae,Rosaceae,Prunus,375,500
train,465,9433,1475252,1475252,train_mini/09433_Plantae_Tracheophyta_Magnoliopsida_Rosales_Rosaceae_Prunus_spinosa/b23388fe-f4d0-4350-bf1c-bff9c9a65169.jpg,Prunus spinosa,Blackthorn,Plantae,Rosaceae,Prunus,500,375
train,465,9433,1593330,1593330,train_mini/09433_Plantae_Tracheophyta_Magnoliopsida_Rosales_Rosaceae_Prunus_spinosa/79b3bfb6-38e8-4fdb-8ff0-883018d14f94.jpg,Prunus spinosa,Blackthorn,Plantae,Rosaceae,Prunus,500,333
train,466,9460,2531995,2531995,train_mini/09460_Plantae_Tracheophyta_Magnoliopsida_Rosales_Rosaceae_Rubus_bifrons/58c317e3-59cd-4fd0-87f5-a4d342237001.jpg,Rubus bifrons,Himalayan-berry,Plantae,Rosaceae,Rubus,500,333
train,466,9460,685812,685812,train_mini/09460_Plantae_Tracheophyta_Magnoliopsida_Rosales_Rosaceae_Rubus_bifrons/226ef38d-6bdc-4c31-8dea-70eed66af82d.jpg,Rubus bifrons,Himalayan-berry,Plantae,Rosaceae,Rubus,375,500
train,466,9460,1792790,1792790,train_mini/09460_Plantae_Tracheophyta_Magnoliopsida_Rosales_Rosaceae_Rubus_bifrons/55daa0a0-334e-49ad-9cef-2dd755858e21.jpg,Rubus bifrons,Himalayan-berry,Plantae,Rosaceae,Rubus,375,500
train,466,9460,1349803,1349803,train_mini/09460_Plantae_Tracheophyta_Magnoliopsida_Rosales_Rosaceae_Rubus_bifrons/478bf89b-7c51-4052-91b2-fe9539542636.jpg,Rubus bifrons,Himalayan-berry,Plantae,Rosaceae,Rubus,375,500
train,466,9460,623298,623298,train_mini/09460_Plantae_Tracheophyta_Magnoliopsida_Rosales_Rosaceae_Rubus_bifrons/7e9c093e-f8dd-4cc1-8184-27cb1e99ace9.jpg,Rubus bifrons,Himalayan-berry,Plantae,Rosaceae,Rubus,375,500
train,466,9460,1545462,1545462,train_mini/09460_Plantae_Tracheophyta_Magnoliopsida_Rosales_Rosaceae_Rubus_bifrons/7869f9af-daed-4be1-b743-cb28f6933bb5.jpg,Rubus bifrons,Himalayan-berry,Plantae,Rosaceae,Rubus,375,500
train,466,9460,1383607,1383607,train_mini/09460_Plantae_Tracheophyta_Magnoliopsida_Rosales_Rosaceae_Rubus_bifrons/cfec9d93-edbc-4418-999d-bcdfef24226b.jpg,Rubus bifrons,Himalayan-berry,Plantae,Rosaceae,Rubus,375,500
train,466,9460,306162,306162,train_mini/09460_Plantae_Tracheophyta_Magnoliopsida_Rosales_Rosaceae_Rubus_bifrons/386eb609-8c75-44de-b267-888da36bda7f.jpg,Rubus bifrons,Himalayan-berry,Plantae,Rosaceae,Rubus,375,500
train,467,9477,887250,887250,train_mini/09477_Plantae_Tracheophyta_Magnoliopsida_Rosales_Rosaceae_Rubus_schmidelioides/019f15c6-095d-40bc-8303-faef9e8935fd.jpg,Rubus schmidelioides,Rubus schmidelioides,Plantae,Rosaceae,Rubus,375,500
train,467,9477,61887,61887,train_mini/09477_Plantae_Tracheophyta_Magnoliopsida_Rosales_Rosaceae_Rubus_schmidelioides/fc3f0945-7de8-4749-8939-4e383d529c18.jpg,Rubus schmidelioides,Rubus schmidelioides,Plantae,Rosaceae,Rubus,500,375
train,467,9477,1647605,1647605,train_mini/09477_Plantae_Tracheophyta_Magnoliopsida_Rosales_Rosaceae_Rubus_schmidelioides/d04c35c2-3992-420f-927a-5f3ca1fb48b7.jpg,Rubus schmidelioides,Rubus schmidelioides,Plantae,Rosaceae,Rubus,500,375
train,467,9477,612987,612987,train_mini/09477_Plantae_Tracheophyta_Magnoliopsida_Rosales_Rosaceae_Rubus_schmidelioides/e9046349-5061-47a9-979a-eca7b8555ee3.jpg,Rubus schmidelioides,Rubus schmidelioides,Plantae,Rosaceae,Rubus,500,355
train,467,9477,393629,393629,train_mini/09477_Plantae_Tracheophyta_Magnoliopsida_Rosales_Rosaceae_Rubus_schmidelioides/20002faf-ba60-497f-b49f-ce825b4f9f7c.jpg,Rubus schmidelioides,Rubus schmidelioides,Plantae,Rosaceae,Rubus,375,500
train,467,9477,1795398,1795398,train_mini/09477_Plantae_Tracheophyta_Magnoliopsida_Rosales_Rosaceae_Rubus_schmidelioides/c07c297a-75e8-4259-b00a-55cd8713beb9.jpg,Rubus schmidelioides,Rubus schmidelioides,Plantae,Rosaceae,Rubus,375,500
train,467,9477,62820,62820,train_mini/09477_Plantae_Tracheophyta_Magnoliopsida_Rosales_Rosaceae_Rubus_schmidelioides/a0698bee-cddb-46c7-90ed-fb316c92a0cb.jpg,Rubus schmidelioides,Rubus schmidelioides,Plantae,Rosaceae,Rubus,375,500
train,467,9477,1396299,1396299,train_mini/09477_Plantae_Tracheophyta_Magnoliopsida_Rosales_Rosaceae_Rubus_schmidelioides/4715e98c-0998-48ab-92bb-aea8cc5a9e9f.jpg,Rubus schmidelioides,Rubus schmidelioides,Plantae,Rosaceae,Rubus,500,375
train,468,9499,224813,224813,train_mini/09499_Plantae_Tracheophyta_Magnoliopsida_Rosales_Ulmaceae_Ulmus_americana/255c1785-fef6-4c53-b54e-78800bbf992c.jpg,Ulmus americana,American elm,Plantae,Ulmaceae,Ulmus,500,375
train,468,9499,1130904,1130904,train_mini/09499_Plantae_Tracheophyta_Magnoliopsida_Rosales_Ulmaceae_Ulmus_americana/b7a1dd3f-f2e3-4705-b1a5-b36f78b68894.jpg,Ulmus americana,American elm,Plantae,Ulmaceae,Ulmus,375,500
train,468,9499,670059,670059,train_mini/09499_Plantae_Tracheophyta_Magnoliopsida_Rosales_Ulmaceae_Ulmus_americana/2df9f8e5-8f05-42c9-b22e-0d86f34323bf.jpg,Ulmus americana,American elm,Plantae,Ulmaceae,Ulmus,375,500
train,468,9499,1624475,1624475,train_mini/09499_Plantae_Tracheophyta_Magnoliopsida_Rosales_Ulmaceae_Ulmus_americana/96dfe2df-531e-478b-886e-443229b12415.jpg,Ulmus americana,American elm,Plantae,Ulmaceae,Ulmus,375,500
train,468,9499,1506488,1506488,train_mini/09499_Plantae_Tracheophyta_Magnoliopsida_Rosales_Ulmaceae_Ulmus_americana/be6501b3-e219-4a21-8a45-4111f80ba02e.jpg,Ulmus americana,American elm,Plantae,Ulmaceae,Ulmus,375,500
train,468,9499,1634945,1634945,train_mini/09499_Plantae_Tracheophyta_Magnoliopsida_Rosales_Ulmaceae_Ulmus_americana/9d4cceca-335d-412c-8182-4c61a5e91c7a.jpg,Ulmus americana,American elm,Plantae,Ulmaceae,Ulmus,500,333
train,468,9499,1606289,1606289,train_mini/09499_Plantae_Tracheophyta_Magnoliopsida_Rosales_Ulmaceae_Ulmus_americana/86004d01-c929-4d21-9850-e4c4f8263453.jpg,Ulmus americana,American elm,Plantae,Ulmaceae,Ulmus,375,500
train,468,9499,1157847,1157847,train_mini/09499_Plantae_Tracheophyta_Magnoliopsida_Rosales_Ulmaceae_Ulmus_americana/3624d56c-984b-4103-a12d-7c276ab078b8.jpg,Ulmus americana,American elm,Plantae,Ulmaceae,Ulmus,375,500
train,469,9505,2554048,2554048,train_mini/09505_Plantae_Tracheophyta_Magnoliopsida_Rosales_Ulmaceae_Ulmus_pumila/d8407523-8a33-4787-adc1-88d8a613d314.jpg,Ulmus pumila,Siberian elm,Plantae,Ulmaceae,Ulmus,375,500
train,469,9505,1730792,1730792,train_mini/09505_Plantae_Tracheophyta_Magnoliopsida_Rosales_Ulmaceae_Ulmus_pumila/a408ebdf-dbe0-4c7f-914a-ea26bc749b3b.jpg,Ulmus pumila,Siberian elm,Plantae,Ulmaceae,Ulmus,500,375
train,469,9505,99857,99857,train_mini/09505_Plantae_Tracheophyta_Magnoliopsida_Rosales_Ulmaceae_Ulmus_pumila/0f44077c-f257-46d8-8c8a-da3fc16f12f2.jpg,Ulmus pumila,Siberian elm,Plantae,Ulmaceae,Ulmus,375,500
train,469,9505,1883355,1883355,train_mini/09505_Plantae_Tracheophyta_Magnoliopsida_Rosales_Ulmaceae_Ulmus_pumila/a989ace4-7898-40ec-8c93-132e69d3a65e.jpg,Ulmus pumila,Siberian elm,Plantae,Ulmaceae,Ulmus,375,500
train,469,9505,1466913,1466913,train_mini/09505_Plantae_Tracheophyta_Magnoliopsida_Rosales_Ulmaceae_Ulmus_pumila/f49cb09f-610e-450c-bd24-84eeb476cdb0.jpg,Ulmus pumila,Siberian elm,Plantae,Ulmaceae,Ulmus,500,333
train,469,9505,2032114,2032114,train_mini/09505_Plantae_Tracheophyta_Magnoliopsida_Rosales_Ulmaceae_Ulmus_pumila/bdabf2f4-bd5a-4b1b-ae1d-b3cccb7bf4ba.jpg,Ulmus pumila,Siberian elm,Plantae,Ulmaceae,Ulmus,375,500
train,469,9505,2461198,2461198,train_mini/09505_Plantae_Tracheophyta_Magnoliopsida_Rosales_Ulmaceae_Ulmus_pumila/2d23ec10-c9c2-4dd9-aafb-3054a3a3ec73.jpg,Ulmus pumila,Siberian elm,Plantae,Ulmaceae,Ulmus,500,375
train,469,9505,1387798,1387798,train_mini/09505_Plantae_Tracheophyta_Magnoliopsida_Rosales_Ulmaceae_Ulmus_pumila/a2a6aa04-7b38-4be5-abd5-da5cfd843add.jpg,Ulmus pumila,Siberian elm,Plantae,Ulmaceae,Ulmus,375,500
train,470,9510,973868,973868,train_mini/09510_Plantae_Tracheophyta_Magnoliopsida_Rosales_Urticaceae_Laportea_canadensis/b43879b5-2e66-42d5-8293-6c2865ef8cc5.jpg,Laportea canadensis,Canadian wood nettle,Plantae,Urticaceae,Laportea,375,500
train,470,9510,1585405,1585405,train_mini/09510_Plantae_Tracheophyta_Magnoliopsida_Rosales_Urticaceae_Laportea_canadensis/595e6202-2a2a-4067-a0da-d48ad250b907.jpg,Laportea canadensis,Canadian wood nettle,Plantae,Urticaceae,Laportea,375,500
train,470,9510,1768749,1768749,train_mini/09510_Plantae_Tracheophyta_Magnoliopsida_Rosales_Urticaceae_Laportea_canadensis/8481ca12-c9c9-4f03-a451-fb9809df361c.jpg,Laportea canadensis,Canadian wood nettle,Plantae,Urticaceae,Laportea,500,375
train,470,9510,1058042,1058042,train_mini/09510_Plantae_Tracheophyta_Magnoliopsida_Rosales_Urticaceae_Laportea_canadensis/c55cfe05-7c0d-4d6a-9d39-26d5b5d51236.jpg,Laportea canadensis,Canadian wood nettle,Plantae,Urticaceae,Laportea,375,500
train,470,9510,2124758,2124758,train_mini/09510_Plantae_Tracheophyta_Magnoliopsida_Rosales_Urticaceae_Laportea_canadensis/14565e3a-451c-42fb-a598-2da366c749f2.jpg,Laportea canadensis,Canadian wood nettle,Plantae,Urticaceae,Laportea,281,500
train,470,9510,1076029,1076029,train_mini/09510_Plantae_Tracheophyta_Magnoliopsida_Rosales_Urticaceae_Laportea_canadensis/f1653e93-eb73-4ef9-9726-9ddcca11d708.jpg,Laportea canadensis,Canadian wood nettle,Plantae,Urticaceae,Laportea,375,500
train,470,9510,407221,407221,train_mini/09510_Plantae_Tracheophyta_Magnoliopsida_Rosales_Urticaceae_Laportea_canadensis/cd2fe504-a7f8-4cc3-9233-9dab5195608f.jpg,Laportea canadensis,Canadian wood nettle,Plantae,Urticaceae,Laportea,375,500
train,470,9510,44972,44972,train_mini/09510_Plantae_Tracheophyta_Magnoliopsida_Rosales_Urticaceae_Laportea_canadensis/f3e22cc2-e28e-46c0-9fb1-eef48983e8ca.jpg,Laportea canadensis,Canadian wood nettle,Plantae,Urticaceae,Laportea,500,375
train,471,9518,1565422,1565422,train_mini/09518_Plantae_Tracheophyta_Magnoliopsida_Rosales_Urticaceae_Urtica_urens/9f3bb87b-bdae-4d9b-bff9-6bb700f46ca6.jpg,Urtica urens,Dwarf Nettle,Plantae,Urticaceae,Urtica,375,500
train,471,9518,189208,189208,train_mini/09518_Plantae_Tracheophyta_Magnoliopsida_Rosales_Urticaceae_Urtica_urens/e1a5bdd7-5309-4ad8-b899-61951355a017.jpg,Urtica urens,Dwarf Nettle,Plantae,Urticaceae,Urtica,375,500
train,471,9518,829608,829608,train_mini/09518_Plantae_Tracheophyta_Magnoliopsida_Rosales_Urticaceae_Urtica_urens/750e1367-0607-4192-a54a-19a1390239c3.jpg,Urtica urens,Dwarf Nettle,Plantae,Urticaceae,Urtica,500,375
train,471,9518,2373218,2373218,train_mini/09518_Plantae_Tracheophyta_Magnoliopsida_Rosales_Urticaceae_Urtica_urens/20118e24-39d6-4da3-9ed1-c66660d74d3b.jpg,Urtica urens,Dwarf Nettle,Plantae,Urticaceae,Urtica,500,375
train,471,9518,164191,164191,train_mini/09518_Plantae_Tracheophyta_Magnoliopsida_Rosales_Urticaceae_Urtica_urens/a056e2e3-b685-48a8-a5a1-b6046689428d.jpg,Urtica urens,Dwarf Nettle,Plantae,Urticaceae,Urtica,375,500
train,471,9518,1824076,1824076,train_mini/09518_Plantae_Tracheophyta_Magnoliopsida_Rosales_Urticaceae_Urtica_urens/b4eeb7aa-9f54-42e3-9670-485a992deadb.jpg,Urtica urens,Dwarf Nettle,Plantae,Urticaceae,Urtica,375,500
train,471,9518,2213999,2213999,train_mini/09518_Plantae_Tracheophyta_Magnoliopsida_Rosales_Urticaceae_Urtica_urens/a82f3184-2248-4343-b67c-133cf493c6b0.jpg,Urtica urens,Dwarf Nettle,Plantae,Urticaceae,Urtica,500,375
train,471,9518,2513288,2513288,train_mini/09518_Plantae_Tracheophyta_Magnoliopsida_Rosales_Urticaceae_Urtica_urens/4c83e1ff-c401-41c0-9b3b-cd255bec180b.jpg,Urtica urens,Dwarf Nettle,Plantae,Urticaceae,Urtica,375,500
train,472,9525,1537527,1537527,train_mini/09525_Plantae_Tracheophyta_Magnoliopsida_Santalales_Santalaceae_Phoradendron_californicum/1db668c2-6dcf-48e0-82fb-83b0b20d594c.jpg,Phoradendron californicum,desert mistletoe,Plantae,Santalaceae,Phoradendron,375,500
train,472,9525,1248003,1248003,train_mini/09525_Plantae_Tracheophyta_Magnoliopsida_Santalales_Santalaceae_Phoradendron_californicum/88f30255-7862-481f-a6a2-772ecc846d8c.jpg,Phoradendron californicum,desert mistletoe,Plantae,Santalaceae,Phoradendron,500,375
train,472,9525,498326,498326,train_mini/09525_Plantae_Tracheophyta_Magnoliopsida_Santalales_Santalaceae_Phoradendron_californicum/078280da-c595-4fb0-b1e5-fce8af9fb16b.jpg,Phoradendron californicum,desert mistletoe,Plantae,Santalaceae,Phoradendron,394,500
train,472,9525,2607411,2607411,train_mini/09525_Plantae_Tracheophyta_Magnoliopsida_Santalales_Santalaceae_Phoradendron_californicum/7fd23b64-f4ab-4d3c-b675-a9ead5e2ac28.jpg,Phoradendron californicum,desert mistletoe,Plantae,Santalaceae,Phoradendron,500,375
train,472,9525,719811,719811,train_mini/09525_Plantae_Tracheophyta_Magnoliopsida_Santalales_Santalaceae_Phoradendron_californicum/2b79a58e-ab5b-44ec-951d-ee76d6aed0d5.jpg,Phoradendron californicum,desert mistletoe,Plantae,Santalaceae,Phoradendron,375,500
train,472,9525,1405143,1405143,train_mini/09525_Plantae_Tracheophyta_Magnoliopsida_Santalales_Santalaceae_Phoradendron_californicum/16ed8f99-db3d-4f9e-a327-eec22c50c734.jpg,Phoradendron californicum,desert mistletoe,Plantae,Santalaceae,Phoradendron,375,500
train,472,9525,1137114,1137114,train_mini/09525_Plantae_Tracheophyta_Magnoliopsida_Santalales_Santalaceae_Phoradendron_californicum/4e3f7ed6-e4ca-460c-88dd-061e324a3d4d.jpg,Phoradendron californicum,desert mistletoe,Plantae,Santalaceae,Phoradendron,281,500
train,472,9525,655946,655946,train_mini/09525_Plantae_Tracheophyta_Magnoliopsida_Santalales_Santalaceae_Phoradendron_californicum/68bcfbf5-92cd-434d-99a5-a2c728b39fee.jpg,Phoradendron californicum,desert mistletoe,Plantae,Santalaceae,Phoradendron,500,500
train,473,9548,230081,230081,train_mini/09548_Plantae_Tracheophyta_Magnoliopsida_Sapindales_Anacardiaceae_Toxicodendron_rydbergii/f3f0b23e-b3f0-4528-bb50-c42ad599b390.jpg,Toxicodendron rydbergii,poison ivy,Plantae,Anacardiaceae,Toxicodendron,500,333
train,473,9548,2430355,2430355,train_mini/09548_Plantae_Tracheophyta_Magnoliopsida_Sapindales_Anacardiaceae_Toxicodendron_rydbergii/d8e618b2-981c-4346-ab42-cdc80c4698d0.jpg,Toxicodendron rydbergii,poison ivy,Plantae,Anacardiaceae,Toxicodendron,375,500
train,473,9548,221043,221043,train_mini/09548_Plantae_Tracheophyta_Magnoliopsida_Sapindales_Anacardiaceae_Toxicodendron_rydbergii/9dae9997-ff4e-48d9-8ae4-1f65805cedb5.jpg,Toxicodendron rydbergii,poison ivy,Plantae,Anacardiaceae,Toxicodendron,375,500
train,473,9548,2313841,2313841,train_mini/09548_Plantae_Tracheophyta_Magnoliopsida_Sapindales_Anacardiaceae_Toxicodendron_rydbergii/0328b33e-5f43-47bd-aebc-e02d4b5ff67e.jpg,Toxicodendron rydbergii,poison ivy,Plantae,Anacardiaceae,Toxicodendron,375,500
train,473,9548,806388,806388,train_mini/09548_Plantae_Tracheophyta_Magnoliopsida_Sapindales_Anacardiaceae_Toxicodendron_rydbergii/7dc54765-a897-4181-98b7-859c9beb6a2e.jpg,Toxicodendron rydbergii,poison ivy,Plantae,Anacardiaceae,Toxicodendron,375,500
train,473,9548,2313018,2313018,train_mini/09548_Plantae_Tracheophyta_Magnoliopsida_Sapindales_Anacardiaceae_Toxicodendron_rydbergii/1efaf806-9389-4969-abf8-b1e28e3a67c9.jpg,Toxicodendron rydbergii,poison ivy,Plantae,Anacardiaceae,Toxicodendron,500,375
train,473,9548,1508813,1508813,train_mini/09548_Plantae_Tracheophyta_Magnoliopsida_Sapindales_Anacardiaceae_Toxicodendron_rydbergii/57c293f6-db5f-4b6e-9dba-e0f7fbcd349c.jpg,Toxicodendron rydbergii,poison ivy,Plantae,Anacardiaceae,Toxicodendron,243,500
train,473,9548,1856671,1856671,train_mini/09548_Plantae_Tracheophyta_Magnoliopsida_Sapindales_Anacardiaceae_Toxicodendron_rydbergii/514eead8-974f-4dac-82be-f485a735880d.jpg,Toxicodendron rydbergii,poison ivy,Plantae,Anacardiaceae,Toxicodendron,375,500
train,474,9550,2149283,2149283,train_mini/09550_Plantae_Tracheophyta_Magnoliopsida_Sapindales_Burseraceae_Bursera_microphylla/408a589f-0443-40c5-8d37-203ffd606474.jpg,Bursera microphylla,elephant tree,Plantae,Burseraceae,Bursera,500,333
train,474,9550,103663,103663,train_mini/09550_Plantae_Tracheophyta_Magnoliopsida_Sapindales_Burseraceae_Bursera_microphylla/3aef2668-8ac2-4495-94c5-005e47e8efbe.jpg,Bursera microphylla,elephant tree,Plantae,Burseraceae,Bursera,500,334
train,474,9550,2055808,2055808,train_mini/09550_Plantae_Tracheophyta_Magnoliopsida_Sapindales_Burseraceae_Bursera_microphylla/63f5edaa-e7c6-4435-9b48-76b5543cb4bf.jpg,Bursera microphylla,elephant tree,Plantae,Burseraceae,Bursera,375,500
train,474,9550,2600670,2600670,train_mini/09550_Plantae_Tracheophyta_Magnoliopsida_Sapindales_Burseraceae_Bursera_microphylla/6dc26f25-8e5a-43a7-9ce9-b50ed3adfc32.jpg,Bursera microphylla,elephant tree,Plantae,Burseraceae,Bursera,375,500
train,474,9550,156284,156284,train_mini/09550_Plantae_Tracheophyta_Magnoliopsida_Sapindales_Burseraceae_Bursera_microphylla/797e9394-8d35-4a27-95c2-08ee2e54c4b3.jpg,Bursera microphylla,elephant tree,Plantae,Burseraceae,Bursera,281,500
train,474,9550,329158,329158,train_mini/09550_Plantae_Tracheophyta_Magnoliopsida_Sapindales_Burseraceae_Bursera_microphylla/4683e288-d2a8-4210-a013-cc1544803353.jpg,Bursera microphylla,elephant tree,Plantae,Burseraceae,Bursera,500,335
train,474,9550,645668,645668,train_mini/09550_Plantae_Tracheophyta_Magnoliopsida_Sapindales_Burseraceae_Bursera_microphylla/ab650127-5f24-4769-8aa2-36afe89276cb.jpg,Bursera microphylla,elephant tree,Plantae,Burseraceae,Bursera,281,500
train,474,9550,651039,651039,train_mini/09550_Plantae_Tracheophyta_Magnoliopsida_Sapindales_Burseraceae_Bursera_microphylla/4becc9ea-d883-4ca2-a396-b89901abf7c1.jpg,Bursera microphylla,elephant tree,Plantae,Burseraceae,Bursera,500,500
train,475,9565,1583702,1583702,train_mini/09565_Plantae_Tracheophyta_Magnoliopsida_Sapindales_Sapindaceae_Acer_campestre/18ca6a29-78e6-4ecd-9d10-2da0647a67a0.jpg,Acer campestre,field maple,Plantae,Sapindaceae,Acer,281,500
train,475,9565,1608189,1608189,train_mini/09565_Plantae_Tracheophyta_Magnoliopsida_Sapindales_Sapindaceae_Acer_campestre/36eb805e-f1b7-41ad-aa99-a6e014e92483.jpg,Acer campestre,field maple,Plantae,Sapindaceae,Acer,500,335
train,475,9565,1706698,1706698,train_mini/09565_Plantae_Tracheophyta_Magnoliopsida_Sapindales_Sapindaceae_Acer_campestre/8f2bad82-f9f0-45b7-81ef-2d58fd054333.jpg,Acer campestre,field maple,Plantae,Sapindaceae,Acer,375,500
train,475,9565,381770,381770,train_mini/09565_Plantae_Tracheophyta_Magnoliopsida_Sapindales_Sapindaceae_Acer_campestre/b524b66f-c6d8-4835-a772-414c0907a01f.jpg,Acer campestre,field maple,Plantae,Sapindaceae,Acer,500,281
train,475,9565,1055980,1055980,train_mini/09565_Plantae_Tracheophyta_Magnoliopsida_Sapindales_Sapindaceae_Acer_campestre/ee1baf12-033f-4a20-b38b-b2f024c0ca77.jpg,Acer campestre,field maple,Plantae,Sapindaceae,Acer,375,500
train,475,9565,2559020,2559020,train_mini/09565_Plantae_Tracheophyta_Magnoliopsida_Sapindales_Sapindaceae_Acer_campestre/af6d8c78-01f3-4193-832f-ae8afafe1966.jpg,Acer campestre,field maple,Plantae,Sapindaceae,Acer,500,375
train,475,9565,142217,142217,train_mini/09565_Plantae_Tracheophyta_Magnoliopsida_Sapindales_Sapindaceae_Acer_campestre/1da2db26-9f65-49f4-9262-c1a2c9993270.jpg,Acer campestre,field maple,Plantae,Sapindaceae,Acer,500,375
train,475,9565,792238,792238,train_mini/09565_Plantae_Tracheophyta_Magnoliopsida_Sapindales_Sapindaceae_Acer_campestre/498a18aa-1c3d-4bf0-999e-454cb7dddcbc.jpg,Acer campestre,field maple,Plantae,Sapindaceae,Acer,375,500
train,476,9586,1637397,1637397,train_mini/09586_Plantae_Tracheophyta_Magnoliopsida_Sapindales_Sapindaceae_Aesculus_pavia/f0bc131c-b016-4378-83cb-b7a5fc321d72.jpg,Aesculus pavia,Red Buckeye,Plantae,Sapindaceae,Aesculus,500,375
train,476,9586,35772,35772,train_mini/09586_Plantae_Tracheophyta_Magnoliopsida_Sapindales_Sapindaceae_Aesculus_pavia/b3b49a8c-eb8d-488d-b3af-53eecf1f079a.jpg,Aesculus pavia,Red Buckeye,Plantae,Sapindaceae,Aesculus,373,500
train,476,9586,1495278,1495278,train_mini/09586_Plantae_Tracheophyta_Magnoliopsida_Sapindales_Sapindaceae_Aesculus_pavia/ff705cc0-2ddf-49aa-a033-063a5ff49e6b.jpg,Aesculus pavia,Red Buckeye,Plantae,Sapindaceae,Aesculus,375,500
train,476,9586,2178024,2178024,train_mini/09586_Plantae_Tracheophyta_Magnoliopsida_Sapindales_Sapindaceae_Aesculus_pavia/69b286a6-e2fe-4f5e-b6ed-add108a19a9e.jpg,Aesculus pavia,Red Buckeye,Plantae,Sapindaceae,Aesculus,375,500
train,476,9586,768672,768672,train_mini/09586_Plantae_Tracheophyta_Magnoliopsida_Sapindales_Sapindaceae_Aesculus_pavia/ab35bcbd-7349-47f5-8c47-0715ddea03e8.jpg,Aesculus pavia,Red Buckeye,Plantae,Sapindaceae,Aesculus,500,375
train,476,9586,1495598,1495598,train_mini/09586_Plantae_Tracheophyta_Magnoliopsida_Sapindales_Sapindaceae_Aesculus_pavia/9c2ca76d-371f-43f3-851f-65fea0682c72.jpg,Aesculus pavia,Red Buckeye,Plantae,Sapindaceae,Aesculus,375,500
train,476,9586,1764603,1764603,train_mini/09586_Plantae_Tracheophyta_Magnoliopsida_Sapindales_Sapindaceae_Aesculus_pavia/2307b181-f818-49d5-a8e5-e87b3636d08c.jpg,Aesculus pavia,Red Buckeye,Plantae,Sapindaceae,Aesculus,375,500
train,476,9586,1440262,1440262,train_mini/09586_Plantae_Tracheophyta_Magnoliopsida_Sapindales_Sapindaceae_Aesculus_pavia/ccda8d55-02e9-4286-8417-eb8444f554d7.jpg,Aesculus pavia,Red Buckeye,Plantae,Sapindaceae,Aesculus,375,500
train,477,9597,1285596,1285596,train_mini/09597_Plantae_Tracheophyta_Magnoliopsida_Saxifragales_Crassulaceae_Crassula_ovata/0dc4af7a-8744-4a79-97cb-02b7a2d74b4d.jpg,Crassula ovata,jade plant,Plantae,Crassulaceae,Crassula,500,375
train,477,9597,1583684,1583684,train_mini/09597_Plantae_Tracheophyta_Magnoliopsida_Saxifragales_Crassulaceae_Crassula_ovata/683f4b32-c552-475a-adc8-d13f07cdc344.jpg,Crassula ovata,jade plant,Plantae,Crassulaceae,Crassula,375,500
train,477,9597,1725908,1725908,train_mini/09597_Plantae_Tracheophyta_Magnoliopsida_Saxifragales_Crassulaceae_Crassula_ovata/c31d1baf-da96-49b0-871c-9e6f3aa664e6.jpg,Crassula ovata,jade plant,Plantae,Crassulaceae,Crassula,500,462
train,477,9597,42511,42511,train_mini/09597_Plantae_Tracheophyta_Magnoliopsida_Saxifragales_Crassulaceae_Crassula_ovata/ca8a60f9-39c5-40f1-98f7-32a9b8640550.jpg,Crassula ovata,jade plant,Plantae,Crassulaceae,Crassula,500,352
train,477,9597,2363188,2363188,train_mini/09597_Plantae_Tracheophyta_Magnoliopsida_Saxifragales_Crassulaceae_Crassula_ovata/0eda758e-5580-45eb-a78f-ebd4285a761b.jpg,Crassula ovata,jade plant,Plantae,Crassulaceae,Crassula,500,375
train,477,9597,2333064,2333064,train_mini/09597_Plantae_Tracheophyta_Magnoliopsida_Saxifragales_Crassulaceae_Crassula_ovata/83d8de41-9964-4130-a005-d8b5e93e84e9.jpg,Crassula ovata,jade plant,Plantae,Crassulaceae,Crassula,375,500
train,477,9597,2563017,2563017,train_mini/09597_Plantae_Tracheophyta_Magnoliopsida_Saxifragales_Crassulaceae_Crassula_ovata/774dfda6-db98-4a63-b444-8998e5884c9d.jpg,Crassula ovata,jade plant,Plantae,Crassulaceae,Crassula,375,500
train,477,9597,1270100,1270100,train_mini/09597_Plantae_Tracheophyta_Magnoliopsida_Saxifragales_Crassulaceae_Crassula_ovata/d967a6c0-8df8-4382-8eb5-24af317c9788.jpg,Crassula ovata,jade plant,Plantae,Crassulaceae,Crassula,375,500
train,478,9610,2164441,2164441,train_mini/09610_Plantae_Tracheophyta_Magnoliopsida_Saxifragales_Crassulaceae_Rhodiola_integrifolia/0a9fad2c-6314-4f3c-9b58-ac6e25a74a2a.jpg,Rhodiola integrifolia,western roseroot,Plantae,Crassulaceae,Rhodiola,500,375
train,478,9610,998385,998385,train_mini/09610_Plantae_Tracheophyta_Magnoliopsida_Saxifragales_Crassulaceae_Rhodiola_integrifolia/274006d0-7d41-4778-87ec-e934130d59e9.jpg,Rhodiola integrifolia,western roseroot,Plantae,Crassulaceae,Rhodiola,500,332
train,478,9610,2082174,2082174,train_mini/09610_Plantae_Tracheophyta_Magnoliopsida_Saxifragales_Crassulaceae_Rhodiola_integrifolia/6d2ef7e4-96fd-4287-b1a3-b2f942d7d171.jpg,Rhodiola integrifolia,western roseroot,Plantae,Crassulaceae,Rhodiola,375,500
train,478,9610,456878,456878,train_mini/09610_Plantae_Tracheophyta_Magnoliopsida_Saxifragales_Crassulaceae_Rhodiola_integrifolia/87c0d3c2-f055-4d56-9e81-3aefe4f20f35.jpg,Rhodiola integrifolia,western roseroot,Plantae,Crassulaceae,Rhodiola,375,500
train,478,9610,1885813,1885813,train_mini/09610_Plantae_Tracheophyta_Magnoliopsida_Saxifragales_Crassulaceae_Rhodiola_integrifolia/2617ce17-ce37-4ead-99bd-d7331f04ee38.jpg,Rhodiola integrifolia,western roseroot,Plantae,Crassulaceae,Rhodiola,500,333
train,478,9610,248574,248574,train_mini/09610_Plantae_Tracheophyta_Magnoliopsida_Saxifragales_Crassulaceae_Rhodiola_integrifolia/944a0c93-5dae-4346-8124-bb9c38280b3a.jpg,Rhodiola integrifolia,western roseroot,Plantae,Crassulaceae,Rhodiola,500,375
train,478,9610,222374,222374,train_mini/09610_Plantae_Tracheophyta_Magnoliopsida_Saxifragales_Crassulaceae_Rhodiola_integrifolia/fc004f73-616a-4f11-923b-36f26576e648.jpg,Rhodiola integrifolia,western roseroot,Plantae,Crassulaceae,Rhodiola,375,500
train,478,9610,227999,227999,train_mini/09610_Plantae_Tracheophyta_Magnoliopsida_Saxifragales_Crassulaceae_Rhodiola_integrifolia/2feac0be-8278-4d23-80eb-c4779d238d26.jpg,Rhodiola integrifolia,western roseroot,Plantae,Crassulaceae,Rhodiola,375,500
train,479,9640,1499138,1499138,train_mini/09640_Plantae_Tracheophyta_Magnoliopsida_Saxifragales_Grossulariaceae_Ribes_uva-crispa/b4ebc23f-2af6-472b-9663-9af2b44b6d24.jpg,Ribes uva-crispa,Goose-berry,Plantae,Grossulariaceae,Ribes,375,500
train,479,9640,197038,197038,train_mini/09640_Plantae_Tracheophyta_Magnoliopsida_Saxifragales_Grossulariaceae_Ribes_uva-crispa/ef4a7de2-9977-4d9d-9a4c-f6dbffea8e43.jpg,Ribes uva-crispa,Goose-berry,Plantae,Grossulariaceae,Ribes,500,375
train,479,9640,219857,219857,train_mini/09640_Plantae_Tracheophyta_Magnoliopsida_Saxifragales_Grossulariaceae_Ribes_uva-crispa/d86af856-fd15-41a0-b3e8-a764535dfffc.jpg,Ribes uva-crispa,Goose-berry,Plantae,Grossulariaceae,Ribes,375,500
train,479,9640,2164790,2164790,train_mini/09640_Plantae_Tracheophyta_Magnoliopsida_Saxifragales_Grossulariaceae_Ribes_uva-crispa/16a37d49-f0f8-4b72-a3c3-f02b48ea5a16.jpg,Ribes uva-crispa,Goose-berry,Plantae,Grossulariaceae,Ribes,375,500
train,479,9640,1011113,1011113,train_mini/09640_Plantae_Tracheophyta_Magnoliopsida_Saxifragales_Grossulariaceae_Ribes_uva-crispa/3e260e13-86a5-47a1-8865-94582ddfdd12.jpg,Ribes uva-crispa,Goose-berry,Plantae,Grossulariaceae,Ribes,500,375
train,479,9640,2037548,2037548,train_mini/09640_Plantae_Tracheophyta_Magnoliopsida_Saxifragales_Grossulariaceae_Ribes_uva-crispa/29e75108-db3a-48ea-bd80-96798277a79b.jpg,Ribes uva-crispa,Goose-berry,Plantae,Grossulariaceae,Ribes,500,375
train,479,9640,202939,202939,train_mini/09640_Plantae_Tracheophyta_Magnoliopsida_Saxifragales_Grossulariaceae_Ribes_uva-crispa/729ea4eb-50c3-44bc-a056-3f6592262c2e.jpg,Ribes uva-crispa,Goose-berry,Plantae,Grossulariaceae,Ribes,500,375
train,479,9640,2312850,2312850,train_mini/09640_Plantae_Tracheophyta_Magnoliopsida_Saxifragales_Grossulariaceae_Ribes_uva-crispa/ffc20478-7648-4f9e-a12f-34f398931096.jpg,Ribes uva-crispa,Goose-berry,Plantae,Grossulariaceae,Ribes,500,281
train,480,9674,103542,103542,train_mini/09674_Plantae_Tracheophyta_Magnoliopsida_Saxifragales_Saxifragaceae_Tolmiea_menziesii/7ddc1da1-7b19-481e-8409-69225d268dbe.jpg,Tolmiea menziesii,youth on age,Plantae,Saxifragaceae,Tolmiea,484,500
train,480,9674,1803598,1803598,train_mini/09674_Plantae_Tracheophyta_Magnoliopsida_Saxifragales_Saxifragaceae_Tolmiea_menziesii/48dfb491-6055-4da2-8f6a-d372ca1e47e2.jpg,Tolmiea menziesii,youth on age,Plantae,Saxifragaceae,Tolmiea,308,500
train,480,9674,193819,193819,train_mini/09674_Plantae_Tracheophyta_Magnoliopsida_Saxifragales_Saxifragaceae_Tolmiea_menziesii/04d41632-1692-4711-b323-83943298f685.jpg,Tolmiea menziesii,youth on age,Plantae,Saxifragaceae,Tolmiea,375,500
train,480,9674,1819908,1819908,train_mini/09674_Plantae_Tracheophyta_Magnoliopsida_Saxifragales_Saxifragaceae_Tolmiea_menziesii/01a88c7d-f50b-43a4-aabe-a012dfc24240.jpg,Tolmiea menziesii,youth on age,Plantae,Saxifragaceae,Tolmiea,500,375
train,480,9674,1865973,1865973,train_mini/09674_Plantae_Tracheophyta_Magnoliopsida_Saxifragales_Saxifragaceae_Tolmiea_menziesii/a6fa39e6-9259-476e-b759-31d80084d9aa.jpg,Tolmiea menziesii,youth on age,Plantae,Saxifragaceae,Tolmiea,375,500
train,480,9674,707694,707694,train_mini/09674_Plantae_Tracheophyta_Magnoliopsida_Saxifragales_Saxifragaceae_Tolmiea_menziesii/ec0f7a96-846f-4cbc-bf95-18ad1c92cf6b.jpg,Tolmiea menziesii,youth on age,Plantae,Saxifragaceae,Tolmiea,375,500
train,480,9674,354201,354201,train_mini/09674_Plantae_Tracheophyta_Magnoliopsida_Saxifragales_Saxifragaceae_Tolmiea_menziesii/d736843e-1100-4aad-8dae-340bf8f73f0f.jpg,Tolmiea menziesii,youth on age,Plantae,Saxifragaceae,Tolmiea,375,500
train,480,9674,1826209,1826209,train_mini/09674_Plantae_Tracheophyta_Magnoliopsida_Saxifragales_Saxifragaceae_Tolmiea_menziesii/a2646c33-29bf-4c60-b361-d9da7232559a.jpg,Tolmiea menziesii,youth on age,Plantae,Saxifragaceae,Tolmiea,375,500
train,481,9695,2466506,2466506,train_mini/09695_Plantae_Tracheophyta_Magnoliopsida_Solanales_Convolvulaceae_Ipomoea_coccinea/6cae1b77-c555-4bb2-92b9-a18df357bd96.jpg,Ipomoea coccinea,red morning glory,Plantae,Convolvulaceae,Ipomoea,500,375
train,481,9695,2178342,2178342,train_mini/09695_Plantae_Tracheophyta_Magnoliopsida_Solanales_Convolvulaceae_Ipomoea_coccinea/bd5cfe95-380b-4849-a115-b6e54f54847b.jpg,Ipomoea coccinea,red morning glory,Plantae,Convolvulaceae,Ipomoea,500,453
train,481,9695,2252341,2252341,train_mini/09695_Plantae_Tracheophyta_Magnoliopsida_Solanales_Convolvulaceae_Ipomoea_coccinea/35b8278c-e69f-4781-bfc5-72b0c30793dc.jpg,Ipomoea coccinea,red morning glory,Plantae,Convolvulaceae,Ipomoea,375,500
train,481,9695,2477278,2477278,train_mini/09695_Plantae_Tracheophyta_Magnoliopsida_Solanales_Convolvulaceae_Ipomoea_coccinea/d5996cd9-de20-42c8-8a40-f04c0c7f3ce5.jpg,Ipomoea coccinea,red morning glory,Plantae,Convolvulaceae,Ipomoea,375,500
train,481,9695,532618,532618,train_mini/09695_Plantae_Tracheophyta_Magnoliopsida_Solanales_Convolvulaceae_Ipomoea_coccinea/e8daa105-0e13-468e-a170-4cb29c189845.jpg,Ipomoea coccinea,red morning glory,Plantae,Convolvulaceae,Ipomoea,377,500
train,481,9695,1118245,1118245,train_mini/09695_Plantae_Tracheophyta_Magnoliopsida_Solanales_Convolvulaceae_Ipomoea_coccinea/d875912b-bffe-4d8a-a639-009ea9c3622d.jpg,Ipomoea coccinea,red morning glory,Plantae,Convolvulaceae,Ipomoea,500,375
train,481,9695,242268,242268,train_mini/09695_Plantae_Tracheophyta_Magnoliopsida_Solanales_Convolvulaceae_Ipomoea_coccinea/f8d42f2f-5bd4-41c7-924c-35be93ba5728.jpg,Ipomoea coccinea,red morning glory,Plantae,Convolvulaceae,Ipomoea,281,500
train,481,9695,1087372,1087372,train_mini/09695_Plantae_Tracheophyta_Magnoliopsida_Solanales_Convolvulaceae_Ipomoea_coccinea/a41461bc-b61e-4507-a5fe-9b4d1a0f9a08.jpg,Ipomoea coccinea,red morning glory,Plantae,Convolvulaceae,Ipomoea,375,500
train,482,9702,1355332,1355332,train_mini/09702_Plantae_Tracheophyta_Magnoliopsida_Solanales_Convolvulaceae_Ipomoea_obscura/fa058f2c-a2c5-4fa8-a866-4c87ef3eb281.jpg,Ipomoea obscura,Obscure Morning Glory,Plantae,Convolvulaceae,Ipomoea,500,375
train,482,9702,163627,163627,train_mini/09702_Plantae_Tracheophyta_Magnoliopsida_Solanales_Convolvulaceae_Ipomoea_obscura/3b99b77b-c1ec-48f0-a7d8-663f29775d8d.jpg,Ipomoea obscura,Obscure Morning Glory,Plantae,Convolvulaceae,Ipomoea,500,373
train,482,9702,2340210,2340210,train_mini/09702_Plantae_Tracheophyta_Magnoliopsida_Solanales_Convolvulaceae_Ipomoea_obscura/710f8cc3-d244-4b75-8341-0c83b4ec6035.jpg,Ipomoea obscura,Obscure Morning Glory,Plantae,Convolvulaceae,Ipomoea,500,375
train,482,9702,1217765,1217765,train_mini/09702_Plantae_Tracheophyta_Magnoliopsida_Solanales_Convolvulaceae_Ipomoea_obscura/4ab35870-2678-43bb-bb3a-eceac464ee70.jpg,Ipomoea obscura,Obscure Morning Glory,Plantae,Convolvulaceae,Ipomoea,500,375
train,482,9702,1021444,1021444,train_mini/09702_Plantae_Tracheophyta_Magnoliopsida_Solanales_Convolvulaceae_Ipomoea_obscura/cd003d01-6654-40b5-bac8-4a1c3276b7fc.jpg,Ipomoea obscura,Obscure Morning Glory,Plantae,Convolvulaceae,Ipomoea,500,334
train,482,9702,1454166,1454166,train_mini/09702_Plantae_Tracheophyta_Magnoliopsida_Solanales_Convolvulaceae_Ipomoea_obscura/d2e90e38-8a19-4a14-b926-b1a0a9039563.jpg,Ipomoea obscura,Obscure Morning Glory,Plantae,Convolvulaceae,Ipomoea,500,333
train,482,9702,1467525,1467525,train_mini/09702_Plantae_Tracheophyta_Magnoliopsida_Solanales_Convolvulaceae_Ipomoea_obscura/d8a4d505-27bd-452b-a8d8-ebc56614e792.jpg,Ipomoea obscura,Obscure Morning Glory,Plantae,Convolvulaceae,Ipomoea,243,500
train,482,9702,2457848,2457848,train_mini/09702_Plantae_Tracheophyta_Magnoliopsida_Solanales_Convolvulaceae_Ipomoea_obscura/942aeaf7-0795-4e3a-97e0-7c2e985e13ce.jpg,Ipomoea obscura,Obscure Morning Glory,Plantae,Convolvulaceae,Ipomoea,375,500
train,483,9735,894277,894277,train_mini/09735_Plantae_Tracheophyta_Magnoliopsida_Solanales_Solanaceae_Solanum_dimidiatum/7f61fa2e-891b-4c10-8825-68b83c14fa14.jpg,Solanum dimidiatum,western horsenettle,Plantae,Solanaceae,Solanum,375,500
train,483,9735,902883,902883,train_mini/09735_Plantae_Tracheophyta_Magnoliopsida_Solanales_Solanaceae_Solanum_dimidiatum/d2491865-dc07-463b-93ab-82fe30b2683f.jpg,Solanum dimidiatum,western horsenettle,Plantae,Solanaceae,Solanum,500,375
train,483,9735,819713,819713,train_mini/09735_Plantae_Tracheophyta_Magnoliopsida_Solanales_Solanaceae_Solanum_dimidiatum/0ce4d749-7e45-42ec-9c6e-c9b2c4a609ef.jpg,Solanum dimidiatum,western horsenettle,Plantae,Solanaceae,Solanum,500,375
train,483,9735,188587,188587,train_mini/09735_Plantae_Tracheophyta_Magnoliopsida_Solanales_Solanaceae_Solanum_dimidiatum/085c663b-aebb-4c62-91f5-7d99e4fcac68.jpg,Solanum dimidiatum,western horsenettle,Plantae,Solanaceae,Solanum,375,500
train,483,9735,1157887,1157887,train_mini/09735_Plantae_Tracheophyta_Magnoliopsida_Solanales_Solanaceae_Solanum_dimidiatum/5d861a4d-7584-4c66-a036-893ff662cd2f.jpg,Solanum dimidiatum,western horsenettle,Plantae,Solanaceae,Solanum,500,281
train,483,9735,1742621,1742621,train_mini/09735_Plantae_Tracheophyta_Magnoliopsida_Solanales_Solanaceae_Solanum_dimidiatum/985907a4-8f8b-4ea4-ae0d-623dcab2634e.jpg,Solanum dimidiatum,western horsenettle,Plantae,Solanaceae,Solanum,375,500
train,483,9735,894216,894216,train_mini/09735_Plantae_Tracheophyta_Magnoliopsida_Solanales_Solanaceae_Solanum_dimidiatum/3416b5e8-2860-4e73-bff7-afdb59949e5b.jpg,Solanum dimidiatum,western horsenettle,Plantae,Solanaceae,Solanum,375,500
train,483,9735,1839116,1839116,train_mini/09735_Plantae_Tracheophyta_Magnoliopsida_Solanales_Solanaceae_Solanum_dimidiatum/7f04a019-1745-4eb5-9074-06ec338a0ab1.jpg,Solanum dimidiatum,western horsenettle,Plantae,Solanaceae,Solanum,375,500
train,484,9739,836374,836374,train_mini/09739_Plantae_Tracheophyta_Magnoliopsida_Solanales_Solanaceae_Solanum_elaeagnifolium/e74f4e19-9ed8-428b-a948-cd97ceefdd64.jpg,Solanum elaeagnifolium,White Horse-nettle,Plantae,Solanaceae,Solanum,390,500
train,484,9739,1606448,1606448,train_mini/09739_Plantae_Tracheophyta_Magnoliopsida_Solanales_Solanaceae_Solanum_elaeagnifolium/04dd708a-d43b-4c9b-8299-2cf625ed090c.jpg,Solanum elaeagnifolium,White Horse-nettle,Plantae,Solanaceae,Solanum,375,500
train,484,9739,2040615,2040615,train_mini/09739_Plantae_Tracheophyta_Magnoliopsida_Solanales_Solanaceae_Solanum_elaeagnifolium/46a23da0-a48f-44e5-abd3-c1c29e02453d.jpg,Solanum elaeagnifolium,White Horse-nettle,Plantae,Solanaceae,Solanum,375,500
train,484,9739,2034681,2034681,train_mini/09739_Plantae_Tracheophyta_Magnoliopsida_Solanales_Solanaceae_Solanum_elaeagnifolium/98bf49a3-9d00-4e9e-92a2-c20c4cac9859.jpg,Solanum elaeagnifolium,White Horse-nettle,Plantae,Solanaceae,Solanum,375,500
train,484,9739,1621657,1621657,train_mini/09739_Plantae_Tracheophyta_Magnoliopsida_Solanales_Solanaceae_Solanum_elaeagnifolium/623f469a-9b6e-4e04-ae61-e88fe5e4e739.jpg,Solanum elaeagnifolium,White Horse-nettle,Plantae,Solanaceae,Solanum,500,333
train,484,9739,795458,795458,train_mini/09739_Plantae_Tracheophyta_Magnoliopsida_Solanales_Solanaceae_Solanum_elaeagnifolium/a62c3057-0808-4165-a47e-ca725f2485a6.jpg,Solanum elaeagnifolium,White Horse-nettle,Plantae,Solanaceae,Solanum,375,500
train,484,9739,1111800,1111800,train_mini/09739_Plantae_Tracheophyta_Magnoliopsida_Solanales_Solanaceae_Solanum_elaeagnifolium/5618522b-5cdc-4dac-90b2-96e8f5e68b52.jpg,Solanum elaeagnifolium,White Horse-nettle,Plantae,Solanaceae,Solanum,375,500
train,484,9739,568988,568988,train_mini/09739_Plantae_Tracheophyta_Magnoliopsida_Solanales_Solanaceae_Solanum_elaeagnifolium/6b2a2787-adb4-492b-857f-588d0024ac3c.jpg,Solanum elaeagnifolium,White Horse-nettle,Plantae,Solanaceae,Solanum,375,500
train,485,9753,883111,883111,train_mini/09753_Plantae_Tracheophyta_Magnoliopsida_Vitales_Vitaceae_Ampelopsis_glandulosa/2bc79f69-9a6c-4eb2-a726-fa55f577e640.jpg,Ampelopsis glandulosa,Porcelain Berry,Plantae,Vitaceae,Ampelopsis,374,500
train,485,9753,1841992,1841992,train_mini/09753_Plantae_Tracheophyta_Magnoliopsida_Vitales_Vitaceae_Ampelopsis_glandulosa/4e33dd28-27c4-4f8d-be98-cd01129385ea.jpg,Ampelopsis glandulosa,Porcelain Berry,Plantae,Vitaceae,Ampelopsis,375,500
train,485,9753,1586532,1586532,train_mini/09753_Plantae_Tracheophyta_Magnoliopsida_Vitales_Vitaceae_Ampelopsis_glandulosa/9b63d462-ce5a-4946-8ea4-80156dba07fa.jpg,Ampelopsis glandulosa,Porcelain Berry,Plantae,Vitaceae,Ampelopsis,333,500
train,485,9753,1705077,1705077,train_mini/09753_Plantae_Tracheophyta_Magnoliopsida_Vitales_Vitaceae_Ampelopsis_glandulosa/f8ffa7b6-f854-4dc9-978e-02c04cdfc020.jpg,Ampelopsis glandulosa,Porcelain Berry,Plantae,Vitaceae,Ampelopsis,375,500
train,485,9753,1217873,1217873,train_mini/09753_Plantae_Tracheophyta_Magnoliopsida_Vitales_Vitaceae_Ampelopsis_glandulosa/66665738-eb96-4242-9c0e-555cc55b6799.jpg,Ampelopsis glandulosa,Porcelain Berry,Plantae,Vitaceae,Ampelopsis,375,500
train,485,9753,2305231,2305231,train_mini/09753_Plantae_Tracheophyta_Magnoliopsida_Vitales_Vitaceae_Ampelopsis_glandulosa/4635760e-b49f-4b7f-969c-b321e1640418.jpg,Ampelopsis glandulosa,Porcelain Berry,Plantae,Vitaceae,Ampelopsis,375,500
train,485,9753,2279715,2279715,train_mini/09753_Plantae_Tracheophyta_Magnoliopsida_Vitales_Vitaceae_Ampelopsis_glandulosa/e79796b5-c866-42ab-b12f-ad410995b691.jpg,Ampelopsis glandulosa,Porcelain Berry,Plantae,Vitaceae,Ampelopsis,375,500
train,485,9753,1985769,1985769,train_mini/09753_Plantae_Tracheophyta_Magnoliopsida_Vitales_Vitaceae_Ampelopsis_glandulosa/0c8cd644-5b63-4cf3-9ed5-02a8bba75184.jpg,Ampelopsis glandulosa,Porcelain Berry,Plantae,Vitaceae,Ampelopsis,375,500
train,486,9766,1918953,1918953,train_mini/09766_Plantae_Tracheophyta_Magnoliopsida_Zygophyllales_Krameriaceae_Krameria_erecta/7fa87220-e848-473a-9103-7a14e279bad3.jpg,Krameria erecta,Pima Rhatany,Plantae,Krameriaceae,Krameria,500,375
train,486,9766,1492813,1492813,train_mini/09766_Plantae_Tracheophyta_Magnoliopsida_Zygophyllales_Krameriaceae_Krameria_erecta/7ab49dfe-4a0e-45ad-b987-24866d14a38a.jpg,Krameria erecta,Pima Rhatany,Plantae,Krameriaceae,Krameria,375,500
train,486,9766,1276932,1276932,train_mini/09766_Plantae_Tracheophyta_Magnoliopsida_Zygophyllales_Krameriaceae_Krameria_erecta/35c575d3-6b4b-497c-b1ee-99ca933b4e5e.jpg,Krameria erecta,Pima Rhatany,Plantae,Krameriaceae,Krameria,500,375
train,486,9766,407608,407608,train_mini/09766_Plantae_Tracheophyta_Magnoliopsida_Zygophyllales_Krameriaceae_Krameria_erecta/89694ff9-6cc4-41ff-b1de-886c207179ee.jpg,Krameria erecta,Pima Rhatany,Plantae,Krameriaceae,Krameria,500,449
train,486,9766,1418870,1418870,train_mini/09766_Plantae_Tracheophyta_Magnoliopsida_Zygophyllales_Krameriaceae_Krameria_erecta/8f9ff827-00d3-459c-ace8-24cbc730df08.jpg,Krameria erecta,Pima Rhatany,Plantae,Krameriaceae,Krameria,375,500
train,486,9766,163282,163282,train_mini/09766_Plantae_Tracheophyta_Magnoliopsida_Zygophyllales_Krameriaceae_Krameria_erecta/6a8e0a8e-a778-47b4-94b4-b909ff7068e3.jpg,Krameria erecta,Pima Rhatany,Plantae,Krameriaceae,Krameria,500,375
train,486,9766,611961,611961,train_mini/09766_Plantae_Tracheophyta_Magnoliopsida_Zygophyllales_Krameriaceae_Krameria_erecta/24ca64bc-6bdb-4d2b-a355-438b0f45e672.jpg,Krameria erecta,Pima Rhatany,Plantae,Krameriaceae,Krameria,375,500
train,486,9766,82119,82119,train_mini/09766_Plantae_Tracheophyta_Magnoliopsida_Zygophyllales_Krameriaceae_Krameria_erecta/0c125411-0e63-4e77-aedc-f990e8a3d7c2.jpg,Krameria erecta,Pima Rhatany,Plantae,Krameriaceae,Krameria,375,500
train,487,9791,286127,286127,train_mini/09791_Plantae_Tracheophyta_Pinopsida_Pinales_Cupressaceae_Sequoiadendron_giganteum/8037b9ea-54d2-41c2-87e5-7fda7336896c.jpg,Sequoiadendron giganteum,giant sequoia,Plantae,Cupressaceae,Sequoiadendron,500,334
train,487,9791,1166451,1166451,train_mini/09791_Plantae_Tracheophyta_Pinopsida_Pinales_Cupressaceae_Sequoiadendron_giganteum/ac12c4d8-8bf1-407e-9434-37aa1acd86d4.jpg,Sequoiadendron giganteum,giant sequoia,Plantae,Cupressaceae,Sequoiadendron,500,375
train,487,9791,1412270,1412270,train_mini/09791_Plantae_Tracheophyta_Pinopsida_Pinales_Cupressaceae_Sequoiadendron_giganteum/49e0125c-1470-42ac-abc3-300749095a76.jpg,Sequoiadendron giganteum,giant sequoia,Plantae,Cupressaceae,Sequoiadendron,375,500
train,487,9791,1897136,1897136,train_mini/09791_Plantae_Tracheophyta_Pinopsida_Pinales_Cupressaceae_Sequoiadendron_giganteum/abb7326a-2deb-4a15-9167-ce50086c4906.jpg,Sequoiadendron giganteum,giant sequoia,Plantae,Cupressaceae,Sequoiadendron,375,500
train,487,9791,566305,566305,train_mini/09791_Plantae_Tracheophyta_Pinopsida_Pinales_Cupressaceae_Sequoiadendron_giganteum/a2d68506-2273-49b1-9eff-6e84acc93171.jpg,Sequoiadendron giganteum,giant sequoia,Plantae,Cupressaceae,Sequoiadendron,375,500
train,487,9791,2314001,2314001,train_mini/09791_Plantae_Tracheophyta_Pinopsida_Pinales_Cupressaceae_Sequoiadendron_giganteum/e8556df0-7e44-4e2b-ab04-c4cccc835c5e.jpg,Sequoiadendron giganteum,giant sequoia,Plantae,Cupressaceae,Sequoiadendron,333,500
train,487,9791,2617415,2617415,train_mini/09791_Plantae_Tracheophyta_Pinopsida_Pinales_Cupressaceae_Sequoiadendron_giganteum/337d430e-b5fc-46a2-a6ac-336005f75672.jpg,Sequoiadendron giganteum,giant sequoia,Plantae,Cupressaceae,Sequoiadendron,375,500
train,487,9791,970382,970382,train_mini/09791_Plantae_Tracheophyta_Pinopsida_Pinales_Cupressaceae_Sequoiadendron_giganteum/8f9cafe9-d05e-43a2-97ea-bfa1eeabced7.jpg,Sequoiadendron giganteum,giant sequoia,Plantae,Cupressaceae,Sequoiadendron,375,500
train,488,9793,1104926,1104926,train_mini/09793_Plantae_Tracheophyta_Pinopsida_Pinales_Cupressaceae_Taxodium_distichum/ace875fa-1a7f-42f0-8bcf-7338cea415ff.jpg,Taxodium distichum,baldcypress,Plantae,Cupressaceae,Taxodium,375,500
train,488,9793,262736,262736,train_mini/09793_Plantae_Tracheophyta_Pinopsida_Pinales_Cupressaceae_Taxodium_distichum/a852f6bd-ddd9-43a5-b5da-930463703a34.jpg,Taxodium distichum,baldcypress,Plantae,Cupressaceae,Taxodium,500,375
train,488,9793,1179870,1179870,train_mini/09793_Plantae_Tracheophyta_Pinopsida_Pinales_Cupressaceae_Taxodium_distichum/9ced7ce7-7320-4a01-b8bb-a8d05a25099c.jpg,Taxodium distichum,baldcypress,Plantae,Cupressaceae,Taxodium,375,500
train,488,9793,1554236,1554236,train_mini/09793_Plantae_Tracheophyta_Pinopsida_Pinales_Cupressaceae_Taxodium_distichum/495b886b-4dd0-4b2c-a243-f910ee10fb66.jpg,Taxodium distichum,baldcypress,Plantae,Cupressaceae,Taxodium,375,500
train,488,9793,1159148,1159148,train_mini/09793_Plantae_Tracheophyta_Pinopsida_Pinales_Cupressaceae_Taxodium_distichum/0c0148a9-d181-4e87-bf79-688ae7556404.jpg,Taxodium distichum,baldcypress,Plantae,Cupressaceae,Taxodium,375,500
train,488,9793,917158,917158,train_mini/09793_Plantae_Tracheophyta_Pinopsida_Pinales_Cupressaceae_Taxodium_distichum/78fb2149-5f23-4aa6-871e-583529419ef4.jpg,Taxodium distichum,baldcypress,Plantae,Cupressaceae,Taxodium,500,375
train,488,9793,1742233,1742233,train_mini/09793_Plantae_Tracheophyta_Pinopsida_Pinales_Cupressaceae_Taxodium_distichum/71b0949b-8f36-4214-85de-7983f26e9075.jpg,Taxodium distichum,baldcypress,Plantae,Cupressaceae,Taxodium,375,500
train,488,9793,271038,271038,train_mini/09793_Plantae_Tracheophyta_Pinopsida_Pinales_Cupressaceae_Taxodium_distichum/75ab4cf7-b93b-43e9-b5cc-df54923d5670.jpg,Taxodium distichum,baldcypress,Plantae,Cupressaceae,Taxodium,375,500
train,489,9794,152623,152623,train_mini/09794_Plantae_Tracheophyta_Pinopsida_Pinales_Cupressaceae_Taxodium_mucronatum/3fabd88a-fc09-4f7c-ac66-11a6cca5bceb.jpg,Taxodium mucronatum,Montezuma cypress,Plantae,Cupressaceae,Taxodium,375,500
train,489,9794,1444155,1444155,train_mini/09794_Plantae_Tracheophyta_Pinopsida_Pinales_Cupressaceae_Taxodium_mucronatum/6919b54b-969d-43b3-9f4d-0f08b9dc1422.jpg,Taxodium mucronatum,Montezuma cypress,Plantae,Cupressaceae,Taxodium,375,500
train,489,9794,1459479,1459479,train_mini/09794_Plantae_Tracheophyta_Pinopsida_Pinales_Cupressaceae_Taxodium_mucronatum/a038641e-2af2-4196-b76f-9731a00853a0.jpg,Taxodium mucronatum,Montezuma cypress,Plantae,Cupressaceae,Taxodium,375,500
train,489,9794,1877877,1877877,train_mini/09794_Plantae_Tracheophyta_Pinopsida_Pinales_Cupressaceae_Taxodium_mucronatum/874f7dbd-20ce-4d81-b53e-1495611ba11c.jpg,Taxodium mucronatum,Montezuma cypress,Plantae,Cupressaceae,Taxodium,375,500
train,489,9794,1531802,1531802,train_mini/09794_Plantae_Tracheophyta_Pinopsida_Pinales_Cupressaceae_Taxodium_mucronatum/53725a8e-5914-4b18-8ecd-47d19e41cddf.jpg,Taxodium mucronatum,Montezuma cypress,Plantae,Cupressaceae,Taxodium,500,500
train,489,9794,2194115,2194115,train_mini/09794_Plantae_Tracheophyta_Pinopsida_Pinales_Cupressaceae_Taxodium_mucronatum/0dc787fc-14c6-4197-9b95-ec1589a87976.jpg,Taxodium mucronatum,Montezuma cypress,Plantae,Cupressaceae,Taxodium,375,500
train,489,9794,1214519,1214519,train_mini/09794_Plantae_Tracheophyta_Pinopsida_Pinales_Cupressaceae_Taxodium_mucronatum/e9756aca-c4d5-4218-90bf-02876369eda1.jpg,Taxodium mucronatum,Montezuma cypress,Plantae,Cupressaceae,Taxodium,375,500
train,489,9794,128532,128532,train_mini/09794_Plantae_Tracheophyta_Pinopsida_Pinales_Cupressaceae_Taxodium_mucronatum/a970d75b-4986-4e8a-abbd-a4083c607454.jpg,Taxodium mucronatum,Montezuma cypress,Plantae,Cupressaceae,Taxodium,500,375
train,490,9799,700403,700403,train_mini/09799_Plantae_Tracheophyta_Pinopsida_Pinales_Pinaceae_Abies_concolor/71fcfe34-92bf-4dcc-a900-0498ccf4e91c.jpg,Abies concolor,white fir,Plantae,Pinaceae,Abies,375,500
train,490,9799,2093889,2093889,train_mini/09799_Plantae_Tracheophyta_Pinopsida_Pinales_Pinaceae_Abies_concolor/0f8c1c02-9d1a-458d-adc5-d003eb9a1c57.jpg,Abies concolor,white fir,Plantae,Pinaceae,Abies,375,500
train,490,9799,1852643,1852643,train_mini/09799_Plantae_Tracheophyta_Pinopsida_Pinales_Pinaceae_Abies_concolor/79be6b6d-2395-4aa2-8e2b-3223e109c4e6.jpg,Abies concolor,white fir,Plantae,Pinaceae,Abies,500,375
train,490,9799,510407,510407,train_mini/09799_Plantae_Tracheophyta_Pinopsida_Pinales_Pinaceae_Abies_concolor/03c236d1-7fcd-42a4-8360-fee0fba7c1e2.jpg,Abies concolor,white fir,Plantae,Pinaceae,Abies,333,500
train,490,9799,2244266,2244266,train_mini/09799_Plantae_Tracheophyta_Pinopsida_Pinales_Pinaceae_Abies_concolor/875329fd-96cb-422d-b353-7fb18a93ba78.jpg,Abies concolor,white fir,Plantae,Pinaceae,Abies,375,500
train,490,9799,1593011,1593011,train_mini/09799_Plantae_Tracheophyta_Pinopsida_Pinales_Pinaceae_Abies_concolor/675db22d-ee5e-4b0f-91c4-3ecf2d6c5bfc.jpg,Abies concolor,white fir,Plantae,Pinaceae,Abies,375,500
train,490,9799,2274732,2274732,train_mini/09799_Plantae_Tracheophyta_Pinopsida_Pinales_Pinaceae_Abies_concolor/f15f5cda-c15b-481e-974f-b20a6475d1ac.jpg,Abies concolor,white fir,Plantae,Pinaceae,Abies,375,500
train,490,9799,188836,188836,train_mini/09799_Plantae_Tracheophyta_Pinopsida_Pinales_Pinaceae_Abies_concolor/49367a5d-765a-464e-bc77-29f83fc87a15.jpg,Abies concolor,white fir,Plantae,Pinaceae,Abies,375,500
train,491,9818,2257956,2257956,train_mini/09818_Plantae_Tracheophyta_Pinopsida_Pinales_Pinaceae_Pinus_contorta/b9ab3b85-9b99-42b0-887c-09361fa2460d.jpg,Pinus contorta,lodgepole pine,Plantae,Pinaceae,Pinus,375,500
train,491,9818,228349,228349,train_mini/09818_Plantae_Tracheophyta_Pinopsida_Pinales_Pinaceae_Pinus_contorta/f96e3319-49fe-48e3-83a0-e50bf0cb0a53.jpg,Pinus contorta,lodgepole pine,Plantae,Pinaceae,Pinus,500,333
train,491,9818,952551,952551,train_mini/09818_Plantae_Tracheophyta_Pinopsida_Pinales_Pinaceae_Pinus_contorta/6730ea79-4909-4c53-abc7-1f9ec5c405f4.jpg,Pinus contorta,lodgepole pine,Plantae,Pinaceae,Pinus,375,500
train,491,9818,939630,939630,train_mini/09818_Plantae_Tracheophyta_Pinopsida_Pinales_Pinaceae_Pinus_contorta/0761bd5f-f8b5-447b-804a-32f12a44d09c.jpg,Pinus contorta,lodgepole pine,Plantae,Pinaceae,Pinus,375,500
train,491,9818,2372432,2372432,train_mini/09818_Plantae_Tracheophyta_Pinopsida_Pinales_Pinaceae_Pinus_contorta/d6d969b1-e907-447d-b4c3-01efc61eba4d.jpg,Pinus contorta,lodgepole pine,Plantae,Pinaceae,Pinus,375,500
train,491,9818,2282723,2282723,train_mini/09818_Plantae_Tracheophyta_Pinopsida_Pinales_Pinaceae_Pinus_contorta/56b2aec6-64be-4d31-8f8a-c3c36996ffbf.jpg,Pinus contorta,lodgepole pine,Plantae,Pinaceae,Pinus,500,375
train,491,9818,1138310,1138310,train_mini/09818_Plantae_Tracheophyta_Pinopsida_Pinales_Pinaceae_Pinus_contorta/812c41f2-54ae-4867-8943-659132293dbc.jpg,Pinus contorta,lodgepole pine,Plantae,Pinaceae,Pinus,375,500
train,491,9818,246422,246422,train_mini/09818_Plantae_Tracheophyta_Pinopsida_Pinales_Pinaceae_Pinus_contorta/6082f345-acdd-4127-acab-c25dccbf9475.jpg,Pinus contorta,lodgepole pine,Plantae,Pinaceae,Pinus,331,500
train,492,9833,2404325,2404325,train_mini/09833_Plantae_Tracheophyta_Pinopsida_Pinales_Pinaceae_Pinus_ponderosa/222eb296-9c14-4de8-8fbf-2c7b95df53a8.jpg,Pinus ponderosa,ponderosa pine,Plantae,Pinaceae,Pinus,500,454
train,492,9833,1211627,1211627,train_mini/09833_Plantae_Tracheophyta_Pinopsida_Pinales_Pinaceae_Pinus_ponderosa/6805d690-bec0-4a4d-a22e-2066954b263c.jpg,Pinus ponderosa,ponderosa pine,Plantae,Pinaceae,Pinus,375,500
train,492,9833,2237966,2237966,train_mini/09833_Plantae_Tracheophyta_Pinopsida_Pinales_Pinaceae_Pinus_ponderosa/47541043-0356-421d-bcb7-f65c78174046.jpg,Pinus ponderosa,ponderosa pine,Plantae,Pinaceae,Pinus,500,375
train,492,9833,379385,379385,train_mini/09833_Plantae_Tracheophyta_Pinopsida_Pinales_Pinaceae_Pinus_ponderosa/ec2ca951-c669-4418-9d3a-741dfa43c00a.jpg,Pinus ponderosa,ponderosa pine,Plantae,Pinaceae,Pinus,375,500
train,492,9833,1632178,1632178,train_mini/09833_Plantae_Tracheophyta_Pinopsida_Pinales_Pinaceae_Pinus_ponderosa/9c178251-66c1-42c3-8773-cd261613db44.jpg,Pinus ponderosa,ponderosa pine,Plantae,Pinaceae,Pinus,375,500
train,492,9833,2169783,2169783,train_mini/09833_Plantae_Tracheophyta_Pinopsida_Pinales_Pinaceae_Pinus_ponderosa/e6736890-df40-4164-b859-7a6aaabc04cd.jpg,Pinus ponderosa,ponderosa pine,Plantae,Pinaceae,Pinus,500,333
train,492,9833,537828,537828,train_mini/09833_Plantae_Tracheophyta_Pinopsida_Pinales_Pinaceae_Pinus_ponderosa/a52f62f4-90a1-42e1-bba1-f360f8ac3550.jpg,Pinus ponderosa,ponderosa pine,Plantae,Pinaceae,Pinus,375,500
train,492,9833,491645,491645,train_mini/09833_Plantae_Tracheophyta_Pinopsida_Pinales_Pinaceae_Pinus_ponderosa/a59b8f49-eea9-4b81-aea0-07c41a4e65b5.jpg,Pinus ponderosa,ponderosa pine,Plantae,Pinaceae,Pinus,481,500
train,493,9877,1547795,1547795,train_mini/09877_Plantae_Tracheophyta_Polypodiopsida_Gleicheniales_Gleicheniaceae_Gleichenia_dicarpa/4ea4655d-e8e8-4fb7-a450-ca7cad0f604d.jpg,Gleichenia dicarpa,tangle fern,Plantae,Gleicheniaceae,Gleichenia,500,333
train,493,9877,1336822,1336822,train_mini/09877_Plantae_Tracheophyta_Polypodiopsida_Gleicheniales_Gleicheniaceae_Gleichenia_dicarpa/1de32ff4-93ec-43e0-a105-8b9a939997cf.jpg,Gleichenia dicarpa,tangle fern,Plantae,Gleicheniaceae,Gleichenia,500,375
train,493,9877,303876,303876,train_mini/09877_Plantae_Tracheophyta_Polypodiopsida_Gleicheniales_Gleicheniaceae_Gleichenia_dicarpa/b770390c-9594-4044-92a1-8817b51904f8.jpg,Gleichenia dicarpa,tangle fern,Plantae,Gleicheniaceae,Gleichenia,500,281
train,493,9877,1271545,1271545,train_mini/09877_Plantae_Tracheophyta_Polypodiopsida_Gleicheniales_Gleicheniaceae_Gleichenia_dicarpa/472c53f2-6a22-4e15-b428-871cc7dec7f4.jpg,Gleichenia dicarpa,tangle fern,Plantae,Gleicheniaceae,Gleichenia,500,333
train,493,9877,302843,302843,train_mini/09877_Plantae_Tracheophyta_Polypodiopsida_Gleicheniales_Gleicheniaceae_Gleichenia_dicarpa/899389f3-bb68-42d1-97ba-edc00b59bf94.jpg,Gleichenia dicarpa,tangle fern,Plantae,Gleicheniaceae,Gleichenia,500,371
train,493,9877,1804495,1804495,train_mini/09877_Plantae_Tracheophyta_Polypodiopsida_Gleicheniales_Gleicheniaceae_Gleichenia_dicarpa/c017a091-9bac-4365-9a3c-31dc9c4279d1.jpg,Gleichenia dicarpa,tangle fern,Plantae,Gleicheniaceae,Gleichenia,500,375
train,493,9877,626340,626340,train_mini/09877_Plantae_Tracheophyta_Polypodiopsida_Gleicheniales_Gleicheniaceae_Gleichenia_dicarpa/e656d70a-7328-436a-ac07-06a1f9bedce0.jpg,Gleichenia dicarpa,tangle fern,Plantae,Gleicheniaceae,Gleichenia,281,500
train,493,9877,914427,914427,train_mini/09877_Plantae_Tracheophyta_Polypodiopsida_Gleicheniales_Gleicheniaceae_Gleichenia_dicarpa/424a36e4-1a27-4e8e-89c3-e14287964db7.jpg,Gleichenia dicarpa,tangle fern,Plantae,Gleicheniaceae,Gleichenia,500,375
train,494,9892,1491941,1491941,train_mini/09892_Plantae_Tracheophyta_Polypodiopsida_Polypodiales_Aspleniaceae_Asplenium_bulbiferum/4c2e255c-d403-456a-9abc-0773063295c0.jpg,Asplenium bulbiferum,Hen and Chicks Fern,Plantae,Aspleniaceae,Asplenium,375,500
train,494,9892,1373266,1373266,train_mini/09892_Plantae_Tracheophyta_Polypodiopsida_Polypodiales_Aspleniaceae_Asplenium_bulbiferum/3a8f83d9-e61d-4d80-9d51-759054cb5b72.jpg,Asplenium bulbiferum,Hen and Chicks Fern,Plantae,Aspleniaceae,Asplenium,500,375
train,494,9892,134925,134925,train_mini/09892_Plantae_Tracheophyta_Polypodiopsida_Polypodiales_Aspleniaceae_Asplenium_bulbiferum/78e1291b-f3f3-4ea5-ad81-66bba391ae6b.jpg,Asplenium bulbiferum,Hen and Chicks Fern,Plantae,Aspleniaceae,Asplenium,500,333
train,494,9892,316705,316705,train_mini/09892_Plantae_Tracheophyta_Polypodiopsida_Polypodiales_Aspleniaceae_Asplenium_bulbiferum/8002911a-2883-459b-aa75-b7f0afd00739.jpg,Asplenium bulbiferum,Hen and Chicks Fern,Plantae,Aspleniaceae,Asplenium,500,500
train,494,9892,1018450,1018450,train_mini/09892_Plantae_Tracheophyta_Polypodiopsida_Polypodiales_Aspleniaceae_Asplenium_bulbiferum/459abfbb-06dc-43aa-b204-673a7c8aada6.jpg,Asplenium bulbiferum,Hen and Chicks Fern,Plantae,Aspleniaceae,Asplenium,500,375
train,494,9892,169120,169120,train_mini/09892_Plantae_Tracheophyta_Polypodiopsida_Polypodiales_Aspleniaceae_Asplenium_bulbiferum/d14a02a5-fc75-46cd-9620-b5219d6d703e.jpg,Asplenium bulbiferum,Hen and Chicks Fern,Plantae,Aspleniaceae,Asplenium,500,375
train,494,9892,59723,59723,train_mini/09892_Plantae_Tracheophyta_Polypodiopsida_Polypodiales_Aspleniaceae_Asplenium_bulbiferum/179da073-1924-4d28-be71-ab28792b3b81.jpg,Asplenium bulbiferum,Hen and Chicks Fern,Plantae,Aspleniaceae,Asplenium,500,375
train,494,9892,713130,713130,train_mini/09892_Plantae_Tracheophyta_Polypodiopsida_Polypodiales_Aspleniaceae_Asplenium_bulbiferum/e6adf1f4-7abf-4d11-b6f3-058ec264c1a6.jpg,Asplenium bulbiferum,Hen and Chicks Fern,Plantae,Aspleniaceae,Asplenium,500,375
train,495,9918,2059105,2059105,train_mini/09918_Plantae_Tracheophyta_Polypodiopsida_Polypodiales_Blechnaceae_Lomaria_discolor/56fabf7d-4f95-41a3-bd7e-7f89ef87eaab.jpg,Lomaria discolor,Crown Fern,Plantae,Blechnaceae,Lomaria,375,500
train,495,9918,1460324,1460324,train_mini/09918_Plantae_Tracheophyta_Polypodiopsida_Polypodiales_Blechnaceae_Lomaria_discolor/6c0a37b9-7a1c-48cc-88bc-f037689459ca.jpg,Lomaria discolor,Crown Fern,Plantae,Blechnaceae,Lomaria,500,375
train,495,9918,394709,394709,train_mini/09918_Plantae_Tracheophyta_Polypodiopsida_Polypodiales_Blechnaceae_Lomaria_discolor/31fdd6ba-efd2-4d3f-8841-11f6ade8af28.jpg,Lomaria discolor,Crown Fern,Plantae,Blechnaceae,Lomaria,500,281
train,495,9918,1138841,1138841,train_mini/09918_Plantae_Tracheophyta_Polypodiopsida_Polypodiales_Blechnaceae_Lomaria_discolor/215a951f-0896-43a4-ab0c-12a765d617cd.jpg,Lomaria discolor,Crown Fern,Plantae,Blechnaceae,Lomaria,375,500
train,495,9918,2035550,2035550,train_mini/09918_Plantae_Tracheophyta_Polypodiopsida_Polypodiales_Blechnaceae_Lomaria_discolor/c28e1a44-ea49-43df-b328-5f3ee74382db.jpg,Lomaria discolor,Crown Fern,Plantae,Blechnaceae,Lomaria,375,500
train,495,9918,2607780,2607780,train_mini/09918_Plantae_Tracheophyta_Polypodiopsida_Polypodiales_Blechnaceae_Lomaria_discolor/17bda9af-bc4b-41d3-9226-2a62869dedee.jpg,Lomaria discolor,Crown Fern,Plantae,Blechnaceae,Lomaria,500,375
train,495,9918,605673,605673,train_mini/09918_Plantae_Tracheophyta_Polypodiopsida_Polypodiales_Blechnaceae_Lomaria_discolor/441b6d78-eee9-406a-b36f-a4c553b191ad.jpg,Lomaria discolor,Crown Fern,Plantae,Blechnaceae,Lomaria,375,500
train,495,9918,62944,62944,train_mini/09918_Plantae_Tracheophyta_Polypodiopsida_Polypodiales_Blechnaceae_Lomaria_discolor/d3396752-3c4c-4a8d-9d70-1ce6065640d0.jpg,Lomaria discolor,Crown Fern,Plantae,Blechnaceae,Lomaria,500,333
train,496,9925,588147,588147,train_mini/09925_Plantae_Tracheophyta_Polypodiopsida_Polypodiales_Cystopteridaceae_Cystopteris_fragilis/d9be9b27-ff78-4f58-89b5-22eaa0b84fd6.jpg,Cystopteris fragilis,brittle bladderfern,Plantae,Cystopteridaceae,Cystopteris,500,375
train,496,9925,548778,548778,train_mini/09925_Plantae_Tracheophyta_Polypodiopsida_Polypodiales_Cystopteridaceae_Cystopteris_fragilis/09d64956-2808-4326-b359-e7a886aac7ca.jpg,Cystopteris fragilis,brittle bladderfern,Plantae,Cystopteridaceae,Cystopteris,357,500
train,496,9925,248128,248128,train_mini/09925_Plantae_Tracheophyta_Polypodiopsida_Polypodiales_Cystopteridaceae_Cystopteris_fragilis/079664ec-ddea-4770-a24f-199ebfb42a22.jpg,Cystopteris fragilis,brittle bladderfern,Plantae,Cystopteridaceae,Cystopteris,500,375
train,496,9925,2577933,2577933,train_mini/09925_Plantae_Tracheophyta_Polypodiopsida_Polypodiales_Cystopteridaceae_Cystopteris_fragilis/1edb3cf5-c13e-4cb8-8dfd-1d229067966b.jpg,Cystopteris fragilis,brittle bladderfern,Plantae,Cystopteridaceae,Cystopteris,400,500
train,496,9925,1966038,1966038,train_mini/09925_Plantae_Tracheophyta_Polypodiopsida_Polypodiales_Cystopteridaceae_Cystopteris_fragilis/778793f9-d7c8-48b1-82d9-f16d97c8ebb2.jpg,Cystopteris fragilis,brittle bladderfern,Plantae,Cystopteridaceae,Cystopteris,375,500
train,496,9925,1353610,1353610,train_mini/09925_Plantae_Tracheophyta_Polypodiopsida_Polypodiales_Cystopteridaceae_Cystopteris_fragilis/ca4a3441-5184-46ce-a915-ad93e0129505.jpg,Cystopteris fragilis,brittle bladderfern,Plantae,Cystopteridaceae,Cystopteris,375,500
train,496,9925,1635796,1635796,train_mini/09925_Plantae_Tracheophyta_Polypodiopsida_Polypodiales_Cystopteridaceae_Cystopteris_fragilis/655fabff-13bb-4ae9-a558-673ec9dcf923.jpg,Cystopteris fragilis,brittle bladderfern,Plantae,Cystopteridaceae,Cystopteris,500,333
train,496,9925,1954857,1954857,train_mini/09925_Plantae_Tracheophyta_Polypodiopsida_Polypodiales_Cystopteridaceae_Cystopteris_fragilis/6efd0b18-97e3-4ffe-b3ec-55c3afe7318f.jpg,Cystopteris fragilis,brittle bladderfern,Plantae,Cystopteridaceae,Cystopteris,500,375
train,497,9928,545871,545871,train_mini/09928_Plantae_Tracheophyta_Polypodiopsida_Polypodiales_Dennstaedtiaceae_Dennstaedtia_punctilobula/96d93519-9d07-4238-b46a-ca9d8c072b66.jpg,Dennstaedtia punctilobula,hay-scented fern,Plantae,Dennstaedtiaceae,Dennstaedtia,375,500
train,497,9928,1608393,1608393,train_mini/09928_Plantae_Tracheophyta_Polypodiopsida_Polypodiales_Dennstaedtiaceae_Dennstaedtia_punctilobula/37258d88-0e18-48f1-af63-fa0de488678a.jpg,Dennstaedtia punctilobula,hay-scented fern,Plantae,Dennstaedtiaceae,Dennstaedtia,375,500
train,497,9928,254984,254984,train_mini/09928_Plantae_Tracheophyta_Polypodiopsida_Polypodiales_Dennstaedtiaceae_Dennstaedtia_punctilobula/8912d306-a04b-4369-94c6-7f92ce506241.jpg,Dennstaedtia punctilobula,hay-scented fern,Plantae,Dennstaedtiaceae,Dennstaedtia,500,375
train,497,9928,981310,981310,train_mini/09928_Plantae_Tracheophyta_Polypodiopsida_Polypodiales_Dennstaedtiaceae_Dennstaedtia_punctilobula/5c9856f6-7ed0-4b02-a36f-58c9dd9a6d89.jpg,Dennstaedtia punctilobula,hay-scented fern,Plantae,Dennstaedtiaceae,Dennstaedtia,375,500
train,497,9928,2195432,2195432,train_mini/09928_Plantae_Tracheophyta_Polypodiopsida_Polypodiales_Dennstaedtiaceae_Dennstaedtia_punctilobula/49cad6b9-3df7-4e60-bd82-93d30efc4d13.jpg,Dennstaedtia punctilobula,hay-scented fern,Plantae,Dennstaedtiaceae,Dennstaedtia,281,500
train,497,9928,868315,868315,train_mini/09928_Plantae_Tracheophyta_Polypodiopsida_Polypodiales_Dennstaedtiaceae_Dennstaedtia_punctilobula/a7213aa0-cf5f-4e80-8194-07f22e3d36b6.jpg,Dennstaedtia punctilobula,hay-scented fern,Plantae,Dennstaedtiaceae,Dennstaedtia,375,500
train,497,9928,2327265,2327265,train_mini/09928_Plantae_Tracheophyta_Polypodiopsida_Polypodiales_Dennstaedtiaceae_Dennstaedtia_punctilobula/bad86cc5-b38e-4791-94ab-8ca0657fa10a.jpg,Dennstaedtia punctilobula,hay-scented fern,Plantae,Dennstaedtiaceae,Dennstaedtia,375,500
train,497,9928,1189410,1189410,train_mini/09928_Plantae_Tracheophyta_Polypodiopsida_Polypodiales_Dennstaedtiaceae_Dennstaedtia_punctilobula/3d23e69f-9fdc-40ec-9670-434b8e44dd78.jpg,Dennstaedtia punctilobula,hay-scented fern,Plantae,Dennstaedtiaceae,Dennstaedtia,375,500
train,498,9987,1633225,1633225,train_mini/09987_Plantae_Tracheophyta_Polypodiopsida_Polypodiales_Pteridaceae_Pteris_vittata/fcc60996-17db-4cd6-aaf5-3d7f33a8eb0f.jpg,Pteris vittata,ladder fern,Plantae,Pteridaceae,Pteris,375,500
train,498,9987,1804869,1804869,train_mini/09987_Plantae_Tracheophyta_Polypodiopsida_Polypodiales_Pteridaceae_Pteris_vittata/9a156cc0-74ac-4f3b-bcfd-76b5e280e555.jpg,Pteris vittata,ladder fern,Plantae,Pteridaceae,Pteris,375,500
train,498,9987,834429,834429,train_mini/09987_Plantae_Tracheophyta_Polypodiopsida_Polypodiales_Pteridaceae_Pteris_vittata/15347eb5-28a3-4bc1-9a41-0003724eac5d.jpg,Pteris vittata,ladder fern,Plantae,Pteridaceae,Pteris,500,375
train,498,9987,581058,581058,train_mini/09987_Plantae_Tracheophyta_Polypodiopsida_Polypodiales_Pteridaceae_Pteris_vittata/3ccd61a3-bd8b-4ec6-8510-60f725afdda6.jpg,Pteris vittata,ladder fern,Plantae,Pteridaceae,Pteris,500,375
train,498,9987,1720767,1720767,train_mini/09987_Plantae_Tracheophyta_Polypodiopsida_Polypodiales_Pteridaceae_Pteris_vittata/c5e85979-6bd2-4812-ae14-9ed3942962e8.jpg,Pteris vittata,ladder fern,Plantae,Pteridaceae,Pteris,281,500
train,498,9987,1435396,1435396,train_mini/09987_Plantae_Tracheophyta_Polypodiopsida_Polypodiales_Pteridaceae_Pteris_vittata/25b1426a-2c11-4a48-b1ed-e482a35d9f01.jpg,Pteris vittata,ladder fern,Plantae,Pteridaceae,Pteris,500,375
train,498,9987,1950051,1950051,train_mini/09987_Plantae_Tracheophyta_Polypodiopsida_Polypodiales_Pteridaceae_Pteris_vittata/3533f2a8-5047-45cf-b89a-fe1373466232.jpg,Pteris vittata,ladder fern,Plantae,Pteridaceae,Pteris,500,375
train,498,9987,188860,188860,train_mini/09987_Plantae_Tracheophyta_Polypodiopsida_Polypodiales_Pteridaceae_Pteris_vittata/76d076d0-6ed2-4a76-aa49-77699ba80089.jpg,Pteris vittata,ladder fern,Plantae,Pteridaceae,Pteris,375,500
train,499,9990,2095274,2095274,train_mini/09990_Plantae_Tracheophyta_Polypodiopsida_Polypodiales_Thelypteridaceae_Phegopteris_hexagonoptera/c9db9e04-946d-4a74-8e24-71efcfbc98f7.jpg,Phegopteris hexagonoptera,broad beech fern,Plantae,Thelypteridaceae,Phegopteris,375,500
train,499,9990,193756,193756,train_mini/09990_Plantae_Tracheophyta_Polypodiopsida_Polypodiales_Thelypteridaceae_Phegopteris_hexagonoptera/cc3b6a1a-7b74-4b1f-a172-cb1439aac903.jpg,Phegopteris hexagonoptera,broad beech fern,Plantae,Thelypteridaceae,Phegopteris,500,375
train,499,9990,1528075,1528075,train_mini/09990_Plantae_Tracheophyta_Polypodiopsida_Polypodiales_Thelypteridaceae_Phegopteris_hexagonoptera/a9423281-ae6d-46c9-be34-0eb110fa91c1.jpg,Phegopteris hexagonoptera,broad beech fern,Plantae,Thelypteridaceae,Phegopteris,333,500
train,499,9990,1620661,1620661,train_mini/09990_Plantae_Tracheophyta_Polypodiopsida_Polypodiales_Thelypteridaceae_Phegopteris_hexagonoptera/0391a7e7-2b17-464a-a0b2-67285be96aae.jpg,Phegopteris hexagonoptera,broad beech fern,Plantae,Thelypteridaceae,Phegopteris,375,500
train,499,9990,228426,228426,train_mini/09990_Plantae_Tracheophyta_Polypodiopsida_Polypodiales_Thelypteridaceae_Phegopteris_hexagonoptera/af313b98-a743-404c-9f28-1a743616c88e.jpg,Phegopteris hexagonoptera,broad beech fern,Plantae,Thelypteridaceae,Phegopteris,281,500
train,499,9990,1514590,1514590,train_mini/09990_Plantae_Tracheophyta_Polypodiopsida_Polypodiales_Thelypteridaceae_Phegopteris_hexagonoptera/77994e5f-eafc-43bf-a8ec-290ab9834603.jpg,Phegopteris hexagonoptera,broad beech fern,Plantae,Thelypteridaceae,Phegopteris,375,500
train,499,9990,183473,183473,train_mini/09990_Plantae_Tracheophyta_Polypodiopsida_Polypodiales_Thelypteridaceae_Phegopteris_hexagonoptera/e993df38-f9b5-4fcf-8ab4-d3eed4b9c1d2.jpg,Phegopteris hexagonoptera,broad beech fern,Plantae,Thelypteridaceae,Phegopteris,500,400
train,499,9990,453006,453006,train_mini/09990_Plantae_Tracheophyta_Polypodiopsida_Polypodiales_Thelypteridaceae_Phegopteris_hexagonoptera/ef5a8680-f847-4bca-8b96-810c5b07f23d.jpg,Phegopteris hexagonoptera,broad beech fern,Plantae,Thelypteridaceae,Phegopteris,375,500
