file_name,true_class_index,pred_class_index,correct,pred_1,pred_2,pred_3,pred_4,pred_5,score_1,score_2,score_3,score_4,score_5,top5_correct,true_rank,true_species,pred_1_species,pred_2_species,pred_3_species,pred_4_species,pred_5_species
val/00009_Animalia_Arthropoda_Arachnida_Araneae_Araneidae_Araneus_diadematus/80d4621f-113e-410b-a1b1-807f144e76b6.jpg,0,27,0,27,37,42,0,26,0.61328125,0.02276611328125,0.0226593017578125,0.0169830322265625,0.01568603515625,1,4,Cross Orbweaver,Western Conifer Seed Bug,Florida Carpenter Ant,Western Paper Wasp,Cross Orbweaver,Western Leaf-footed Bug
val/00009_Animalia_Arthropoda_Arachnida_Araneae_Araneidae_Araneus_diadematus/d9f6368c-1cb5-4129-8193-4bdd303abf30.jpg,0,109,0,109,253,99,0,30,0.1536865234375,0.08465576171875,0.040435791015625,0.035736083984375,0.02911376953125,1,4,Cross Orbweaver,Red-banded Leafroller,California Cone,Fatal Metalmark,Cross Orbweaver,Brown Marmorated Stink Bug
val/00009_Animalia_Arthropoda_Arachnida_Araneae_Araneidae_Araneus_diadematus/605da31a-81c6-4125-b03b-68d8c78aa3bd.jpg,0,6,0,6,0,5,214,266,0.03009033203125,0.0252685546875,0.024658203125,0.0204315185546875,0.01220703125,1,2,Cross Orbweaver,Giant Desert Centipede,Cross Orbweaver,Eastern Bark Centipede,Downy Woodpecker,blusher
val/00045_Animalia_Arthropoda_Arachnida_Araneae_Araneidae_Trichonephila_clavipes/80740680-611b-4bb0-af20-72f7e609c6fe.jpg,1,94,0,94,1,41,9,119,0.036376953125,0.0305328369140625,0.0258331298828125,0.0207977294921875,0.0196685791015625,1,2,Golden Silk Spider,Thoas Swallowtail,Golden Silk Spider,Common Thread-waisted Wasp,Spotted Longhorn,Eastern Ringtail
val/00045_Animalia_Arthropoda_Arachnida_Araneae_Araneidae_Trichonephila_clavipes/b93706c7-8406-4f61-9223-9ef6aba4759c.jpg,1,37,0,37,122,2,119,1,0.09869384765625,0.06329345703125,0.0592041015625,0.0237274169921875,0.023681640625,1,5,Golden Silk Spider,Florida Carpenter Ant,Neurothemis taiwanensis,Six-spotted Fishing Spider,Eastern Ringtail,Golden Silk Spider
val/00070_Animalia_Arthropoda_Arachnida_Araneae_Pisauridae_Dolomedes_triton/1d74a0bb-db5a-42ad-b800-aec6f6135cea.jpg,2,1,0,1,27,2,37,282,0.2352294921875,0.08453369140625,0.055206298828125,0.03485107421875,0.017913818359375,1,3,Six-spotted Fishing Spider,Golden Silk Spider,Western Conifer Seed Bug,Six-spotted Fishing Spider,Florida Carpenter Ant,spring spiderlily
val/00094_Animalia_Arthropoda_Arachnida_Araneae_Salticidae_Phidippus_johnsoni/49c17484-b915-4451-bd7e-d107a8e28aa0.jpg,3,10,0,10,3,150,172,182,0.06591796875,0.03155517578125,0.01824951171875,0.01678466796875,0.0160675048828125,1,2,Johnson's Jumping Spider,Spined Woodborer,Johnson's Jumping Spider,Surf Scoter,Fish Crow,Common Grackle
val/00094_Animalia_Arthropoda_Arachnida_Araneae_Salticidae_Phidippus_johnsoni/9a79514c-36d8-425f-8a58-71755d9ec4c0.jpg,3,10,0,10,3,14,249,18,0.0762939453125,0.07269287109375,0.059783935546875,0.03973388671875,0.027557373046875,1,2,Johnson's Jumping Spider,Spined Woodborer,Johnson's Jumping Spider,Woodland Dor Beetle,Beadlet anemone,Blue Blowfly
val/00094_Animalia_Arthropoda_Arachnida_Araneae_Salticidae_Phidippus_johnsoni/2d6c8e3b-b8f3-4520-88d6-d538de08cb66.jpg,3,18,0,18,3,210,52,20,0.06536865234375,0.0506591796875,0.040557861328125,0.033721923828125,0.03033447265625,1,2,Johnson's Jumping Spider,Blue Blowfly,Johnson's Jumping Spider,Boat-billed Heron,Dimorphic Bomolocha Moth,Mexican Cactus Fly
val/00094_Animalia_Arthropoda_Arachnida_Araneae_Salticidae_Phidippus_johnsoni/f280614c-ac2a-4fe6-9ac7-9f712483f769.jpg,3,33,0,33,3,4,277,27,0.0799560546875,0.055450439453125,0.0343017578125,0.0289306640625,0.025360107421875,1,2,Johnson's Jumping Spider,Ashy Mining Bee,Johnson's Jumping Spider,Paravaejovis puritanus,Sponge Weed,Western Conifer Seed Bug
val/00152_Animalia_Arthropoda_Arachnida_Scorpiones_Vaejovidae_Paravaejovis_puritanus/ac57908d-5c49-43e4-9835-5337598f8f20.jpg,4,242,0,242,492,327,237,4,0.045013427734375,0.022308349609375,0.0219879150390625,0.0214385986328125,0.0193939208984375,1,5,Paravaejovis puritanus,Brown Basilisk,ponderosa pine,great blanketflower,Texas Alligator Lizard,Paravaejovis puritanus
val/00157_Animalia_Arthropoda_Chilopoda_Scolopendromorpha_Scolopendridae_Hemiscolopendra_marginata/bd03202d-2aa5-49eb-bc8e-747bac6c8430.jpg,5,6,0,6,5,102,146,80,0.36865234375,0.08966064453125,0.01421356201171875,0.012939453125,0.01082611083984375,1,2,Eastern Bark Centipede,Giant Desert Centipede,Eastern Bark Centipede,Buck Moth,Imperial Eagle,Alfalfa Looper
val/00157_Animalia_Arthropoda_Chilopoda_Scolopendromorpha_Scolopendridae_Hemiscolopendra_marginata/e238f91b-04a8-4a0e-bc3a-c6026a63b640.jpg,5,6,0,6,5,239,234,126,0.422607421875,0.1474609375,0.04168701171875,0.017791748046875,0.01232147216796875,1,2,Eastern Bark Centipede,Giant Desert Centipede,Eastern Bark Centipede,Eastern Milksnake,Common Caiman,Virile Crayfish
val/00157_Animalia_Arthropoda_Chilopoda_Scolopendromorpha_Scolopendridae_Hemiscolopendra_marginata/fbbddbd3-f585-464d-b6c7-28ce404c57cf.jpg,5,7,0,7,108,5,102,153,0.11578369140625,0.08544921875,0.06695556640625,0.0264739990234375,0.0230865478515625,1,3,Eastern Bark Centipede,Emerald Ash Borer,Pine Hawk-Moth,Eastern Bark Centipede,Buck Moth,Black-chinned Hummingbird
val/00184_Animalia_Arthropoda_Insecta_Coleoptera_Buprestidae_Agrilus_planipennis/1b267612-120e-4df1-aa90-f78eb9f4ae64.jpg,7,492,0,492,487,7,403,402,0.335693359375,0.237548828125,0.03863525390625,0.036865234375,0.034027099609375,1,3,Emerald Ash Borer,ponderosa pine,giant sequoia,Emerald Ash Borer,willow oak,swamp chestnut oak
val/00184_Animalia_Arthropoda_Insecta_Coleoptera_Buprestidae_Agrilus_planipennis/4f4ed283-60db-4e4e-88fe-df09dee46bb9.jpg,7,124,0,124,113,7,19,244,0.11260986328125,0.10595703125,0.09759521484375,0.06072998046875,0.0276641845703125,1,3,Emerald Ash Borer,Obscure Bird Grasshopper,Australian Green Mantis,Emerald Ash Borer,Garden soldier fly,Green Iguana
val/00184_Animalia_Arthropoda_Insecta_Coleoptera_Buprestidae_Agrilus_planipennis/e305c47c-b4ca-4f77-b525-e388295f3b05.jpg,7,487,0,487,7,492,199,171,0.456298828125,0.13330078125,0.0195465087890625,0.01204681396484375,0.01161956787109375,1,2,Emerald Ash Borer,giant sequoia,Emerald Ash Borer,ponderosa pine,Brown-headed Nuthatch,Brown Creeper
val/00193_Animalia_Arthropoda_Insecta_Coleoptera_Cantharidae_Chauliognathus_pensylvanicus/482b7639-55e8-4d29-be79-8c3837a7a90d.jpg,8,438,0,438,334,69,39,8,0.07305908203125,0.05535888671875,0.03240966796875,0.03167724609375,0.030242919921875,1,5,Goldenrod Soldier Beetle,Klamath weed,Great Plains Ragwort,Long Dash Skipper,Pure Green Sweat Bee,Goldenrod Soldier Beetle
val/00193_Animalia_Arthropoda_Insecta_Coleoptera_Cantharidae_Chauliognathus_pensylvanicus/17e62b64-ddca-4a1e-91d8-1cba36c311be.jpg,8,9,0,9,318,8,348,32,0.52734375,0.12548828125,0.01065826416015625,0.00843048095703125,0.007022857666015625,1,3,Goldenrod Soldier Beetle,Spotted Longhorn,common yarrow,Goldenrod Soldier Beetle,hairy bittercress,Jagged Ambush Bug
val/00193_Animalia_Arthropoda_Insecta_Coleoptera_Cantharidae_Chauliognathus_pensylvanicus/ca5274d6-9681-4970-8631-b305f699d778.jpg,8,28,0,28,15,8,40,438,0.201171875,0.0458984375,0.0316162109375,0.0201263427734375,0.01535797119140625,1,3,Goldenrod Soldier Beetle,Alfalfa Plant Bug,Oedemera femorata,Goldenrod Soldier Beetle,Metallic Epauletted-Sweat Bee,Klamath weed
val/00193_Animalia_Arthropoda_Insecta_Coleoptera_Cantharidae_Chauliognathus_pensylvanicus/587e73dc-e613-4451-a3d9-88e4d7bc289a.jpg,8,63,0,63,70,191,190,8,0.193359375,0.04180908203125,0.0280914306640625,0.0253143310546875,0.023345947265625,1,5,Goldenrod Soldier Beetle,Least Skipper,European Skipper,American Redstart,Yellow-throated Warbler,Goldenrod Soldier Beetle
val/00251_Animalia_Arthropoda_Insecta_Coleoptera_Cerambycidae_Rutpela_maculata/2fe77173-a78b-454b-9127-7f5c829db93f.jpg,9,8,0,8,430,12,9,26,0.05694580078125,0.029876708984375,0.0249176025390625,0.0225982666015625,0.0222930908203125,1,4,Spotted Longhorn,Goldenrod Soldier Beetle,golden dewdrop,Hadda Beetle,Spotted Longhorn,Western Leaf-footed Bug
val/00251_Animalia_Arthropoda_Insecta_Coleoptera_Cerambycidae_Rutpela_maculata/4c17988f-8511-470d-a86d-6f07cd2005c6.jpg,9,8,0,8,9,39,32,41,0.227783203125,0.194091796875,0.04449462890625,0.0401611328125,0.0372314453125,1,2,Spotted Longhorn,Goldenrod Soldier Beetle,Spotted Longhorn,Pure Green Sweat Bee,Jagged Ambush Bug,Common Thread-waisted Wasp
val/00251_Animalia_Arthropoda_Insecta_Coleoptera_Cerambycidae_Rutpela_maculata/9004fce0-d775-4ee6-adb4-20284cbd4bca.jpg,9,322,0,322,331,281,444,9,0.09033203125,0.050048828125,0.027984619140625,0.0202789306640625,0.02020263671875,1,5,Spotted Longhorn,Texas Thistle,Snow Squarestem,nodding onion,Island Mallow,Spotted Longhorn
val/00251_Animalia_Arthropoda_Insecta_Coleoptera_Cerambycidae_Rutpela_maculata/f648252e-af23-4561-81fd-102cd93bb111.jpg,9,35,0,35,9,93,15,32,0.059844970703125,0.036529541015625,0.0306549072265625,0.02630615234375,0.0181884765625,1,2,Spotted Longhorn,Elm Sawfly,Spotted Longhorn,Dainty Swallowtail,Oedemera femorata,Jagged Ambush Bug
val/00260_Animalia_Arthropoda_Insecta_Coleoptera_Cerambycidae_Trichocnemis_spiculatus/56ec3c1f-aed0-40e3-917e-698e7fc49090.jpg,10,254,0,254,10,272,128,129,0.104248046875,0.072265625,0.031402587890625,0.0303955078125,0.0172271728515625,1,2,Spined Woodborer,Lettered Olive,Spined Woodborer,Hoof Fungus,Bluntnose Minnow,Blacknose Dace
val/00260_Animalia_Arthropoda_Insecta_Coleoptera_Cerambycidae_Trichocnemis_spiculatus/780908cd-8b2e-4859-8999-ce23f55fba7b.jpg,10,35,0,35,7,10,101,127,0.1302490234375,0.0831298828125,0.034423828125,0.026947021484375,0.022796630859375,1,3,Spined Woodborer,Elm Sawfly,Emerald Ash Borer,Spined Woodborer,Orange-tipped Oakworm Moth,New Zealand Half Crab
val/00290_Animalia_Arthropoda_Insecta_Coleoptera_Chrysomelidae_Leptinotarsa_juncta/9b68754e-38d9-438e-94f6-e44f9688b95a.jpg,11,258,0,258,11,23,27,29,0.036956787109375,0.03564453125,0.0193939208984375,0.013458251953125,0.0128326416015625,1,2,False Potato Beetle,White-lipped Snail,False Potato Beetle,Maize Calligrapher Fly,Western Conifer Seed Bug,European Striped Shield Bug
val/00326_Animalia_Arthropoda_Insecta_Coleoptera_Coccinellidae_Henosepilachna_vigintioctopunctata/7a8104e3-de56-4d96-8616-59a952c12d73.jpg,12,13,0,13,12,132,97,79,0.05419921875,0.032501220703125,0.0110626220703125,0.008575439453125,0.00852203369140625,1,2,Hadda Beetle,22-spot Ladybird Beetle,Hadda Beetle,Four-eyed Butterflyfish,Large White Butterfly,Coral Hairstreak
val/00332_Animalia_Arthropoda_Insecta_Coleoptera_Coccinellidae_Psyllobora_vigintiduopunctata/c7e5cd75-cded-420c-bf62-ad0123548d83.jpg,13,12,0,12,13,97,378,16,0.491455078125,0.306396484375,0.0030975341796875,0.002838134765625,0.0027179718017578125,1,2,22-spot Ladybird Beetle,Hadda Beetle,22-spot Ladybird Beetle,Large White Butterfly,mapleleaf viburnum,Kern's Flower Scarab
val/00370_Animalia_Arthropoda_Insecta_Coleoptera_Oedemeridae_Oedemera_femorata/d97c3b8b-261a-4c53-8394-f6dd7a0307af.jpg,15,39,0,39,15,8,22,21,0.141845703125,0.08636474609375,0.072509765625,0.02972412109375,0.028045654296875,1,2,Oedemera femorata,Pure Green Sweat Bee,Oedemera femorata,Goldenrod Soldier Beetle,Transverse-banded Flower Fly,Yellow-shouldered Drone Fly
val/00370_Animalia_Arthropoda_Insecta_Coleoptera_Oedemeridae_Oedemera_femorata/379456ab-3a39-463d-93f9-6e22d7899771.jpg,15,44,0,44,15,10,28,123,0.21875,0.1357421875,0.09063720703125,0.037750244140625,0.0274810791015625,1,2,Oedemera femorata,Pearl Veneer,Oedemera femorata,Spined Woodborer,Alfalfa Plant Bug,Marsh meadow grasshopper
val/00370_Animalia_Arthropoda_Insecta_Coleoptera_Oedemeridae_Oedemera_femorata/517aabc8-0c6d-4ea0-936b-12e592cb99aa.jpg,15,10,0,10,15,44,28,123,0.373046875,0.1331787109375,0.095947265625,0.0496826171875,0.0185089111328125,1,2,Oedemera femorata,Spined Woodborer,Oedemera femorata,Pearl Veneer,Alfalfa Plant Bug,Marsh meadow grasshopper
val/00384_Animalia_Arthropoda_Insecta_Coleoptera_Scarabaeidae_Euphoria_kernii/01689499-5abc-4c43-b3f6-d084747a5815.jpg,16,21,0,21,16,8,20,22,0.16552734375,0.039154052734375,0.030029296875,0.024810791015625,0.020263671875,1,2,Kern's Flower Scarab,Yellow-shouldered Drone Fly,Kern's Flower Scarab,Goldenrod Soldier Beetle,Mexican Cactus Fly,Transverse-banded Flower Fly
val/00386_Animalia_Arthropoda_Insecta_Coleoptera_Scarabaeidae_Exomala_orientalis/f42b16c2-a0a6-4d95-8171-7581b63e90c5.jpg,17,19,0,19,27,17,42,120,0.1864013671875,0.034912109375,0.013580322265625,0.01238250732421875,0.0111541748046875,1,3,Oriental Beetle,Garden soldier fly,Western Conifer Seed Bug,Oriental Beetle,Western Paper Wasp,Dragonhunter
val/00435_Animalia_Arthropoda_Insecta_Diptera_Calliphoridae_Calliphora_vicina/d8b79c4d-3fae-480b-84fe-08f40af259cc.jpg,18,23,0,23,18,76,67,40,0.0474853515625,0.047210693359375,0.025054931640625,0.01910400390625,0.01739501953125,1,2,Blue Blowfly,Maize Calligrapher Fly,Blue Blowfly,Mazarine Blue,Eufala Skipper,Metallic Epauletted-Sweat Bee
val/00457_Animalia_Arthropoda_Insecta_Diptera_Stratiomyidae_Exaireta_spinigera/7827c7fd-7c8f-421d-bb3a-4c054469fdf0.jpg,19,42,0,42,83,32,19,39,0.048004150390625,0.0236663818359375,0.02313232421875,0.0218963623046875,0.0191650390625,1,4,Garden soldier fly,Western Paper Wasp,Half-yellow Moth,Jagged Ambush Bug,Garden soldier fly,Pure Green Sweat Bee
val/00457_Animalia_Arthropoda_Insecta_Diptera_Stratiomyidae_Exaireta_spinigera/7d9bd16e-2b28-48b4-8b5f-8ac55b7cee64.jpg,19,16,0,16,33,9,19,31,0.08154296875,0.038116455078125,0.0308837890625,0.03057861328125,0.027557373046875,1,4,Garden soldier fly,Kern's Flower Scarab,Ashy Mining Bee,Spotted Longhorn,Garden soldier fly,Southern Green Stink Bug
val/00457_Animalia_Arthropoda_Insecta_Diptera_Stratiomyidae_Exaireta_spinigera/49b93b5f-2604-4786-83ac-4e28829e2e39.jpg,19,10,0,10,19,27,4,28,0.24560546875,0.1495361328125,0.037109375,0.0209197998046875,0.01337432861328125,1,2,Garden soldier fly,Spined Woodborer,Garden soldier fly,Western Conifer Seed Bug,Paravaejovis puritanus,Alfalfa Plant Bug
val/00461_Animalia_Arthropoda_Insecta_Diptera_Syrphidae_Copestylum_mexicanum/3d47fff4-b85d-450e-8d01-19410dcc6ae7.jpg,20,22,0,22,20,21,8,32,0.1806640625,0.1474609375,0.03466796875,0.0187835693359375,0.018463134765625,1,2,Mexican Cactus Fly,Transverse-banded Flower Fly,Mexican Cactus Fly,Yellow-shouldered Drone Fly,Goldenrod Soldier Beetle,Jagged Ambush Bug
val/00461_Animalia_Arthropoda_Insecta_Diptera_Syrphidae_Copestylum_mexicanum/6880af20-7f98-4b6b-9c82-e5c799632c31.jpg,20,34,0,34,20,14,35,18,0.72021484375,0.1380615234375,0.00995635986328125,0.00511932373046875,0.00494384765625,1,2,Mexican Cactus Fly,Southern Carpenter Bee,Mexican Cactus Fly,Woodland Dor Beetle,Elm Sawfly,Blue Blowfly
val/00470_Animalia_Arthropoda_Insecta_Diptera_Syrphidae_Eristalis_stipator/d14236d4-0ce2-41ed-b6bf-07aec598c995.jpg,21,17,0,17,21,42,27,34,0.368408203125,0.10052490234375,0.042755126953125,0.0231170654296875,0.0158233642578125,1,2,Yellow-shouldered Drone Fly,Oriental Beetle,Yellow-shouldered Drone Fly,Western Paper Wasp,Western Conifer Seed Bug,Southern Carpenter Bee
val/00470_Animalia_Arthropoda_Insecta_Diptera_Syrphidae_Eristalis_stipator/c9dc8807-6669-4e72-88e6-4c7dd784595f.jpg,21,9,0,9,21,32,33,41,0.263671875,0.1534423828125,0.021728515625,0.015533447265625,0.015106201171875,1,2,Yellow-shouldered Drone Fly,Spotted Longhorn,Yellow-shouldered Drone Fly,Jagged Ambush Bug,Ashy Mining Bee,Common Thread-waisted Wasp
val/00470_Animalia_Arthropoda_Insecta_Diptera_Syrphidae_Eristalis_stipator/d150bd71-64f4-48f5-824d-5af481b89338.jpg,21,17,0,17,21,42,23,11,0.148681640625,0.07421875,0.034027099609375,0.0267181396484375,0.0248870849609375,1,2,Yellow-shouldered Drone Fly,Oriental Beetle,Yellow-shouldered Drone Fly,Western Paper Wasp,Maize Calligrapher Fly,False Potato Beetle
val/00472_Animalia_Arthropoda_Insecta_Diptera_Syrphidae_Eristalis_transversa/38787967-c09e-4b61-add1-492cace2912d.jpg,22,23,0,23,22,21,11,20,0.2802734375,0.1116943359375,0.040771484375,0.0289764404296875,0.0286865234375,1,2,Transverse-banded Flower Fly,Maize Calligrapher Fly,Transverse-banded Flower Fly,Yellow-shouldered Drone Fly,False Potato Beetle,Mexican Cactus Fly
val/00472_Animalia_Arthropoda_Insecta_Diptera_Syrphidae_Eristalis_transversa/182f4b60-0d45-4627-84a9-b455ca836801.jpg,22,23,0,23,22,11,136,17,0.33056640625,0.158203125,0.0362548828125,0.02825927734375,0.0128326416015625,1,2,Transverse-banded Flower Fly,Maize Calligrapher Fly,Transverse-banded Flower Fly,False Potato Beetle,Indo-Pacific Sergeant Major,Oriental Beetle
val/00472_Animalia_Arthropoda_Insecta_Diptera_Syrphidae_Eristalis_transversa/f1869b06-712f-4464-8713-aa4d7ef75739.jpg,22,39,0,39,193,184,22,174,0.0511474609375,0.04571533203125,0.0404052734375,0.038604736328125,0.03424072265625,1,4,Transverse-banded Flower Fly,Pure Green Sweat Bee,Lark Bunting,Meadow Pipit,Transverse-banded Flower Fly,Alpine Chough
val/00493_Animalia_Arthropoda_Insecta_Diptera_Syrphidae_Toxomerus_politus/4b194b68-765d-45f1-aace-b6788d3c05c6.jpg,23,44,0,44,126,23,123,98,0.03375244140625,0.02899169921875,0.0212249755859375,0.017669677734375,0.015838623046875,1,3,Maize Calligrapher Fly,Pearl Veneer,Virile Crayfish,Maize Calligrapher Fly,Marsh meadow grasshopper,Darker Moodna Moth
val/00493_Animalia_Arthropoda_Insecta_Diptera_Syrphidae_Toxomerus_politus/6667745d-a0c3-467c-9560-ac2548e17f9a.jpg,23,17,0,17,250,23,109,112,0.282958984375,0.026153564453125,0.0188751220703125,0.01279449462890625,0.01239776611328125,1,3,Maize Calligrapher Fly,Oriental Beetle,Nuttall's Cockle,Maize Calligrapher Fly,Red-banded Leafroller,Omnivorous Platynota Moth
val/00493_Animalia_Arthropoda_Insecta_Diptera_Syrphidae_Toxomerus_politus/f8616c2d-2c22-40bb-a62e-54a9cbc75e8c.jpg,23,72,0,72,37,23,10,98,0.029937744140625,0.0251007080078125,0.02276611328125,0.0202789306640625,0.0178070068359375,1,3,Maize Calligrapher Fly,Green Oak-Slug Moth,Florida Carpenter Ant,Maize Calligrapher Fly,Spined Woodborer,Darker Moodna Moth
val/00558_Animalia_Arthropoda_Insecta_Hemiptera_Coreidae_Acanthocephala_femorata/70b1f71d-c382-40b1-ac45-82fc026ea53e.jpg,25,10,0,10,25,124,145,118,0.0281829833984375,0.0257110595703125,0.023834228515625,0.01666259765625,0.01442718505859375,1,2,Florida Leaf-footed Bug,Spined Woodborer,Florida Leaf-footed Bug,Obscure Bird Grasshopper,Italian Crested Newt,Skimming Bluet
val/00558_Animalia_Arthropoda_Insecta_Hemiptera_Coreidae_Acanthocephala_femorata/3d155575-3864-4450-98ef-1f67cebdae41.jpg,25,94,0,94,175,282,25,413,0.04449462890625,0.040496826171875,0.0250244140625,0.024444580078125,0.021270751953125,1,4,Florida Leaf-footed Bug,Thoas Swallowtail,Double-barred Finch,spring spiderlily,Florida Leaf-footed Bug,white sage
val/00567_Animalia_Arthropoda_Insecta_Hemiptera_Coreidae_Leptoglossus_clypealis/961d0095-9408-4371-8ee3-8d3468bd4ab6.jpg,26,27,0,27,26,10,17,125,0.17431640625,0.1622314453125,0.0242462158203125,0.0235443115234375,0.0211639404296875,1,2,Western Leaf-footed Bug,Western Conifer Seed Bug,Western Leaf-footed Bug,Spined Woodborer,Oriental Beetle,Long-winged Conehead
val/00567_Animalia_Arthropoda_Insecta_Hemiptera_Coreidae_Leptoglossus_clypealis/fd61b3ee-258a-4cea-b324-f84ec23c28f2.jpg,26,27,0,27,26,10,17,25,0.2308349609375,0.10711669921875,0.0716552734375,0.033355712890625,0.01203155517578125,1,2,Western Leaf-footed Bug,Western Conifer Seed Bug,Western Leaf-footed Bug,Spined Woodborer,Oriental Beetle,Florida Leaf-footed Bug
val/00567_Animalia_Arthropoda_Insecta_Hemiptera_Coreidae_Leptoglossus_clypealis/4827395c-c7e7-4e30-a8f5-0fd2c96141b1.jpg,26,27,0,27,26,17,162,72,0.055023193359375,0.04083251953125,0.01531982421875,0.0114288330078125,0.010223388671875,1,2,Western Leaf-footed Bug,Western Conifer Seed Bug,Western Leaf-footed Bug,Oriental Beetle,Caspian Gull,Green Oak-Slug Moth
val/00568_Animalia_Arthropoda_Insecta_Hemiptera_Coreidae_Leptoglossus_occidentalis/533ebf83-c1a6-43ec-b494-4068d271a3b7.jpg,27,26,0,26,25,27,1,28,0.16650390625,0.07098388671875,0.026275634765625,0.0238800048828125,0.0172576904296875,1,3,Western Conifer Seed Bug,Western Leaf-footed Bug,Florida Leaf-footed Bug,Western Conifer Seed Bug,Golden Silk Spider,Alfalfa Plant Bug
val/00568_Animalia_Arthropoda_Insecta_Hemiptera_Coreidae_Leptoglossus_occidentalis/70d3ace9-91cc-40a5-ac41-413e779f2821.jpg,27,0,0,0,1,26,27,30,0.047149658203125,0.035308837890625,0.032867431640625,0.0279083251953125,0.02520751953125,1,4,Western Conifer Seed Bug,Cross Orbweaver,Golden Silk Spider,Western Leaf-footed Bug,Western Conifer Seed Bug,Brown Marmorated Stink Bug
val/00568_Animalia_Arthropoda_Insecta_Hemiptera_Coreidae_Leptoglossus_occidentalis/8291250a-d60e-4606-a649-6998a2318f92.jpg,27,4,0,4,27,42,17,123,0.227783203125,0.03125,0.0241851806640625,0.01508331298828125,0.01232147216796875,1,2,Western Conifer Seed Bug,Paravaejovis puritanus,Western Conifer Seed Bug,Western Paper Wasp,Oriental Beetle,Marsh meadow grasshopper
val/00568_Animalia_Arthropoda_Insecta_Hemiptera_Coreidae_Leptoglossus_occidentalis/a3ea78fc-1314-4668-bc48-b7980a4228ef.jpg,27,0,0,0,27,99,23,56,0.07843017578125,0.066162109375,0.0438232421875,0.029541015625,0.0295257568359375,1,2,Western Conifer Seed Bug,Cross Orbweaver,Western Conifer Seed Bug,Fatal Metalmark,Maize Calligrapher Fly,Blackberry Looper
val/00597_Animalia_Arthropoda_Insecta_Hemiptera_Miridae_Adelphocoris_lineolatus/894c4d8b-1c1d-4f1f-ade5-45fa1daca8c3.jpg,28,32,0,32,125,28,8,454,0.09747314453125,0.0565185546875,0.04962158203125,0.026763916015625,0.01311492919921875,1,3,Alfalfa Plant Bug,Jagged Ambush Bug,Long-winged Conehead,Alfalfa Plant Bug,Goldenrod Soldier Beetle,common columbine
val/00597_Animalia_Arthropoda_Insecta_Hemiptera_Miridae_Adelphocoris_lineolatus/87f6a50b-61ab-4a65-87db-91364e774a7e.jpg,28,124,0,124,28,123,26,39,0.09625244140625,0.0797119140625,0.06329345703125,0.0325927734375,0.0210723876953125,1,2,Alfalfa Plant Bug,Obscure Bird Grasshopper,Alfalfa Plant Bug,Marsh meadow grasshopper,Western Leaf-footed Bug,Pure Green Sweat Bee
val/00597_Animalia_Arthropoda_Insecta_Hemiptera_Miridae_Adelphocoris_lineolatus/8d9b1f36-2559-4c33-88e5-0f216b6b0497.jpg,28,2,0,2,84,28,62,97,0.0345458984375,0.0243072509765625,0.021087646484375,0.0119171142578125,0.01026153564453125,1,3,Alfalfa Plant Bug,Six-spotted Fishing Spider,Green Silver-lines,Alfalfa Plant Bug,Yellow Slant-line,Large White Butterfly
val/00597_Animalia_Arthropoda_Insecta_Hemiptera_Miridae_Adelphocoris_lineolatus/1d1815b5-d362-45d9-b505-3bd794365152.jpg,28,27,0,27,178,28,10,177,0.134033203125,0.0279693603515625,0.027008056640625,0.0266265869140625,0.0250244140625,1,3,Alfalfa Plant Bug,Western Conifer Seed Bug,Bank Swallow,Alfalfa Plant Bug,Spined Woodborer,Barn Swallow
val/00624_Animalia_Arthropoda_Insecta_Hemiptera_Pentatomidae_Graphosoma_italicum/678b7819-c778-4db0-a690-696990c51916.jpg,29,11,0,11,29,258,78,23,0.759765625,0.046875,0.0127410888671875,0.0111541748046875,0.004909515380859375,1,2,European Striped Shield Bug,False Potato Beetle,European Striped Shield Bug,White-lipped Snail,Marine Blue,Maize Calligrapher Fly
val/00624_Animalia_Arthropoda_Insecta_Hemiptera_Pentatomidae_Graphosoma_italicum/516811b0-fec2-4f06-9ec2-f413646bad45.jpg,29,11,0,11,29,92,23,0,0.1490478515625,0.136962890625,0.036834716796875,0.025146484375,0.0233306884765625,1,2,European Striped Shield Bug,False Potato Beetle,European Striped Shield Bug,Blomfild's Beauty,Maize Calligrapher Fly,Cross Orbweaver
val/00626_Animalia_Arthropoda_Insecta_Hemiptera_Pentatomidae_Halyomorpha_halys/38eb649b-54bc-460f-acc6-37a2d9547097.jpg,30,25,0,25,18,27,30,3,0.074462890625,0.052490234375,0.03240966796875,0.0274505615234375,0.018890380859375,1,4,Brown Marmorated Stink Bug,Florida Leaf-footed Bug,Blue Blowfly,Western Conifer Seed Bug,Brown Marmorated Stink Bug,Johnson's Jumping Spider
val/00626_Animalia_Arthropoda_Insecta_Hemiptera_Pentatomidae_Halyomorpha_halys/91909f41-f8f8-443f-b0e1-891ab4dd24cd.jpg,30,32,0,32,72,30,12,23,0.06646728515625,0.04730224609375,0.0307464599609375,0.019561767578125,0.018951416015625,1,3,Brown Marmorated Stink Bug,Jagged Ambush Bug,Green Oak-Slug Moth,Brown Marmorated Stink Bug,Hadda Beetle,Maize Calligrapher Fly
val/00626_Animalia_Arthropoda_Insecta_Hemiptera_Pentatomidae_Halyomorpha_halys/f95d2733-0da6-4b94-a0d5-da721c621b77.jpg,30,52,0,52,85,30,101,57,0.043609619140625,0.031402587890625,0.0254974365234375,0.0192413330078125,0.016143798828125,1,3,Brown Marmorated Stink Bug,Dimorphic Bomolocha Moth,Angulose Prominent Moth,Brown Marmorated Stink Bug,Orange-tipped Oakworm Moth,Feathered Thorn
val/00630_Animalia_Arthropoda_Insecta_Hemiptera_Pentatomidae_Nezara_viridula/e2cb3ce7-9fba-4f00-9cc0-09e7f997f290.jpg,31,378,0,378,9,31,318,466,0.214111328125,0.1427001953125,0.040130615234375,0.0343017578125,0.03411865234375,1,3,Southern Green Stink Bug,mapleleaf viburnum,Spotted Longhorn,Southern Green Stink Bug,common yarrow,Himalayan-berry
val/00630_Animalia_Arthropoda_Insecta_Hemiptera_Pentatomidae_Nezara_viridula/0bd0ecf0-aa5e-4cdb-9feb-f15f174f70cf.jpg,31,19,0,19,38,16,33,31,0.046142578125,0.0423583984375,0.026519775390625,0.0190277099609375,0.016754150390625,1,5,Southern Green Stink Bug,Garden soldier fly,New York Carpenter Ant,Kern's Flower Scarab,Ashy Mining Bee,Southern Green Stink Bug
val/00630_Animalia_Arthropoda_Insecta_Hemiptera_Pentatomidae_Nezara_viridula/f24ef149-9698-41df-8743-d54fe9c4b212.jpg,31,39,0,39,11,29,9,31,0.2298583984375,0.054351806640625,0.0467529296875,0.033050537109375,0.032379150390625,1,5,Southern Green Stink Bug,Pure Green Sweat Bee,False Potato Beetle,European Striped Shield Bug,Spotted Longhorn,Southern Green Stink Bug
val/00630_Animalia_Arthropoda_Insecta_Hemiptera_Pentatomidae_Nezara_viridula/fdab67b9-39c9-442c-8415-5fab58b73f8a.jpg,31,17,0,17,72,39,31,81,0.08123779296875,0.052032470703125,0.03497314453125,0.02874755859375,0.0270538330078125,1,4,Southern Green Stink Bug,Oriental Beetle,Green Oak-Slug Moth,Pure Green Sweat Bee,Southern Green Stink Bug,Small Mossy Lithacodia
val/00630_Animalia_Arthropoda_Insecta_Hemiptera_Pentatomidae_Nezara_viridula/af46a285-c8be-4c37-9f35-6bc83f3abf73.jpg,31,72,0,72,31,142,114,253,0.11676025390625,0.108154296875,0.06280517578125,0.056182861328125,0.045501708984375,1,2,Southern Green Stink Bug,Green Oak-Slug Moth,Southern Green Stink Bug,Eastern Dwarf Treefrog,Chrysopa oculata,California Cone
val/00651_Animalia_Arthropoda_Insecta_Hemiptera_Reduviidae_Phymata_americana/fed1d8d5-9726-47e2-a502-e9eff5900728.jpg,32,8,0,8,22,341,334,32,0.252685546875,0.16064453125,0.0853271484375,0.05145263671875,0.0297088623046875,1,5,Jagged Ambush Bug,Goldenrod Soldier Beetle,Transverse-banded Flower Fly,tree marigold,Great Plains Ragwort,Jagged Ambush Bug
val/00651_Animalia_Arthropoda_Insecta_Hemiptera_Reduviidae_Phymata_americana/9492c1f3-db74-4eaf-9f3e-a00e31af71a7.jpg,32,21,0,21,32,8,16,34,0.60888671875,0.1923828125,0.01495361328125,0.01438140869140625,0.01177978515625,1,2,Jagged Ambush Bug,Yellow-shouldered Drone Fly,Jagged Ambush Bug,Goldenrod Soldier Beetle,Kern's Flower Scarab,Southern Carpenter Bee
val/00651_Animalia_Arthropoda_Insecta_Hemiptera_Reduviidae_Phymata_americana/9a16e280-5973-423c-a4c2-55cf6247f447.jpg,32,141,0,141,32,83,87,42,0.06256103515625,0.049346923828125,0.047027587890625,0.025482177734375,0.022552490234375,1,2,Jagged Ambush Bug,Cachabi Robber Frog,Jagged Ambush Bug,Half-yellow Moth,Silver Emperor,Western Paper Wasp
val/00711_Animalia_Arthropoda_Insecta_Hymenoptera_Apidae_Xylocopa_micans/2ba9954a-6eb3-40fc-b1e1-f37eb27fe1fa.jpg,34,20,0,20,22,34,18,16,0.327392578125,0.1011962890625,0.078369140625,0.0157470703125,0.0133056640625,1,3,Southern Carpenter Bee,Mexican Cactus Fly,Transverse-banded Flower Fly,Southern Carpenter Bee,Blue Blowfly,Kern's Flower Scarab
val/00718_Animalia_Arthropoda_Insecta_Hymenoptera_Cimbicidae_Cimbex_americanus/d800a673-610a-42bf-96b8-189ff6e4e909.jpg,35,14,0,14,34,18,35,127,0.10400390625,0.061676025390625,0.05255126953125,0.0325927734375,0.0204010009765625,1,4,Elm Sawfly,Woodland Dor Beetle,Southern Carpenter Bee,Blue Blowfly,Elm Sawfly,New Zealand Half Crab
val/00718_Animalia_Arthropoda_Insecta_Hymenoptera_Cimbicidae_Cimbex_americanus/8fa82250-596f-486a-9786-0f35bc4e1290.jpg,35,264,0,264,267,258,35,270,0.060455322265625,0.050506591796875,0.039276123046875,0.038177490234375,0.0223846435546875,1,4,Elm Sawfly,Yellow Stainer,Lichen Agaric,White-lipped Snail,Elm Sawfly,Scaly Chanterelle
val/00718_Animalia_Arthropoda_Insecta_Hymenoptera_Cimbicidae_Cimbex_americanus/b9e2502a-1813-4d8c-85c9-a9afefc45005.jpg,35,42,0,42,23,126,35,87,0.032196044921875,0.0228118896484375,0.0195770263671875,0.0160064697265625,0.0159759521484375,1,4,Elm Sawfly,Western Paper Wasp,Maize Calligrapher Fly,Virile Crayfish,Elm Sawfly,Silver Emperor
val/00718_Animalia_Arthropoda_Insecta_Hymenoptera_Cimbicidae_Cimbex_americanus/bb274718-da52-4e00-a3c4-d85b0c0731fb.jpg,35,34,0,34,20,35,18,42,0.2052001953125,0.1607666015625,0.07342529296875,0.048980712890625,0.01464080810546875,1,3,Elm Sawfly,Southern Carpenter Bee,Mexican Cactus Fly,Elm Sawfly,Blue Blowfly,Western Paper Wasp
val/00727_Animalia_Arthropoda_Insecta_Hymenoptera_Cynipidae_Amphibolips_confluenta/1d4ef850-0b78-46de-a948-834d1c338c8c.jpg,36,353,0,353,36,30,432,31,0.318359375,0.10809326171875,0.01406097412109375,0.0128173828125,0.010223388671875,1,2,Spongy Oak Apple Gall Wasp,Mignonette vine,Spongy Oak Apple Gall Wasp,Brown Marmorated Stink Bug,common pawpaw,Southern Green Stink Bug
val/00743_Animalia_Arthropoda_Insecta_Hymenoptera_Formicidae_Camponotus_floridanus/2eabb16a-d780-41ba-8c3e-59986097b89c.jpg,37,38,0,38,37,249,3,34,0.290771484375,0.186279296875,0.0628662109375,0.0185546875,0.00970458984375,1,2,Florida Carpenter Ant,New York Carpenter Ant,Florida Carpenter Ant,Beadlet anemone,Johnson's Jumping Spider,Southern Carpenter Bee
val/00743_Animalia_Arthropoda_Insecta_Hymenoptera_Formicidae_Camponotus_floridanus/4cf59965-1553-4f27-a24e-037e837bfa90.jpg,37,246,0,246,37,272,232,222,0.0665283203125,0.0355224609375,0.0201263427734375,0.019287109375,0.01399993896484375,1,2,Florida Carpenter Ant,Great Plains Skink,Florida Carpenter Ant,Hoof Fungus,Woodchuck,White-tailed Deer
val/00747_Animalia_Arthropoda_Insecta_Hymenoptera_Formicidae_Camponotus_novaeboracensis/205df368-86eb-46e6-b675-608c8d2d8ec7.jpg,38,42,0,42,38,37,34,39,0.051727294921875,0.039794921875,0.039703369140625,0.0265960693359375,0.01763916015625,1,2,New York Carpenter Ant,Western Paper Wasp,New York Carpenter Ant,Florida Carpenter Ant,Southern Carpenter Bee,Pure Green Sweat Bee
val/00747_Animalia_Arthropoda_Insecta_Hymenoptera_Formicidae_Camponotus_novaeboracensis/284019b3-833e-4f32-ab2c-61cd85d36827.jpg,38,37,0,37,38,134,3,249,0.2464599609375,0.03253173828125,0.026214599609375,0.020751953125,0.0207366943359375,1,2,New York Carpenter Ant,Florida Carpenter Ant,New York Carpenter Ant,Blackspot Goatfish,Johnson's Jumping Spider,Beadlet anemone
val/00774_Animalia_Arthropoda_Insecta_Hymenoptera_Halictidae_Augochlora_pura/213ed3d8-f014-44c0-ae31-b3d4e0de49ba.jpg,39,40,0,40,39,34,384,15,0.1602783203125,0.100341796875,0.031341552734375,0.0169830322265625,0.01392364501953125,1,2,Pure Green Sweat Bee,Metallic Epauletted-Sweat Bee,Pure Green Sweat Bee,Southern Carpenter Bee,Red Heath,Oedemera femorata
val/00774_Animalia_Arthropoda_Insecta_Hymenoptera_Halictidae_Augochlora_pura/f2cd6b15-6415-436a-a01f-f2322a111718.jpg,39,31,0,31,40,99,39,30,0.13134765625,0.0305633544921875,0.02288818359375,0.0211334228515625,0.017364501953125,1,4,Pure Green Sweat Bee,Southern Green Stink Bug,Metallic Epauletted-Sweat Bee,Fatal Metalmark,Pure Green Sweat Bee,Brown Marmorated Stink Bug
val/00774_Animalia_Arthropoda_Insecta_Hymenoptera_Halictidae_Augochlora_pura/84a18711-0002-4641-a442-6d2d0a1e0977.jpg,39,8,0,8,39,28,32,40,0.09381103515625,0.08709716796875,0.08270263671875,0.06170654296875,0.052581787109375,1,2,Pure Green Sweat Bee,Goldenrod Soldier Beetle,Pure Green Sweat Bee,Alfalfa Plant Bug,Jagged Ambush Bug,Metallic Epauletted-Sweat Bee
val/00775_Animalia_Arthropoda_Insecta_Hymenoptera_Halictidae_Augochloropsis_metallica/918d36ae-5bfc-4733-96a2-aac2a4e0ef48.jpg,40,154,0,154,72,167,40,114,0.06787109375,0.056793212890625,0.040496826171875,0.03436279296875,0.031951904296875,1,4,Metallic Epauletted-Sweat Bee,Green-crowned Brilliant,Green Oak-Slug Moth,Common Peafowl,Metallic Epauletted-Sweat Bee,Chrysopa oculata
val/00775_Animalia_Arthropoda_Insecta_Hymenoptera_Halictidae_Augochloropsis_metallica/b9a865f9-1b2b-4a1a-9a64-5326a51df7ac.jpg,40,39,0,39,120,40,87,18,0.1419677734375,0.0200653076171875,0.01885986328125,0.01464080810546875,0.01381683349609375,1,3,Metallic Epauletted-Sweat Bee,Pure Green Sweat Bee,Dragonhunter,Metallic Epauletted-Sweat Bee,Silver Emperor,Blue Blowfly
val/00775_Animalia_Arthropoda_Insecta_Hymenoptera_Halictidae_Augochloropsis_metallica/7e0de4dc-2bb1-48fd-af62-d294a7bc5d7f.jpg,40,39,0,39,28,15,8,40,0.26708984375,0.10540771484375,0.068359375,0.059844970703125,0.03851318359375,1,5,Metallic Epauletted-Sweat Bee,Pure Green Sweat Bee,Alfalfa Plant Bug,Oedemera femorata,Goldenrod Soldier Beetle,Metallic Epauletted-Sweat Bee
val/00799_Animalia_Arthropoda_Insecta_Hymenoptera_Sphecidae_Ammophila_procera/6f5b01b4-3a16-4c28-8750-86a8379f67d3.jpg,41,25,0,25,120,35,41,19,0.2666015625,0.0489501953125,0.0445556640625,0.043731689453125,0.0266265869140625,1,4,Common Thread-waisted Wasp,Florida Leaf-footed Bug,Dragonhunter,Elm Sawfly,Common Thread-waisted Wasp,Garden soldier fly
val/00799_Animalia_Arthropoda_Insecta_Hymenoptera_Sphecidae_Ammophila_procera/66ad1279-e90d-44b3-805e-68d76c1775b3.jpg,41,42,0,42,41,118,117,120,0.173828125,0.1585693359375,0.0675048828125,0.034637451171875,0.033538818359375,1,2,Common Thread-waisted Wasp,Western Paper Wasp,Common Thread-waisted Wasp,Skimming Bluet,Common Blue Damselfly,Dragonhunter
val/00799_Animalia_Arthropoda_Insecta_Hymenoptera_Sphecidae_Ammophila_procera/70909a6b-457e-4390-8e75-f6fa2956d95e.jpg,41,3,0,3,41,120,127,118,0.049285888671875,0.04266357421875,0.039581298828125,0.030609130859375,0.02197265625,1,2,Common Thread-waisted Wasp,Johnson's Jumping Spider,Common Thread-waisted Wasp,Dragonhunter,New Zealand Half Crab,Skimming Bluet
val/00799_Animalia_Arthropoda_Insecta_Hymenoptera_Sphecidae_Ammophila_procera/9538fc36-f1b8-4b5e-a4e9-ecce2a5b41d1.jpg,41,322,0,322,41,21,440,331,0.06048583984375,0.037078857421875,0.0269012451171875,0.020599365234375,0.0191497802734375,1,2,Common Thread-waisted Wasp,Texas Thistle,Common Thread-waisted Wasp,Yellow-shouldered Drone Fly,Grey Willow,Snow Squarestem
val/00819_Animalia_Arthropoda_Insecta_Hymenoptera_Vespidae_Mischocyttarus_flavitarsis/c2f15408-d1b9-4474-a010-e1bd344e9e44.jpg,42,1,0,1,42,37,2,38,0.1680908203125,0.117431640625,0.040557861328125,0.026580810546875,0.01375579833984375,1,2,Western Paper Wasp,Golden Silk Spider,Western Paper Wasp,Florida Carpenter Ant,Six-spotted Fishing Spider,New York Carpenter Ant
val/00819_Animalia_Arthropoda_Insecta_Hymenoptera_Vespidae_Mischocyttarus_flavitarsis/853ebabb-fadb-40df-bc74-0a90076279d7.jpg,42,27,0,27,30,123,26,42,0.10150146484375,0.038177490234375,0.037384033203125,0.0345458984375,0.0240936279296875,1,5,Western Paper Wasp,Western Conifer Seed Bug,Brown Marmorated Stink Bug,Marsh meadow grasshopper,Western Leaf-footed Bug,Western Paper Wasp
val/00858_Animalia_Arthropoda_Insecta_Lepidoptera_Crambidae_Achyra_rantalis/4c0b3462-01be-43a4-b596-e4cc36bba57a.jpg,43,83,0,83,43,101,269,110,0.03302001953125,0.0247650146484375,0.018951416015625,0.0172576904296875,0.01654052734375,1,2,Garden Webworm Moth,Half-yellow Moth,Garden Webworm Moth,Orange-tipped Oakworm Moth,Peppery Bolete,Filbertworm Moth
val/00858_Animalia_Arthropoda_Insecta_Lepidoptera_Crambidae_Achyra_rantalis/da16eb56-6093-41e9-afc2-858e8a8b0db4.jpg,43,65,0,65,43,99,59,52,0.154541015625,0.0865478515625,0.042388916015625,0.021514892578125,0.0166168212890625,1,2,Garden Webworm Moth,Juvenal's Duskywing,Garden Webworm Moth,Fatal Metalmark,Black-dotted Ruddy Moth,Dimorphic Bomolocha Moth
val/00859_Animalia_Arthropoda_Insecta_Lepidoptera_Crambidae_Agriphila_straminella/5345cb02-18e6-4bf5-9310-141c4819fbf4.jpg,44,48,0,48,35,114,44,129,0.14892578125,0.057464599609375,0.052734375,0.047271728515625,0.034210205078125,1,4,Pearl Veneer,Snowy Urola Moth,Elm Sawfly,Chrysopa oculata,Pearl Veneer,Blacknose Dace
val/00937_Animalia_Arthropoda_Insecta_Lepidoptera_Crambidae_Pyrausta_volupialis/57db5221-f59e-46d2-9124-d1ba41f05bf8.jpg,47,63,0,63,70,47,194,305,0.1505126953125,0.042999267578125,0.032867431640625,0.0204925537109375,0.0166168212890625,1,3,Volupial Pyrausta Moth,Least Skipper,European Skipper,Volupial Pyrausta Moth,Henslow's Sparrow,common three-square
val/00937_Animalia_Arthropoda_Insecta_Lepidoptera_Crambidae_Pyrausta_volupialis/d51b68db-eb1f-4045-80dd-432a649f9cbe.jpg,47,57,0,57,47,62,56,112,0.1451416015625,0.086669921875,0.026611328125,0.0241546630859375,0.0236663818359375,1,2,Volupial Pyrausta Moth,Feathered Thorn,Volupial Pyrausta Moth,Yellow Slant-line,Blackberry Looper,Omnivorous Platynota Moth
val/00987_Animalia_Arthropoda_Insecta_Lepidoptera_Erebidae_Bulia_deducta/7621654c-940c-43a3-9be6-f6cdf105435e.jpg,49,109,0,109,82,49,32,111,0.171630859375,0.153564453125,0.12335205078125,0.0723876953125,0.0355224609375,1,3,Deduced Graphic,Red-banded Leafroller,Black-dotted Maliattha,Deduced Graphic,Jagged Ambush Bug,Bidens Borer Moth
val/00987_Animalia_Arthropoda_Insecta_Lepidoptera_Erebidae_Bulia_deducta/34686d14-3319-4bd8-ac62-df094f351f01.jpg,49,85,0,85,54,49,51,95,0.0892333984375,0.051513671875,0.02825927734375,0.0158233642578125,0.01300048828125,1,3,Deduced Graphic,Angulose Prominent Moth,Pantydia sparsa,Deduced Graphic,Ilia Underwing,Barred Yellow
val/00997_Animalia_Arthropoda_Insecta_Lepidoptera_Erebidae_Catocala_grynea/d21b024b-a518-44cd-91f2-b29e60f5cc28.jpg,50,54,0,54,49,105,50,87,0.061920166015625,0.04840087890625,0.03619384765625,0.031982421875,0.0180816650390625,1,4,Woody Underwing,Pantydia sparsa,Deduced Graphic,Pawpaw Sphinx Moth,Woody Underwing,Silver Emperor
val/00998_Animalia_Arthropoda_Insecta_Lepidoptera_Erebidae_Catocala_ilia/ea6b6fc0-bf68-4f82-b60e-6637c28f7361.jpg,51,92,0,92,105,55,51,171,0.0709228515625,0.056976318359375,0.032867431640625,0.0311431884765625,0.0303955078125,1,4,Ilia Underwing,Blomfild's Beauty,Pawpaw Sphinx Moth,Latticed Heath,Ilia Underwing,Brown Creeper
val/00998_Animalia_Arthropoda_Insecta_Lepidoptera_Erebidae_Catocala_ilia/750145f8-81bf-465f-a39e-85c10b77fe51.jpg,51,85,0,85,51,102,37,50,0.11395263671875,0.095947265625,0.055633544921875,0.0340576171875,0.03204345703125,1,2,Ilia Underwing,Angulose Prominent Moth,Ilia Underwing,Buck Moth,Florida Carpenter Ant,Woody Underwing
val/01047_Animalia_Arthropoda_Insecta_Lepidoptera_Erebidae_Hypena_bijugalis/54a1b518-a7c8-446d-909b-2d2c4ff2fbf7.jpg,52,53,0,53,51,52,46,105,0.201416015625,0.0792236328125,0.0732421875,0.046844482421875,0.027557373046875,1,3,Dimorphic Bomolocha Moth,Royal Poinciana Moth,Ilia Underwing,Dimorphic Bomolocha Moth,Titian Peale's Crambid,Pawpaw Sphinx Moth
val/01047_Animalia_Arthropoda_Insecta_Lepidoptera_Erebidae_Hypena_bijugalis/c9cb0b7c-0669-4d70-8d41-1bb7e2affbd2.jpg,52,53,0,53,52,46,85,105,0.139404296875,0.055938720703125,0.02435302734375,0.0229644775390625,0.02178955078125,1,2,Dimorphic Bomolocha Moth,Royal Poinciana Moth,Dimorphic Bomolocha Moth,Titian Peale's Crambid,Angulose Prominent Moth,Pawpaw Sphinx Moth
val/01076_Animalia_Arthropoda_Insecta_Lepidoptera_Erebidae_Melipotis_acontioides/814baeba-f284-4189-928b-e304d944ae23.jpg,53,228,0,228,37,53,496,2,0.08575439453125,0.08477783203125,0.037689208984375,0.0141143798828125,0.0138397216796875,1,3,Royal Poinciana Moth,Sunda Flying Lemur,Florida Carpenter Ant,Royal Poinciana Moth,brittle bladderfern,Six-spotted Fishing Spider
val/01076_Animalia_Arthropoda_Insecta_Lepidoptera_Erebidae_Melipotis_acontioides/c9449831-6375-4c86-a76e-a6ff069099f1.jpg,53,43,0,43,53,71,45,50,0.08544921875,0.05181884765625,0.02996826171875,0.0218505859375,0.0173797607421875,1,2,Royal Poinciana Moth,Garden Webworm Moth,Royal Poinciana Moth,Dorantes Longtail,Hydrilla Leafcutter Moth,Woody Underwing
val/01076_Animalia_Arthropoda_Insecta_Lepidoptera_Erebidae_Melipotis_acontioides/cdbe2534-2e56-4964-a5d6-843cc101f1e5.jpg,53,52,0,52,53,71,49,50,0.1854248046875,0.0567626953125,0.0298919677734375,0.02734375,0.0226593017578125,1,2,Royal Poinciana Moth,Dimorphic Bomolocha Moth,Royal Poinciana Moth,Dorantes Longtail,Deduced Graphic,Woody Underwing
val/01164_Animalia_Arthropoda_Insecta_Lepidoptera_Geometridae_Chiasmia_clathrata/68ff6e5f-588d-456b-8d67-0de58c007f38.jpg,55,64,0,64,55,105,71,255,0.27001953125,0.10784912109375,0.044708251953125,0.02618408203125,0.024688720703125,1,2,Latticed Heath,Desert Checkered-Skipper,Latticed Heath,Pawpaw Sphinx Moth,Dorantes Longtail,Hilton's Aeolid
val/01167_Animalia_Arthropoda_Insecta_Lepidoptera_Geometridae_Chlorochlamys_chloroleucaria/9713a4da-516d-44cd-bb6f-ce90f6cd02ac.jpg,56,58,0,58,56,45,59,156,0.339599609375,0.29638671875,0.0258331298828125,0.005580902099609375,0.004680633544921875,1,2,Blackberry Looper,Riband Wave,Blackberry Looper,Hydrilla Leafcutter Moth,Black-dotted Ruddy Moth,Wilson's Plover
val/01176_Animalia_Arthropoda_Insecta_Lepidoptera_Geometridae_Colotois_pennaria/23dc456f-2aeb-45af-8efb-7fcf5f31b4fb.jpg,57,62,0,62,57,47,54,43,0.1563720703125,0.1551513671875,0.044525146484375,0.0423583984375,0.0241546630859375,1,2,Feathered Thorn,Yellow Slant-line,Feathered Thorn,Volupial Pyrausta Moth,Pantydia sparsa,Garden Webworm Moth
val/01176_Animalia_Arthropoda_Insecta_Lepidoptera_Geometridae_Colotois_pennaria/ded29f7c-886b-44eb-bbed-e114166b6c55.jpg,57,62,0,62,57,43,47,61,0.12030029296875,0.115234375,0.098388671875,0.0927734375,0.0160675048828125,1,2,Feathered Thorn,Yellow Slant-line,Feathered Thorn,Garden Webworm Moth,Volupial Pyrausta Moth,White Slant-line
val/01242_Animalia_Arthropoda_Insecta_Lepidoptera_Geometridae_Ilexia_intractata/6e6969eb-22c6-435a-9c79-35e2b73dc70c.jpg,59,110,0,110,59,50,51,85,0.131591796875,0.1051025390625,0.0552978515625,0.0233612060546875,0.0167388916015625,1,2,Black-dotted Ruddy Moth,Filbertworm Moth,Black-dotted Ruddy Moth,Woody Underwing,Ilia Underwing,Angulose Prominent Moth
val/01297_Animalia_Arthropoda_Insecta_Lepidoptera_Geometridae_Probole_amicaria/de34d543-74a2-4020-a79e-dcb376a82bb2.jpg,60,109,0,109,60,52,253,82,0.1512451171875,0.09881591796875,0.020660400390625,0.01532745361328125,0.01458740234375,1,2,Alien Probole Moth,Red-banded Leafroller,Alien Probole Moth,Dimorphic Bomolocha Moth,California Cone,Black-dotted Maliattha
val/01314_Animalia_Arthropoda_Insecta_Lepidoptera_Geometridae_Tetracis_cachexiata/4f1f91bc-e7a1-48e3-ba47-1b7ae0dee90a.jpg,61,96,0,96,61,95,482,74,0.34130859375,0.264892578125,0.021759033203125,0.0204620361328125,0.01432037353515625,1,2,White Slant-line,Florida White,White Slant-line,Barred Yellow,Obscure Morning Glory,Forget-me-not
val/01314_Animalia_Arthropoda_Insecta_Lepidoptera_Geometridae_Tetracis_cachexiata/257ba46d-e18e-4b07-b181-245e511bbaf5.jpg,61,62,0,62,61,56,259,97,0.5107421875,0.207275390625,0.031097412109375,0.0078277587890625,0.005863189697265625,1,2,White Slant-line,Yellow Slant-line,White Slant-line,Blackberry Looper,Turkish Snail,Large White Butterfly
val/01335_Animalia_Arthropoda_Insecta_Lepidoptera_Hesperiidae_Ancyloxypha_numitor/4f45a486-fc49-4fe4-b17e-a56002f753cc.jpg,63,70,0,70,69,63,106,115,0.020477294921875,0.0195159912109375,0.016632080078125,0.01403045654296875,0.01094818115234375,1,3,Least Skipper,European Skipper,Long Dash Skipper,Least Skipper,Hippotion scrofa,Owly Sulphur
val/01335_Animalia_Arthropoda_Insecta_Lepidoptera_Hesperiidae_Ancyloxypha_numitor/fbc2f124-b5e6-4bd4-8017-553218c129f8.jpg,63,69,0,69,63,68,70,66,0.1392822265625,0.11236572265625,0.0265960693359375,0.025848388671875,0.0192413330078125,1,2,Least Skipper,Long Dash Skipper,Least Skipper,Umber Skipper,European Skipper,Chestnut Bob
val/01335_Animalia_Arthropoda_Insecta_Lepidoptera_Hesperiidae_Ancyloxypha_numitor/b02864dd-4b41-49df-a001-a62f34f4f147.jpg,63,70,0,70,63,190,191,11,0.67724609375,0.1766357421875,0.00811767578125,0.00789642333984375,0.00408935546875,1,2,Least Skipper,European Skipper,Least Skipper,Yellow-throated Warbler,American Redstart,False Potato Beetle
val/01335_Animalia_Arthropoda_Insecta_Lepidoptera_Hesperiidae_Ancyloxypha_numitor/2c8fadcc-a38d-4349-a04a-5ce405527725.jpg,63,88,0,88,70,63,95,83,0.11944580078125,0.0357666015625,0.0213470458984375,0.0160675048828125,0.0155792236328125,1,3,Least Skipper,Julia Butterfly,European Skipper,Least Skipper,Barred Yellow,Half-yellow Moth
val/01346_Animalia_Arthropoda_Insecta_Lepidoptera_Hesperiidae_Burnsius_philetas/3e5f8aae-a745-4048-8ba1-32991c5f1512.jpg,64,65,0,65,64,155,109,47,0.09613037109375,0.08721923828125,0.06329345703125,0.0238189697265625,0.021484375,1,2,Desert Checkered-Skipper,Juvenal's Duskywing,Desert Checkered-Skipper,Red-breasted Dotterel,Red-banded Leafroller,Volupial Pyrausta Moth
val/01362_Animalia_Arthropoda_Insecta_Lepidoptera_Hesperiidae_Erynnis_juvenalis/21f6b05a-7e34-4f81-a3d1-51186cf61f79.jpg,65,64,0,64,99,65,143,60,0.0802001953125,0.045989990234375,0.036529541015625,0.024871826171875,0.0238189697265625,1,3,Juvenal's Duskywing,Desert Checkered-Skipper,Fatal Metalmark,Juvenal's Duskywing,Northern Red-legged Frog,Alien Probole Moth
val/01362_Animalia_Arthropoda_Insecta_Lepidoptera_Hesperiidae_Erynnis_juvenalis/6b71a15f-09dc-4195-ac5b-6926334cce95.jpg,65,18,0,18,65,91,90,255,0.1243896484375,0.0849609375,0.07086181640625,0.042938232421875,0.041015625,1,2,Juvenal's Duskywing,Blue Blowfly,Juvenal's Duskywing,Mourning Cloak,Red-spotted Admiral,Hilton's Aeolid
val/01374_Animalia_Arthropoda_Insecta_Lepidoptera_Hesperiidae_Iambrix_salsala/31ceeed6-555f-4c3f-a1af-7724bc66cf23.jpg,66,69,0,69,66,68,86,70,0.1895751953125,0.06817626953125,0.035369873046875,0.025482177734375,0.0216064453125,1,2,Chestnut Bob,Long Dash Skipper,Chestnut Bob,Umber Skipper,Lesser Marbled Fritillary,European Skipper
val/01376_Animalia_Arthropoda_Insecta_Lepidoptera_Hesperiidae_Lerodea_eufala/8aec5a4a-64d8-4719-a02b-4c8aed820b72.jpg,67,79,0,79,71,67,32,100,0.2064208984375,0.06707763671875,0.043609619140625,0.028350830078125,0.019561767578125,1,3,Eufala Skipper,Coral Hairstreak,Dorantes Longtail,Eufala Skipper,Jagged Ambush Bug,Red-bordered Pixie
val/01376_Animalia_Arthropoda_Insecta_Lepidoptera_Hesperiidae_Lerodea_eufala/86e98113-a430-463e-9637-9688782cd6b4.jpg,67,68,0,68,69,67,28,122,0.292724609375,0.10040283203125,0.0828857421875,0.054901123046875,0.037078857421875,1,3,Eufala Skipper,Umber Skipper,Long Dash Skipper,Eufala Skipper,Alfalfa Plant Bug,Neurothemis taiwanensis
val/01378_Animalia_Arthropoda_Insecta_Lepidoptera_Hesperiidae_Lon_melane/088e7f04-a241-4f99-acc6-40ed4dd42d6e.jpg,68,34,0,34,68,294,32,67,0.2978515625,0.13720703125,0.08740234375,0.06231689453125,0.0261383056640625,1,2,Umber Skipper,Southern Carpenter Bee,Umber Skipper,Fly Orchid,Jagged Ambush Bug,Eufala Skipper
val/01393_Animalia_Arthropoda_Insecta_Lepidoptera_Hesperiidae_Polites_mystic/27e9c2f0-47e6-4bf8-88c1-9f1e513eee6b.jpg,69,63,0,63,69,66,67,70,0.353759765625,0.1610107421875,0.069091796875,0.0201416015625,0.0199127197265625,1,2,Long Dash Skipper,Least Skipper,Long Dash Skipper,Chestnut Bob,Eufala Skipper,European Skipper
val/01393_Animalia_Arthropoda_Insecta_Lepidoptera_Hesperiidae_Polites_mystic/1691db02-b487-4308-9748-534de328f18e.jpg,69,68,0,68,69,32,67,66,0.673828125,0.29443359375,0.00281524658203125,0.0018339157104492188,0.0010652542114257812,1,2,Long Dash Skipper,Umber Skipper,Long Dash Skipper,Jagged Ambush Bug,Eufala Skipper,Chestnut Bob
val/01393_Animalia_Arthropoda_Insecta_Lepidoptera_Hesperiidae_Polites_mystic/03012516-2267-4ef4-8d45-c17a7df98733.jpg,69,68,0,68,66,69,73,90,0.07275390625,0.0673828125,0.060638427734375,0.047637939453125,0.03826904296875,1,3,Long Dash Skipper,Umber Skipper,Chestnut Bob,Long Dash Skipper,Common Ciliate Blue,Red-spotted Admiral
val/01405_Animalia_Arthropoda_Insecta_Lepidoptera_Hesperiidae_Thymelicus_lineola/8aef78b4-e01c-4e37-8a87-3b6c22886038.jpg,70,63,0,63,69,70,88,67,0.310546875,0.1419677734375,0.07293701171875,0.033599853515625,0.0091094970703125,1,3,European Skipper,Least Skipper,Long Dash Skipper,European Skipper,Julia Butterfly,Eufala Skipper
val/01405_Animalia_Arthropoda_Insecta_Lepidoptera_Hesperiidae_Thymelicus_lineola/cf3f36c4-4cbf-4b42-a890-25b94c457fdd.jpg,70,63,0,63,70,69,88,22,0.10589599609375,0.033050537109375,0.0302276611328125,0.0240325927734375,0.021453857421875,1,2,European Skipper,Least Skipper,European Skipper,Long Dash Skipper,Julia Butterfly,Transverse-banded Flower Fly
val/01405_Animalia_Arthropoda_Insecta_Lepidoptera_Hesperiidae_Thymelicus_lineola/8121320b-4e25-4ac2-970a-ad46b145cb88.jpg,70,63,0,63,69,70,88,194,0.1700439453125,0.08941650390625,0.0164947509765625,0.0098419189453125,0.00936126708984375,1,3,European Skipper,Least Skipper,Long Dash Skipper,European Skipper,Julia Butterfly,Henslow's Sparrow
val/01430_Animalia_Arthropoda_Insecta_Lepidoptera_Limacodidae_Euclea_incisa/10f90bab-9af4-405d-95b9-ae5410961005.jpg,72,112,0,112,83,222,4,72,0.039154052734375,0.01806640625,0.0178375244140625,0.0165863037109375,0.01555633544921875,1,5,Green Oak-Slug Moth,Omnivorous Platynota Moth,Half-yellow Moth,White-tailed Deer,Paravaejovis puritanus,Green Oak-Slug Moth
val/01430_Animalia_Arthropoda_Insecta_Lepidoptera_Limacodidae_Euclea_incisa/3f031e76-a21b-407a-b738-1b5adc145e51.jpg,72,448,0,448,83,461,7,72,0.036865234375,0.033477783203125,0.01458740234375,0.01213836669921875,0.012054443359375,1,5,Green Oak-Slug Moth,Coastal Banksia,Half-yellow Moth,Loquat,Emerald Ash Borer,Green Oak-Slug Moth
val/01455_Animalia_Arthropoda_Insecta_Lepidoptera_Lycaenidae_Catochrysops_strabo/3123cbb5-ba4b-4282-8cc9-9dfd28f04acb.jpg,74,75,0,75,74,92,79,76,0.29296875,0.094970703125,0.0235137939453125,0.020111083984375,0.0196075439453125,1,2,Forget-me-not,Spring Azure,Forget-me-not,Blomfild's Beauty,Coral Hairstreak,Mazarine Blue
val/01469_Animalia_Arthropoda_Insecta_Lepidoptera_Lycaenidae_Cyaniris_semiargus/063f9105-c16c-4c3a-94bf-5f6b95a84947.jpg,76,77,0,77,76,73,90,18,0.036712646484375,0.026947021484375,0.0188751220703125,0.01428985595703125,0.01409149169921875,1,2,Mazarine Blue,Boisduval's Blue,Mazarine Blue,Common Ciliate Blue,Red-spotted Admiral,Blue Blowfly
val/01469_Animalia_Arthropoda_Insecta_Lepidoptera_Lycaenidae_Cyaniris_semiargus/3948f575-0f67-4c76-a28e-25c9dc344a44.jpg,76,121,0,121,77,118,76,56,0.04150390625,0.0311279296875,0.0260772705078125,0.0257720947265625,0.0242156982421875,1,4,Mazarine Blue,Small Spreadwing,Boisduval's Blue,Skimming Bluet,Mazarine Blue,Blackberry Looper
val/01485_Animalia_Arthropoda_Insecta_Lepidoptera_Lycaenidae_Icaricia_icarioides/618648e3-2e4d-4078-ae97-4ead69ebb532.jpg,77,76,0,76,79,74,77,67,0.3447265625,0.05072021484375,0.039154052734375,0.008636474609375,0.006855010986328125,1,4,Boisduval's Blue,Mazarine Blue,Coral Hairstreak,Forget-me-not,Boisduval's Blue,Eufala Skipper
val/01485_Animalia_Arthropoda_Insecta_Lepidoptera_Lycaenidae_Icaricia_icarioides/68da8e9d-10fb-4d22-b02f-56e8cb34f759.jpg,77,67,0,67,78,77,200,79,0.1094970703125,0.0323486328125,0.01611328125,0.01453399658203125,0.01335906982421875,1,3,Boisduval's Blue,Eufala Skipper,Marine Blue,Boisduval's Blue,Wrentit,Coral Hairstreak
val/01485_Animalia_Arthropoda_Insecta_Lepidoptera_Lycaenidae_Icaricia_icarioides/d9525058-9b2c-4905-a2d8-2473570f9caa.jpg,77,74,0,74,77,75,76,79,0.365478515625,0.10614013671875,0.043426513671875,0.0194091796875,0.016815185546875,1,2,Boisduval's Blue,Forget-me-not,Boisduval's Blue,Spring Azure,Mazarine Blue,Coral Hairstreak
val/01485_Animalia_Arthropoda_Insecta_Lepidoptera_Lycaenidae_Icaricia_icarioides/31c99e09-514e-4440-b0d8-3cb92e9296cd.jpg,77,64,0,64,77,76,75,74,0.261474609375,0.07989501953125,0.045501708984375,0.0367431640625,0.03173828125,1,2,Boisduval's Blue,Desert Checkered-Skipper,Boisduval's Blue,Mazarine Blue,Spring Azure,Forget-me-not
val/01485_Animalia_Arthropoda_Insecta_Lepidoptera_Lycaenidae_Icaricia_icarioides/d501bd7e-7892-46db-a7a6-6c831f538903.jpg,77,74,0,74,77,76,78,75,0.413818359375,0.1766357421875,0.13916015625,0.0173492431640625,0.01088714599609375,1,2,Boisduval's Blue,Forget-me-not,Boisduval's Blue,Mazarine Blue,Marine Blue,Spring Azure
val/01485_Animalia_Arthropoda_Insecta_Lepidoptera_Lycaenidae_Icaricia_icarioides/353fd226-1c04-4432-8e63-97eb63380054.jpg,77,75,0,75,76,77,74,43,0.1636962890625,0.10986328125,0.05474853515625,0.05029296875,0.0126800537109375,1,3,Boisduval's Blue,Spring Azure,Mazarine Blue,Boisduval's Blue,Forget-me-not,Garden Webworm Moth
val/01493_Animalia_Arthropoda_Insecta_Lepidoptera_Lycaenidae_Leptotes_marina/2e948452-3f9f-46aa-ab1d-bbe7aa0e362c.jpg,78,92,0,92,73,43,75,78,0.1400146484375,0.080810546875,0.0670166015625,0.0248565673828125,0.0222930908203125,1,5,Marine Blue,Blomfild's Beauty,Common Ciliate Blue,Garden Webworm Moth,Spring Azure,Marine Blue
val/01493_Animalia_Arthropoda_Insecta_Lepidoptera_Lycaenidae_Leptotes_marina/9d984ef1-6335-4b8d-97c0-f2379bf8b72a.jpg,78,73,0,73,77,78,65,76,0.050506591796875,0.03253173828125,0.0296173095703125,0.0274658203125,0.0254364013671875,1,3,Marine Blue,Common Ciliate Blue,Boisduval's Blue,Marine Blue,Juvenal's Duskywing,Mazarine Blue
val/01583_Animalia_Arthropoda_Insecta_Lepidoptera_Noctuidae_Autographa_californica/e979edc7-4585-4244-a783-954f8a79bfdc.jpg,80,71,0,71,105,49,80,54,0.09185791015625,0.05615234375,0.037841796875,0.03533935546875,0.03326416015625,1,4,Alfalfa Looper,Dorantes Longtail,Pawpaw Sphinx Moth,Deduced Graphic,Alfalfa Looper,Pantydia sparsa
val/01583_Animalia_Arthropoda_Insecta_Lepidoptera_Noctuidae_Autographa_californica/3f0924fd-1a92-45f3-bbd8-88a662286c83.jpg,80,49,0,49,80,105,81,51,0.05084228515625,0.0374755859375,0.023712158203125,0.0177764892578125,0.0145263671875,1,2,Alfalfa Looper,Deduced Graphic,Alfalfa Looper,Pawpaw Sphinx Moth,Small Mossy Lithacodia,Ilia Underwing
val/01583_Animalia_Arthropoda_Insecta_Lepidoptera_Noctuidae_Autographa_californica/fcd4fff8-166d-4464-be1a-aa3758c1102c.jpg,80,85,0,85,80,81,215,227,0.1768798828125,0.02655029296875,0.0222015380859375,0.01422882080078125,0.0108795166015625,1,2,Alfalfa Looper,Angulose Prominent Moth,Alfalfa Looper,Small Mossy Lithacodia,Eastern Screech-Owl,New Zealand Sea Lion
val/01583_Animalia_Arthropoda_Insecta_Lepidoptera_Noctuidae_Autographa_californica/6d2a4d02-2a95-44fa-af12-52242633871a.jpg,80,108,0,108,80,68,71,46,0.03729248046875,0.033599853515625,0.025787353515625,0.02313232421875,0.0194091796875,1,2,Alfalfa Looper,Pine Hawk-Moth,Alfalfa Looper,Umber Skipper,Dorantes Longtail,Titian Peale's Crambid
val/01653_Animalia_Arthropoda_Insecta_Lepidoptera_Noctuidae_Maliattha_synochitis/d100012c-5610-4cfb-b9d5-66b610d9a1db.jpg,82,48,0,48,81,31,82,111,0.0330810546875,0.03143310546875,0.024139404296875,0.0222015380859375,0.016265869140625,1,4,Black-dotted Maliattha,Snowy Urola Moth,Small Mossy Lithacodia,Southern Green Stink Bug,Black-dotted Maliattha,Bidens Borer Moth
val/01653_Animalia_Arthropoda_Insecta_Lepidoptera_Noctuidae_Maliattha_synochitis/79c78f9d-9a1b-4932-ba68-a6007a393a39.jpg,82,80,0,80,82,3,49,52,0.0992431640625,0.0526123046875,0.031463623046875,0.026397705078125,0.0173492431640625,1,2,Black-dotted Maliattha,Alfalfa Looper,Black-dotted Maliattha,Johnson's Jumping Spider,Deduced Graphic,Dimorphic Bomolocha Moth
val/01653_Animalia_Arthropoda_Insecta_Lepidoptera_Noctuidae_Maliattha_synochitis/7b995b37-ad56-41a6-9d2a-7bcf194df92e.jpg,82,274,0,274,252,82,49,60,0.061614990234375,0.042694091796875,0.030548095703125,0.0287628173828125,0.0189056396484375,1,3,Black-dotted Maliattha,ceramic parchment,Common Whelk,Black-dotted Maliattha,Deduced Graphic,Alien Probole Moth
val/01748_Animalia_Arthropoda_Insecta_Lepidoptera_Notodontidae_Peridea_angulosa/d8c605fb-2104-4513-9b7d-c3460a50212e.jpg,85,46,0,46,53,85,51,59,0.042236328125,0.0394287109375,0.031341552734375,0.026275634765625,0.01287841796875,1,3,Angulose Prominent Moth,Titian Peale's Crambid,Royal Poinciana Moth,Angulose Prominent Moth,Ilia Underwing,Black-dotted Ruddy Moth
val/01838_Animalia_Arthropoda_Insecta_Lepidoptera_Nymphalidae_Doxocopa_laure/af7b2960-a61f-4c4f-b73f-b46d48fe18d2.jpg,87,190,0,190,87,20,192,100,0.0521240234375,0.043212890625,0.035888671875,0.035430908203125,0.03411865234375,1,2,Silver Emperor,Yellow-throated Warbler,Silver Emperor,Mexican Cactus Fly,Golden-winged Warbler,Red-bordered Pixie
val/01838_Animalia_Arthropoda_Insecta_Lepidoptera_Nymphalidae_Doxocopa_laure/51cde9d5-3b09-434a-a6b9-61a1a15394d5.jpg,87,159,0,159,174,87,168,247,0.0179290771484375,0.0165557861328125,0.01444244384765625,0.0122222900390625,0.0117340087890625,1,3,Silver Emperor,American Oystercatcher,Alpine Chough,Silver Emperor,Black Crake,Western Rattlesnake
val/01840_Animalia_Arthropoda_Insecta_Lepidoptera_Nymphalidae_Dryas_iulia/7edad141-83bb-4186-9e5c-468a959cfc1a.jpg,88,59,0,59,88,46,101,61,0.0450439453125,0.04443359375,0.015380859375,0.013214111328125,0.00926971435546875,1,2,Julia Butterfly,Black-dotted Ruddy Moth,Julia Butterfly,Titian Peale's Crambid,Orange-tipped Oakworm Moth,White Slant-line
val/01854_Animalia_Arthropoda_Insecta_Lepidoptera_Nymphalidae_Euphydryas_phaeton/c31f1d96-25f1-45e9-8ed6-116b10c9c57b.jpg,89,384,0,384,102,89,91,93,0.051788330078125,0.04498291015625,0.0225830078125,0.022216796875,0.0201873779296875,1,3,Baltimore Checkerspot,Red Heath,Buck Moth,Baltimore Checkerspot,Mourning Cloak,Dainty Swallowtail
val/01908_Animalia_Arthropoda_Insecta_Lepidoptera_Nymphalidae_Limenitis_arthemis/77581dee-3e90-40dc-ad0a-7ca1e0902421.jpg,90,331,0,331,71,113,12,90,0.092529296875,0.06646728515625,0.039459228515625,0.0298614501953125,0.0213623046875,1,5,Red-spotted Admiral,Snow Squarestem,Dorantes Longtail,Australian Green Mantis,Hadda Beetle,Red-spotted Admiral
val/01908_Animalia_Arthropoda_Insecta_Lepidoptera_Nymphalidae_Limenitis_arthemis/d55b05e1-da19-4bc9-9dc1-649330c0cb56.jpg,90,14,0,14,127,90,38,145,0.273193359375,0.030487060546875,0.0224609375,0.0220489501953125,0.01141357421875,1,3,Red-spotted Admiral,Woodland Dor Beetle,New Zealand Half Crab,Red-spotted Admiral,New York Carpenter Ant,Italian Crested Newt
val/01938_Animalia_Arthropoda_Insecta_Lepidoptera_Nymphalidae_Nymphalis_antiopa/e5d76bf6-4b9f-4f83-ac3a-08977c3d2875.jpg,91,90,0,90,91,65,73,74,0.2213134765625,0.19873046875,0.1053466796875,0.03741455078125,0.0281829833984375,1,2,Mourning Cloak,Red-spotted Admiral,Mourning Cloak,Juvenal's Duskywing,Common Ciliate Blue,Forget-me-not
val/01938_Animalia_Arthropoda_Insecta_Lepidoptera_Nymphalidae_Nymphalis_antiopa/4acff1b8-02ef-41a8-879b-30d7323ae7cb.jpg,91,249,0,249,91,90,18,3,0.084716796875,0.07818603515625,0.03826904296875,0.01425933837890625,0.01132965087890625,1,2,Mourning Cloak,Beadlet anemone,Mourning Cloak,Red-spotted Admiral,Blue Blowfly,Johnson's Jumping Spider
val/02009_Animalia_Arthropoda_Insecta_Lepidoptera_Papilionidae_Papilio_anactus/95fdb590-a8be-487e-ad54-2907464142e3.jpg,93,91,0,91,90,89,93,34,0.0458984375,0.0194244384765625,0.0193939208984375,0.01346588134765625,0.0110931396484375,1,4,Dainty Swallowtail,Mourning Cloak,Red-spotted Admiral,Baltimore Checkerspot,Dainty Swallowtail,Southern Carpenter Bee
val/02009_Animalia_Arthropoda_Insecta_Lepidoptera_Papilionidae_Papilio_anactus/3e68f088-511b-4088-8e29-51af328fafab.jpg,93,89,0,89,93,102,101,55,0.3740234375,0.10247802734375,0.0217132568359375,0.0123748779296875,0.01132965087890625,1,2,Dainty Swallowtail,Baltimore Checkerspot,Dainty Swallowtail,Buck Moth,Orange-tipped Oakworm Moth,Latticed Heath
val/02009_Animalia_Arthropoda_Insecta_Lepidoptera_Papilionidae_Papilio_anactus/ff44fccd-73c3-438b-ab10-a0d70075f84e.jpg,93,34,0,34,93,360,70,20,0.04229736328125,0.0255889892578125,0.0210113525390625,0.0149688720703125,0.013580322265625,1,2,Dainty Swallowtail,Southern Carpenter Bee,Dainty Swallowtail,ragged-Robin,European Skipper,Mexican Cactus Fly
val/02009_Animalia_Arthropoda_Insecta_Lepidoptera_Papilionidae_Papilio_anactus/102cde7c-5480-4e5e-9423-5a2ad1a64948.jpg,93,89,0,89,93,243,55,9,0.52978515625,0.0275726318359375,0.013702392578125,0.01325225830078125,0.005840301513671875,1,2,Dainty Swallowtail,Baltimore Checkerspot,Dainty Swallowtail,Texas Coralsnake,Latticed Heath,Spotted Longhorn
val/02034_Animalia_Arthropoda_Insecta_Lepidoptera_Papilionidae_Papilio_thoas/e268f2d7-4a87-419c-a453-40bf363b35d0.jpg,94,69,0,69,94,90,89,68,0.10125732421875,0.08599853515625,0.07269287109375,0.0301971435546875,0.0197601318359375,1,2,Thoas Swallowtail,Long Dash Skipper,Thoas Swallowtail,Red-spotted Admiral,Baltimore Checkerspot,Umber Skipper
val/02073_Animalia_Arthropoda_Insecta_Lepidoptera_Pieridae_Eurema_daira/e9e66870-ec03-4e55-a386-55c12ca2cb40.jpg,95,190,0,190,95,191,70,482,0.033294677734375,0.0274810791015625,0.0272979736328125,0.0196990966796875,0.01483917236328125,1,2,Barred Yellow,Yellow-throated Warbler,Barred Yellow,American Redstart,European Skipper,Obscure Morning Glory
val/02077_Animalia_Arthropoda_Insecta_Lepidoptera_Pieridae_Glutophrissa_drusilla/241f75ec-3d94-41db-a5f4-46eb67b405e5.jpg,96,315,0,315,96,95,33,425,0.0574951171875,0.045013427734375,0.0421142578125,0.040924072265625,0.03936767578125,1,2,Florida White,dwarf ginseng,Florida White,Barred Yellow,Ashy Mining Bee,American brooklime
val/02092_Animalia_Arthropoda_Insecta_Lepidoptera_Pieridae_Pieris_brassicae/b69bb10a-c378-4020-b2f1-55a10838f7df.jpg,97,95,0,95,97,63,88,96,0.39013671875,0.08489990234375,0.0728759765625,0.0209197998046875,0.0196533203125,1,2,Large White Butterfly,Barred Yellow,Large White Butterfly,Least Skipper,Julia Butterfly,Florida White
val/02092_Animalia_Arthropoda_Insecta_Lepidoptera_Pieridae_Pieris_brassicae/25ba3d4a-7c6c-4b5e-bc7f-6a2e9a6214d2.jpg,97,96,0,96,48,97,44,53,0.1112060546875,0.09771728515625,0.049835205078125,0.03936767578125,0.029205322265625,1,3,Large White Butterfly,Florida White,Snowy Urola Moth,Large White Butterfly,Pearl Veneer,Royal Poinciana Moth
val/02129_Animalia_Arthropoda_Insecta_Lepidoptera_Pyralidae_Moodna_ostrinella/3c539566-e870-4956-9e9b-5a3fed7a12b3.jpg,98,81,0,81,98,48,111,109,0.136962890625,0.106689453125,0.0304718017578125,0.025482177734375,0.0219879150390625,1,2,Darker Moodna Moth,Small Mossy Lithacodia,Darker Moodna Moth,Snowy Urola Moth,Bidens Borer Moth,Red-banded Leafroller
val/02129_Animalia_Arthropoda_Insecta_Lepidoptera_Pyralidae_Moodna_ostrinella/781d03f2-afa3-43a9-a70e-d1fcb0123496.jpg,98,45,0,45,82,98,107,126,0.03009033203125,0.0175933837890625,0.016510009765625,0.01512908935546875,0.0135040283203125,1,3,Darker Moodna Moth,Hydrilla Leafcutter Moth,Black-dotted Maliattha,Darker Moodna Moth,Blinded Sphinx Moth,Virile Crayfish
val/02129_Animalia_Arthropoda_Insecta_Lepidoptera_Pyralidae_Moodna_ostrinella/b6c18135-f30a-4e37-b84b-1e4aa678550b.jpg,98,17,0,17,98,46,82,53,0.29248046875,0.0775146484375,0.0299072265625,0.017669677734375,0.017486572265625,1,2,Darker Moodna Moth,Oriental Beetle,Darker Moodna Moth,Titian Peale's Crambid,Black-dotted Maliattha,Royal Poinciana Moth
val/02129_Animalia_Arthropoda_Insecta_Lepidoptera_Pyralidae_Moodna_ostrinella/ab6476e0-fb6c-4960-8d43-b5d9020ec240.jpg,98,111,0,111,112,98,71,47,0.09625244140625,0.04669189453125,0.038818359375,0.035858154296875,0.027099609375,1,3,Darker Moodna Moth,Bidens Borer Moth,Omnivorous Platynota Moth,Darker Moodna Moth,Dorantes Longtail,Volupial Pyrausta Moth
val/02139_Animalia_Arthropoda_Insecta_Lepidoptera_Riodinidae_Calephelis_nemesis/0843fd65-46b9-4b2c-b8bf-7d0e1dc5919f.jpg,99,68,0,68,243,248,99,340,0.042877197265625,0.03814697265625,0.0298004150390625,0.0218963623046875,0.0188140869140625,1,4,Fatal Metalmark,Umber Skipper,Texas Coralsnake,Massasauga,Fatal Metalmark,common dandelion
val/02149_Animalia_Arthropoda_Insecta_Lepidoptera_Saturniidae_Anisota_senatoria/62a07c37-9d03-4e0b-9d29-ceecdb5b16a2.jpg,101,144,0,144,108,129,101,128,0.343505859375,0.1763916015625,0.08990478515625,0.0723876953125,0.035919189453125,1,4,Orange-tipped Oakworm Moth,Green Salamander,Pine Hawk-Moth,Blacknose Dace,Orange-tipped Oakworm Moth,Bluntnose Minnow
val/02161_Animalia_Arthropoda_Insecta_Lepidoptera_Saturniidae_Hemileuca_maia/a4df3a3a-fbe1-41fd-af87-67e06566e54b.jpg,102,257,0,257,102,6,108,254,0.047149658203125,0.0195159912109375,0.01776123046875,0.01308441162109375,0.0124664306640625,1,2,Buck Moth,Decollate Snail,Buck Moth,Giant Desert Centipede,Pine Hawk-Moth,Lettered Olive
val/02198_Animalia_Arthropoda_Insecta_Lepidoptera_Sphingidae_Hippotion_scrofa/d7a3d5c0-1a2a-4367-8c27-f721f2316b7c.jpg,106,242,0,242,106,238,301,175,0.0570068359375,0.05462646484375,0.046966552734375,0.0374755859375,0.035064697265625,1,2,Hippotion scrofa,Brown Basilisk,Hippotion scrofa,Common Bronze-back,snow trillium,Double-barred Finch
val/02211_Animalia_Arthropoda_Insecta_Lepidoptera_Sphingidae_Paonias_excaecata/27047faa-beb1-448a-bfbb-4c2df38f35c4.jpg,107,234,0,234,137,242,107,97,0.06365966796875,0.02789306640625,0.021636962890625,0.021514892578125,0.0175933837890625,1,4,Blinded Sphinx Moth,Common Caiman,Freshwater Drum,Brown Basilisk,Blinded Sphinx Moth,Large White Butterfly
val/02211_Animalia_Arthropoda_Insecta_Lepidoptera_Sphingidae_Paonias_excaecata/46948e5a-eb3a-4423-bf0e-adba07608fff.jpg,107,80,0,80,107,85,49,342,0.031707763671875,0.0245208740234375,0.0159912109375,0.01261138916015625,0.011383056640625,1,2,Blinded Sphinx Moth,Alfalfa Looper,Blinded Sphinx Moth,Angulose Prominent Moth,Deduced Graphic,California Harebell
val/02211_Animalia_Arthropoda_Insecta_Lepidoptera_Sphingidae_Paonias_excaecata/a2f097fa-81b7-47b0-9ea6-cedac0ec153b.jpg,107,32,0,32,28,251,107,49,0.12359619140625,0.047637939453125,0.0411376953125,0.037628173828125,0.033477783203125,1,4,Blinded Sphinx Moth,Jagged Ambush Bug,Alfalfa Plant Bug,Queen Conch,Blinded Sphinx Moth,Deduced Graphic
val/02211_Animalia_Arthropoda_Insecta_Lepidoptera_Sphingidae_Paonias_excaecata/3e322d7c-11b7-410d-8d47-60cc4a5a1222.jpg,107,80,0,80,49,231,107,52,0.217041015625,0.04998779296875,0.0249176025390625,0.0168609619140625,0.0164794921875,1,4,Blinded Sphinx Moth,Alfalfa Looper,Deduced Graphic,Bank Vole,Blinded Sphinx Moth,Dimorphic Bomolocha Moth
val/02211_Animalia_Arthropoda_Insecta_Lepidoptera_Sphingidae_Paonias_excaecata/e2455ae8-93e2-4673-8e87-de55cac593b6.jpg,107,44,0,44,60,107,242,68,0.0262908935546875,0.023681640625,0.021820068359375,0.020843505859375,0.0202789306640625,1,3,Blinded Sphinx Moth,Pearl Veneer,Alien Probole Moth,Blinded Sphinx Moth,Brown Basilisk,Umber Skipper
val/02211_Animalia_Arthropoda_Insecta_Lepidoptera_Sphingidae_Paonias_excaecata/1d75a65e-be20-4faa-b4cb-bd65f583e8f4.jpg,107,49,0,49,107,54,108,221,0.0941162109375,0.06939697265625,0.02557373046875,0.0226898193359375,0.018280029296875,1,2,Blinded Sphinx Moth,Deduced Graphic,Blinded Sphinx Moth,Pantydia sparsa,Pine Hawk-Moth,Eland
val/02222_Animalia_Arthropoda_Insecta_Lepidoptera_Sphingidae_Sphinx_pinastri/67253d51-0f20-42e4-bbe0-18a7454810ab.jpg,108,85,0,85,108,53,51,46,0.041259765625,0.03765869140625,0.0265655517578125,0.022064208984375,0.01904296875,1,2,Pine Hawk-Moth,Angulose Prominent Moth,Pine Hawk-Moth,Royal Poinciana Moth,Ilia Underwing,Titian Peale's Crambid
val/02222_Animalia_Arthropoda_Insecta_Lepidoptera_Sphingidae_Sphinx_pinastri/304552a1-7f76-428d-b62a-7b6cab0e50f2.jpg,108,178,0,178,106,439,108,248,0.0248260498046875,0.0242156982421875,0.0210723876953125,0.0182647705078125,0.015777587890625,1,4,Pine Hawk-Moth,Bank Swallow,Hippotion scrofa,bebb's willow,Pine Hawk-Moth,Massasauga
val/02235_Animalia_Arthropoda_Insecta_Lepidoptera_Tortricidae_Argyrotaenia_velutinana/433b273e-3be3-4ebe-ad39-f5bc2d131a7d.jpg,109,111,0,111,110,82,109,112,0.12371826171875,0.07489013671875,0.058837890625,0.046722412109375,0.0216827392578125,1,4,Red-banded Leafroller,Bidens Borer Moth,Filbertworm Moth,Black-dotted Maliattha,Red-banded Leafroller,Omnivorous Platynota Moth
val/02235_Animalia_Arthropoda_Insecta_Lepidoptera_Tortricidae_Argyrotaenia_velutinana/4a7ce32d-08e4-4ad2-a769-6e5084de8373.jpg,109,81,0,81,50,109,52,82,0.243408203125,0.04022216796875,0.032257080078125,0.029815673828125,0.02679443359375,1,3,Red-banded Leafroller,Small Mossy Lithacodia,Woody Underwing,Red-banded Leafroller,Dimorphic Bomolocha Moth,Black-dotted Maliattha
val/02246_Animalia_Arthropoda_Insecta_Lepidoptera_Tortricidae_Cydia_latiferreana/16fd420c-4327-4be6-9fd2-6059806e6a45.jpg,110,232,0,232,110,72,340,140,0.01419830322265625,0.01099395751953125,0.01006317138671875,0.0097198486328125,0.00824737548828125,1,2,Filbertworm Moth,Woodchuck,Filbertworm Moth,Green Oak-Slug Moth,common dandelion,Spiny Seahorse
val/02246_Animalia_Arthropoda_Insecta_Lepidoptera_Tortricidae_Cydia_latiferreana/eae39f54-5ea0-4360-9d36-9d288746f817.jpg,110,112,0,112,110,143,445,355,0.08551025390625,0.057861328125,0.0214385986328125,0.01250457763671875,0.0123748779296875,1,2,Filbertworm Moth,Omnivorous Platynota Moth,Filbertworm Moth,Northern Red-legged Frog,Cherry Tree,Spiny Hedgehog Cactus
val/02249_Animalia_Arthropoda_Insecta_Lepidoptera_Tortricidae_Epiblema_otiosana/037d021f-aba4-45ea-918c-cb343c3a5335.jpg,111,235,0,235,111,141,80,143,0.07672119140625,0.049591064453125,0.03271484375,0.029754638671875,0.0218505859375,1,2,Bidens Borer Moth,Belize Crocodile,Bidens Borer Moth,Cachabi Robber Frog,Alfalfa Looper,Northern Red-legged Frog
val/02249_Animalia_Arthropoda_Insecta_Lepidoptera_Tortricidae_Epiblema_otiosana/c60ad1c1-bfd6-454e-9a20-505ea71f5cc1.jpg,111,98,0,98,111,109,83,110,0.2459716796875,0.154541015625,0.054901123046875,0.054351806640625,0.018646240234375,1,2,Bidens Borer Moth,Darker Moodna Moth,Bidens Borer Moth,Red-banded Leafroller,Half-yellow Moth,Filbertworm Moth
val/02262_Animalia_Arthropoda_Insecta_Lepidoptera_Tortricidae_Platynota_rostrana/9d3874fa-e558-4a21-bed4-c6bf8a53108b.jpg,112,54,0,54,112,49,81,98,0.2454833984375,0.1700439453125,0.044708251953125,0.0413818359375,0.03509521484375,1,2,Omnivorous Platynota Moth,Pantydia sparsa,Omnivorous Platynota Moth,Deduced Graphic,Small Mossy Lithacodia,Darker Moodna Moth
val/02284_Animalia_Arthropoda_Insecta_Mantodea_Mantidae_Orthodera_ministralis/1e25a8b7-d5d9-4062-ab5f-61d78bde81df.jpg,113,106,0,106,113,116,303,77,0.049896240234375,0.031829833984375,0.028350830078125,0.0222625732421875,0.0217437744140625,1,2,Australian Green Mantis,Hippotion scrofa,Australian Green Mantis,Ebony Jewelwing,sawbrier,Boisduval's Blue
val/02284_Animalia_Arthropoda_Insecta_Mantodea_Mantidae_Orthodera_ministralis/09c7b1d3-2ab9-4cd2-a3b1-42ce0a7a7732.jpg,113,385,0,385,324,113,275,319,0.0689697265625,0.0254669189453125,0.01641845703125,0.01507568359375,0.01146697998046875,1,3,Australian Green Mantis,Gaultheria antipoda,tropical horseweed,Australian Green Mantis,fan moss,common burrobrush
val/02297_Animalia_Arthropoda_Insecta_Neuroptera_Chrysopidae_Chrysopa_oculata/6e93e6c9-4d2d-40e1-825f-af3ef46541e9.jpg,114,113,0,113,84,114,125,142,0.14306640625,0.0777587890625,0.058990478515625,0.058135986328125,0.0305023193359375,1,3,Chrysopa oculata,Australian Green Mantis,Green Silver-lines,Chrysopa oculata,Long-winged Conehead,Eastern Dwarf Treefrog
val/02303_Animalia_Arthropoda_Insecta_Neuroptera_Myrmeleontidae_Libelloides_coccajus/4caf444f-212d-4fb9-be74-b97c00c02bad.jpg,115,41,0,41,118,115,117,9,0.028045654296875,0.0239105224609375,0.0186004638671875,0.01445770263671875,0.0142059326171875,1,3,Owly Sulphur,Common Thread-waisted Wasp,Skimming Bluet,Owly Sulphur,Common Blue Damselfly,Spotted Longhorn
val/02369_Animalia_Arthropoda_Insecta_Odonata_Coenagrionidae_Enallagma_cyathigerum/14f2e523-dc72-469c-827e-0d56ef47faa2.jpg,117,118,0,118,121,117,120,119,0.30712890625,0.1842041015625,0.0792236328125,0.033782958984375,0.0184326171875,1,3,Common Blue Damselfly,Skimming Bluet,Small Spreadwing,Common Blue Damselfly,Dragonhunter,Eastern Ringtail
val/02375_Animalia_Arthropoda_Insecta_Odonata_Coenagrionidae_Enallagma_geminatum/334b250d-00f5-47c0-a4e6-25826c16bac5.jpg,118,8,0,8,341,118,17,19,0.0252685546875,0.0211181640625,0.0189208984375,0.018646240234375,0.01861572265625,1,3,Skimming Bluet,Goldenrod Soldier Beetle,tree marigold,Skimming Bluet,Oriental Beetle,Garden soldier fly
val/02375_Animalia_Arthropoda_Insecta_Odonata_Coenagrionidae_Enallagma_geminatum/dfee5123-16c4-4628-9bcb-8afd98e61c94.jpg,118,117,0,117,118,41,19,35,0.171630859375,0.08428955078125,0.02764892578125,0.0123443603515625,0.01177978515625,1,2,Skimming Bluet,Common Blue Damselfly,Skimming Bluet,Common Thread-waisted Wasp,Garden soldier fly,Elm Sawfly
val/02375_Animalia_Arthropoda_Insecta_Odonata_Coenagrionidae_Enallagma_geminatum/8b499312-0ff9-41f6-91ce-a2aa997a2716.jpg,118,117,0,117,118,41,120,116,0.1947021484375,0.08001708984375,0.02362060546875,0.0185699462890625,0.01090240478515625,1,2,Skimming Bluet,Common Blue Damselfly,Skimming Bluet,Common Thread-waisted Wasp,Dragonhunter,Ebony Jewelwing
val/02375_Animalia_Arthropoda_Insecta_Odonata_Coenagrionidae_Enallagma_geminatum/0e423724-7913-4c4a-9882-2f10c946bcb3.jpg,118,117,0,117,118,223,41,35,0.2216796875,0.06475830078125,0.0255889892578125,0.021728515625,0.0173797607421875,1,2,Skimming Bluet,Common Blue Damselfly,Skimming Bluet,Gray Wolf,Common Thread-waisted Wasp,Elm Sawfly
val/02427_Animalia_Arthropoda_Insecta_Odonata_Gomphidae_Erpetogomphus_designatus/85942f4b-5b7d-40da-8928-266ffec8ed66.jpg,119,23,0,23,119,73,120,0,0.1849365234375,0.06878662109375,0.0230865478515625,0.01953125,0.0178070068359375,1,2,Eastern Ringtail,Maize Calligrapher Fly,Eastern Ringtail,Common Ciliate Blue,Dragonhunter,Cross Orbweaver
val/02427_Animalia_Arthropoda_Insecta_Odonata_Gomphidae_Erpetogomphus_designatus/fa41cf17-06d5-498b-837c-c8410ea091ea.jpg,119,42,0,42,241,119,6,143,0.10174560546875,0.0321044921875,0.0275421142578125,0.018096923828125,0.01253509521484375,1,3,Eastern Ringtail,Western Paper Wasp,Aesculapian Snake,Eastern Ringtail,Giant Desert Centipede,Northern Red-legged Frog
val/02427_Animalia_Arthropoda_Insecta_Odonata_Gomphidae_Erpetogomphus_designatus/4ca9a975-accc-4d4c-8222-31c41029ab5f.jpg,119,121,0,121,120,119,23,305,0.19482421875,0.07275390625,0.03912353515625,0.0237274169921875,0.017059326171875,1,3,Eastern Ringtail,Small Spreadwing,Dragonhunter,Eastern Ringtail,Maize Calligrapher Fly,common three-square
val/02427_Animalia_Arthropoda_Insecta_Odonata_Gomphidae_Erpetogomphus_designatus/8ede8c21-65f0-409f-b9c4-4f4bd33d6f19.jpg,119,26,0,26,39,42,126,119,0.410400390625,0.11419677734375,0.091064453125,0.0242462158203125,0.0205078125,1,5,Eastern Ringtail,Western Leaf-footed Bug,Pure Green Sweat Bee,Western Paper Wasp,Virile Crayfish,Eastern Ringtail
val/02427_Animalia_Arthropoda_Insecta_Odonata_Gomphidae_Erpetogomphus_designatus/eba8649c-61a6-4009-8231-9e9ce8d31b0c.jpg,119,121,0,121,68,122,91,119,0.039093017578125,0.037384033203125,0.0360107421875,0.0280303955078125,0.023712158203125,1,5,Eastern Ringtail,Small Spreadwing,Umber Skipper,Neurothemis taiwanensis,Mourning Cloak,Eastern Ringtail
val/02432_Animalia_Arthropoda_Insecta_Odonata_Gomphidae_Hagenius_brevistylus/b0f8cdff-759d-4547-89a6-18d18ca7b4ee.jpg,120,39,0,39,41,120,15,10,0.110595703125,0.058685302734375,0.053955078125,0.019500732421875,0.0190887451171875,1,3,Dragonhunter,Pure Green Sweat Bee,Common Thread-waisted Wasp,Dragonhunter,Oedemera femorata,Spined Woodborer
val/02432_Animalia_Arthropoda_Insecta_Odonata_Gomphidae_Hagenius_brevistylus/661729e7-5fa2-46c6-996d-18cb7bcdd73b.jpg,120,80,0,80,234,119,120,235,0.096435546875,0.04034423828125,0.038330078125,0.0369873046875,0.0264892578125,1,4,Dragonhunter,Alfalfa Looper,Common Caiman,Eastern Ringtail,Dragonhunter,Belize Crocodile
val/02432_Animalia_Arthropoda_Insecta_Odonata_Gomphidae_Hagenius_brevistylus/9d9b9af1-d259-4190-ad07-556fdc85ea7c.jpg,120,121,0,121,120,119,118,116,0.348388671875,0.332275390625,0.1260986328125,0.0254364013671875,0.023651123046875,1,2,Dragonhunter,Small Spreadwing,Dragonhunter,Eastern Ringtail,Skimming Bluet,Ebony Jewelwing
val/02432_Animalia_Arthropoda_Insecta_Odonata_Gomphidae_Hagenius_brevistylus/b0f9f723-5ebc-4893-b38a-a246e41d39ee.jpg,120,39,0,39,115,143,120,234,0.1021728515625,0.09442138671875,0.03155517578125,0.0308074951171875,0.0262451171875,1,4,Dragonhunter,Pure Green Sweat Bee,Owly Sulphur,Northern Red-legged Frog,Dragonhunter,Common Caiman
val/02463_Animalia_Arthropoda_Insecta_Odonata_Lestidae_Lestes_virens/fafb2051-df9a-4769-8417-729e88b1fae3.jpg,121,118,0,118,113,121,125,116,0.5146484375,0.05499267578125,0.03448486328125,0.0176239013671875,0.01168060302734375,1,3,Small Spreadwing,Skimming Bluet,Australian Green Mantis,Small Spreadwing,Long-winged Conehead,Ebony Jewelwing
val/02463_Animalia_Arthropoda_Insecta_Odonata_Lestidae_Lestes_virens/659ede77-4171-4e84-850e-128a83c21e9e.jpg,121,9,0,9,121,119,235,389,0.084716796875,0.06787109375,0.04205322265625,0.02984619140625,0.025054931640625,1,2,Small Spreadwing,Spotted Longhorn,Small Spreadwing,Eastern Ringtail,Belize Crocodile,flaxflowered ipomopsis
val/02628_Animalia_Arthropoda_Insecta_Orthoptera_Acrididae_Pseudochorthippus_curtipennis/888c51a0-e316-49e2-ac06-c58061be4fab.jpg,123,113,0,113,30,44,125,123,0.09564208984375,0.08013916015625,0.07891845703125,0.05133056640625,0.032257080078125,1,5,Marsh meadow grasshopper,Australian Green Mantis,Brown Marmorated Stink Bug,Pearl Veneer,Long-winged Conehead,Marsh meadow grasshopper
val/02628_Animalia_Arthropoda_Insecta_Orthoptera_Acrididae_Pseudochorthippus_curtipennis/9d7f2722-f136-4f77-86b4-fe242db2b6f3.jpg,123,124,0,124,123,125,44,15,0.31884765625,0.255126953125,0.0892333984375,0.03253173828125,0.011749267578125,1,2,Marsh meadow grasshopper,Obscure Bird Grasshopper,Marsh meadow grasshopper,Long-winged Conehead,Pearl Veneer,Oedemera femorata
val/02628_Animalia_Arthropoda_Insecta_Orthoptera_Acrididae_Pseudochorthippus_curtipennis/80c2c0ff-a43d-4765-af7e-e50eec1c9db3.jpg,123,118,0,118,123,113,125,19,0.0609130859375,0.03948974609375,0.0372314453125,0.03643798828125,0.018463134765625,1,2,Marsh meadow grasshopper,Skimming Bluet,Marsh meadow grasshopper,Australian Green Mantis,Long-winged Conehead,Garden soldier fly
val/02633_Animalia_Arthropoda_Insecta_Orthoptera_Acrididae_Schistocerca_obscura/74be4062-d2e3-4c36-a413-e171c3c58c19.jpg,124,4,0,4,124,28,123,68,0.04803466796875,0.047027587890625,0.0260009765625,0.0226287841796875,0.0173187255859375,1,2,Obscure Bird Grasshopper,Paravaejovis puritanus,Obscure Bird Grasshopper,Alfalfa Plant Bug,Marsh meadow grasshopper,Umber Skipper
val/02633_Animalia_Arthropoda_Insecta_Orthoptera_Acrididae_Schistocerca_obscura/37708dc5-de64-4223-a82a-471c2f3bd723.jpg,124,19,0,19,10,48,124,44,0.1004638671875,0.041290283203125,0.02783203125,0.023345947265625,0.02203369140625,1,4,Obscure Bird Grasshopper,Garden soldier fly,Spined Woodborer,Snowy Urola Moth,Obscure Bird Grasshopper,Pearl Veneer
val/02633_Animalia_Arthropoda_Insecta_Orthoptera_Acrididae_Schistocerca_obscura/8969f523-7a01-4be2-a46d-dfd7d84b12a8.jpg,124,113,0,113,25,124,163,26,0.1326904296875,0.04888916015625,0.0440673828125,0.027801513671875,0.0215911865234375,1,3,Obscure Bird Grasshopper,Australian Green Mantis,Florida Leaf-footed Bug,Obscure Bird Grasshopper,Glaucous-winged Gull,Western Leaf-footed Bug
val/02633_Animalia_Arthropoda_Insecta_Orthoptera_Acrididae_Schistocerca_obscura/28eac0e8-769b-4da2-99d2-2d5b6da58672.jpg,124,485,0,485,124,123,202,116,0.049285888671875,0.048187255859375,0.034454345703125,0.02740478515625,0.0251007080078125,1,2,Obscure Bird Grasshopper,Porcelain Berry,Obscure Bird Grasshopper,Marsh meadow grasshopper,Blue-gray Tanager,Ebony Jewelwing
val/02668_Animalia_Arthropoda_Insecta_Orthoptera_Tettigoniidae_Conocephalus_fuscus/c43c0f42-e2c3-4535-85c1-7cd0410ad65e.jpg,125,44,0,44,125,113,118,114,0.2247314453125,0.194580078125,0.03497314453125,0.034637451171875,0.0335693359375,1,2,Long-winged Conehead,Pearl Veneer,Long-winged Conehead,Australian Green Mantis,Skimming Bluet,Chrysopa oculata
val/02668_Animalia_Arthropoda_Insecta_Orthoptera_Tettigoniidae_Conocephalus_fuscus/1ffa9d68-7ca1-41ab-94c5-a78668f359b3.jpg,125,310,0,310,125,304,121,281,0.12396240234375,0.0576171875,0.037628173828125,0.03155517578125,0.0206146240234375,1,2,Long-winged Conehead,Kangaroo Grass,Long-winged Conehead,Fingered Sedge,Small Spreadwing,nodding onion
val/02668_Animalia_Arthropoda_Insecta_Orthoptera_Tettigoniidae_Conocephalus_fuscus/cb5e0a73-e6fd-4ad6-84b5-901e7460ed87.jpg,125,113,0,113,125,28,124,114,0.49658203125,0.1695556640625,0.0218658447265625,0.020538330078125,0.0149078369140625,1,2,Long-winged Conehead,Australian Green Mantis,Long-winged Conehead,Alfalfa Plant Bug,Obscure Bird Grasshopper,Chrysopa oculata
val/02702_Animalia_Arthropoda_Malacostraca_Decapoda_Cambaridae_Faxonius_virilis/30d13957-4382-4d9e-8133-58dc0158ccc2.jpg,126,38,0,38,127,126,10,252,0.07403564453125,0.06781005859375,0.031219482421875,0.017791748046875,0.0177001953125,1,3,Virile Crayfish,New York Carpenter Ant,New Zealand Half Crab,Virile Crayfish,Spined Woodborer,Common Whelk
val/02702_Animalia_Arthropoda_Malacostraca_Decapoda_Cambaridae_Faxonius_virilis/12aa4545-841b-4a40-8cec-635e30a66439.jpg,126,25,0,25,4,10,33,126,0.0499267578125,0.035308837890625,0.0307464599609375,0.0289306640625,0.0270233154296875,1,5,Virile Crayfish,Florida Leaf-footed Bug,Paravaejovis puritanus,Spined Woodborer,Ashy Mining Bee,Virile Crayfish
val/02736_Animalia_Arthropoda_Malacostraca_Decapoda_Porcellanidae_Petrolisthes_elongatus/f2350726-ad2a-4eb7-ad83-c2de20b9019a.jpg,127,253,0,253,127,18,250,260,0.2203369140625,0.09783935546875,0.0298614501953125,0.021881103515625,0.0192718505859375,1,2,New Zealand Half Crab,California Cone,New Zealand Half Crab,Blue Blowfly,Nuttall's Cockle,Lined Chiton
val/02770_Animalia_Chordata_Actinopterygii_Cypriniformes_Cyprinidae_Rhinichthys_atratulus/04adb275-8013-452a-a106-eb1f20483e5a.jpg,129,128,0,128,131,129,113,246,0.276611328125,0.0284881591796875,0.0272979736328125,0.0146331787109375,0.01317596435546875,1,3,Blacknose Dace,Bluntnose Minnow,Redbreast Sunfish,Blacknose Dace,Australian Green Mantis,Great Plains Skink
val/02770_Animalia_Chordata_Actinopterygii_Cypriniformes_Cyprinidae_Rhinichthys_atratulus/61c66b42-b3cd-4a35-bf19-653daacd1561.jpg,129,128,0,128,129,101,44,242,0.27294921875,0.2371826171875,0.035308837890625,0.027557373046875,0.0233306884765625,1,2,Blacknose Dace,Bluntnose Minnow,Blacknose Dace,Orange-tipped Oakworm Moth,Pearl Veneer,Brown Basilisk
val/02770_Animalia_Chordata_Actinopterygii_Cypriniformes_Cyprinidae_Rhinichthys_atratulus/e9d76b01-b96b-4636-b37d-60e41e55c4a8.jpg,129,128,0,128,129,246,236,101,0.39990234375,0.30419921875,0.009063720703125,0.007720947265625,0.007297515869140625,1,2,Blacknose Dace,Bluntnose Minnow,Blacknose Dace,Great Plains Skink,Italian Slow Worm,Orange-tipped Oakworm Moth
val/02770_Animalia_Chordata_Actinopterygii_Cypriniformes_Cyprinidae_Rhinichthys_atratulus/1e7cb6e2-b3fc-47b9-9ed2-0d558e8c27da.jpg,129,131,0,131,129,114,165,44,0.09918212890625,0.063720703125,0.037628173828125,0.0242919921875,0.0221710205078125,1,2,Blacknose Dace,Redbreast Sunfish,Blacknose Dace,Chrysopa oculata,Wood Sandpiper,Pearl Veneer
val/02773_Animalia_Chordata_Actinopterygii_Cypriniformes_Cyprinidae_Squalius_cephalus/4a488b14-f99d-4fc7-9dc2-062427ae882a.jpg,130,219,0,219,106,130,177,128,0.1666259765625,0.05389404296875,0.04095458984375,0.01898193359375,0.0186767578125,1,3,Chub,Nurse Shark,Hippotion scrofa,Chub,Barn Swallow,Bluntnose Minnow
val/02773_Animalia_Chordata_Actinopterygii_Cypriniformes_Cyprinidae_Squalius_cephalus/d810e413-4ce5-43e4-bd00-a6c1e4f7c3cd.jpg,130,118,0,118,130,165,135,131,0.345947265625,0.2381591796875,0.0286712646484375,0.01558685302734375,0.01320648193359375,1,2,Chub,Skimming Bluet,Chub,Wood Sandpiper,Yellow Perch,Redbreast Sunfish
val/02773_Animalia_Chordata_Actinopterygii_Cypriniformes_Cyprinidae_Squalius_cephalus/90c09e82-e167-4f96-b26c-0071fe48ca27.jpg,130,128,0,128,130,246,137,131,0.43408203125,0.248291015625,0.08251953125,0.0205230712890625,0.0126495361328125,1,2,Chub,Bluntnose Minnow,Chub,Great Plains Skink,Freshwater Drum,Redbreast Sunfish
val/02773_Animalia_Chordata_Actinopterygii_Cypriniformes_Cyprinidae_Squalius_cephalus/639f35b6-750a-418c-9476-2bce57cdd0c5.jpg,130,131,0,131,253,130,155,59,0.173583984375,0.06549072265625,0.046173095703125,0.0287017822265625,0.0250701904296875,1,3,Chub,Redbreast Sunfish,California Cone,Chub,Red-breasted Dotterel,Black-dotted Ruddy Moth
val/02773_Animalia_Chordata_Actinopterygii_Cypriniformes_Cyprinidae_Squalius_cephalus/e39629c5-4f22-4d06-856c-b03980d56482.jpg,130,137,0,137,130,250,246,138,0.378173828125,0.14404296875,0.07476806640625,0.03192138671875,0.0222015380859375,1,2,Chub,Freshwater Drum,Chub,Nuttall's Cockle,Great Plains Skink,Kelp Bass
val/02773_Animalia_Chordata_Actinopterygii_Cypriniformes_Cyprinidae_Squalius_cephalus/9533fa48-c235-463b-991a-5171521723b3.jpg,130,145,0,145,130,131,126,135,0.1932373046875,0.1304931640625,0.10589599609375,0.039581298828125,0.036407470703125,1,2,Chub,Italian Crested Newt,Chub,Redbreast Sunfish,Virile Crayfish,Yellow Perch
val/02800_Animalia_Chordata_Actinopterygii_Perciformes_Centrarchidae_Lepomis_auritus/6daa2306-e869-4086-b547-bb08f2390f80.jpg,131,128,0,128,130,246,245,131,0.07421875,0.041412353515625,0.0302276611328125,0.024200439453125,0.023193359375,1,5,Redbreast Sunfish,Bluntnose Minnow,Chub,Great Plains Skink,Mole Snake,Redbreast Sunfish
val/02812_Animalia_Chordata_Actinopterygii_Perciformes_Chaetodontidae_Chaetodon_capistratus/263992bd-1ba5-4ae9-b410-d02f8047f55b.jpg,132,219,0,219,132,131,133,252,0.161376953125,0.10919189453125,0.0291900634765625,0.0164031982421875,0.01297760009765625,1,2,Four-eyed Butterflyfish,Nurse Shark,Four-eyed Butterflyfish,Redbreast Sunfish,Snakeskin Wrasse,Common Whelk
val/02812_Animalia_Chordata_Actinopterygii_Perciformes_Chaetodontidae_Chaetodon_capistratus/456533e8-09cc-441b-b270-6212b4093135.jpg,132,134,0,134,136,132,219,333,0.045928955078125,0.03155517578125,0.02630615234375,0.0223541259765625,0.0181121826171875,1,3,Four-eyed Butterflyfish,Blackspot Goatfish,Indo-Pacific Sergeant Major,Four-eyed Butterflyfish,Nurse Shark,Tauhinu
val/02812_Animalia_Chordata_Actinopterygii_Perciformes_Chaetodontidae_Chaetodon_capistratus/3bdd6414-6add-41f0-97eb-722a91e3a27c.jpg,132,253,0,253,132,140,249,82,0.24072265625,0.052642822265625,0.0221405029296875,0.01540374755859375,0.010284423828125,1,2,Four-eyed Butterflyfish,California Cone,Four-eyed Butterflyfish,Spiny Seahorse,Beadlet anemone,Black-dotted Maliattha
val/02836_Animalia_Chordata_Actinopterygii_Perciformes_Labridae_Eupetrichthys_angustipes/dd85fa89-d5c2-479f-90ee-8512478d1b94.jpg,133,132,0,132,260,133,127,82,0.0643310546875,0.037445068359375,0.034637451171875,0.033905029296875,0.024444580078125,1,3,Snakeskin Wrasse,Four-eyed Butterflyfish,Lined Chiton,Snakeskin Wrasse,New Zealand Half Crab,Black-dotted Maliattha
val/02836_Animalia_Chordata_Actinopterygii_Perciformes_Labridae_Eupetrichthys_angustipes/7dd7170c-8bea-470b-9636-fead49dc03ff.jpg,133,255,0,255,133,138,253,157,0.0694580078125,0.051910400390625,0.0233306884765625,0.018798828125,0.0162506103515625,1,2,Snakeskin Wrasse,Hilton's Aeolid,Snakeskin Wrasse,Kelp Bass,California Cone,American Golden-Plover
val/02855_Animalia_Chordata_Actinopterygii_Perciformes_Mullidae_Parupeneus_spilurus/a58a6b3b-ae26-4a4b-a4d1-b8f50a88ec4d.jpg,134,138,0,138,134,126,130,135,0.1929931640625,0.179931640625,0.07501220703125,0.03131103515625,0.01739501953125,1,2,Blackspot Goatfish,Kelp Bass,Blackspot Goatfish,Virile Crayfish,Chub,Yellow Perch
val/02855_Animalia_Chordata_Actinopterygii_Perciformes_Mullidae_Parupeneus_spilurus/3c7fc045-f2a1-4c19-a138-1623b8d3c0d6.jpg,134,261,0,261,134,139,256,138,0.06854248046875,0.0662841796875,0.05206298828125,0.027099609375,0.020111083984375,1,2,Blackspot Goatfish,scaly pelt lichen,Blackspot Goatfish,Striped Eel Catfish,Varicose Wart Slug,Kelp Bass
val/02855_Animalia_Chordata_Actinopterygii_Perciformes_Mullidae_Parupeneus_spilurus/9b15bf1e-0c79-4be5-a9c0-b2dc9955e6e7.jpg,134,131,0,131,138,134,246,130,0.119384765625,0.058868408203125,0.0438232421875,0.027984619140625,0.02020263671875,1,3,Blackspot Goatfish,Redbreast Sunfish,Kelp Bass,Blackspot Goatfish,Great Plains Skink,Chub
val/02858_Animalia_Chordata_Actinopterygii_Perciformes_Percidae_Perca_flavescens/f8db9beb-fa0b-4dad-85fc-03a346929902.jpg,135,130,0,130,138,198,136,135,0.51318359375,0.10205078125,0.01007080078125,0.00885009765625,0.00853729248046875,1,5,Yellow Perch,Chub,Kelp Bass,Common Firecrest,Indo-Pacific Sergeant Major,Yellow Perch
val/02858_Animalia_Chordata_Actinopterygii_Perciformes_Percidae_Perca_flavescens/386fc22c-964c-45b4-95c3-7748b919c21e.jpg,135,131,0,131,228,137,191,135,0.08819580078125,0.0283203125,0.02679443359375,0.0201263427734375,0.019073486328125,1,5,Yellow Perch,Redbreast Sunfish,Sunda Flying Lemur,Freshwater Drum,American Redstart,Yellow Perch
val/02866_Animalia_Chordata_Actinopterygii_Perciformes_Pomacentridae_Abudefduf_vaigiensis/bc560786-8f06-471e-ade7-506c57ff355d.jpg,136,133,0,133,140,136,309,447,0.2088623046875,0.0853271484375,0.0216827392578125,0.0161590576171875,0.0157318115234375,1,3,Indo-Pacific Sergeant Major,Snakeskin Wrasse,Spiny Seahorse,Indo-Pacific Sergeant Major,Saint Augustine grass,Wineberry
val/02866_Animalia_Chordata_Actinopterygii_Perciformes_Pomacentridae_Abudefduf_vaigiensis/f6e9eede-f645-49ef-b02f-a5172ba35613.jpg,136,132,0,132,136,280,131,77,0.05780029296875,0.0279388427734375,0.0239105224609375,0.01422119140625,0.01367950439453125,1,2,Indo-Pacific Sergeant Major,Four-eyed Butterflyfish,Indo-Pacific Sergeant Major,coconut palm,Redbreast Sunfish,Boisduval's Blue
val/02866_Animalia_Chordata_Actinopterygii_Perciformes_Pomacentridae_Abudefduf_vaigiensis/bc0395e6-ff34-4c45-9a6d-3b796d003ac2.jpg,136,132,0,132,219,134,136,139,0.170654296875,0.1624755859375,0.08123779296875,0.041534423828125,0.012237548828125,1,4,Indo-Pacific Sergeant Major,Four-eyed Butterflyfish,Nurse Shark,Blackspot Goatfish,Indo-Pacific Sergeant Major,Striped Eel Catfish
val/02878_Animalia_Chordata_Actinopterygii_Perciformes_Sciaenidae_Aplodinotus_grunniens/c929e64c-5591-4964-959e-c5a89afb75b6.jpg,137,219,0,219,135,137,131,141,0.031280517578125,0.03106689453125,0.0283660888671875,0.02008056640625,0.0181121826171875,1,3,Freshwater Drum,Nurse Shark,Yellow Perch,Freshwater Drum,Redbreast Sunfish,Cachabi Robber Frog
val/02878_Animalia_Chordata_Actinopterygii_Perciformes_Sciaenidae_Aplodinotus_grunniens/a38709f9-9d62-467a-9ea3-9ac3469b45bb.jpg,137,149,0,149,137,227,217,115,0.27734375,0.1851806640625,0.131591796875,0.007488250732421875,0.005435943603515625,1,2,Freshwater Drum,Mute Swan,Freshwater Drum,New Zealand Sea Lion,Brandt's Cormorant,Owly Sulphur
val/02878_Animalia_Chordata_Actinopterygii_Perciformes_Sciaenidae_Aplodinotus_grunniens/e3cc3241-862c-4eb2-a0a0-8a78cfa5ac27.jpg,137,212,0,212,227,167,137,217,0.1580810546875,0.06982421875,0.03155517578125,0.0292205810546875,0.0204315185546875,1,4,Freshwater Drum,Dalmatian Pelican,New Zealand Sea Lion,Common Peafowl,Freshwater Drum,Brandt's Cormorant
val/02878_Animalia_Chordata_Actinopterygii_Perciformes_Sciaenidae_Aplodinotus_grunniens/ba2d8363-ea3f-4e6f-8562-4d10b5e89733.jpg,137,251,0,251,137,223,237,227,0.260986328125,0.10906982421875,0.021881103515625,0.018035888671875,0.01424407958984375,1,2,Freshwater Drum,Queen Conch,Freshwater Drum,Gray Wolf,Texas Alligator Lizard,New Zealand Sea Lion
val/02884_Animalia_Chordata_Actinopterygii_Perciformes_Serranidae_Paralabrax_clathratus/019357a4-cb49-42f6-80e6-c401ce60c50f.jpg,138,219,0,219,134,138,133,136,0.10888671875,0.08563232421875,0.044769287109375,0.0419921875,0.0219879150390625,1,3,Kelp Bass,Nurse Shark,Blackspot Goatfish,Kelp Bass,Snakeskin Wrasse,Indo-Pacific Sergeant Major
val/02884_Animalia_Chordata_Actinopterygii_Perciformes_Serranidae_Paralabrax_clathratus/7117f259-49c4-49d3-ae26-921fe3aba4b9.jpg,138,135,0,135,138,137,126,50,0.2939453125,0.1087646484375,0.01541900634765625,0.013763427734375,0.0103607177734375,1,2,Kelp Bass,Yellow Perch,Kelp Bass,Freshwater Drum,Virile Crayfish,Woody Underwing
val/02884_Animalia_Chordata_Actinopterygii_Perciformes_Serranidae_Paralabrax_clathratus/8eda2b2a-3cd2-4bec-97f5-2d9ea2b55a1f.jpg,138,130,0,130,138,219,135,145,0.1910400390625,0.08642578125,0.030670166015625,0.0233612060546875,0.01502227783203125,1,2,Kelp Bass,Chub,Kelp Bass,Nurse Shark,Yellow Perch,Italian Crested Newt
val/02884_Animalia_Chordata_Actinopterygii_Perciformes_Serranidae_Paralabrax_clathratus/efc3f58e-772e-4fec-8bbe-2023c01f54c9.jpg,138,219,0,219,140,136,133,138,0.2012939453125,0.03350830078125,0.030609130859375,0.02911376953125,0.01348114013671875,1,5,Kelp Bass,Nurse Shark,Spiny Seahorse,Indo-Pacific Sergeant Major,Snakeskin Wrasse,Kelp Bass
val/02884_Animalia_Chordata_Actinopterygii_Perciformes_Serranidae_Paralabrax_clathratus/13955d34-0975-4fb4-9482-9be7e8b09f09.jpg,138,219,0,219,139,138,134,129,0.212646484375,0.12744140625,0.092529296875,0.01763916015625,0.0161895751953125,1,3,Kelp Bass,Nurse Shark,Striped Eel Catfish,Kelp Bass,Blackspot Goatfish,Blacknose Dace
val/02973_Animalia_Chordata_Amphibia_Anura_Craugastoridae_Pristimantis_achatinus/190bbddc-5ad1-4238-8666-f412d6e1eddc.jpg,141,60,0,60,141,49,58,236,0.166015625,0.09893798828125,0.05169677734375,0.02874755859375,0.0177154541015625,1,2,Cachabi Robber Frog,Alien Probole Moth,Cachabi Robber Frog,Deduced Graphic,Riband Wave,Italian Slow Worm
val/02973_Animalia_Chordata_Amphibia_Anura_Craugastoridae_Pristimantis_achatinus/70d85b2b-0728-4b61-aeb1-f9164fb4c85c.jpg,141,60,0,60,75,141,99,266,0.07330322265625,0.04840087890625,0.0310516357421875,0.03045654296875,0.0117645263671875,1,3,Cachabi Robber Frog,Alien Probole Moth,Spring Azure,Cachabi Robber Frog,Fatal Metalmark,blusher
val/02973_Animalia_Chordata_Amphibia_Anura_Craugastoridae_Pristimantis_achatinus/6a66b043-4499-49db-aa22-40aa36093359.jpg,141,2,0,2,141,60,144,99,0.0367431640625,0.033111572265625,0.0308380126953125,0.023162841796875,0.0214080810546875,1,2,Cachabi Robber Frog,Six-spotted Fishing Spider,Cachabi Robber Frog,Alien Probole Moth,Green Salamander,Fatal Metalmark
val/02973_Animalia_Chordata_Amphibia_Anura_Craugastoridae_Pristimantis_achatinus/5a4a443f-c67a-4d89-84c6-89afebd54ca8.jpg,141,242,0,242,141,4,143,42,0.0853271484375,0.0726318359375,0.06060791015625,0.026641845703125,0.023468017578125,1,2,Cachabi Robber Frog,Brown Basilisk,Cachabi Robber Frog,Paravaejovis puritanus,Northern Red-legged Frog,Western Paper Wasp
val/02973_Animalia_Chordata_Amphibia_Anura_Craugastoridae_Pristimantis_achatinus/0c84f3e9-bcb6-4827-abbf-1701fe3ba82a.jpg,141,60,0,60,252,141,109,49,0.2489013671875,0.057525634765625,0.05078125,0.048553466796875,0.03955078125,1,3,Cachabi Robber Frog,Alien Probole Moth,Common Whelk,Cachabi Robber Frog,Red-banded Leafroller,Deduced Graphic
val/03040_Animalia_Chordata_Amphibia_Anura_Ranidae_Rana_aurora/aeae9f3b-ab7a-4674-9a20-a53fb1154234.jpg,143,240,0,240,143,4,60,272,0.043182373046875,0.021240234375,0.01474761962890625,0.01250457763671875,0.01081085205078125,1,2,Northern Red-legged Frog,Flat-headed Snake,Northern Red-legged Frog,Paravaejovis puritanus,Alien Probole Moth,Hoof Fungus
val/03070_Animalia_Chordata_Amphibia_Caudata_Plethodontidae_Aneides_aeneus/644dc8f9-ec30-49c8-b70d-f35850a53971.jpg,144,102,0,102,144,235,133,237,0.0865478515625,0.07342529296875,0.036712646484375,0.024871826171875,0.021392822265625,1,2,Green Salamander,Buck Moth,Green Salamander,Belize Crocodile,Snakeskin Wrasse,Texas Alligator Lizard
val/03070_Animalia_Chordata_Amphibia_Caudata_Plethodontidae_Aneides_aeneus/aa3b098e-1e3a-4a4a-b89d-9de5c2942e37.jpg,144,235,0,235,144,234,237,246,0.067138671875,0.037261962890625,0.032928466796875,0.032318115234375,0.0187530517578125,1,2,Green Salamander,Belize Crocodile,Green Salamander,Common Caiman,Texas Alligator Lizard,Great Plains Skink
val/03070_Animalia_Chordata_Amphibia_Caudata_Plethodontidae_Aneides_aeneus/183f3337-37b6-48d9-8ee5-3eb25495c917.jpg,144,235,0,235,144,225,136,234,0.040130615234375,0.031341552734375,0.021881103515625,0.018157958984375,0.0178985595703125,1,2,Green Salamander,Belize Crocodile,Green Salamander,Canada Lynx,Indo-Pacific Sergeant Major,Common Caiman
val/03107_Animalia_Chordata_Amphibia_Caudata_Salamandridae_Triturus_carnifex/9177b706-ea11-46ed-9e7f-c547d18358b2.jpg,145,118,0,118,7,235,145,191,0.03594970703125,0.02935791015625,0.0170440673828125,0.0165863037109375,0.015655517578125,1,4,Italian Crested Newt,Skimming Bluet,Emerald Ash Borer,Belize Crocodile,Italian Crested Newt,American Redstart
val/03107_Animalia_Chordata_Amphibia_Caudata_Salamandridae_Triturus_carnifex/87fe2fc2-f53a-4f43-be8a-9421f16cae0f.jpg,145,246,0,246,236,128,238,145,0.431396484375,0.09967041015625,0.066162109375,0.0277862548828125,0.0099334716796875,1,5,Italian Crested Newt,Great Plains Skink,Italian Slow Worm,Bluntnose Minnow,Common Bronze-back,Italian Crested Newt
val/03107_Animalia_Chordata_Amphibia_Caudata_Salamandridae_Triturus_carnifex/dee84bf8-23a8-436b-9eac-825397b2857b.jpg,145,237,0,237,241,145,245,236,0.187255859375,0.1156005859375,0.1156005859375,0.09375,0.0318603515625,1,3,Italian Crested Newt,Texas Alligator Lizard,Aesculapian Snake,Italian Crested Newt,Mole Snake,Italian Slow Worm
val/03120_Animalia_Chordata_Aves_Accipitriformes_Accipitridae_Aquila_heliaca/aa8efa71-e901-4a1f-85a3-1bc414ccd64e.jpg,146,176,0,176,179,146,198,207,0.1544189453125,0.050567626953125,0.036468505859375,0.0216522216796875,0.01873779296875,1,3,Imperial Eagle,Red Crossbill,Southern Rough-winged Swallow,Imperial Eagle,Common Firecrest,Ash-throated Flycatcher
val/03120_Animalia_Chordata_Aves_Accipitriformes_Accipitridae_Aquila_heliaca/6cdc1a65-33e7-40c1-a80b-98ed5a56f595.jpg,146,147,0,147,146,178,172,151,0.304443359375,0.2734375,0.051177978515625,0.050384521484375,0.0343017578125,1,2,Imperial Eagle,European Honey-buzzard,Imperial Eagle,Bank Swallow,Fish Crow,Smew
val/03177_Animalia_Chordata_Aves_Accipitriformes_Accipitridae_Pernis_apivorus/5d224229-b7ea-4586-ac4a-2dc2a44d4b4d.jpg,147,164,0,164,147,216,157,112,0.360595703125,0.07659912109375,0.039825439453125,0.0221099853515625,0.01690673828125,1,2,European Honey-buzzard,Far Eastern Curlew,European Honey-buzzard,Pelagic Cormorant,American Golden-Plover,Omnivorous Platynota Moth
val/03177_Animalia_Chordata_Aves_Accipitriformes_Accipitridae_Pernis_apivorus/34dfb882-3644-40e9-9dd5-bd00f1956791.jpg,147,146,0,146,147,179,178,204,0.5673828125,0.12030029296875,0.08551025390625,0.0260772705078125,0.014068603515625,1,2,European Honey-buzzard,Imperial Eagle,European Honey-buzzard,Southern Rough-winged Swallow,Bank Swallow,Western Wood-Pewee
val/03177_Animalia_Chordata_Aves_Accipitriformes_Accipitridae_Pernis_apivorus/26c3cc20-7109-4f93-a1b6-4832045869b0.jpg,147,146,0,146,147,178,177,294,0.8583984375,0.065673828125,0.00884246826171875,0.0032787322998046875,0.002681732177734375,1,2,European Honey-buzzard,Imperial Eagle,European Honey-buzzard,Bank Swallow,Barn Swallow,Fly Orchid
val/03177_Animalia_Chordata_Aves_Accipitriformes_Accipitridae_Pernis_apivorus/6b5e9a4a-54b1-4434-bbf6-2adc10af00d4.jpg,147,166,0,166,147,146,179,195,0.0216522216796875,0.01335906982421875,0.01313018798828125,0.01291656494140625,0.0127105712890625,1,2,European Honey-buzzard,Red-billed Pigeon,European Honey-buzzard,Imperial Eagle,Southern Rough-winged Swallow,Eastern Towhee
val/03177_Animalia_Chordata_Aves_Accipitriformes_Accipitridae_Pernis_apivorus/34267248-1c2e-4795-8bde-7bb3f9907226.jpg,147,173,0,173,201,158,211,147,0.0408935546875,0.028045654296875,0.0212860107421875,0.0205230712890625,0.0164794921875,1,5,European Honey-buzzard,Brown Jay,Grayish Saltator,Crowned Lapwing,Black-crowned Night Heron,European Honey-buzzard
val/03199_Animalia_Chordata_Aves_Anseriformes_Anatidae_Anas_georgica/00ab3d2d-e688-4414-b759-62a72cdba117.jpg,148,165,0,165,217,164,106,148,0.055755615234375,0.053619384765625,0.033935546875,0.0289306640625,0.0255279541015625,1,5,Yellow-billed Pintail,Wood Sandpiper,Brandt's Cormorant,Far Eastern Curlew,Hippotion scrofa,Yellow-billed Pintail
val/03244_Animalia_Chordata_Aves_Anseriformes_Anatidae_Cygnus_olor/ae119fb3-9278-41db-84e0-69b07ea5f291.jpg,149,212,0,212,149,213,211,8,0.33837890625,0.1290283203125,0.055145263671875,0.011688232421875,0.01020050048828125,1,2,Mute Swan,Dalmatian Pelican,Mute Swan,American Flamingo,Black-crowned Night Heron,Goldenrod Soldier Beetle
val/03244_Animalia_Chordata_Aves_Anseriformes_Anatidae_Cygnus_olor/52c3fce7-97d4-45da-a93f-c088d3837cae.jpg,149,217,0,217,149,148,161,165,0.09375,0.0247650146484375,0.01329803466796875,0.0129547119140625,0.01242828369140625,1,2,Mute Swan,Brandt's Cormorant,Mute Swan,Yellow-billed Pintail,Black-headed Gull,Wood Sandpiper
val/03244_Animalia_Chordata_Aves_Anseriformes_Anatidae_Cygnus_olor/a6ff0682-3027-4400-b72e-aa4caf2feb90.jpg,149,160,0,160,149,265,163,162,0.059783935546875,0.033172607421875,0.027557373046875,0.020721435546875,0.0204620361328125,1,2,Mute Swan,Hartlaub's Gull,Mute Swan,green-spored parasol,Glaucous-winged Gull,Caspian Gull
val/03244_Animalia_Chordata_Aves_Anseriformes_Anatidae_Cygnus_olor/8b2b802e-6f59-49c4-818b-c997de006cfa.jpg,149,160,0,160,161,149,213,162,0.0877685546875,0.03253173828125,0.02984619140625,0.0160369873046875,0.015716552734375,1,3,Mute Swan,Hartlaub's Gull,Black-headed Gull,Mute Swan,American Flamingo,Caspian Gull
val/03258_Animalia_Chordata_Aves_Anseriformes_Anatidae_Melanitta_perspicillata/98e445ba-6b87-4fcd-8d0f-d77d5ed6631f.jpg,150,216,0,216,150,217,219,106,0.362548828125,0.07843017578125,0.0712890625,0.050537109375,0.026275634765625,1,2,Surf Scoter,Pelagic Cormorant,Surf Scoter,Brandt's Cormorant,Nurse Shark,Hippotion scrofa
val/03258_Animalia_Chordata_Aves_Anseriformes_Anatidae_Melanitta_perspicillata/94ad3bf7-19d0-4bc8-9d75-5f3547aad27a.jpg,150,151,0,151,150,178,180,156,0.379638671875,0.0743408203125,0.06805419921875,0.043701171875,0.0121917724609375,1,2,Surf Scoter,Smew,Surf Scoter,Bank Swallow,Violet-green Swallow,Wilson's Plover
val/03258_Animalia_Chordata_Aves_Anseriformes_Anatidae_Melanitta_perspicillata/89f7ccb9-9b90-4b1e-9098-86d0c69721a5.jpg,150,159,0,159,150,98,216,152,0.1983642578125,0.0235443115234375,0.0211639404296875,0.0194854736328125,0.01800537109375,1,2,Surf Scoter,American Oystercatcher,Surf Scoter,Darker Moodna Moth,Pelagic Cormorant,Common Merganser
val/03259_Animalia_Chordata_Aves_Anseriformes_Anatidae_Mergellus_albellus/782e214a-1c74-4bd1-8536-13f54d62d170.jpg,151,152,0,152,148,162,151,150,0.16357421875,0.1143798828125,0.09014892578125,0.06805419921875,0.057464599609375,1,4,Smew,Common Merganser,Yellow-billed Pintail,Caspian Gull,Smew,Surf Scoter
val/03259_Animalia_Chordata_Aves_Anseriformes_Anatidae_Mergellus_albellus/78b47f41-8eb0-4632-b713-1088ce39a9c1.jpg,151,161,0,161,160,151,155,149,0.0419921875,0.0295257568359375,0.02392578125,0.0189208984375,0.0163421630859375,1,3,Smew,Black-headed Gull,Hartlaub's Gull,Smew,Red-breasted Dotterel,Mute Swan
val/03259_Animalia_Chordata_Aves_Anseriformes_Anatidae_Mergellus_albellus/0f4eac09-c2b6-47ca-a966-d0bc6ef821b4.jpg,151,152,0,152,150,148,151,217,0.328125,0.07965087890625,0.072265625,0.04620361328125,0.0305938720703125,1,4,Smew,Common Merganser,Surf Scoter,Yellow-billed Pintail,Smew,Brandt's Cormorant
val/03259_Animalia_Chordata_Aves_Anseriformes_Anatidae_Mergellus_albellus/9468aad6-fa17-4366-8380-6474dd8a8546.jpg,151,180,0,180,150,151,212,156,0.18212890625,0.12066650390625,0.11004638671875,0.0160980224609375,0.01303863525390625,1,3,Smew,Violet-green Swallow,Surf Scoter,Smew,Dalmatian Pelican,Wilson's Plover
val/03259_Animalia_Chordata_Aves_Anseriformes_Anatidae_Mergellus_albellus/32208690-a25f-4ae0-a7ac-aa226178c5ff.jpg,151,212,0,212,149,151,225,148,0.19140625,0.12548828125,0.07318115234375,0.02911376953125,0.02362060546875,1,3,Smew,Dalmatian Pelican,Mute Swan,Smew,Canada Lynx,Yellow-billed Pintail
val/03259_Animalia_Chordata_Aves_Anseriformes_Anatidae_Mergellus_albellus/663ea2d3-4472-4ea1-97e2-42e2d0d0fbef.jpg,151,161,0,161,212,151,148,180,0.0850830078125,0.055633544921875,0.05169677734375,0.03857421875,0.03448486328125,1,3,Smew,Black-headed Gull,Dalmatian Pelican,Smew,Yellow-billed Pintail,Violet-green Swallow
val/03259_Animalia_Chordata_Aves_Anseriformes_Anatidae_Mergellus_albellus/3cb90472-f807-47e7-94f6-7d081b39e633.jpg,151,268,0,268,149,151,160,111,0.09515380859375,0.07232666015625,0.05194091796875,0.038909912109375,0.021636962890625,1,3,Smew,Roridomyces austrororidus,Mute Swan,Smew,Hartlaub's Gull,Bidens Borer Moth
val/03259_Animalia_Chordata_Aves_Anseriformes_Anatidae_Mergellus_albellus/ac061518-ce0f-41c5-9fba-2c25120c6001.jpg,151,152,0,152,150,162,151,148,0.263671875,0.1156005859375,0.09124755859375,0.09075927734375,0.0193023681640625,1,4,Smew,Common Merganser,Surf Scoter,Caspian Gull,Smew,Yellow-billed Pintail
val/03260_Animalia_Chordata_Aves_Anseriformes_Anatidae_Mergus_merganser/bd6e0c2b-ecd4-4598-8316-9f3e78363663.jpg,152,150,0,150,152,162,148,151,0.1590576171875,0.11956787109375,0.049591064453125,0.0306396484375,0.0215606689453125,1,2,Common Merganser,Surf Scoter,Common Merganser,Caspian Gull,Yellow-billed Pintail,Smew
val/03260_Animalia_Chordata_Aves_Anseriformes_Anatidae_Mergus_merganser/a6c1d485-eeef-43be-bbe3-8228f013bedc.jpg,152,150,0,150,152,151,148,162,0.439697265625,0.07696533203125,0.07220458984375,0.070068359375,0.036285400390625,1,2,Common Merganser,Surf Scoter,Common Merganser,Smew,Yellow-billed Pintail,Caspian Gull
val/03260_Animalia_Chordata_Aves_Anseriformes_Anatidae_Mergus_merganser/c2b06cb5-cb2d-4986-ae3e-39ffa1ca2268.jpg,152,148,0,148,150,152,216,151,0.62451171875,0.1429443359375,0.0211639404296875,0.00823974609375,0.006908416748046875,1,3,Common Merganser,Yellow-billed Pintail,Surf Scoter,Common Merganser,Pelagic Cormorant,Smew
val/03260_Animalia_Chordata_Aves_Anseriformes_Anatidae_Mergus_merganser/63dee311-47a2-4dcb-9814-8bdd4ebfcf68.jpg,152,149,0,149,152,159,165,150,0.08099365234375,0.0665283203125,0.034881591796875,0.0302581787109375,0.0276336669921875,1,2,Common Merganser,Mute Swan,Common Merganser,American Oystercatcher,Wood Sandpiper,Surf Scoter
val/03260_Animalia_Chordata_Aves_Anseriformes_Anatidae_Mergus_merganser/08d508f5-add4-40e6-8d50-f862a057480a.jpg,152,148,0,148,150,152,149,151,0.10772705078125,0.05078125,0.044647216796875,0.0246734619140625,0.01514434814453125,1,3,Common Merganser,Yellow-billed Pintail,Surf Scoter,Common Merganser,Mute Swan,Smew
val/03260_Animalia_Chordata_Aves_Anseriformes_Anatidae_Mergus_merganser/5d818563-1a2e-4ddb-bbb3-b06f7c162415.jpg,152,155,0,155,159,212,161,152,0.10894775390625,0.08856201171875,0.06231689453125,0.060150146484375,0.035430908203125,1,5,Common Merganser,Red-breasted Dotterel,American Oystercatcher,Dalmatian Pelican,Black-headed Gull,Common Merganser
val/03306_Animalia_Chordata_Aves_Caprimulgiformes_Trochilidae_Archilochus_alexandri/e50deb16-0973-4d3b-a60a-e13c0293ce55.jpg,153,154,0,154,153,173,169,435,0.18359375,0.053802490234375,0.0185699462890625,0.01535797119140625,0.0134735107421875,1,2,Black-chinned Hummingbird,Green-crowned Brilliant,Black-chinned Hummingbird,Brown Jay,Painted Bunting,Tropic Croton
val/03306_Animalia_Chordata_Aves_Caprimulgiformes_Trochilidae_Archilochus_alexandri/5ffa3a43-8aa1-4d29-bfdb-d55f4325d6d3.jpg,153,180,0,180,153,195,182,154,0.05389404296875,0.029632568359375,0.0259552001953125,0.02020263671875,0.01959228515625,1,2,Black-chinned Hummingbird,Violet-green Swallow,Black-chinned Hummingbird,Eastern Towhee,Common Grackle,Green-crowned Brilliant
val/03306_Animalia_Chordata_Aves_Caprimulgiformes_Trochilidae_Archilochus_alexandri/8fc9a468-e6cb-45ab-87a9-fd5244b02f16.jpg,153,204,0,204,185,193,153,94,0.05206298828125,0.033966064453125,0.0295257568359375,0.02490234375,0.0176849365234375,1,4,Black-chinned Hummingbird,Western Wood-Pewee,Familiar Chat,Lark Bunting,Black-chinned Hummingbird,Thoas Swallowtail
val/03306_Animalia_Chordata_Aves_Caprimulgiformes_Trochilidae_Archilochus_alexandri/cbd0ffee-ea87-43c7-a8de-5753e8cf7b4e.jpg,153,154,0,154,185,179,153,203,0.53857421875,0.0865478515625,0.08551025390625,0.05047607421875,0.037139892578125,1,4,Black-chinned Hummingbird,Green-crowned Brilliant,Familiar Chat,Southern Rough-winged Swallow,Black-chinned Hummingbird,Olive-sided Flycatcher
val/03358_Animalia_Chordata_Aves_Charadriiformes_Charadriidae_Charadrius_obscurus/2c1b85a4-694d-466d-9831-ffeccffa7094.jpg,155,185,0,185,156,155,195,164,0.0626220703125,0.056854248046875,0.04736328125,0.02392578125,0.0125274658203125,1,3,Red-breasted Dotterel,Familiar Chat,Wilson's Plover,Red-breasted Dotterel,Eastern Towhee,Far Eastern Curlew
val/03358_Animalia_Chordata_Aves_Charadriiformes_Charadriidae_Charadrius_obscurus/43dd3acd-05fa-4c88-950e-c07f58145b60.jpg,155,185,0,185,156,155,164,163,0.10711669921875,0.07867431640625,0.0634765625,0.0277099609375,0.0228424072265625,1,3,Red-breasted Dotterel,Familiar Chat,Wilson's Plover,Red-breasted Dotterel,Far Eastern Curlew,Glaucous-winged Gull
val/03358_Animalia_Chordata_Aves_Charadriiformes_Charadriidae_Charadrius_obscurus/39de7c13-0a26-4fe2-ba9c-87096f8ff191.jpg,155,176,0,176,155,148,185,272,0.05303955078125,0.04278564453125,0.040435791015625,0.0341796875,0.03326416015625,1,2,Red-breasted Dotterel,Red Crossbill,Red-breasted Dotterel,Yellow-billed Pintail,Familiar Chat,Hoof Fungus
val/03358_Animalia_Chordata_Aves_Charadriiformes_Charadriidae_Charadrius_obscurus/6833b1b8-2ee3-4c85-89d7-c108ad3be06b.jpg,155,156,0,156,158,155,159,161,0.1131591796875,0.073486328125,0.049591064453125,0.023956298828125,0.0224609375,1,3,Red-breasted Dotterel,Wilson's Plover,Crowned Lapwing,Red-breasted Dotterel,American Oystercatcher,Black-headed Gull
val/03358_Animalia_Chordata_Aves_Charadriiformes_Charadriidae_Charadrius_obscurus/7cd796e0-aa40-4d34-b42e-e0b55a4879cd.jpg,155,253,0,253,155,5,248,47,0.0394287109375,0.0279083251953125,0.02630615234375,0.01715087890625,0.01474761962890625,1,2,Red-breasted Dotterel,California Cone,Red-breasted Dotterel,Eastern Bark Centipede,Massasauga,Volupial Pyrausta Moth
val/03364_Animalia_Chordata_Aves_Charadriiformes_Charadriidae_Charadrius_wilsonia/8987a474-82d5-407e-ba86-7e71b6c0b28d.jpg,156,155,0,155,156,161,164,159,0.1636962890625,0.07952880859375,0.060333251953125,0.047271728515625,0.017913818359375,1,2,Wilson's Plover,Red-breasted Dotterel,Wilson's Plover,Black-headed Gull,Far Eastern Curlew,American Oystercatcher
val/03364_Animalia_Chordata_Aves_Charadriiformes_Charadriidae_Charadrius_wilsonia/15c22595-a199-4fa2-b9de-06ffbe7b21ea.jpg,156,155,0,155,156,158,160,152,0.293701171875,0.1260986328125,0.04974365234375,0.049346923828125,0.0400390625,1,2,Wilson's Plover,Red-breasted Dotterel,Wilson's Plover,Crowned Lapwing,Hartlaub's Gull,Common Merganser
val/03367_Animalia_Chordata_Aves_Charadriiformes_Charadriidae_Pluvialis_dominica/89cf177e-9875-41c9-ae7c-8278a84682b9.jpg,157,232,0,232,158,193,146,157,0.27978515625,0.234619140625,0.0465087890625,0.0457763671875,0.02032470703125,1,5,American Golden-Plover,Woodchuck,Crowned Lapwing,Lark Bunting,Imperial Eagle,American Golden-Plover
val/03367_Animalia_Chordata_Aves_Charadriiformes_Charadriidae_Pluvialis_dominica/0939e8a7-abf2-4f84-8492-5942d42ca877.jpg,157,164,0,164,157,156,165,155,0.369140625,0.1572265625,0.107177734375,0.08349609375,0.01384735107421875,1,2,American Golden-Plover,Far Eastern Curlew,American Golden-Plover,Wilson's Plover,Wood Sandpiper,Red-breasted Dotterel
val/03367_Animalia_Chordata_Aves_Charadriiformes_Charadriidae_Pluvialis_dominica/85b54f0b-b48d-4851-b279-6b5be80ab4fc.jpg,157,156,0,156,157,151,392,155,0.3251953125,0.16943359375,0.10748291015625,0.015350341796875,0.01480865478515625,1,2,American Golden-Plover,Wilson's Plover,American Golden-Plover,Smew,pygmy-flower rock-jasmine,Red-breasted Dotterel
val/03367_Animalia_Chordata_Aves_Charadriiformes_Charadriidae_Pluvialis_dominica/88588a4d-8e89-4c2f-bcf1-93677cf7465e.jpg,157,220,0,220,157,266,165,229,0.05621337890625,0.026519775390625,0.015045166015625,0.0117950439453125,0.0089111328125,1,2,American Golden-Plover,Klipspringer,American Golden-Plover,blusher,Wood Sandpiper,Western Grey Kangaroo
val/03367_Animalia_Chordata_Aves_Charadriiformes_Charadriidae_Pluvialis_dominica/3294a323-149b-4a72-8b05-74ef9e7e2890.jpg,157,156,0,156,157,164,155,148,0.4072265625,0.275634765625,0.040802001953125,0.01861572265625,0.0164794921875,1,2,American Golden-Plover,Wilson's Plover,American Golden-Plover,Far Eastern Curlew,Red-breasted Dotterel,Yellow-billed Pintail
val/03367_Animalia_Chordata_Aves_Charadriiformes_Charadriidae_Pluvialis_dominica/ee07730e-c924-4206-bdb6-827f25b60b7a.jpg,157,156,0,156,164,165,157,159,0.2452392578125,0.0877685546875,0.058013916015625,0.0343017578125,0.024658203125,1,4,American Golden-Plover,Wilson's Plover,Far Eastern Curlew,Wood Sandpiper,American Golden-Plover,American Oystercatcher
val/03385_Animalia_Chordata_Aves_Charadriiformes_Haematopodidae_Haematopus_palliatus/f2d6a0a5-f3f5-444a-a419-fb4e618443f5.jpg,159,150,0,150,159,156,165,152,0.0943603515625,0.041778564453125,0.028350830078125,0.0267486572265625,0.02130126953125,1,2,American Oystercatcher,Surf Scoter,American Oystercatcher,Wilson's Plover,Wood Sandpiper,Common Merganser
val/03385_Animalia_Chordata_Aves_Charadriiformes_Haematopodidae_Haematopus_palliatus/06a2ddd6-0957-4be9-8a43-35e01638c157.jpg,159,156,0,156,164,152,159,162,0.29443359375,0.173828125,0.077392578125,0.05499267578125,0.0264129638671875,1,4,American Oystercatcher,Wilson's Plover,Far Eastern Curlew,Common Merganser,American Oystercatcher,Caspian Gull
val/03398_Animalia_Chordata_Aves_Charadriiformes_Laridae_Chroicocephalus_hartlaubii/54467c3b-2eb8-44e8-888c-fcea9024c37b.jpg,160,162,0,162,161,163,160,206,0.2056884765625,0.06201171875,0.0413818359375,0.019317626953125,0.00878143310546875,1,4,Hartlaub's Gull,Caspian Gull,Black-headed Gull,Glaucous-winged Gull,Hartlaub's Gull,Masked Water-Tyrant
val/03398_Animalia_Chordata_Aves_Charadriiformes_Laridae_Chroicocephalus_hartlaubii/4e5bf5a0-6ad9-429d-9848-b4e8010c3362.jpg,160,152,0,152,160,155,161,156,0.10272216796875,0.0653076171875,0.06500244140625,0.055023193359375,0.050750732421875,1,2,Hartlaub's Gull,Common Merganser,Hartlaub's Gull,Red-breasted Dotterel,Black-headed Gull,Wilson's Plover
val/03398_Animalia_Chordata_Aves_Charadriiformes_Laridae_Chroicocephalus_hartlaubii/77e875d7-dd12-4e4a-9433-32bea2116984.jpg,160,163,0,163,156,158,155,160,0.21484375,0.1007080078125,0.04144287109375,0.03466796875,0.02935791015625,1,5,Hartlaub's Gull,Glaucous-winged Gull,Wilson's Plover,Crowned Lapwing,Red-breasted Dotterel,Hartlaub's Gull
val/03398_Animalia_Chordata_Aves_Charadriiformes_Laridae_Chroicocephalus_hartlaubii/f67c48fa-86db-4956-861d-8bb45f008036.jpg,160,163,0,163,162,160,217,216,0.33203125,0.05633544921875,0.0275115966796875,0.0271759033203125,0.01470947265625,1,3,Hartlaub's Gull,Glaucous-winged Gull,Caspian Gull,Hartlaub's Gull,Brandt's Cormorant,Pelagic Cormorant
val/03398_Animalia_Chordata_Aves_Charadriiformes_Laridae_Chroicocephalus_hartlaubii/76a53627-e739-4dee-a246-9eb2a4944182.jpg,160,163,0,163,155,160,161,156,0.13671875,0.10125732421875,0.035736083984375,0.0311431884765625,0.01070404052734375,1,3,Hartlaub's Gull,Glaucous-winged Gull,Red-breasted Dotterel,Hartlaub's Gull,Black-headed Gull,Wilson's Plover
val/03402_Animalia_Chordata_Aves_Charadriiformes_Laridae_Chroicocephalus_ridibundus/185f5d68-7b6e-4f76-9f76-1e975891079d.jpg,161,162,0,162,161,151,152,148,0.1488037109375,0.10369873046875,0.07904052734375,0.045684814453125,0.0269927978515625,1,2,Black-headed Gull,Caspian Gull,Black-headed Gull,Smew,Common Merganser,Yellow-billed Pintail
val/03402_Animalia_Chordata_Aves_Charadriiformes_Laridae_Chroicocephalus_ridibundus/6023e79c-3da4-42d0-b709-c4df79138a40.jpg,161,163,0,163,161,155,152,213,0.28857421875,0.222900390625,0.02606201171875,0.0180816650390625,0.0125732421875,1,2,Black-headed Gull,Glaucous-winged Gull,Black-headed Gull,Red-breasted Dotterel,Common Merganser,American Flamingo
val/03402_Animalia_Chordata_Aves_Charadriiformes_Laridae_Chroicocephalus_ridibundus/724adb40-b05d-4b6c-994c-52cde5bc1145.jpg,161,160,0,160,161,159,175,226,0.050811767578125,0.027496337890625,0.0118865966796875,0.01009368896484375,0.007701873779296875,1,2,Black-headed Gull,Hartlaub's Gull,Black-headed Gull,American Oystercatcher,Double-barred Finch,Hooded Skunk
val/03410_Animalia_Chordata_Aves_Charadriiformes_Laridae_Larus_cachinnans/864f6702-d597-404a-ad8e-d02a56445c61.jpg,162,207,0,207,162,212,211,206,0.08251953125,0.05914306640625,0.0276947021484375,0.02703857421875,0.0262603759765625,1,2,Caspian Gull,Ash-throated Flycatcher,Caspian Gull,Dalmatian Pelican,Black-crowned Night Heron,Masked Water-Tyrant
val/03410_Animalia_Chordata_Aves_Charadriiformes_Laridae_Larus_cachinnans/a5ee8eec-0d50-4e38-a375-278bd577e0f7.jpg,162,149,0,149,216,162,150,217,0.1676025390625,0.10772705078125,0.0872802734375,0.030517578125,0.02703857421875,1,3,Caspian Gull,Mute Swan,Pelagic Cormorant,Caspian Gull,Surf Scoter,Brandt's Cormorant
val/03417_Animalia_Chordata_Aves_Charadriiformes_Laridae_Larus_glaucescens/493609a5-e3f2-4606-8257-2cf5b47c5460.jpg,163,160,0,160,161,175,155,163,0.337646484375,0.289306640625,0.026947021484375,0.0219268798828125,0.017791748046875,1,5,Glaucous-winged Gull,Hartlaub's Gull,Black-headed Gull,Double-barred Finch,Red-breasted Dotterel,Glaucous-winged Gull
val/03417_Animalia_Chordata_Aves_Charadriiformes_Laridae_Larus_glaucescens/b4523c80-3964-48d2-8108-119940039228.jpg,163,160,0,160,163,149,162,227,0.1595458984375,0.1595458984375,0.0174713134765625,0.016510009765625,0.00812530517578125,1,2,Glaucous-winged Gull,Hartlaub's Gull,Glaucous-winged Gull,Mute Swan,Caspian Gull,New Zealand Sea Lion
val/03417_Animalia_Chordata_Aves_Charadriiformes_Laridae_Larus_glaucescens/28d6fe07-ce13-49c8-86ac-95aad9d155d4.jpg,163,161,0,161,163,160,149,341,0.4833984375,0.0229339599609375,0.0174102783203125,0.017333984375,0.01055145263671875,1,2,Glaucous-winged Gull,Black-headed Gull,Glaucous-winged Gull,Hartlaub's Gull,Mute Swan,tree marigold
val/03481_Animalia_Chordata_Aves_Charadriiformes_Scolopacidae_Numenius_madagascariensis/f2cea325-baa3-44bf-ada0-1014eed69a12.jpg,164,157,0,157,148,164,165,185,0.63232421875,0.167236328125,0.020233154296875,0.00894927978515625,0.00545501708984375,1,3,Far Eastern Curlew,American Golden-Plover,Yellow-billed Pintail,Far Eastern Curlew,Wood Sandpiper,Familiar Chat
val/03490_Animalia_Chordata_Aves_Charadriiformes_Scolopacidae_Tringa_glareola/5b7271b9-c626-4528-b9d2-6bb4eae5c765.jpg,165,229,0,229,164,148,165,245,0.053497314453125,0.0487060546875,0.036041259765625,0.03094482421875,0.0272979736328125,1,4,Wood Sandpiper,Western Grey Kangaroo,Far Eastern Curlew,Yellow-billed Pintail,Wood Sandpiper,Mole Snake
val/03490_Animalia_Chordata_Aves_Charadriiformes_Scolopacidae_Tringa_glareola/af7e5e12-5208-48a6-bfb6-b40072c70eb7.jpg,165,157,0,157,156,184,165,194,0.058074951171875,0.03363037109375,0.0288543701171875,0.024749755859375,0.014007568359375,1,4,Wood Sandpiper,American Golden-Plover,Wilson's Plover,Meadow Pipit,Wood Sandpiper,Henslow's Sparrow
val/03490_Animalia_Chordata_Aves_Charadriiformes_Scolopacidae_Tringa_glareola/8a6a75e3-adb2-4ff8-b0c0-488f17a3dac6.jpg,165,157,0,157,165,156,155,184,0.10772705078125,0.08734130859375,0.021759033203125,0.020477294921875,0.015777587890625,1,2,Wood Sandpiper,American Golden-Plover,Wood Sandpiper,Wilson's Plover,Red-breasted Dotterel,Meadow Pipit
val/03490_Animalia_Chordata_Aves_Charadriiformes_Scolopacidae_Tringa_glareola/c2b5ba74-ee11-4348-823a-de1183dbab48.jpg,165,157,0,157,245,156,165,184,0.5029296875,0.02789306640625,0.02362060546875,0.019317626953125,0.018524169921875,1,4,Wood Sandpiper,American Golden-Plover,Mole Snake,Wilson's Plover,Wood Sandpiper,Meadow Pipit
val/03529_Animalia_Chordata_Aves_Columbiformes_Columbidae_Patagioenas_flavirostris/0439dd12-ea4b-4bef-bd09-c2faca509de2.jpg,166,179,0,179,177,166,204,176,0.323486328125,0.08441162109375,0.044189453125,0.02215576171875,0.021484375,1,3,Red-billed Pigeon,Southern Rough-winged Swallow,Barn Swallow,Red-billed Pigeon,Western Wood-Pewee,Red Crossbill
val/03529_Animalia_Chordata_Aves_Columbiformes_Columbidae_Patagioenas_flavirostris/28782dff-9f44-4b3e-a5a9-a479b59d0902.jpg,166,204,0,204,166,173,182,201,0.09423828125,0.05596923828125,0.04071044921875,0.04058837890625,0.0258026123046875,1,2,Red-billed Pigeon,Western Wood-Pewee,Red-billed Pigeon,Brown Jay,Common Grackle,Grayish Saltator
val/03635_Animalia_Chordata_Aves_Galliformes_Phasianidae_Pavo_cristatus/0250a092-3d44-4f61-b1ff-79d13034ff27.jpg,167,182,0,182,167,172,217,218,0.08953857421875,0.08563232421875,0.040252685546875,0.033355712890625,0.01751708984375,1,2,Common Peafowl,Common Grackle,Common Peafowl,Fish Crow,Brandt's Cormorant,Black-throated Trogon
val/03635_Animalia_Chordata_Aves_Galliformes_Phasianidae_Pavo_cristatus/f24ae8ed-5c06-404e-9ad1-b0585e735d52.jpg,167,130,0,130,245,167,241,182,0.07293701171875,0.03375244140625,0.0270233154296875,0.022308349609375,0.022186279296875,1,3,Common Peafowl,Chub,Mole Snake,Common Peafowl,Aesculapian Snake,Common Grackle
val/03715_Animalia_Chordata_Aves_Passeriformes_Cardinalidae_Passerina_ciris/6e8c1dbf-9503-455e-b1da-9204de0c5a69.jpg,169,196,0,196,150,169,168,148,0.12335205078125,0.10205078125,0.05322265625,0.0266876220703125,0.024169921875,1,3,Painted Bunting,Eastern Yellow Robin,Surf Scoter,Painted Bunting,Black Crake,Yellow-billed Pintail
val/03719_Animalia_Chordata_Aves_Passeriformes_Cardinalidae_Pheucticus_chrysopeplus/3c8981e1-9e53-4a4e-b7a5-25acf572edd5.jpg,170,202,0,202,195,201,218,170,0.09716796875,0.09100341796875,0.06781005859375,0.04229736328125,0.02911376953125,1,5,Yellow Grosbeak,Blue-gray Tanager,Eastern Towhee,Grayish Saltator,Black-throated Trogon,Yellow Grosbeak
val/03719_Animalia_Chordata_Aves_Passeriformes_Cardinalidae_Pheucticus_chrysopeplus/ad6d87e3-b85a-4691-9836-4563019c8645.jpg,170,192,0,192,190,196,170,189,0.137939453125,0.06317138671875,0.06256103515625,0.0616455078125,0.044219970703125,1,4,Yellow Grosbeak,Golden-winged Warbler,Yellow-throated Warbler,Eastern Yellow Robin,Yellow Grosbeak,Hooded Warbler
val/03719_Animalia_Chordata_Aves_Passeriformes_Cardinalidae_Pheucticus_chrysopeplus/c0c01146-7b7a-4023-bf78-0ec9ee4fa5c6.jpg,170,191,0,191,170,189,195,218,0.1334228515625,0.054168701171875,0.0267486572265625,0.024688720703125,0.0225982666015625,1,2,Yellow Grosbeak,American Redstart,Yellow Grosbeak,Hooded Warbler,Eastern Towhee,Black-throated Trogon
val/03728_Animalia_Chordata_Aves_Passeriformes_Certhiidae_Certhia_americana/82e2e9cf-2ce6-43f7-b4a4-d99a7bb10635.jpg,171,92,0,92,171,215,228,45,0.1768798828125,0.049468994140625,0.01416778564453125,0.013397216796875,0.01300048828125,1,2,Brown Creeper,Blomfild's Beauty,Brown Creeper,Eastern Screech-Owl,Sunda Flying Lemur,Hydrilla Leafcutter Moth
val/03728_Animalia_Chordata_Aves_Passeriformes_Certhiidae_Certhia_americana/030f6f1c-ff8f-423f-9999-e41bd72154f6.jpg,171,51,0,51,37,7,171,471,0.308349609375,0.061309814453125,0.05413818359375,0.0416259765625,0.0200958251953125,1,4,Brown Creeper,Ilia Underwing,Florida Carpenter Ant,Emerald Ash Borer,Brown Creeper,Dwarf Nettle
val/03759_Animalia_Chordata_Aves_Passeriformes_Corvidae_Corvus_ossifragus/f6baf744-8d99-498e-bd24-a614378da5e6.jpg,172,216,0,216,172,167,217,182,0.2054443359375,0.11962890625,0.1060791015625,0.042236328125,0.037384033203125,1,2,Fish Crow,Pelagic Cormorant,Fish Crow,Common Peafowl,Brandt's Cormorant,Common Grackle
val/03759_Animalia_Chordata_Aves_Passeriformes_Corvidae_Corvus_ossifragus/3be61c9e-e288-4a06-bc7a-e0c0880bd69d.jpg,172,393,0,393,441,170,395,172,0.058441162109375,0.058380126953125,0.0216827392578125,0.0199127197265625,0.019195556640625,1,5,Fish Crow,Taiwan Acacia,black willow,Yellow Grosbeak,Scotch Broom,Fish Crow
val/03759_Animalia_Chordata_Aves_Passeriformes_Corvidae_Corvus_ossifragus/b0f59e02-ee68-4995-8e72-e80271129691.jpg,172,181,0,181,172,216,190,166,0.084716796875,0.04302978515625,0.028900146484375,0.0147247314453125,0.0139007568359375,1,2,Fish Crow,Tricolored Blackbird,Fish Crow,Pelagic Cormorant,Yellow-throated Warbler,Red-billed Pigeon
val/03759_Animalia_Chordata_Aves_Passeriformes_Corvidae_Corvus_ossifragus/d560fc5b-437c-4e60-a8f4-81205ae0e97f.jpg,172,225,0,225,490,488,172,201,0.031280517578125,0.024566650390625,0.02178955078125,0.0190277099609375,0.015716552734375,1,4,Fish Crow,Canada Lynx,white fir,baldcypress,Fish Crow,Grayish Saltator
val/03777_Animalia_Chordata_Aves_Passeriformes_Corvidae_Psilorhinus_morio/c3d9de4a-af8b-4282-abff-22a775ac0076.jpg,173,166,0,166,173,201,204,179,0.1258544921875,0.1009521484375,0.047760009765625,0.02410888671875,0.023529052734375,1,2,Brown Jay,Red-billed Pigeon,Brown Jay,Grayish Saltator,Western Wood-Pewee,Southern Rough-winged Swallow
val/03777_Animalia_Chordata_Aves_Passeriformes_Corvidae_Psilorhinus_morio/5dcad0e2-a06b-4252-bab7-20b9f0a916f5.jpg,173,181,0,181,173,202,188,210,0.0579833984375,0.055145263671875,0.044769287109375,0.02587890625,0.025421142578125,1,2,Brown Jay,Tricolored Blackbird,Brown Jay,Blue-gray Tanager,Cerulean Warbler,Boat-billed Heron
val/03828_Animalia_Chordata_Aves_Passeriformes_Fringillidae_Loxia_curvirostra/9528f548-fd2f-4229-9109-5a3ee7e2694d.jpg,176,200,0,200,195,176,173,182,0.1712646484375,0.112548828125,0.072998046875,0.040863037109375,0.04071044921875,1,3,Red Crossbill,Wrentit,Eastern Towhee,Red Crossbill,Brown Jay,Common Grackle
val/03849_Animalia_Chordata_Aves_Passeriformes_Hirundinidae_Hirundo_rustica/63906a59-73c9-4f4c-891e-fa14a8913974.jpg,177,178,0,178,198,177,180,186,0.10369873046875,0.0948486328125,0.08135986328125,0.0223388671875,0.0189971923828125,1,3,Barn Swallow,Bank Swallow,Common Firecrest,Barn Swallow,Violet-green Swallow,Boreal Chickadee
val/03859_Animalia_Chordata_Aves_Passeriformes_Hirundinidae_Riparia_riparia/80172d23-f29a-4d91-9938-6c8b1d881190.jpg,178,177,0,177,178,179,169,146,0.330078125,0.271484375,0.0281982421875,0.01343536376953125,0.01116943359375,1,2,Bank Swallow,Barn Swallow,Bank Swallow,Southern Rough-winged Swallow,Painted Bunting,Imperial Eagle
val/03859_Animalia_Chordata_Aves_Passeriformes_Hirundinidae_Riparia_riparia/94c3b511-2580-4a4a-bd65-9854c5fb8dfe.jpg,178,215,0,215,178,155,82,110,0.0638427734375,0.037322998046875,0.0223388671875,0.0205078125,0.019805908203125,1,2,Bank Swallow,Eastern Screech-Owl,Bank Swallow,Red-breasted Dotterel,Black-dotted Maliattha,Filbertworm Moth
val/03860_Animalia_Chordata_Aves_Passeriformes_Hirundinidae_Stelgidopteryx_ruficollis/7a12dce7-0ae7-4ee0-8a4c-767faf9bfecd.jpg,179,205,0,205,204,179,183,207,0.1356201171875,0.09942626953125,0.053680419921875,0.04156494140625,0.01448822021484375,1,3,Southern Rough-winged Swallow,Hammond's Flycatcher,Western Wood-Pewee,Southern Rough-winged Swallow,White-plumed Honeyeater,Ash-throated Flycatcher
val/03865_Animalia_Chordata_Aves_Passeriformes_Hirundinidae_Tachycineta_thalassina/f1020dd5-058a-465a-ac46-77e053962456.jpg,180,182,0,182,7,177,180,172,0.0819091796875,0.05120849609375,0.04949951171875,0.04864501953125,0.03143310546875,1,4,Violet-green Swallow,Common Grackle,Emerald Ash Borer,Barn Swallow,Violet-green Swallow,Fish Crow
val/03865_Animalia_Chordata_Aves_Passeriformes_Hirundinidae_Tachycineta_thalassina/aa2a8b87-342f-42c6-a94d-b658cd2c6306.jpg,180,178,0,178,177,147,180,179,0.1746826171875,0.1341552734375,0.09722900390625,0.08837890625,0.05474853515625,1,4,Violet-green Swallow,Bank Swallow,Barn Swallow,European Honey-buzzard,Violet-green Swallow,Southern Rough-winged Swallow
val/03865_Animalia_Chordata_Aves_Passeriformes_Hirundinidae_Tachycineta_thalassina/c8e13777-7aef-4ad8-8e84-a634c9b1ffae.jpg,180,206,0,206,151,178,160,180,0.089599609375,0.0814208984375,0.062744140625,0.0330810546875,0.03033447265625,1,5,Violet-green Swallow,Masked Water-Tyrant,Smew,Bank Swallow,Hartlaub's Gull,Violet-green Swallow
val/03865_Animalia_Chordata_Aves_Passeriformes_Hirundinidae_Tachycineta_thalassina/6e46ada7-3ca0-446f-a459-07642e750eed.jpg,180,154,0,154,180,153,169,202,0.10308837890625,0.033966064453125,0.0240478515625,0.023773193359375,0.02294921875,1,2,Violet-green Swallow,Green-crowned Brilliant,Violet-green Swallow,Black-chinned Hummingbird,Painted Bunting,Blue-gray Tanager
val/03868_Animalia_Chordata_Aves_Passeriformes_Icteridae_Agelaius_tricolor/e22b7768-c83e-480d-a896-84f9e729fc37.jpg,181,172,0,172,181,173,174,211,0.63232421875,0.044158935546875,0.01617431640625,0.01568603515625,0.01323699951171875,1,2,Tricolored Blackbird,Fish Crow,Tricolored Blackbird,Brown Jay,Alpine Chough,Black-crowned Night Heron
val/03868_Animalia_Chordata_Aves_Passeriformes_Icteridae_Agelaius_tricolor/9d81c410-b5de-406c-a5ea-1a581b2510fa.jpg,181,172,0,172,193,217,174,181,0.19091796875,0.05828857421875,0.027740478515625,0.02752685546875,0.0264739990234375,1,5,Tricolored Blackbird,Fish Crow,Lark Bunting,Brandt's Cormorant,Alpine Chough,Tricolored Blackbird
val/03868_Animalia_Chordata_Aves_Passeriformes_Icteridae_Agelaius_tricolor/06016b8e-e216-45f6-a1b5-f6590c7d49f0.jpg,181,146,0,146,181,158,193,19,0.1246337890625,0.0692138671875,0.03985595703125,0.032958984375,0.01678466796875,1,2,Tricolored Blackbird,Imperial Eagle,Tricolored Blackbird,Crowned Lapwing,Lark Bunting,Garden soldier fly
val/03868_Animalia_Chordata_Aves_Passeriformes_Icteridae_Agelaius_tricolor/31fd641e-dcdf-4df7-93d8-d8878701518a.jpg,181,172,0,172,180,177,173,181,0.36376953125,0.146728515625,0.0802001953125,0.05438232421875,0.035491943359375,1,5,Tricolored Blackbird,Fish Crow,Violet-green Swallow,Barn Swallow,Brown Jay,Tricolored Blackbird
val/03901_Animalia_Chordata_Aves_Passeriformes_Icteridae_Quiscalus_quiscula/483d0f50-fad9-43fc-bc13-2b21184412aa.jpg,182,172,0,172,182,195,173,154,0.055816650390625,0.038604736328125,0.02960205078125,0.0259857177734375,0.0190887451171875,1,2,Common Grackle,Fish Crow,Common Grackle,Eastern Towhee,Brown Jay,Green-crowned Brilliant
val/03901_Animalia_Chordata_Aves_Passeriformes_Icteridae_Quiscalus_quiscula/d39fdbe6-bcee-4873-8813-489e65829761.jpg,182,178,0,178,159,217,180,182,0.1929931640625,0.09234619140625,0.050628662109375,0.02313232421875,0.02203369140625,1,5,Common Grackle,Bank Swallow,American Oystercatcher,Brandt's Cormorant,Violet-green Swallow,Common Grackle
val/03901_Animalia_Chordata_Aves_Passeriformes_Icteridae_Quiscalus_quiscula/e51fe8b6-c312-4912-bfe0-75d9172942b1.jpg,182,232,0,232,182,206,181,245,0.23291015625,0.1893310546875,0.0738525390625,0.05206298828125,0.036468505859375,1,2,Common Grackle,Woodchuck,Common Grackle,Masked Water-Tyrant,Tricolored Blackbird,Mole Snake
val/03901_Animalia_Chordata_Aves_Passeriformes_Icteridae_Quiscalus_quiscula/2e5a30c8-9854-4842-8cac-1c150700dfa7.jpg,182,216,0,216,172,203,182,167,0.1412353515625,0.11920166015625,0.044586181640625,0.042205810546875,0.041229248046875,1,4,Common Grackle,Pelagic Cormorant,Fish Crow,Olive-sided Flycatcher,Common Grackle,Common Peafowl
val/03961_Animalia_Chordata_Aves_Passeriformes_Motacillidae_Anthus_pratensis/0f01d36d-547b-4356-918c-dcfb7bb09ae0.jpg,184,201,0,201,207,183,184,210,0.063720703125,0.027587890625,0.0252838134765625,0.0227813720703125,0.0208740234375,1,4,Meadow Pipit,Grayish Saltator,Ash-throated Flycatcher,White-plumed Honeyeater,Meadow Pipit,Boat-billed Heron
val/03961_Animalia_Chordata_Aves_Passeriformes_Motacillidae_Anthus_pratensis/1b9b530d-74a8-4e2b-ae96-61f89c955b32.jpg,184,207,0,207,205,198,184,206,0.09588623046875,0.0355224609375,0.024688720703125,0.0122222900390625,0.01165771484375,1,4,Meadow Pipit,Ash-throated Flycatcher,Hammond's Flycatcher,Common Firecrest,Meadow Pipit,Masked Water-Tyrant
val/03961_Animalia_Chordata_Aves_Passeriformes_Motacillidae_Anthus_pratensis/cc4a144f-d990-4555-8b1a-21db7acd52ac.jpg,184,194,0,194,193,184,196,185,0.25830078125,0.037200927734375,0.0252685546875,0.0138702392578125,0.0137939453125,1,3,Meadow Pipit,Henslow's Sparrow,Lark Bunting,Meadow Pipit,Eastern Yellow Robin,Familiar Chat
val/03961_Animalia_Chordata_Aves_Passeriformes_Motacillidae_Anthus_pratensis/55c88670-e84b-4a18-8354-038b2c7fa109.jpg,184,185,0,185,193,184,176,155,0.320068359375,0.04681396484375,0.0350341796875,0.0294647216796875,0.0211639404296875,1,3,Meadow Pipit,Familiar Chat,Lark Bunting,Meadow Pipit,Red Crossbill,Red-breasted Dotterel
val/03990_Animalia_Chordata_Aves_Passeriformes_Muscicapidae_Oenanthe_familiaris/b8e5a1a3-1519-4ae3-b4b1-e08d219c8eff.jpg,185,207,0,207,185,206,205,155,0.307861328125,0.10174560546875,0.07281494140625,0.03363037109375,0.0196685791015625,1,2,Familiar Chat,Ash-throated Flycatcher,Familiar Chat,Masked Water-Tyrant,Hammond's Flycatcher,Red-breasted Dotterel
val/04040_Animalia_Chordata_Aves_Passeriformes_Paridae_Poecile_hudsonicus/c727e5ab-97a7-4536-a501-d7451513a4df.jpg,186,491,0,491,474,186,372,215,0.0653076171875,0.037261962890625,0.0302734375,0.017608642578125,0.016845703125,1,3,Boreal Chickadee,lodgepole pine,elephant tree,Boreal Chickadee,crucifixion thorn,Eastern Screech-Owl
val/04040_Animalia_Chordata_Aves_Passeriformes_Paridae_Poecile_hudsonicus/86bf6491-56d8-48fa-8466-9667361c27fd.jpg,186,201,0,201,185,200,186,196,0.08026123046875,0.0799560546875,0.06439208984375,0.057769775390625,0.052032470703125,1,4,Boreal Chickadee,Grayish Saltator,Familiar Chat,Wrentit,Boreal Chickadee,Eastern Yellow Robin
val/04040_Animalia_Chordata_Aves_Passeriformes_Paridae_Poecile_hudsonicus/42c2508d-81c5-46e5-b7e7-0d0d874b1424.jpg,186,198,0,198,208,186,474,440,0.073974609375,0.04425048828125,0.033966064453125,0.031890869140625,0.025604248046875,1,3,Boreal Chickadee,Common Firecrest,Warbling White-eye,Boreal Chickadee,elephant tree,Grey Willow
val/04043_Animalia_Chordata_Aves_Passeriformes_Paridae_Poecile_rufescens/9a240c26-d007-438e-9089-608a6a1d942a.jpg,187,186,0,186,187,197,205,207,0.84765625,0.04681396484375,0.00678253173828125,0.004146575927734375,0.003681182861328125,1,2,Chestnut-backed Chickadee,Boreal Chickadee,Chestnut-backed Chickadee,Tomtit,Hammond's Flycatcher,Ash-throated Flycatcher
val/04043_Animalia_Chordata_Aves_Passeriformes_Paridae_Poecile_rufescens/df215425-8df2-4292-b22c-c799b7c61031.jpg,187,231,0,231,233,187,226,249,0.382568359375,0.051727294921875,0.03704833984375,0.033172607421875,0.013580322265625,1,3,Chestnut-backed Chickadee,Bank Vole,Red-bellied Squirrel,Chestnut-backed Chickadee,Hooded Skunk,Beadlet anemone
val/04043_Animalia_Chordata_Aves_Passeriformes_Paridae_Poecile_rufescens/5d6c4cfa-a473-433b-bbb1-d9be2313993e.jpg,187,186,0,186,187,207,198,210,0.082763671875,0.07855224609375,0.06396484375,0.041534423828125,0.0340576171875,1,2,Chestnut-backed Chickadee,Boreal Chickadee,Chestnut-backed Chickadee,Ash-throated Flycatcher,Common Firecrest,Boat-billed Heron
val/04068_Animalia_Chordata_Aves_Passeriformes_Parulidae_Setophaga_cerulea/6be0bfa6-39b0-4a77-82ae-45cf35790e94.jpg,188,39,0,39,190,188,189,16,0.0638427734375,0.041656494140625,0.03961181640625,0.0207977294921875,0.0198974609375,1,3,Cerulean Warbler,Pure Green Sweat Bee,Yellow-throated Warbler,Cerulean Warbler,Hooded Warbler,Kern's Flower Scarab
val/04068_Animalia_Chordata_Aves_Passeriformes_Parulidae_Setophaga_cerulea/a487697f-1eca-4334-bd39-2e32b7154b3a.jpg,188,202,0,202,188,192,218,205,0.1524658203125,0.11322021484375,0.03692626953125,0.029144287109375,0.02392578125,1,2,Cerulean Warbler,Blue-gray Tanager,Cerulean Warbler,Golden-winged Warbler,Black-throated Trogon,Hammond's Flycatcher
val/04068_Animalia_Chordata_Aves_Passeriformes_Parulidae_Setophaga_cerulea/5de471f6-88d2-44af-8996-551ad336c735.jpg,188,205,0,205,187,198,188,197,0.257568359375,0.11846923828125,0.06573486328125,0.04791259765625,0.034515380859375,1,4,Cerulean Warbler,Hammond's Flycatcher,Chestnut-backed Chickadee,Common Firecrest,Cerulean Warbler,Tomtit
val/04070_Animalia_Chordata_Aves_Passeriformes_Parulidae_Setophaga_citrina/343acd0b-df14-4ed8-9296-47bce3cd1c5f.jpg,189,196,0,196,189,192,190,169,0.1591796875,0.0740966796875,0.04193115234375,0.034637451171875,0.0298614501953125,1,2,Hooded Warbler,Eastern Yellow Robin,Hooded Warbler,Golden-winged Warbler,Yellow-throated Warbler,Painted Bunting
val/04070_Animalia_Chordata_Aves_Passeriformes_Parulidae_Setophaga_citrina/dc89e53c-8a03-4b3d-83de-fab63a8a08fa.jpg,189,196,0,196,189,192,190,218,0.1416015625,0.048309326171875,0.0426025390625,0.0238494873046875,0.02325439453125,1,2,Hooded Warbler,Eastern Yellow Robin,Hooded Warbler,Golden-winged Warbler,Yellow-throated Warbler,Black-throated Trogon
val/04073_Animalia_Chordata_Aves_Passeriformes_Parulidae_Setophaga_dominica/ec48b42b-b450-4ba4-8196-d3c8bdefe618.jpg,190,183,0,183,189,190,170,354,0.187255859375,0.040191650390625,0.028961181640625,0.0242462158203125,0.01361846923828125,1,3,Yellow-throated Warbler,White-plumed Honeyeater,Hooded Warbler,Yellow-throated Warbler,Yellow Grosbeak,Strawberry Cactus
val/04073_Animalia_Chordata_Aves_Passeriformes_Parulidae_Setophaga_dominica/6dc8a315-981d-4848-a33d-602354bb951a.jpg,190,208,0,208,280,190,120,189,0.1807861328125,0.05413818359375,0.024078369140625,0.018341064453125,0.0173492431640625,1,3,Yellow-throated Warbler,Warbling White-eye,coconut palm,Yellow-throated Warbler,Dragonhunter,Hooded Warbler
val/04084_Animalia_Chordata_Aves_Passeriformes_Parulidae_Setophaga_ruticilla/6b081d51-3376-4d84-b88f-d994505e155d.jpg,191,218,0,218,191,195,210,170,0.31005859375,0.1153564453125,0.031951904296875,0.03131103515625,0.01337432861328125,1,2,American Redstart,Black-throated Trogon,American Redstart,Eastern Towhee,Boat-billed Heron,Yellow Grosbeak
val/04084_Animalia_Chordata_Aves_Passeriformes_Parulidae_Setophaga_ruticilla/ca5b41ed-d457-4a6c-af26-fea041c2726c.jpg,191,187,0,187,190,195,191,181,0.056060791015625,0.04144287109375,0.032073974609375,0.021881103515625,0.0181121826171875,1,4,American Redstart,Chestnut-backed Chickadee,Yellow-throated Warbler,Eastern Towhee,American Redstart,Tricolored Blackbird
val/04089_Animalia_Chordata_Aves_Passeriformes_Parulidae_Vermivora_chrysoptera/a9a1238a-6402-4ae3-8149-89a3b22aead6.jpg,192,190,0,190,198,192,189,63,0.2313232421875,0.20263671875,0.1826171875,0.045745849609375,0.0096588134765625,1,3,Golden-winged Warbler,Yellow-throated Warbler,Common Firecrest,Golden-winged Warbler,Hooded Warbler,Least Skipper
val/04089_Animalia_Chordata_Aves_Passeriformes_Parulidae_Vermivora_chrysoptera/60ed6d34-4f8e-49b3-90a5-a1a704635dd2.jpg,192,199,0,199,191,192,218,141,0.1204833984375,0.08453369140625,0.06396484375,0.038299560546875,0.035552978515625,1,3,Golden-winged Warbler,Brown-headed Nuthatch,American Redstart,Golden-winged Warbler,Black-throated Trogon,Cachabi Robber Frog
val/04099_Animalia_Chordata_Aves_Passeriformes_Passerellidae_Calamospiza_melanocorys/d9eeb16d-90d9-4eb1-8e32-be0fdf1f48f4.jpg,193,207,0,207,193,175,187,463,0.03778076171875,0.031829833984375,0.0270538330078125,0.0146942138671875,0.01177978515625,1,2,Lark Bunting,Ash-throated Flycatcher,Lark Bunting,Double-barred Finch,Chestnut-backed Chickadee,desert almond
val/04099_Animalia_Chordata_Aves_Passeriformes_Passerellidae_Calamospiza_melanocorys/35bf7d86-31ec-4448-a32f-80548b84cc0a.jpg,193,204,0,204,147,193,200,157,0.2044677734375,0.1419677734375,0.09197998046875,0.040985107421875,0.0174102783203125,1,3,Lark Bunting,Western Wood-Pewee,European Honey-buzzard,Lark Bunting,Wrentit,American Golden-Plover
val/04099_Animalia_Chordata_Aves_Passeriformes_Passerellidae_Calamospiza_melanocorys/41c0d2b8-f1ba-41b7-a8bd-d24e545b1259.jpg,193,187,0,187,205,194,193,188,0.198974609375,0.1732177734375,0.08746337890625,0.07049560546875,0.043975830078125,1,4,Lark Bunting,Chestnut-backed Chickadee,Hammond's Flycatcher,Henslow's Sparrow,Lark Bunting,Cerulean Warbler
val/04099_Animalia_Chordata_Aves_Passeriformes_Passerellidae_Calamospiza_melanocorys/4a62e062-7344-4839-8077-17d5396c805e.jpg,193,207,0,207,205,194,184,193,0.056793212890625,0.0260162353515625,0.0253143310546875,0.020294189453125,0.019500732421875,1,5,Lark Bunting,Ash-throated Flycatcher,Hammond's Flycatcher,Henslow's Sparrow,Meadow Pipit,Lark Bunting
val/04100_Animalia_Chordata_Aves_Passeriformes_Passerellidae_Centronyx_henslowii/0cc4d9b5-3e98-4c2e-b314-ed1c63dbf108.jpg,194,184,0,184,64,115,194,242,0.065673828125,0.01160430908203125,0.0109405517578125,0.0101470947265625,0.009552001953125,1,4,Henslow's Sparrow,Meadow Pipit,Desert Checkered-Skipper,Owly Sulphur,Henslow's Sparrow,Brown Basilisk
val/04118_Animalia_Chordata_Aves_Passeriformes_Passerellidae_Pipilo_erythrophthalmus/d9c5f1d6-3484-4eef-b13c-1257a35cdb87.jpg,195,173,0,173,195,203,181,197,0.05950927734375,0.0577392578125,0.035430908203125,0.01904296875,0.015106201171875,1,2,Eastern Towhee,Brown Jay,Eastern Towhee,Olive-sided Flycatcher,Tricolored Blackbird,Tomtit
val/04118_Animalia_Chordata_Aves_Passeriformes_Passerellidae_Pipilo_erythrophthalmus/3c5923da-840c-4b6c-9478-cdc356573005.jpg,195,20,0,20,38,21,195,180,0.06719970703125,0.0523681640625,0.036041259765625,0.03240966796875,0.0158843994140625,1,4,Eastern Towhee,Mexican Cactus Fly,New York Carpenter Ant,Yellow-shouldered Drone Fly,Eastern Towhee,Violet-green Swallow
val/04118_Animalia_Chordata_Aves_Passeriformes_Passerellidae_Pipilo_erythrophthalmus/f0b3303d-4926-4878-8b8f-87b3d3aaed66.jpg,195,201,0,201,173,195,192,218,0.056854248046875,0.044891357421875,0.030914306640625,0.0113525390625,0.0112152099609375,1,3,Eastern Towhee,Grayish Saltator,Brown Jay,Eastern Towhee,Golden-winged Warbler,Black-throated Trogon
val/04142_Animalia_Chordata_Aves_Passeriformes_Petroicidae_Petroica_macrocephala/ca484ac2-5c87-4c83-988e-2652c23fd3e1.jpg,197,204,0,204,181,200,193,197,0.08526611328125,0.06524658203125,0.0310516357421875,0.0274505615234375,0.018646240234375,1,5,Tomtit,Western Wood-Pewee,Tricolored Blackbird,Wrentit,Lark Bunting,Tomtit
val/04142_Animalia_Chordata_Aves_Passeriformes_Petroicidae_Petroica_macrocephala/75b57bcd-5dad-4e23-b22c-463da3639653.jpg,197,226,0,226,267,438,197,143,0.06341552734375,0.053070068359375,0.0274810791015625,0.0218658447265625,0.020721435546875,1,4,Tomtit,Hooded Skunk,Lichen Agaric,Klamath weed,Tomtit,Northern Red-legged Frog
val/04142_Animalia_Chordata_Aves_Passeriformes_Petroicidae_Petroica_macrocephala/21301bba-d9d6-4348-b64f-07b954680969.jpg,197,205,0,205,197,203,204,185,0.1737060546875,0.032440185546875,0.024993896484375,0.0235137939453125,0.0203399658203125,1,2,Tomtit,Hammond's Flycatcher,Tomtit,Olive-sided Flycatcher,Western Wood-Pewee,Familiar Chat
val/04142_Animalia_Chordata_Aves_Passeriformes_Petroicidae_Petroica_macrocephala/a60f1b57-23e4-4fc5-a099-b9d812598cca.jpg,197,226,0,226,33,233,197,206,0.11669921875,0.031494140625,0.0249786376953125,0.02490234375,0.023345947265625,1,4,Tomtit,Hooded Skunk,Ashy Mining Bee,Red-bellied Squirrel,Tomtit,Masked Water-Tyrant
val/04178_Animalia_Chordata_Aves_Passeriformes_Regulidae_Regulus_ignicapilla/f07e8842-4029-441b-84c1-ed28c9289780.jpg,198,126,0,126,198,87,175,2,0.05255126953125,0.039154052734375,0.0266265869140625,0.02581787109375,0.0255584716796875,1,2,Common Firecrest,Virile Crayfish,Common Firecrest,Silver Emperor,Double-barred Finch,Six-spotted Fishing Spider
val/04178_Animalia_Chordata_Aves_Passeriformes_Regulidae_Regulus_ignicapilla/3d9a19f7-9b46-4323-a6c4-c3b67fe06113.jpg,198,209,0,209,317,379,198,388,0.05859375,0.044189453125,0.0211944580078125,0.019256591796875,0.018768310546875,1,4,Common Firecrest,Indian White-eye,American holly,strawberry tree,Common Firecrest,black huckleberry
val/04178_Animalia_Chordata_Aves_Passeriformes_Regulidae_Regulus_ignicapilla/43105ca6-2f59-4f68-9ea5-6eb9a891999b.jpg,198,187,0,187,198,191,63,186,0.27294921875,0.1348876953125,0.0265655517578125,0.0171051025390625,0.016998291015625,1,2,Common Firecrest,Chestnut-backed Chickadee,Common Firecrest,American Redstart,Least Skipper,Boreal Chickadee
val/04178_Animalia_Chordata_Aves_Passeriformes_Regulidae_Regulus_ignicapilla/e52f20b9-f790-429c-9655-a1406303875f.jpg,198,183,0,183,209,198,192,208,0.1322021484375,0.11944580078125,0.08819580078125,0.061859130859375,0.0380859375,1,3,Common Firecrest,White-plumed Honeyeater,Indian White-eye,Common Firecrest,Golden-winged Warbler,Warbling White-eye
val/04189_Animalia_Chordata_Aves_Passeriformes_Sittidae_Sitta_pusilla/034261ec-aabf-46e3-84d7-ee2d3f0600e3.jpg,199,206,0,206,187,199,25,160,0.03814697265625,0.029083251953125,0.0255584716796875,0.01552581787109375,0.01540374755859375,1,3,Brown-headed Nuthatch,Masked Water-Tyrant,Chestnut-backed Chickadee,Brown-headed Nuthatch,Florida Leaf-footed Bug,Hartlaub's Gull
val/04189_Animalia_Chordata_Aves_Passeriformes_Sittidae_Sitta_pusilla/8a0dacb6-3d4c-4857-a44c-c61a29a49d4e.jpg,199,207,0,207,186,187,199,420,0.31640625,0.2022705078125,0.0233306884765625,0.0153656005859375,0.01245880126953125,1,4,Brown-headed Nuthatch,Ash-throated Flycatcher,Boreal Chickadee,Chestnut-backed Chickadee,Brown-headed Nuthatch,Beechdrops
val/04203_Animalia_Chordata_Aves_Passeriformes_Sylviidae_Chamaea_fasciata/4bc0fda8-5b6c-47fa-bcc2-1352efb3d10e.jpg,200,201,0,201,200,195,194,173,0.25830078125,0.2403564453125,0.0643310546875,0.045166015625,0.027923583984375,1,2,Wrentit,Grayish Saltator,Wrentit,Eastern Towhee,Henslow's Sparrow,Brown Jay
val/04203_Animalia_Chordata_Aves_Passeriformes_Sylviidae_Chamaea_fasciata/0b3a0514-256a-4963-b453-6ee0cd3a0cad.jpg,200,205,0,205,207,200,204,193,0.1497802734375,0.081298828125,0.06707763671875,0.053741455078125,0.0271759033203125,1,3,Wrentit,Hammond's Flycatcher,Ash-throated Flycatcher,Wrentit,Western Wood-Pewee,Lark Bunting
val/04203_Animalia_Chordata_Aves_Passeriformes_Sylviidae_Chamaea_fasciata/c1052a12-0c54-4d8f-a51d-bea5119a4c6b.jpg,200,191,0,191,200,197,14,196,0.2587890625,0.040771484375,0.037261962890625,0.022003173828125,0.0219268798828125,1,2,Wrentit,American Redstart,Wrentit,Tomtit,Woodland Dor Beetle,Eastern Yellow Robin
val/04228_Animalia_Chordata_Aves_Passeriformes_Thraupidae_Saltator_coerulescens/c9c4d433-d50d-4105-af24-5d02d4c7f6d7.jpg,201,185,0,185,201,200,163,196,0.411376953125,0.0748291015625,0.037933349609375,0.0207977294921875,0.0204925537109375,1,2,Grayish Saltator,Familiar Chat,Grayish Saltator,Wrentit,Glaucous-winged Gull,Eastern Yellow Robin
val/04228_Animalia_Chordata_Aves_Passeriformes_Thraupidae_Saltator_coerulescens/513b31bc-7989-4a6c-8f94-240684c7e492.jpg,201,186,0,186,200,201,185,210,0.046966552734375,0.046844482421875,0.040679931640625,0.03887939453125,0.03509521484375,1,3,Grayish Saltator,Boreal Chickadee,Wrentit,Grayish Saltator,Familiar Chat,Boat-billed Heron
val/04228_Animalia_Chordata_Aves_Passeriformes_Thraupidae_Saltator_coerulescens/2b922a6e-ca86-4393-94f8-e242236eda9e.jpg,201,173,0,173,195,201,206,168,0.060089111328125,0.04595947265625,0.035186767578125,0.0177764892578125,0.01209259033203125,1,3,Grayish Saltator,Brown Jay,Eastern Towhee,Grayish Saltator,Masked Water-Tyrant,Black Crake
val/04245_Animalia_Chordata_Aves_Passeriformes_Thraupidae_Thraupis_episcopus/e5012cfc-99cc-43e3-a2da-3de3bcde9ff3.jpg,202,201,0,201,202,218,210,432,0.2230224609375,0.11041259765625,0.0251312255859375,0.0172576904296875,0.0134735107421875,1,2,Blue-gray Tanager,Grayish Saltator,Blue-gray Tanager,Black-throated Trogon,Boat-billed Heron,common pawpaw
val/04293_Animalia_Chordata_Aves_Passeriformes_Tyrannidae_Contopus_cooperi/a2c7bf6f-e064-4c3c-b46e-bb78800c9196.jpg,203,204,0,204,203,205,179,173,0.1865234375,0.1595458984375,0.04541015625,0.02764892578125,0.027313232421875,1,2,Olive-sided Flycatcher,Western Wood-Pewee,Olive-sided Flycatcher,Hammond's Flycatcher,Southern Rough-winged Swallow,Brown Jay
val/04293_Animalia_Chordata_Aves_Passeriformes_Tyrannidae_Contopus_cooperi/92acbcd3-d977-4feb-9b80-727e8762a093.jpg,203,146,0,146,203,172,166,174,0.08990478515625,0.03643798828125,0.033233642578125,0.025634765625,0.022491455078125,1,2,Olive-sided Flycatcher,Imperial Eagle,Olive-sided Flycatcher,Fish Crow,Red-billed Pigeon,Alpine Chough
val/04293_Animalia_Chordata_Aves_Passeriformes_Tyrannidae_Contopus_cooperi/171754ec-54e3-4792-81ce-716ea3e4d25e.jpg,203,166,0,166,176,252,203,146,0.2086181640625,0.07843017578125,0.0147857666015625,0.0132904052734375,0.01189422607421875,1,4,Olive-sided Flycatcher,Red-billed Pigeon,Red Crossbill,Common Whelk,Olive-sided Flycatcher,Imperial Eagle
val/04293_Animalia_Chordata_Aves_Passeriformes_Tyrannidae_Contopus_cooperi/02e43d78-6f8a-4274-837e-d4b751aacdeb.jpg,203,207,0,207,203,204,197,173,0.03863525390625,0.032501220703125,0.0308837890625,0.0261077880859375,0.023895263671875,1,2,Olive-sided Flycatcher,Ash-throated Flycatcher,Olive-sided Flycatcher,Western Wood-Pewee,Tomtit,Brown Jay
val/04295_Animalia_Chordata_Aves_Passeriformes_Tyrannidae_Contopus_sordidulus/217473c7-b2d7-43ce-a736-29ebf40f9212.jpg,204,173,0,173,203,204,179,166,0.29443359375,0.25732421875,0.01904296875,0.017608642578125,0.0107879638671875,1,3,Western Wood-Pewee,Brown Jay,Olive-sided Flycatcher,Western Wood-Pewee,Southern Rough-winged Swallow,Red-billed Pigeon
val/04295_Animalia_Chordata_Aves_Passeriformes_Tyrannidae_Contopus_sordidulus/78dbdeb3-93e4-443c-afb0-f52270222386.jpg,204,207,0,207,204,205,203,171,0.27978515625,0.208740234375,0.06591796875,0.04754638671875,0.0139312744140625,1,2,Western Wood-Pewee,Ash-throated Flycatcher,Western Wood-Pewee,Hammond's Flycatcher,Olive-sided Flycatcher,Brown Creeper
val/04295_Animalia_Chordata_Aves_Passeriformes_Tyrannidae_Contopus_sordidulus/2fa9b9ad-2aa0-4a5d-be65-eafc785abf17.jpg,204,205,0,205,204,202,207,192,0.62548828125,0.035308837890625,0.021820068359375,0.01337432861328125,0.00879669189453125,1,2,Western Wood-Pewee,Hammond's Flycatcher,Western Wood-Pewee,Blue-gray Tanager,Ash-throated Flycatcher,Golden-winged Warbler
val/04302_Animalia_Chordata_Aves_Passeriformes_Tyrannidae_Empidonax_hammondii/32009a29-b40f-4910-a842-f4e986877e7a.jpg,205,204,0,204,205,202,207,206,0.1427001953125,0.0927734375,0.06103515625,0.03668212890625,0.0309906005859375,1,2,Hammond's Flycatcher,Western Wood-Pewee,Hammond's Flycatcher,Blue-gray Tanager,Ash-throated Flycatcher,Masked Water-Tyrant
val/04313_Animalia_Chordata_Aves_Passeriformes_Tyrannidae_Myiarchus_cinerascens/90604353-64ad-4753-9a15-f43fb9723f4d.jpg,207,202,0,202,204,153,207,218,0.0506591796875,0.0275726318359375,0.02392578125,0.0235137939453125,0.0195465087890625,1,4,Ash-throated Flycatcher,Blue-gray Tanager,Western Wood-Pewee,Black-chinned Hummingbird,Ash-throated Flycatcher,Black-throated Trogon
val/04313_Animalia_Chordata_Aves_Passeriformes_Tyrannidae_Myiarchus_cinerascens/b08a87db-6ded-4f3b-bfe4-a289c9ea87fa.jpg,207,185,0,185,207,193,184,194,0.2313232421875,0.1695556640625,0.056365966796875,0.032196044921875,0.0276031494140625,1,2,Ash-throated Flycatcher,Familiar Chat,Ash-throated Flycatcher,Lark Bunting,Meadow Pipit,Henslow's Sparrow
val/04350_Animalia_Chordata_Aves_Passeriformes_Zosteropidae_Zosterops_japonicus/785242f2-05af-4fae-9316-d28e0ebe713f.jpg,208,209,0,209,208,388,479,189,0.46240234375,0.1451416015625,0.03314208984375,0.0276336669921875,0.0190277099609375,1,2,Warbling White-eye,Indian White-eye,Warbling White-eye,black huckleberry,Goose-berry,Hooded Warbler
val/04350_Animalia_Chordata_Aves_Passeriformes_Zosteropidae_Zosterops_japonicus/9ace0ece-aaf6-477a-9fde-31e27be53161.jpg,208,209,0,209,198,183,208,189,0.2509765625,0.12091064453125,0.03741455078125,0.025482177734375,0.0223541259765625,1,4,Warbling White-eye,Indian White-eye,Common Firecrest,White-plumed Honeyeater,Warbling White-eye,Hooded Warbler
val/04352_Animalia_Chordata_Aves_Passeriformes_Zosteropidae_Zosterops_palpebrosus/eb1149ed-d66c-49f1-a02b-76920558b0f5.jpg,209,208,0,208,189,183,84,209,0.08050537109375,0.056396484375,0.055633544921875,0.032318115234375,0.020233154296875,1,5,Indian White-eye,Warbling White-eye,Hooded Warbler,White-plumed Honeyeater,Green Silver-lines,Indian White-eye
val/04352_Animalia_Chordata_Aves_Passeriformes_Zosteropidae_Zosterops_palpebrosus/41c91f74-6c1b-48c8-817a-5db14fe56b86.jpg,209,183,0,183,209,208,192,202,0.198974609375,0.1199951171875,0.08935546875,0.029205322265625,0.0265350341796875,1,2,Indian White-eye,White-plumed Honeyeater,Indian White-eye,Warbling White-eye,Golden-winged Warbler,Blue-gray Tanager
val/04352_Animalia_Chordata_Aves_Passeriformes_Zosteropidae_Zosterops_palpebrosus/4de13013-036c-4546-a720-3a15cbc2f69f.jpg,209,198,0,198,209,189,208,196,0.2474365234375,0.1468505859375,0.130859375,0.0738525390625,0.03021240234375,1,2,Indian White-eye,Common Firecrest,Indian White-eye,Hooded Warbler,Warbling White-eye,Eastern Yellow Robin
val/04352_Animalia_Chordata_Aves_Passeriformes_Zosteropidae_Zosterops_palpebrosus/04c49073-9943-4605-89a2-30fd8257603c.jpg,209,189,0,189,209,183,208,170,0.3662109375,0.281982421875,0.07861328125,0.0227203369140625,0.0093841552734375,1,2,Indian White-eye,Hooded Warbler,Indian White-eye,White-plumed Honeyeater,Warbling White-eye,Yellow Grosbeak
val/04372_Animalia_Chordata_Aves_Pelecaniformes_Ardeidae_Cochlearius_cochlearius/c39296db-d496-484d-905e-6176f9bb1b45.jpg,210,173,0,173,166,210,204,201,0.138671875,0.08294677734375,0.06689453125,0.033935546875,0.023101806640625,1,3,Boat-billed Heron,Brown Jay,Red-billed Pigeon,Boat-billed Heron,Western Wood-Pewee,Grayish Saltator
val/04386_Animalia_Chordata_Aves_Pelecaniformes_Ardeidae_Nycticorax_nycticorax/41997c38-d769-48c4-908c-452bbe29b381.jpg,211,210,0,210,183,211,198,207,0.058258056640625,0.0194549560546875,0.0188446044921875,0.0157470703125,0.00934600830078125,1,3,Black-crowned Night Heron,Boat-billed Heron,White-plumed Honeyeater,Black-crowned Night Heron,Common Firecrest,Ash-throated Flycatcher
val/04386_Animalia_Chordata_Aves_Pelecaniformes_Ardeidae_Nycticorax_nycticorax/41b94156-a258-4a8c-93ff-828e18692e67.jpg,211,210,0,210,188,206,211,441,0.10400390625,0.046539306640625,0.0399169921875,0.028472900390625,0.025177001953125,1,4,Black-crowned Night Heron,Boat-billed Heron,Cerulean Warbler,Masked Water-Tyrant,Black-crowned Night Heron,black willow
val/04386_Animalia_Chordata_Aves_Pelecaniformes_Ardeidae_Nycticorax_nycticorax/8d5d6956-cde9-4c74-abad-9e5e50a6374e.jpg,211,163,0,163,206,160,211,185,0.5947265625,0.059173583984375,0.0457763671875,0.0279541015625,0.00888824462890625,1,4,Black-crowned Night Heron,Glaucous-winged Gull,Masked Water-Tyrant,Hartlaub's Gull,Black-crowned Night Heron,Familiar Chat
val/04386_Animalia_Chordata_Aves_Pelecaniformes_Ardeidae_Nycticorax_nycticorax/a62e2645-73c6-4e6b-be5a-91fa0c7cebe5.jpg,211,163,0,163,160,211,162,206,0.47509765625,0.04937744140625,0.044189453125,0.03607177734375,0.0210723876953125,1,3,Black-crowned Night Heron,Glaucous-winged Gull,Hartlaub's Gull,Black-crowned Night Heron,Caspian Gull,Masked Water-Tyrant
val/04386_Animalia_Chordata_Aves_Pelecaniformes_Ardeidae_Nycticorax_nycticorax/6d5fd1f2-6469-4d6f-bc98-faf0679d1ae3.jpg,211,206,0,206,211,158,163,161,0.08367919921875,0.08013916015625,0.055084228515625,0.04345703125,0.0290679931640625,1,2,Black-crowned Night Heron,Masked Water-Tyrant,Black-crowned Night Heron,Crowned Lapwing,Glaucous-winged Gull,Black-headed Gull
val/04391_Animalia_Chordata_Aves_Pelecaniformes_Pelecanidae_Pelecanus_crispus/660563e6-843f-40b5-8249-0b9e4367298f.jpg,212,148,0,148,159,213,212,164,0.057525634765625,0.0292205810546875,0.0255584716796875,0.01947021484375,0.0174560546875,1,4,Dalmatian Pelican,Yellow-billed Pintail,American Oystercatcher,American Flamingo,Dalmatian Pelican,Far Eastern Curlew
val/04391_Animalia_Chordata_Aves_Pelecaniformes_Pelecanidae_Pelecanus_crispus/66f1943b-de9d-48fc-bfd2-d15e063b5944.jpg,212,150,0,150,152,151,149,212,0.4365234375,0.140625,0.041778564453125,0.0277252197265625,0.019012451171875,1,5,Dalmatian Pelican,Surf Scoter,Common Merganser,Smew,Mute Swan,Dalmatian Pelican
val/04391_Animalia_Chordata_Aves_Pelecaniformes_Pelecanidae_Pelecanus_crispus/9b57cc79-7b8e-417a-8428-a5da1cf47b07.jpg,212,162,0,162,119,212,160,123,0.04559326171875,0.036590576171875,0.036285400390625,0.0192413330078125,0.01297760009765625,1,3,Dalmatian Pelican,Caspian Gull,Eastern Ringtail,Dalmatian Pelican,Hartlaub's Gull,Marsh meadow grasshopper
val/04419_Animalia_Chordata_Aves_Phoenicopteriformes_Phoenicopteridae_Phoenicopterus_ruber/a4aebeab-2c85-42c9-962b-ba4afa5ae5a7.jpg,213,300,0,300,327,481,213,159,0.1884765625,0.03997802734375,0.027801513671875,0.0252685546875,0.024749755859375,1,4,American Flamingo,Leopard Lily,great blanketflower,red morning glory,American Flamingo,American Oystercatcher
val/04442_Animalia_Chordata_Aves_Piciformes_Picidae_Dryobates_pubescens/b4e2569c-5d93-4a70-b0a9-2c9f745075dc.jpg,214,171,0,171,217,204,214,105,0.2125244140625,0.0419921875,0.027923583984375,0.0268707275390625,0.0173187255859375,1,4,Downy Woodpecker,Brown Creeper,Brandt's Cormorant,Western Wood-Pewee,Downy Woodpecker,Pawpaw Sphinx Moth
val/04442_Animalia_Chordata_Aves_Piciformes_Picidae_Dryobates_pubescens/52c35c5b-5abe-4f73-8b94-ec91201dcf7c.jpg,214,215,0,215,105,214,230,228,0.2425537109375,0.0232696533203125,0.022705078125,0.02069091796875,0.0189208984375,1,3,Downy Woodpecker,Eastern Screech-Owl,Pawpaw Sphinx Moth,Downy Woodpecker,American Beaver,Sunda Flying Lemur
val/04442_Animalia_Chordata_Aves_Piciformes_Picidae_Dryobates_pubescens/3214651c-2367-4bc0-b8b7-da917ad3306b.jpg,214,171,0,171,214,92,215,147,0.5458984375,0.2020263671875,0.038116455078125,0.0217132568359375,0.00580596923828125,1,2,Downy Woodpecker,Brown Creeper,Downy Woodpecker,Blomfild's Beauty,Eastern Screech-Owl,European Honey-buzzard
val/04442_Animalia_Chordata_Aves_Piciformes_Picidae_Dryobates_pubescens/d764e78d-4f36-42ea-9b3e-ffbb3fa6558d.jpg,214,93,0,93,214,90,89,94,0.04638671875,0.041168212890625,0.0265655517578125,0.025299072265625,0.0156707763671875,1,2,Downy Woodpecker,Dainty Swallowtail,Downy Woodpecker,Red-spotted Admiral,Baltimore Checkerspot,Thoas Swallowtail
val/04553_Animalia_Chordata_Aves_Strigiformes_Strigidae_Megascops_asio/9843dfb5-1c1a-459b-be47-5b22d259322f.jpg,215,292,0,292,391,357,204,215,0.07080078125,0.02789306640625,0.02764892578125,0.017822265625,0.0161590576171875,1,5,Eastern Screech-Owl,checkered rattlesnake plantain,longleaf phlox,viviparous foxtail cactus,Western Wood-Pewee,Eastern Screech-Owl
val/04578_Animalia_Chordata_Aves_Suliformes_Phalacrocoracidae_Phalacrocorax_pelagicus/03d23921-d245-4fa9-ada2-71ed4593ac8d.jpg,216,150,0,150,217,216,227,149,0.56103515625,0.25390625,0.0628662109375,0.0131988525390625,0.002788543701171875,1,3,Pelagic Cormorant,Surf Scoter,Brandt's Cormorant,Pelagic Cormorant,New Zealand Sea Lion,Mute Swan
val/04578_Animalia_Chordata_Aves_Suliformes_Phalacrocoracidae_Phalacrocorax_pelagicus/dfa039fa-b3f4-46cd-bec5-6db5057a21e6.jpg,216,217,0,217,150,216,227,161,0.1197509765625,0.05877685546875,0.041748046875,0.0413818359375,0.01763916015625,1,3,Pelagic Cormorant,Brandt's Cormorant,Surf Scoter,Pelagic Cormorant,New Zealand Sea Lion,Black-headed Gull
val/04578_Animalia_Chordata_Aves_Suliformes_Phalacrocoracidae_Phalacrocorax_pelagicus/45b26750-74b5-4e74-8652-0a62fb327739.jpg,216,217,0,217,216,150,148,146,0.6484375,0.1595458984375,0.052398681640625,0.0086212158203125,0.00730133056640625,1,2,Pelagic Cormorant,Brandt's Cormorant,Pelagic Cormorant,Surf Scoter,Yellow-billed Pintail,Imperial Eagle
val/04578_Animalia_Chordata_Aves_Suliformes_Phalacrocoracidae_Phalacrocorax_pelagicus/2ad5840f-f26d-4c6f-a5f0-f6ec8adf4f0d.jpg,216,217,0,217,216,172,150,181,0.253173828125,0.1568603515625,0.0643310546875,0.061614990234375,0.02020263671875,1,2,Pelagic Cormorant,Brandt's Cormorant,Pelagic Cormorant,Fish Crow,Surf Scoter,Tricolored Blackbird
val/04579_Animalia_Chordata_Aves_Suliformes_Phalacrocoracidae_Phalacrocorax_penicillatus/e58ed5a2-5cac-4ac6-afe5-4c14031c8dd9.jpg,217,216,0,216,217,167,432,227,0.2861328125,0.100830078125,0.0162353515625,0.013824462890625,0.01332855224609375,1,2,Brandt's Cormorant,Pelagic Cormorant,Brandt's Cormorant,Common Peafowl,common pawpaw,New Zealand Sea Lion
val/04579_Animalia_Chordata_Aves_Suliformes_Phalacrocoracidae_Phalacrocorax_penicillatus/4d47f260-6798-4339-a39e-c71d6a6c586a.jpg,217,216,0,216,217,174,166,172,0.493896484375,0.430908203125,0.018035888671875,0.00656890869140625,0.0018453598022460938,1,2,Brandt's Cormorant,Pelagic Cormorant,Brandt's Cormorant,Alpine Chough,Red-billed Pigeon,Fish Crow
val/04579_Animalia_Chordata_Aves_Suliformes_Phalacrocoracidae_Phalacrocorax_penicillatus/55f85ca0-a3c2-4cb9-b396-a2b80ed58a5d.jpg,217,216,0,216,217,172,166,150,0.53271484375,0.4130859375,0.005096435546875,0.0026950836181640625,0.0021648406982421875,1,2,Brandt's Cormorant,Pelagic Cormorant,Brandt's Cormorant,Fish Crow,Red-billed Pigeon,Surf Scoter
val/04596_Animalia_Chordata_Aves_Trogoniformes_Trogonidae_Trogon_rufus/78365c31-5ce1-466b-8a76-4f7c15e8c8a8.jpg,218,170,0,170,218,196,189,183,0.0977783203125,0.0701904296875,0.057952880859375,0.0293731689453125,0.0226593017578125,1,2,Black-throated Trogon,Yellow Grosbeak,Black-throated Trogon,Eastern Yellow Robin,Hooded Warbler,White-plumed Honeyeater
val/04596_Animalia_Chordata_Aves_Trogoniformes_Trogonidae_Trogon_rufus/fd16a324-f831-45b7-90b0-7630eaf3532a.jpg,218,179,0,179,218,201,208,173,0.319580078125,0.08807373046875,0.056304931640625,0.0188140869140625,0.018707275390625,1,2,Black-throated Trogon,Southern Rough-winged Swallow,Black-throated Trogon,Grayish Saltator,Warbling White-eye,Brown Jay
val/04596_Animalia_Chordata_Aves_Trogoniformes_Trogonidae_Trogon_rufus/c1417694-6876-488e-9199-117633998b96.jpg,218,167,0,167,218,202,210,182,0.404052734375,0.0631103515625,0.03546142578125,0.031036376953125,0.028228759765625,1,2,Black-throated Trogon,Common Peafowl,Black-throated Trogon,Blue-gray Tanager,Boat-billed Heron,Common Grackle
val/04609_Animalia_Chordata_Elasmobranchii_Orectolobiformes_Ginglymostomatidae_Ginglymostoma_cirratum/22286000-c25a-4a70-ba4a-d4b0460e61a1.jpg,219,227,0,227,219,217,230,120,0.1217041015625,0.0721435546875,0.064453125,0.0308685302734375,0.0259552001953125,1,2,Nurse Shark,New Zealand Sea Lion,Nurse Shark,Brandt's Cormorant,American Beaver,Dragonhunter
val/04609_Animalia_Chordata_Elasmobranchii_Orectolobiformes_Ginglymostomatidae_Ginglymostoma_cirratum/845a308c-95e8-49d0-9749-315f3ce893a3.jpg,219,150,0,150,216,217,106,219,0.169677734375,0.1619873046875,0.030517578125,0.01080322265625,0.01006317138671875,1,5,Nurse Shark,Surf Scoter,Pelagic Cormorant,Brandt's Cormorant,Hippotion scrofa,Nurse Shark
val/04632_Animalia_Chordata_Mammalia_Artiodactyla_Bovidae_Oreotragus_oreotragus/8a4a2afb-7831-4319-b390-6d87a991bf53.jpg,220,138,0,138,163,220,217,216,0.0972900390625,0.061981201171875,0.05841064453125,0.0467529296875,0.043365478515625,1,3,Klipspringer,Kelp Bass,Glaucous-winged Gull,Klipspringer,Brandt's Cormorant,Pelagic Cormorant
val/04641_Animalia_Chordata_Mammalia_Artiodactyla_Bovidae_Tragelaphus_oryx/cfff82ae-60df-443d-965b-32a609d247ba.jpg,221,229,0,229,148,221,222,158,0.6396484375,0.03582763671875,0.01097869873046875,0.00936126708984375,0.0090789794921875,1,3,Eland,Western Grey Kangaroo,Yellow-billed Pintail,Eland,White-tailed Deer,Crowned Lapwing
val/04641_Animalia_Chordata_Mammalia_Artiodactyla_Bovidae_Tragelaphus_oryx/f791df2e-b56c-416f-b656-1369576c6704.jpg,221,229,0,229,221,231,222,223,0.1082763671875,0.03759765625,0.0258026123046875,0.01401519775390625,0.0101318359375,1,2,Eland,Western Grey Kangaroo,Eland,Bank Vole,White-tailed Deer,Gray Wolf
val/04641_Animalia_Chordata_Mammalia_Artiodactyla_Bovidae_Tragelaphus_oryx/99945e72-f587-4257-92de-0f34f1baa6cf.jpg,221,217,0,217,227,163,149,221,0.2171630859375,0.07421875,0.059539794921875,0.044403076171875,0.03448486328125,1,5,Eland,Brandt's Cormorant,New Zealand Sea Lion,Glaucous-winged Gull,Mute Swan,Eland
val/04641_Animalia_Chordata_Mammalia_Artiodactyla_Bovidae_Tragelaphus_oryx/8c47d665-9ce1-44a8-86e9-337651ccabb9.jpg,221,227,0,227,221,149,210,251,0.0919189453125,0.06829833984375,0.0231475830078125,0.022857666015625,0.0216522216796875,1,2,Eland,New Zealand Sea Lion,Eland,Mute Swan,Boat-billed Heron,Queen Conch
val/04641_Animalia_Chordata_Mammalia_Artiodactyla_Bovidae_Tragelaphus_oryx/073dd36e-22f9-456a-94a7-cea505bde459.jpg,221,222,0,222,221,224,137,237,0.1396484375,0.0692138671875,0.06195068359375,0.059112548828125,0.039703369140625,1,2,Eland,White-tailed Deer,Eland,Culpeo,Freshwater Drum,Texas Alligator Lizard
val/04654_Animalia_Chordata_Mammalia_Artiodactyla_Cervidae_Odocoileus_virginianus/a6b53efd-aa1f-4ad1-aa28-2761cd8f9678.jpg,222,232,0,232,222,230,229,233,0.0546875,0.04248046875,0.04193115234375,0.0298919677734375,0.025665283203125,1,2,White-tailed Deer,Woodchuck,White-tailed Deer,American Beaver,Western Grey Kangaroo,Red-bellied Squirrel
val/04654_Animalia_Chordata_Mammalia_Artiodactyla_Cervidae_Odocoileus_virginianus/a3838c21-e7c3-4b6b-96d2-ce15ba1eddca.jpg,222,135,0,135,222,219,251,224,0.07958984375,0.075439453125,0.064453125,0.0562744140625,0.04058837890625,1,2,White-tailed Deer,Yellow Perch,White-tailed Deer,Nurse Shark,Queen Conch,Culpeo
val/04654_Animalia_Chordata_Mammalia_Artiodactyla_Cervidae_Odocoileus_virginianus/e2406060-f634-440d-9b96-4635fe2b9d40.jpg,222,237,0,237,222,293,143,247,0.0650634765625,0.031982421875,0.0223236083984375,0.0220184326171875,0.022003173828125,1,2,White-tailed Deer,Texas Alligator Lizard,White-tailed Deer,bird's-nest orchid,Northern Red-legged Frog,Western Rattlesnake
val/04654_Animalia_Chordata_Mammalia_Artiodactyla_Cervidae_Odocoileus_virginianus/47700a8e-7c89-4427-9873-7b0daecf8578.jpg,222,229,0,229,222,232,99,237,0.0516357421875,0.049102783203125,0.0238494873046875,0.01258087158203125,0.0098419189453125,1,2,White-tailed Deer,Western Grey Kangaroo,White-tailed Deer,Woodchuck,Fatal Metalmark,Texas Alligator Lizard
val/04671_Animalia_Chordata_Mammalia_Carnivora_Canidae_Canis_lupus/9ee0420d-ee4c-4556-b01f-754d44b7cd99.jpg,223,247,0,247,357,264,237,223,0.053955078125,0.0218658447265625,0.021026611328125,0.020050048828125,0.0194549560546875,1,5,Gray Wolf,Western Rattlesnake,viviparous foxtail cactus,Yellow Stainer,Texas Alligator Lizard,Gray Wolf
val/04671_Animalia_Chordata_Mammalia_Carnivora_Canidae_Canis_lupus/5b749fc4-ab16-4163-8c27-680c1f199203.jpg,223,224,0,224,223,222,225,229,0.1729736328125,0.0953369140625,0.06524658203125,0.03997802734375,0.015228271484375,1,2,Gray Wolf,Culpeo,Gray Wolf,White-tailed Deer,Canada Lynx,Western Grey Kangaroo
val/04671_Animalia_Chordata_Mammalia_Carnivora_Canidae_Canis_lupus/10a4d9c6-117d-485b-9c5d-a8b6572cb2b1.jpg,223,164,0,164,229,223,155,222,0.2021484375,0.04437255859375,0.03265380859375,0.02349853515625,0.0200653076171875,1,3,Gray Wolf,Far Eastern Curlew,Western Grey Kangaroo,Gray Wolf,Red-breasted Dotterel,White-tailed Deer
val/04673_Animalia_Chordata_Mammalia_Carnivora_Canidae_Lycalopex_culpaeus/d67a9e85-b692-4d33-8f17-5684ca820519.jpg,224,223,0,223,224,233,227,231,0.0261688232421875,0.02154541015625,0.0157012939453125,0.0145416259765625,0.014495849609375,1,2,Culpeo,Gray Wolf,Culpeo,Red-bellied Squirrel,New Zealand Sea Lion,Bank Vole
val/04680_Animalia_Chordata_Mammalia_Carnivora_Felidae_Lynx_canadensis/5978d162-c7d9-454e-98b4-82c52c91a466.jpg,225,224,0,224,225,223,220,229,0.2568359375,0.06591796875,0.0469970703125,0.0299530029296875,0.0254364013671875,1,2,Canada Lynx,Culpeo,Canada Lynx,Gray Wolf,Klipspringer,Western Grey Kangaroo
val/04680_Animalia_Chordata_Mammalia_Carnivora_Felidae_Lynx_canadensis/14b83c18-104e-49f9-94f0-ed895d6f8a3c.jpg,225,230,0,230,159,225,222,152,0.241455078125,0.06805419921875,0.05120849609375,0.027557373046875,0.022216796875,1,3,Canada Lynx,American Beaver,American Oystercatcher,Canada Lynx,White-tailed Deer,Common Merganser
val/04680_Animalia_Chordata_Mammalia_Carnivora_Felidae_Lynx_canadensis/0afcb26e-d681-45f1-9178-853f85cb1986.jpg,225,223,0,223,229,227,231,225,0.1387939453125,0.1170654296875,0.041473388671875,0.03887939453125,0.03411865234375,1,5,Canada Lynx,Gray Wolf,Western Grey Kangaroo,New Zealand Sea Lion,Bank Vole,Canada Lynx
val/04680_Animalia_Chordata_Mammalia_Carnivora_Felidae_Lynx_canadensis/481981dc-453d-4503-814d-b1b361c63af4.jpg,225,226,0,226,104,225,223,215,0.10943603515625,0.040985107421875,0.040802001953125,0.033935546875,0.03240966796875,1,3,Canada Lynx,Hooded Skunk,Giant Peacock Moth,Canada Lynx,Gray Wolf,Eastern Screech-Owl
val/04680_Animalia_Chordata_Mammalia_Carnivora_Felidae_Lynx_canadensis/48ece5e8-c510-4f44-954a-83ec294fdac3.jpg,225,487,0,487,225,313,199,233,0.0322265625,0.0287628173828125,0.01214599609375,0.0120086669921875,0.01030731201171875,1,2,Canada Lynx,giant sequoia,Canada Lynx,upright hedge-parsley,Brown-headed Nuthatch,Red-bellied Squirrel
val/04708_Animalia_Chordata_Mammalia_Carnivora_Otariidae_Phocarctos_hookeri/f0e4542c-ffd4-40e1-a74b-490f2dd127b4.jpg,227,212,0,212,148,227,226,223,0.0791015625,0.04742431640625,0.037322998046875,0.0291290283203125,0.01861572265625,1,3,New Zealand Sea Lion,Dalmatian Pelican,Yellow-billed Pintail,New Zealand Sea Lion,Hooded Skunk,Gray Wolf
val/04732_Animalia_Chordata_Mammalia_Dermoptera_Cynocephalidae_Galeopterus_variegatus/0c829114-55cd-4e72-9462-58620ddb5b90.jpg,228,144,0,144,228,253,133,111,0.1907958984375,0.06170654296875,0.058349609375,0.0259246826171875,0.0198211669921875,1,2,Sunda Flying Lemur,Green Salamander,Sunda Flying Lemur,California Cone,Snakeskin Wrasse,Bidens Borer Moth
val/04732_Animalia_Chordata_Mammalia_Dermoptera_Cynocephalidae_Galeopterus_variegatus/b470bd75-c5ed-44b6-b3fb-cc18f1117e06.jpg,228,237,0,237,228,499,198,269,0.042633056640625,0.03729248046875,0.0186920166015625,0.0166778564453125,0.015594482421875,1,2,Sunda Flying Lemur,Texas Alligator Lizard,Sunda Flying Lemur,broad beech fern,Common Firecrest,Peppery Bolete
val/04732_Animalia_Chordata_Mammalia_Dermoptera_Cynocephalidae_Galeopterus_variegatus/4de19891-071d-4388-87ee-eb527b29d16c.jpg,228,173,0,173,210,209,228,488,0.17626953125,0.09417724609375,0.04998779296875,0.0304107666015625,0.0231475830078125,1,4,Sunda Flying Lemur,Brown Jay,Boat-billed Heron,Indian White-eye,Sunda Flying Lemur,baldcypress
val/04736_Animalia_Chordata_Mammalia_Diprotodontia_Macropodidae_Macropus_fuliginosus/d6651291-60a3-4d3f-bbc6-dd1f4ec1b04a.jpg,229,223,0,223,229,221,224,146,0.0709228515625,0.0650634765625,0.0274200439453125,0.0264129638671875,0.022857666015625,1,2,Western Grey Kangaroo,Gray Wolf,Western Grey Kangaroo,Eland,Culpeo,Imperial Eagle
val/04736_Animalia_Chordata_Mammalia_Diprotodontia_Macropodidae_Macropus_fuliginosus/a29c82c3-ee7a-4545-b9d3-3e8b4b5fe129.jpg,229,232,0,232,229,230,221,428,0.183837890625,0.181396484375,0.0175628662109375,0.0175018310546875,0.0160369873046875,1,2,Western Grey Kangaroo,Woodchuck,Western Grey Kangaroo,American Beaver,Eland,Dark Mullein
val/04794_Animalia_Chordata_Mammalia_Rodentia_Castoridae_Castor_canadensis/b856bb30-cbee-4e41-b1be-824c4a784cd9.jpg,230,123,0,123,122,230,169,44,0.02911376953125,0.02374267578125,0.0174560546875,0.0160675048828125,0.01473236083984375,1,3,American Beaver,Marsh meadow grasshopper,Neurothemis taiwanensis,American Beaver,Painted Bunting,Pearl Veneer
val/04794_Animalia_Chordata_Mammalia_Rodentia_Castoridae_Castor_canadensis/767321d3-f3f5-4f07-ac35-d329b69bdad3.jpg,230,353,0,353,230,427,224,363,0.0439453125,0.037384033203125,0.036895751953125,0.032745361328125,0.0214385986328125,1,2,American Beaver,Mignonette vine,American Beaver,Butterfly bush,Culpeo,Perez's sea lavender
val/04794_Animalia_Chordata_Mammalia_Rodentia_Castoridae_Castor_canadensis/01f06435-b7f1-46e5-882f-749f0d0b86c6.jpg,230,232,0,232,148,230,200,231,0.11041259765625,0.0897216796875,0.08160400390625,0.0478515625,0.03900146484375,1,3,American Beaver,Woodchuck,Yellow-billed Pintail,American Beaver,Wrentit,Bank Vole
val/04833_Animalia_Chordata_Mammalia_Rodentia_Sciuridae_Marmota_monax/afe07315-54ea-4df9-9dce-d4ffe7e197d7.jpg,232,200,0,200,231,232,198,185,0.0657958984375,0.058258056640625,0.02532958984375,0.01580810546875,0.0148162841796875,1,3,Woodchuck,Wrentit,Bank Vole,Woodchuck,Common Firecrest,Familiar Chat
val/04833_Animalia_Chordata_Mammalia_Rodentia_Sciuridae_Marmota_monax/2eeddf1d-2452-4fb0-bf6a-db3c6892c80e.jpg,232,185,0,185,232,182,195,37,0.1734619140625,0.09063720703125,0.053375244140625,0.03668212890625,0.027923583984375,1,2,Woodchuck,Familiar Chat,Woodchuck,Common Grackle,Eastern Towhee,Florida Carpenter Ant
val/04843_Animalia_Chordata_Mammalia_Rodentia_Sciuridae_Sciurus_aureogaster/cf7e442d-f6b7-4d08-85ab-c5e2545a4f3a.jpg,233,173,0,173,166,210,233,228,0.024169921875,0.021148681640625,0.0207977294921875,0.01346588134765625,0.01230621337890625,1,4,Red-bellied Squirrel,Brown Jay,Red-billed Pigeon,Boat-billed Heron,Red-bellied Squirrel,Sunda Flying Lemur
val/04843_Animalia_Chordata_Mammalia_Rodentia_Sciuridae_Sciurus_aureogaster/8068b63b-314d-49b9-aaff-395b7788fdae.jpg,233,220,0,220,233,474,229,223,0.0543212890625,0.0177154541015625,0.0164947509765625,0.015960693359375,0.0157012939453125,1,2,Red-bellied Squirrel,Klipspringer,Red-bellied Squirrel,elephant tree,Western Grey Kangaroo,Gray Wolf
val/04860_Animalia_Chordata_Reptilia_Crocodylia_Alligatoridae_Caiman_crocodilus/51ea158f-f9cd-41b6-b33c-75f9e4ba0a02.jpg,234,237,0,237,234,246,144,138,0.15869140625,0.08575439453125,0.050872802734375,0.026123046875,0.0246124267578125,1,2,Common Caiman,Texas Alligator Lizard,Common Caiman,Great Plains Skink,Green Salamander,Kelp Bass
val/04860_Animalia_Chordata_Reptilia_Crocodylia_Alligatoridae_Caiman_crocodilus/a8894137-c71d-4c24-8d6b-e92812139a58.jpg,234,230,0,230,234,235,168,151,0.10845947265625,0.08551025390625,0.05029296875,0.0295867919921875,0.022186279296875,1,2,Common Caiman,American Beaver,Common Caiman,Belize Crocodile,Black Crake,Smew
val/04860_Animalia_Chordata_Reptilia_Crocodylia_Alligatoridae_Caiman_crocodilus/c4e284c2-04e9-4140-a341-1ad0a2a0e4e1.jpg,234,235,0,235,234,230,165,227,0.876953125,0.08001708984375,0.0015363693237304688,0.0010766983032226562,0.0008840560913085938,1,2,Common Caiman,Belize Crocodile,Common Caiman,American Beaver,Wood Sandpiper,New Zealand Sea Lion
val/04860_Animalia_Chordata_Reptilia_Crocodylia_Alligatoridae_Caiman_crocodilus/452a819c-eb02-4a5c-a4a1-1a6268b8915d.jpg,234,235,0,235,237,246,244,234,0.10015869140625,0.04351806640625,0.0272674560546875,0.0267486572265625,0.019073486328125,1,5,Common Caiman,Belize Crocodile,Texas Alligator Lizard,Great Plains Skink,Green Iguana,Common Caiman
val/04879_Animalia_Chordata_Reptilia_Squamata_Anguidae_Anguis_veronensis/55a59f34-670e-43a9-b0af-9f96c4115c89.jpg,236,237,0,237,241,236,365,75,0.038116455078125,0.0274658203125,0.02197265625,0.01555633544921875,0.01496124267578125,1,3,Italian Slow Worm,Texas Alligator Lizard,Aesculapian Snake,Italian Slow Worm,skeleton weed,Spring Azure
val/04879_Animalia_Chordata_Reptilia_Squamata_Anguidae_Anguis_veronensis/0ff18ec7-b4c0-4a63-afe6-f7aa4be8020d.jpg,236,240,0,240,236,128,129,177,0.236328125,0.155517578125,0.12139892578125,0.03570556640625,0.008819580078125,1,2,Italian Slow Worm,Flat-headed Snake,Italian Slow Worm,Bluntnose Minnow,Blacknose Dace,Barn Swallow
val/04884_Animalia_Chordata_Reptilia_Squamata_Anguidae_Gerrhonotus_infernalis/64c83e41-8055-490f-83d8-e3918a54d1a7.jpg,237,243,0,243,6,237,301,187,0.022247314453125,0.0199127197265625,0.0197601318359375,0.01386260986328125,0.01123809814453125,1,3,Texas Alligator Lizard,Texas Coralsnake,Giant Desert Centipede,Texas Alligator Lizard,snow trillium,Chestnut-backed Chickadee
val/04884_Animalia_Chordata_Reptilia_Squamata_Anguidae_Gerrhonotus_infernalis/7a203e6c-8293-494f-b743-c555c303b4e4.jpg,237,144,0,144,5,6,237,4,0.058013916015625,0.0526123046875,0.0521240234375,0.0299224853515625,0.0206756591796875,1,4,Texas Alligator Lizard,Green Salamander,Eastern Bark Centipede,Giant Desert Centipede,Texas Alligator Lizard,Paravaejovis puritanus
val/04884_Animalia_Chordata_Reptilia_Squamata_Anguidae_Gerrhonotus_infernalis/a6490e2b-c75e-4f0e-a0d8-ea24b39b8d57.jpg,237,246,0,246,237,130,128,234,0.479248046875,0.09326171875,0.02398681640625,0.020660400390625,0.0184478759765625,1,2,Texas Alligator Lizard,Great Plains Skink,Texas Alligator Lizard,Chub,Bluntnose Minnow,Common Caiman
val/04904_Animalia_Chordata_Reptilia_Squamata_Colubridae_Dendrelaphis_pictus/f2a0b65a-24be-40b0-a2d0-b642f11a42c6.jpg,238,177,0,177,180,161,238,189,0.089599609375,0.084716796875,0.0584716796875,0.03045654296875,0.027313232421875,1,4,Common Bronze-back,Barn Swallow,Violet-green Swallow,Black-headed Gull,Common Bronze-back,Hooded Warbler
val/04904_Animalia_Chordata_Reptilia_Squamata_Colubridae_Dendrelaphis_pictus/9108de29-3a64-488c-884c-6fbbb3156d6d.jpg,238,473,0,473,238,242,31,482,0.04351806640625,0.0280914306640625,0.02178955078125,0.0175323486328125,0.01534271240234375,1,2,Common Bronze-back,poison ivy,Common Bronze-back,Brown Basilisk,Southern Green Stink Bug,Obscure Morning Glory
val/04904_Animalia_Chordata_Reptilia_Squamata_Colubridae_Dendrelaphis_pictus/b17b26cb-cb69-4063-83ff-f2d97bb92e64.jpg,238,175,0,175,242,238,104,103,0.09527587890625,0.0518798828125,0.0394287109375,0.027191162109375,0.020172119140625,1,3,Common Bronze-back,Double-barred Finch,Brown Basilisk,Common Bronze-back,Giant Peacock Moth,Small Emperor Moth
val/04904_Animalia_Chordata_Reptilia_Squamata_Colubridae_Dendrelaphis_pictus/4582ba58-4a23-4928-8cca-bff598c7db58.jpg,238,124,0,124,218,182,238,166,0.112060546875,0.08721923828125,0.0282745361328125,0.0268402099609375,0.025421142578125,1,4,Common Bronze-back,Obscure Bird Grasshopper,Black-throated Trogon,Common Grackle,Common Bronze-back,Red-billed Pigeon
val/04904_Animalia_Chordata_Reptilia_Squamata_Colubridae_Dendrelaphis_pictus/76ed9dc9-aa95-4324-9180-3ba987ddd1c2.jpg,238,141,0,141,238,116,142,68,0.0914306640625,0.034332275390625,0.033172607421875,0.022674560546875,0.019134521484375,1,2,Common Bronze-back,Cachabi Robber Frog,Common Bronze-back,Ebony Jewelwing,Eastern Dwarf Treefrog,Umber Skipper
val/04925_Animalia_Chordata_Reptilia_Squamata_Colubridae_Lampropeltis_triangulum/49678d19-03e7-4970-bbb4-160cd9135e8a.jpg,239,247,0,247,239,259,245,248,0.0987548828125,0.042266845703125,0.025238037109375,0.0208282470703125,0.019287109375,1,2,Eastern Milksnake,Western Rattlesnake,Eastern Milksnake,Turkish Snail,Mole Snake,Massasauga
val/04925_Animalia_Chordata_Reptilia_Squamata_Colubridae_Lampropeltis_triangulum/9774691b-5129-4c5d-b383-ce466f43e7d3.jpg,239,144,0,144,239,245,234,241,0.60302734375,0.018768310546875,0.0170135498046875,0.016265869140625,0.01309967041015625,1,2,Eastern Milksnake,Green Salamander,Eastern Milksnake,Mole Snake,Common Caiman,Aesculapian Snake
val/04925_Animalia_Chordata_Reptilia_Squamata_Colubridae_Lampropeltis_triangulum/eda10035-6b5e-467c-bf49-3f196371a5a9.jpg,239,6,0,6,239,215,104,5,0.32666015625,0.0921630859375,0.034820556640625,0.0272064208984375,0.0242462158203125,1,2,Eastern Milksnake,Giant Desert Centipede,Eastern Milksnake,Eastern Screech-Owl,Giant Peacock Moth,Eastern Bark Centipede
val/04964_Animalia_Chordata_Reptilia_Squamata_Colubridae_Tantilla_gracilis/84748541-f98c-4429-abda-5d4e52730bce.jpg,240,128,0,128,10,257,44,240,0.09259033203125,0.0231475830078125,0.0196075439453125,0.0189361572265625,0.0153350830078125,1,5,Flat-headed Snake,Bluntnose Minnow,Spined Woodborer,Decollate Snail,Pearl Veneer,Flat-headed Snake
val/04977_Animalia_Chordata_Reptilia_Squamata_Colubridae_Zamenis_longissimus/40787328-7aca-4ee7-b4f3-fb05e83a3351.jpg,241,240,0,240,236,241,245,145,0.462158203125,0.06964111328125,0.037445068359375,0.009918212890625,0.00794219970703125,1,3,Aesculapian Snake,Flat-headed Snake,Italian Slow Worm,Aesculapian Snake,Mole Snake,Italian Crested Newt
val/04981_Animalia_Chordata_Reptilia_Squamata_Corytophanidae_Basiliscus_vittatus/141e75ad-08b2-4e40-9f1a-ad9d333b385c.jpg,242,143,0,143,242,142,145,420,0.0849609375,0.051788330078125,0.038909912109375,0.0230560302734375,0.0214691162109375,1,2,Brown Basilisk,Northern Red-legged Frog,Brown Basilisk,Eastern Dwarf Treefrog,Italian Crested Newt,Beechdrops
val/04981_Animalia_Chordata_Reptilia_Squamata_Corytophanidae_Basiliscus_vittatus/6bc9a5d9-ebeb-4e72-932f-eadedc487e66.jpg,242,311,0,311,191,420,87,242,0.05413818359375,0.036865234375,0.03253173828125,0.0283660888671875,0.0250091552734375,1,5,Brown Basilisk,princess pine,American Redstart,Beechdrops,Silver Emperor,Brown Basilisk
val/04981_Animalia_Chordata_Reptilia_Squamata_Corytophanidae_Basiliscus_vittatus/ae7ca566-2ce8-446b-9642-def388160c1f.jpg,242,143,0,143,242,35,92,214,0.2132568359375,0.175048828125,0.028564453125,0.023284912109375,0.02008056640625,1,2,Brown Basilisk,Northern Red-legged Frog,Brown Basilisk,Elm Sawfly,Blomfild's Beauty,Downy Woodpecker
val/04981_Animalia_Chordata_Reptilia_Squamata_Corytophanidae_Basiliscus_vittatus/833bd154-69c6-41f6-87d1-087bd1ac3d76.jpg,242,128,0,128,144,242,129,246,0.039947509765625,0.03680419921875,0.033905029296875,0.033721923828125,0.03314208984375,1,3,Brown Basilisk,Bluntnose Minnow,Green Salamander,Brown Basilisk,Blacknose Dace,Great Plains Skink
val/05016_Animalia_Chordata_Reptilia_Squamata_Iguanidae_Iguana_iguana/4b2f9bf0-66aa-4704-af84-e96f5040001e.jpg,244,235,0,235,244,234,4,126,0.59814453125,0.10577392578125,0.041412353515625,0.027587890625,0.0098724365234375,1,2,Green Iguana,Belize Crocodile,Green Iguana,Common Caiman,Paravaejovis puritanus,Virile Crayfish
val/05028_Animalia_Chordata_Reptilia_Squamata_Lamprophiidae_Pseudaspis_cana/3c0bbb38-7559-4f9e-af2e-3fcac194cc41.jpg,245,131,0,131,245,110,73,129,0.11297607421875,0.0439453125,0.0283355712890625,0.025238037109375,0.01904296875,1,2,Mole Snake,Redbreast Sunfish,Mole Snake,Filbertworm Moth,Common Ciliate Blue,Blacknose Dace
val/05028_Animalia_Chordata_Reptilia_Squamata_Lamprophiidae_Pseudaspis_cana/5e9eaadf-7b0e-4b4c-8302-45adde74f45c.jpg,245,241,0,241,245,247,236,246,0.307373046875,0.2470703125,0.03289794921875,0.024993896484375,0.0204620361328125,1,2,Mole Snake,Aesculapian Snake,Mole Snake,Western Rattlesnake,Italian Slow Worm,Great Plains Skink
val/05028_Animalia_Chordata_Reptilia_Squamata_Lamprophiidae_Pseudaspis_cana/ea87069e-a197-45cf-8ccd-04b7152abc76.jpg,245,247,0,247,241,240,245,246,0.2086181640625,0.10992431640625,0.051422119140625,0.04205322265625,0.01727294921875,1,4,Mole Snake,Western Rattlesnake,Aesculapian Snake,Flat-headed Snake,Mole Snake,Great Plains Skink
val/05028_Animalia_Chordata_Reptilia_Squamata_Lamprophiidae_Pseudaspis_cana/1de139e8-2ca8-45a1-bc37-4fd91a13ea93.jpg,245,240,0,240,236,245,241,246,0.56982421875,0.05596923828125,0.024139404296875,0.01641845703125,0.01023101806640625,1,3,Mole Snake,Flat-headed Snake,Italian Slow Worm,Mole Snake,Aesculapian Snake,Great Plains Skink
val/05028_Animalia_Chordata_Reptilia_Squamata_Lamprophiidae_Pseudaspis_cana/81c7263a-9035-40da-a2fb-2af6c72d244f.jpg,245,240,0,240,236,245,241,145,0.195068359375,0.08673095703125,0.058349609375,0.043975830078125,0.0225067138671875,1,3,Mole Snake,Flat-headed Snake,Italian Slow Worm,Mole Snake,Aesculapian Snake,Italian Crested Newt
val/05080_Animalia_Chordata_Reptilia_Squamata_Scincidae_Plestiodon_obsoletus/677bd443-21a7-44f4-897b-3a4a52ad1f8e.jpg,246,236,0,236,246,238,247,237,0.05767822265625,0.052703857421875,0.0460205078125,0.034759521484375,0.0236358642578125,1,2,Great Plains Skink,Italian Slow Worm,Great Plains Skink,Common Bronze-back,Western Rattlesnake,Texas Alligator Lizard
val/05080_Animalia_Chordata_Reptilia_Squamata_Scincidae_Plestiodon_obsoletus/4779cc00-a78a-4752-8837-c2a550f377e9.jpg,246,128,0,128,246,236,145,130,0.0650634765625,0.044677734375,0.020843505859375,0.020050048828125,0.01641845703125,1,2,Great Plains Skink,Bluntnose Minnow,Great Plains Skink,Italian Slow Worm,Italian Crested Newt,Chub
val/05080_Animalia_Chordata_Reptilia_Squamata_Scincidae_Plestiodon_obsoletus/47a972db-ef4d-412a-860d-6bc6a5fff1fd.jpg,246,237,0,237,236,246,144,241,0.06976318359375,0.043487548828125,0.042144775390625,0.0328369140625,0.0298919677734375,1,3,Great Plains Skink,Texas Alligator Lizard,Italian Slow Worm,Great Plains Skink,Green Salamander,Aesculapian Snake
val/05080_Animalia_Chordata_Reptilia_Squamata_Scincidae_Plestiodon_obsoletus/0dd71daa-c520-4da1-9a14-3a80dbe51ee9.jpg,246,101,0,101,246,4,35,108,0.0777587890625,0.035400390625,0.0269317626953125,0.0217132568359375,0.0178070068359375,1,2,Great Plains Skink,Orange-tipped Oakworm Moth,Great Plains Skink,Paravaejovis puritanus,Elm Sawfly,Pine Hawk-Moth
val/05118_Animalia_Chordata_Reptilia_Squamata_Viperidae_Crotalus_oreganus/7d450060-314b-4a02-89c3-caf044b56e40.jpg,247,248,0,248,237,247,144,239,0.08258056640625,0.037811279296875,0.03662109375,0.02667236328125,0.0264434814453125,1,3,Western Rattlesnake,Massasauga,Texas Alligator Lizard,Western Rattlesnake,Green Salamander,Eastern Milksnake
val/05118_Animalia_Chordata_Reptilia_Squamata_Viperidae_Crotalus_oreganus/abd25d45-ee65-416e-a882-476311a023ab.jpg,247,245,0,245,247,241,246,239,0.58154296875,0.139404296875,0.0806884765625,0.039581298828125,0.0214080810546875,1,2,Western Rattlesnake,Mole Snake,Western Rattlesnake,Aesculapian Snake,Great Plains Skink,Eastern Milksnake
val/05118_Animalia_Chordata_Reptilia_Squamata_Viperidae_Crotalus_oreganus/411c295b-b1e2-4b46-8207-cac9e768ef67.jpg,247,241,0,241,245,247,237,239,0.3896484375,0.047515869140625,0.039581298828125,0.0251312255859375,0.0247955322265625,1,3,Western Rattlesnake,Aesculapian Snake,Mole Snake,Western Rattlesnake,Texas Alligator Lizard,Eastern Milksnake
val/05124_Animalia_Chordata_Reptilia_Squamata_Viperidae_Sistrurus_catenatus/b8465f22-7b33-4990-8c80-94f903084d2d.jpg,248,247,0,247,248,241,237,243,0.40966796875,0.364501953125,0.035369873046875,0.027496337890625,0.01454925537109375,1,2,Massasauga,Western Rattlesnake,Massasauga,Aesculapian Snake,Texas Alligator Lizard,Texas Coralsnake
val/05124_Animalia_Chordata_Reptilia_Squamata_Viperidae_Sistrurus_catenatus/3f38b707-4f3d-463d-9882-d1b49b43ff9d.jpg,248,310,0,310,457,248,281,340,0.043853759765625,0.025848388671875,0.0205230712890625,0.0204315185546875,0.019256591796875,1,3,Massasauga,Kangaroo Grass,eastern pasqueflower,Massasauga,nodding onion,common dandelion
val/05124_Animalia_Chordata_Reptilia_Squamata_Viperidae_Sistrurus_catenatus/99d1c2d1-3399-4944-8264-aa2c1212daa2.jpg,248,239,0,239,248,5,6,243,0.1341552734375,0.0704345703125,0.04058837890625,0.03759765625,0.0239715576171875,1,2,Massasauga,Eastern Milksnake,Massasauga,Eastern Bark Centipede,Giant Desert Centipede,Texas Coralsnake
val/05172_Animalia_Cnidaria_Anthozoa_Actiniaria_Actiniidae_Actinia_equina/4f173ab0-9a63-4591-ae6b-f504ff8eca47.jpg,249,0,0,0,255,16,369,249,0.0306549072265625,0.02880859375,0.02838134765625,0.024169921875,0.02374267578125,1,5,Beadlet anemone,Cross Orbweaver,Hilton's Aeolid,Kern's Flower Scarab,beach knotweed,Beadlet anemone
val/05172_Animalia_Cnidaria_Anthozoa_Actiniaria_Actiniidae_Actinia_equina/98ad0fc9-fa31-45c7-839a-a02db06a8e42.jpg,249,91,0,91,249,87,38,20,0.1441650390625,0.07623291015625,0.04083251953125,0.026458740234375,0.0209197998046875,1,2,Beadlet anemone,Mourning Cloak,Beadlet anemone,Silver Emperor,New York Carpenter Ant,Mexican Cactus Fly
val/05273_Animalia_Mollusca_Gastropoda_Littorinimorpha_Strombidae_Aliger_gigas/817ac768-db4e-40bd-b107-2e9cf3350620.jpg,251,253,0,253,109,82,132,251,0.05511474609375,0.027740478515625,0.0242919921875,0.018310546875,0.018096923828125,1,5,Queen Conch,California Cone,Red-banded Leafroller,Black-dotted Maliattha,Four-eyed Butterflyfish,Queen Conch
val/05273_Animalia_Mollusca_Gastropoda_Littorinimorpha_Strombidae_Aliger_gigas/8a8c5ca2-0e9a-4455-85b8-b246bdabe09f.jpg,251,137,0,137,251,252,112,135,0.08905029296875,0.032958984375,0.0233612060546875,0.0176239013671875,0.0172882080078125,1,2,Queen Conch,Freshwater Drum,Queen Conch,Common Whelk,Omnivorous Platynota Moth,Yellow Perch
val/05273_Animalia_Mollusca_Gastropoda_Littorinimorpha_Strombidae_Aliger_gigas/678967bf-e9c2-4f24-bfbe-761ab778f44d.jpg,251,60,0,60,112,92,57,251,0.125244140625,0.034271240234375,0.0210723876953125,0.01995849609375,0.0196990966796875,1,5,Queen Conch,Alien Probole Moth,Omnivorous Platynota Moth,Blomfild's Beauty,Feathered Thorn,Queen Conch
val/05277_Animalia_Mollusca_Gastropoda_Neogastropoda_Buccinidae_Buccinum_undatum/1f157026-3043-4923-908d-6c97c250afe3.jpg,252,254,0,254,257,253,17,252,0.330078125,0.19482421875,0.11297607421875,0.0195770263671875,0.0176849365234375,1,5,Common Whelk,Lettered Olive,Decollate Snail,California Cone,Oriental Beetle,Common Whelk
val/05277_Animalia_Mollusca_Gastropoda_Neogastropoda_Buccinidae_Buccinum_undatum/aed0bfd3-1946-4c74-9050-549a98317852.jpg,252,254,0,254,135,252,138,253,0.1688232421875,0.018829345703125,0.01317596435546875,0.01177978515625,0.011077880859375,1,3,Common Whelk,Lettered Olive,Yellow Perch,Common Whelk,Kelp Bass,California Cone
val/05283_Animalia_Mollusca_Gastropoda_Neogastropoda_Conidae_Californiconus_californicus/b9de26f9-f068-4492-bffb-5af4688de340.jpg,253,129,0,129,249,127,227,253,0.09259033203125,0.031402587890625,0.030914306640625,0.0306854248046875,0.0228271484375,1,5,California Cone,Blacknose Dace,Beadlet anemone,New Zealand Half Crab,New Zealand Sea Lion,California Cone
val/05283_Animalia_Mollusca_Gastropoda_Neogastropoda_Conidae_Californiconus_californicus/9acec811-fc75-4884-8bfd-89b219dc07a1.jpg,253,16,0,16,254,253,36,11,0.06591796875,0.0457763671875,0.02435302734375,0.0199127197265625,0.0106353759765625,1,3,California Cone,Kern's Flower Scarab,Lettered Olive,California Cone,Spongy Oak Apple Gall Wasp,False Potato Beetle
val/05283_Animalia_Mollusca_Gastropoda_Neogastropoda_Conidae_Californiconus_californicus/b2e181ac-bcb4-4bed-b9d2-a640deea9352.jpg,253,254,0,254,253,257,17,43,0.6689453125,0.173828125,0.10711669921875,0.006137847900390625,0.0031986236572265625,1,2,California Cone,Lettered Olive,California Cone,Decollate Snail,Oriental Beetle,Garden Webworm Moth
val/05283_Animalia_Mollusca_Gastropoda_Neogastropoda_Conidae_Californiconus_californicus/b5042d39-0423-49d7-951d-308e9507f22a.jpg,253,254,0,254,36,253,95,250,0.11785888671875,0.0562744140625,0.030120849609375,0.0196990966796875,0.0195770263671875,1,3,California Cone,Lettered Olive,Spongy Oak Apple Gall Wasp,California Cone,Barred Yellow,Nuttall's Cockle
val/05283_Animalia_Mollusca_Gastropoda_Neogastropoda_Conidae_Californiconus_californicus/69db9e63-fb66-447e-bd55-44a73c037d31.jpg,253,249,0,249,252,259,253,127,0.193115234375,0.072998046875,0.06317138671875,0.057525634765625,0.03448486328125,1,4,California Cone,Beadlet anemone,Common Whelk,Turkish Snail,California Cone,New Zealand Half Crab
val/05291_Animalia_Mollusca_Gastropoda_Neogastropoda_Olividae_Americoliva_sayana/b9571375-2b46-4707-a60e-f1ba92e3e669.jpg,254,110,0,110,254,131,129,135,0.64453125,0.05584716796875,0.0256805419921875,0.01885986328125,0.0165557861328125,1,2,Lettered Olive,Filbertworm Moth,Lettered Olive,Redbreast Sunfish,Blacknose Dace,Yellow Perch
val/05291_Animalia_Mollusca_Gastropoda_Neogastropoda_Olividae_Americoliva_sayana/c0de8360-12dc-4556-9559-63abeec6a74d.jpg,254,253,0,253,252,109,254,257,0.256591796875,0.149169921875,0.06787109375,0.0328369140625,0.0230712890625,1,4,Lettered Olive,California Cone,Common Whelk,Red-banded Leafroller,Lettered Olive,Decollate Snail
val/05330_Animalia_Mollusca_Gastropoda_Stylommatophora_Achatinidae_Rumina_decollata/673b06eb-6f92-45e8-87d9-e9fcf96a2512.jpg,257,253,0,253,128,254,257,13,0.12225341796875,0.060455322265625,0.050018310546875,0.0189666748046875,0.018890380859375,1,4,Decollate Snail,California Cone,Bluntnose Minnow,Lettered Olive,Decollate Snail,22-spot Ladybird Beetle
val/05330_Animalia_Mollusca_Gastropoda_Stylommatophora_Achatinidae_Rumina_decollata/31715a1f-b2dd-4567-861b-a70cf07e05df.jpg,257,231,0,231,257,271,270,199,0.11859130859375,0.071044921875,0.021697998046875,0.0208892822265625,0.0189971923828125,1,2,Decollate Snail,Bank Vole,Decollate Snail,stinkhorn,Scaly Chanterelle,Brown-headed Nuthatch
val/05347_Animalia_Mollusca_Gastropoda_Stylommatophora_Helicidae_Cepaea_hortensis/3a41e7b6-ddeb-4228-b6e4-6bd7bb5275de.jpg,258,40,0,40,270,346,258,465,0.0176239013671875,0.015045166015625,0.0146636962890625,0.01177978515625,0.0105438232421875,1,4,White-lipped Snail,Metallic Epauletted-Sweat Bee,Scaly Chanterelle,water forget-me-not,White-lipped Snail,Blackthorn
val/05347_Animalia_Mollusca_Gastropoda_Stylommatophora_Helicidae_Cepaea_hortensis/411c50d0-0e1d-48e2-98ab-413ec7b10885.jpg,258,259,0,259,272,264,271,258,0.1326904296875,0.086669921875,0.012847900390625,0.00930023193359375,0.0090484619140625,1,5,White-lipped Snail,Turkish Snail,Hoof Fungus,Yellow Stainer,stinkhorn,White-lipped Snail
val/05347_Animalia_Mollusca_Gastropoda_Stylommatophora_Helicidae_Cepaea_hortensis/a0c87493-0b96-4c69-b556-c41525643035.jpg,258,269,0,269,258,259,280,267,0.252197265625,0.035430908203125,0.0265960693359375,0.02423095703125,0.0187225341796875,1,2,White-lipped Snail,Peppery Bolete,White-lipped Snail,Turkish Snail,coconut palm,Lichen Agaric
val/05347_Animalia_Mollusca_Gastropoda_Stylommatophora_Helicidae_Cepaea_hortensis/30eacae5-3b86-4d00-a461-eef11bf212d4.jpg,258,259,0,259,258,92,11,253,0.251953125,0.1907958984375,0.0071563720703125,0.0063323974609375,0.006298065185546875,1,2,White-lipped Snail,Turkish Snail,White-lipped Snail,Blomfild's Beauty,False Potato Beetle,California Cone
val/05350_Animalia_Mollusca_Gastropoda_Stylommatophora_Helicidae_Helix_lucorum/1080a4d4-8289-400b-ab02-72ccce5dcda5.jpg,259,258,0,258,259,43,260,264,0.75390625,0.117919921875,0.0037441253662109375,0.0033931732177734375,0.0024566650390625,1,2,Turkish Snail,White-lipped Snail,Turkish Snail,Garden Webworm Moth,Lined Chiton,Yellow Stainer
val/05350_Animalia_Mollusca_Gastropoda_Stylommatophora_Helicidae_Helix_lucorum/fa07df9c-f815-4e27-92df-36653ad48faa.jpg,259,241,0,241,259,240,246,247,0.0738525390625,0.057373046875,0.043609619140625,0.036102294921875,0.021759033203125,1,2,Turkish Snail,Aesculapian Snake,Turkish Snail,Flat-headed Snake,Great Plains Skink,Western Rattlesnake
val/05350_Animalia_Mollusca_Gastropoda_Stylommatophora_Helicidae_Helix_lucorum/96e41b9b-9db9-46a6-802e-a41b1e2ec5f2.jpg,259,355,0,355,259,4,231,249,0.07171630859375,0.0295867919921875,0.0193328857421875,0.01495361328125,0.0147705078125,1,2,Turkish Snail,Spiny Hedgehog Cactus,Turkish Snail,Paravaejovis puritanus,Bank Vole,Beadlet anemone
val/05350_Animalia_Mollusca_Gastropoda_Stylommatophora_Helicidae_Helix_lucorum/7e6e0c62-2494-42a8-b70d-1a6eb89bca05.jpg,259,289,0,289,259,457,76,14,0.057861328125,0.0258636474609375,0.0214080810546875,0.01503753662109375,0.01483154296875,1,2,Turkish Snail,Spring Crocus,Turkish Snail,eastern pasqueflower,Mazarine Blue,Woodland Dor Beetle
val/05387_Animalia_Mollusca_Polyplacophora_Chitonida_Tonicellidae_Tonicella_lineata/ab393ac1-0216-4389-b9c6-b585f1b3342b.jpg,260,34,0,34,259,253,20,260,0.193115234375,0.0579833984375,0.05316162109375,0.04327392578125,0.033966064453125,1,5,Lined Chiton,Southern Carpenter Bee,Turkish Snail,California Cone,Mexican Cactus Fly,Lined Chiton
val/05387_Animalia_Mollusca_Polyplacophora_Chitonida_Tonicellidae_Tonicella_lineata/9ba12faf-bddf-4deb-baf1-018dbeb32519.jpg,260,249,0,249,260,253,255,143,0.1595458984375,0.13916015625,0.05072021484375,0.047454833984375,0.018524169921875,1,2,Lined Chiton,Beadlet anemone,Lined Chiton,California Cone,Hilton's Aeolid,Northern Red-legged Frog
val/05387_Animalia_Mollusca_Polyplacophora_Chitonida_Tonicellidae_Tonicella_lineata/367ec451-45cc-4e4f-93b1-1c0f9c0bae44.jpg,260,109,0,109,260,140,81,357,0.386474609375,0.10504150390625,0.0258941650390625,0.025848388671875,0.02301025390625,1,2,Lined Chiton,Red-banded Leafroller,Lined Chiton,Spiny Seahorse,Small Mossy Lithacodia,viviparous foxtail cactus
val/05387_Animalia_Mollusca_Polyplacophora_Chitonida_Tonicellidae_Tonicella_lineata/0644c962-4b74-477e-b40b-a16addd6aa64.jpg,260,252,0,252,318,260,249,81,0.057952880859375,0.0487060546875,0.03424072265625,0.017974853515625,0.0177764892578125,1,3,Lined Chiton,Common Whelk,common yarrow,Lined Chiton,Beadlet anemone,Small Mossy Lithacodia
val/05433_Fungi_Ascomycota_Lecanoromycetes_Peltigerales_Peltigeraceae_Peltigera_praetextata/4c0df6fc-45e3-4f6c-99b0-e6ca8836539a.jpg,261,276,0,276,262,261,226,223,0.32177734375,0.02587890625,0.022003173828125,0.0187530517578125,0.01568603515625,1,3,scaly pelt lichen,delicate fern moss,Golden Hair-lichen,scaly pelt lichen,Hooded Skunk,Gray Wolf
val/05445_Fungi_Ascomycota_Lecanoromycetes_Umbilicariales_Umbilicariaceae_Umbilicaria_mammulata/176f95ae-45ec-426b-849b-4b3bad7328e6.jpg,263,231,0,231,263,261,38,80,0.1807861328125,0.1302490234375,0.09381103515625,0.057342529296875,0.0184783935546875,1,2,Smooth Rock Tripe,Bank Vole,Smooth Rock Tripe,scaly pelt lichen,New York Carpenter Ant,Alfalfa Looper
val/05445_Fungi_Ascomycota_Lecanoromycetes_Umbilicariales_Umbilicariaceae_Umbilicaria_mammulata/542297bd-7b17-48b6-a255-c623a39d9be0.jpg,263,248,0,248,263,5,315,237,0.05078125,0.048553466796875,0.030609130859375,0.0304107666015625,0.0287933349609375,1,2,Smooth Rock Tripe,Massasauga,Smooth Rock Tripe,Eastern Bark Centipede,dwarf ginseng,Texas Alligator Lizard
val/05474_Fungi_Basidiomycota_Agaricomycetes_Agaricales_Agaricaceae_Agaricus_xanthodermus/b12ee636-7b2e-4bcd-8027-1472cf71bcc8.jpg,264,265,0,265,271,264,266,268,0.2454833984375,0.07952880859375,0.074462890625,0.038116455078125,0.021697998046875,1,3,Yellow Stainer,green-spored parasol,stinkhorn,Yellow Stainer,blusher,Roridomyces austrororidus
val/05474_Fungi_Basidiomycota_Agaricomycetes_Agaricales_Agaricaceae_Agaricus_xanthodermus/02603cef-36d6-44e5-8293-5e7b33cc4ec2.jpg,264,271,0,271,137,270,141,264,0.1883544921875,0.031768798828125,0.0167083740234375,0.01629638671875,0.01430511474609375,1,5,Yellow Stainer,stinkhorn,Freshwater Drum,Scaly Chanterelle,Cachabi Robber Frog,Yellow Stainer
val/05474_Fungi_Basidiomycota_Agaricomycetes_Agaricales_Agaricaceae_Agaricus_xanthodermus/ace39350-35e6-4629-a7e3-755f0dcab538.jpg,264,254,0,254,264,5,155,31,0.427978515625,0.02239990234375,0.013519287109375,0.01320648193359375,0.0129547119140625,1,2,Yellow Stainer,Lettered Olive,Yellow Stainer,Eastern Bark Centipede,Red-breasted Dotterel,Southern Green Stink Bug
val/05474_Fungi_Basidiomycota_Agaricomycetes_Agaricales_Agaricaceae_Agaricus_xanthodermus/0669f764-495b-4f90-94cc-e4438a6f01b3.jpg,264,265,0,265,264,271,266,460,0.27783203125,0.11676025390625,0.08831787109375,0.05499267578125,0.007427215576171875,1,2,Yellow Stainer,green-spored parasol,Yellow Stainer,stinkhorn,blusher,parsley hawthorn
val/05477_Fungi_Basidiomycota_Agaricomycetes_Agaricales_Agaricaceae_Chlorophyllum_molybdites/31983a6b-db09-40e6-9478-71a587f4e58f.jpg,265,54,0,54,75,64,265,58,0.048736572265625,0.045135498046875,0.033660888671875,0.0280303955078125,0.02545166015625,1,4,green-spored parasol,Pantydia sparsa,Spring Azure,Desert Checkered-Skipper,green-spored parasol,Riband Wave
val/05477_Fungi_Basidiomycota_Agaricomycetes_Agaricales_Agaricaceae_Chlorophyllum_molybdites/ac88a8b0-ed8b-4f87-89eb-57a0e06fc079.jpg,265,264,0,264,265,271,137,332,0.29833984375,0.0399169921875,0.017242431640625,0.01436614990234375,0.0125885009765625,1,2,green-spored parasol,Yellow Stainer,green-spored parasol,stinkhorn,Freshwater Drum,white rattlesnakeroot
val/05498_Fungi_Basidiomycota_Agaricomycetes_Agaricales_Amanitaceae_Amanita_rubescens/e7981d66-01df-4d79-8a2e-ad89429e7a66.jpg,266,231,0,231,266,264,265,155,0.056549072265625,0.044158935546875,0.0184326171875,0.01157379150390625,0.010833740234375,1,2,blusher,Bank Vole,blusher,Yellow Stainer,green-spored parasol,Red-breasted Dotterel
val/05498_Fungi_Basidiomycota_Agaricomycetes_Agaricales_Amanitaceae_Amanita_rubescens/79d8fbef-02fa-428a-98e2-50192cf024b9.jpg,266,271,0,271,265,264,266,235,0.2646484375,0.11700439453125,0.047088623046875,0.0460205078125,0.00785064697265625,1,4,blusher,stinkhorn,green-spored parasol,Yellow Stainer,blusher,Belize Crocodile
val/05498_Fungi_Basidiomycota_Agaricomycetes_Agaricales_Amanitaceae_Amanita_rubescens/77156892-fa28-4e02-9767-41050e8140da.jpg,266,264,0,264,271,265,270,266,0.471923828125,0.11700439453125,0.05657958984375,0.01432037353515625,0.01238250732421875,1,5,blusher,Yellow Stainer,stinkhorn,green-spored parasol,Scaly Chanterelle,blusher
val/05523_Fungi_Basidiomycota_Agaricomycetes_Agaricales_Hygrophoraceae_Lichenomphalia_umbellifera/46f78c3a-f63d-4615-aa77-c093f216e6ed.jpg,267,268,0,268,267,264,265,297,0.384521484375,0.119873046875,0.035064697265625,0.0279693603515625,0.0131988525390625,1,2,Lichen Agaric,Roridomyces austrororidus,Lichen Agaric,Yellow Stainer,green-spored parasol,giant white fawn lily
val/05523_Fungi_Basidiomycota_Agaricomycetes_Agaricales_Hygrophoraceae_Lichenomphalia_umbellifera/14e57fc0-8877-4b03-8101-52d275f2d6da.jpg,267,326,0,326,344,339,267,324,0.0701904296875,0.0316162109375,0.0230255126953125,0.020904541015625,0.0167236328125,1,4,Lichen Agaric,dogfennel,Salvation Jane,prickly sowthistle,Lichen Agaric,tropical horseweed
val/05523_Fungi_Basidiomycota_Agaricomycetes_Agaricales_Hygrophoraceae_Lichenomphalia_umbellifera/ea67d6bc-17cc-49d6-9f7b-1d30897d736d.jpg,267,265,0,265,267,354,453,337,0.06463623046875,0.0275421142578125,0.0141143798828125,0.013092041015625,0.01181793212890625,1,2,Lichen Agaric,green-spored parasol,Lichen Agaric,Strawberry Cactus,meadow anemone,prairie dock
val/05541_Fungi_Basidiomycota_Agaricomycetes_Agaricales_Mycenaceae_Roridomyces_austrororidus/067ad31e-c39c-46d5-937e-e1f2ccec6ed1.jpg,268,257,0,257,141,199,268,143,0.1641845703125,0.0298919677734375,0.022796630859375,0.0213470458984375,0.0167083740234375,1,4,Roridomyces austrororidus,Decollate Snail,Cachabi Robber Frog,Brown-headed Nuthatch,Roridomyces austrororidus,Northern Red-legged Frog
val/05541_Fungi_Basidiomycota_Agaricomycetes_Agaricales_Mycenaceae_Roridomyces_austrororidus/7cc4e0ac-2044-4427-a8f3-a26723726139.jpg,268,267,0,267,268,265,95,269,0.61962890625,0.266357421875,0.01055145263671875,0.0039520263671875,0.0034637451171875,1,2,Roridomyces austrororidus,Lichen Agaric,Roridomyces austrororidus,green-spored parasol,Barred Yellow,Peppery Bolete
val/05648_Fungi_Basidiomycota_Agaricomycetes_Phallales_Phallaceae_Phallus_impudicus/ae7e85c1-c198-4eae-8944-ca85424ffce3.jpg,271,65,0,65,228,153,271,16,0.125244140625,0.091552734375,0.0246124267578125,0.0186614990234375,0.0147705078125,1,4,stinkhorn,Juvenal's Duskywing,Sunda Flying Lemur,Black-chinned Hummingbird,stinkhorn,Kern's Flower Scarab
val/05648_Fungi_Basidiomycota_Agaricomycetes_Phallales_Phallaceae_Phallus_impudicus/74c72378-1473-49f0-9f33-ed72090e4e62.jpg,271,264,0,264,271,265,252,268,0.123779296875,0.078369140625,0.0433349609375,0.020904541015625,0.0194091796875,1,2,stinkhorn,Yellow Stainer,stinkhorn,green-spored parasol,Common Whelk,Roridomyces austrororidus
val/05648_Fungi_Basidiomycota_Agaricomycetes_Phallales_Phallaceae_Phallus_impudicus/c46e9e23-d3f8-452a-b422-6df9cc20cca9.jpg,271,266,0,266,265,271,36,264,0.2032470703125,0.1402587890625,0.055023193359375,0.034698486328125,0.0211334228515625,1,3,stinkhorn,blusher,green-spored parasol,stinkhorn,Spongy Oak Apple Gall Wasp,Yellow Stainer
val/05676_Fungi_Basidiomycota_Agaricomycetes_Polyporales_Polyporaceae_Fomes_fomentarius/b37b9271-d0a4-4dc5-b7e9-e4faafe75869.jpg,272,267,0,267,272,257,265,264,0.041656494140625,0.03570556640625,0.030181884765625,0.0276641845703125,0.024810791015625,1,2,Hoof Fungus,Lichen Agaric,Hoof Fungus,Decollate Snail,green-spored parasol,Yellow Stainer
val/05714_Fungi_Basidiomycota_Agaricomycetes_Russulales_Stereaceae_Xylobolus_frustulatus/869e0c81-25e4-400c-805a-ed76305a6149.jpg,274,102,0,102,274,85,17,7,0.040771484375,0.0221405029296875,0.017547607421875,0.0138702392578125,0.0135345458984375,1,2,ceramic parchment,Buck Moth,ceramic parchment,Angulose Prominent Moth,Oriental Beetle,Emerald Ash Borer
val/05734_Plantae_Bryophyta_Bryopsida_Bryales_Mniaceae_Rhizomnium_glabrescens/e4f41e73-e0f5-4c35-a75a-0a724e5fa478.jpg,275,348,0,348,370,275,349,385,0.485107421875,0.1378173828125,0.1094970703125,0.052337646484375,0.0120391845703125,1,3,fan moss,hairy bittercress,woodland pterostegia,fan moss,narrow-leaved bittercress,Gaultheria antipoda
val/05734_Plantae_Bryophyta_Bryopsida_Bryales_Mniaceae_Rhizomnium_glabrescens/d8418a7f-2ce0-4264-8a10-a7f1136f534e.jpg,275,32,0,32,475,275,319,385,0.136962890625,0.0526123046875,0.0411376953125,0.040252685546875,0.039642333984375,1,3,fan moss,Jagged Ambush Bug,field maple,fan moss,common burrobrush,Gaultheria antipoda
val/05734_Plantae_Bryophyta_Bryopsida_Bryales_Mniaceae_Rhizomnium_glabrescens/f7c3d2dd-6abc-4c23-a520-3fcbc8438a2f.jpg,275,276,0,276,275,311,494,349,0.2529296875,0.1435546875,0.1031494140625,0.06317138671875,0.0226593017578125,1,2,fan moss,delicate fern moss,fan moss,princess pine,Hen and Chicks Fern,narrow-leaved bittercress
val/05756_Plantae_Bryophyta_Bryopsida_Hypnales_Thuidiaceae_Thuidium_delicatulum/e8efe4b0-1b7d-4a2c-ba0e-a003a108a1a4.jpg,276,443,0,443,479,359,276,29,0.1024169921875,0.1019287109375,0.035247802734375,0.0247955322265625,0.0226287841796875,1,4,delicate fern moss,velvetleaf,Goose-berry,Sea Sandwort,delicate fern moss,European Striped Shield Bug
val/05764_Plantae_Chlorophyta_Ulvophyceae_Bryopsidales_Codiaceae_Codium_fragile/25505aa9-cd06-4be9-ac5d-936527a6d0fa.jpg,277,347,0,347,277,307,369,359,0.19580078125,0.1016845703125,0.02557373046875,0.02337646484375,0.0197601318359375,1,2,Sponge Weed,European Searocket,Sponge Weed,Annual Meadow-grass,beach knotweed,Sea Sandwort
val/05769_Plantae_Marchantiophyta_Jungermanniopsida_Porellales_Radulaceae_Radula_complanata/c02bccf9-5581-4d8d-bae5-4b5ebdb257e6.jpg,278,275,0,275,278,276,496,494,0.2471923828125,0.1346435546875,0.126953125,0.05560302734375,0.0472412109375,1,2,Flat-leaved Scalewort,fan moss,Flat-leaved Scalewort,delicate fern moss,brittle bladderfern,Hen and Chicks Fern
val/05769_Plantae_Marchantiophyta_Jungermanniopsida_Porellales_Radulaceae_Radula_complanata/c62cda2c-2670-47cd-a796-1af97302abc0.jpg,278,261,0,261,278,263,276,342,0.125,0.1185302734375,0.018524169921875,0.01561737060546875,0.01425933837890625,1,2,Flat-leaved Scalewort,scaly pelt lichen,Flat-leaved Scalewort,Smooth Rock Tripe,delicate fern moss,California Harebell
val/05783_Plantae_Tracheophyta_Gnetopsida_Ephedrales_Ephedraceae_Ephedra_trifurca/374d904d-cc2f-4f30-a9c2-323618514c1f.jpg,279,305,0,305,343,279,55,310,0.056610107421875,0.05059814453125,0.03802490234375,0.034820556640625,0.031158447265625,1,3,longleaf ephedra,common three-square,Sheep's-bit,longleaf ephedra,Latticed Heath,Kangaroo Grass
val/05783_Plantae_Tracheophyta_Gnetopsida_Ephedrales_Ephedraceae_Ephedra_trifurca/bf870cfa-b7aa-41bc-bbb9-42308e5beae5.jpg,279,474,0,474,472,463,365,279,0.052276611328125,0.045928955078125,0.041229248046875,0.03594970703125,0.0241241455078125,1,5,longleaf ephedra,elephant tree,desert mistletoe,desert almond,skeleton weed,longleaf ephedra
val/05824_Plantae_Tracheophyta_Liliopsida_Arecales_Arecaceae_Cocos_nucifera/e151ef04-b101-4a94-96a8-76e4b81af8eb.jpg,280,225,0,225,280,469,448,372,0.02423095703125,0.021820068359375,0.017486572265625,0.00952911376953125,0.0091552734375,1,2,coconut palm,Canada Lynx,coconut palm,Siberian elm,Coastal Banksia,crucifixion thorn
val/05837_Plantae_Tracheophyta_Liliopsida_Asparagales_Amaryllidaceae_Allium_cernuum/94c17c87-53ca-4847-8be8-b37d9bc301e5.jpg,281,369,0,369,281,325,287,486,0.08721923828125,0.032379150390625,0.0239410400390625,0.012420654296875,0.011566162109375,1,2,nodding onion,beach knotweed,nodding onion,tall boneset,Branched Asphodel,Pima Rhatany
val/05837_Plantae_Tracheophyta_Liliopsida_Asparagales_Amaryllidaceae_Allium_cernuum/f45d4278-114b-4a36-8474-55b7caa4d73d.jpg,281,415,0,415,281,431,282,16,0.10491943359375,0.044403076171875,0.0294647216796875,0.029022216796875,0.01763916015625,1,2,nodding onion,Marsh Woundwort,nodding onion,Dakota mock vervain,spring spiderlily,Kern's Flower Scarab
val/05856_Plantae_Tracheophyta_Liliopsida_Asparagales_Amaryllidaceae_Hymenocallis_liriosme/717a2431-ef22-47d2-9a42-46f07e1f8089.jpg,282,482,0,482,238,484,282,290,0.05706787109375,0.03997802734375,0.0272369384765625,0.0224609375,0.0180206298828125,1,4,spring spiderlily,Obscure Morning Glory,Common Bronze-back,White Horse-nettle,spring spiderlily,Red Helleborine
val/05878_Plantae_Tracheophyta_Liliopsida_Asparagales_Asparagaceae_Asparagus_acutifolius/cef05a1f-207d-49ab-9048-b2e2b1c38d18.jpg,283,387,0,387,283,463,456,320,0.393798828125,0.1298828125,0.0443115234375,0.0305023193359375,0.0231475830078125,1,2,Spiny Asparagus,Prickly mingimingi,Spiny Asparagus,desert almond,Virginia virgin's-bower,common mugwort
val/05878_Plantae_Tracheophyta_Liliopsida_Asparagales_Asparagaceae_Asparagus_acutifolius/385ea61c-75d8-4571-b270-6bdac2f53fb1.jpg,283,340,0,340,320,248,283,184,0.095947265625,0.050933837890625,0.031463623046875,0.029876708984375,0.02117919921875,1,4,Spiny Asparagus,common dandelion,common mugwort,Massasauga,Spiny Asparagus,Meadow Pipit
val/05881_Plantae_Tracheophyta_Liliopsida_Asparagales_Asparagaceae_Asparagus_officinalis/ae49a4c4-584d-44d9-b679-1556de4bc0af.jpg,284,396,0,396,284,326,291,352,0.038909912109375,0.01410675048828125,0.013519287109375,0.0110626220703125,0.0109405517578125,1,2,asparagus,white sweet clover,asparagus,dogfennel,Common Spotted Orchid,Mexican tea
val/05881_Plantae_Tracheophyta_Liliopsida_Asparagales_Asparagaceae_Asparagus_officinalis/77ef0e9c-76ce-4a6c-aa8f-672466b543f4.jpg,284,170,0,170,354,284,326,337,0.0435791015625,0.037567138671875,0.0223846435546875,0.0214385986328125,0.02105712890625,1,3,asparagus,Yellow Grosbeak,Strawberry Cactus,asparagus,dogfennel,prairie dock
val/05881_Plantae_Tracheophyta_Liliopsida_Asparagales_Asparagaceae_Asparagus_officinalis/a9a14d59-9b66-4ce9-81ad-ae6c57d59c3c.jpg,284,326,0,326,458,284,454,329,0.322265625,0.04339599609375,0.040069580078125,0.028167724609375,0.022705078125,1,3,asparagus,dogfennel,meadow buttercup,asparagus,common columbine,Old Plainsman
val/05881_Plantae_Tracheophyta_Liliopsida_Asparagales_Asparagaceae_Asparagus_officinalis/40b21913-fa17-4422-bf96-a5dccc5d1670.jpg,284,458,0,458,284,23,214,7,0.396484375,0.061370849609375,0.047027587890625,0.0350341796875,0.0225067138671875,1,2,asparagus,meadow buttercup,asparagus,Maize Calligrapher Fly,Downy Woodpecker,Emerald Ash Borer
val/05881_Plantae_Tracheophyta_Liliopsida_Asparagales_Asparagaceae_Asparagus_officinalis/36fbc179-fbcf-4676-bb11-307dbe4636f1.jpg,284,397,0,397,328,373,284,39,0.02374267578125,0.0162506103515625,0.01129150390625,0.011199951171875,0.01074981689453125,1,4,asparagus,Common Flat-pea,Bitterweed,Stinging Serpent,asparagus,Pure Green Sweat Bee
val/05881_Plantae_Tracheophyta_Liliopsida_Asparagales_Asparagaceae_Asparagus_officinalis/05b7cf53-f3c7-4b94-9db2-bead4d9b341f.jpg,284,326,0,326,284,354,124,198,0.1588134765625,0.10052490234375,0.0821533203125,0.01435089111328125,0.01091766357421875,1,2,asparagus,dogfennel,asparagus,Strawberry Cactus,Obscure Bird Grasshopper,Common Firecrest
val/05887_Plantae_Tracheophyta_Liliopsida_Asparagales_Asparagaceae_Camassia_quamash/df9b71b3-9149-4254-bcec-d8e3bc18ce92.jpg,285,286,0,286,285,409,483,33,0.09283447265625,0.087646484375,0.047119140625,0.023223876953125,0.0142974853515625,1,2,small camas,Grape hyacinth,small camas,Blue Bugle,western horsenettle,Ashy Mining Bee
val/05916_Plantae_Tracheophyta_Liliopsida_Asparagales_Asparagaceae_Muscari_neglectum/807c703f-0343-43f4-a9bc-1c26482858c1.jpg,286,343,0,343,416,286,431,344,0.21533203125,0.05157470703125,0.04571533203125,0.0323486328125,0.03082275390625,1,3,Grape hyacinth,Sheep's-bit,woolly blue curls,Grape hyacinth,Dakota mock vervain,Salvation Jane
val/05948_Plantae_Tracheophyta_Liliopsida_Asparagales_Asphodelaceae_Asphodelus_ramosus/f999b08c-43e0-4e4a-b797-390f544ffbfd.jpg,287,288,0,288,308,287,306,498,0.1446533203125,0.115966796875,0.052642822265625,0.043212890625,0.021026611328125,1,3,Branched Asphodel,Mountain flax,Green Bristle Grass,Branched Asphodel,Dallis grass,ladder fern
val/05948_Plantae_Tracheophyta_Liliopsida_Asparagales_Asphodelaceae_Asphodelus_ramosus/45d20b82-c694-41f7-9ccc-f69894d88e42.jpg,287,166,0,166,444,287,380,213,0.05615234375,0.0413818359375,0.031463623046875,0.0241851806640625,0.0185089111328125,1,3,Branched Asphodel,Red-billed Pigeon,Island Mallow,Branched Asphodel,Big Berry Manzanita,American Flamingo
val/05948_Plantae_Tracheophyta_Liliopsida_Asparagales_Asphodelaceae_Asphodelus_ramosus/1da19830-de5a-4c52-9d2b-027829c3fbbd.jpg,287,207,0,207,171,287,147,193,0.0506591796875,0.03985595703125,0.033905029296875,0.0298919677734375,0.0214691162109375,1,3,Branched Asphodel,Ash-throated Flycatcher,Brown Creeper,Branched Asphodel,European Honey-buzzard,Lark Bunting
val/05962_Plantae_Tracheophyta_Liliopsida_Asparagales_Iridaceae_Crocus_vernus/f2b7e8a2-ff7d-421c-9c5a-b201fe4d305a.jpg,289,455,0,455,301,61,289,344,0.09747314453125,0.08477783203125,0.041900634765625,0.036956787109375,0.02667236328125,1,4,Spring Crocus,Swamp Leather Flower,snow trillium,White Slant-line,Spring Crocus,Salvation Jane
val/05962_Plantae_Tracheophyta_Liliopsida_Asparagales_Iridaceae_Crocus_vernus/aca62f2f-b1d5-4e59-81f7-458b87385f79.jpg,289,484,0,484,289,344,455,457,0.2734375,0.1507568359375,0.072509765625,0.067138671875,0.039642333984375,1,2,Spring Crocus,White Horse-nettle,Spring Crocus,Salvation Jane,Swamp Leather Flower,eastern pasqueflower
val/06005_Plantae_Tracheophyta_Liliopsida_Asparagales_Orchidaceae_Cephalanthera_rubra/54a213d1-5570-492d-923b-577678205d82.jpg,290,344,0,344,446,425,290,390,0.07177734375,0.052947998046875,0.03656005859375,0.025146484375,0.0214080810546875,1,4,Red Helleborine,Salvation Jane,rose evening primrose,American brooklime,Red Helleborine,Drummond's phlox
val/06005_Plantae_Tracheophyta_Liliopsida_Asparagales_Orchidaceae_Cephalanthera_rubra/86cb9849-8387-4008-a598-67ce3f04d2dc.jpg,290,295,0,295,290,360,391,480,0.150634765625,0.12127685546875,0.025543212890625,0.01081085205078125,0.0107574462890625,1,2,Red Helleborine,Philippine Ground Orchid,Red Helleborine,ragged-Robin,longleaf phlox,youth on age
val/06018_Plantae_Tracheophyta_Liliopsida_Asparagales_Orchidaceae_Dactylorhiza_fuchsii/d4b30171-98c1-42fe-9d1f-dcde75544408.jpg,291,360,0,360,419,291,415,285,0.146728515625,0.052886962890625,0.0274810791015625,0.02191162109375,0.02099609375,1,3,Common Spotted Orchid,ragged-Robin,Purple paintbrush,Common Spotted Orchid,Marsh Woundwort,small camas
val/06018_Plantae_Tracheophyta_Liliopsida_Asparagales_Orchidaceae_Dactylorhiza_fuchsii/9ddb4ec8-fa2d-44ea-8825-72a32ce05f58.jpg,291,421,0,421,290,291,480,415,0.177490234375,0.077392578125,0.056182861328125,0.02899169921875,0.01641845703125,1,3,Common Spotted Orchid,Red Odontites,Red Helleborine,Common Spotted Orchid,youth on age,Marsh Woundwort
val/06018_Plantae_Tracheophyta_Liliopsida_Asparagales_Orchidaceae_Dactylorhiza_fuchsii/9ebe3c21-c51b-4bea-af1b-06bd72b0b745.jpg,291,412,0,412,296,415,291,336,0.0421142578125,0.03387451171875,0.0308685302734375,0.0226593017578125,0.01788330078125,1,4,Common Spotted Orchid,spotted horse mint,Slender Ladies' Tresses,Marsh Woundwort,Common Spotted Orchid,Woad-leaved ragwort
val/06042_Plantae_Tracheophyta_Liliopsida_Asparagales_Orchidaceae_Goodyera_tesselata/971e1ec2-3ce4-4829-81b2-baa595ce2cd6.jpg,292,296,0,296,424,292,350,407,0.052337646484375,0.0247802734375,0.02252197265625,0.01800537109375,0.017974853515625,1,3,checkered rattlesnake plantain,Slender Ladies' Tresses,American lopseed,checkered rattlesnake plantain,California shieldpod,Coprosma dumosa
val/06042_Plantae_Tracheophyta_Liliopsida_Asparagales_Orchidaceae_Goodyera_tesselata/a817f8a4-5e22-4cc8-b58a-bf0f1baec5a1.jpg,292,408,0,408,292,303,311,466,0.07000732421875,0.057373046875,0.03497314453125,0.033233642578125,0.030548095703125,1,2,checkered rattlesnake plantain,Kanono,checkered rattlesnake plantain,sawbrier,princess pine,Himalayan-berry
val/06054_Plantae_Tracheophyta_Liliopsida_Asparagales_Orchidaceae_Neottia_nidus-avis/929def66-3108-422c-bda3-5e8805448ee1.jpg,293,32,0,32,293,350,333,429,0.291015625,0.0936279296875,0.03485107421875,0.033477783203125,0.0165863037109375,1,2,bird's-nest orchid,Jagged Ambush Bug,bird's-nest orchid,California shieldpod,Tauhinu,Wand Mullein
val/06054_Plantae_Tracheophyta_Liliopsida_Asparagales_Orchidaceae_Neottia_nidus-avis/007b7b78-afd8-4f51-986d-9a42de6911b3.jpg,293,350,0,350,32,293,429,371,0.0645751953125,0.06396484375,0.054931640625,0.040985107421875,0.022979736328125,1,3,bird's-nest orchid,California shieldpod,Jagged Ambush Bug,bird's-nest orchid,Wand Mullein,canaigre dock
val/06060_Plantae_Tracheophyta_Liliopsida_Asparagales_Orchidaceae_Ophrys_insectifera/b45fc606-c5cb-4043-a14b-5dadfa15cb42.jpg,294,37,0,37,290,367,294,366,0.1065673828125,0.098876953125,0.040924072265625,0.031524658203125,0.0277252197265625,1,4,Fly Orchid,Florida Carpenter Ant,Red Helleborine,redshank,Fly Orchid,Fringed Bindweed
val/06060_Plantae_Tracheophyta_Liliopsida_Asparagales_Orchidaceae_Ophrys_insectifera/92c87523-6dd0-4949-aa7a-cbbcf86b643e.jpg,294,237,0,237,423,294,429,135,0.0556640625,0.033172607421875,0.032470703125,0.0255584716796875,0.0221099853515625,1,3,Fly Orchid,Texas Alligator Lizard,scarlet monkeyflower,Fly Orchid,Wand Mullein,Yellow Perch
val/06094_Plantae_Tracheophyta_Liliopsida_Asparagales_Orchidaceae_Spathoglottis_plicata/357ce59a-19e2-4c5b-8594-cc4c9ee8df12.jpg,295,390,0,390,391,295,446,290,0.19287109375,0.1343994140625,0.059814453125,0.035919189453125,0.01922607421875,1,3,Philippine Ground Orchid,Drummond's phlox,longleaf phlox,Philippine Ground Orchid,rose evening primrose,Red Helleborine
val/06094_Plantae_Tracheophyta_Liliopsida_Asparagales_Orchidaceae_Spathoglottis_plicata/644b92da-3219-4177-8aff-a263e42f4c5f.jpg,295,415,0,415,295,290,412,338,0.462158203125,0.15576171875,0.03277587890625,0.0184478759765625,0.01027679443359375,1,2,Philippine Ground Orchid,Marsh Woundwort,Philippine Ground Orchid,Red Helleborine,spotted horse mint,common wrinkle-leaved goldenrod
val/06157_Plantae_Tracheophyta_Liliopsida_Liliales_Liliaceae_Erythronium_oregonum/9ef544f6-e204-4f1c-af15-a6463f0c4bd4.jpg,297,395,0,395,297,107,455,70,0.037139892578125,0.0272369384765625,0.025177001953125,0.022216796875,0.0218658447265625,1,2,giant white fawn lily,Scotch Broom,giant white fawn lily,Blinded Sphinx Moth,Swamp Leather Flower,European Skipper
val/06157_Plantae_Tracheophyta_Liliopsida_Liliales_Liliaceae_Erythronium_oregonum/7ade8aad-db62-40f0-aa3d-47643e2e94fb.jpg,297,292,0,292,76,303,297,75,0.048614501953125,0.027984619140625,0.0243682861328125,0.02362060546875,0.0214996337890625,1,4,giant white fawn lily,checkered rattlesnake plantain,Mazarine Blue,sawbrier,giant white fawn lily,Spring Azure
val/06165_Plantae_Tracheophyta_Liliopsida_Liliales_Liliaceae_Fritillaria_recurva/6c7a9b9e-2999-4900-ae74-f06980e1542d.jpg,298,423,0,423,298,301,300,479,0.290771484375,0.07818603515625,0.0100555419921875,0.0092010498046875,0.00795745849609375,1,2,scarlet fritillary,scarlet monkeyflower,scarlet fritillary,snow trillium,Leopard Lily,Goose-berry
val/06165_Plantae_Tracheophyta_Liliopsida_Liliales_Liliaceae_Fritillaria_recurva/9f9080c3-0f91-4a0e-b526-ef6b0bbe9170.jpg,298,303,0,303,99,298,366,39,0.061859130859375,0.047119140625,0.030059814453125,0.025177001953125,0.02386474609375,1,3,scarlet fritillary,sawbrier,Fatal Metalmark,scarlet fritillary,Fringed Bindweed,Pure Green Sweat Bee
val/06165_Plantae_Tracheophyta_Liliopsida_Liliales_Liliaceae_Fritillaria_recurva/18f5deb9-7b80-4f81-8339-1eca0423033e.jpg,298,299,0,299,423,298,481,354,0.06719970703125,0.03192138671875,0.02655029296875,0.0251617431640625,0.0242156982421875,1,3,scarlet fritillary,fire lily,scarlet monkeyflower,scarlet fritillary,red morning glory,Strawberry Cactus
val/06168_Plantae_Tracheophyta_Liliopsida_Liliales_Liliaceae_Lilium_bulbiferum/a662829c-90a3-414d-ae7e-c0994981b5d1.jpg,299,374,0,374,321,299,438,460,0.58154296875,0.020263671875,0.0191650390625,0.01230621337890625,0.00970458984375,1,3,fire lily,Streambank Stickleaf,tickseed beggar-ticks,fire lily,Klamath weed,parsley hawthorn
val/06168_Plantae_Tracheophyta_Liliopsida_Liliales_Liliaceae_Lilium_bulbiferum/afe1d847-51b1-4360-b73b-4fbea901e6be.jpg,299,423,0,423,374,299,298,396,0.197021484375,0.162109375,0.039764404296875,0.018768310546875,0.01690673828125,1,3,fire lily,scarlet monkeyflower,Streambank Stickleaf,fire lily,scarlet fritillary,white sweet clover
val/06206_Plantae_Tracheophyta_Liliopsida_Liliales_Melanthiaceae_Trillium_undulatum/5d3f637d-8c11-4df0-a576-1adab5089ebc.jpg,302,297,0,297,302,371,303,301,0.0804443359375,0.049774169921875,0.0246124267578125,0.0205078125,0.0184173583984375,1,2,painted trillium,giant white fawn lily,painted trillium,canaigre dock,sawbrier,snow trillium
val/06215_Plantae_Tracheophyta_Liliopsida_Liliales_Smilacaceae_Smilax_glauca/9dcd7751-c99d-4437-afbc-b17434c9952f.jpg,303,113,0,113,84,23,303,56,0.102294921875,0.032989501953125,0.0222930908203125,0.0196533203125,0.0182342529296875,1,4,sawbrier,Australian Green Mantis,Green Silver-lines,Maize Calligrapher Fly,sawbrier,Blackberry Looper
val/06215_Plantae_Tracheophyta_Liliopsida_Liliales_Smilacaceae_Smilax_glauca/ea6813fc-5fe2-4312-b8b7-51274b174b6a.jpg,303,332,0,332,315,75,314,303,0.08984375,0.054443359375,0.016387939453125,0.014373779296875,0.0139312744140625,1,5,sawbrier,white rattlesnakeroot,dwarf ginseng,Spring Azure,Japanese aralia,sawbrier
val/06215_Plantae_Tracheophyta_Liliopsida_Liliales_Smilacaceae_Smilax_glauca/eab6bf49-6744-4fef-bb1f-7fd6c2e4a7be.jpg,303,292,0,292,303,289,462,143,0.043060302734375,0.038055419921875,0.03564453125,0.02728271484375,0.0184326171875,1,2,sawbrier,checkered rattlesnake plantain,sawbrier,Spring Crocus,dwarf cinquefoil,Northern Red-legged Frog
val/06215_Plantae_Tracheophyta_Liliopsida_Liliales_Smilacaceae_Smilax_glauca/683e553d-0b99-4d43-bb36-ccc89d54f827.jpg,303,439,0,439,242,303,353,461,0.04095458984375,0.02838134765625,0.01486968994140625,0.01392364501953125,0.01383209228515625,1,3,sawbrier,bebb's willow,Brown Basilisk,sawbrier,Mignonette vine,Loquat
val/06238_Plantae_Tracheophyta_Liliopsida_Poales_Cyperaceae_Carex_digitata/528c8915-5d07-44af-bf1d-68762c877a26.jpg,304,420,0,420,230,304,293,143,0.05633544921875,0.0321044921875,0.0284576416015625,0.023193359375,0.0224761962890625,1,3,Fingered Sedge,Beechdrops,American Beaver,Fingered Sedge,bird's-nest orchid,Northern Red-legged Frog
val/06238_Plantae_Tracheophyta_Liliopsida_Poales_Cyperaceae_Carex_digitata/823cb7e2-9f3d-4001-8ac3-3a2d34bfdfa1.jpg,304,310,0,310,287,304,324,125,0.0810546875,0.070068359375,0.030731201171875,0.0142974853515625,0.0134124755859375,1,3,Fingered Sedge,Kangaroo Grass,Branched Asphodel,Fingered Sedge,tropical horseweed,Long-winged Conehead
val/06407_Plantae_Tracheophyta_Liliopsida_Poales_Poaceae_Paspalum_dilatatum/8836d011-abf0-435b-83b0-5c84d546c051.jpg,306,228,0,228,405,451,467,306,0.05084228515625,0.0291595458984375,0.0234527587890625,0.0221099853515625,0.0215301513671875,1,5,Dallis grass,Sunda Flying Lemur,Coast silk tassel,black cohosh,Rubus schmidelioides,Dallis grass
val/06407_Plantae_Tracheophyta_Liliopsida_Poales_Poaceae_Paspalum_dilatatum/355a838f-24b0-4830-be2d-3835fd70aca5.jpg,306,125,0,125,101,168,306,117,0.05145263671875,0.03350830078125,0.02178955078125,0.0187835693359375,0.0185394287109375,1,4,Dallis grass,Long-winged Conehead,Orange-tipped Oakworm Moth,Black Crake,Dallis grass,Common Blue Damselfly
val/06416_Plantae_Tracheophyta_Liliopsida_Poales_Poaceae_Poa_annua/372f0738-a6c4-471b-ad80-bf4ba2b5fabd.jpg,307,361,0,361,360,307,309,438,0.07135009765625,0.056854248046875,0.054473876953125,0.043182373046875,0.04290771484375,1,3,Annual Meadow-grass,lesser stitchwort,ragged-Robin,Annual Meadow-grass,Saint Augustine grass,Klamath weed
val/06425_Plantae_Tracheophyta_Liliopsida_Poales_Poaceae_Setaria_viridis/caf67313-5e48-4412-9b75-4acd89a36ce6.jpg,308,281,0,281,308,304,464,115,0.25634765625,0.2176513671875,0.06884765625,0.03704833984375,0.018585205078125,1,2,Green Bristle Grass,nodding onion,Green Bristle Grass,Fingered Sedge,sand cherry,Owly Sulphur
val/06431_Plantae_Tracheophyta_Liliopsida_Poales_Poaceae_Stenotaphrum_secundatum/d62f29d7-f878-45ac-94a1-6577482bc7b4.jpg,309,307,0,307,309,324,403,306,0.0701904296875,0.02130126953125,0.0168914794921875,0.016265869140625,0.0152130126953125,1,2,Saint Augustine grass,Annual Meadow-grass,Saint Augustine grass,tropical horseweed,willow oak,Dallis grass
val/06431_Plantae_Tracheophyta_Liliopsida_Poales_Poaceae_Stenotaphrum_secundatum/155845da-3b75-4bd4-8d20-be9d7b8617e8.jpg,309,142,0,142,435,309,367,307,0.0955810546875,0.06317138671875,0.0440673828125,0.0291595458984375,0.0228424072265625,1,3,Saint Augustine grass,Eastern Dwarf Treefrog,Tropic Croton,Saint Augustine grass,redshank,Annual Meadow-grass
val/06433_Plantae_Tracheophyta_Liliopsida_Poales_Poaceae_Themeda_triandra/518aff21-ad95-44ea-a795-0dde4115441b.jpg,310,309,0,309,310,306,223,194,0.0963134765625,0.06207275390625,0.039459228515625,0.02008056640625,0.01230621337890625,1,2,Kangaroo Grass,Saint Augustine grass,Kangaroo Grass,Dallis grass,Gray Wolf,Henslow's Sparrow
val/06433_Plantae_Tracheophyta_Liliopsida_Poales_Poaceae_Themeda_triandra/acaf6de3-fc3c-4129-b558-6ac3f62cf64a.jpg,310,281,0,281,68,310,194,431,0.01311492919921875,0.01293182373046875,0.011444091796875,0.0078125,0.00730133056640625,1,3,Kangaroo Grass,nodding onion,Umber Skipper,Kangaroo Grass,Henslow's Sparrow,Dakota mock vervain
val/06461_Plantae_Tracheophyta_Lycopodiopsida_Lycopodiales_Lycopodiaceae_Dendrolycopodium_obscurum/52a978b9-c56d-4359-ad3a-bc77735f5ff6.jpg,311,352,0,352,320,451,311,312,0.046905517578125,0.04339599609375,0.042724609375,0.041595458984375,0.027496337890625,1,4,princess pine,Mexican tea,common mugwort,black cohosh,princess pine,Broad-leaved Chervil
val/06492_Plantae_Tracheophyta_Magnoliopsida_Apiales_Apiaceae_Chaerophyllum_aromaticum/f6b952d4-1866-4af9-8df8-4db525a91e4a.jpg,312,332,0,332,315,434,312,476,0.1470947265625,0.10870361328125,0.08184814453125,0.0285491943359375,0.02581787109375,1,4,Broad-leaved Chervil,white rattlesnakeroot,dwarf ginseng,common copperleaf,Broad-leaved Chervil,Red Buckeye
val/06492_Plantae_Tracheophyta_Magnoliopsida_Apiales_Apiaceae_Chaerophyllum_aromaticum/4035a356-8a94-4436-811b-e291ade7fc58.jpg,312,453,0,453,349,312,320,139,0.0850830078125,0.059967041015625,0.049407958984375,0.0316162109375,0.0218048095703125,1,3,Broad-leaved Chervil,meadow anemone,narrow-leaved bittercress,Broad-leaved Chervil,common mugwort,Striped Eel Catfish
val/06554_Plantae_Tracheophyta_Magnoliopsida_Apiales_Araliaceae_Fatsia_japonica/080f4998-aa12-4ee0-915a-e800c93ed21b.jpg,314,481,0,481,408,314,63,100,0.08160400390625,0.042877197265625,0.03289794921875,0.024932861328125,0.0234375,1,3,Japanese aralia,red morning glory,Kanono,Japanese aralia,Least Skipper,Red-bordered Pixie
val/06554_Plantae_Tracheophyta_Magnoliopsida_Apiales_Araliaceae_Fatsia_japonica/10df7ed4-980b-4d80-92c6-1d508d109daf.jpg,314,451,0,451,314,460,456,332,0.1246337890625,0.12249755859375,0.05841064453125,0.053924560546875,0.02374267578125,1,2,Japanese aralia,black cohosh,Japanese aralia,parsley hawthorn,Virginia virgin's-bower,white rattlesnakeroot
val/06562_Plantae_Tracheophyta_Magnoliopsida_Apiales_Araliaceae_Panax_trifolius/b3f718db-6e91-46a4-a0d3-e9ba7060fd48.jpg,315,403,0,403,315,437,434,406,0.166015625,0.0946044921875,0.08575439453125,0.059356689453125,0.038360595703125,1,2,dwarf ginseng,willow oak,dwarf ginseng,Cassava,common copperleaf,American columbo
val/06562_Plantae_Tracheophyta_Magnoliopsida_Apiales_Araliaceae_Panax_trifolius/1a5e8abb-97e2-41b2-acb7-2116aeda7315.jpg,315,413,0,413,301,406,484,315,0.03302001953125,0.030120849609375,0.022491455078125,0.0218963623046875,0.012847900390625,1,5,dwarf ginseng,white sage,snow trillium,American columbo,White Horse-nettle,dwarf ginseng
val/06562_Plantae_Tracheophyta_Magnoliopsida_Apiales_Araliaceae_Panax_trifolius/aa34746e-47a9-4b06-b69e-2fb47d92daae.jpg,315,476,0,476,332,301,315,461,0.148681640625,0.0270538330078125,0.0213165283203125,0.020111083984375,0.0182037353515625,1,4,dwarf ginseng,Red Buckeye,white rattlesnakeroot,snow trillium,dwarf ginseng,Loquat
val/06568_Plantae_Tracheophyta_Magnoliopsida_Apiales_Araliaceae_Schefflera_actinophylla/41964744-64fb-4f1f-b89e-b0d084129973.jpg,316,408,0,408,303,316,302,433,0.41650390625,0.09930419921875,0.036895751953125,0.0112152099609375,0.0101470947265625,1,3,Octopus Tree,Kanono,sawbrier,Octopus Tree,painted trillium,umbrella magnolia
val/06568_Plantae_Tracheophyta_Magnoliopsida_Apiales_Araliaceae_Schefflera_actinophylla/145eec47-f467-45cb-af61-9b31d843f919.jpg,316,476,0,476,317,316,405,461,0.067626953125,0.047210693359375,0.0223846435546875,0.0218658447265625,0.01873779296875,1,3,Octopus Tree,Red Buckeye,American holly,Octopus Tree,Coast silk tassel,Loquat
val/06568_Plantae_Tracheophyta_Magnoliopsida_Apiales_Araliaceae_Schefflera_actinophylla/09f9fed3-6e62-4580-a675-79dc65c20c48.jpg,316,433,0,433,316,408,473,439,0.1998291015625,0.053985595703125,0.03741455078125,0.03631591796875,0.0160980224609375,1,2,Octopus Tree,umbrella magnolia,Octopus Tree,Kanono,poison ivy,bebb's willow
val/06568_Plantae_Tracheophyta_Magnoliopsida_Apiales_Araliaceae_Schefflera_actinophylla/9e4274b4-9c1e-4d33-8d55-2dfa5ab48284.jpg,316,393,0,393,441,316,476,394,0.04254150390625,0.0335693359375,0.02490234375,0.0208282470703125,0.0163116455078125,1,3,Octopus Tree,Taiwan Acacia,black willow,Octopus Tree,Red Buckeye,longleaf wattle
val/06585_Plantae_Tracheophyta_Magnoliopsida_Aquifoliales_Aquifoliaceae_Ilex_opaca/7a9750ec-4768-4dbf-a8ea-ebd49170d0e3.jpg,317,408,0,408,302,303,317,475,0.180419921875,0.07391357421875,0.042022705078125,0.0269927978515625,0.02313232421875,1,4,American holly,Kanono,painted trillium,sawbrier,American holly,field maple
val/06585_Plantae_Tracheophyta_Magnoliopsida_Aquifoliales_Aquifoliaceae_Ilex_opaca/a4384e7e-588d-47bf-94d8-ce76f152fbb8.jpg,317,408,0,408,477,303,317,405,0.0965576171875,0.09130859375,0.062164306640625,0.03216552734375,0.02716064453125,1,4,American holly,Kanono,jade plant,sawbrier,American holly,Coast silk tassel
val/06585_Plantae_Tracheophyta_Magnoliopsida_Aquifoliales_Aquifoliaceae_Ilex_opaca/39fc683b-4d4f-43f7-816a-bdf2bc29c4ff.jpg,317,405,0,405,408,317,371,113,0.11517333984375,0.04864501953125,0.046783447265625,0.03472900390625,0.03106689453125,1,3,American holly,Coast silk tassel,Kanono,American holly,canaigre dock,Australian Green Mantis
val/06639_Plantae_Tracheophyta_Magnoliopsida_Asterales_Asteraceae_Artemisia_vulgaris/b029c043-effe-4167-b195-80e6d9e10e19.jpg,320,352,0,352,320,324,453,139,0.1807861328125,0.1011962890625,0.08526611328125,0.028167724609375,0.020843505859375,1,2,common mugwort,Mexican tea,common mugwort,tropical horseweed,meadow anemone,Striped Eel Catfish
val/06639_Plantae_Tracheophyta_Magnoliopsida_Asterales_Asteraceae_Artemisia_vulgaris/405d73b9-0b5f-4014-bf71-53714f76e57c.jpg,320,479,0,479,320,423,307,460,0.1722412109375,0.1337890625,0.029205322265625,0.027252197265625,0.023956298828125,1,2,common mugwort,Goose-berry,common mugwort,scarlet monkeyflower,Annual Meadow-grass,parsley hawthorn
val/06639_Plantae_Tracheophyta_Magnoliopsida_Asterales_Asteraceae_Artemisia_vulgaris/08c0c193-a558-4094-9757-76460799350a.jpg,320,457,0,457,335,320,422,225,0.07879638671875,0.0675048828125,0.05670166015625,0.02923583984375,0.0225982666015625,1,3,common mugwort,eastern pasqueflower,leafcup,common mugwort,Indian Warrior,Canada Lynx
val/06639_Plantae_Tracheophyta_Magnoliopsida_Asterales_Asteraceae_Artemisia_vulgaris/cbf3111b-44ff-45d8-9126-e3b9f6d409a9.jpg,320,326,0,326,320,284,276,352,0.5361328125,0.0281524658203125,0.0143585205078125,0.01184844970703125,0.0102386474609375,1,2,common mugwort,dogfennel,common mugwort,asparagus,delicate fern moss,Mexican tea
val/06639_Plantae_Tracheophyta_Magnoliopsida_Asterales_Asteraceae_Artemisia_vulgaris/d96f3ea4-d28f-43e7-be54-6e48cba8fd2c.jpg,320,306,0,306,335,458,320,337,0.04815673828125,0.0170135498046875,0.0169677734375,0.0160369873046875,0.01512908935546875,1,4,common mugwort,Dallis grass,leafcup,meadow buttercup,common mugwort,prairie dock
val/06734_Plantae_Tracheophyta_Magnoliopsida_Asterales_Asteraceae_Crepis_tectorum/f3b770ed-a3e4-4589-a489-006ad22e23c0.jpg,323,401,0,401,452,328,323,334,0.43115234375,0.04791259765625,0.03607177734375,0.0186767578125,0.0176239013671875,1,4,narrow-leaved hawksbeard,Yellow milkwort,Spring Adonis,Bitterweed,narrow-leaved hawksbeard,Great Plains Ragwort
val/06734_Plantae_Tracheophyta_Magnoliopsida_Asterales_Asteraceae_Crepis_tectorum/d5290993-d0a6-4148-8d35-2e4130ec2dcf.jpg,323,341,0,341,339,484,323,340,0.1094970703125,0.038055419921875,0.0237274169921875,0.023681640625,0.0211181640625,1,4,narrow-leaved hawksbeard,tree marigold,prickly sowthistle,White Horse-nettle,narrow-leaved hawksbeard,common dandelion
val/06779_Plantae_Tracheophyta_Magnoliopsida_Asterales_Asteraceae_Erigeron_sumatrensis/3c269bd6-8d89-4f46-a856-ec9fd3047620.jpg,324,338,0,338,320,324,326,429,0.05474853515625,0.05078125,0.04534912109375,0.029083251953125,0.0209197998046875,1,3,tropical horseweed,common wrinkle-leaved goldenrod,common mugwort,tropical horseweed,dogfennel,Wand Mullein
val/06779_Plantae_Tracheophyta_Magnoliopsida_Asterales_Asteraceae_Erigeron_sumatrensis/91781d42-9959-4dd0-92a2-89b33b8e2ca2.jpg,324,320,0,320,329,324,333,319,0.47412109375,0.096923828125,0.09246826171875,0.04693603515625,0.0241241455078125,1,3,tropical horseweed,common mugwort,Old Plainsman,tropical horseweed,Tauhinu,common burrobrush
val/06779_Plantae_Tracheophyta_Magnoliopsida_Asterales_Asteraceae_Erigeron_sumatrensis/6c738f9f-2f2c-434b-a185-1198eba38d4c.jpg,324,406,0,406,324,352,404,434,0.1253662109375,0.0767822265625,0.06732177734375,0.04718017578125,0.043792724609375,1,2,tropical horseweed,American columbo,tropical horseweed,Mexican tea,California Wax Myrtle,common copperleaf
val/06779_Plantae_Tracheophyta_Magnoliopsida_Asterales_Asteraceae_Erigeron_sumatrensis/ba5fd7b4-3aaa-4e53-958d-1463ed6df184.jpg,324,434,0,434,425,338,435,324,0.21484375,0.0596923828125,0.051361083984375,0.03790283203125,0.031585693359375,1,5,tropical horseweed,common copperleaf,American brooklime,common wrinkle-leaved goldenrod,Tropic Croton,tropical horseweed
val/06785_Plantae_Tracheophyta_Magnoliopsida_Asterales_Asteraceae_Eupatorium_altissimum/b82d5e38-d891-4d11-8d65-2c90e76b2a41.jpg,325,288,0,288,498,325,282,394,0.05029296875,0.043548583984375,0.035064697265625,0.030029296875,0.0292510986328125,1,3,tall boneset,Mountain flax,ladder fern,tall boneset,spring spiderlily,longleaf wattle
val/06785_Plantae_Tracheophyta_Magnoliopsida_Asterales_Asteraceae_Eupatorium_altissimum/61242b93-c082-41cc-b150-8b4ff6926a6e.jpg,325,406,0,406,352,325,312,320,0.1517333984375,0.061798095703125,0.0465087890625,0.045196533203125,0.03826904296875,1,3,tall boneset,American columbo,Mexican tea,tall boneset,Broad-leaved Chervil,common mugwort
val/06787_Plantae_Tracheophyta_Magnoliopsida_Asterales_Asteraceae_Eupatorium_capillifolium/c9dda9a1-a74a-4435-a307-497f24d91639.jpg,326,383,0,383,326,441,489,488,0.06658935546875,0.061676025390625,0.042388916015625,0.042144775390625,0.029144287109375,1,2,dogfennel,Inaka,dogfennel,black willow,Montezuma cypress,baldcypress
val/06787_Plantae_Tracheophyta_Magnoliopsida_Asterales_Asteraceae_Eupatorium_capillifolium/6b2da60b-a8dd-4650-9b55-3f092c130984.jpg,326,307,0,307,349,320,326,283,0.225830078125,0.046142578125,0.038665771484375,0.0239105224609375,0.0168304443359375,1,4,dogfennel,Annual Meadow-grass,narrow-leaved bittercress,common mugwort,dogfennel,Spiny Asparagus
val/06800_Plantae_Tracheophyta_Magnoliopsida_Asterales_Asteraceae_Gaillardia_aristata/540a7dc9-de67-4354-a9fd-2938695c320d.jpg,327,341,0,341,327,321,374,328,0.24609375,0.052459716796875,0.04522705078125,0.0418701171875,0.03619384765625,1,2,great blanketflower,tree marigold,great blanketflower,tickseed beggar-ticks,Streambank Stickleaf,Bitterweed
val/06818_Plantae_Tracheophyta_Magnoliopsida_Asterales_Asteraceae_Helenium_amarum/fd1e2f25-9fe7-4922-837c-09c0574906c1.jpg,328,327,0,327,328,341,300,458,0.193115234375,0.050048828125,0.0250701904296875,0.0227813720703125,0.0217437744140625,1,2,Bitterweed,great blanketflower,Bitterweed,tree marigold,Leopard Lily,meadow buttercup
val/06843_Plantae_Tracheophyta_Magnoliopsida_Asterales_Asteraceae_Hymenopappus_artemisiifolius/7a24dbf4-286e-47b3-9d74-56f3e2d39bbd.jpg,329,9,0,9,329,21,32,319,0.162353515625,0.1383056640625,0.07952880859375,0.05670166015625,0.040130615234375,1,2,Old Plainsman,Spotted Longhorn,Old Plainsman,Yellow-shouldered Drone Fly,Jagged Ambush Bug,common burrobrush
val/06843_Plantae_Tracheophyta_Magnoliopsida_Asterales_Asteraceae_Hymenopappus_artemisiifolius/7b944769-0a7d-485b-bb94-05c6f235a46c.jpg,329,291,0,291,415,399,431,329,0.133056640625,0.053131103515625,0.032379150390625,0.0308074951171875,0.025360107421875,1,5,Old Plainsman,Common Spotted Orchid,Marsh Woundwort,California goldenbanner,Dakota mock vervain,Old Plainsman
val/06901_Plantae_Tracheophyta_Magnoliopsida_Asterales_Asteraceae_Nabalus_albus/b1595c60-342f-47ac-9f75-848c7c2e269f.jpg,332,378,0,378,219,402,433,332,0.0556640625,0.040985107421875,0.03173828125,0.0201568603515625,0.0180511474609375,1,5,white rattlesnakeroot,mapleleaf viburnum,Nurse Shark,swamp chestnut oak,umbrella magnolia,white rattlesnakeroot
val/06901_Plantae_Tracheophyta_Magnoliopsida_Asterales_Asteraceae_Nabalus_albus/ff04e571-285f-4af6-8293-59d55f5198b6.jpg,332,475,0,475,332,460,317,314,0.51025390625,0.09368896484375,0.041748046875,0.0219573974609375,0.0118255615234375,1,2,white rattlesnakeroot,field maple,white rattlesnakeroot,parsley hawthorn,American holly,Japanese aralia
val/06901_Plantae_Tracheophyta_Magnoliopsida_Asterales_Asteraceae_Nabalus_albus/9abc1e50-b398-4dee-b35a-e1a59d7ef797.jpg,332,485,0,485,456,378,31,332,0.378662109375,0.06072998046875,0.022430419921875,0.01776123046875,0.01491546630859375,1,5,white rattlesnakeroot,Porcelain Berry,Virginia virgin's-bower,mapleleaf viburnum,Southern Green Stink Bug,white rattlesnakeroot
val/06912_Plantae_Tracheophyta_Magnoliopsida_Asterales_Asteraceae_Ozothamnus_leptophyllus/797d3bc9-6001-4663-b77b-32d2fed84ad8.jpg,333,463,0,463,333,392,474,381,0.061798095703125,0.06109619140625,0.034149169921875,0.030517578125,0.02825927734375,1,2,Tauhinu,desert almond,Tauhinu,pygmy-flower rock-jasmine,elephant tree,common heather
val/06912_Plantae_Tracheophyta_Magnoliopsida_Asterales_Asteraceae_Ozothamnus_leptophyllus/4b51a455-3409-460f-be56-43ae5658ed3b.jpg,333,381,0,381,333,382,283,320,0.60791015625,0.04217529296875,0.0195770263671875,0.0175628662109375,0.01177215576171875,1,2,Tauhinu,common heather,Tauhinu,sand heath,Spiny Asparagus,common mugwort
val/06918_Plantae_Tracheophyta_Magnoliopsida_Asterales_Asteraceae_Packera_tampicana/0331cbc8-fcb1-4f72-9a13-a4ee86746098.jpg,334,323,0,323,328,334,341,321,0.2474365234375,0.103759765625,0.09405517578125,0.037689208984375,0.033447265625,1,3,Great Plains Ragwort,narrow-leaved hawksbeard,Bitterweed,Great Plains Ragwort,tree marigold,tickseed beggar-ticks
val/06972_Plantae_Tracheophyta_Magnoliopsida_Asterales_Asteraceae_Senecio_glastifolius/3df4c50e-b693-4343-84d5-456bb09562a9.jpg,336,330,0,330,336,453,457,444,0.1588134765625,0.1334228515625,0.040618896484375,0.022247314453125,0.01352691650390625,1,2,Woad-leaved ragwort,oxeye daisy,Woad-leaved ragwort,meadow anemone,eastern pasqueflower,Island Mallow
val/06972_Plantae_Tracheophyta_Magnoliopsida_Asterales_Asteraceae_Senecio_glastifolius/48e77fdf-3c38-4173-b9b3-796cea7c5ec9.jpg,336,330,0,330,336,8,409,341,0.4150390625,0.281982421875,0.017578125,0.0173187255859375,0.0117950439453125,1,2,Woad-leaved ragwort,oxeye daisy,Woad-leaved ragwort,Goldenrod Soldier Beetle,Blue Bugle,tree marigold
val/06972_Plantae_Tracheophyta_Magnoliopsida_Asterales_Asteraceae_Senecio_glastifolius/a85afc06-7060-47cd-a144-e3c9db2fbd1d.jpg,336,330,0,330,483,336,444,341,0.1878662109375,0.11761474609375,0.08856201171875,0.01558685302734375,0.01334381103515625,1,3,Woad-leaved ragwort,oxeye daisy,western horsenettle,Woad-leaved ragwort,Island Mallow,tree marigold
val/06972_Plantae_Tracheophyta_Magnoliopsida_Asterales_Asteraceae_Senecio_glastifolius/f7260727-bd9b-415c-a48f-ba9bc1bcd4a7.jpg,336,320,0,320,338,324,139,336,0.1534423828125,0.05706787109375,0.048187255859375,0.039154052734375,0.03472900390625,1,5,Woad-leaved ragwort,common mugwort,common wrinkle-leaved goldenrod,tropical horseweed,Striped Eel Catfish,Woad-leaved ragwort
val/06990_Plantae_Tracheophyta_Magnoliopsida_Asterales_Asteraceae_Silphium_terebinthinaceum/e97342fb-4c64-4826-ad2c-50b514a4eea5.jpg,337,377,0,377,443,353,337,17,0.09393310546875,0.08953857421875,0.033203125,0.0254974365234375,0.020233154296875,1,4,prairie dock,Western Snowberry,velvetleaf,Mignonette vine,prairie dock,Oriental Beetle
val/06990_Plantae_Tracheophyta_Magnoliopsida_Asterales_Asteraceae_Silphium_terebinthinaceum/3da8b3e1-bf85-41b8-ae05-b34515943bb2.jpg,337,284,0,284,337,161,341,125,0.09869384765625,0.0423583984375,0.03460693359375,0.0236358642578125,0.022125244140625,1,2,prairie dock,asparagus,prairie dock,Black-headed Gull,tree marigold,Long-winged Conehead
val/07005_Plantae_Tracheophyta_Magnoliopsida_Asterales_Asteraceae_Solidago_rugosa/2c5b1295-9d2a-4fee-adf4-a4ff3213db56.jpg,338,428,0,428,338,417,469,435,0.445556640625,0.0225982666015625,0.01064300537109375,0.00980377197265625,0.0078582763671875,1,2,common wrinkle-leaved goldenrod,Dark Mullein,common wrinkle-leaved goldenrod,Lilac chaste tree,Siberian elm,Tropic Croton
val/07005_Plantae_Tracheophyta_Magnoliopsida_Asterales_Asteraceae_Solidago_rugosa/07ef6559-6c10-4389-a21b-dd0dcc69f701.jpg,338,428,0,428,237,337,339,338,0.159423828125,0.0213165283203125,0.0179595947265625,0.01422119140625,0.01287841796875,1,5,common wrinkle-leaved goldenrod,Dark Mullein,Texas Alligator Lizard,prairie dock,prickly sowthistle,common wrinkle-leaved goldenrod
val/07005_Plantae_Tracheophyta_Magnoliopsida_Asterales_Asteraceae_Solidago_rugosa/55eee117-8fa7-4ea2-94c7-d6270f8f8ef5.jpg,338,382,0,382,338,384,479,284,0.1783447265625,0.07025146484375,0.04156494140625,0.035888671875,0.034210205078125,1,2,common wrinkle-leaved goldenrod,sand heath,common wrinkle-leaved goldenrod,Red Heath,Goose-berry,asparagus
val/07013_Plantae_Tracheophyta_Magnoliopsida_Asterales_Asteraceae_Sonchus_asper/6ad68df8-e6ee-405b-b7af-be3a600b834b.jpg,339,311,0,311,461,495,339,352,0.0718994140625,0.03955078125,0.0340576171875,0.033843994140625,0.0323486328125,1,4,prickly sowthistle,princess pine,Loquat,Crown Fern,prickly sowthistle,Mexican tea
val/07013_Plantae_Tracheophyta_Magnoliopsida_Asterales_Asteraceae_Sonchus_asper/82106a2a-95d0-411b-b2d6-2e5b27a6b5c1.jpg,339,340,0,340,330,339,401,327,0.10546875,0.057586669921875,0.04901123046875,0.0257568359375,0.0155181884765625,1,3,prickly sowthistle,common dandelion,oxeye daisy,prickly sowthistle,Yellow milkwort,great blanketflower
val/07047_Plantae_Tracheophyta_Magnoliopsida_Asterales_Asteraceae_Tithonia_tubaeformis/c07d073f-dff6-4e42-afd7-f5d13c69f3e5.jpg,341,323,0,323,341,429,327,328,0.09332275390625,0.033294677734375,0.02471923828125,0.0216217041015625,0.021514892578125,1,2,tree marigold,narrow-leaved hawksbeard,tree marigold,Wand Mullein,great blanketflower,Bitterweed
val/07047_Plantae_Tracheophyta_Magnoliopsida_Asterales_Asteraceae_Tithonia_tubaeformis/621f847c-e40b-4f79-870f-c61a699fdd4b.jpg,341,327,0,327,341,321,401,328,0.19775390625,0.045501708984375,0.0181121826171875,0.015045166015625,0.013916015625,1,2,tree marigold,great blanketflower,tree marigold,tickseed beggar-ticks,Yellow milkwort,Bitterweed
val/07092_Plantae_Tracheophyta_Magnoliopsida_Asterales_Campanulaceae_Campanula_prenanthoides/b69ef00e-dc04-481b-88f9-b262bc5631ed.jpg,342,455,0,455,342,297,389,306,0.1429443359375,0.11669921875,0.09112548828125,0.0182037353515625,0.01629638671875,1,2,California Harebell,Swamp Leather Flower,California Harebell,giant white fawn lily,flaxflowered ipomopsis,Dallis grass
val/07100_Plantae_Tracheophyta_Magnoliopsida_Asterales_Campanulaceae_Jasione_montana/3c7351c9-396b-4509-ba58-634391a41bcb.jpg,343,16,0,16,491,414,343,21,0.70751953125,0.05487060546875,0.0256500244140625,0.02325439453125,0.01427459716796875,1,4,Sheep's-bit,Kern's Flower Scarab,lodgepole pine,chia,Sheep's-bit,Yellow-shouldered Drone Fly
val/07100_Plantae_Tracheophyta_Magnoliopsida_Asterales_Campanulaceae_Jasione_montana/f9f44b30-517a-4816-a931-0c64688c6ac4.jpg,343,322,0,322,343,431,326,401,0.026123046875,0.0196075439453125,0.01213836669921875,0.0110015869140625,0.00965118408203125,1,2,Sheep's-bit,Texas Thistle,Sheep's-bit,Dakota mock vervain,dogfennel,Yellow milkwort
val/07139_Plantae_Tracheophyta_Magnoliopsida_Boraginales_Boraginaceae_Echium_plantagineum/a614e35c-48fa-49d3-a28f-bf108b6159d2.jpg,344,389,0,389,457,344,455,289,0.1263427734375,0.0885009765625,0.077880859375,0.04718017578125,0.0293121337890625,1,3,Salvation Jane,flaxflowered ipomopsis,eastern pasqueflower,Salvation Jane,Swamp Leather Flower,Spring Crocus
val/07139_Plantae_Tracheophyta_Magnoliopsida_Boraginales_Boraginaceae_Echium_plantagineum/be825276-d710-46f6-a3c4-fd373947884a.jpg,344,284,0,284,276,344,322,29,0.06829833984375,0.0208892822265625,0.0186004638671875,0.01517486572265625,0.01509857177734375,1,3,Salvation Jane,asparagus,delicate fern moss,Salvation Jane,Texas Thistle,European Striped Shield Bug
val/07172_Plantae_Tracheophyta_Magnoliopsida_Boraginales_Boraginaceae_Myosotis_latifolia/4d23a0c0-5d2a-4c1d-a9a8-642f35361016.jpg,345,346,0,346,345,426,430,425,0.52783203125,0.340576171875,0.040130615234375,0.00788116455078125,0.006778717041015625,1,2,broadleaf forget-me-not,water forget-me-not,broadleaf forget-me-not,Slender speedwell,golden dewdrop,American brooklime
val/07172_Plantae_Tracheophyta_Magnoliopsida_Boraginales_Boraginaceae_Myosotis_latifolia/dbc5aee2-248f-4da5-b40d-e1cb40da19d3.jpg,345,426,0,426,345,346,453,347,0.2822265625,0.26123046875,0.1026611328125,0.0256500244140625,0.01454925537109375,1,2,broadleaf forget-me-not,Slender speedwell,broadleaf forget-me-not,water forget-me-not,meadow anemone,European Searocket
val/07172_Plantae_Tracheophyta_Magnoliopsida_Boraginales_Boraginaceae_Myosotis_latifolia/765a9303-b5ce-4cb3-a3e6-885f2006328b.jpg,345,426,0,426,345,425,346,453,0.2939453125,0.2109375,0.1939697265625,0.042755126953125,0.0285491943359375,1,2,broadleaf forget-me-not,Slender speedwell,broadleaf forget-me-not,American brooklime,water forget-me-not,meadow anemone
val/07172_Plantae_Tracheophyta_Magnoliopsida_Boraginales_Boraginaceae_Myosotis_latifolia/a3150240-8cfd-4c51-84b4-a9213c503be4.jpg,345,425,0,425,345,346,446,426,0.174072265625,0.0517578125,0.04278564453125,0.0265960693359375,0.0221710205078125,1,2,broadleaf forget-me-not,American brooklime,broadleaf forget-me-not,water forget-me-not,rose evening primrose,Slender speedwell
val/07172_Plantae_Tracheophyta_Magnoliopsida_Boraginales_Boraginaceae_Myosotis_latifolia/26415065-9622-4e3a-92e7-2b41de4c7848.jpg,345,346,0,346,345,426,347,453,0.52392578125,0.197265625,0.11370849609375,0.01117706298828125,0.00907135009765625,1,2,broadleaf forget-me-not,water forget-me-not,broadleaf forget-me-not,Slender speedwell,European Searocket,meadow anemone
val/07173_Plantae_Tracheophyta_Magnoliopsida_Boraginales_Boraginaceae_Myosotis_scorpioides/7f9850fa-1071-45d3-bbb0-125cc593fbc9.jpg,346,348,0,348,392,361,346,296,0.1275634765625,0.039093017578125,0.038421630859375,0.0323486328125,0.023345947265625,1,4,water forget-me-not,hairy bittercress,pygmy-flower rock-jasmine,lesser stitchwort,water forget-me-not,Slender Ladies' Tresses
val/07173_Plantae_Tracheophyta_Magnoliopsida_Boraginales_Boraginaceae_Myosotis_scorpioides/6f4619f4-4d09-471a-bf08-66e7f6f6d8d1.jpg,346,345,0,345,426,346,430,347,0.5166015625,0.20068359375,0.11700439453125,0.034332275390625,0.006198883056640625,1,3,water forget-me-not,broadleaf forget-me-not,Slender speedwell,water forget-me-not,golden dewdrop,European Searocket
val/07226_Plantae_Tracheophyta_Magnoliopsida_Brassicales_Brassicaceae_Cakile_maritima/5225f54a-d0f4-4e55-a9da-08fb67b836d5.jpg,347,319,0,319,348,283,347,320,0.313232421875,0.045440673828125,0.03961181640625,0.03955078125,0.022552490234375,1,4,European Searocket,common burrobrush,hairy bittercress,Spiny Asparagus,European Searocket,common mugwort
val/07226_Plantae_Tracheophyta_Magnoliopsida_Brassicales_Brassicaceae_Cakile_maritima/208d7773-c68f-4fcb-bec5-1ab3940505ec.jpg,347,352,0,352,392,318,347,283,0.09161376953125,0.049957275390625,0.041534423828125,0.03680419921875,0.035614013671875,1,4,European Searocket,Mexican tea,pygmy-flower rock-jasmine,common yarrow,European Searocket,Spiny Asparagus
val/07226_Plantae_Tracheophyta_Magnoliopsida_Brassicales_Brassicaceae_Cakile_maritima/a70e76ce-2302-4f98-9ad2-df3267887cd9.jpg,347,346,0,346,347,453,345,426,0.59814453125,0.058746337890625,0.049163818359375,0.04315185546875,0.018280029296875,1,2,European Searocket,water forget-me-not,European Searocket,meadow anemone,broadleaf forget-me-not,Slender speedwell
val/07226_Plantae_Tracheophyta_Magnoliopsida_Brassicales_Brassicaceae_Cakile_maritima/f2f89df9-14cb-4bba-bb78-2fe01db0f034.jpg,347,348,0,348,347,283,392,319,0.07586669921875,0.056060791015625,0.0263824462890625,0.0241851806640625,0.0236358642578125,1,2,European Searocket,hairy bittercress,European Searocket,Spiny Asparagus,pygmy-flower rock-jasmine,common burrobrush
val/07236_Plantae_Tracheophyta_Magnoliopsida_Brassicales_Brassicaceae_Cardamine_hirsuta/4f942c7e-5281-4bd5-b38e-f74c3824f0a8.jpg,348,349,0,349,307,348,194,340,0.26513671875,0.08697509765625,0.0172271728515625,0.0160675048828125,0.0153961181640625,1,3,hairy bittercress,narrow-leaved bittercress,Annual Meadow-grass,hairy bittercress,Henslow's Sparrow,common dandelion
val/07236_Plantae_Tracheophyta_Magnoliopsida_Brassicales_Brassicaceae_Cardamine_hirsuta/f81c7aac-4bc1-4fb8-9152-a89a16f38c23.jpg,348,320,0,320,329,348,323,283,0.19091796875,0.088623046875,0.06787109375,0.04522705078125,0.0450439453125,1,3,hairy bittercress,common mugwort,Old Plainsman,hairy bittercress,narrow-leaved hawksbeard,Spiny Asparagus
val/07237_Plantae_Tracheophyta_Magnoliopsida_Brassicales_Brassicaceae_Cardamine_impatiens/a69292df-563c-487b-bc22-cc5a68199007.jpg,349,387,0,387,349,361,313,29,0.1397705078125,0.06341552734375,0.041259765625,0.0205841064453125,0.014556884765625,1,2,narrow-leaved bittercress,Prickly mingimingi,narrow-leaved bittercress,lesser stitchwort,upright hedge-parsley,European Striped Shield Bug
val/07246_Plantae_Tracheophyta_Magnoliopsida_Brassicales_Brassicaceae_Dithyrea_californica/a18d54f9-631f-4d98-aa2a-483d6f350b91.jpg,350,413,0,413,202,350,412,439,0.0496826171875,0.02996826171875,0.0249176025390625,0.01239776611328125,0.01160430908203125,1,3,California shieldpod,white sage,Blue-gray Tanager,California shieldpod,spotted horse mint,bebb's willow
val/07246_Plantae_Tracheophyta_Magnoliopsida_Brassicales_Brassicaceae_Dithyrea_californica/5499bb61-cd05-4b6c-8da5-8bb8333cbb3e.jpg,350,365,0,365,350,319,380,352,0.04595947265625,0.0245513916015625,0.022003173828125,0.0217437744140625,0.02166748046875,1,2,California shieldpod,skeleton weed,California shieldpod,common burrobrush,Big Berry Manzanita,Mexican tea
val/07299_Plantae_Tracheophyta_Magnoliopsida_Canellales_Winteraceae_Pseudowintera_colorata/701ed66e-162d-4d35-99c8-822be4db63a3.jpg,351,405,0,405,380,477,351,465,0.08990478515625,0.0693359375,0.04461669921875,0.0271453857421875,0.0243377685546875,1,4,Mountain Horopito,Coast silk tassel,Big Berry Manzanita,jade plant,Mountain Horopito,Blackthorn
val/07299_Plantae_Tracheophyta_Magnoliopsida_Canellales_Winteraceae_Pseudowintera_colorata/eaf5552a-8bdc-4a08-923b-c5290d71f0b4.jpg,351,72,0,72,351,142,36,141,0.1077880859375,0.04998779296875,0.0382080078125,0.038116455078125,0.03570556640625,1,2,Mountain Horopito,Green Oak-Slug Moth,Mountain Horopito,Eastern Dwarf Treefrog,Spongy Oak Apple Gall Wasp,Cachabi Robber Frog
val/07327_Plantae_Tracheophyta_Magnoliopsida_Caryophyllales_Amaranthaceae_Dysphania_ambrosioides/146caa57-8f83-444c-82ed-8dbce1be1b2e.jpg,352,318,0,318,352,347,291,415,0.201171875,0.049591064453125,0.033843994140625,0.0215606689453125,0.0180206298828125,1,2,Mexican tea,common yarrow,Mexican tea,European Searocket,Common Spotted Orchid,Marsh Woundwort
val/07327_Plantae_Tracheophyta_Magnoliopsida_Caryophyllales_Amaranthaceae_Dysphania_ambrosioides/a66000ad-7e64-47d9-ac5c-dad9723ba13e.jpg,352,471,0,471,499,352,335,320,0.06103515625,0.0212249755859375,0.02001953125,0.0176544189453125,0.0166015625,1,3,Mexican tea,Dwarf Nettle,broad beech fern,Mexican tea,leafcup,common mugwort
val/07327_Plantae_Tracheophyta_Magnoliopsida_Caryophyllales_Amaranthaceae_Dysphania_ambrosioides/8253992d-223c-4d4b-b756-f0da8c0496c7.jpg,352,451,0,451,462,471,352,320,0.52099609375,0.016021728515625,0.0123291015625,0.01041412353515625,0.01030731201171875,1,4,Mexican tea,black cohosh,dwarf cinquefoil,Dwarf Nettle,Mexican tea,common mugwort
val/07327_Plantae_Tracheophyta_Magnoliopsida_Caryophyllales_Amaranthaceae_Dysphania_ambrosioides/22342231-99ab-4f22-aec5-0a45739264a8.jpg,352,276,0,276,311,352,277,320,0.0980224609375,0.058074951171875,0.05303955078125,0.0504150390625,0.0302581787109375,1,3,Mexican tea,delicate fern moss,princess pine,Mexican tea,Sponge Weed,common mugwort
val/07339_Plantae_Tracheophyta_Magnoliopsida_Caryophyllales_Basellaceae_Anredera_cordifolia/121944e5-77a0-4b0d-b82f-29c425df1de8.jpg,353,405,0,405,354,353,381,396,0.10723876953125,0.025299072265625,0.01548004150390625,0.015350341796875,0.014068603515625,1,3,Mignonette vine,Coast silk tassel,Strawberry Cactus,Mignonette vine,common heather,white sweet clover
val/07339_Plantae_Tracheophyta_Magnoliopsida_Caryophyllales_Basellaceae_Anredera_cordifolia/4010af69-0e64-4954-97a2-9fedfa5a82c2.jpg,353,459,0,459,473,353,408,447,0.07598876953125,0.06976318359375,0.05145263671875,0.0272216796875,0.02557373046875,1,3,Mignonette vine,Korean mulberry,poison ivy,Mignonette vine,Kanono,Wineberry
val/07364_Plantae_Tracheophyta_Magnoliopsida_Caryophyllales_Cactaceae_Echinocereus_enneacanthus/4d7689d2-9f30-4944-8154-b62d34d69a42.jpg,354,357,0,357,356,354,139,226,0.1517333984375,0.1370849609375,0.069580078125,0.02276611328125,0.01416015625,1,3,Strawberry Cactus,viviparous foxtail cactus,strawberry hedgehog cactus,Strawberry Cactus,Striped Eel Catfish,Hooded Skunk
val/07364_Plantae_Tracheophyta_Magnoliopsida_Caryophyllales_Cactaceae_Echinocereus_enneacanthus/b43c8188-e792-464b-a47b-289f25ad26a0.jpg,354,356,0,356,354,358,490,444,0.826171875,0.1297607421875,0.00396728515625,0.0014047622680664062,0.001041412353515625,1,2,Strawberry Cactus,strawberry hedgehog cactus,Strawberry Cactus,California barrel cactus,white fir,Island Mallow
val/07364_Plantae_Tracheophyta_Magnoliopsida_Caryophyllales_Cactaceae_Echinocereus_enneacanthus/2262a43c-04b7-4a6a-b5e0-dbb3d34865e3.jpg,354,357,0,357,355,354,419,337,0.228759765625,0.05438232421875,0.042266845703125,0.033538818359375,0.02099609375,1,3,Strawberry Cactus,viviparous foxtail cactus,Spiny Hedgehog Cactus,Strawberry Cactus,Purple paintbrush,prairie dock
val/07364_Plantae_Tracheophyta_Magnoliopsida_Caryophyllales_Cactaceae_Echinocereus_enneacanthus/442486be-ef41-40d0-83f2-b85b1ee5706b.jpg,354,356,0,356,419,357,355,354,0.152587890625,0.056304931640625,0.048004150390625,0.04254150390625,0.030303955078125,1,5,Strawberry Cactus,strawberry hedgehog cactus,Purple paintbrush,viviparous foxtail cactus,Spiny Hedgehog Cactus,Strawberry Cactus
val/07366_Plantae_Tracheophyta_Magnoliopsida_Caryophyllales_Cactaceae_Echinocereus_pectinatus/fd0f4e6f-603c-4904-a3a0-b8a27e5ed0a4.jpg,355,250,0,250,355,266,357,422,0.032318115234375,0.0304107666015625,0.02294921875,0.022552490234375,0.02032470703125,1,2,Spiny Hedgehog Cactus,Nuttall's Cockle,Spiny Hedgehog Cactus,blusher,viviparous foxtail cactus,Indian Warrior
val/07371_Plantae_Tracheophyta_Magnoliopsida_Caryophyllales_Cactaceae_Echinocereus_stramineus/37f7854b-8002-4f81-af74-b06d594e7ab3.jpg,356,392,0,392,358,357,356,354,0.11474609375,0.10125732421875,0.06756591796875,0.039031982421875,0.019805908203125,1,4,strawberry hedgehog cactus,pygmy-flower rock-jasmine,California barrel cactus,viviparous foxtail cactus,strawberry hedgehog cactus,Strawberry Cactus
val/07371_Plantae_Tracheophyta_Magnoliopsida_Caryophyllales_Cactaceae_Echinocereus_stramineus/fffdc442-1ad8-4e90-b0a0-b3b05ac7b292.jpg,356,358,0,358,354,357,279,356,0.10418701171875,0.080322265625,0.060638427734375,0.056243896484375,0.045440673828125,1,5,strawberry hedgehog cactus,California barrel cactus,Strawberry Cactus,viviparous foxtail cactus,longleaf ephedra,strawberry hedgehog cactus
val/07371_Plantae_Tracheophyta_Magnoliopsida_Caryophyllales_Cactaceae_Echinocereus_stramineus/5bda1260-b8eb-4516-829f-d4dacd202069.jpg,356,354,0,354,356,452,493,359,0.4091796875,0.15283203125,0.01267242431640625,0.006969451904296875,0.006351470947265625,1,2,strawberry hedgehog cactus,Strawberry Cactus,strawberry hedgehog cactus,Spring Adonis,tangle fern,Sea Sandwort
val/07371_Plantae_Tracheophyta_Magnoliopsida_Caryophyllales_Cactaceae_Echinocereus_stramineus/0450c1fc-f33f-42d2-81f6-37832f4618f6.jpg,356,354,0,354,356,478,422,444,0.228271484375,0.1795654296875,0.0251617431640625,0.0229339599609375,0.0158233642578125,1,2,strawberry hedgehog cactus,Strawberry Cactus,strawberry hedgehog cactus,western roseroot,Indian Warrior,Island Mallow
val/07375_Plantae_Tracheophyta_Magnoliopsida_Caryophyllales_Cactaceae_Escobaria_vivipara/52c57b28-77f7-420a-a34a-5038fcb69e1e.jpg,357,358,0,358,355,357,419,422,0.25244140625,0.21337890625,0.09844970703125,0.05645751953125,0.0254058837890625,1,3,viviparous foxtail cactus,California barrel cactus,Spiny Hedgehog Cactus,viviparous foxtail cactus,Purple paintbrush,Indian Warrior
val/07376_Plantae_Tracheophyta_Magnoliopsida_Caryophyllales_Cactaceae_Ferocactus_cylindraceus/b0b37278-46bb-4149-b5f1-aee8101bfbe3.jpg,358,452,0,452,358,400,356,357,0.58642578125,0.061798095703125,0.0166778564453125,0.01363372802734375,0.00959014892578125,1,2,California barrel cactus,Spring Adonis,California barrel cactus,candyroot,strawberry hedgehog cactus,viviparous foxtail cactus
val/07376_Plantae_Tracheophyta_Magnoliopsida_Caryophyllales_Cactaceae_Ferocactus_cylindraceus/11f293ff-6ff7-413c-8f2f-f1b671620f27.jpg,358,354,0,354,356,358,357,372,0.06341552734375,0.055328369140625,0.033111572265625,0.0169219970703125,0.0088958740234375,1,3,California barrel cactus,Strawberry Cactus,strawberry hedgehog cactus,California barrel cactus,viviparous foxtail cactus,crucifixion thorn
val/07376_Plantae_Tracheophyta_Magnoliopsida_Caryophyllales_Cactaceae_Ferocactus_cylindraceus/5da1d0f9-7adb-44ef-80d0-94d85e5b2f97.jpg,358,356,0,356,358,355,354,131,0.143310546875,0.11602783203125,0.05322265625,0.0166778564453125,0.0166168212890625,1,2,California barrel cactus,strawberry hedgehog cactus,California barrel cactus,Spiny Hedgehog Cactus,Strawberry Cactus,Redbreast Sunfish
val/07434_Plantae_Tracheophyta_Magnoliopsida_Caryophyllales_Caryophyllaceae_Honckenya_peploides/dedb88f0-d365-470f-943a-e1836ef1e9bc.jpg,359,347,0,347,359,411,350,483,0.22265625,0.1754150390625,0.0821533203125,0.03271484375,0.01861572265625,1,2,Sea Sandwort,European Searocket,Sea Sandwort,lemon balm,California shieldpod,western horsenettle
val/07451_Plantae_Tracheophyta_Magnoliopsida_Caryophyllales_Caryophyllaceae_Silene_flos-cuculi/51f2ba2b-2380-4d55-b45d-fe37b7bc1e84.jpg,360,443,0,443,456,360,481,460,0.0305328369140625,0.024261474609375,0.0178985595703125,0.01763916015625,0.0160675048828125,1,3,ragged-Robin,velvetleaf,Virginia virgin's-bower,ragged-Robin,red morning glory,parsley hawthorn
val/07464_Plantae_Tracheophyta_Magnoliopsida_Caryophyllales_Caryophyllaceae_Stellaria_graminea/cd5ed794-b7a9-4faa-8d55-f562f7283494.jpg,361,435,0,435,361,453,347,324,0.052764892578125,0.019195556640625,0.018035888671875,0.01110076904296875,0.011077880859375,1,2,lesser stitchwort,Tropic Croton,lesser stitchwort,meadow anemone,European Searocket,tropical horseweed
val/07496_Plantae_Tracheophyta_Magnoliopsida_Caryophyllales_Montiaceae_Montia_parvifolia/d9d978d9-b79c-4894-a1d8-a36a9042c768.jpg,362,407,0,407,365,370,362,385,0.0914306640625,0.058746337890625,0.05487060546875,0.048553466796875,0.035736083984375,1,4,Small-leaved Blinks,Coprosma dumosa,skeleton weed,woodland pterostegia,Small-leaved Blinks,Gaultheria antipoda
val/07496_Plantae_Tracheophyta_Magnoliopsida_Caryophyllales_Montiaceae_Montia_parvifolia/014620dc-431f-4872-acf3-dc5687fa7aec.jpg,362,389,0,389,391,362,347,342,0.08990478515625,0.07513427734375,0.042938232421875,0.0281829833984375,0.0210418701171875,1,3,Small-leaved Blinks,flaxflowered ipomopsis,longleaf phlox,Small-leaved Blinks,European Searocket,California Harebell
val/07496_Plantae_Tracheophyta_Magnoliopsida_Caryophyllales_Montiaceae_Montia_parvifolia/12841600-c149-425b-a876-bb7835ba82a4.jpg,362,426,0,426,362,345,346,425,0.383544921875,0.138916015625,0.0877685546875,0.0278167724609375,0.02679443359375,1,2,Small-leaved Blinks,Slender speedwell,Small-leaved Blinks,broadleaf forget-me-not,water forget-me-not,American brooklime
val/07513_Plantae_Tracheophyta_Magnoliopsida_Caryophyllales_Plumbaginaceae_Limonium_perezii/190bed39-c555-4b8e-9790-420712eb5c8e.jpg,363,278,0,278,363,386,385,262,0.12384033203125,0.043243408203125,0.037109375,0.0269622802734375,0.01617431640625,1,2,Perez's sea lavender,Flat-leaved Scalewort,Perez's sea lavender,alpine azalea,Gaultheria antipoda,Golden Hair-lichen
val/07513_Plantae_Tracheophyta_Magnoliopsida_Caryophyllales_Plumbaginaceae_Limonium_perezii/c6652b8b-20cb-4318-9b98-e48a0ba56e55.jpg,363,478,0,478,363,450,386,379,0.2237548828125,0.1593017578125,0.09075927734375,0.08709716796875,0.0243072509765625,1,2,Perez's sea lavender,western roseroot,Perez's sea lavender,red pagoda,alpine azalea,strawberry tree
val/07513_Plantae_Tracheophyta_Magnoliopsida_Caryophyllales_Plumbaginaceae_Limonium_perezii/7b221db8-b11b-40ff-a53b-60252f46222b.jpg,363,475,0,475,261,363,376,32,0.1978759765625,0.0675048828125,0.059478759765625,0.035125732421875,0.0234222412109375,1,3,Perez's sea lavender,field maple,scaly pelt lichen,Perez's sea lavender,squirting cucumber,Jagged Ambush Bug
val/07513_Plantae_Tracheophyta_Magnoliopsida_Caryophyllales_Plumbaginaceae_Limonium_perezii/084fdced-be08-43d5-ba0b-0fd8b98a20e2.jpg,363,336,0,336,417,363,333,371,0.08062744140625,0.035369873046875,0.034576416015625,0.0249176025390625,0.0248565673828125,1,3,Perez's sea lavender,Woad-leaved ragwort,Lilac chaste tree,Perez's sea lavender,Tauhinu,canaigre dock
val/07520_Plantae_Tracheophyta_Magnoliopsida_Caryophyllales_Polygonaceae_Bistorta_vivipara/2ae44b8b-0c56-4db9-8593-a519dfcd6b39.jpg,364,293,0,293,396,364,420,428,0.058502197265625,0.0204010009765625,0.01885986328125,0.01678466796875,0.01427459716796875,1,3,alpine bistort,bird's-nest orchid,white sweet clover,alpine bistort,Beechdrops,Dark Mullein
val/07520_Plantae_Tracheophyta_Magnoliopsida_Caryophyllales_Polygonaceae_Bistorta_vivipara/8e03d6a2-cae7-4ee5-8202-2e35ceab019b.jpg,364,296,0,296,348,364,429,350,0.07574462890625,0.0653076171875,0.0491943359375,0.04449462890625,0.0261383056640625,1,3,alpine bistort,Slender Ladies' Tresses,hairy bittercress,alpine bistort,Wand Mullein,California shieldpod
val/07536_Plantae_Tracheophyta_Magnoliopsida_Caryophyllales_Polygonaceae_Fallopia_cilinodis/ff66ef22-6c94-4e9a-a0b0-a80e9b05bb69.jpg,366,485,0,485,388,475,366,424,0.72900390625,0.04345703125,0.0286865234375,0.0206451416015625,0.018096923828125,1,4,Fringed Bindweed,Porcelain Berry,black huckleberry,field maple,Fringed Bindweed,American lopseed
val/07536_Plantae_Tracheophyta_Magnoliopsida_Caryophyllales_Polygonaceae_Fallopia_cilinodis/c3806cb0-54a7-422d-bbd0-72ef59134115.jpg,366,482,0,482,332,366,470,466,0.1785888671875,0.053375244140625,0.0406494140625,0.0380859375,0.034149169921875,1,3,Fringed Bindweed,Obscure Morning Glory,white rattlesnakeroot,Fringed Bindweed,Canadian wood nettle,Himalayan-berry
val/07536_Plantae_Tracheophyta_Magnoliopsida_Caryophyllales_Polygonaceae_Fallopia_cilinodis/8325cfce-f6d7-40de-944d-43fe67cbc95f.jpg,366,88,0,88,443,89,366,402,0.0278167724609375,0.0232086181640625,0.0185089111328125,0.0180206298828125,0.0151824951171875,1,4,Fringed Bindweed,Julia Butterfly,velvetleaf,Baltimore Checkerspot,Fringed Bindweed,swamp chestnut oak
val/07536_Plantae_Tracheophyta_Magnoliopsida_Caryophyllales_Polygonaceae_Fallopia_cilinodis/ee461356-f47a-4518-a533-4f5a3127eaca.jpg,366,473,0,473,462,366,466,176,0.055999755859375,0.0239715576171875,0.022735595703125,0.0196380615234375,0.01947021484375,1,3,Fringed Bindweed,poison ivy,dwarf cinquefoil,Fringed Bindweed,Himalayan-berry,Red Crossbill
val/07536_Plantae_Tracheophyta_Magnoliopsida_Caryophyllales_Polygonaceae_Fallopia_cilinodis/08454c80-d8ba-443f-9b13-7cfff1044cf0.jpg,366,482,0,482,366,388,12,481,0.398681640625,0.161376953125,0.03643798828125,0.0296173095703125,0.0281219482421875,1,2,Fringed Bindweed,Obscure Morning Glory,Fringed Bindweed,black huckleberry,Hadda Beetle,red morning glory
val/07552_Plantae_Tracheophyta_Magnoliopsida_Caryophyllales_Polygonaceae_Persicaria_maculosa/d547b9d3-0cc1-488b-a593-df021abe0166.jpg,367,371,0,371,404,367,314,368,0.11138916015625,0.0694580078125,0.045928955078125,0.040679931640625,0.035369873046875,1,3,redshank,canaigre dock,California Wax Myrtle,redshank,Japanese aralia,prostrate knotweed
val/07552_Plantae_Tracheophyta_Magnoliopsida_Caryophyllales_Polygonaceae_Persicaria_maculosa/cb4b9073-415c-4894-a7ae-28cac662c3b2.jpg,367,434,0,434,415,435,425,367,0.09063720703125,0.050811767578125,0.04754638671875,0.0386962890625,0.034088134765625,1,5,redshank,common copperleaf,Marsh Woundwort,Tropic Croton,American brooklime,redshank
val/07552_Plantae_Tracheophyta_Magnoliopsida_Caryophyllales_Polygonaceae_Persicaria_maculosa/cf155350-0f45-4e25-b3a8-7337b936bbd4.jpg,367,446,0,446,367,415,427,434,0.05877685546875,0.05218505859375,0.048309326171875,0.03436279296875,0.032745361328125,1,2,redshank,rose evening primrose,redshank,Marsh Woundwort,Butterfly bush,common copperleaf
val/07558_Plantae_Tracheophyta_Magnoliopsida_Caryophyllales_Polygonaceae_Polygonum_aviculare/c4006988-1189-4a21-8e8e-5c9eff058699.jpg,368,388,0,388,368,440,439,367,0.07794189453125,0.0479736328125,0.042724609375,0.03350830078125,0.0193328857421875,1,2,prostrate knotweed,black huckleberry,prostrate knotweed,Grey Willow,bebb's willow,redshank
val/07558_Plantae_Tracheophyta_Magnoliopsida_Caryophyllales_Polygonaceae_Polygonum_aviculare/7577c233-0ecf-440a-976a-80d2f57ef22f.jpg,368,369,0,369,368,348,361,323,0.148193359375,0.1136474609375,0.0289306640625,0.027862548828125,0.019500732421875,1,2,prostrate knotweed,beach knotweed,prostrate knotweed,hairy bittercress,lesser stitchwort,narrow-leaved hawksbeard
val/07558_Plantae_Tracheophyta_Magnoliopsida_Caryophyllales_Polygonaceae_Polygonum_aviculare/6443c137-dc31-4ebb-92ff-10eb9cb6aed9.jpg,368,435,0,435,346,436,113,368,0.0819091796875,0.07659912109375,0.058319091796875,0.052581787109375,0.0404052734375,1,5,prostrate knotweed,Tropic Croton,water forget-me-not,Florida Hammock Sandmat,Australian Green Mantis,prostrate knotweed
val/07559_Plantae_Tracheophyta_Magnoliopsida_Caryophyllales_Polygonaceae_Polygonum_paronychia/7a8fc7c9-c660-4c1e-a525-a47f2e0921fd.jpg,369,397,0,397,369,368,362,464,0.0831298828125,0.0587158203125,0.037017822265625,0.0278472900390625,0.023681640625,1,2,beach knotweed,Common Flat-pea,beach knotweed,prostrate knotweed,Small-leaved Blinks,sand cherry
val/07559_Plantae_Tracheophyta_Magnoliopsida_Caryophyllales_Polygonaceae_Polygonum_paronychia/b95a094b-66d3-4046-bf7c-9fd229b9230c.jpg,369,246,0,246,437,369,236,241,0.063232421875,0.0174713134765625,0.0174713134765625,0.0167083740234375,0.0165557861328125,1,3,beach knotweed,Great Plains Skink,Cassava,beach knotweed,Italian Slow Worm,Aesculapian Snake
val/07560_Plantae_Tracheophyta_Magnoliopsida_Caryophyllales_Polygonaceae_Pterostegia_drymarioides/6ae60dd8-4122-416c-932c-48ad999da4b5.jpg,370,385,0,385,370,298,424,436,0.2431640625,0.08294677734375,0.0299530029296875,0.0263824462890625,0.0257568359375,1,2,woodland pterostegia,Gaultheria antipoda,woodland pterostegia,scarlet fritillary,American lopseed,Florida Hammock Sandmat
val/07560_Plantae_Tracheophyta_Magnoliopsida_Caryophyllales_Polygonaceae_Pterostegia_drymarioides/e30c9676-0647-4e73-b234-17ee7e6159cc.jpg,370,436,0,436,388,370,315,366,0.40966796875,0.080078125,0.0709228515625,0.05535888671875,0.01537322998046875,1,3,woodland pterostegia,Florida Hammock Sandmat,black huckleberry,woodland pterostegia,dwarf ginseng,Fringed Bindweed
val/07560_Plantae_Tracheophyta_Magnoliopsida_Caryophyllales_Polygonaceae_Pterostegia_drymarioides/b3143ff9-3591-4260-a2f7-cd3c754610f6.jpg,370,486,0,486,370,472,362,467,0.1885986328125,0.1533203125,0.037445068359375,0.0279388427734375,0.0257720947265625,1,2,woodland pterostegia,Pima Rhatany,woodland pterostegia,desert mistletoe,Small-leaved Blinks,Rubus schmidelioides
val/07567_Plantae_Tracheophyta_Magnoliopsida_Caryophyllales_Polygonaceae_Rumex_hymenosepalus/dbb86d95-7a0b-4d88-8133-48d684fd4546.jpg,371,428,0,428,371,399,287,237,0.218994140625,0.06298828125,0.031097412109375,0.0291900634765625,0.027252197265625,1,2,canaigre dock,Dark Mullein,canaigre dock,California goldenbanner,Branched Asphodel,Texas Alligator Lizard
val/07567_Plantae_Tracheophyta_Magnoliopsida_Caryophyllales_Polygonaceae_Rumex_hymenosepalus/e0045c91-0b52-44b1-9dfc-e2b1df086c5d.jpg,371,297,0,297,406,371,303,404,0.1309814453125,0.099853515625,0.08154296875,0.0810546875,0.01166534423828125,1,3,canaigre dock,giant white fawn lily,American columbo,canaigre dock,sawbrier,California Wax Myrtle
val/07576_Plantae_Tracheophyta_Magnoliopsida_Celastrales_Celastraceae_Canotia_holacantha/d165ff14-f169-407f-9e29-af98607df55d.jpg,372,463,0,463,372,279,472,319,0.45849609375,0.310302734375,0.057952880859375,0.0308990478515625,0.0106048583984375,1,2,crucifixion thorn,desert almond,crucifixion thorn,longleaf ephedra,desert mistletoe,common burrobrush
val/07611_Plantae_Tracheophyta_Magnoliopsida_Cornales_Loasaceae_Cevallia_sinuata/abadcbb9-433a-4f77-8cbb-f1da3521805b.jpg,373,438,0,438,373,32,39,99,0.3798828125,0.06903076171875,0.0257720947265625,0.0210418701171875,0.0162353515625,1,2,Stinging Serpent,Klamath weed,Stinging Serpent,Jagged Ambush Bug,Pure Green Sweat Bee,Fatal Metalmark
val/07611_Plantae_Tracheophyta_Magnoliopsida_Cornales_Loasaceae_Cevallia_sinuata/7eaaadcc-b976-48bb-9560-81ff4463b71b.jpg,373,267,0,267,373,357,341,322,0.03509521484375,0.029693603515625,0.02490234375,0.0179901123046875,0.0165252685546875,1,2,Stinging Serpent,Lichen Agaric,Stinging Serpent,viviparous foxtail cactus,tree marigold,Texas Thistle
val/07619_Plantae_Tracheophyta_Magnoliopsida_Cucurbitales_Coriariaceae_Coriaria_arborea/2833b480-f137-4d22-a6b9-272737db6ce7.jpg,375,379,0,379,375,385,84,445,0.115966796875,0.017120361328125,0.01511383056640625,0.013519287109375,0.01090240478515625,1,2,Tree Tutu,strawberry tree,Tree Tutu,Gaultheria antipoda,Green Silver-lines,Cherry Tree
val/07619_Plantae_Tracheophyta_Magnoliopsida_Cucurbitales_Coriariaceae_Coriaria_arborea/297b7850-facd-4f33-b172-39a1f3d95eca.jpg,375,407,0,407,465,385,477,375,0.05108642578125,0.0286102294921875,0.0279541015625,0.0185394287109375,0.0177154541015625,1,5,Tree Tutu,Coprosma dumosa,Blackthorn,Gaultheria antipoda,jade plant,Tree Tutu
val/07625_Plantae_Tracheophyta_Magnoliopsida_Cucurbitales_Cucurbitaceae_Ecballium_elaterium/b738cac0-5740-4ce2-b180-77732c911c4d.jpg,376,448,0,448,376,355,474,463,0.2425537109375,0.0552978515625,0.048187255859375,0.02862548828125,0.02801513671875,1,2,squirting cucumber,Coastal Banksia,squirting cucumber,Spiny Hedgehog Cactus,elephant tree,desert almond
val/07625_Plantae_Tracheophyta_Magnoliopsida_Cucurbitales_Cucurbitaceae_Ecballium_elaterium/7bc7162f-d5b9-4911-bbf1-d56d3f76fee0.jpg,376,132,0,132,429,376,399,40,0.050628662109375,0.040130615234375,0.03326416015625,0.0289306640625,0.0283660888671875,1,3,squirting cucumber,Four-eyed Butterflyfish,Wand Mullein,squirting cucumber,California goldenbanner,Metallic Epauletted-Sweat Bee
val/07625_Plantae_Tracheophyta_Magnoliopsida_Cucurbitales_Cucurbitaceae_Ecballium_elaterium/851b4ff8-fcbf-4773-a5a0-a9ad3a270248.jpg,376,444,0,444,376,377,68,443,0.0911865234375,0.05218505859375,0.0286712646484375,0.016876220703125,0.0167999267578125,1,2,squirting cucumber,Island Mallow,squirting cucumber,Western Snowberry,Umber Skipper,velvetleaf
val/07663_Plantae_Tracheophyta_Magnoliopsida_Dipsacales_Caprifoliaceae_Symphoricarpos_occidentalis/538c4504-7b6a-43f2-80de-26aebfcd5bde.jpg,377,388,0,388,377,397,437,439,0.407958984375,0.174072265625,0.026092529296875,0.022674560546875,0.0226287841796875,1,2,Western Snowberry,black huckleberry,Western Snowberry,Common Flat-pea,Cassava,bebb's willow
val/07678_Plantae_Tracheophyta_Magnoliopsida_Dipsacales_Viburnaceae_Viburnum_acerifolium/6853fc54-1a2d-4e89-a71c-d6a2e29f5384.jpg,378,459,0,459,378,470,427,411,0.220947265625,0.12060546875,0.09075927734375,0.03717041015625,0.018768310546875,1,2,mapleleaf viburnum,Korean mulberry,mapleleaf viburnum,Canadian wood nettle,Butterfly bush,lemon balm
val/07678_Plantae_Tracheophyta_Magnoliopsida_Dipsacales_Viburnaceae_Viburnum_acerifolium/38441757-3d34-4a31-ad56-47ebb258d547.jpg,378,470,0,470,411,376,332,378,0.2098388671875,0.03973388671875,0.0306549072265625,0.0214996337890625,0.0214385986328125,1,5,mapleleaf viburnum,Canadian wood nettle,lemon balm,squirting cucumber,white rattlesnakeroot,mapleleaf viburnum
val/07678_Plantae_Tracheophyta_Magnoliopsida_Dipsacales_Viburnaceae_Viburnum_acerifolium/1996fee6-bb5f-4985-9f9b-51e5f475bd69.jpg,378,332,0,332,378,460,475,315,0.1636962890625,0.08599853515625,0.0838623046875,0.041168212890625,0.0288848876953125,1,2,mapleleaf viburnum,white rattlesnakeroot,mapleleaf viburnum,parsley hawthorn,field maple,dwarf ginseng
val/07709_Plantae_Tracheophyta_Magnoliopsida_Ericales_Ericaceae_Arctostaphylos_glauca/61ec71ec-f898-4838-ac08-bcdcc42a8bdf.jpg,380,474,0,474,472,489,372,380,0.0631103515625,0.049835205078125,0.045867919921875,0.03546142578125,0.0220947265625,1,5,Big Berry Manzanita,elephant tree,desert mistletoe,Montezuma cypress,crucifixion thorn,Big Berry Manzanita
val/07709_Plantae_Tracheophyta_Magnoliopsida_Ericales_Ericaceae_Arctostaphylos_glauca/260d9dd9-25eb-4c00-a968-37687f3feed6.jpg,380,474,0,474,380,394,463,350,0.247314453125,0.06903076171875,0.034332275390625,0.02587890625,0.02252197265625,1,2,Big Berry Manzanita,elephant tree,Big Berry Manzanita,longleaf wattle,desert almond,California shieldpod
val/07709_Plantae_Tracheophyta_Magnoliopsida_Ericales_Ericaceae_Arctostaphylos_glauca/09db8217-5c4f-4b0d-be46-05c6030c066e.jpg,380,474,0,474,472,398,465,380,0.0833740234375,0.033477783203125,0.032989501953125,0.031890869140625,0.031524658203125,1,5,Big Berry Manzanita,elephant tree,desert mistletoe,black locust,Blackthorn,Big Berry Manzanita
val/07715_Plantae_Tracheophyta_Magnoliopsida_Ericales_Ericaceae_Calluna_vulgaris/a671f929-f4e5-4146-9622-7756f40f5202.jpg,381,421,0,421,381,416,375,367,0.12646484375,0.07550048828125,0.0709228515625,0.0200653076171875,0.0090789794921875,1,2,common heather,Red Odontites,common heather,woolly blue curls,Tree Tutu,redshank
val/07715_Plantae_Tracheophyta_Magnoliopsida_Ericales_Ericaceae_Calluna_vulgaris/3c1f7c91-445a-477b-a0da-a1b70ba9fe73.jpg,381,281,0,281,416,381,9,412,0.63623046875,0.0179443359375,0.0157012939453125,0.00978851318359375,0.006134033203125,1,3,common heather,nodding onion,woolly blue curls,common heather,Spotted Longhorn,spotted horse mint
val/07715_Plantae_Tracheophyta_Magnoliopsida_Ericales_Ericaceae_Calluna_vulgaris/97444ce2-1c59-4652-884a-4f7ad85c3a11.jpg,381,333,0,333,381,316,398,456,0.7333984375,0.028228759765625,0.005413055419921875,0.005146026611328125,0.005062103271484375,1,2,common heather,Tauhinu,common heather,Octopus Tree,black locust,Virginia virgin's-bower
val/07715_Plantae_Tracheophyta_Magnoliopsida_Ericales_Ericaceae_Calluna_vulgaris/54c20a50-d12b-4215-92ad-9eac99dc5708.jpg,381,281,0,281,386,416,381,347,0.51025390625,0.033843994140625,0.0213623046875,0.019317626953125,0.00835418701171875,1,4,common heather,nodding onion,alpine azalea,woolly blue curls,common heather,European Searocket
val/07718_Plantae_Tracheophyta_Magnoliopsida_Ericales_Ericaceae_Ceratiola_ericoides/d6b3b576-231e-4da3-8b6c-f38a943f5118.jpg,382,359,0,359,382,213,333,278,0.465087890625,0.0784912109375,0.040191650390625,0.0374755859375,0.0230712890625,1,2,sand heath,Sea Sandwort,sand heath,American Flamingo,Tauhinu,Flat-leaved Scalewort
val/07718_Plantae_Tracheophyta_Magnoliopsida_Ericales_Ericaceae_Ceratiola_ericoides/e23ef941-b535-4c67-a037-40ee28c6e4a9.jpg,382,493,0,493,284,382,387,326,0.1722412109375,0.0303497314453125,0.029052734375,0.0260009765625,0.01593017578125,1,3,sand heath,tangle fern,asparagus,sand heath,Prickly mingimingi,dogfennel
val/07718_Plantae_Tracheophyta_Magnoliopsida_Ericales_Ericaceae_Ceratiola_ericoides/57524ec6-23d5-4832-b703-e0e3987f02aa.jpg,382,493,0,493,382,359,333,354,0.5048828125,0.40576171875,0.002979278564453125,0.0027446746826171875,0.0025634765625,1,2,sand heath,tangle fern,sand heath,Sea Sandwort,Tauhinu,Strawberry Cactus
val/07723_Plantae_Tracheophyta_Magnoliopsida_Ericales_Ericaceae_Dracophyllum_longifolium/6d8f7118-68ae-4f9d-9fa5-9da369b3405f.jpg,383,279,0,279,383,382,395,397,0.1126708984375,0.1002197265625,0.0174713134765625,0.01415252685546875,0.00904083251953125,1,2,Inaka,longleaf ephedra,Inaka,sand heath,Scotch Broom,Common Flat-pea
val/07723_Plantae_Tracheophyta_Magnoliopsida_Ericales_Ericaceae_Dracophyllum_longifolium/7a07e87f-8aab-46f0-9e3a-fba3ee678fc1.jpg,383,449,0,449,324,450,383,279,0.04803466796875,0.0236663818359375,0.0228729248046875,0.019866943359375,0.01453399658203125,1,4,Inaka,Golden Sunshinebush,tropical horseweed,red pagoda,Inaka,longleaf ephedra
val/07723_Plantae_Tracheophyta_Magnoliopsida_Ericales_Ericaceae_Dracophyllum_longifolium/03a45bf4-afe9-482e-b503-5c0a65c3e3b2.jpg,383,326,0,326,383,293,364,493,0.05157470703125,0.03826904296875,0.03656005859375,0.0303192138671875,0.029998779296875,1,2,Inaka,dogfennel,Inaka,bird's-nest orchid,alpine bistort,tangle fern
val/07723_Plantae_Tracheophyta_Magnoliopsida_Ericales_Ericaceae_Dracophyllum_longifolium/0c805245-dcce-43a6-857a-a504e7cec17e.jpg,383,449,0,449,285,383,316,381,0.302734375,0.04083251953125,0.0377197265625,0.0196533203125,0.018951416015625,1,3,Inaka,Golden Sunshinebush,small camas,Inaka,Octopus Tree,common heather
val/07723_Plantae_Tracheophyta_Magnoliopsida_Ericales_Ericaceae_Dracophyllum_longifolium/71021122-334d-4922-b14a-363fd6399b30.jpg,383,324,0,324,304,290,308,383,0.106201171875,0.044189453125,0.041900634765625,0.0284881591796875,0.022247314453125,1,5,Inaka,tropical horseweed,Fingered Sedge,Red Helleborine,Green Bristle Grass,Inaka
val/07732_Plantae_Tracheophyta_Magnoliopsida_Ericales_Ericaceae_Erica_coccinea/6a43b026-311c-4878-9447-fb504babf83b.jpg,384,450,0,450,384,478,94,78,0.06109619140625,0.053009033203125,0.049713134765625,0.01096343994140625,0.0103759765625,1,2,Red Heath,red pagoda,Red Heath,western roseroot,Thoas Swallowtail,Marine Blue
val/07732_Plantae_Tracheophyta_Magnoliopsida_Ericales_Ericaceae_Erica_coccinea/4b3da6e9-2047-40cd-b475-4bc425699715.jpg,384,452,0,452,320,384,429,277,0.06646728515625,0.038238525390625,0.03289794921875,0.0301513671875,0.0263519287109375,1,3,Red Heath,Spring Adonis,common mugwort,Red Heath,Wand Mullein,Sponge Weed
val/07732_Plantae_Tracheophyta_Magnoliopsida_Ericales_Ericaceae_Erica_coccinea/819a8b0b-532c-49bd-871b-aca9302f9384.jpg,384,294,0,294,384,1,480,479,0.09320068359375,0.067138671875,0.06353759765625,0.0199737548828125,0.0148773193359375,1,2,Red Heath,Fly Orchid,Red Heath,Golden Silk Spider,youth on age,Goose-berry
val/07740_Plantae_Tracheophyta_Magnoliopsida_Ericales_Ericaceae_Gaultheria_antipoda/5dd5cc40-382e-4510-a542-b75edecfe99f.jpg,385,329,0,329,385,333,373,318,0.251708984375,0.10040283203125,0.050048828125,0.019561767578125,0.0159912109375,1,2,Gaultheria antipoda,Old Plainsman,Gaultheria antipoda,Tauhinu,Stinging Serpent,common yarrow
val/07740_Plantae_Tracheophyta_Magnoliopsida_Ericales_Ericaceae_Gaultheria_antipoda/7ce61de9-46be-4640-aaf3-5e34f0e812b6.jpg,385,407,0,407,385,319,284,320,0.456298828125,0.0635986328125,0.0384521484375,0.0128631591796875,0.01195526123046875,1,2,Gaultheria antipoda,Coprosma dumosa,Gaultheria antipoda,common burrobrush,asparagus,common mugwort
val/07740_Plantae_Tracheophyta_Magnoliopsida_Ericales_Ericaceae_Gaultheria_antipoda/6065165e-f616-463c-842f-47be0f090a30.jpg,385,407,0,407,385,350,348,465,0.7578125,0.07745361328125,0.01898193359375,0.0186004638671875,0.009246826171875,1,2,Gaultheria antipoda,Coprosma dumosa,Gaultheria antipoda,California shieldpod,hairy bittercress,Blackthorn
val/07750_Plantae_Tracheophyta_Magnoliopsida_Ericales_Ericaceae_Kalmia_procumbens/8baf65cc-3c3e-413c-a547-52d5cf8861ed.jpg,386,381,0,381,363,427,81,386,0.2257080078125,0.1005859375,0.0416259765625,0.0361328125,0.035491943359375,1,5,alpine azalea,common heather,Perez's sea lavender,Butterfly bush,Small Mossy Lithacodia,alpine azalea
val/07750_Plantae_Tracheophyta_Magnoliopsida_Ericales_Ericaceae_Kalmia_procumbens/6d411116-2a45-48a8-ad4e-02f245c2decf.jpg,386,29,0,29,478,486,386,275,0.041259765625,0.041046142578125,0.03765869140625,0.03570556640625,0.0286407470703125,1,4,alpine azalea,European Striped Shield Bug,western roseroot,Pima Rhatany,alpine azalea,fan moss
val/07750_Plantae_Tracheophyta_Magnoliopsida_Ericales_Ericaceae_Kalmia_procumbens/5e81aed6-d03f-49fd-a8bf-3230d45ad6c2.jpg,386,486,0,486,370,386,390,385,0.08770751953125,0.0863037109375,0.043853759765625,0.038970947265625,0.036865234375,1,3,alpine azalea,Pima Rhatany,woodland pterostegia,alpine azalea,Drummond's phlox,Gaultheria antipoda
val/07751_Plantae_Tracheophyta_Magnoliopsida_Ericales_Ericaceae_Leptecophylla_juniperina/118a902b-39bc-4549-9246-3f6a81203af9.jpg,387,336,0,336,361,316,330,387,0.12078857421875,0.051116943359375,0.03839111328125,0.031646728515625,0.031494140625,1,5,Prickly mingimingi,Woad-leaved ragwort,lesser stitchwort,Octopus Tree,oxeye daisy,Prickly mingimingi
val/07792_Plantae_Tracheophyta_Magnoliopsida_Ericales_Ericaceae_Vaccinium_membranaceum/c6d0ee11-b34a-4424-b0eb-4848a2b4e2e3.jpg,388,14,0,14,388,38,3,485,0.0814208984375,0.061309814453125,0.03875732421875,0.027374267578125,0.024383544921875,1,2,black huckleberry,Woodland Dor Beetle,black huckleberry,New York Carpenter Ant,Johnson's Jumping Spider,Porcelain Berry
val/07792_Plantae_Tracheophyta_Magnoliopsida_Ericales_Ericaceae_Vaccinium_membranaceum/d4d0eaac-b73b-4396-8018-ef339fd5f36e.jpg,388,482,0,482,473,388,439,442,0.09759521484375,0.09039306640625,0.076171875,0.032196044921875,0.02337646484375,1,3,black huckleberry,Obscure Morning Glory,poison ivy,black huckleberry,bebb's willow,Round-leaved Violet
val/07792_Plantae_Tracheophyta_Magnoliopsida_Ericales_Ericaceae_Vaccinium_membranaceum/6898fcd4-f394-47da-891e-f2720e701706.jpg,388,485,0,485,38,388,378,40,0.145751953125,0.06103515625,0.0268402099609375,0.023193359375,0.0200958251953125,1,3,black huckleberry,Porcelain Berry,New York Carpenter Ant,black huckleberry,mapleleaf viburnum,Metallic Epauletted-Sweat Bee
val/07814_Plantae_Tracheophyta_Magnoliopsida_Ericales_Polemoniaceae_Ipomopsis_longiflora/3fff0f90-e988-433f-8184-ae471b545970.jpg,389,285,0,285,342,290,389,391,0.09771728515625,0.051727294921875,0.050201416015625,0.046539306640625,0.04644775390625,1,4,flaxflowered ipomopsis,small camas,California Harebell,Red Helleborine,flaxflowered ipomopsis,longleaf phlox
val/07832_Plantae_Tracheophyta_Magnoliopsida_Ericales_Polemoniaceae_Phlox_longifolia/c448526e-c48a-4c2c-8ffc-775e3b712dc1.jpg,391,390,0,390,391,295,446,310,0.157470703125,0.0916748046875,0.036895751953125,0.02484130859375,0.01448822021484375,1,2,longleaf phlox,Drummond's phlox,longleaf phlox,Philippine Ground Orchid,rose evening primrose,Kangaroo Grass
val/07843_Plantae_Tracheophyta_Magnoliopsida_Ericales_Primulaceae_Androsace_septentrionalis/25d6bda0-bc47-4280-aba8-ce52b3471558.jpg,392,361,0,361,392,348,330,346,0.361572265625,0.238037109375,0.045196533203125,0.04229736328125,0.0283203125,1,2,pygmy-flower rock-jasmine,lesser stitchwort,pygmy-flower rock-jasmine,hairy bittercress,oxeye daisy,water forget-me-not
val/07843_Plantae_Tracheophyta_Magnoliopsida_Ericales_Primulaceae_Androsace_septentrionalis/cc51f25b-be2e-4096-a935-f46d1f2f551d.jpg,392,304,0,304,392,279,281,348,0.33056640625,0.1309814453125,0.0274505615234375,0.0229034423828125,0.017913818359375,1,2,pygmy-flower rock-jasmine,Fingered Sedge,pygmy-flower rock-jasmine,longleaf ephedra,nodding onion,hairy bittercress
val/07843_Plantae_Tracheophyta_Magnoliopsida_Ericales_Primulaceae_Androsace_septentrionalis/7c03d44a-435a-4f76-b865-be4621060e08.jpg,392,457,0,457,392,354,357,389,0.094970703125,0.08538818359375,0.056549072265625,0.043609619140625,0.040130615234375,1,2,pygmy-flower rock-jasmine,eastern pasqueflower,pygmy-flower rock-jasmine,Strawberry Cactus,viviparous foxtail cactus,flaxflowered ipomopsis
val/07888_Plantae_Tracheophyta_Magnoliopsida_Fabales_Fabaceae_Acacia_confusa/2f82d418-987a-4fd4-9e54-a5f9c59cce5d.jpg,393,412,0,412,393,338,394,400,0.043701171875,0.0340576171875,0.032318115234375,0.0203399658203125,0.0166015625,1,2,Taiwan Acacia,spotted horse mint,Taiwan Acacia,common wrinkle-leaved goldenrod,longleaf wattle,candyroot
val/07888_Plantae_Tracheophyta_Magnoliopsida_Fabales_Fabaceae_Acacia_confusa/52fd2ec4-c45d-4302-b3bc-19c7777f20b4.jpg,393,441,0,441,396,403,167,393,0.044708251953125,0.0205078125,0.0201568603515625,0.0166778564453125,0.01194000244140625,1,5,Taiwan Acacia,black willow,white sweet clover,willow oak,Common Peafowl,Taiwan Acacia
val/07888_Plantae_Tracheophyta_Magnoliopsida_Fabales_Fabaceae_Acacia_confusa/00d9944f-3c5a-4a40-9751-ad44ff55188f.jpg,393,437,0,437,403,435,464,393,0.03961181640625,0.023284912109375,0.0191802978515625,0.018524169921875,0.016754150390625,1,5,Taiwan Acacia,Cassava,willow oak,Tropic Croton,sand cherry,Taiwan Acacia
val/07888_Plantae_Tracheophyta_Magnoliopsida_Fabales_Fabaceae_Acacia_confusa/5ebb8e9a-e1c3-43fc-822f-49a60b82d74b.jpg,393,404,0,404,403,393,394,467,0.2215576171875,0.170166015625,0.16015625,0.0496826171875,0.0189056396484375,1,3,Taiwan Acacia,California Wax Myrtle,willow oak,Taiwan Acacia,longleaf wattle,Rubus schmidelioides
val/07888_Plantae_Tracheophyta_Magnoliopsida_Fabales_Fabaceae_Acacia_confusa/c88d143f-261c-4fc6-ada9-555234255adc.jpg,393,39,0,39,400,393,401,8,0.1007080078125,0.056854248046875,0.0285491943359375,0.01534271240234375,0.01146697998046875,1,3,Taiwan Acacia,Pure Green Sweat Bee,candyroot,Taiwan Acacia,Yellow milkwort,Goldenrod Soldier Beetle
val/07891_Plantae_Tracheophyta_Magnoliopsida_Fabales_Fabaceae_Acacia_longifolia/5bc615aa-0179-4ae0-987a-717a2c62b03d.jpg,394,449,0,449,394,382,439,473,0.294921875,0.1688232421875,0.015167236328125,0.01488494873046875,0.01009368896484375,1,2,longleaf wattle,Golden Sunshinebush,longleaf wattle,sand heath,bebb's willow,poison ivy
val/07891_Plantae_Tracheophyta_Magnoliopsida_Fabales_Fabaceae_Acacia_longifolia/690518bd-4722-4973-b874-722fe903f0a2.jpg,394,9,0,9,394,8,77,428,0.11431884765625,0.0899658203125,0.072265625,0.0142669677734375,0.01369476318359375,1,2,longleaf wattle,Spotted Longhorn,longleaf wattle,Goldenrod Soldier Beetle,Boisduval's Blue,Dark Mullein
val/07891_Plantae_Tracheophyta_Magnoliopsida_Fabales_Fabaceae_Acacia_longifolia/53a40200-be9e-4b3f-9e18-581e2ed9e2e2.jpg,394,183,0,183,288,394,449,316,0.0736083984375,0.0643310546875,0.0501708984375,0.036041259765625,0.034332275390625,1,3,longleaf wattle,White-plumed Honeyeater,Mountain flax,longleaf wattle,Golden Sunshinebush,Octopus Tree
val/07891_Plantae_Tracheophyta_Magnoliopsida_Fabales_Fabaceae_Acacia_longifolia/0bb309c9-ccf4-4118-b9d4-a7b03a51c0b6.jpg,394,338,0,338,428,394,103,495,0.28515625,0.2115478515625,0.0230255126953125,0.01416778564453125,0.01282501220703125,1,3,longleaf wattle,common wrinkle-leaved goldenrod,Dark Mullein,longleaf wattle,Small Emperor Moth,Crown Fern
val/07943_Plantae_Tracheophyta_Magnoliopsida_Fabales_Fabaceae_Cytisus_scoparius/27b03208-0042-4a10-ad68-93a5be094e21.jpg,395,374,0,374,321,399,438,395,0.152587890625,0.134033203125,0.041839599609375,0.033416748046875,0.0226898193359375,1,5,Scotch Broom,Streambank Stickleaf,tickseed beggar-ticks,California goldenbanner,Klamath weed,Scotch Broom
val/07943_Plantae_Tracheophyta_Magnoliopsida_Fabales_Fabaceae_Cytisus_scoparius/b0f4d5bd-897a-4fb6-9285-ae14e6df1e62.jpg,395,458,0,458,438,321,395,429,0.101806640625,0.082275390625,0.04296875,0.040924072265625,0.0207061767578125,1,4,Scotch Broom,meadow buttercup,Klamath weed,tickseed beggar-ticks,Scotch Broom,Wand Mullein
val/07943_Plantae_Tracheophyta_Magnoliopsida_Fabales_Fabaceae_Cytisus_scoparius/377292c4-636a-468a-91e9-1bbc87885954.jpg,395,329,0,329,395,326,318,324,0.10748291015625,0.043914794921875,0.0303192138671875,0.0212860107421875,0.018829345703125,1,2,Scotch Broom,Old Plainsman,Scotch Broom,dogfennel,common yarrow,tropical horseweed
val/08024_Plantae_Tracheophyta_Magnoliopsida_Fabales_Fabaceae_Melilotus_albus/122b5417-f322-4804-bebf-a99a6a71e7dc.jpg,396,469,0,469,396,306,105,441,0.10504150390625,0.0379638671875,0.037078857421875,0.03662109375,0.0184783935546875,1,2,white sweet clover,Siberian elm,white sweet clover,Dallis grass,Pawpaw Sphinx Moth,black willow
val/08024_Plantae_Tracheophyta_Magnoliopsida_Fabales_Fabaceae_Melilotus_albus/728ef5ce-07fc-4277-8746-9d98e7072542.jpg,396,350,0,350,296,368,396,407,0.136474609375,0.122802734375,0.080078125,0.057952880859375,0.047027587890625,1,4,white sweet clover,California shieldpod,Slender Ladies' Tresses,prostrate knotweed,white sweet clover,Coprosma dumosa
val/08024_Plantae_Tracheophyta_Magnoliopsida_Fabales_Fabaceae_Melilotus_albus/fab5e13c-a117-4246-950c-5ce1dd921cfe.jpg,396,339,0,339,322,318,396,360,0.07122802734375,0.0526123046875,0.04498291015625,0.040985107421875,0.0390625,1,4,white sweet clover,prickly sowthistle,Texas Thistle,common yarrow,white sweet clover,ragged-Robin
val/08024_Plantae_Tracheophyta_Magnoliopsida_Fabales_Fabaceae_Melilotus_albus/f0f409b6-f0db-4afb-8610-10eee87322ae.jpg,396,458,0,458,396,348,312,322,0.08544921875,0.06298828125,0.041351318359375,0.027557373046875,0.021728515625,1,2,white sweet clover,meadow buttercup,white sweet clover,hairy bittercress,Broad-leaved Chervil,Texas Thistle
val/08047_Plantae_Tracheophyta_Magnoliopsida_Fabales_Fabaceae_Platylobium_obtusangulum/87a99869-ed6a-4b9a-a1b9-52c5047f7338.jpg,397,374,0,374,327,481,321,397,0.1175537109375,0.065673828125,0.04254150390625,0.026275634765625,0.026214599609375,1,5,Common Flat-pea,Streambank Stickleaf,great blanketflower,red morning glory,tickseed beggar-ticks,Common Flat-pea
val/08047_Plantae_Tracheophyta_Magnoliopsida_Fabales_Fabaceae_Platylobium_obtusangulum/e6a43ad6-3130-45c7-a88e-368bd2dafbb4.jpg,397,374,0,374,397,270,269,379,0.1260986328125,0.018951416015625,0.0172271728515625,0.0144805908203125,0.0142974853515625,1,2,Common Flat-pea,Streambank Stickleaf,Common Flat-pea,Scaly Chanterelle,Peppery Bolete,strawberry tree
val/08047_Plantae_Tracheophyta_Magnoliopsida_Fabales_Fabaceae_Platylobium_obtusangulum/db9cabb5-d761-4db2-b2ac-ff099eee7576.jpg,397,327,0,327,397,423,481,289,0.2037353515625,0.117919921875,0.09930419921875,0.0499267578125,0.0265350341796875,1,2,Common Flat-pea,great blanketflower,Common Flat-pea,scarlet monkeyflower,red morning glory,Spring Crocus
val/08057_Plantae_Tracheophyta_Magnoliopsida_Fabales_Fabaceae_Robinia_pseudoacacia/6b5dc040-ce4f-47dc-9493-4527a12b2bf2.jpg,398,439,0,439,469,398,474,468,0.072998046875,0.07220458984375,0.053497314453125,0.025054931640625,0.023468017578125,1,3,black locust,bebb's willow,Siberian elm,black locust,elephant tree,American elm
val/08083_Plantae_Tracheophyta_Magnoliopsida_Fabales_Fabaceae_Thermopsis_californica/79464c91-844a-403e-a686-74d23955cbfd.jpg,399,428,0,428,429,438,399,479,0.056915283203125,0.033203125,0.032684326171875,0.02313232421875,0.022735595703125,1,4,California goldenbanner,Dark Mullein,Wand Mullein,Klamath weed,California goldenbanner,Goose-berry
val/08193_Plantae_Tracheophyta_Magnoliopsida_Fagales_Fagaceae_Quercus_michauxii/3865df95-ec70-4bf3-a205-713435dba338.jpg,402,433,0,433,432,402,228,210,0.178955078125,0.1119384765625,0.041015625,0.0263519287109375,0.02008056640625,1,3,swamp chestnut oak,umbrella magnolia,common pawpaw,swamp chestnut oak,Sunda Flying Lemur,Boat-billed Heron
val/08193_Plantae_Tracheophyta_Magnoliopsida_Fagales_Fagaceae_Quercus_michauxii/c5915bce-66c2-4ace-b328-79fbd049059d.jpg,402,487,0,487,492,403,402,393,0.227294921875,0.08642578125,0.06695556640625,0.053009033203125,0.0443115234375,1,4,swamp chestnut oak,giant sequoia,ponderosa pine,willow oak,swamp chestnut oak,Taiwan Acacia
val/08193_Plantae_Tracheophyta_Magnoliopsida_Fagales_Fagaceae_Quercus_michauxii/e4f80c30-8ddb-4fe9-bf76-543693daf024.jpg,402,378,0,378,424,402,332,443,0.2274169921875,0.0693359375,0.042724609375,0.0197296142578125,0.0180206298828125,1,3,swamp chestnut oak,mapleleaf viburnum,American lopseed,swamp chestnut oak,white rattlesnakeroot,velvetleaf
val/08193_Plantae_Tracheophyta_Magnoliopsida_Fagales_Fagaceae_Quercus_michauxii/a6110853-6b37-4022-bc7a-593c1a59f8fa.jpg,402,468,0,468,69,88,402,398,0.0714111328125,0.0189056396484375,0.0182647705078125,0.017181396484375,0.01561737060546875,1,4,swamp chestnut oak,American elm,Long Dash Skipper,Julia Butterfly,swamp chestnut oak,black locust
val/08193_Plantae_Tracheophyta_Magnoliopsida_Fagales_Fagaceae_Quercus_michauxii/da2ba6b1-4739-4277-898d-d1342b109ad3.jpg,402,378,0,378,402,248,475,433,0.364501953125,0.06634521484375,0.0299072265625,0.0274505615234375,0.0254058837890625,1,2,swamp chestnut oak,mapleleaf viburnum,swamp chestnut oak,Massasauga,field maple,umbrella magnolia
val/08198_Plantae_Tracheophyta_Magnoliopsida_Fagales_Fagaceae_Quercus_phellos/b82e5ce0-211e-475c-8d26-2b19ee81e123.jpg,403,437,0,437,393,432,403,290,0.12188720703125,0.05413818359375,0.03369140625,0.0322265625,0.031158447265625,1,4,willow oak,Cassava,Taiwan Acacia,common pawpaw,willow oak,Red Helleborine
val/08198_Plantae_Tracheophyta_Magnoliopsida_Fagales_Fagaceae_Quercus_phellos/2602d7bf-aa3e-4e3b-92f1-e7630fc6c07d.jpg,403,309,0,309,307,403,346,306,0.1043701171875,0.057281494140625,0.046051025390625,0.0283050537109375,0.02703857421875,1,3,willow oak,Saint Augustine grass,Annual Meadow-grass,willow oak,water forget-me-not,Dallis grass
val/08198_Plantae_Tracheophyta_Magnoliopsida_Fagales_Fagaceae_Quercus_phellos/26554169-5587-4fa0-8ee0-24edec523c84.jpg,403,402,0,402,403,417,441,488,0.12213134765625,0.08966064453125,0.06591796875,0.034912109375,0.033050537109375,1,2,willow oak,swamp chestnut oak,willow oak,Lilac chaste tree,black willow,baldcypress
val/08220_Plantae_Tracheophyta_Magnoliopsida_Fagales_Myricaceae_Morella_californica/270fc33f-f6bc-4641-8c97-643a97c86915.jpg,404,435,0,435,285,434,404,412,0.0236358642578125,0.0223846435546875,0.0214996337890625,0.01678466796875,0.0161895751953125,1,4,California Wax Myrtle,Tropic Croton,small camas,common copperleaf,California Wax Myrtle,spotted horse mint
val/08220_Plantae_Tracheophyta_Magnoliopsida_Fagales_Myricaceae_Morella_californica/4f1eaf22-e119-4b90-8ac8-70e4e46f6288.jpg,404,394,0,394,449,382,404,383,0.1275634765625,0.09814453125,0.0938720703125,0.085693359375,0.06524658203125,1,4,California Wax Myrtle,longleaf wattle,Golden Sunshinebush,sand heath,California Wax Myrtle,Inaka
val/08220_Plantae_Tracheophyta_Magnoliopsida_Fagales_Myricaceae_Morella_californica/dea10715-a367-4e8f-b690-e1e53d64fdea.jpg,404,467,0,467,404,403,406,435,0.261962890625,0.165283203125,0.128173828125,0.025421142578125,0.0179901123046875,1,2,California Wax Myrtle,Rubus schmidelioides,California Wax Myrtle,willow oak,American columbo,Tropic Croton
val/08220_Plantae_Tracheophyta_Magnoliopsida_Fagales_Myricaceae_Morella_californica/555a9caf-d72c-4905-ad92-54cf60db09de.jpg,404,393,0,393,464,404,394,413,0.1568603515625,0.12420654296875,0.041229248046875,0.0312347412109375,0.021575927734375,1,3,California Wax Myrtle,Taiwan Acacia,sand cherry,California Wax Myrtle,longleaf wattle,white sage
val/08325_Plantae_Tracheophyta_Magnoliopsida_Gentianales_Rubiaceae_Coprosma_dumosa/023a4fd2-2960-4149-9e77-5aa06289aabd.jpg,407,463,0,463,474,319,260,407,0.15478515625,0.07342529296875,0.057830810546875,0.0266876220703125,0.02166748046875,1,5,Coprosma dumosa,desert almond,elephant tree,common burrobrush,Lined Chiton,Coprosma dumosa
val/08325_Plantae_Tracheophyta_Magnoliopsida_Gentianales_Rubiaceae_Coprosma_dumosa/10c1078b-783f-4c7c-88a0-1f8095acda3a.jpg,407,370,0,370,407,385,405,13,0.66015625,0.1341552734375,0.042205810546875,0.00786590576171875,0.004993438720703125,1,2,Coprosma dumosa,woodland pterostegia,Coprosma dumosa,Gaultheria antipoda,Coast silk tassel,22-spot Ladybird Beetle
val/08327_Plantae_Tracheophyta_Magnoliopsida_Gentianales_Rubiaceae_Coprosma_grandifolia/ebbb6670-c2d5-483b-b9ce-83dd43d67e23.jpg,408,353,0,353,303,408,442,482,0.355712890625,0.315185546875,0.11279296875,0.0301055908203125,0.00868988037109375,1,3,Kanono,Mignonette vine,sawbrier,Kanono,Round-leaved Violet,Obscure Morning Glory
val/08327_Plantae_Tracheophyta_Magnoliopsida_Gentianales_Rubiaceae_Coprosma_grandifolia/0963a06a-ad1b-46fc-afcf-f6f1653ca4f6.jpg,408,465,0,465,459,408,375,312,0.0738525390625,0.03857421875,0.0272064208984375,0.0257568359375,0.0244598388671875,1,3,Kanono,Blackthorn,Korean mulberry,Kanono,Tree Tutu,Broad-leaved Chervil
val/08327_Plantae_Tracheophyta_Magnoliopsida_Gentianales_Rubiaceae_Coprosma_grandifolia/7f08a565-ff77-4358-8233-fcdf382115e9.jpg,408,351,0,351,408,316,375,228,0.06927490234375,0.0611572265625,0.0517578125,0.0487060546875,0.039215087890625,1,2,Kanono,Mountain Horopito,Kanono,Octopus Tree,Tree Tutu,Sunda Flying Lemur
val/08327_Plantae_Tracheophyta_Magnoliopsida_Gentianales_Rubiaceae_Coprosma_grandifolia/a1693e2e-436e-4d26-95f8-e41c8766afe8.jpg,408,353,0,353,408,36,439,402,0.110595703125,0.0248565673828125,0.02215576171875,0.0216064453125,0.0207061767578125,1,2,Kanono,Mignonette vine,Kanono,Spongy Oak Apple Gall Wasp,bebb's willow,swamp chestnut oak
val/08426_Plantae_Tracheophyta_Magnoliopsida_Lamiales_Lamiaceae_Ajuga_genevensis/4717a0b0-054e-409b-a571-746f29564e3d.jpg,409,410,0,410,409,344,286,415,0.5673828125,0.10247802734375,0.0196990966796875,0.0174102783203125,0.01105499267578125,1,2,Blue Bugle,carpet bugle,Blue Bugle,Salvation Jane,Grape hyacinth,Marsh Woundwort
val/08426_Plantae_Tracheophyta_Magnoliopsida_Lamiales_Lamiaceae_Ajuga_genevensis/20270bfe-ccbf-41cb-b39d-f678219b8f0f.jpg,409,344,0,344,286,410,409,425,0.2373046875,0.1300048828125,0.07110595703125,0.036590576171875,0.0305633544921875,1,4,Blue Bugle,Salvation Jane,Grape hyacinth,carpet bugle,Blue Bugle,American brooklime
val/08426_Plantae_Tracheophyta_Magnoliopsida_Lamiales_Lamiaceae_Ajuga_genevensis/62620be3-3323-459b-a782-91a6362781a5.jpg,409,410,0,410,416,417,409,344,0.267822265625,0.0295257568359375,0.0291748046875,0.023284912109375,0.01552581787109375,1,4,Blue Bugle,carpet bugle,woolly blue curls,Lilac chaste tree,Blue Bugle,Salvation Jane
val/08427_Plantae_Tracheophyta_Magnoliopsida_Lamiales_Lamiaceae_Ajuga_reptans/0eca21de-4861-49b1-93c0-3a81854c50cf.jpg,410,415,0,415,409,410,291,421,0.2042236328125,0.1241455078125,0.1141357421875,0.0187530517578125,0.0172882080078125,1,3,carpet bugle,Marsh Woundwort,Blue Bugle,carpet bugle,Common Spotted Orchid,Red Odontites
val/08427_Plantae_Tracheophyta_Magnoliopsida_Lamiales_Lamiaceae_Ajuga_reptans/69cfe9dd-fe2d-48cf-9461-9b8733a455ff.jpg,410,409,0,409,410,285,286,417,0.138671875,0.136474609375,0.025726318359375,0.0126953125,0.01071929931640625,1,2,carpet bugle,Blue Bugle,carpet bugle,small camas,Grape hyacinth,Lilac chaste tree
val/08427_Plantae_Tracheophyta_Magnoliopsida_Lamiales_Lamiaceae_Ajuga_reptans/0aafb60d-e751-45bb-8765-b972d0ce889b.jpg,410,409,0,409,410,291,412,364,0.5009765625,0.09197998046875,0.024139404296875,0.0091552734375,0.007808685302734375,1,2,carpet bugle,Blue Bugle,carpet bugle,Common Spotted Orchid,spotted horse mint,alpine bistort
val/08427_Plantae_Tracheophyta_Magnoliopsida_Lamiales_Lamiaceae_Ajuga_reptans/fce67145-63fb-4e8b-a8cb-84c4ae97c36f.jpg,410,421,0,421,410,364,381,416,0.10638427734375,0.048614501953125,0.034820556640625,0.0297088623046875,0.029449462890625,1,2,carpet bugle,Red Odontites,carpet bugle,alpine bistort,common heather,woolly blue curls
val/08427_Plantae_Tracheophyta_Magnoliopsida_Lamiales_Lamiaceae_Ajuga_reptans/a0a7f24e-fe96-442f-baa3-a7ae6dde5ba2.jpg,410,286,0,286,409,344,410,343,0.33740234375,0.09515380859375,0.04534912109375,0.044830322265625,0.0211639404296875,1,4,carpet bugle,Grape hyacinth,Blue Bugle,Salvation Jane,carpet bugle,Sheep's-bit
val/08460_Plantae_Tracheophyta_Magnoliopsida_Lamiales_Lamiaceae_Melissa_officinalis/83fd8480-ecf3-4bbb-8bb7-6cc368fc7e3d.jpg,411,447,0,447,411,470,376,468,0.12054443359375,0.103515625,0.10321044921875,0.06695556640625,0.035858154296875,1,2,lemon balm,Wineberry,lemon balm,Canadian wood nettle,squirting cucumber,American elm
val/08460_Plantae_Tracheophyta_Magnoliopsida_Lamiales_Lamiaceae_Melissa_officinalis/57334678-a970-4328-80bb-c370241f6e28.jpg,411,497,0,497,494,411,447,451,0.11053466796875,0.09527587890625,0.07000732421875,0.06390380859375,0.043365478515625,1,3,lemon balm,hay-scented fern,Hen and Chicks Fern,lemon balm,Wineberry,black cohosh
val/08460_Plantae_Tracheophyta_Magnoliopsida_Lamiales_Lamiaceae_Melissa_officinalis/91313bfb-9fa7-4a5f-8463-91af3023f648.jpg,411,470,0,470,411,468,312,466,0.31005859375,0.11981201171875,0.05657958984375,0.039306640625,0.0227508544921875,1,2,lemon balm,Canadian wood nettle,lemon balm,American elm,Broad-leaved Chervil,Himalayan-berry
val/08460_Plantae_Tracheophyta_Magnoliopsida_Lamiales_Lamiaceae_Melissa_officinalis/19edbc9c-7f73-4ab5-bf32-1f066a93a5eb.jpg,411,470,0,470,466,411,312,482,0.08587646484375,0.07037353515625,0.054412841796875,0.01922607421875,0.01898193359375,1,3,lemon balm,Canadian wood nettle,Himalayan-berry,lemon balm,Broad-leaved Chervil,Obscure Morning Glory
val/08471_Plantae_Tracheophyta_Magnoliopsida_Lamiales_Lamiaceae_Monarda_punctata/69a1ceba-ef5d-4625-8fc1-97ce6a1a6872.jpg,412,291,0,291,415,431,412,360,0.3525390625,0.048492431640625,0.031280517578125,0.0267486572265625,0.0215606689453125,1,4,spotted horse mint,Common Spotted Orchid,Marsh Woundwort,Dakota mock vervain,spotted horse mint,ragged-Robin
val/08486_Plantae_Tracheophyta_Magnoliopsida_Lamiales_Lamiaceae_Salvia_columbariae/6bb27ccd-5e83-4437-9880-42c011bad9fe.jpg,414,119,0,119,34,287,27,414,0.05859375,0.048095703125,0.047027587890625,0.04388427734375,0.03240966796875,1,5,chia,Eastern Ringtail,Southern Carpenter Bee,Branched Asphodel,Western Conifer Seed Bug,chia
val/08486_Plantae_Tracheophyta_Magnoliopsida_Lamiales_Lamiaceae_Salvia_columbariae/55a45125-e225-4fff-9846-c79ed0fc8bc7.jpg,414,343,0,343,414,286,431,344,0.2259521484375,0.0633544921875,0.030853271484375,0.02801513671875,0.0187835693359375,1,2,chia,Sheep's-bit,chia,Grape hyacinth,Dakota mock vervain,Salvation Jane
val/08486_Plantae_Tracheophyta_Magnoliopsida_Lamiales_Lamiaceae_Salvia_columbariae/fa2c8a58-a42d-4733-abd7-ee7a44495019.jpg,414,343,0,343,344,414,285,417,0.356689453125,0.101806640625,0.06292724609375,0.01035308837890625,0.01007080078125,1,3,chia,Sheep's-bit,Salvation Jane,chia,small camas,Lilac chaste tree
val/08523_Plantae_Tracheophyta_Magnoliopsida_Lamiales_Lamiaceae_Trichostema_lanatum/dfc04156-324a-45e9-bd8b-3d1dea7bd525.jpg,416,381,0,381,416,336,382,395,0.1866455078125,0.1646728515625,0.048553466796875,0.0321044921875,0.01611328125,1,2,woolly blue curls,common heather,woolly blue curls,Woad-leaved ragwort,sand heath,Scotch Broom
val/08526_Plantae_Tracheophyta_Magnoliopsida_Lamiales_Lamiaceae_Vitex_agnus-castus/f9998f86-1d0a-4d7f-860b-af698c6c5d72.jpg,417,324,0,324,437,417,404,429,0.083984375,0.0220184326171875,0.01093292236328125,0.01074981689453125,0.01064300537109375,1,3,Lilac chaste tree,tropical horseweed,Cassava,Lilac chaste tree,California Wax Myrtle,Wand Mullein
val/08526_Plantae_Tracheophyta_Magnoliopsida_Lamiales_Lamiaceae_Vitex_agnus-castus/8e7e1f9a-2753-4adc-ba4f-6386e9dd533d.jpg,417,415,0,415,427,417,410,293,0.076904296875,0.03436279296875,0.0238800048828125,0.0198822021484375,0.0169219970703125,1,3,Lilac chaste tree,Marsh Woundwort,Butterfly bush,Lilac chaste tree,carpet bugle,bird's-nest orchid
val/08526_Plantae_Tracheophyta_Magnoliopsida_Lamiales_Lamiaceae_Vitex_agnus-castus/804e3361-8513-44e1-a00f-18ce5c67447c.jpg,417,403,0,403,417,437,404,435,0.151611328125,0.1334228515625,0.055145263671875,0.016754150390625,0.01232147216796875,1,2,Lilac chaste tree,willow oak,Lilac chaste tree,Cassava,California Wax Myrtle,Tropic Croton
val/08526_Plantae_Tracheophyta_Magnoliopsida_Lamiales_Lamiaceae_Vitex_agnus-castus/b4dbae9c-bc23-459d-9778-7a39da917ad7.jpg,417,363,0,363,417,410,344,427,0.11175537109375,0.06280517578125,0.0281524658203125,0.020294189453125,0.019287109375,1,2,Lilac chaste tree,Perez's sea lavender,Lilac chaste tree,carpet bugle,Salvation Jane,Butterfly bush
val/08569_Plantae_Tracheophyta_Magnoliopsida_Lamiales_Orobanchaceae_Castilleja_arvensis/eae83514-fb07-403d-bb4e-bdbff3392ce5.jpg,418,422,0,422,418,478,419,276,0.53173828125,0.0657958984375,0.0092926025390625,0.00727081298828125,0.00698089599609375,1,2,field Indian paintbrush,Indian Warrior,field Indian paintbrush,western roseroot,Purple paintbrush,delicate fern moss
val/08569_Plantae_Tracheophyta_Magnoliopsida_Lamiales_Orobanchaceae_Castilleja_arvensis/33a4bdbb-4dd7-4170-91ed-534f5c2138f4.jpg,418,320,0,320,418,326,422,290,0.03265380859375,0.0280609130859375,0.02777099609375,0.0248260498046875,0.0197601318359375,1,2,field Indian paintbrush,common mugwort,field Indian paintbrush,dogfennel,Indian Warrior,Red Helleborine
val/08569_Plantae_Tracheophyta_Magnoliopsida_Lamiales_Orobanchaceae_Castilleja_arvensis/df096e0c-ed87-40af-99c7-8d246019ba6a.jpg,418,422,0,422,418,390,444,317,0.08258056640625,0.082275390625,0.059906005859375,0.0228729248046875,0.0216217041015625,1,2,field Indian paintbrush,Indian Warrior,field Indian paintbrush,Drummond's phlox,Island Mallow,American holly
val/08583_Plantae_Tracheophyta_Magnoliopsida_Lamiales_Orobanchaceae_Castilleja_purpurea/112980a9-2125-465d-833f-2561df2225f3.jpg,419,415,0,415,419,421,360,416,0.1387939453125,0.07421875,0.048675537109375,0.0186309814453125,0.01488494873046875,1,2,Purple paintbrush,Marsh Woundwort,Purple paintbrush,Red Odontites,ragged-Robin,woolly blue curls
val/08592_Plantae_Tracheophyta_Magnoliopsida_Lamiales_Orobanchaceae_Epifagus_virginiana/b7801b4f-fa1a-4948-9493-2659275e1a4c.jpg,420,315,0,315,420,293,332,231,0.1976318359375,0.134521484375,0.03997802734375,0.0267486572265625,0.024627685546875,1,2,Beechdrops,dwarf ginseng,Beechdrops,bird's-nest orchid,white rattlesnakeroot,Bank Vole
val/08600_Plantae_Tracheophyta_Magnoliopsida_Lamiales_Orobanchaceae_Odontites_vulgaris/f0079a63-98ec-46b0-91e7-53fe3673687b.jpg,421,396,0,396,381,421,416,306,0.26220703125,0.10186767578125,0.0190582275390625,0.0162811279296875,0.01494598388671875,1,3,Red Odontites,white sweet clover,common heather,Red Odontites,woolly blue curls,Dallis grass
val/08600_Plantae_Tracheophyta_Magnoliopsida_Lamiales_Orobanchaceae_Odontites_vulgaris/ae9031e1-972c-4f08-a81d-b727cec0898e.jpg,421,290,0,290,421,412,431,415,0.26416015625,0.09552001953125,0.03314208984375,0.0232391357421875,0.02197265625,1,2,Red Odontites,Red Helleborine,Red Odontites,spotted horse mint,Dakota mock vervain,Marsh Woundwort
val/08600_Plantae_Tracheophyta_Magnoliopsida_Lamiales_Orobanchaceae_Odontites_vulgaris/bba3754b-cbb6-41b2-8ebd-d4fd0d19d711.jpg,421,381,0,381,421,364,416,410,0.463623046875,0.18017578125,0.018096923828125,0.0172271728515625,0.01282501220703125,1,2,Red Odontites,common heather,Red Odontites,alpine bistort,woolly blue curls,carpet bugle
val/08600_Plantae_Tracheophyta_Magnoliopsida_Lamiales_Orobanchaceae_Odontites_vulgaris/bd002e9e-95ae-4349-81c9-c202f276f0ec.jpg,421,415,0,415,421,291,410,32,0.2783203125,0.10296630859375,0.0263519287109375,0.0220947265625,0.01898193359375,1,2,Red Odontites,Marsh Woundwort,Red Odontites,Common Spotted Orchid,carpet bugle,Jagged Ambush Bug
val/08606_Plantae_Tracheophyta_Magnoliopsida_Lamiales_Orobanchaceae_Pedicularis_densiflora/5b880ad3-bd73-4e9e-983d-52c120bf0e5f.jpg,422,476,0,476,298,422,406,418,0.1146240234375,0.08160400390625,0.07708740234375,0.0626220703125,0.038360595703125,1,3,Indian Warrior,Red Buckeye,scarlet fritillary,Indian Warrior,American columbo,field Indian paintbrush
val/08606_Plantae_Tracheophyta_Magnoliopsida_Lamiales_Orobanchaceae_Pedicularis_densiflora/d5e5da0b-dead-46b6-95ca-1e94a9134ed2.jpg,422,166,0,166,473,422,176,298,0.03985595703125,0.030731201171875,0.0243682861328125,0.019561767578125,0.018035888671875,1,3,Indian Warrior,Red-billed Pigeon,poison ivy,Indian Warrior,Red Crossbill,scarlet fritillary
val/08626_Plantae_Tracheophyta_Magnoliopsida_Lamiales_Phrymaceae_Erythranthe_cardinalis/6e6c13b4-257a-4079-9e08-5cf6cbe79ffe.jpg,423,298,0,298,423,390,430,122,0.09185791015625,0.01776123046875,0.01702880859375,0.0168609619140625,0.015625,1,2,scarlet monkeyflower,scarlet fritillary,scarlet monkeyflower,Drummond's phlox,golden dewdrop,Neurothemis taiwanensis
val/08626_Plantae_Tracheophyta_Magnoliopsida_Lamiales_Phrymaceae_Erythranthe_cardinalis/154434d4-15ec-4a2c-83d5-174164e0c3d0.jpg,423,479,0,479,261,314,423,298,0.040740966796875,0.035797119140625,0.0258331298828125,0.024505615234375,0.0203704833984375,1,4,scarlet monkeyflower,Goose-berry,scaly pelt lichen,Japanese aralia,scarlet monkeyflower,scarlet fritillary
val/08633_Plantae_Tracheophyta_Magnoliopsida_Lamiales_Phrymaceae_Phryma_leptostachya/2e8feb74-e7bc-4be9-9fcb-d4f910a68338.jpg,424,335,0,335,424,342,480,434,0.1322021484375,0.08856201171875,0.023284912109375,0.023162841796875,0.0217437744140625,1,2,American lopseed,leafcup,American lopseed,California Harebell,youth on age,common copperleaf
val/08633_Plantae_Tracheophyta_Magnoliopsida_Lamiales_Phrymaceae_Phryma_leptostachya/48bf5e20-586c-4a4c-a835-209dc9991267.jpg,424,459,0,459,424,378,332,161,0.047149658203125,0.0266571044921875,0.0223388671875,0.01050567626953125,0.009429931640625,1,2,American lopseed,Korean mulberry,American lopseed,mapleleaf viburnum,white rattlesnakeroot,Black-headed Gull
val/08633_Plantae_Tracheophyta_Magnoliopsida_Lamiales_Phrymaceae_Phryma_leptostachya/d838738d-cba7-4ba1-8141-64012893dcd3.jpg,424,290,0,290,297,406,441,424,0.0623779296875,0.0438232421875,0.0396728515625,0.030181884765625,0.0285797119140625,1,5,American lopseed,Red Helleborine,giant white fawn lily,American columbo,black willow,American lopseed
val/08633_Plantae_Tracheophyta_Magnoliopsida_Lamiales_Phrymaceae_Phryma_leptostachya/d676af5b-f2f3-48fa-aeef-284799a822ec.jpg,424,480,0,480,424,309,113,294,0.59521484375,0.09808349609375,0.019775390625,0.0197296142578125,0.0172271728515625,1,2,American lopseed,youth on age,American lopseed,Saint Augustine grass,Australian Green Mantis,Fly Orchid
val/08687_Plantae_Tracheophyta_Magnoliopsida_Lamiales_Plantaginaceae_Veronica_americana/2dab62b6-f470-4f51-a15d-223f6439af0d.jpg,425,446,0,446,425,482,455,345,0.08453369140625,0.082763671875,0.039886474609375,0.039398193359375,0.035125732421875,1,2,American brooklime,rose evening primrose,American brooklime,Obscure Morning Glory,Swamp Leather Flower,broadleaf forget-me-not
val/08687_Plantae_Tracheophyta_Magnoliopsida_Lamiales_Plantaginaceae_Veronica_americana/bdc24676-489b-42a3-a387-bfa1cae81c18.jpg,425,345,0,345,426,389,425,446,0.1759033203125,0.122802734375,0.026214599609375,0.0238494873046875,0.0167083740234375,1,4,American brooklime,broadleaf forget-me-not,Slender speedwell,flaxflowered ipomopsis,American brooklime,rose evening primrose
val/08687_Plantae_Tracheophyta_Magnoliopsida_Lamiales_Plantaginaceae_Veronica_americana/aeb98672-b6fb-4e2c-b998-fbb429bd7121.jpg,425,345,0,345,453,410,34,425,0.035064697265625,0.0267791748046875,0.02459716796875,0.023834228515625,0.0214080810546875,1,5,American brooklime,broadleaf forget-me-not,meadow anemone,carpet bugle,Southern Carpenter Bee,American brooklime
val/08693_Plantae_Tracheophyta_Magnoliopsida_Lamiales_Plantaginaceae_Veronica_filiformis/16265456-d9a5-44f1-ae87-af59901f2507.jpg,426,330,0,330,426,453,345,336,0.87939453125,0.0096893310546875,0.00371551513671875,0.0028781890869140625,0.00193023681640625,1,2,Slender speedwell,oxeye daisy,Slender speedwell,meadow anemone,broadleaf forget-me-not,Woad-leaved ragwort
val/08693_Plantae_Tracheophyta_Magnoliopsida_Lamiales_Plantaginaceae_Veronica_filiformis/aa94efa1-d33d-4d26-99fa-4ac8268d96e0.jpg,426,411,0,411,426,359,264,482,0.112548828125,0.08453369140625,0.08154296875,0.0548095703125,0.0372314453125,1,2,Slender speedwell,lemon balm,Slender speedwell,Sea Sandwort,Yellow Stainer,Obscure Morning Glory
val/08693_Plantae_Tracheophyta_Magnoliopsida_Lamiales_Plantaginaceae_Veronica_filiformis/298c21a6-c6a4-4feb-a987-426ba3cd5de5.jpg,426,330,0,330,426,348,361,346,0.140380859375,0.09649658203125,0.06256103515625,0.05352783203125,0.04931640625,1,2,Slender speedwell,oxeye daisy,Slender speedwell,hairy bittercress,lesser stitchwort,water forget-me-not
val/08717_Plantae_Tracheophyta_Magnoliopsida_Lamiales_Scrophulariaceae_Verbascum_nigrum/82ffa4e3-c65e-43c0-9a5e-f5432f3607c7.jpg,428,430,0,430,428,333,350,429,0.4638671875,0.146240234375,0.0274505615234375,0.0191192626953125,0.01438140869140625,1,2,Dark Mullein,golden dewdrop,Dark Mullein,Tauhinu,California shieldpod,Wand Mullein
val/08719_Plantae_Tracheophyta_Magnoliopsida_Lamiales_Scrophulariaceae_Verbascum_virgatum/262d0558-e908-4bfc-911a-c8a9bf0877d1.jpg,429,40,0,40,429,265,36,294,0.1275634765625,0.0928955078125,0.020660400390625,0.0200653076171875,0.01511383056640625,1,2,Wand Mullein,Metallic Epauletted-Sweat Bee,Wand Mullein,green-spored parasol,Spongy Oak Apple Gall Wasp,Fly Orchid
val/08719_Plantae_Tracheophyta_Magnoliopsida_Lamiales_Scrophulariaceae_Verbascum_virgatum/5d173c46-c466-4ad2-bd0c-bcef34ab4d55.jpg,429,438,0,438,429,442,399,329,0.1614990234375,0.10028076171875,0.0247650146484375,0.0233001708984375,0.02215576171875,1,2,Wand Mullein,Klamath weed,Wand Mullein,Round-leaved Violet,California goldenbanner,Old Plainsman
val/08719_Plantae_Tracheophyta_Magnoliopsida_Lamiales_Scrophulariaceae_Verbascum_virgatum/1d71b9ba-76b8-46c6-8ab8-8dc77b6a16cb.jpg,429,428,0,428,359,429,371,350,0.07659912109375,0.0250396728515625,0.01904296875,0.01611328125,0.015380859375,1,3,Wand Mullein,Dark Mullein,Sea Sandwort,Wand Mullein,canaigre dock,California shieldpod
val/08723_Plantae_Tracheophyta_Magnoliopsida_Lamiales_Verbenaceae_Duranta_erecta/7747878b-63e9-4930-9062-ba732e1e1946.jpg,430,431,0,431,430,415,291,295,0.386474609375,0.150146484375,0.028106689453125,0.0262603759765625,0.02471923828125,1,2,golden dewdrop,Dakota mock vervain,golden dewdrop,Marsh Woundwort,Common Spotted Orchid,Philippine Ground Orchid
val/08723_Plantae_Tracheophyta_Magnoliopsida_Lamiales_Verbenaceae_Duranta_erecta/18a472fc-2707-4ed1-b396-747100d02e84.jpg,430,291,0,291,430,431,415,417,0.343017578125,0.205322265625,0.1383056640625,0.03460693359375,0.0034332275390625,1,2,golden dewdrop,Common Spotted Orchid,golden dewdrop,Dakota mock vervain,Marsh Woundwort,Lilac chaste tree
val/08724_Plantae_Tracheophyta_Magnoliopsida_Lamiales_Verbenaceae_Glandularia_bipinnatifida/3761f156-3477-41b5-8709-6519551ee742.jpg,431,390,0,390,431,295,391,446,0.1165771484375,0.057525634765625,0.046905517578125,0.024810791015625,0.0219268798828125,1,2,Dakota mock vervain,Drummond's phlox,Dakota mock vervain,Philippine Ground Orchid,longleaf phlox,rose evening primrose
val/08757_Plantae_Tracheophyta_Magnoliopsida_Magnoliales_Annonaceae_Asimina_triloba/02321a96-c0c0-4135-93cc-2b2cdd0bda45.jpg,432,332,0,332,432,302,315,473,0.058746337890625,0.04742431640625,0.0390625,0.019439697265625,0.01407623291015625,1,2,common pawpaw,white rattlesnakeroot,common pawpaw,painted trillium,dwarf ginseng,poison ivy
val/08757_Plantae_Tracheophyta_Magnoliopsida_Magnoliales_Annonaceae_Asimina_triloba/837d354a-627a-43b1-8364-cb7f0faa4e7a.jpg,432,468,0,468,433,432,469,447,0.11328125,0.041717529296875,0.040130615234375,0.0296173095703125,0.0286865234375,1,3,common pawpaw,American elm,umbrella magnolia,common pawpaw,Siberian elm,Wineberry
val/08757_Plantae_Tracheophyta_Magnoliopsida_Magnoliales_Annonaceae_Asimina_triloba/3eeea512-43c5-460d-b110-0a0f42dd9add.jpg,432,433,0,433,432,302,402,105,0.26904296875,0.1224365234375,0.0826416015625,0.02325439453125,0.0206146240234375,1,2,common pawpaw,umbrella magnolia,common pawpaw,painted trillium,swamp chestnut oak,Pawpaw Sphinx Moth
val/08763_Plantae_Tracheophyta_Magnoliopsida_Magnoliales_Magnoliaceae_Magnolia_tripetala/4af38f20-fadd-423c-96aa-f7af5cb7a26e.jpg,433,495,0,495,433,88,402,461,0.04571533203125,0.04052734375,0.0262603759765625,0.02362060546875,0.0210418701171875,1,2,umbrella magnolia,Crown Fern,umbrella magnolia,Julia Butterfly,swamp chestnut oak,Loquat
val/08763_Plantae_Tracheophyta_Magnoliopsida_Magnoliales_Magnoliaceae_Magnolia_tripetala/9a0d9860-cdbc-4880-b6d3-461d76c14fee.jpg,433,402,0,402,433,432,303,351,0.08648681640625,0.0810546875,0.045440673828125,0.02227783203125,0.021240234375,1,2,umbrella magnolia,swamp chestnut oak,umbrella magnolia,common pawpaw,sawbrier,Mountain Horopito
val/08763_Plantae_Tracheophyta_Magnoliopsida_Magnoliales_Magnoliaceae_Magnolia_tripetala/cf44fc3d-659e-41fd-bb26-2f9c6585bc5d.jpg,433,432,0,432,408,433,466,316,0.10595703125,0.059783935546875,0.037628173828125,0.0243988037109375,0.01654052734375,1,3,umbrella magnolia,common pawpaw,Kanono,umbrella magnolia,Himalayan-berry,Octopus Tree
val/08767_Plantae_Tracheophyta_Magnoliopsida_Malpighiales_Euphorbiaceae_Acalypha_rhomboidea/f208a95f-61a8-424a-b886-6ed371158c3d.jpg,434,439,0,439,434,440,443,438,0.0567626953125,0.03411865234375,0.027862548828125,0.0180511474609375,0.017974853515625,1,2,common copperleaf,bebb's willow,common copperleaf,Grey Willow,velvetleaf,Klamath weed
val/08767_Plantae_Tracheophyta_Magnoliopsida_Malpighiales_Euphorbiaceae_Acalypha_rhomboidea/267e2523-29fe-4c0e-b46f-a46d0e36c571.jpg,434,315,0,315,439,434,440,388,0.07891845703125,0.06378173828125,0.047149658203125,0.0300750732421875,0.019256591796875,1,3,common copperleaf,dwarf ginseng,bebb's willow,common copperleaf,Grey Willow,black huckleberry
val/08767_Plantae_Tracheophyta_Magnoliopsida_Malpighiales_Euphorbiaceae_Acalypha_rhomboidea/e005afee-9ee2-4bdd-85f4-29ac332e85fe.jpg,434,442,0,442,473,434,475,314,0.048583984375,0.0438232421875,0.036407470703125,0.036376953125,0.032073974609375,1,3,common copperleaf,Round-leaved Violet,poison ivy,common copperleaf,field maple,Japanese aralia
val/08773_Plantae_Tracheophyta_Magnoliopsida_Malpighiales_Euphorbiaceae_Croton_glandulosus/036122a5-799a-4faa-baab-3f7d44bf4048.jpg,435,368,0,368,435,436,434,311,0.25341796875,0.051544189453125,0.027923583984375,0.0220184326171875,0.01358795166015625,1,2,Tropic Croton,prostrate knotweed,Tropic Croton,Florida Hammock Sandmat,common copperleaf,princess pine
val/08773_Plantae_Tracheophyta_Magnoliopsida_Malpighiales_Euphorbiaceae_Croton_glandulosus/0489af17-8fd4-4a25-84bd-7dc3e70bd9ec.jpg,435,434,0,434,435,377,411,436,0.51416015625,0.10589599609375,0.03717041015625,0.0204315185546875,0.01097869873046875,1,2,Tropic Croton,common copperleaf,Tropic Croton,Western Snowberry,lemon balm,Florida Hammock Sandmat
val/08804_Plantae_Tracheophyta_Magnoliopsida_Malpighiales_Euphorbiaceae_Euphorbia_ophthalmica/7a50fbb8-73d1-4009-9c1c-b5e9c0cc33ec.jpg,436,476,0,476,437,434,436,312,0.12347412109375,0.09088134765625,0.0791015625,0.07159423828125,0.0250396728515625,1,4,Florida Hammock Sandmat,Red Buckeye,Cassava,common copperleaf,Florida Hammock Sandmat,Broad-leaved Chervil
val/08804_Plantae_Tracheophyta_Magnoliopsida_Malpighiales_Euphorbiaceae_Euphorbia_ophthalmica/7d3dc039-453d-4689-8ddd-26fac5ca607c.jpg,436,315,0,315,436,332,366,301,0.2666015625,0.059783935546875,0.0498046875,0.020843505859375,0.0129241943359375,1,2,Florida Hammock Sandmat,dwarf ginseng,Florida Hammock Sandmat,white rattlesnakeroot,Fringed Bindweed,snow trillium
val/08804_Plantae_Tracheophyta_Magnoliopsida_Malpighiales_Euphorbiaceae_Euphorbia_ophthalmica/9bba656e-1df8-4f1d-8fab-8ba883446744.jpg,436,366,0,366,436,370,368,319,0.213623046875,0.062225341796875,0.04376220703125,0.043212890625,0.034088134765625,1,2,Florida Hammock Sandmat,Fringed Bindweed,Florida Hammock Sandmat,woodland pterostegia,prostrate knotweed,common burrobrush
val/08818_Plantae_Tracheophyta_Magnoliopsida_Malpighiales_Euphorbiaceae_Manihot_esculenta/21e9dcb5-9fba-4f3a-b6c0-c7c2727fd015.jpg,437,433,0,433,437,476,461,406,0.24560546875,0.09906005859375,0.07470703125,0.040130615234375,0.037261962890625,1,2,Cassava,umbrella magnolia,Cassava,Red Buckeye,Loquat,American columbo
val/08834_Plantae_Tracheophyta_Magnoliopsida_Malpighiales_Hypericaceae_Hypericum_perforatum/1a080637-7a5a-485d-a2bd-5f36efe45041.jpg,438,321,0,321,334,328,438,69,0.261474609375,0.12451171875,0.10797119140625,0.083740234375,0.017852783203125,1,4,Klamath weed,tickseed beggar-ticks,Great Plains Ragwort,Bitterweed,Klamath weed,Long Dash Skipper
val/08867_Plantae_Tracheophyta_Magnoliopsida_Malpighiales_Salicaceae_Salix_bebbiana/4553650a-0f64-4554-ac58-5be5679aea44.jpg,439,388,0,388,439,377,359,465,0.716796875,0.1348876953125,0.0087738037109375,0.00719451904296875,0.00600433349609375,1,2,bebb's willow,black huckleberry,bebb's willow,Western Snowberry,Sea Sandwort,Blackthorn
val/08869_Plantae_Tracheophyta_Magnoliopsida_Malpighiales_Salicaceae_Salix_cinerea/b0f89bbe-08f9-442e-b2ca-e7bcb9fe3d12.jpg,440,388,0,388,377,439,440,465,0.1776123046875,0.1304931640625,0.1075439453125,0.041839599609375,0.0213775634765625,1,4,Grey Willow,black huckleberry,Western Snowberry,bebb's willow,Grey Willow,Blackthorn
val/08869_Plantae_Tracheophyta_Magnoliopsida_Malpighiales_Salicaceae_Salix_cinerea/06d7315c-8b02-4feb-bc81-99dba248c6fc.jpg,440,439,0,439,440,469,379,388,0.324951171875,0.10797119140625,0.0770263671875,0.0545654296875,0.04364013671875,1,2,Grey Willow,bebb's willow,Grey Willow,Siberian elm,strawberry tree,black huckleberry
val/08878_Plantae_Tracheophyta_Magnoliopsida_Malpighiales_Salicaceae_Salix_nigra/bb36830b-5b6b-4574-9298-96844a72628c.jpg,441,326,0,326,441,493,349,276,0.1741943359375,0.0731201171875,0.0269012451171875,0.02423095703125,0.02374267578125,1,2,black willow,dogfennel,black willow,tangle fern,narrow-leaved bittercress,delicate fern moss
val/08930_Plantae_Tracheophyta_Magnoliopsida_Malvales_Malvaceae_Abutilon_theophrasti/c6497c82-0427-4cc1-bb12-998adc54fb88.jpg,443,353,0,353,473,443,481,482,0.0673828125,0.06671142578125,0.062744140625,0.02972412109375,0.0221710205078125,1,3,velvetleaf,Mignonette vine,poison ivy,velvetleaf,red morning glory,Obscure Morning Glory
val/08930_Plantae_Tracheophyta_Magnoliopsida_Malvales_Malvaceae_Abutilon_theophrasti/9c6cf0ab-26fb-40ee-ac29-a9970c0a2a5e.jpg,443,93,0,93,115,443,409,97,0.0333251953125,0.0305938720703125,0.02618408203125,0.01129150390625,0.0101470947265625,1,3,velvetleaf,Dainty Swallowtail,Owly Sulphur,velvetleaf,Blue Bugle,Large White Butterfly
val/08930_Plantae_Tracheophyta_Magnoliopsida_Malvales_Malvaceae_Abutilon_theophrasti/130dc5c5-d020-4470-9242-4776401430fc.jpg,443,335,0,335,331,337,443,456,0.048065185546875,0.04296875,0.0228729248046875,0.020416259765625,0.0191802978515625,1,4,velvetleaf,leafcup,Snow Squarestem,prairie dock,velvetleaf,Virginia virgin's-bower
val/08987_Plantae_Tracheophyta_Magnoliopsida_Malvales_Muntingiaceae_Muntingia_calabura/b97da194-0318-4f7a-a49f-d5ae1d18ecba.jpg,445,482,0,482,282,435,439,445,0.033538818359375,0.03265380859375,0.025787353515625,0.0257110595703125,0.02117919921875,1,5,Cherry Tree,Obscure Morning Glory,spring spiderlily,Tropic Croton,bebb's willow,Cherry Tree
val/08987_Plantae_Tracheophyta_Magnoliopsida_Malvales_Muntingiaceae_Muntingia_calabura/a8a03f4f-e381-4497-a98d-b2366bb37246.jpg,445,434,0,434,445,459,435,377,0.0732421875,0.055419921875,0.023468017578125,0.0204315185546875,0.016265869140625,1,2,Cherry Tree,common copperleaf,Cherry Tree,Korean mulberry,Tropic Croton,Western Snowberry
val/08987_Plantae_Tracheophyta_Magnoliopsida_Malvales_Muntingiaceae_Muntingia_calabura/7bf39391-be08-4f58-95ff-1e6af6898745.jpg,445,453,0,453,301,376,445,282,0.055572509765625,0.0401611328125,0.020294189453125,0.0198516845703125,0.017333984375,1,4,Cherry Tree,meadow anemone,snow trillium,squirting cucumber,Cherry Tree,spring spiderlily
val/09069_Plantae_Tracheophyta_Magnoliopsida_Myrtales_Onagraceae_Oenothera_rosea/2fe5bd00-9414-402f-9ed4-d765eec04a8e.jpg,446,290,0,290,351,425,303,446,0.1490478515625,0.0706787109375,0.056304931640625,0.030303955078125,0.019256591796875,1,5,rose evening primrose,Red Helleborine,Mountain Horopito,American brooklime,sawbrier,rose evening primrose
val/09069_Plantae_Tracheophyta_Magnoliopsida_Myrtales_Onagraceae_Oenothera_rosea/33440767-6cc2-423a-a895-f514d9390ecb.jpg,446,390,0,390,446,295,444,480,0.44384765625,0.38427734375,0.0233001708984375,0.0106353759765625,0.00283050537109375,1,2,rose evening primrose,Drummond's phlox,rose evening primrose,Philippine Ground Orchid,Island Mallow,youth on age
val/09089_Plantae_Tracheophyta_Magnoliopsida_Oxalidales_Elaeocarpaceae_Aristotelia_serrata/dc65cf11-b478-472d-9d88-60c1d41b2092.jpg,447,351,0,351,447,388,275,410,0.1202392578125,0.0750732421875,0.059814453125,0.051910400390625,0.043304443359375,1,2,Wineberry,Mountain Horopito,Wineberry,black huckleberry,fan moss,carpet bugle
val/09089_Plantae_Tracheophyta_Magnoliopsida_Oxalidales_Elaeocarpaceae_Aristotelia_serrata/15c3eb47-c89a-4f80-b98d-797d6cc51c73.jpg,447,432,0,432,351,443,366,447,0.06427001953125,0.03759765625,0.036285400390625,0.032318115234375,0.0253448486328125,1,5,Wineberry,common pawpaw,Mountain Horopito,velvetleaf,Fringed Bindweed,Wineberry
val/09124_Plantae_Tracheophyta_Magnoliopsida_Proteales_Proteaceae_Banksia_integrifolia/56999c64-29ac-4272-b12a-407e976bab20.jpg,448,413,0,413,417,448,314,139,0.124755859375,0.0670166015625,0.037689208984375,0.03582763671875,0.01554107666015625,1,3,Coastal Banksia,white sage,Lilac chaste tree,Coastal Banksia,Japanese aralia,Striped Eel Catfish
val/09128_Plantae_Tracheophyta_Magnoliopsida_Proteales_Proteaceae_Leucadendron_laureolum/4e7949cd-8595-4861-b228-437cf6bbd582.jpg,449,371,0,371,449,288,135,450,0.09381103515625,0.04400634765625,0.02874755859375,0.02008056640625,0.01544952392578125,1,2,Golden Sunshinebush,canaigre dock,Golden Sunshinebush,Mountain flax,Yellow Perch,red pagoda
val/09128_Plantae_Tracheophyta_Magnoliopsida_Proteales_Proteaceae_Leucadendron_laureolum/5c8937c1-bf2d-42c7-bd94-2521987f9b75.jpg,449,326,0,326,449,382,276,452,0.0694580078125,0.047637939453125,0.030853271484375,0.02679443359375,0.024627685546875,1,2,Golden Sunshinebush,dogfennel,Golden Sunshinebush,sand heath,delicate fern moss,Spring Adonis
val/09128_Plantae_Tracheophyta_Magnoliopsida_Proteales_Proteaceae_Leucadendron_laureolum/34bf6ad2-81d4-408e-9aab-dad5c5b64265.jpg,449,384,0,384,404,450,449,382,0.1763916015625,0.09442138671875,0.06353759765625,0.048370361328125,0.0302734375,1,4,Golden Sunshinebush,Red Heath,California Wax Myrtle,red pagoda,Golden Sunshinebush,sand heath
val/09199_Plantae_Tracheophyta_Magnoliopsida_Ranunculales_Ranunculaceae_Actaea_racemosa/8499e9bf-a09b-49d4-aacc-7f4a41b385ba.jpg,451,317,0,317,451,459,480,460,0.281005859375,0.0298004150390625,0.0221099853515625,0.01702880859375,0.0165557861328125,1,2,black cohosh,American holly,black cohosh,Korean mulberry,youth on age,parsley hawthorn
val/09199_Plantae_Tracheophyta_Magnoliopsida_Ranunculales_Ranunculaceae_Actaea_racemosa/9f6b06c5-62f9-4fb7-8878-9f8f67c758af.jpg,451,313,0,313,451,312,488,460,0.1312255859375,0.1195068359375,0.07257080078125,0.060791015625,0.01611328125,1,2,black cohosh,upright hedge-parsley,black cohosh,Broad-leaved Chervil,baldcypress,parsley hawthorn
val/09199_Plantae_Tracheophyta_Magnoliopsida_Ranunculales_Ranunculaceae_Actaea_racemosa/1277d6fd-ea70-469b-afdc-91e083e09f95.jpg,451,494,0,494,349,451,338,422,0.08282470703125,0.04888916015625,0.040008544921875,0.0183563232421875,0.01507568359375,1,3,black cohosh,Hen and Chicks Fern,narrow-leaved bittercress,black cohosh,common wrinkle-leaved goldenrod,Indian Warrior
val/09199_Plantae_Tracheophyta_Magnoliopsida_Ranunculales_Ranunculaceae_Actaea_racemosa/7a9f8981-479a-4212-a1e1-4057755d7e85.jpg,451,364,0,364,367,396,451,313,0.11004638671875,0.07904052734375,0.0275726318359375,0.025146484375,0.0230560302734375,1,4,black cohosh,alpine bistort,redshank,white sweet clover,black cohosh,upright hedge-parsley
val/09199_Plantae_Tracheophyta_Magnoliopsida_Ranunculales_Ranunculaceae_Actaea_racemosa/11d6daa6-456e-4978-9540-db90102624c5.jpg,451,312,0,312,470,332,378,451,0.128173828125,0.1043701171875,0.103759765625,0.0556640625,0.045501708984375,1,5,black cohosh,Broad-leaved Chervil,Canadian wood nettle,white rattlesnakeroot,mapleleaf viburnum,black cohosh
val/09221_Plantae_Tracheophyta_Magnoliopsida_Ranunculales_Ranunculaceae_Aquilegia_vulgaris/2e8185e6-8be2-40f4-8937-8fca7d315d2f.jpg,454,455,0,455,454,344,289,457,0.385498046875,0.376708984375,0.048370361328125,0.0172271728515625,0.0092620849609375,1,2,common columbine,Swamp Leather Flower,common columbine,Salvation Jane,Spring Crocus,eastern pasqueflower
val/09221_Plantae_Tracheophyta_Magnoliopsida_Ranunculales_Ranunculaceae_Aquilegia_vulgaris/255394eb-a208-4faa-88f8-4419fcf96408.jpg,454,344,0,344,454,34,455,458,0.290771484375,0.05914306640625,0.03509521484375,0.02490234375,0.01953125,1,2,common columbine,Salvation Jane,common columbine,Southern Carpenter Bee,Swamp Leather Flower,meadow buttercup
val/09221_Plantae_Tracheophyta_Magnoliopsida_Ranunculales_Ranunculaceae_Aquilegia_vulgaris/8ff71a7a-4e63-4d57-ba41-f921ecac8968.jpg,454,455,0,455,454,289,457,286,0.2061767578125,0.1080322265625,0.08978271484375,0.041961669921875,0.0259857177734375,1,2,common columbine,Swamp Leather Flower,common columbine,Spring Crocus,eastern pasqueflower,Grape hyacinth
val/09221_Plantae_Tracheophyta_Magnoliopsida_Ranunculales_Ranunculaceae_Aquilegia_vulgaris/997fc1a1-1e98-4d26-a29a-40fa0f6288d5.jpg,454,295,0,295,290,332,391,454,0.1572265625,0.06951904296875,0.035491943359375,0.027801513671875,0.0226593017578125,1,5,common columbine,Philippine Ground Orchid,Red Helleborine,white rattlesnakeroot,longleaf phlox,common columbine
val/09226_Plantae_Tracheophyta_Magnoliopsida_Ranunculales_Ranunculaceae_Clematis_crispa/8ac5704b-5d1c-4be8-ba03-4d94e25adc8e.jpg,455,389,0,389,391,431,347,455,0.043060302734375,0.0369873046875,0.02764892578125,0.0219268798828125,0.020477294921875,1,5,Swamp Leather Flower,flaxflowered ipomopsis,longleaf phlox,Dakota mock vervain,European Searocket,Swamp Leather Flower
val/09226_Plantae_Tracheophyta_Magnoliopsida_Ranunculales_Ranunculaceae_Clematis_crispa/324674e9-6f44-453b-8fc5-53dda100de55.jpg,455,289,0,289,455,426,457,211,0.08453369140625,0.05950927734375,0.0159759521484375,0.0121307373046875,0.0104827880859375,1,2,Swamp Leather Flower,Spring Crocus,Swamp Leather Flower,Slender speedwell,eastern pasqueflower,Black-crowned Night Heron
val/09226_Plantae_Tracheophyta_Magnoliopsida_Ranunculales_Ranunculaceae_Clematis_crispa/6617c156-0f6f-4c7a-b7fd-0f93dc59535d.jpg,455,453,0,453,345,482,346,455,0.1226806640625,0.0303497314453125,0.0300140380859375,0.020294189453125,0.0168914794921875,1,5,Swamp Leather Flower,meadow anemone,broadleaf forget-me-not,Obscure Morning Glory,water forget-me-not,Swamp Leather Flower
val/09235_Plantae_Tracheophyta_Magnoliopsida_Ranunculales_Ranunculaceae_Clematis_virginiana/1c69e212-3c19-411b-a9c9-aeb3747ebaf4.jpg,456,357,0,357,356,456,400,324,0.0654296875,0.057861328125,0.035736083984375,0.025146484375,0.0228729248046875,1,3,Virginia virgin's-bower,viviparous foxtail cactus,strawberry hedgehog cactus,Virginia virgin's-bower,candyroot,tropical horseweed
val/09258_Plantae_Tracheophyta_Magnoliopsida_Ranunculales_Ranunculaceae_Pulsatilla_patens/89c211b0-0708-4bad-a02f-bd8b629701a4.jpg,457,442,0,442,457,297,452,453,0.135009765625,0.11883544921875,0.043548583984375,0.023101806640625,0.01837158203125,1,2,eastern pasqueflower,Round-leaved Violet,eastern pasqueflower,giant white fawn lily,Spring Adonis,meadow anemone
val/09258_Plantae_Tracheophyta_Magnoliopsida_Ranunculales_Ranunculaceae_Pulsatilla_patens/4d1bcb6b-9b57-43ad-87ec-3199d225181d.jpg,457,289,0,289,457,484,344,483,0.85986328125,0.09063720703125,0.0175323486328125,0.00531768798828125,0.0018301010131835938,1,2,eastern pasqueflower,Spring Crocus,eastern pasqueflower,White Horse-nettle,Salvation Jane,western horsenettle
val/09260_Plantae_Tracheophyta_Magnoliopsida_Ranunculales_Ranunculaceae_Ranunculus_acris/c4b8dc23-a3de-40f1-a00a-e9ed187e09ef.jpg,458,452,0,452,458,328,340,442,0.509765625,0.0389404296875,0.02838134765625,0.0159149169921875,0.00965118408203125,1,2,meadow buttercup,Spring Adonis,meadow buttercup,Bitterweed,common dandelion,Round-leaved Violet
val/09314_Plantae_Tracheophyta_Magnoliopsida_Rosales_Moraceae_Morus_indica/c8f0151c-1b3d-4fff-97be-9b9da574aab5.jpg,459,432,0,432,459,378,470,402,0.28515625,0.10455322265625,0.053070068359375,0.0307769775390625,0.022308349609375,1,2,Korean mulberry,common pawpaw,Korean mulberry,mapleleaf viburnum,Canadian wood nettle,swamp chestnut oak
val/09314_Plantae_Tracheophyta_Magnoliopsida_Rosales_Moraceae_Morus_indica/18202f6d-1ace-4e21-942c-f2ceed1ca34e.jpg,459,378,0,378,459,424,470,25,0.08416748046875,0.0701904296875,0.029815673828125,0.0214385986328125,0.01433563232421875,1,2,Korean mulberry,mapleleaf viburnum,Korean mulberry,American lopseed,Canadian wood nettle,Florida Leaf-footed Bug
val/09372_Plantae_Tracheophyta_Magnoliopsida_Rosales_Rosaceae_Crataegus_marshallii/ee05ea97-3a88-499e-b307-24b918a4c735.jpg,460,329,0,329,460,100,336,464,0.0276336669921875,0.0195770263671875,0.0190887451171875,0.01788330078125,0.01611328125,1,2,parsley hawthorn,Old Plainsman,parsley hawthorn,Red-bordered Pixie,Woad-leaved ragwort,sand cherry
val/09372_Plantae_Tracheophyta_Magnoliopsida_Rosales_Rosaceae_Crataegus_marshallii/6c1b0ec9-93cb-483c-8e73-b53f46f81bb2.jpg,460,479,0,479,447,460,402,443,0.087646484375,0.05426025390625,0.0435791015625,0.0230255126953125,0.0216064453125,1,3,parsley hawthorn,Goose-berry,Wineberry,parsley hawthorn,swamp chestnut oak,velvetleaf
val/09379_Plantae_Tracheophyta_Magnoliopsida_Rosales_Rosaceae_Eriobotrya_japonica/0d9e69a6-c1a5-4b02-8d4c-d0a0f0432de5.jpg,461,445,0,445,198,449,429,461,0.0572509765625,0.0238037109375,0.022613525390625,0.021759033203125,0.0182342529296875,1,5,Loquat,Cherry Tree,Common Firecrest,Golden Sunshinebush,Wand Mullein,Loquat
val/09379_Plantae_Tracheophyta_Magnoliopsida_Rosales_Rosaceae_Eriobotrya_japonica/c32e9c0e-09d4-4288-a232-fe687dd97a0f.jpg,461,463,0,463,269,461,393,423,0.04412841796875,0.026947021484375,0.0240020751953125,0.0214385986328125,0.0173492431640625,1,3,Loquat,desert almond,Peppery Bolete,Loquat,Taiwan Acacia,scarlet monkeyflower
val/09379_Plantae_Tracheophyta_Magnoliopsida_Rosales_Rosaceae_Eriobotrya_japonica/ce180c3d-ff47-46ef-8d4a-8c8e100e3775.jpg,461,316,0,316,461,338,166,352,0.05291748046875,0.051055908203125,0.045379638671875,0.038299560546875,0.0204925537109375,1,2,Loquat,Octopus Tree,Loquat,common wrinkle-leaved goldenrod,Red-billed Pigeon,Mexican tea
val/09408_Plantae_Tracheophyta_Magnoliopsida_Rosales_Rosaceae_Potentilla_canadensis/5b503e69-c482-4603-9589-93ec5af97cc7.jpg,462,471,0,471,470,460,462,312,0.31494140625,0.140380859375,0.0968017578125,0.052581787109375,0.016448974609375,1,4,dwarf cinquefoil,Dwarf Nettle,Canadian wood nettle,parsley hawthorn,dwarf cinquefoil,Broad-leaved Chervil
val/09408_Plantae_Tracheophyta_Magnoliopsida_Rosales_Rosaceae_Potentilla_canadensis/ee9a4886-0980-4cf7-9508-142f3a96f253.jpg,462,442,0,442,462,438,466,458,0.1148681640625,0.032806396484375,0.027008056640625,0.02484130859375,0.0221099853515625,1,2,dwarf cinquefoil,Round-leaved Violet,dwarf cinquefoil,Klamath weed,Himalayan-berry,meadow buttercup
val/09408_Plantae_Tracheophyta_Magnoliopsida_Rosales_Rosaceae_Potentilla_canadensis/89f352ff-8be1-48ee-95d4-6c38832d43a0.jpg,462,458,0,458,462,452,327,35,0.0731201171875,0.06646728515625,0.01543426513671875,0.01178741455078125,0.011474609375,1,2,dwarf cinquefoil,meadow buttercup,dwarf cinquefoil,Spring Adonis,great blanketflower,Elm Sawfly
val/09408_Plantae_Tracheophyta_Magnoliopsida_Rosales_Rosaceae_Potentilla_canadensis/5f2d31c0-332e-427f-849d-f2e1ba1224f5.jpg,462,332,0,332,462,314,473,476,0.09271240234375,0.06463623046875,0.0404052734375,0.0163116455078125,0.01611328125,1,2,dwarf cinquefoil,white rattlesnakeroot,dwarf cinquefoil,Japanese aralia,poison ivy,Red Buckeye
val/09408_Plantae_Tracheophyta_Magnoliopsida_Rosales_Rosaceae_Potentilla_canadensis/4fb80049-9564-48cf-9e1b-53ee470891ae.jpg,462,400,0,400,340,462,292,452,0.253173828125,0.0938720703125,0.0882568359375,0.02081298828125,0.01983642578125,1,3,dwarf cinquefoil,candyroot,common dandelion,dwarf cinquefoil,checkered rattlesnake plantain,Spring Adonis
val/09423_Plantae_Tracheophyta_Magnoliopsida_Rosales_Rosaceae_Prunus_fasciculata/f95c419f-3109-4730-aadc-b7ea46c8d961.jpg,463,375,0,375,463,465,477,103,0.038909912109375,0.0340576171875,0.0242919921875,0.019195556640625,0.014404296875,1,2,desert almond,Tree Tutu,desert almond,Blackthorn,jade plant,Small Emperor Moth
val/09423_Plantae_Tracheophyta_Magnoliopsida_Rosales_Rosaceae_Prunus_fasciculata/84994443-6063-48a8-aab3-26b695b0a5ec.jpg,463,465,0,465,463,439,320,387,0.09490966796875,0.07049560546875,0.0595703125,0.05096435546875,0.039215087890625,1,2,desert almond,Blackthorn,desert almond,bebb's willow,common mugwort,Prickly mingimingi
val/09423_Plantae_Tracheophyta_Magnoliopsida_Rosales_Rosaceae_Prunus_fasciculata/5f7d2ea3-ab38-4534-8c02-89ab4504f3d1.jpg,463,394,0,394,463,469,283,474,0.12322998046875,0.0477294921875,0.041168212890625,0.0257110595703125,0.025115966796875,1,2,desert almond,longleaf wattle,desert almond,Siberian elm,Spiny Asparagus,elephant tree
val/09423_Plantae_Tracheophyta_Magnoliopsida_Rosales_Rosaceae_Prunus_fasciculata/7902ed42-e439-405d-896d-6f8d12f8a4aa.jpg,463,284,0,284,463,472,372,283,0.309814453125,0.11639404296875,0.09747314453125,0.0183868408203125,0.0155029296875,1,2,desert almond,asparagus,desert almond,desert mistletoe,crucifixion thorn,Spiny Asparagus
val/09431_Plantae_Tracheophyta_Magnoliopsida_Rosales_Rosaceae_Prunus_pumila/46125b8d-6349-410e-b1bb-ea3ce82ad650.jpg,464,465,0,465,40,464,39,0,0.147705078125,0.1309814453125,0.01654052734375,0.015228271484375,0.01447296142578125,1,3,sand cherry,Blackthorn,Metallic Epauletted-Sweat Bee,sand cherry,Pure Green Sweat Bee,Cross Orbweaver
val/09431_Plantae_Tracheophyta_Magnoliopsida_Rosales_Rosaceae_Prunus_pumila/f4e7bac7-c9ba-4597-b3a7-a64c3467c88a.jpg,464,348,0,348,319,464,350,329,0.0650634765625,0.048736572265625,0.045562744140625,0.031280517578125,0.017486572265625,1,3,sand cherry,hairy bittercress,common burrobrush,sand cherry,California shieldpod,Old Plainsman
val/09431_Plantae_Tracheophyta_Magnoliopsida_Rosales_Rosaceae_Prunus_pumila/549ddd51-d919-4720-83ce-a66314bf1915.jpg,464,307,0,307,464,309,368,404,0.06689453125,0.03680419921875,0.0323486328125,0.0289306640625,0.0242919921875,1,2,sand cherry,Annual Meadow-grass,sand cherry,Saint Augustine grass,prostrate knotweed,California Wax Myrtle
val/09431_Plantae_Tracheophyta_Magnoliopsida_Rosales_Rosaceae_Prunus_pumila/1b76eda4-8974-4c09-8112-bf0e88619137.jpg,464,310,0,310,389,464,324,279,0.49853515625,0.044769287109375,0.042144775390625,0.0218658447265625,0.0213165283203125,1,3,sand cherry,Kangaroo Grass,flaxflowered ipomopsis,sand cherry,tropical horseweed,longleaf ephedra
val/09431_Plantae_Tracheophyta_Magnoliopsida_Rosales_Rosaceae_Prunus_pumila/3a15ff27-97a5-4ec4-b6f4-6e841ad54db4.jpg,464,324,0,324,464,320,406,396,0.5673828125,0.139892578125,0.041839599609375,0.023773193359375,0.0133514404296875,1,2,sand cherry,tropical horseweed,sand cherry,common mugwort,American columbo,white sweet clover
val/09431_Plantae_Tracheophyta_Magnoliopsida_Rosales_Rosaceae_Prunus_pumila/aa7d65a2-2fb7-453c-8768-a6a7e158a087.jpg,464,14,0,14,464,437,37,249,0.363525390625,0.03857421875,0.025177001953125,0.01142120361328125,0.01032257080078125,1,2,sand cherry,Woodland Dor Beetle,sand cherry,Cassava,Florida Carpenter Ant,Beadlet anemone
val/09433_Plantae_Tracheophyta_Magnoliopsida_Rosales_Rosaceae_Prunus_spinosa/2ccc8226-fdec-48a8-ac83-7e73ae63061c.jpg,465,472,0,472,365,284,463,465,0.1983642578125,0.033843994140625,0.031158447265625,0.026458740234375,0.0201568603515625,1,5,Blackthorn,desert mistletoe,skeleton weed,asparagus,desert almond,Blackthorn
val/09433_Plantae_Tracheophyta_Magnoliopsida_Rosales_Rosaceae_Prunus_spinosa/56b7a6d7-494f-4e0b-9176-93aaaad2f167.jpg,465,388,0,388,485,465,380,345,0.1651611328125,0.04949951171875,0.04241943359375,0.030914306640625,0.0301361083984375,1,3,Blackthorn,black huckleberry,Porcelain Berry,Blackthorn,Big Berry Manzanita,broadleaf forget-me-not
val/09433_Plantae_Tracheophyta_Magnoliopsida_Rosales_Rosaceae_Prunus_spinosa/dae621fd-286d-47fd-9f63-966df5eee8a2.jpg,465,405,0,405,465,1,385,267,0.2108154296875,0.04638671875,0.041961669921875,0.03485107421875,0.0233306884765625,1,2,Blackthorn,Coast silk tassel,Blackthorn,Golden Silk Spider,Gaultheria antipoda,Lichen Agaric
val/09460_Plantae_Tracheophyta_Magnoliopsida_Rosales_Rosaceae_Rubus_bifrons/aadaafee-4fbe-4fb1-b63b-0beb441d1461.jpg,466,473,0,473,470,466,482,273,0.318115234375,0.130859375,0.0977783203125,0.0169525146484375,0.011077880859375,1,3,Himalayan-berry,poison ivy,Canadian wood nettle,Himalayan-berry,Obscure Morning Glory,Bear's Head Tooth
val/09460_Plantae_Tracheophyta_Magnoliopsida_Rosales_Rosaceae_Rubus_bifrons/58758649-ae8b-4797-a16b-919cb2ad03bf.jpg,466,485,0,485,447,295,316,466,0.03173828125,0.0316162109375,0.0223388671875,0.02227783203125,0.0185394287109375,1,5,Himalayan-berry,Porcelain Berry,Wineberry,Philippine Ground Orchid,Octopus Tree,Himalayan-berry
val/09460_Plantae_Tracheophyta_Magnoliopsida_Rosales_Rosaceae_Rubus_bifrons/4887abd8-3575-4425-83a6-2235c39bf9d9.jpg,466,398,0,398,466,480,335,345,0.0302581787109375,0.0279083251953125,0.0267791748046875,0.02056884765625,0.0199432373046875,1,2,Himalayan-berry,black locust,Himalayan-berry,youth on age,leafcup,broadleaf forget-me-not
val/09460_Plantae_Tracheophyta_Magnoliopsida_Rosales_Rosaceae_Rubus_bifrons/040f7fef-98ab-4e50-86f7-2096c546ff5c.jpg,466,470,0,470,461,476,466,312,0.1265869140625,0.11279296875,0.052947998046875,0.03863525390625,0.0198974609375,1,4,Himalayan-berry,Canadian wood nettle,Loquat,Red Buckeye,Himalayan-berry,Broad-leaved Chervil
val/09477_Plantae_Tracheophyta_Magnoliopsida_Rosales_Rosaceae_Rubus_schmidelioides/e47acd96-848b-4154-b50e-acb3023d4c89.jpg,467,297,0,297,467,225,222,237,0.1419677734375,0.10772705078125,0.032623291015625,0.0227203369140625,0.02178955078125,1,2,Rubus schmidelioides,giant white fawn lily,Rubus schmidelioides,Canada Lynx,White-tailed Deer,Texas Alligator Lizard
val/09477_Plantae_Tracheophyta_Magnoliopsida_Rosales_Rosaceae_Rubus_schmidelioides/b0423bd1-0616-4219-846d-d6ccc0ebd7d9.jpg,467,403,0,403,62,116,435,467,0.11090087890625,0.034027099609375,0.0226287841796875,0.021636962890625,0.021484375,1,5,Rubus schmidelioides,willow oak,Yellow Slant-line,Ebony Jewelwing,Tropic Croton,Rubus schmidelioides
val/09477_Plantae_Tracheophyta_Magnoliopsida_Rosales_Rosaceae_Rubus_schmidelioides/dc3d831f-171b-413c-8ec6-ace60516f728.jpg,467,435,0,435,404,467,113,368,0.318359375,0.05804443359375,0.03448486328125,0.030303955078125,0.0293426513671875,1,3,Rubus schmidelioides,Tropic Croton,California Wax Myrtle,Rubus schmidelioides,Australian Green Mantis,prostrate knotweed
val/09477_Plantae_Tracheophyta_Magnoliopsida_Rosales_Rosaceae_Rubus_schmidelioides/7eda81c7-6eab-4fe9-aa28-80319cdb2b60.jpg,467,309,0,309,435,393,368,467,0.52783203125,0.1236572265625,0.04730224609375,0.01287841796875,0.0110931396484375,1,5,Rubus schmidelioides,Saint Augustine grass,Tropic Croton,Taiwan Acacia,prostrate knotweed,Rubus schmidelioides
val/09477_Plantae_Tracheophyta_Magnoliopsida_Rosales_Rosaceae_Rubus_schmidelioides/8c9a831c-6ba1-4e57-80d6-5e801aa7518f.jpg,467,435,0,435,437,404,439,467,0.07037353515625,0.069091796875,0.047149658203125,0.04443359375,0.042724609375,1,5,Rubus schmidelioides,Tropic Croton,Cassava,California Wax Myrtle,bebb's willow,Rubus schmidelioides
val/09499_Plantae_Tracheophyta_Magnoliopsida_Rosales_Ulmaceae_Ulmus_americana/381340cb-0b4e-4236-ac42-b0ee57808c3e.jpg,468,432,0,432,473,476,468,470,0.1871337890625,0.150634765625,0.050537109375,0.035797119140625,0.03118896484375,1,4,American elm,common pawpaw,poison ivy,Red Buckeye,American elm,Canadian wood nettle
val/09499_Plantae_Tracheophyta_Magnoliopsida_Rosales_Ulmaceae_Ulmus_americana/d28ceb15-e1a3-404e-9a50-7017ce97c956.jpg,468,469,0,469,468,440,470,439,0.216064453125,0.08233642578125,0.0657958984375,0.0219879150390625,0.01605224609375,1,2,American elm,Siberian elm,American elm,Grey Willow,Canadian wood nettle,bebb's willow
val/09499_Plantae_Tracheophyta_Magnoliopsida_Rosales_Ulmaceae_Ulmus_americana/6627d367-f74b-4001-886a-e80a91ba2a3a.jpg,468,470,0,470,468,411,476,469,0.5869140625,0.195068359375,0.0789794921875,0.01092529296875,0.0084381103515625,1,2,American elm,Canadian wood nettle,American elm,lemon balm,Red Buckeye,Siberian elm
val/09505_Plantae_Tracheophyta_Magnoliopsida_Rosales_Ulmaceae_Ulmus_pumila/cfbfcc13-df37-4151-8d40-4619be8e5c17.jpg,469,468,0,468,473,459,470,469,0.264892578125,0.2015380859375,0.1849365234375,0.05596923828125,0.038604736328125,1,5,Siberian elm,American elm,poison ivy,Korean mulberry,Canadian wood nettle,Siberian elm
val/09505_Plantae_Tracheophyta_Magnoliopsida_Rosales_Ulmaceae_Ulmus_pumila/dd4ab25b-3a53-4f0f-9398-dcf3591c8d64.jpg,469,468,0,468,469,433,473,459,0.81201171875,0.076416015625,0.003814697265625,0.0035648345947265625,0.0031909942626953125,1,2,Siberian elm,American elm,Siberian elm,umbrella magnolia,poison ivy,Korean mulberry
val/09505_Plantae_Tracheophyta_Magnoliopsida_Rosales_Ulmaceae_Ulmus_pumila/7e170bfa-d828-4af5-b7a1-935bc96fe608.jpg,469,468,0,468,469,433,447,341,0.496337890625,0.300048828125,0.010101318359375,0.00563812255859375,0.00499725341796875,1,2,Siberian elm,American elm,Siberian elm,umbrella magnolia,Wineberry,tree marigold
val/09505_Plantae_Tracheophyta_Magnoliopsida_Rosales_Ulmaceae_Ulmus_pumila/8c67d3e8-ec38-48dd-b550-5cd1f91010c3.jpg,469,368,0,368,469,467,309,393,0.11785888671875,0.0826416015625,0.050933837890625,0.038116455078125,0.035003662109375,1,2,Siberian elm,prostrate knotweed,Siberian elm,Rubus schmidelioides,Saint Augustine grass,Taiwan Acacia
val/09510_Plantae_Tracheophyta_Magnoliopsida_Rosales_Urticaceae_Laportea_canadensis/7974e6db-c0f0-42c1-aff7-779f44c36775.jpg,470,447,0,447,470,485,434,476,0.06597900390625,0.058197021484375,0.0391845703125,0.033172607421875,0.0265350341796875,1,2,Canadian wood nettle,Wineberry,Canadian wood nettle,Porcelain Berry,common copperleaf,Red Buckeye
val/09510_Plantae_Tracheophyta_Magnoliopsida_Rosales_Urticaceae_Laportea_canadensis/9148c3b5-955d-42eb-8935-5abaa3f81da5.jpg,470,411,0,411,436,470,480,485,0.09588623046875,0.0684814453125,0.04425048828125,0.040985107421875,0.031036376953125,1,3,Canadian wood nettle,lemon balm,Florida Hammock Sandmat,Canadian wood nettle,youth on age,Porcelain Berry
val/09510_Plantae_Tracheophyta_Magnoliopsida_Rosales_Urticaceae_Laportea_canadensis/1e87b3b4-cb4b-4579-9a57-eb3978d3361c.jpg,470,411,0,411,456,470,466,376,0.1722412109375,0.1475830078125,0.08038330078125,0.07867431640625,0.039825439453125,1,3,Canadian wood nettle,lemon balm,Virginia virgin's-bower,Canadian wood nettle,Himalayan-berry,squirting cucumber
val/09510_Plantae_Tracheophyta_Magnoliopsida_Rosales_Urticaceae_Laportea_canadensis/83d2e3b9-3117-4662-b288-117e6290527a.jpg,470,378,0,378,470,411,447,468,0.07965087890625,0.04486083984375,0.039337158203125,0.0197601318359375,0.01904296875,1,2,Canadian wood nettle,mapleleaf viburnum,Canadian wood nettle,lemon balm,Wineberry,American elm
val/09525_Plantae_Tracheophyta_Magnoliopsida_Santalales_Santalaceae_Phoradendron_californicum/98ff3b9c-0bfd-4ec0-959f-76e34bed991e.jpg,472,368,0,368,472,372,467,407,0.0721435546875,0.047271728515625,0.045623779296875,0.042449951171875,0.0271453857421875,1,2,desert mistletoe,prostrate knotweed,desert mistletoe,crucifixion thorn,Rubus schmidelioides,Coprosma dumosa
val/09550_Plantae_Tracheophyta_Magnoliopsida_Sapindales_Burseraceae_Bursera_microphylla/ba4b0118-8c12-40ab-a131-4a99a40e6fc7.jpg,474,311,0,311,387,283,474,495,0.032440185546875,0.022705078125,0.0223236083984375,0.0214691162109375,0.0187530517578125,1,4,elephant tree,princess pine,Prickly mingimingi,Spiny Asparagus,elephant tree,Crown Fern
val/09565_Plantae_Tracheophyta_Magnoliopsida_Sapindales_Sapindaceae_Acer_campestre/ac4784b8-7054-458c-86eb-7f120673f8e7.jpg,475,405,0,405,314,467,371,475,0.1273193359375,0.08770751953125,0.055816650390625,0.048431396484375,0.04052734375,1,5,field maple,Coast silk tassel,Japanese aralia,Rubus schmidelioides,canaigre dock,field maple
val/09565_Plantae_Tracheophyta_Magnoliopsida_Sapindales_Sapindaceae_Acer_campestre/326a6125-ba63-4e6f-83e5-f251c5575a8f.jpg,475,314,0,314,332,475,439,434,0.2462158203125,0.09375,0.039581298828125,0.0291595458984375,0.0226287841796875,1,3,field maple,Japanese aralia,white rattlesnakeroot,field maple,bebb's willow,common copperleaf
val/09565_Plantae_Tracheophyta_Magnoliopsida_Sapindales_Sapindaceae_Acer_campestre/87b1206d-4645-4748-ab8e-665c06b763f0.jpg,475,479,0,479,475,345,349,460,0.2384033203125,0.05853271484375,0.033477783203125,0.0275115966796875,0.0248870849609375,1,2,field maple,Goose-berry,field maple,broadleaf forget-me-not,narrow-leaved bittercress,parsley hawthorn
val/09565_Plantae_Tracheophyta_Magnoliopsida_Sapindales_Sapindaceae_Acer_campestre/898b719b-205e-4b61-aa3a-ac91a0bebc96.jpg,475,388,0,388,359,332,314,475,0.11767578125,0.069091796875,0.068115234375,0.052825927734375,0.045166015625,1,5,field maple,black huckleberry,Sea Sandwort,white rattlesnakeroot,Japanese aralia,field maple
val/09565_Plantae_Tracheophyta_Magnoliopsida_Sapindales_Sapindaceae_Acer_campestre/e3072e05-cee0-4df1-b694-1ef5860de287.jpg,475,459,0,459,335,485,475,443,0.07403564453125,0.055450439453125,0.05426025390625,0.021240234375,0.020263671875,1,4,field maple,Korean mulberry,leafcup,Porcelain Berry,field maple,velvetleaf
val/09586_Plantae_Tracheophyta_Magnoliopsida_Sapindales_Sapindaceae_Aesculus_pavia/af425112-613f-4317-b8e7-96759c49e17a.jpg,476,335,0,335,437,476,312,427,0.143310546875,0.11114501953125,0.06085205078125,0.0174102783203125,0.0165252685546875,1,3,Red Buckeye,leafcup,Cassava,Red Buckeye,Broad-leaved Chervil,Butterfly bush
val/09586_Plantae_Tracheophyta_Magnoliopsida_Sapindales_Sapindaceae_Aesculus_pavia/0635fc60-38c8-490c-a1a3-13fb7c6a10eb.jpg,476,415,0,415,293,291,476,338,0.1640625,0.110595703125,0.07720947265625,0.025360107421875,0.01312255859375,1,4,Red Buckeye,Marsh Woundwort,bird's-nest orchid,Common Spotted Orchid,Red Buckeye,common wrinkle-leaved goldenrod
val/09586_Plantae_Tracheophyta_Magnoliopsida_Sapindales_Sapindaceae_Aesculus_pavia/36ea47b6-e35d-4033-8d9b-b4a7857239d3.jpg,476,388,0,388,418,476,481,34,0.1480712890625,0.0281982421875,0.022186279296875,0.0214080810546875,0.0167694091796875,1,3,Red Buckeye,black huckleberry,field Indian paintbrush,Red Buckeye,red morning glory,Southern Carpenter Bee
val/09586_Plantae_Tracheophyta_Magnoliopsida_Sapindales_Sapindaceae_Aesculus_pavia/024d1d15-2039-4c42-bcd4-2ca77c7f41b3.jpg,476,437,0,437,476,432,439,314,0.15478515625,0.10614013671875,0.048492431640625,0.03167724609375,0.024505615234375,1,2,Red Buckeye,Cassava,Red Buckeye,common pawpaw,bebb's willow,Japanese aralia
val/09597_Plantae_Tracheophyta_Magnoliopsida_Saxifragales_Crassulaceae_Crassula_ovata/e8491672-7d39-481f-9785-451417e892bc.jpg,477,351,0,351,385,388,477,370,0.284423828125,0.06610107421875,0.059356689453125,0.048675537109375,0.04217529296875,1,4,jade plant,Mountain Horopito,Gaultheria antipoda,black huckleberry,jade plant,woodland pterostegia
val/09597_Plantae_Tracheophyta_Magnoliopsida_Saxifragales_Crassulaceae_Crassula_ovata/76429657-93f7-452f-8e91-bae4f0576844.jpg,477,405,0,405,379,477,375,398,0.2174072265625,0.11065673828125,0.0950927734375,0.07061767578125,0.0248260498046875,1,3,jade plant,Coast silk tassel,strawberry tree,jade plant,Tree Tutu,black locust
val/09640_Plantae_Tracheophyta_Magnoliopsida_Saxifragales_Grossulariaceae_Ribes_uva-crispa/e95b1d5b-ec90-443d-90f2-2b2b175483e0.jpg,479,388,0,388,475,479,485,423,0.2188720703125,0.07183837890625,0.054290771484375,0.040130615234375,0.038421630859375,1,3,Goose-berry,black huckleberry,field maple,Goose-berry,Porcelain Berry,scarlet monkeyflower
val/09674_Plantae_Tracheophyta_Magnoliopsida_Saxifragales_Saxifragaceae_Tolmiea_menziesii/53e4a672-cd71-4a92-80b6-94fbbfeae289.jpg,480,122,0,122,480,298,202,153,0.056793212890625,0.048553466796875,0.042694091796875,0.0225982666015625,0.0216827392578125,1,2,youth on age,Neurothemis taiwanensis,youth on age,scarlet fritillary,Blue-gray Tanager,Black-chinned Hummingbird
val/09695_Plantae_Tracheophyta_Magnoliopsida_Solanales_Convolvulaceae_Ipomoea_coccinea/b601c027-62c8-49cc-857d-1fa5ef706a84.jpg,481,374,0,374,481,390,100,122,0.1328125,0.08599853515625,0.041473388671875,0.02313232421875,0.01491546630859375,1,2,red morning glory,Streambank Stickleaf,red morning glory,Drummond's phlox,Red-bordered Pixie,Neurothemis taiwanensis
val/09695_Plantae_Tracheophyta_Magnoliopsida_Solanales_Convolvulaceae_Ipomoea_coccinea/02bfcab9-1b35-496e-8cc4-c322f0b0752c.jpg,481,306,0,306,481,3,299,233,0.0261993408203125,0.02215576171875,0.0168609619140625,0.014984130859375,0.01459503173828125,1,2,red morning glory,Dallis grass,red morning glory,Johnson's Jumping Spider,fire lily,Red-bellied Squirrel
val/09702_Plantae_Tracheophyta_Magnoliopsida_Solanales_Convolvulaceae_Ipomoea_obscura/53ae10ee-a7ea-45c3-a760-c4defbb30690.jpg,482,389,0,389,482,303,61,42,0.05010986328125,0.0228424072265625,0.021240234375,0.0206756591796875,0.013946533203125,1,2,Obscure Morning Glory,flaxflowered ipomopsis,Obscure Morning Glory,sawbrier,White Slant-line,Western Paper Wasp
val/09702_Plantae_Tracheophyta_Magnoliopsida_Solanales_Convolvulaceae_Ipomoea_obscura/f0f5f32b-40d9-482c-ad17-56b0500313e3.jpg,482,366,0,366,31,367,473,482,0.8701171875,0.00788116455078125,0.005588531494140625,0.00470733642578125,0.004665374755859375,1,5,Obscure Morning Glory,Fringed Bindweed,Southern Green Stink Bug,redshank,poison ivy,Obscure Morning Glory
val/09735_Plantae_Tracheophyta_Magnoliopsida_Solanales_Solanaceae_Solanum_dimidiatum/229770b6-56f6-447c-bd16-e90b51e9fdbc.jpg,483,484,0,484,483,344,70,410,0.12310791015625,0.1103515625,0.1080322265625,0.01519775390625,0.014678955078125,1,2,western horsenettle,White Horse-nettle,western horsenettle,Salvation Jane,European Skipper,carpet bugle
val/09735_Plantae_Tracheophyta_Magnoliopsida_Solanales_Solanaceae_Solanum_dimidiatum/0f0b727b-4053-44d6-995e-377ffacc031e.jpg,483,484,0,484,483,410,455,423,0.049957275390625,0.048431396484375,0.0268096923828125,0.018768310546875,0.015869140625,1,2,western horsenettle,White Horse-nettle,western horsenettle,carpet bugle,Swamp Leather Flower,scarlet monkeyflower
val/09753_Plantae_Tracheophyta_Magnoliopsida_Vitales_Vitaceae_Ampelopsis_glandulosa/9c00cd86-06d9-4dd0-b3c4-6fa87069b250.jpg,485,388,0,388,398,481,485,366,0.05950927734375,0.059112548828125,0.057373046875,0.0239410400390625,0.022125244140625,1,4,Porcelain Berry,black huckleberry,black locust,red morning glory,Porcelain Berry,Fringed Bindweed
val/09753_Plantae_Tracheophyta_Magnoliopsida_Vitales_Vitaceae_Ampelopsis_glandulosa/b896ab39-251f-4638-9b7b-d0ef57deeeb0.jpg,485,378,0,378,485,480,424,466,0.74951171875,0.10650634765625,0.0270843505859375,0.024139404296875,0.01412200927734375,1,2,Porcelain Berry,mapleleaf viburnum,Porcelain Berry,youth on age,American lopseed,Himalayan-berry
val/09753_Plantae_Tracheophyta_Magnoliopsida_Vitales_Vitaceae_Ampelopsis_glandulosa/d7475ac5-3c04-45ce-9a96-9a31672fdae7.jpg,485,337,0,337,443,485,366,481,0.1383056640625,0.1033935546875,0.051727294921875,0.0439453125,0.0217437744140625,1,3,Porcelain Berry,prairie dock,velvetleaf,Porcelain Berry,Fringed Bindweed,red morning glory
val/09753_Plantae_Tracheophyta_Magnoliopsida_Vitales_Vitaceae_Ampelopsis_glandulosa/77b5e253-8d26-4c87-b9a8-a17c53b9bff6.jpg,485,378,0,378,485,459,473,402,0.150634765625,0.07318115234375,0.049957275390625,0.0220947265625,0.0205841064453125,1,2,Porcelain Berry,mapleleaf viburnum,Porcelain Berry,Korean mulberry,poison ivy,swamp chestnut oak
val/09753_Plantae_Tracheophyta_Magnoliopsida_Vitales_Vitaceae_Ampelopsis_glandulosa/411c0f08-0f8f-4454-aa9a-dfa968576de7.jpg,485,475,0,475,480,466,485,479,0.375732421875,0.056121826171875,0.0243988037109375,0.0215911865234375,0.020660400390625,1,4,Porcelain Berry,field maple,youth on age,Himalayan-berry,Porcelain Berry,Goose-berry
val/09766_Plantae_Tracheophyta_Magnoliopsida_Zygophyllales_Krameriaceae_Krameria_erecta/cb0f2c8b-35f1-4564-b9d2-0180bedd5d21.jpg,486,463,0,463,472,486,397,365,0.205078125,0.1761474609375,0.07769775390625,0.0211944580078125,0.0197601318359375,1,3,Pima Rhatany,desert almond,desert mistletoe,Pima Rhatany,Common Flat-pea,skeleton weed
val/09791_Plantae_Tracheophyta_Pinopsida_Pinales_Cupressaceae_Sequoiadendron_giganteum/e4921f73-860f-47eb-b297-f5a28386af4b.jpg,487,492,0,492,487,214,445,448,0.275634765625,0.1322021484375,0.05078125,0.0174102783203125,0.0160369873046875,1,2,giant sequoia,ponderosa pine,giant sequoia,Downy Woodpecker,Cherry Tree,Coastal Banksia
val/09791_Plantae_Tracheophyta_Pinopsida_Pinales_Cupressaceae_Sequoiadendron_giganteum/53d7303d-000e-4eee-bce1-0248a7727fdb.jpg,487,107,0,107,487,217,53,60,0.07110595703125,0.044525146484375,0.02813720703125,0.0271148681640625,0.0208587646484375,1,2,giant sequoia,Blinded Sphinx Moth,giant sequoia,Brandt's Cormorant,Royal Poinciana Moth,Alien Probole Moth
val/09793_Plantae_Tracheophyta_Pinopsida_Pinales_Cupressaceae_Taxodium_distichum/4bbec47d-f5e9-4a80-bfbe-66338ece8a77.jpg,488,489,0,489,488,222,403,280,0.1888427734375,0.0302734375,0.0291748046875,0.0230560302734375,0.0189208984375,1,2,baldcypress,Montezuma cypress,baldcypress,White-tailed Deer,willow oak,coconut palm
val/09794_Plantae_Tracheophyta_Pinopsida_Pinales_Cupressaceae_Taxodium_mucronatum/b1b68718-a6df-4156-98de-7e7e1140ae36.jpg,489,221,0,221,489,229,441,492,0.031890869140625,0.0206451416015625,0.020233154296875,0.0157623291015625,0.01525115966796875,1,2,Montezuma cypress,Eland,Montezuma cypress,Western Grey Kangaroo,black willow,ponderosa pine
val/09794_Plantae_Tracheophyta_Pinopsida_Pinales_Cupressaceae_Taxodium_mucronatum/f2ee7f89-915f-4b78-bd0a-c714f2db2f10.jpg,489,492,0,492,489,403,402,474,0.28564453125,0.2142333984375,0.126220703125,0.03948974609375,0.02435302734375,1,2,Montezuma cypress,ponderosa pine,Montezuma cypress,willow oak,swamp chestnut oak,elephant tree
val/09794_Plantae_Tracheophyta_Pinopsida_Pinales_Cupressaceae_Taxodium_mucronatum/7989cb0a-034c-49a3-bd78-ef328c94bbe5.jpg,489,488,0,488,441,489,280,198,0.318115234375,0.049530029296875,0.03814697265625,0.0347900390625,0.0203704833984375,1,3,Montezuma cypress,baldcypress,black willow,Montezuma cypress,coconut palm,Common Firecrest
val/09794_Plantae_Tracheophyta_Pinopsida_Pinales_Cupressaceae_Taxodium_mucronatum/ba531038-eb0a-42f4-b1e8-a75c14787f3e.jpg,489,441,0,441,393,372,469,489,0.359619140625,0.029327392578125,0.0202178955078125,0.0182342529296875,0.017303466796875,1,5,Montezuma cypress,black willow,Taiwan Acacia,crucifixion thorn,Siberian elm,Montezuma cypress
val/09794_Plantae_Tracheophyta_Pinopsida_Pinales_Cupressaceae_Taxodium_mucronatum/b3eebf58-3c99-4524-a4d1-2856d7e2a398.jpg,489,488,0,488,23,489,372,472,0.362548828125,0.055084228515625,0.0400390625,0.0255279541015625,0.023040771484375,1,3,Montezuma cypress,baldcypress,Maize Calligrapher Fly,Montezuma cypress,crucifixion thorn,desert mistletoe
val/09799_Plantae_Tracheophyta_Pinopsida_Pinales_Pinaceae_Abies_concolor/bd7a1fbd-c8e0-4ae3-86e7-5ccedf12254f.jpg,490,493,0,493,498,24,490,198,0.254150390625,0.0758056640625,0.0653076171875,0.05426025390625,0.029632568359375,1,4,white fir,tangle fern,ladder fern,Hemlock Woolly Adelgid,white fir,Common Firecrest
val/09799_Plantae_Tracheophyta_Pinopsida_Pinales_Pinaceae_Abies_concolor/8e274080-1692-46d8-a50b-358f39262d50.jpg,490,491,0,491,372,490,472,448,0.136474609375,0.1080322265625,0.031097412109375,0.0271453857421875,0.01519012451171875,1,3,white fir,lodgepole pine,crucifixion thorn,white fir,desert mistletoe,Coastal Banksia
val/09799_Plantae_Tracheophyta_Pinopsida_Pinales_Pinaceae_Abies_concolor/e2ed2af8-8285-4858-bfac-c7bd772a195b.jpg,490,474,0,474,490,491,220,492,0.2880859375,0.099365234375,0.0382080078125,0.034332275390625,0.027557373046875,1,2,white fir,elephant tree,white fir,lodgepole pine,Klipspringer,ponderosa pine
val/09799_Plantae_Tracheophyta_Pinopsida_Pinales_Pinaceae_Abies_concolor/e32b5f7e-5f37-4874-a3a1-2eb06622c7d1.jpg,490,498,0,498,490,494,139,277,0.120849609375,0.042755126953125,0.041961669921875,0.028045654296875,0.01800537109375,1,2,white fir,ladder fern,white fir,Hen and Chicks Fern,Striped Eel Catfish,Sponge Weed
val/09818_Plantae_Tracheophyta_Pinopsida_Pinales_Pinaceae_Pinus_contorta/d61363ef-ff97-4758-8100-f63980e02612.jpg,491,199,0,199,491,103,384,281,0.03668212890625,0.025848388671875,0.023223876953125,0.019744873046875,0.019195556640625,1,2,lodgepole pine,Brown-headed Nuthatch,lodgepole pine,Small Emperor Moth,Red Heath,nodding onion
val/09818_Plantae_Tracheophyta_Pinopsida_Pinales_Pinaceae_Pinus_contorta/4a4876f5-612c-44c0-b1d3-5e2c15427edb.jpg,491,492,0,492,489,380,491,460,0.8232421875,0.08184814453125,0.01010894775390625,0.007293701171875,0.007244110107421875,1,4,lodgepole pine,ponderosa pine,Montezuma cypress,Big Berry Manzanita,lodgepole pine,parsley hawthorn
val/09818_Plantae_Tracheophyta_Pinopsida_Pinales_Pinaceae_Pinus_contorta/451a1501-997f-43f8-8827-133b079e04fb.jpg,491,24,0,24,490,498,491,287,0.07672119140625,0.048553466796875,0.04534912109375,0.04205322265625,0.024200439453125,1,4,lodgepole pine,Hemlock Woolly Adelgid,white fir,ladder fern,lodgepole pine,Branched Asphodel
val/09833_Plantae_Tracheophyta_Pinopsida_Pinales_Pinaceae_Pinus_ponderosa/7db875d6-674f-403d-85e2-018d25bd0587.jpg,492,405,0,405,488,403,432,492,0.0419921875,0.035308837890625,0.0292205810546875,0.020477294921875,0.01448822021484375,1,5,ponderosa pine,Coast silk tassel,baldcypress,willow oak,common pawpaw,ponderosa pine
val/09833_Plantae_Tracheophyta_Pinopsida_Pinales_Pinaceae_Pinus_ponderosa/5826a75c-6ce0-4abd-b3e8-ab15bdd55cc7.jpg,492,316,0,316,492,490,489,487,0.07086181640625,0.02508544921875,0.017974853515625,0.0166015625,0.0132598876953125,1,2,ponderosa pine,Octopus Tree,ponderosa pine,white fir,Montezuma cypress,giant sequoia
val/09833_Plantae_Tracheophyta_Pinopsida_Pinales_Pinaceae_Pinus_ponderosa/a737e4aa-54b6-4850-9b44-612abe122ee3.jpg,492,286,0,286,492,305,279,293,0.044158935546875,0.0175018310546875,0.01629638671875,0.01142120361328125,0.00943756103515625,1,2,ponderosa pine,Grape hyacinth,ponderosa pine,common three-square,longleaf ephedra,bird's-nest orchid
val/09877_Plantae_Tracheophyta_Polypodiopsida_Gleicheniales_Gleicheniaceae_Gleichenia_dicarpa/9de45f42-cf07-4fda-bffa-635d3c26a27d.jpg,493,326,0,326,429,319,493,234,0.33984375,0.0183868408203125,0.0112762451171875,0.0106964111328125,0.0106964111328125,1,4,tangle fern,dogfennel,Wand Mullein,common burrobrush,tangle fern,Common Caiman
val/09892_Plantae_Tracheophyta_Polypodiopsida_Polypodiales_Aspleniaceae_Asplenium_bulbiferum/fee38bae-a241-4562-a0f0-ef0a4627886b.jpg,494,497,0,497,499,495,494,471,0.32275390625,0.04644775390625,0.039520263671875,0.0301055908203125,0.0154266357421875,1,4,Hen and Chicks Fern,hay-scented fern,broad beech fern,Crown Fern,Hen and Chicks Fern,Dwarf Nettle
val/09918_Plantae_Tracheophyta_Polypodiopsida_Polypodiales_Blechnaceae_Lomaria_discolor/8f3739fd-58ad-4b5a-840b-390826ccff89.jpg,495,498,0,498,495,494,493,24,0.5322265625,0.06414794921875,0.03753662109375,0.0158538818359375,0.013275146484375,1,2,Crown Fern,ladder fern,Crown Fern,Hen and Chicks Fern,tangle fern,Hemlock Woolly Adelgid
val/09918_Plantae_Tracheophyta_Polypodiopsida_Polypodiales_Blechnaceae_Lomaria_discolor/13889595-f037-4477-a76b-af597c7034ce.jpg,495,24,0,24,495,474,220,498,0.1885986328125,0.052734375,0.018463134765625,0.0154571533203125,0.0134124755859375,1,2,Crown Fern,Hemlock Woolly Adelgid,Crown Fern,elephant tree,Klipspringer,ladder fern
val/09918_Plantae_Tracheophyta_Polypodiopsida_Polypodiales_Blechnaceae_Lomaria_discolor/ff87f6c9-ea4d-4ab6-bdbf-343fb0237d82.jpg,495,498,0,498,495,499,497,493,0.1064453125,0.07073974609375,0.03533935546875,0.017181396484375,0.0162811279296875,1,2,Crown Fern,ladder fern,Crown Fern,broad beech fern,hay-scented fern,tangle fern
val/09925_Plantae_Tracheophyta_Polypodiopsida_Polypodiales_Cystopteridaceae_Cystopteris_fragilis/ef90b46a-ac3a-4ebd-a93b-5e75c5d474c7.jpg,496,349,0,349,480,494,496,275,0.1361083984375,0.0899658203125,0.057220458984375,0.018218994140625,0.017730712890625,1,4,brittle bladderfern,narrow-leaved bittercress,youth on age,Hen and Chicks Fern,brittle bladderfern,fan moss
val/09928_Plantae_Tracheophyta_Polypodiopsida_Polypodiales_Dennstaedtiaceae_Dennstaedtia_punctilobula/5ea23ded-becb-46f9-9e48-0b306454386f.jpg,497,499,0,499,497,494,402,340,0.70947265625,0.13671875,0.00609588623046875,0.004535675048828125,0.00420379638671875,1,2,hay-scented fern,broad beech fern,hay-scented fern,Hen and Chicks Fern,swamp chestnut oak,common dandelion
val/09928_Plantae_Tracheophyta_Polypodiopsida_Polypodiales_Dennstaedtiaceae_Dennstaedtia_punctilobula/e7bc90d9-76fe-4cc0-9654-30d88ec894ae.jpg,497,493,0,493,497,359,312,499,0.43359375,0.1793212890625,0.014801025390625,0.01067352294921875,0.01024627685546875,1,2,hay-scented fern,tangle fern,hay-scented fern,Sea Sandwort,Broad-leaved Chervil,broad beech fern
val/09928_Plantae_Tracheophyta_Polypodiopsida_Polypodiales_Dennstaedtiaceae_Dennstaedtia_punctilobula/fb3af932-e16d-4f43-b787-37f637b8af99.jpg,497,499,0,499,497,494,493,498,0.419921875,0.052276611328125,0.023956298828125,0.02337646484375,0.01568603515625,1,2,hay-scented fern,broad beech fern,hay-scented fern,Hen and Chicks Fern,tangle fern,ladder fern
val/09987_Plantae_Tracheophyta_Polypodiopsida_Polypodiales_Pteridaceae_Pteris_vittata/b8512bb7-41da-427b-bcc2-3e317497bd33.jpg,498,306,0,306,498,441,308,243,0.135986328125,0.06158447265625,0.0292510986328125,0.023712158203125,0.020904541015625,1,2,ladder fern,Dallis grass,ladder fern,black willow,Green Bristle Grass,Texas Coralsnake
val/09987_Plantae_Tracheophyta_Polypodiopsida_Polypodiales_Pteridaceae_Pteris_vittata/2873c4c3-5d97-448d-be2a-172b129f4e41.jpg,498,496,0,496,352,498,335,415,0.2091064453125,0.1778564453125,0.056243896484375,0.03399658203125,0.03289794921875,1,3,ladder fern,brittle bladderfern,Mexican tea,ladder fern,leafcup,Marsh Woundwort
val/09987_Plantae_Tracheophyta_Polypodiopsida_Polypodiales_Pteridaceae_Pteris_vittata/29aec633-70df-4553-96e1-87392bf47c6e.jpg,498,307,0,307,347,367,498,320,0.0770263671875,0.06292724609375,0.057952880859375,0.057769775390625,0.057098388671875,1,4,ladder fern,Annual Meadow-grass,European Searocket,redshank,ladder fern,common mugwort
val/09990_Plantae_Tracheophyta_Polypodiopsida_Polypodiales_Thelypteridaceae_Phegopteris_hexagonoptera/cdf83d96-d154-4762-8c3b-5dee2cca0885.jpg,499,497,0,497,494,499,480,496,0.2333984375,0.093017578125,0.06817626953125,0.03167724609375,0.01505279541015625,1,3,broad beech fern,hay-scented fern,Hen and Chicks Fern,broad beech fern,youth on age,brittle bladderfern
val/09990_Plantae_Tracheophyta_Polypodiopsida_Polypodiales_Thelypteridaceae_Phegopteris_hexagonoptera/611322e4-ac6c-4574-bb5b-f0799ac69ad1.jpg,499,497,0,497,499,496,493,318,0.73388671875,0.117919921875,0.0084228515625,0.006153106689453125,0.0024662017822265625,1,2,broad beech fern,hay-scented fern,broad beech fern,brittle bladderfern,tangle fern,common yarrow
