file_name,true_class_index,pred_class_index,correct,pred_1,pred_2,pred_3,pred_4,pred_5,score_1,score_2,score_3,score_4,score_5,top5_correct,true_rank,true_species,pred_1_species,pred_2_species,pred_3_species,pred_4_species,pred_5_species
val/00009_Animalia_Arthropoda_Arachnida_Araneae_Araneidae_Araneus_diadematus/26c8c412-fab8-4278-85f4-0d64bcd6c05a.jpg,0,87,0,87,120,0,99,80,0.0804605633020401,0.06254278123378754,0.058418527245521545,0.033201757818460464,0.017905553802847862,1,3,Cross Orbweaver,Silver Emperor,Dragonhunter,Cross Orbweaver,Fatal Metalmark,Alfalfa Looper
val/00094_Animalia_Arthropoda_Arachnida_Araneae_Salticidae_Phidippus_johnsoni/9a79514c-36d8-425f-8a58-71755d9ec4c0.jpg,3,127,0,127,3,14,120,91,0.19428224861621857,0.1260388046503067,0.07736813277006149,0.03297632932662964,0.02038135938346386,1,2,Johnson's Jumping Spider,New Zealand Half Crab,Johnson's Jumping Spider,Woodland Dor Beetle,Dragonhunter,Mourning Cloak
val/00157_Animalia_Arthropoda_Chilopoda_Scolopendromorpha_Scolopendridae_Hemiscolopendra_marginata/b76aa04d-4e5c-441a-ae9a-29860df80cba.jpg,5,6,0,6,5,91,421,349,0.48425304889678955,0.4136698842048645,0.0022989853750914335,0.0018802568083629012,0.001681953202933073,1,2,Eastern Bark Centipede,Giant Desert Centipede,Eastern Bark Centipede,Mourning Cloak,Red Odontites,narrow-leaved bittercress
val/00157_Animalia_Arthropoda_Chilopoda_Scolopendromorpha_Scolopendridae_Hemiscolopendra_marginata/f83219d5-c595-4865-bc31-ba4666cf6d85.jpg,5,6,0,6,5,91,102,22,0.47466421127319336,0.4123085141181946,0.002376895397901535,0.0018707298440858722,0.0014690726529806852,1,2,Eastern Bark Centipede,Giant Desert Centipede,Eastern Bark Centipede,Mourning Cloak,Buck Moth,Transverse-banded Flower Fly
val/00157_Animalia_Arthropoda_Chilopoda_Scolopendromorpha_Scolopendridae_Hemiscolopendra_marginata/fbbddbd3-f585-464d-b6c7-28ce404c57cf.jpg,5,239,0,239,5,247,234,108,0.4028016924858093,0.2170684039592743,0.03825342282652855,0.03721847012639046,0.0313834585249424,1,2,Eastern Bark Centipede,Eastern Milksnake,Eastern Bark Centipede,Western Rattlesnake,Common Caiman,Pine Hawk-Moth
val/00159_Animalia_Arthropoda_Chilopoda_Scolopendromorpha_Scolopendridae_Scolopendra_heros/79af4b22-f7c8-431f-97ba-e8d48075286d.jpg,6,5,0,5,6,101,72,102,0.50847327709198,0.38292717933654785,0.0018695734906941652,0.0016456894809380174,0.001625516451895237,1,2,Giant Desert Centipede,Eastern Bark Centipede,Giant Desert Centipede,Orange-tipped Oakworm Moth,Green Oak-Slug Moth,Buck Moth
val/00184_Animalia_Arthropoda_Insecta_Coleoptera_Buprestidae_Agrilus_planipennis/1b267612-120e-4df1-aa90-f78eb9f4ae64.jpg,7,402,0,402,215,468,398,7,0.19051441550254822,0.1422668695449829,0.11707205325365067,0.09594498574733734,0.08411889523267746,1,5,Emerald Ash Borer,swamp chestnut oak,Eastern Screech-Owl,American elm,black locust,Emerald Ash Borer
val/00193_Animalia_Arthropoda_Insecta_Coleoptera_Cantharidae_Chauliognathus_pensylvanicus/17e62b64-ddca-4a1e-91d8-1cba36c311be.jpg,8,9,0,9,15,318,8,29,0.2806892991065979,0.1696905493736267,0.0694725513458252,0.05520264804363251,0.013920288532972336,1,4,Goldenrod Soldier Beetle,Spotted Longhorn,Oedemera femorata,common yarrow,Goldenrod Soldier Beetle,European Striped Shield Bug
val/00193_Animalia_Arthropoda_Insecta_Coleoptera_Cantharidae_Chauliognathus_pensylvanicus/b75e1f46-2ca1-4d28-b821-ac49996bd386.jpg,8,321,0,321,334,438,22,8,0.20713403820991516,0.15633803606033325,0.051648788154125214,0.03914877399802208,0.028030136600136757,1,5,Goldenrod Soldier Beetle,tickseed beggar-ticks,Great Plains Ragwort,Klamath weed,Transverse-banded Flower Fly,Goldenrod Soldier Beetle
val/00251_Animalia_Arthropoda_Insecta_Coleoptera_Cerambycidae_Rutpela_maculata/b2a11dc8-7434-4b08-9aa5-2134ebececac.jpg,9,8,0,8,9,15,29,312,0.20722642540931702,0.15277880430221558,0.06740038096904755,0.0435907319188118,0.031628623604774475,1,2,Spotted Longhorn,Goldenrod Soldier Beetle,Spotted Longhorn,Oedemera femorata,European Striped Shield Bug,Broad-leaved Chervil
val/00260_Animalia_Arthropoda_Insecta_Coleoptera_Cerambycidae_Trichocnemis_spiculatus/cdfc87e4-00d3-419d-90be-f5e0b17d0adc.jpg,10,19,0,19,30,10,17,7,0.34133201837539673,0.17673885822296143,0.14875952899456024,0.029475558549165726,0.027319632470607758,1,3,Spined Woodborer,Garden soldier fly,Brown Marmorated Stink Bug,Spined Woodborer,Oriental Beetle,Emerald Ash Borer
val/00290_Animalia_Arthropoda_Insecta_Coleoptera_Chrysomelidae_Leptinotarsa_juncta/6e2c087a-ada3-4ae9-9bef-8c06c474c454.jpg,11,12,0,12,17,11,35,31,0.16158391535282135,0.14579987525939941,0.07797152549028397,0.05421198159456253,0.04976484552025795,1,3,False Potato Beetle,Hadda Beetle,Oriental Beetle,False Potato Beetle,Elm Sawfly,Southern Green Stink Bug
val/00370_Animalia_Arthropoda_Insecta_Coleoptera_Oedemeridae_Oedemera_femorata/221620e7-3cb8-4e12-899e-ce1f1da4a78c.jpg,15,8,0,8,328,39,15,334,0.22266268730163574,0.09679464250802994,0.09090162813663483,0.04762602597475052,0.03975661098957062,1,4,Oedemera femorata,Goldenrod Soldier Beetle,Bitterweed,Pure Green Sweat Bee,Oedemera femorata,Great Plains Ragwort
val/00370_Animalia_Arthropoda_Insecta_Coleoptera_Oedemeridae_Oedemera_femorata/4d533de9-54be-4b01-a407-4c89ece3497b.jpg,15,318,0,318,15,9,325,465,0.42099660634994507,0.07541056722402573,0.0655718669295311,0.04196964576840401,0.011306789703667164,1,2,Oedemera femorata,common yarrow,Oedemera femorata,Spotted Longhorn,tall boneset,Blackthorn
val/00386_Animalia_Arthropoda_Insecta_Coleoptera_Scarabaeidae_Exomala_orientalis/f42b16c2-a0a6-4d95-8171-7581b63e90c5.jpg,17,19,0,19,17,20,30,3,0.283621609210968,0.12295842170715332,0.08197268843650818,0.0501583069562912,0.03579433634877205,1,2,Oriental Beetle,Garden soldier fly,Oriental Beetle,Mexican Cactus Fly,Brown Marmorated Stink Bug,Johnson's Jumping Spider
val/00386_Animalia_Arthropoda_Insecta_Coleoptera_Scarabaeidae_Exomala_orientalis/c95430ed-958b-4171-98e7-8b4fea859c34.jpg,17,14,0,14,17,365,31,305,0.43080878257751465,0.034694232046604156,0.021150723099708557,0.012056446634232998,0.01142626442015171,1,2,Oriental Beetle,Woodland Dor Beetle,Oriental Beetle,skeleton weed,Southern Green Stink Bug,common three-square
val/00457_Animalia_Arthropoda_Insecta_Diptera_Stratiomyidae_Exaireta_spinigera/7d9bd16e-2b28-48b4-8b5f-8ac55b7cee64.jpg,19,31,0,31,19,93,17,33,0.15778455138206482,0.0888165682554245,0.08257381618022919,0.06205359846353531,0.029117699712514877,1,2,Garden soldier fly,Southern Green Stink Bug,Garden soldier fly,Dainty Swallowtail,Oriental Beetle,Ashy Mining Bee
val/00472_Animalia_Arthropoda_Insecta_Diptera_Syrphidae_Eristalis_transversa/ea6a1722-9a0c-4b5f-8467-046966a47510.jpg,22,20,0,20,22,34,39,32,0.4057602286338806,0.1857760101556778,0.04366619139909744,0.017633959650993347,0.01591298170387745,1,2,Transverse-banded Flower Fly,Mexican Cactus Fly,Transverse-banded Flower Fly,Southern Carpenter Bee,Pure Green Sweat Bee,Jagged Ambush Bug
val/00626_Animalia_Arthropoda_Insecta_Hemiptera_Pentatomidae_Halyomorpha_halys/c9565414-754e-4ff8-9ecc-62b0195dc3fc.jpg,30,25,0,25,30,27,26,10,0.18180730938911438,0.14804162085056305,0.11929193139076233,0.11891219764947891,0.053240738809108734,1,2,Brown Marmorated Stink Bug,Florida Leaf-footed Bug,Brown Marmorated Stink Bug,Western Conifer Seed Bug,Western Leaf-footed Bug,Spined Woodborer
val/00626_Animalia_Arthropoda_Insecta_Hemiptera_Pentatomidae_Halyomorpha_halys/f95d2733-0da6-4b94-a0d5-da721c621b77.jpg,30,91,0,91,30,448,250,402,0.28948524594306946,0.1636432260274887,0.023950917646288872,0.020510582253336906,0.01955212466418743,1,2,Brown Marmorated Stink Bug,Mourning Cloak,Brown Marmorated Stink Bug,Coastal Banksia,Nuttall's Cockle,swamp chestnut oak
val/00630_Animalia_Arthropoda_Insecta_Hemiptera_Pentatomidae_Nezara_viridula/83fbfc52-8fde-48dc-8add-0659b3629959.jpg,31,8,0,8,125,31,209,131,0.2968614101409912,0.07367090880870819,0.02278476394712925,0.022508524358272552,0.021094894036650658,1,3,Southern Green Stink Bug,Goldenrod Soldier Beetle,Long-winged Conehead,Southern Green Stink Bug,Indian White-eye,Redbreast Sunfish
val/00651_Animalia_Arthropoda_Insecta_Hemiptera_Reduviidae_Phymata_americana/249b76c3-ee2f-45c1-938b-9d6777152ad1.jpg,32,436,0,436,443,376,339,32,0.07312081009149551,0.060345493257045746,0.05972825735807419,0.039753470569849014,0.03766641020774841,1,5,Jagged Ambush Bug,Florida Hammock Sandmat,velvetleaf,squirting cucumber,prickly sowthistle,Jagged Ambush Bug
val/00651_Animalia_Arthropoda_Insecta_Hemiptera_Reduviidae_Phymata_americana/fed1d8d5-9726-47e2-a502-e9eff5900728.jpg,32,22,0,22,21,8,32,321,0.4218100905418396,0.12744608521461487,0.0867759957909584,0.08331482857465744,0.03154247999191284,1,4,Jagged Ambush Bug,Transverse-banded Flower Fly,Yellow-shouldered Drone Fly,Goldenrod Soldier Beetle,Jagged Ambush Bug,tickseed beggar-ticks
val/00718_Animalia_Arthropoda_Insecta_Hymenoptera_Cimbicidae_Cimbex_americanus/543bc1ca-f3b5-4071-ac19-39ad5ca1797e.jpg,35,20,0,20,35,18,34,40,0.3941444456577301,0.3253658413887024,0.08357597887516022,0.02205158956348896,0.012322875671088696,1,2,Elm Sawfly,Mexican Cactus Fly,Elm Sawfly,Blue Blowfly,Southern Carpenter Bee,Metallic Epauletted-Sweat Bee
val/00718_Animalia_Arthropoda_Insecta_Hymenoptera_Cimbicidae_Cimbex_americanus/a7b7f630-9212-4c6e-8fe0-c8159076f3ec.jpg,35,268,0,268,264,35,265,250,0.1353631615638733,0.10537634789943695,0.07990626245737076,0.07621445506811142,0.04361182451248169,1,3,Elm Sawfly,Roridomyces austrororidus,Yellow Stainer,Elm Sawfly,green-spored parasol,Nuttall's Cockle
val/00743_Animalia_Arthropoda_Insecta_Hymenoptera_Formicidae_Camponotus_floridanus/68f1ca77-b33d-49b5-a6fe-4d066c1dd12b.jpg,37,143,0,143,237,370,145,37,0.11337048560380936,0.09670613706111908,0.07097940891981125,0.05206281691789627,0.03639634698629379,1,5,Florida Carpenter Ant,Northern Red-legged Frog,Texas Alligator Lizard,woodland pterostegia,Italian Crested Newt,Florida Carpenter Ant
val/00747_Animalia_Arthropoda_Insecta_Hymenoptera_Formicidae_Camponotus_novaeboracensis/12bd77ad-91fe-41af-8e4c-002af20fcfa1.jpg,38,37,0,37,38,464,378,19,0.5144357085227966,0.3269518315792084,0.004396558273583651,0.0037201745435595512,0.003638618625700474,1,2,New York Carpenter Ant,Florida Carpenter Ant,New York Carpenter Ant,sand cherry,mapleleaf viburnum,Garden soldier fly
val/00774_Animalia_Arthropoda_Insecta_Hymenoptera_Halictidae_Augochlora_pura/213ed3d8-f014-44c0-ae31-b3d4e0de49ba.jpg,39,40,0,40,34,39,7,21,0.5399476885795593,0.13960058987140656,0.1200762540102005,0.006049597170203924,0.005122281610965729,1,3,Pure Green Sweat Bee,Metallic Epauletted-Sweat Bee,Southern Carpenter Bee,Pure Green Sweat Bee,Emerald Ash Borer,Yellow-shouldered Drone Fly
val/00774_Animalia_Arthropoda_Insecta_Hymenoptera_Halictidae_Augochlora_pura/69398021-f3c2-4e1f-a2cc-be7cb3165b97.jpg,39,33,0,33,22,39,38,20,0.18311354517936707,0.17657695710659027,0.05710749328136444,0.053215332329273224,0.038200605660676956,1,3,Pure Green Sweat Bee,Ashy Mining Bee,Transverse-banded Flower Fly,Pure Green Sweat Bee,New York Carpenter Ant,Mexican Cactus Fly
val/00775_Animalia_Arthropoda_Insecta_Hymenoptera_Halictidae_Augochloropsis_metallica/9f8985f9-5df9-4687-9907-70a9ec7deb87.jpg,40,39,0,39,40,28,7,15,0.6295627355575562,0.07294396311044693,0.01763463392853737,0.015512834303081036,0.015461265109479427,1,2,Metallic Epauletted-Sweat Bee,Pure Green Sweat Bee,Metallic Epauletted-Sweat Bee,Alfalfa Plant Bug,Emerald Ash Borer,Oedemera femorata
val/00775_Animalia_Arthropoda_Insecta_Hymenoptera_Halictidae_Augochloropsis_metallica/7e0de4dc-2bb1-48fd-af62-d294a7bc5d7f.jpg,40,39,0,39,40,22,7,8,0.5368883609771729,0.20774996280670166,0.0058542764745652676,0.005766424350440502,0.005416510161012411,1,2,Metallic Epauletted-Sweat Bee,Pure Green Sweat Bee,Metallic Epauletted-Sweat Bee,Transverse-banded Flower Fly,Emerald Ash Borer,Goldenrod Soldier Beetle
val/00799_Animalia_Arthropoda_Insecta_Hymenoptera_Sphecidae_Ammophila_procera/bafbca32-21b6-4588-8ee1-f2dfb4365cbb.jpg,41,19,0,19,41,20,15,39,0.14076313376426697,0.11730193346738815,0.04294445365667343,0.03836080804467201,0.033799320459365845,1,2,Common Thread-waisted Wasp,Garden soldier fly,Common Thread-waisted Wasp,Mexican Cactus Fly,Oedemera femorata,Pure Green Sweat Bee
val/00859_Animalia_Arthropoda_Insecta_Lepidoptera_Crambidae_Agriphila_straminella/34ee6dbb-c99f-43a0-bcc6-05543a04b0d7.jpg,44,24,0,24,288,44,393,142,0.09024961292743683,0.05806417763233185,0.038614679127931595,0.03404134139418602,0.03341313451528549,1,3,Pearl Veneer,Hemlock Woolly Adelgid,Mountain flax,Pearl Veneer,Taiwan Acacia,Eastern Dwarf Treefrog
val/00859_Animalia_Arthropoda_Insecta_Lepidoptera_Crambidae_Agriphila_straminella/4a1e856e-4e49-46d9-9776-a91112c7034a.jpg,44,43,0,43,44,70,69,67,0.3095293641090393,0.22376537322998047,0.08413945138454437,0.043793633580207825,0.03930451348423958,1,2,Pearl Veneer,Garden Webworm Moth,Pearl Veneer,European Skipper,Long Dash Skipper,Eufala Skipper
val/00859_Animalia_Arthropoda_Insecta_Lepidoptera_Crambidae_Agriphila_straminella/9b97bfe7-3e04-4fc1-a4c1-6251fb430ce3.jpg,44,48,0,48,7,44,98,257,0.16720658540725708,0.16237527132034302,0.1425371766090393,0.07873604446649551,0.04274604469537735,1,3,Pearl Veneer,Snowy Urola Moth,Emerald Ash Borer,Pearl Veneer,Darker Moodna Moth,Decollate Snail
val/00937_Animalia_Arthropoda_Insecta_Lepidoptera_Crambidae_Pyrausta_volupialis/965cefd9-c8e7-484d-8c29-c1427f94ea1f.jpg,47,43,0,43,47,68,414,67,0.2442282736301422,0.1384143978357315,0.03456394001841545,0.02247496321797371,0.021766215562820435,1,2,Volupial Pyrausta Moth,Garden Webworm Moth,Volupial Pyrausta Moth,Umber Skipper,chia,Eufala Skipper
val/00987_Animalia_Arthropoda_Insecta_Lepidoptera_Erebidae_Bulia_deducta/34686d14-3319-4bd8-ac62-df094f351f01.jpg,49,54,0,54,49,112,272,110,0.2886061370372772,0.20259162783622742,0.0326404795050621,0.01701289415359497,0.010865353047847748,1,2,Deduced Graphic,Pantydia sparsa,Deduced Graphic,Omnivorous Platynota Moth,Hoof Fungus,Filbertworm Moth
val/00997_Animalia_Arthropoda_Insecta_Lepidoptera_Erebidae_Catocala_grynea/c07602be-fe1d-4d9a-9413-eaea2ba41345.jpg,50,13,0,13,50,87,338,69,0.060075465589761734,0.05801243707537651,0.05263456329703331,0.03865506127476692,0.02702743001282215,1,2,Woody Underwing,22-spot Ladybird Beetle,Woody Underwing,Silver Emperor,common wrinkle-leaved goldenrod,Long Dash Skipper
val/01335_Animalia_Arthropoda_Insecta_Lepidoptera_Hesperiidae_Ancyloxypha_numitor/60e778a9-a9b9-44a1-92a1-c202e5e7123d.jpg,63,96,0,96,77,95,97,63,0.19850417971611023,0.09996756166219711,0.07526807487010956,0.0732034370303154,0.06255041062831879,1,5,Least Skipper,Florida White,Boisduval's Blue,Barred Yellow,Large White Butterfly,Least Skipper
val/01376_Animalia_Arthropoda_Insecta_Lepidoptera_Hesperiidae_Lerodea_eufala/b0cfc791-ec6a-4bfa-86a0-c146d7697410.jpg,67,68,0,68,67,69,431,71,0.5250759124755859,0.24044765532016754,0.055125609040260315,0.05104707553982735,0.00986715592443943,1,2,Eufala Skipper,Umber Skipper,Eufala Skipper,Long Dash Skipper,Dakota mock vervain,Dorantes Longtail
val/01378_Animalia_Arthropoda_Insecta_Lepidoptera_Hesperiidae_Lon_melane/5fff1073-8862-49ad-8cf1-e03de0003869.jpg,68,71,0,71,68,47,91,52,0.13929066061973572,0.10017435252666473,0.0758526623249054,0.04977016896009445,0.03451268747448921,1,2,Umber Skipper,Dorantes Longtail,Umber Skipper,Volupial Pyrausta Moth,Mourning Cloak,Dimorphic Bomolocha Moth
val/01378_Animalia_Arthropoda_Insecta_Lepidoptera_Hesperiidae_Lon_melane/5a612854-7a94-4012-b70a-31d20afa9802.jpg,68,123,0,123,68,63,87,15,0.2935381531715393,0.1968865543603897,0.07008334994316101,0.03547937795519829,0.02328764833509922,1,2,Umber Skipper,Marsh meadow grasshopper,Umber Skipper,Least Skipper,Silver Emperor,Oedemera femorata
val/01378_Animalia_Arthropoda_Insecta_Lepidoptera_Hesperiidae_Lon_melane/de3b4755-fb74-4bee-b430-3121d6d5b714.jpg,68,69,0,69,68,63,32,70,0.17193254828453064,0.1063423678278923,0.028542667627334595,0.02112402208149433,0.019954998046159744,1,2,Umber Skipper,Long Dash Skipper,Umber Skipper,Least Skipper,Jagged Ambush Bug,European Skipper
val/01378_Animalia_Arthropoda_Insecta_Lepidoptera_Hesperiidae_Lon_melane/088e7f04-a241-4f99-acc6-40ed4dd42d6e.jpg,68,69,0,69,68,67,70,34,0.4457171559333801,0.17008468508720398,0.08238480240106583,0.03605158254504204,0.034531909972429276,1,2,Umber Skipper,Long Dash Skipper,Umber Skipper,Eufala Skipper,European Skipper,Southern Carpenter Bee
val/01405_Animalia_Arthropoda_Insecta_Lepidoptera_Hesperiidae_Thymelicus_lineola/4c1d6ece-0f13-414b-a666-9f76bf187d07.jpg,70,63,0,63,70,69,66,476,0.25410979986190796,0.18864141404628754,0.09673038870096207,0.041627347469329834,0.03409034013748169,1,2,European Skipper,Least Skipper,European Skipper,Long Dash Skipper,Chestnut Bob,Red Buckeye
val/01408_Animalia_Arthropoda_Insecta_Lepidoptera_Hesperiidae_Urbanus_dorantes/cf98fcfc-8007-4491-aec1-5849081da81c.jpg,71,107,0,107,71,108,68,313,0.04719405993819237,0.04228964447975159,0.03222986310720444,0.030187636613845825,0.018218934535980225,1,2,Dorantes Longtail,Blinded Sphinx Moth,Dorantes Longtail,Pine Hawk-Moth,Umber Skipper,upright hedge-parsley
val/01408_Animalia_Arthropoda_Insecta_Lepidoptera_Hesperiidae_Urbanus_dorantes/381b584c-db94-4caf-aed1-1ed7279d2220.jpg,71,68,0,68,71,352,91,329,0.13539767265319824,0.1311827003955841,0.07024983316659927,0.057620711624622345,0.040809664875268936,1,2,Dorantes Longtail,Umber Skipper,Dorantes Longtail,Mexican tea,Mourning Cloak,Old Plainsman
val/01458_Animalia_Arthropoda_Insecta_Lepidoptera_Lycaenidae_Celastrina_ladon/6ced8b89-46fb-476b-afbe-3546b9a7def2.jpg,75,76,0,76,77,465,90,75,0.7113955616950989,0.1086459681391716,0.013008968904614449,0.010344890877604485,0.0066042616963386536,1,5,Spring Azure,Mazarine Blue,Boisduval's Blue,Blackthorn,Red-spotted Admiral,Spring Azure
val/01458_Animalia_Arthropoda_Insecta_Lepidoptera_Lycaenidae_Celastrina_ladon/42e36886-38cb-420b-945b-03eb288f1158.jpg,75,74,0,74,75,77,76,79,0.3403204083442688,0.1843658834695816,0.10192159563302994,0.06734786182641983,0.01979634165763855,1,2,Spring Azure,Forget-me-not,Spring Azure,Boisduval's Blue,Mazarine Blue,Coral Hairstreak
val/01485_Animalia_Arthropoda_Insecta_Lepidoptera_Lycaenidae_Icaricia_icarioides/618648e3-2e4d-4078-ae97-4ead69ebb532.jpg,77,76,0,76,77,75,79,74,0.40068110823631287,0.13147377967834473,0.036585330963134766,0.023850372061133385,0.018016468733549118,1,2,Boisduval's Blue,Mazarine Blue,Boisduval's Blue,Spring Azure,Coral Hairstreak,Forget-me-not
val/01485_Animalia_Arthropoda_Insecta_Lepidoptera_Lycaenidae_Icaricia_icarioides/365e6a00-1d8e-4eba-aa73-1d30ec78c394.jpg,77,76,0,76,77,79,67,75,0.7120558023452759,0.14762425422668457,0.006154906470328569,0.00510694645345211,0.0024954364635050297,1,2,Boisduval's Blue,Mazarine Blue,Boisduval's Blue,Coral Hairstreak,Eufala Skipper,Spring Azure
val/01485_Animalia_Arthropoda_Insecta_Lepidoptera_Lycaenidae_Icaricia_icarioides/353fd226-1c04-4432-8e63-97eb63380054.jpg,77,75,0,75,77,76,74,79,0.1692524403333664,0.11983387172222137,0.09720125794410706,0.08817705512046814,0.020486224442720413,1,2,Boisduval's Blue,Spring Azure,Boisduval's Blue,Mazarine Blue,Forget-me-not,Coral Hairstreak
val/01485_Animalia_Arthropoda_Insecta_Lepidoptera_Lycaenidae_Icaricia_icarioides/4ff15c91-3644-4014-8178-920ed77736fd.jpg,77,76,0,76,77,75,79,74,0.213071808218956,0.12091606855392456,0.08219193667173386,0.032965440303087234,0.018141552805900574,1,2,Boisduval's Blue,Mazarine Blue,Boisduval's Blue,Spring Azure,Coral Hairstreak,Forget-me-not
val/01493_Animalia_Arthropoda_Insecta_Lepidoptera_Lycaenidae_Leptotes_marina/9d984ef1-6335-4b8d-97c0-f2379bf8b72a.jpg,78,77,0,77,78,76,73,65,0.39368078112602234,0.19230735301971436,0.06793428957462311,0.0489678829908371,0.0329718291759491,1,2,Marine Blue,Boisduval's Blue,Marine Blue,Mazarine Blue,Common Ciliate Blue,Juvenal's Duskywing
val/01534_Animalia_Arthropoda_Insecta_Lepidoptera_Lycaenidae_Satyrium_titus/15243e3e-858b-45e0-8a6d-ef90b202f30a.jpg,79,74,0,74,79,73,100,63,0.28095749020576477,0.2594687342643738,0.0479547455906868,0.0394105389714241,0.020375339314341545,1,2,Coral Hairstreak,Forget-me-not,Coral Hairstreak,Common Ciliate Blue,Red-bordered Pixie,Least Skipper
val/01534_Animalia_Arthropoda_Insecta_Lepidoptera_Lycaenidae_Satyrium_titus/08feb6c7-25cb-4028-82e8-108d0f5d1f0b.jpg,79,69,0,69,79,70,68,76,0.1000966727733612,0.07344849407672882,0.0393744595348835,0.03819498047232628,0.026264738291502,1,2,Coral Hairstreak,Long Dash Skipper,Coral Hairstreak,European Skipper,Umber Skipper,Mazarine Blue
val/01583_Animalia_Arthropoda_Insecta_Lepidoptera_Noctuidae_Autographa_californica/6d2a4d02-2a95-44fa-af12-52242633871a.jpg,80,71,0,71,80,87,65,68,0.3970980644226074,0.2074519693851471,0.04066412150859833,0.03573746234178543,0.016725627705454826,1,2,Alfalfa Looper,Dorantes Longtail,Alfalfa Looper,Silver Emperor,Juvenal's Duskywing,Umber Skipper
val/01653_Animalia_Arthropoda_Insecta_Lepidoptera_Noctuidae_Maliattha_synochitis/79c78f9d-9a1b-4932-ba68-a6007a393a39.jpg,82,53,0,53,82,54,50,80,0.3855420649051666,0.09183365851640701,0.055166035890579224,0.048357825726270676,0.037842463701963425,1,2,Black-dotted Maliattha,Royal Poinciana Moth,Black-dotted Maliattha,Pantydia sparsa,Woody Underwing,Alfalfa Looper
val/01653_Animalia_Arthropoda_Insecta_Lepidoptera_Noctuidae_Maliattha_synochitis/7b995b37-ad56-41a6-9d2a-7bcf194df92e.jpg,82,253,0,253,82,254,48,129,0.15125933289527893,0.06708486378192902,0.03711187466979027,0.03465273231267929,0.03402251750230789,1,2,Black-dotted Maliattha,California Cone,Black-dotted Maliattha,Lettered Olive,Snowy Urola Moth,Blacknose Dace
val/01854_Animalia_Arthropoda_Insecta_Lepidoptera_Nymphalidae_Euphydryas_phaeton/c31f1d96-25f1-45e9-8ed6-116b10c9c57b.jpg,89,91,0,91,102,89,103,35,0.37957268953323364,0.2153608202934265,0.17441803216934204,0.014445311389863491,0.006979107856750488,1,3,Baltimore Checkerspot,Mourning Cloak,Buck Moth,Baltimore Checkerspot,Small Emperor Moth,Elm Sawfly
val/01908_Animalia_Arthropoda_Insecta_Lepidoptera_Nymphalidae_Limenitis_arthemis/299873cd-827d-46fa-8db2-013322cfddb7.jpg,90,89,0,89,90,93,94,91,0.3513410687446594,0.18512395024299622,0.10383258759975433,0.011171404272317886,0.007467154413461685,1,2,Red-spotted Admiral,Baltimore Checkerspot,Red-spotted Admiral,Dainty Swallowtail,Thoas Swallowtail,Mourning Cloak
val/01938_Animalia_Arthropoda_Insecta_Lepidoptera_Nymphalidae_Nymphalis_antiopa/d72602b6-350b-48d7-ae3b-34da8ca75a0d.jpg,91,92,0,92,91,87,68,47,0.2725333869457245,0.12901803851127625,0.04290758818387985,0.04048759490251541,0.02633371576666832,1,2,Mourning Cloak,Blomfild's Beauty,Mourning Cloak,Silver Emperor,Umber Skipper,Volupial Pyrausta Moth
val/01938_Animalia_Arthropoda_Insecta_Lepidoptera_Nymphalidae_Nymphalis_antiopa/4da9be94-a236-43a8-8dc6-a177bf6a7437.jpg,91,102,0,102,91,89,100,113,0.6131335496902466,0.1983618140220642,0.006983593106269836,0.004234352149069309,0.0030725423712283373,1,2,Mourning Cloak,Buck Moth,Mourning Cloak,Baltimore Checkerspot,Red-bordered Pixie,Australian Green Mantis
val/01938_Animalia_Arthropoda_Insecta_Lepidoptera_Nymphalidae_Nymphalis_antiopa/55faf620-6e37-45a2-b8c8-8740b7eda92f.jpg,91,54,0,54,91,60,80,272,0.1397862434387207,0.0999964028596878,0.05382433161139488,0.027774419635534286,0.021388789638876915,1,2,Mourning Cloak,Pantydia sparsa,Mourning Cloak,Alien Probole Moth,Alfalfa Looper,Hoof Fungus
val/02009_Animalia_Arthropoda_Insecta_Lepidoptera_Papilionidae_Papilio_anactus/95fdb590-a8be-487e-ad54-2907464142e3.jpg,93,89,0,89,91,102,93,104,0.42478105425834656,0.19739112257957458,0.03848409652709961,0.03793182224035263,0.03089716285467148,1,4,Dainty Swallowtail,Baltimore Checkerspot,Mourning Cloak,Buck Moth,Dainty Swallowtail,Giant Peacock Moth
val/02009_Animalia_Arthropoda_Insecta_Lepidoptera_Papilionidae_Papilio_anactus/ff44fccd-73c3-438b-ab10-a0d70075f84e.jpg,93,68,0,68,90,93,71,102,0.11416208744049072,0.09320788085460663,0.07330691814422607,0.04212586581707001,0.03148482367396355,1,3,Dainty Swallowtail,Umber Skipper,Red-spotted Admiral,Dainty Swallowtail,Dorantes Longtail,Buck Moth
val/02073_Animalia_Arthropoda_Insecta_Lepidoptera_Pieridae_Eurema_daira/2d7cc952-f247-4cdb-ab7c-dfd6de910dab.jpg,95,258,0,258,95,175,38,33,0.05444231256842613,0.04624254256486893,0.0379621796309948,0.03433232754468918,0.03072541020810604,1,2,Barred Yellow,White-lipped Snail,Barred Yellow,Double-barred Finch,New York Carpenter Ant,Ashy Mining Bee
val/02077_Animalia_Arthropoda_Insecta_Lepidoptera_Pieridae_Glutophrissa_drusilla/09166dcf-70cc-4a67-87e2-b38a05e298f8.jpg,96,97,0,97,96,430,70,95,0.22734811902046204,0.20372575521469116,0.03843160718679428,0.023686829954385757,0.014917941763997078,1,2,Florida White,Large White Butterfly,Florida White,golden dewdrop,European Skipper,Barred Yellow
val/02129_Animalia_Arthropoda_Insecta_Lepidoptera_Pyralidae_Moodna_ostrinella/781d03f2-afa3-43a9-a70e-d1fcb0123496.jpg,98,109,0,109,98,81,46,110,0.16186833381652832,0.09397843480110168,0.05453869327902794,0.02348426729440689,0.022936733439564705,1,2,Darker Moodna Moth,Red-banded Leafroller,Darker Moodna Moth,Small Mossy Lithacodia,Titian Peale's Crambid,Filbertworm Moth
val/02198_Animalia_Arthropoda_Insecta_Lepidoptera_Sphingidae_Hippotion_scrofa/3440c08a-3f5b-4a82-9671-25c3db198faf.jpg,106,54,0,54,106,108,67,80,0.1683075726032257,0.10939238220453262,0.06981854140758514,0.050654374063014984,0.027233777567744255,1,2,Hippotion scrofa,Pantydia sparsa,Hippotion scrofa,Pine Hawk-Moth,Eufala Skipper,Alfalfa Looper
val/02198_Animalia_Arthropoda_Insecta_Lepidoptera_Sphingidae_Hippotion_scrofa/d7a3d5c0-1a2a-4367-8c27-f721f2316b7c.jpg,106,32,0,32,255,106,91,463,0.0461910255253315,0.020148085430264473,0.019366411492228508,0.01932656392455101,0.018019208684563637,1,3,Hippotion scrofa,Jagged Ambush Bug,Hilton's Aeolid,Hippotion scrofa,Mourning Cloak,desert almond
val/02211_Animalia_Arthropoda_Insecta_Lepidoptera_Sphingidae_Paonias_excaecata/46948e5a-eb3a-4423-bf0e-adba07608fff.jpg,107,68,0,68,32,87,107,85,0.14866666495800018,0.03688649833202362,0.021843817085027695,0.018821846693754196,0.0166472140699625,1,4,Blinded Sphinx Moth,Umber Skipper,Jagged Ambush Bug,Silver Emperor,Blinded Sphinx Moth,Angulose Prominent Moth
val/02369_Animalia_Arthropoda_Insecta_Odonata_Coenagrionidae_Enallagma_cyathigerum/a80b02cd-0102-4d78-b07b-fa4dbe850b21.jpg,117,118,0,118,117,116,469,121,0.3907508850097656,0.3415588140487671,0.03947801515460014,0.013036402873694897,0.008024471811950207,1,2,Common Blue Damselfly,Skimming Bluet,Common Blue Damselfly,Ebony Jewelwing,Siberian elm,Small Spreadwing
val/02369_Animalia_Arthropoda_Insecta_Odonata_Coenagrionidae_Enallagma_cyathigerum/14f2e523-dc72-469c-827e-0d56ef47faa2.jpg,117,121,0,121,117,118,116,120,0.5502848625183105,0.21063679456710815,0.12384280562400818,0.0036156517453491688,0.0025576362386345863,1,2,Common Blue Damselfly,Small Spreadwing,Common Blue Damselfly,Skimming Bluet,Ebony Jewelwing,Dragonhunter
val/02369_Animalia_Arthropoda_Insecta_Odonata_Coenagrionidae_Enallagma_cyathigerum/bb908704-6ab5-43bf-a324-135835a770d9.jpg,117,118,0,118,117,135,119,121,0.4393855035305023,0.1807156354188919,0.015945734456181526,0.014495275914669037,0.014358291402459145,1,2,Common Blue Damselfly,Skimming Bluet,Common Blue Damselfly,Yellow Perch,Eastern Ringtail,Small Spreadwing
val/02375_Animalia_Arthropoda_Insecta_Odonata_Coenagrionidae_Enallagma_geminatum/0e423724-7913-4c4a-9882-2f10c946bcb3.jpg,118,117,0,117,118,116,41,120,0.5839075446128845,0.24641215801239014,0.0065956274047493935,0.004681127145886421,0.0041491142474114895,1,2,Skimming Bluet,Common Blue Damselfly,Skimming Bluet,Ebony Jewelwing,Common Thread-waisted Wasp,Dragonhunter
val/02432_Animalia_Arthropoda_Insecta_Odonata_Gomphidae_Hagenius_brevistylus/661729e7-5fa2-46c6-996d-18cb7bcdd73b.jpg,120,119,0,119,120,42,115,23,0.38231170177459717,0.34848564863204956,0.03244918957352638,0.012033910490572453,0.010170350782573223,1,2,Dragonhunter,Eastern Ringtail,Dragonhunter,Western Paper Wasp,Owly Sulphur,Maize Calligrapher Fly
val/02668_Animalia_Arthropoda_Insecta_Orthoptera_Tettigoniidae_Conocephalus_fuscus/cc32813c-64b9-497e-8089-a66420c0c218.jpg,125,309,0,309,142,125,123,310,0.2921629548072815,0.13000845909118652,0.06603654474020004,0.0650615394115448,0.03603653237223625,1,3,Long-winged Conehead,Saint Augustine grass,Eastern Dwarf Treefrog,Long-winged Conehead,Marsh meadow grasshopper,Kangaroo Grass
val/02702_Animalia_Arthropoda_Malacostraca_Decapoda_Cambaridae_Faxonius_virilis/f0bd1366-1658-4e75-b1c0-d665a1bf637b.jpg,126,135,0,135,257,126,155,247,0.26190441846847534,0.23000508546829224,0.10138777643442154,0.02862178161740303,0.015190999954938889,1,3,Virile Crayfish,Yellow Perch,Decollate Snail,Virile Crayfish,Red-breasted Dotterel,Western Rattlesnake
val/02770_Animalia_Chordata_Actinopterygii_Cypriniformes_Cyprinidae_Rhinichthys_atratulus/2b8c6935-494c-443f-89d2-aa0dbb3e0283.jpg,129,145,0,145,129,130,128,106,0.1718568652868271,0.13989123702049255,0.06158658489584923,0.046878013759851456,0.04663681983947754,1,2,Blacknose Dace,Italian Crested Newt,Blacknose Dace,Chub,Bluntnose Minnow,Hippotion scrofa
val/02836_Animalia_Chordata_Actinopterygii_Perciformes_Labridae_Eupetrichthys_angustipes/0bc4b43d-ff1e-4258-9a24-efb6a7bc5b10.jpg,133,132,0,132,139,136,219,133,0.07485538721084595,0.06988559663295746,0.056993357837200165,0.04853695258498192,0.039086971431970596,1,5,Snakeskin Wrasse,Four-eyed Butterflyfish,Striped Eel Catfish,Indo-Pacific Sergeant Major,Nurse Shark,Snakeskin Wrasse
val/02836_Animalia_Chordata_Actinopterygii_Perciformes_Labridae_Eupetrichthys_angustipes/d79fb666-d7bb-4261-9f3b-13f480161556.jpg,133,110,0,110,133,143,266,107,0.044559210538864136,0.03621840476989746,0.029678408056497574,0.02434939332306385,0.01962561532855034,1,2,Snakeskin Wrasse,Filbertworm Moth,Snakeskin Wrasse,Northern Red-legged Frog,blusher,Blinded Sphinx Moth
val/02855_Animalia_Chordata_Actinopterygii_Perciformes_Mullidae_Parupeneus_spilurus/3a9589dd-65a2-48cd-88b2-9b90e75787de.jpg,134,133,0,133,136,134,277,308,0.09026844799518585,0.042157724499702454,0.03742007911205292,0.03499257564544678,0.03102608025074005,1,3,Blackspot Goatfish,Snakeskin Wrasse,Indo-Pacific Sergeant Major,Blackspot Goatfish,Sponge Weed,Green Bristle Grass
val/02858_Animalia_Chordata_Actinopterygii_Perciformes_Percidae_Perca_flavescens/0b536bcf-8ced-4c17-8f69-aa05fab3520b.jpg,135,128,0,128,135,130,137,250,0.14020858705043793,0.1354360282421112,0.07929975539445877,0.07904786616563797,0.03291775658726692,1,2,Yellow Perch,Bluntnose Minnow,Yellow Perch,Chub,Freshwater Drum,Nuttall's Cockle
val/02858_Animalia_Chordata_Actinopterygii_Perciformes_Percidae_Perca_flavescens/a841668f-7e3b-489a-9f35-9d96a76a4c49.jpg,135,213,0,213,149,211,135,130,0.07777741551399231,0.07015649229288101,0.04911299794912338,0.04676109179854393,0.04299820214509964,1,4,Yellow Perch,American Flamingo,Mute Swan,Black-crowned Night Heron,Yellow Perch,Chub
val/02858_Animalia_Chordata_Actinopterygii_Perciformes_Percidae_Perca_flavescens/f8db9beb-fa0b-4dad-85fc-03a346929902.jpg,135,130,0,130,136,145,135,499,0.10126200318336487,0.07971922308206558,0.04917187616229057,0.048929132521152496,0.03049636445939541,1,4,Yellow Perch,Chub,Indo-Pacific Sergeant Major,Italian Crested Newt,Yellow Perch,broad beech fern
val/02878_Animalia_Chordata_Actinopterygii_Perciformes_Sciaenidae_Aplodinotus_grunniens/b767c32e-6097-4354-a4f2-d32089fad7f6.jpg,137,219,0,219,138,137,135,130,0.5775244832038879,0.11421704292297363,0.04959028959274292,0.024838220328092575,0.02158312313258648,1,3,Freshwater Drum,Nurse Shark,Kelp Bass,Freshwater Drum,Yellow Perch,Chub
val/02914_Animalia_Chordata_Actinopterygii_Siluriformes_Plotosidae_Plotosus_lineatus/c91937ab-a86b-4236-902c-2ef0e53b5c4d.jpg,139,138,0,138,135,134,137,139,0.48802080750465393,0.09766000509262085,0.0368240587413311,0.026926668360829353,0.017777446657419205,1,5,Striped Eel Catfish,Kelp Bass,Yellow Perch,Blackspot Goatfish,Freshwater Drum,Striped Eel Catfish
val/02914_Animalia_Chordata_Actinopterygii_Siluriformes_Plotosidae_Plotosus_lineatus/283a5793-bda3-4dbf-a45b-08f85830c329.jpg,139,138,0,138,219,133,135,139,0.3758124113082886,0.08905579149723053,0.05615178868174553,0.052854977548122406,0.03550127148628235,1,5,Striped Eel Catfish,Kelp Bass,Nurse Shark,Snakeskin Wrasse,Yellow Perch,Striped Eel Catfish
val/02973_Animalia_Chordata_Amphibia_Anura_Craugastoridae_Pristimantis_achatinus/70d85b2b-0728-4b61-aeb1-f9164fb4c85c.jpg,141,143,0,143,141,60,269,110,0.43361696600914,0.13782113790512085,0.041143059730529785,0.01922001875936985,0.017235837876796722,1,2,Cachabi Robber Frog,Northern Red-legged Frog,Cachabi Robber Frog,Alien Probole Moth,Peppery Bolete,Filbertworm Moth
val/03040_Animalia_Chordata_Amphibia_Anura_Ranidae_Rana_aurora/a330ee33-d4f2-4ade-ab5e-a346121442b4.jpg,143,126,0,126,143,141,127,234,0.256131112575531,0.14498436450958252,0.07203327119350433,0.04203342646360397,0.017468562349677086,1,2,Northern Red-legged Frog,Virile Crayfish,Northern Red-legged Frog,Cachabi Robber Frog,New Zealand Half Crab,Common Caiman
val/03107_Animalia_Chordata_Amphibia_Caudata_Salamandridae_Triturus_carnifex/906d5632-3ed9-4a07-b312-4099129cbdcc.jpg,145,123,0,123,129,128,145,44,0.2287299931049347,0.10266616940498352,0.08974050730466843,0.08581595867872238,0.03989153727889061,1,4,Italian Crested Newt,Marsh meadow grasshopper,Blacknose Dace,Bluntnose Minnow,Italian Crested Newt,Pearl Veneer
val/03107_Animalia_Chordata_Amphibia_Caudata_Salamandridae_Triturus_carnifex/a9afacf2-7c8b-4923-a594-ae1b60c50ebc.jpg,145,131,0,131,145,255,123,231,0.07343900203704834,0.03226112201809883,0.030579891055822372,0.026611600071191788,0.023577678948640823,1,2,Italian Crested Newt,Redbreast Sunfish,Italian Crested Newt,Hilton's Aeolid,Marsh meadow grasshopper,Bank Vole
val/03107_Animalia_Chordata_Amphibia_Caudata_Salamandridae_Triturus_carnifex/f534c0ce-7cda-46ea-bae4-63f203fa3572.jpg,145,101,0,101,238,145,129,144,0.10748273879289627,0.10193409770727158,0.08914496749639511,0.03286188840866089,0.03014274686574936,1,3,Italian Crested Newt,Orange-tipped Oakworm Moth,Common Bronze-back,Italian Crested Newt,Blacknose Dace,Green Salamander
val/03120_Animalia_Chordata_Aves_Accipitriformes_Accipitridae_Aquila_heliaca/985fb2a1-08be-45ad-a101-0be5ff4f8848.jpg,146,147,0,147,211,152,146,151,0.3813713788986206,0.10566385835409164,0.06315170228481293,0.06040447577834129,0.03248172998428345,1,4,Imperial Eagle,European Honey-buzzard,Black-crowned Night Heron,Common Merganser,Imperial Eagle,Smew
val/03120_Animalia_Chordata_Aves_Accipitriformes_Accipitridae_Aquila_heliaca/e8b3bb4e-f965-46db-91a6-14ec08890d2c.jpg,146,147,0,147,146,172,174,178,0.6542352437973022,0.25066155195236206,0.011762775480747223,0.009233671240508556,0.004663324449211359,1,2,Imperial Eagle,European Honey-buzzard,Imperial Eagle,Fish Crow,Alpine Chough,Bank Swallow
val/03177_Animalia_Chordata_Aves_Accipitriformes_Accipitridae_Pernis_apivorus/34dfb882-3644-40e9-9dd5-bd00f1956791.jpg,147,146,0,146,147,212,172,130,0.5465989112854004,0.38121506571769714,0.0032853104639798403,0.002206176985055208,0.002039995975792408,1,2,European Honey-buzzard,Imperial Eagle,European Honey-buzzard,Dalmatian Pelican,Fish Crow,Chub
val/03244_Animalia_Chordata_Aves_Anseriformes_Anatidae_Cygnus_olor/ae119fb3-9278-41db-84e0-69b07ea5f291.jpg,149,212,0,212,149,161,162,441,0.6340427994728088,0.22759556770324707,0.00919607188552618,0.0055763740092515945,0.0028276105877012014,1,2,Mute Swan,Dalmatian Pelican,Mute Swan,Black-headed Gull,Caspian Gull,black willow
val/03244_Animalia_Chordata_Aves_Anseriformes_Anatidae_Cygnus_olor/52c3fce7-97d4-45da-a93f-c088d3837cae.jpg,149,217,0,217,149,216,160,151,0.23456406593322754,0.19587498903274536,0.08274631947278976,0.04201561212539673,0.024468515068292618,1,2,Mute Swan,Brandt's Cormorant,Mute Swan,Pelagic Cormorant,Hartlaub's Gull,Smew
val/03259_Animalia_Chordata_Aves_Anseriformes_Anatidae_Mergellus_albellus/0f4eac09-c2b6-47ca-a966-d0bc6ef821b4.jpg,151,152,0,152,151,150,148,233,0.7550684809684753,0.10769526660442352,0.00477692112326622,0.0027185692451894283,0.0021524615585803986,1,2,Smew,Common Merganser,Smew,Surf Scoter,Yellow-billed Pintail,Red-bellied Squirrel
val/03260_Animalia_Chordata_Aves_Anseriformes_Anatidae_Mergus_merganser/5d818563-1a2e-4ddb-bbb3-b06f7c162415.jpg,152,212,0,212,162,151,152,149,0.8086028695106506,0.02833905816078186,0.02131514810025692,0.018666552379727364,0.008160239085555077,1,4,Common Merganser,Dalmatian Pelican,Caspian Gull,Smew,Common Merganser,Mute Swan
val/03306_Animalia_Chordata_Aves_Caprimulgiformes_Trochilidae_Archilochus_alexandri/e50deb16-0973-4d3b-a60a-e13c0293ce55.jpg,153,154,0,154,153,177,40,180,0.5005945563316345,0.3145601451396942,0.005394958425313234,0.004569331184029579,0.0044252220541238785,1,2,Black-chinned Hummingbird,Green-crowned Brilliant,Black-chinned Hummingbird,Barn Swallow,Metallic Epauletted-Sweat Bee,Violet-green Swallow
val/03321_Animalia_Chordata_Aves_Caprimulgiformes_Trochilidae_Heliodoxa_jacula/05fdd097-aa0f-406c-9bce-d9ea61b705d1.jpg,154,153,0,153,154,25,423,298,0.6099988222122192,0.24536432325839996,0.0021563731133937836,0.0020832133013755083,0.0020584610756486654,1,2,Green-crowned Brilliant,Black-chinned Hummingbird,Green-crowned Brilliant,Florida Leaf-footed Bug,scarlet monkeyflower,scarlet fritillary
val/03358_Animalia_Chordata_Aves_Charadriiformes_Charadriidae_Charadrius_obscurus/3f5d16a4-cc42-4b82-9340-42e1d98975ba.jpg,155,156,0,156,155,157,159,165,0.503624439239502,0.3317190408706665,0.02973654866218567,0.014831695705652237,0.005013644229620695,1,2,Red-breasted Dotterel,Wilson's Plover,Red-breasted Dotterel,American Golden-Plover,American Oystercatcher,Wood Sandpiper
val/03358_Animalia_Chordata_Aves_Charadriiformes_Charadriidae_Charadrius_obscurus/39de7c13-0a26-4fe2-ba9c-87096f8ff191.jpg,155,176,0,176,155,185,184,156,0.17258214950561523,0.16942594945430756,0.04854819178581238,0.023021215572953224,0.018062619492411613,1,2,Red-breasted Dotterel,Red Crossbill,Red-breasted Dotterel,Familiar Chat,Meadow Pipit,Wilson's Plover
val/03372_Animalia_Chordata_Aves_Charadriiformes_Charadriidae_Vanellus_coronatus/6635eead-c7f3-4716-b2a6-2f2de73506d4.jpg,158,160,0,160,151,158,152,206,0.09095290303230286,0.08543753623962402,0.06022617965936661,0.05720384046435356,0.04296838492155075,1,3,Crowned Lapwing,Hartlaub's Gull,Smew,Crowned Lapwing,Common Merganser,Masked Water-Tyrant
val/03372_Animalia_Chordata_Aves_Charadriiformes_Charadriidae_Vanellus_coronatus/5b019c59-3392-49f8-bff2-de0036e4e40b.jpg,158,161,0,161,162,158,152,151,0.2338171899318695,0.22926992177963257,0.1901766061782837,0.027571627870202065,0.022776717320084572,1,3,Crowned Lapwing,Black-headed Gull,Caspian Gull,Crowned Lapwing,Common Merganser,Smew
val/03385_Animalia_Chordata_Aves_Charadriiformes_Haematopodidae_Haematopus_palliatus/06a2ddd6-0957-4be9-8a43-35e01638c157.jpg,159,164,0,164,165,159,157,158,0.6373391151428223,0.0576324537396431,0.05365169793367386,0.019393717870116234,0.007118900306522846,1,3,American Oystercatcher,Far Eastern Curlew,Wood Sandpiper,American Oystercatcher,American Golden-Plover,Crowned Lapwing
val/03398_Animalia_Chordata_Aves_Charadriiformes_Laridae_Chroicocephalus_hartlaubii/54467c3b-2eb8-44e8-888c-fcea9024c37b.jpg,160,162,0,162,163,160,211,161,0.2704795002937317,0.17905813455581665,0.12659303843975067,0.10597418993711472,0.08155079185962677,1,3,Hartlaub's Gull,Caspian Gull,Glaucous-winged Gull,Hartlaub's Gull,Black-crowned Night Heron,Black-headed Gull
val/03398_Animalia_Chordata_Aves_Charadriiformes_Laridae_Chroicocephalus_hartlaubii/71bfecc9-fa2f-491e-b68c-6415d69d72d4.jpg,160,163,0,163,162,161,160,206,0.36557093262672424,0.2395724058151245,0.09577208757400513,0.09234222769737244,0.00400381488725543,1,4,Hartlaub's Gull,Glaucous-winged Gull,Caspian Gull,Black-headed Gull,Hartlaub's Gull,Masked Water-Tyrant
val/03398_Animalia_Chordata_Aves_Charadriiformes_Laridae_Chroicocephalus_hartlaubii/3282027b-6c27-4a18-858c-630c6246371f.jpg,160,163,0,163,161,160,467,162,0.4768500030040741,0.1044815331697464,0.08477626740932465,0.01340456772595644,0.012235777452588081,1,3,Hartlaub's Gull,Glaucous-winged Gull,Black-headed Gull,Hartlaub's Gull,Rubus schmidelioides,Caspian Gull
val/03398_Animalia_Chordata_Aves_Charadriiformes_Laridae_Chroicocephalus_hartlaubii/76a53627-e739-4dee-a246-9eb2a4944182.jpg,160,162,0,162,160,163,161,155,0.300664484500885,0.19946810603141785,0.16034182906150818,0.10336066782474518,0.031578559428453445,1,2,Hartlaub's Gull,Caspian Gull,Hartlaub's Gull,Glaucous-winged Gull,Black-headed Gull,Red-breasted Dotterel
val/03402_Animalia_Chordata_Aves_Charadriiformes_Laridae_Chroicocephalus_ridibundus/b3530d17-727e-4764-95b1-ad381c33c92b.jpg,161,162,0,162,156,157,161,155,0.34876519441604614,0.15303871035575867,0.12049321085214615,0.07537467777729034,0.04726368933916092,1,4,Black-headed Gull,Caspian Gull,Wilson's Plover,American Golden-Plover,Black-headed Gull,Red-breasted Dotterel
val/03402_Animalia_Chordata_Aves_Charadriiformes_Laridae_Chroicocephalus_ridibundus/65bad439-1763-46d8-9b27-3245f81653b0.jpg,161,163,0,163,160,162,161,152,0.33702218532562256,0.16349118947982788,0.04235187545418739,0.0368209034204483,0.026349293068051338,1,4,Black-headed Gull,Glaucous-winged Gull,Hartlaub's Gull,Caspian Gull,Black-headed Gull,Common Merganser
val/03402_Animalia_Chordata_Aves_Charadriiformes_Laridae_Chroicocephalus_ridibundus/2e19e6ad-0961-4acb-a354-29cc7a92ce4f.jpg,161,163,0,163,162,160,206,161,0.3623751401901245,0.27910032868385315,0.09552662074565887,0.06523685902357101,0.047926295548677444,1,5,Black-headed Gull,Glaucous-winged Gull,Caspian Gull,Hartlaub's Gull,Masked Water-Tyrant,Black-headed Gull
val/03410_Animalia_Chordata_Aves_Charadriiformes_Laridae_Larus_cachinnans/541fb741-8130-4ac2-b869-c3eb0be1db96.jpg,162,163,0,163,162,160,206,211,0.4605318307876587,0.2948179543018341,0.06593016535043716,0.006410048808902502,0.004475497640669346,1,2,Caspian Gull,Glaucous-winged Gull,Caspian Gull,Hartlaub's Gull,Masked Water-Tyrant,Black-crowned Night Heron
val/03410_Animalia_Chordata_Aves_Charadriiformes_Laridae_Larus_cachinnans/70205756-33aa-4d86-b3a8-d36b7b411b22.jpg,162,161,0,161,160,162,149,148,0.2442973405122757,0.18122455477714539,0.17263942956924438,0.13315631449222565,0.03609573468565941,1,3,Caspian Gull,Black-headed Gull,Hartlaub's Gull,Caspian Gull,Mute Swan,Yellow-billed Pintail
val/03410_Animalia_Chordata_Aves_Charadriiformes_Laridae_Larus_cachinnans/a5ee8eec-0d50-4e38-a375-278bd577e0f7.jpg,162,163,0,163,162,161,219,160,0.618076503276825,0.13906481862068176,0.035206787288188934,0.0252970103174448,0.00858489703387022,1,2,Caspian Gull,Glaucous-winged Gull,Caspian Gull,Black-headed Gull,Nurse Shark,Hartlaub's Gull
val/03417_Animalia_Chordata_Aves_Charadriiformes_Laridae_Larus_glaucescens/3bc85f43-97ec-4eb5-b12f-299221e1f68f.jpg,163,160,0,160,162,161,163,217,0.21458685398101807,0.2039376199245453,0.14596174657344818,0.0850624144077301,0.04787127673625946,1,4,Glaucous-winged Gull,Hartlaub's Gull,Caspian Gull,Black-headed Gull,Glaucous-winged Gull,Brandt's Cormorant
val/03417_Animalia_Chordata_Aves_Charadriiformes_Laridae_Larus_glaucescens/493609a5-e3f2-4606-8257-2cf5b47c5460.jpg,163,160,0,160,161,163,162,149,0.6245032548904419,0.144208624958992,0.10933003574609756,0.013205505907535553,0.0025668307207524776,1,3,Glaucous-winged Gull,Hartlaub's Gull,Black-headed Gull,Glaucous-winged Gull,Caspian Gull,Mute Swan
val/03417_Animalia_Chordata_Aves_Charadriiformes_Laridae_Larus_glaucescens/e2510e0f-8f2e-4e2e-b450-cc81cda436ed.jpg,163,162,0,162,211,160,163,161,0.6234682202339172,0.02786511741578579,0.026121672242879868,0.025294970721006393,0.010403684340417385,1,4,Glaucous-winged Gull,Caspian Gull,Black-crowned Night Heron,Hartlaub's Gull,Glaucous-winged Gull,Black-headed Gull
val/03490_Animalia_Chordata_Aves_Charadriiformes_Scolopacidae_Tringa_glareola/c2b5ba74-ee11-4348-823a-de1183dbab48.jpg,165,157,0,157,165,156,184,175,0.7520390152931213,0.14939801394939423,0.007008245214819908,0.004903956316411495,0.0025283738505095243,1,2,Wood Sandpiper,American Golden-Plover,Wood Sandpiper,Wilson's Plover,Meadow Pipit,Double-barred Finch
val/03529_Animalia_Chordata_Aves_Columbiformes_Columbidae_Patagioenas_flavirostris/f7b2dbd4-4aad-4e99-a566-f9f6b6d685ad.jpg,166,176,0,176,166,69,170,68,0.1502828747034073,0.08347067981958389,0.06762450188398361,0.04968968778848648,0.04734017699956894,1,2,Red-billed Pigeon,Red Crossbill,Red-billed Pigeon,Long Dash Skipper,Yellow Grosbeak,Umber Skipper
val/03529_Animalia_Chordata_Aves_Columbiformes_Columbidae_Patagioenas_flavirostris/a50e43f3-2c4e-42a3-b72f-ca63be54e217.jpg,166,195,0,195,170,176,166,194,0.4209555387496948,0.11758609861135483,0.05808310955762863,0.021351922303438187,0.01493370532989502,1,4,Red-billed Pigeon,Eastern Towhee,Yellow Grosbeak,Red Crossbill,Red-billed Pigeon,Henslow's Sparrow
val/03719_Animalia_Chordata_Aves_Passeriformes_Cardinalidae_Pheucticus_chrysopeplus/604f9604-6092-4bbb-b140-8de8f0aa6176.jpg,170,183,0,183,170,146,176,147,0.3075411319732666,0.20173552632331848,0.051276691257953644,0.029735390096902847,0.024303367361426353,1,2,Yellow Grosbeak,White-plumed Honeyeater,Yellow Grosbeak,Imperial Eagle,Red Crossbill,European Honey-buzzard
val/03719_Animalia_Chordata_Aves_Passeriformes_Cardinalidae_Pheucticus_chrysopeplus/9b2ba9f6-8237-431a-8984-3f4c03b8398b.jpg,170,176,0,176,170,198,187,432,0.07898475974798203,0.06424961239099503,0.05142638832330704,0.04710954427719116,0.04390212520956993,1,2,Yellow Grosbeak,Red Crossbill,Yellow Grosbeak,Common Firecrest,Chestnut-backed Chickadee,common pawpaw
val/03719_Animalia_Chordata_Aves_Passeriformes_Cardinalidae_Pheucticus_chrysopeplus/3c8981e1-9e53-4a4e-b7a5-25acf572edd5.jpg,170,195,0,195,170,201,169,191,0.2562524378299713,0.1426650583744049,0.10557758063077927,0.05656784772872925,0.041098784655332565,1,2,Yellow Grosbeak,Eastern Towhee,Yellow Grosbeak,Grayish Saltator,Painted Bunting,American Redstart
val/03728_Animalia_Chordata_Aves_Passeriformes_Certhiidae_Certhia_americana/6eba52c1-8a88-4869-809f-bf0a1ab56991.jpg,171,214,0,214,171,211,147,215,0.3444298803806305,0.08892229199409485,0.08395729213953018,0.06777562201023102,0.0361342616379261,1,2,Brown Creeper,Downy Woodpecker,Brown Creeper,Black-crowned Night Heron,European Honey-buzzard,Eastern Screech-Owl
val/03728_Animalia_Chordata_Aves_Passeriformes_Certhiidae_Certhia_americana/030f6f1c-ff8f-423f-9999-e41bd72154f6.jpg,171,7,0,7,171,398,402,468,0.3538071811199188,0.1751093566417694,0.11208083480596542,0.08149093389511108,0.026027902960777283,1,2,Brown Creeper,Emerald Ash Borer,Brown Creeper,black locust,swamp chestnut oak,American elm
val/03728_Animalia_Chordata_Aves_Passeriformes_Certhiidae_Certhia_americana/f174c682-0919-4c03-8c85-dc036d80fb7d.jpg,171,488,0,488,230,171,214,225,0.3258488178253174,0.21135763823986053,0.03795492649078369,0.031542014330625534,0.025152137503027916,1,3,Brown Creeper,baldcypress,American Beaver,Brown Creeper,Downy Woodpecker,Canada Lynx
val/03759_Animalia_Chordata_Aves_Passeriformes_Corvidae_Corvus_ossifragus/64e27990-baef-4668-afc7-e5386fb58f9a.jpg,172,177,0,177,214,341,172,203,0.07995427399873734,0.037626054137945175,0.03278287500143051,0.03001060150563717,0.028822090476751328,1,4,Fish Crow,Barn Swallow,Downy Woodpecker,tree marigold,Fish Crow,Olive-sided Flycatcher
val/03777_Animalia_Chordata_Aves_Passeriformes_Corvidae_Psilorhinus_morio/9980fe56-a4a1-4fd3-903d-1a89194f5726.jpg,173,195,0,195,173,177,207,182,0.3023831248283386,0.28173941373825073,0.12039981782436371,0.04554900527000427,0.027432503178715706,1,2,Brown Jay,Eastern Towhee,Brown Jay,Barn Swallow,Ash-throated Flycatcher,Common Grackle
val/03777_Animalia_Chordata_Aves_Passeriformes_Corvidae_Psilorhinus_morio/bd32c6b4-0512-443d-93c3-d4b98fbe2948.jpg,173,203,0,203,173,201,207,195,0.4776536226272583,0.1057768240571022,0.06752996146678925,0.03147745132446289,0.022901229560375214,1,2,Brown Jay,Olive-sided Flycatcher,Brown Jay,Grayish Saltator,Ash-throated Flycatcher,Eastern Towhee
val/03777_Animalia_Chordata_Aves_Passeriformes_Corvidae_Psilorhinus_morio/5dcad0e2-a06b-4252-bab7-20b9f0a916f5.jpg,173,172,0,172,173,210,182,197,0.143243208527565,0.11670586466789246,0.06911742687225342,0.06061263382434845,0.037697870284318924,1,2,Brown Jay,Fish Crow,Brown Jay,Boat-billed Heron,Common Grackle,Tomtit
val/03777_Animalia_Chordata_Aves_Passeriformes_Corvidae_Psilorhinus_morio/2f098ac6-3cba-46a6-bc62-e477a85ee3c1.jpg,173,211,0,211,173,185,205,147,0.07634466141462326,0.06901233643293381,0.06882823258638382,0.04268287494778633,0.024804774671792984,1,2,Brown Jay,Black-crowned Night Heron,Brown Jay,Familiar Chat,Hammond's Flycatcher,European Honey-buzzard
val/03828_Animalia_Chordata_Aves_Passeriformes_Fringillidae_Loxia_curvirostra/70668b45-22db-423f-ace4-86678b8fcabe.jpg,176,153,0,153,176,196,192,204,0.1298818737268448,0.10731273144483566,0.07553229480981827,0.04097071290016174,0.02117404155433178,1,2,Red Crossbill,Black-chinned Hummingbird,Red Crossbill,Eastern Yellow Robin,Golden-winged Warbler,Western Wood-Pewee
val/03828_Animalia_Chordata_Aves_Passeriformes_Fringillidae_Loxia_curvirostra/134396ac-4ce6-466f-92e2-9d0b381618bb.jpg,176,173,0,173,341,41,176,170,0.11168621480464935,0.07785945385694504,0.06491076946258545,0.06109766662120819,0.058858152478933334,1,4,Red Crossbill,Brown Jay,tree marigold,Common Thread-waisted Wasp,Red Crossbill,Yellow Grosbeak
val/03849_Animalia_Chordata_Aves_Passeriformes_Hirundinidae_Hirundo_rustica/10e1ade6-ee1b-4852-a5a4-9bb3acfe6b3b.jpg,177,165,0,165,162,161,160,177,0.25576186180114746,0.08579777181148529,0.0636477917432785,0.04264937713742256,0.02630043774843216,1,5,Barn Swallow,Wood Sandpiper,Caspian Gull,Black-headed Gull,Hartlaub's Gull,Barn Swallow
val/03849_Animalia_Chordata_Aves_Passeriformes_Hirundinidae_Hirundo_rustica/0fcee27f-e76d-4de9-999c-72cfdb1ec5c2.jpg,177,195,0,195,173,177,182,179,0.18797177076339722,0.10688749700784683,0.08061495423316956,0.049979690462350845,0.027553606778383255,1,3,Barn Swallow,Eastern Towhee,Brown Jay,Barn Swallow,Common Grackle,Southern Rough-winged Swallow
val/03859_Animalia_Chordata_Aves_Passeriformes_Hirundinidae_Riparia_riparia/21d3ba65-9eb6-4a68-b063-e2236f0e2771.jpg,178,146,0,146,212,177,179,178,0.13657362759113312,0.09199456870555878,0.06891646236181259,0.03827616572380066,0.025840632617473602,1,5,Bank Swallow,Imperial Eagle,Dalmatian Pelican,Barn Swallow,Southern Rough-winged Swallow,Bank Swallow
val/03859_Animalia_Chordata_Aves_Passeriformes_Hirundinidae_Riparia_riparia/d7668870-46c0-4117-a8a7-94b8ee24759b.jpg,178,179,0,179,178,155,180,147,0.21091672778129578,0.20968152582645416,0.03390428423881531,0.032052621245384216,0.024342631921172142,1,2,Bank Swallow,Southern Rough-winged Swallow,Bank Swallow,Red-breasted Dotterel,Violet-green Swallow,European Honey-buzzard
val/03860_Animalia_Chordata_Aves_Passeriformes_Hirundinidae_Stelgidopteryx_ruficollis/4abe90da-510c-4ba7-bf38-03c8af8888a1.jpg,179,203,0,203,153,179,177,180,0.32164904475212097,0.2055097073316574,0.11090793460607529,0.06303340196609497,0.04968762770295143,1,3,Southern Rough-winged Swallow,Olive-sided Flycatcher,Black-chinned Hummingbird,Southern Rough-winged Swallow,Barn Swallow,Violet-green Swallow
val/03865_Animalia_Chordata_Aves_Passeriformes_Hirundinidae_Tachycineta_thalassina/f1020dd5-058a-465a-ac46-77e053962456.jpg,180,178,0,178,161,177,180,179,0.14284737408161163,0.0703575611114502,0.052928682416677475,0.04690482094883919,0.03961222618818283,1,4,Violet-green Swallow,Bank Swallow,Black-headed Gull,Barn Swallow,Violet-green Swallow,Southern Rough-winged Swallow
val/03865_Animalia_Chordata_Aves_Passeriformes_Hirundinidae_Tachycineta_thalassina/181c325d-15a6-4c99-8491-8631291dce01.jpg,180,220,0,220,174,180,185,155,0.3895004689693451,0.11868546903133392,0.04699643701314926,0.039363130927085876,0.01945430412888527,1,3,Violet-green Swallow,Klipspringer,Alpine Chough,Violet-green Swallow,Familiar Chat,Red-breasted Dotterel
val/03901_Animalia_Chordata_Aves_Passeriformes_Icteridae_Quiscalus_quiscula/2d3d33e1-08b0-4e4e-a35f-c453651a6169.jpg,182,181,0,181,182,172,201,193,0.36725467443466187,0.19005735218524933,0.052225396037101746,0.04558149725198746,0.028970051556825638,1,2,Common Grackle,Tricolored Blackbird,Common Grackle,Fish Crow,Grayish Saltator,Lark Bunting
val/03901_Animalia_Chordata_Aves_Passeriformes_Icteridae_Quiscalus_quiscula/0f605389-bb0c-40f9-bfca-823314858a6f.jpg,182,181,0,181,182,172,166,174,0.25797441601753235,0.25069713592529297,0.13624820113182068,0.06823122501373291,0.02918514795601368,1,2,Common Grackle,Tricolored Blackbird,Common Grackle,Fish Crow,Red-billed Pigeon,Alpine Chough
val/03938_Animalia_Chordata_Aves_Passeriformes_Meliphagidae_Ptilotula_penicillata/40b278ce-7b2c-436c-a0ea-8d7bb327c9ed.jpg,183,186,0,186,387,207,194,183,0.13418421149253845,0.09194819629192352,0.0894792303442955,0.06926806271076202,0.0608476921916008,1,5,White-plumed Honeyeater,Boreal Chickadee,Prickly mingimingi,Ash-throated Flycatcher,Henslow's Sparrow,White-plumed Honeyeater
val/04040_Animalia_Chordata_Aves_Passeriformes_Paridae_Poecile_hudsonicus/a04d88be-9ecd-4a7d-b51a-98c25e160a4a.jpg,186,199,0,199,186,187,176,179,0.3749322295188904,0.15551874041557312,0.06629630923271179,0.04071011021733284,0.02055172622203827,1,2,Boreal Chickadee,Brown-headed Nuthatch,Boreal Chickadee,Chestnut-backed Chickadee,Red Crossbill,Southern Rough-winged Swallow
val/04040_Animalia_Chordata_Aves_Passeriformes_Paridae_Poecile_hudsonicus/c727e5ab-97a7-4536-a501-d7451513a4df.jpg,186,197,0,197,489,198,186,195,0.12228581309318542,0.10420124232769012,0.10159723460674286,0.08823183178901672,0.05497845262289047,1,4,Boreal Chickadee,Tomtit,Montezuma cypress,Common Firecrest,Boreal Chickadee,Eastern Towhee
val/04040_Animalia_Chordata_Aves_Passeriformes_Paridae_Poecile_hudsonicus/c4fbcc46-fe7d-4886-bb3e-7aeaf0dbf86e.jpg,186,214,0,214,182,313,223,186,0.1206720769405365,0.09874408692121506,0.08390606939792633,0.08287765830755234,0.043040186166763306,1,5,Boreal Chickadee,Downy Woodpecker,Common Grackle,upright hedge-parsley,Gray Wolf,Boreal Chickadee
val/04040_Animalia_Chordata_Aves_Passeriformes_Paridae_Poecile_hudsonicus/fbf58903-cd01-492d-82cb-833c2a904d0e.jpg,186,187,0,187,186,199,175,192,0.5268681049346924,0.22297941148281097,0.042791761457920074,0.03754957765340805,0.018957138061523438,1,2,Boreal Chickadee,Chestnut-backed Chickadee,Boreal Chickadee,Brown-headed Nuthatch,Double-barred Finch,Golden-winged Warbler
val/04043_Animalia_Chordata_Aves_Passeriformes_Paridae_Poecile_rufescens/7c2da025-f072-42ff-98cc-bb824e1d5381.jpg,187,432,0,432,187,209,408,189,0.20733772218227386,0.041991762816905975,0.04073011875152588,0.03827323764562607,0.035023778676986694,1,2,Chestnut-backed Chickadee,common pawpaw,Chestnut-backed Chickadee,Indian White-eye,Kanono,Hooded Warbler
val/04043_Animalia_Chordata_Aves_Passeriformes_Paridae_Poecile_rufescens/516cd1ff-7edd-4fa1-9047-9aa64fd86325.jpg,187,195,0,195,207,187,176,170,0.6273536682128906,0.05123771354556084,0.037189844995737076,0.03632077947258949,0.009459344670176506,1,3,Chestnut-backed Chickadee,Eastern Towhee,Ash-throated Flycatcher,Chestnut-backed Chickadee,Red Crossbill,Yellow Grosbeak
val/04070_Animalia_Chordata_Aves_Passeriformes_Parulidae_Setophaga_citrina/daa4b011-5fcb-4606-8aa1-c821fe0e2614.jpg,189,196,0,196,189,168,169,208,0.14785969257354736,0.11114723235368729,0.04529888927936554,0.023304929956793785,0.019911445677280426,1,2,Hooded Warbler,Eastern Yellow Robin,Hooded Warbler,Black Crake,Painted Bunting,Warbling White-eye
val/04073_Animalia_Chordata_Aves_Passeriformes_Parulidae_Setophaga_dominica/6ee7364b-a6a3-4fa8-8c2a-e2621e59293b.jpg,190,214,0,214,33,190,197,490,0.19788731634616852,0.04729973524808884,0.03338830545544624,0.031176915392279625,0.030579522252082825,1,3,Yellow-throated Warbler,Downy Woodpecker,Ashy Mining Bee,Yellow-throated Warbler,Tomtit,white fir
val/04073_Animalia_Chordata_Aves_Passeriformes_Parulidae_Setophaga_dominica/58a6c740-01c7-4781-b0c2-2e1ee0f80fa3.jpg,190,192,0,192,191,189,190,196,0.35320234298706055,0.10219211876392365,0.09606974571943283,0.08527408540248871,0.03829028457403183,1,4,Yellow-throated Warbler,Golden-winged Warbler,American Redstart,Hooded Warbler,Yellow-throated Warbler,Eastern Yellow Robin
val/04084_Animalia_Chordata_Aves_Passeriformes_Parulidae_Setophaga_ruticilla/cf741cf4-2f7f-4725-b3e9-da0d64de10de.jpg,191,198,0,198,192,191,209,208,0.5235223174095154,0.18108174204826355,0.14631032943725586,0.009140925481915474,0.006116093136370182,1,3,American Redstart,Common Firecrest,Golden-winged Warbler,American Redstart,Indian White-eye,Warbling White-eye
val/04084_Animalia_Chordata_Aves_Passeriformes_Parulidae_Setophaga_ruticilla/2d452f87-e5aa-4d07-8724-002752f52fd1.jpg,191,33,0,33,191,192,102,94,0.13660705089569092,0.11974583566188812,0.05980222299695015,0.03114210069179535,0.02946702018380165,1,2,American Redstart,Ashy Mining Bee,American Redstart,Golden-winged Warbler,Buck Moth,Thoas Swallowtail
val/04084_Animalia_Chordata_Aves_Passeriformes_Parulidae_Setophaga_ruticilla/6ca544e9-341d-4cd3-b98b-fbaea155554d.jpg,191,195,0,195,233,479,116,191,0.10796372592449188,0.08881207555532455,0.04735881835222244,0.04338971525430679,0.03703583776950836,1,5,American Redstart,Eastern Towhee,Red-bellied Squirrel,Goose-berry,Ebony Jewelwing,American Redstart
val/04084_Animalia_Chordata_Aves_Passeriformes_Parulidae_Setophaga_ruticilla/646bc45d-9077-4e2c-b0e3-17e485e59c58.jpg,191,189,0,189,191,100,173,192,0.2550494074821472,0.08803268522024155,0.07764903455972672,0.07616445422172546,0.05733044072985649,1,2,American Redstart,Hooded Warbler,American Redstart,Red-bordered Pixie,Brown Jay,Golden-winged Warbler
val/04089_Animalia_Chordata_Aves_Passeriformes_Parulidae_Vermivora_chrysoptera/60ed6d34-4f8e-49b3-90a5-a1a704635dd2.jpg,192,190,0,190,192,198,191,196,0.1669301986694336,0.14787346124649048,0.05501353368163109,0.05333040654659271,0.041704367846250534,1,2,Golden-winged Warbler,Yellow-throated Warbler,Golden-winged Warbler,Common Firecrest,American Redstart,Eastern Yellow Robin
val/04089_Animalia_Chordata_Aves_Passeriformes_Parulidae_Vermivora_chrysoptera/3cc0df4f-ca7d-495a-ae4d-688a09d44bd3.jpg,192,209,0,209,208,199,198,192,0.17586290836334229,0.08576095104217529,0.0624893382191658,0.06185118481516838,0.04615126922726631,1,5,Golden-winged Warbler,Indian White-eye,Warbling White-eye,Brown-headed Nuthatch,Common Firecrest,Golden-winged Warbler
val/04089_Animalia_Chordata_Aves_Passeriformes_Parulidae_Vermivora_chrysoptera/b5944ebb-e6e6-45d9-baaf-db5fa965afa7.jpg,192,198,0,198,192,342,190,255,0.324817419052124,0.04242429882287979,0.03406615927815437,0.029450856149196625,0.02498924359679222,1,2,Golden-winged Warbler,Common Firecrest,Golden-winged Warbler,California Harebell,Yellow-throated Warbler,Hilton's Aeolid
val/04089_Animalia_Chordata_Aves_Passeriformes_Parulidae_Vermivora_chrysoptera/77d19d4f-7a8d-4840-bff6-31a51a3af69e.jpg,192,170,0,170,190,191,198,192,0.35599878430366516,0.2591964900493622,0.06596025824546814,0.044348519295454025,0.036989614367485046,1,5,Golden-winged Warbler,Yellow Grosbeak,Yellow-throated Warbler,American Redstart,Common Firecrest,Golden-winged Warbler
val/04099_Animalia_Chordata_Aves_Passeriformes_Passerellidae_Calamospiza_melanocorys/0145e7a7-a681-4187-b1e2-6ba48c4ac49f.jpg,193,203,0,203,193,180,204,178,0.4194193482398987,0.19840112328529358,0.06218106299638748,0.059923671185970306,0.0381120890378952,1,2,Lark Bunting,Olive-sided Flycatcher,Lark Bunting,Violet-green Swallow,Western Wood-Pewee,Bank Swallow
val/04099_Animalia_Chordata_Aves_Passeriformes_Passerellidae_Calamospiza_melanocorys/35bf7d86-31ec-4448-a32f-80548b84cc0a.jpg,193,188,0,188,166,193,201,157,0.2658401131629944,0.07843232154846191,0.04070122912526131,0.03301696851849556,0.03139209747314453,1,3,Lark Bunting,Cerulean Warbler,Red-billed Pigeon,Lark Bunting,Grayish Saltator,American Golden-Plover
val/04100_Animalia_Chordata_Aves_Passeriformes_Passerellidae_Centronyx_henslowii/0cc4d9b5-3e98-4c2e-b314-ed1c63dbf108.jpg,194,184,0,184,194,193,176,195,0.47326400876045227,0.31621187925338745,0.02137576788663864,0.01438960526138544,0.008212718181312084,1,2,Henslow's Sparrow,Meadow Pipit,Henslow's Sparrow,Lark Bunting,Red Crossbill,Eastern Towhee
val/04118_Animalia_Chordata_Aves_Passeriformes_Passerellidae_Pipilo_erythrophthalmus/3b91676d-0105-4bb4-a595-0ee64c08996f.jpg,195,191,0,191,195,196,190,63,0.5461472272872925,0.12599323689937592,0.024225564673542976,0.020408958196640015,0.019257573410868645,1,2,Eastern Towhee,American Redstart,Eastern Towhee,Eastern Yellow Robin,Yellow-throated Warbler,Least Skipper
val/04138_Animalia_Chordata_Aves_Passeriformes_Petroicidae_Eopsaltria_australis/80d59175-db14-428a-b3a8-7cb3f853b78f.jpg,196,186,0,186,191,205,196,195,0.3012062609195709,0.12163947522640228,0.08860255032777786,0.06652211397886276,0.0346326008439064,1,4,Eastern Yellow Robin,Boreal Chickadee,American Redstart,Hammond's Flycatcher,Eastern Yellow Robin,Eastern Towhee
val/04142_Animalia_Chordata_Aves_Passeriformes_Petroicidae_Petroica_macrocephala/db550210-77ca-4251-9a8b-d99f54077ae2.jpg,197,223,0,223,247,230,197,226,0.1382180154323578,0.13628578186035156,0.11472217738628387,0.07431276887655258,0.06491309404373169,1,4,Tomtit,Gray Wolf,Western Rattlesnake,American Beaver,Tomtit,Hooded Skunk
val/04142_Animalia_Chordata_Aves_Passeriformes_Petroicidae_Petroica_macrocephala/a60f1b57-23e4-4fc5-a099-b9d812598cca.jpg,197,226,0,226,190,192,33,197,0.12443643808364868,0.09662466496229172,0.08387280255556107,0.05872507765889168,0.05491781234741211,1,5,Tomtit,Hooded Skunk,Yellow-throated Warbler,Golden-winged Warbler,Ashy Mining Bee,Tomtit
val/04178_Animalia_Chordata_Aves_Passeriformes_Regulidae_Regulus_ignicapilla/ada11ee4-97bd-41de-9db2-43769043fa9b.jpg,198,170,0,170,169,198,196,189,0.3099687993526459,0.04544879496097565,0.042649172246456146,0.0355050154030323,0.034189555794000626,1,3,Common Firecrest,Yellow Grosbeak,Painted Bunting,Common Firecrest,Eastern Yellow Robin,Hooded Warbler
val/04189_Animalia_Chordata_Aves_Passeriformes_Sittidae_Sitta_pusilla/f3454eff-ce20-4637-9114-d52fe3b0078c.jpg,199,186,0,186,199,206,180,200,0.16351047158241272,0.11336973309516907,0.10148309916257858,0.10116886347532272,0.028980117291212082,1,2,Brown-headed Nuthatch,Boreal Chickadee,Brown-headed Nuthatch,Masked Water-Tyrant,Violet-green Swallow,Wrentit
val/04189_Animalia_Chordata_Aves_Passeriformes_Sittidae_Sitta_pusilla/6fd88c57-439c-47c9-8392-2a6d33394cbf.jpg,199,186,0,186,187,198,205,199,0.26839905977249146,0.1920682042837143,0.09915675967931747,0.09818629920482635,0.04511400684714317,1,5,Brown-headed Nuthatch,Boreal Chickadee,Chestnut-backed Chickadee,Common Firecrest,Hammond's Flycatcher,Brown-headed Nuthatch
val/04203_Animalia_Chordata_Aves_Passeriformes_Sylviidae_Chamaea_fasciata/bc760127-2539-481f-a2f7-e4fc032ced7f.jpg,200,197,0,197,200,186,205,187,0.23980093002319336,0.13887611031532288,0.05847937613725662,0.05834897607564926,0.05615000054240227,1,2,Wrentit,Tomtit,Wrentit,Boreal Chickadee,Hammond's Flycatcher,Chestnut-backed Chickadee
val/04228_Animalia_Chordata_Aves_Passeriformes_Thraupidae_Saltator_coerulescens/ca930f0e-89c8-44e7-bf97-8c32bee8ab19.jpg,201,170,0,170,196,201,189,208,0.18798169493675232,0.05453851819038391,0.05102214217185974,0.05020881071686745,0.04478706419467926,1,3,Grayish Saltator,Yellow Grosbeak,Eastern Yellow Robin,Grayish Saltator,Hooded Warbler,Warbling White-eye
val/04228_Animalia_Chordata_Aves_Passeriformes_Thraupidae_Saltator_coerulescens/07cb24dc-229c-47c8-8264-a4fd4880b11d.jpg,201,190,0,190,196,201,203,192,0.14492365717887878,0.05188971012830734,0.042051006108522415,0.03537840396165848,0.035073172301054,1,3,Grayish Saltator,Yellow-throated Warbler,Eastern Yellow Robin,Grayish Saltator,Olive-sided Flycatcher,Golden-winged Warbler
val/04245_Animalia_Chordata_Aves_Passeriformes_Thraupidae_Thraupis_episcopus/34710505-5747-4bdb-bfe3-f90e4371edbf.jpg,202,201,0,201,202,188,166,175,0.4302249848842621,0.15623755753040314,0.12517522275447845,0.01848110370337963,0.01619383506476879,1,2,Blue-gray Tanager,Grayish Saltator,Blue-gray Tanager,Cerulean Warbler,Red-billed Pigeon,Double-barred Finch
val/04245_Animalia_Chordata_Aves_Passeriformes_Thraupidae_Thraupis_episcopus/6ed088ca-ff8f-40cd-b7fd-7a0bca43af58.jpg,202,405,0,405,202,465,477,188,0.173239067196846,0.1484820395708084,0.07806208729743958,0.07511566579341888,0.04329914599657059,1,2,Blue-gray Tanager,Coast silk tassel,Blue-gray Tanager,Blackthorn,jade plant,Cerulean Warbler
val/04293_Animalia_Chordata_Aves_Passeriformes_Tyrannidae_Contopus_cooperi/5a44fcb1-86ef-4086-9a27-7d7b111a1b0f.jpg,203,172,0,172,203,180,153,197,0.25732293725013733,0.20349013805389404,0.07916294038295746,0.04183236137032509,0.02629583515226841,1,2,Olive-sided Flycatcher,Fish Crow,Olive-sided Flycatcher,Violet-green Swallow,Black-chinned Hummingbird,Tomtit
val/04293_Animalia_Chordata_Aves_Passeriformes_Tyrannidae_Contopus_cooperi/7c81a2c6-c4d1-4817-b1e0-99d53d3aebb0.jpg,203,204,0,204,203,205,207,179,0.5069364905357361,0.37713754177093506,0.04064881429076195,0.017535902559757233,0.00766442297026515,1,2,Olive-sided Flycatcher,Western Wood-Pewee,Olive-sided Flycatcher,Hammond's Flycatcher,Ash-throated Flycatcher,Southern Rough-winged Swallow
val/04295_Animalia_Chordata_Aves_Passeriformes_Tyrannidae_Contopus_sordidulus/a858a46a-3fd7-41fe-b301-5baf7a289abb.jpg,204,203,0,203,204,218,173,201,0.34345322847366333,0.08868211507797241,0.03905080258846283,0.03304734826087952,0.03055686131119728,1,2,Western Wood-Pewee,Olive-sided Flycatcher,Western Wood-Pewee,Black-throated Trogon,Brown Jay,Grayish Saltator
val/04295_Animalia_Chordata_Aves_Passeriformes_Tyrannidae_Contopus_sordidulus/217473c7-b2d7-43ce-a736-29ebf40f9212.jpg,204,203,0,203,207,204,173,205,0.5779710412025452,0.1279810220003128,0.04797036945819855,0.03688379377126694,0.01401334535330534,1,3,Western Wood-Pewee,Olive-sided Flycatcher,Ash-throated Flycatcher,Western Wood-Pewee,Brown Jay,Hammond's Flycatcher
val/04302_Animalia_Chordata_Aves_Passeriformes_Tyrannidae_Empidonax_hammondii/32009a29-b40f-4910-a842-f4e986877e7a.jpg,205,207,0,207,204,205,179,203,0.4423069953918457,0.2603965401649475,0.10979709774255753,0.017473939806222916,0.015331057831645012,1,3,Hammond's Flycatcher,Ash-throated Flycatcher,Western Wood-Pewee,Hammond's Flycatcher,Southern Rough-winged Swallow,Olive-sided Flycatcher
val/04308_Animalia_Chordata_Aves_Passeriformes_Tyrannidae_Fluvicola_nengeta/00d1083e-bec7-456a-99e7-609ceef1897c.jpg,206,153,0,153,295,206,185,360,0.6341177225112915,0.07051914930343628,0.014155272394418716,0.009810528717935085,0.007753012701869011,1,3,Masked Water-Tyrant,Black-chinned Hummingbird,Philippine Ground Orchid,Masked Water-Tyrant,Familiar Chat,ragged-Robin
val/04350_Animalia_Chordata_Aves_Passeriformes_Zosteropidae_Zosterops_japonicus/b2d78742-7386-4338-8b87-2475b536784e.jpg,208,209,0,209,208,198,179,170,0.5148036479949951,0.2174299955368042,0.03579648956656456,0.019658291712403297,0.00854439940303564,1,2,Warbling White-eye,Indian White-eye,Warbling White-eye,Common Firecrest,Southern Rough-winged Swallow,Yellow Grosbeak
val/04350_Animalia_Chordata_Aves_Passeriformes_Zosteropidae_Zosterops_japonicus/ba350e4a-5d0c-41b1-a2bd-7db6f2a0eb1b.jpg,208,183,0,183,209,205,208,198,0.6915085315704346,0.08770813792943954,0.05813891440629959,0.030771231278777122,0.02391589991748333,1,4,Warbling White-eye,White-plumed Honeyeater,Indian White-eye,Hammond's Flycatcher,Warbling White-eye,Common Firecrest
val/04350_Animalia_Chordata_Aves_Passeriformes_Zosteropidae_Zosterops_japonicus/90920e5f-a37e-41e3-8024-ad08e863c871.jpg,208,394,0,394,208,338,308,196,0.13560013473033905,0.12527517974376678,0.06403934955596924,0.038453686982393265,0.02806052193045616,1,2,Warbling White-eye,longleaf wattle,Warbling White-eye,common wrinkle-leaved goldenrod,Green Bristle Grass,Eastern Yellow Robin
val/04350_Animalia_Chordata_Aves_Passeriformes_Zosteropidae_Zosterops_japonicus/9ace0ece-aaf6-477a-9fde-31e27be53161.jpg,208,209,0,209,208,198,169,183,0.5398736000061035,0.35200732946395874,0.00979537796229124,0.005227158777415752,0.004884623922407627,1,2,Warbling White-eye,Indian White-eye,Warbling White-eye,Common Firecrest,Painted Bunting,White-plumed Honeyeater
val/04352_Animalia_Chordata_Aves_Passeriformes_Zosteropidae_Zosterops_palpebrosus/7ec5632d-497f-474b-bf51-fc8a1c58c82e.jpg,209,208,0,208,209,183,189,170,0.4075722098350525,0.34975042939186096,0.013696528971195221,0.010021627880632877,0.0071631064638495445,1,2,Indian White-eye,Warbling White-eye,Indian White-eye,White-plumed Honeyeater,Hooded Warbler,Yellow Grosbeak
val/04352_Animalia_Chordata_Aves_Passeriformes_Zosteropidae_Zosterops_palpebrosus/436800fe-3e71-4858-99e7-31cfce146922.jpg,209,208,0,208,209,169,183,198,0.5554276704788208,0.33892303705215454,0.009300810284912586,0.005456679500639439,0.0054079825058579445,1,2,Indian White-eye,Warbling White-eye,Indian White-eye,Painted Bunting,White-plumed Honeyeater,Common Firecrest
val/04352_Animalia_Chordata_Aves_Passeriformes_Zosteropidae_Zosterops_palpebrosus/f14d63c9-ec1f-44c6-8243-4008f721eeb3.jpg,209,208,0,208,209,170,183,198,0.4732542037963867,0.07653877884149551,0.04723595827817917,0.036140404641628265,0.01675109937787056,1,2,Indian White-eye,Warbling White-eye,Indian White-eye,Yellow Grosbeak,White-plumed Honeyeater,Common Firecrest
val/04352_Animalia_Chordata_Aves_Passeriformes_Zosteropidae_Zosterops_palpebrosus/04c49073-9943-4605-89a2-30fd8257603c.jpg,209,208,0,208,209,189,183,169,0.515373945236206,0.36868107318878174,0.006893408950418234,0.0030336661729961634,0.0025344511959701777,1,2,Indian White-eye,Warbling White-eye,Indian White-eye,Hooded Warbler,White-plumed Honeyeater,Painted Bunting
val/04386_Animalia_Chordata_Aves_Pelecaniformes_Ardeidae_Nycticorax_nycticorax/e5f4367e-1883-494c-ad0e-95c7d3ca800a.jpg,211,206,0,206,211,210,160,163,0.19384777545928955,0.1740735024213791,0.04889169707894325,0.04816778749227524,0.045815639197826385,1,2,Black-crowned Night Heron,Masked Water-Tyrant,Black-crowned Night Heron,Boat-billed Heron,Hartlaub's Gull,Glaucous-winged Gull
val/04391_Animalia_Chordata_Aves_Pelecaniformes_Pelecanidae_Pelecanus_crispus/660563e6-843f-40b5-8249-0b9e4367298f.jpg,212,213,0,213,212,211,162,163,0.1445620357990265,0.11580732464790344,0.09986887127161026,0.06783519685268402,0.06262768059968948,1,2,Dalmatian Pelican,American Flamingo,Dalmatian Pelican,Black-crowned Night Heron,Caspian Gull,Glaucous-winged Gull
val/04442_Animalia_Chordata_Aves_Piciformes_Picidae_Dryobates_pubescens/e8d69a8f-e5f2-4aaf-8c25-c267bbc45f11.jpg,214,188,0,188,214,33,210,156,0.3995136320590973,0.05916305631399155,0.03391154482960701,0.0247716773301363,0.022591080516576767,1,2,Downy Woodpecker,Cerulean Warbler,Downy Woodpecker,Ashy Mining Bee,Boat-billed Heron,Wilson's Plover
val/04553_Animalia_Chordata_Aves_Strigiformes_Strigidae_Megascops_asio/9de5b8e9-2a88-4b64-89ed-8bd4b420cc0f.jpg,215,85,0,85,215,176,443,171,0.13929468393325806,0.08730470389127731,0.03856052830815315,0.03743917867541313,0.031131479889154434,1,2,Eastern Screech-Owl,Angulose Prominent Moth,Eastern Screech-Owl,Red Crossbill,velvetleaf,Brown Creeper
val/04553_Animalia_Chordata_Aves_Strigiformes_Strigidae_Megascops_asio/9843dfb5-1c1a-459b-be47-5b22d259322f.jpg,215,230,0,230,215,231,358,50,0.2505694329738617,0.0488363653421402,0.036782264709472656,0.022778090089559555,0.01799917034804821,1,2,Eastern Screech-Owl,American Beaver,Eastern Screech-Owl,Bank Vole,California barrel cactus,Woody Underwing
val/04578_Animalia_Chordata_Aves_Suliformes_Phalacrocoracidae_Phalacrocorax_pelagicus/f185abe4-96d5-4bee-b726-3ac679aee3db.jpg,216,217,0,217,216,151,150,152,0.3490750193595886,0.21941065788269043,0.12827399373054504,0.061637260019779205,0.008810272440314293,1,2,Pelagic Cormorant,Brandt's Cormorant,Pelagic Cormorant,Smew,Surf Scoter,Common Merganser
val/04578_Animalia_Chordata_Aves_Suliformes_Phalacrocoracidae_Phalacrocorax_pelagicus/2ad5840f-f26d-4c6f-a5f0-f6ec8adf4f0d.jpg,216,217,0,217,227,216,172,150,0.3858940005302429,0.16581279039382935,0.05597974359989166,0.046949602663517,0.018561461940407753,1,3,Pelagic Cormorant,Brandt's Cormorant,New Zealand Sea Lion,Pelagic Cormorant,Fish Crow,Surf Scoter
val/04579_Animalia_Chordata_Aves_Suliformes_Phalacrocoracidae_Phalacrocorax_penicillatus/560068d1-fd87-4d2a-b047-675bf7839987.jpg,217,216,0,216,217,210,172,181,0.3883415460586548,0.27910760045051575,0.022664664313197136,0.017448794096708298,0.015113414265215397,1,2,Brandt's Cormorant,Pelagic Cormorant,Brandt's Cormorant,Boat-billed Heron,Fish Crow,Tricolored Blackbird
val/04579_Animalia_Chordata_Aves_Suliformes_Phalacrocoracidae_Phalacrocorax_penicillatus/7e7b92fe-a43f-496c-afef-24f2d6bcfdb7.jpg,217,216,0,216,217,182,227,242,0.6751163601875305,0.19266588985919952,0.01240238081663847,0.006337265484035015,0.003003249876201153,1,2,Brandt's Cormorant,Pelagic Cormorant,Brandt's Cormorant,Common Grackle,New Zealand Sea Lion,Brown Basilisk
val/04579_Animalia_Chordata_Aves_Suliformes_Phalacrocoracidae_Phalacrocorax_penicillatus/55f85ca0-a3c2-4cb9-b396-a2b80ed58a5d.jpg,217,216,0,216,217,150,182,172,0.6991376280784607,0.24585291743278503,0.0035870352294296026,0.0029269540682435036,0.0014360893983393908,1,2,Brandt's Cormorant,Pelagic Cormorant,Brandt's Cormorant,Surf Scoter,Common Grackle,Fish Crow
val/04641_Animalia_Chordata_Mammalia_Artiodactyla_Bovidae_Tragelaphus_oryx/cfff82ae-60df-443d-965b-32a609d247ba.jpg,221,222,0,222,229,221,220,223,0.43767249584198,0.16947659850120544,0.1638871133327484,0.012102563865482807,0.005482942331582308,1,3,Eland,White-tailed Deer,Western Grey Kangaroo,Eland,Klipspringer,Gray Wolf
val/04641_Animalia_Chordata_Mammalia_Artiodactyla_Bovidae_Tragelaphus_oryx/073dd36e-22f9-456a-94a7-cea505bde459.jpg,221,222,0,222,221,229,220,456,0.500022292137146,0.14297911524772644,0.02934308722615242,0.007061688229441643,0.00351041741669178,1,2,Eland,White-tailed Deer,Eland,Western Grey Kangaroo,Klipspringer,Virginia virgin's-bower
val/04654_Animalia_Chordata_Mammalia_Artiodactyla_Cervidae_Odocoileus_virginianus/a6b53efd-aa1f-4ad1-aa28-2761cd8f9678.jpg,222,229,0,229,222,225,215,233,0.25369492173194885,0.2341049313545227,0.12349139153957367,0.026103194802999496,0.015004126355051994,1,2,White-tailed Deer,Western Grey Kangaroo,White-tailed Deer,Canada Lynx,Eastern Screech-Owl,Red-bellied Squirrel
val/04654_Animalia_Chordata_Mammalia_Artiodactyla_Cervidae_Odocoileus_virginianus/bbf01610-83fa-4777-a0b4-739871f141d2.jpg,222,234,0,234,230,222,223,474,0.04600498080253601,0.039362259209156036,0.033859983086586,0.02216104418039322,0.019679207354784012,1,3,White-tailed Deer,Common Caiman,American Beaver,White-tailed Deer,Gray Wolf,elephant tree
val/04654_Animalia_Chordata_Mammalia_Artiodactyla_Cervidae_Odocoileus_virginianus/e2406060-f634-440d-9b96-4635fe2b9d40.jpg,222,80,0,80,222,371,107,7,0.07050573080778122,0.04249349236488342,0.036236587911844254,0.03136064112186432,0.01487365085631609,1,2,White-tailed Deer,Alfalfa Looper,White-tailed Deer,canaigre dock,Blinded Sphinx Moth,Emerald Ash Borer
val/04671_Animalia_Chordata_Mammalia_Carnivora_Canidae_Canis_lupus/5218a3dc-5840-479e-a6cc-d21a11c4d5a7.jpg,223,178,0,178,156,155,223,157,0.2503823935985565,0.17324349284172058,0.11317241191864014,0.06532705575227737,0.03963161259889603,1,4,Gray Wolf,Bank Swallow,Wilson's Plover,Red-breasted Dotterel,Gray Wolf,American Golden-Plover
val/04671_Animalia_Chordata_Mammalia_Carnivora_Canidae_Canis_lupus/08262b72-b7e1-4447-9179-05ea7d1e00d5.jpg,223,489,0,489,223,213,159,152,0.18703587353229523,0.1808435171842575,0.1368194967508316,0.10440150648355484,0.057698577642440796,1,2,Gray Wolf,Montezuma cypress,Gray Wolf,American Flamingo,American Oystercatcher,Common Merganser
val/04673_Animalia_Chordata_Mammalia_Carnivora_Canidae_Lycalopex_culpaeus/4ecad340-33d0-476c-8a84-0a6f93719aa0.jpg,224,178,0,178,223,222,224,237,0.0900360569357872,0.08190849423408508,0.07044322788715363,0.06012478470802307,0.029381094500422478,1,4,Culpeo,Bank Swallow,Gray Wolf,White-tailed Deer,Culpeo,Texas Alligator Lizard
val/04680_Animalia_Chordata_Mammalia_Carnivora_Felidae_Lynx_canadensis/14b83c18-104e-49f9-94f0-ed895d6f8a3c.jpg,225,223,0,223,151,225,152,222,0.20890860259532928,0.12101292610168457,0.12099947780370712,0.10923393815755844,0.08548011630773544,1,3,Canada Lynx,Gray Wolf,Smew,Canada Lynx,Common Merganser,White-tailed Deer
val/04680_Animalia_Chordata_Mammalia_Carnivora_Felidae_Lynx_canadensis/c23cc5f9-1e46-4bab-89c4-77bb7efd35b6.jpg,225,224,0,224,225,223,152,230,0.3180887997150421,0.08920424431562424,0.05878554284572601,0.04532700777053833,0.022167891263961792,1,2,Canada Lynx,Culpeo,Canada Lynx,Gray Wolf,Common Merganser,American Beaver
val/04680_Animalia_Chordata_Mammalia_Carnivora_Felidae_Lynx_canadensis/82c485db-c467-4862-a75b-bbf8f07e233f.jpg,225,223,0,223,225,395,151,184,0.1872473955154419,0.041792549192905426,0.038245461881160736,0.037815481424331665,0.035349175333976746,1,2,Canada Lynx,Gray Wolf,Canada Lynx,Scotch Broom,Smew,Meadow Pipit
val/04708_Animalia_Chordata_Mammalia_Carnivora_Otariidae_Phocarctos_hookeri/209b0cd5-4bf2-4cf6-98ba-7efb9c19dfba.jpg,227,232,0,232,227,229,230,222,0.2037251889705658,0.1748938262462616,0.06771556288003922,0.05314158648252487,0.03764048218727112,1,2,New Zealand Sea Lion,Woodchuck,New Zealand Sea Lion,Western Grey Kangaroo,American Beaver,White-tailed Deer
val/04794_Animalia_Chordata_Mammalia_Rodentia_Castoridae_Castor_canadensis/b6b071a7-c666-4eaf-82bf-b4a8944cd800.jpg,230,232,0,232,230,229,231,381,0.4983426034450531,0.17497020959854126,0.0416380912065506,0.016364572569727898,0.0052007338963449,1,2,American Beaver,Woodchuck,American Beaver,Western Grey Kangaroo,Bank Vole,common heather
val/04794_Animalia_Chordata_Mammalia_Rodentia_Castoridae_Castor_canadensis/b856bb30-cbee-4e41-b1be-824c4a784cd9.jpg,230,130,0,130,230,219,235,139,0.6733980178833008,0.061299119144678116,0.013254830613732338,0.01274198293685913,0.01272450853139162,1,2,American Beaver,Chub,American Beaver,Nurse Shark,Belize Crocodile,Striped Eel Catfish
val/04794_Animalia_Chordata_Mammalia_Rodentia_Castoridae_Castor_canadensis/282076cd-f687-4693-9a08-0138f887dbb6.jpg,230,7,0,7,230,272,216,488,0.29239070415496826,0.1510513424873352,0.12289462983608246,0.050277989357709885,0.0354418121278286,1,2,American Beaver,Emerald Ash Borer,American Beaver,Hoof Fungus,Pelagic Cormorant,baldcypress
val/04843_Animalia_Chordata_Mammalia_Rodentia_Sciuridae_Sciurus_aureogaster/8979c9b2-0d0e-4c12-b7ec-a6a1bd59f02d.jpg,233,232,0,232,226,229,149,233,0.07946763932704926,0.07588781416416168,0.04558078572154045,0.03486160561442375,0.03456659987568855,1,5,Red-bellied Squirrel,Woodchuck,Hooded Skunk,Western Grey Kangaroo,Mute Swan,Red-bellied Squirrel
val/04860_Animalia_Chordata_Reptilia_Crocodylia_Alligatoridae_Caiman_crocodilus/866dd587-2df5-4233-a3b2-6438899f3043.jpg,234,143,0,143,141,234,353,425,0.6886945366859436,0.04328608140349388,0.04279351979494095,0.036252059042453766,0.022421233355998993,1,3,Common Caiman,Northern Red-legged Frog,Cachabi Robber Frog,Common Caiman,Mignonette vine,American brooklime
val/04860_Animalia_Chordata_Reptilia_Crocodylia_Alligatoridae_Caiman_crocodilus/6621fd9a-c156-4e95-a28c-fcd258075938.jpg,234,235,0,235,234,80,168,135,0.6247934103012085,0.28202491998672485,0.0011049627792090178,0.0010295385727658868,0.0009669012506492436,1,2,Common Caiman,Belize Crocodile,Common Caiman,Alfalfa Looper,Black Crake,Yellow Perch
val/04860_Animalia_Chordata_Reptilia_Crocodylia_Alligatoridae_Caiman_crocodilus/c4e284c2-04e9-4140-a341-1ad0a2a0e4e1.jpg,234,235,0,235,234,168,80,230,0.5756045579910278,0.3184674382209778,0.0016190705355256796,0.0014701742911711335,0.001178837032057345,1,2,Common Caiman,Belize Crocodile,Common Caiman,Black Crake,Alfalfa Looper,American Beaver
val/04860_Animalia_Chordata_Reptilia_Crocodylia_Alligatoridae_Caiman_crocodilus/452a819c-eb02-4a5c-a4a1-1a6268b8915d.jpg,234,235,0,235,234,80,237,494,0.851177990436554,0.06908724457025528,0.0015240367501974106,0.0012173322029411793,0.0011581042781472206,1,2,Common Caiman,Belize Crocodile,Common Caiman,Alfalfa Looper,Texas Alligator Lizard,Hen and Chicks Fern
val/04862_Animalia_Chordata_Reptilia_Crocodylia_Crocodylidae_Crocodylus_moreletii/d945edcf-1f90-45d6-b272-a3ba9fce4bbd.jpg,235,145,0,145,235,234,242,219,0.2114524245262146,0.1996539980173111,0.09261862188577652,0.03958265855908394,0.03951582312583923,1,2,Belize Crocodile,Italian Crested Newt,Belize Crocodile,Common Caiman,Brown Basilisk,Nurse Shark
val/04862_Animalia_Chordata_Reptilia_Crocodylia_Crocodylidae_Crocodylus_moreletii/5e441319-249e-406d-9e8b-6481b897e357.jpg,235,234,0,234,235,230,152,161,0.4183998703956604,0.3551432490348816,0.011206668801605701,0.008060665801167488,0.004999971482902765,1,2,Belize Crocodile,Common Caiman,Belize Crocodile,American Beaver,Common Merganser,Black-headed Gull
val/04879_Animalia_Chordata_Reptilia_Squamata_Anguidae_Anguis_veronensis/55a59f34-670e-43a9-b0af-9f96c4115c89.jpg,236,240,0,240,236,241,245,38,0.5584005117416382,0.3176612854003906,0.011865242384374142,0.010547240264713764,0.0014456406934186816,1,2,Italian Slow Worm,Flat-headed Snake,Italian Slow Worm,Aesculapian Snake,Mole Snake,New York Carpenter Ant
val/04879_Animalia_Chordata_Reptilia_Squamata_Anguidae_Anguis_veronensis/bcf0f230-72f3-4bae-890a-1aa321728d2c.jpg,236,471,0,471,236,462,241,411,0.14749395847320557,0.13285177946090698,0.06350430846214294,0.051810335367918015,0.029364418238401413,1,2,Italian Slow Worm,Dwarf Nettle,Italian Slow Worm,dwarf cinquefoil,Aesculapian Snake,lemon balm
val/04904_Animalia_Chordata_Reptilia_Squamata_Colubridae_Dendrelaphis_pictus/ac2ab00a-d0d3-4104-8483-ec66208af5ad.jpg,238,467,0,467,238,398,447,331,0.20063373446464539,0.09869775921106339,0.06415587663650513,0.03151191398501396,0.018269194290041924,1,2,Common Bronze-back,Rubus schmidelioides,Common Bronze-back,black locust,Wineberry,Snow Squarestem
val/04925_Animalia_Chordata_Reptilia_Squamata_Colubridae_Lampropeltis_triangulum/9774691b-5129-4c5d-b383-ce466f43e7d3.jpg,239,248,0,248,247,239,237,241,0.34532031416893005,0.20067721605300903,0.10526573657989502,0.05709296092391014,0.0513041615486145,1,3,Eastern Milksnake,Massasauga,Western Rattlesnake,Eastern Milksnake,Texas Alligator Lizard,Aesculapian Snake
val/04964_Animalia_Chordata_Reptilia_Squamata_Colubridae_Tantilla_gracilis/5418bac3-33be-4c96-ba87-3b3598b55ecf.jpg,240,241,0,241,240,245,238,131,0.5067322850227356,0.23965783417224884,0.08859279751777649,0.0069894795306026936,0.005886785686016083,1,2,Flat-headed Snake,Aesculapian Snake,Flat-headed Snake,Mole Snake,Common Bronze-back,Redbreast Sunfish
val/04964_Animalia_Chordata_Reptilia_Squamata_Colubridae_Tantilla_gracilis/90855b84-0c43-4f79-8f4d-0b51a2116241.jpg,240,128,0,128,236,129,240,241,0.12000476568937302,0.11035030335187912,0.10832275450229645,0.05694212019443512,0.054644614458084106,1,4,Flat-headed Snake,Bluntnose Minnow,Italian Slow Worm,Blacknose Dace,Flat-headed Snake,Aesculapian Snake
val/04977_Animalia_Chordata_Reptilia_Squamata_Colubridae_Zamenis_longissimus/6910ea2c-e532-48ba-9ab5-aae959ae1c1b.jpg,241,236,0,236,241,240,238,245,0.3578110933303833,0.286636620759964,0.061188407242298126,0.02789515256881714,0.024713585153222084,1,2,Aesculapian Snake,Italian Slow Worm,Aesculapian Snake,Flat-headed Snake,Common Bronze-back,Mole Snake
val/04977_Animalia_Chordata_Reptilia_Squamata_Colubridae_Zamenis_longissimus/40787328-7aca-4ee7-b4f3-fb05e83a3351.jpg,241,236,0,236,240,241,238,245,0.6337479948997498,0.11999091506004333,0.09286440908908844,0.013699525967240334,0.004696832504123449,1,3,Aesculapian Snake,Italian Slow Worm,Flat-headed Snake,Aesculapian Snake,Common Bronze-back,Mole Snake
val/04977_Animalia_Chordata_Reptilia_Squamata_Colubridae_Zamenis_longissimus/a8909f0d-fa91-4445-9406-5bc836513bd4.jpg,241,236,0,236,237,241,238,108,0.5115380883216858,0.06926377862691879,0.03313237428665161,0.02392970211803913,0.022319389507174492,1,3,Aesculapian Snake,Italian Slow Worm,Texas Alligator Lizard,Aesculapian Snake,Common Bronze-back,Pine Hawk-Moth
val/04995_Animalia_Chordata_Reptilia_Squamata_Elapidae_Micrurus_tener/629752d3-996f-4bd6-9052-bd1ad4ee836c.jpg,243,4,0,4,420,5,242,243,0.2554428279399872,0.08257178962230682,0.07894832640886307,0.052737925201654434,0.03828853368759155,1,5,Texas Coralsnake,Paravaejovis puritanus,Beechdrops,Eastern Bark Centipede,Brown Basilisk,Texas Coralsnake
val/05016_Animalia_Chordata_Reptilia_Squamata_Iguanidae_Iguana_iguana/ac587717-b924-483e-953b-d2708e84ee2b.jpg,244,243,0,243,244,26,242,234,0.07447348535060883,0.06293795257806778,0.0556400902569294,0.03880152851343155,0.02852810174226761,1,2,Green Iguana,Texas Coralsnake,Green Iguana,Western Leaf-footed Bug,Brown Basilisk,Common Caiman
val/05028_Animalia_Chordata_Reptilia_Squamata_Lamprophiidae_Pseudaspis_cana/ea87069e-a197-45cf-8ccd-04b7152abc76.jpg,245,241,0,241,245,238,240,236,0.6357975006103516,0.06773658841848373,0.04400407150387764,0.03804915398359299,0.02481222152709961,1,2,Mole Snake,Aesculapian Snake,Mole Snake,Common Bronze-back,Flat-headed Snake,Italian Slow Worm
val/05028_Animalia_Chordata_Reptilia_Squamata_Lamprophiidae_Pseudaspis_cana/236beb47-bb0d-48c2-9d95-f1bdd60bb907.jpg,245,241,0,241,247,245,240,237,0.5895156264305115,0.09576859325170517,0.05633409321308136,0.010921964421868324,0.010501050390303135,1,3,Mole Snake,Aesculapian Snake,Western Rattlesnake,Mole Snake,Flat-headed Snake,Texas Alligator Lizard
val/05028_Animalia_Chordata_Reptilia_Squamata_Lamprophiidae_Pseudaspis_cana/605bbb03-eedb-4238-b9ea-72c887a9da48.jpg,245,241,0,241,245,239,238,247,0.2981134057044983,0.13221773505210876,0.1001540943980217,0.03772440552711487,0.0199486892670393,1,2,Mole Snake,Aesculapian Snake,Mole Snake,Eastern Milksnake,Common Bronze-back,Western Rattlesnake
val/05118_Animalia_Chordata_Reptilia_Squamata_Viperidae_Crotalus_oreganus/78844d60-25da-4e38-9deb-f44659f13ecd.jpg,247,248,0,248,245,247,464,347,0.2741508483886719,0.13479353487491608,0.11647215485572815,0.04514136537909508,0.030164934694767,1,3,Western Rattlesnake,Massasauga,Mole Snake,Western Rattlesnake,sand cherry,European Searocket
val/05118_Animalia_Chordata_Reptilia_Squamata_Viperidae_Crotalus_oreganus/e2ef6d20-768e-4d74-abc7-a624944a0e4c.jpg,247,239,0,239,248,5,247,306,0.592009961605072,0.03995601087808609,0.028694089502096176,0.018203677609562874,0.01809008978307247,1,4,Western Rattlesnake,Eastern Milksnake,Massasauga,Eastern Bark Centipede,Western Rattlesnake,Dallis grass
val/05118_Animalia_Chordata_Reptilia_Squamata_Viperidae_Crotalus_oreganus/200eecdf-68b7-4913-a4b6-7f7b0f46b17a.jpg,247,248,0,248,247,239,486,143,0.5670297741889954,0.17391172051429749,0.013473124243319035,0.007343150209635496,0.004816433414816856,1,2,Western Rattlesnake,Massasauga,Western Rattlesnake,Eastern Milksnake,Pima Rhatany,Northern Red-legged Frog
val/05124_Animalia_Chordata_Reptilia_Squamata_Viperidae_Sistrurus_catenatus/b8465f22-7b33-4990-8c80-94f903084d2d.jpg,248,247,0,247,248,239,241,245,0.638543426990509,0.20937083661556244,0.03347101807594299,0.004687006585299969,0.0017697561997920275,1,2,Massasauga,Western Rattlesnake,Massasauga,Eastern Milksnake,Aesculapian Snake,Mole Snake
val/05124_Animalia_Chordata_Reptilia_Squamata_Viperidae_Sistrurus_catenatus/33c18e4a-b0eb-487b-bccc-1d4e2f210f4a.jpg,248,221,0,221,160,245,248,229,0.09909830242395401,0.06540758907794952,0.06434084475040436,0.04022516310214996,0.034776587039232254,1,4,Massasauga,Eland,Hartlaub's Gull,Mole Snake,Massasauga,Western Grey Kangaroo
val/05220_Animalia_Mollusca_Bivalvia_Cardiida_Cardiidae_Clinocardium_nuttallii/be9d054d-5958-4606-bea6-f4298bbf0b4b.jpg,250,252,0,252,250,254,253,155,0.3616338074207306,0.2000415027141571,0.07174716889858246,0.039474792778491974,0.014095048420131207,1,2,Nuttall's Cockle,Common Whelk,Nuttall's Cockle,Lettered Olive,California Cone,Red-breasted Dotterel
val/05273_Animalia_Mollusca_Gastropoda_Littorinimorpha_Strombidae_Aliger_gigas/678967bf-e9c2-4f24-bfbe-761ab778f44d.jpg,251,252,0,252,251,112,270,60,0.30796313285827637,0.2673719525337219,0.09840425848960876,0.021862881258130074,0.013124007731676102,1,2,Queen Conch,Common Whelk,Queen Conch,Omnivorous Platynota Moth,Scaly Chanterelle,Alien Probole Moth
val/05277_Animalia_Mollusca_Gastropoda_Neogastropoda_Buccinidae_Buccinum_undatum/1f157026-3043-4923-908d-6c97c250afe3.jpg,252,253,0,253,254,252,257,250,0.31091538071632385,0.18537436425685883,0.15383149683475494,0.028265874832868576,0.021341489627957344,1,3,Common Whelk,California Cone,Lettered Olive,Common Whelk,Decollate Snail,Nuttall's Cockle
val/05283_Animalia_Mollusca_Gastropoda_Neogastropoda_Conidae_Californiconus_californicus/69db9e63-fb66-447e-bd55-44a73c037d31.jpg,253,252,0,252,253,259,251,254,0.3084789216518402,0.3008335530757904,0.17592139542102814,0.019303971901535988,0.018024157732725143,1,2,California Cone,Common Whelk,California Cone,Turkish Snail,Queen Conch,Lettered Olive
val/05291_Animalia_Mollusca_Gastropoda_Neogastropoda_Olividae_Americoliva_sayana/c0de8360-12dc-4556-9559-63abeec6a74d.jpg,254,253,0,253,252,254,251,250,0.48651909828186035,0.1107739806175232,0.09839892387390137,0.04334699362516403,0.027245495468378067,1,3,Lettered Olive,California Cone,Common Whelk,Lettered Olive,Queen Conch,Nuttall's Cockle
val/05291_Animalia_Mollusca_Gastropoda_Neogastropoda_Olividae_Americoliva_sayana/ed1ffddf-374e-4d4e-82fc-47455cfc64e3.jpg,254,109,0,109,254,143,252,45,0.30313557386398315,0.24927157163619995,0.07243705540895462,0.015397295355796814,0.010874208062887192,1,2,Lettered Olive,Red-banded Leafroller,Lettered Olive,Northern Red-legged Frog,Common Whelk,Hydrilla Leafcutter Moth
val/05330_Animalia_Mollusca_Gastropoda_Stylommatophora_Achatinidae_Rumina_decollata/61cd88e4-d6be-426a-9582-ee3ae3002d28.jpg,257,253,0,253,257,254,110,268,0.20767909288406372,0.10367803275585175,0.05812421441078186,0.055786747485399246,0.0356689877808094,1,2,Decollate Snail,California Cone,Decollate Snail,Lettered Olive,Filbertworm Moth,Roridomyces austrororidus
val/05350_Animalia_Mollusca_Gastropoda_Stylommatophora_Helicidae_Helix_lucorum/fa07df9c-f815-4e27-92df-36653ad48faa.jpg,259,246,0,246,259,241,236,238,0.1718103438615799,0.16730241477489471,0.1063874140381813,0.05877167731523514,0.02534256875514984,1,2,Turkish Snail,Great Plains Skink,Turkish Snail,Aesculapian Snake,Italian Slow Worm,Common Bronze-back
val/05387_Animalia_Mollusca_Polyplacophora_Chitonida_Tonicellidae_Tonicella_lineata/ab393ac1-0216-4389-b9c6-b585f1b3342b.jpg,260,259,0,259,252,253,260,254,0.1858251690864563,0.1645953357219696,0.1494392305612564,0.10473093390464783,0.015931222587823868,1,4,Lined Chiton,Turkish Snail,Common Whelk,California Cone,Lined Chiton,Lettered Olive
val/05433_Fungi_Ascomycota_Lecanoromycetes_Peltigerales_Peltigeraceae_Peltigera_praetextata/4c0df6fc-45e3-4f6c-99b0-e6ca8836539a.jpg,261,276,0,276,261,457,362,283,0.6563367247581482,0.05697978287935257,0.008948544971644878,0.008942073211073875,0.0088151004165411,1,2,scaly pelt lichen,delicate fern moss,scaly pelt lichen,eastern pasqueflower,Small-leaved Blinks,Spiny Asparagus
val/05445_Fungi_Ascomycota_Lecanoromycetes_Umbilicariales_Umbilicariaceae_Umbilicaria_mammulata/176f95ae-45ec-426b-849b-4b3bad7328e6.jpg,263,261,0,261,263,293,420,264,0.514128565788269,0.051663316786289215,0.014598431065678596,0.010901741683483124,0.006201752461493015,1,2,Smooth Rock Tripe,scaly pelt lichen,Smooth Rock Tripe,bird's-nest orchid,Beechdrops,Yellow Stainer
val/05445_Fungi_Ascomycota_Lecanoromycetes_Umbilicariales_Umbilicariaceae_Umbilicaria_mammulata/d502857b-8ab7-402e-b2ef-32f97a2b6b40.jpg,263,38,0,38,263,19,353,274,0.1233380138874054,0.08327338099479675,0.03686963766813278,0.029492588713765144,0.026787057518959045,1,2,Smooth Rock Tripe,New York Carpenter Ant,Smooth Rock Tripe,Garden soldier fly,Mignonette vine,ceramic parchment
val/05445_Fungi_Ascomycota_Lecanoromycetes_Umbilicariales_Umbilicariaceae_Umbilicaria_mammulata/effc82b2-1cbc-406d-9ae3-dcd65b5128e3.jpg,263,261,0,261,263,264,178,231,0.11027947068214417,0.06667453795671463,0.05051052197813988,0.031606853008270264,0.029827773571014404,1,2,Smooth Rock Tripe,scaly pelt lichen,Smooth Rock Tripe,Yellow Stainer,Bank Swallow,Bank Vole
val/05474_Fungi_Basidiomycota_Agaricomycetes_Agaricales_Agaricaceae_Agaricus_xanthodermus/ace39350-35e6-4629-a7e3-755f0dcab538.jpg,264,254,0,254,264,16,280,239,0.12077412009239197,0.07503575831651688,0.018015170469880104,0.016539067029953003,0.013028141111135483,1,2,Yellow Stainer,Lettered Olive,Yellow Stainer,Kern's Flower Scarab,coconut palm,Eastern Milksnake
val/05477_Fungi_Basidiomycota_Agaricomycetes_Agaricales_Agaricaceae_Chlorophyllum_molybdites/ac88a8b0-ed8b-4f87-89eb-57a0e06fc079.jpg,265,264,0,264,265,270,273,267,0.2832155227661133,0.23329004645347595,0.05373304709792137,0.02139681577682495,0.01337624341249466,1,2,green-spored parasol,Yellow Stainer,green-spored parasol,Scaly Chanterelle,Bear's Head Tooth,Lichen Agaric
val/05498_Fungi_Basidiomycota_Agaricomycetes_Agaricales_Amanitaceae_Amanita_rubescens/74c28706-7afa-4174-b55b-a4776cefa03f.jpg,266,269,0,269,264,266,270,276,0.552011251449585,0.08452987670898438,0.07199371606111526,0.05167281627655029,0.008519007824361324,1,3,blusher,Peppery Bolete,Yellow Stainer,blusher,Scaly Chanterelle,delicate fern moss
val/05498_Fungi_Basidiomycota_Agaricomycetes_Agaricales_Amanitaceae_Amanita_rubescens/77156892-fa28-4e02-9767-41050e8140da.jpg,266,264,0,264,266,265,268,269,0.44550126791000366,0.20217347145080566,0.0938376933336258,0.03274548426270485,0.010167408734560013,1,2,blusher,Yellow Stainer,blusher,green-spored parasol,Roridomyces austrororidus,Peppery Bolete
val/05523_Fungi_Basidiomycota_Agaricomycetes_Agaricales_Hygrophoraceae_Lichenomphalia_umbellifera/ea67d6bc-17cc-49d6-9f7b-1d30897d736d.jpg,267,265,0,265,267,268,266,261,0.34188368916511536,0.16053076088428497,0.055196475237607956,0.02394324168562889,0.01693686842918396,1,2,Lichen Agaric,green-spored parasol,Lichen Agaric,Roridomyces austrororidus,blusher,scaly pelt lichen
val/05541_Fungi_Basidiomycota_Agaricomycetes_Agaricales_Mycenaceae_Roridomyces_austrororidus/347c9a6d-ef1d-4624-bb9d-7bb1c5eed910.jpg,268,267,0,267,268,270,210,264,0.699629545211792,0.0962391346693039,0.006316780112683773,0.005596026312559843,0.005500041879713535,1,2,Roridomyces austrororidus,Lichen Agaric,Roridomyces austrororidus,Scaly Chanterelle,Boat-billed Heron,Yellow Stainer
val/05633_Fungi_Basidiomycota_Agaricomycetes_Gomphales_Gomphaceae_Turbinellus_floccosus/38e5c6e0-737e-4e6f-aa78-5c61e6127930.jpg,270,269,0,269,270,436,261,91,0.46091771125793457,0.19405019283294678,0.021501457318663597,0.01629793643951416,0.012444855645298958,1,2,Scaly Chanterelle,Peppery Bolete,Scaly Chanterelle,Florida Hammock Sandmat,scaly pelt lichen,Mourning Cloak
val/05676_Fungi_Basidiomycota_Agaricomycetes_Polyporales_Polyporaceae_Fomes_fomentarius/b37b9271-d0a4-4dc5-b7e9-e4faafe75869.jpg,272,271,0,271,264,272,239,5,0.11945761740207672,0.06914032250642776,0.05675023794174194,0.029733069241046906,0.026829160749912262,1,3,Hoof Fungus,stinkhorn,Yellow Stainer,Hoof Fungus,Eastern Milksnake,Eastern Bark Centipede
val/05734_Plantae_Bryophyta_Bryopsida_Bryales_Mniaceae_Rhizomnium_glabrescens/b212b9aa-9619-49ca-82fd-3e708d2417cf.jpg,275,348,0,348,275,304,267,342,0.3333592712879181,0.19710296392440796,0.0677790567278862,0.028444595634937286,0.028065146878361702,1,2,fan moss,hairy bittercress,fan moss,Fingered Sedge,Lichen Agaric,California Harebell
val/05756_Plantae_Bryophyta_Bryopsida_Hypnales_Thuidiaceae_Thuidium_delicatulum/e8efe4b0-1b7d-4a2c-ba0e-a003a108a1a4.jpg,276,480,0,480,284,267,275,276,0.1308949887752533,0.09456236660480499,0.08905567228794098,0.04453486204147339,0.02733314037322998,1,5,delicate fern moss,youth on age,asparagus,Lichen Agaric,fan moss,delicate fern moss
val/05769_Plantae_Marchantiophyta_Jungermanniopsida_Porellales_Radulaceae_Radula_complanata/2c37acc8-5da7-474b-bdb7-779d53a9d987.jpg,278,496,0,496,394,278,333,359,0.09278807789087296,0.07102832198143005,0.058822132647037506,0.04126845672726631,0.03264576196670532,1,3,Flat-leaved Scalewort,brittle bladderfern,longleaf wattle,Flat-leaved Scalewort,Tauhinu,Sea Sandwort
val/05783_Plantae_Tracheophyta_Gnetopsida_Ephedrales_Ephedraceae_Ephedra_trifurca/bf870cfa-b7aa-41bc-bbb9-42308e5beae5.jpg,279,465,0,465,365,279,287,464,0.17822837829589844,0.1455371081829071,0.04443509131669998,0.04252500832080841,0.03167853131890297,1,3,longleaf ephedra,Blackthorn,skeleton weed,longleaf ephedra,Branched Asphodel,sand cherry
val/05783_Plantae_Tracheophyta_Gnetopsida_Ephedrales_Ephedraceae_Ephedra_trifurca/6b504f3b-a7d2-45d8-8da2-07a3ba2d5790.jpg,279,230,0,230,279,464,310,383,0.12744957208633423,0.10108339041471481,0.05612298101186752,0.05104929208755493,0.01999654993414879,1,2,longleaf ephedra,American Beaver,longleaf ephedra,sand cherry,Kangaroo Grass,Inaka
val/05837_Plantae_Tracheophyta_Liliopsida_Asparagales_Amaryllidaceae_Allium_cernuum/94c17c87-53ca-4847-8be8-b37d9bc301e5.jpg,281,392,0,392,281,329,413,357,0.12086807936429977,0.10406823456287384,0.055332619696855545,0.031198276206851006,0.030626263469457626,1,2,nodding onion,pygmy-flower rock-jasmine,nodding onion,Old Plainsman,white sage,viviparous foxtail cactus
val/05837_Plantae_Tracheophyta_Liliopsida_Asparagales_Amaryllidaceae_Allium_cernuum/0e1e30e7-fbce-4d3f-b859-18335dea9726.jpg,281,331,0,331,281,377,329,369,0.1483272761106491,0.12325865775346756,0.03497163951396942,0.028860609978437424,0.020698271691799164,1,2,nodding onion,Snow Squarestem,nodding onion,Western Snowberry,Old Plainsman,beach knotweed
val/05878_Plantae_Tracheophyta_Liliopsida_Asparagales_Asparagaceae_Asparagus_acutifolius/cef05a1f-207d-49ab-9048-b2e2b1c38d18.jpg,283,387,0,387,283,463,207,465,0.75026935338974,0.20624998211860657,0.0037342440336942673,0.0021995261777192354,0.0019098559860140085,1,2,Spiny Asparagus,Prickly mingimingi,Spiny Asparagus,desert almond,Ash-throated Flycatcher,Blackthorn
val/05878_Plantae_Tracheophyta_Liliopsida_Asparagales_Asparagaceae_Asparagus_acutifolius/814ad39c-35b0-474b-b661-70c4b5ae0376.jpg,283,348,0,348,283,313,329,396,0.07184605300426483,0.06868884712457657,0.0656685158610344,0.060531627386808395,0.03698529303073883,1,2,Spiny Asparagus,hairy bittercress,Spiny Asparagus,upright hedge-parsley,Old Plainsman,white sweet clover
val/05878_Plantae_Tracheophyta_Liliopsida_Asparagales_Asparagaceae_Asparagus_acutifolius/967bd0a5-bad6-4f20-814f-c0b58cc9fe87.jpg,283,383,0,383,310,283,487,407,0.04054064303636551,0.03936489671468735,0.032880157232284546,0.029262874275445938,0.024599391967058182,1,3,Spiny Asparagus,Inaka,Kangaroo Grass,Spiny Asparagus,giant sequoia,Coprosma dumosa
val/05878_Plantae_Tracheophyta_Liliopsida_Asparagales_Asparagaceae_Asparagus_acutifolius/f294375e-5f58-4c82-9ea1-e59cd1024938.jpg,283,387,0,387,486,283,8,463,0.34932583570480347,0.0629769042134285,0.03422478586435318,0.017287254333496094,0.014748010784387589,1,3,Spiny Asparagus,Prickly mingimingi,Pima Rhatany,Spiny Asparagus,Goldenrod Soldier Beetle,desert almond
val/05881_Plantae_Tracheophyta_Liliopsida_Asparagales_Asparagaceae_Asparagus_officinalis/a9a14d59-9b66-4ce9-81ad-ae6c57d59c3c.jpg,284,326,0,326,284,452,441,318,0.7557749152183533,0.09487311542034149,0.01034217793494463,0.00864607933908701,0.008506996557116508,1,2,asparagus,dogfennel,asparagus,Spring Adonis,black willow,common yarrow
val/05948_Plantae_Tracheophyta_Liliopsida_Asparagales_Asphodelaceae_Asphodelus_ramosus/f999b08c-43e0-4e4a-b797-390f544ffbfd.jpg,287,308,0,308,287,312,282,337,0.0899927020072937,0.08549702167510986,0.05584751442074776,0.045760300010442734,0.03657125309109688,1,2,Branched Asphodel,Green Bristle Grass,Branched Asphodel,Broad-leaved Chervil,spring spiderlily,prairie dock
val/05952_Plantae_Tracheophyta_Liliopsida_Asparagales_Asphodelaceae_Phormium_cookianum/73c970e9-4e8e-4e52-bddc-b67a0798b983.jpg,288,383,0,383,288,491,279,372,0.17295008897781372,0.15088394284248352,0.0843275636434555,0.058607067912817,0.03196799010038376,1,2,Mountain flax,Inaka,Mountain flax,lodgepole pine,longleaf ephedra,crucifixion thorn
val/06005_Plantae_Tracheophyta_Liliopsida_Asparagales_Orchidaceae_Cephalanthera_rubra/54a213d1-5570-492d-923b-577678205d82.jpg,290,446,0,446,344,455,290,454,0.3101455271244049,0.12233607470989227,0.11107929795980453,0.042483240365982056,0.03939108923077583,1,4,Red Helleborine,rose evening primrose,Salvation Jane,Swamp Leather Flower,Red Helleborine,common columbine
val/06005_Plantae_Tracheophyta_Liliopsida_Asparagales_Orchidaceae_Cephalanthera_rubra/1e017b33-d099-4f38-9e3a-a1907fdb8358.jpg,290,457,0,457,324,290,455,142,0.06178130581974983,0.059116773307323456,0.05045532435178757,0.04670528694987297,0.02871198207139969,1,3,Red Helleborine,eastern pasqueflower,tropical horseweed,Red Helleborine,Swamp Leather Flower,Eastern Dwarf Treefrog
val/06005_Plantae_Tracheophyta_Liliopsida_Asparagales_Orchidaceae_Cephalanthera_rubra/bd4b7817-4bc1-4707-9db9-6f79124a473f.jpg,290,295,0,295,290,390,454,444,0.34046465158462524,0.24453991651535034,0.05434522405266762,0.02751195803284645,0.007014497648924589,1,2,Red Helleborine,Philippine Ground Orchid,Red Helleborine,Drummond's phlox,common columbine,Island Mallow
val/06042_Plantae_Tracheophyta_Liliopsida_Asparagales_Orchidaceae_Goodyera_tesselata/971e1ec2-3ce4-4829-81b2-baa595ce2cd6.jpg,292,296,0,296,292,424,350,364,0.48572272062301636,0.17616769671440125,0.052686598151922226,0.04144205152988434,0.007819169200956821,1,2,checkered rattlesnake plantain,Slender Ladies' Tresses,checkered rattlesnake plantain,American lopseed,California shieldpod,alpine bistort
val/06042_Plantae_Tracheophyta_Liliopsida_Asparagales_Orchidaceae_Goodyera_tesselata/6a705f10-514e-4c78-83f7-45eff080432d.jpg,292,350,0,350,376,429,292,324,0.4151984453201294,0.09554783999919891,0.022768378257751465,0.021560508757829666,0.021142499521374702,1,4,checkered rattlesnake plantain,California shieldpod,squirting cucumber,Wand Mullein,checkered rattlesnake plantain,tropical horseweed
val/06060_Plantae_Tracheophyta_Liliopsida_Asparagales_Orchidaceae_Ophrys_insectifera/492592c0-3f61-43ae-a4b0-3ccfaa282d64.jpg,294,305,0,305,294,37,304,38,0.21513912081718445,0.205296128988266,0.16173823177814484,0.030056944116950035,0.019913723692297935,1,2,Fly Orchid,common three-square,Fly Orchid,Florida Carpenter Ant,Fingered Sedge,New York Carpenter Ant
val/06060_Plantae_Tracheophyta_Liliopsida_Asparagales_Orchidaceae_Ophrys_insectifera/4097fbe9-4466-4c83-9972-83b1814026f1.jpg,294,425,0,425,294,344,388,368,0.09682579338550568,0.0731704905629158,0.058182138949632645,0.04437419772148132,0.02850731462240219,1,2,Fly Orchid,American brooklime,Fly Orchid,Salvation Jane,black huckleberry,prostrate knotweed
val/06097_Plantae_Tracheophyta_Liliopsida_Asparagales_Orchidaceae_Spiranthes_lacera/379eb759-4b2b-4bf4-a886-8438ce3e8593.jpg,296,306,0,306,292,396,296,283,0.17208950221538544,0.11731160432100296,0.10674260556697845,0.08058905601501465,0.06926091015338898,1,4,Slender Ladies' Tresses,Dallis grass,checkered rattlesnake plantain,white sweet clover,Slender Ladies' Tresses,Spiny Asparagus
val/06097_Plantae_Tracheophyta_Liliopsida_Asparagales_Orchidaceae_Spiranthes_lacera/75e5ba97-267d-48aa-a4ab-8100e5552c80.jpg,296,421,0,421,296,364,309,418,0.436501145362854,0.34101641178131104,0.014900383539497852,0.010208157822489738,0.008698469027876854,1,2,Slender Ladies' Tresses,Red Odontites,Slender Ladies' Tresses,alpine bistort,Saint Augustine grass,field Indian paintbrush
val/06157_Plantae_Tracheophyta_Liliopsida_Liliales_Liliaceae_Erythronium_oregonum/f298a417-962a-47ed-8153-a9421520ae73.jpg,297,303,0,303,297,84,442,7,0.463184118270874,0.1499176323413849,0.026588842272758484,0.011605578474700451,0.01125133316963911,1,2,giant white fawn lily,sawbrier,giant white fawn lily,Green Silver-lines,Round-leaved Violet,Emerald Ash Borer
val/06176_Plantae_Tracheophyta_Liliopsida_Liliales_Liliaceae_Lilium_pardalinum/103dcfa8-95e3-4a58-bd18-f29ed9b8cf52.jpg,300,298,0,298,300,0,432,480,0.10806454718112946,0.08741363883018494,0.0354650616645813,0.027508443221449852,0.024765677750110626,1,2,Leopard Lily,scarlet fritillary,Leopard Lily,Cross Orbweaver,common pawpaw,youth on age
val/06202_Plantae_Tracheophyta_Liliopsida_Liliales_Melanthiaceae_Trillium_nivale/d02136c9-d55e-4384-9df1-6c2c954e963c.jpg,301,237,0,237,301,231,75,263,0.10381577163934708,0.07690750807523727,0.04229738563299179,0.03513924032449722,0.030082177370786667,1,2,snow trillium,Texas Alligator Lizard,snow trillium,Bank Vole,Spring Azure,Smooth Rock Tripe
val/06215_Plantae_Tracheophyta_Liliopsida_Liliales_Smilacaceae_Smilax_glauca/416cf2f8-0123-4a45-9edf-ad2966305557.jpg,303,84,0,84,303,353,297,442,0.14904507994651794,0.10821115970611572,0.08288092911243439,0.023416955024003983,0.020957238972187042,1,2,sawbrier,Green Silver-lines,sawbrier,Mignonette vine,giant white fawn lily,Round-leaved Violet
val/06238_Plantae_Tracheophyta_Liliopsida_Poales_Cyperaceae_Carex_digitata/823cb7e2-9f3d-4001-8ac3-3a2d34bfdfa1.jpg,304,310,0,310,304,288,287,491,0.36612504720687866,0.08919096738100052,0.07805995643138885,0.034882158041000366,0.017801012843847275,1,2,Fingered Sedge,Kangaroo Grass,Fingered Sedge,Mountain flax,Branched Asphodel,lodgepole pine
val/06238_Plantae_Tracheophyta_Liliopsida_Poales_Cyperaceae_Carex_digitata/db4cc72c-b017-4acf-a30d-c6a1f55935fc.jpg,304,286,0,286,304,343,425,348,0.40574008226394653,0.21534714102745056,0.0400557704269886,0.0378926582634449,0.030741792172193527,1,2,Fingered Sedge,Grape hyacinth,Fingered Sedge,Sheep's-bit,American brooklime,hairy bittercress
val/06295_Plantae_Tracheophyta_Liliopsida_Poales_Cyperaceae_Schoenoplectus_pungens/00d3550f-c942-4851-9ba0-a5947ac663c8.jpg,305,441,0,441,305,310,383,309,0.40332692861557007,0.08455029875040054,0.05535877123475075,0.03307459130883217,0.03129841759800911,1,2,common three-square,black willow,common three-square,Kangaroo Grass,Inaka,Saint Augustine grass
val/06407_Plantae_Tracheophyta_Liliopsida_Poales_Poaceae_Paspalum_dilatatum/a458cbbc-f235-4f84-82b5-9b253af208aa.jpg,306,305,0,305,306,334,441,308,0.059775352478027344,0.053404394537210464,0.04406967759132385,0.035370711237192154,0.034789230674505234,1,2,Dallis grass,common three-square,Dallis grass,Great Plains Ragwort,black willow,Green Bristle Grass
val/06407_Plantae_Tracheophyta_Liliopsida_Poales_Poaceae_Paspalum_dilatatum/2237f99e-ee05-418b-8a50-f1fc84a58ecc.jpg,306,395,0,395,472,396,372,306,0.143049955368042,0.08233155310153961,0.07405143976211548,0.04567265138030052,0.03898589313030243,1,5,Dallis grass,Scotch Broom,desert mistletoe,white sweet clover,crucifixion thorn,Dallis grass
val/06416_Plantae_Tracheophyta_Liliopsida_Poales_Poaceae_Poa_annua/b3afe10f-bfbb-460b-9577-ac33cca0c985.jpg,307,324,0,324,307,352,308,367,0.26378071308135986,0.2621490955352783,0.037674177438020706,0.032958462834358215,0.01864713802933693,1,2,Annual Meadow-grass,tropical horseweed,Annual Meadow-grass,Mexican tea,Green Bristle Grass,redshank
val/06416_Plantae_Tracheophyta_Liliopsida_Poales_Poaceae_Poa_annua/c9e3a204-c969-432b-839f-3d920a668c47.jpg,307,304,0,304,307,369,420,367,0.17801180481910706,0.07873858511447906,0.027633585035800934,0.024657338857650757,0.024066414684057236,1,2,Annual Meadow-grass,Fingered Sedge,Annual Meadow-grass,beach knotweed,Beechdrops,redshank
val/06425_Plantae_Tracheophyta_Liliopsida_Poales_Poaceae_Setaria_viridis/caf67313-5e48-4412-9b75-4acd89a36ce6.jpg,308,304,0,304,308,383,279,310,0.13174587488174438,0.09185024350881577,0.08193112909793854,0.061780378222465515,0.05557503551244736,1,2,Green Bristle Grass,Fingered Sedge,Green Bristle Grass,Inaka,longleaf ephedra,Kangaroo Grass
val/06431_Plantae_Tracheophyta_Liliopsida_Poales_Poaceae_Stenotaphrum_secundatum/837a219c-b377-4acd-b01c-ef122054c796.jpg,309,383,0,383,310,309,364,441,0.21056948602199554,0.08778297901153564,0.08409414440393448,0.08085804432630539,0.059666652232408524,1,3,Saint Augustine grass,Inaka,Kangaroo Grass,Saint Augustine grass,alpine bistort,black willow
val/06461_Plantae_Tracheophyta_Lycopodiopsida_Lycopodiales_Lycopodiaceae_Dendrolycopodium_obscurum/fcdc27f1-16e6-41cf-867c-ced907ccc249.jpg,311,276,0,276,283,318,292,311,0.19088464975357056,0.11287558078765869,0.0772843062877655,0.07413091510534286,0.027980538085103035,1,5,princess pine,delicate fern moss,Spiny Asparagus,common yarrow,checkered rattlesnake plantain,princess pine
val/06492_Plantae_Tracheophyta_Magnoliopsida_Apiales_Apiaceae_Chaerophyllum_aromaticum/19d3db26-1f94-4662-8159-2d00aff81cc7.jpg,312,315,0,315,469,312,439,366,0.10322379320859909,0.09718380123376846,0.09496499598026276,0.08521974831819534,0.029284851625561714,1,3,Broad-leaved Chervil,dwarf ginseng,Siberian elm,Broad-leaved Chervil,bebb's willow,Fringed Bindweed
val/06492_Plantae_Tracheophyta_Magnoliopsida_Apiales_Apiaceae_Chaerophyllum_aromaticum/9bed2798-b675-47ca-a94c-e015debe4722.jpg,312,451,0,451,466,312,470,376,0.11437565833330154,0.04202047735452652,0.023983944207429886,0.022920947521924973,0.021334704011678696,1,3,Broad-leaved Chervil,black cohosh,Himalayan-berry,Broad-leaved Chervil,Canadian wood nettle,squirting cucumber
val/06492_Plantae_Tracheophyta_Magnoliopsida_Apiales_Apiaceae_Chaerophyllum_aromaticum/f6b952d4-1866-4af9-8df8-4db525a91e4a.jpg,312,476,0,476,312,470,338,434,0.1994025707244873,0.17014020681381226,0.13393175601959229,0.12503333389759064,0.04824890196323395,1,2,Broad-leaved Chervil,Red Buckeye,Broad-leaved Chervil,Canadian wood nettle,common wrinkle-leaved goldenrod,common copperleaf
val/06492_Plantae_Tracheophyta_Magnoliopsida_Apiales_Apiaceae_Chaerophyllum_aromaticum/6d20ddd2-979f-4814-a6d6-6ec7327ef6ea.jpg,312,459,0,459,388,366,473,312,0.24865061044692993,0.10416780412197113,0.043575406074523926,0.031546689569950104,0.028236575424671173,1,5,Broad-leaved Chervil,Korean mulberry,black huckleberry,Fringed Bindweed,poison ivy,Broad-leaved Chervil
val/06492_Plantae_Tracheophyta_Magnoliopsida_Apiales_Apiaceae_Chaerophyllum_aromaticum/4035a356-8a94-4436-811b-e291ade7fc58.jpg,312,411,0,411,312,338,470,453,0.4439086318016052,0.2211216241121292,0.028749141842126846,0.012144770473241806,0.010473839938640594,1,2,Broad-leaved Chervil,lemon balm,Broad-leaved Chervil,common wrinkle-leaved goldenrod,Canadian wood nettle,meadow anemone
val/06543_Plantae_Tracheophyta_Magnoliopsida_Apiales_Apiaceae_Torilis_japonica/c9565aa8-ecfd-4914-b6c8-4b3268f94a54.jpg,313,460,0,460,349,471,496,313,0.2567070722579956,0.062148209661245346,0.058913588523864746,0.05875128135085106,0.05851384997367859,1,5,upright hedge-parsley,parsley hawthorn,narrow-leaved bittercress,Dwarf Nettle,brittle bladderfern,upright hedge-parsley
val/06543_Plantae_Tracheophyta_Magnoliopsida_Apiales_Apiaceae_Torilis_japonica/39efbb47-92da-4281-920f-8751ceccbf66.jpg,313,347,0,347,313,346,345,329,0.2290979027748108,0.16289369761943817,0.07979454845190048,0.03920816630125046,0.03655638545751572,1,2,upright hedge-parsley,European Searocket,upright hedge-parsley,water forget-me-not,broadleaf forget-me-not,Old Plainsman
val/06543_Plantae_Tracheophyta_Magnoliopsida_Apiales_Apiaceae_Torilis_japonica/06274b62-0a05-46f2-b04f-7c4e3c47eadc.jpg,313,312,0,312,331,313,318,456,0.2630862891674042,0.2569999694824219,0.04496569558978081,0.036973122507333755,0.03192538022994995,1,3,upright hedge-parsley,Broad-leaved Chervil,Snow Squarestem,upright hedge-parsley,common yarrow,Virginia virgin's-bower
val/06554_Plantae_Tracheophyta_Magnoliopsida_Apiales_Araliaceae_Fatsia_japonica/d62e4967-a033-4f41-b74f-098491522ce3.jpg,314,324,0,324,404,434,314,453,0.24571512639522552,0.1274251639842987,0.07710452377796173,0.05546373873949051,0.032119881361722946,1,4,Japanese aralia,tropical horseweed,California Wax Myrtle,common copperleaf,Japanese aralia,meadow anemone
val/06554_Plantae_Tracheophyta_Magnoliopsida_Apiales_Araliaceae_Fatsia_japonica/080f4998-aa12-4ee0-915a-e800c93ed21b.jpg,314,408,0,408,314,475,459,437,0.21991589665412903,0.2140660583972931,0.05756823718547821,0.05395911633968353,0.04713547229766846,1,2,Japanese aralia,Kanono,Japanese aralia,field maple,Korean mulberry,Cassava
val/06554_Plantae_Tracheophyta_Magnoliopsida_Apiales_Araliaceae_Fatsia_japonica/0c1d5769-93da-4b8e-8137-5ede78bca9e2.jpg,314,363,0,363,286,314,466,485,0.147769957780838,0.14700740575790405,0.12633159756660461,0.1218223124742508,0.029301440343260765,1,3,Japanese aralia,Perez's sea lavender,Grape hyacinth,Japanese aralia,Himalayan-berry,Porcelain Berry
val/06554_Plantae_Tracheophyta_Magnoliopsida_Apiales_Araliaceae_Fatsia_japonica/30d36efc-fdd4-4c2b-8b36-eb01c6c33580.jpg,314,335,0,335,314,451,437,332,0.30670860409736633,0.1832369714975357,0.12936058640480042,0.04056866094470024,0.024595137685537338,1,2,Japanese aralia,leafcup,Japanese aralia,black cohosh,Cassava,white rattlesnakeroot
val/06568_Plantae_Tracheophyta_Magnoliopsida_Apiales_Araliaceae_Schefflera_actinophylla/c99f4543-8a44-44e0-bdf5-cbe114d7f33b.jpg,316,432,0,432,433,437,316,476,0.24238087236881256,0.21965450048446655,0.0947224348783493,0.0573790967464447,0.04188729450106621,1,4,Octopus Tree,common pawpaw,umbrella magnolia,Cassava,Octopus Tree,Red Buckeye
val/06568_Plantae_Tracheophyta_Magnoliopsida_Apiales_Araliaceae_Schefflera_actinophylla/a15c32e7-e70a-4875-8312-2eb018c40116.jpg,316,303,0,303,408,353,473,316,0.5089439153671265,0.10407675802707672,0.05885870382189751,0.03901801258325577,0.019456937909126282,1,5,Octopus Tree,sawbrier,Kanono,Mignonette vine,poison ivy,Octopus Tree
val/06585_Plantae_Tracheophyta_Magnoliopsida_Aquifoliales_Aquifoliaceae_Ilex_opaca/0be7552c-1f9c-480f-b19c-50573954ffdd.jpg,317,475,0,475,405,479,317,444,0.5262564420700073,0.05972573906183243,0.03317022696137428,0.031698234379291534,0.02492452785372734,1,4,American holly,field maple,Coast silk tassel,Goose-berry,American holly,Island Mallow
val/06585_Plantae_Tracheophyta_Magnoliopsida_Aquifoliales_Aquifoliaceae_Ilex_opaca/00c8b315-0faf-48fd-aa28-ce7bb6738f1b.jpg,317,447,0,447,479,317,462,468,0.11368709802627563,0.1097673773765564,0.10548239946365356,0.09731027483940125,0.07563790678977966,1,3,American holly,Wineberry,Goose-berry,American holly,dwarf cinquefoil,American elm
val/06590_Plantae_Tracheophyta_Magnoliopsida_Asterales_Asteraceae_Achillea_millefolium/7075fab7-dc03-48e9-9c0c-b824e1c1bed6.jpg,318,499,0,499,311,308,318,373,0.14505891501903534,0.06646349281072617,0.060336630791425705,0.05801039934158325,0.030147073790431023,1,4,common yarrow,broad beech fern,princess pine,Green Bristle Grass,common yarrow,Stinging Serpent
val/06655_Plantae_Tracheophyta_Magnoliopsida_Asterales_Asteraceae_Bidens_aristosa/ecf956c1-0baa-4353-bd29-7ef41a772fbb.jpg,321,394,0,394,321,395,8,438,0.14590537548065186,0.1435672491788864,0.09943597763776779,0.03666382655501366,0.03414475917816162,1,2,tickseed beggar-ticks,longleaf wattle,tickseed beggar-ticks,Scotch Broom,Goldenrod Soldier Beetle,Klamath weed
val/06716_Plantae_Tracheophyta_Magnoliopsida_Asterales_Asteraceae_Cirsium_texanum/131ba0f5-2c57-4b7d-a3e4-51fdf02af64d.jpg,322,372,0,372,305,322,142,414,0.08002009987831116,0.06272962689399719,0.04143860563635826,0.03811389580368996,0.026885628700256348,1,3,Texas Thistle,crucifixion thorn,common three-square,Texas Thistle,Eastern Dwarf Treefrog,chia
val/06734_Plantae_Tracheophyta_Magnoliopsida_Asterales_Asteraceae_Crepis_tectorum/37b98c86-ff98-4633-aa31-e84798c89eef.jpg,323,457,0,457,96,452,323,40,0.07260379195213318,0.027449682354927063,0.01856815069913864,0.018476560711860657,0.018131788820028305,1,4,narrow-leaved hawksbeard,eastern pasqueflower,Florida White,Spring Adonis,narrow-leaved hawksbeard,Metallic Epauletted-Sweat Bee
val/06734_Plantae_Tracheophyta_Magnoliopsida_Asterales_Asteraceae_Crepis_tectorum/79df91c8-7a7a-420c-afcf-fb3a3424c5f9.jpg,323,328,0,328,334,323,401,321,0.29866352677345276,0.14426109194755554,0.0324304960668087,0.02912846952676773,0.025575123727321625,1,3,narrow-leaved hawksbeard,Bitterweed,Great Plains Ragwort,narrow-leaved hawksbeard,Yellow milkwort,tickseed beggar-ticks
val/06779_Plantae_Tracheophyta_Magnoliopsida_Asterales_Asteraceae_Erigeron_sumatrensis/ed1ed59c-39a2-4e00-9279-37daa86daa17.jpg,324,68,0,68,430,324,406,18,0.06070208549499512,0.03540191054344177,0.029974136501550674,0.02733273059129715,0.027183039113879204,1,3,tropical horseweed,Umber Skipper,golden dewdrop,tropical horseweed,American columbo,Blue Blowfly
val/06779_Plantae_Tracheophyta_Magnoliopsida_Asterales_Asteraceae_Erigeron_sumatrensis/8ef544b6-0787-403c-b28a-e2aafc994c22.jpg,324,318,0,318,333,359,324,352,0.08377040922641754,0.07797684520483017,0.07130874693393707,0.06915866583585739,0.05278881639242172,1,4,tropical horseweed,common yarrow,Tauhinu,Sea Sandwort,tropical horseweed,Mexican tea
val/06779_Plantae_Tracheophyta_Magnoliopsida_Asterales_Asteraceae_Erigeron_sumatrensis/110fdc70-04cf-4c88-b88c-56c81ec229aa.jpg,324,406,0,406,324,412,457,453,0.3309548497200012,0.25602322816848755,0.07961903512477875,0.055486973375082016,0.01587015949189663,1,2,tropical horseweed,American columbo,tropical horseweed,spotted horse mint,eastern pasqueflower,meadow anemone
val/06785_Plantae_Tracheophyta_Magnoliopsida_Asterales_Asteraceae_Eupatorium_altissimum/dc42a253-efd3-4775-82e7-580ae860f4b6.jpg,325,456,0,456,325,470,335,324,0.24737408757209778,0.06201716884970665,0.045713890343904495,0.03485595062375069,0.03192100301384926,1,2,tall boneset,Virginia virgin's-bower,tall boneset,Canadian wood nettle,leafcup,tropical horseweed
val/06787_Plantae_Tracheophyta_Magnoliopsida_Asterales_Asteraceae_Eupatorium_capillifolium/6b2da60b-a8dd-4650-9b55-3f092c130984.jpg,326,307,0,307,326,283,304,349,0.7072998881340027,0.04197985306382179,0.01622122898697853,0.013816453516483307,0.012832500971853733,1,2,dogfennel,Annual Meadow-grass,dogfennel,Spiny Asparagus,Fingered Sedge,narrow-leaved bittercress
val/06818_Plantae_Tracheophyta_Magnoliopsida_Asterales_Asteraceae_Helenium_amarum/7bdf0ae8-a9eb-43b5-a269-37542f8f62cb.jpg,328,327,0,327,328,323,321,8,0.5506412982940674,0.12335605919361115,0.01909259334206581,0.010855600237846375,0.010540437884628773,1,2,Bitterweed,great blanketflower,Bitterweed,narrow-leaved hawksbeard,tickseed beggar-ticks,Goldenrod Soldier Beetle
val/06901_Plantae_Tracheophyta_Magnoliopsida_Asterales_Asteraceae_Nabalus_albus/9abc1e50-b398-4dee-b35a-e1a59d7ef797.jpg,332,456,0,456,332,485,482,366,0.1400899887084961,0.08774489164352417,0.05747811868786812,0.05353423207998276,0.045682404190301895,1,2,white rattlesnakeroot,Virginia virgin's-bower,white rattlesnakeroot,Porcelain Berry,Obscure Morning Glory,Fringed Bindweed
val/06948_Plantae_Tracheophyta_Magnoliopsida_Asterales_Asteraceae_Polymnia_canadensis/0e8ace86-6309-4696-9c9c-a33ed0266acf.jpg,335,366,0,366,447,335,443,281,0.199774831533432,0.13247671723365784,0.11737774312496185,0.04474947601556778,0.034596409648656845,1,3,leafcup,Fringed Bindweed,Wineberry,leafcup,velvetleaf,nodding onion
val/06948_Plantae_Tracheophyta_Magnoliopsida_Asterales_Asteraceae_Polymnia_canadensis/651ec757-e519-4a19-92fe-9a10c2f9679b.jpg,335,459,0,459,335,332,485,475,0.20674411952495575,0.14707598090171814,0.12650075554847717,0.043280743062496185,0.039789702743291855,1,2,leafcup,Korean mulberry,leafcup,white rattlesnakeroot,Porcelain Berry,field maple
val/06972_Plantae_Tracheophyta_Magnoliopsida_Asterales_Asteraceae_Senecio_glastifolius/48e77fdf-3c38-4173-b9b3-796cea7c5ec9.jpg,336,330,0,330,336,334,361,391,0.4061402976512909,0.3650916814804077,0.014801185578107834,0.01468198373913765,0.006970405578613281,1,2,Woad-leaved ragwort,oxeye daisy,Woad-leaved ragwort,Great Plains Ragwort,lesser stitchwort,longleaf phlox
val/06972_Plantae_Tracheophyta_Magnoliopsida_Asterales_Asteraceae_Senecio_glastifolius/4729987f-c86d-49b5-b5cf-026fbbca13f1.jpg,336,339,0,339,352,336,404,24,0.3184271454811096,0.14355391263961792,0.09741771221160889,0.03680247813463211,0.030763039365410805,1,3,Woad-leaved ragwort,prickly sowthistle,Mexican tea,Woad-leaved ragwort,California Wax Myrtle,Hemlock Woolly Adelgid
val/06972_Plantae_Tracheophyta_Magnoliopsida_Asterales_Asteraceae_Senecio_glastifolius/6c88b429-b071-499e-a617-ad94bc5989d5.jpg,336,324,0,324,336,449,277,404,0.31619030237197876,0.23157192766666412,0.05417842045426369,0.036475542932748795,0.03631194308400154,1,2,Woad-leaved ragwort,tropical horseweed,Woad-leaved ragwort,Golden Sunshinebush,Sponge Weed,California Wax Myrtle
val/06972_Plantae_Tracheophyta_Magnoliopsida_Asterales_Asteraceae_Senecio_glastifolius/f7260727-bd9b-415c-a48f-ba9bc1bcd4a7.jpg,336,320,0,320,339,336,459,494,0.21095672249794006,0.15816228091716766,0.11708720773458481,0.03671789541840553,0.024772370234131813,1,3,Woad-leaved ragwort,common mugwort,prickly sowthistle,Woad-leaved ragwort,Korean mulberry,Hen and Chicks Fern
val/06990_Plantae_Tracheophyta_Magnoliopsida_Asterales_Asteraceae_Silphium_terebinthinaceum/11c31f42-6878-4389-82f5-be9e8dce9996.jpg,337,305,0,305,337,310,383,473,0.17870748043060303,0.1428290158510208,0.10071494430303574,0.03934182599186897,0.025560317561030388,1,2,prairie dock,common three-square,prairie dock,Kangaroo Grass,Inaka,poison ivy
val/07005_Plantae_Tracheophyta_Magnoliopsida_Asterales_Asteraceae_Solidago_rugosa/07ef6559-6c10-4389-a21b-dd0dcc69f701.jpg,338,428,0,428,338,306,352,394,0.34600651264190674,0.3440221846103668,0.015603478997945786,0.014746073633432388,0.014341261237859726,1,2,common wrinkle-leaved goldenrod,Dark Mullein,common wrinkle-leaved goldenrod,Dallis grass,Mexican tea,longleaf wattle
val/07005_Plantae_Tracheophyta_Magnoliopsida_Asterales_Asteraceae_Solidago_rugosa/55eee117-8fa7-4ea2-94c7-d6270f8f8ef5.jpg,338,394,0,394,429,338,336,375,0.15600647032260895,0.1289592683315277,0.08253729343414307,0.04115564003586769,0.04004323109984398,1,3,common wrinkle-leaved goldenrod,longleaf wattle,Wand Mullein,common wrinkle-leaved goldenrod,Woad-leaved ragwort,Tree Tutu
val/07013_Plantae_Tracheophyta_Magnoliopsida_Asterales_Asteraceae_Sonchus_asper/ea8d5148-a110-4a80-8298-d06f66069c81.jpg,339,340,0,340,339,323,400,327,0.6660705208778381,0.148793563246727,0.020273802801966667,0.01710428297519684,0.004989416338503361,1,2,prickly sowthistle,common dandelion,prickly sowthistle,narrow-leaved hawksbeard,candyroot,great blanketflower
val/07013_Plantae_Tracheophyta_Magnoliopsida_Asterales_Asteraceae_Sonchus_asper/84a5a75c-219b-469e-981f-a44e5cf3f804.jpg,339,322,0,322,320,339,349,494,0.20657990872859955,0.13629776239395142,0.10061716288328171,0.042809054255485535,0.04263400286436081,1,3,prickly sowthistle,Texas Thistle,common mugwort,prickly sowthistle,narrow-leaved bittercress,Hen and Chicks Fern
val/07013_Plantae_Tracheophyta_Magnoliopsida_Asterales_Asteraceae_Sonchus_asper/5ad5739b-d63b-44ce-a784-be1de59d3b3f.jpg,339,323,0,323,339,324,338,458,0.22290977835655212,0.16800551116466522,0.049192141741514206,0.04437803104519844,0.03589501976966858,1,2,prickly sowthistle,narrow-leaved hawksbeard,prickly sowthistle,tropical horseweed,common wrinkle-leaved goldenrod,meadow buttercup
val/07039_Plantae_Tracheophyta_Magnoliopsida_Asterales_Asteraceae_Taraxacum_officinale/915a62af-2ee2-47b8-be04-612a2e65a197.jpg,340,401,0,401,340,468,328,452,0.0898764580488205,0.06761202216148376,0.0476778969168663,0.04559050127863884,0.03193120285868645,1,2,common dandelion,Yellow milkwort,common dandelion,American elm,Bitterweed,Spring Adonis
val/07172_Plantae_Tracheophyta_Magnoliopsida_Boraginales_Boraginaceae_Myosotis_latifolia/4d23a0c0-5d2a-4c1d-a9a8-642f35361016.jpg,345,346,0,346,345,430,286,425,0.47985732555389404,0.4345502257347107,0.012346872128546238,0.0063750180415809155,0.004914511926472187,1,2,broadleaf forget-me-not,water forget-me-not,broadleaf forget-me-not,golden dewdrop,Grape hyacinth,American brooklime
val/07172_Plantae_Tracheophyta_Magnoliopsida_Boraginales_Boraginaceae_Myosotis_latifolia/dbc5aee2-248f-4da5-b40d-e1cb40da19d3.jpg,345,346,0,346,345,426,286,425,0.578902006149292,0.29256224632263184,0.012290281243622303,0.011120413430035114,0.00928681343793869,1,2,broadleaf forget-me-not,water forget-me-not,broadleaf forget-me-not,Slender speedwell,Grape hyacinth,American brooklime
val/07172_Plantae_Tracheophyta_Magnoliopsida_Boraginales_Boraginaceae_Myosotis_latifolia/26415065-9622-4e3a-92e7-2b41de4c7848.jpg,345,346,0,346,345,347,426,453,0.6657077074050903,0.21152618527412415,0.011675998568534851,0.004203628748655319,0.004090647213160992,1,2,broadleaf forget-me-not,water forget-me-not,broadleaf forget-me-not,European Searocket,Slender speedwell,meadow anemone
val/07173_Plantae_Tracheophyta_Magnoliopsida_Boraginales_Boraginaceae_Myosotis_scorpioides/6f4619f4-4d09-471a-bf08-66e7f6f6d8d1.jpg,346,345,0,345,346,426,430,318,0.36798498034477234,0.36084622144699097,0.027556665241718292,0.011957315728068352,0.011922926642000675,1,2,water forget-me-not,broadleaf forget-me-not,water forget-me-not,Slender speedwell,golden dewdrop,common yarrow
val/07173_Plantae_Tracheophyta_Magnoliopsida_Boraginales_Boraginaceae_Myosotis_scorpioides/9831189a-76a4-4dd4-8aea-4a88b1a81655.jpg,346,345,0,345,346,331,361,430,0.47809916734695435,0.40867695212364197,0.006060301326215267,0.003390740603208542,0.00329883792437613,1,2,water forget-me-not,broadleaf forget-me-not,water forget-me-not,Snow Squarestem,lesser stitchwort,golden dewdrop
val/07226_Plantae_Tracheophyta_Magnoliopsida_Brassicales_Brassicaceae_Cakile_maritima/f2f89df9-14cb-4bba-bb78-2fe01db0f034.jpg,347,386,0,386,347,431,348,391,0.21697692573070526,0.19633199274539948,0.13531798124313354,0.04404795169830322,0.03984431177377701,1,2,European Searocket,alpine azalea,European Searocket,Dakota mock vervain,hairy bittercress,longleaf phlox
val/07236_Plantae_Tracheophyta_Magnoliopsida_Brassicales_Brassicaceae_Cardamine_hirsuta/e58b90db-3081-4d0b-bde2-5277e8371eec.jpg,348,424,0,424,349,342,304,348,0.28723418712615967,0.2866264879703522,0.06001521274447441,0.03929219767451286,0.03898642212152481,1,5,hairy bittercress,American lopseed,narrow-leaved bittercress,California Harebell,Fingered Sedge,hairy bittercress
val/07236_Plantae_Tracheophyta_Magnoliopsida_Brassicales_Brassicaceae_Cardamine_hirsuta/68d09f81-b3d9-4b5f-91bf-623de7159a94.jpg,348,362,0,362,348,381,413,420,0.34202638268470764,0.08480578660964966,0.03870232030749321,0.028531063348054886,0.026148367673158646,1,2,hairy bittercress,Small-leaved Blinks,hairy bittercress,common heather,white sage,Beechdrops
val/07236_Plantae_Tracheophyta_Magnoliopsida_Brassicales_Brassicaceae_Cardamine_hirsuta/724b4654-fbcb-4553-8de1-7d12458a08a2.jpg,348,347,0,347,348,381,319,97,0.3075041174888611,0.19302955269813538,0.05308842658996582,0.029711859300732613,0.020061301067471504,1,2,hairy bittercress,European Searocket,hairy bittercress,common heather,common burrobrush,Large White Butterfly
val/07237_Plantae_Tracheophyta_Magnoliopsida_Brassicales_Brassicaceae_Cardamine_impatiens/d3a2da10-c9bb-430d-8beb-82313175e0f3.jpg,349,284,0,284,349,313,307,441,0.22136664390563965,0.13154424726963043,0.03791525214910507,0.029571937397122383,0.022381890565156937,1,2,narrow-leaved bittercress,asparagus,narrow-leaved bittercress,upright hedge-parsley,Annual Meadow-grass,black willow
val/07246_Plantae_Tracheophyta_Magnoliopsida_Brassicales_Brassicaceae_Dithyrea_californica/0e299d21-e8c7-4aa7-85a8-a004cc4c3418.jpg,350,376,0,376,377,350,359,365,0.20789004862308502,0.0980728268623352,0.09745439141988754,0.07491245120763779,0.046941809356212616,1,3,California shieldpod,squirting cucumber,Western Snowberry,California shieldpod,Sea Sandwort,skeleton weed
val/07299_Plantae_Tracheophyta_Magnoliopsida_Canellales_Winteraceae_Pseudowintera_colorata/095f3531-67fe-4749-81d7-376b83304ccb.jpg,351,385,0,385,351,345,407,467,0.4858351945877075,0.11109502613544464,0.058140382170677185,0.043032802641391754,0.024321123957633972,1,2,Mountain Horopito,Gaultheria antipoda,Mountain Horopito,broadleaf forget-me-not,Coprosma dumosa,Rubus schmidelioides
val/07299_Plantae_Tracheophyta_Magnoliopsida_Canellales_Winteraceae_Pseudowintera_colorata/0412ddb7-9105-4b1b-a474-2f25f109bd27.jpg,351,303,0,303,351,408,106,432,0.293016254901886,0.10735326260328293,0.08951092511415482,0.028559457510709763,0.01643453910946846,1,2,Mountain Horopito,sawbrier,Mountain Horopito,Kanono,Hippotion scrofa,common pawpaw
val/07339_Plantae_Tracheophyta_Magnoliopsida_Caryophyllales_Basellaceae_Anredera_cordifolia/6a476beb-e9c0-4391-ac3c-49451f0b4de6.jpg,353,408,0,408,353,297,300,267,0.0870346873998642,0.061854615807533264,0.05047452449798584,0.04242651164531708,0.04084579646587372,1,2,Mignonette vine,Kanono,Mignonette vine,giant white fawn lily,Leopard Lily,Lichen Agaric
val/07364_Plantae_Tracheophyta_Magnoliopsida_Caryophyllales_Cactaceae_Echinocereus_enneacanthus/b43c8188-e792-464b-a47b-289f25ad26a0.jpg,354,356,0,356,354,457,357,344,0.8188973665237427,0.10815253853797913,0.005747239105403423,0.005679767578840256,0.0023403235245496035,1,2,Strawberry Cactus,strawberry hedgehog cactus,Strawberry Cactus,eastern pasqueflower,viviparous foxtail cactus,Salvation Jane
val/07364_Plantae_Tracheophyta_Magnoliopsida_Caryophyllales_Cactaceae_Echinocereus_enneacanthus/2262a43c-04b7-4a6a-b5e0-dbb3d34865e3.jpg,354,419,0,419,357,354,356,355,0.3362724781036377,0.1673496812582016,0.12017494440078735,0.05760905146598816,0.012231037020683289,1,3,Strawberry Cactus,Purple paintbrush,viviparous foxtail cactus,Strawberry Cactus,strawberry hedgehog cactus,Spiny Hedgehog Cactus
val/07371_Plantae_Tracheophyta_Magnoliopsida_Caryophyllales_Cactaceae_Echinocereus_stramineus/37f7854b-8002-4f81-af74-b06d594e7ab3.jpg,356,358,0,358,356,354,357,392,0.6722637414932251,0.0948031023144722,0.023539254441857338,0.01838664337992668,0.017302554100751877,1,2,strawberry hedgehog cactus,California barrel cactus,strawberry hedgehog cactus,Strawberry Cactus,viviparous foxtail cactus,pygmy-flower rock-jasmine
val/07371_Plantae_Tracheophyta_Magnoliopsida_Caryophyllales_Cactaceae_Echinocereus_stramineus/fffdc442-1ad8-4e90-b0a0-b3b05ac7b292.jpg,356,354,0,354,357,358,279,356,0.4904681146144867,0.18102321028709412,0.046234406530857086,0.03289756551384926,0.01780419424176216,1,5,strawberry hedgehog cactus,Strawberry Cactus,viviparous foxtail cactus,California barrel cactus,longleaf ephedra,strawberry hedgehog cactus
val/07375_Plantae_Tracheophyta_Magnoliopsida_Caryophyllales_Cactaceae_Escobaria_vivipara/1c39021b-d5fe-4f64-8812-124f281108d1.jpg,357,477,0,477,314,357,354,437,0.12841124832630157,0.12380760163068771,0.0827854797244072,0.037044912576675415,0.03332851827144623,1,3,viviparous foxtail cactus,jade plant,Japanese aralia,viviparous foxtail cactus,Strawberry Cactus,Cassava
val/07376_Plantae_Tracheophyta_Magnoliopsida_Caryophyllales_Cactaceae_Ferocactus_cylindraceus/5da1d0f9-7adb-44ef-80d0-94d85e5b2f97.jpg,358,355,0,355,358,356,357,354,0.5064548850059509,0.32902640104293823,0.021654022857546806,0.006717429496347904,0.003327873069792986,1,2,California barrel cactus,Spiny Hedgehog Cactus,California barrel cactus,strawberry hedgehog cactus,viviparous foxtail cactus,Strawberry Cactus
val/07434_Plantae_Tracheophyta_Magnoliopsida_Caryophyllales_Caryophyllaceae_Honckenya_peploides/2cbfa535-7723-42f1-94c3-4560386b2330.jpg,359,346,0,346,348,359,453,392,0.2827697992324829,0.1292959749698639,0.04394715651869774,0.04389185458421707,0.04082740843296051,1,3,Sea Sandwort,water forget-me-not,hairy bittercress,Sea Sandwort,meadow anemone,pygmy-flower rock-jasmine
val/07464_Plantae_Tracheophyta_Magnoliopsida_Caryophyllales_Caryophyllaceae_Stellaria_graminea/81c94a6b-73d8-499e-a391-f50009bdc9bb.jpg,361,362,0,362,361,342,127,95,0.16171517968177795,0.11318723857402802,0.036597199738025665,0.03390834107995033,0.022235209122300148,1,2,lesser stitchwort,Small-leaved Blinks,lesser stitchwort,California Harebell,New Zealand Half Crab,Barred Yellow
val/07496_Plantae_Tracheophyta_Magnoliopsida_Caryophyllales_Montiaceae_Montia_parvifolia/d9d978d9-b79c-4894-a1d8-a36a9042c768.jpg,362,370,0,370,366,362,365,420,0.6289845705032349,0.11944086849689484,0.0740298330783844,0.05610201507806778,0.005583080463111401,1,3,Small-leaved Blinks,woodland pterostegia,Fringed Bindweed,Small-leaved Blinks,skeleton weed,Beechdrops
val/07496_Plantae_Tracheophyta_Magnoliopsida_Caryophyllales_Montiaceae_Montia_parvifolia/cbd681b4-701b-4085-b492-c1c2c045417d.jpg,362,361,0,361,362,392,453,426,0.760139524936676,0.04482940584421158,0.03978883847594261,0.015154063701629639,0.012866497971117496,1,2,Small-leaved Blinks,lesser stitchwort,Small-leaved Blinks,pygmy-flower rock-jasmine,meadow anemone,Slender speedwell
val/07496_Plantae_Tracheophyta_Magnoliopsida_Caryophyllales_Montiaceae_Montia_parvifolia/cebbe273-c0fc-405f-a6c3-ffc206deb46b.jpg,362,426,0,426,362,389,455,391,0.3437689542770386,0.11923958361148834,0.10935509949922562,0.030532872304320335,0.020714938640594482,1,2,Small-leaved Blinks,Slender speedwell,Small-leaved Blinks,flaxflowered ipomopsis,Swamp Leather Flower,longleaf phlox
val/07496_Plantae_Tracheophyta_Magnoliopsida_Caryophyllales_Montiaceae_Montia_parvifolia/7ebd51dc-3423-408e-a0a1-f6c2c34e7d0c.jpg,362,342,0,342,362,455,281,426,0.5206953287124634,0.23947110772132874,0.05487458035349846,0.04420808330178261,0.013870364055037498,1,2,Small-leaved Blinks,California Harebell,Small-leaved Blinks,Swamp Leather Flower,nodding onion,Slender speedwell
val/07496_Plantae_Tracheophyta_Magnoliopsida_Caryophyllales_Montiaceae_Montia_parvifolia/fcb121d8-b947-47f5-960c-253abe68894f.jpg,362,349,0,349,362,342,392,324,0.23009295761585236,0.15003973245620728,0.07814084738492966,0.042190223932266235,0.030486930161714554,1,2,Small-leaved Blinks,narrow-leaved bittercress,Small-leaved Blinks,California Harebell,pygmy-flower rock-jasmine,tropical horseweed
val/07526_Plantae_Tracheophyta_Magnoliopsida_Caryophyllales_Polygonaceae_Eriogonum_deflexum/b8af01fa-6519-416a-9db9-4f554f543d95.jpg,365,175,0,175,117,365,329,180,0.06380388140678406,0.03903118520975113,0.02426530234515667,0.019938668236136436,0.01587657816708088,1,3,skeleton weed,Double-barred Finch,Common Blue Damselfly,skeleton weed,Old Plainsman,Violet-green Swallow
val/07526_Plantae_Tracheophyta_Magnoliopsida_Caryophyllales_Polygonaceae_Eriogonum_deflexum/c6b97500-51d5-46c7-a9ff-18f24ec02256.jpg,365,474,0,474,420,365,464,389,0.2673937678337097,0.1818179339170456,0.05498824268579483,0.05142632871866226,0.02845737896859646,1,3,skeleton weed,elephant tree,Beechdrops,skeleton weed,sand cherry,flaxflowered ipomopsis
val/07536_Plantae_Tracheophyta_Magnoliopsida_Caryophyllales_Polygonaceae_Fallopia_cilinodis/e4d76770-d252-4a4c-bf48-5ab3b5feeae5.jpg,366,459,0,459,366,485,424,482,0.12077217549085617,0.12001591175794601,0.09315591305494308,0.06823423504829407,0.04857301712036133,1,2,Fringed Bindweed,Korean mulberry,Fringed Bindweed,Porcelain Berry,American lopseed,Obscure Morning Glory
val/07536_Plantae_Tracheophyta_Magnoliopsida_Caryophyllales_Polygonaceae_Fallopia_cilinodis/ee461356-f47a-4518-a533-4f5a3127eaca.jpg,366,473,0,473,481,366,370,432,0.20156137645244598,0.052509862929582596,0.048961203545331955,0.04694772884249687,0.043101899325847626,1,3,Fringed Bindweed,poison ivy,red morning glory,Fringed Bindweed,woodland pterostegia,common pawpaw
val/07552_Plantae_Tracheophyta_Magnoliopsida_Caryophyllales_Polygonaceae_Persicaria_maculosa/b126581e-20ba-4a85-8063-b6ca4e9cc503.jpg,367,427,0,427,367,437,415,417,0.20812897384166718,0.12505361437797546,0.06383122503757477,0.04202718287706375,0.03561777621507645,1,2,redshank,Butterfly bush,redshank,Cassava,Marsh Woundwort,Lilac chaste tree
val/07558_Plantae_Tracheophyta_Magnoliopsida_Caryophyllales_Polygonaceae_Polygonum_aviculare/7577c233-0ecf-440a-976a-80d2f57ef22f.jpg,368,369,0,369,368,386,404,347,0.38018539547920227,0.3191325068473816,0.03874559327960014,0.027104835957288742,0.013449101708829403,1,2,prostrate knotweed,beach knotweed,prostrate knotweed,alpine azalea,California Wax Myrtle,European Searocket
val/07558_Plantae_Tracheophyta_Magnoliopsida_Caryophyllales_Polygonaceae_Polygonum_aviculare/c7b3d7e0-75e6-4ef3-8e54-b1205fd35893.jpg,368,271,0,271,307,368,206,306,0.10795395076274872,0.07878247648477554,0.059640463441610336,0.027191495522856712,0.0262160561978817,1,3,prostrate knotweed,stinkhorn,Annual Meadow-grass,prostrate knotweed,Masked Water-Tyrant,Dallis grass
val/07558_Plantae_Tracheophyta_Magnoliopsida_Caryophyllales_Polygonaceae_Polygonum_aviculare/1ed13620-dc3f-426b-b57b-2df9a9bb8a0d.jpg,368,308,0,308,307,368,306,38,0.07879163324832916,0.07823914289474487,0.07295054942369461,0.04778723791241646,0.031885962933301926,1,3,prostrate knotweed,Green Bristle Grass,Annual Meadow-grass,prostrate knotweed,Dallis grass,New York Carpenter Ant
val/07559_Plantae_Tracheophyta_Magnoliopsida_Caryophyllales_Polygonaceae_Polygonum_paronychia/b95a094b-66d3-4046-bf7c-9fd229b9230c.jpg,369,308,0,308,347,277,369,474,0.08223215490579605,0.0758027732372284,0.07202573120594025,0.06538411974906921,0.04416985064744949,1,4,beach knotweed,Green Bristle Grass,European Searocket,Sponge Weed,beach knotweed,elephant tree
val/07560_Plantae_Tracheophyta_Magnoliopsida_Caryophyllales_Polygonaceae_Pterostegia_drymarioides/799428b1-6fdc-45ac-bf7d-72afd6e31c7c.jpg,370,486,0,486,370,436,47,418,0.2838783860206604,0.21001799404621124,0.03336270898580551,0.02316061221063137,0.013327199965715408,1,2,woodland pterostegia,Pima Rhatany,woodland pterostegia,Florida Hammock Sandmat,Volupial Pyrausta Moth,field Indian paintbrush
val/07576_Plantae_Tracheophyta_Magnoliopsida_Celastrales_Celastraceae_Canotia_holacantha/00472160-00b8-4026-af1e-9d1d7b0838ea.jpg,372,463,0,463,319,279,372,380,0.25017520785331726,0.12492449581623077,0.08089146018028259,0.07142521440982819,0.0539843924343586,1,4,crucifixion thorn,desert almond,common burrobrush,longleaf ephedra,crucifixion thorn,Big Berry Manzanita
val/07576_Plantae_Tracheophyta_Magnoliopsida_Celastrales_Celastraceae_Canotia_holacantha/f62a4611-983a-4230-a3a6-7dfe9b3b14df.jpg,372,365,0,365,372,389,358,472,0.40784764289855957,0.13873116672039032,0.057520754635334015,0.03904077783226967,0.03632229566574097,1,2,crucifixion thorn,skeleton weed,crucifixion thorn,flaxflowered ipomopsis,California barrel cactus,desert mistletoe
val/07619_Plantae_Tracheophyta_Magnoliopsida_Cucurbitales_Coriariaceae_Coriaria_arborea/e7b0f2c8-45cd-4aa1-8b41-daa15c3f1ee3.jpg,375,376,0,376,339,375,283,368,0.10848438739776611,0.08577927947044373,0.07588189840316772,0.05327146127820015,0.029929902404546738,1,3,Tree Tutu,squirting cucumber,prickly sowthistle,Tree Tutu,Spiny Asparagus,prostrate knotweed
val/07619_Plantae_Tracheophyta_Magnoliopsida_Cucurbitales_Coriariaceae_Coriaria_arborea/2833b480-f137-4d22-a6b9-272737db6ce7.jpg,375,31,0,31,375,113,379,303,0.2683321535587311,0.08066128939390182,0.045252956449985504,0.03227808699011803,0.025691665709018707,1,2,Tree Tutu,Southern Green Stink Bug,Tree Tutu,Australian Green Mantis,strawberry tree,sawbrier
val/07678_Plantae_Tracheophyta_Magnoliopsida_Dipsacales_Viburnaceae_Viburnum_acerifolium/c1269c0e-af53-40c4-8df3-f6214cd86ec4.jpg,378,470,0,470,378,456,466,9,0.2563759684562683,0.15401341021060944,0.079647958278656,0.032585032284259796,0.026004841551184654,1,2,mapleleaf viburnum,Canadian wood nettle,mapleleaf viburnum,Virginia virgin's-bower,Himalayan-berry,Spotted Longhorn
val/07678_Plantae_Tracheophyta_Magnoliopsida_Dipsacales_Viburnaceae_Viburnum_acerifolium/1996fee6-bb5f-4985-9f9b-51e5f475bd69.jpg,378,485,0,485,378,475,459,402,0.14497804641723633,0.08311210572719574,0.07982327044010162,0.07379994541406631,0.0547073595225811,1,2,mapleleaf viburnum,Porcelain Berry,mapleleaf viburnum,field maple,Korean mulberry,swamp chestnut oak
val/07678_Plantae_Tracheophyta_Magnoliopsida_Dipsacales_Viburnaceae_Viburnum_acerifolium/4a38f221-08a3-47f5-b913-ac23fa2c289f.jpg,378,482,0,482,485,365,378,377,0.0966833159327507,0.054275937378406525,0.04631882905960083,0.04581589251756668,0.03984826058149338,1,4,mapleleaf viburnum,Obscure Morning Glory,Porcelain Berry,skeleton weed,mapleleaf viburnum,Western Snowberry
val/07709_Plantae_Tracheophyta_Magnoliopsida_Ericales_Ericaceae_Arctostaphylos_glauca/260d9dd9-25eb-4c00-a968-37687f3feed6.jpg,380,474,0,474,380,472,463,393,0.4932876229286194,0.405396044254303,0.01745646819472313,0.005528862122446299,0.0053593930788338184,1,2,Big Berry Manzanita,elephant tree,Big Berry Manzanita,desert mistletoe,desert almond,Taiwan Acacia
val/07709_Plantae_Tracheophyta_Magnoliopsida_Ericales_Ericaceae_Arctostaphylos_glauca/46885019-4032-4b04-b743-7039163e2172.jpg,380,474,0,474,380,492,398,448,0.3661651313304901,0.2290140837430954,0.06403223425149918,0.05392533540725708,0.023321490734815598,1,2,Big Berry Manzanita,elephant tree,Big Berry Manzanita,ponderosa pine,black locust,Coastal Banksia
val/07715_Plantae_Tracheophyta_Magnoliopsida_Ericales_Ericaceae_Calluna_vulgaris/3c1f7c91-445a-477b-a0da-a1b70ba9fe73.jpg,381,281,0,281,381,364,291,421,0.7376070022583008,0.018558312207460403,0.011352664791047573,0.008593217469751835,0.008101257495582104,1,2,common heather,nodding onion,common heather,alpine bistort,Common Spotted Orchid,Red Odontites
val/07715_Plantae_Tracheophyta_Magnoliopsida_Ericales_Ericaceae_Calluna_vulgaris/97444ce2-1c59-4652-884a-4f7ad85c3a11.jpg,381,333,0,333,283,381,361,330,0.33008772134780884,0.050607290118932724,0.04071469604969025,0.03934023529291153,0.036325231194496155,1,3,common heather,Tauhinu,Spiny Asparagus,common heather,lesser stitchwort,oxeye daisy
val/07718_Plantae_Tracheophyta_Magnoliopsida_Ericales_Ericaceae_Ceratiola_ericoides/d6b3b576-231e-4da3-8b6c-f38a943f5118.jpg,382,359,0,359,382,333,336,363,0.32961076498031616,0.25156301259994507,0.09778495132923126,0.0639960765838623,0.05985509604215622,1,2,sand heath,Sea Sandwort,sand heath,Tauhinu,Woad-leaved ragwort,Perez's sea lavender
val/07723_Plantae_Tracheophyta_Magnoliopsida_Ericales_Ericaceae_Dracophyllum_longifolium/0c805245-dcce-43a6-857a-a504e7cec17e.jpg,383,449,0,449,464,333,383,325,0.16481781005859375,0.12515704333782196,0.09867029637098312,0.08887959271669388,0.053048938512802124,1,4,Inaka,Golden Sunshinebush,sand cherry,Tauhinu,Inaka,tall boneset
val/07723_Plantae_Tracheophyta_Magnoliopsida_Ericales_Ericaceae_Dracophyllum_longifolium/71021122-334d-4922-b14a-363fd6399b30.jpg,383,394,0,394,324,383,308,393,0.1643241047859192,0.155731663107872,0.07334733009338379,0.06281448900699615,0.06140448525547981,1,3,Inaka,longleaf wattle,tropical horseweed,Inaka,Green Bristle Grass,Taiwan Acacia
val/07723_Plantae_Tracheophyta_Magnoliopsida_Ericales_Ericaceae_Dracophyllum_longifolium/762cadf3-3a8d-4d09-9212-4066ea943ea8.jpg,383,369,0,369,392,304,383,2,0.06026149168610573,0.06012263149023056,0.04818679019808769,0.03702116757631302,0.03626331686973572,1,4,Inaka,beach knotweed,pygmy-flower rock-jasmine,Fingered Sedge,Inaka,Six-spotted Fishing Spider
val/07740_Plantae_Tracheophyta_Magnoliopsida_Ericales_Ericaceae_Gaultheria_antipoda/ed588320-5d4a-4389-9159-d6b3bbba4806.jpg,385,319,0,319,385,351,387,407,0.25000107288360596,0.20158493518829346,0.08520977944135666,0.06401339173316956,0.0391400046646595,1,2,Gaultheria antipoda,common burrobrush,Gaultheria antipoda,Mountain Horopito,Prickly mingimingi,Coprosma dumosa
val/07740_Plantae_Tracheophyta_Magnoliopsida_Ericales_Ericaceae_Gaultheria_antipoda/6065165e-f616-463c-842f-47be0f090a30.jpg,385,407,0,407,385,368,479,469,0.3201565742492676,0.19606509804725647,0.045670557767152786,0.03744073957204819,0.03111349791288376,1,2,Gaultheria antipoda,Coprosma dumosa,Gaultheria antipoda,prostrate knotweed,Goose-berry,Siberian elm
val/07751_Plantae_Tracheophyta_Magnoliopsida_Ericales_Ericaceae_Leptecophylla_juniperina/f15aa337-cc75-4ec2-b1ef-f83c88e3f761.jpg,387,460,0,460,385,387,405,407,0.21821610629558563,0.05280940607190132,0.04682271182537079,0.04397575929760933,0.03836369141936302,1,3,Prickly mingimingi,parsley hawthorn,Gaultheria antipoda,Prickly mingimingi,Coast silk tassel,Coprosma dumosa
val/07751_Plantae_Tracheophyta_Magnoliopsida_Ericales_Ericaceae_Leptecophylla_juniperina/a3f8d329-9eca-43fd-be06-5082675198b4.jpg,387,460,0,460,387,407,284,486,0.17089372873306274,0.13432317972183228,0.11892273277044296,0.08978221565485,0.042579419910907745,1,2,Prickly mingimingi,parsley hawthorn,Prickly mingimingi,Coprosma dumosa,asparagus,Pima Rhatany
val/07792_Plantae_Tracheophyta_Magnoliopsida_Ericales_Ericaceae_Vaccinium_membranaceum/614ce9b6-321a-447a-a8ef-193cceba27a9.jpg,388,473,0,473,449,388,379,377,0.269584983587265,0.10553345084190369,0.07534553855657578,0.05494898557662964,0.04184601083397865,1,3,black huckleberry,poison ivy,Golden Sunshinebush,black huckleberry,strawberry tree,Western Snowberry
val/07832_Plantae_Tracheophyta_Magnoliopsida_Ericales_Polemoniaceae_Phlox_longifolia/1cdf778b-9956-418c-a6ab-7c433e8d3d1c.jpg,391,295,0,295,391,444,301,289,0.15222638845443726,0.06736043095588684,0.034061528742313385,0.023652227595448494,0.023192331194877625,1,2,longleaf phlox,Philippine Ground Orchid,longleaf phlox,Island Mallow,snow trillium,Spring Crocus
val/07832_Plantae_Tracheophyta_Magnoliopsida_Ericales_Polemoniaceae_Phlox_longifolia/007bad37-ee83-4965-b72e-bb8a4c9289b5.jpg,391,390,0,390,295,360,391,431,0.22816206514835358,0.13579082489013672,0.13172297179698944,0.12738439440727234,0.031034110113978386,1,4,longleaf phlox,Drummond's phlox,Philippine Ground Orchid,ragged-Robin,longleaf phlox,Dakota mock vervain
val/07843_Plantae_Tracheophyta_Magnoliopsida_Ericales_Primulaceae_Androsace_septentrionalis/69b0c032-9ba4-493d-aed5-c230f7356d21.jpg,392,362,0,362,392,370,308,386,0.352203369140625,0.25381767749786377,0.1262296438217163,0.018170293420553207,0.013252295553684235,1,2,pygmy-flower rock-jasmine,Small-leaved Blinks,pygmy-flower rock-jasmine,woodland pterostegia,Green Bristle Grass,alpine azalea
val/07843_Plantae_Tracheophyta_Magnoliopsida_Ericales_Primulaceae_Androsace_septentrionalis/84d884cf-c997-4904-979a-905ae1797b52.jpg,392,414,0,414,392,333,348,369,0.12258556485176086,0.09436570107936859,0.0788731575012207,0.05872780457139015,0.03329719603061676,1,2,pygmy-flower rock-jasmine,chia,pygmy-flower rock-jasmine,Tauhinu,hairy bittercress,beach knotweed
val/07843_Plantae_Tracheophyta_Magnoliopsida_Ericales_Primulaceae_Androsace_septentrionalis/5c4a984c-3940-401d-8d36-ba7f3097c8bd.jpg,392,348,0,348,392,304,281,33,0.516299307346344,0.11104483902454376,0.02953803353011608,0.019708750769495964,0.017655236646533012,1,2,pygmy-flower rock-jasmine,hairy bittercress,pygmy-flower rock-jasmine,Fingered Sedge,nodding onion,Ashy Mining Bee
val/07888_Plantae_Tracheophyta_Magnoliopsida_Fabales_Fabaceae_Acacia_confusa/f440f4b9-38a4-4cd9-9a06-dd7558d953fa.jpg,393,394,0,394,490,393,448,8,0.1685684621334076,0.15626558661460876,0.1555866301059723,0.07979408651590347,0.018589036539196968,1,3,Taiwan Acacia,longleaf wattle,white fir,Taiwan Acacia,Coastal Banksia,Goldenrod Soldier Beetle
val/07888_Plantae_Tracheophyta_Magnoliopsida_Fabales_Fabaceae_Acacia_confusa/52fd2ec4-c45d-4302-b3bc-19c7777f20b4.jpg,393,441,0,441,393,403,288,285,0.350791871547699,0.16585108637809753,0.11711335927248001,0.028429390862584114,0.01839115284383297,1,2,Taiwan Acacia,black willow,Taiwan Acacia,willow oak,Mountain flax,small camas
val/07888_Plantae_Tracheophyta_Magnoliopsida_Fabales_Fabaceae_Acacia_confusa/5ebb8e9a-e1c3-43fc-822f-49a60b82d74b.jpg,393,403,0,403,309,393,404,441,0.32116973400115967,0.21037988364696503,0.1832321435213089,0.08508064597845078,0.051998645067214966,1,3,Taiwan Acacia,willow oak,Saint Augustine grass,Taiwan Acacia,California Wax Myrtle,black willow
val/07891_Plantae_Tracheophyta_Magnoliopsida_Fabales_Fabaceae_Acacia_longifolia/83fe7499-eef6-4c3b-bd40-05cf7c512bb3.jpg,394,383,0,383,393,368,372,394,0.043685585260391235,0.0411352775990963,0.040990907698869705,0.039396584033966064,0.03628241643309593,1,5,longleaf wattle,Inaka,Taiwan Acacia,prostrate knotweed,crucifixion thorn,longleaf wattle
val/07891_Plantae_Tracheophyta_Magnoliopsida_Fabales_Fabaceae_Acacia_longifolia/a5b778fc-fa00-4a2f-bd74-c8502d1d8f94.jpg,394,404,0,404,394,403,406,393,0.24023380875587463,0.12386932969093323,0.12263887375593185,0.05647754669189453,0.040174148976802826,1,2,longleaf wattle,California Wax Myrtle,longleaf wattle,willow oak,American columbo,Taiwan Acacia
val/07891_Plantae_Tracheophyta_Magnoliopsida_Fabales_Fabaceae_Acacia_longifolia/0eedfe16-874d-4b70-84b8-346bfcb149a7.jpg,394,464,0,464,379,449,394,440,0.29007285833358765,0.2069494128227234,0.07984156906604767,0.07061842083930969,0.06382867693901062,1,4,longleaf wattle,sand cherry,strawberry tree,Golden Sunshinebush,longleaf wattle,Grey Willow
val/07943_Plantae_Tracheophyta_Magnoliopsida_Fabales_Fabaceae_Cytisus_scoparius/90f4d2e5-ddb1-44f3-a0ae-078962ae93be.jpg,395,383,0,383,395,279,310,382,0.2787916660308838,0.2517862915992737,0.09338845312595367,0.02890656515955925,0.027036428451538086,1,2,Scotch Broom,Inaka,Scotch Broom,longleaf ephedra,Kangaroo Grass,sand heath
val/07943_Plantae_Tracheophyta_Magnoliopsida_Fabales_Fabaceae_Cytisus_scoparius/466c9c54-3095-46ab-8998-46dd50833a41.jpg,395,35,0,35,395,108,5,221,0.04220719262957573,0.03311498463153839,0.03209063410758972,0.02324087917804718,0.01792846992611885,1,2,Scotch Broom,Elm Sawfly,Scotch Broom,Pine Hawk-Moth,Eastern Bark Centipede,Eland
val/08057_Plantae_Tracheophyta_Magnoliopsida_Fabales_Fabaceae_Robinia_pseudoacacia/acafcbbc-3688-478c-af4a-27f1668350cb.jpg,398,402,0,402,468,398,487,488,0.2488887757062912,0.10762172937393188,0.06236182153224945,0.03876793012022972,0.029719743877649307,1,3,black locust,swamp chestnut oak,American elm,black locust,giant sequoia,baldcypress
val/08057_Plantae_Tracheophyta_Magnoliopsida_Fabales_Fabaceae_Robinia_pseudoacacia/5b489038-bc7b-4f30-a890-51b073cac5b7.jpg,398,448,0,448,393,469,492,398,0.16302821040153503,0.06445443630218506,0.06109657138586044,0.05511067062616348,0.05278598889708519,1,5,black locust,Coastal Banksia,Taiwan Acacia,Siberian elm,ponderosa pine,black locust
val/08057_Plantae_Tracheophyta_Magnoliopsida_Fabales_Fabaceae_Robinia_pseudoacacia/c9b30b22-da26-4ebc-9002-6284066db1a1.jpg,398,424,0,424,473,398,315,427,0.059255436062812805,0.055627211928367615,0.05126075819134712,0.03337327763438225,0.025643672794103622,1,3,black locust,American lopseed,poison ivy,black locust,dwarf ginseng,Butterfly bush
val/08057_Plantae_Tracheophyta_Magnoliopsida_Fabales_Fabaceae_Robinia_pseudoacacia/261dcf99-c5aa-40aa-9c44-4bf3af8ebe89.jpg,398,349,0,349,496,398,474,430,0.18046411871910095,0.10146514326334,0.07461220771074295,0.033905547112226486,0.03304745629429817,1,3,black locust,narrow-leaved bittercress,brittle bladderfern,black locust,elephant tree,golden dewdrop
val/08083_Plantae_Tracheophyta_Magnoliopsida_Fabales_Fabaceae_Thermopsis_californica/79464c91-844a-403e-a686-74d23955cbfd.jpg,399,428,0,428,399,473,334,279,0.40063849091529846,0.14730414748191833,0.03461264446377754,0.018611127510666847,0.017256978899240494,1,2,California goldenbanner,Dark Mullein,California goldenbanner,poison ivy,Great Plains Ragwort,longleaf ephedra
val/08193_Plantae_Tracheophyta_Magnoliopsida_Fagales_Fagaceae_Quercus_michauxii/3865df95-ec70-4bf3-a205-713435dba338.jpg,402,433,0,433,432,402,468,473,0.779039740562439,0.09896276891231537,0.0900658369064331,0.005130160134285688,0.001617275644093752,1,3,swamp chestnut oak,umbrella magnolia,common pawpaw,swamp chestnut oak,American elm,poison ivy
val/08193_Plantae_Tracheophyta_Magnoliopsida_Fagales_Fagaceae_Quercus_michauxii/c5915bce-66c2-4ace-b328-79fbd049059d.jpg,402,487,0,487,492,433,432,402,0.1719074547290802,0.0902467891573906,0.028550999239087105,0.02791871316730976,0.026038184762001038,1,5,swamp chestnut oak,giant sequoia,ponderosa pine,umbrella magnolia,common pawpaw,swamp chestnut oak
val/08193_Plantae_Tracheophyta_Magnoliopsida_Fagales_Fagaceae_Quercus_michauxii/e4f80c30-8ddb-4fe9-bf76-543693daf024.jpg,402,459,0,459,402,485,332,447,0.3428034782409668,0.13699039816856384,0.09740131348371506,0.07113728672266006,0.029980141669511795,1,2,swamp chestnut oak,Korean mulberry,swamp chestnut oak,Porcelain Berry,white rattlesnakeroot,Wineberry
val/08193_Plantae_Tracheophyta_Magnoliopsida_Fagales_Fagaceae_Quercus_michauxii/a6110853-6b37-4022-bc7a-593c1a59f8fa.jpg,402,433,0,433,402,432,361,424,0.4531501531600952,0.18434973061084747,0.027142345905303955,0.02256985940039158,0.0173812136054039,1,2,swamp chestnut oak,umbrella magnolia,swamp chestnut oak,common pawpaw,lesser stitchwort,American lopseed
val/08193_Plantae_Tracheophyta_Magnoliopsida_Fagales_Fagaceae_Quercus_michauxii/8aae67fa-554c-43bc-bd90-2a317074bb55.jpg,402,432,0,432,402,469,398,215,0.18800653517246246,0.11354667693376541,0.10881264507770538,0.09813035279512405,0.035049423575401306,1,2,swamp chestnut oak,common pawpaw,swamp chestnut oak,Siberian elm,black locust,Eastern Screech-Owl
val/08193_Plantae_Tracheophyta_Magnoliopsida_Fagales_Fagaceae_Quercus_michauxii/afbed108-93f8-4f55-a6eb-22bbac81ae3a.jpg,402,463,0,463,492,402,479,254,0.023512892425060272,0.017643079161643982,0.015691792592406273,0.013250281102955341,0.012944230809807777,1,3,swamp chestnut oak,desert almond,ponderosa pine,swamp chestnut oak,Goose-berry,Lettered Olive
val/08198_Plantae_Tracheophyta_Magnoliopsida_Fagales_Fagaceae_Quercus_phellos/26554169-5587-4fa0-8ee0-24edec523c84.jpg,403,488,0,488,403,402,469,433,0.36450904607772827,0.10476038604974747,0.07542239129543304,0.05120611935853958,0.044592954218387604,1,2,willow oak,baldcypress,willow oak,swamp chestnut oak,Siberian elm,umbrella magnolia
val/08220_Plantae_Tracheophyta_Magnoliopsida_Fagales_Myricaceae_Morella_californica/cf5aee29-00ff-4914-b0b9-f36e7ba43024.jpg,404,280,0,280,393,166,404,394,0.1354186236858368,0.09564849734306335,0.06837841868400574,0.05873154103755951,0.04153094068169594,1,4,California Wax Myrtle,coconut palm,Taiwan Acacia,Red-billed Pigeon,California Wax Myrtle,longleaf wattle
val/08226_Plantae_Tracheophyta_Magnoliopsida_Garryales_Garryaceae_Garrya_elliptica/3cd85cbf-e4a0-42f4-b1e0-5c5144f0fd88.jpg,405,404,0,404,405,380,474,477,0.2411135733127594,0.18009842932224274,0.019281350076198578,0.01701471023261547,0.01590164564549923,1,2,Coast silk tassel,California Wax Myrtle,Coast silk tassel,Big Berry Manzanita,elephant tree,jade plant
val/08226_Plantae_Tracheophyta_Magnoliopsida_Garryales_Garryaceae_Garrya_elliptica/3a1fea8a-6a77-49f2-a9dc-8d2538677a9a.jpg,405,364,0,364,405,309,375,371,0.37331950664520264,0.2672434449195862,0.046601686626672745,0.026137197390198708,0.024378502741456032,1,2,Coast silk tassel,alpine bistort,Coast silk tassel,Saint Augustine grass,Tree Tutu,canaigre dock
val/08293_Plantae_Tracheophyta_Magnoliopsida_Gentianales_Gentianaceae_Frasera_caroliniensis/86fea411-6074-4f01-a6e0-b6704a564ee2.jpg,406,282,0,282,406,335,455,331,0.06880253553390503,0.06255710124969482,0.03559309244155884,0.03220958635210991,0.021497532725334167,1,2,American columbo,spring spiderlily,American columbo,leafcup,Swamp Leather Flower,Snow Squarestem
val/08325_Plantae_Tracheophyta_Magnoliopsida_Gentianales_Rubiaceae_Coprosma_dumosa/3bb7bfe4-ff22-4fe7-9712-8a7d57aa0fce.jpg,407,253,0,253,199,407,194,464,0.07729057222604752,0.06836182624101639,0.05911583453416824,0.030644215643405914,0.026191748678684235,1,3,Coprosma dumosa,California Cone,Brown-headed Nuthatch,Coprosma dumosa,Henslow's Sparrow,sand cherry
val/08325_Plantae_Tracheophyta_Magnoliopsida_Gentianales_Rubiaceae_Coprosma_dumosa/023a4fd2-2960-4149-9e77-5aa06289aabd.jpg,407,463,0,463,407,319,387,474,0.577566385269165,0.16458961367607117,0.0554523803293705,0.028227532282471657,0.019667858257889748,1,2,Coprosma dumosa,desert almond,Coprosma dumosa,common burrobrush,Prickly mingimingi,elephant tree
val/08325_Plantae_Tracheophyta_Magnoliopsida_Gentianales_Rubiaceae_Coprosma_dumosa/8f896e16-e0d6-4ab2-8ebf-18ed2d4cfced.jpg,407,463,0,463,407,319,284,472,0.29892295598983765,0.10416208952665329,0.05970565602183342,0.036950577050447464,0.024489717558026314,1,2,Coprosma dumosa,desert almond,Coprosma dumosa,common burrobrush,asparagus,desert mistletoe
val/08325_Plantae_Tracheophyta_Magnoliopsida_Gentianales_Rubiaceae_Coprosma_dumosa/0b481eda-af7f-4ad5-a522-3dc5f332d878.jpg,407,463,0,463,467,407,405,486,0.5333558917045593,0.09854239225387573,0.05609250068664551,0.03463256359100342,0.023510996252298355,1,3,Coprosma dumosa,desert almond,Rubus schmidelioides,Coprosma dumosa,Coast silk tassel,Pima Rhatany
val/08327_Plantae_Tracheophyta_Magnoliopsida_Gentianales_Rubiaceae_Coprosma_grandifolia/7790a086-edd1-4679-96ce-707dde26080d.jpg,408,353,0,353,303,408,368,375,0.31551969051361084,0.09881530702114105,0.0679355189204216,0.04012332856655121,0.04007408022880554,1,3,Kanono,Mignonette vine,sawbrier,Kanono,prostrate knotweed,Tree Tutu
val/08327_Plantae_Tracheophyta_Magnoliopsida_Gentianales_Rubiaceae_Coprosma_grandifolia/4d737ae4-a0d3-4a4d-bca8-c2c23ad32f34.jpg,408,377,0,377,439,440,12,408,0.06801120936870575,0.06568511575460434,0.05849107354879379,0.05694539472460747,0.04239940270781517,1,5,Kanono,Western Snowberry,bebb's willow,Grey Willow,Hadda Beetle,Kanono
val/08426_Plantae_Tracheophyta_Magnoliopsida_Lamiales_Lamiaceae_Ajuga_genevensis/4717a0b0-054e-409b-a571-746f29564e3d.jpg,409,410,0,410,409,415,454,80,0.6626080274581909,0.11925077438354492,0.011729449965059757,0.008945810608565807,0.008626800961792469,1,2,Blue Bugle,carpet bugle,Blue Bugle,Marsh Woundwort,common columbine,Alfalfa Looper
val/08427_Plantae_Tracheophyta_Magnoliopsida_Lamiales_Lamiaceae_Ajuga_reptans/162e93c5-5948-483e-88a9-a3406f91fbe6.jpg,410,409,0,409,344,410,414,343,0.8091133832931519,0.05414395034313202,0.04756531864404678,0.007267692591995001,0.006978614255785942,1,3,carpet bugle,Blue Bugle,Salvation Jane,carpet bugle,chia,Sheep's-bit
val/08471_Plantae_Tracheophyta_Magnoliopsida_Lamiales_Lamiaceae_Monarda_punctata/69a1ceba-ef5d-4625-8fc1-97ce6a1a6872.jpg,412,291,0,291,412,431,281,108,0.20317625999450684,0.19999955594539642,0.02602304518222809,0.023266224190592766,0.02291673608124256,1,2,spotted horse mint,Common Spotted Orchid,spotted horse mint,Dakota mock vervain,nodding onion,Pine Hawk-Moth
val/08486_Plantae_Tracheophyta_Magnoliopsida_Lamiales_Lamiaceae_Salvia_columbariae/bf9d2ae0-0e5b-48ea-8f1d-b3b13bd416f5.jpg,414,343,0,343,327,414,340,490,0.4217313826084137,0.05015747249126434,0.0183302890509367,0.01611829176545143,0.016073504462838173,1,3,chia,Sheep's-bit,great blanketflower,chia,common dandelion,white fir
val/08486_Plantae_Tracheophyta_Magnoliopsida_Lamiales_Lamiaceae_Salvia_columbariae/55a45125-e225-4fff-9846-c79ed0fc8bc7.jpg,414,343,0,343,414,286,117,363,0.6296399831771851,0.19666534662246704,0.017721302807331085,0.00682433508336544,0.004990952089428902,1,2,chia,Sheep's-bit,chia,Grape hyacinth,Common Blue Damselfly,Perez's sea lavender
val/08486_Plantae_Tracheophyta_Magnoliopsida_Lamiales_Lamiaceae_Salvia_columbariae/fa2c8a58-a42d-4733-abd7-ee7a44495019.jpg,414,343,0,343,414,363,286,410,0.2450120896100998,0.13475218415260315,0.10461853444576263,0.08863557130098343,0.04503431171178818,1,2,chia,Sheep's-bit,chia,Perez's sea lavender,Grape hyacinth,carpet bugle
val/08512_Plantae_Tracheophyta_Magnoliopsida_Lamiales_Lamiaceae_Stachys_palustris/44848f2c-ed5c-456e-8443-58dea49532e7.jpg,415,410,0,410,415,431,70,427,0.18937978148460388,0.13720236718654633,0.06896696239709854,0.03382778540253639,0.032226186245679855,1,2,Marsh Woundwort,carpet bugle,Marsh Woundwort,Dakota mock vervain,European Skipper,Butterfly bush
val/08523_Plantae_Tracheophyta_Magnoliopsida_Lamiales_Lamiaceae_Trichostema_lanatum/dfc04156-324a-45e9-bd8b-3d1dea7bd525.jpg,416,381,0,381,417,416,363,333,0.3912618160247803,0.24046945571899414,0.11229508370161057,0.05016227811574936,0.018893882632255554,1,3,woolly blue curls,common heather,Lilac chaste tree,woolly blue curls,Perez's sea lavender,Tauhinu
val/08523_Plantae_Tracheophyta_Magnoliopsida_Lamiales_Lamiaceae_Trichostema_lanatum/0948250a-56b2-40ed-ad49-db73499447a7.jpg,416,306,0,306,416,323,304,282,0.11719364672899246,0.09839656949043274,0.04705298691987991,0.04182347655296326,0.027766689658164978,1,2,woolly blue curls,Dallis grass,woolly blue curls,narrow-leaved hawksbeard,Fingered Sedge,spring spiderlily
val/08526_Plantae_Tracheophyta_Magnoliopsida_Lamiales_Lamiaceae_Vitex_agnus-castus/f9998f86-1d0a-4d7f-860b-af698c6c5d72.jpg,417,437,0,437,404,457,324,417,0.19512727856636047,0.11053305119276047,0.09819086641073227,0.06303724646568298,0.04438679665327072,1,5,Lilac chaste tree,Cassava,California Wax Myrtle,eastern pasqueflower,tropical horseweed,Lilac chaste tree
val/08526_Plantae_Tracheophyta_Magnoliopsida_Lamiales_Lamiaceae_Vitex_agnus-castus/f2de0a20-953f-48a6-8196-0593bf4d52b6.jpg,417,320,0,320,417,338,396,352,0.21266303956508636,0.17292703688144684,0.08625409752130508,0.05506673455238342,0.03217790275812149,1,2,Lilac chaste tree,common mugwort,Lilac chaste tree,common wrinkle-leaved goldenrod,white sweet clover,Mexican tea
val/08626_Plantae_Tracheophyta_Magnoliopsida_Lamiales_Phrymaceae_Erythranthe_cardinalis/ddc0f7c1-1a7b-4659-9551-5d6199e80778.jpg,423,418,0,418,298,423,406,446,0.09494085609912872,0.05795661732554436,0.04702538996934891,0.03429704159498215,0.033671870827674866,1,3,scarlet monkeyflower,field Indian paintbrush,scarlet fritillary,scarlet monkeyflower,American columbo,rose evening primrose
val/08633_Plantae_Tracheophyta_Magnoliopsida_Lamiales_Phrymaceae_Phryma_leptostachya/d676af5b-f2f3-48fa-aeef-284799a822ec.jpg,424,290,0,290,424,480,295,294,0.2742176651954651,0.22972893714904785,0.15393298864364624,0.021584676578640938,0.015107318758964539,1,2,American lopseed,Red Helleborine,American lopseed,youth on age,Philippine Ground Orchid,Fly Orchid
val/08633_Plantae_Tracheophyta_Magnoliopsida_Lamiales_Phrymaceae_Phryma_leptostachya/ee468897-3880-4b61-9a80-fc26559789fc.jpg,424,332,0,332,459,424,480,442,0.1263754516839981,0.09634976089000702,0.08116447180509567,0.07197043299674988,0.05844059959053993,1,3,American lopseed,white rattlesnakeroot,Korean mulberry,American lopseed,youth on age,Round-leaved Violet
val/08687_Plantae_Tracheophyta_Magnoliopsida_Lamiales_Plantaginaceae_Veronica_americana/9a8d34ca-fec2-4eab-807e-25eb87909de3.jpg,425,426,0,426,425,455,445,345,0.22401200234889984,0.15422436594963074,0.05506855621933937,0.03900713846087456,0.023433102294802666,1,2,American brooklime,Slender speedwell,American brooklime,Swamp Leather Flower,Cherry Tree,broadleaf forget-me-not
val/08693_Plantae_Tracheophyta_Magnoliopsida_Lamiales_Plantaginaceae_Veronica_filiformis/16265456-d9a5-44f1-ae87-af59901f2507.jpg,426,330,0,330,426,343,346,33,0.3085009753704071,0.22893832623958588,0.03172774612903595,0.031140191480517387,0.015463972464203835,1,2,Slender speedwell,oxeye daisy,Slender speedwell,Sheep's-bit,water forget-me-not,Ashy Mining Bee
val/08693_Plantae_Tracheophyta_Magnoliopsida_Lamiales_Plantaginaceae_Veronica_filiformis/aa94efa1-d33d-4d26-99fa-4ac8268d96e0.jpg,426,359,0,359,411,426,410,319,0.35758858919143677,0.1739141345024109,0.14164625108242035,0.016438450664281845,0.013711431995034218,1,3,Slender speedwell,Sea Sandwort,lemon balm,Slender speedwell,carpet bugle,common burrobrush
val/08709_Plantae_Tracheophyta_Magnoliopsida_Lamiales_Scrophulariaceae_Buddleja_davidii/3c82d09d-8915-4df9-ab24-1dee01f2fd59.jpg,427,431,0,431,336,430,386,427,0.25420960783958435,0.057376403361558914,0.055080849677324295,0.036744069308042526,0.033189743757247925,1,5,Butterfly bush,Dakota mock vervain,Woad-leaved ragwort,golden dewdrop,alpine azalea,Butterfly bush
val/08709_Plantae_Tracheophyta_Magnoliopsida_Lamiales_Scrophulariaceae_Buddleja_davidii/c04c37dd-b37b-4110-bab8-bca9f7395909.jpg,427,312,0,312,461,439,338,427,0.19482286274433136,0.10452720522880554,0.09905142337083817,0.0990217849612236,0.09323208779096603,1,5,Butterfly bush,Broad-leaved Chervil,Loquat,bebb's willow,common wrinkle-leaved goldenrod,Butterfly bush
val/08709_Plantae_Tracheophyta_Magnoliopsida_Lamiales_Scrophulariaceae_Buddleja_davidii/05d35aff-c5c7-4c24-adb6-aa1c7cd7cef2.jpg,427,291,0,291,427,447,459,68,0.12435699999332428,0.08102205395698547,0.07359947264194489,0.02402636781334877,0.0191168375313282,1,2,Butterfly bush,Common Spotted Orchid,Butterfly bush,Wineberry,Korean mulberry,Umber Skipper
val/08709_Plantae_Tracheophyta_Magnoliopsida_Lamiales_Scrophulariaceae_Buddleja_davidii/578e67d3-a4dd-4caa-aad8-b7654b1c230c.jpg,427,415,0,415,427,417,371,428,0.4679231643676758,0.22197258472442627,0.027542613446712494,0.02662830427289009,0.016335686668753624,1,2,Butterfly bush,Marsh Woundwort,Butterfly bush,Lilac chaste tree,canaigre dock,Dark Mullein
val/08717_Plantae_Tracheophyta_Magnoliopsida_Lamiales_Scrophulariaceae_Verbascum_nigrum/88cf2b19-d9ad-4451-9e48-5adff86b76a0.jpg,428,429,0,429,428,294,296,292,0.5711120367050171,0.07430028915405273,0.022373754531145096,0.01711837574839592,0.014612143859267235,1,2,Dark Mullein,Wand Mullein,Dark Mullein,Fly Orchid,Slender Ladies' Tresses,checkered rattlesnake plantain
val/08719_Plantae_Tracheophyta_Magnoliopsida_Lamiales_Scrophulariaceae_Verbascum_virgatum/5d173c46-c466-4ad2-bd0c-bcef34ab4d55.jpg,429,428,0,428,429,324,399,438,0.255576491355896,0.17202872037887573,0.041211653500795364,0.04079874977469444,0.02721039578318596,1,2,Wand Mullein,Dark Mullein,Wand Mullein,tropical horseweed,California goldenbanner,Klamath weed
val/08724_Plantae_Tracheophyta_Magnoliopsida_Lamiales_Verbenaceae_Glandularia_bipinnatifida/26d7dcb9-85ab-4d15-81bf-1a2dfddea9ba.jpg,431,295,0,295,390,431,444,360,0.196171835064888,0.18675430119037628,0.07521781325340271,0.032773457467556,0.024710627272725105,1,3,Dakota mock vervain,Philippine Ground Orchid,Drummond's phlox,Dakota mock vervain,Island Mallow,ragged-Robin
val/08757_Plantae_Tracheophyta_Magnoliopsida_Magnoliales_Annonaceae_Asimina_triloba/02321a96-c0c0-4135-93cc-2b2cdd0bda45.jpg,432,473,0,473,432,461,433,468,0.39183223247528076,0.07470890879631042,0.06203457713127136,0.05881069600582123,0.03837865963578224,1,2,common pawpaw,poison ivy,common pawpaw,Loquat,umbrella magnolia,American elm
val/08757_Plantae_Tracheophyta_Magnoliopsida_Magnoliales_Annonaceae_Asimina_triloba/1bac79d8-943f-48a5-8287-543b20f3839f.jpg,432,385,0,385,398,469,477,432,0.11093029379844666,0.0683145821094513,0.048816289752721786,0.04200863838195801,0.04065576568245888,1,5,common pawpaw,Gaultheria antipoda,black locust,Siberian elm,jade plant,common pawpaw
val/08757_Plantae_Tracheophyta_Magnoliopsida_Magnoliales_Annonaceae_Asimina_triloba/6eb7c4dd-b5de-44ee-bc08-25cc78b97fc6.jpg,432,492,0,492,432,300,249,468,0.09607896953821182,0.0878906175494194,0.049449771642684937,0.03284212201833725,0.02686987817287445,1,2,common pawpaw,ponderosa pine,common pawpaw,Leopard Lily,Beadlet anemone,American elm
val/08763_Plantae_Tracheophyta_Magnoliopsida_Magnoliales_Magnoliaceae_Magnolia_tripetala/4af38f20-fadd-423c-96aa-f7af5cb7a26e.jpg,433,495,0,495,433,337,280,402,0.15318895876407623,0.1450391560792923,0.13483503460884094,0.0303733479231596,0.02889203280210495,1,2,umbrella magnolia,Crown Fern,umbrella magnolia,prairie dock,coconut palm,swamp chestnut oak
val/08773_Plantae_Tracheophyta_Magnoliopsida_Malpighiales_Euphorbiaceae_Croton_glandulosus/2e8b1c61-eaac-48ff-9c2a-29011ed1c1fc.jpg,435,467,0,467,435,436,459,368,0.28686895966529846,0.254180371761322,0.0360151007771492,0.019977819174528122,0.017192302271723747,1,2,Tropic Croton,Rubus schmidelioides,Tropic Croton,Florida Hammock Sandmat,Korean mulberry,prostrate knotweed
val/08804_Plantae_Tracheophyta_Magnoliopsida_Malpighiales_Euphorbiaceae_Euphorbia_ophthalmica/c480d053-0e3f-4375-81d9-b10e7db6828d.jpg,436,369,0,369,436,467,312,435,0.31105291843414307,0.30710142850875854,0.057009510695934296,0.03437843173742294,0.030040618032217026,1,2,Florida Hammock Sandmat,beach knotweed,Florida Hammock Sandmat,Rubus schmidelioides,Broad-leaved Chervil,Tropic Croton
val/08818_Plantae_Tracheophyta_Magnoliopsida_Malpighiales_Euphorbiaceae_Manihot_esculenta/967a7a1c-743e-494a-abd1-bfdd9546220c.jpg,437,476,0,476,437,439,434,445,0.48427319526672363,0.310884028673172,0.019352681934833527,0.01700335368514061,0.01378143671900034,1,2,Cassava,Red Buckeye,Cassava,bebb's willow,common copperleaf,Cherry Tree
val/08834_Plantae_Tracheophyta_Magnoliopsida_Malpighiales_Hypericaceae_Hypericum_perforatum/222cc025-8ab6-467c-83cc-0dee881003af.jpg,438,324,0,324,338,438,406,457,0.1573302000761032,0.12397196143865585,0.07592330127954483,0.04819869250059128,0.03722073510289192,1,3,Klamath weed,tropical horseweed,common wrinkle-leaved goldenrod,Klamath weed,American columbo,eastern pasqueflower
val/08834_Plantae_Tracheophyta_Magnoliopsida_Malpighiales_Hypericaceae_Hypericum_perforatum/44476e9d-8b64-4ebb-bbec-211a17d12ab9.jpg,438,338,0,338,334,438,321,262,0.12964513897895813,0.09642422199249268,0.09052487462759018,0.07484222948551178,0.05787793546915054,1,3,Klamath weed,common wrinkle-leaved goldenrod,Great Plains Ragwort,Klamath weed,tickseed beggar-ticks,Golden Hair-lichen
val/08867_Plantae_Tracheophyta_Magnoliopsida_Malpighiales_Salicaceae_Salix_bebbiana/37f71045-e2b1-46d2-83a3-bd469b51f424.jpg,439,398,0,398,440,435,439,366,0.22132691740989685,0.11324131488800049,0.05609036609530449,0.048900630325078964,0.03464017063379288,1,4,bebb's willow,black locust,Grey Willow,Tropic Croton,bebb's willow,Fringed Bindweed
val/08869_Plantae_Tracheophyta_Magnoliopsida_Malpighiales_Salicaceae_Salix_cinerea/b0f89bbe-08f9-442e-b2ca-e7bcb9fe3d12.jpg,440,439,0,439,440,379,377,404,0.663708508014679,0.065095454454422,0.04651530086994171,0.03769276663661003,0.009607474319636822,1,2,Grey Willow,bebb's willow,Grey Willow,strawberry tree,Western Snowberry,California Wax Myrtle
val/08869_Plantae_Tracheophyta_Magnoliopsida_Malpighiales_Salicaceae_Salix_cinerea/bb132155-e21e-45e5-8bca-0a1ed8298603.jpg,440,441,0,441,440,349,406,201,0.22421598434448242,0.17523401975631714,0.0670599490404129,0.05992475152015686,0.04108179360628128,1,2,Grey Willow,black willow,Grey Willow,narrow-leaved bittercress,American columbo,Grayish Saltator
val/08878_Plantae_Tracheophyta_Magnoliopsida_Malpighiales_Salicaceae_Salix_nigra/d6f14aaa-ffe5-4d12-a825-8ed76855cb57.jpg,441,82,0,82,441,228,393,465,0.044699009507894516,0.026921994984149933,0.024878554046154022,0.024249926209449768,0.02421686053276062,1,2,black willow,Black-dotted Maliattha,black willow,Sunda Flying Lemur,Taiwan Acacia,Blackthorn
val/08878_Plantae_Tracheophyta_Magnoliopsida_Malpighiales_Salicaceae_Salix_nigra/7b2ddc76-c4e3-4f02-9cf3-55b1a2ebeab1.jpg,441,308,0,308,306,359,441,367,0.4392419159412384,0.09480147063732147,0.07650591433048248,0.024272138252854347,0.02391820400953293,1,4,black willow,Green Bristle Grass,Dallis grass,Sea Sandwort,black willow,redshank
val/08878_Plantae_Tracheophyta_Magnoliopsida_Malpighiales_Salicaceae_Salix_nigra/74d5baff-4ed1-4195-9005-eea7a645241f.jpg,441,230,0,230,234,143,441,2,0.13256146013736725,0.10360118746757507,0.08610688894987106,0.05048133432865143,0.04354189708828926,1,4,black willow,American Beaver,Common Caiman,Northern Red-legged Frog,black willow,Six-spotted Fishing Spider
val/08930_Plantae_Tracheophyta_Magnoliopsida_Malvales_Malvaceae_Abutilon_theophrasti/5d9c4084-bd00-43b5-ba57-c599256b75f5.jpg,443,481,0,481,374,397,443,299,0.14064384996891022,0.04325813800096512,0.029541797935962677,0.027850093320012093,0.018471242859959602,1,4,velvetleaf,red morning glory,Streambank Stickleaf,Common Flat-pea,velvetleaf,fire lily
val/09069_Plantae_Tracheophyta_Magnoliopsida_Myrtales_Onagraceae_Oenothera_rosea/65c81813-59c8-43a6-b0ab-2b32d2324c2e.jpg,446,435,0,435,367,368,425,446,0.11574532836675644,0.08938001096248627,0.06397528201341629,0.05665866658091545,0.04461721330881119,1,5,rose evening primrose,Tropic Croton,redshank,prostrate knotweed,American brooklime,rose evening primrose
val/09069_Plantae_Tracheophyta_Magnoliopsida_Myrtales_Onagraceae_Oenothera_rosea/111abc4a-aa3a-4e05-9e7d-43bc08f0b005.jpg,446,436,0,436,446,368,444,386,0.314555287361145,0.29091641306877136,0.06202229484915733,0.01844305545091629,0.017152458429336548,1,2,rose evening primrose,Florida Hammock Sandmat,rose evening primrose,prostrate knotweed,Island Mallow,alpine azalea
val/09069_Plantae_Tracheophyta_Magnoliopsida_Myrtales_Onagraceae_Oenothera_rosea/2fe5bd00-9414-402f-9ed4-d765eec04a8e.jpg,446,290,0,290,446,368,367,303,0.5418004989624023,0.11638329923152924,0.02026546373963356,0.015712998807430267,0.009814415127038956,1,2,rose evening primrose,Red Helleborine,rose evening primrose,prostrate knotweed,redshank,sawbrier
val/09124_Plantae_Tracheophyta_Magnoliopsida_Proteales_Proteaceae_Banksia_integrifolia/2fc4d382-cd59-4a8c-999d-7b70ac2c49ae.jpg,448,404,0,404,448,394,314,440,0.3319122791290283,0.2522616386413574,0.06476329267024994,0.038961853832006454,0.02626989595592022,1,2,Coastal Banksia,California Wax Myrtle,Coastal Banksia,longleaf wattle,Japanese aralia,Grey Willow
val/09124_Plantae_Tracheophyta_Magnoliopsida_Proteales_Proteaceae_Banksia_integrifolia/56999c64-29ac-4272-b12a-407e976bab20.jpg,448,379,0,379,448,314,413,403,0.2276269793510437,0.2203686386346817,0.030826305970549583,0.029538903385400772,0.022272668778896332,1,2,Coastal Banksia,strawberry tree,Coastal Banksia,Japanese aralia,white sage,willow oak
val/09128_Plantae_Tracheophyta_Magnoliopsida_Proteales_Proteaceae_Leucadendron_laureolum/6d3def2b-8895-4522-83ca-c8e67fa096cf.jpg,449,261,0,261,449,272,80,413,0.09767232090234756,0.05789544805884361,0.033023469150066376,0.024075947701931,0.02144341543316841,1,2,Golden Sunshinebush,scaly pelt lichen,Golden Sunshinebush,Hoof Fungus,Alfalfa Looper,white sage
val/09128_Plantae_Tracheophyta_Magnoliopsida_Proteales_Proteaceae_Leucadendron_laureolum/48de8cf9-feb3-4cf7-8831-e4739f333f49.jpg,449,464,0,464,449,404,394,448,0.11047326028347015,0.08199203014373779,0.05983501300215721,0.045434970408678055,0.04416303336620331,1,2,Golden Sunshinebush,sand cherry,Golden Sunshinebush,California Wax Myrtle,longleaf wattle,Coastal Banksia
val/09128_Plantae_Tracheophyta_Magnoliopsida_Proteales_Proteaceae_Leucadendron_laureolum/5c8937c1-bf2d-42c7-bd94-2521987f9b75.jpg,449,404,0,404,449,394,336,387,0.1888616681098938,0.14791715145111084,0.117911696434021,0.08283689618110657,0.03139279782772064,1,2,Golden Sunshinebush,California Wax Myrtle,Golden Sunshinebush,longleaf wattle,Woad-leaved ragwort,Prickly mingimingi
val/09128_Plantae_Tracheophyta_Magnoliopsida_Proteales_Proteaceae_Leucadendron_laureolum/7a9f6a32-c7af-4eba-91bb-8cb2e45f829e.jpg,449,452,0,452,449,404,382,450,0.20838983356952667,0.08784220367670059,0.07560531795024872,0.05317287892103195,0.0419214628636837,1,2,Golden Sunshinebush,Spring Adonis,Golden Sunshinebush,California Wax Myrtle,sand heath,red pagoda
val/09199_Plantae_Tracheophyta_Magnoliopsida_Ranunculales_Ranunculaceae_Actaea_racemosa/8499e9bf-a09b-49d4-aacc-7f4a41b385ba.jpg,451,460,0,460,451,459,338,469,0.3511199653148651,0.23216241598129272,0.030289465561509132,0.02122718095779419,0.01932697743177414,1,2,black cohosh,parsley hawthorn,black cohosh,Korean mulberry,common wrinkle-leaved goldenrod,Siberian elm
val/09199_Plantae_Tracheophyta_Magnoliopsida_Ranunculales_Ranunculaceae_Actaea_racemosa/ce202ff8-abc7-493b-94b2-e6136393809a.jpg,451,428,0,428,451,353,417,333,0.2475818693637848,0.16908682882785797,0.05597764626145363,0.032478611916303635,0.02930746227502823,1,2,black cohosh,Dark Mullein,black cohosh,Mignonette vine,Lilac chaste tree,Tauhinu
val/09199_Plantae_Tracheophyta_Magnoliopsida_Ranunculales_Ranunculaceae_Actaea_racemosa/d5500751-dfb3-44b8-8a57-01189c616320.jpg,451,313,0,313,451,460,312,424,0.4571036696434021,0.2428627610206604,0.03780578821897507,0.02737385779619217,0.023590216413140297,1,2,black cohosh,upright hedge-parsley,black cohosh,parsley hawthorn,Broad-leaved Chervil,American lopseed
val/09199_Plantae_Tracheophyta_Magnoliopsida_Ranunculales_Ranunculaceae_Actaea_racemosa/46d442f6-bbf2-4c70-9fad-ef63248140b0.jpg,451,396,0,396,451,429,306,428,0.24353748559951782,0.22521337866783142,0.0897783637046814,0.06907389312982559,0.04638509079813957,1,2,black cohosh,white sweet clover,black cohosh,Wand Mullein,Dallis grass,Dark Mullein
val/09202_Plantae_Tracheophyta_Magnoliopsida_Ranunculales_Ranunculaceae_Adonis_vernalis/2edb82cb-a985-4381-9bc2-9e5028d13be2.jpg,452,334,0,334,452,328,321,341,0.3095587193965912,0.289226770401001,0.04039584845304489,0.015597540885210037,0.012347163632512093,1,2,Spring Adonis,Great Plains Ragwort,Spring Adonis,Bitterweed,tickseed beggar-ticks,tree marigold
val/09221_Plantae_Tracheophyta_Magnoliopsida_Ranunculales_Ranunculaceae_Aquilegia_vulgaris/d2ffcb1e-30a6-4be5-b781-cbc27e06893c.jpg,454,360,0,360,454,419,444,421,0.3108280301094055,0.05982045829296112,0.0556647814810276,0.027470439672470093,0.02658790908753872,1,2,common columbine,ragged-Robin,common columbine,Purple paintbrush,Island Mallow,Red Odontites
val/09221_Plantae_Tracheophyta_Magnoliopsida_Ranunculales_Ranunculaceae_Aquilegia_vulgaris/997fc1a1-1e98-4d26-a29a-40fa0f6288d5.jpg,454,295,0,295,391,454,332,446,0.22522492706775665,0.091154545545578,0.08419255912303925,0.06918476521968842,0.05962487682700157,1,3,common columbine,Philippine Ground Orchid,longleaf phlox,common columbine,white rattlesnakeroot,rose evening primrose
val/09235_Plantae_Tracheophyta_Magnoliopsida_Ranunculales_Ranunculaceae_Clematis_virginiana/bda2b9ab-4baf-42ba-aa42-3ca28c22964d.jpg,456,367,0,367,116,441,456,435,0.0833197832107544,0.06211424618959427,0.05238322913646698,0.04851691797375679,0.0474233403801918,1,4,Virginia virgin's-bower,redshank,Ebony Jewelwing,black willow,Virginia virgin's-bower,Tropic Croton
val/09235_Plantae_Tracheophyta_Magnoliopsida_Ranunculales_Ranunculaceae_Clematis_virginiana/5340b175-53d3-4c3e-9130-b46d57fdfb46.jpg,456,361,0,361,456,465,391,453,0.26994702219963074,0.1459587663412094,0.030530618503689766,0.02319495566189289,0.02226402424275875,1,2,Virginia virgin's-bower,lesser stitchwort,Virginia virgin's-bower,Blackthorn,longleaf phlox,meadow anemone
val/09235_Plantae_Tracheophyta_Magnoliopsida_Ranunculales_Ranunculaceae_Clematis_virginiana/f77ed177-c6c9-4dd1-81b7-7359ed40d037.jpg,456,434,0,434,324,410,425,456,0.0920635387301445,0.07207323610782623,0.06180877238512039,0.047358013689517975,0.04556910693645477,1,5,Virginia virgin's-bower,common copperleaf,tropical horseweed,carpet bugle,American brooklime,Virginia virgin's-bower
val/09258_Plantae_Tracheophyta_Magnoliopsida_Ranunculales_Ranunculaceae_Pulsatilla_patens/a6f15c3a-5db3-4ac4-b18f-321c2e68495b.jpg,457,289,0,289,457,391,484,295,0.5234891176223755,0.2759277820587158,0.010487356223165989,0.007324770092964172,0.006172290537506342,1,2,eastern pasqueflower,Spring Crocus,eastern pasqueflower,longleaf phlox,White Horse-nettle,Philippine Ground Orchid
val/09260_Plantae_Tracheophyta_Magnoliopsida_Ranunculales_Ranunculaceae_Ranunculus_acris/c4b8dc23-a3de-40f1-a00a-e9ed187e09ef.jpg,458,452,0,452,458,462,442,340,0.39232707023620605,0.3432188630104065,0.018800560384988785,0.01317391823977232,0.009754963219165802,1,2,meadow buttercup,Spring Adonis,meadow buttercup,dwarf cinquefoil,Round-leaved Violet,common dandelion
val/09260_Plantae_Tracheophyta_Magnoliopsida_Ranunculales_Ranunculaceae_Ranunculus_acris/3484bc1c-eb54-4ad6-9ef7-06c30a4cff40.jpg,458,457,0,457,320,458,324,392,0.3011317253112793,0.08387867361307144,0.06720848381519318,0.05989756062626839,0.03227931261062622,1,3,meadow buttercup,eastern pasqueflower,common mugwort,meadow buttercup,tropical horseweed,pygmy-flower rock-jasmine
val/09260_Plantae_Tracheophyta_Magnoliopsida_Ranunculales_Ranunculaceae_Ranunculus_acris/8eabac8e-ca8c-4ba2-abff-05627cbe3633.jpg,458,462,0,462,320,314,458,457,0.2862468361854553,0.17008157074451447,0.0682905912399292,0.056417789310216904,0.03525933623313904,1,4,meadow buttercup,dwarf cinquefoil,common mugwort,Japanese aralia,meadow buttercup,eastern pasqueflower
val/09314_Plantae_Tracheophyta_Magnoliopsida_Rosales_Moraceae_Morus_indica/2676c730-f044-40fe-aa6f-5a47569393ee.jpg,459,470,0,470,459,467,447,352,0.3622610569000244,0.06324902176856995,0.029846644029021263,0.02421661466360092,0.02102336287498474,1,2,Korean mulberry,Canadian wood nettle,Korean mulberry,Rubus schmidelioides,Wineberry,Mexican tea
val/09314_Plantae_Tracheophyta_Magnoliopsida_Rosales_Moraceae_Morus_indica/18202f6d-1ace-4e21-942c-f2ceed1ca34e.jpg,459,473,0,473,459,470,485,468,0.2192011922597885,0.17817141115665436,0.1369698941707611,0.05402471125125885,0.05377085134387016,1,2,Korean mulberry,poison ivy,Korean mulberry,Canadian wood nettle,Porcelain Berry,American elm
val/09372_Plantae_Tracheophyta_Magnoliopsida_Rosales_Rosaceae_Crataegus_marshallii/91edba0d-9538-422a-a510-efac1e1ab4ea.jpg,460,331,0,331,345,460,464,318,0.1530287116765976,0.09752219915390015,0.08593951165676117,0.04163177311420441,0.038585059344768524,1,3,parsley hawthorn,Snow Squarestem,broadleaf forget-me-not,parsley hawthorn,sand cherry,common yarrow
val/09379_Plantae_Tracheophyta_Magnoliopsida_Rosales_Rosaceae_Eriobotrya_japonica/c32e9c0e-09d4-4288-a232-fe687dd97a0f.jpg,461,379,0,379,430,461,408,288,0.23465174436569214,0.22339960932731628,0.199439138174057,0.013196765445172787,0.0082034170627594,1,3,Loquat,strawberry tree,golden dewdrop,Loquat,Kanono,Mountain flax
val/09423_Plantae_Tracheophyta_Magnoliopsida_Rosales_Rosaceae_Prunus_fasciculata/36144085-8285-421b-8d9e-869bafa0a55e.jpg,463,319,0,319,463,324,405,399,0.24822601675987244,0.19501766562461853,0.07008237391710281,0.02850375324487686,0.020784936845302582,1,2,desert almond,common burrobrush,desert almond,tropical horseweed,Coast silk tassel,California goldenbanner
val/09431_Plantae_Tracheophyta_Magnoliopsida_Rosales_Rosaceae_Prunus_pumila/0424f1ec-72d4-4896-bce1-66c79500fdec.jpg,464,318,0,318,464,312,287,325,0.19441550970077515,0.10267165303230286,0.041017428040504456,0.03880679979920387,0.03409794345498085,1,2,sand cherry,common yarrow,sand cherry,Broad-leaved Chervil,Branched Asphodel,tall boneset
val/09431_Plantae_Tracheophyta_Magnoliopsida_Rosales_Rosaceae_Prunus_pumila/46125b8d-6349-410e-b1bb-ea3ce82ad650.jpg,464,465,0,465,456,460,464,39,0.34737661480903625,0.05720362812280655,0.050094474107027054,0.046468209475278854,0.03941050544381142,1,4,sand cherry,Blackthorn,Virginia virgin's-bower,parsley hawthorn,sand cherry,Pure Green Sweat Bee
val/09431_Plantae_Tracheophyta_Magnoliopsida_Rosales_Rosaceae_Prunus_pumila/549ddd51-d919-4720-83ce-a66314bf1915.jpg,464,351,0,351,388,464,380,368,0.11727327108383179,0.0897490382194519,0.04852299764752388,0.048178739845752716,0.03750710189342499,1,3,sand cherry,Mountain Horopito,black huckleberry,sand cherry,Big Berry Manzanita,prostrate knotweed
val/09431_Plantae_Tracheophyta_Magnoliopsida_Rosales_Rosaceae_Prunus_pumila/eb5c72ad-90c1-42b7-a0f5-f3dd95534059.jpg,464,388,0,388,464,20,377,38,0.23447208106517792,0.18133534491062164,0.13251906633377075,0.03604784980416298,0.03243827819824219,1,2,sand cherry,black huckleberry,sand cherry,Mexican Cactus Fly,Western Snowberry,New York Carpenter Ant
val/09433_Plantae_Tracheophyta_Magnoliopsida_Rosales_Rosaceae_Prunus_spinosa/2ccc8226-fdec-48a8-ac83-7e73ae63061c.jpg,465,362,0,362,313,365,465,215,0.10726410150527954,0.049966681748628616,0.03243036940693855,0.022990921512246132,0.021234026178717613,1,4,Blackthorn,Small-leaved Blinks,upright hedge-parsley,skeleton weed,Blackthorn,Eastern Screech-Owl
val/09433_Plantae_Tracheophyta_Magnoliopsida_Rosales_Rosaceae_Prunus_spinosa/d93e0955-599d-4ceb-b5eb-745b6513719a.jpg,465,405,0,405,465,353,408,351,0.25314852595329285,0.07499244809150696,0.023472512140870094,0.01791389472782612,0.01780436933040619,1,2,Blackthorn,Coast silk tassel,Blackthorn,Mignonette vine,Kanono,Mountain Horopito
val/09460_Plantae_Tracheophyta_Magnoliopsida_Rosales_Rosaceae_Rubus_bifrons/aadaafee-4fbe-4fb1-b63b-0beb441d1461.jpg,466,470,0,470,466,473,459,312,0.2615756392478943,0.24314264953136444,0.11262749135494232,0.05024230107665062,0.03228415921330452,1,2,Himalayan-berry,Canadian wood nettle,Himalayan-berry,poison ivy,Korean mulberry,Broad-leaved Chervil
val/09460_Plantae_Tracheophyta_Magnoliopsida_Rosales_Rosaceae_Rubus_bifrons/4887abd8-3575-4425-83a6-2235c39bf9d9.jpg,466,411,0,411,370,466,377,345,0.09835521131753922,0.0728973001241684,0.06687326729297638,0.05591549724340439,0.055271074175834656,1,3,Himalayan-berry,lemon balm,woodland pterostegia,Himalayan-berry,Western Snowberry,broadleaf forget-me-not
val/09460_Plantae_Tracheophyta_Magnoliopsida_Rosales_Rosaceae_Rubus_bifrons/72033db7-cedc-4211-b36c-94c1e3c5cc51.jpg,466,470,0,470,377,466,473,365,0.21757890284061432,0.14208048582077026,0.03800293430685997,0.034239694476127625,0.03072591871023178,1,3,Himalayan-berry,Canadian wood nettle,Western Snowberry,Himalayan-berry,poison ivy,skeleton weed
val/09460_Plantae_Tracheophyta_Magnoliopsida_Rosales_Rosaceae_Rubus_bifrons/f581858a-6dce-44d3-9def-04a14b486658.jpg,466,411,0,411,312,470,466,456,0.7249745726585388,0.09764354676008224,0.03548187389969826,0.03497237339615822,0.007740342058241367,1,4,Himalayan-berry,lemon balm,Broad-leaved Chervil,Canadian wood nettle,Himalayan-berry,Virginia virgin's-bower
val/09460_Plantae_Tracheophyta_Magnoliopsida_Rosales_Rosaceae_Rubus_bifrons/c37015c9-7fd4-4631-8e93-0e5d4888f8b4.jpg,466,312,0,312,476,466,469,461,0.16811607778072357,0.12331123650074005,0.11644187569618225,0.057858649641275406,0.03349531814455986,1,3,Himalayan-berry,Broad-leaved Chervil,Red Buckeye,Himalayan-berry,Siberian elm,Loquat
val/09477_Plantae_Tracheophyta_Magnoliopsida_Rosales_Rosaceae_Rubus_schmidelioides/dc3d831f-171b-413c-8ec6-ace60516f728.jpg,467,435,0,435,339,467,429,418,0.10985759645700455,0.03296936675906181,0.028748758137226105,0.025311660021543503,0.023915614932775497,1,3,Rubus schmidelioides,Tropic Croton,prickly sowthistle,Rubus schmidelioides,Wand Mullein,field Indian paintbrush
val/09477_Plantae_Tracheophyta_Magnoliopsida_Rosales_Rosaceae_Rubus_schmidelioides/7eda81c7-6eab-4fe9-aa28-80319cdb2b60.jpg,467,490,0,490,467,304,435,369,0.08867821097373962,0.07831341028213501,0.05875236541032791,0.05026370286941528,0.028316814452409744,1,2,Rubus schmidelioides,white fir,Rubus schmidelioides,Fingered Sedge,Tropic Croton,beach knotweed
val/09477_Plantae_Tracheophyta_Magnoliopsida_Rosales_Rosaceae_Rubus_schmidelioides/e08bc016-1ce9-4e50-b626-7cfac46fb46c.jpg,467,447,0,447,459,467,485,469,0.48673582077026367,0.1699649691581726,0.12153927981853485,0.04114612191915512,0.019701022654771805,1,3,Rubus schmidelioides,Wineberry,Korean mulberry,Rubus schmidelioides,Porcelain Berry,Siberian elm
val/09477_Plantae_Tracheophyta_Magnoliopsida_Rosales_Rosaceae_Rubus_schmidelioides/8ed8cfe0-ca9b-4f18-a8ff-b43ffce3ddf3.jpg,467,404,0,404,467,338,312,484,0.11443814635276794,0.08984500169754028,0.05008776858448982,0.04075504094362259,0.04060966894030571,1,2,Rubus schmidelioides,California Wax Myrtle,Rubus schmidelioides,common wrinkle-leaved goldenrod,Broad-leaved Chervil,White Horse-nettle
val/09499_Plantae_Tracheophyta_Magnoliopsida_Rosales_Ulmaceae_Ulmus_americana/6627d367-f74b-4001-886a-e80a91ba2a3a.jpg,468,470,0,470,469,468,411,312,0.3937413692474365,0.21988409757614136,0.0988670364022255,0.02402467466890812,0.009902751073241234,1,3,American elm,Canadian wood nettle,Siberian elm,American elm,lemon balm,Broad-leaved Chervil
val/09505_Plantae_Tracheophyta_Magnoliopsida_Rosales_Ulmaceae_Ulmus_pumila/53fd0b94-4d72-42f9-b048-f6f15b3b692f.jpg,469,402,0,402,469,459,317,447,0.8919277787208557,0.010980360209941864,0.00888541154563427,0.00760688167065382,0.00577276386320591,1,2,Siberian elm,swamp chestnut oak,Siberian elm,Korean mulberry,American holly,Wineberry
val/09505_Plantae_Tracheophyta_Magnoliopsida_Rosales_Ulmaceae_Ulmus_pumila/dd4ab25b-3a53-4f0f-9398-dcf3591c8d64.jpg,469,468,0,468,469,473,467,476,0.6186862587928772,0.3193022608757019,0.005054095759987831,0.003337350906804204,0.0031443375628441572,1,2,Siberian elm,American elm,Siberian elm,poison ivy,Rubus schmidelioides,Red Buckeye
val/09505_Plantae_Tracheophyta_Magnoliopsida_Rosales_Ulmaceae_Ulmus_pumila/7e170bfa-d828-4af5-b7a1-935bc96fe608.jpg,469,468,0,468,469,402,459,485,0.4597134590148926,0.32640984654426575,0.06422744691371918,0.0236455500125885,0.008571617305278778,1,2,Siberian elm,American elm,Siberian elm,swamp chestnut oak,Korean mulberry,Porcelain Berry
val/09510_Plantae_Tracheophyta_Magnoliopsida_Rosales_Urticaceae_Laportea_canadensis/d27ef76b-932a-438e-95a8-6bd7ae71f209.jpg,470,424,0,424,470,459,378,485,0.3456321358680725,0.19563132524490356,0.13609692454338074,0.06470365822315216,0.015251806005835533,1,2,Canadian wood nettle,American lopseed,Canadian wood nettle,Korean mulberry,mapleleaf viburnum,Porcelain Berry
val/09525_Plantae_Tracheophyta_Magnoliopsida_Santalales_Santalaceae_Phoradendron_californicum/6def1c43-687f-4557-82ce-6c585e1ff55f.jpg,472,467,0,467,407,394,319,472,0.08728431165218353,0.07415031641721725,0.07070819288492203,0.03360700607299805,0.024682259187102318,1,5,desert mistletoe,Rubus schmidelioides,Coprosma dumosa,longleaf wattle,common burrobrush,desert mistletoe
val/09548_Plantae_Tracheophyta_Magnoliopsida_Sapindales_Anacardiaceae_Toxicodendron_rydbergii/d40654ea-fe44-4797-bbfd-5f0a7cbbf443.jpg,473,432,0,432,36,223,225,473,0.07570671290159225,0.06529443711042404,0.042022205889225006,0.04001389816403389,0.03450044244527817,1,5,poison ivy,common pawpaw,Spongy Oak Apple Gall Wasp,Gray Wolf,Canada Lynx,poison ivy
val/09548_Plantae_Tracheophyta_Magnoliopsida_Sapindales_Anacardiaceae_Toxicodendron_rydbergii/2b9111bb-bd28-4cd7-94fe-2f1e725af9ec.jpg,473,366,0,366,370,473,482,365,0.1414232850074768,0.12051086872816086,0.07089278101921082,0.0318024680018425,0.03136257454752922,1,3,poison ivy,Fringed Bindweed,woodland pterostegia,poison ivy,Obscure Morning Glory,skeleton weed
val/09550_Plantae_Tracheophyta_Magnoliopsida_Sapindales_Burseraceae_Bursera_microphylla/e3b6a7ce-84f2-48ad-a7e1-dce0bc047e63.jpg,474,448,0,448,474,319,463,379,0.11798685789108276,0.10887730121612549,0.10276024788618088,0.09473637491464615,0.05526001378893852,1,2,elephant tree,Coastal Banksia,elephant tree,common burrobrush,desert almond,strawberry tree
val/09565_Plantae_Tracheophyta_Magnoliopsida_Sapindales_Sapindaceae_Acer_campestre/ac4784b8-7054-458c-86eb-7f120673f8e7.jpg,475,314,0,314,353,475,297,341,0.1348121166229248,0.09871327877044678,0.06269346177577972,0.05377155914902687,0.029636744409799576,1,3,field maple,Japanese aralia,Mignonette vine,field maple,giant white fawn lily,tree marigold
val/09586_Plantae_Tracheophyta_Magnoliopsida_Sapindales_Sapindaceae_Aesculus_pavia/2d6745bb-eb11-4a4d-ba7e-44f158288d0e.jpg,476,420,0,420,476,419,371,309,0.14893701672554016,0.14235134422779083,0.04371658340096474,0.016865286976099014,0.016354486346244812,1,2,Red Buckeye,Beechdrops,Red Buckeye,Purple paintbrush,canaigre dock,Saint Augustine grass
val/09597_Plantae_Tracheophyta_Magnoliopsida_Saxifragales_Crassulaceae_Crassula_ovata/557cfb3e-f5e2-4377-a051-677d267f0934.jpg,477,312,0,312,333,477,318,456,0.1568530648946762,0.11683879792690277,0.04991074651479721,0.048225101083517075,0.03856274113059044,1,3,jade plant,Broad-leaved Chervil,Tauhinu,jade plant,common yarrow,Virginia virgin's-bower
val/09610_Plantae_Tracheophyta_Magnoliopsida_Saxifragales_Crassulaceae_Rhodiola_integrifolia/291cb830-f66c-4498-9fb9-1e0762417bd9.jpg,478,363,0,363,478,359,386,466,0.3304010331630707,0.09024125337600708,0.05188184976577759,0.0356631837785244,0.015501759946346283,1,2,western roseroot,Perez's sea lavender,western roseroot,Sea Sandwort,alpine azalea,Himalayan-berry
val/09640_Plantae_Tracheophyta_Magnoliopsida_Saxifragales_Grossulariaceae_Ribes_uva-crispa/f25999ac-cd7d-434c-bff9-50f464309066.jpg,479,378,0,378,466,462,424,479,0.42705997824668884,0.11881949752569199,0.06393923610448837,0.06235421448945999,0.05231814831495285,1,5,Goose-berry,mapleleaf viburnum,Himalayan-berry,dwarf cinquefoil,American lopseed,Goose-berry
val/09702_Plantae_Tracheophyta_Magnoliopsida_Solanales_Convolvulaceae_Ipomoea_obscura/f0f5f32b-40d9-482c-ad17-56b0500313e3.jpg,482,366,0,366,482,353,473,385,0.2274429202079773,0.20585288107395172,0.04104417935013771,0.02566523849964142,0.023373248055577278,1,2,Obscure Morning Glory,Fringed Bindweed,Obscure Morning Glory,Mignonette vine,poison ivy,Gaultheria antipoda
val/09766_Plantae_Tracheophyta_Magnoliopsida_Zygophyllales_Krameriaceae_Krameria_erecta/33d1f215-77c5-4281-9053-0d76e705f59d.jpg,486,463,0,463,486,407,354,472,0.44596049189567566,0.0917724072933197,0.06529252976179123,0.06252433359622955,0.04477577656507492,1,2,Pima Rhatany,desert almond,Pima Rhatany,Coprosma dumosa,Strawberry Cactus,desert mistletoe
val/09793_Plantae_Tracheophyta_Pinopsida_Pinales_Cupressaceae_Taxodium_distichum/5a9aee3b-0b3b-492e-ba54-76cd4037b1b6.jpg,488,489,0,489,488,490,491,172,0.6336396932601929,0.15857599675655365,0.05084643140435219,0.049766622483730316,0.011192142963409424,1,2,baldcypress,Montezuma cypress,baldcypress,white fir,lodgepole pine,Fish Crow
val/09793_Plantae_Tracheophyta_Pinopsida_Pinales_Cupressaceae_Taxodium_distichum/4bbec47d-f5e9-4a80-bfbe-66338ece8a77.jpg,488,489,0,489,488,403,492,398,0.41024017333984375,0.10050402581691742,0.04937197268009186,0.021078873425722122,0.020650647580623627,1,2,baldcypress,Montezuma cypress,baldcypress,willow oak,ponderosa pine,black locust
val/09793_Plantae_Tracheophyta_Pinopsida_Pinales_Cupressaceae_Taxodium_distichum/3534bd3d-39e1-4610-861d-fdc176f17610.jpg,488,490,0,490,488,489,31,29,0.07807226479053497,0.035603076219558716,0.0227638091892004,0.017932439222931862,0.01655588112771511,1,2,baldcypress,white fir,baldcypress,Montezuma cypress,Southern Green Stink Bug,European Striped Shield Bug
val/09794_Plantae_Tracheophyta_Pinopsida_Pinales_Cupressaceae_Taxodium_mucronatum/9d553943-92a7-4b98-acda-5ee37e58c88b.jpg,489,488,0,488,487,489,451,149,0.4620705544948578,0.19706617295742035,0.13951373100280762,0.01517893373966217,0.004938213154673576,1,3,Montezuma cypress,baldcypress,giant sequoia,Montezuma cypress,black cohosh,Mute Swan
val/09794_Plantae_Tracheophyta_Pinopsida_Pinales_Cupressaceae_Taxodium_mucronatum/ba531038-eb0a-42f4-b1e8-a75c14787f3e.jpg,489,441,0,441,469,489,403,402,0.23434439301490784,0.19152085483074188,0.15268364548683167,0.06609716266393661,0.030924541875720024,1,3,Montezuma cypress,black willow,Siberian elm,Montezuma cypress,willow oak,swamp chestnut oak
val/09794_Plantae_Tracheophyta_Pinopsida_Pinales_Cupressaceae_Taxodium_mucronatum/b3eebf58-3c99-4524-a4d1-2856d7e2a398.jpg,489,488,0,488,492,489,214,398,0.22628581523895264,0.22107595205307007,0.048349060118198395,0.039982568472623825,0.032064877450466156,1,3,Montezuma cypress,baldcypress,ponderosa pine,Montezuma cypress,Downy Woodpecker,black locust
val/09799_Plantae_Tracheophyta_Pinopsida_Pinales_Pinaceae_Abies_concolor/ef3dfa1e-e4c6-44fc-84ba-70f1b2d40ccf.jpg,490,493,0,493,490,498,24,456,0.2674466073513031,0.2481023669242859,0.1162046417593956,0.023213166743516922,0.018953178077936172,1,2,white fir,tangle fern,white fir,ladder fern,Hemlock Woolly Adelgid,Virginia virgin's-bower
val/09799_Plantae_Tracheophyta_Pinopsida_Pinales_Pinaceae_Abies_concolor/f5d2af17-ac3f-4400-a3b0-09c46f46d37b.jpg,490,474,0,474,382,333,490,493,0.27798089385032654,0.08259368687868118,0.06264371424913406,0.03735492005944252,0.02882310003042221,1,4,white fir,elephant tree,sand heath,Tauhinu,white fir,tangle fern
val/09818_Plantae_Tracheophyta_Pinopsida_Pinales_Pinaceae_Pinus_contorta/b0f97531-11ae-49b7-b8dd-bbbc62496f1c.jpg,491,492,0,492,487,491,186,203,0.7208423614501953,0.05117182061076164,0.035774920135736465,0.016781579703092575,0.012860574759542942,1,3,lodgepole pine,ponderosa pine,giant sequoia,lodgepole pine,Boreal Chickadee,Olive-sided Flycatcher
val/09818_Plantae_Tracheophyta_Pinopsida_Pinales_Pinaceae_Pinus_contorta/1eb44e01-3398-48e2-8038-5e3c7b02dcb0.jpg,491,382,0,382,449,223,491,224,0.0959334671497345,0.04690006747841835,0.0397833026945591,0.035636354237794876,0.02928612381219864,1,4,lodgepole pine,sand heath,Golden Sunshinebush,Gray Wolf,lodgepole pine,Culpeo
val/09818_Plantae_Tracheophyta_Pinopsida_Pinales_Pinaceae_Pinus_contorta/ba91b11b-af51-4462-964c-a4e010b106ba.jpg,491,387,0,387,491,404,405,382,0.16827864944934845,0.13029226660728455,0.07537166029214859,0.06753871589899063,0.040913090109825134,1,2,lodgepole pine,Prickly mingimingi,lodgepole pine,California Wax Myrtle,Coast silk tassel,sand heath
val/09833_Plantae_Tracheophyta_Pinopsida_Pinales_Pinaceae_Pinus_ponderosa/7db875d6-674f-403d-85e2-018d25bd0587.jpg,492,488,0,488,492,491,197,222,0.21632163226604462,0.2034512460231781,0.06262848526239395,0.04485447704792023,0.037179142236709595,1,2,ponderosa pine,baldcypress,ponderosa pine,lodgepole pine,Tomtit,White-tailed Deer
val/09833_Plantae_Tracheophyta_Pinopsida_Pinales_Pinaceae_Pinus_ponderosa/95384581-bcc7-43cd-a971-b2a9fb37bedc.jpg,492,491,0,491,380,492,474,487,0.22678039968013763,0.11302255094051361,0.07914812862873077,0.06712546944618225,0.059176504611968994,1,3,ponderosa pine,lodgepole pine,Big Berry Manzanita,ponderosa pine,elephant tree,giant sequoia
val/09833_Plantae_Tracheophyta_Pinopsida_Pinales_Pinaceae_Pinus_ponderosa/a737e4aa-54b6-4850-9b44-612abe122ee3.jpg,492,491,0,491,492,387,490,372,0.3896070718765259,0.07724171131849289,0.026125358417630196,0.01977383904159069,0.019257143139839172,1,2,ponderosa pine,lodgepole pine,ponderosa pine,Prickly mingimingi,white fir,crucifixion thorn
val/09877_Plantae_Tracheophyta_Polypodiopsida_Gleicheniales_Gleicheniaceae_Gleichenia_dicarpa/3735146c-47a0-4e9a-bc33-77923b952510.jpg,493,125,0,125,493,306,498,365,0.19829204678535461,0.1439327746629715,0.045274607837200165,0.027911759912967682,0.022997602820396423,1,2,tangle fern,Long-winged Conehead,tangle fern,Dallis grass,ladder fern,skeleton weed
val/09892_Plantae_Tracheophyta_Polypodiopsida_Polypodiales_Aspleniaceae_Asplenium_bulbiferum/6427c712-96e6-422f-8645-0d5e665c427b.jpg,494,334,0,334,494,496,349,460,0.17950257658958435,0.12494765967130661,0.11398836970329285,0.10348854213953018,0.040218330919742584,1,2,Hen and Chicks Fern,Great Plains Ragwort,Hen and Chicks Fern,brittle bladderfern,narrow-leaved bittercress,parsley hawthorn
val/09892_Plantae_Tracheophyta_Polypodiopsida_Polypodiales_Aspleniaceae_Asplenium_bulbiferum/eba38fa4-508e-402a-8361-c1df303abc0b.jpg,494,326,0,326,494,284,324,338,0.34992682933807373,0.09702157974243164,0.07113510370254517,0.036253396421670914,0.0256392452865839,1,2,Hen and Chicks Fern,dogfennel,Hen and Chicks Fern,asparagus,tropical horseweed,common wrinkle-leaved goldenrod
val/09925_Plantae_Tracheophyta_Polypodiopsida_Polypodiales_Cystopteridaceae_Cystopteris_fragilis/ef90b46a-ac3a-4ebd-a93b-5e75c5d474c7.jpg,496,349,0,349,348,496,275,411,0.24722689390182495,0.10596458613872528,0.07341237366199493,0.06925442069768906,0.04084087163209915,1,3,brittle bladderfern,narrow-leaved bittercress,hairy bittercress,brittle bladderfern,fan moss,lemon balm
val/09987_Plantae_Tracheophyta_Polypodiopsida_Polypodiales_Pteridaceae_Pteris_vittata/f8f1696f-669c-4a84-a4fd-a5c4d884d402.jpg,498,354,0,354,474,493,498,382,0.08277689665555954,0.07422738522291183,0.06925754994153976,0.06893916428089142,0.058597732335329056,1,4,ladder fern,Strawberry Cactus,elephant tree,tangle fern,ladder fern,sand heath
val/09987_Plantae_Tracheophyta_Polypodiopsida_Polypodiales_Pteridaceae_Pteris_vittata/2d838387-4090-4572-8947-bea8bd0141f0.jpg,498,493,0,493,498,277,324,288,0.1368919014930725,0.10364019870758057,0.038839101791381836,0.02084236592054367,0.020372530445456505,1,2,ladder fern,tangle fern,ladder fern,Sponge Weed,tropical horseweed,Mountain flax
val/09987_Plantae_Tracheophyta_Polypodiopsida_Polypodiales_Pteridaceae_Pteris_vittata/29aec633-70df-4553-96e1-87392bf47c6e.jpg,498,324,0,324,277,498,320,352,0.4182971119880676,0.06885693222284317,0.06357163935899734,0.03379685431718826,0.02044474333524704,1,3,ladder fern,tropical horseweed,Sponge Weed,ladder fern,common mugwort,Mexican tea
val/09990_Plantae_Tracheophyta_Polypodiopsida_Polypodiales_Thelypteridaceae_Phegopteris_hexagonoptera/cdf83d96-d154-4762-8c3b-5dee2cca0885.jpg,499,497,0,497,499,494,495,496,0.3022910952568054,0.20953719317913055,0.05628141760826111,0.05004120618104935,0.021907208487391472,1,2,broad beech fern,hay-scented fern,broad beech fern,Hen and Chicks Fern,Crown Fern,brittle bladderfern
