file_name,true_class_index,pred_class_index,correct,pred_1,pred_2,pred_3,pred_4,pred_5,score_1,score_2,score_3,score_4,score_5,top5_correct,true_rank,true_species,pred_1_species,pred_2_species,pred_3_species,pred_4_species,pred_5_species
val/00009_Animalia_Arthropoda_Arachnida_Araneae_Araneidae_Araneus_diadematus/26c8c412-fab8-4278-85f4-0d64bcd6c05a.jpg,0,99,0,99,87,80,92,0,0.078125,0.0694580078125,0.048492431640625,0.045196533203125,0.041168212890625,1,5,Cross Orbweaver,Fatal Metalmark,Silver Emperor,Alfalfa Looper,Blomfild's Beauty,Cross Orbweaver
val/00045_Animalia_Arthropoda_Arachnida_Araneae_Araneidae_Trichonephila_clavipes/67f80232-4b67-4826-bb20-73f547b7b724.jpg,1,195,0,195,187,214,1,170,0.11346435546875,0.10247802734375,0.062164306640625,0.034881591796875,0.032257080078125,1,4,Golden Silk Spider,Eastern Towhee,Chestnut-backed Chickadee,Downy Woodpecker,Golden Silk Spider,Yellow Grosbeak
val/00070_Animalia_Arthropoda_Arachnida_Araneae_Pisauridae_Dolomedes_triton/4601b594-90e2-4cc9-bdaa-dce8931ac1c0.jpg,2,26,0,26,27,2,37,42,0.1568603515625,0.12127685546875,0.053375244140625,0.050933837890625,0.042236328125,1,3,Six-spotted Fishing Spider,Western Leaf-footed Bug,Western Conifer Seed Bug,Six-spotted Fishing Spider,Florida Carpenter Ant,Western Paper Wasp
val/00094_Animalia_Arthropoda_Arachnida_Araneae_Salticidae_Phidippus_johnsoni/9a79514c-36d8-425f-8a58-71755d9ec4c0.jpg,3,14,0,14,127,3,38,120,0.154541015625,0.1104736328125,0.1104736328125,0.02484130859375,0.024261474609375,1,3,Johnson's Jumping Spider,Woodland Dor Beetle,New Zealand Half Crab,Johnson's Jumping Spider,New York Carpenter Ant,Dragonhunter
val/00157_Animalia_Arthropoda_Chilopoda_Scolopendromorpha_Scolopendridae_Hemiscolopendra_marginata/4091a551-6ad8-4cea-bc03-4195c592de62.jpg,5,6,0,6,5,108,126,102,0.3798828125,0.315185546875,0.007129669189453125,0.005817413330078125,0.00531768798828125,1,2,Eastern Bark Centipede,Giant Desert Centipede,Eastern Bark Centipede,Pine Hawk-Moth,Virile Crayfish,Buck Moth
val/00157_Animalia_Arthropoda_Chilopoda_Scolopendromorpha_Scolopendridae_Hemiscolopendra_marginata/bd03202d-2aa5-49eb-bc8e-747bac6c8430.jpg,5,6,0,6,5,91,102,0,0.47802734375,0.335693359375,0.005695343017578125,0.004795074462890625,0.0038089752197265625,1,2,Eastern Bark Centipede,Giant Desert Centipede,Eastern Bark Centipede,Mourning Cloak,Buck Moth,Cross Orbweaver
val/00159_Animalia_Arthropoda_Chilopoda_Scolopendromorpha_Scolopendridae_Scolopendra_heros/bba39ebe-1c85-470d-9827-deac896e02fa.jpg,6,126,0,126,20,6,14,10,0.197021484375,0.08087158203125,0.0439453125,0.041290283203125,0.03790283203125,1,3,Giant Desert Centipede,Virile Crayfish,Mexican Cactus Fly,Giant Desert Centipede,Woodland Dor Beetle,Spined Woodborer
val/00159_Animalia_Arthropoda_Chilopoda_Scolopendromorpha_Scolopendridae_Scolopendra_heros/79af4b22-f7c8-431f-97ba-e8d48075286d.jpg,6,5,0,5,6,102,91,421,0.68505859375,0.12335205078125,0.0033512115478515625,0.0029125213623046875,0.002285003662109375,1,2,Giant Desert Centipede,Eastern Bark Centipede,Giant Desert Centipede,Buck Moth,Mourning Cloak,Red Odontites
val/00159_Animalia_Arthropoda_Chilopoda_Scolopendromorpha_Scolopendridae_Scolopendra_heros/00c82202-df0c-408b-b9ce-eb49f836ab03.jpg,6,5,0,5,6,91,210,102,0.336669921875,0.29833984375,0.0078887939453125,0.00614166259765625,0.006046295166015625,1,2,Giant Desert Centipede,Eastern Bark Centipede,Giant Desert Centipede,Mourning Cloak,Boat-billed Heron,Buck Moth
val/00184_Animalia_Arthropoda_Insecta_Coleoptera_Buprestidae_Agrilus_planipennis/e305c47c-b4ca-4f77-b525-e388295f3b05.jpg,7,398,0,398,7,487,490,171,0.53515625,0.2958984375,0.057708740234375,0.008056640625,0.00594329833984375,1,2,Emerald Ash Borer,black locust,Emerald Ash Borer,giant sequoia,white fir,Brown Creeper
val/00193_Animalia_Arthropoda_Insecta_Coleoptera_Cantharidae_Chauliognathus_pensylvanicus/17e62b64-ddca-4a1e-91d8-1cba36c311be.jpg,8,9,0,9,318,15,8,312,0.1944580078125,0.177001953125,0.06414794921875,0.0391845703125,0.016082763671875,1,4,Goldenrod Soldier Beetle,Spotted Longhorn,common yarrow,Oedemera femorata,Goldenrod Soldier Beetle,Broad-leaved Chervil
val/00193_Animalia_Arthropoda_Insecta_Coleoptera_Cantharidae_Chauliognathus_pensylvanicus/ea84e3c0-9041-4eaa-bdda-fd8e02898496.jpg,8,32,0,32,8,97,68,22,0.11920166015625,0.0745849609375,0.0599365234375,0.032073974609375,0.029205322265625,1,2,Goldenrod Soldier Beetle,Jagged Ambush Bug,Goldenrod Soldier Beetle,Large White Butterfly,Umber Skipper,Transverse-banded Flower Fly
val/00251_Animalia_Arthropoda_Insecta_Coleoptera_Cerambycidae_Rutpela_maculata/b2a11dc8-7434-4b08-9aa5-2134ebececac.jpg,9,8,0,8,9,15,312,325,0.2037353515625,0.058807373046875,0.055694580078125,0.0316162109375,0.028106689453125,1,2,Spotted Longhorn,Goldenrod Soldier Beetle,Spotted Longhorn,Oedemera femorata,Broad-leaved Chervil,tall boneset
val/00290_Animalia_Arthropoda_Insecta_Coleoptera_Chrysomelidae_Leptinotarsa_juncta/6e2c087a-ada3-4ae9-9bef-8c06c474c454.jpg,11,17,0,17,11,12,258,31,0.450927734375,0.10223388671875,0.08404541015625,0.026458740234375,0.020599365234375,1,2,False Potato Beetle,Oriental Beetle,False Potato Beetle,Hadda Beetle,White-lipped Snail,Southern Green Stink Bug
val/00332_Animalia_Arthropoda_Insecta_Coleoptera_Coccinellidae_Psyllobora_vigintiduopunctata/2f8e8f2a-f1ef-4977-a30c-909a6e9d8262.jpg,13,386,0,386,155,13,414,373,0.0560302734375,0.04571533203125,0.0347900390625,0.032928466796875,0.03216552734375,1,3,22-spot Ladybird Beetle,alpine azalea,Red-breasted Dotterel,22-spot Ladybird Beetle,chia,Stinging Serpent
val/00370_Animalia_Arthropoda_Insecta_Coleoptera_Oedemeridae_Oedemera_femorata/4d533de9-54be-4b01-a407-4c89ece3497b.jpg,15,318,0,318,9,15,33,312,0.59912109375,0.0199432373046875,0.017333984375,0.0126800537109375,0.012481689453125,1,3,Oedemera femorata,common yarrow,Spotted Longhorn,Oedemera femorata,Ashy Mining Bee,Broad-leaved Chervil
val/00384_Animalia_Arthropoda_Insecta_Coleoptera_Scarabaeidae_Euphoria_kernii/8f047f9b-6f60-43d1-b029-09430d02f858.jpg,16,429,0,429,428,16,374,32,0.1407470703125,0.09161376953125,0.060546875,0.052215576171875,0.0250396728515625,1,3,Kern's Flower Scarab,Wand Mullein,Dark Mullein,Kern's Flower Scarab,Streambank Stickleaf,Jagged Ambush Bug
val/00386_Animalia_Arthropoda_Insecta_Coleoptera_Scarabaeidae_Exomala_orientalis/a40b2251-277e-4c46-9454-9b86d492fd0f.jpg,17,27,0,27,109,17,195,72,0.11346435546875,0.0767822265625,0.07440185546875,0.03656005859375,0.03460693359375,1,3,Oriental Beetle,Western Conifer Seed Bug,Red-banded Leafroller,Oriental Beetle,Eastern Towhee,Green Oak-Slug Moth
val/00386_Animalia_Arthropoda_Insecta_Coleoptera_Scarabaeidae_Exomala_orientalis/f42b16c2-a0a6-4d95-8171-7581b63e90c5.jpg,17,19,0,19,17,30,3,33,0.121337890625,0.11944580078125,0.0765380859375,0.0498046875,0.034759521484375,1,2,Oriental Beetle,Garden soldier fly,Oriental Beetle,Brown Marmorated Stink Bug,Johnson's Jumping Spider,Ashy Mining Bee
val/00386_Animalia_Arthropoda_Insecta_Coleoptera_Scarabaeidae_Exomala_orientalis/c95430ed-958b-4171-98e7-8b4fea859c34.jpg,17,14,0,14,17,16,31,38,0.72265625,0.018341064453125,0.01336669921875,0.0119781494140625,0.005931854248046875,1,2,Oriental Beetle,Woodland Dor Beetle,Oriental Beetle,Kern's Flower Scarab,Southern Green Stink Bug,New York Carpenter Ant
val/00457_Animalia_Arthropoda_Insecta_Diptera_Stratiomyidae_Exaireta_spinigera/7d9bd16e-2b28-48b4-8b5f-8ac55b7cee64.jpg,19,17,0,17,33,19,31,20,0.18701171875,0.08905029296875,0.07672119140625,0.061676025390625,0.043731689453125,1,3,Garden soldier fly,Oriental Beetle,Ashy Mining Bee,Garden soldier fly,Southern Green Stink Bug,Mexican Cactus Fly
val/00470_Animalia_Arthropoda_Insecta_Diptera_Syrphidae_Eristalis_stipator/fcf2eccc-a1e0-4c7f-86a1-a8d41778753e.jpg,21,23,0,23,34,42,21,22,0.1749267578125,0.1568603515625,0.10528564453125,0.059539794921875,0.039337158203125,1,4,Yellow-shouldered Drone Fly,Maize Calligrapher Fly,Southern Carpenter Bee,Western Paper Wasp,Yellow-shouldered Drone Fly,Transverse-banded Flower Fly
val/00472_Animalia_Arthropoda_Insecta_Diptera_Syrphidae_Eristalis_transversa/73c92737-ffaa-47f9-b7f7-e4eb44bda823.jpg,22,9,0,9,42,22,34,33,0.4150390625,0.2327880859375,0.087646484375,0.023590087890625,0.011322021484375,1,3,Transverse-banded Flower Fly,Spotted Longhorn,Western Paper Wasp,Transverse-banded Flower Fly,Southern Carpenter Bee,Ashy Mining Bee
val/00472_Animalia_Arthropoda_Insecta_Diptera_Syrphidae_Eristalis_transversa/ea6a1722-9a0c-4b5f-8467-046966a47510.jpg,22,20,0,20,22,41,33,32,0.53271484375,0.07733154296875,0.037109375,0.0322265625,0.025909423828125,1,2,Transverse-banded Flower Fly,Mexican Cactus Fly,Transverse-banded Flower Fly,Common Thread-waisted Wasp,Ashy Mining Bee,Jagged Ambush Bug
val/00513_Animalia_Arthropoda_Insecta_Hemiptera_Adelgidae_Adelges_tsugae/7dead1f8-ec66-4d50-8492-6f734a5cc489.jpg,24,490,0,490,24,494,498,391,0.58837890625,0.1807861328125,0.0096588134765625,0.00879669189453125,0.007640838623046875,1,2,Hemlock Woolly Adelgid,white fir,Hemlock Woolly Adelgid,Hen and Chicks Fern,ladder fern,longleaf phlox
val/00568_Animalia_Arthropoda_Insecta_Hemiptera_Coreidae_Leptoglossus_occidentalis/533ebf83-c1a6-43ec-b494-4068d271a3b7.jpg,27,26,0,26,27,32,478,68,0.11602783203125,0.1107177734375,0.035400390625,0.0165863037109375,0.0146331787109375,1,2,Western Conifer Seed Bug,Western Leaf-footed Bug,Western Conifer Seed Bug,Jagged Ambush Bug,western roseroot,Umber Skipper
val/00568_Animalia_Arthropoda_Insecta_Hemiptera_Coreidae_Leptoglossus_occidentalis/70d3ace9-91cc-40a5-ac41-413e779f2821.jpg,27,1,0,1,41,9,27,15,0.310791015625,0.11981201171875,0.044769287109375,0.04205322265625,0.0228729248046875,1,4,Western Conifer Seed Bug,Golden Silk Spider,Common Thread-waisted Wasp,Spotted Longhorn,Western Conifer Seed Bug,Oedemera femorata
val/00624_Animalia_Arthropoda_Insecta_Hemiptera_Pentatomidae_Graphosoma_italicum/0f9dd095-6fb1-47c8-91ee-2932316ea9dc.jpg,29,11,0,11,258,29,23,92,0.349609375,0.1514892578125,0.0753173828125,0.06317138671875,0.00855255126953125,1,3,European Striped Shield Bug,False Potato Beetle,White-lipped Snail,European Striped Shield Bug,Maize Calligrapher Fly,Blomfild's Beauty
val/00626_Animalia_Arthropoda_Insecta_Hemiptera_Pentatomidae_Halyomorpha_halys/005b6194-47aa-4262-82f9-34182f888257.jpg,30,291,0,291,81,41,254,30,0.051544189453125,0.034332275390625,0.0293731689453125,0.0259246826171875,0.0239715576171875,1,5,Brown Marmorated Stink Bug,Common Spotted Orchid,Small Mossy Lithacodia,Common Thread-waisted Wasp,Lettered Olive,Brown Marmorated Stink Bug
val/00626_Animalia_Arthropoda_Insecta_Hemiptera_Pentatomidae_Halyomorpha_halys/c9565414-754e-4ff8-9ecc-62b0195dc3fc.jpg,30,25,0,25,10,30,26,120,0.3642578125,0.1414794921875,0.0657958984375,0.041839599609375,0.040557861328125,1,3,Brown Marmorated Stink Bug,Florida Leaf-footed Bug,Spined Woodborer,Brown Marmorated Stink Bug,Western Leaf-footed Bug,Dragonhunter
val/00630_Animalia_Arthropoda_Insecta_Hemiptera_Pentatomidae_Nezara_viridula/e2cb3ce7-9fba-4f00-9cc0-09e7f997f290.jpg,31,466,0,466,353,357,375,31,0.058563232421875,0.040557861328125,0.036651611328125,0.03607177734375,0.03607177734375,1,5,Southern Green Stink Bug,Himalayan-berry,Mignonette vine,viviparous foxtail cactus,Tree Tutu,Southern Green Stink Bug
val/00630_Animalia_Arthropoda_Insecta_Hemiptera_Pentatomidae_Nezara_viridula/0b865e49-0f68-49ef-938b-1579ad68a6fa.jpg,31,16,0,16,39,31,34,40,0.2861328125,0.0643310546875,0.038116455078125,0.0292205810546875,0.0261993408203125,1,3,Southern Green Stink Bug,Kern's Flower Scarab,Pure Green Sweat Bee,Southern Green Stink Bug,Southern Carpenter Bee,Metallic Epauletted-Sweat Bee
val/00651_Animalia_Arthropoda_Insecta_Hemiptera_Reduviidae_Phymata_americana/249b76c3-ee2f-45c1-938b-9d6777152ad1.jpg,32,436,0,436,32,376,72,411,0.1419677734375,0.08349609375,0.05560302734375,0.03070068359375,0.029998779296875,1,2,Jagged Ambush Bug,Florida Hammock Sandmat,Jagged Ambush Bug,squirting cucumber,Green Oak-Slug Moth,lemon balm
val/00671_Animalia_Arthropoda_Insecta_Hymenoptera_Andrenidae_Andrena_cineraria/6d653487-3495-4c05-a80d-de3a389c731e.jpg,33,34,0,34,33,38,3,226,0.5048828125,0.30615234375,0.01264190673828125,0.01015472412109375,0.007312774658203125,1,2,Ashy Mining Bee,Southern Carpenter Bee,Ashy Mining Bee,New York Carpenter Ant,Johnson's Jumping Spider,Hooded Skunk
val/00743_Animalia_Arthropoda_Insecta_Hymenoptera_Formicidae_Camponotus_floridanus/68f1ca77-b33d-49b5-a6fe-4d066c1dd12b.jpg,37,143,0,143,145,37,237,3,0.28515625,0.12646484375,0.06988525390625,0.052734375,0.042388916015625,1,3,Florida Carpenter Ant,Northern Red-legged Frog,Italian Crested Newt,Florida Carpenter Ant,Texas Alligator Lizard,Johnson's Jumping Spider
val/00747_Animalia_Arthropoda_Insecta_Hymenoptera_Formicidae_Camponotus_novaeboracensis/12bd77ad-91fe-41af-8e4c-002af20fcfa1.jpg,38,37,0,37,38,378,408,229,0.6767578125,0.1558837890625,0.004779815673828125,0.003963470458984375,0.0039005279541015625,1,2,New York Carpenter Ant,Florida Carpenter Ant,New York Carpenter Ant,mapleleaf viburnum,Kanono,Western Grey Kangaroo
val/00747_Animalia_Arthropoda_Insecta_Hymenoptera_Formicidae_Camponotus_novaeboracensis/30dfefc5-14ee-40f7-9d9d-9ef9f2833ee2.jpg,38,37,0,37,38,229,187,300,0.6220703125,0.1614990234375,0.0052337646484375,0.0030879974365234375,0.00286865234375,1,2,New York Carpenter Ant,Florida Carpenter Ant,New York Carpenter Ant,Western Grey Kangaroo,Chestnut-backed Chickadee,Leopard Lily
val/00747_Animalia_Arthropoda_Insecta_Hymenoptera_Formicidae_Camponotus_novaeboracensis/fff1108b-fbd4-4299-ad4c-c0b24d281c76.jpg,38,243,0,243,38,392,3,41,0.1712646484375,0.1558837890625,0.08709716796875,0.07537841796875,0.0665283203125,1,2,New York Carpenter Ant,Texas Coralsnake,New York Carpenter Ant,pygmy-flower rock-jasmine,Johnson's Jumping Spider,Common Thread-waisted Wasp
val/00774_Animalia_Arthropoda_Insecta_Hymenoptera_Halictidae_Augochlora_pura/213ed3d8-f014-44c0-ae31-b3d4e0de49ba.jpg,39,40,0,40,34,39,21,22,0.384765625,0.229736328125,0.014923095703125,0.0110015869140625,0.00756072998046875,1,3,Pure Green Sweat Bee,Metallic Epauletted-Sweat Bee,Southern Carpenter Bee,Pure Green Sweat Bee,Yellow-shouldered Drone Fly,Transverse-banded Flower Fly
val/00774_Animalia_Arthropoda_Insecta_Hymenoptera_Halictidae_Augochlora_pura/69398021-f3c2-4e1f-a2cc-be7cb3165b97.jpg,39,22,0,22,39,33,38,8,0.10040283203125,0.0711669921875,0.055023193359375,0.037506103515625,0.031097412109375,1,2,Pure Green Sweat Bee,Transverse-banded Flower Fly,Pure Green Sweat Bee,Ashy Mining Bee,New York Carpenter Ant,Goldenrod Soldier Beetle
val/00775_Animalia_Arthropoda_Insecta_Hymenoptera_Halictidae_Augochloropsis_metallica/9f8985f9-5df9-4687-9907-70a9ec7deb87.jpg,40,39,0,39,28,8,40,7,0.7177734375,0.03228759765625,0.031524658203125,0.026336669921875,0.00518798828125,1,4,Metallic Epauletted-Sweat Bee,Pure Green Sweat Bee,Alfalfa Plant Bug,Goldenrod Soldier Beetle,Metallic Epauletted-Sweat Bee,Emerald Ash Borer
val/00775_Animalia_Arthropoda_Insecta_Hymenoptera_Halictidae_Augochloropsis_metallica/7e0de4dc-2bb1-48fd-af62-d294a7bc5d7f.jpg,40,39,0,39,40,394,22,21,0.685546875,0.1949462890625,0.006072998046875,0.00469207763671875,0.0044097900390625,1,2,Metallic Epauletted-Sweat Bee,Pure Green Sweat Bee,Metallic Epauletted-Sweat Bee,longleaf wattle,Transverse-banded Flower Fly,Yellow-shouldered Drone Fly
val/00819_Animalia_Arthropoda_Insecta_Hymenoptera_Vespidae_Mischocyttarus_flavitarsis/c2f15408-d1b9-4474-a010-e1bd344e9e44.jpg,42,37,0,37,42,38,34,479,0.23291015625,0.203125,0.09228515625,0.045318603515625,0.00838470458984375,1,2,Western Paper Wasp,Florida Carpenter Ant,Western Paper Wasp,New York Carpenter Ant,Southern Carpenter Bee,Goose-berry
val/00858_Animalia_Arthropoda_Insecta_Lepidoptera_Crambidae_Achyra_rantalis/4012e4ce-e78c-4671-a306-3f53f6927f86.jpg,43,46,0,46,53,43,109,48,0.1370849609375,0.1007080078125,0.07196044921875,0.025665283203125,0.0164337158203125,1,3,Garden Webworm Moth,Titian Peale's Crambid,Royal Poinciana Moth,Garden Webworm Moth,Red-banded Leafroller,Snowy Urola Moth
val/00859_Animalia_Arthropoda_Insecta_Lepidoptera_Crambidae_Agriphila_straminella/eea3ee3b-b747-4695-8f1a-d74bae886e09.jpg,44,129,0,129,44,67,15,207,0.1405029296875,0.08392333984375,0.041534423828125,0.039031982421875,0.0313720703125,1,2,Pearl Veneer,Blacknose Dace,Pearl Veneer,Eufala Skipper,Oedemera femorata,Ash-throated Flycatcher
val/00859_Animalia_Arthropoda_Insecta_Lepidoptera_Crambidae_Agriphila_straminella/9b97bfe7-3e04-4fc1-a4c1-6251fb430ce3.jpg,44,48,0,48,257,44,128,131,0.17041015625,0.1126708984375,0.0986328125,0.043426513671875,0.01432037353515625,1,3,Pearl Veneer,Snowy Urola Moth,Decollate Snail,Pearl Veneer,Bluntnose Minnow,Redbreast Sunfish
val/00949_Animalia_Arthropoda_Insecta_Lepidoptera_Crambidae_Urola_nivalis/4f87c2e2-2d26-49e8-9cff-cd22d632a4ce.jpg,48,28,0,28,48,41,67,287,0.1153564453125,0.0870361328125,0.046600341796875,0.03985595703125,0.012939453125,1,2,Snowy Urola Moth,Alfalfa Plant Bug,Snowy Urola Moth,Common Thread-waisted Wasp,Eufala Skipper,Branched Asphodel
val/00987_Animalia_Arthropoda_Insecta_Lepidoptera_Erebidae_Bulia_deducta/34686d14-3319-4bd8-ac62-df094f351f01.jpg,49,54,0,54,49,51,112,451,0.40673828125,0.161865234375,0.018157958984375,0.015289306640625,0.00942230224609375,1,2,Deduced Graphic,Pantydia sparsa,Deduced Graphic,Ilia Underwing,Omnivorous Platynota Moth,black cohosh
val/00997_Animalia_Arthropoda_Insecta_Lepidoptera_Erebidae_Catocala_grynea/c07602be-fe1d-4d9a-9413-eaea2ba41345.jpg,50,13,0,13,16,50,56,33,0.1573486328125,0.025299072265625,0.022491455078125,0.02130126953125,0.01534271240234375,1,3,Woody Underwing,22-spot Ladybird Beetle,Kern's Flower Scarab,Woody Underwing,Blackberry Looper,Ashy Mining Bee
val/00998_Animalia_Arthropoda_Insecta_Lepidoptera_Erebidae_Catocala_ilia/ea6b6fc0-bf68-4f82-b60e-6637c28f7361.jpg,51,105,0,105,51,80,92,71,0.258056640625,0.200927734375,0.174560546875,0.0374755859375,0.0157470703125,1,2,Ilia Underwing,Pawpaw Sphinx Moth,Ilia Underwing,Alfalfa Looper,Blomfild's Beauty,Dorantes Longtail
val/00998_Animalia_Arthropoda_Insecta_Lepidoptera_Erebidae_Catocala_ilia/9df81097-ee3f-4da1-948c-44e56b390a04.jpg,51,102,0,102,496,108,51,349,0.09014892578125,0.05096435546875,0.037872314453125,0.03448486328125,0.029266357421875,1,4,Ilia Underwing,Buck Moth,brittle bladderfern,Pine Hawk-Moth,Ilia Underwing,narrow-leaved bittercress
val/01047_Animalia_Arthropoda_Insecta_Lepidoptera_Erebidae_Hypena_bijugalis/c9cb0b7c-0669-4d70-8d41-1bb7e2affbd2.jpg,52,50,0,50,52,46,65,108,0.1412353515625,0.1317138671875,0.06365966796875,0.03515625,0.03460693359375,1,2,Dimorphic Bomolocha Moth,Woody Underwing,Dimorphic Bomolocha Moth,Titian Peale's Crambid,Juvenal's Duskywing,Pine Hawk-Moth
val/01047_Animalia_Arthropoda_Insecta_Lepidoptera_Erebidae_Hypena_bijugalis/11acb5fc-855c-4d16-a392-2ecda092984c.jpg,52,498,0,498,64,239,52,105,0.12469482421875,0.03253173828125,0.0241851806640625,0.0227203369140625,0.0206756591796875,1,4,Dimorphic Bomolocha Moth,ladder fern,Desert Checkered-Skipper,Eastern Milksnake,Dimorphic Bomolocha Moth,Pawpaw Sphinx Moth
val/01076_Animalia_Arthropoda_Insecta_Lepidoptera_Erebidae_Melipotis_acontioides/48f1e34f-d4c7-4777-a4f9-2eb6ec3ea6f7.jpg,53,110,0,110,85,53,50,109,0.1265869140625,0.0985107421875,0.07440185546875,0.04583740234375,0.041717529296875,1,3,Royal Poinciana Moth,Filbertworm Moth,Angulose Prominent Moth,Royal Poinciana Moth,Woody Underwing,Red-banded Leafroller
val/01103_Animalia_Arthropoda_Insecta_Lepidoptera_Erebidae_Pantydia_sparsa/758f3f59-dd38-45fd-96e9-6ba70e84eb46.jpg,54,108,0,108,67,85,53,54,0.31494140625,0.0660400390625,0.05303955078125,0.05303955078125,0.037628173828125,1,5,Pantydia sparsa,Pine Hawk-Moth,Eufala Skipper,Angulose Prominent Moth,Royal Poinciana Moth,Pantydia sparsa
val/01233_Animalia_Arthropoda_Insecta_Lepidoptera_Geometridae_Idaea_aversata/cc692317-cae5-4e26-a905-2ec893b56b40.jpg,58,54,0,54,57,56,58,49,0.285888671875,0.279296875,0.09954833984375,0.045562744140625,0.0092620849609375,1,4,Riband Wave,Pantydia sparsa,Feathered Thorn,Blackberry Looper,Riband Wave,Deduced Graphic
val/01233_Animalia_Arthropoda_Insecta_Lepidoptera_Geometridae_Idaea_aversata/6033bb35-db9f-48c2-b45c-e9b688f9bcad.jpg,58,57,0,57,58,54,62,56,0.2137451171875,0.1900634765625,0.1260986328125,0.0955810546875,0.04241943359375,1,2,Riband Wave,Feathered Thorn,Riband Wave,Pantydia sparsa,Yellow Slant-line,Blackberry Looper
val/01315_Animalia_Arthropoda_Insecta_Lepidoptera_Geometridae_Tetracis_crocallata/a4d55c4a-bdf7-4682-a990-35a928594702.jpg,62,42,0,42,62,26,214,107,0.48828125,0.061126708984375,0.04986572265625,0.00908660888671875,0.00801849365234375,1,2,Yellow Slant-line,Western Paper Wasp,Yellow Slant-line,Western Leaf-footed Bug,Downy Woodpecker,Blinded Sphinx Moth
val/01335_Animalia_Arthropoda_Insecta_Lepidoptera_Hesperiidae_Ancyloxypha_numitor/60e778a9-a9b9-44a1-92a1-c202e5e7123d.jpg,63,96,0,96,95,97,77,63,0.39453125,0.1463623046875,0.048614501953125,0.035308837890625,0.022796630859375,1,5,Least Skipper,Florida White,Barred Yellow,Large White Butterfly,Boisduval's Blue,Least Skipper
val/01335_Animalia_Arthropoda_Insecta_Lepidoptera_Hesperiidae_Ancyloxypha_numitor/2c8fadcc-a38d-4349-a04a-5ce405527725.jpg,63,88,0,88,63,86,70,73,0.160400390625,0.150146484375,0.07232666015625,0.07171630859375,0.0240325927734375,1,2,Least Skipper,Julia Butterfly,Least Skipper,Lesser Marbled Fritillary,European Skipper,Common Ciliate Blue
val/01376_Animalia_Arthropoda_Insecta_Lepidoptera_Hesperiidae_Lerodea_eufala/b0cfc791-ec6a-4bfa-86a0-c146d7697410.jpg,67,68,0,68,67,431,69,71,0.669921875,0.1201171875,0.047027587890625,0.0167694091796875,0.015625,1,2,Eufala Skipper,Umber Skipper,Eufala Skipper,Dakota mock vervain,Long Dash Skipper,Dorantes Longtail
val/01376_Animalia_Arthropoda_Insecta_Lepidoptera_Hesperiidae_Lerodea_eufala/8a114f22-bb82-4a7f-bb2c-3559d141d5b1.jpg,67,68,0,68,67,80,310,71,0.258056640625,0.10589599609375,0.10504150390625,0.07806396484375,0.0147857666015625,1,2,Eufala Skipper,Umber Skipper,Eufala Skipper,Alfalfa Looper,Kangaroo Grass,Dorantes Longtail
val/01378_Animalia_Arthropoda_Insecta_Lepidoptera_Hesperiidae_Lon_melane/5fff1073-8862-49ad-8cf1-e03de0003869.jpg,68,47,0,47,91,52,68,329,0.17626953125,0.083251953125,0.06793212890625,0.050506591796875,0.0146942138671875,1,4,Umber Skipper,Volupial Pyrausta Moth,Mourning Cloak,Dimorphic Bomolocha Moth,Umber Skipper,Old Plainsman
val/01378_Animalia_Arthropoda_Insecta_Lepidoptera_Hesperiidae_Lon_melane/5a612854-7a94-4012-b70a-31d20afa9802.jpg,68,123,0,123,68,11,129,67,0.5107421875,0.32958984375,0.020751953125,0.00787353515625,0.00695037841796875,1,2,Umber Skipper,Marsh meadow grasshopper,Umber Skipper,False Potato Beetle,Blacknose Dace,Eufala Skipper
val/01378_Animalia_Arthropoda_Insecta_Lepidoptera_Hesperiidae_Lon_melane/088e7f04-a241-4f99-acc6-40ed4dd42d6e.jpg,68,69,0,69,68,67,70,454,0.50146484375,0.1693115234375,0.046295166015625,0.013580322265625,0.0117950439453125,1,2,Umber Skipper,Long Dash Skipper,Umber Skipper,Eufala Skipper,European Skipper,common columbine
val/01405_Animalia_Arthropoda_Insecta_Lepidoptera_Hesperiidae_Thymelicus_lineola/4c1d6ece-0f13-414b-a666-9f76bf187d07.jpg,70,63,0,63,70,69,67,66,0.50634765625,0.1593017578125,0.059051513671875,0.01800537109375,0.0083770751953125,1,2,European Skipper,Least Skipper,European Skipper,Long Dash Skipper,Eufala Skipper,Chestnut Bob
val/01405_Animalia_Arthropoda_Insecta_Lepidoptera_Hesperiidae_Thymelicus_lineola/a23b55db-cdbe-47e8-a756-0ebe3accb8ed.jpg,70,123,0,123,15,70,28,124,0.36083984375,0.054473876953125,0.03863525390625,0.0273895263671875,0.0230712890625,1,3,European Skipper,Marsh meadow grasshopper,Oedemera femorata,European Skipper,Alfalfa Plant Bug,Obscure Bird Grasshopper
val/01408_Animalia_Arthropoda_Insecta_Lepidoptera_Hesperiidae_Urbanus_dorantes/cf98fcfc-8007-4491-aec1-5849081da81c.jpg,71,54,0,54,45,71,108,53,0.040924072265625,0.03997802734375,0.037261962890625,0.037261962890625,0.0361328125,1,3,Dorantes Longtail,Pantydia sparsa,Hydrilla Leafcutter Moth,Dorantes Longtail,Pine Hawk-Moth,Royal Poinciana Moth
val/01430_Animalia_Arthropoda_Insecta_Lepidoptera_Limacodidae_Euclea_incisa/3f088569-7c08-49ea-ba0b-219bad60be72.jpg,72,140,0,140,72,308,440,373,0.1160888671875,0.06878662109375,0.053558349609375,0.04547119140625,0.0295867919921875,1,2,Green Oak-Slug Moth,Spiny Seahorse,Green Oak-Slug Moth,Green Bristle Grass,Grey Willow,Stinging Serpent
val/01458_Animalia_Arthropoda_Insecta_Lepidoptera_Lycaenidae_Celastrina_ladon/6ced8b89-46fb-476b-afbe-3546b9a7def2.jpg,75,76,0,76,77,90,14,75,0.6923828125,0.08697509765625,0.01071929931640625,0.007781982421875,0.006061553955078125,1,5,Spring Azure,Mazarine Blue,Boisduval's Blue,Red-spotted Admiral,Woodland Dor Beetle,Spring Azure
val/01469_Animalia_Arthropoda_Insecta_Lepidoptera_Lycaenidae_Cyaniris_semiargus/3948f575-0f67-4c76-a28e-25c9dc344a44.jpg,76,77,0,77,76,78,337,284,0.438232421875,0.2152099609375,0.0267333984375,0.019866943359375,0.0084075927734375,1,2,Mazarine Blue,Boisduval's Blue,Mazarine Blue,Marine Blue,prairie dock,asparagus
val/01485_Animalia_Arthropoda_Insecta_Lepidoptera_Lycaenidae_Icaricia_icarioides/618648e3-2e4d-4078-ae97-4ead69ebb532.jpg,77,76,0,76,77,75,79,366,0.40234375,0.1231689453125,0.05487060546875,0.0209808349609375,0.0134429931640625,1,2,Boisduval's Blue,Mazarine Blue,Boisduval's Blue,Spring Azure,Coral Hairstreak,Fringed Bindweed
val/01485_Animalia_Arthropoda_Insecta_Lepidoptera_Lycaenidae_Icaricia_icarioides/365e6a00-1d8e-4eba-aa73-1d30ec78c394.jpg,77,76,0,76,77,67,127,79,0.54931640625,0.1688232421875,0.00937652587890625,0.006008148193359375,0.005218505859375,1,2,Boisduval's Blue,Mazarine Blue,Boisduval's Blue,Eufala Skipper,New Zealand Half Crab,Coral Hairstreak
val/01485_Animalia_Arthropoda_Insecta_Lepidoptera_Lycaenidae_Icaricia_icarioides/d9525058-9b2c-4905-a2d8-2473570f9caa.jpg,77,86,0,86,77,79,89,74,0.091796875,0.046173095703125,0.041046142578125,0.027130126953125,0.0239410400390625,1,2,Boisduval's Blue,Lesser Marbled Fritillary,Boisduval's Blue,Coral Hairstreak,Baltimore Checkerspot,Forget-me-not
val/01485_Animalia_Arthropoda_Insecta_Lepidoptera_Lycaenidae_Icaricia_icarioides/4ff15c91-3644-4014-8178-920ed77736fd.jpg,77,76,0,76,77,66,79,75,0.11322021484375,0.1063232421875,0.037322998046875,0.03216552734375,0.02606201171875,1,2,Boisduval's Blue,Mazarine Blue,Boisduval's Blue,Chestnut Bob,Coral Hairstreak,Spring Azure
val/01493_Animalia_Arthropoda_Insecta_Lepidoptera_Lycaenidae_Leptotes_marina/1f956283-9c17-49b6-9fb0-51df1e2a7353.jpg,78,463,0,463,78,207,181,204,0.09356689453125,0.06689453125,0.05902099609375,0.05902099609375,0.048919677734375,1,2,Marine Blue,desert almond,Marine Blue,Ash-throated Flycatcher,Tricolored Blackbird,Western Wood-Pewee
val/01583_Animalia_Arthropoda_Insecta_Lepidoptera_Noctuidae_Autographa_californica/b763c48b-24bf-4096-af48-e2c626a21458.jpg,80,71,0,71,80,193,68,204,0.291748046875,0.049530029296875,0.036529541015625,0.034576416015625,0.02081298828125,1,2,Alfalfa Looper,Dorantes Longtail,Alfalfa Looper,Lark Bunting,Umber Skipper,Western Wood-Pewee
val/01583_Animalia_Arthropoda_Insecta_Lepidoptera_Noctuidae_Autographa_californica/fcd4fff8-166d-4464-be1a-aa3758c1102c.jpg,80,85,0,85,80,241,111,53,0.47998046875,0.323486328125,0.012939453125,0.008758544921875,0.005481719970703125,1,2,Alfalfa Looper,Angulose Prominent Moth,Alfalfa Looper,Aesculapian Snake,Bidens Borer Moth,Royal Poinciana Moth
val/01653_Animalia_Arthropoda_Insecta_Lepidoptera_Noctuidae_Maliattha_synochitis/2e33b5b6-91aa-450c-bf6e-be39308beff9.jpg,82,81,0,81,82,85,80,53,0.2156982421875,0.162841796875,0.079345703125,0.0303497314453125,0.023834228515625,1,2,Black-dotted Maliattha,Small Mossy Lithacodia,Black-dotted Maliattha,Angulose Prominent Moth,Alfalfa Looper,Royal Poinciana Moth
val/01748_Animalia_Arthropoda_Insecta_Lepidoptera_Notodontidae_Peridea_angulosa/eb76f460-da07-4581-aad0-7865d7ef760b.jpg,85,35,0,35,135,83,131,85,0.67138671875,0.0582275390625,0.01085662841796875,0.0082550048828125,0.0081939697265625,1,5,Angulose Prominent Moth,Elm Sawfly,Yellow Perch,Half-yellow Moth,Redbreast Sunfish,Angulose Prominent Moth
val/01838_Animalia_Arthropoda_Insecta_Lepidoptera_Nymphalidae_Doxocopa_laure/5a49fb38-d1cd-4cd0-8723-bddbeceac26b.jpg,87,80,0,80,270,43,87,448,0.0543212890625,0.03912353515625,0.0206146240234375,0.0199737548828125,0.0190582275390625,1,4,Silver Emperor,Alfalfa Looper,Scaly Chanterelle,Garden Webworm Moth,Silver Emperor,Coastal Banksia
val/01854_Animalia_Arthropoda_Insecta_Lepidoptera_Nymphalidae_Euphydryas_phaeton/c31f1d96-25f1-45e9-8ed6-116b10c9c57b.jpg,89,91,0,91,102,89,103,35,0.2232666015625,0.179443359375,0.1571044921875,0.041961669921875,0.0140533447265625,1,3,Baltimore Checkerspot,Mourning Cloak,Buck Moth,Baltimore Checkerspot,Small Emperor Moth,Elm Sawfly
val/01908_Animalia_Arthropoda_Insecta_Lepidoptera_Nymphalidae_Limenitis_arthemis/77581dee-3e90-40dc-ad0a-7ca1e0902421.jpg,90,93,0,93,90,31,94,29,0.190673828125,0.0633544921875,0.05462646484375,0.033111572265625,0.0321044921875,1,2,Red-spotted Admiral,Dainty Swallowtail,Red-spotted Admiral,Southern Green Stink Bug,Thoas Swallowtail,European Striped Shield Bug
val/01908_Animalia_Arthropoda_Insecta_Lepidoptera_Nymphalidae_Limenitis_arthemis/299873cd-827d-46fa-8db2-013322cfddb7.jpg,90,89,0,89,93,90,91,79,0.255126953125,0.2115478515625,0.191162109375,0.005954742431640625,0.005725860595703125,1,3,Red-spotted Admiral,Baltimore Checkerspot,Dainty Swallowtail,Red-spotted Admiral,Mourning Cloak,Coral Hairstreak
val/01938_Animalia_Arthropoda_Insecta_Lepidoptera_Nymphalidae_Nymphalis_antiopa/d72602b6-350b-48d7-ae3b-34da8ca75a0d.jpg,91,92,0,92,68,91,47,87,0.09637451171875,0.07989501953125,0.07806396484375,0.062744140625,0.037750244140625,1,3,Mourning Cloak,Blomfild's Beauty,Umber Skipper,Mourning Cloak,Volupial Pyrausta Moth,Silver Emperor
val/01938_Animalia_Arthropoda_Insecta_Lepidoptera_Nymphalidae_Nymphalis_antiopa/4da9be94-a236-43a8-8dc6-a177bf6a7437.jpg,91,102,0,102,91,89,100,379,0.306396484375,0.2998046875,0.020721435546875,0.0117645263671875,0.0081787109375,1,2,Mourning Cloak,Buck Moth,Mourning Cloak,Baltimore Checkerspot,Red-bordered Pixie,strawberry tree
val/02009_Animalia_Arthropoda_Insecta_Lepidoptera_Papilionidae_Papilio_anactus/95fdb590-a8be-487e-ad54-2907464142e3.jpg,93,91,0,91,104,89,93,102,0.481201171875,0.07379150390625,0.058380126953125,0.049560546875,0.040130615234375,1,4,Dainty Swallowtail,Mourning Cloak,Giant Peacock Moth,Baltimore Checkerspot,Dainty Swallowtail,Buck Moth
val/02009_Animalia_Arthropoda_Insecta_Lepidoptera_Papilionidae_Papilio_anactus/ff44fccd-73c3-438b-ab10-a0d70075f84e.jpg,93,68,0,68,90,93,22,41,0.219482421875,0.0921630859375,0.03668212890625,0.0290069580078125,0.0207366943359375,1,3,Dainty Swallowtail,Umber Skipper,Red-spotted Admiral,Dainty Swallowtail,Transverse-banded Flower Fly,Common Thread-waisted Wasp
val/02073_Animalia_Arthropoda_Insecta_Lepidoptera_Pieridae_Eurema_daira/6ed45bbe-2af1-4862-aeeb-fe5ac931c835.jpg,95,66,0,66,95,67,65,70,0.2626953125,0.1544189453125,0.056793212890625,0.0215606689453125,0.020904541015625,1,2,Barred Yellow,Chestnut Bob,Barred Yellow,Eufala Skipper,Juvenal's Duskywing,European Skipper
val/02073_Animalia_Arthropoda_Insecta_Lepidoptera_Pieridae_Eurema_daira/eb0498ce-da25-462e-ab38-defb5f98dc07.jpg,95,315,0,315,331,75,95,12,0.087890625,0.087890625,0.0567626953125,0.03839111328125,0.0255889892578125,1,4,Barred Yellow,dwarf ginseng,Snow Squarestem,Spring Azure,Barred Yellow,Hadda Beetle
val/02092_Animalia_Arthropoda_Insecta_Lepidoptera_Pieridae_Pieris_brassicae/bd235e7b-be4d-475c-9724-9baad42444e1.jpg,97,108,0,108,101,97,144,238,0.3125,0.30419921875,0.07598876953125,0.07025146484375,0.050628662109375,1,3,Large White Butterfly,Pine Hawk-Moth,Orange-tipped Oakworm Moth,Large White Butterfly,Green Salamander,Common Bronze-back
val/02129_Animalia_Arthropoda_Insecta_Lepidoptera_Pyralidae_Moodna_ostrinella/59f39252-741c-43fb-bfa6-721301ae9904.jpg,98,37,0,37,60,72,98,109,0.1534423828125,0.048309326171875,0.04754638671875,0.04718017578125,0.0279541015625,1,4,Darker Moodna Moth,Florida Carpenter Ant,Alien Probole Moth,Green Oak-Slug Moth,Darker Moodna Moth,Red-banded Leafroller
val/02161_Animalia_Arthropoda_Insecta_Lepidoptera_Saturniidae_Hemileuca_maia/e0a44fa1-d064-46a1-b7e8-32ab7b5a1cc1.jpg,102,255,0,255,91,333,102,198,0.07958984375,0.050567626953125,0.032135009765625,0.02728271484375,0.021759033203125,1,4,Buck Moth,Hilton's Aeolid,Mourning Cloak,Tauhinu,Buck Moth,Common Firecrest
val/02166_Animalia_Arthropoda_Insecta_Lepidoptera_Saturniidae_Saturnia_pavonia/10b3f171-0cec-4abb-a911-4a13c534076b.jpg,103,31,0,31,103,104,317,330,0.09423828125,0.061798095703125,0.038360595703125,0.03131103515625,0.027862548828125,1,2,Small Emperor Moth,Southern Green Stink Bug,Small Emperor Moth,Giant Peacock Moth,American holly,oxeye daisy
val/02198_Animalia_Arthropoda_Insecta_Lepidoptera_Sphingidae_Hippotion_scrofa/d7a3d5c0-1a2a-4367-8c27-f721f2316b7c.jpg,106,32,0,32,255,106,11,113,0.12384033203125,0.061279296875,0.038970947265625,0.0198974609375,0.01959228515625,1,3,Hippotion scrofa,Jagged Ambush Bug,Hilton's Aeolid,Hippotion scrofa,False Potato Beetle,Australian Green Mantis
val/02222_Animalia_Arthropoda_Insecta_Lepidoptera_Sphingidae_Sphinx_pinastri/d5b19fa0-482b-4370-ba44-477e88867793.jpg,108,49,0,49,108,80,53,239,0.1951904296875,0.13623046875,0.044921875,0.037841796875,0.0316162109375,1,2,Pine Hawk-Moth,Deduced Graphic,Pine Hawk-Moth,Alfalfa Looper,Royal Poinciana Moth,Eastern Milksnake
val/02222_Animalia_Arthropoda_Insecta_Lepidoptera_Sphingidae_Sphinx_pinastri/84021b2c-735c-4afb-b0a3-748b7ad31029.jpg,108,53,0,53,58,108,433,2,0.1448974609375,0.06231689453125,0.037200927734375,0.0272216796875,0.0257720947265625,1,3,Pine Hawk-Moth,Royal Poinciana Moth,Riband Wave,Pine Hawk-Moth,umbrella magnolia,Six-spotted Fishing Spider
val/02369_Animalia_Arthropoda_Insecta_Odonata_Coenagrionidae_Enallagma_cyathigerum/bb908704-6ab5-43bf-a324-135835a770d9.jpg,117,118,0,118,117,135,119,2,0.195068359375,0.105224609375,0.044891357421875,0.032073974609375,0.0272216796875,1,2,Common Blue Damselfly,Skimming Bluet,Common Blue Damselfly,Yellow Perch,Eastern Ringtail,Six-spotted Fishing Spider
val/02375_Animalia_Arthropoda_Insecta_Odonata_Coenagrionidae_Enallagma_geminatum/c7483ed7-d1f2-4ade-a844-b936bc05aa49.jpg,118,116,0,116,19,118,41,117,0.12091064453125,0.052825927734375,0.043792724609375,0.036590576171875,0.0301055908203125,1,3,Skimming Bluet,Ebony Jewelwing,Garden soldier fly,Skimming Bluet,Common Thread-waisted Wasp,Common Blue Damselfly
val/02375_Animalia_Arthropoda_Insecta_Odonata_Coenagrionidae_Enallagma_geminatum/334b250d-00f5-47c0-a4e6-25826c16bac5.jpg,118,117,0,117,118,470,116,97,0.44873046875,0.343994140625,0.0186614990234375,0.016998291015625,0.01141357421875,1,2,Skimming Bluet,Common Blue Damselfly,Skimming Bluet,Canadian wood nettle,Ebony Jewelwing,Large White Butterfly
val/02375_Animalia_Arthropoda_Insecta_Odonata_Coenagrionidae_Enallagma_geminatum/0e423724-7913-4c4a-9882-2f10c946bcb3.jpg,118,117,0,117,118,116,121,134,0.439697265625,0.275634765625,0.006137847900390625,0.0058135986328125,0.003665924072265625,1,2,Skimming Bluet,Common Blue Damselfly,Skimming Bluet,Ebony Jewelwing,Small Spreadwing,Blackspot Goatfish
val/02427_Animalia_Arthropoda_Insecta_Odonata_Gomphidae_Erpetogomphus_designatus/8ede8c21-65f0-409f-b9c4-4f4bd33d6f19.jpg,119,23,0,23,9,42,119,22,0.09918212890625,0.08892822265625,0.07373046875,0.052276611328125,0.038848876953125,1,4,Eastern Ringtail,Maize Calligrapher Fly,Spotted Longhorn,Western Paper Wasp,Eastern Ringtail,Transverse-banded Flower Fly
val/02432_Animalia_Arthropoda_Insecta_Odonata_Gomphidae_Hagenius_brevistylus/ca3226bf-5339-460f-868f-a727a6242a6c.jpg,120,119,0,119,120,124,18,123,0.085693359375,0.059814453125,0.05889892578125,0.03515625,0.022705078125,1,2,Dragonhunter,Eastern Ringtail,Dragonhunter,Obscure Bird Grasshopper,Blue Blowfly,Marsh meadow grasshopper
val/02432_Animalia_Arthropoda_Insecta_Odonata_Gomphidae_Hagenius_brevistylus/661729e7-5fa2-46c6-996d-18cb7bcdd73b.jpg,120,119,0,119,120,244,117,242,0.43701171875,0.39013671875,0.0190582275390625,0.00794219970703125,0.004894256591796875,1,2,Dragonhunter,Eastern Ringtail,Dragonhunter,Green Iguana,Common Blue Damselfly,Brown Basilisk
val/02463_Animalia_Arthropoda_Insecta_Odonata_Lestidae_Lestes_virens/fafb2051-df9a-4769-8417-729e88b1fae3.jpg,121,118,0,118,121,117,116,7,0.279052734375,0.267333984375,0.079345703125,0.0269927978515625,0.0094757080078125,1,2,Small Spreadwing,Skimming Bluet,Small Spreadwing,Common Blue Damselfly,Ebony Jewelwing,Emerald Ash Borer
val/02628_Animalia_Arthropoda_Insecta_Orthoptera_Acrididae_Pseudochorthippus_curtipennis/888c51a0-e316-49e2-ac06-c58061be4fab.jpg,123,125,0,125,123,124,44,67,0.3623046875,0.2432861328125,0.04736328125,0.010650634765625,0.00954437255859375,1,2,Marsh meadow grasshopper,Long-winged Conehead,Marsh meadow grasshopper,Obscure Bird Grasshopper,Pearl Veneer,Eufala Skipper
val/02628_Animalia_Arthropoda_Insecta_Orthoptera_Acrididae_Pseudochorthippus_curtipennis/6fce0f8d-ca19-49e6-9334-68a8b46da583.jpg,123,125,0,125,123,121,23,114,0.25390625,0.10345458984375,0.0462646484375,0.039886474609375,0.029632568359375,1,2,Marsh meadow grasshopper,Long-winged Conehead,Marsh meadow grasshopper,Small Spreadwing,Maize Calligrapher Fly,Chrysopa oculata
val/02633_Animalia_Arthropoda_Insecta_Orthoptera_Acrididae_Schistocerca_obscura/37708dc5-de64-4223-a82a-471c2f3bd723.jpg,124,129,0,129,2,116,139,124,0.0780029296875,0.071533203125,0.065673828125,0.043060302734375,0.0340576171875,1,5,Obscure Bird Grasshopper,Blacknose Dace,Six-spotted Fishing Spider,Ebony Jewelwing,Striped Eel Catfish,Obscure Bird Grasshopper
val/02633_Animalia_Arthropoda_Insecta_Orthoptera_Acrididae_Schistocerca_obscura/e2e42116-52ce-4e49-8fce-51a7aed0e1f5.jpg,124,25,0,25,124,120,19,339,0.059844970703125,0.054290771484375,0.0311737060546875,0.0270843505859375,0.0169525146484375,1,2,Obscure Bird Grasshopper,Florida Leaf-footed Bug,Obscure Bird Grasshopper,Dragonhunter,Garden soldier fly,prickly sowthistle
val/02633_Animalia_Arthropoda_Insecta_Orthoptera_Acrididae_Schistocerca_obscura/d70514ed-0e4d-4c18-a560-59a42296aac6.jpg,124,113,0,113,124,125,303,31,0.234619140625,0.2274169921875,0.044769287109375,0.011322021484375,0.0086822509765625,1,2,Obscure Bird Grasshopper,Australian Green Mantis,Obscure Bird Grasshopper,Long-winged Conehead,sawbrier,Southern Green Stink Bug
val/02668_Animalia_Arthropoda_Insecta_Orthoptera_Tettigoniidae_Conocephalus_fuscus/cc32813c-64b9-497e-8089-a66420c0c218.jpg,125,309,0,309,142,125,279,24,0.34228515625,0.08453369140625,0.0433349609375,0.041839599609375,0.04119873046875,1,3,Long-winged Conehead,Saint Augustine grass,Eastern Dwarf Treefrog,Long-winged Conehead,longleaf ephedra,Hemlock Woolly Adelgid
val/02770_Animalia_Chordata_Actinopterygii_Cypriniformes_Cyprinidae_Rhinichthys_atratulus/2b8c6935-494c-443f-89d2-aa0dbb3e0283.jpg,129,106,0,106,113,129,346,367,0.10528564453125,0.0679931640625,0.055908203125,0.04974365234375,0.038421630859375,1,3,Blacknose Dace,Hippotion scrofa,Australian Green Mantis,Blacknose Dace,water forget-me-not,redshank
val/02773_Animalia_Chordata_Actinopterygii_Cypriniformes_Cyprinidae_Squalius_cephalus/e3782022-a77f-48e6-9ca4-ae9cbed7f630.jpg,130,131,0,131,130,137,135,128,0.1964111328125,0.1590576171875,0.1268310546875,0.07452392578125,0.0374755859375,1,2,Chub,Redbreast Sunfish,Chub,Freshwater Drum,Yellow Perch,Bluntnose Minnow
val/02800_Animalia_Chordata_Actinopterygii_Perciformes_Centrarchidae_Lepomis_auritus/158c5c98-352b-4644-b907-e21b53f5f34c.jpg,131,132,0,132,131,157,134,130,0.279296875,0.27490234375,0.0213623046875,0.0117950439453125,0.01009368896484375,1,2,Redbreast Sunfish,Four-eyed Butterflyfish,Redbreast Sunfish,American Golden-Plover,Blackspot Goatfish,Chub
val/02836_Animalia_Chordata_Actinopterygii_Perciformes_Labridae_Eupetrichthys_angustipes/8d150b69-4039-4b3c-9a9d-70f36bf4d39e.jpg,133,138,0,138,134,133,135,136,0.36474609375,0.1212158203125,0.08868408203125,0.06439208984375,0.0316162109375,1,3,Snakeskin Wrasse,Kelp Bass,Blackspot Goatfish,Snakeskin Wrasse,Yellow Perch,Indo-Pacific Sergeant Major
val/02836_Animalia_Chordata_Actinopterygii_Perciformes_Labridae_Eupetrichthys_angustipes/d79fb666-d7bb-4261-9f3b-13f480161556.jpg,133,110,0,110,133,101,145,122,0.0885009765625,0.06787109375,0.045196533203125,0.039886474609375,0.03411865234375,1,2,Snakeskin Wrasse,Filbertworm Moth,Snakeskin Wrasse,Orange-tipped Oakworm Moth,Italian Crested Newt,Neurothemis taiwanensis
val/02855_Animalia_Chordata_Actinopterygii_Perciformes_Mullidae_Parupeneus_spilurus/822a9afc-a1cb-4199-95b2-ee3aa069720b.jpg,134,130,0,130,135,134,138,59,0.105712890625,0.08905029296875,0.07977294921875,0.03173828125,0.025909423828125,1,3,Blackspot Goatfish,Chub,Yellow Perch,Blackspot Goatfish,Kelp Bass,Black-dotted Ruddy Moth
val/02858_Animalia_Chordata_Actinopterygii_Perciformes_Percidae_Perca_flavescens/a841668f-7e3b-489a-9f35-9d96a76a4c49.jpg,135,211,0,211,149,213,441,135,0.1341552734375,0.083251953125,0.0550537109375,0.047821044921875,0.0208892822265625,1,5,Yellow Perch,Black-crowned Night Heron,Mute Swan,American Flamingo,black willow,Yellow Perch
val/02858_Animalia_Chordata_Actinopterygii_Perciformes_Percidae_Perca_flavescens/f8db9beb-fa0b-4dad-85fc-03a346929902.jpg,135,130,0,130,135,2,234,255,0.1728515625,0.0882568359375,0.0302734375,0.0254974365234375,0.0218048095703125,1,2,Yellow Perch,Chub,Yellow Perch,Six-spotted Fishing Spider,Common Caiman,Hilton's Aeolid
val/02866_Animalia_Chordata_Actinopterygii_Perciformes_Pomacentridae_Abudefduf_vaigiensis/f6e9eede-f645-49ef-b02f-a5172ba35613.jpg,136,135,0,135,136,138,133,131,0.1964111328125,0.10931396484375,0.0259552001953125,0.0255584716796875,0.0198974609375,1,2,Indo-Pacific Sergeant Major,Yellow Perch,Indo-Pacific Sergeant Major,Kelp Bass,Snakeskin Wrasse,Redbreast Sunfish
val/02878_Animalia_Chordata_Actinopterygii_Perciformes_Sciaenidae_Aplodinotus_grunniens/b767c32e-6097-4354-a4f2-d32089fad7f6.jpg,137,219,0,219,138,137,135,130,0.33544921875,0.164794921875,0.1007080078125,0.056488037109375,0.030242919921875,1,3,Freshwater Drum,Nurse Shark,Kelp Bass,Freshwater Drum,Yellow Perch,Chub
val/02914_Animalia_Chordata_Actinopterygii_Siluriformes_Plotosidae_Plotosus_lineatus/69ea2b7d-4fd7-4d2f-a0fb-37fcef3e879c.jpg,139,219,0,219,139,132,133,251,0.1883544921875,0.17626953125,0.1024169921875,0.0279998779296875,0.02569580078125,1,2,Striped Eel Catfish,Nurse Shark,Striped Eel Catfish,Four-eyed Butterflyfish,Snakeskin Wrasse,Queen Conch
val/02973_Animalia_Chordata_Amphibia_Anura_Craugastoridae_Pristimantis_achatinus/46200390-14c0-4cb4-bd26-89d30c864f6f.jpg,141,143,0,143,141,275,145,142,0.6103515625,0.265625,0.0021514892578125,0.0021343231201171875,0.00185394287109375,1,2,Cachabi Robber Frog,Northern Red-legged Frog,Cachabi Robber Frog,fan moss,Italian Crested Newt,Eastern Dwarf Treefrog
val/03014_Animalia_Chordata_Amphibia_Anura_Pelodryadidae_Litoria_fallax/4bb4c2fb-7c41-4eb8-b82f-5e2cad1f2109.jpg,142,141,0,141,142,183,364,68,0.192626953125,0.144287109375,0.041351318359375,0.021453857421875,0.01953125,1,2,Eastern Dwarf Treefrog,Cachabi Robber Frog,Eastern Dwarf Treefrog,White-plumed Honeyeater,alpine bistort,Umber Skipper
val/03040_Animalia_Chordata_Amphibia_Anura_Ranidae_Rana_aurora/7a901496-cf0e-4099-8c41-fe5e845a452a.jpg,143,141,0,141,143,126,142,347,0.62255859375,0.192138671875,0.008056640625,0.00798797607421875,0.0068359375,1,2,Northern Red-legged Frog,Cachabi Robber Frog,Northern Red-legged Frog,Virile Crayfish,Eastern Dwarf Treefrog,European Searocket
val/03107_Animalia_Chordata_Amphibia_Caudata_Salamandridae_Triturus_carnifex/906d5632-3ed9-4a07-b312-4099129cbdcc.jpg,145,123,0,123,129,145,4,119,0.1611328125,0.0743408203125,0.035400390625,0.03485107421875,0.03173828125,1,3,Italian Crested Newt,Marsh meadow grasshopper,Blacknose Dace,Italian Crested Newt,Paravaejovis puritanus,Eastern Ringtail
val/03107_Animalia_Chordata_Amphibia_Caudata_Salamandridae_Triturus_carnifex/468d66b2-0a37-444a-990b-f6b663605477.jpg,145,133,0,133,144,140,145,135,0.22314453125,0.20166015625,0.0582275390625,0.046783447265625,0.02728271484375,1,4,Italian Crested Newt,Snakeskin Wrasse,Green Salamander,Spiny Seahorse,Italian Crested Newt,Yellow Perch
val/03107_Animalia_Chordata_Amphibia_Caudata_Salamandridae_Triturus_carnifex/2a0667bb-a019-4de4-9196-00c6a9f73a5b.jpg,145,13,0,13,145,129,9,432,0.15380859375,0.06878662109375,0.017730712890625,0.0166473388671875,0.0156402587890625,1,2,Italian Crested Newt,22-spot Ladybird Beetle,Italian Crested Newt,Blacknose Dace,Spotted Longhorn,common pawpaw
val/03107_Animalia_Chordata_Amphibia_Caudata_Salamandridae_Triturus_carnifex/f534c0ce-7cda-46ea-bae4-63f203fa3572.jpg,145,101,0,101,238,144,120,145,0.28564453125,0.179443359375,0.027618408203125,0.0238037109375,0.022186279296875,1,5,Italian Crested Newt,Orange-tipped Oakworm Moth,Common Bronze-back,Green Salamander,Dragonhunter,Italian Crested Newt
val/03120_Animalia_Chordata_Aves_Accipitriformes_Accipitridae_Aquila_heliaca/c540c2dd-42a8-44e8-aa68-61b5e3ab9ca4.jpg,146,147,0,147,146,109,17,23,0.425048828125,0.355224609375,0.041778564453125,0.0107269287109375,0.00875091552734375,1,2,Imperial Eagle,European Honey-buzzard,Imperial Eagle,Red-banded Leafroller,Oriental Beetle,Maize Calligrapher Fly
val/03120_Animalia_Chordata_Aves_Accipitriformes_Accipitridae_Aquila_heliaca/e8b3bb4e-f965-46db-91a6-14ec08890d2c.jpg,146,147,0,147,146,174,172,7,0.72021484375,0.1348876953125,0.0211639404296875,0.017547607421875,0.004009246826171875,1,2,Imperial Eagle,European Honey-buzzard,Imperial Eagle,Alpine Chough,Fish Crow,Emerald Ash Borer
val/03177_Animalia_Chordata_Aves_Accipitriformes_Accipitridae_Pernis_apivorus/34dfb882-3644-40e9-9dd5-bd00f1956791.jpg,147,146,0,146,147,128,130,174,0.83447265625,0.041717529296875,0.005512237548828125,0.0054931640625,0.003093719482421875,1,2,European Honey-buzzard,Imperial Eagle,European Honey-buzzard,Bluntnose Minnow,Chub,Alpine Chough
val/03177_Animalia_Chordata_Aves_Accipitriformes_Accipitridae_Pernis_apivorus/26c3cc20-7109-4f93-a1b6-4832045869b0.jpg,147,146,0,146,147,212,174,170,0.95703125,0.025787353515625,0.00142669677734375,0.0005741119384765625,0.0002911090850830078,1,2,European Honey-buzzard,Imperial Eagle,European Honey-buzzard,Dalmatian Pelican,Alpine Chough,Yellow Grosbeak
val/03177_Animalia_Chordata_Aves_Accipitriformes_Accipitridae_Pernis_apivorus/34267248-1c2e-4795-8bde-7bb3f9907226.jpg,147,211,0,211,147,146,171,210,0.3046875,0.18115234375,0.0188751220703125,0.0178680419921875,0.0169219970703125,1,2,European Honey-buzzard,Black-crowned Night Heron,European Honey-buzzard,Imperial Eagle,Brown Creeper,Boat-billed Heron
val/03244_Animalia_Chordata_Aves_Anseriformes_Anatidae_Cygnus_olor/ae119fb3-9278-41db-84e0-69b07ea5f291.jpg,149,212,0,212,149,161,151,213,0.7431640625,0.1361083984375,0.007076263427734375,0.004428863525390625,0.0028476715087890625,1,2,Mute Swan,Dalmatian Pelican,Mute Swan,Black-headed Gull,Smew,American Flamingo
val/03244_Animalia_Chordata_Aves_Anseriformes_Anatidae_Cygnus_olor/52c3fce7-97d4-45da-a93f-c088d3837cae.jpg,149,217,0,217,216,160,149,162,0.332763671875,0.053466796875,0.040985107421875,0.026885986328125,0.019073486328125,1,4,Mute Swan,Brandt's Cormorant,Pelagic Cormorant,Hartlaub's Gull,Mute Swan,Caspian Gull
val/03258_Animalia_Chordata_Aves_Anseriformes_Anatidae_Melanitta_perspicillata/94ad3bf7-19d0-4bc8-9d75-5f3547aad27a.jpg,150,151,0,151,150,181,152,217,0.7294921875,0.1414794921875,0.01520538330078125,0.010406494140625,0.007732391357421875,1,2,Surf Scoter,Smew,Surf Scoter,Tricolored Blackbird,Common Merganser,Brandt's Cormorant
val/03258_Animalia_Chordata_Aves_Anseriformes_Anatidae_Melanitta_perspicillata/f1916ea3-c496-44b7-bb54-0a9e32e1880e.jpg,150,197,0,197,33,150,231,210,0.0869140625,0.0816650390625,0.043731689453125,0.0269317626953125,0.025299072265625,1,3,Surf Scoter,Tomtit,Ashy Mining Bee,Surf Scoter,Bank Vole,Boat-billed Heron
val/03259_Animalia_Chordata_Aves_Anseriformes_Anatidae_Mergellus_albellus/78b47f41-8eb0-4632-b713-1088ce39a9c1.jpg,151,161,0,161,160,151,206,149,0.39990234375,0.28125,0.062286376953125,0.014007568359375,0.00970458984375,1,3,Smew,Black-headed Gull,Hartlaub's Gull,Smew,Masked Water-Tyrant,Mute Swan
val/03259_Animalia_Chordata_Aves_Anseriformes_Anatidae_Mergellus_albellus/0f4eac09-c2b6-47ca-a966-d0bc6ef821b4.jpg,151,152,0,152,151,233,150,148,0.61572265625,0.2275390625,0.00370025634765625,0.0035305023193359375,0.0035305023193359375,1,2,Smew,Common Merganser,Smew,Red-bellied Squirrel,Surf Scoter,Yellow-billed Pintail
val/03259_Animalia_Chordata_Aves_Anseriformes_Anatidae_Mergellus_albellus/a8cae111-a065-4b0d-a737-0dcf579c5718.jpg,151,160,0,160,151,162,180,161,0.5087890625,0.16845703125,0.0894775390625,0.025238037109375,0.019500732421875,1,2,Smew,Hartlaub's Gull,Smew,Caspian Gull,Violet-green Swallow,Black-headed Gull
val/03259_Animalia_Chordata_Aves_Anseriformes_Anatidae_Mergellus_albellus/3cb90472-f807-47e7-94f6-7d081b39e633.jpg,151,160,0,160,151,161,180,206,0.490966796875,0.0833740234375,0.06805419921875,0.01425933837890625,0.01128387451171875,1,2,Smew,Hartlaub's Gull,Smew,Black-headed Gull,Violet-green Swallow,Masked Water-Tyrant
val/03260_Animalia_Chordata_Aves_Anseriformes_Anatidae_Mergus_merganser/dd7a7937-f65a-428b-92df-5311d0e6db7a.jpg,152,230,0,230,152,148,234,151,0.28466796875,0.271728515625,0.09765625,0.0290985107421875,0.0224761962890625,1,2,Common Merganser,American Beaver,Common Merganser,Yellow-billed Pintail,Common Caiman,Smew
val/03260_Animalia_Chordata_Aves_Anseriformes_Anatidae_Mergus_merganser/5d818563-1a2e-4ddb-bbb3-b06f7c162415.jpg,152,212,0,212,162,152,163,151,0.72021484375,0.08843994140625,0.031280517578125,0.023712158203125,0.0116424560546875,1,3,Common Merganser,Dalmatian Pelican,Caspian Gull,Common Merganser,Glaucous-winged Gull,Smew
val/03306_Animalia_Chordata_Aves_Caprimulgiformes_Trochilidae_Archilochus_alexandri/a9f91110-8fce-4bce-81cd-627a679305cc.jpg,153,154,0,154,153,179,81,360,0.5,0.2269287109375,0.004726409912109375,0.0029468536376953125,0.0027370452880859375,1,2,Black-chinned Hummingbird,Green-crowned Brilliant,Black-chinned Hummingbird,Southern Rough-winged Swallow,Small Mossy Lithacodia,ragged-Robin
val/03306_Animalia_Chordata_Aves_Caprimulgiformes_Trochilidae_Archilochus_alexandri/e50deb16-0973-4d3b-a60a-e13c0293ce55.jpg,153,154,0,154,153,189,216,177,0.64453125,0.134033203125,0.0032138824462890625,0.0027484893798828125,0.002582550048828125,1,2,Black-chinned Hummingbird,Green-crowned Brilliant,Black-chinned Hummingbird,Hooded Warbler,Pelagic Cormorant,Barn Swallow
val/03306_Animalia_Chordata_Aves_Caprimulgiformes_Trochilidae_Archilochus_alexandri/8f21e4e3-352b-4a60-8b24-d4c3e0cc7731.jpg,153,415,0,415,421,416,427,153,0.19580078125,0.0596923828125,0.042327880859375,0.0419921875,0.024505615234375,1,5,Black-chinned Hummingbird,Marsh Woundwort,Red Odontites,woolly blue curls,Butterfly bush,Black-chinned Hummingbird
val/03306_Animalia_Chordata_Aves_Caprimulgiformes_Trochilidae_Archilochus_alexandri/01a18826-7382-4292-a950-a0ad1e661a1e.jpg,153,182,0,182,191,153,257,180,0.222412109375,0.038330078125,0.034637451171875,0.0289459228515625,0.0282745361328125,1,3,Black-chinned Hummingbird,Common Grackle,American Redstart,Black-chinned Hummingbird,Decollate Snail,Violet-green Swallow
val/03321_Animalia_Chordata_Aves_Caprimulgiformes_Trochilidae_Heliodoxa_jacula/05fdd097-aa0f-406c-9bce-d9ea61b705d1.jpg,154,153,0,153,154,362,162,230,0.8154296875,0.0675048828125,0.002124786376953125,0.0021152496337890625,0.0018529891967773438,1,2,Green-crowned Brilliant,Black-chinned Hummingbird,Green-crowned Brilliant,Small-leaved Blinks,Caspian Gull,American Beaver
val/03358_Animalia_Chordata_Aves_Charadriiformes_Charadriidae_Charadrius_obscurus/2c1b85a4-694d-466d-9831-ffeccffa7094.jpg,155,195,0,195,155,191,185,41,0.8662109375,0.01959228515625,0.00977325439453125,0.00597381591796875,0.0034580230712890625,1,2,Red-breasted Dotterel,Eastern Towhee,Red-breasted Dotterel,American Redstart,Familiar Chat,Common Thread-waisted Wasp
val/03358_Animalia_Chordata_Aves_Charadriiformes_Charadriidae_Charadrius_obscurus/3f5d16a4-cc42-4b82-9340-42e1d98975ba.jpg,155,156,0,156,155,157,159,165,0.439208984375,0.305419921875,0.041839599609375,0.01316070556640625,0.0052947998046875,1,2,Red-breasted Dotterel,Wilson's Plover,Red-breasted Dotterel,American Golden-Plover,American Oystercatcher,Wood Sandpiper
val/03358_Animalia_Chordata_Aves_Charadriiformes_Charadriidae_Charadrius_obscurus/39de7c13-0a26-4fe2-ba9c-87096f8ff191.jpg,155,176,0,176,155,185,232,184,0.478759765625,0.09356689453125,0.044525146484375,0.0137939453125,0.01171112060546875,1,2,Red-breasted Dotterel,Red Crossbill,Red-breasted Dotterel,Familiar Chat,Woodchuck,Meadow Pipit
val/03358_Animalia_Chordata_Aves_Charadriiformes_Charadriidae_Charadrius_obscurus/6833b1b8-2ee3-4c85-89d7-c108ad3be06b.jpg,155,156,0,156,206,155,161,180,0.339111328125,0.158935546875,0.11181640625,0.0540771484375,0.040496826171875,1,3,Red-breasted Dotterel,Wilson's Plover,Masked Water-Tyrant,Red-breasted Dotterel,Black-headed Gull,Violet-green Swallow
val/03364_Animalia_Chordata_Aves_Charadriiformes_Charadriidae_Charadrius_wilsonia/8a596c65-2a7a-4e54-a333-08db055843e6.jpg,156,155,0,155,156,160,161,162,0.95654296875,0.0183563232421875,0.00142669677734375,0.001361846923828125,0.001155853271484375,1,2,Wilson's Plover,Red-breasted Dotterel,Wilson's Plover,Hartlaub's Gull,Black-headed Gull,Caspian Gull
val/03364_Animalia_Chordata_Aves_Charadriiformes_Charadriidae_Charadrius_wilsonia/8987a474-82d5-407e-ba86-7e71b6c0b28d.jpg,156,155,0,155,161,156,160,159,0.380126953125,0.15478515625,0.11865234375,0.0247802734375,0.0218658447265625,1,3,Wilson's Plover,Red-breasted Dotterel,Black-headed Gull,Wilson's Plover,Hartlaub's Gull,American Oystercatcher
val/03364_Animalia_Chordata_Aves_Charadriiformes_Charadriidae_Charadrius_wilsonia/15c22595-a199-4fa2-b9de-06ffbe7b21ea.jpg,156,175,0,175,156,157,155,158,0.2939453125,0.1973876953125,0.0726318359375,0.03485107421875,0.01751708984375,1,2,Wilson's Plover,Double-barred Finch,Wilson's Plover,American Golden-Plover,Red-breasted Dotterel,Crowned Lapwing
val/03367_Animalia_Chordata_Aves_Charadriiformes_Charadriidae_Pluvialis_dominica/b70477fa-7342-41df-bde1-d00dfe77b369.jpg,157,165,0,165,157,155,156,184,0.25,0.171142578125,0.141845703125,0.1402587890625,0.01081085205078125,1,2,American Golden-Plover,Wood Sandpiper,American Golden-Plover,Red-breasted Dotterel,Wilson's Plover,Meadow Pipit
val/03372_Animalia_Chordata_Aves_Charadriiformes_Charadriidae_Vanellus_coronatus/6635eead-c7f3-4716-b2a6-2f2de73506d4.jpg,158,151,0,151,161,177,158,162,0.07012939453125,0.06793212890625,0.044219970703125,0.04119873046875,0.039642333984375,1,4,Crowned Lapwing,Smew,Black-headed Gull,Barn Swallow,Crowned Lapwing,Caspian Gull
val/03372_Animalia_Chordata_Aves_Charadriiformes_Charadriidae_Vanellus_coronatus/40feb23b-ce48-49f2-a642-3b48076c6fd0.jpg,158,156,0,156,158,155,165,185,0.56005859375,0.12158203125,0.046875,0.0343017578125,0.0183563232421875,1,2,Crowned Lapwing,Wilson's Plover,Crowned Lapwing,Red-breasted Dotterel,Wood Sandpiper,Familiar Chat
val/03385_Animalia_Chordata_Aves_Charadriiformes_Haematopodidae_Haematopus_palliatus/06a2ddd6-0957-4be9-8a43-35e01638c157.jpg,159,165,0,165,159,164,157,158,0.1832275390625,0.17626953125,0.0726318359375,0.054168701171875,0.0174560546875,1,2,American Oystercatcher,Wood Sandpiper,American Oystercatcher,Far Eastern Curlew,American Golden-Plover,Crowned Lapwing
val/03398_Animalia_Chordata_Aves_Charadriiformes_Laridae_Chroicocephalus_hartlaubii/71bfecc9-fa2f-491e-b68c-6415d69d72d4.jpg,160,161,0,161,163,162,160,217,0.285400390625,0.197265625,0.134033203125,0.09539794921875,0.007770538330078125,1,4,Hartlaub's Gull,Black-headed Gull,Glaucous-winged Gull,Caspian Gull,Hartlaub's Gull,Brandt's Cormorant
val/03398_Animalia_Chordata_Aves_Charadriiformes_Laridae_Chroicocephalus_hartlaubii/77e875d7-dd12-4e4a-9433-32bea2116984.jpg,160,161,0,161,160,163,156,159,0.2149658203125,0.1263427734375,0.1141357421875,0.0875244140625,0.038543701171875,1,2,Hartlaub's Gull,Black-headed Gull,Hartlaub's Gull,Glaucous-winged Gull,Wilson's Plover,American Oystercatcher
val/03398_Animalia_Chordata_Aves_Charadriiformes_Laridae_Chroicocephalus_hartlaubii/76a53627-e739-4dee-a246-9eb2a4944182.jpg,160,162,0,162,160,163,155,156,0.38330078125,0.276123046875,0.08160400390625,0.01070404052734375,0.00568389892578125,1,2,Hartlaub's Gull,Caspian Gull,Hartlaub's Gull,Glaucous-winged Gull,Red-breasted Dotterel,Wilson's Plover
val/03402_Animalia_Chordata_Aves_Charadriiformes_Laridae_Chroicocephalus_ridibundus/b3530d17-727e-4764-95b1-ad381c33c92b.jpg,161,162,0,162,156,157,155,161,0.359619140625,0.189453125,0.07080078125,0.053436279296875,0.018463134765625,1,5,Black-headed Gull,Caspian Gull,Wilson's Plover,American Golden-Plover,Red-breasted Dotterel,Black-headed Gull
val/03402_Animalia_Chordata_Aves_Charadriiformes_Laridae_Chroicocephalus_ridibundus/185f5d68-7b6e-4f76-9f76-1e975891079d.jpg,161,160,0,160,162,161,163,149,0.68603515625,0.06292724609375,0.054229736328125,0.0177459716796875,0.00385284423828125,1,3,Black-headed Gull,Hartlaub's Gull,Caspian Gull,Black-headed Gull,Glaucous-winged Gull,Mute Swan
val/03402_Animalia_Chordata_Aves_Charadriiformes_Laridae_Chroicocephalus_ridibundus/5393aed5-9960-4106-8604-af7f658cbd97.jpg,161,160,0,160,161,163,149,272,0.471435546875,0.264404296875,0.0301361083984375,0.00836944580078125,0.004276275634765625,1,2,Black-headed Gull,Hartlaub's Gull,Black-headed Gull,Glaucous-winged Gull,Mute Swan,Hoof Fungus
val/03402_Animalia_Chordata_Aves_Charadriiformes_Laridae_Chroicocephalus_ridibundus/bcbae826-c16d-4097-b7b0-3d192f957fa9.jpg,161,160,0,160,161,163,149,252,0.426513671875,0.38232421875,0.0435791015625,0.007335662841796875,0.00473785400390625,1,2,Black-headed Gull,Hartlaub's Gull,Black-headed Gull,Glaucous-winged Gull,Mute Swan,Common Whelk
val/03410_Animalia_Chordata_Aves_Charadriiformes_Laridae_Larus_cachinnans/864f6702-d597-404a-ad8e-d02a56445c61.jpg,162,180,0,180,178,146,162,161,0.1929931640625,0.09857177734375,0.0963134765625,0.08111572265625,0.0447998046875,1,4,Caspian Gull,Violet-green Swallow,Bank Swallow,Imperial Eagle,Caspian Gull,Black-headed Gull
val/03410_Animalia_Chordata_Aves_Charadriiformes_Laridae_Larus_cachinnans/f6a99847-7b4c-4104-846e-ae4aaa4f58bd.jpg,162,160,0,160,162,161,163,124,0.43408203125,0.23974609375,0.15087890625,0.01024627685546875,0.002368927001953125,1,2,Caspian Gull,Hartlaub's Gull,Caspian Gull,Black-headed Gull,Glaucous-winged Gull,Obscure Bird Grasshopper
val/03410_Animalia_Chordata_Aves_Charadriiformes_Laridae_Larus_cachinnans/70205756-33aa-4d86-b3a8-d36b7b411b22.jpg,162,161,0,161,160,162,163,149,0.5224609375,0.414794921875,0.0148773193359375,0.0083465576171875,0.005558013916015625,1,3,Caspian Gull,Black-headed Gull,Hartlaub's Gull,Caspian Gull,Glaucous-winged Gull,Mute Swan
val/03410_Animalia_Chordata_Aves_Charadriiformes_Laridae_Larus_cachinnans/5a1ae2a6-0a47-45f9-af20-4f71154636d9.jpg,162,157,0,157,162,166,160,163,0.333740234375,0.10260009765625,0.052398681640625,0.0389404296875,0.0335693359375,1,2,Caspian Gull,American Golden-Plover,Caspian Gull,Red-billed Pigeon,Hartlaub's Gull,Glaucous-winged Gull
val/03410_Animalia_Chordata_Aves_Charadriiformes_Laridae_Larus_cachinnans/73958a98-bd2a-44ae-a180-d7c9ae93358e.jpg,162,206,0,206,162,160,149,163,0.08697509765625,0.0863037109375,0.056610107421875,0.0491943359375,0.035980224609375,1,2,Caspian Gull,Masked Water-Tyrant,Caspian Gull,Hartlaub's Gull,Mute Swan,Glaucous-winged Gull
val/03410_Animalia_Chordata_Aves_Charadriiformes_Laridae_Larus_cachinnans/a5ee8eec-0d50-4e38-a375-278bd577e0f7.jpg,162,163,0,163,161,162,160,155,0.65380859375,0.11187744140625,0.03131103515625,0.0168914794921875,0.00548553466796875,1,3,Caspian Gull,Glaucous-winged Gull,Black-headed Gull,Caspian Gull,Hartlaub's Gull,Red-breasted Dotterel
val/03417_Animalia_Chordata_Aves_Charadriiformes_Laridae_Larus_glaucescens/3bc85f43-97ec-4eb5-b12f-299221e1f68f.jpg,163,160,0,160,162,163,212,161,0.307373046875,0.248779296875,0.152099609375,0.0193328857421875,0.0150604248046875,1,3,Glaucous-winged Gull,Hartlaub's Gull,Caspian Gull,Glaucous-winged Gull,Dalmatian Pelican,Black-headed Gull
val/03417_Animalia_Chordata_Aves_Charadriiformes_Laridae_Larus_glaucescens/493609a5-e3f2-4606-8257-2cf5b47c5460.jpg,163,160,0,160,161,163,162,149,0.27392578125,0.24267578125,0.1949462890625,0.02587890625,0.004444122314453125,1,3,Glaucous-winged Gull,Hartlaub's Gull,Black-headed Gull,Glaucous-winged Gull,Caspian Gull,Mute Swan
val/03417_Animalia_Chordata_Aves_Charadriiformes_Laridae_Larus_glaucescens/e2510e0f-8f2e-4e2e-b450-cc81cda436ed.jpg,163,162,0,162,211,163,216,270,0.420654296875,0.0416259765625,0.036163330078125,0.028167724609375,0.021270751953125,1,3,Glaucous-winged Gull,Caspian Gull,Black-crowned Night Heron,Glaucous-winged Gull,Pelagic Cormorant,Scaly Chanterelle
val/03417_Animalia_Chordata_Aves_Charadriiformes_Laridae_Larus_glaucescens/28d6fe07-ce13-49c8-86ac-95aad9d155d4.jpg,163,162,0,162,163,161,160,216,0.389892578125,0.1805419921875,0.043731689453125,0.0160980224609375,0.00742340087890625,1,2,Glaucous-winged Gull,Caspian Gull,Glaucous-winged Gull,Black-headed Gull,Hartlaub's Gull,Pelagic Cormorant
val/03481_Animalia_Chordata_Aves_Charadriiformes_Scolopacidae_Numenius_madagascariensis/f2cea325-baa3-44bf-ada0-1014eed69a12.jpg,164,148,0,148,164,157,216,151,0.365966796875,0.1011962890625,0.08453369140625,0.041534423828125,0.0261993408203125,1,2,Far Eastern Curlew,Yellow-billed Pintail,Far Eastern Curlew,American Golden-Plover,Pelagic Cormorant,Smew
val/03481_Animalia_Chordata_Aves_Charadriiformes_Scolopacidae_Numenius_madagascariensis/b5b57dde-8ba2-4be9-a493-f7b58a112e15.jpg,164,157,0,157,164,148,162,185,0.2705078125,0.2314453125,0.0528564453125,0.04052734375,0.0109100341796875,1,2,Far Eastern Curlew,American Golden-Plover,Far Eastern Curlew,Yellow-billed Pintail,Caspian Gull,Familiar Chat
val/03490_Animalia_Chordata_Aves_Charadriiformes_Scolopacidae_Tringa_glareola/a3472ea4-46a5-4f0e-93a0-5b1340401afc.jpg,165,164,0,164,165,211,157,171,0.341552734375,0.0767822265625,0.071044921875,0.028472900390625,0.0211639404296875,1,2,Wood Sandpiper,Far Eastern Curlew,Wood Sandpiper,Black-crowned Night Heron,American Golden-Plover,Brown Creeper
val/03490_Animalia_Chordata_Aves_Charadriiformes_Scolopacidae_Tringa_glareola/5d956527-62f8-4aca-a0d6-620b69567abc.jpg,165,159,0,159,165,156,155,157,0.21044921875,0.208740234375,0.1607666015625,0.0738525390625,0.037139892578125,1,2,Wood Sandpiper,American Oystercatcher,Wood Sandpiper,Wilson's Plover,Red-breasted Dotterel,American Golden-Plover
val/03490_Animalia_Chordata_Aves_Charadriiformes_Scolopacidae_Tringa_glareola/c2b5ba74-ee11-4348-823a-de1183dbab48.jpg,165,157,0,157,156,165,162,151,0.8935546875,0.01183319091796875,0.00984954833984375,0.003391265869140625,0.0029697418212890625,1,3,Wood Sandpiper,American Golden-Plover,Wilson's Plover,Wood Sandpiper,Caspian Gull,Smew
val/03529_Animalia_Chordata_Aves_Columbiformes_Columbidae_Patagioenas_flavirostris/f7b2dbd4-4aad-4e99-a566-f9f6b6d685ad.jpg,166,176,0,176,166,181,68,195,0.3828125,0.088134765625,0.035614013671875,0.028167724609375,0.01763916015625,1,2,Red-billed Pigeon,Red Crossbill,Red-billed Pigeon,Tricolored Blackbird,Umber Skipper,Eastern Towhee
val/03529_Animalia_Chordata_Aves_Columbiformes_Columbidae_Patagioenas_flavirostris/a50e43f3-2c4e-42a3-b72f-ca63be54e217.jpg,166,195,0,195,173,183,207,166,0.464599609375,0.043914794921875,0.041229248046875,0.036407470703125,0.0352783203125,1,5,Red-billed Pigeon,Eastern Towhee,Brown Jay,White-plumed Honeyeater,Ash-throated Flycatcher,Red-billed Pigeon
val/03715_Animalia_Chordata_Aves_Passeriformes_Cardinalidae_Passerina_ciris/2066703b-c0a1-40aa-abaa-67f106c91bef.jpg,169,208,0,208,169,209,189,183,0.3857421875,0.1961669921875,0.1865234375,0.0124969482421875,0.00806427001953125,1,2,Painted Bunting,Warbling White-eye,Painted Bunting,Indian White-eye,Hooded Warbler,White-plumed Honeyeater
val/03719_Animalia_Chordata_Aves_Passeriformes_Cardinalidae_Pheucticus_chrysopeplus/604f9604-6092-4bbb-b140-8de8f0aa6176.jpg,170,183,0,183,170,176,208,209,0.420654296875,0.11773681640625,0.061065673828125,0.058746337890625,0.01708984375,1,2,Yellow Grosbeak,White-plumed Honeyeater,Yellow Grosbeak,Red Crossbill,Warbling White-eye,Indian White-eye
val/03719_Animalia_Chordata_Aves_Passeriformes_Cardinalidae_Pheucticus_chrysopeplus/9b2ba9f6-8237-431a-8984-3f4c03b8398b.jpg,170,176,0,176,170,190,209,166,0.233642578125,0.1556396484375,0.032135009765625,0.0177459716796875,0.015899658203125,1,2,Yellow Grosbeak,Red Crossbill,Yellow Grosbeak,Yellow-throated Warbler,Indian White-eye,Red-billed Pigeon
val/03728_Animalia_Chordata_Aves_Passeriformes_Certhiidae_Certhia_americana/6eba52c1-8a88-4869-809f-bf0a1ab56991.jpg,171,211,0,211,147,171,216,228,0.2435302734375,0.07666015625,0.0714111328125,0.050262451171875,0.0281982421875,1,3,Brown Creeper,Black-crowned Night Heron,European Honey-buzzard,Brown Creeper,Pelagic Cormorant,Sunda Flying Lemur
val/03728_Animalia_Chordata_Aves_Passeriformes_Certhiidae_Certhia_americana/030f6f1c-ff8f-423f-9999-e41bd72154f6.jpg,171,398,0,398,171,7,445,402,0.32666015625,0.086181640625,0.084228515625,0.0604248046875,0.050872802734375,1,2,Brown Creeper,black locust,Brown Creeper,Emerald Ash Borer,Cherry Tree,swamp chestnut oak
val/03728_Animalia_Chordata_Aves_Passeriformes_Certhiidae_Certhia_americana/f174c682-0919-4c03-8c85-dc036d80fb7d.jpg,171,488,0,488,171,225,7,247,0.154052734375,0.09942626953125,0.07049560546875,0.037750244140625,0.03033447265625,1,2,Brown Creeper,baldcypress,Brown Creeper,Canada Lynx,Emerald Ash Borer,Western Rattlesnake
val/03759_Animalia_Chordata_Aves_Passeriformes_Corvidae_Corvus_ossifragus/673bbd52-13e3-41ea-8e85-63fa0e91690d.jpg,172,203,0,203,193,207,172,166,0.292236328125,0.23486328125,0.0877685546875,0.06939697265625,0.036590576171875,1,4,Fish Crow,Olive-sided Flycatcher,Lark Bunting,Ash-throated Flycatcher,Fish Crow,Red-billed Pigeon
val/03777_Animalia_Chordata_Aves_Passeriformes_Corvidae_Psilorhinus_morio/bd32c6b4-0512-443d-93c3-d4b98fbe2948.jpg,173,203,0,203,201,188,173,412,0.53466796875,0.1036376953125,0.0341796875,0.019775390625,0.01446533203125,1,4,Brown Jay,Olive-sided Flycatcher,Grayish Saltator,Cerulean Warbler,Brown Jay,spotted horse mint
val/03777_Animalia_Chordata_Aves_Passeriformes_Corvidae_Psilorhinus_morio/5dcad0e2-a06b-4252-bab7-20b9f0a916f5.jpg,173,210,0,210,172,214,195,173,0.1923828125,0.06756591796875,0.03558349609375,0.034759521484375,0.0258331298828125,1,5,Brown Jay,Boat-billed Heron,Fish Crow,Downy Woodpecker,Eastern Towhee,Brown Jay
val/03777_Animalia_Chordata_Aves_Passeriformes_Corvidae_Psilorhinus_morio/2f098ac6-3cba-46a6-bc62-e477a85ee3c1.jpg,173,185,0,185,195,193,173,158,0.2010498046875,0.0308380126953125,0.0247802734375,0.01959228515625,0.0175628662109375,1,4,Brown Jay,Familiar Chat,Eastern Towhee,Lark Bunting,Brown Jay,Crowned Lapwing
val/03828_Animalia_Chordata_Aves_Passeriformes_Fringillidae_Loxia_curvirostra/495ea09c-4cd8-4b42-b0ff-d41b9cafe80d.jpg,176,183,0,183,198,207,176,170,0.1650390625,0.1368408203125,0.1265869140625,0.1016845703125,0.0286865234375,1,4,Red Crossbill,White-plumed Honeyeater,Common Firecrest,Ash-throated Flycatcher,Red Crossbill,Yellow Grosbeak
val/03849_Animalia_Chordata_Aves_Passeriformes_Hirundinidae_Hirundo_rustica/806c8952-140b-4031-b417-e00a2bc62ad3.jpg,177,169,0,169,177,195,176,191,0.10284423828125,0.05633544921875,0.043212890625,0.035552978515625,0.02789306640625,1,2,Barn Swallow,Painted Bunting,Barn Swallow,Eastern Towhee,Red Crossbill,American Redstart
val/03849_Animalia_Chordata_Aves_Passeriformes_Hirundinidae_Hirundo_rustica/10e1ade6-ee1b-4852-a5a4-9bb3acfe6b3b.jpg,177,162,0,162,161,160,212,177,0.1998291015625,0.11297607421875,0.0943603515625,0.04974365234375,0.049346923828125,1,5,Barn Swallow,Caspian Gull,Black-headed Gull,Hartlaub's Gull,Dalmatian Pelican,Barn Swallow
val/03849_Animalia_Chordata_Aves_Passeriformes_Hirundinidae_Hirundo_rustica/0fcee27f-e76d-4de9-999c-72cfdb1ec5c2.jpg,177,173,0,173,195,177,179,180,0.1788330078125,0.16796875,0.072265625,0.053680419921875,0.0200653076171875,1,3,Barn Swallow,Brown Jay,Eastern Towhee,Barn Swallow,Southern Rough-winged Swallow,Violet-green Swallow
val/03849_Animalia_Chordata_Aves_Passeriformes_Hirundinidae_Hirundo_rustica/142b44aa-1d95-4979-ad96-d6d6123ad529.jpg,177,195,0,195,201,173,218,177,0.12249755859375,0.10980224609375,0.1015625,0.061614990234375,0.061614990234375,1,5,Barn Swallow,Eastern Towhee,Grayish Saltator,Brown Jay,Black-throated Trogon,Barn Swallow
val/03849_Animalia_Chordata_Aves_Passeriformes_Hirundinidae_Hirundo_rustica/389222df-cf8a-487a-906f-2a510690ae65.jpg,177,180,0,180,173,177,161,179,0.14306640625,0.09527587890625,0.04571533203125,0.040985107421875,0.035064697265625,1,3,Barn Swallow,Violet-green Swallow,Brown Jay,Barn Swallow,Black-headed Gull,Southern Rough-winged Swallow
val/03859_Animalia_Chordata_Aves_Passeriformes_Hirundinidae_Riparia_riparia/d7668870-46c0-4117-a8a7-94b8ee24759b.jpg,178,179,0,179,178,155,180,153,0.170654296875,0.10028076171875,0.038665771484375,0.0330810546875,0.029876708984375,1,2,Bank Swallow,Southern Rough-winged Swallow,Bank Swallow,Red-breasted Dotterel,Violet-green Swallow,Black-chinned Hummingbird
val/03860_Animalia_Chordata_Aves_Passeriformes_Hirundinidae_Stelgidopteryx_ruficollis/4abe90da-510c-4ba7-bf38-03c8af8888a1.jpg,179,203,0,203,177,153,204,179,0.294921875,0.1494140625,0.1119384765625,0.06378173828125,0.04315185546875,1,5,Southern Rough-winged Swallow,Olive-sided Flycatcher,Barn Swallow,Black-chinned Hummingbird,Western Wood-Pewee,Southern Rough-winged Swallow
val/03860_Animalia_Chordata_Aves_Passeriformes_Hirundinidae_Stelgidopteryx_ruficollis/7683f035-d48c-4c2a-853b-fd5c86c58671.jpg,179,204,0,204,179,203,207,193,0.359619140625,0.18359375,0.025238037109375,0.02044677734375,0.0170745849609375,1,2,Southern Rough-winged Swallow,Western Wood-Pewee,Southern Rough-winged Swallow,Olive-sided Flycatcher,Ash-throated Flycatcher,Lark Bunting
val/03865_Animalia_Chordata_Aves_Passeriformes_Hirundinidae_Tachycineta_thalassina/f1020dd5-058a-465a-ac46-77e053962456.jpg,180,83,0,83,180,178,198,257,0.0650634765625,0.050689697265625,0.048370361328125,0.045440673828125,0.03826904296875,1,2,Violet-green Swallow,Half-yellow Moth,Violet-green Swallow,Bank Swallow,Common Firecrest,Decollate Snail
val/03865_Animalia_Chordata_Aves_Passeriformes_Hirundinidae_Tachycineta_thalassina/e36b2051-6451-46ca-b4e0-fb9703e61c26.jpg,180,178,0,178,180,177,147,146,0.50732421875,0.31494140625,0.06500244140625,0.0124053955078125,0.006435394287109375,1,2,Violet-green Swallow,Bank Swallow,Violet-green Swallow,Barn Swallow,European Honey-buzzard,Imperial Eagle
val/03901_Animalia_Chordata_Aves_Passeriformes_Icteridae_Quiscalus_quiscula/0f605389-bb0c-40f9-bfca-823314858a6f.jpg,182,172,0,172,181,182,284,173,0.26416015625,0.17333984375,0.10760498046875,0.032318115234375,0.0305938720703125,1,3,Common Grackle,Fish Crow,Tricolored Blackbird,Common Grackle,asparagus,Brown Jay
val/03938_Animalia_Chordata_Aves_Passeriformes_Meliphagidae_Ptilotula_penicillata/cbc77e00-aea1-4785-b5a1-693077f260fd.jpg,183,209,0,209,183,208,179,170,0.37548828125,0.1397705078125,0.059417724609375,0.03778076171875,0.024017333984375,1,2,White-plumed Honeyeater,Indian White-eye,White-plumed Honeyeater,Warbling White-eye,Southern Rough-winged Swallow,Yellow Grosbeak
val/03961_Animalia_Chordata_Aves_Passeriformes_Motacillidae_Anthus_pratensis/94713fd4-94bd-4232-b6ba-9a54d38f5734.jpg,184,194,0,194,184,207,157,312,0.26611328125,0.09124755859375,0.0411376953125,0.0234375,0.02069091796875,1,2,Meadow Pipit,Henslow's Sparrow,Meadow Pipit,Ash-throated Flycatcher,American Golden-Plover,Broad-leaved Chervil
val/03990_Animalia_Chordata_Aves_Passeriformes_Muscicapidae_Oenanthe_familiaris/d6831f0a-1f8c-4912-9fd4-aa3bcf32cdda.jpg,185,207,0,207,185,179,195,193,0.403564453125,0.0849609375,0.02801513671875,0.023590087890625,0.01971435546875,1,2,Familiar Chat,Ash-throated Flycatcher,Familiar Chat,Southern Rough-winged Swallow,Eastern Towhee,Lark Bunting
val/04040_Animalia_Chordata_Aves_Passeriformes_Paridae_Poecile_hudsonicus/c727e5ab-97a7-4536-a501-d7451513a4df.jpg,186,489,0,489,284,186,175,204,0.2198486328125,0.102294921875,0.040679931640625,0.0400390625,0.033721923828125,1,3,Boreal Chickadee,Montezuma cypress,asparagus,Boreal Chickadee,Double-barred Finch,Western Wood-Pewee
val/04040_Animalia_Chordata_Aves_Passeriformes_Paridae_Poecile_hudsonicus/86bf6491-56d8-48fa-8466-9667361c27fd.jpg,186,187,0,187,186,195,199,176,0.458984375,0.331298828125,0.014556884765625,0.00943756103515625,0.002681732177734375,1,2,Boreal Chickadee,Chestnut-backed Chickadee,Boreal Chickadee,Eastern Towhee,Brown-headed Nuthatch,Red Crossbill
val/04040_Animalia_Chordata_Aves_Passeriformes_Paridae_Poecile_hudsonicus/fbf58903-cd01-492d-82cb-833c2a904d0e.jpg,186,187,0,187,186,199,195,197,0.716796875,0.10284423828125,0.01354217529296875,0.006397247314453125,0.006103515625,1,2,Boreal Chickadee,Chestnut-backed Chickadee,Boreal Chickadee,Brown-headed Nuthatch,Eastern Towhee,Tomtit
val/04040_Animalia_Chordata_Aves_Passeriformes_Paridae_Poecile_hudsonicus/738f66a1-76ba-4ebf-99d2-548e7d3f588c.jpg,186,207,0,207,231,186,195,348,0.358154296875,0.1328125,0.08843994140625,0.035186767578125,0.028045654296875,1,3,Boreal Chickadee,Ash-throated Flycatcher,Bank Vole,Boreal Chickadee,Eastern Towhee,hairy bittercress
val/04043_Animalia_Chordata_Aves_Passeriformes_Paridae_Poecile_rufescens/dc6b367f-b25c-4a78-a77a-9343fe152564.jpg,187,233,0,233,166,215,186,187,0.350830078125,0.11932373046875,0.04425048828125,0.0254058837890625,0.0227813720703125,1,5,Chestnut-backed Chickadee,Red-bellied Squirrel,Red-billed Pigeon,Eastern Screech-Owl,Boreal Chickadee,Chestnut-backed Chickadee
val/04043_Animalia_Chordata_Aves_Passeriformes_Paridae_Poecile_rufescens/516cd1ff-7edd-4fa1-9047-9aa64fd86325.jpg,187,195,0,195,207,187,191,202,0.331298828125,0.1492919921875,0.07000732421875,0.0086212158203125,0.0084228515625,1,3,Chestnut-backed Chickadee,Eastern Towhee,Ash-throated Flycatcher,Chestnut-backed Chickadee,American Redstart,Blue-gray Tanager
val/04068_Animalia_Chordata_Aves_Passeriformes_Parulidae_Setophaga_cerulea/64624763-f91e-4325-87a2-16a6150e4cd4.jpg,188,465,0,465,405,26,351,188,0.2315673828125,0.0643310546875,0.041534423828125,0.031341552734375,0.0280914306640625,1,5,Cerulean Warbler,Blackthorn,Coast silk tassel,Western Leaf-footed Bug,Mountain Horopito,Cerulean Warbler
val/04068_Animalia_Chordata_Aves_Passeriformes_Parulidae_Setophaga_cerulea/442ca5e7-6dfa-455f-9d2e-486b8b1c8967.jpg,188,205,0,205,188,200,187,204,0.2261962890625,0.1268310546875,0.07232666015625,0.07232666015625,0.0711669921875,1,2,Cerulean Warbler,Hammond's Flycatcher,Cerulean Warbler,Wrentit,Chestnut-backed Chickadee,Western Wood-Pewee
val/04073_Animalia_Chordata_Aves_Passeriformes_Parulidae_Setophaga_dominica/58a6c740-01c7-4781-b0c2-2e1ee0f80fa3.jpg,190,192,0,192,189,209,190,191,0.1925048828125,0.179443359375,0.052215576171875,0.041961669921875,0.03912353515625,1,4,Yellow-throated Warbler,Golden-winged Warbler,Hooded Warbler,Indian White-eye,Yellow-throated Warbler,American Redstart
val/04084_Animalia_Chordata_Aves_Passeriformes_Parulidae_Setophaga_ruticilla/cf741cf4-2f7f-4725-b3e9-da0d64de10de.jpg,191,198,0,198,192,191,209,208,0.81396484375,0.06890869140625,0.0213623046875,0.014007568359375,0.0076141357421875,1,3,American Redstart,Common Firecrest,Golden-winged Warbler,American Redstart,Indian White-eye,Warbling White-eye
val/04084_Animalia_Chordata_Aves_Passeriformes_Parulidae_Setophaga_ruticilla/2d452f87-e5aa-4d07-8724-002752f52fd1.jpg,191,33,0,33,191,177,102,451,0.43505859375,0.06646728515625,0.033416748046875,0.032135009765625,0.029266357421875,1,2,American Redstart,Ashy Mining Bee,American Redstart,Barn Swallow,Buck Moth,black cohosh
val/04084_Animalia_Chordata_Aves_Passeriformes_Parulidae_Setophaga_ruticilla/8c54afb2-4a5a-4280-9059-0ba0d37297f5.jpg,191,199,0,199,192,489,395,191,0.0985107421875,0.0732421875,0.061676025390625,0.05792236328125,0.05615234375,1,5,American Redstart,Brown-headed Nuthatch,Golden-winged Warbler,Montezuma cypress,Scotch Broom,American Redstart
val/04089_Animalia_Chordata_Aves_Passeriformes_Parulidae_Vermivora_chrysoptera/81074053-a83b-4914-926b-140c5d3c6019.jpg,192,191,0,191,188,208,218,192,0.348388671875,0.1475830078125,0.0665283203125,0.05731201171875,0.034759521484375,1,5,Golden-winged Warbler,American Redstart,Cerulean Warbler,Warbling White-eye,Black-throated Trogon,Golden-winged Warbler
val/04089_Animalia_Chordata_Aves_Passeriformes_Parulidae_Vermivora_chrysoptera/c01bdc0e-68af-469a-85a3-aa6528ce8d3d.jpg,192,190,0,190,191,192,176,41,0.23291015625,0.064697265625,0.057098388671875,0.037017822265625,0.020843505859375,1,3,Golden-winged Warbler,Yellow-throated Warbler,American Redstart,Golden-winged Warbler,Red Crossbill,Common Thread-waisted Wasp
val/04099_Animalia_Chordata_Aves_Passeriformes_Passerellidae_Calamospiza_melanocorys/0145e7a7-a681-4187-b1e2-6ba48c4ac49f.jpg,193,203,0,203,193,204,178,180,0.45751953125,0.253662109375,0.1112060546875,0.012481689453125,0.01163482666015625,1,2,Lark Bunting,Olive-sided Flycatcher,Lark Bunting,Western Wood-Pewee,Bank Swallow,Violet-green Swallow
val/04099_Animalia_Chordata_Aves_Passeriformes_Passerellidae_Calamospiza_melanocorys/35bf7d86-31ec-4448-a32f-80548b84cc0a.jpg,193,166,0,166,157,193,176,185,0.156982421875,0.1021728515625,0.09234619140625,0.061492919921875,0.034759521484375,1,3,Lark Bunting,Red-billed Pigeon,American Golden-Plover,Lark Bunting,Red Crossbill,Familiar Chat
val/04100_Animalia_Chordata_Aves_Passeriformes_Passerellidae_Centronyx_henslowii/0cc4d9b5-3e98-4c2e-b314-ed1c63dbf108.jpg,194,184,0,184,194,193,176,240,0.44775390625,0.25927734375,0.027099609375,0.01331329345703125,0.00951385498046875,1,2,Henslow's Sparrow,Meadow Pipit,Henslow's Sparrow,Lark Bunting,Red Crossbill,Flat-headed Snake
val/04100_Animalia_Chordata_Aves_Passeriformes_Passerellidae_Centronyx_henslowii/a66dcf8d-a0d1-4df0-b34b-1466c4c88654.jpg,194,184,0,184,194,193,205,195,0.426025390625,0.358642578125,0.01306915283203125,0.00798797607421875,0.005619049072265625,1,2,Henslow's Sparrow,Meadow Pipit,Henslow's Sparrow,Lark Bunting,Hammond's Flycatcher,Eastern Towhee
val/04142_Animalia_Chordata_Aves_Passeriformes_Petroicidae_Petroica_macrocephala/a60f1b57-23e4-4fc5-a099-b9d812598cca.jpg,197,33,0,33,191,197,32,226,0.15771484375,0.136962890625,0.1002197265625,0.0282745361328125,0.0257415771484375,1,3,Tomtit,Ashy Mining Bee,American Redstart,Tomtit,Jagged Ambush Bug,Hooded Skunk
val/04178_Animalia_Chordata_Aves_Passeriformes_Regulidae_Regulus_ignicapilla/fdff4d28-5ad5-4279-98f9-bd0c153352af.jpg,198,191,0,191,198,200,204,32,0.09759521484375,0.06298828125,0.06201171875,0.0400390625,0.03070068359375,1,2,Common Firecrest,American Redstart,Common Firecrest,Wrentit,Western Wood-Pewee,Jagged Ambush Bug
val/04178_Animalia_Chordata_Aves_Passeriformes_Regulidae_Regulus_ignicapilla/ada11ee4-97bd-41de-9db2-43769043fa9b.jpg,198,170,0,170,198,169,189,208,0.1378173828125,0.0869140625,0.08160400390625,0.0709228515625,0.0606689453125,1,2,Common Firecrest,Yellow Grosbeak,Common Firecrest,Painted Bunting,Hooded Warbler,Warbling White-eye
val/04189_Animalia_Chordata_Aves_Passeriformes_Sittidae_Sitta_pusilla/f3454eff-ce20-4637-9114-d52fe3b0078c.jpg,199,186,0,186,200,199,187,205,0.42919921875,0.09429931640625,0.06793212890625,0.05206298828125,0.023651123046875,1,3,Brown-headed Nuthatch,Boreal Chickadee,Wrentit,Brown-headed Nuthatch,Chestnut-backed Chickadee,Hammond's Flycatcher
val/04189_Animalia_Chordata_Aves_Passeriformes_Sittidae_Sitta_pusilla/6fd88c57-439c-47c9-8392-2a6d33394cbf.jpg,199,198,0,198,205,186,201,199,0.296142578125,0.271728515625,0.0203094482421875,0.0155792236328125,0.01418304443359375,1,5,Brown-headed Nuthatch,Common Firecrest,Hammond's Flycatcher,Boreal Chickadee,Grayish Saltator,Brown-headed Nuthatch
val/04203_Animalia_Chordata_Aves_Passeriformes_Sylviidae_Chamaea_fasciata/fd622a27-0ce7-4fce-a903-7be8e9898642.jpg,200,207,0,207,201,202,200,195,0.1253662109375,0.11871337890625,0.0457763671875,0.0433349609375,0.03271484375,1,4,Wrentit,Ash-throated Flycatcher,Grayish Saltator,Blue-gray Tanager,Wrentit,Eastern Towhee
val/04203_Animalia_Chordata_Aves_Passeriformes_Sylviidae_Chamaea_fasciata/bc760127-2539-481f-a2f7-e4fc032ced7f.jpg,200,197,0,197,187,200,186,463,0.4365234375,0.0794677734375,0.069091796875,0.033935546875,0.0318603515625,1,3,Wrentit,Tomtit,Chestnut-backed Chickadee,Wrentit,Boreal Chickadee,desert almond
val/04228_Animalia_Chordata_Aves_Passeriformes_Thraupidae_Saltator_coerulescens/2b922a6e-ca86-4393-94f8-e242236eda9e.jpg,201,173,0,173,201,218,459,182,0.3623046875,0.16455078125,0.0226287841796875,0.0101165771484375,0.00788116455078125,1,2,Grayish Saltator,Brown Jay,Grayish Saltator,Black-throated Trogon,Korean mulberry,Common Grackle
val/04293_Animalia_Chordata_Aves_Passeriformes_Tyrannidae_Contopus_cooperi/a2c7bf6f-e064-4c3c-b46e-bb78800c9196.jpg,203,204,0,204,203,205,208,179,0.371337890625,0.332763671875,0.0167083740234375,0.006855010986328125,0.00653839111328125,1,2,Olive-sided Flycatcher,Western Wood-Pewee,Olive-sided Flycatcher,Hammond's Flycatcher,Warbling White-eye,Southern Rough-winged Swallow
val/04295_Animalia_Chordata_Aves_Passeriformes_Tyrannidae_Contopus_sordidulus/a858a46a-3fd7-41fe-b301-5baf7a289abb.jpg,204,203,0,203,204,208,205,207,0.1541748046875,0.07281494140625,0.05584716796875,0.039581298828125,0.02679443359375,1,2,Western Wood-Pewee,Olive-sided Flycatcher,Western Wood-Pewee,Warbling White-eye,Hammond's Flycatcher,Ash-throated Flycatcher
val/04295_Animalia_Chordata_Aves_Passeriformes_Tyrannidae_Contopus_sordidulus/217473c7-b2d7-43ce-a736-29ebf40f9212.jpg,204,203,0,203,207,204,173,183,0.2381591796875,0.218505859375,0.10003662109375,0.03485107421875,0.0192413330078125,1,3,Western Wood-Pewee,Olive-sided Flycatcher,Ash-throated Flycatcher,Western Wood-Pewee,Brown Jay,White-plumed Honeyeater
val/04295_Animalia_Chordata_Aves_Passeriformes_Tyrannidae_Contopus_sordidulus/78dbdeb3-93e4-443c-afb0-f52270222386.jpg,204,203,0,203,204,179,207,205,0.54833984375,0.2266845703125,0.080810546875,0.01020050048828125,0.007175445556640625,1,2,Western Wood-Pewee,Olive-sided Flycatcher,Western Wood-Pewee,Southern Rough-winged Swallow,Ash-throated Flycatcher,Hammond's Flycatcher
val/04302_Animalia_Chordata_Aves_Passeriformes_Tyrannidae_Empidonax_hammondii/81f4f9a4-23ab-4c35-b494-29a837aaede0.jpg,205,201,0,201,197,191,205,196,0.432861328125,0.1519775390625,0.12115478515625,0.04388427734375,0.0301666259765625,1,4,Hammond's Flycatcher,Grayish Saltator,Tomtit,American Redstart,Hammond's Flycatcher,Eastern Yellow Robin
val/04302_Animalia_Chordata_Aves_Passeriformes_Tyrannidae_Empidonax_hammondii/32009a29-b40f-4910-a842-f4e986877e7a.jpg,205,207,0,207,204,205,195,208,0.76171875,0.0252685546875,0.0160675048828125,0.01485443115234375,0.0101318359375,1,3,Hammond's Flycatcher,Ash-throated Flycatcher,Western Wood-Pewee,Hammond's Flycatcher,Eastern Towhee,Warbling White-eye
val/04302_Animalia_Chordata_Aves_Passeriformes_Tyrannidae_Empidonax_hammondii/dd9b0ad7-30ee-4fda-9551-fcd98fca42db.jpg,205,203,0,203,215,204,205,184,0.172119140625,0.10772705078125,0.10687255859375,0.0838623046875,0.055877685546875,1,4,Hammond's Flycatcher,Olive-sided Flycatcher,Eastern Screech-Owl,Western Wood-Pewee,Hammond's Flycatcher,Meadow Pipit
val/04313_Animalia_Chordata_Aves_Passeriformes_Tyrannidae_Myiarchus_cinerascens/90604353-64ad-4753-9a15-f43fb9723f4d.jpg,207,201,0,201,207,187,179,192,0.2288818359375,0.170166015625,0.02008056640625,0.0174407958984375,0.01690673828125,1,2,Ash-throated Flycatcher,Grayish Saltator,Ash-throated Flycatcher,Chestnut-backed Chickadee,Southern Rough-winged Swallow,Golden-winged Warbler
val/04313_Animalia_Chordata_Aves_Passeriformes_Tyrannidae_Myiarchus_cinerascens/bbcaa899-d18a-403b-8daa-6348d3b6fac3.jpg,207,183,0,183,206,207,214,193,0.1405029296875,0.06585693359375,0.057220458984375,0.037811279296875,0.0323486328125,1,3,Ash-throated Flycatcher,White-plumed Honeyeater,Masked Water-Tyrant,Ash-throated Flycatcher,Downy Woodpecker,Lark Bunting
val/04350_Animalia_Chordata_Aves_Passeriformes_Zosteropidae_Zosterops_japonicus/b2d78742-7386-4338-8b87-2475b536784e.jpg,208,209,0,209,208,179,169,198,0.467529296875,0.322509765625,0.054962158203125,0.012359619140625,0.01108551025390625,1,2,Warbling White-eye,Indian White-eye,Warbling White-eye,Southern Rough-winged Swallow,Painted Bunting,Common Firecrest
val/04350_Animalia_Chordata_Aves_Passeriformes_Zosteropidae_Zosterops_japonicus/9ace0ece-aaf6-477a-9fde-31e27be53161.jpg,208,209,0,209,208,183,169,198,0.6044921875,0.33251953125,0.0096588134765625,0.0018434524536132812,0.0017871856689453125,1,2,Warbling White-eye,Indian White-eye,Warbling White-eye,White-plumed Honeyeater,Painted Bunting,Common Firecrest
val/04352_Animalia_Chordata_Aves_Passeriformes_Zosteropidae_Zosterops_palpebrosus/f96635e2-63e1-4fbe-9eb7-3fe7114382b4.jpg,209,208,0,208,209,189,170,198,0.3828125,0.31982421875,0.0860595703125,0.0260467529296875,0.00962066650390625,1,2,Indian White-eye,Warbling White-eye,Indian White-eye,Hooded Warbler,Yellow Grosbeak,Common Firecrest
val/04352_Animalia_Chordata_Aves_Passeriformes_Zosteropidae_Zosterops_palpebrosus/f14d63c9-ec1f-44c6-8243-4008f721eeb3.jpg,209,208,0,208,183,209,170,204,0.8173828125,0.019989013671875,0.019683837890625,0.01352691650390625,0.01261138916015625,1,3,Indian White-eye,Warbling White-eye,White-plumed Honeyeater,Indian White-eye,Yellow Grosbeak,Western Wood-Pewee
val/04352_Animalia_Chordata_Aves_Passeriformes_Zosteropidae_Zosterops_palpebrosus/2948fefd-c7b9-4a0a-8b4b-71fd9c89edea.jpg,209,439,0,439,447,183,481,209,0.09210205078125,0.04632568359375,0.0355224609375,0.0274505615234375,0.0268096923828125,1,5,Indian White-eye,bebb's willow,Wineberry,White-plumed Honeyeater,red morning glory,Indian White-eye
val/04372_Animalia_Chordata_Aves_Pelecaniformes_Ardeidae_Cochlearius_cochlearius/c9b52c26-9fc1-408f-a4d6-a8802de6b3d3.jpg,210,212,0,212,210,211,163,217,0.1676025390625,0.1611328125,0.1456298828125,0.0233917236328125,0.017120361328125,1,2,Boat-billed Heron,Dalmatian Pelican,Boat-billed Heron,Black-crowned Night Heron,Glaucous-winged Gull,Brandt's Cormorant
val/04372_Animalia_Chordata_Aves_Pelecaniformes_Ardeidae_Cochlearius_cochlearius/9ae31fb0-fc9c-4a6d-8c11-b1be418c06da.jpg,210,218,0,218,210,188,201,158,0.44873046875,0.28076171875,0.0106353759765625,0.007778167724609375,0.004791259765625,1,2,Boat-billed Heron,Black-throated Trogon,Boat-billed Heron,Cerulean Warbler,Grayish Saltator,Crowned Lapwing
val/04386_Animalia_Chordata_Aves_Pelecaniformes_Ardeidae_Nycticorax_nycticorax/1ea8a535-55d4-4920-8c0a-1ffc3fa67f75.jpg,211,457,0,457,211,464,257,207,0.055694580078125,0.049163818359375,0.046173095703125,0.03326416015625,0.03326416015625,1,2,Black-crowned Night Heron,eastern pasqueflower,Black-crowned Night Heron,sand cherry,Decollate Snail,Ash-throated Flycatcher
val/04391_Animalia_Chordata_Aves_Pelecaniformes_Pelecanidae_Pelecanus_crispus/660563e6-843f-40b5-8249-0b9e4367298f.jpg,212,163,0,163,162,212,161,149,0.1966552734375,0.13623046875,0.08660888671875,0.069580078125,0.06903076171875,1,3,Dalmatian Pelican,Glaucous-winged Gull,Caspian Gull,Dalmatian Pelican,Black-headed Gull,Mute Swan
val/04391_Animalia_Chordata_Aves_Pelecaniformes_Pelecanidae_Pelecanus_crispus/9b57cc79-7b8e-417a-8428-a5da1cf47b07.jpg,212,161,0,161,159,163,212,211,0.4658203125,0.0931396484375,0.02178955078125,0.0189208984375,0.0169677734375,1,4,Dalmatian Pelican,Black-headed Gull,American Oystercatcher,Glaucous-winged Gull,Dalmatian Pelican,Black-crowned Night Heron
val/04391_Animalia_Chordata_Aves_Pelecaniformes_Pelecanidae_Pelecanus_crispus/cd065a2d-e131-40bc-b69e-5723ae616a53.jpg,212,149,0,149,163,264,318,212,0.09759521484375,0.046112060546875,0.033721923828125,0.0302276611328125,0.0224609375,1,5,Dalmatian Pelican,Mute Swan,Glaucous-winged Gull,Yellow Stainer,common yarrow,Dalmatian Pelican
val/04419_Animalia_Chordata_Aves_Phoenicopteriformes_Phoenicopteridae_Phoenicopterus_ruber/ac0d7d07-ceb8-4e0c-ae0d-2bcd717e90ea.jpg,213,152,0,152,159,230,213,151,0.2298583984375,0.2193603515625,0.10040283203125,0.0318603515625,0.026824951171875,1,4,American Flamingo,Common Merganser,American Oystercatcher,American Beaver,American Flamingo,Smew
val/04442_Animalia_Chordata_Aves_Piciformes_Picidae_Dryobates_pubescens/52c35c5b-5abe-4f73-8b94-ec91201dcf7c.jpg,214,215,0,215,214,171,193,197,0.144287109375,0.09759521484375,0.0809326171875,0.043304443359375,0.03912353515625,1,2,Downy Woodpecker,Eastern Screech-Owl,Downy Woodpecker,Brown Creeper,Lark Bunting,Tomtit
val/04553_Animalia_Chordata_Aves_Strigiformes_Strigidae_Megascops_asio/9de5b8e9-2a88-4b64-89ed-8bd4b420cc0f.jpg,215,85,0,85,215,231,223,33,0.280029296875,0.08209228515625,0.046051025390625,0.0258331298828125,0.024078369140625,1,2,Eastern Screech-Owl,Angulose Prominent Moth,Eastern Screech-Owl,Bank Vole,Gray Wolf,Ashy Mining Bee
val/04553_Animalia_Chordata_Aves_Strigiformes_Strigidae_Megascops_asio/9843dfb5-1c1a-459b-be47-5b22d259322f.jpg,215,230,0,230,231,215,247,358,0.203369140625,0.0888671875,0.062042236328125,0.051422119140625,0.0279541015625,1,3,Eastern Screech-Owl,American Beaver,Bank Vole,Eastern Screech-Owl,Western Rattlesnake,California barrel cactus
val/04578_Animalia_Chordata_Aves_Suliformes_Phalacrocoracidae_Phalacrocorax_pelagicus/dfa039fa-b3f4-46cd-bec5-6db5057a21e6.jpg,216,217,0,217,216,150,172,181,0.40283203125,0.352783203125,0.0177001953125,0.01325225830078125,0.00904083251953125,1,2,Pelagic Cormorant,Brandt's Cormorant,Pelagic Cormorant,Surf Scoter,Fish Crow,Tricolored Blackbird
val/04578_Animalia_Chordata_Aves_Suliformes_Phalacrocoracidae_Phalacrocorax_pelagicus/2ad5840f-f26d-4c6f-a5f0-f6ec8adf4f0d.jpg,216,217,0,217,216,172,227,150,0.5029296875,0.0933837890625,0.05535888671875,0.046966552734375,0.0205230712890625,1,2,Pelagic Cormorant,Brandt's Cormorant,Pelagic Cormorant,Fish Crow,New Zealand Sea Lion,Surf Scoter
val/04579_Animalia_Chordata_Aves_Suliformes_Phalacrocoracidae_Phalacrocorax_penicillatus/560068d1-fd87-4d2a-b047-675bf7839987.jpg,217,216,0,216,217,210,211,181,0.44970703125,0.1019287109375,0.030609130859375,0.026580810546875,0.01468658447265625,1,2,Brandt's Cormorant,Pelagic Cormorant,Brandt's Cormorant,Boat-billed Heron,Black-crowned Night Heron,Tricolored Blackbird
val/04579_Animalia_Chordata_Aves_Suliformes_Phalacrocoracidae_Phalacrocorax_penicillatus/37f5cffa-d35c-4e77-b23f-462f9f045d87.jpg,217,212,0,212,150,217,172,151,0.285400390625,0.16259765625,0.060760498046875,0.060760498046875,0.031036376953125,1,3,Brandt's Cormorant,Dalmatian Pelican,Surf Scoter,Brandt's Cormorant,Fish Crow,Smew
val/04579_Animalia_Chordata_Aves_Suliformes_Phalacrocoracidae_Phalacrocorax_penicillatus/7e7b92fe-a43f-496c-afef-24f2d6bcfdb7.jpg,217,216,0,216,217,242,143,211,0.58544921875,0.2498779296875,0.0064544677734375,0.0063018798828125,0.004985809326171875,1,2,Brandt's Cormorant,Pelagic Cormorant,Brandt's Cormorant,Brown Basilisk,Northern Red-legged Frog,Black-crowned Night Heron
val/04579_Animalia_Chordata_Aves_Suliformes_Phalacrocoracidae_Phalacrocorax_penicillatus/55f85ca0-a3c2-4cb9-b396-a2b80ed58a5d.jpg,217,216,0,216,217,150,182,323,0.810546875,0.08441162109375,0.008758544921875,0.0017795562744140625,0.0015707015991210938,1,2,Brandt's Cormorant,Pelagic Cormorant,Brandt's Cormorant,Surf Scoter,Common Grackle,narrow-leaved hawksbeard
val/04641_Animalia_Chordata_Mammalia_Artiodactyla_Bovidae_Tragelaphus_oryx/cfff82ae-60df-443d-965b-32a609d247ba.jpg,221,229,0,229,222,220,221,418,0.413330078125,0.257568359375,0.021148681640625,0.01739501953125,0.00383758544921875,1,4,Eland,Western Grey Kangaroo,White-tailed Deer,Klipspringer,Eland,field Indian paintbrush
val/04641_Animalia_Chordata_Mammalia_Artiodactyla_Bovidae_Tragelaphus_oryx/f791df2e-b56c-416f-b656-1369576c6704.jpg,221,229,0,229,221,222,220,197,0.290283203125,0.247314453125,0.10845947265625,0.007495880126953125,0.00638580322265625,1,2,Eland,Western Grey Kangaroo,Eland,White-tailed Deer,Klipspringer,Tomtit
val/04641_Animalia_Chordata_Mammalia_Artiodactyla_Bovidae_Tragelaphus_oryx/073dd36e-22f9-456a-94a7-cea505bde459.jpg,221,222,0,222,229,221,220,403,0.345703125,0.0802001953125,0.04095458984375,0.0103607177734375,0.0089263916015625,1,3,Eland,White-tailed Deer,Western Grey Kangaroo,Eland,Klipspringer,willow oak
val/04654_Animalia_Chordata_Mammalia_Artiodactyla_Cervidae_Odocoileus_virginianus/486af590-3a8f-43ca-96f4-8d213ad98765.jpg,222,451,0,451,460,222,403,433,0.274169921875,0.05792236328125,0.057464599609375,0.0440673828125,0.034576416015625,1,3,White-tailed Deer,black cohosh,parsley hawthorn,White-tailed Deer,willow oak,umbrella magnolia
val/04654_Animalia_Chordata_Mammalia_Artiodactyla_Cervidae_Odocoileus_virginianus/bbf01610-83fa-4777-a0b4-739871f141d2.jpg,222,230,0,230,380,229,269,222,0.05023193359375,0.048675537109375,0.0416259765625,0.0264739990234375,0.0240936279296875,1,5,White-tailed Deer,American Beaver,Big Berry Manzanita,Western Grey Kangaroo,Peppery Bolete,White-tailed Deer
val/04654_Animalia_Chordata_Mammalia_Artiodactyla_Cervidae_Odocoileus_virginianus/e2406060-f634-440d-9b96-4635fe2b9d40.jpg,222,80,0,80,222,107,126,277,0.07183837890625,0.02972412109375,0.028350830078125,0.0197906494140625,0.015777587890625,1,2,White-tailed Deer,Alfalfa Looper,White-tailed Deer,Blinded Sphinx Moth,Virile Crayfish,Sponge Weed
val/04654_Animalia_Chordata_Mammalia_Artiodactyla_Cervidae_Odocoileus_virginianus/eb1a31c1-a8c0-4f86-8dc0-6a682e721c3d.jpg,222,64,0,64,222,266,195,255,0.1295166015625,0.10736083984375,0.04473876953125,0.031005859375,0.0277862548828125,1,2,White-tailed Deer,Desert Checkered-Skipper,White-tailed Deer,blusher,Eastern Towhee,Hilton's Aeolid
val/04671_Animalia_Chordata_Mammalia_Carnivora_Canidae_Canis_lupus/24dda84a-2957-4222-863a-c436522dc256.jpg,223,362,0,362,157,137,51,223,0.06549072265625,0.04364013671875,0.033203125,0.028839111328125,0.027099609375,1,5,Gray Wolf,Small-leaved Blinks,American Golden-Plover,Freshwater Drum,Ilia Underwing,Gray Wolf
val/04671_Animalia_Chordata_Mammalia_Carnivora_Canidae_Canis_lupus/10a4d9c6-117d-485b-9c5d-a8b6572cb2b1.jpg,223,222,0,222,223,164,182,181,0.403076171875,0.2406005859375,0.08184814453125,0.02203369140625,0.0188446044921875,1,2,Gray Wolf,White-tailed Deer,Gray Wolf,Far Eastern Curlew,Common Grackle,Tricolored Blackbird
val/04680_Animalia_Chordata_Mammalia_Carnivora_Felidae_Lynx_canadensis/ea9b16b9-4150-4e32-af8c-193a2cb1caf9.jpg,225,223,0,223,225,224,182,222,0.60107421875,0.33203125,0.00827789306640625,0.00482940673828125,0.0019893646240234375,1,2,Canada Lynx,Gray Wolf,Canada Lynx,Culpeo,Common Grackle,White-tailed Deer
val/04680_Animalia_Chordata_Mammalia_Carnivora_Felidae_Lynx_canadensis/c23cc5f9-1e46-4bab-89c4-77bb7efd35b6.jpg,225,152,0,152,223,230,453,225,0.1334228515625,0.09613037109375,0.067138671875,0.06207275390625,0.039459228515625,1,5,Canada Lynx,Common Merganser,Gray Wolf,American Beaver,meadow anemone,Canada Lynx
val/04708_Animalia_Chordata_Mammalia_Carnivora_Otariidae_Phocarctos_hookeri/209b0cd5-4bf2-4cf6-98ba-7efb9c19dfba.jpg,227,232,0,232,229,222,227,230,0.287109375,0.1688232421875,0.10003662109375,0.0797119140625,0.04168701171875,1,4,New Zealand Sea Lion,Woodchuck,Western Grey Kangaroo,White-tailed Deer,New Zealand Sea Lion,American Beaver
val/04794_Animalia_Chordata_Mammalia_Rodentia_Castoridae_Castor_canadensis/b6b071a7-c666-4eaf-82bf-b4a8944cd800.jpg,230,232,0,232,230,229,462,223,0.83203125,0.028900146484375,0.0116729736328125,0.00847625732421875,0.004245758056640625,1,2,American Beaver,Woodchuck,American Beaver,Western Grey Kangaroo,dwarf cinquefoil,Gray Wolf
val/04794_Animalia_Chordata_Mammalia_Rodentia_Castoridae_Castor_canadensis/b856bb30-cbee-4e41-b1be-824c4a784cd9.jpg,230,130,0,130,230,219,235,234,0.51220703125,0.09698486328125,0.0423583984375,0.035675048828125,0.0245208740234375,1,2,American Beaver,Chub,American Beaver,Nurse Shark,Belize Crocodile,Common Caiman
val/04794_Animalia_Chordata_Mammalia_Rodentia_Castoridae_Castor_canadensis/282076cd-f687-4693-9a08-0138f887dbb6.jpg,230,272,0,272,216,7,230,383,0.251708984375,0.128662109375,0.1246337890625,0.074462890625,0.025726318359375,1,4,American Beaver,Hoof Fungus,Pelagic Cormorant,Emerald Ash Borer,American Beaver,Inaka
val/04794_Animalia_Chordata_Mammalia_Rodentia_Castoridae_Castor_canadensis/767321d3-f3f5-4f07-ac35-d329b69bdad3.jpg,230,235,0,235,230,441,225,394,0.44384765625,0.06756591796875,0.04864501953125,0.031402587890625,0.0244598388671875,1,2,American Beaver,Belize Crocodile,American Beaver,black willow,Canada Lynx,longleaf wattle
val/04843_Animalia_Chordata_Mammalia_Rodentia_Sciuridae_Sciurus_aureogaster/cf7e442d-f6b7-4d08-85ab-c5e2545a4f3a.jpg,233,187,0,187,233,195,214,176,0.2200927734375,0.09466552734375,0.041351318359375,0.017242431640625,0.01407623291015625,1,2,Red-bellied Squirrel,Chestnut-backed Chickadee,Red-bellied Squirrel,Eastern Towhee,Downy Woodpecker,Red Crossbill
val/04860_Animalia_Chordata_Reptilia_Crocodylia_Alligatoridae_Caiman_crocodilus/866dd587-2df5-4233-a3b2-6438899f3043.jpg,234,143,0,143,141,353,234,425,0.25634765625,0.1351318359375,0.11029052734375,0.0838623046875,0.06951904296875,1,4,Common Caiman,Northern Red-legged Frog,Cachabi Robber Frog,Mignonette vine,Common Caiman,American brooklime
val/04860_Animalia_Chordata_Reptilia_Crocodylia_Alligatoridae_Caiman_crocodilus/d2246226-0b9b-4efa-ba9e-3e5fb29df0ce.jpg,234,145,0,145,234,246,242,352,0.27734375,0.0628662109375,0.054595947265625,0.05291748046875,0.032867431640625,1,2,Common Caiman,Italian Crested Newt,Common Caiman,Great Plains Skink,Brown Basilisk,Mexican tea
val/04860_Animalia_Chordata_Reptilia_Crocodylia_Alligatoridae_Caiman_crocodilus/6621fd9a-c156-4e95-a28c-fcd258075938.jpg,234,235,0,235,234,135,80,494,0.68310546875,0.2471923828125,0.001728057861328125,0.0014781951904296875,0.0014324188232421875,1,2,Common Caiman,Belize Crocodile,Common Caiman,Yellow Perch,Alfalfa Looper,Hen and Chicks Fern
val/04860_Animalia_Chordata_Reptilia_Crocodylia_Alligatoridae_Caiman_crocodilus/c4e284c2-04e9-4140-a341-1ad0a2a0e4e1.jpg,234,235,0,235,234,160,230,152,0.81396484375,0.1275634765625,0.0019702911376953125,0.0013971328735351562,0.0012331008911132812,1,2,Common Caiman,Belize Crocodile,Common Caiman,Hartlaub's Gull,American Beaver,Common Merganser
val/04860_Animalia_Chordata_Reptilia_Crocodylia_Alligatoridae_Caiman_crocodilus/452a819c-eb02-4a5c-a4a1-1a6268b8915d.jpg,234,235,0,235,234,494,497,402,0.90673828125,0.02679443359375,0.0023403167724609375,0.001071929931640625,0.0010223388671875,1,2,Common Caiman,Belize Crocodile,Common Caiman,Hen and Chicks Fern,hay-scented fern,swamp chestnut oak
val/04862_Animalia_Chordata_Reptilia_Crocodylia_Crocodylidae_Crocodylus_moreletii/5e441319-249e-406d-9e8b-6481b897e357.jpg,235,234,0,234,235,152,182,441,0.497314453125,0.2171630859375,0.01178741455078125,0.00527191162109375,0.004726409912109375,1,2,Belize Crocodile,Common Caiman,Belize Crocodile,Common Merganser,Common Grackle,black willow
val/04879_Animalia_Chordata_Reptilia_Squamata_Anguidae_Anguis_veronensis/55a59f34-670e-43a9-b0af-9f96c4115c89.jpg,236,240,0,240,236,241,245,38,0.73046875,0.0916748046875,0.0279541015625,0.01702880859375,0.003326416015625,1,2,Italian Slow Worm,Flat-headed Snake,Italian Slow Worm,Aesculapian Snake,Mole Snake,New York Carpenter Ant
val/04879_Animalia_Chordata_Reptilia_Squamata_Anguidae_Anguis_veronensis/6d22a134-b631-4113-9d15-1c2e70d40554.jpg,236,241,0,241,128,246,236,240,0.15576171875,0.11309814453125,0.086669921875,0.056854248046875,0.0281524658203125,1,4,Italian Slow Worm,Aesculapian Snake,Bluntnose Minnow,Great Plains Skink,Italian Slow Worm,Flat-headed Snake
val/04879_Animalia_Chordata_Reptilia_Squamata_Anguidae_Anguis_veronensis/0704dc24-a470-48a5-8d9e-1ddd9fed1a09.jpg,236,241,0,241,236,245,243,240,0.305908203125,0.181884765625,0.1805419921875,0.048187255859375,0.01153564453125,1,2,Italian Slow Worm,Aesculapian Snake,Italian Slow Worm,Mole Snake,Texas Coralsnake,Flat-headed Snake
val/04879_Animalia_Chordata_Reptilia_Squamata_Anguidae_Anguis_veronensis/dc631f37-6359-4bf9-9899-9a48b8adc870.jpg,236,241,0,241,236,240,238,245,0.50390625,0.320068359375,0.0091552734375,0.004978179931640625,0.0042572021484375,1,2,Italian Slow Worm,Aesculapian Snake,Italian Slow Worm,Flat-headed Snake,Common Bronze-back,Mole Snake
val/04884_Animalia_Chordata_Reptilia_Squamata_Anguidae_Gerrhonotus_infernalis/19e09080-91b6-4483-8b62-38e0b4e89c43.jpg,237,241,0,241,237,236,231,49,0.11761474609375,0.1005859375,0.08343505859375,0.06103515625,0.044647216796875,1,2,Texas Alligator Lizard,Aesculapian Snake,Texas Alligator Lizard,Italian Slow Worm,Bank Vole,Deduced Graphic
val/04904_Animalia_Chordata_Reptilia_Squamata_Colubridae_Dendrelaphis_pictus/ac2ab00a-d0d3-4104-8483-ec66208af5ad.jpg,238,331,0,331,455,456,238,187,0.05877685546875,0.044036865234375,0.041046142578125,0.03765869140625,0.0300140380859375,1,4,Common Bronze-back,Snow Squarestem,Swamp Leather Flower,Virginia virgin's-bower,Common Bronze-back,Chestnut-backed Chickadee
val/04904_Animalia_Chordata_Reptilia_Squamata_Colubridae_Dendrelaphis_pictus/fbb192b8-8930-49b1-961d-acb0bb30ef8c.jpg,238,214,0,214,467,238,366,189,0.08856201171875,0.081298828125,0.070068359375,0.0294342041015625,0.029205322265625,1,3,Common Bronze-back,Downy Woodpecker,Rubus schmidelioides,Common Bronze-back,Fringed Bindweed,Hooded Warbler
val/04904_Animalia_Chordata_Reptilia_Squamata_Colubridae_Dendrelaphis_pictus/76ebe106-9857-4d78-bd22-f533471f2be3.jpg,238,240,0,240,236,238,241,468,0.3349609375,0.251708984375,0.12249755859375,0.045501708984375,0.01345062255859375,1,3,Common Bronze-back,Flat-headed Snake,Italian Slow Worm,Common Bronze-back,Aesculapian Snake,American elm
val/04925_Animalia_Chordata_Reptilia_Squamata_Colubridae_Lampropeltis_triangulum/9774691b-5129-4c5d-b383-ce466f43e7d3.jpg,239,248,0,248,237,239,241,247,0.18505859375,0.1522216796875,0.1302490234375,0.1063232421875,0.03790283203125,1,3,Eastern Milksnake,Massasauga,Texas Alligator Lizard,Eastern Milksnake,Aesculapian Snake,Western Rattlesnake
val/04977_Animalia_Chordata_Reptilia_Squamata_Colubridae_Zamenis_longissimus/6910ea2c-e532-48ba-9ab5-aae959ae1c1b.jpg,241,236,0,236,241,240,237,184,0.59033203125,0.1322021484375,0.01146697998046875,0.006740570068359375,0.005809783935546875,1,2,Aesculapian Snake,Italian Slow Worm,Aesculapian Snake,Flat-headed Snake,Texas Alligator Lizard,Meadow Pipit
val/04977_Animalia_Chordata_Reptilia_Squamata_Colubridae_Zamenis_longissimus/3eb3b1d9-d9b6-4605-a8b3-1b247eb00794.jpg,241,247,0,247,245,241,228,239,0.13671875,0.0709228515625,0.0391845703125,0.031494140625,0.0302734375,1,3,Aesculapian Snake,Western Rattlesnake,Mole Snake,Aesculapian Snake,Sunda Flying Lemur,Eastern Milksnake
val/04977_Animalia_Chordata_Reptilia_Squamata_Colubridae_Zamenis_longissimus/40787328-7aca-4ee7-b4f3-fb05e83a3351.jpg,241,236,0,236,241,240,245,238,0.44287109375,0.25244140625,0.125244140625,0.00926971435546875,0.005779266357421875,1,2,Aesculapian Snake,Italian Slow Worm,Aesculapian Snake,Flat-headed Snake,Mole Snake,Common Bronze-back
val/04977_Animalia_Chordata_Reptilia_Squamata_Colubridae_Zamenis_longissimus/a78d625d-583a-4c15-8fad-b0c2de069da4.jpg,241,245,0,245,241,239,236,247,0.552734375,0.2073974609375,0.025054931640625,0.0233612060546875,0.00690460205078125,1,2,Aesculapian Snake,Mole Snake,Aesculapian Snake,Eastern Milksnake,Italian Slow Worm,Western Rattlesnake
val/04995_Animalia_Chordata_Reptilia_Squamata_Elapidae_Micrurus_tener/1b857348-db72-4add-acce-326f7c9c68e2.jpg,243,306,0,306,393,243,304,287,0.1502685546875,0.0491943359375,0.043731689453125,0.03741455078125,0.027801513671875,1,3,Texas Coralsnake,Dallis grass,Taiwan Acacia,Texas Coralsnake,Fingered Sedge,Branched Asphodel
val/04995_Animalia_Chordata_Reptilia_Squamata_Elapidae_Micrurus_tener/629752d3-996f-4bd6-9052-bd1ad4ee836c.jpg,243,420,0,420,242,243,230,5,0.254150390625,0.1494140625,0.0259552001953125,0.0202178955078125,0.0202178955078125,1,3,Texas Coralsnake,Beechdrops,Brown Basilisk,Texas Coralsnake,American Beaver,Eastern Bark Centipede
val/05016_Animalia_Chordata_Reptilia_Squamata_Iguanidae_Iguana_iguana/ac587717-b924-483e-953b-d2708e84ee2b.jpg,244,26,0,26,243,244,234,126,0.1522216796875,0.0765380859375,0.05096435546875,0.0277099609375,0.021575927734375,1,3,Green Iguana,Western Leaf-footed Bug,Texas Coralsnake,Green Iguana,Common Caiman,Virile Crayfish
val/05016_Animalia_Chordata_Reptilia_Squamata_Iguanidae_Iguana_iguana/433041c2-80a2-413c-8fa8-c6a8c8915606.jpg,244,233,0,233,244,242,201,314,0.294189453125,0.138916015625,0.046905517578125,0.0249176025390625,0.015350341796875,1,2,Green Iguana,Red-bellied Squirrel,Green Iguana,Brown Basilisk,Grayish Saltator,Japanese aralia
val/05028_Animalia_Chordata_Reptilia_Squamata_Lamprophiidae_Pseudaspis_cana/17d8d8d4-3ef5-4117-80f7-b17345d91fb3.jpg,245,235,0,235,245,234,241,248,0.37255859375,0.1614990234375,0.04925537109375,0.018402099609375,0.01611328125,1,2,Mole Snake,Belize Crocodile,Mole Snake,Common Caiman,Aesculapian Snake,Massasauga
val/05028_Animalia_Chordata_Reptilia_Squamata_Lamprophiidae_Pseudaspis_cana/ea87069e-a197-45cf-8ccd-04b7152abc76.jpg,245,241,0,241,247,245,238,236,0.796875,0.0386962890625,0.0345458984375,0.0177764892578125,0.00513458251953125,1,3,Mole Snake,Aesculapian Snake,Western Rattlesnake,Mole Snake,Common Bronze-back,Italian Slow Worm
val/05028_Animalia_Chordata_Reptilia_Squamata_Lamprophiidae_Pseudaspis_cana/2af1c693-fbd7-404c-9162-b11e8a32408d.jpg,245,241,0,241,245,243,41,246,0.282958984375,0.1624755859375,0.08697509765625,0.03302001953125,0.017669677734375,1,2,Mole Snake,Aesculapian Snake,Mole Snake,Texas Coralsnake,Common Thread-waisted Wasp,Great Plains Skink
val/05028_Animalia_Chordata_Reptilia_Squamata_Lamprophiidae_Pseudaspis_cana/81c7263a-9035-40da-a2fb-2af6c72d244f.jpg,245,241,0,241,245,240,246,128,0.1715087890625,0.1649169921875,0.0709228515625,0.034027099609375,0.0307464599609375,1,2,Mole Snake,Aesculapian Snake,Mole Snake,Flat-headed Snake,Great Plains Skink,Bluntnose Minnow
val/05028_Animalia_Chordata_Reptilia_Squamata_Lamprophiidae_Pseudaspis_cana/236beb47-bb0d-48c2-9d95-f1bdd60bb907.jpg,245,241,0,241,245,247,243,240,0.7431640625,0.122802734375,0.0210113525390625,0.005229949951171875,0.0032711029052734375,1,2,Mole Snake,Aesculapian Snake,Mole Snake,Western Rattlesnake,Texas Coralsnake,Flat-headed Snake
val/05028_Animalia_Chordata_Reptilia_Squamata_Lamprophiidae_Pseudaspis_cana/605bbb03-eedb-4238-b9ea-72c887a9da48.jpg,245,241,0,241,245,240,239,238,0.173828125,0.1724853515625,0.03228759765625,0.031036376953125,0.0278167724609375,1,2,Mole Snake,Aesculapian Snake,Mole Snake,Flat-headed Snake,Eastern Milksnake,Common Bronze-back
val/05118_Animalia_Chordata_Reptilia_Squamata_Viperidae_Crotalus_oreganus/78844d60-25da-4e38-9deb-f44659f13ecd.jpg,247,245,0,245,464,347,247,354,0.1541748046875,0.1102294921875,0.0751953125,0.040557861328125,0.039306640625,1,4,Western Rattlesnake,Mole Snake,sand cherry,European Searocket,Western Rattlesnake,Strawberry Cactus
val/05118_Animalia_Chordata_Reptilia_Squamata_Viperidae_Crotalus_oreganus/e2ef6d20-768e-4d74-abc7-a624944a0e4c.jpg,247,239,0,239,5,247,6,498,0.5234375,0.032684326171875,0.0226287841796875,0.01416778564453125,0.00958251953125,1,3,Western Rattlesnake,Eastern Milksnake,Eastern Bark Centipede,Western Rattlesnake,Giant Desert Centipede,ladder fern
val/05118_Animalia_Chordata_Reptilia_Squamata_Viperidae_Crotalus_oreganus/411c295b-b1e2-4b46-8207-cac9e768ef67.jpg,247,248,0,248,247,241,238,306,0.466064453125,0.1561279296875,0.0160675048828125,0.01557159423828125,0.0137481689453125,1,2,Western Rattlesnake,Massasauga,Western Rattlesnake,Aesculapian Snake,Common Bronze-back,Dallis grass
val/05118_Animalia_Chordata_Reptilia_Squamata_Viperidae_Crotalus_oreganus/200eecdf-68b7-4913-a4b6-7f7b0f46b17a.jpg,247,248,0,248,247,239,241,157,0.4189453125,0.223388671875,0.0230865478515625,0.0132598876953125,0.007381439208984375,1,2,Western Rattlesnake,Massasauga,Western Rattlesnake,Eastern Milksnake,Aesculapian Snake,American Golden-Plover
val/05124_Animalia_Chordata_Reptilia_Squamata_Viperidae_Sistrurus_catenatus/b8465f22-7b33-4990-8c80-94f903084d2d.jpg,248,247,0,247,239,248,241,245,0.634765625,0.0908203125,0.060516357421875,0.007694244384765625,0.00441741943359375,1,3,Massasauga,Western Rattlesnake,Eastern Milksnake,Massasauga,Aesculapian Snake,Mole Snake
val/05172_Animalia_Cnidaria_Anthozoa_Actiniaria_Actiniidae_Actinia_equina/98ad0fc9-fa31-45c7-839a-a02db06a8e42.jpg,249,29,0,29,47,91,358,249,0.198974609375,0.1048583984375,0.07672119140625,0.035125732421875,0.031982421875,1,5,Beadlet anemone,European Striped Shield Bug,Volupial Pyrausta Moth,Mourning Cloak,California barrel cactus,Beadlet anemone
val/05220_Animalia_Mollusca_Bivalvia_Cardiida_Cardiidae_Clinocardium_nuttallii/be9d054d-5958-4606-bea6-f4298bbf0b4b.jpg,250,252,0,252,250,254,253,251,0.31298828125,0.267578125,0.04913330078125,0.03375244140625,0.0205535888671875,1,2,Nuttall's Cockle,Common Whelk,Nuttall's Cockle,Lettered Olive,California Cone,Queen Conch
val/05273_Animalia_Mollusca_Gastropoda_Littorinimorpha_Strombidae_Aliger_gigas/678967bf-e9c2-4f24-bfbe-761ab778f44d.jpg,251,112,0,112,252,251,270,60,0.2410888671875,0.2391357421875,0.078857421875,0.0572509765625,0.0260009765625,1,3,Queen Conch,Omnivorous Platynota Moth,Common Whelk,Queen Conch,Scaly Chanterelle,Alien Probole Moth
val/05277_Animalia_Mollusca_Gastropoda_Neogastropoda_Buccinidae_Buccinum_undatum/134c4929-645f-4cc2-b0bf-4c2c85208715.jpg,252,78,0,78,252,289,261,286,0.05523681640625,0.042999267578125,0.033233642578125,0.031463623046875,0.0262908935546875,1,2,Common Whelk,Marine Blue,Common Whelk,Spring Crocus,scaly pelt lichen,Grape hyacinth
val/05277_Animalia_Mollusca_Gastropoda_Neogastropoda_Buccinidae_Buccinum_undatum/1f157026-3043-4923-908d-6c97c250afe3.jpg,252,254,0,254,252,257,155,78,0.23193359375,0.1915283203125,0.0780029296875,0.051971435546875,0.01560211181640625,1,2,Common Whelk,Lettered Olive,Common Whelk,Decollate Snail,Red-breasted Dotterel,Marine Blue
val/05277_Animalia_Mollusca_Gastropoda_Neogastropoda_Buccinidae_Buccinum_undatum/0a5ab04e-ef2f-4125-9584-038e81148856.jpg,252,357,0,357,252,265,123,264,0.10455322265625,0.05731201171875,0.05426025390625,0.026641845703125,0.0231475830078125,1,2,Common Whelk,viviparous foxtail cactus,Common Whelk,green-spored parasol,Marsh meadow grasshopper,Yellow Stainer
val/05283_Animalia_Mollusca_Gastropoda_Neogastropoda_Conidae_Californiconus_californicus/f380c4f6-ab9a-438a-b845-1b6a42aef328.jpg,253,254,0,254,253,110,251,257,0.47802734375,0.26708984375,0.0201263427734375,0.010040283203125,0.00421905517578125,1,2,California Cone,Lettered Olive,California Cone,Filbertworm Moth,Queen Conch,Decollate Snail
val/05283_Animalia_Mollusca_Gastropoda_Neogastropoda_Conidae_Californiconus_californicus/4d4fdfad-af66-40dd-8b9b-6b61bee5d350.jpg,253,255,0,255,253,126,140,258,0.07745361328125,0.068359375,0.04144287109375,0.035736083984375,0.0284881591796875,1,2,California Cone,Hilton's Aeolid,California Cone,Virile Crayfish,Spiny Seahorse,White-lipped Snail
val/05283_Animalia_Mollusca_Gastropoda_Neogastropoda_Conidae_Californiconus_californicus/b5042d39-0423-49d7-951d-308e9507f22a.jpg,253,257,0,257,253,252,254,112,0.11370849609375,0.11016845703125,0.1085205078125,0.09722900390625,0.0253753662109375,1,2,California Cone,Decollate Snail,California Cone,Common Whelk,Lettered Olive,Omnivorous Platynota Moth
val/05283_Animalia_Mollusca_Gastropoda_Neogastropoda_Conidae_Californiconus_californicus/69db9e63-fb66-447e-bd55-44a73c037d31.jpg,253,259,0,259,252,253,251,249,0.2406005859375,0.23046875,0.2174072265625,0.03216552734375,0.018768310546875,1,3,California Cone,Turkish Snail,Common Whelk,California Cone,Queen Conch,Beadlet anemone
val/05291_Animalia_Mollusca_Gastropoda_Neogastropoda_Olividae_Americoliva_sayana/c0de8360-12dc-4556-9559-63abeec6a74d.jpg,254,253,0,253,254,260,252,250,0.459716796875,0.07867431640625,0.059356689453125,0.042755126953125,0.024749755859375,1,2,Lettered Olive,California Cone,Lettered Olive,Lined Chiton,Common Whelk,Nuttall's Cockle
val/05347_Animalia_Mollusca_Gastropoda_Stylommatophora_Helicidae_Cepaea_hortensis/db4f76c7-5ff3-4cde-baf2-2dfb4e15f500.jpg,258,141,0,141,258,301,241,442,0.143310546875,0.049530029296875,0.035125732421875,0.032989501953125,0.0269317626953125,1,2,White-lipped Snail,Cachabi Robber Frog,White-lipped Snail,snow trillium,Aesculapian Snake,Round-leaved Violet
val/05347_Animalia_Mollusca_Gastropoda_Stylommatophora_Helicidae_Cepaea_hortensis/411c50d0-0e1d-48e2-98ab-413ec7b10885.jpg,258,259,0,259,258,272,355,17,0.54638671875,0.2073974609375,0.01549530029296875,0.004238128662109375,0.0037670135498046875,1,2,White-lipped Snail,Turkish Snail,White-lipped Snail,Hoof Fungus,Spiny Hedgehog Cactus,Oriental Beetle
val/05387_Animalia_Mollusca_Polyplacophora_Chitonida_Tonicellidae_Tonicella_lineata/ab393ac1-0216-4389-b9c6-b585f1b3342b.jpg,260,259,0,259,253,252,260,258,0.244140625,0.1954345703125,0.07244873046875,0.053436279296875,0.01629638671875,1,4,Lined Chiton,Turkish Snail,California Cone,Common Whelk,Lined Chiton,White-lipped Snail
val/05433_Fungi_Ascomycota_Lecanoromycetes_Peltigerales_Peltigeraceae_Peltigera_praetextata/4c0df6fc-45e3-4f6c-99b0-e6ca8836539a.jpg,261,276,0,276,261,292,362,137,0.58154296875,0.10107421875,0.0189971923828125,0.01433563232421875,0.0088348388671875,1,2,scaly pelt lichen,delicate fern moss,scaly pelt lichen,checkered rattlesnake plantain,Small-leaved Blinks,Freshwater Drum
val/05445_Fungi_Ascomycota_Lecanoromycetes_Umbilicariales_Umbilicariaceae_Umbilicaria_mammulata/176f95ae-45ec-426b-849b-4b3bad7328e6.jpg,263,261,0,261,263,293,420,78,0.26220703125,0.05853271484375,0.02679443359375,0.025177001953125,0.01316070556640625,1,2,Smooth Rock Tripe,scaly pelt lichen,Smooth Rock Tripe,bird's-nest orchid,Beechdrops,Marine Blue
val/05445_Fungi_Ascomycota_Lecanoromycetes_Umbilicariales_Umbilicariaceae_Umbilicaria_mammulata/effc82b2-1cbc-406d-9ae3-dcd65b5128e3.jpg,263,178,0,178,263,231,54,249,0.07867431640625,0.029876708984375,0.0229034423828125,0.02117919921875,0.0202178955078125,1,2,Smooth Rock Tripe,Bank Swallow,Smooth Rock Tripe,Bank Vole,Pantydia sparsa,Beadlet anemone
val/05474_Fungi_Basidiomycota_Agaricomycetes_Agaricales_Agaricaceae_Agaricus_xanthodermus/20a92a6a-8ee1-407c-866b-baba96b2f22a.jpg,264,266,0,266,264,265,269,254,0.282470703125,0.102294921875,0.07257080078125,0.057403564453125,0.04400634765625,1,2,Yellow Stainer,blusher,Yellow Stainer,green-spored parasol,Peppery Bolete,Lettered Olive
val/05474_Fungi_Basidiomycota_Agaricomycetes_Agaricales_Agaricaceae_Agaricus_xanthodermus/ace39350-35e6-4629-a7e3-755f0dcab538.jpg,264,254,0,254,264,252,62,270,0.20703125,0.046722412109375,0.027252197265625,0.0233154296875,0.0196380615234375,1,2,Yellow Stainer,Lettered Olive,Yellow Stainer,Common Whelk,Yellow Slant-line,Scaly Chanterelle
val/05477_Fungi_Basidiomycota_Agaricomycetes_Agaricales_Agaricaceae_Chlorophyllum_molybdites/80027fa1-6e63-4acd-b1ef-39d0012cf85e.jpg,265,268,0,268,269,264,265,266,0.13427734375,0.13330078125,0.11669921875,0.040008544921875,0.035858154296875,1,4,green-spored parasol,Roridomyces austrororidus,Peppery Bolete,Yellow Stainer,green-spored parasol,blusher
val/05498_Fungi_Basidiomycota_Agaricomycetes_Agaricales_Amanitaceae_Amanita_rubescens/74c28706-7afa-4174-b55b-a4776cefa03f.jpg,266,269,0,269,266,264,95,270,0.50732421875,0.1766357421875,0.09271240234375,0.0152587890625,0.006717681884765625,1,2,blusher,Peppery Bolete,blusher,Yellow Stainer,Barred Yellow,Scaly Chanterelle
val/05498_Fungi_Basidiomycota_Agaricomycetes_Agaricales_Amanitaceae_Amanita_rubescens/77156892-fa28-4e02-9767-41050e8140da.jpg,266,264,0,264,265,266,270,269,0.61767578125,0.067138671875,0.053955078125,0.0207977294921875,0.007595062255859375,1,3,blusher,Yellow Stainer,green-spored parasol,blusher,Scaly Chanterelle,Peppery Bolete
val/05523_Fungi_Basidiomycota_Agaricomycetes_Agaricales_Hygrophoraceae_Lichenomphalia_umbellifera/b2d87a44-dd51-40c2-8154-c61820abf074.jpg,267,268,0,268,267,250,443,453,0.366943359375,0.192626953125,0.01212310791015625,0.006195068359375,0.005466461181640625,1,2,Lichen Agaric,Roridomyces austrororidus,Lichen Agaric,Nuttall's Cockle,velvetleaf,meadow anemone
val/05541_Fungi_Basidiomycota_Agaricomycetes_Agaricales_Mycenaceae_Roridomyces_austrororidus/067ad31e-c39c-46d5-937e-e1f2ccec6ed1.jpg,268,111,0,111,98,110,268,141,0.1334228515625,0.09918212890625,0.0650634765625,0.053924560546875,0.044708251953125,1,4,Roridomyces austrororidus,Bidens Borer Moth,Darker Moodna Moth,Filbertworm Moth,Roridomyces austrororidus,Cachabi Robber Frog
val/05541_Fungi_Basidiomycota_Agaricomycetes_Agaricales_Mycenaceae_Roridomyces_austrororidus/347c9a6d-ef1d-4624-bb9d-7bb1c5eed910.jpg,268,267,0,267,268,210,270,290,0.60498046875,0.04541015625,0.0172271728515625,0.01251220703125,0.0094451904296875,1,2,Roridomyces austrororidus,Lichen Agaric,Roridomyces austrororidus,Boat-billed Heron,Scaly Chanterelle,Red Helleborine
val/05633_Fungi_Basidiomycota_Agaricomycetes_Gomphales_Gomphaceae_Turbinellus_floccosus/38e5c6e0-737e-4e6f-aa78-5c61e6127930.jpg,270,269,0,269,436,270,91,249,0.315673828125,0.07098388671875,0.06561279296875,0.037384033203125,0.0362548828125,1,3,Scaly Chanterelle,Peppery Bolete,Florida Hammock Sandmat,Scaly Chanterelle,Mourning Cloak,Beadlet anemone
val/05734_Plantae_Bryophyta_Bryopsida_Bryales_Mniaceae_Rhizomnium_glabrescens/e4f41e73-e0f5-4c35-a75a-0a724e5fa478.jpg,275,348,0,348,275,278,370,349,0.314697265625,0.26513671875,0.026458740234375,0.0187530517578125,0.01340484619140625,1,2,fan moss,hairy bittercress,fan moss,Flat-leaved Scalewort,woodland pterostegia,narrow-leaved bittercress
val/05756_Plantae_Bryophyta_Bryopsida_Hypnales_Thuidiaceae_Thuidium_delicatulum/e8efe4b0-1b7d-4a2c-ba0e-a003a108a1a4.jpg,276,275,0,275,276,480,426,362,0.0853271484375,0.03472900390625,0.034210205078125,0.03314208984375,0.032623291015625,1,2,delicate fern moss,fan moss,delicate fern moss,youth on age,Slender speedwell,Small-leaved Blinks
val/05769_Plantae_Marchantiophyta_Jungermanniopsida_Porellales_Radulaceae_Radula_complanata/2c37acc8-5da7-474b-bdb7-779d53a9d987.jpg,278,496,0,496,333,318,278,359,0.2666015625,0.044586181640625,0.039337158203125,0.0290069580078125,0.0234832763671875,1,4,Flat-leaved Scalewort,brittle bladderfern,Tauhinu,common yarrow,Flat-leaved Scalewort,Sea Sandwort
val/05769_Plantae_Marchantiophyta_Jungermanniopsida_Porellales_Radulaceae_Radula_complanata/c62cda2c-2670-47cd-a796-1af97302abc0.jpg,278,261,0,261,278,275,405,348,0.330078125,0.23876953125,0.039276123046875,0.021942138671875,0.01485443115234375,1,2,Flat-leaved Scalewort,scaly pelt lichen,Flat-leaved Scalewort,fan moss,Coast silk tassel,hairy bittercress
val/05783_Plantae_Tracheophyta_Gnetopsida_Ephedrales_Ephedraceae_Ephedra_trifurca/bf870cfa-b7aa-41bc-bbb9-42308e5beae5.jpg,279,365,0,365,465,279,273,319,0.2486572265625,0.09149169921875,0.07012939453125,0.0372314453125,0.034454345703125,1,3,longleaf ephedra,skeleton weed,Blackthorn,longleaf ephedra,Bear's Head Tooth,common burrobrush
val/05878_Plantae_Tracheophyta_Liliopsida_Asparagales_Asparagaceae_Asparagus_acutifolius/cef05a1f-207d-49ab-9048-b2e2b1c38d18.jpg,283,387,0,387,283,207,463,34,0.65185546875,0.293701171875,0.004032135009765625,0.003612518310546875,0.001903533935546875,1,2,Spiny Asparagus,Prickly mingimingi,Spiny Asparagus,Ash-throated Flycatcher,desert almond,Southern Carpenter Bee
val/05878_Plantae_Tracheophyta_Liliopsida_Asparagales_Asparagaceae_Asparagus_acutifolius/635d472c-d49c-4eee-8ca8-c5856f287304.jpg,283,387,0,387,313,283,435,464,0.2122802734375,0.12188720703125,0.094970703125,0.034393310546875,0.032806396484375,1,3,Spiny Asparagus,Prickly mingimingi,upright hedge-parsley,Spiny Asparagus,Tropic Croton,sand cherry
val/05878_Plantae_Tracheophyta_Liliopsida_Asparagales_Asparagaceae_Asparagus_acutifolius/5f88d929-c2ba-489d-9363-0a6130df5ba5.jpg,283,387,0,387,283,463,186,416,0.60693359375,0.27783203125,0.0159149169921875,0.01044464111328125,0.006740570068359375,1,2,Spiny Asparagus,Prickly mingimingi,Spiny Asparagus,desert almond,Boreal Chickadee,woolly blue curls
val/05881_Plantae_Tracheophyta_Liliopsida_Asparagales_Asparagaceae_Asparagus_officinalis/a9a14d59-9b66-4ce9-81ad-ae6c57d59c3c.jpg,284,326,0,326,284,441,352,318,0.72412109375,0.1370849609375,0.0141143798828125,0.01336669921875,0.00720977783203125,1,2,asparagus,dogfennel,asparagus,black willow,Mexican tea,common yarrow
val/05881_Plantae_Tracheophyta_Liliopsida_Asparagales_Asparagaceae_Asparagus_officinalis/40b21913-fa17-4422-bf96-a5dccc5d1670.jpg,284,354,0,354,326,284,306,313,0.160888671875,0.1038818359375,0.0931396484375,0.09027099609375,0.04754638671875,1,3,asparagus,Strawberry Cactus,dogfennel,asparagus,Dallis grass,upright hedge-parsley
val/05952_Plantae_Tracheophyta_Liliopsida_Asparagales_Asphodelaceae_Phormium_cookianum/73c970e9-4e8e-4e52-bddc-b67a0798b983.jpg,288,383,0,383,288,491,230,310,0.2265625,0.212890625,0.1363525390625,0.041900634765625,0.0270538330078125,1,2,Mountain flax,Inaka,Mountain flax,lodgepole pine,American Beaver,Kangaroo Grass
val/05952_Plantae_Tracheophyta_Liliopsida_Asparagales_Asphodelaceae_Phormium_cookianum/5dca0b9c-08d0-4215-b112-657b57604dcd.jpg,288,320,0,320,449,217,280,288,0.0823974609375,0.05572509765625,0.0552978515625,0.027587890625,0.0267486572265625,1,5,Mountain flax,common mugwort,Golden Sunshinebush,Brandt's Cormorant,coconut palm,Mountain flax
val/05952_Plantae_Tracheophyta_Liliopsida_Asparagales_Asphodelaceae_Phormium_cookianum/00805a7a-a3b7-4b60-89c3-0142648e09ac.jpg,288,307,0,307,304,309,491,288,0.1011962890625,0.09002685546875,0.06689453125,0.04595947265625,0.04595947265625,1,5,Mountain flax,Annual Meadow-grass,Fingered Sedge,Saint Augustine grass,lodgepole pine,Mountain flax
val/05962_Plantae_Tracheophyta_Liliopsida_Asparagales_Iridaceae_Crocus_vernus/f2b7e8a2-ff7d-421c-9c5a-b201fe4d305a.jpg,289,344,0,344,426,295,289,16,0.046661376953125,0.031585693359375,0.0310821533203125,0.027862548828125,0.02459716796875,1,4,Spring Crocus,Salvation Jane,Slender speedwell,Philippine Ground Orchid,Spring Crocus,Kern's Flower Scarab
val/06005_Plantae_Tracheophyta_Liliopsida_Asparagales_Orchidaceae_Cephalanthera_rubra/1e017b33-d099-4f38-9e3a-a1907fdb8358.jpg,290,455,0,455,324,364,108,290,0.11328125,0.0596923828125,0.0565185546875,0.052703857421875,0.0465087890625,1,5,Red Helleborine,Swamp Leather Flower,tropical horseweed,alpine bistort,Pine Hawk-Moth,Red Helleborine
val/06042_Plantae_Tracheophyta_Liliopsida_Asparagales_Orchidaceae_Goodyera_tesselata/ba653ad2-9638-453c-80bf-26267d2f4aa2.jpg,292,296,0,296,292,424,94,396,0.4697265625,0.25927734375,0.048736572265625,0.0179290771484375,0.0095977783203125,1,2,checkered rattlesnake plantain,Slender Ladies' Tresses,checkered rattlesnake plantain,American lopseed,Thoas Swallowtail,white sweet clover
val/06094_Plantae_Tracheophyta_Liliopsida_Asparagales_Orchidaceae_Spathoglottis_plicata/cd4e8286-aadd-4df9-9bae-f66e56a7f02d.jpg,295,290,0,290,295,289,391,454,0.615234375,0.112060546875,0.011810302734375,0.007110595703125,0.006130218505859375,1,2,Philippine Ground Orchid,Red Helleborine,Philippine Ground Orchid,Spring Crocus,longleaf phlox,common columbine
val/06097_Plantae_Tracheophyta_Liliopsida_Asparagales_Orchidaceae_Spiranthes_lacera/379eb759-4b2b-4bf4-a886-8438ce3e8593.jpg,296,292,0,292,296,239,306,309,0.3544921875,0.175537109375,0.0305023193359375,0.0230255126953125,0.0183563232421875,1,2,Slender Ladies' Tresses,checkered rattlesnake plantain,Slender Ladies' Tresses,Eastern Milksnake,Dallis grass,Saint Augustine grass
val/06097_Plantae_Tracheophyta_Liliopsida_Asparagales_Orchidaceae_Spiranthes_lacera/75e5ba97-267d-48aa-a4ab-8100e5552c80.jpg,296,421,0,421,296,418,290,424,0.8759765625,0.025238037109375,0.02093505859375,0.0043182373046875,0.0032100677490234375,1,2,Slender Ladies' Tresses,Red Odontites,Slender Ladies' Tresses,field Indian paintbrush,Red Helleborine,American lopseed
val/06157_Plantae_Tracheophyta_Liliopsida_Liliales_Liliaceae_Erythronium_oregonum/f298a417-962a-47ed-8153-a9421520ae73.jpg,297,303,0,303,297,84,298,344,0.429931640625,0.259765625,0.0237884521484375,0.01042938232421875,0.00844573974609375,1,2,giant white fawn lily,sawbrier,giant white fawn lily,Green Silver-lines,scarlet fritillary,Salvation Jane
val/06176_Plantae_Tracheophyta_Liliopsida_Liliales_Liliaceae_Lilium_pardalinum/103dcfa8-95e3-4a58-bd18-f29ed9b8cf52.jpg,300,298,0,298,300,0,305,454,0.1756591796875,0.152587890625,0.057464599609375,0.054412841796875,0.03680419921875,1,2,Leopard Lily,scarlet fritillary,Leopard Lily,Cross Orbweaver,common three-square,common columbine
val/06202_Plantae_Tracheophyta_Liliopsida_Liliales_Melanthiaceae_Trillium_nivale/1ff3e79b-4c65-41f4-be6c-1878248f9b28.jpg,301,292,0,292,301,275,297,442,0.1837158203125,0.1712646484375,0.10968017578125,0.033447265625,0.012115478515625,1,2,snow trillium,checkered rattlesnake plantain,snow trillium,fan moss,giant white fawn lily,Round-leaved Violet
val/06206_Plantae_Tracheophyta_Liliopsida_Liliales_Melanthiaceae_Trillium_undulatum/5d3f637d-8c11-4df0-a576-1adab5089ebc.jpg,302,297,0,297,302,408,351,301,0.2391357421875,0.06854248046875,0.05419921875,0.052947998046875,0.043548583984375,1,2,painted trillium,giant white fawn lily,painted trillium,Kanono,Mountain Horopito,snow trillium
val/06215_Plantae_Tracheophyta_Liliopsida_Liliales_Smilacaceae_Smilax_glauca/9dcd7751-c99d-4437-afbc-b17434c9952f.jpg,303,61,0,61,303,306,301,62,0.2213134765625,0.09521484375,0.054656982421875,0.04095458984375,0.0264434814453125,1,2,sawbrier,White Slant-line,sawbrier,Dallis grass,snow trillium,Yellow Slant-line
val/06215_Plantae_Tracheophyta_Liliopsida_Liliales_Smilacaceae_Smilax_glauca/ea6813fc-5fe2-4312-b8b7-51274b174b6a.jpg,303,479,0,479,303,301,95,46,0.09124755859375,0.081787109375,0.048095703125,0.0291748046875,0.0291748046875,1,2,sawbrier,Goose-berry,sawbrier,snow trillium,Barred Yellow,Titian Peale's Crambid
val/06215_Plantae_Tracheophyta_Liliopsida_Liliales_Smilacaceae_Smilax_glauca/416cf2f8-0123-4a45-9edf-ad2966305557.jpg,303,84,0,84,303,297,442,289,0.31982421875,0.1925048828125,0.054290771484375,0.01372528076171875,0.01220703125,1,2,sawbrier,Green Silver-lines,sawbrier,giant white fawn lily,Round-leaved Violet,Spring Crocus
val/06215_Plantae_Tracheophyta_Liliopsida_Liliales_Smilacaceae_Smilax_glauca/d6d8091c-d94f-4dae-9b6d-429269b11afa.jpg,303,468,0,468,7,238,228,303,0.171875,0.1640625,0.03082275390625,0.03082275390625,0.0240020751953125,1,5,sawbrier,American elm,Emerald Ash Borer,Common Bronze-back,Sunda Flying Lemur,sawbrier
val/06238_Plantae_Tracheophyta_Liliopsida_Poales_Cyperaceae_Carex_digitata/823cb7e2-9f3d-4001-8ac3-3a2d34bfdfa1.jpg,304,310,0,310,288,287,304,395,0.285888671875,0.0965576171875,0.054168701171875,0.0428466796875,0.03900146484375,1,4,Fingered Sedge,Kangaroo Grass,Mountain flax,Branched Asphodel,Fingered Sedge,Scotch Broom
val/06295_Plantae_Tracheophyta_Liliopsida_Poales_Cyperaceae_Schoenoplectus_pungens/00d3550f-c942-4851-9ba0-a5947ac663c8.jpg,305,441,0,441,310,305,117,367,0.26611328125,0.13916015625,0.0430908203125,0.040802001953125,0.028045654296875,1,3,common three-square,black willow,Kangaroo Grass,common three-square,Common Blue Damselfly,redshank
val/06407_Plantae_Tracheophyta_Liliopsida_Poales_Poaceae_Paspalum_dilatatum/2237f99e-ee05-418b-8a50-f1fc84a58ecc.jpg,306,395,0,395,306,283,493,467,0.1534423828125,0.11761474609375,0.039398193359375,0.038177490234375,0.035858154296875,1,2,Dallis grass,Scotch Broom,Dallis grass,Spiny Asparagus,tangle fern,Rubus schmidelioides
val/06431_Plantae_Tracheophyta_Liliopsida_Poales_Poaceae_Stenotaphrum_secundatum/837a219c-b377-4acd-b01c-ef122054c796.jpg,309,310,0,310,383,307,364,309,0.180908203125,0.145263671875,0.08154296875,0.0771484375,0.048309326171875,1,5,Saint Augustine grass,Kangaroo Grass,Inaka,Annual Meadow-grass,alpine bistort,Saint Augustine grass
val/06431_Plantae_Tracheophyta_Liliopsida_Poales_Poaceae_Stenotaphrum_secundatum/414255d5-7abe-4105-b54d-4a60aab5b04f.jpg,309,242,0,242,393,309,142,348,0.10614013671875,0.10211181640625,0.08465576171875,0.06695556640625,0.044586181640625,1,3,Saint Augustine grass,Brown Basilisk,Taiwan Acacia,Saint Augustine grass,Eastern Dwarf Treefrog,hairy bittercress
val/06461_Plantae_Tracheophyta_Lycopodiopsida_Lycopodiales_Lycopodiaceae_Dendrolycopodium_obscurum/ba630e24-7848-4e9e-a8fb-392ecd69384b.jpg,311,308,0,308,311,333,318,251,0.12939453125,0.12158203125,0.0855712890625,0.05609130859375,0.0307464599609375,1,2,princess pine,Green Bristle Grass,princess pine,Tauhinu,common yarrow,Queen Conch
val/06492_Plantae_Tracheophyta_Magnoliopsida_Apiales_Apiaceae_Chaerophyllum_aromaticum/393749ae-2da7-4ad6-9137-b8b6e9631303.jpg,312,467,0,467,441,451,341,312,0.1552734375,0.060333251953125,0.051605224609375,0.028717041015625,0.02117919921875,1,5,Broad-leaved Chervil,Rubus schmidelioides,black willow,black cohosh,tree marigold,Broad-leaved Chervil
val/06492_Plantae_Tracheophyta_Magnoliopsida_Apiales_Apiaceae_Chaerophyllum_aromaticum/19d3db26-1f94-4662-8159-2d00aff81cc7.jpg,312,315,0,315,312,470,41,460,0.2125244140625,0.06689453125,0.03692626953125,0.023468017578125,0.023101806640625,1,2,Broad-leaved Chervil,dwarf ginseng,Broad-leaved Chervil,Canadian wood nettle,Common Thread-waisted Wasp,parsley hawthorn
val/06492_Plantae_Tracheophyta_Magnoliopsida_Apiales_Apiaceae_Chaerophyllum_aromaticum/f6b952d4-1866-4af9-8df8-4db525a91e4a.jpg,312,470,0,470,312,338,476,434,0.267578125,0.1224365234375,0.12054443359375,0.104736328125,0.037353515625,1,2,Broad-leaved Chervil,Canadian wood nettle,Broad-leaved Chervil,common wrinkle-leaved goldenrod,Red Buckeye,common copperleaf
val/06492_Plantae_Tracheophyta_Magnoliopsida_Apiales_Apiaceae_Chaerophyllum_aromaticum/6d20ddd2-979f-4814-a6d6-6ec7327ef6ea.jpg,312,388,0,388,473,439,406,312,0.1368408203125,0.0830078125,0.05706787109375,0.036834716796875,0.036834716796875,1,5,Broad-leaved Chervil,black huckleberry,poison ivy,bebb's willow,American columbo,Broad-leaved Chervil
val/06492_Plantae_Tracheophyta_Magnoliopsida_Apiales_Apiaceae_Chaerophyllum_aromaticum/4035a356-8a94-4436-811b-e291ade7fc58.jpg,312,411,0,411,312,338,410,299,0.5283203125,0.11077880859375,0.060211181640625,0.01396942138671875,0.00847625732421875,1,2,Broad-leaved Chervil,lemon balm,Broad-leaved Chervil,common wrinkle-leaved goldenrod,carpet bugle,fire lily
val/06543_Plantae_Tracheophyta_Magnoliopsida_Apiales_Apiaceae_Torilis_japonica/39efbb47-92da-4281-920f-8751ceccbf66.jpg,313,347,0,347,313,346,291,415,0.1678466796875,0.064208984375,0.0389404296875,0.0214996337890625,0.0206756591796875,1,2,upright hedge-parsley,European Searocket,upright hedge-parsley,water forget-me-not,Common Spotted Orchid,Marsh Woundwort
val/06543_Plantae_Tracheophyta_Magnoliopsida_Apiales_Apiaceae_Torilis_japonica/06274b62-0a05-46f2-b04f-7c4e3c47eadc.jpg,313,312,0,312,313,331,396,9,0.300537109375,0.1014404296875,0.03094482421875,0.01629638671875,0.01580810546875,1,2,upright hedge-parsley,Broad-leaved Chervil,upright hedge-parsley,Snow Squarestem,white sweet clover,Spotted Longhorn
val/06543_Plantae_Tracheophyta_Magnoliopsida_Apiales_Apiaceae_Torilis_japonica/7d64f2f7-cc02-408a-8cda-a7595ca8d4cc.jpg,313,312,0,312,313,325,386,430,0.324462890625,0.313232421875,0.01505279541015625,0.01470184326171875,0.01050567626953125,1,2,upright hedge-parsley,Broad-leaved Chervil,upright hedge-parsley,tall boneset,alpine azalea,golden dewdrop
val/06554_Plantae_Tracheophyta_Magnoliopsida_Apiales_Araliaceae_Fatsia_japonica/4e8b0ba7-949d-4fd6-ba79-72aefaeaa6a4.jpg,314,459,0,459,320,314,471,352,0.0980224609375,0.07635498046875,0.043487548828125,0.029205322265625,0.022918701171875,1,3,Japanese aralia,Korean mulberry,common mugwort,Japanese aralia,Dwarf Nettle,Mexican tea
val/06554_Plantae_Tracheophyta_Magnoliopsida_Apiales_Araliaceae_Fatsia_japonica/d62e4967-a033-4f41-b74f-098491522ce3.jpg,314,324,0,324,434,406,392,314,0.7265625,0.05963134765625,0.048675537109375,0.025848388671875,0.01473236083984375,1,5,Japanese aralia,tropical horseweed,common copperleaf,American columbo,pygmy-flower rock-jasmine,Japanese aralia
val/06554_Plantae_Tracheophyta_Magnoliopsida_Apiales_Araliaceae_Fatsia_japonica/0c1d5769-93da-4b8e-8137-5ede78bca9e2.jpg,314,286,0,286,466,314,427,367,0.406005859375,0.305908203125,0.0182952880859375,0.01447296142578125,0.0138092041015625,1,3,Japanese aralia,Grape hyacinth,Himalayan-berry,Japanese aralia,Butterfly bush,redshank
val/06554_Plantae_Tracheophyta_Magnoliopsida_Apiales_Araliaceae_Fatsia_japonica/30d36efc-fdd4-4c2b-8b36-eb01c6c33580.jpg,314,451,0,451,335,314,332,460,0.314453125,0.1834716796875,0.06488037109375,0.03448486328125,0.025421142578125,1,3,Japanese aralia,black cohosh,leafcup,Japanese aralia,white rattlesnakeroot,parsley hawthorn
val/06562_Plantae_Tracheophyta_Magnoliopsida_Apiales_Araliaceae_Panax_trifolius/aaba528f-9875-4315-9096-9d5a37008c30.jpg,315,467,0,467,315,351,317,141,0.380615234375,0.1444091796875,0.020172119140625,0.015960693359375,0.01430511474609375,1,2,dwarf ginseng,Rubus schmidelioides,dwarf ginseng,Mountain Horopito,American holly,Cachabi Robber Frog
val/06568_Plantae_Tracheophyta_Magnoliopsida_Apiales_Araliaceae_Schefflera_actinophylla/145eec47-f467-45cb-af61-9b31d843f919.jpg,316,314,0,314,316,317,375,437,0.470947265625,0.1732177734375,0.061767578125,0.03924560546875,0.024566650390625,1,2,Octopus Tree,Japanese aralia,Octopus Tree,American holly,Tree Tutu,Cassava
val/06568_Plantae_Tracheophyta_Magnoliopsida_Apiales_Araliaceae_Schefflera_actinophylla/c99f4543-8a44-44e0-bdf5-cbe114d7f33b.jpg,316,432,0,432,403,316,433,476,0.35009765625,0.07000732421875,0.055389404296875,0.0528564453125,0.0274200439453125,1,3,Octopus Tree,common pawpaw,willow oak,Octopus Tree,umbrella magnolia,Red Buckeye
val/06585_Plantae_Tracheophyta_Magnoliopsida_Aquifoliales_Aquifoliaceae_Ilex_opaca/0be7552c-1f9c-480f-b19c-50573954ffdd.jpg,317,475,0,475,405,317,479,460,0.2137451171875,0.16259765625,0.060760498046875,0.054443359375,0.03802490234375,1,3,American holly,field maple,Coast silk tassel,American holly,Goose-berry,parsley hawthorn
val/06585_Plantae_Tracheophyta_Magnoliopsida_Aquifoliales_Aquifoliaceae_Ilex_opaca/61e45291-bb16-43bf-8e3c-f48615497ae0.jpg,317,439,0,439,317,468,169,470,0.10174560546875,0.050750732421875,0.030792236328125,0.0234222412109375,0.0200347900390625,1,2,American holly,bebb's willow,American holly,American elm,Painted Bunting,Canadian wood nettle
val/06585_Plantae_Tracheophyta_Magnoliopsida_Aquifoliales_Aquifoliaceae_Ilex_opaca/52a79ff3-5d40-4426-9d18-3fd4cc8c3e33.jpg,317,492,0,492,403,398,337,317,0.3232421875,0.06884765625,0.04803466796875,0.0282440185546875,0.02435302734375,1,5,American holly,ponderosa pine,willow oak,black locust,prairie dock,American holly
val/06590_Plantae_Tracheophyta_Magnoliopsida_Asterales_Asteraceae_Achillea_millefolium/8de8c1d2-4ccd-48c5-89c6-5d4dfb5a7fa2.jpg,318,427,0,427,363,318,329,430,0.1632080078125,0.10540771484375,0.0908203125,0.043426513671875,0.025421142578125,1,3,common yarrow,Butterfly bush,Perez's sea lavender,common yarrow,Old Plainsman,golden dewdrop
val/06590_Plantae_Tracheophyta_Magnoliopsida_Asterales_Asteraceae_Achillea_millefolium/7075fab7-dc03-48e9-9c0c-b824e1c1bed6.jpg,318,308,0,308,318,499,176,292,0.1900634765625,0.130615234375,0.035980224609375,0.03253173828125,0.0239715576171875,1,2,common yarrow,Green Bristle Grass,common yarrow,broad beech fern,Red Crossbill,checkered rattlesnake plantain
val/06609_Plantae_Tracheophyta_Magnoliopsida_Asterales_Asteraceae_Ambrosia_salsola/8b75cfa9-9c77-4d33-9744-4c9332cffab1.jpg,319,279,0,279,319,372,463,324,0.308837890625,0.268310546875,0.114501953125,0.03863525390625,0.017974853515625,1,2,common burrobrush,longleaf ephedra,common burrobrush,crucifixion thorn,desert almond,tropical horseweed
val/06639_Plantae_Tracheophyta_Magnoliopsida_Asterales_Asteraceae_Artemisia_vulgaris/a665bb58-15e1-4123-b560-430c5df7c52d.jpg,320,194,0,194,320,396,352,421,0.12158203125,0.098876953125,0.09429931640625,0.07818603515625,0.055450439453125,1,2,common mugwort,Henslow's Sparrow,common mugwort,white sweet clover,Mexican tea,Red Odontites
val/06639_Plantae_Tracheophyta_Magnoliopsida_Asterales_Asteraceae_Artemisia_vulgaris/08c0c193-a558-4094-9757-76460799350a.jpg,320,335,0,335,451,320,338,453,0.2130126953125,0.10382080078125,0.10064697265625,0.05181884765625,0.05059814453125,1,3,common mugwort,leafcup,black cohosh,common mugwort,common wrinkle-leaved goldenrod,meadow anemone
val/06655_Plantae_Tracheophyta_Magnoliopsida_Asterales_Asteraceae_Bidens_aristosa/8dd71028-b6a1-4d0d-9f73-6661d626be9e.jpg,321,374,0,374,438,321,88,22,0.253662109375,0.138916015625,0.08563232421875,0.01511383056640625,0.0146484375,1,3,tickseed beggar-ticks,Streambank Stickleaf,Klamath weed,tickseed beggar-ticks,Julia Butterfly,Transverse-banded Flower Fly
val/06716_Plantae_Tracheophyta_Magnoliopsida_Asterales_Asteraceae_Cirsium_texanum/1fd5d942-cffb-4442-95cf-a386291782c5.jpg,322,307,0,307,322,313,438,368,0.0853271484375,0.08013916015625,0.06854248046875,0.06488037109375,0.06390380859375,1,2,Texas Thistle,Annual Meadow-grass,Texas Thistle,upright hedge-parsley,Klamath weed,prostrate knotweed
val/06734_Plantae_Tracheophyta_Magnoliopsida_Asterales_Asteraceae_Crepis_tectorum/f3b770ed-a3e4-4589-a489-006ad22e23c0.jpg,323,401,0,401,323,328,458,337,0.319580078125,0.27880859375,0.10174560546875,0.031158447265625,0.01340484619140625,1,2,narrow-leaved hawksbeard,Yellow milkwort,narrow-leaved hawksbeard,Bitterweed,meadow buttercup,prairie dock
val/06734_Plantae_Tracheophyta_Magnoliopsida_Asterales_Asteraceae_Crepis_tectorum/d5290993-d0a6-4148-8d35-2e4130ec2dcf.jpg,323,341,0,341,373,339,323,393,0.275634765625,0.086669921875,0.04095458984375,0.039093017578125,0.033172607421875,1,4,narrow-leaved hawksbeard,tree marigold,Stinging Serpent,prickly sowthistle,narrow-leaved hawksbeard,Taiwan Acacia
val/06779_Plantae_Tracheophyta_Magnoliopsida_Asterales_Asteraceae_Erigeron_sumatrensis/bc60a95f-38f6-40da-aeaf-324ca0f57a52.jpg,324,320,0,320,326,324,494,167,0.433837890625,0.07965087890625,0.0587158203125,0.027740478515625,0.01580810546875,1,3,tropical horseweed,common mugwort,dogfennel,tropical horseweed,Hen and Chicks Fern,Common Peafowl
val/06779_Plantae_Tracheophyta_Magnoliopsida_Asterales_Asteraceae_Erigeron_sumatrensis/a4b31867-5826-4c10-8e96-ec78d797bfb6.jpg,324,373,0,373,324,284,277,457,0.1986083984375,0.0975341796875,0.03265380859375,0.0172119140625,0.0140533447265625,1,2,tropical horseweed,Stinging Serpent,tropical horseweed,asparagus,Sponge Weed,eastern pasqueflower
val/06779_Plantae_Tracheophyta_Magnoliopsida_Asterales_Asteraceae_Erigeron_sumatrensis/110fdc70-04cf-4c88-b88c-56c81ec229aa.jpg,324,406,0,406,324,457,392,404,0.478759765625,0.214111328125,0.047760009765625,0.02764892578125,0.0137939453125,1,2,tropical horseweed,American columbo,tropical horseweed,eastern pasqueflower,pygmy-flower rock-jasmine,California Wax Myrtle
val/06785_Plantae_Tracheophyta_Magnoliopsida_Asterales_Asteraceae_Eupatorium_altissimum/dc42a253-efd3-4775-82e7-580ae860f4b6.jpg,325,456,0,456,325,471,9,440,0.380859375,0.07861328125,0.05194091796875,0.025909423828125,0.0255126953125,1,2,tall boneset,Virginia virgin's-bower,tall boneset,Dwarf Nettle,Spotted Longhorn,Grey Willow
val/06787_Plantae_Tracheophyta_Magnoliopsida_Asterales_Asteraceae_Eupatorium_capillifolium/6b31f372-6a86-41a6-a457-891c0a896240.jpg,326,349,0,349,326,318,276,471,0.27685546875,0.125732421875,0.0994873046875,0.033050537109375,0.032806396484375,1,2,dogfennel,narrow-leaved bittercress,dogfennel,common yarrow,delicate fern moss,Dwarf Nettle
val/06787_Plantae_Tracheophyta_Magnoliopsida_Asterales_Asteraceae_Eupatorium_capillifolium/6c05065b-da6b-4935-b801-63bc98bae99f.jpg,326,452,0,452,326,458,320,457,0.1915283203125,0.13525390625,0.0677490234375,0.058868408203125,0.025115966796875,1,2,dogfennel,Spring Adonis,dogfennel,meadow buttercup,common mugwort,eastern pasqueflower
val/06818_Plantae_Tracheophyta_Magnoliopsida_Asterales_Asteraceae_Helenium_amarum/b679fa4e-dd04-4b78-b006-afa37ca2920f.jpg,328,321,0,321,328,323,438,334,0.16943359375,0.10443115234375,0.081298828125,0.0408935546875,0.039642333984375,1,2,Bitterweed,tickseed beggar-ticks,Bitterweed,narrow-leaved hawksbeard,Klamath weed,Great Plains Ragwort
val/06818_Plantae_Tracheophyta_Magnoliopsida_Asterales_Asteraceae_Helenium_amarum/07aa83e6-d1b2-4b13-b2d1-8dc75bcca76b.jpg,328,8,0,8,394,22,334,328,0.1014404296875,0.09381103515625,0.08148193359375,0.0736083984375,0.05963134765625,1,5,Bitterweed,Goldenrod Soldier Beetle,longleaf wattle,Transverse-banded Flower Fly,Great Plains Ragwort,Bitterweed
val/06874_Plantae_Tracheophyta_Magnoliopsida_Asterales_Asteraceae_Leucanthemum_vulgare/6b32c7c4-85ce-4dc1-afbb-10e1f37f0dfd.jpg,330,361,0,361,330,389,287,465,0.08135986328125,0.06903076171875,0.0294647216796875,0.02923583984375,0.02703857421875,1,2,oxeye daisy,lesser stitchwort,oxeye daisy,flaxflowered ipomopsis,Branched Asphodel,Blackthorn
val/06901_Plantae_Tracheophyta_Magnoliopsida_Asterales_Asteraceae_Nabalus_albus/9abc1e50-b398-4dee-b35a-e1a59d7ef797.jpg,332,456,0,456,332,485,366,378,0.1920166015625,0.157958984375,0.07696533203125,0.04669189453125,0.0261993408203125,1,2,white rattlesnakeroot,Virginia virgin's-bower,white rattlesnakeroot,Porcelain Berry,Fringed Bindweed,mapleleaf viburnum
val/06918_Plantae_Tracheophyta_Magnoliopsida_Asterales_Asteraceae_Packera_tampicana/0331cbc8-fcb1-4f72-9a13-a4ee86746098.jpg,334,341,0,341,334,328,323,321,0.270751953125,0.2314453125,0.073974609375,0.06231689453125,0.031341552734375,1,2,Great Plains Ragwort,tree marigold,Great Plains Ragwort,Bitterweed,narrow-leaved hawksbeard,tickseed beggar-ticks
val/06948_Plantae_Tracheophyta_Magnoliopsida_Asterales_Asteraceae_Polymnia_canadensis/86f753ad-d78c-40fb-863e-775938e87a0a.jpg,335,330,0,330,335,32,339,346,0.1478271484375,0.058349609375,0.03375244140625,0.031463623046875,0.0201568603515625,1,2,leafcup,oxeye daisy,leafcup,Jagged Ambush Bug,prickly sowthistle,water forget-me-not
val/06948_Plantae_Tracheophyta_Magnoliopsida_Asterales_Asteraceae_Polymnia_canadensis/1e0d9a75-1cce-40d4-bec7-cd597c478a62.jpg,335,459,0,459,335,339,314,483,0.1812744140625,0.1756591796875,0.058837890625,0.051910400390625,0.035675048828125,1,2,leafcup,Korean mulberry,leafcup,prickly sowthistle,Japanese aralia,western horsenettle
val/06948_Plantae_Tracheophyta_Magnoliopsida_Asterales_Asteraceae_Polymnia_canadensis/651ec757-e519-4a19-92fe-9a10c2f9679b.jpg,335,459,0,459,332,335,485,475,0.299072265625,0.247802734375,0.1539306640625,0.0280303955078125,0.01548004150390625,1,3,leafcup,Korean mulberry,white rattlesnakeroot,leafcup,Porcelain Berry,field maple
val/06948_Plantae_Tracheophyta_Magnoliopsida_Asterales_Asteraceae_Polymnia_canadensis/003e5066-0d2e-4916-85d4-71dfc69c5f12.jpg,335,400,0,400,335,72,339,40,0.1107177734375,0.0606689453125,0.045806884765625,0.041046142578125,0.0230255126953125,1,2,leafcup,candyroot,leafcup,Green Oak-Slug Moth,prickly sowthistle,Metallic Epauletted-Sweat Bee
val/06972_Plantae_Tracheophyta_Magnoliopsida_Asterales_Asteraceae_Senecio_glastifolius/48e77fdf-3c38-4173-b9b3-796cea7c5ec9.jpg,336,330,0,330,336,361,334,33,0.72705078125,0.0906982421875,0.010101318359375,0.006343841552734375,0.003833770751953125,1,2,Woad-leaved ragwort,oxeye daisy,Woad-leaved ragwort,lesser stitchwort,Great Plains Ragwort,Ashy Mining Bee
val/06972_Plantae_Tracheophyta_Magnoliopsida_Asterales_Asteraceae_Senecio_glastifolius/4729987f-c86d-49b5-b5cf-026fbbca13f1.jpg,336,339,0,339,404,24,463,336,0.1435546875,0.10748291015625,0.0986328125,0.059814453125,0.046966552734375,1,5,Woad-leaved ragwort,prickly sowthistle,California Wax Myrtle,Hemlock Woolly Adelgid,desert almond,Woad-leaved ragwort
val/06972_Plantae_Tracheophyta_Magnoliopsida_Asterales_Asteraceae_Senecio_glastifolius/9471b3e5-29f4-4c12-b2b2-ae3eeb80161f.jpg,336,330,0,330,336,21,341,32,0.183837890625,0.03839111328125,0.0205535888671875,0.0203857421875,0.0197601318359375,1,2,Woad-leaved ragwort,oxeye daisy,Woad-leaved ragwort,Yellow-shouldered Drone Fly,tree marigold,Jagged Ambush Bug
val/06972_Plantae_Tracheophyta_Magnoliopsida_Asterales_Asteraceae_Senecio_glastifolius/f7260727-bd9b-415c-a48f-ba9bc1bcd4a7.jpg,336,320,0,320,339,494,336,475,0.428466796875,0.08978271484375,0.06781005859375,0.057525634765625,0.0269622802734375,1,4,Woad-leaved ragwort,common mugwort,prickly sowthistle,Hen and Chicks Fern,Woad-leaved ragwort,field maple
val/06990_Plantae_Tracheophyta_Magnoliopsida_Asterales_Asteraceae_Silphium_terebinthinaceum/11c31f42-6878-4389-82f5-be9e8dce9996.jpg,337,305,0,305,337,310,473,401,0.3779296875,0.1785888671875,0.06268310546875,0.020355224609375,0.0179595947265625,1,2,prairie dock,common three-square,prairie dock,Kangaroo Grass,poison ivy,Yellow milkwort
val/06990_Plantae_Tracheophyta_Magnoliopsida_Asterales_Asteraceae_Silphium_terebinthinaceum/7ecbc9f1-4956-4813-a50a-fe70e388f046.jpg,337,211,0,211,377,337,143,77,0.1082763671875,0.09552001953125,0.08837890625,0.0755615234375,0.043060302734375,1,3,prairie dock,Black-crowned Night Heron,Western Snowberry,prairie dock,Northern Red-legged Frog,Boisduval's Blue
val/07005_Plantae_Tracheophyta_Magnoliopsida_Asterales_Asteraceae_Solidago_rugosa/07ef6559-6c10-4389-a21b-dd0dcc69f701.jpg,338,428,0,428,338,441,399,306,0.6015625,0.1710205078125,0.0235137939453125,0.0205841064453125,0.00812530517578125,1,2,common wrinkle-leaved goldenrod,Dark Mullein,common wrinkle-leaved goldenrod,black willow,California goldenbanner,Dallis grass
val/07013_Plantae_Tracheophyta_Magnoliopsida_Asterales_Asteraceae_Sonchus_asper/ea8d5148-a110-4a80-8298-d06f66069c81.jpg,339,340,0,340,339,400,327,323,0.50048828125,0.236328125,0.02032470703125,0.01312255859375,0.01271820068359375,1,2,prickly sowthistle,common dandelion,prickly sowthistle,candyroot,great blanketflower,narrow-leaved hawksbeard
val/07013_Plantae_Tracheophyta_Magnoliopsida_Asterales_Asteraceae_Sonchus_asper/84a5a75c-219b-469e-981f-a44e5cf3f804.jpg,339,320,0,320,339,494,349,411,0.2095947265625,0.07891845703125,0.07415771484375,0.0501708984375,0.04864501953125,1,2,prickly sowthistle,common mugwort,prickly sowthistle,Hen and Chicks Fern,narrow-leaved bittercress,lemon balm
val/07013_Plantae_Tracheophyta_Magnoliopsida_Asterales_Asteraceae_Sonchus_asper/5ad5739b-d63b-44ce-a784-be1de59d3b3f.jpg,339,323,0,323,339,322,334,329,0.31640625,0.037200927734375,0.028961181640625,0.02679443359375,0.022918701171875,1,2,prickly sowthistle,narrow-leaved hawksbeard,prickly sowthistle,Texas Thistle,Great Plains Ragwort,Old Plainsman
val/07039_Plantae_Tracheophyta_Magnoliopsida_Asterales_Asteraceae_Taraxacum_officinale/4fcd84e6-c59b-4e6e-8bdf-6b7a27a32de1.jpg,340,328,0,328,340,323,33,327,0.167724609375,0.145751953125,0.060760498046875,0.0287017822265625,0.0234222412109375,1,2,common dandelion,Bitterweed,common dandelion,narrow-leaved hawksbeard,Ashy Mining Bee,great blanketflower
val/07047_Plantae_Tracheophyta_Magnoliopsida_Asterales_Asteraceae_Tithonia_tubaeformis/131454f6-fdf3-4445-9d27-2a74edc72c38.jpg,341,262,0,262,99,20,448,341,0.09136962890625,0.06475830078125,0.0438232421875,0.04248046875,0.0380859375,1,5,tree marigold,Golden Hair-lichen,Fatal Metalmark,Mexican Cactus Fly,Coastal Banksia,tree marigold
val/07100_Plantae_Tracheophyta_Magnoliopsida_Asterales_Campanulaceae_Jasione_montana/9373335e-740e-4529-a100-3a16f3807b55.jpg,343,425,0,425,345,426,343,33,0.318603515625,0.136962890625,0.1328125,0.0504150390625,0.01824951171875,1,4,Sheep's-bit,American brooklime,broadleaf forget-me-not,Slender speedwell,Sheep's-bit,Ashy Mining Bee
val/07172_Plantae_Tracheophyta_Magnoliopsida_Boraginales_Boraginaceae_Myosotis_latifolia/4d23a0c0-5d2a-4c1d-a9a8-642f35361016.jpg,345,346,0,346,345,485,426,430,0.65869140625,0.3134765625,0.001850128173828125,0.0015096664428710938,0.001087188720703125,1,2,broadleaf forget-me-not,water forget-me-not,broadleaf forget-me-not,Porcelain Berry,Slender speedwell,golden dewdrop
val/07172_Plantae_Tracheophyta_Magnoliopsida_Boraginales_Boraginaceae_Myosotis_latifolia/dbc5aee2-248f-4da5-b40d-e1cb40da19d3.jpg,345,346,0,346,345,426,431,274,0.5673828125,0.305908203125,0.0035076141357421875,0.0023365020751953125,0.0022296905517578125,1,2,broadleaf forget-me-not,water forget-me-not,broadleaf forget-me-not,Slender speedwell,Dakota mock vervain,ceramic parchment
val/07172_Plantae_Tracheophyta_Magnoliopsida_Boraginales_Boraginaceae_Myosotis_latifolia/a3150240-8cfd-4c51-84b4-a9213c503be4.jpg,345,425,0,425,345,346,426,410,0.269287109375,0.218017578125,0.051361083984375,0.031646728515625,0.0288238525390625,1,2,broadleaf forget-me-not,American brooklime,broadleaf forget-me-not,water forget-me-not,Slender speedwell,carpet bugle
val/07172_Plantae_Tracheophyta_Magnoliopsida_Boraginales_Boraginaceae_Myosotis_latifolia/26415065-9622-4e3a-92e7-2b41de4c7848.jpg,345,346,0,346,345,426,361,465,0.47802734375,0.32861328125,0.00775909423828125,0.005168914794921875,0.004970550537109375,1,2,broadleaf forget-me-not,water forget-me-not,broadleaf forget-me-not,Slender speedwell,lesser stitchwort,Blackthorn
val/07172_Plantae_Tracheophyta_Magnoliopsida_Boraginales_Boraginaceae_Myosotis_latifolia/21778f4a-271f-4c6a-a2f4-9c8451d007d9.jpg,345,346,0,346,345,425,342,409,0.469970703125,0.451904296875,0.006298065185546875,0.004467010498046875,0.00286102294921875,1,2,broadleaf forget-me-not,water forget-me-not,broadleaf forget-me-not,American brooklime,California Harebell,Blue Bugle
val/07172_Plantae_Tracheophyta_Magnoliopsida_Boraginales_Boraginaceae_Myosotis_latifolia/7c56b6b6-a120-4b63-b335-090867cb5932.jpg,345,425,0,425,345,410,346,291,0.3466796875,0.19140625,0.09185791015625,0.0704345703125,0.015228271484375,1,2,broadleaf forget-me-not,American brooklime,broadleaf forget-me-not,carpet bugle,water forget-me-not,Common Spotted Orchid
val/07173_Plantae_Tracheophyta_Magnoliopsida_Boraginales_Boraginaceae_Myosotis_scorpioides/9831189a-76a4-4dd4-8aea-4a88b1a81655.jpg,346,345,0,345,346,361,426,362,0.497314453125,0.316162109375,0.00914764404296875,0.004970550537109375,0.0043182373046875,1,2,water forget-me-not,broadleaf forget-me-not,water forget-me-not,lesser stitchwort,Slender speedwell,Small-leaved Blinks
val/07226_Plantae_Tracheophyta_Magnoliopsida_Brassicales_Brassicaceae_Cakile_maritima/43665c06-55b8-4bb9-80a2-8af0d7d20493.jpg,347,396,0,396,347,463,307,470,0.34716796875,0.10186767578125,0.035186767578125,0.03411865234375,0.0301055908203125,1,2,European Searocket,white sweet clover,European Searocket,desert almond,Annual Meadow-grass,Canadian wood nettle
val/07236_Plantae_Tracheophyta_Magnoliopsida_Brassicales_Brassicaceae_Cardamine_hirsuta/61a4e55b-0d8a-4066-9b2b-5559bf82dc99.jpg,348,436,0,436,348,407,362,477,0.205810546875,0.144775390625,0.046661376953125,0.0247802734375,0.021697998046875,1,2,hairy bittercress,Florida Hammock Sandmat,hairy bittercress,Coprosma dumosa,Small-leaved Blinks,jade plant
val/07236_Plantae_Tracheophyta_Magnoliopsida_Brassicales_Brassicaceae_Cardamine_hirsuta/e58b90db-3081-4d0b-bde2-5277e8371eec.jpg,348,349,0,349,342,424,304,348,0.245361328125,0.1822509765625,0.146484375,0.03143310546875,0.03118896484375,1,5,hairy bittercress,narrow-leaved bittercress,California Harebell,American lopseed,Fingered Sedge,hairy bittercress
val/07236_Plantae_Tracheophyta_Magnoliopsida_Brassicales_Brassicaceae_Cardamine_hirsuta/68d09f81-b3d9-4b5f-91bf-623de7159a94.jpg,348,362,0,362,348,369,413,392,0.12548828125,0.105712890625,0.04840087890625,0.0284423828125,0.0275726318359375,1,2,hairy bittercress,Small-leaved Blinks,hairy bittercress,beach knotweed,white sage,pygmy-flower rock-jasmine
val/07237_Plantae_Tracheophyta_Magnoliopsida_Brassicales_Brassicaceae_Cardamine_impatiens/e1ceecab-97c0-4634-ac54-d3ae4d1081ee.jpg,349,307,0,307,349,396,282,312,0.165283203125,0.090576171875,0.058013916015625,0.048858642578125,0.03057861328125,1,2,narrow-leaved bittercress,Annual Meadow-grass,narrow-leaved bittercress,white sweet clover,spring spiderlily,Broad-leaved Chervil
val/07246_Plantae_Tracheophyta_Magnoliopsida_Brassicales_Brassicaceae_Dithyrea_californica/0e299d21-e8c7-4aa7-85a8-a004cc4c3418.jpg,350,376,0,376,350,371,399,77,0.1888427734375,0.0858154296875,0.05474853515625,0.02679443359375,0.022918701171875,1,2,California shieldpod,squirting cucumber,California shieldpod,canaigre dock,California goldenbanner,Boisduval's Blue
val/07299_Plantae_Tracheophyta_Magnoliopsida_Canellales_Winteraceae_Pseudowintera_colorata/0412ddb7-9105-4b1b-a474-2f25f109bd27.jpg,351,303,0,303,264,291,440,351,0.4453125,0.0223388671875,0.0216522216796875,0.021484375,0.0160980224609375,1,5,Mountain Horopito,sawbrier,Yellow Stainer,Common Spotted Orchid,Grey Willow,Mountain Horopito
val/07299_Plantae_Tracheophyta_Magnoliopsida_Canellales_Winteraceae_Pseudowintera_colorata/eaf5552a-8bdc-4a08-923b-c5290d71f0b4.jpg,351,408,0,408,351,59,81,50,0.218994140625,0.1978759765625,0.10345458984375,0.03131103515625,0.019744873046875,1,2,Mountain Horopito,Kanono,Mountain Horopito,Black-dotted Ruddy Moth,Small Mossy Lithacodia,Woody Underwing
val/07327_Plantae_Tracheophyta_Magnoliopsida_Caryophyllales_Amaranthaceae_Dysphania_ambrosioides/4117c586-cf9b-4b32-adb2-cde7410ddf2f.jpg,352,474,0,474,352,320,333,324,0.1427001953125,0.13623046875,0.12017822265625,0.081298828125,0.0751953125,1,2,Mexican tea,elephant tree,Mexican tea,common mugwort,Tauhinu,tropical horseweed
val/07327_Plantae_Tracheophyta_Magnoliopsida_Caryophyllales_Amaranthaceae_Dysphania_ambrosioides/0a37cdb4-7181-481d-9292-f989f77aec15.jpg,352,494,0,494,320,352,338,324,0.1131591796875,0.099853515625,0.06396484375,0.028839111328125,0.0272979736328125,1,3,Mexican tea,Hen and Chicks Fern,common mugwort,Mexican tea,common wrinkle-leaved goldenrod,tropical horseweed
val/07339_Plantae_Tracheophyta_Magnoliopsida_Caryophyllales_Basellaceae_Anredera_cordifolia/6a476beb-e9c0-4391-ac3c-49451f0b4de6.jpg,353,267,0,267,297,353,482,241,0.1259765625,0.09503173828125,0.059478759765625,0.057647705078125,0.03961181640625,1,3,Mignonette vine,Lichen Agaric,giant white fawn lily,Mignonette vine,Obscure Morning Glory,Aesculapian Snake
val/07339_Plantae_Tracheophyta_Magnoliopsida_Caryophyllales_Basellaceae_Anredera_cordifolia/4010af69-0e64-4954-97a2-9fedfa5a82c2.jpg,353,442,0,442,353,400,405,443,0.09783935546875,0.077392578125,0.05279541015625,0.031768798828125,0.028045654296875,1,2,Mignonette vine,Round-leaved Violet,Mignonette vine,candyroot,Coast silk tassel,velvetleaf
val/07364_Plantae_Tracheophyta_Magnoliopsida_Caryophyllales_Cactaceae_Echinocereus_enneacanthus/4d7689d2-9f30-4944-8154-b62d34d69a42.jpg,354,356,0,356,357,354,456,355,0.27978515625,0.1497802734375,0.14453125,0.02642822265625,0.020751953125,1,3,Strawberry Cactus,strawberry hedgehog cactus,viviparous foxtail cactus,Strawberry Cactus,Virginia virgin's-bower,Spiny Hedgehog Cactus
val/07364_Plantae_Tracheophyta_Magnoliopsida_Caryophyllales_Cactaceae_Echinocereus_enneacanthus/b43c8188-e792-464b-a47b-289f25ad26a0.jpg,354,356,0,356,354,344,370,419,0.77587890625,0.15771484375,0.0019702911376953125,0.0019626617431640625,0.0017185211181640625,1,2,Strawberry Cactus,strawberry hedgehog cactus,Strawberry Cactus,Salvation Jane,woodland pterostegia,Purple paintbrush
val/07364_Plantae_Tracheophyta_Magnoliopsida_Caryophyllales_Cactaceae_Echinocereus_enneacanthus/2262a43c-04b7-4a6a-b5e0-dbb3d34865e3.jpg,354,419,0,419,357,354,355,356,0.313232421875,0.2021484375,0.159912109375,0.01088714599609375,0.00894927978515625,1,3,Strawberry Cactus,Purple paintbrush,viviparous foxtail cactus,Strawberry Cactus,Spiny Hedgehog Cactus,strawberry hedgehog cactus
val/07366_Plantae_Tracheophyta_Magnoliopsida_Caryophyllales_Cactaceae_Echinocereus_pectinatus/fd0f4e6f-603c-4904-a3a0-b8a27e5ed0a4.jpg,355,318,0,318,355,357,250,266,0.09283447265625,0.09283447265625,0.06793212890625,0.05010986328125,0.0418701171875,1,2,Spiny Hedgehog Cactus,common yarrow,Spiny Hedgehog Cactus,viviparous foxtail cactus,Nuttall's Cockle,blusher
val/07371_Plantae_Tracheophyta_Magnoliopsida_Caryophyllales_Cactaceae_Echinocereus_stramineus/37f7854b-8002-4f81-af74-b06d594e7ab3.jpg,356,358,0,358,354,356,473,486,0.734375,0.058197021484375,0.0262298583984375,0.0125885009765625,0.0102691650390625,1,3,strawberry hedgehog cactus,California barrel cactus,Strawberry Cactus,strawberry hedgehog cactus,poison ivy,Pima Rhatany
val/07371_Plantae_Tracheophyta_Magnoliopsida_Caryophyllales_Cactaceae_Echinocereus_stramineus/fffdc442-1ad8-4e90-b0a0-b3b05ac7b292.jpg,356,354,0,354,279,358,357,356,0.43212890625,0.07745361328125,0.07000732421875,0.0462646484375,0.03106689453125,1,5,strawberry hedgehog cactus,Strawberry Cactus,longleaf ephedra,California barrel cactus,viviparous foxtail cactus,strawberry hedgehog cactus
val/07375_Plantae_Tracheophyta_Magnoliopsida_Caryophyllales_Cactaceae_Escobaria_vivipara/b7867e28-4533-49d4-9e0f-4c7617fe609b.jpg,357,322,0,322,357,446,356,327,0.1551513671875,0.07684326171875,0.050384521484375,0.0430908203125,0.0335693359375,1,2,viviparous foxtail cactus,Texas Thistle,viviparous foxtail cactus,rose evening primrose,strawberry hedgehog cactus,great blanketflower
val/07375_Plantae_Tracheophyta_Magnoliopsida_Caryophyllales_Cactaceae_Escobaria_vivipara/1c39021b-d5fe-4f64-8812-124f281108d1.jpg,357,477,0,477,357,354,355,457,0.254638671875,0.10052490234375,0.07733154296875,0.0233154296875,0.0193328857421875,1,2,viviparous foxtail cactus,jade plant,viviparous foxtail cactus,Strawberry Cactus,Spiny Hedgehog Cactus,eastern pasqueflower
val/07434_Plantae_Tracheophyta_Magnoliopsida_Caryophyllales_Caryophyllaceae_Honckenya_peploides/954b6dcd-ba40-4d26-a562-ab7e04b55514.jpg,359,324,0,324,336,347,359,277,0.49951171875,0.05517578125,0.035614013671875,0.0304718017578125,0.0231781005859375,1,4,Sea Sandwort,tropical horseweed,Woad-leaved ragwort,European Searocket,Sea Sandwort,Sponge Weed
val/07434_Plantae_Tracheophyta_Magnoliopsida_Caryophyllales_Caryophyllaceae_Honckenya_peploides/2cbfa535-7723-42f1-94c3-4560386b2330.jpg,359,348,0,348,359,346,453,362,0.2357177734375,0.080810546875,0.080810546875,0.06390380859375,0.047515869140625,1,2,Sea Sandwort,hairy bittercress,Sea Sandwort,water forget-me-not,meadow anemone,Small-leaved Blinks
val/07464_Plantae_Tracheophyta_Magnoliopsida_Caryophyllales_Caryophyllaceae_Stellaria_graminea/cd5ed794-b7a9-4faa-8d55-f562f7283494.jpg,361,362,0,362,453,435,361,389,0.1712646484375,0.166015625,0.0714111328125,0.05389404296875,0.0307159423828125,1,4,lesser stitchwort,Small-leaved Blinks,meadow anemone,Tropic Croton,lesser stitchwort,flaxflowered ipomopsis
val/07464_Plantae_Tracheophyta_Magnoliopsida_Caryophyllales_Caryophyllaceae_Stellaria_graminea/81c94a6b-73d8-499e-a391-f50009bdc9bb.jpg,361,362,0,362,361,127,360,342,0.1817626953125,0.12493896484375,0.041839599609375,0.040557861328125,0.035797119140625,1,2,lesser stitchwort,Small-leaved Blinks,lesser stitchwort,New Zealand Half Crab,ragged-Robin,California Harebell
val/07496_Plantae_Tracheophyta_Magnoliopsida_Caryophyllales_Montiaceae_Montia_parvifolia/d9d978d9-b79c-4894-a1d8-a36a9042c768.jpg,362,370,0,370,362,365,366,472,0.58837890625,0.09564208984375,0.056243896484375,0.039886474609375,0.01274871826171875,1,2,Small-leaved Blinks,woodland pterostegia,Small-leaved Blinks,skeleton weed,Fringed Bindweed,desert mistletoe
val/07496_Plantae_Tracheophyta_Magnoliopsida_Caryophyllales_Montiaceae_Montia_parvifolia/cbd681b4-701b-4085-b492-c1c2c045417d.jpg,362,361,0,361,362,392,453,345,0.75634765625,0.098388671875,0.02874755859375,0.018707275390625,0.01082611083984375,1,2,Small-leaved Blinks,lesser stitchwort,Small-leaved Blinks,pygmy-flower rock-jasmine,meadow anemone,broadleaf forget-me-not
val/07496_Plantae_Tracheophyta_Magnoliopsida_Caryophyllales_Montiaceae_Montia_parvifolia/cebbe273-c0fc-405f-a6c3-ffc206deb46b.jpg,362,426,0,426,362,389,344,453,0.50341796875,0.1168212890625,0.052642822265625,0.021942138671875,0.01395416259765625,1,2,Small-leaved Blinks,Slender speedwell,Small-leaved Blinks,flaxflowered ipomopsis,Salvation Jane,meadow anemone
val/07496_Plantae_Tracheophyta_Magnoliopsida_Caryophyllales_Montiaceae_Montia_parvifolia/7ebd51dc-3423-408e-a0a1-f6c2c34e7d0c.jpg,362,342,0,342,362,426,455,370,0.57421875,0.2430419921875,0.034210205078125,0.01425933837890625,0.0105133056640625,1,2,Small-leaved Blinks,California Harebell,Small-leaved Blinks,Slender speedwell,Swamp Leather Flower,woodland pterostegia
val/07520_Plantae_Tracheophyta_Magnoliopsida_Caryophyllales_Polygonaceae_Bistorta_vivipara/744623d1-c54f-428e-88a0-72da7addd319.jpg,364,441,0,441,364,309,115,117,0.215576171875,0.07110595703125,0.04345703125,0.03204345703125,0.03131103515625,1,2,alpine bistort,black willow,alpine bistort,Saint Augustine grass,Owly Sulphur,Common Blue Damselfly
val/07520_Plantae_Tracheophyta_Magnoliopsida_Caryophyllales_Polygonaceae_Bistorta_vivipara/2ae44b8b-0c56-4db9-8593-a519dfcd6b39.jpg,364,296,0,296,429,381,364,292,0.10101318359375,0.07275390625,0.061737060546875,0.047698974609375,0.0271759033203125,1,4,alpine bistort,Slender Ladies' Tresses,Wand Mullein,common heather,alpine bistort,checkered rattlesnake plantain
val/07526_Plantae_Tracheophyta_Magnoliopsida_Caryophyllales_Polygonaceae_Eriogonum_deflexum/c6b97500-51d5-46c7-a9ff-18f24ec02256.jpg,365,420,0,420,464,435,365,474,0.228271484375,0.09222412109375,0.043914794921875,0.02581787109375,0.0197906494140625,1,4,skeleton weed,Beechdrops,sand cherry,Tropic Croton,skeleton weed,elephant tree
val/07536_Plantae_Tracheophyta_Magnoliopsida_Caryophyllales_Polygonaceae_Fallopia_cilinodis/e4d76770-d252-4a4c-bf48-5ab3b5feeae5.jpg,366,459,0,459,485,366,482,424,0.1461181640625,0.10125732421875,0.0943603515625,0.0618896484375,0.04058837890625,1,3,Fringed Bindweed,Korean mulberry,Porcelain Berry,Fringed Bindweed,Obscure Morning Glory,American lopseed
val/07536_Plantae_Tracheophyta_Magnoliopsida_Caryophyllales_Polygonaceae_Fallopia_cilinodis/c3806cb0-54a7-422d-bbd0-72ef59134115.jpg,366,332,0,332,366,473,482,459,0.418701171875,0.242431640625,0.07745361328125,0.05242919921875,0.0294036865234375,1,2,Fringed Bindweed,white rattlesnakeroot,Fringed Bindweed,poison ivy,Obscure Morning Glory,Korean mulberry
val/07536_Plantae_Tracheophyta_Magnoliopsida_Caryophyllales_Polygonaceae_Fallopia_cilinodis/8325cfce-f6d7-40de-944d-43fe67cbc95f.jpg,366,459,0,459,366,443,302,31,0.045257568359375,0.0445556640625,0.04388427734375,0.035247802734375,0.0341796875,1,2,Fringed Bindweed,Korean mulberry,Fringed Bindweed,velvetleaf,painted trillium,Southern Green Stink Bug
val/07536_Plantae_Tracheophyta_Magnoliopsida_Caryophyllales_Polygonaceae_Fallopia_cilinodis/d041d766-a77c-4354-b12f-da6d12b6c5bd.jpg,366,410,0,410,366,480,292,270,0.254638671875,0.07830810546875,0.059112548828125,0.057281494140625,0.0352783203125,1,2,Fringed Bindweed,carpet bugle,Fringed Bindweed,youth on age,checkered rattlesnake plantain,Scaly Chanterelle
val/07536_Plantae_Tracheophyta_Magnoliopsida_Caryophyllales_Polygonaceae_Fallopia_cilinodis/ee461356-f47a-4518-a533-4f5a3127eaca.jpg,366,432,0,432,481,298,366,214,0.11279296875,0.11102294921875,0.08514404296875,0.034942626953125,0.03179931640625,1,4,Fringed Bindweed,common pawpaw,red morning glory,scarlet fritillary,Fringed Bindweed,Downy Woodpecker
val/07552_Plantae_Tracheophyta_Magnoliopsida_Caryophyllales_Polygonaceae_Persicaria_maculosa/f2e685ec-e61e-44f6-9b63-9b0ae2f6b6bd.jpg,367,303,0,303,408,346,367,386,0.09869384765625,0.060791015625,0.042449951171875,0.03924560546875,0.03204345703125,1,4,redshank,sawbrier,Kanono,water forget-me-not,redshank,alpine azalea
val/07558_Plantae_Tracheophyta_Magnoliopsida_Caryophyllales_Polygonaceae_Polygonum_aviculare/7577c233-0ecf-440a-976a-80d2f57ef22f.jpg,368,369,0,369,368,404,348,392,0.34765625,0.277099609375,0.031097412109375,0.0225830078125,0.0204010009765625,1,2,prostrate knotweed,beach knotweed,prostrate knotweed,California Wax Myrtle,hairy bittercress,pygmy-flower rock-jasmine
val/07558_Plantae_Tracheophyta_Magnoliopsida_Caryophyllales_Polygonaceae_Polygonum_aviculare/1ed13620-dc3f-426b-b57b-2df9a9bb8a0d.jpg,368,306,0,306,307,308,367,368,0.152587890625,0.1513671875,0.09771728515625,0.051513671875,0.042694091796875,1,5,prostrate knotweed,Dallis grass,Annual Meadow-grass,Green Bristle Grass,redshank,prostrate knotweed
val/07559_Plantae_Tracheophyta_Magnoliopsida_Caryophyllales_Polygonaceae_Polygonum_paronychia/b95a094b-66d3-4046-bf7c-9fd229b9230c.jpg,369,277,0,277,368,369,474,347,0.1783447265625,0.0635986328125,0.056549072265625,0.045440673828125,0.03887939453125,1,3,beach knotweed,Sponge Weed,prostrate knotweed,beach knotweed,elephant tree,European Searocket
val/07560_Plantae_Tracheophyta_Magnoliopsida_Caryophyllales_Polygonaceae_Pterostegia_drymarioides/6ae60dd8-4122-416c-932c-48ad999da4b5.jpg,370,392,0,392,281,385,437,370,0.07257080078125,0.06109619140625,0.05145263671875,0.048736572265625,0.03765869140625,1,5,woodland pterostegia,pygmy-flower rock-jasmine,nodding onion,Gaultheria antipoda,Cassava,woodland pterostegia
val/07560_Plantae_Tracheophyta_Magnoliopsida_Caryophyllales_Polygonaceae_Pterostegia_drymarioides/ef0bb144-ddc7-4465-8b20-604ffdafbb53.jpg,370,473,0,473,370,362,292,297,0.2149658203125,0.075439453125,0.06976318359375,0.0596923828125,0.032958984375,1,2,woodland pterostegia,poison ivy,woodland pterostegia,Small-leaved Blinks,checkered rattlesnake plantain,giant white fawn lily
val/07567_Plantae_Tracheophyta_Magnoliopsida_Caryophyllales_Polygonaceae_Rumex_hymenosepalus/6dfd439b-be91-4038-96bc-43fa9b894ab4.jpg,371,337,0,337,242,303,371,310,0.06304931640625,0.061126708984375,0.05230712890625,0.050689697265625,0.03765869140625,1,4,canaigre dock,prairie dock,Brown Basilisk,sawbrier,canaigre dock,Kangaroo Grass
val/07576_Plantae_Tracheophyta_Magnoliopsida_Celastrales_Celastraceae_Canotia_holacantha/d799070e-acaa-43f9-a272-f2fc3b7d162e.jpg,372,279,0,279,372,383,319,469,0.494140625,0.370849609375,0.01503753662109375,0.006778717041015625,0.0035724639892578125,1,2,crucifixion thorn,longleaf ephedra,crucifixion thorn,Inaka,common burrobrush,Siberian elm
val/07576_Plantae_Tracheophyta_Magnoliopsida_Celastrales_Celastraceae_Canotia_holacantha/811bbaec-08ed-4261-af77-ed4c53a11c3a.jpg,372,383,0,383,372,491,380,279,0.20947265625,0.1341552734375,0.08203125,0.04388427734375,0.043212890625,1,2,crucifixion thorn,Inaka,crucifixion thorn,lodgepole pine,Big Berry Manzanita,longleaf ephedra
val/07611_Plantae_Tracheophyta_Magnoliopsida_Cornales_Loasaceae_Cevallia_sinuata/06865415-4142-44e5-a5e3-af7216af733d.jpg,373,435,0,435,373,283,318,352,0.289794921875,0.0970458984375,0.049163818359375,0.02960205078125,0.0253143310546875,1,2,Stinging Serpent,Tropic Croton,Stinging Serpent,Spiny Asparagus,common yarrow,Mexican tea
val/07611_Plantae_Tracheophyta_Magnoliopsida_Cornales_Loasaceae_Cevallia_sinuata/22838a9e-53ed-46d0-a5d4-a2401966b651.jpg,373,338,0,338,373,324,376,438,0.36083984375,0.1412353515625,0.08050537109375,0.03570556640625,0.02532958984375,1,2,Stinging Serpent,common wrinkle-leaved goldenrod,Stinging Serpent,tropical horseweed,squirting cucumber,Klamath weed
val/07619_Plantae_Tracheophyta_Magnoliopsida_Cucurbitales_Coriariaceae_Coriaria_arborea/e2c30089-31d5-4ad7-a7c1-0b3ad5b69d7c.jpg,375,398,0,398,375,450,359,494,0.22705078125,0.206787109375,0.0791015625,0.039154052734375,0.03619384765625,1,2,Tree Tutu,black locust,Tree Tutu,red pagoda,Sea Sandwort,Hen and Chicks Fern
val/07619_Plantae_Tracheophyta_Magnoliopsida_Cucurbitales_Coriariaceae_Coriaria_arborea/2833b480-f137-4d22-a6b9-272737db6ce7.jpg,375,31,0,31,405,142,118,375,0.72119140625,0.0164337158203125,0.0128021240234375,0.011474609375,0.010955810546875,1,5,Tree Tutu,Southern Green Stink Bug,Coast silk tassel,Eastern Dwarf Treefrog,Skimming Bluet,Tree Tutu
val/07678_Plantae_Tracheophyta_Magnoliopsida_Dipsacales_Viburnaceae_Viburnum_acerifolium/c94ba0fe-d3ba-4cef-953e-da9ec895bc4d.jpg,378,485,0,485,378,470,423,411,0.1025390625,0.056182861328125,0.048797607421875,0.039825439453125,0.026947021484375,1,2,mapleleaf viburnum,Porcelain Berry,mapleleaf viburnum,Canadian wood nettle,scarlet monkeyflower,lemon balm
val/07678_Plantae_Tracheophyta_Magnoliopsida_Dipsacales_Viburnaceae_Viburnum_acerifolium/5e77adb8-74dc-4e5b-8b0e-283cc93ba711.jpg,378,346,0,346,313,378,312,333,0.095703125,0.0787353515625,0.072265625,0.03521728515625,0.02874755859375,1,3,mapleleaf viburnum,water forget-me-not,upright hedge-parsley,mapleleaf viburnum,Broad-leaved Chervil,Tauhinu
val/07678_Plantae_Tracheophyta_Magnoliopsida_Dipsacales_Viburnaceae_Viburnum_acerifolium/c1269c0e-af53-40c4-8df3-f6214cd86ec4.jpg,378,470,0,470,378,456,325,9,0.120849609375,0.10498046875,0.0911865234375,0.051971435546875,0.03515625,1,2,mapleleaf viburnum,Canadian wood nettle,mapleleaf viburnum,Virginia virgin's-bower,tall boneset,Spotted Longhorn
val/07707_Plantae_Tracheophyta_Magnoliopsida_Ericales_Ericaceae_Arbutus_unedo/519d80c5-fde3-4196-b0f8-695e3cec7264.jpg,379,314,0,314,375,379,406,345,0.183837890625,0.1387939453125,0.09765625,0.04400634765625,0.030731201171875,1,3,strawberry tree,Japanese aralia,Tree Tutu,strawberry tree,American columbo,broadleaf forget-me-not
val/07709_Plantae_Tracheophyta_Magnoliopsida_Ericales_Ericaceae_Arctostaphylos_glauca/ea71bbe3-5e2a-4afb-af24-91657570cf04.jpg,380,474,0,474,197,380,192,189,0.338134765625,0.08551025390625,0.0450439453125,0.031951904296875,0.030487060546875,1,3,Big Berry Manzanita,elephant tree,Tomtit,Big Berry Manzanita,Golden-winged Warbler,Hooded Warbler
val/07709_Plantae_Tracheophyta_Magnoliopsida_Ericales_Ericaceae_Arctostaphylos_glauca/09db8217-5c4f-4b0d-be46-05c6030c066e.jpg,380,398,0,398,380,474,166,350,0.315673828125,0.059783935546875,0.049560546875,0.032257080078125,0.03125,1,2,Big Berry Manzanita,black locust,Big Berry Manzanita,elephant tree,Red-billed Pigeon,California shieldpod
val/07709_Plantae_Tracheophyta_Magnoliopsida_Ericales_Ericaceae_Arctostaphylos_glauca/82d8cc8b-55e1-4166-8070-b4794ec33772.jpg,380,405,0,405,198,377,380,279,0.18603515625,0.06842041015625,0.0653076171875,0.05499267578125,0.0272216796875,1,4,Big Berry Manzanita,Coast silk tassel,Common Firecrest,Western Snowberry,Big Berry Manzanita,longleaf ephedra
val/07715_Plantae_Tracheophyta_Magnoliopsida_Ericales_Ericaceae_Calluna_vulgaris/3c1f7c91-445a-477b-a0da-a1b70ba9fe73.jpg,381,281,0,281,364,291,381,412,0.60693359375,0.0347900390625,0.01861572265625,0.0176239013671875,0.01129150390625,1,4,common heather,nodding onion,alpine bistort,Common Spotted Orchid,common heather,spotted horse mint
val/07715_Plantae_Tracheophyta_Magnoliopsida_Ericales_Ericaceae_Calluna_vulgaris/97444ce2-1c59-4652-884a-4f7ad85c3a11.jpg,381,333,0,333,381,387,465,460,0.20068359375,0.074951171875,0.0499267578125,0.040435791015625,0.0284576416015625,1,2,common heather,Tauhinu,common heather,Prickly mingimingi,Blackthorn,parsley hawthorn
val/07718_Plantae_Tracheophyta_Magnoliopsida_Ericales_Ericaceae_Ceratiola_ericoides/22f2de77-7610-4629-a1ef-b3f799efa982.jpg,382,395,0,395,382,383,279,324,0.63818359375,0.1915283203125,0.041748046875,0.036834716796875,0.005741119384765625,1,2,sand heath,Scotch Broom,sand heath,Inaka,longleaf ephedra,tropical horseweed
val/07723_Plantae_Tracheophyta_Magnoliopsida_Ericales_Ericaceae_Dracophyllum_longifolium/7a07e87f-8aab-46f0-9e3a-fba3ee678fc1.jpg,383,382,0,382,383,288,279,332,0.1805419921875,0.161865234375,0.132568359375,0.01436614990234375,0.01277923583984375,1,2,Inaka,sand heath,Inaka,Mountain flax,longleaf ephedra,white rattlesnakeroot
val/07740_Plantae_Tracheophyta_Magnoliopsida_Ericales_Ericaceae_Gaultheria_antipoda/ed588320-5d4a-4389-9159-d6b3bbba4806.jpg,385,319,0,319,387,385,351,278,0.5654296875,0.0887451171875,0.06805419921875,0.045684814453125,0.0224456787109375,1,3,Gaultheria antipoda,common burrobrush,Prickly mingimingi,Gaultheria antipoda,Mountain Horopito,Flat-leaved Scalewort
val/07740_Plantae_Tracheophyta_Magnoliopsida_Ericales_Ericaceae_Gaultheria_antipoda/6065165e-f616-463c-842f-47be0f090a30.jpg,385,368,0,368,479,385,275,324,0.11187744140625,0.0733642578125,0.050811767578125,0.050018310546875,0.0421142578125,1,3,Gaultheria antipoda,prostrate knotweed,Goose-berry,Gaultheria antipoda,fan moss,tropical horseweed
val/07751_Plantae_Tracheophyta_Magnoliopsida_Ericales_Ericaceae_Leptecophylla_juniperina/a3f8d329-9eca-43fd-be06-5082675198b4.jpg,387,284,0,284,387,460,486,407,0.2418212890625,0.08160400390625,0.07696533203125,0.07257080078125,0.04705810546875,1,2,Prickly mingimingi,asparagus,Prickly mingimingi,parsley hawthorn,Pima Rhatany,Coprosma dumosa
val/07792_Plantae_Tracheophyta_Magnoliopsida_Ericales_Ericaceae_Vaccinium_membranaceum/614ce9b6-321a-447a-a8ef-193cceba27a9.jpg,388,449,0,449,388,377,473,351,0.32470703125,0.1021728515625,0.09014892578125,0.044647216796875,0.034210205078125,1,2,black huckleberry,Golden Sunshinebush,black huckleberry,Western Snowberry,poison ivy,Mountain Horopito
val/07792_Plantae_Tracheophyta_Magnoliopsida_Ericales_Ericaceae_Vaccinium_membranaceum/d4d0eaac-b73b-4396-8018-ef339fd5f36e.jpg,388,473,0,473,388,439,353,456,0.26806640625,0.1976318359375,0.08837890625,0.05035400390625,0.0265350341796875,1,2,black huckleberry,poison ivy,black huckleberry,bebb's willow,Mignonette vine,Virginia virgin's-bower
val/07792_Plantae_Tracheophyta_Magnoliopsida_Ericales_Ericaceae_Vaccinium_membranaceum/6898fcd4-f394-47da-891e-f2720e701706.jpg,388,378,0,378,388,464,485,38,0.298583984375,0.274169921875,0.0195465087890625,0.01343536376953125,0.01131439208984375,1,2,black huckleberry,mapleleaf viburnum,black huckleberry,sand cherry,Porcelain Berry,New York Carpenter Ant
val/07814_Plantae_Tracheophyta_Magnoliopsida_Ericales_Polemoniaceae_Ipomopsis_longiflora/bdabc647-6ed9-4df1-97ee-ef1681483813.jpg,389,297,0,297,329,294,350,389,0.196533203125,0.0758056640625,0.07232666015625,0.0711669921875,0.06689453125,1,5,flaxflowered ipomopsis,giant white fawn lily,Old Plainsman,Fly Orchid,California shieldpod,flaxflowered ipomopsis
val/07830_Plantae_Tracheophyta_Magnoliopsida_Ericales_Polemoniaceae_Phlox_drummondii/8f26a4c2-47ae-406f-988b-96c2473423f0.jpg,390,431,0,431,390,295,391,289,0.26416015625,0.251953125,0.08441162109375,0.046630859375,0.0166168212890625,1,2,Drummond's phlox,Dakota mock vervain,Drummond's phlox,Philippine Ground Orchid,longleaf phlox,Spring Crocus
val/07830_Plantae_Tracheophyta_Magnoliopsida_Ericales_Polemoniaceae_Phlox_drummondii/129d4f3c-d7c7-442a-876f-3214f31538e0.jpg,390,431,0,431,430,386,390,68,0.2093505859375,0.051300048828125,0.047821044921875,0.039794921875,0.030517578125,1,4,Drummond's phlox,Dakota mock vervain,golden dewdrop,alpine azalea,Drummond's phlox,Umber Skipper
val/07832_Plantae_Tracheophyta_Magnoliopsida_Ericales_Polemoniaceae_Phlox_longifolia/1cdf778b-9956-418c-a6ab-7c433e8d3d1c.jpg,391,295,0,295,289,446,444,391,0.360107421875,0.04833984375,0.038238525390625,0.030731201171875,0.0262908935546875,1,5,longleaf phlox,Philippine Ground Orchid,Spring Crocus,rose evening primrose,Island Mallow,longleaf phlox
val/07832_Plantae_Tracheophyta_Magnoliopsida_Ericales_Polemoniaceae_Phlox_longifolia/007bad37-ee83-4965-b72e-bb8a4c9289b5.jpg,391,360,0,360,295,391,390,415,0.404541015625,0.315185546875,0.07196044921875,0.045379638671875,0.030242919921875,1,3,longleaf phlox,ragged-Robin,Philippine Ground Orchid,longleaf phlox,Drummond's phlox,Marsh Woundwort
val/07843_Plantae_Tracheophyta_Magnoliopsida_Ericales_Primulaceae_Androsace_septentrionalis/5b9d2b57-3c54-4c26-a71f-dc72568442f4.jpg,392,370,0,370,392,281,362,397,0.401611328125,0.06304931640625,0.0419921875,0.039459228515625,0.0211181640625,1,2,pygmy-flower rock-jasmine,woodland pterostegia,pygmy-flower rock-jasmine,nodding onion,Small-leaved Blinks,Common Flat-pea
val/07843_Plantae_Tracheophyta_Magnoliopsida_Ericales_Primulaceae_Androsace_septentrionalis/25d6bda0-bc47-4280-aba8-ce52b3471558.jpg,392,361,0,361,392,348,396,345,0.65185546875,0.225341796875,0.032196044921875,0.0186309814453125,0.005096435546875,1,2,pygmy-flower rock-jasmine,lesser stitchwort,pygmy-flower rock-jasmine,hairy bittercress,white sweet clover,broadleaf forget-me-not
val/07843_Plantae_Tracheophyta_Magnoliopsida_Ericales_Primulaceae_Androsace_septentrionalis/5c4a984c-3940-401d-8d36-ba7f3097c8bd.jpg,392,348,0,348,392,281,33,304,0.1163330078125,0.0662841796875,0.061279296875,0.057586669921875,0.02850341796875,1,2,pygmy-flower rock-jasmine,hairy bittercress,pygmy-flower rock-jasmine,nodding onion,Ashy Mining Bee,Fingered Sedge
val/07888_Plantae_Tracheophyta_Magnoliopsida_Fabales_Fabaceae_Acacia_confusa/00d9944f-3c5a-4a40-9751-ad44ff55188f.jpg,393,403,0,403,287,393,324,448,0.2119140625,0.07098388671875,0.04583740234375,0.0362548828125,0.032745361328125,1,3,Taiwan Acacia,willow oak,Branched Asphodel,Taiwan Acacia,tropical horseweed,Coastal Banksia
val/07888_Plantae_Tracheophyta_Magnoliopsida_Fabales_Fabaceae_Acacia_confusa/5ebb8e9a-e1c3-43fc-822f-49a60b82d74b.jpg,393,403,0,403,309,393,404,346,0.6884765625,0.19873046875,0.04132080078125,0.01250457763671875,0.010955810546875,1,3,Taiwan Acacia,willow oak,Saint Augustine grass,Taiwan Acacia,California Wax Myrtle,water forget-me-not
val/07891_Plantae_Tracheophyta_Magnoliopsida_Fabales_Fabaceae_Acacia_longifolia/53a40200-be9e-4b3f-9e18-581e2ed9e2e2.jpg,394,404,0,404,394,379,449,464,0.260498046875,0.2288818359375,0.1378173828125,0.0784912109375,0.0228424072265625,1,2,longleaf wattle,California Wax Myrtle,longleaf wattle,strawberry tree,Golden Sunshinebush,sand cherry
val/07891_Plantae_Tracheophyta_Magnoliopsida_Fabales_Fabaceae_Acacia_longifolia/a5b778fc-fa00-4a2f-bd74-c8502d1d8f94.jpg,394,404,0,404,394,393,288,406,0.316650390625,0.07763671875,0.0614013671875,0.038421630859375,0.0311126708984375,1,2,longleaf wattle,California Wax Myrtle,longleaf wattle,Taiwan Acacia,Mountain flax,American columbo
val/07891_Plantae_Tracheophyta_Magnoliopsida_Fabales_Fabaceae_Acacia_longifolia/0eedfe16-874d-4b70-84b8-346bfcb149a7.jpg,394,379,0,379,464,449,394,404,0.338623046875,0.336181640625,0.1275634765625,0.027374267578125,0.00983428955078125,1,4,longleaf wattle,strawberry tree,sand cherry,Golden Sunshinebush,longleaf wattle,California Wax Myrtle
val/07943_Plantae_Tracheophyta_Magnoliopsida_Fabales_Fabaceae_Cytisus_scoparius/dc3c72f9-2f2c-4ff8-b9f9-7fe76488a30e.jpg,395,285,0,285,279,395,288,116,0.18212890625,0.08013916015625,0.0435791015625,0.03265380859375,0.01904296875,1,3,Scotch Broom,small camas,longleaf ephedra,Scotch Broom,Mountain flax,Ebony Jewelwing
val/07943_Plantae_Tracheophyta_Magnoliopsida_Fabales_Fabaceae_Cytisus_scoparius/8095472f-a515-41d6-beff-82eadc5de9c1.jpg,395,287,0,287,288,406,339,395,0.10791015625,0.08343505859375,0.0718994140625,0.051788330078125,0.042938232421875,1,5,Scotch Broom,Branched Asphodel,Mountain flax,American columbo,prickly sowthistle,Scotch Broom
val/07943_Plantae_Tracheophyta_Magnoliopsida_Fabales_Fabaceae_Cytisus_scoparius/466c9c54-3095-46ab-8998-46dd50833a41.jpg,395,108,0,108,35,395,104,5,0.09063720703125,0.0653076171875,0.023101806640625,0.0203857421875,0.020233154296875,1,3,Scotch Broom,Pine Hawk-Moth,Elm Sawfly,Scotch Broom,Giant Peacock Moth,Eastern Bark Centipede
val/08024_Plantae_Tracheophyta_Magnoliopsida_Fabales_Fabaceae_Melilotus_albus/728ef5ce-07fc-4277-8746-9d98e7072542.jpg,396,296,0,296,396,429,463,464,0.299560546875,0.2332763671875,0.050445556640625,0.02618408203125,0.01275634765625,1,2,white sweet clover,Slender Ladies' Tresses,white sweet clover,Wand Mullein,desert almond,sand cherry
val/08047_Plantae_Tracheophyta_Magnoliopsida_Fabales_Fabaceae_Platylobium_obtusangulum/289cce2d-16e5-4e18-bb42-2a9d58e7a00a.jpg,397,388,0,388,397,437,259,479,0.0797119140625,0.043670654296875,0.032196044921875,0.02691650390625,0.0252838134765625,1,2,Common Flat-pea,black huckleberry,Common Flat-pea,Cassava,Turkish Snail,Goose-berry
val/08047_Plantae_Tracheophyta_Magnoliopsida_Fabales_Fabaceae_Platylobium_obtusangulum/87a99869-ed6a-4b9a-a1b9-52c5047f7338.jpg,397,423,0,423,397,298,444,100,0.2415771484375,0.10186767578125,0.018707275390625,0.0175628662109375,0.0149078369140625,1,2,Common Flat-pea,scarlet monkeyflower,Common Flat-pea,scarlet fritillary,Island Mallow,Red-bordered Pixie
val/08057_Plantae_Tracheophyta_Magnoliopsida_Fabales_Fabaceae_Robinia_pseudoacacia/261dcf99-c5aa-40aa-9c44-4bf3af8ebe89.jpg,398,349,0,349,398,474,496,334,0.26318359375,0.14306640625,0.1046142578125,0.04644775390625,0.035064697265625,1,2,black locust,narrow-leaved bittercress,black locust,elephant tree,brittle bladderfern,Great Plains Ragwort
val/08083_Plantae_Tracheophyta_Magnoliopsida_Fabales_Fabaceae_Thermopsis_californica/79464c91-844a-403e-a686-74d23955cbfd.jpg,399,428,0,428,399,473,304,438,0.24169921875,0.115966796875,0.08221435546875,0.033203125,0.0254669189453125,1,2,California goldenbanner,Dark Mullein,California goldenbanner,poison ivy,Fingered Sedge,Klamath weed
val/08193_Plantae_Tracheophyta_Magnoliopsida_Fagales_Fagaceae_Quercus_michauxii/3865df95-ec70-4bf3-a205-713435dba338.jpg,402,433,0,433,402,432,408,473,0.91357421875,0.027587890625,0.018524169921875,0.002506256103515625,0.0013628005981445312,1,2,swamp chestnut oak,umbrella magnolia,swamp chestnut oak,common pawpaw,Kanono,poison ivy
val/08193_Plantae_Tracheophyta_Magnoliopsida_Fagales_Fagaceae_Quercus_michauxii/fab69a31-5489-47c6-ab95-9a16a59cf011.jpg,402,460,0,460,471,320,402,479,0.44921875,0.11358642578125,0.0267791748046875,0.0240020751953125,0.0222015380859375,1,4,swamp chestnut oak,parsley hawthorn,Dwarf Nettle,common mugwort,swamp chestnut oak,Goose-berry
val/08193_Plantae_Tracheophyta_Magnoliopsida_Fagales_Fagaceae_Quercus_michauxii/a6110853-6b37-4022-bc7a-593c1a59f8fa.jpg,402,433,0,433,361,424,402,432,0.450439453125,0.056365966796875,0.03875732421875,0.03814697265625,0.0311279296875,1,4,swamp chestnut oak,umbrella magnolia,lesser stitchwort,American lopseed,swamp chestnut oak,common pawpaw
val/08198_Plantae_Tracheophyta_Magnoliopsida_Fagales_Fagaceae_Quercus_phellos/eb18de53-121c-4ca1-a26a-346f4c7569d8.jpg,403,404,0,404,393,403,309,304,0.23583984375,0.204833984375,0.055145263671875,0.045013427734375,0.03790283203125,1,3,willow oak,California Wax Myrtle,Taiwan Acacia,willow oak,Saint Augustine grass,Fingered Sedge
val/08198_Plantae_Tracheophyta_Magnoliopsida_Fagales_Fagaceae_Quercus_phellos/f5d7de0f-bd1a-47e0-9fcf-4eb38197b7e8.jpg,403,441,0,441,403,393,467,309,0.41845703125,0.11993408203125,0.10748291015625,0.09051513671875,0.06622314453125,1,2,willow oak,black willow,willow oak,Taiwan Acacia,Rubus schmidelioides,Saint Augustine grass
val/08198_Plantae_Tracheophyta_Magnoliopsida_Fagales_Fagaceae_Quercus_phellos/02b0d1f7-8dca-4755-9c55-af7f730701cb.jpg,403,417,0,417,403,433,406,458,0.1851806640625,0.09759521484375,0.051025390625,0.049468994140625,0.03192138671875,1,2,willow oak,Lilac chaste tree,willow oak,umbrella magnolia,American columbo,meadow buttercup
val/08198_Plantae_Tracheophyta_Magnoliopsida_Fagales_Fagaceae_Quercus_phellos/26554169-5587-4fa0-8ee0-24edec523c84.jpg,403,488,0,488,403,402,469,398,0.71923828125,0.08795166015625,0.04632568359375,0.026397705078125,0.0113525390625,1,2,willow oak,baldcypress,willow oak,swamp chestnut oak,Siberian elm,black locust
val/08220_Plantae_Tracheophyta_Magnoliopsida_Fagales_Myricaceae_Morella_californica/cf5aee29-00ff-4914-b0b9-f36e7ba43024.jpg,404,166,0,166,393,280,404,202,0.173583984375,0.168212890625,0.06695556640625,0.05377197265625,0.0521240234375,1,4,California Wax Myrtle,Red-billed Pigeon,Taiwan Acacia,coconut palm,California Wax Myrtle,Blue-gray Tanager
val/08220_Plantae_Tracheophyta_Magnoliopsida_Fagales_Myricaceae_Morella_californica/4f1eaf22-e119-4b90-8ac8-70e4e46f6288.jpg,404,449,0,449,324,383,333,404,0.2274169921875,0.131591796875,0.06719970703125,0.06719970703125,0.04620361328125,1,5,California Wax Myrtle,Golden Sunshinebush,tropical horseweed,Inaka,Tauhinu,California Wax Myrtle
val/08220_Plantae_Tracheophyta_Magnoliopsida_Fagales_Myricaceae_Morella_californica/dea10715-a367-4e8f-b690-e1e53d64fdea.jpg,404,403,0,403,404,314,408,324,0.35498046875,0.14453125,0.0225067138671875,0.021820068359375,0.01739501953125,1,2,California Wax Myrtle,willow oak,California Wax Myrtle,Japanese aralia,Kanono,tropical horseweed
val/08220_Plantae_Tracheophyta_Magnoliopsida_Fagales_Myricaceae_Morella_californica/555a9caf-d72c-4905-ad92-54cf60db09de.jpg,404,448,0,448,393,324,404,320,0.258544921875,0.1259765625,0.1259765625,0.0355224609375,0.034423828125,1,4,California Wax Myrtle,Coastal Banksia,Taiwan Acacia,tropical horseweed,California Wax Myrtle,common mugwort
val/08226_Plantae_Tracheophyta_Magnoliopsida_Garryales_Garryaceae_Garrya_elliptica/098fd00c-b83f-412b-bc6d-27b465ee5804.jpg,405,388,0,388,405,385,351,368,0.1971435546875,0.1646728515625,0.05474853515625,0.0252532958984375,0.0250701904296875,1,2,Coast silk tassel,black huckleberry,Coast silk tassel,Gaultheria antipoda,Mountain Horopito,prostrate knotweed
val/08226_Plantae_Tracheophyta_Magnoliopsida_Garryales_Garryaceae_Garrya_elliptica/a7a8b107-6a8c-4352-aaa0-0fb05d79ec82.jpg,405,448,0,448,461,405,244,200,0.1829833984375,0.08642578125,0.07867431640625,0.07110595703125,0.05755615234375,1,3,Coast silk tassel,Coastal Banksia,Loquat,Coast silk tassel,Green Iguana,Wrentit
val/08325_Plantae_Tracheophyta_Magnoliopsida_Gentianales_Rubiaceae_Coprosma_dumosa/db79806f-b76a-4881-968e-977bc38e2885.jpg,407,463,0,463,407,368,467,472,0.6435546875,0.231689453125,0.01435089111328125,0.00884246826171875,0.006343841552734375,1,2,Coprosma dumosa,desert almond,Coprosma dumosa,prostrate knotweed,Rubus schmidelioides,desert mistletoe
val/08325_Plantae_Tracheophyta_Magnoliopsida_Gentianales_Rubiaceae_Coprosma_dumosa/64b7fbdd-f57f-4f1d-b81c-2f9cb99dd5aa.jpg,407,395,0,395,385,407,396,381,0.08343505859375,0.0736083984375,0.06103515625,0.04534912109375,0.03424072265625,1,3,Coprosma dumosa,Scotch Broom,Gaultheria antipoda,Coprosma dumosa,white sweet clover,common heather
val/08325_Plantae_Tracheophyta_Magnoliopsida_Gentianales_Rubiaceae_Coprosma_dumosa/023a4fd2-2960-4149-9e77-5aa06289aabd.jpg,407,463,0,463,407,319,365,387,0.426513671875,0.264892578125,0.131103515625,0.01338958740234375,0.01277923583984375,1,2,Coprosma dumosa,desert almond,Coprosma dumosa,common burrobrush,skeleton weed,Prickly mingimingi
val/08325_Plantae_Tracheophyta_Magnoliopsida_Gentianales_Rubiaceae_Coprosma_dumosa/8f896e16-e0d6-4ab2-8ebf-18ed2d4cfced.jpg,407,319,0,319,463,472,399,407,0.1453857421875,0.1168212890625,0.0731201171875,0.053070068359375,0.047943115234375,1,5,Coprosma dumosa,common burrobrush,desert almond,desert mistletoe,California goldenbanner,Coprosma dumosa
val/08327_Plantae_Tracheophyta_Magnoliopsida_Gentianales_Rubiaceae_Coprosma_grandifolia/0963a06a-ad1b-46fc-afcf-f6f1653ca4f6.jpg,408,447,0,447,408,440,351,469,0.132080078125,0.1221923828125,0.08941650390625,0.05255126953125,0.0260162353515625,1,2,Kanono,Wineberry,Kanono,Grey Willow,Mountain Horopito,Siberian elm
val/08426_Plantae_Tracheophyta_Magnoliopsida_Lamiales_Lamiaceae_Ajuga_genevensis/4717a0b0-054e-409b-a571-746f29564e3d.jpg,409,410,0,410,409,415,454,80,0.307373046875,0.18505859375,0.0283660888671875,0.0283660888671875,0.0226287841796875,1,2,Blue Bugle,carpet bugle,Blue Bugle,Marsh Woundwort,common columbine,Alfalfa Looper
val/08427_Plantae_Tracheophyta_Magnoliopsida_Lamiales_Lamiaceae_Ajuga_reptans/162e93c5-5948-483e-88a9-a3406f91fbe6.jpg,410,409,0,409,344,410,416,490,0.80712890625,0.05389404296875,0.032928466796875,0.0034847259521484375,0.003223419189453125,1,3,carpet bugle,Blue Bugle,Salvation Jane,carpet bugle,woolly blue curls,white fir
val/08427_Plantae_Tracheophyta_Magnoliopsida_Lamiales_Lamiaceae_Ajuga_reptans/f4c15883-5c5a-4637-9bf1-77f5be145123.jpg,410,59,0,59,410,270,269,487,0.29638671875,0.030517578125,0.02490234375,0.0245208740234375,0.0168609619140625,1,2,carpet bugle,Black-dotted Ruddy Moth,carpet bugle,Scaly Chanterelle,Peppery Bolete,giant sequoia
val/08427_Plantae_Tracheophyta_Magnoliopsida_Lamiales_Lamiaceae_Ajuga_reptans/a0a7f24e-fe96-442f-baa3-a7ae6dde5ba2.jpg,410,409,0,409,410,286,343,425,0.685546875,0.19482421875,0.01715087890625,0.00704193115234375,0.0061187744140625,1,2,carpet bugle,Blue Bugle,carpet bugle,Grape hyacinth,Sheep's-bit,American brooklime
val/08471_Plantae_Tracheophyta_Magnoliopsida_Lamiales_Lamiaceae_Monarda_punctata/69a1ceba-ef5d-4625-8fc1-97ce6a1a6872.jpg,412,291,0,291,431,412,414,381,0.278564453125,0.056610107421875,0.049163818359375,0.025909423828125,0.019561767578125,1,3,spotted horse mint,Common Spotted Orchid,Dakota mock vervain,spotted horse mint,chia,common heather
val/08486_Plantae_Tracheophyta_Magnoliopsida_Lamiales_Lamiaceae_Salvia_columbariae/6bb27ccd-5e83-4437-9880-42c011bad9fe.jpg,414,343,0,343,414,339,286,331,0.81884765625,0.0267333984375,0.0089569091796875,0.005870819091796875,0.0038814544677734375,1,2,chia,Sheep's-bit,chia,prickly sowthistle,Grape hyacinth,Snow Squarestem
val/08486_Plantae_Tracheophyta_Magnoliopsida_Lamiales_Lamiaceae_Salvia_columbariae/bf9d2ae0-0e5b-48ea-8f1d-b3b13bd416f5.jpg,414,343,0,343,490,414,322,492,0.10235595703125,0.0479736328125,0.0472412109375,0.025482177734375,0.0203094482421875,1,3,chia,Sheep's-bit,white fir,chia,Texas Thistle,ponderosa pine
val/08486_Plantae_Tracheophyta_Magnoliopsida_Lamiales_Lamiaceae_Salvia_columbariae/fa2c8a58-a42d-4733-abd7-ee7a44495019.jpg,414,343,0,343,414,286,410,363,0.267578125,0.232421875,0.04400634765625,0.038543701171875,0.0207977294921875,1,2,chia,Sheep's-bit,chia,Grape hyacinth,carpet bugle,Perez's sea lavender
val/08523_Plantae_Tracheophyta_Magnoliopsida_Lamiales_Lamiaceae_Trichostema_lanatum/dfc04156-324a-45e9-bd8b-3d1dea7bd525.jpg,416,381,0,381,417,421,416,363,0.60009765625,0.2313232421875,0.0294189453125,0.0257568359375,0.01611328125,1,4,woolly blue curls,common heather,Lilac chaste tree,Red Odontites,woolly blue curls,Perez's sea lavender
val/08526_Plantae_Tracheophyta_Magnoliopsida_Lamiales_Lamiaceae_Vitex_agnus-castus/f9998f86-1d0a-4d7f-860b-af698c6c5d72.jpg,417,437,0,437,457,404,324,417,0.2469482421875,0.1121826171875,0.0517578125,0.04901123046875,0.0439453125,1,5,Lilac chaste tree,Cassava,eastern pasqueflower,California Wax Myrtle,tropical horseweed,Lilac chaste tree
val/08526_Plantae_Tracheophyta_Magnoliopsida_Lamiales_Lamiaceae_Vitex_agnus-castus/068d48e1-ca20-4c7a-8574-9dec0631ff4e.jpg,417,394,0,394,412,387,360,417,0.27197265625,0.10400390625,0.0816650390625,0.058349609375,0.049530029296875,1,5,Lilac chaste tree,longleaf wattle,spotted horse mint,Prickly mingimingi,ragged-Robin,Lilac chaste tree
val/08526_Plantae_Tracheophyta_Magnoliopsida_Lamiales_Lamiaceae_Vitex_agnus-castus/f2de0a20-953f-48a6-8196-0593bf4d52b6.jpg,417,320,0,320,417,352,338,412,0.33349609375,0.234619140625,0.0863037109375,0.07861328125,0.02716064453125,1,2,Lilac chaste tree,common mugwort,Lilac chaste tree,Mexican tea,common wrinkle-leaved goldenrod,spotted horse mint
val/08526_Plantae_Tracheophyta_Magnoliopsida_Lamiales_Lamiaceae_Vitex_agnus-castus/40a685ba-e22b-4778-8279-f7bab8ce1b5d.jpg,417,352,0,352,417,416,396,180,0.2236328125,0.0914306640625,0.04669189453125,0.040252685546875,0.019317626953125,1,2,Lilac chaste tree,Mexican tea,Lilac chaste tree,woolly blue curls,white sweet clover,Violet-green Swallow
val/08600_Plantae_Tracheophyta_Magnoliopsida_Lamiales_Orobanchaceae_Odontites_vulgaris/958d2464-3e8a-41d2-911f-7d53a57503ab.jpg,421,450,0,450,421,324,478,369,0.13134765625,0.1263427734375,0.040679931640625,0.034271240234375,0.0211029052734375,1,2,Red Odontites,red pagoda,Red Odontites,tropical horseweed,western roseroot,beach knotweed
val/08600_Plantae_Tracheophyta_Magnoliopsida_Lamiales_Orobanchaceae_Odontites_vulgaris/af119cb7-cfb7-441d-802a-d7e7c6d8ec40.jpg,421,412,0,412,421,486,454,480,0.370361328125,0.0826416015625,0.046356201171875,0.041534423828125,0.0212249755859375,1,2,Red Odontites,spotted horse mint,Red Odontites,Pima Rhatany,common columbine,youth on age
val/08606_Plantae_Tracheophyta_Magnoliopsida_Lamiales_Orobanchaceae_Pedicularis_densiflora/252df730-c2b0-4074-81d4-bfa22db870b1.jpg,422,371,0,371,422,293,320,418,0.1541748046875,0.1239013671875,0.05853271484375,0.046295166015625,0.031829833984375,1,2,Indian Warrior,canaigre dock,Indian Warrior,bird's-nest orchid,common mugwort,field Indian paintbrush
val/08626_Plantae_Tracheophyta_Magnoliopsida_Lamiales_Phrymaceae_Erythranthe_cardinalis/ddc0f7c1-1a7b-4659-9551-5d6199e80778.jpg,423,446,0,446,423,294,323,290,0.0762939453125,0.048095703125,0.03717041015625,0.025543212890625,0.0222015380859375,1,2,scarlet monkeyflower,rose evening primrose,scarlet monkeyflower,Fly Orchid,narrow-leaved hawksbeard,Red Helleborine
val/08633_Plantae_Tracheophyta_Magnoliopsida_Lamiales_Phrymaceae_Phryma_leptostachya/d838738d-cba7-4ba1-8141-64012893dcd3.jpg,424,303,0,303,424,473,408,297,0.1085205078125,0.0899658203125,0.0599365234375,0.058074951171875,0.050445556640625,1,2,American lopseed,sawbrier,American lopseed,poison ivy,Kanono,giant white fawn lily
val/08633_Plantae_Tracheophyta_Magnoliopsida_Lamiales_Phrymaceae_Phryma_leptostachya/d676af5b-f2f3-48fa-aeef-284799a822ec.jpg,424,480,0,480,424,290,305,429,0.34619140625,0.2454833984375,0.046112060546875,0.03271484375,0.01983642578125,1,2,American lopseed,youth on age,American lopseed,Red Helleborine,common three-square,Wand Mullein
val/08633_Plantae_Tracheophyta_Magnoliopsida_Lamiales_Phrymaceae_Phryma_leptostachya/ee468897-3880-4b61-9a80-fc26559789fc.jpg,424,332,0,332,424,485,378,459,0.153564453125,0.11505126953125,0.08416748046875,0.08416748046875,0.053497314453125,1,2,American lopseed,white rattlesnakeroot,American lopseed,Porcelain Berry,mapleleaf viburnum,Korean mulberry
val/08687_Plantae_Tracheophyta_Magnoliopsida_Lamiales_Plantaginaceae_Veronica_americana/9a8d34ca-fec2-4eab-807e-25eb87909de3.jpg,425,426,0,426,425,455,32,446,0.414794921875,0.09112548828125,0.036224365234375,0.0282135009765625,0.01140594482421875,1,2,American brooklime,Slender speedwell,American brooklime,Swamp Leather Flower,Jagged Ambush Bug,rose evening primrose
val/08687_Plantae_Tracheophyta_Magnoliopsida_Lamiales_Plantaginaceae_Veronica_americana/77645eda-0cc5-4bbc-be2c-b4f1fe98e7a7.jpg,425,346,0,346,425,345,410,411,0.310546875,0.230712890625,0.084228515625,0.0195465087890625,0.018218994140625,1,2,American brooklime,water forget-me-not,American brooklime,broadleaf forget-me-not,carpet bugle,lemon balm
val/08687_Plantae_Tracheophyta_Magnoliopsida_Lamiales_Plantaginaceae_Veronica_americana/bdc24676-489b-42a3-a387-bfa1cae81c18.jpg,425,347,0,347,426,425,465,430,0.294677734375,0.24609375,0.041473388671875,0.022186279296875,0.019287109375,1,3,American brooklime,European Searocket,Slender speedwell,American brooklime,Blackthorn,golden dewdrop
val/08687_Plantae_Tracheophyta_Magnoliopsida_Lamiales_Plantaginaceae_Veronica_americana/9cd28f70-e288-49ba-802d-76d2f5f5b18b.jpg,425,426,0,426,425,454,342,347,0.299560546875,0.292724609375,0.055633544921875,0.0224761962890625,0.0212860107421875,1,2,American brooklime,Slender speedwell,American brooklime,common columbine,California Harebell,European Searocket
val/08687_Plantae_Tracheophyta_Magnoliopsida_Lamiales_Plantaginaceae_Veronica_americana/aeb98672-b6fb-4e2c-b998-fbb429bd7121.jpg,425,426,0,426,345,425,485,346,0.283203125,0.106689453125,0.07049560546875,0.033843994140625,0.01512908935546875,1,3,American brooklime,Slender speedwell,broadleaf forget-me-not,American brooklime,Porcelain Berry,water forget-me-not
val/08693_Plantae_Tracheophyta_Magnoliopsida_Lamiales_Plantaginaceae_Veronica_filiformis/aa94efa1-d33d-4d26-99fa-4ac8268d96e0.jpg,426,359,0,359,411,410,278,426,0.263916015625,0.11309814453125,0.0377197265625,0.0236968994140625,0.0198822021484375,1,5,Slender speedwell,Sea Sandwort,lemon balm,carpet bugle,Flat-leaved Scalewort,Slender speedwell
val/08709_Plantae_Tracheophyta_Magnoliopsida_Lamiales_Scrophulariaceae_Buddleja_davidii/3c82d09d-8915-4df9-ab24-1dee01f2fd59.jpg,427,431,0,431,295,430,386,427,0.283203125,0.0672607421875,0.053192138671875,0.033538818359375,0.0234222412109375,1,5,Butterfly bush,Dakota mock vervain,Philippine Ground Orchid,golden dewdrop,alpine azalea,Butterfly bush
val/08709_Plantae_Tracheophyta_Magnoliopsida_Lamiales_Scrophulariaceae_Buddleja_davidii/313c24c9-ada9-4454-ba9d-9714ad9a9c29.jpg,427,363,0,363,427,431,318,22,0.268310546875,0.2293701171875,0.048858642578125,0.0253448486328125,0.022186279296875,1,2,Butterfly bush,Perez's sea lavender,Butterfly bush,Dakota mock vervain,common yarrow,Transverse-banded Flower Fly
val/08709_Plantae_Tracheophyta_Magnoliopsida_Lamiales_Scrophulariaceae_Buddleja_davidii/05d35aff-c5c7-4c24-adb6-aa1c7cd7cef2.jpg,427,291,0,291,427,447,69,409,0.23193359375,0.04638671875,0.0384521484375,0.022613525390625,0.02191162109375,1,2,Butterfly bush,Common Spotted Orchid,Butterfly bush,Wineberry,Long Dash Skipper,Blue Bugle
val/08709_Plantae_Tracheophyta_Magnoliopsida_Lamiales_Scrophulariaceae_Buddleja_davidii/578e67d3-a4dd-4caa-aad8-b7654b1c230c.jpg,427,415,0,415,371,428,417,427,0.74609375,0.0159759521484375,0.01132965087890625,0.00803375244140625,0.007663726806640625,1,5,Butterfly bush,Marsh Woundwort,canaigre dock,Dark Mullein,Lilac chaste tree,Butterfly bush
val/08717_Plantae_Tracheophyta_Magnoliopsida_Lamiales_Scrophulariaceae_Verbascum_nigrum/88cf2b19-d9ad-4451-9e48-5adff86b76a0.jpg,428,429,0,429,428,294,341,337,0.56884765625,0.07122802734375,0.03363037109375,0.028778076171875,0.0191650390625,1,2,Dark Mullein,Wand Mullein,Dark Mullein,Fly Orchid,tree marigold,prairie dock
val/08719_Plantae_Tracheophyta_Magnoliopsida_Lamiales_Scrophulariaceae_Verbascum_virgatum/5d173c46-c466-4ad2-bd0c-bcef34ab4d55.jpg,429,428,0,428,429,399,319,373,0.459228515625,0.23095703125,0.02215576171875,0.0178070068359375,0.01282501220703125,1,2,Wand Mullein,Dark Mullein,Wand Mullein,California goldenbanner,common burrobrush,Stinging Serpent
val/08719_Plantae_Tracheophyta_Magnoliopsida_Lamiales_Scrophulariaceae_Verbascum_virgatum/015c56c4-8fd6-4d90-b00b-b74e8c3e3e8c.jpg,429,352,0,352,320,324,429,68,0.1988525390625,0.0869140625,0.06561279296875,0.0237579345703125,0.0207977294921875,1,4,Wand Mullein,Mexican tea,common mugwort,tropical horseweed,Wand Mullein,Umber Skipper
val/08724_Plantae_Tracheophyta_Magnoliopsida_Lamiales_Verbenaceae_Glandularia_bipinnatifida/26d7dcb9-85ab-4d15-81bf-1a2dfddea9ba.jpg,431,295,0,295,390,444,391,431,0.480224609375,0.03973388671875,0.03399658203125,0.03192138671875,0.0295257568359375,1,5,Dakota mock vervain,Philippine Ground Orchid,Drummond's phlox,Island Mallow,longleaf phlox,Dakota mock vervain
val/08757_Plantae_Tracheophyta_Magnoliopsida_Magnoliales_Annonaceae_Asimina_triloba/02321a96-c0c0-4135-93cc-2b2cdd0bda45.jpg,432,473,0,473,461,432,468,238,0.24658203125,0.1519775390625,0.1319580078125,0.099609375,0.01227569580078125,1,3,common pawpaw,poison ivy,Loquat,common pawpaw,American elm,Common Bronze-back
val/08757_Plantae_Tracheophyta_Magnoliopsida_Magnoliales_Annonaceae_Asimina_triloba/1bac79d8-943f-48a5-8287-543b20f3839f.jpg,432,385,0,385,377,432,76,437,0.0845947265625,0.0509033203125,0.0260009765625,0.0187225341796875,0.01800537109375,1,3,common pawpaw,Gaultheria antipoda,Western Snowberry,common pawpaw,Mazarine Blue,Cassava
val/08757_Plantae_Tracheophyta_Magnoliopsida_Magnoliales_Annonaceae_Asimina_triloba/6eb7c4dd-b5de-44ee-bc08-25cc78b97fc6.jpg,432,300,0,300,249,432,468,259,0.160400390625,0.06378173828125,0.05413818359375,0.04150390625,0.0299072265625,1,3,common pawpaw,Leopard Lily,Beadlet anemone,common pawpaw,American elm,Turkish Snail
val/08763_Plantae_Tracheophyta_Magnoliopsida_Magnoliales_Magnoliaceae_Magnolia_tripetala/4af38f20-fadd-423c-96aa-f7af5cb7a26e.jpg,433,337,0,337,495,494,402,433,0.3076171875,0.06011962890625,0.03704833984375,0.02667236328125,0.025848388671875,1,5,umbrella magnolia,prairie dock,Crown Fern,Hen and Chicks Fern,swamp chestnut oak,umbrella magnolia
val/08763_Plantae_Tracheophyta_Magnoliopsida_Magnoliales_Magnoliaceae_Magnolia_tripetala/cf44fc3d-659e-41fd-bb26-2f9c6585bc5d.jpg,433,408,0,408,433,432,302,406,0.403564453125,0.166259765625,0.03485107421875,0.018951416015625,0.0169830322265625,1,2,umbrella magnolia,Kanono,umbrella magnolia,common pawpaw,painted trillium,American columbo
val/08767_Plantae_Tracheophyta_Magnoliopsida_Malpighiales_Euphorbiaceae_Acalypha_rhomboidea/76ab114e-186f-437b-8b7d-149397b3a638.jpg,434,424,0,424,459,434,470,453,0.25732421875,0.1466064453125,0.07781982421875,0.06707763671875,0.036468505859375,1,3,common copperleaf,American lopseed,Korean mulberry,common copperleaf,Canadian wood nettle,meadow anemone
val/08773_Plantae_Tracheophyta_Magnoliopsida_Malpighiales_Euphorbiaceae_Croton_glandulosus/0209e9f6-718a-4b4b-afd9-94a06bf9cda9.jpg,435,445,0,445,435,453,315,331,0.57568359375,0.091064453125,0.034027099609375,0.0258941650390625,0.02032470703125,1,2,Tropic Croton,Cherry Tree,Tropic Croton,meadow anemone,dwarf ginseng,Snow Squarestem
val/08804_Plantae_Tracheophyta_Magnoliopsida_Malpighiales_Euphorbiaceae_Euphorbia_ophthalmica/7a50fbb8-73d1-4009-9c1c-b5e9c0cc33ec.jpg,436,466,0,466,436,312,459,456,0.6923828125,0.08135986328125,0.0254058837890625,0.009796142578125,0.008514404296875,1,2,Florida Hammock Sandmat,Himalayan-berry,Florida Hammock Sandmat,Broad-leaved Chervil,Korean mulberry,Virginia virgin's-bower
val/08804_Plantae_Tracheophyta_Magnoliopsida_Malpighiales_Euphorbiaceae_Euphorbia_ophthalmica/c9ad2f18-8f52-4fef-98d3-55d73549d028.jpg,436,12,0,12,23,348,436,331,0.12255859375,0.0687255859375,0.06658935546875,0.0645751953125,0.05877685546875,1,4,Florida Hammock Sandmat,Hadda Beetle,Maize Calligrapher Fly,hairy bittercress,Florida Hammock Sandmat,Snow Squarestem
val/08818_Plantae_Tracheophyta_Magnoliopsida_Malpighiales_Euphorbiaceae_Manihot_esculenta/644b50f1-583f-4f11-a16e-6fa800e57918.jpg,437,314,0,314,437,392,439,406,0.324951171875,0.05645751953125,0.032684326171875,0.03216552734375,0.0240936279296875,1,2,Cassava,Japanese aralia,Cassava,pygmy-flower rock-jasmine,bebb's willow,American columbo
val/08818_Plantae_Tracheophyta_Magnoliopsida_Malpighiales_Euphorbiaceae_Manihot_esculenta/967a7a1c-743e-494a-abd1-bfdd9546220c.jpg,437,476,0,476,437,473,445,439,0.73974609375,0.041412353515625,0.035125732421875,0.03173828125,0.03125,1,2,Cassava,Red Buckeye,Cassava,poison ivy,Cherry Tree,bebb's willow
val/08834_Plantae_Tracheophyta_Magnoliopsida_Malpighiales_Hypericaceae_Hypericum_perforatum/222cc025-8ab6-467c-83cc-0dee881003af.jpg,438,324,0,324,411,438,344,457,0.33056640625,0.08294677734375,0.051483154296875,0.03887939453125,0.02734375,1,3,Klamath weed,tropical horseweed,lemon balm,Klamath weed,Salvation Jane,eastern pasqueflower
val/08867_Plantae_Tracheophyta_Magnoliopsida_Malpighiales_Salicaceae_Salix_bebbiana/2b5214ee-7d8d-444d-b91a-6a65bbc5701f.jpg,439,448,0,448,469,379,380,439,0.11688232421875,0.1031494140625,0.09539794921875,0.08685302734375,0.0506591796875,1,5,bebb's willow,Coastal Banksia,Siberian elm,strawberry tree,Big Berry Manzanita,bebb's willow
val/08869_Plantae_Tracheophyta_Magnoliopsida_Malpighiales_Salicaceae_Salix_cinerea/b0f89bbe-08f9-442e-b2ca-e7bcb9fe3d12.jpg,440,439,0,439,379,440,312,469,0.76025390625,0.0887451171875,0.0435791015625,0.00799560546875,0.006839752197265625,1,3,Grey Willow,bebb's willow,strawberry tree,Grey Willow,Broad-leaved Chervil,Siberian elm
val/08869_Plantae_Tracheophyta_Magnoliopsida_Malpighiales_Salicaceae_Salix_cinerea/7afc7e67-d2ee-403f-8a4f-01d56af9f33a.jpg,440,439,0,439,440,404,469,324,0.53857421875,0.264404296875,0.0157623291015625,0.01189422607421875,0.005886077880859375,1,2,Grey Willow,bebb's willow,Grey Willow,California Wax Myrtle,Siberian elm,tropical horseweed
val/08869_Plantae_Tracheophyta_Magnoliopsida_Malpighiales_Salicaceae_Salix_cinerea/45f23aa7-2f24-414c-ad41-35a0a0dcfb71.jpg,440,439,0,439,440,337,124,341,0.2332763671875,0.1875,0.06842041015625,0.041839599609375,0.029205322265625,1,2,Grey Willow,bebb's willow,Grey Willow,prairie dock,Obscure Bird Grasshopper,tree marigold
val/08878_Plantae_Tracheophyta_Magnoliopsida_Malpighiales_Salicaceae_Salix_nigra/74d5baff-4ed1-4195-9005-eea7a645241f.jpg,441,234,0,234,143,441,305,126,0.279296875,0.0653076171875,0.05413818359375,0.04119873046875,0.031341552734375,1,3,black willow,Common Caiman,Northern Red-legged Frog,black willow,common three-square,Virile Crayfish
val/08956_Plantae_Tracheophyta_Magnoliopsida_Malvales_Malvaceae_Malva_assurgentiflora/096efc2c-585a-4425-90a5-fff612a3f587.jpg,444,454,0,454,350,444,207,390,0.1627197265625,0.148193359375,0.059844970703125,0.039886474609375,0.03253173828125,1,3,Island Mallow,common columbine,California shieldpod,Island Mallow,Ash-throated Flycatcher,Drummond's phlox
val/09069_Plantae_Tracheophyta_Magnoliopsida_Myrtales_Onagraceae_Oenothera_rosea/111abc4a-aa3a-4e05-9e7d-43bc08f0b005.jpg,446,436,0,436,368,446,467,379,0.482666015625,0.1591796875,0.058563232421875,0.010498046875,0.00986480712890625,1,3,rose evening primrose,Florida Hammock Sandmat,prostrate knotweed,rose evening primrose,Rubus schmidelioides,strawberry tree
val/09069_Plantae_Tracheophyta_Magnoliopsida_Myrtales_Onagraceae_Oenothera_rosea/2fe5bd00-9414-402f-9ed4-d765eec04a8e.jpg,446,290,0,290,446,368,367,315,0.50537109375,0.08380126953125,0.036590576171875,0.02117919921875,0.0172882080078125,1,2,rose evening primrose,Red Helleborine,rose evening primrose,prostrate knotweed,redshank,dwarf ginseng
val/09089_Plantae_Tracheophyta_Magnoliopsida_Oxalidales_Elaeocarpaceae_Aristotelia_serrata/839efdd2-1e62-4abb-a47f-3dbb56a8a1da.jpg,447,439,0,439,378,447,31,379,0.0966796875,0.06646728515625,0.044952392578125,0.0260162353515625,0.0222625732421875,1,3,Wineberry,bebb's willow,mapleleaf viburnum,Wineberry,Southern Green Stink Bug,strawberry tree
val/09089_Plantae_Tracheophyta_Magnoliopsida_Oxalidales_Elaeocarpaceae_Aristotelia_serrata/15c3eb47-c89a-4f80-b98d-797d6cc51c73.jpg,447,485,0,485,366,378,447,341,0.29931640625,0.2406005859375,0.03411865234375,0.02203369140625,0.0200653076171875,1,4,Wineberry,Porcelain Berry,Fringed Bindweed,mapleleaf viburnum,Wineberry,tree marigold
val/09124_Plantae_Tracheophyta_Magnoliopsida_Proteales_Proteaceae_Banksia_integrifolia/56999c64-29ac-4272-b12a-407e976bab20.jpg,448,314,0,314,413,379,448,406,0.0870361328125,0.0667724609375,0.048065185546875,0.034912109375,0.020355224609375,1,4,Coastal Banksia,Japanese aralia,white sage,strawberry tree,Coastal Banksia,American columbo
val/09128_Plantae_Tracheophyta_Magnoliopsida_Proteales_Proteaceae_Leucadendron_laureolum/48de8cf9-feb3-4cf7-8831-e4739f333f49.jpg,449,464,0,464,404,382,449,448,0.316650390625,0.061370849609375,0.059478759765625,0.040252685546875,0.031829833984375,1,4,Golden Sunshinebush,sand cherry,California Wax Myrtle,sand heath,Golden Sunshinebush,Coastal Banksia
val/09128_Plantae_Tracheophyta_Magnoliopsida_Proteales_Proteaceae_Leucadendron_laureolum/4e7949cd-8595-4861-b228-437cf6bbd582.jpg,449,288,0,288,287,449,371,308,0.09136962890625,0.08251953125,0.0775146484375,0.06231689453125,0.04150390625,1,3,Golden Sunshinebush,Mountain flax,Branched Asphodel,Golden Sunshinebush,canaigre dock,Green Bristle Grass
val/09128_Plantae_Tracheophyta_Magnoliopsida_Proteales_Proteaceae_Leucadendron_laureolum/5c8937c1-bf2d-42c7-bd94-2521987f9b75.jpg,449,336,0,336,394,449,393,382,0.2022705078125,0.10333251953125,0.10015869140625,0.041412353515625,0.031280517578125,1,3,Golden Sunshinebush,Woad-leaved ragwort,longleaf wattle,Golden Sunshinebush,Taiwan Acacia,sand heath
val/09128_Plantae_Tracheophyta_Magnoliopsida_Proteales_Proteaceae_Leucadendron_laureolum/7a9f6a32-c7af-4eba-91bb-8cb2e45f829e.jpg,449,452,0,452,382,450,449,404,0.1683349609375,0.054656982421875,0.04901123046875,0.040313720703125,0.03265380859375,1,4,Golden Sunshinebush,Spring Adonis,sand heath,red pagoda,Golden Sunshinebush,California Wax Myrtle
val/09199_Plantae_Tracheophyta_Magnoliopsida_Ranunculales_Ranunculaceae_Actaea_racemosa/8499e9bf-a09b-49d4-aacc-7f4a41b385ba.jpg,451,460,0,460,451,317,468,459,0.73876953125,0.051055908203125,0.02337646484375,0.01922607421875,0.01922607421875,1,2,black cohosh,parsley hawthorn,black cohosh,American holly,American elm,Korean mulberry
val/09199_Plantae_Tracheophyta_Magnoliopsida_Ranunculales_Ranunculaceae_Actaea_racemosa/d5500751-dfb3-44b8-8a57-01189c616320.jpg,451,313,0,313,451,342,338,349,0.68115234375,0.07763671875,0.051727294921875,0.016021728515625,0.0095672607421875,1,2,black cohosh,upright hedge-parsley,black cohosh,California Harebell,common wrinkle-leaved goldenrod,narrow-leaved bittercress
val/09202_Plantae_Tracheophyta_Magnoliopsida_Ranunculales_Ranunculaceae_Adonis_vernalis/07bc3943-7b9d-452f-89c7-5762dfb181b0.jpg,452,458,0,458,442,462,452,334,0.15966796875,0.08087158203125,0.07366943359375,0.047943115234375,0.032684326171875,1,4,Spring Adonis,meadow buttercup,Round-leaved Violet,dwarf cinquefoil,Spring Adonis,Great Plains Ragwort
val/09202_Plantae_Tracheophyta_Magnoliopsida_Ranunculales_Ranunculaceae_Adonis_vernalis/8d93131c-1480-4fa3-b7f1-bce3aee2f433.jpg,452,321,0,321,452,458,341,8,0.32666015625,0.2352294921875,0.0203857421875,0.0153961181640625,0.0153961181640625,1,2,Spring Adonis,tickseed beggar-ticks,Spring Adonis,meadow buttercup,tree marigold,Goldenrod Soldier Beetle
val/09221_Plantae_Tracheophyta_Magnoliopsida_Ranunculales_Ranunculaceae_Aquilegia_vulgaris/d2ffcb1e-30a6-4be5-b781-cbc27e06893c.jpg,454,360,0,360,454,419,444,390,0.38525390625,0.0863037109375,0.0216522216796875,0.01323699951171875,0.013031005859375,1,2,common columbine,ragged-Robin,common columbine,Purple paintbrush,Island Mallow,Drummond's phlox
val/09221_Plantae_Tracheophyta_Magnoliopsida_Ranunculales_Ranunculaceae_Aquilegia_vulgaris/997fc1a1-1e98-4d26-a29a-40fa0f6288d5.jpg,454,295,0,295,454,444,332,446,0.22265625,0.087890625,0.0711669921875,0.061859130859375,0.03387451171875,1,2,common columbine,Philippine Ground Orchid,common columbine,Island Mallow,white rattlesnakeroot,rose evening primrose
val/09235_Plantae_Tracheophyta_Magnoliopsida_Ranunculales_Ranunculaceae_Clematis_virginiana/8a8610ad-f2b8-4366-8364-270e630f30ca.jpg,456,482,0,482,456,282,460,454,0.1302490234375,0.09759521484375,0.0655517578125,0.0198211669921875,0.018768310546875,1,2,Virginia virgin's-bower,Obscure Morning Glory,Virginia virgin's-bower,spring spiderlily,parsley hawthorn,common columbine
val/09258_Plantae_Tracheophyta_Magnoliopsida_Ranunculales_Ranunculaceae_Pulsatilla_patens/a6f15c3a-5db3-4ac4-b18f-321c2e68495b.jpg,457,289,0,289,457,391,453,455,0.587890625,0.1842041015625,0.005878448486328125,0.004650115966796875,0.00394439697265625,1,2,eastern pasqueflower,Spring Crocus,eastern pasqueflower,longleaf phlox,meadow anemone,Swamp Leather Flower
val/09258_Plantae_Tracheophyta_Magnoliopsida_Ranunculales_Ranunculaceae_Pulsatilla_patens/7783e15e-3174-4656-9f68-313feeb6b8c0.jpg,457,32,0,32,457,68,22,414,0.1021728515625,0.075927734375,0.038787841796875,0.029266357421875,0.0283660888671875,1,2,eastern pasqueflower,Jagged Ambush Bug,eastern pasqueflower,Umber Skipper,Transverse-banded Flower Fly,chia
val/09260_Plantae_Tracheophyta_Magnoliopsida_Ranunculales_Ranunculaceae_Ranunculus_acris/8eabac8e-ca8c-4ba2-abff-05627cbe3633.jpg,458,462,0,462,314,457,320,458,0.33447265625,0.181884765625,0.07122802734375,0.06903076171875,0.0301513671875,1,5,meadow buttercup,dwarf cinquefoil,Japanese aralia,eastern pasqueflower,common mugwort,meadow buttercup
val/09314_Plantae_Tracheophyta_Magnoliopsida_Rosales_Moraceae_Morus_indica/c8f0151c-1b3d-4fff-97be-9b9da574aab5.jpg,459,432,0,432,459,473,476,461,0.22705078125,0.1942138671875,0.12939453125,0.034271240234375,0.017364501953125,1,2,Korean mulberry,common pawpaw,Korean mulberry,poison ivy,Red Buckeye,Loquat
val/09314_Plantae_Tracheophyta_Magnoliopsida_Rosales_Moraceae_Morus_indica/18202f6d-1ace-4e21-942c-f2ceed1ca34e.jpg,459,470,0,470,459,378,442,468,0.3720703125,0.1842041015625,0.09857177734375,0.058868408203125,0.039825439453125,1,2,Korean mulberry,Canadian wood nettle,Korean mulberry,mapleleaf viburnum,Round-leaved Violet,American elm
val/09379_Plantae_Tracheophyta_Magnoliopsida_Rosales_Rosaceae_Eriobotrya_japonica/1aa82338-c721-4cc0-9608-5b47ebba00a1.jpg,461,439,0,439,312,434,461,440,0.477294921875,0.2362060546875,0.0816650390625,0.04168701171875,0.0302734375,1,4,Loquat,bebb's willow,Broad-leaved Chervil,common copperleaf,Loquat,Grey Willow
val/09408_Plantae_Tracheophyta_Magnoliopsida_Rosales_Rosaceae_Potentilla_canadensis/5b503e69-c482-4603-9589-93ec5af97cc7.jpg,462,471,0,471,462,460,468,80,0.413330078125,0.090087890625,0.034454345703125,0.0308990478515625,0.030059814453125,1,2,dwarf cinquefoil,Dwarf Nettle,dwarf cinquefoil,parsley hawthorn,American elm,Alfalfa Looper
val/09408_Plantae_Tracheophyta_Magnoliopsida_Rosales_Rosaceae_Potentilla_canadensis/70f24298-da27-4931-a63b-13179ec03c68.jpg,462,447,0,447,462,479,283,392,0.07977294921875,0.07489013671875,0.0682373046875,0.057891845703125,0.051483154296875,1,2,dwarf cinquefoil,Wineberry,dwarf cinquefoil,Goose-berry,Spiny Asparagus,pygmy-flower rock-jasmine
val/09423_Plantae_Tracheophyta_Magnoliopsida_Rosales_Rosaceae_Prunus_fasciculata/ed6012e8-7eef-45cd-aa8e-d71b1257b257.jpg,463,333,0,333,319,463,8,279,0.381591796875,0.12481689453125,0.09954833984375,0.0438232421875,0.0232696533203125,1,3,desert almond,Tauhinu,common burrobrush,desert almond,Goldenrod Soldier Beetle,longleaf ephedra
val/09423_Plantae_Tracheophyta_Magnoliopsida_Rosales_Rosaceae_Prunus_fasciculata/f95c419f-3109-4730-aadc-b7ea46c8d961.jpg,463,379,0,379,464,463,439,8,0.10955810546875,0.0997314453125,0.0997314453125,0.0966796875,0.044952392578125,1,3,desert almond,strawberry tree,sand cherry,desert almond,bebb's willow,Goldenrod Soldier Beetle
val/09431_Plantae_Tracheophyta_Magnoliopsida_Rosales_Rosaceae_Prunus_pumila/46125b8d-6349-410e-b1bb-ea3ce82ad650.jpg,464,465,0,465,11,8,392,464,0.1910400390625,0.06011962890625,0.049835205078125,0.03118896484375,0.025054931640625,1,5,sand cherry,Blackthorn,False Potato Beetle,Goldenrod Soldier Beetle,pygmy-flower rock-jasmine,sand cherry
val/09431_Plantae_Tracheophyta_Magnoliopsida_Rosales_Rosaceae_Prunus_pumila/f4e7bac7-c9ba-4597-b3a7-a64c3467c88a.jpg,464,319,0,319,464,350,371,283,0.1292724609375,0.1168212890625,0.041015625,0.02606201171875,0.02606201171875,1,2,sand cherry,common burrobrush,sand cherry,California shieldpod,canaigre dock,Spiny Asparagus
val/09431_Plantae_Tracheophyta_Magnoliopsida_Rosales_Rosaceae_Prunus_pumila/1b76eda4-8974-4c09-8112-bf0e88619137.jpg,464,323,0,323,464,194,304,279,0.1783447265625,0.1064453125,0.04473876953125,0.042022705078125,0.03826904296875,1,2,sand cherry,narrow-leaved hawksbeard,sand cherry,Henslow's Sparrow,Fingered Sedge,longleaf ephedra
val/09433_Plantae_Tracheophyta_Magnoliopsida_Rosales_Rosaceae_Prunus_spinosa/90397d7b-2a16-4a0e-9b09-2cdeefbfb445.jpg,465,329,0,329,465,312,313,318,0.19091796875,0.188720703125,0.08306884765625,0.061737060546875,0.03009033203125,1,2,Blackthorn,Old Plainsman,Blackthorn,Broad-leaved Chervil,upright hedge-parsley,common yarrow
val/09460_Plantae_Tracheophyta_Magnoliopsida_Rosales_Rosaceae_Rubus_bifrons/58758649-ae8b-4797-a16b-919cb2ad03bf.jpg,466,366,0,366,439,447,469,466,0.2298583984375,0.2109375,0.088623046875,0.0247955322265625,0.0153961181640625,1,5,Himalayan-berry,Fringed Bindweed,bebb's willow,Wineberry,Siberian elm,Himalayan-berry
val/09460_Plantae_Tracheophyta_Magnoliopsida_Rosales_Rosaceae_Rubus_bifrons/72033db7-cedc-4211-b36c-94c1e3c5cc51.jpg,466,377,0,377,470,1,440,466,0.459716796875,0.064697265625,0.029388427734375,0.0171356201171875,0.01366424560546875,1,5,Himalayan-berry,Western Snowberry,Canadian wood nettle,Golden Silk Spider,Grey Willow,Himalayan-berry
val/09460_Plantae_Tracheophyta_Magnoliopsida_Rosales_Rosaceae_Rubus_bifrons/f581858a-6dce-44d3-9def-04a14b486658.jpg,466,411,0,411,466,470,312,480,0.9052734375,0.023284912109375,0.0079193115234375,0.00617218017578125,0.00330352783203125,1,2,Himalayan-berry,lemon balm,Himalayan-berry,Canadian wood nettle,Broad-leaved Chervil,youth on age
val/09477_Plantae_Tracheophyta_Magnoliopsida_Rosales_Rosaceae_Rubus_schmidelioides/63de9373-4553-4fc4-8254-0aa8b828e013.jpg,467,329,0,329,467,464,396,427,0.169189453125,0.104248046875,0.0877685546875,0.0455322265625,0.034912109375,1,2,Rubus schmidelioides,Old Plainsman,Rubus schmidelioides,sand cherry,white sweet clover,Butterfly bush
val/09499_Plantae_Tracheophyta_Magnoliopsida_Rosales_Ulmaceae_Ulmus_americana/6627d367-f74b-4001-886a-e80a91ba2a3a.jpg,468,469,0,469,470,468,411,471,0.491455078125,0.09600830078125,0.054931640625,0.05181884765625,0.01555633544921875,1,3,American elm,Siberian elm,Canadian wood nettle,American elm,lemon balm,Dwarf Nettle
val/09505_Plantae_Tracheophyta_Magnoliopsida_Rosales_Ulmaceae_Ulmus_pumila/cfbfcc13-df37-4151-8d40-4619be8e5c17.jpg,469,468,0,468,469,476,473,402,0.48974609375,0.385009765625,0.0173492431640625,0.007701873779296875,0.00734710693359375,1,2,Siberian elm,American elm,Siberian elm,Red Buckeye,poison ivy,swamp chestnut oak
val/09505_Plantae_Tracheophyta_Magnoliopsida_Rosales_Ulmaceae_Ulmus_pumila/53fd0b94-4d72-42f9-b048-f6f15b3b692f.jpg,469,402,0,402,469,459,468,447,0.859375,0.03204345703125,0.01422119140625,0.01142120361328125,0.00797271728515625,1,2,Siberian elm,swamp chestnut oak,Siberian elm,Korean mulberry,American elm,Wineberry
val/09505_Plantae_Tracheophyta_Magnoliopsida_Rosales_Ulmaceae_Ulmus_pumila/dd4ab25b-3a53-4f0f-9398-dcf3591c8d64.jpg,469,468,0,468,469,476,440,473,0.5654296875,0.357177734375,0.0033283233642578125,0.00293731689453125,0.0024547576904296875,1,2,Siberian elm,American elm,Siberian elm,Red Buckeye,Grey Willow,poison ivy
val/09505_Plantae_Tracheophyta_Magnoliopsida_Rosales_Ulmaceae_Ulmus_pumila/7e170bfa-d828-4af5-b7a1-935bc96fe608.jpg,469,468,0,468,469,402,459,479,0.47265625,0.370849609375,0.0477294921875,0.004119873046875,0.0019779205322265625,1,2,Siberian elm,American elm,Siberian elm,swamp chestnut oak,Korean mulberry,Goose-berry
val/09510_Plantae_Tracheophyta_Magnoliopsida_Rosales_Urticaceae_Laportea_canadensis/9148c3b5-955d-42eb-8935-5abaa3f81da5.jpg,470,436,0,436,470,411,456,377,0.3837890625,0.26806640625,0.054443359375,0.032501220703125,0.0265350341796875,1,2,Canadian wood nettle,Florida Hammock Sandmat,Canadian wood nettle,lemon balm,Virginia virgin's-bower,Western Snowberry
val/09510_Plantae_Tracheophyta_Magnoliopsida_Rosales_Urticaceae_Laportea_canadensis/d27ef76b-932a-438e-95a8-6bd7ae71f209.jpg,470,424,0,424,470,459,447,402,0.52880859375,0.349609375,0.033538818359375,0.0239715576171875,0.00592041015625,1,2,Canadian wood nettle,American lopseed,Canadian wood nettle,Korean mulberry,Wineberry,swamp chestnut oak
val/09548_Plantae_Tracheophyta_Magnoliopsida_Sapindales_Anacardiaceae_Toxicodendron_rydbergii/d40654ea-fe44-4797-bbfd-5f0a7cbbf443.jpg,473,223,0,223,277,473,225,145,0.12744140625,0.051116943359375,0.049530029296875,0.031982421875,0.0300445556640625,1,3,poison ivy,Gray Wolf,Sponge Weed,poison ivy,Canada Lynx,Italian Crested Newt
val/09548_Plantae_Tracheophyta_Magnoliopsida_Sapindales_Anacardiaceae_Toxicodendron_rydbergii/61c98300-590b-4153-9b57-21d68610749c.jpg,473,459,0,459,430,68,473,375,0.1611328125,0.1295166015625,0.12646484375,0.0704345703125,0.0616455078125,1,4,poison ivy,Korean mulberry,golden dewdrop,Umber Skipper,poison ivy,Tree Tutu
val/09565_Plantae_Tracheophyta_Magnoliopsida_Sapindales_Sapindaceae_Acer_campestre/ac4784b8-7054-458c-86eb-7f120673f8e7.jpg,475,314,0,314,297,475,408,454,0.192138671875,0.10943603515625,0.08935546875,0.0313720703125,0.0272369384765625,1,3,field maple,Japanese aralia,giant white fawn lily,field maple,Kanono,common columbine
val/09586_Plantae_Tracheophyta_Magnoliopsida_Sapindales_Sapindaceae_Aesculus_pavia/2d6745bb-eb11-4a4d-ba7e-44f158288d0e.jpg,476,420,0,420,476,472,386,288,0.052825927734375,0.037750244140625,0.036041259765625,0.0289459228515625,0.0241851806640625,1,2,Red Buckeye,Beechdrops,Red Buckeye,desert mistletoe,alpine azalea,Mountain flax
val/09597_Plantae_Tracheophyta_Magnoliopsida_Saxifragales_Crassulaceae_Crassula_ovata/557cfb3e-f5e2-4377-a051-677d267f0934.jpg,477,333,0,333,477,379,319,312,0.327392578125,0.068115234375,0.03057861328125,0.0280609130859375,0.027740478515625,1,2,jade plant,Tauhinu,jade plant,strawberry tree,common burrobrush,Broad-leaved Chervil
val/09640_Plantae_Tracheophyta_Magnoliopsida_Saxifragales_Grossulariaceae_Ribes_uva-crispa/f25999ac-cd7d-434c-bff9-50f464309066.jpg,479,378,0,378,424,479,485,460,0.22705078125,0.12152099609375,0.07843017578125,0.0655517578125,0.06207275390625,1,3,Goose-berry,mapleleaf viburnum,American lopseed,Goose-berry,Porcelain Berry,parsley hawthorn
val/09640_Plantae_Tracheophyta_Magnoliopsida_Saxifragales_Grossulariaceae_Ribes_uva-crispa/39cce6bb-77ba-4fa4-a0a6-4f50f8a3760e.jpg,479,460,0,460,479,480,320,447,0.50634765625,0.279541015625,0.029571533203125,0.0244293212890625,0.005939483642578125,1,2,Goose-berry,parsley hawthorn,Goose-berry,youth on age,common mugwort,Wineberry
val/09640_Plantae_Tracheophyta_Magnoliopsida_Saxifragales_Grossulariaceae_Ribes_uva-crispa/195a716e-bfe8-4578-890e-aa6cbc82b150.jpg,479,275,0,275,342,425,479,423,0.059600830078125,0.057769775390625,0.043609619140625,0.039703369140625,0.032928466796875,1,4,Goose-berry,fan moss,California Harebell,American brooklime,Goose-berry,scarlet monkeyflower
val/09640_Plantae_Tracheophyta_Magnoliopsida_Saxifragales_Grossulariaceae_Ribes_uva-crispa/ac450ffb-2d43-4d45-a2cc-ff2e7bae4ffa.jpg,479,485,0,485,479,459,411,339,0.246826171875,0.2430419921875,0.07769775390625,0.06488037109375,0.036407470703125,1,2,Goose-berry,Porcelain Berry,Goose-berry,Korean mulberry,lemon balm,prickly sowthistle
val/09674_Plantae_Tracheophyta_Magnoliopsida_Saxifragales_Saxifragaceae_Tolmiea_menziesii/6f9f693b-e35a-4d1c-9700-fe37afd64562.jpg,480,310,0,310,480,28,342,281,0.3388671875,0.07861328125,0.06219482421875,0.03277587890625,0.0223541259765625,1,2,youth on age,Kangaroo Grass,youth on age,Alfalfa Plant Bug,California Harebell,nodding onion
val/09674_Plantae_Tracheophyta_Magnoliopsida_Saxifragales_Saxifragaceae_Tolmiea_menziesii/cde3c38c-bb4e-44bb-91ab-fa909947b99f.jpg,480,447,0,447,451,13,475,480,0.2269287109375,0.057830810546875,0.047943115234375,0.03564453125,0.029541015625,1,5,youth on age,Wineberry,black cohosh,22-spot Ladybird Beetle,field maple,youth on age
val/09702_Plantae_Tracheophyta_Magnoliopsida_Solanales_Convolvulaceae_Ipomoea_obscura/f0f5f32b-40d9-482c-ad17-56b0500313e3.jpg,482,366,0,366,482,473,378,436,0.6767578125,0.09375,0.024078369140625,0.019500732421875,0.0119171142578125,1,2,Obscure Morning Glory,Fringed Bindweed,Obscure Morning Glory,poison ivy,mapleleaf viburnum,Florida Hammock Sandmat
val/09739_Plantae_Tracheophyta_Magnoliopsida_Solanales_Solanaceae_Solanum_elaeagnifolium/140d48a4-2d80-4f20-8b62-7f2d051fa32a.jpg,484,170,0,170,484,196,190,209,0.1224365234375,0.06866455078125,0.05474853515625,0.046844482421875,0.0293121337890625,1,2,White Horse-nettle,Yellow Grosbeak,White Horse-nettle,Eastern Yellow Robin,Yellow-throated Warbler,Indian White-eye
val/09793_Plantae_Tracheophyta_Pinopsida_Pinales_Cupressaceae_Taxodium_distichum/5a9aee3b-0b3b-492e-ba54-76cd4037b1b6.jpg,488,489,0,489,490,488,491,176,0.876953125,0.0219573974609375,0.01763916015625,0.01485443115234375,0.01395416259765625,1,3,baldcypress,Montezuma cypress,white fir,baldcypress,lodgepole pine,Red Crossbill
val/09793_Plantae_Tracheophyta_Pinopsida_Pinales_Cupressaceae_Taxodium_distichum/4bbec47d-f5e9-4a80-bfbe-66338ece8a77.jpg,488,489,0,489,488,403,167,475,0.263916015625,0.12274169921875,0.10833740234375,0.033294677734375,0.03228759765625,1,2,baldcypress,Montezuma cypress,baldcypress,willow oak,Common Peafowl,field maple
val/09794_Plantae_Tracheophyta_Pinopsida_Pinales_Cupressaceae_Taxodium_mucronatum/51cdc301-2e5e-4326-8064-33ebfb82fba7.jpg,489,488,0,488,441,326,489,406,0.1837158203125,0.169921875,0.146484375,0.099853515625,0.04718017578125,1,4,Montezuma cypress,baldcypress,black willow,dogfennel,Montezuma cypress,American columbo
val/09794_Plantae_Tracheophyta_Pinopsida_Pinales_Cupressaceae_Taxodium_mucronatum/b1b68718-a6df-4156-98de-7e7e1140ae36.jpg,489,353,0,353,489,229,232,465,0.05181884765625,0.04644775390625,0.043609619140625,0.041290283203125,0.035888671875,1,2,Montezuma cypress,Mignonette vine,Montezuma cypress,Western Grey Kangaroo,Woodchuck,Blackthorn
val/09794_Plantae_Tracheophyta_Pinopsida_Pinales_Cupressaceae_Taxodium_mucronatum/f2ee7f89-915f-4b78-bd0a-c714f2db2f10.jpg,489,488,0,488,398,403,492,489,0.3193359375,0.1669921875,0.1632080078125,0.051727294921875,0.040924072265625,1,5,Montezuma cypress,baldcypress,black locust,willow oak,ponderosa pine,Montezuma cypress
val/09794_Plantae_Tracheophyta_Pinopsida_Pinales_Cupressaceae_Taxodium_mucronatum/7989cb0a-034c-49a3-bd78-ef328c94bbe5.jpg,489,441,0,441,488,489,147,402,0.3349609375,0.299072265625,0.280029296875,0.0074005126953125,0.00604248046875,1,3,Montezuma cypress,black willow,baldcypress,Montezuma cypress,European Honey-buzzard,swamp chestnut oak
val/09794_Plantae_Tracheophyta_Pinopsida_Pinales_Cupressaceae_Taxodium_mucronatum/9d553943-92a7-4b98-acda-5ee37e58c88b.jpg,489,487,0,487,488,489,451,234,0.51513671875,0.2017822265625,0.021942138671875,0.01708984375,0.0064849853515625,1,3,Montezuma cypress,giant sequoia,baldcypress,Montezuma cypress,black cohosh,Common Caiman
val/09794_Plantae_Tracheophyta_Pinopsida_Pinales_Cupressaceae_Taxodium_mucronatum/ba531038-eb0a-42f4-b1e8-a75c14787f3e.jpg,489,469,0,469,441,489,393,326,0.294189453125,0.2763671875,0.11883544921875,0.041717529296875,0.0300445556640625,1,3,Montezuma cypress,Siberian elm,black willow,Montezuma cypress,Taiwan Acacia,dogfennel
val/09794_Plantae_Tracheophyta_Pinopsida_Pinales_Cupressaceae_Taxodium_mucronatum/b3eebf58-3c99-4524-a4d1-2856d7e2a398.jpg,489,488,0,488,492,398,214,489,0.298828125,0.142822265625,0.059051513671875,0.045989990234375,0.039031982421875,1,5,Montezuma cypress,baldcypress,ponderosa pine,black locust,Downy Woodpecker,Montezuma cypress
val/09799_Plantae_Tracheophyta_Pinopsida_Pinales_Pinaceae_Abies_concolor/29cf71dc-1aae-4730-9633-4e50872bef4a.jpg,490,489,0,489,490,387,394,447,0.49072265625,0.10125732421875,0.0408935546875,0.039031982421875,0.0215606689453125,1,2,white fir,Montezuma cypress,white fir,Prickly mingimingi,longleaf wattle,Wineberry
val/09799_Plantae_Tracheophyta_Pinopsida_Pinales_Pinaceae_Abies_concolor/e32b5f7e-5f37-4874-a3a1-2eb06622c7d1.jpg,490,24,0,24,487,498,490,491,0.2232666015625,0.163330078125,0.11053466796875,0.07476806640625,0.03424072265625,1,4,white fir,Hemlock Woolly Adelgid,giant sequoia,ladder fern,white fir,lodgepole pine
val/09818_Plantae_Tracheophyta_Pinopsida_Pinales_Pinaceae_Pinus_contorta/b0f97531-11ae-49b7-b8dd-bbbc62496f1c.jpg,491,492,0,492,487,491,186,203,0.315185546875,0.1314697265625,0.0875244140625,0.0531005859375,0.041351318359375,1,3,lodgepole pine,ponderosa pine,giant sequoia,lodgepole pine,Boreal Chickadee,Olive-sided Flycatcher
val/09818_Plantae_Tracheophyta_Pinopsida_Pinales_Pinaceae_Pinus_contorta/45e03fd1-eab3-4438-b19b-88570a6af26f.jpg,491,284,0,284,491,387,384,100,0.228515625,0.053863525390625,0.052215576171875,0.046783447265625,0.02142333984375,1,2,lodgepole pine,asparagus,lodgepole pine,Prickly mingimingi,Red Heath,Red-bordered Pixie
val/09818_Plantae_Tracheophyta_Pinopsida_Pinales_Pinaceae_Pinus_contorta/6a4732ab-0d20-43d6-b536-82bd4071af15.jpg,491,277,0,277,491,372,492,305,0.11004638671875,0.0579833984375,0.0296173095703125,0.0291595458984375,0.02288818359375,1,2,lodgepole pine,Sponge Weed,lodgepole pine,crucifixion thorn,ponderosa pine,common three-square
val/09833_Plantae_Tracheophyta_Pinopsida_Pinales_Pinaceae_Pinus_ponderosa/1566cb31-6f0c-4f37-90ee-e7ac37f6f094.jpg,492,491,0,491,492,199,489,311,0.2216796875,0.08026123046875,0.0748291015625,0.0560302734375,0.0295257568359375,1,2,ponderosa pine,lodgepole pine,ponderosa pine,Brown-headed Nuthatch,Montezuma cypress,princess pine
val/09833_Plantae_Tracheophyta_Pinopsida_Pinales_Pinaceae_Pinus_ponderosa/95384581-bcc7-43cd-a971-b2a9fb37bedc.jpg,492,491,0,491,429,487,492,464,0.431396484375,0.04974365234375,0.044586181640625,0.035552978515625,0.0287933349609375,1,4,ponderosa pine,lodgepole pine,Wand Mullein,giant sequoia,ponderosa pine,sand cherry
val/09833_Plantae_Tracheophyta_Pinopsida_Pinales_Pinaceae_Pinus_ponderosa/a737e4aa-54b6-4850-9b44-612abe122ee3.jpg,492,491,0,491,372,492,86,357,0.425048828125,0.053192138671875,0.050750732421875,0.02435302734375,0.0239715576171875,1,3,ponderosa pine,lodgepole pine,crucifixion thorn,ponderosa pine,Lesser Marbled Fritillary,viviparous foxtail cactus
val/09877_Plantae_Tracheophyta_Polypodiopsida_Gleicheniales_Gleicheniaceae_Gleichenia_dicarpa/d0bc1dea-9ed4-4376-ba7e-f495c0987a19.jpg,493,497,0,497,24,493,495,499,0.27978515625,0.1539306640625,0.08599853515625,0.053619384765625,0.0106353759765625,1,3,tangle fern,hay-scented fern,Hemlock Woolly Adelgid,tangle fern,Crown Fern,broad beech fern
val/09877_Plantae_Tracheophyta_Polypodiopsida_Gleicheniales_Gleicheniaceae_Gleichenia_dicarpa/9de45f42-cf07-4fda-bffa-635d3c26a27d.jpg,493,375,0,375,439,493,339,294,0.1490478515625,0.100830078125,0.0704345703125,0.0440673828125,0.03326416015625,1,3,tangle fern,Tree Tutu,bebb's willow,tangle fern,prickly sowthistle,Fly Orchid
val/09892_Plantae_Tracheophyta_Polypodiopsida_Polypodiales_Aspleniaceae_Asplenium_bulbiferum/6427c712-96e6-422f-8645-0d5e665c427b.jpg,494,496,0,496,494,334,40,349,0.2056884765625,0.1153564453125,0.07806396484375,0.03436279296875,0.0294036865234375,1,2,Hen and Chicks Fern,brittle bladderfern,Hen and Chicks Fern,Great Plains Ragwort,Metallic Epauletted-Sweat Bee,narrow-leaved bittercress
val/09925_Plantae_Tracheophyta_Polypodiopsida_Polypodiales_Cystopteridaceae_Cystopteris_fragilis/78bcc21f-b5d7-4869-8dfa-4f284bf443e1.jpg,496,497,0,497,496,494,349,499,0.339111328125,0.2147216796875,0.1397705078125,0.0224609375,0.021759033203125,1,2,brittle bladderfern,hay-scented fern,brittle bladderfern,Hen and Chicks Fern,narrow-leaved bittercress,broad beech fern
val/09925_Plantae_Tracheophyta_Polypodiopsida_Polypodiales_Cystopteridaceae_Cystopteris_fragilis/ef90b46a-ac3a-4ebd-a93b-5e75c5d474c7.jpg,496,349,0,349,275,496,352,471,0.177001953125,0.0836181640625,0.0635986328125,0.051910400390625,0.044769287109375,1,3,brittle bladderfern,narrow-leaved bittercress,fan moss,brittle bladderfern,Mexican tea,Dwarf Nettle
val/09987_Plantae_Tracheophyta_Polypodiopsida_Polypodiales_Pteridaceae_Pteris_vittata/f8f1696f-669c-4a84-a4fd-a5c4d884d402.jpg,498,474,0,474,392,362,382,498,0.23486328125,0.054931640625,0.051605224609375,0.0455322265625,0.044830322265625,1,5,ladder fern,elephant tree,pygmy-flower rock-jasmine,Small-leaved Blinks,sand heath,ladder fern
val/09987_Plantae_Tracheophyta_Polypodiopsida_Polypodiales_Pteridaceae_Pteris_vittata/b8512bb7-41da-427b-bcc2-3e317497bd33.jpg,498,324,0,324,498,288,393,403,0.1357421875,0.1295166015625,0.09930419921875,0.087646484375,0.03326416015625,1,2,ladder fern,tropical horseweed,ladder fern,Mountain flax,Taiwan Acacia,willow oak
val/09987_Plantae_Tracheophyta_Polypodiopsida_Polypodiales_Pteridaceae_Pteris_vittata/2d838387-4090-4572-8947-bea8bd0141f0.jpg,498,493,0,493,498,309,167,288,0.1363525390625,0.07073974609375,0.0390625,0.033935546875,0.0277099609375,1,2,ladder fern,tangle fern,ladder fern,Saint Augustine grass,Common Peafowl,Mountain flax
val/09987_Plantae_Tracheophyta_Polypodiopsida_Polypodiales_Pteridaceae_Pteris_vittata/05ab283e-18bb-4960-a09e-955ab1d40f51.jpg,498,139,0,139,493,498,142,272,0.28564453125,0.04888916015625,0.0203704833984375,0.01389312744140625,0.01336669921875,1,3,ladder fern,Striped Eel Catfish,tangle fern,ladder fern,Eastern Dwarf Treefrog,Hoof Fungus
val/09987_Plantae_Tracheophyta_Polypodiopsida_Polypodiales_Pteridaceae_Pteris_vittata/5f1baacb-5432-4660-ad1c-919c5c1ac83f.jpg,498,495,0,495,498,499,494,493,0.267333984375,0.1986083984375,0.04364013671875,0.03192138671875,0.0295257568359375,1,2,ladder fern,Crown Fern,ladder fern,broad beech fern,Hen and Chicks Fern,tangle fern
val/09987_Plantae_Tracheophyta_Polypodiopsida_Polypodiales_Pteridaceae_Pteris_vittata/29aec633-70df-4553-96e1-87392bf47c6e.jpg,498,324,0,324,498,277,423,352,0.7158203125,0.025665283203125,0.01849365234375,0.01556396484375,0.01374053955078125,1,2,ladder fern,tropical horseweed,ladder fern,Sponge Weed,scarlet monkeyflower,Mexican tea
val/09990_Plantae_Tracheophyta_Polypodiopsida_Polypodiales_Thelypteridaceae_Phegopteris_hexagonoptera/cdf83d96-d154-4762-8c3b-5dee2cca0885.jpg,499,497,0,497,494,499,495,480,0.55615234375,0.07830810546875,0.0182342529296875,0.01323699951171875,0.01088714599609375,1,3,broad beech fern,hay-scented fern,Hen and Chicks Fern,broad beech fern,Crown Fern,youth on age
