class_index,category_id,name,common_name,kingdom,phylum,taxon_class,order,family,genus,specific_epithet,image_dir_name
0,9,Araneus diadematus,Cross Orbweaver,Animalia,Arthropoda,Arachnida,Araneae,Araneidae,Araneus,diadematus,00009_Animalia_Arthropoda_Arachnida_Araneae_Araneidae_Araneus_diadematus
1,45,Trichonephila clavipes,Golden Silk Spider,Animalia,Arthropoda,Arachnida,Araneae,Araneidae,Trichonephila,clavipes,00045_Animalia_Arthropoda_Arachnida_Araneae_Araneidae_Trichonephila_clavipes
2,70,Dolomedes triton,Six-spotted Fishing Spider,Animalia,Arthropoda,Arachnida,Araneae,Pisauridae,Dolomedes,triton,00070_Animalia_Arthropoda_Arachnida_Araneae_Pisauridae_Dolomedes_triton
3,94,Phidippus johnsoni,Johnson's Jumping Spider,Animalia,Arthropoda,Arachnida,Araneae,Salticidae,Phidippus,johnsoni,00094_Animalia_Arthropoda_Arachnida_Araneae_Salticidae_Phidippus_johnsoni
4,152,Paravaejovis puritanus,Paravaejovis puritanus,Animalia,Arthropoda,Arachnida,Scorpiones,Vaejovidae,Paravaejovis,puritanus,00152_Animalia_Arthropoda_Arachnida_Scorpiones_Vaejovidae_Paravaejovis_puritanus
5,157,Hemiscolopendra marginata,Eastern Bark Centipede,Animalia,Arthropoda,Chilopoda,Scolopendromorpha,Scolopendridae,Hemiscolopendra,marginata,00157_Animalia_Arthropoda_Chilopoda_Scolopendromorpha_Scolopendridae_Hemiscolopendra_marginata
6,159,Scolopendra heros,Giant Desert Centipede,Animalia,Arthropoda,Chilopoda,Scolopendromorpha,Scolopendridae,Scolopendra,heros,00159_Animalia_Arthropoda_Chilopoda_Scolopendromorpha_Scolopendridae_Scolopendra_heros
7,184,Agrilus planipennis,Emerald Ash Borer,Animalia,Arthropoda,Insecta,Coleoptera,Buprestidae,Agrilus,planipennis,00184_Animalia_Arthropoda_Insecta_Coleoptera_Buprestidae_Agrilus_planipennis
8,193,Chauliognathus pensylvanicus,Goldenrod Soldier Beetle,Animalia,Arthropoda,Insecta,Coleoptera,Cantharidae,Chauliognathus,pensylvanicus,00193_Animalia_Arthropoda_Insecta_Coleoptera_Cantharidae_Chauliognathus_pensylvanicus
9,251,Rutpela maculata,Spotted Longhorn,Animalia,Arthropoda,Insecta,Coleoptera,Cerambycidae,Rutpela,maculata,00251_Animalia_Arthropoda_Insecta_Coleoptera_Cerambycidae_Rutpela_maculata
10,260,Trichocnemis spiculatus,Spined Woodborer,Animalia,Arthropoda,Insecta,Coleoptera,Cerambycidae,Trichocnemis,spiculatus,00260_Animalia_Arthropoda_Insecta_Coleoptera_Cerambycidae_Trichocnemis_spiculatus
11,290,Leptinotarsa juncta,False Potato Beetle,Animalia,Arthropoda,Insecta,Coleoptera,Chrysomelidae,Leptinotarsa,juncta,00290_Animalia_Arthropoda_Insecta_Coleoptera_Chrysomelidae_Leptinotarsa_juncta
12,326,Henosepilachna vigintioctopunctata,Hadda Beetle,Animalia,Arthropoda,Insecta,Coleoptera,Coccinellidae,Henosepilachna,vigintioctopunctata,00326_Animalia_Arthropoda_Insecta_Coleoptera_Coccinellidae_Henosepilachna_vigintioctopunctata
13,332,Psyllobora vigintiduopunctata,22-spot Ladybird Beetle,Animalia,Arthropoda,Insecta,Coleoptera,Coccinellidae,Psyllobora,vigintiduopunctata,00332_Animalia_Arthropoda_Insecta_Coleoptera_Coccinellidae_Psyllobora_vigintiduopunctata
14,351,Anoplotrupes stercorosus,Woodland Dor Beetle,Animalia,Arthropoda,Insecta,Coleoptera,Geotrupidae,Anoplotrupes,stercorosus,00351_Animalia_Arthropoda_Insecta_Coleoptera_Geotrupidae_Anoplotrupes_stercorosus
15,370,Oedemera femorata,Oedemera femorata,Animalia,Arthropoda,Insecta,Coleoptera,Oedemeridae,Oedemera,femorata,00370_Animalia_Arthropoda_Insecta_Coleoptera_Oedemeridae_Oedemera_femorata
16,384,Euphoria kernii,Kern's Flower Scarab,Animalia,Arthropoda,Insecta,Coleoptera,Scarabaeidae,Euphoria,kernii,00384_Animalia_Arthropoda_Insecta_Coleoptera_Scarabaeidae_Euphoria_kernii
17,386,Exomala orientalis,Oriental Beetle,Animalia,Arthropoda,Insecta,Coleoptera,Scarabaeidae,Exomala,orientalis,00386_Animalia_Arthropoda_Insecta_Coleoptera_Scarabaeidae_Exomala_orientalis
18,435,Calliphora vicina,Blue Blowfly,Animalia,Arthropoda,Insecta,Diptera,Calliphoridae,Calliphora,vicina,00435_Animalia_Arthropoda_Insecta_Diptera_Calliphoridae_Calliphora_vicina
19,457,Exaireta spinigera,Garden soldier fly,Animalia,Arthropoda,Insecta,Diptera,Stratiomyidae,Exaireta,spinigera,00457_Animalia_Arthropoda_Insecta_Diptera_Stratiomyidae_Exaireta_spinigera
20,461,Copestylum mexicanum,Mexican Cactus Fly,Animalia,Arthropoda,Insecta,Diptera,Syrphidae,Copestylum,mexicanum,00461_Animalia_Arthropoda_Insecta_Diptera_Syrphidae_Copestylum_mexicanum
21,470,Eristalis stipator,Yellow-shouldered Drone Fly,Animalia,Arthropoda,Insecta,Diptera,Syrphidae,Eristalis,stipator,00470_Animalia_Arthropoda_Insecta_Diptera_Syrphidae_Eristalis_stipator
22,472,Eristalis transversa,Transverse-banded Flower Fly,Animalia,Arthropoda,Insecta,Diptera,Syrphidae,Eristalis,transversa,00472_Animalia_Arthropoda_Insecta_Diptera_Syrphidae_Eristalis_transversa
23,493,Toxomerus politus,Maize Calligrapher Fly,Animalia,Arthropoda,Insecta,Diptera,Syrphidae,Toxomerus,politus,00493_Animalia_Arthropoda_Insecta_Diptera_Syrphidae_Toxomerus_politus
24,513,Adelges tsugae,Hemlock Woolly Adelgid,Animalia,Arthropoda,Insecta,Hemiptera,Adelgidae,Adelges,tsugae,00513_Animalia_Arthropoda_Insecta_Hemiptera_Adelgidae_Adelges_tsugae
25,558,Acanthocephala femorata,Florida Leaf-footed Bug,Animalia,Arthropoda,Insecta,Hemiptera,Coreidae,Acanthocephala,femorata,00558_Animalia_Arthropoda_Insecta_Hemiptera_Coreidae_Acanthocephala_femorata
26,567,Leptoglossus clypealis,Western Leaf-footed Bug,Animalia,Arthropoda,Insecta,Hemiptera,Coreidae,Leptoglossus,clypealis,00567_Animalia_Arthropoda_Insecta_Hemiptera_Coreidae_Leptoglossus_clypealis
27,568,Leptoglossus occidentalis,Western Conifer Seed Bug,Animalia,Arthropoda,Insecta,Hemiptera,Coreidae,Leptoglossus,occidentalis,00568_Animalia_Arthropoda_Insecta_Hemiptera_Coreidae_Leptoglossus_occidentalis
28,597,Adelphocoris lineolatus,Alfalfa Plant Bug,Animalia,Arthropoda,Insecta,Hemiptera,Miridae,Adelphocoris,lineolatus,00597_Animalia_Arthropoda_Insecta_Hemiptera_Miridae_Adelphocoris_lineolatus
29,624,Graphosoma italicum,European Striped Shield Bug,Animalia,Arthropoda,Insecta,Hemiptera,Pentatomidae,Graphosoma,italicum,00624_Animalia_Arthropoda_Insecta_Hemiptera_Pentatomidae_Graphosoma_italicum
30,626,Halyomorpha halys,Brown Marmorated Stink Bug,Animalia,Arthropoda,Insecta,Hemiptera,Pentatomidae,Halyomorpha,halys,00626_Animalia_Arthropoda_Insecta_Hemiptera_Pentatomidae_Halyomorpha_halys
31,630,Nezara viridula,Southern Green Stink Bug,Animalia,Arthropoda,Insecta,Hemiptera,Pentatomidae,Nezara,viridula,00630_Animalia_Arthropoda_Insecta_Hemiptera_Pentatomidae_Nezara_viridula
32,651,Phymata americana,Jagged Ambush Bug,Animalia,Arthropoda,Insecta,Hemiptera,Reduviidae,Phymata,americana,00651_Animalia_Arthropoda_Insecta_Hemiptera_Reduviidae_Phymata_americana
33,671,Andrena cineraria,Ashy Mining Bee,Animalia,Arthropoda,Insecta,Hymenoptera,Andrenidae,Andrena,cineraria,00671_Animalia_Arthropoda_Insecta_Hymenoptera_Andrenidae_Andrena_cineraria
34,711,Xylocopa micans,Southern Carpenter Bee,Animalia,Arthropoda,Insecta,Hymenoptera,Apidae,Xylocopa,micans,00711_Animalia_Arthropoda_Insecta_Hymenoptera_Apidae_Xylocopa_micans
35,718,Cimbex americanus,Elm Sawfly,Animalia,Arthropoda,Insecta,Hymenoptera,Cimbicidae,Cimbex,americanus,00718_Animalia_Arthropoda_Insecta_Hymenoptera_Cimbicidae_Cimbex_americanus
36,727,Amphibolips confluenta,Spongy Oak Apple Gall Wasp,Animalia,Arthropoda,Insecta,Hymenoptera,Cynipidae,Amphibolips,confluenta,00727_Animalia_Arthropoda_Insecta_Hymenoptera_Cynipidae_Amphibolips_confluenta
37,743,Camponotus floridanus,Florida Carpenter Ant,Animalia,Arthropoda,Insecta,Hymenoptera,Formicidae,Camponotus,floridanus,00743_Animalia_Arthropoda_Insecta_Hymenoptera_Formicidae_Camponotus_floridanus
38,747,Camponotus novaeboracensis,New York Carpenter Ant,Animalia,Arthropoda,Insecta,Hymenoptera,Formicidae,Camponotus,novaeboracensis,00747_Animalia_Arthropoda_Insecta_Hymenoptera_Formicidae_Camponotus_novaeboracensis
39,774,Augochlora pura,Pure Green Sweat Bee,Animalia,Arthropoda,Insecta,Hymenoptera,Halictidae,Augochlora,pura,00774_Animalia_Arthropoda_Insecta_Hymenoptera_Halictidae_Augochlora_pura
40,775,Augochloropsis metallica,Metallic Epauletted-Sweat Bee,Animalia,Arthropoda,Insecta,Hymenoptera,Halictidae,Augochloropsis,metallica,00775_Animalia_Arthropoda_Insecta_Hymenoptera_Halictidae_Augochloropsis_metallica
41,799,Ammophila procera,Common Thread-waisted Wasp,Animalia,Arthropoda,Insecta,Hymenoptera,Sphecidae,Ammophila,procera,00799_Animalia_Arthropoda_Insecta_Hymenoptera_Sphecidae_Ammophila_procera
42,819,Mischocyttarus flavitarsis,Western Paper Wasp,Animalia,Arthropoda,Insecta,Hymenoptera,Vespidae,Mischocyttarus,flavitarsis,00819_Animalia_Arthropoda_Insecta_Hymenoptera_Vespidae_Mischocyttarus_flavitarsis
43,858,Achyra rantalis,Garden Webworm Moth,Animalia,Arthropoda,Insecta,Lepidoptera,Crambidae,Achyra,rantalis,00858_Animalia_Arthropoda_Insecta_Lepidoptera_Crambidae_Achyra_rantalis
44,859,Agriphila straminella,Pearl Veneer,Animalia,Arthropoda,Insecta,Lepidoptera,Crambidae,Agriphila,straminella,00859_Animalia_Arthropoda_Insecta_Lepidoptera_Crambidae_Agriphila_straminella
45,921,Parapoynx diminutalis,Hydrilla Leafcutter Moth,Animalia,Arthropoda,Insecta,Lepidoptera,Crambidae,Parapoynx,diminutalis,00921_Animalia_Arthropoda_Insecta_Lepidoptera_Crambidae_Parapoynx_diminutalis
46,924,Perispasta caeculalis,Titian Peale's Crambid,Animalia,Arthropoda,Insecta,Lepidoptera,Crambidae,Perispasta,caeculalis,00924_Animalia_Arthropoda_Insecta_Lepidoptera_Crambidae_Perispasta_caeculalis
47,937,Pyrausta volupialis,Volupial Pyrausta Moth,Animalia,Arthropoda,Insecta,Lepidoptera,Crambidae,Pyrausta,volupialis,00937_Animalia_Arthropoda_Insecta_Lepidoptera_Crambidae_Pyrausta_volupialis
48,949,Urola nivalis,Snowy Urola Moth,Animalia,Arthropoda,Insecta,Lepidoptera,Crambidae,Urola,nivalis,00949_Animalia_Arthropoda_Insecta_Lepidoptera_Crambidae_Urola_nivalis
49,987,Bulia deducta,Deduced Graphic,Animalia,Arthropoda,Insecta,Lepidoptera,Erebidae,Bulia,deducta,00987_Animalia_Arthropoda_Insecta_Lepidoptera_Erebidae_Bulia_deducta
50,997,Catocala grynea,Woody Underwing,Animalia,Arthropoda,Insecta,Lepidoptera,Erebidae,Catocala,grynea,00997_Animalia_Arthropoda_Insecta_Lepidoptera_Erebidae_Catocala_grynea
51,998,Catocala ilia,Ilia Underwing,Animalia,Arthropoda,Insecta,Lepidoptera,Erebidae,Catocala,ilia,00998_Animalia_Arthropoda_Insecta_Lepidoptera_Erebidae_Catocala_ilia
52,1047,Hypena bijugalis,Dimorphic Bomolocha Moth,Animalia,Arthropoda,Insecta,Lepidoptera,Erebidae,Hypena,bijugalis,01047_Animalia_Arthropoda_Insecta_Lepidoptera_Erebidae_Hypena_bijugalis
53,1076,Melipotis acontioides,Royal Poinciana Moth,Animalia,Arthropoda,Insecta,Lepidoptera,Erebidae,Melipotis,acontioides,01076_Animalia_Arthropoda_Insecta_Lepidoptera_Erebidae_Melipotis_acontioides
54,1103,Pantydia sparsa,Pantydia sparsa,Animalia,Arthropoda,Insecta,Lepidoptera,Erebidae,Pantydia,sparsa,01103_Animalia_Arthropoda_Insecta_Lepidoptera_Erebidae_Pantydia_sparsa
55,1164,Chiasmia clathrata,Latticed Heath,Animalia,Arthropoda,Insecta,Lepidoptera,Geometridae,Chiasmia,clathrata,01164_Animalia_Arthropoda_Insecta_Lepidoptera_Geometridae_Chiasmia_clathrata
56,1167,Chlorochlamys chloroleucaria,Blackberry Looper,Animalia,Arthropoda,Insecta,Lepidoptera,Geometridae,Chlorochlamys,chloroleucaria,01167_Animalia_Arthropoda_Insecta_Lepidoptera_Geometridae_Chlorochlamys_chloroleucaria
57,1176,Colotois pennaria,Feathered Thorn,Animalia,Arthropoda,Insecta,Lepidoptera,Geometridae,Colotois,pennaria,01176_Animalia_Arthropoda_Insecta_Lepidoptera_Geometridae_Colotois_pennaria
58,1233,Idaea aversata,Riband Wave,Animalia,Arthropoda,Insecta,Lepidoptera,Geometridae,Idaea,aversata,01233_Animalia_Arthropoda_Insecta_Lepidoptera_Geometridae_Idaea_aversata
59,1242,Ilexia intractata,Black-dotted Ruddy Moth,Animalia,Arthropoda,Insecta,Lepidoptera,Geometridae,Ilexia,intractata,01242_Animalia_Arthropoda_Insecta_Lepidoptera_Geometridae_Ilexia_intractata
60,1297,Probole amicaria,Alien Probole Moth,Animalia,Arthropoda,Insecta,Lepidoptera,Geometridae,Probole,amicaria,01297_Animalia_Arthropoda_Insecta_Lepidoptera_Geometridae_Probole_amicaria
61,1314,Tetracis cachexiata,White Slant-line,Animalia,Arthropoda,Insecta,Lepidoptera,Geometridae,Tetracis,cachexiata,01314_Animalia_Arthropoda_Insecta_Lepidoptera_Geometridae_Tetracis_cachexiata
62,1315,Tetracis crocallata,Yellow Slant-line,Animalia,Arthropoda,Insecta,Lepidoptera,Geometridae,Tetracis,crocallata,01315_Animalia_Arthropoda_Insecta_Lepidoptera_Geometridae_Tetracis_crocallata
63,1335,Ancyloxypha numitor,Least Skipper,Animalia,Arthropoda,Insecta,Lepidoptera,Hesperiidae,Ancyloxypha,numitor,01335_Animalia_Arthropoda_Insecta_Lepidoptera_Hesperiidae_Ancyloxypha_numitor
64,1346,Burnsius philetas,Desert Checkered-Skipper,Animalia,Arthropoda,Insecta,Lepidoptera,Hesperiidae,Burnsius,philetas,01346_Animalia_Arthropoda_Insecta_Lepidoptera_Hesperiidae_Burnsius_philetas
65,1362,Erynnis juvenalis,Juvenal's Duskywing,Animalia,Arthropoda,Insecta,Lepidoptera,Hesperiidae,Erynnis,juvenalis,01362_Animalia_Arthropoda_Insecta_Lepidoptera_Hesperiidae_Erynnis_juvenalis
66,1374,Iambrix salsala,Chestnut Bob,Animalia,Arthropoda,Insecta,Lepidoptera,Hesperiidae,Iambrix,salsala,01374_Animalia_Arthropoda_Insecta_Lepidoptera_Hesperiidae_Iambrix_salsala
67,1376,Lerodea eufala,Eufala Skipper,Animalia,Arthropoda,Insecta,Lepidoptera,Hesperiidae,Lerodea,eufala,01376_Animalia_Arthropoda_Insecta_Lepidoptera_Hesperiidae_Lerodea_eufala
68,1378,Lon melane,Umber Skipper,Animalia,Arthropoda,Insecta,Lepidoptera,Hesperiidae,Lon,melane,01378_Animalia_Arthropoda_Insecta_Lepidoptera_Hesperiidae_Lon_melane
69,1393,Polites mystic,Long Dash Skipper,Animalia,Arthropoda,Insecta,Lepidoptera,Hesperiidae,Polites,mystic,01393_Animalia_Arthropoda_Insecta_Lepidoptera_Hesperiidae_Polites_mystic
70,1405,Thymelicus lineola,European Skipper,Animalia,Arthropoda,Insecta,Lepidoptera,Hesperiidae,Thymelicus,lineola,01405_Animalia_Arthropoda_Insecta_Lepidoptera_Hesperiidae_Thymelicus_lineola
71,1408,Urbanus dorantes,Dorantes Longtail,Animalia,Arthropoda,Insecta,Lepidoptera,Hesperiidae,Urbanus,dorantes,01408_Animalia_Arthropoda_Insecta_Lepidoptera_Hesperiidae_Urbanus_dorantes
72,1430,Euclea incisa,Green Oak-Slug Moth,Animalia,Arthropoda,Insecta,Lepidoptera,Limacodidae,Euclea,incisa,01430_Animalia_Arthropoda_Insecta_Lepidoptera_Limacodidae_Euclea_incisa
73,1439,Anthene emolus,Common Ciliate Blue,Animalia,Arthropoda,Insecta,Lepidoptera,Lycaenidae,Anthene,emolus,01439_Animalia_Arthropoda_Insecta_Lepidoptera_Lycaenidae_Anthene_emolus
74,1455,Catochrysops strabo,Forget-me-not,Animalia,Arthropoda,Insecta,Lepidoptera,Lycaenidae,Catochrysops,strabo,01455_Animalia_Arthropoda_Insecta_Lepidoptera_Lycaenidae_Catochrysops_strabo
75,1458,Celastrina ladon,Spring Azure,Animalia,Arthropoda,Insecta,Lepidoptera,Lycaenidae,Celastrina,ladon,01458_Animalia_Arthropoda_Insecta_Lepidoptera_Lycaenidae_Celastrina_ladon
76,1469,Cyaniris semiargus,Mazarine Blue,Animalia,Arthropoda,Insecta,Lepidoptera,Lycaenidae,Cyaniris,semiargus,01469_Animalia_Arthropoda_Insecta_Lepidoptera_Lycaenidae_Cyaniris_semiargus
77,1485,Icaricia icarioides,Boisduval's Blue,Animalia,Arthropoda,Insecta,Lepidoptera,Lycaenidae,Icaricia,icarioides,01485_Animalia_Arthropoda_Insecta_Lepidoptera_Lycaenidae_Icaricia_icarioides
78,1493,Leptotes marina,Marine Blue,Animalia,Arthropoda,Insecta,Lepidoptera,Lycaenidae,Leptotes,marina,01493_Animalia_Arthropoda_Insecta_Lepidoptera_Lycaenidae_Leptotes_marina
79,1534,Satyrium titus,Coral Hairstreak,Animalia,Arthropoda,Insecta,Lepidoptera,Lycaenidae,Satyrium,titus,01534_Animalia_Arthropoda_Insecta_Lepidoptera_Lycaenidae_Satyrium_titus
80,1583,Autographa californica,Alfalfa Looper,Animalia,Arthropoda,Insecta,Lepidoptera,Noctuidae,Autographa,californica,01583_Animalia_Arthropoda_Insecta_Lepidoptera_Noctuidae_Autographa_californica
81,1649,Lithacodia musta,Small Mossy Lithacodia,Animalia,Arthropoda,Insecta,Lepidoptera,Noctuidae,Lithacodia,musta,01649_Animalia_Arthropoda_Insecta_Lepidoptera_Noctuidae_Lithacodia_musta
82,1653,Maliattha synochitis,Black-dotted Maliattha,Animalia,Arthropoda,Insecta,Lepidoptera,Noctuidae,Maliattha,synochitis,01653_Animalia_Arthropoda_Insecta_Lepidoptera_Noctuidae_Maliattha_synochitis
83,1691,Ponometia semiflava,Half-yellow Moth,Animalia,Arthropoda,Insecta,Lepidoptera,Noctuidae,Ponometia,semiflava,01691_Animalia_Arthropoda_Insecta_Lepidoptera_Noctuidae_Ponometia_semiflava
84,1729,Pseudoips prasinana,Green Silver-lines,Animalia,Arthropoda,Insecta,Lepidoptera,Nolidae,Pseudoips,prasinana,01729_Animalia_Arthropoda_Insecta_Lepidoptera_Nolidae_Pseudoips_prasinana
85,1748,Peridea angulosa,Angulose Prominent Moth,Animalia,Arthropoda,Insecta,Lepidoptera,Notodontidae,Peridea,angulosa,01748_Animalia_Arthropoda_Insecta_Lepidoptera_Notodontidae_Peridea_angulosa
86,1802,Brenthis ino,Lesser Marbled Fritillary,Animalia,Arthropoda,Insecta,Lepidoptera,Nymphalidae,Brenthis,ino,01802_Animalia_Arthropoda_Insecta_Lepidoptera_Nymphalidae_Brenthis_ino
87,1838,Doxocopa laure,Silver Emperor,Animalia,Arthropoda,Insecta,Lepidoptera,Nymphalidae,Doxocopa,laure,01838_Animalia_Arthropoda_Insecta_Lepidoptera_Nymphalidae_Doxocopa_laure
88,1840,Dryas iulia,Julia Butterfly,Animalia,Arthropoda,Insecta,Lepidoptera,Nymphalidae,Dryas,iulia,01840_Animalia_Arthropoda_Insecta_Lepidoptera_Nymphalidae_Dryas_iulia
89,1854,Euphydryas phaeton,Baltimore Checkerspot,Animalia,Arthropoda,Insecta,Lepidoptera,Nymphalidae,Euphydryas,phaeton,01854_Animalia_Arthropoda_Insecta_Lepidoptera_Nymphalidae_Euphydryas_phaeton
90,1908,Limenitis arthemis,Red-spotted Admiral,Animalia,Arthropoda,Insecta,Lepidoptera,Nymphalidae,Limenitis,arthemis,01908_Animalia_Arthropoda_Insecta_Lepidoptera_Nymphalidae_Limenitis_arthemis
91,1938,Nymphalis antiopa,Mourning Cloak,Animalia,Arthropoda,Insecta,Lepidoptera,Nymphalidae,Nymphalis,antiopa,01938_Animalia_Arthropoda_Insecta_Lepidoptera_Nymphalidae_Nymphalis_antiopa
92,1968,Smyrna blomfildia,Blomfild's Beauty,Animalia,Arthropoda,Insecta,Lepidoptera,Nymphalidae,Smyrna,blomfildia,01968_Animalia_Arthropoda_Insecta_Lepidoptera_Nymphalidae_Smyrna_blomfildia
93,2009,Papilio anactus,Dainty Swallowtail,Animalia,Arthropoda,Insecta,Lepidoptera,Papilionidae,Papilio,anactus,02009_Animalia_Arthropoda_Insecta_Lepidoptera_Papilionidae_Papilio_anactus
94,2034,Papilio thoas,Thoas Swallowtail,Animalia,Arthropoda,Insecta,Lepidoptera,Papilionidae,Papilio,thoas,02034_Animalia_Arthropoda_Insecta_Lepidoptera_Papilionidae_Papilio_thoas
95,2073,Eurema daira,Barred Yellow,Animalia,Arthropoda,Insecta,Lepidoptera,Pieridae,Eurema,daira,02073_Animalia_Arthropoda_Insecta_Lepidoptera_Pieridae_Eurema_daira
96,2077,Glutophrissa drusilla,Florida White,Animalia,Arthropoda,Insecta,Lepidoptera,Pieridae,Glutophrissa,drusilla,02077_Animalia_Arthropoda_Insecta_Lepidoptera_Pieridae_Glutophrissa_drusilla
97,2092,Pieris brassicae,Large White Butterfly,Animalia,Arthropoda,Insecta,Lepidoptera,Pieridae,Pieris,brassicae,02092_Animalia_Arthropoda_Insecta_Lepidoptera_Pieridae_Pieris_brassicae
98,2129,Moodna ostrinella,Darker Moodna Moth,Animalia,Arthropoda,Insecta,Lepidoptera,Pyralidae,Moodna,ostrinella,02129_Animalia_Arthropoda_Insecta_Lepidoptera_Pyralidae_Moodna_ostrinella
99,2139,Calephelis nemesis,Fatal Metalmark,Animalia,Arthropoda,Insecta,Lepidoptera,Riodinidae,Calephelis,nemesis,02139_Animalia_Arthropoda_Insecta_Lepidoptera_Riodinidae_Calephelis_nemesis
100,2145,Melanis pixe,Red-bordered Pixie,Animalia,Arthropoda,Insecta,Lepidoptera,Riodinidae,Melanis,pixe,02145_Animalia_Arthropoda_Insecta_Lepidoptera_Riodinidae_Melanis_pixe
101,2149,Anisota senatoria,Orange-tipped Oakworm Moth,Animalia,Arthropoda,Insecta,Lepidoptera,Saturniidae,Anisota,senatoria,02149_Animalia_Arthropoda_Insecta_Lepidoptera_Saturniidae_Anisota_senatoria
102,2161,Hemileuca maia,Buck Moth,Animalia,Arthropoda,Insecta,Lepidoptera,Saturniidae,Hemileuca,maia,02161_Animalia_Arthropoda_Insecta_Lepidoptera_Saturniidae_Hemileuca_maia
103,2166,Saturnia pavonia,Small Emperor Moth,Animalia,Arthropoda,Insecta,Lepidoptera,Saturniidae,Saturnia,pavonia,02166_Animalia_Arthropoda_Insecta_Lepidoptera_Saturniidae_Saturnia_pavonia
104,2167,Saturnia pyri,Giant Peacock Moth,Animalia,Arthropoda,Insecta,Lepidoptera,Saturniidae,Saturnia,pyri,02167_Animalia_Arthropoda_Insecta_Lepidoptera_Saturniidae_Saturnia_pyri
105,2185,Dolba hyloeus,Pawpaw Sphinx Moth,Animalia,Arthropoda,Insecta,Lepidoptera,Sphingidae,Dolba,hyloeus,02185_Animalia_Arthropoda_Insecta_Lepidoptera_Sphingidae_Dolba_hyloeus
106,2198,Hippotion scrofa,Hippotion scrofa,Animalia,Arthropoda,Insecta,Lepidoptera,Sphingidae,Hippotion,scrofa,02198_Animalia_Arthropoda_Insecta_Lepidoptera_Sphingidae_Hippotion_scrofa
107,2211,Paonias excaecata,Blinded Sphinx Moth,Animalia,Arthropoda,Insecta,Lepidoptera,Sphingidae,Paonias,excaecata,02211_Animalia_Arthropoda_Insecta_Lepidoptera_Sphingidae_Paonias_excaecata
108,2222,Sphinx pinastri,Pine Hawk-Moth,Animalia,Arthropoda,Insecta,Lepidoptera,Sphingidae,Sphinx,pinastri,02222_Animalia_Arthropoda_Insecta_Lepidoptera_Sphingidae_Sphinx_pinastri
109,2235,Argyrotaenia velutinana,Red-banded Leafroller,Animalia,Arthropoda,Insecta,Lepidoptera,Tortricidae,Argyrotaenia,velutinana,02235_Animalia_Arthropoda_Insecta_Lepidoptera_Tortricidae_Argyrotaenia_velutinana
110,2246,Cydia latiferreana,Filbertworm Moth,Animalia,Arthropoda,Insecta,Lepidoptera,Tortricidae,Cydia,latiferreana,02246_Animalia_Arthropoda_Insecta_Lepidoptera_Tortricidae_Cydia_latiferreana
111,2249,Epiblema otiosana,Bidens Borer Moth,Animalia,Arthropoda,Insecta,Lepidoptera,Tortricidae,Epiblema,otiosana,02249_Animalia_Arthropoda_Insecta_Lepidoptera_Tortricidae_Epiblema_otiosana
112,2262,Platynota rostrana,Omnivorous Platynota Moth,Animalia,Arthropoda,Insecta,Lepidoptera,Tortricidae,Platynota,rostrana,02262_Animalia_Arthropoda_Insecta_Lepidoptera_Tortricidae_Platynota_rostrana
113,2284,Orthodera ministralis,Australian Green Mantis,Animalia,Arthropoda,Insecta,Mantodea,Mantidae,Orthodera,ministralis,02284_Animalia_Arthropoda_Insecta_Mantodea_Mantidae_Orthodera_ministralis
114,2297,Chrysopa oculata,Chrysopa oculata,Animalia,Arthropoda,Insecta,Neuroptera,Chrysopidae,Chrysopa,oculata,02297_Animalia_Arthropoda_Insecta_Neuroptera_Chrysopidae_Chrysopa_oculata
115,2303,Libelloides coccajus,Owly Sulphur,Animalia,Arthropoda,Insecta,Neuroptera,Myrmeleontidae,Libelloides,coccajus,02303_Animalia_Arthropoda_Insecta_Neuroptera_Myrmeleontidae_Libelloides_coccajus
116,2332,Calopteryx maculata,Ebony Jewelwing,Animalia,Arthropoda,Insecta,Odonata,Calopterygidae,Calopteryx,maculata,02332_Animalia_Arthropoda_Insecta_Odonata_Calopterygidae_Calopteryx_maculata
117,2369,Enallagma cyathigerum,Common Blue Damselfly,Animalia,Arthropoda,Insecta,Odonata,Coenagrionidae,Enallagma,cyathigerum,02369_Animalia_Arthropoda_Insecta_Odonata_Coenagrionidae_Enallagma_cyathigerum
118,2375,Enallagma geminatum,Skimming Bluet,Animalia,Arthropoda,Insecta,Odonata,Coenagrionidae,Enallagma,geminatum,02375_Animalia_Arthropoda_Insecta_Odonata_Coenagrionidae_Enallagma_geminatum
119,2427,Erpetogomphus designatus,Eastern Ringtail,Animalia,Arthropoda,Insecta,Odonata,Gomphidae,Erpetogomphus,designatus,02427_Animalia_Arthropoda_Insecta_Odonata_Gomphidae_Erpetogomphus_designatus
120,2432,Hagenius brevistylus,Dragonhunter,Animalia,Arthropoda,Insecta,Odonata,Gomphidae,Hagenius,brevistylus,02432_Animalia_Arthropoda_Insecta_Odonata_Gomphidae_Hagenius_brevistylus
121,2463,Lestes virens,Small Spreadwing,Animalia,Arthropoda,Insecta,Odonata,Lestidae,Lestes,virens,02463_Animalia_Arthropoda_Insecta_Odonata_Lestidae_Lestes_virens
122,2527,Neurothemis taiwanensis,Neurothemis taiwanensis,Animalia,Arthropoda,Insecta,Odonata,Libellulidae,Neurothemis,taiwanensis,02527_Animalia_Arthropoda_Insecta_Odonata_Libellulidae_Neurothemis_taiwanensis
123,2628,Pseudochorthippus curtipennis,Marsh meadow grasshopper,Animalia,Arthropoda,Insecta,Orthoptera,Acrididae,Pseudochorthippus,curtipennis,02628_Animalia_Arthropoda_Insecta_Orthoptera_Acrididae_Pseudochorthippus_curtipennis
124,2633,Schistocerca obscura,Obscure Bird Grasshopper,Animalia,Arthropoda,Insecta,Orthoptera,Acrididae,Schistocerca,obscura,02633_Animalia_Arthropoda_Insecta_Orthoptera_Acrididae_Schistocerca_obscura
125,2668,Conocephalus fuscus,Long-winged Conehead,Animalia,Arthropoda,Insecta,Orthoptera,Tettigoniidae,Conocephalus,fuscus,02668_Animalia_Arthropoda_Insecta_Orthoptera_Tettigoniidae_Conocephalus_fuscus
126,2702,Faxonius virilis,Virile Crayfish,Animalia,Arthropoda,Malacostraca,Decapoda,Cambaridae,Faxonius,virilis,02702_Animalia_Arthropoda_Malacostraca_Decapoda_Cambaridae_Faxonius_virilis
127,2736,Petrolisthes elongatus,New Zealand Half Crab,Animalia,Arthropoda,Malacostraca,Decapoda,Porcellanidae,Petrolisthes,elongatus,02736_Animalia_Arthropoda_Malacostraca_Decapoda_Porcellanidae_Petrolisthes_elongatus
128,2769,Pimephales notatus,Bluntnose Minnow,Animalia,Chordata,Actinopterygii,Cypriniformes,Cyprinidae,Pimephales,notatus,02769_Animalia_Chordata_Actinopterygii_Cypriniformes_Cyprinidae_Pimephales_notatus
129,2770,Rhinichthys atratulus,Blacknose Dace,Animalia,Chordata,Actinopterygii,Cypriniformes,Cyprinidae,Rhinichthys,atratulus,02770_Animalia_Chordata_Actinopterygii_Cypriniformes_Cyprinidae_Rhinichthys_atratulus
130,2773,Squalius cephalus,Chub,Animalia,Chordata,Actinopterygii,Cypriniformes,Cyprinidae,Squalius,cephalus,02773_Animalia_Chordata_Actinopterygii_Cypriniformes_Cyprinidae_Squalius_cephalus
131,2800,Lepomis auritus,Redbreast Sunfish,Animalia,Chordata,Actinopterygii,Perciformes,Centrarchidae,Lepomis,auritus,02800_Animalia_Chordata_Actinopterygii_Perciformes_Centrarchidae_Lepomis_auritus
132,2812,Chaetodon capistratus,Four-eyed Butterflyfish,Animalia,Chordata,Actinopterygii,Perciformes,Chaetodontidae,Chaetodon,capistratus,02812_Animalia_Chordata_Actinopterygii_Perciformes_Chaetodontidae_Chaetodon_capistratus
133,2836,Eupetrichthys angustipes,Snakeskin Wrasse,Animalia,Chordata,Actinopterygii,Perciformes,Labridae,Eupetrichthys,angustipes,02836_Animalia_Chordata_Actinopterygii_Perciformes_Labridae_Eupetrichthys_angustipes
134,2855,Parupeneus spilurus,Blackspot Goatfish,Animalia,Chordata,Actinopterygii,Perciformes,Mullidae,Parupeneus,spilurus,02855_Animalia_Chordata_Actinopterygii_Perciformes_Mullidae_Parupeneus_spilurus
135,2858,Perca flavescens,Yellow Perch,Animalia,Chordata,Actinopterygii,Perciformes,Percidae,Perca,flavescens,02858_Animalia_Chordata_Actinopterygii_Perciformes_Percidae_Perca_flavescens
136,2866,Abudefduf vaigiensis,Indo-Pacific Sergeant Major,Animalia,Chordata,Actinopterygii,Perciformes,Pomacentridae,Abudefduf,vaigiensis,02866_Animalia_Chordata_Actinopterygii_Perciformes_Pomacentridae_Abudefduf_vaigiensis
137,2878,Aplodinotus grunniens,Freshwater Drum,Animalia,Chordata,Actinopterygii,Perciformes,Sciaenidae,Aplodinotus,grunniens,02878_Animalia_Chordata_Actinopterygii_Perciformes_Sciaenidae_Aplodinotus_grunniens
138,2884,Paralabrax clathratus,Kelp Bass,Animalia,Chordata,Actinopterygii,Perciformes,Serranidae,Paralabrax,clathratus,02884_Animalia_Chordata_Actinopterygii_Perciformes_Serranidae_Paralabrax_clathratus
139,2914,Plotosus lineatus,Striped Eel Catfish,Animalia,Chordata,Actinopterygii,Siluriformes,Plotosidae,Plotosus,lineatus,02914_Animalia_Chordata_Actinopterygii_Siluriformes_Plotosidae_Plotosus_lineatus
140,2919,Hippocampus histrix,Spiny Seahorse,Animalia,Chordata,Actinopterygii,Syngnathiformes,Syngnathidae,Hippocampus,histrix,02919_Animalia_Chordata_Actinopterygii_Syngnathiformes_Syngnathidae_Hippocampus_histrix
141,2973,Pristimantis achatinus,Cachabi Robber Frog,Animalia,Chordata,Amphibia,Anura,Craugastoridae,Pristimantis,achatinus,02973_Animalia_Chordata_Amphibia_Anura_Craugastoridae_Pristimantis_achatinus
142,3014,Litoria fallax,Eastern Dwarf Treefrog,Animalia,Chordata,Amphibia,Anura,Pelodryadidae,Litoria,fallax,03014_Animalia_Chordata_Amphibia_Anura_Pelodryadidae_Litoria_fallax
143,3040,Rana aurora,Northern Red-legged Frog,Animalia,Chordata,Amphibia,Anura,Ranidae,Rana,aurora,03040_Animalia_Chordata_Amphibia_Anura_Ranidae_Rana_aurora
144,3070,Aneides aeneus,Green Salamander,Animalia,Chordata,Amphibia,Caudata,Plethodontidae,Aneides,aeneus,03070_Animalia_Chordata_Amphibia_Caudata_Plethodontidae_Aneides_aeneus
145,3107,Triturus carnifex,Italian Crested Newt,Animalia,Chordata,Amphibia,Caudata,Salamandridae,Triturus,carnifex,03107_Animalia_Chordata_Amphibia_Caudata_Salamandridae_Triturus_carnifex
146,3120,Aquila heliaca,Imperial Eagle,Animalia,Chordata,Aves,Accipitriformes,Accipitridae,Aquila,heliaca,03120_Animalia_Chordata_Aves_Accipitriformes_Accipitridae_Aquila_heliaca
147,3177,Pernis apivorus,European Honey-buzzard,Animalia,Chordata,Aves,Accipitriformes,Accipitridae,Pernis,apivorus,03177_Animalia_Chordata_Aves_Accipitriformes_Accipitridae_Pernis_apivorus
148,3199,Anas georgica,Yellow-billed Pintail,Animalia,Chordata,Aves,Anseriformes,Anatidae,Anas,georgica,03199_Animalia_Chordata_Aves_Anseriformes_Anatidae_Anas_georgica
149,3244,Cygnus olor,Mute Swan,Animalia,Chordata,Aves,Anseriformes,Anatidae,Cygnus,olor,03244_Animalia_Chordata_Aves_Anseriformes_Anatidae_Cygnus_olor
150,3258,Melanitta perspicillata,Surf Scoter,Animalia,Chordata,Aves,Anseriformes,Anatidae,Melanitta,perspicillata,03258_Animalia_Chordata_Aves_Anseriformes_Anatidae_Melanitta_perspicillata
151,3259,Mergellus albellus,Smew,Animalia,Chordata,Aves,Anseriformes,Anatidae,Mergellus,albellus,03259_Animalia_Chordata_Aves_Anseriformes_Anatidae_Mergellus_albellus
152,3260,Mergus merganser,Common Merganser,Animalia,Chordata,Aves,Anseriformes,Anatidae,Mergus,merganser,03260_Animalia_Chordata_Aves_Anseriformes_Anatidae_Mergus_merganser
153,3306,Archilochus alexandri,Black-chinned Hummingbird,Animalia,Chordata,Aves,Caprimulgiformes,Trochilidae,Archilochus,alexandri,03306_Animalia_Chordata_Aves_Caprimulgiformes_Trochilidae_Archilochus_alexandri
154,3321,Heliodoxa jacula,Green-crowned Brilliant,Animalia,Chordata,Aves,Caprimulgiformes,Trochilidae,Heliodoxa,jacula,03321_Animalia_Chordata_Aves_Caprimulgiformes_Trochilidae_Heliodoxa_jacula
155,3358,Charadrius obscurus,Red-breasted Dotterel,Animalia,Chordata,Aves,Charadriiformes,Charadriidae,Charadrius,obscurus,03358_Animalia_Chordata_Aves_Charadriiformes_Charadriidae_Charadrius_obscurus
156,3364,Charadrius wilsonia,Wilson's Plover,Animalia,Chordata,Aves,Charadriiformes,Charadriidae,Charadrius,wilsonia,03364_Animalia_Chordata_Aves_Charadriiformes_Charadriidae_Charadrius_wilsonia
157,3367,Pluvialis dominica,American Golden-Plover,Animalia,Chordata,Aves,Charadriiformes,Charadriidae,Pluvialis,dominica,03367_Animalia_Chordata_Aves_Charadriiformes_Charadriidae_Pluvialis_dominica
158,3372,Vanellus coronatus,Crowned Lapwing,Animalia,Chordata,Aves,Charadriiformes,Charadriidae,Vanellus,coronatus,03372_Animalia_Chordata_Aves_Charadriiformes_Charadriidae_Vanellus_coronatus
159,3385,Haematopus palliatus,American Oystercatcher,Animalia,Chordata,Aves,Charadriiformes,Haematopodidae,Haematopus,palliatus,03385_Animalia_Chordata_Aves_Charadriiformes_Haematopodidae_Haematopus_palliatus
160,3398,Chroicocephalus hartlaubii,Hartlaub's Gull,Animalia,Chordata,Aves,Charadriiformes,Laridae,Chroicocephalus,hartlaubii,03398_Animalia_Chordata_Aves_Charadriiformes_Laridae_Chroicocephalus_hartlaubii
161,3402,Chroicocephalus ridibundus,Black-headed Gull,Animalia,Chordata,Aves,Charadriiformes,Laridae,Chroicocephalus,ridibundus,03402_Animalia_Chordata_Aves_Charadriiformes_Laridae_Chroicocephalus_ridibundus
162,3410,Larus cachinnans,Caspian Gull,Animalia,Chordata,Aves,Charadriiformes,Laridae,Larus,cachinnans,03410_Animalia_Chordata_Aves_Charadriiformes_Laridae_Larus_cachinnans
163,3417,Larus glaucescens,Glaucous-winged Gull,Animalia,Chordata,Aves,Charadriiformes,Laridae,Larus,glaucescens,03417_Animalia_Chordata_Aves_Charadriiformes_Laridae_Larus_glaucescens
164,3481,Numenius madagascariensis,Far Eastern Curlew,Animalia,Chordata,Aves,Charadriiformes,Scolopacidae,Numenius,madagascariensis,03481_Animalia_Chordata_Aves_Charadriiformes_Scolopacidae_Numenius_madagascariensis
165,3490,Tringa glareola,Wood Sandpiper,Animalia,Chordata,Aves,Charadriiformes,Scolopacidae,Tringa,glareola,03490_Animalia_Chordata_Aves_Charadriiformes_Scolopacidae_Tringa_glareola
166,3529,Patagioenas flavirostris,Red-billed Pigeon,Animalia,Chordata,Aves,Columbiformes,Columbidae,Patagioenas,flavirostris,03529_Animalia_Chordata_Aves_Columbiformes_Columbidae_Patagioenas_flavirostris
167,3635,Pavo cristatus,Common Peafowl,Animalia,Chordata,Aves,Galliformes,Phasianidae,Pavo,cristatus,03635_Animalia_Chordata_Aves_Galliformes_Phasianidae_Pavo_cristatus
168,3673,Zapornia flavirostra,Black Crake,Animalia,Chordata,Aves,Gruiformes,Rallidae,Zapornia,flavirostra,03673_Animalia_Chordata_Aves_Gruiformes_Rallidae_Zapornia_flavirostra
169,3715,Passerina ciris,Painted Bunting,Animalia,Chordata,Aves,Passeriformes,Cardinalidae,Passerina,ciris,03715_Animalia_Chordata_Aves_Passeriformes_Cardinalidae_Passerina_ciris
170,3719,Pheucticus chrysopeplus,Yellow Grosbeak,Animalia,Chordata,Aves,Passeriformes,Cardinalidae,Pheucticus,chrysopeplus,03719_Animalia_Chordata_Aves_Passeriformes_Cardinalidae_Pheucticus_chrysopeplus
171,3728,Certhia americana,Brown Creeper,Animalia,Chordata,Aves,Passeriformes,Certhiidae,Certhia,americana,03728_Animalia_Chordata_Aves_Passeriformes_Certhiidae_Certhia_americana
172,3759,Corvus ossifragus,Fish Crow,Animalia,Chordata,Aves,Passeriformes,Corvidae,Corvus,ossifragus,03759_Animalia_Chordata_Aves_Passeriformes_Corvidae_Corvus_ossifragus
173,3777,Psilorhinus morio,Brown Jay,Animalia,Chordata,Aves,Passeriformes,Corvidae,Psilorhinus,morio,03777_Animalia_Chordata_Aves_Passeriformes_Corvidae_Psilorhinus_morio
174,3778,Pyrrhocorax graculus,Alpine Chough,Animalia,Chordata,Aves,Passeriformes,Corvidae,Pyrrhocorax,graculus,03778_Animalia_Chordata_Aves_Passeriformes_Corvidae_Pyrrhocorax_graculus
175,3804,Taeniopygia bichenovii,Double-barred Finch,Animalia,Chordata,Aves,Passeriformes,Estrildidae,Taeniopygia,bichenovii,03804_Animalia_Chordata_Aves_Passeriformes_Estrildidae_Taeniopygia_bichenovii
176,3828,Loxia curvirostra,Red Crossbill,Animalia,Chordata,Aves,Passeriformes,Fringillidae,Loxia,curvirostra,03828_Animalia_Chordata_Aves_Passeriformes_Fringillidae_Loxia_curvirostra
177,3849,Hirundo rustica,Barn Swallow,Animalia,Chordata,Aves,Passeriformes,Hirundinidae,Hirundo,rustica,03849_Animalia_Chordata_Aves_Passeriformes_Hirundinidae_Hirundo_rustica
178,3859,Riparia riparia,Bank Swallow,Animalia,Chordata,Aves,Passeriformes,Hirundinidae,Riparia,riparia,03859_Animalia_Chordata_Aves_Passeriformes_Hirundinidae_Riparia_riparia
179,3860,Stelgidopteryx ruficollis,Southern Rough-winged Swallow,Animalia,Chordata,Aves,Passeriformes,Hirundinidae,Stelgidopteryx,ruficollis,03860_Animalia_Chordata_Aves_Passeriformes_Hirundinidae_Stelgidopteryx_ruficollis
180,3865,Tachycineta thalassina,Violet-green Swallow,Animalia,Chordata,Aves,Passeriformes,Hirundinidae,Tachycineta,thalassina,03865_Animalia_Chordata_Aves_Passeriformes_Hirundinidae_Tachycineta_thalassina
181,3868,Agelaius tricolor,Tricolored Blackbird,Animalia,Chordata,Aves,Passeriformes,Icteridae,Agelaius,tricolor,03868_Animalia_Chordata_Aves_Passeriformes_Icteridae_Agelaius_tricolor
182,3901,Quiscalus quiscula,Common Grackle,Animalia,Chordata,Aves,Passeriformes,Icteridae,Quiscalus,quiscula,03901_Animalia_Chordata_Aves_Passeriformes_Icteridae_Quiscalus_quiscula
183,3938,Ptilotula penicillata,White-plumed Honeyeater,Animalia,Chordata,Aves,Passeriformes,Meliphagidae,Ptilotula,penicillata,03938_Animalia_Chordata_Aves_Passeriformes_Meliphagidae_Ptilotula_penicillata
184,3961,Anthus pratensis,Meadow Pipit,Animalia,Chordata,Aves,Passeriformes,Motacillidae,Anthus,pratensis,03961_Animalia_Chordata_Aves_Passeriformes_Motacillidae_Anthus_pratensis
185,3990,Oenanthe familiaris,Familiar Chat,Animalia,Chordata,Aves,Passeriformes,Muscicapidae,Oenanthe,familiaris,03990_Animalia_Chordata_Aves_Passeriformes_Muscicapidae_Oenanthe_familiaris
186,4040,Poecile hudsonicus,Boreal Chickadee,Animalia,Chordata,Aves,Passeriformes,Paridae,Poecile,hudsonicus,04040_Animalia_Chordata_Aves_Passeriformes_Paridae_Poecile_hudsonicus
187,4043,Poecile rufescens,Chestnut-backed Chickadee,Animalia,Chordata,Aves,Passeriformes,Paridae,Poecile,rufescens,04043_Animalia_Chordata_Aves_Passeriformes_Paridae_Poecile_rufescens
188,4068,Setophaga cerulea,Cerulean Warbler,Animalia,Chordata,Aves,Passeriformes,Parulidae,Setophaga,cerulea,04068_Animalia_Chordata_Aves_Passeriformes_Parulidae_Setophaga_cerulea
189,4070,Setophaga citrina,Hooded Warbler,Animalia,Chordata,Aves,Passeriformes,Parulidae,Setophaga,citrina,04070_Animalia_Chordata_Aves_Passeriformes_Parulidae_Setophaga_citrina
190,4073,Setophaga dominica,Yellow-throated Warbler,Animalia,Chordata,Aves,Passeriformes,Parulidae,Setophaga,dominica,04073_Animalia_Chordata_Aves_Passeriformes_Parulidae_Setophaga_dominica
191,4084,Setophaga ruticilla,American Redstart,Animalia,Chordata,Aves,Passeriformes,Parulidae,Setophaga,ruticilla,04084_Animalia_Chordata_Aves_Passeriformes_Parulidae_Setophaga_ruticilla
192,4089,Vermivora chrysoptera,Golden-winged Warbler,Animalia,Chordata,Aves,Passeriformes,Parulidae,Vermivora,chrysoptera,04089_Animalia_Chordata_Aves_Passeriformes_Parulidae_Vermivora_chrysoptera
193,4099,Calamospiza melanocorys,Lark Bunting,Animalia,Chordata,Aves,Passeriformes,Passerellidae,Calamospiza,melanocorys,04099_Animalia_Chordata_Aves_Passeriformes_Passerellidae_Calamospiza_melanocorys
194,4100,Centronyx henslowii,Henslow's Sparrow,Animalia,Chordata,Aves,Passeriformes,Passerellidae,Centronyx,henslowii,04100_Animalia_Chordata_Aves_Passeriformes_Passerellidae_Centronyx_henslowii
195,4118,Pipilo erythrophthalmus,Eastern Towhee,Animalia,Chordata,Aves,Passeriformes,Passerellidae,Pipilo,erythrophthalmus,04118_Animalia_Chordata_Aves_Passeriformes_Passerellidae_Pipilo_erythrophthalmus
196,4138,Eopsaltria australis,Eastern Yellow Robin,Animalia,Chordata,Aves,Passeriformes,Petroicidae,Eopsaltria,australis,04138_Animalia_Chordata_Aves_Passeriformes_Petroicidae_Eopsaltria_australis
197,4142,Petroica macrocephala,Tomtit,Animalia,Chordata,Aves,Passeriformes,Petroicidae,Petroica,macrocephala,04142_Animalia_Chordata_Aves_Passeriformes_Petroicidae_Petroica_macrocephala
198,4178,Regulus ignicapilla,Common Firecrest,Animalia,Chordata,Aves,Passeriformes,Regulidae,Regulus,ignicapilla,04178_Animalia_Chordata_Aves_Passeriformes_Regulidae_Regulus_ignicapilla
199,4189,Sitta pusilla,Brown-headed Nuthatch,Animalia,Chordata,Aves,Passeriformes,Sittidae,Sitta,pusilla,04189_Animalia_Chordata_Aves_Passeriformes_Sittidae_Sitta_pusilla
200,4203,Chamaea fasciata,Wrentit,Animalia,Chordata,Aves,Passeriformes,Sylviidae,Chamaea,fasciata,04203_Animalia_Chordata_Aves_Passeriformes_Sylviidae_Chamaea_fasciata
201,4228,Saltator coerulescens,Grayish Saltator,Animalia,Chordata,Aves,Passeriformes,Thraupidae,Saltator,coerulescens,04228_Animalia_Chordata_Aves_Passeriformes_Thraupidae_Saltator_coerulescens
202,4245,Thraupis episcopus,Blue-gray Tanager,Animalia,Chordata,Aves,Passeriformes,Thraupidae,Thraupis,episcopus,04245_Animalia_Chordata_Aves_Passeriformes_Thraupidae_Thraupis_episcopus
203,4293,Contopus cooperi,Olive-sided Flycatcher,Animalia,Chordata,Aves,Passeriformes,Tyrannidae,Contopus,cooperi,04293_Animalia_Chordata_Aves_Passeriformes_Tyrannidae_Contopus_cooperi
204,4295,Contopus sordidulus,Western Wood-Pewee,Animalia,Chordata,Aves,Passeriformes,Tyrannidae,Contopus,sordidulus,04295_Animalia_Chordata_Aves_Passeriformes_Tyrannidae_Contopus_sordidulus
205,4302,Empidonax hammondii,Hammond's Flycatcher,Animalia,Chordata,Aves,Passeriformes,Tyrannidae,Empidonax,hammondii,04302_Animalia_Chordata_Aves_Passeriformes_Tyrannidae_Empidonax_hammondii
206,4308,Fluvicola nengeta,Masked Water-Tyrant,Animalia,Chordata,Aves,Passeriformes,Tyrannidae,Fluvicola,nengeta,04308_Animalia_Chordata_Aves_Passeriformes_Tyrannidae_Fluvicola_nengeta
207,4313,Myiarchus cinerascens,Ash-throated Flycatcher,Animalia,Chordata,Aves,Passeriformes,Tyrannidae,Myiarchus,cinerascens,04313_Animalia_Chordata_Aves_Passeriformes_Tyrannidae_Myiarchus_cinerascens
208,4350,Zosterops japonicus,Warbling White-eye,Animalia,Chordata,Aves,Passeriformes,Zosteropidae,Zosterops,japonicus,04350_Animalia_Chordata_Aves_Passeriformes_Zosteropidae_Zosterops_japonicus
209,4352,Zosterops palpebrosus,Indian White-eye,Animalia,Chordata,Aves,Passeriformes,Zosteropidae,Zosterops,palpebrosus,04352_Animalia_Chordata_Aves_Passeriformes_Zosteropidae_Zosterops_palpebrosus
210,4372,Cochlearius cochlearius,Boat-billed Heron,Animalia,Chordata,Aves,Pelecaniformes,Ardeidae,Cochlearius,cochlearius,04372_Animalia_Chordata_Aves_Pelecaniformes_Ardeidae_Cochlearius_cochlearius
211,4386,Nycticorax nycticorax,Black-crowned Night Heron,Animalia,Chordata,Aves,Pelecaniformes,Ardeidae,Nycticorax,nycticorax,04386_Animalia_Chordata_Aves_Pelecaniformes_Ardeidae_Nycticorax_nycticorax
212,4391,Pelecanus crispus,Dalmatian Pelican,Animalia,Chordata,Aves,Pelecaniformes,Pelecanidae,Pelecanus,crispus,04391_Animalia_Chordata_Aves_Pelecaniformes_Pelecanidae_Pelecanus_crispus
213,4419,Phoenicopterus ruber,American Flamingo,Animalia,Chordata,Aves,Phoenicopteriformes,Phoenicopteridae,Phoenicopterus,ruber,04419_Animalia_Chordata_Aves_Phoenicopteriformes_Phoenicopteridae_Phoenicopterus_ruber
214,4442,Dryobates pubescens,Downy Woodpecker,Animalia,Chordata,Aves,Piciformes,Picidae,Dryobates,pubescens,04442_Animalia_Chordata_Aves_Piciformes_Picidae_Dryobates_pubescens
215,4553,Megascops asio,Eastern Screech-Owl,Animalia,Chordata,Aves,Strigiformes,Strigidae,Megascops,asio,04553_Animalia_Chordata_Aves_Strigiformes_Strigidae_Megascops_asio
216,4578,Phalacrocorax pelagicus,Pelagic Cormorant,Animalia,Chordata,Aves,Suliformes,Phalacrocoracidae,Phalacrocorax,pelagicus,04578_Animalia_Chordata_Aves_Suliformes_Phalacrocoracidae_Phalacrocorax_pelagicus
217,4579,Phalacrocorax penicillatus,Brandt's Cormorant,Animalia,Chordata,Aves,Suliformes,Phalacrocoracidae,Phalacrocorax,penicillatus,04579_Animalia_Chordata_Aves_Suliformes_Phalacrocoracidae_Phalacrocorax_penicillatus
218,4596,Trogon rufus,Black-throated Trogon,Animalia,Chordata,Aves,Trogoniformes,Trogonidae,Trogon,rufus,04596_Animalia_Chordata_Aves_Trogoniformes_Trogonidae_Trogon_rufus
219,4609,Ginglymostoma cirratum,Nurse Shark,Animalia,Chordata,Elasmobranchii,Orectolobiformes,Ginglymostomatidae,Ginglymostoma,cirratum,04609_Animalia_Chordata_Elasmobranchii_Orectolobiformes_Ginglymostomatidae_Ginglymostoma_cirratum
220,4632,Oreotragus oreotragus,Klipspringer,Animalia,Chordata,Mammalia,Artiodactyla,Bovidae,Oreotragus,oreotragus,04632_Animalia_Chordata_Mammalia_Artiodactyla_Bovidae_Oreotragus_oreotragus
221,4641,Tragelaphus oryx,Eland,Animalia,Chordata,Mammalia,Artiodactyla,Bovidae,Tragelaphus,oryx,04641_Animalia_Chordata_Mammalia_Artiodactyla_Bovidae_Tragelaphus_oryx
222,4654,Odocoileus virginianus,White-tailed Deer,Animalia,Chordata,Mammalia,Artiodactyla,Cervidae,Odocoileus,virginianus,04654_Animalia_Chordata_Mammalia_Artiodactyla_Cervidae_Odocoileus_virginianus
223,4671,Canis lupus,Gray Wolf,Animalia,Chordata,Mammalia,Carnivora,Canidae,Canis,lupus,04671_Animalia_Chordata_Mammalia_Carnivora_Canidae_Canis_lupus
224,4673,Lycalopex culpaeus,Culpeo,Animalia,Chordata,Mammalia,Carnivora,Canidae,Lycalopex,culpaeus,04673_Animalia_Chordata_Mammalia_Carnivora_Canidae_Lycalopex_culpaeus
225,4680,Lynx canadensis,Canada Lynx,Animalia,Chordata,Mammalia,Carnivora,Felidae,Lynx,canadensis,04680_Animalia_Chordata_Mammalia_Carnivora_Felidae_Lynx_canadensis
226,4690,Mephitis macroura,Hooded Skunk,Animalia,Chordata,Mammalia,Carnivora,Mephitidae,Mephitis,macroura,04690_Animalia_Chordata_Mammalia_Carnivora_Mephitidae_Mephitis_macroura
227,4708,Phocarctos hookeri,New Zealand Sea Lion,Animalia,Chordata,Mammalia,Carnivora,Otariidae,Phocarctos,hookeri,04708_Animalia_Chordata_Mammalia_Carnivora_Otariidae_Phocarctos_hookeri
228,4732,Galeopterus variegatus,Sunda Flying Lemur,Animalia,Chordata,Mammalia,Dermoptera,Cynocephalidae,Galeopterus,variegatus,04732_Animalia_Chordata_Mammalia_Dermoptera_Cynocephalidae_Galeopterus_variegatus
229,4736,Macropus fuliginosus,Western Grey Kangaroo,Animalia,Chordata,Mammalia,Diprotodontia,Macropodidae,Macropus,fuliginosus,04736_Animalia_Chordata_Mammalia_Diprotodontia_Macropodidae_Macropus_fuliginosus
230,4794,Castor canadensis,American Beaver,Animalia,Chordata,Mammalia,Rodentia,Castoridae,Castor,canadensis,04794_Animalia_Chordata_Mammalia_Rodentia_Castoridae_Castor_canadensis
231,4801,Myodes glareolus,Bank Vole,Animalia,Chordata,Mammalia,Rodentia,Cricetidae,Myodes,glareolus,04801_Animalia_Chordata_Mammalia_Rodentia_Cricetidae_Myodes_glareolus
232,4833,Marmota monax,Woodchuck,Animalia,Chordata,Mammalia,Rodentia,Sciuridae,Marmota,monax,04833_Animalia_Chordata_Mammalia_Rodentia_Sciuridae_Marmota_monax
233,4843,Sciurus aureogaster,Red-bellied Squirrel,Animalia,Chordata,Mammalia,Rodentia,Sciuridae,Sciurus,aureogaster,04843_Animalia_Chordata_Mammalia_Rodentia_Sciuridae_Sciurus_aureogaster
234,4860,Caiman crocodilus,Common Caiman,Animalia,Chordata,Reptilia,Crocodylia,Alligatoridae,Caiman,crocodilus,04860_Animalia_Chordata_Reptilia_Crocodylia_Alligatoridae_Caiman_crocodilus
235,4862,Crocodylus moreletii,Belize Crocodile,Animalia,Chordata,Reptilia,Crocodylia,Crocodylidae,Crocodylus,moreletii,04862_Animalia_Chordata_Reptilia_Crocodylia_Crocodylidae_Crocodylus_moreletii
236,4879,Anguis veronensis,Italian Slow Worm,Animalia,Chordata,Reptilia,Squamata,Anguidae,Anguis,veronensis,04879_Animalia_Chordata_Reptilia_Squamata_Anguidae_Anguis_veronensis
237,4884,Gerrhonotus infernalis,Texas Alligator Lizard,Animalia,Chordata,Reptilia,Squamata,Anguidae,Gerrhonotus,infernalis,04884_Animalia_Chordata_Reptilia_Squamata_Anguidae_Gerrhonotus_infernalis
238,4904,Dendrelaphis pictus,Common Bronze-back,Animalia,Chordata,Reptilia,Squamata,Colubridae,Dendrelaphis,pictus,04904_Animalia_Chordata_Reptilia_Squamata_Colubridae_Dendrelaphis_pictus
239,4925,Lampropeltis triangulum,Eastern Milksnake,Animalia,Chordata,Reptilia,Squamata,Colubridae,Lampropeltis,triangulum,04925_Animalia_Chordata_Reptilia_Squamata_Colubridae_Lampropeltis_triangulum
240,4964,Tantilla gracilis,Flat-headed Snake,Animalia,Chordata,Reptilia,Squamata,Colubridae,Tantilla,gracilis,04964_Animalia_Chordata_Reptilia_Squamata_Colubridae_Tantilla_gracilis
241,4977,Zamenis longissimus,Aesculapian Snake,Animalia,Chordata,Reptilia,Squamata,Colubridae,Zamenis,longissimus,04977_Animalia_Chordata_Reptilia_Squamata_Colubridae_Zamenis_longissimus
242,4981,Basiliscus vittatus,Brown Basilisk,Animalia,Chordata,Reptilia,Squamata,Corytophanidae,Basiliscus,vittatus,04981_Animalia_Chordata_Reptilia_Squamata_Corytophanidae_Basiliscus_vittatus
243,4995,Micrurus tener,Texas Coralsnake,Animalia,Chordata,Reptilia,Squamata,Elapidae,Micrurus,tener,04995_Animalia_Chordata_Reptilia_Squamata_Elapidae_Micrurus_tener
244,5016,Iguana iguana,Green Iguana,Animalia,Chordata,Reptilia,Squamata,Iguanidae,Iguana,iguana,05016_Animalia_Chordata_Reptilia_Squamata_Iguanidae_Iguana_iguana
245,5028,Pseudaspis cana,Mole Snake,Animalia,Chordata,Reptilia,Squamata,Lamprophiidae,Pseudaspis,cana,05028_Animalia_Chordata_Reptilia_Squamata_Lamprophiidae_Pseudaspis_cana
246,5080,Plestiodon obsoletus,Great Plains Skink,Animalia,Chordata,Reptilia,Squamata,Scincidae,Plestiodon,obsoletus,05080_Animalia_Chordata_Reptilia_Squamata_Scincidae_Plestiodon_obsoletus
247,5118,Crotalus oreganus,Western Rattlesnake,Animalia,Chordata,Reptilia,Squamata,Viperidae,Crotalus,oreganus,05118_Animalia_Chordata_Reptilia_Squamata_Viperidae_Crotalus_oreganus
248,5124,Sistrurus catenatus,Massasauga,Animalia,Chordata,Reptilia,Squamata,Viperidae,Sistrurus,catenatus,05124_Animalia_Chordata_Reptilia_Squamata_Viperidae_Sistrurus_catenatus
249,5172,Actinia equina,Beadlet anemone,Animalia,Cnidaria,Anthozoa,Actiniaria,Actiniidae,Actinia,equina,05172_Animalia_Cnidaria_Anthozoa_Actiniaria_Actiniidae_Actinia_equina
250,5220,Clinocardium nuttallii,Nuttall's Cockle,Animalia,Mollusca,Bivalvia,Cardiida,Cardiidae,Clinocardium,nuttallii,05220_Animalia_Mollusca_Bivalvia_Cardiida_Cardiidae_Clinocardium_nuttallii
251,5273,Aliger gigas,Queen Conch,Animalia,Mollusca,Gastropoda,Littorinimorpha,Strombidae,Aliger,gigas,05273_Animalia_Mollusca_Gastropoda_Littorinimorpha_Strombidae_Aliger_gigas
252,5277,Buccinum undatum,Common Whelk,Animalia,Mollusca,Gastropoda,Neogastropoda,Buccinidae,Buccinum,undatum,05277_Animalia_Mollusca_Gastropoda_Neogastropoda_Buccinidae_Buccinum_undatum
253,5283,Californiconus californicus,California Cone,Animalia,Mollusca,Gastropoda,Neogastropoda,Conidae,Californiconus,californicus,05283_Animalia_Mollusca_Gastropoda_Neogastropoda_Conidae_Californiconus_californicus
254,5291,Americoliva sayana,Lettered Olive,Animalia,Mollusca,Gastropoda,Neogastropoda,Olividae,Americoliva,sayana,05291_Animalia_Mollusca_Gastropoda_Neogastropoda_Olividae_Americoliva_sayana
255,5312,Phidiana hiltoni,Hilton's Aeolid,Animalia,Mollusca,Gastropoda,Nudibranchia,Facelinidae,Phidiana,hiltoni,05312_Animalia_Mollusca_Gastropoda_Nudibranchia_Facelinidae_Phidiana_hiltoni
256,5323,Phyllidia varicosa,Varicose Wart Slug,Animalia,Mollusca,Gastropoda,Nudibranchia,Phyllidiidae,Phyllidia,varicosa,05323_Animalia_Mollusca_Gastropoda_Nudibranchia_Phyllidiidae_Phyllidia_varicosa
257,5330,Rumina decollata,Decollate Snail,Animalia,Mollusca,Gastropoda,Stylommatophora,Achatinidae,Rumina,decollata,05330_Animalia_Mollusca_Gastropoda_Stylommatophora_Achatinidae_Rumina_decollata
258,5347,Cepaea hortensis,White-lipped Snail,Animalia,Mollusca,Gastropoda,Stylommatophora,Helicidae,Cepaea,hortensis,05347_Animalia_Mollusca_Gastropoda_Stylommatophora_Helicidae_Cepaea_hortensis
259,5350,Helix lucorum,Turkish Snail,Animalia,Mollusca,Gastropoda,Stylommatophora,Helicidae,Helix,lucorum,05350_Animalia_Mollusca_Gastropoda_Stylommatophora_Helicidae_Helix_lucorum
260,5387,Tonicella lineata,Lined Chiton,Animalia,Mollusca,Polyplacophora,Chitonida,Tonicellidae,Tonicella,lineata,05387_Animalia_Mollusca_Polyplacophora_Chitonida_Tonicellidae_Tonicella_lineata
261,5433,Peltigera praetextata,scaly pelt lichen,Fungi,Ascomycota,Lecanoromycetes,Peltigerales,Peltigeraceae,Peltigera,praetextata,05433_Fungi_Ascomycota_Lecanoromycetes_Peltigerales_Peltigeraceae_Peltigera_praetextata
262,5441,Teloschistes flavicans,Golden Hair-lichen,Fungi,Ascomycota,Lecanoromycetes,Teloschistales,Teloschistaceae,Teloschistes,flavicans,05441_Fungi_Ascomycota_Lecanoromycetes_Teloschistales_Teloschistaceae_Teloschistes_flavicans
263,5445,Umbilicaria mammulata,Smooth Rock Tripe,Fungi,Ascomycota,Lecanoromycetes,Umbilicariales,Umbilicariaceae,Umbilicaria,mammulata,05445_Fungi_Ascomycota_Lecanoromycetes_Umbilicariales_Umbilicariaceae_Umbilicaria_mammulata
264,5474,Agaricus xanthodermus,Yellow Stainer,Fungi,Basidiomycota,Agaricomycetes,Agaricales,Agaricaceae,Agaricus,xanthodermus,05474_Fungi_Basidiomycota_Agaricomycetes_Agaricales_Agaricaceae_Agaricus_xanthodermus
265,5477,Chlorophyllum molybdites,green-spored parasol,Fungi,Basidiomycota,Agaricomycetes,Agaricales,Agaricaceae,Chlorophyllum,molybdites,05477_Fungi_Basidiomycota_Agaricomycetes_Agaricales_Agaricaceae_Chlorophyllum_molybdites
266,5498,Amanita rubescens,blusher,Fungi,Basidiomycota,Agaricomycetes,Agaricales,Amanitaceae,Amanita,rubescens,05498_Fungi_Basidiomycota_Agaricomycetes_Agaricales_Amanitaceae_Amanita_rubescens
267,5523,Lichenomphalia umbellifera,Lichen Agaric,Fungi,Basidiomycota,Agaricomycetes,Agaricales,Hygrophoraceae,Lichenomphalia,umbellifera,05523_Fungi_Basidiomycota_Agaricomycetes_Agaricales_Hygrophoraceae_Lichenomphalia_umbellifera
268,5541,Roridomyces austrororidus,Roridomyces austrororidus,Fungi,Basidiomycota,Agaricomycetes,Agaricales,Mycenaceae,Roridomyces,austrororidus,05541_Fungi_Basidiomycota_Agaricomycetes_Agaricales_Mycenaceae_Roridomyces_austrororidus
269,5599,Chalciporus piperatus,Peppery Bolete,Fungi,Basidiomycota,Agaricomycetes,Boletales,Boletaceae,Chalciporus,piperatus,05599_Fungi_Basidiomycota_Agaricomycetes_Boletales_Boletaceae_Chalciporus_piperatus
270,5633,Turbinellus floccosus,Scaly Chanterelle,Fungi,Basidiomycota,Agaricomycetes,Gomphales,Gomphaceae,Turbinellus,floccosus,05633_Fungi_Basidiomycota_Agaricomycetes_Gomphales_Gomphaceae_Turbinellus_floccosus
271,5648,Phallus impudicus,stinkhorn,Fungi,Basidiomycota,Agaricomycetes,Phallales,Phallaceae,Phallus,impudicus,05648_Fungi_Basidiomycota_Agaricomycetes_Phallales_Phallaceae_Phallus_impudicus
272,5676,Fomes fomentarius,Hoof Fungus,Fungi,Basidiomycota,Agaricomycetes,Polyporales,Polyporaceae,Fomes,fomentarius,05676_Fungi_Basidiomycota_Agaricomycetes_Polyporales_Polyporaceae_Fomes_fomentarius
273,5700,Hericium americanum,Bear's Head Tooth,Fungi,Basidiomycota,Agaricomycetes,Russulales,Hericiaceae,Hericium,americanum,05700_Fungi_Basidiomycota_Agaricomycetes_Russulales_Hericiaceae_Hericium_americanum
274,5714,Xylobolus frustulatus,ceramic parchment,Fungi,Basidiomycota,Agaricomycetes,Russulales,Stereaceae,Xylobolus,frustulatus,05714_Fungi_Basidiomycota_Agaricomycetes_Russulales_Stereaceae_Xylobolus_frustulatus
275,5734,Rhizomnium glabrescens,fan moss,Plantae,Bryophyta,Bryopsida,Bryales,Mniaceae,Rhizomnium,glabrescens,05734_Plantae_Bryophyta_Bryopsida_Bryales_Mniaceae_Rhizomnium_glabrescens
276,5756,Thuidium delicatulum,delicate fern moss,Plantae,Bryophyta,Bryopsida,Hypnales,Thuidiaceae,Thuidium,delicatulum,05756_Plantae_Bryophyta_Bryopsida_Hypnales_Thuidiaceae_Thuidium_delicatulum
277,5764,Codium fragile,Sponge Weed,Plantae,Chlorophyta,Ulvophyceae,Bryopsidales,Codiaceae,Codium,fragile,05764_Plantae_Chlorophyta_Ulvophyceae_Bryopsidales_Codiaceae_Codium_fragile
278,5769,Radula complanata,Flat-leaved Scalewort,Plantae,Marchantiophyta,Jungermanniopsida,Porellales,Radulaceae,Radula,complanata,05769_Plantae_Marchantiophyta_Jungermanniopsida_Porellales_Radulaceae_Radula_complanata
279,5783,Ephedra trifurca,longleaf ephedra,Plantae,Tracheophyta,Gnetopsida,Ephedrales,Ephedraceae,Ephedra,trifurca,05783_Plantae_Tracheophyta_Gnetopsida_Ephedrales_Ephedraceae_Ephedra_trifurca
280,5824,Cocos nucifera,coconut palm,Plantae,Tracheophyta,Liliopsida,Arecales,Arecaceae,Cocos,nucifera,05824_Plantae_Tracheophyta_Liliopsida_Arecales_Arecaceae_Cocos_nucifera
281,5837,Allium cernuum,nodding onion,Plantae,Tracheophyta,Liliopsida,Asparagales,Amaryllidaceae,Allium,cernuum,05837_Plantae_Tracheophyta_Liliopsida_Asparagales_Amaryllidaceae_Allium_cernuum
282,5856,Hymenocallis liriosme,spring spiderlily,Plantae,Tracheophyta,Liliopsida,Asparagales,Amaryllidaceae,Hymenocallis,liriosme,05856_Plantae_Tracheophyta_Liliopsida_Asparagales_Amaryllidaceae_Hymenocallis_liriosme
283,5878,Asparagus acutifolius,Spiny Asparagus,Plantae,Tracheophyta,Liliopsida,Asparagales,Asparagaceae,Asparagus,acutifolius,05878_Plantae_Tracheophyta_Liliopsida_Asparagales_Asparagaceae_Asparagus_acutifolius
284,5881,Asparagus officinalis,asparagus,Plantae,Tracheophyta,Liliopsida,Asparagales,Asparagaceae,Asparagus,officinalis,05881_Plantae_Tracheophyta_Liliopsida_Asparagales_Asparagaceae_Asparagus_officinalis
285,5887,Camassia quamash,small camas,Plantae,Tracheophyta,Liliopsida,Asparagales,Asparagaceae,Camassia,quamash,05887_Plantae_Tracheophyta_Liliopsida_Asparagales_Asparagaceae_Camassia_quamash
286,5916,Muscari neglectum,Grape hyacinth,Plantae,Tracheophyta,Liliopsida,Asparagales,Asparagaceae,Muscari,neglectum,05916_Plantae_Tracheophyta_Liliopsida_Asparagales_Asparagaceae_Muscari_neglectum
287,5948,Asphodelus ramosus,Branched Asphodel,Plantae,Tracheophyta,Liliopsida,Asparagales,Asphodelaceae,Asphodelus,ramosus,05948_Plantae_Tracheophyta_Liliopsida_Asparagales_Asphodelaceae_Asphodelus_ramosus
288,5952,Phormium cookianum,Mountain flax,Plantae,Tracheophyta,Liliopsida,Asparagales,Asphodelaceae,Phormium,cookianum,05952_Plantae_Tracheophyta_Liliopsida_Asparagales_Asphodelaceae_Phormium_cookianum
289,5962,Crocus vernus,Spring Crocus,Plantae,Tracheophyta,Liliopsida,Asparagales,Iridaceae,Crocus,vernus,05962_Plantae_Tracheophyta_Liliopsida_Asparagales_Iridaceae_Crocus_vernus
290,6005,Cephalanthera rubra,Red Helleborine,Plantae,Tracheophyta,Liliopsida,Asparagales,Orchidaceae,Cephalanthera,rubra,06005_Plantae_Tracheophyta_Liliopsida_Asparagales_Orchidaceae_Cephalanthera_rubra
291,6018,Dactylorhiza fuchsii,Common Spotted Orchid,Plantae,Tracheophyta,Liliopsida,Asparagales,Orchidaceae,Dactylorhiza,fuchsii,06018_Plantae_Tracheophyta_Liliopsida_Asparagales_Orchidaceae_Dactylorhiza_fuchsii
292,6042,Goodyera tesselata,checkered rattlesnake plantain,Plantae,Tracheophyta,Liliopsida,Asparagales,Orchidaceae,Goodyera,tesselata,06042_Plantae_Tracheophyta_Liliopsida_Asparagales_Orchidaceae_Goodyera_tesselata
293,6054,Neottia nidus-avis,bird's-nest orchid,Plantae,Tracheophyta,Liliopsida,Asparagales,Orchidaceae,Neottia,nidus-avis,06054_Plantae_Tracheophyta_Liliopsida_Asparagales_Orchidaceae_Neottia_nidus-avis
294,6060,Ophrys insectifera,Fly Orchid,Plantae,Tracheophyta,Liliopsida,Asparagales,Orchidaceae,Ophrys,insectifera,06060_Plantae_Tracheophyta_Liliopsida_Asparagales_Orchidaceae_Ophrys_insectifera
295,6094,Spathoglottis plicata,Philippine Ground Orchid,Plantae,Tracheophyta,Liliopsida,Asparagales,Orchidaceae,Spathoglottis,plicata,06094_Plantae_Tracheophyta_Liliopsida_Asparagales_Orchidaceae_Spathoglottis_plicata
296,6097,Spiranthes lacera,Slender Ladies' Tresses,Plantae,Tracheophyta,Liliopsida,Asparagales,Orchidaceae,Spiranthes,lacera,06097_Plantae_Tracheophyta_Liliopsida_Asparagales_Orchidaceae_Spiranthes_lacera
297,6157,Erythronium oregonum,giant white fawn lily,Plantae,Tracheophyta,Liliopsida,Liliales,Liliaceae,Erythronium,oregonum,06157_Plantae_Tracheophyta_Liliopsida_Liliales_Liliaceae_Erythronium_oregonum
298,6165,Fritillaria recurva,scarlet fritillary,Plantae,Tracheophyta,Liliopsida,Liliales,Liliaceae,Fritillaria,recurva,06165_Plantae_Tracheophyta_Liliopsida_Liliales_Liliaceae_Fritillaria_recurva
299,6168,Lilium bulbiferum,fire lily,Plantae,Tracheophyta,Liliopsida,Liliales,Liliaceae,Lilium,bulbiferum,06168_Plantae_Tracheophyta_Liliopsida_Liliales_Liliaceae_Lilium_bulbiferum
300,6176,Lilium pardalinum,Leopard Lily,Plantae,Tracheophyta,Liliopsida,Liliales,Liliaceae,Lilium,pardalinum,06176_Plantae_Tracheophyta_Liliopsida_Liliales_Liliaceae_Lilium_pardalinum
301,6202,Trillium nivale,snow trillium,Plantae,Tracheophyta,Liliopsida,Liliales,Melanthiaceae,Trillium,nivale,06202_Plantae_Tracheophyta_Liliopsida_Liliales_Melanthiaceae_Trillium_nivale
302,6206,Trillium undulatum,painted trillium,Plantae,Tracheophyta,Liliopsida,Liliales,Melanthiaceae,Trillium,undulatum,06206_Plantae_Tracheophyta_Liliopsida_Liliales_Melanthiaceae_Trillium_undulatum
303,6215,Smilax glauca,sawbrier,Plantae,Tracheophyta,Liliopsida,Liliales,Smilacaceae,Smilax,glauca,06215_Plantae_Tracheophyta_Liliopsida_Liliales_Smilacaceae_Smilax_glauca
304,6238,Carex digitata,Fingered Sedge,Plantae,Tracheophyta,Liliopsida,Poales,Cyperaceae,Carex,digitata,06238_Plantae_Tracheophyta_Liliopsida_Poales_Cyperaceae_Carex_digitata
305,6295,Schoenoplectus pungens,common three-square,Plantae,Tracheophyta,Liliopsida,Poales,Cyperaceae,Schoenoplectus,pungens,06295_Plantae_Tracheophyta_Liliopsida_Poales_Cyperaceae_Schoenoplectus_pungens
306,6407,Paspalum dilatatum,Dallis grass,Plantae,Tracheophyta,Liliopsida,Poales,Poaceae,Paspalum,dilatatum,06407_Plantae_Tracheophyta_Liliopsida_Poales_Poaceae_Paspalum_dilatatum
307,6416,Poa annua,Annual Meadow-grass,Plantae,Tracheophyta,Liliopsida,Poales,Poaceae,Poa,annua,06416_Plantae_Tracheophyta_Liliopsida_Poales_Poaceae_Poa_annua
308,6425,Setaria viridis,Green Bristle Grass,Plantae,Tracheophyta,Liliopsida,Poales,Poaceae,Setaria,viridis,06425_Plantae_Tracheophyta_Liliopsida_Poales_Poaceae_Setaria_viridis
309,6431,Stenotaphrum secundatum,Saint Augustine grass,Plantae,Tracheophyta,Liliopsida,Poales,Poaceae,Stenotaphrum,secundatum,06431_Plantae_Tracheophyta_Liliopsida_Poales_Poaceae_Stenotaphrum_secundatum
310,6433,Themeda triandra,Kangaroo Grass,Plantae,Tracheophyta,Liliopsida,Poales,Poaceae,Themeda,triandra,06433_Plantae_Tracheophyta_Liliopsida_Poales_Poaceae_Themeda_triandra
311,6461,Dendrolycopodium obscurum,princess pine,Plantae,Tracheophyta,Lycopodiopsida,Lycopodiales,Lycopodiaceae,Dendrolycopodium,obscurum,06461_Plantae_Tracheophyta_Lycopodiopsida_Lycopodiales_Lycopodiaceae_Dendrolycopodium_obscurum
312,6492,Chaerophyllum aromaticum,Broad-leaved Chervil,Plantae,Tracheophyta,Magnoliopsida,Apiales,Apiaceae,Chaerophyllum,aromaticum,06492_Plantae_Tracheophyta_Magnoliopsida_Apiales_Apiaceae_Chaerophyllum_aromaticum
313,6543,Torilis japonica,upright hedge-parsley,Plantae,Tracheophyta,Magnoliopsida,Apiales,Apiaceae,Torilis,japonica,06543_Plantae_Tracheophyta_Magnoliopsida_Apiales_Apiaceae_Torilis_japonica
314,6554,Fatsia japonica,Japanese aralia,Plantae,Tracheophyta,Magnoliopsida,Apiales,Araliaceae,Fatsia,japonica,06554_Plantae_Tracheophyta_Magnoliopsida_Apiales_Araliaceae_Fatsia_japonica
315,6562,Panax trifolius,dwarf ginseng,Plantae,Tracheophyta,Magnoliopsida,Apiales,Araliaceae,Panax,trifolius,06562_Plantae_Tracheophyta_Magnoliopsida_Apiales_Araliaceae_Panax_trifolius
316,6568,Schefflera actinophylla,Octopus Tree,Plantae,Tracheophyta,Magnoliopsida,Apiales,Araliaceae,Schefflera,actinophylla,06568_Plantae_Tracheophyta_Magnoliopsida_Apiales_Araliaceae_Schefflera_actinophylla
317,6585,Ilex opaca,American holly,Plantae,Tracheophyta,Magnoliopsida,Aquifoliales,Aquifoliaceae,Ilex,opaca,06585_Plantae_Tracheophyta_Magnoliopsida_Aquifoliales_Aquifoliaceae_Ilex_opaca
318,6590,Achillea millefolium,common yarrow,Plantae,Tracheophyta,Magnoliopsida,Asterales,Asteraceae,Achillea,millefolium,06590_Plantae_Tracheophyta_Magnoliopsida_Asterales_Asteraceae_Achillea_millefolium
319,6609,Ambrosia salsola,common burrobrush,Plantae,Tracheophyta,Magnoliopsida,Asterales,Asteraceae,Ambrosia,salsola,06609_Plantae_Tracheophyta_Magnoliopsida_Asterales_Asteraceae_Ambrosia_salsola
320,6639,Artemisia vulgaris,common mugwort,Plantae,Tracheophyta,Magnoliopsida,Asterales,Asteraceae,Artemisia,vulgaris,06639_Plantae_Tracheophyta_Magnoliopsida_Asterales_Asteraceae_Artemisia_vulgaris
321,6655,Bidens aristosa,tickseed beggar-ticks,Plantae,Tracheophyta,Magnoliopsida,Asterales,Asteraceae,Bidens,aristosa,06655_Plantae_Tracheophyta_Magnoliopsida_Asterales_Asteraceae_Bidens_aristosa
322,6716,Cirsium texanum,Texas Thistle,Plantae,Tracheophyta,Magnoliopsida,Asterales,Asteraceae,Cirsium,texanum,06716_Plantae_Tracheophyta_Magnoliopsida_Asterales_Asteraceae_Cirsium_texanum
323,6734,Crepis tectorum,narrow-leaved hawksbeard,Plantae,Tracheophyta,Magnoliopsida,Asterales,Asteraceae,Crepis,tectorum,06734_Plantae_Tracheophyta_Magnoliopsida_Asterales_Asteraceae_Crepis_tectorum
324,6779,Erigeron sumatrensis,tropical horseweed,Plantae,Tracheophyta,Magnoliopsida,Asterales,Asteraceae,Erigeron,sumatrensis,06779_Plantae_Tracheophyta_Magnoliopsida_Asterales_Asteraceae_Erigeron_sumatrensis
325,6785,Eupatorium altissimum,tall boneset,Plantae,Tracheophyta,Magnoliopsida,Asterales,Asteraceae,Eupatorium,altissimum,06785_Plantae_Tracheophyta_Magnoliopsida_Asterales_Asteraceae_Eupatorium_altissimum
326,6787,Eupatorium capillifolium,dogfennel,Plantae,Tracheophyta,Magnoliopsida,Asterales,Asteraceae,Eupatorium,capillifolium,06787_Plantae_Tracheophyta_Magnoliopsida_Asterales_Asteraceae_Eupatorium_capillifolium
327,6800,Gaillardia aristata,great blanketflower,Plantae,Tracheophyta,Magnoliopsida,Asterales,Asteraceae,Gaillardia,aristata,06800_Plantae_Tracheophyta_Magnoliopsida_Asterales_Asteraceae_Gaillardia_aristata
328,6818,Helenium amarum,Bitterweed,Plantae,Tracheophyta,Magnoliopsida,Asterales,Asteraceae,Helenium,amarum,06818_Plantae_Tracheophyta_Magnoliopsida_Asterales_Asteraceae_Helenium_amarum
329,6843,Hymenopappus artemisiifolius,Old Plainsman,Plantae,Tracheophyta,Magnoliopsida,Asterales,Asteraceae,Hymenopappus,artemisiifolius,06843_Plantae_Tracheophyta_Magnoliopsida_Asterales_Asteraceae_Hymenopappus_artemisiifolius
330,6874,Leucanthemum vulgare,oxeye daisy,Plantae,Tracheophyta,Magnoliopsida,Asterales,Asteraceae,Leucanthemum,vulgare,06874_Plantae_Tracheophyta_Magnoliopsida_Asterales_Asteraceae_Leucanthemum_vulgare
331,6893,Melanthera nivea,Snow Squarestem,Plantae,Tracheophyta,Magnoliopsida,Asterales,Asteraceae,Melanthera,nivea,06893_Plantae_Tracheophyta_Magnoliopsida_Asterales_Asteraceae_Melanthera_nivea
332,6901,Nabalus albus,white rattlesnakeroot,Plantae,Tracheophyta,Magnoliopsida,Asterales,Asteraceae,Nabalus,albus,06901_Plantae_Tracheophyta_Magnoliopsida_Asterales_Asteraceae_Nabalus_albus
333,6912,Ozothamnus leptophyllus,Tauhinu,Plantae,Tracheophyta,Magnoliopsida,Asterales,Asteraceae,Ozothamnus,leptophyllus,06912_Plantae_Tracheophyta_Magnoliopsida_Asterales_Asteraceae_Ozothamnus_leptophyllus
334,6918,Packera tampicana,Great Plains Ragwort,Plantae,Tracheophyta,Magnoliopsida,Asterales,Asteraceae,Packera,tampicana,06918_Plantae_Tracheophyta_Magnoliopsida_Asterales_Asteraceae_Packera_tampicana
335,6948,Polymnia canadensis,leafcup,Plantae,Tracheophyta,Magnoliopsida,Asterales,Asteraceae,Polymnia,canadensis,06948_Plantae_Tracheophyta_Magnoliopsida_Asterales_Asteraceae_Polymnia_canadensis
336,6972,Senecio glastifolius,Woad-leaved ragwort,Plantae,Tracheophyta,Magnoliopsida,Asterales,Asteraceae,Senecio,glastifolius,06972_Plantae_Tracheophyta_Magnoliopsida_Asterales_Asteraceae_Senecio_glastifolius
337,6990,Silphium terebinthinaceum,prairie dock,Plantae,Tracheophyta,Magnoliopsida,Asterales,Asteraceae,Silphium,terebinthinaceum,06990_Plantae_Tracheophyta_Magnoliopsida_Asterales_Asteraceae_Silphium_terebinthinaceum
338,7005,Solidago rugosa,common wrinkle-leaved goldenrod,Plantae,Tracheophyta,Magnoliopsida,Asterales,Asteraceae,Solidago,rugosa,07005_Plantae_Tracheophyta_Magnoliopsida_Asterales_Asteraceae_Solidago_rugosa
339,7013,Sonchus asper,prickly sowthistle,Plantae,Tracheophyta,Magnoliopsida,Asterales,Asteraceae,Sonchus,asper,07013_Plantae_Tracheophyta_Magnoliopsida_Asterales_Asteraceae_Sonchus_asper
340,7039,Taraxacum officinale,common dandelion,Plantae,Tracheophyta,Magnoliopsida,Asterales,Asteraceae,Taraxacum,officinale,07039_Plantae_Tracheophyta_Magnoliopsida_Asterales_Asteraceae_Taraxacum_officinale
341,7047,Tithonia tubaeformis,tree marigold,Plantae,Tracheophyta,Magnoliopsida,Asterales,Asteraceae,Tithonia,tubaeformis,07047_Plantae_Tracheophyta_Magnoliopsida_Asterales_Asteraceae_Tithonia_tubaeformis
342,7092,Campanula prenanthoides,California Harebell,Plantae,Tracheophyta,Magnoliopsida,Asterales,Campanulaceae,Campanula,prenanthoides,07092_Plantae_Tracheophyta_Magnoliopsida_Asterales_Campanulaceae_Campanula_prenanthoides
343,7100,Jasione montana,Sheep's-bit,Plantae,Tracheophyta,Magnoliopsida,Asterales,Campanulaceae,Jasione,montana,07100_Plantae_Tracheophyta_Magnoliopsida_Asterales_Campanulaceae_Jasione_montana
344,7139,Echium plantagineum,Salvation Jane,Plantae,Tracheophyta,Magnoliopsida,Boraginales,Boraginaceae,Echium,plantagineum,07139_Plantae_Tracheophyta_Magnoliopsida_Boraginales_Boraginaceae_Echium_plantagineum
345,7172,Myosotis latifolia,broadleaf forget-me-not,Plantae,Tracheophyta,Magnoliopsida,Boraginales,Boraginaceae,Myosotis,latifolia,07172_Plantae_Tracheophyta_Magnoliopsida_Boraginales_Boraginaceae_Myosotis_latifolia
346,7173,Myosotis scorpioides,water forget-me-not,Plantae,Tracheophyta,Magnoliopsida,Boraginales,Boraginaceae,Myosotis,scorpioides,07173_Plantae_Tracheophyta_Magnoliopsida_Boraginales_Boraginaceae_Myosotis_scorpioides
347,7226,Cakile maritima,European Searocket,Plantae,Tracheophyta,Magnoliopsida,Brassicales,Brassicaceae,Cakile,maritima,07226_Plantae_Tracheophyta_Magnoliopsida_Brassicales_Brassicaceae_Cakile_maritima
348,7236,Cardamine hirsuta,hairy bittercress,Plantae,Tracheophyta,Magnoliopsida,Brassicales,Brassicaceae,Cardamine,hirsuta,07236_Plantae_Tracheophyta_Magnoliopsida_Brassicales_Brassicaceae_Cardamine_hirsuta
349,7237,Cardamine impatiens,narrow-leaved bittercress,Plantae,Tracheophyta,Magnoliopsida,Brassicales,Brassicaceae,Cardamine,impatiens,07237_Plantae_Tracheophyta_Magnoliopsida_Brassicales_Brassicaceae_Cardamine_impatiens
350,7246,Dithyrea californica,California shieldpod,Plantae,Tracheophyta,Magnoliopsida,Brassicales,Brassicaceae,Dithyrea,californica,07246_Plantae_Tracheophyta_Magnoliopsida_Brassicales_Brassicaceae_Dithyrea_californica
351,7299,Pseudowintera colorata,Mountain Horopito,Plantae,Tracheophyta,Magnoliopsida,Canellales,Winteraceae,Pseudowintera,colorata,07299_Plantae_Tracheophyta_Magnoliopsida_Canellales_Winteraceae_Pseudowintera_colorata
352,7327,Dysphania ambrosioides,Mexican tea,Plantae,Tracheophyta,Magnoliopsida,Caryophyllales,Amaranthaceae,Dysphania,ambrosioides,07327_Plantae_Tracheophyta_Magnoliopsida_Caryophyllales_Amaranthaceae_Dysphania_ambrosioides
353,7339,Anredera cordifolia,Mignonette vine,Plantae,Tracheophyta,Magnoliopsida,Caryophyllales,Basellaceae,Anredera,cordifolia,07339_Plantae_Tracheophyta_Magnoliopsida_Caryophyllales_Basellaceae_Anredera_cordifolia
354,7364,Echinocereus enneacanthus,Strawberry Cactus,Plantae,Tracheophyta,Magnoliopsida,Caryophyllales,Cactaceae,Echinocereus,enneacanthus,07364_Plantae_Tracheophyta_Magnoliopsida_Caryophyllales_Cactaceae_Echinocereus_enneacanthus
355,7366,Echinocereus pectinatus,Spiny Hedgehog Cactus,Plantae,Tracheophyta,Magnoliopsida,Caryophyllales,Cactaceae,Echinocereus,pectinatus,07366_Plantae_Tracheophyta_Magnoliopsida_Caryophyllales_Cactaceae_Echinocereus_pectinatus
356,7371,Echinocereus stramineus,strawberry hedgehog cactus,Plantae,Tracheophyta,Magnoliopsida,Caryophyllales,Cactaceae,Echinocereus,stramineus,07371_Plantae_Tracheophyta_Magnoliopsida_Caryophyllales_Cactaceae_Echinocereus_stramineus
357,7375,Escobaria vivipara,viviparous foxtail cactus,Plantae,Tracheophyta,Magnoliopsida,Caryophyllales,Cactaceae,Escobaria,vivipara,07375_Plantae_Tracheophyta_Magnoliopsida_Caryophyllales_Cactaceae_Escobaria_vivipara
358,7376,Ferocactus cylindraceus,California barrel cactus,Plantae,Tracheophyta,Magnoliopsida,Caryophyllales,Cactaceae,Ferocactus,cylindraceus,07376_Plantae_Tracheophyta_Magnoliopsida_Caryophyllales_Cactaceae_Ferocactus_cylindraceus
359,7434,Honckenya peploides,Sea Sandwort,Plantae,Tracheophyta,Magnoliopsida,Caryophyllales,Caryophyllaceae,Honckenya,peploides,07434_Plantae_Tracheophyta_Magnoliopsida_Caryophyllales_Caryophyllaceae_Honckenya_peploides
360,7451,Silene flos-cuculi,ragged-Robin,Plantae,Tracheophyta,Magnoliopsida,Caryophyllales,Caryophyllaceae,Silene,flos-cuculi,07451_Plantae_Tracheophyta_Magnoliopsida_Caryophyllales_Caryophyllaceae_Silene_flos-cuculi
361,7464,Stellaria graminea,lesser stitchwort,Plantae,Tracheophyta,Magnoliopsida,Caryophyllales,Caryophyllaceae,Stellaria,graminea,07464_Plantae_Tracheophyta_Magnoliopsida_Caryophyllales_Caryophyllaceae_Stellaria_graminea
362,7496,Montia parvifolia,Small-leaved Blinks,Plantae,Tracheophyta,Magnoliopsida,Caryophyllales,Montiaceae,Montia,parvifolia,07496_Plantae_Tracheophyta_Magnoliopsida_Caryophyllales_Montiaceae_Montia_parvifolia
363,7513,Limonium perezii,Perez's sea lavender,Plantae,Tracheophyta,Magnoliopsida,Caryophyllales,Plumbaginaceae,Limonium,perezii,07513_Plantae_Tracheophyta_Magnoliopsida_Caryophyllales_Plumbaginaceae_Limonium_perezii
364,7520,Bistorta vivipara,alpine bistort,Plantae,Tracheophyta,Magnoliopsida,Caryophyllales,Polygonaceae,Bistorta,vivipara,07520_Plantae_Tracheophyta_Magnoliopsida_Caryophyllales_Polygonaceae_Bistorta_vivipara
365,7526,Eriogonum deflexum,skeleton weed,Plantae,Tracheophyta,Magnoliopsida,Caryophyllales,Polygonaceae,Eriogonum,deflexum,07526_Plantae_Tracheophyta_Magnoliopsida_Caryophyllales_Polygonaceae_Eriogonum_deflexum
366,7536,Fallopia cilinodis,Fringed Bindweed,Plantae,Tracheophyta,Magnoliopsida,Caryophyllales,Polygonaceae,Fallopia,cilinodis,07536_Plantae_Tracheophyta_Magnoliopsida_Caryophyllales_Polygonaceae_Fallopia_cilinodis
367,7552,Persicaria maculosa,redshank,Plantae,Tracheophyta,Magnoliopsida,Caryophyllales,Polygonaceae,Persicaria,maculosa,07552_Plantae_Tracheophyta_Magnoliopsida_Caryophyllales_Polygonaceae_Persicaria_maculosa
368,7558,Polygonum aviculare,prostrate knotweed,Plantae,Tracheophyta,Magnoliopsida,Caryophyllales,Polygonaceae,Polygonum,aviculare,07558_Plantae_Tracheophyta_Magnoliopsida_Caryophyllales_Polygonaceae_Polygonum_aviculare
369,7559,Polygonum paronychia,beach knotweed,Plantae,Tracheophyta,Magnoliopsida,Caryophyllales,Polygonaceae,Polygonum,paronychia,07559_Plantae_Tracheophyta_Magnoliopsida_Caryophyllales_Polygonaceae_Polygonum_paronychia
370,7560,Pterostegia drymarioides,woodland pterostegia,Plantae,Tracheophyta,Magnoliopsida,Caryophyllales,Polygonaceae,Pterostegia,drymarioides,07560_Plantae_Tracheophyta_Magnoliopsida_Caryophyllales_Polygonaceae_Pterostegia_drymarioides
371,7567,Rumex hymenosepalus,canaigre dock,Plantae,Tracheophyta,Magnoliopsida,Caryophyllales,Polygonaceae,Rumex,hymenosepalus,07567_Plantae_Tracheophyta_Magnoliopsida_Caryophyllales_Polygonaceae_Rumex_hymenosepalus
372,7576,Canotia holacantha,crucifixion thorn,Plantae,Tracheophyta,Magnoliopsida,Celastrales,Celastraceae,Canotia,holacantha,07576_Plantae_Tracheophyta_Magnoliopsida_Celastrales_Celastraceae_Canotia_holacantha
373,7611,Cevallia sinuata,Stinging Serpent,Plantae,Tracheophyta,Magnoliopsida,Cornales,Loasaceae,Cevallia,sinuata,07611_Plantae_Tracheophyta_Magnoliopsida_Cornales_Loasaceae_Cevallia_sinuata
374,7613,Mentzelia hispida,Streambank Stickleaf,Plantae,Tracheophyta,Magnoliopsida,Cornales,Loasaceae,Mentzelia,hispida,07613_Plantae_Tracheophyta_Magnoliopsida_Cornales_Loasaceae_Mentzelia_hispida
375,7619,Coriaria arborea,Tree Tutu,Plantae,Tracheophyta,Magnoliopsida,Cucurbitales,Coriariaceae,Coriaria,arborea,07619_Plantae_Tracheophyta_Magnoliopsida_Cucurbitales_Coriariaceae_Coriaria_arborea
376,7625,Ecballium elaterium,squirting cucumber,Plantae,Tracheophyta,Magnoliopsida,Cucurbitales,Cucurbitaceae,Ecballium,elaterium,07625_Plantae_Tracheophyta_Magnoliopsida_Cucurbitales_Cucurbitaceae_Ecballium_elaterium
377,7663,Symphoricarpos occidentalis,Western Snowberry,Plantae,Tracheophyta,Magnoliopsida,Dipsacales,Caprifoliaceae,Symphoricarpos,occidentalis,07663_Plantae_Tracheophyta_Magnoliopsida_Dipsacales_Caprifoliaceae_Symphoricarpos_occidentalis
378,7678,Viburnum acerifolium,mapleleaf viburnum,Plantae,Tracheophyta,Magnoliopsida,Dipsacales,Viburnaceae,Viburnum,acerifolium,07678_Plantae_Tracheophyta_Magnoliopsida_Dipsacales_Viburnaceae_Viburnum_acerifolium
379,7707,Arbutus unedo,strawberry tree,Plantae,Tracheophyta,Magnoliopsida,Ericales,Ericaceae,Arbutus,unedo,07707_Plantae_Tracheophyta_Magnoliopsida_Ericales_Ericaceae_Arbutus_unedo
380,7709,Arctostaphylos glauca,Big Berry Manzanita,Plantae,Tracheophyta,Magnoliopsida,Ericales,Ericaceae,Arctostaphylos,glauca,07709_Plantae_Tracheophyta_Magnoliopsida_Ericales_Ericaceae_Arctostaphylos_glauca
381,7715,Calluna vulgaris,common heather,Plantae,Tracheophyta,Magnoliopsida,Ericales,Ericaceae,Calluna,vulgaris,07715_Plantae_Tracheophyta_Magnoliopsida_Ericales_Ericaceae_Calluna_vulgaris
382,7718,Ceratiola ericoides,sand heath,Plantae,Tracheophyta,Magnoliopsida,Ericales,Ericaceae,Ceratiola,ericoides,07718_Plantae_Tracheophyta_Magnoliopsida_Ericales_Ericaceae_Ceratiola_ericoides
383,7723,Dracophyllum longifolium,Inaka,Plantae,Tracheophyta,Magnoliopsida,Ericales,Ericaceae,Dracophyllum,longifolium,07723_Plantae_Tracheophyta_Magnoliopsida_Ericales_Ericaceae_Dracophyllum_longifolium
384,7732,Erica coccinea,Red Heath,Plantae,Tracheophyta,Magnoliopsida,Ericales,Ericaceae,Erica,coccinea,07732_Plantae_Tracheophyta_Magnoliopsida_Ericales_Ericaceae_Erica_coccinea
385,7740,Gaultheria antipoda,Gaultheria antipoda,Plantae,Tracheophyta,Magnoliopsida,Ericales,Ericaceae,Gaultheria,antipoda,07740_Plantae_Tracheophyta_Magnoliopsida_Ericales_Ericaceae_Gaultheria_antipoda
386,7750,Kalmia procumbens,alpine azalea,Plantae,Tracheophyta,Magnoliopsida,Ericales,Ericaceae,Kalmia,procumbens,07750_Plantae_Tracheophyta_Magnoliopsida_Ericales_Ericaceae_Kalmia_procumbens
387,7751,Leptecophylla juniperina,Prickly mingimingi,Plantae,Tracheophyta,Magnoliopsida,Ericales,Ericaceae,Leptecophylla,juniperina,07751_Plantae_Tracheophyta_Magnoliopsida_Ericales_Ericaceae_Leptecophylla_juniperina
388,7792,Vaccinium membranaceum,black huckleberry,Plantae,Tracheophyta,Magnoliopsida,Ericales,Ericaceae,Vaccinium,membranaceum,07792_Plantae_Tracheophyta_Magnoliopsida_Ericales_Ericaceae_Vaccinium_membranaceum
389,7814,Ipomopsis longiflora,flaxflowered ipomopsis,Plantae,Tracheophyta,Magnoliopsida,Ericales,Polemoniaceae,Ipomopsis,longiflora,07814_Plantae_Tracheophyta_Magnoliopsida_Ericales_Polemoniaceae_Ipomopsis_longiflora
390,7830,Phlox drummondii,Drummond's phlox,Plantae,Tracheophyta,Magnoliopsida,Ericales,Polemoniaceae,Phlox,drummondii,07830_Plantae_Tracheophyta_Magnoliopsida_Ericales_Polemoniaceae_Phlox_drummondii
391,7832,Phlox longifolia,longleaf phlox,Plantae,Tracheophyta,Magnoliopsida,Ericales,Polemoniaceae,Phlox,longifolia,07832_Plantae_Tracheophyta_Magnoliopsida_Ericales_Polemoniaceae_Phlox_longifolia
392,7843,Androsace septentrionalis,pygmy-flower rock-jasmine,Plantae,Tracheophyta,Magnoliopsida,Ericales,Primulaceae,Androsace,septentrionalis,07843_Plantae_Tracheophyta_Magnoliopsida_Ericales_Primulaceae_Androsace_septentrionalis
393,7888,Acacia confusa,Taiwan Acacia,Plantae,Tracheophyta,Magnoliopsida,Fabales,Fabaceae,Acacia,confusa,07888_Plantae_Tracheophyta_Magnoliopsida_Fabales_Fabaceae_Acacia_confusa
394,7891,Acacia longifolia,longleaf wattle,Plantae,Tracheophyta,Magnoliopsida,Fabales,Fabaceae,Acacia,longifolia,07891_Plantae_Tracheophyta_Magnoliopsida_Fabales_Fabaceae_Acacia_longifolia
395,7943,Cytisus scoparius,Scotch Broom,Plantae,Tracheophyta,Magnoliopsida,Fabales,Fabaceae,Cytisus,scoparius,07943_Plantae_Tracheophyta_Magnoliopsida_Fabales_Fabaceae_Cytisus_scoparius
396,8024,Melilotus albus,white sweet clover,Plantae,Tracheophyta,Magnoliopsida,Fabales,Fabaceae,Melilotus,albus,08024_Plantae_Tracheophyta_Magnoliopsida_Fabales_Fabaceae_Melilotus_albus
397,8047,Platylobium obtusangulum,Common Flat-pea,Plantae,Tracheophyta,Magnoliopsida,Fabales,Fabaceae,Platylobium,obtusangulum,08047_Plantae_Tracheophyta_Magnoliopsida_Fabales_Fabaceae_Platylobium_obtusangulum
398,8057,Robinia pseudoacacia,black locust,Plantae,Tracheophyta,Magnoliopsida,Fabales,Fabaceae,Robinia,pseudoacacia,08057_Plantae_Tracheophyta_Magnoliopsida_Fabales_Fabaceae_Robinia_pseudoacacia
399,8083,Thermopsis californica,California goldenbanner,Plantae,Tracheophyta,Magnoliopsida,Fabales,Fabaceae,Thermopsis,californica,08083_Plantae_Tracheophyta_Magnoliopsida_Fabales_Fabaceae_Thermopsis_californica
400,8130,Polygala nana,candyroot,Plantae,Tracheophyta,Magnoliopsida,Fabales,Polygalaceae,Polygala,nana,08130_Plantae_Tracheophyta_Magnoliopsida_Fabales_Polygalaceae_Polygala_nana
401,8132,Polygala rugelii,Yellow milkwort,Plantae,Tracheophyta,Magnoliopsida,Fabales,Polygalaceae,Polygala,rugelii,08132_Plantae_Tracheophyta_Magnoliopsida_Fabales_Polygalaceae_Polygala_rugelii
402,8193,Quercus michauxii,swamp chestnut oak,Plantae,Tracheophyta,Magnoliopsida,Fagales,Fagaceae,Quercus,michauxii,08193_Plantae_Tracheophyta_Magnoliopsida_Fagales_Fagaceae_Quercus_michauxii
403,8198,Quercus phellos,willow oak,Plantae,Tracheophyta,Magnoliopsida,Fagales,Fagaceae,Quercus,phellos,08198_Plantae_Tracheophyta_Magnoliopsida_Fagales_Fagaceae_Quercus_phellos
404,8220,Morella californica,California Wax Myrtle,Plantae,Tracheophyta,Magnoliopsida,Fagales,Myricaceae,Morella,californica,08220_Plantae_Tracheophyta_Magnoliopsida_Fagales_Myricaceae_Morella_californica
405,8226,Garrya elliptica,Coast silk tassel,Plantae,Tracheophyta,Magnoliopsida,Garryales,Garryaceae,Garrya,elliptica,08226_Plantae_Tracheophyta_Magnoliopsida_Garryales_Garryaceae_Garrya_elliptica
406,8293,Frasera caroliniensis,American columbo,Plantae,Tracheophyta,Magnoliopsida,Gentianales,Gentianaceae,Frasera,caroliniensis,08293_Plantae_Tracheophyta_Magnoliopsida_Gentianales_Gentianaceae_Frasera_caroliniensis
407,8325,Coprosma dumosa,Coprosma dumosa,Plantae,Tracheophyta,Magnoliopsida,Gentianales,Rubiaceae,Coprosma,dumosa,08325_Plantae_Tracheophyta_Magnoliopsida_Gentianales_Rubiaceae_Coprosma_dumosa
408,8327,Coprosma grandifolia,Kanono,Plantae,Tracheophyta,Magnoliopsida,Gentianales,Rubiaceae,Coprosma,grandifolia,08327_Plantae_Tracheophyta_Magnoliopsida_Gentianales_Rubiaceae_Coprosma_grandifolia
409,8426,Ajuga genevensis,Blue Bugle,Plantae,Tracheophyta,Magnoliopsida,Lamiales,Lamiaceae,Ajuga,genevensis,08426_Plantae_Tracheophyta_Magnoliopsida_Lamiales_Lamiaceae_Ajuga_genevensis
410,8427,Ajuga reptans,carpet bugle,Plantae,Tracheophyta,Magnoliopsida,Lamiales,Lamiaceae,Ajuga,reptans,08427_Plantae_Tracheophyta_Magnoliopsida_Lamiales_Lamiaceae_Ajuga_reptans
411,8460,Melissa officinalis,lemon balm,Plantae,Tracheophyta,Magnoliopsida,Lamiales,Lamiaceae,Melissa,officinalis,08460_Plantae_Tracheophyta_Magnoliopsida_Lamiales_Lamiaceae_Melissa_officinalis
412,8471,Monarda punctata,spotted horse mint,Plantae,Tracheophyta,Magnoliopsida,Lamiales,Lamiaceae,Monarda,punctata,08471_Plantae_Tracheophyta_Magnoliopsida_Lamiales_Lamiaceae_Monarda_punctata
413,8482,Salvia apiana,white sage,Plantae,Tracheophyta,Magnoliopsida,Lamiales,Lamiaceae,Salvia,apiana,08482_Plantae_Tracheophyta_Magnoliopsida_Lamiales_Lamiaceae_Salvia_apiana
414,8486,Salvia columbariae,chia,Plantae,Tracheophyta,Magnoliopsida,Lamiales,Lamiaceae,Salvia,columbariae,08486_Plantae_Tracheophyta_Magnoliopsida_Lamiales_Lamiaceae_Salvia_columbariae
415,8512,Stachys palustris,Marsh Woundwort,Plantae,Tracheophyta,Magnoliopsida,Lamiales,Lamiaceae,Stachys,palustris,08512_Plantae_Tracheophyta_Magnoliopsida_Lamiales_Lamiaceae_Stachys_palustris
416,8523,Trichostema lanatum,woolly blue curls,Plantae,Tracheophyta,Magnoliopsida,Lamiales,Lamiaceae,Trichostema,lanatum,08523_Plantae_Tracheophyta_Magnoliopsida_Lamiales_Lamiaceae_Trichostema_lanatum
417,8526,Vitex agnus-castus,Lilac chaste tree,Plantae,Tracheophyta,Magnoliopsida,Lamiales,Lamiaceae,Vitex,agnus-castus,08526_Plantae_Tracheophyta_Magnoliopsida_Lamiales_Lamiaceae_Vitex_agnus-castus
418,8569,Castilleja arvensis,field Indian paintbrush,Plantae,Tracheophyta,Magnoliopsida,Lamiales,Orobanchaceae,Castilleja,arvensis,08569_Plantae_Tracheophyta_Magnoliopsida_Lamiales_Orobanchaceae_Castilleja_arvensis
419,8583,Castilleja purpurea,Purple paintbrush,Plantae,Tracheophyta,Magnoliopsida,Lamiales,Orobanchaceae,Castilleja,purpurea,08583_Plantae_Tracheophyta_Magnoliopsida_Lamiales_Orobanchaceae_Castilleja_purpurea
420,8592,Epifagus virginiana,Beechdrops,Plantae,Tracheophyta,Magnoliopsida,Lamiales,Orobanchaceae,Epifagus,virginiana,08592_Plantae_Tracheophyta_Magnoliopsida_Lamiales_Orobanchaceae_Epifagus_virginiana
421,8600,Odontites vulgaris,Red Odontites,Plantae,Tracheophyta,Magnoliopsida,Lamiales,Orobanchaceae,Odontites,vulgaris,08600_Plantae_Tracheophyta_Magnoliopsida_Lamiales_Orobanchaceae_Odontites_vulgaris
422,8606,Pedicularis densiflora,Indian Warrior,Plantae,Tracheophyta,Magnoliopsida,Lamiales,Orobanchaceae,Pedicularis,densiflora,08606_Plantae_Tracheophyta_Magnoliopsida_Lamiales_Orobanchaceae_Pedicularis_densiflora
423,8626,Erythranthe cardinalis,scarlet monkeyflower,Plantae,Tracheophyta,Magnoliopsida,Lamiales,Phrymaceae,Erythranthe,cardinalis,08626_Plantae_Tracheophyta_Magnoliopsida_Lamiales_Phrymaceae_Erythranthe_cardinalis
424,8633,Phryma leptostachya,American lopseed,Plantae,Tracheophyta,Magnoliopsida,Lamiales,Phrymaceae,Phryma,leptostachya,08633_Plantae_Tracheophyta_Magnoliopsida_Lamiales_Phrymaceae_Phryma_leptostachya
425,8687,Veronica americana,American brooklime,Plantae,Tracheophyta,Magnoliopsida,Lamiales,Plantaginaceae,Veronica,americana,08687_Plantae_Tracheophyta_Magnoliopsida_Lamiales_Plantaginaceae_Veronica_americana
426,8693,Veronica filiformis,Slender speedwell,Plantae,Tracheophyta,Magnoliopsida,Lamiales,Plantaginaceae,Veronica,filiformis,08693_Plantae_Tracheophyta_Magnoliopsida_Lamiales_Plantaginaceae_Veronica_filiformis
427,8709,Buddleja davidii,Butterfly bush,Plantae,Tracheophyta,Magnoliopsida,Lamiales,Scrophulariaceae,Buddleja,davidii,08709_Plantae_Tracheophyta_Magnoliopsida_Lamiales_Scrophulariaceae_Buddleja_davidii
428,8717,Verbascum nigrum,Dark Mullein,Plantae,Tracheophyta,Magnoliopsida,Lamiales,Scrophulariaceae,Verbascum,nigrum,08717_Plantae_Tracheophyta_Magnoliopsida_Lamiales_Scrophulariaceae_Verbascum_nigrum
429,8719,Verbascum virgatum,Wand Mullein,Plantae,Tracheophyta,Magnoliopsida,Lamiales,Scrophulariaceae,Verbascum,virgatum,08719_Plantae_Tracheophyta_Magnoliopsida_Lamiales_Scrophulariaceae_Verbascum_virgatum
430,8723,Duranta erecta,golden dewdrop,Plantae,Tracheophyta,Magnoliopsida,Lamiales,Verbenaceae,Duranta,erecta,08723_Plantae_Tracheophyta_Magnoliopsida_Lamiales_Verbenaceae_Duranta_erecta
431,8724,Glandularia bipinnatifida,Dakota mock vervain,Plantae,Tracheophyta,Magnoliopsida,Lamiales,Verbenaceae,Glandularia,bipinnatifida,08724_Plantae_Tracheophyta_Magnoliopsida_Lamiales_Verbenaceae_Glandularia_bipinnatifida
432,8757,Asimina triloba,common pawpaw,Plantae,Tracheophyta,Magnoliopsida,Magnoliales,Annonaceae,Asimina,triloba,08757_Plantae_Tracheophyta_Magnoliopsida_Magnoliales_Annonaceae_Asimina_triloba
433,8763,Magnolia tripetala,umbrella magnolia,Plantae,Tracheophyta,Magnoliopsida,Magnoliales,Magnoliaceae,Magnolia,tripetala,08763_Plantae_Tracheophyta_Magnoliopsida_Magnoliales_Magnoliaceae_Magnolia_tripetala
434,8767,Acalypha rhomboidea,common copperleaf,Plantae,Tracheophyta,Magnoliopsida,Malpighiales,Euphorbiaceae,Acalypha,rhomboidea,08767_Plantae_Tracheophyta_Magnoliopsida_Malpighiales_Euphorbiaceae_Acalypha_rhomboidea
435,8773,Croton glandulosus,Tropic Croton,Plantae,Tracheophyta,Magnoliopsida,Malpighiales,Euphorbiaceae,Croton,glandulosus,08773_Plantae_Tracheophyta_Magnoliopsida_Malpighiales_Euphorbiaceae_Croton_glandulosus
436,8804,Euphorbia ophthalmica,Florida Hammock Sandmat,Plantae,Tracheophyta,Magnoliopsida,Malpighiales,Euphorbiaceae,Euphorbia,ophthalmica,08804_Plantae_Tracheophyta_Magnoliopsida_Malpighiales_Euphorbiaceae_Euphorbia_ophthalmica
437,8818,Manihot esculenta,Cassava,Plantae,Tracheophyta,Magnoliopsida,Malpighiales,Euphorbiaceae,Manihot,esculenta,08818_Plantae_Tracheophyta_Magnoliopsida_Malpighiales_Euphorbiaceae_Manihot_esculenta
438,8834,Hypericum perforatum,Klamath weed,Plantae,Tracheophyta,Magnoliopsida,Malpighiales,Hypericaceae,Hypericum,perforatum,08834_Plantae_Tracheophyta_Magnoliopsida_Malpighiales_Hypericaceae_Hypericum_perforatum
439,8867,Salix bebbiana,bebb's willow,Plantae,Tracheophyta,Magnoliopsida,Malpighiales,Salicaceae,Salix,bebbiana,08867_Plantae_Tracheophyta_Magnoliopsida_Malpighiales_Salicaceae_Salix_bebbiana
440,8869,Salix cinerea,Grey Willow,Plantae,Tracheophyta,Magnoliopsida,Malpighiales,Salicaceae,Salix,cinerea,08869_Plantae_Tracheophyta_Magnoliopsida_Malpighiales_Salicaceae_Salix_cinerea
441,8878,Salix nigra,black willow,Plantae,Tracheophyta,Magnoliopsida,Malpighiales,Salicaceae,Salix,nigra,08878_Plantae_Tracheophyta_Magnoliopsida_Malpighiales_Salicaceae_Salix_nigra
442,8912,Viola rotundifolia,Round-leaved Violet,Plantae,Tracheophyta,Magnoliopsida,Malpighiales,Violaceae,Viola,rotundifolia,08912_Plantae_Tracheophyta_Magnoliopsida_Malpighiales_Violaceae_Viola_rotundifolia
443,8930,Abutilon theophrasti,velvetleaf,Plantae,Tracheophyta,Magnoliopsida,Malvales,Malvaceae,Abutilon,theophrasti,08930_Plantae_Tracheophyta_Magnoliopsida_Malvales_Malvaceae_Abutilon_theophrasti
444,8956,Malva assurgentiflora,Island Mallow,Plantae,Tracheophyta,Magnoliopsida,Malvales,Malvaceae,Malva,assurgentiflora,08956_Plantae_Tracheophyta_Magnoliopsida_Malvales_Malvaceae_Malva_assurgentiflora
445,8987,Muntingia calabura,Cherry Tree,Plantae,Tracheophyta,Magnoliopsida,Malvales,Muntingiaceae,Muntingia,calabura,08987_Plantae_Tracheophyta_Magnoliopsida_Malvales_Muntingiaceae_Muntingia_calabura
446,9069,Oenothera rosea,rose evening primrose,Plantae,Tracheophyta,Magnoliopsida,Myrtales,Onagraceae,Oenothera,rosea,09069_Plantae_Tracheophyta_Magnoliopsida_Myrtales_Onagraceae_Oenothera_rosea
447,9089,Aristotelia serrata,Wineberry,Plantae,Tracheophyta,Magnoliopsida,Oxalidales,Elaeocarpaceae,Aristotelia,serrata,09089_Plantae_Tracheophyta_Magnoliopsida_Oxalidales_Elaeocarpaceae_Aristotelia_serrata
448,9124,Banksia integrifolia,Coastal Banksia,Plantae,Tracheophyta,Magnoliopsida,Proteales,Proteaceae,Banksia,integrifolia,09124_Plantae_Tracheophyta_Magnoliopsida_Proteales_Proteaceae_Banksia_integrifolia
449,9128,Leucadendron laureolum,Golden Sunshinebush,Plantae,Tracheophyta,Magnoliopsida,Proteales,Proteaceae,Leucadendron,laureolum,09128_Plantae_Tracheophyta_Magnoliopsida_Proteales_Proteaceae_Leucadendron_laureolum
450,9133,Mimetes cucullatus,red pagoda,Plantae,Tracheophyta,Magnoliopsida,Proteales,Proteaceae,Mimetes,cucullatus,09133_Plantae_Tracheophyta_Magnoliopsida_Proteales_Proteaceae_Mimetes_cucullatus
451,9199,Actaea racemosa,black cohosh,Plantae,Tracheophyta,Magnoliopsida,Ranunculales,Ranunculaceae,Actaea,racemosa,09199_Plantae_Tracheophyta_Magnoliopsida_Ranunculales_Ranunculaceae_Actaea_racemosa
452,9202,Adonis vernalis,Spring Adonis,Plantae,Tracheophyta,Magnoliopsida,Ranunculales,Ranunculaceae,Adonis,vernalis,09202_Plantae_Tracheophyta_Magnoliopsida_Ranunculales_Ranunculaceae_Adonis_vernalis
453,9203,Anemonastrum canadense,meadow anemone,Plantae,Tracheophyta,Magnoliopsida,Ranunculales,Ranunculaceae,Anemonastrum,canadense,09203_Plantae_Tracheophyta_Magnoliopsida_Ranunculales_Ranunculaceae_Anemonastrum_canadense
454,9221,Aquilegia vulgaris,common columbine,Plantae,Tracheophyta,Magnoliopsida,Ranunculales,Ranunculaceae,Aquilegia,vulgaris,09221_Plantae_Tracheophyta_Magnoliopsida_Ranunculales_Ranunculaceae_Aquilegia_vulgaris
455,9226,Clematis crispa,Swamp Leather Flower,Plantae,Tracheophyta,Magnoliopsida,Ranunculales,Ranunculaceae,Clematis,crispa,09226_Plantae_Tracheophyta_Magnoliopsida_Ranunculales_Ranunculaceae_Clematis_crispa
456,9235,Clematis virginiana,Virginia virgin's-bower,Plantae,Tracheophyta,Magnoliopsida,Ranunculales,Ranunculaceae,Clematis,virginiana,09235_Plantae_Tracheophyta_Magnoliopsida_Ranunculales_Ranunculaceae_Clematis_virginiana
457,9258,Pulsatilla patens,eastern pasqueflower,Plantae,Tracheophyta,Magnoliopsida,Ranunculales,Ranunculaceae,Pulsatilla,patens,09258_Plantae_Tracheophyta_Magnoliopsida_Ranunculales_Ranunculaceae_Pulsatilla_patens
458,9260,Ranunculus acris,meadow buttercup,Plantae,Tracheophyta,Magnoliopsida,Ranunculales,Ranunculaceae,Ranunculus,acris,09260_Plantae_Tracheophyta_Magnoliopsida_Ranunculales_Ranunculaceae_Ranunculus_acris
459,9314,Morus indica,Korean mulberry,Plantae,Tracheophyta,Magnoliopsida,Rosales,Moraceae,Morus,indica,09314_Plantae_Tracheophyta_Magnoliopsida_Rosales_Moraceae_Morus_indica
460,9372,Crataegus marshallii,parsley hawthorn,Plantae,Tracheophyta,Magnoliopsida,Rosales,Rosaceae,Crataegus,marshallii,09372_Plantae_Tracheophyta_Magnoliopsida_Rosales_Rosaceae_Crataegus_marshallii
461,9379,Eriobotrya japonica,Loquat,Plantae,Tracheophyta,Magnoliopsida,Rosales,Rosaceae,Eriobotrya,japonica,09379_Plantae_Tracheophyta_Magnoliopsida_Rosales_Rosaceae_Eriobotrya_japonica
462,9408,Potentilla canadensis,dwarf cinquefoil,Plantae,Tracheophyta,Magnoliopsida,Rosales,Rosaceae,Potentilla,canadensis,09408_Plantae_Tracheophyta_Magnoliopsida_Rosales_Rosaceae_Potentilla_canadensis
463,9423,Prunus fasciculata,desert almond,Plantae,Tracheophyta,Magnoliopsida,Rosales,Rosaceae,Prunus,fasciculata,09423_Plantae_Tracheophyta_Magnoliopsida_Rosales_Rosaceae_Prunus_fasciculata
464,9431,Prunus pumila,sand cherry,Plantae,Tracheophyta,Magnoliopsida,Rosales,Rosaceae,Prunus,pumila,09431_Plantae_Tracheophyta_Magnoliopsida_Rosales_Rosaceae_Prunus_pumila
465,9433,Prunus spinosa,Blackthorn,Plantae,Tracheophyta,Magnoliopsida,Rosales,Rosaceae,Prunus,spinosa,09433_Plantae_Tracheophyta_Magnoliopsida_Rosales_Rosaceae_Prunus_spinosa
466,9460,Rubus bifrons,Himalayan-berry,Plantae,Tracheophyta,Magnoliopsida,Rosales,Rosaceae,Rubus,bifrons,09460_Plantae_Tracheophyta_Magnoliopsida_Rosales_Rosaceae_Rubus_bifrons
467,9477,Rubus schmidelioides,Rubus schmidelioides,Plantae,Tracheophyta,Magnoliopsida,Rosales,Rosaceae,Rubus,schmidelioides,09477_Plantae_Tracheophyta_Magnoliopsida_Rosales_Rosaceae_Rubus_schmidelioides
468,9499,Ulmus americana,American elm,Plantae,Tracheophyta,Magnoliopsida,Rosales,Ulmaceae,Ulmus,americana,09499_Plantae_Tracheophyta_Magnoliopsida_Rosales_Ulmaceae_Ulmus_americana
469,9505,Ulmus pumila,Siberian elm,Plantae,Tracheophyta,Magnoliopsida,Rosales,Ulmaceae,Ulmus,pumila,09505_Plantae_Tracheophyta_Magnoliopsida_Rosales_Ulmaceae_Ulmus_pumila
470,9510,Laportea canadensis,Canadian wood nettle,Plantae,Tracheophyta,Magnoliopsida,Rosales,Urticaceae,Laportea,canadensis,09510_Plantae_Tracheophyta_Magnoliopsida_Rosales_Urticaceae_Laportea_canadensis
471,9518,Urtica urens,Dwarf Nettle,Plantae,Tracheophyta,Magnoliopsida,Rosales,Urticaceae,Urtica,urens,09518_Plantae_Tracheophyta_Magnoliopsida_Rosales_Urticaceae_Urtica_urens
472,9525,Phoradendron californicum,desert mistletoe,Plantae,Tracheophyta,Magnoliopsida,Santalales,Santalaceae,Phoradendron,californicum,09525_Plantae_Tracheophyta_Magnoliopsida_Santalales_Santalaceae_Phoradendron_californicum
473,9548,Toxicodendron rydbergii,poison ivy,Plantae,Tracheophyta,Magnoliopsida,Sapindales,Anacardiaceae,Toxicodendron,rydbergii,09548_Plantae_Tracheophyta_Magnoliopsida_Sapindales_Anacardiaceae_Toxicodendron_rydbergii
474,9550,Bursera microphylla,elephant tree,Plantae,Tracheophyta,Magnoliopsida,Sapindales,Burseraceae,Bursera,microphylla,09550_Plantae_Tracheophyta_Magnoliopsida_Sapindales_Burseraceae_Bursera_microphylla
475,9565,Acer campestre,field maple,Plantae,Tracheophyta,Magnoliopsida,Sapindales,Sapindaceae,Acer,campestre,09565_Plantae_Tracheophyta_Magnoliopsida_Sapindales_Sapindaceae_Acer_campestre
476,9586,Aesculus pavia,Red Buckeye,Plantae,Tracheophyta,Magnoliopsida,Sapindales,Sapindaceae,Aesculus,pavia,09586_Plantae_Tracheophyta_Magnoliopsida_Sapindales_Sapindaceae_Aesculus_pavia
477,9597,Crassula ovata,jade plant,Plantae,Tracheophyta,Magnoliopsida,Saxifragales,Crassulaceae,Crassula,ovata,09597_Plantae_Tracheophyta_Magnoliopsida_Saxifragales_Crassulaceae_Crassula_ovata
478,9610,Rhodiola integrifolia,western roseroot,Plantae,Tracheophyta,Magnoliopsida,Saxifragales,Crassulaceae,Rhodiola,integrifolia,09610_Plantae_Tracheophyta_Magnoliopsida_Saxifragales_Crassulaceae_Rhodiola_integrifolia
479,9640,Ribes uva-crispa,Goose-berry,Plantae,Tracheophyta,Magnoliopsida,Saxifragales,Grossulariaceae,Ribes,uva-crispa,09640_Plantae_Tracheophyta_Magnoliopsida_Saxifragales_Grossulariaceae_Ribes_uva-crispa
480,9674,Tolmiea menziesii,youth on age,Plantae,Tracheophyta,Magnoliopsida,Saxifragales,Saxifragaceae,Tolmiea,menziesii,09674_Plantae_Tracheophyta_Magnoliopsida_Saxifragales_Saxifragaceae_Tolmiea_menziesii
481,9695,Ipomoea coccinea,red morning glory,Plantae,Tracheophyta,Magnoliopsida,Solanales,Convolvulaceae,Ipomoea,coccinea,09695_Plantae_Tracheophyta_Magnoliopsida_Solanales_Convolvulaceae_Ipomoea_coccinea
482,9702,Ipomoea obscura,Obscure Morning Glory,Plantae,Tracheophyta,Magnoliopsida,Solanales,Convolvulaceae,Ipomoea,obscura,09702_Plantae_Tracheophyta_Magnoliopsida_Solanales_Convolvulaceae_Ipomoea_obscura
483,9735,Solanum dimidiatum,western horsenettle,Plantae,Tracheophyta,Magnoliopsida,Solanales,Solanaceae,Solanum,dimidiatum,09735_Plantae_Tracheophyta_Magnoliopsida_Solanales_Solanaceae_Solanum_dimidiatum
484,9739,Solanum elaeagnifolium,White Horse-nettle,Plantae,Tracheophyta,Magnoliopsida,Solanales,Solanaceae,Solanum,elaeagnifolium,09739_Plantae_Tracheophyta_Magnoliopsida_Solanales_Solanaceae_Solanum_elaeagnifolium
485,9753,Ampelopsis glandulosa,Porcelain Berry,Plantae,Tracheophyta,Magnoliopsida,Vitales,Vitaceae,Ampelopsis,glandulosa,09753_Plantae_Tracheophyta_Magnoliopsida_Vitales_Vitaceae_Ampelopsis_glandulosa
486,9766,Krameria erecta,Pima Rhatany,Plantae,Tracheophyta,Magnoliopsida,Zygophyllales,Krameriaceae,Krameria,erecta,09766_Plantae_Tracheophyta_Magnoliopsida_Zygophyllales_Krameriaceae_Krameria_erecta
487,9791,Sequoiadendron giganteum,giant sequoia,Plantae,Tracheophyta,Pinopsida,Pinales,Cupressaceae,Sequoiadendron,giganteum,09791_Plantae_Tracheophyta_Pinopsida_Pinales_Cupressaceae_Sequoiadendron_giganteum
488,9793,Taxodium distichum,baldcypress,Plantae,Tracheophyta,Pinopsida,Pinales,Cupressaceae,Taxodium,distichum,09793_Plantae_Tracheophyta_Pinopsida_Pinales_Cupressaceae_Taxodium_distichum
489,9794,Taxodium mucronatum,Montezuma cypress,Plantae,Tracheophyta,Pinopsida,Pinales,Cupressaceae,Taxodium,mucronatum,09794_Plantae_Tracheophyta_Pinopsida_Pinales_Cupressaceae_Taxodium_mucronatum
490,9799,Abies concolor,white fir,Plantae,Tracheophyta,Pinopsida,Pinales,Pinaceae,Abies,concolor,09799_Plantae_Tracheophyta_Pinopsida_Pinales_Pinaceae_Abies_concolor
491,9818,Pinus contorta,lodgepole pine,Plantae,Tracheophyta,Pinopsida,Pinales,Pinaceae,Pinus,contorta,09818_Plantae_Tracheophyta_Pinopsida_Pinales_Pinaceae_Pinus_contorta
492,9833,Pinus ponderosa,ponderosa pine,Plantae,Tracheophyta,Pinopsida,Pinales,Pinaceae,Pinus,ponderosa,09833_Plantae_Tracheophyta_Pinopsida_Pinales_Pinaceae_Pinus_ponderosa
493,9877,Gleichenia dicarpa,tangle fern,Plantae,Tracheophyta,Polypodiopsida,Gleicheniales,Gleicheniaceae,Gleichenia,dicarpa,09877_Plantae_Tracheophyta_Polypodiopsida_Gleicheniales_Gleicheniaceae_Gleichenia_dicarpa
494,9892,Asplenium bulbiferum,Hen and Chicks Fern,Plantae,Tracheophyta,Polypodiopsida,Polypodiales,Aspleniaceae,Asplenium,bulbiferum,09892_Plantae_Tracheophyta_Polypodiopsida_Polypodiales_Aspleniaceae_Asplenium_bulbiferum
495,9918,Lomaria discolor,Crown Fern,Plantae,Tracheophyta,Polypodiopsida,Polypodiales,Blechnaceae,Lomaria,discolor,09918_Plantae_Tracheophyta_Polypodiopsida_Polypodiales_Blechnaceae_Lomaria_discolor
496,9925,Cystopteris fragilis,brittle bladderfern,Plantae,Tracheophyta,Polypodiopsida,Polypodiales,Cystopteridaceae,Cystopteris,fragilis,09925_Plantae_Tracheophyta_Polypodiopsida_Polypodiales_Cystopteridaceae_Cystopteris_fragilis
497,9928,Dennstaedtia punctilobula,hay-scented fern,Plantae,Tracheophyta,Polypodiopsida,Polypodiales,Dennstaedtiaceae,Dennstaedtia,punctilobula,09928_Plantae_Tracheophyta_Polypodiopsida_Polypodiales_Dennstaedtiaceae_Dennstaedtia_punctilobula
498,9987,Pteris vittata,ladder fern,Plantae,Tracheophyta,Polypodiopsida,Polypodiales,Pteridaceae,Pteris,vittata,09987_Plantae_Tracheophyta_Polypodiopsida_Polypodiales_Pteridaceae_Pteris_vittata
499,9990,Phegopteris hexagonoptera,broad beech fern,Plantae,Tracheophyta,Polypodiopsida,Polypodiales,Thelypteridaceae,Phegopteris,hexagonoptera,09990_Plantae_Tracheophyta_Polypodiopsida_Polypodiales_Thelypteridaceae_Phegopteris_hexagonoptera
500,4,Eratigena duellica,Giant House Spider,Animalia,Arthropoda,Arachnida,Araneae,Agelenidae,Eratigena,duellica,00004_Animalia_Arthropoda_Arachnida_Araneae_Agelenidae_Eratigena_duellica
501,33,Mecynogea lemniscata,Basilica Spider,Animalia,Arthropoda,Arachnida,Araneae,Araneidae,Mecynogea,lemniscata,00033_Animalia_Arthropoda_Arachnida_Araneae_Araneidae_Mecynogea_lemniscata
502,44,Trichonephila clavata,Jorō Spider,Animalia,Arthropoda,Arachnida,Araneae,Araneidae,Trichonephila,clavata,00044_Animalia_Arthropoda_Arachnida_Araneae_Araneidae_Trichonephila_clavata
503,50,Zygiella x-notata,Silver-sided Sector Spider,Animalia,Arthropoda,Arachnida,Araneae,Araneidae,Zygiella,x-notata,00050_Animalia_Arthropoda_Arachnida_Araneae_Araneidae_Zygiella_x-notata
504,61,Oxyopes salticus,Striped Lynx Spider,Animalia,Arthropoda,Arachnida,Araneae,Oxyopidae,Oxyopes,salticus,00061_Animalia_Arthropoda_Arachnida_Araneae_Oxyopidae_Oxyopes_salticus
505,119,Latrodectus variolus,Northern Black Widow,Animalia,Arthropoda,Arachnida,Araneae,Theridiidae,Latrodectus,variolus,00119_Animalia_Arthropoda_Arachnida_Araneae_Theridiidae_Latrodectus_variolus
506,136,Vasates quadripedes,maple bladdergall mite,Animalia,Arthropoda,Arachnida,Endeostigmata,Eriophyidae,Vasates,quadripedes,00136_Animalia_Arthropoda_Arachnida_Endeostigmata_Eriophyidae_Vasates_quadripedes
507,228,Elaphidion mucronatum,Spined Oak Borer,Animalia,Arthropoda,Insecta,Coleoptera,Cerambycidae,Elaphidion,mucronatum,00228_Animalia_Arthropoda_Insecta_Coleoptera_Cerambycidae_Elaphidion_mucronatum
508,229,Graphisurus fasciatus,Banded Graphisurus,Animalia,Arthropoda,Insecta,Coleoptera,Cerambycidae,Graphisurus,fasciatus,00229_Animalia_Arthropoda_Insecta_Coleoptera_Cerambycidae_Graphisurus_fasciatus
509,275,Chrysolina fastuosa,Dead-nettle Leaf Beetle,Animalia,Arthropoda,Insecta,Coleoptera,Chrysomelidae,Chrysolina,fastuosa,00275_Animalia_Arthropoda_Insecta_Coleoptera_Chrysomelidae_Chrysolina_fastuosa
510,276,Chrysomela populi,Poplar Leaf Beetle,Animalia,Arthropoda,Insecta,Coleoptera,Chrysomelidae,Chrysomela,populi,00276_Animalia_Arthropoda_Insecta_Coleoptera_Chrysomelidae_Chrysomela_populi
511,285,Gastrophysa viridula,Green Dock-beetle,Animalia,Arthropoda,Insecta,Coleoptera,Chrysomelidae,Gastrophysa,viridula,00285_Animalia_Arthropoda_Insecta_Coleoptera_Chrysomelidae_Gastrophysa_viridula
512,337,Larinus carlinae,Canada Thistle Bud Weevil,Animalia,Arthropoda,Insecta,Coleoptera,Curculionidae,Larinus,carlinae,00337_Animalia_Arthropoda_Insecta_Coleoptera_Curculionidae_Larinus_carlinae
513,385,Euphoria sepulcralis,Dark Flower Scarab,Animalia,Arthropoda,Insecta,Coleoptera,Scarabaeidae,Euphoria,sepulcralis,00385_Animalia_Arthropoda_Insecta_Coleoptera_Scarabaeidae_Euphoria_sepulcralis
514,405,Necrodes surinamensis,Red-lined Carrion Beetle,Animalia,Arthropoda,Insecta,Coleoptera,Silphidae,Necrodes,surinamensis,00405_Animalia_Arthropoda_Insecta_Coleoptera_Silphidae_Necrodes_surinamensis
515,436,Chrysomya megacephala,Oriental Latrine Fly,Animalia,Arthropoda,Insecta,Diptera,Calliphoridae,Chrysomya,megacephala,00436_Animalia_Arthropoda_Insecta_Diptera_Calliphoridae_Chrysomya_megacephala
516,494,Volucella bombylans,Bumblebee Hoverfly,Animalia,Arthropoda,Insecta,Diptera,Syrphidae,Volucella,bombylans,00494_Animalia_Arthropoda_Insecta_Diptera_Syrphidae_Volucella_bombylans
517,504,Tipula abdominalis,Giant Crane Fly,Animalia,Arthropoda,Insecta,Diptera,Tipulidae,Tipula,abdominalis,00504_Animalia_Arthropoda_Insecta_Diptera_Tipulidae_Tipula_abdominalis
518,517,Pachypsylla celtidismamma,Hackberry Nipple Gall,Animalia,Arthropoda,Insecta,Hemiptera,Aphalaridae,Pachypsylla,celtidismamma,00517_Animalia_Arthropoda_Insecta_Hemiptera_Aphalaridae_Pachypsylla_celtidismamma
519,552,Neotibicen superbus,Superb Dog-day Cicada,Animalia,Arthropoda,Insecta,Hemiptera,Cicadidae,Neotibicen,superbus,00552_Animalia_Arthropoda_Insecta_Hemiptera_Cicadidae_Neotibicen_superbus
520,557,Acanthocephala declivis,Giant Leaf-footed Bug,Animalia,Arthropoda,Insecta,Hemiptera,Coreidae,Acanthocephala,declivis,00557_Animalia_Arthropoda_Insecta_Hemiptera_Coreidae_Acanthocephala_declivis
521,570,Leptoglossus phyllopus,Eastern Leaf-footed Bug,Animalia,Arthropoda,Insecta,Hemiptera,Coreidae,Leptoglossus,phyllopus,00570_Animalia_Arthropoda_Insecta_Hemiptera_Coreidae_Leptoglossus_phyllopus
522,596,Membracis mexicana,Mexican Treehopper,Animalia,Arthropoda,Insecta,Hemiptera,Membracidae,Membracis,mexicana,00596_Animalia_Arthropoda_Insecta_Hemiptera_Membracidae_Membracis_mexicana
523,608,Banasa dimidiata,Green Burgundy Stink Bug,Animalia,Arthropoda,Insecta,Hemiptera,Pentatomidae,Banasa,dimidiata,00608_Animalia_Arthropoda_Insecta_Hemiptera_Pentatomidae_Banasa_dimidiata
524,632,Palomena prasina,Green Shield Bug,Animalia,Arthropoda,Insecta,Hemiptera,Pentatomidae,Palomena,prasina,00632_Animalia_Arthropoda_Insecta_Hemiptera_Pentatomidae_Palomena_prasina
525,661,Boisea trivittata,Eastern Boxelder Bug,Animalia,Arthropoda,Insecta,Hemiptera,Rhopalidae,Boisea,trivittata,00661_Animalia_Arthropoda_Insecta_Hemiptera_Rhopalidae_Boisea_trivittata
526,687,Bombus griseocollis,Brown-belted Bumblebee,Animalia,Arthropoda,Insecta,Hymenoptera,Apidae,Bombus,griseocollis,00687_Animalia_Arthropoda_Insecta_Hymenoptera_Apidae_Bombus_griseocollis
527,693,Bombus mixtus,Fuzzy-Horned Bumble Bee,Animalia,Arthropoda,Insecta,Hymenoptera,Apidae,Bombus,mixtus,00693_Animalia_Arthropoda_Insecta_Hymenoptera_Apidae_Bombus_mixtus
528,696,Bombus pensylvanicus,American Bumble Bee,Animalia,Arthropoda,Insecta,Hymenoptera,Apidae,Bombus,pensylvanicus,00696_Animalia_Arthropoda_Insecta_Hymenoptera_Apidae_Bombus_pensylvanicus
529,712,Xylocopa sonorina,Valley Carpenter Bee,Animalia,Arthropoda,Insecta,Hymenoptera,Apidae,Xylocopa,sonorina,00712_Animalia_Arthropoda_Insecta_Hymenoptera_Apidae_Xylocopa_sonorina
530,716,Cotesia congregata,Tomato Hornworm Parasitoid Wasp,Animalia,Arthropoda,Insecta,Hymenoptera,Braconidae,Cotesia,congregata,00716_Animalia_Arthropoda_Insecta_Hymenoptera_Braconidae_Cotesia_congregata
531,722,Bicyrtes quadrifasciatus,Four-banded Stink Bug Hunter Wasp,Animalia,Arthropoda,Insecta,Hymenoptera,Crabronidae,Bicyrtes,quadrifasciatus,00722_Animalia_Arthropoda_Insecta_Hymenoptera_Crabronidae_Bicyrtes_quadrifasciatus
532,732,Callirhytis seminator,Wool Sower Gall Wasp,Animalia,Arthropoda,Insecta,Hymenoptera,Cynipidae,Callirhytis,seminator,00732_Animalia_Arthropoda_Insecta_Hymenoptera_Cynipidae_Callirhytis_seminator
533,770,Tetramorium immigrans,Immigrant Pavement Ant,Animalia,Arthropoda,Insecta,Hymenoptera,Formicidae,Tetramorium,immigrans,00770_Animalia_Arthropoda_Insecta_Hymenoptera_Formicidae_Tetramorium_immigrans
534,798,Tremex columba,Pigeon Tremex Horntail,Animalia,Arthropoda,Insecta,Hymenoptera,Siricidae,Tremex,columba,00798_Animalia_Arthropoda_Insecta_Hymenoptera_Siricidae_Tremex_columba
535,810,Ancistrocerus adiabatus,Ancistrocerus adiabatus,Animalia,Arthropoda,Insecta,Hymenoptera,Vespidae,Ancistrocerus,adiabatus,00810_Animalia_Arthropoda_Insecta_Hymenoptera_Vespidae_Ancistrocerus_adiabatus
536,820,Monobia quadridens,Four-toothed Mason Wasp,Animalia,Arthropoda,Insecta,Hymenoptera,Vespidae,Monobia,quadridens,00820_Animalia_Arthropoda_Insecta_Hymenoptera_Vespidae_Monobia_quadridens
537,831,Polistes dorsalis,Polistes dorsalis,Animalia,Arthropoda,Insecta,Hymenoptera,Vespidae,Polistes,dorsalis,00831_Animalia_Arthropoda_Insecta_Hymenoptera_Vespidae_Polistes_dorsalis
538,833,Polistes fuscatus,Northern Paper Wasp,Animalia,Arthropoda,Insecta,Hymenoptera,Vespidae,Polistes,fuscatus,00833_Animalia_Arthropoda_Insecta_Hymenoptera_Vespidae_Polistes_fuscatus
539,835,Polistes instabilis,Polistes instabilis,Animalia,Arthropoda,Insecta,Hymenoptera,Vespidae,Polistes,instabilis,00835_Animalia_Arthropoda_Insecta_Hymenoptera_Vespidae_Polistes_instabilis
540,841,Vespula alascensis,Alaska Yellowjacket,Animalia,Arthropoda,Insecta,Hymenoptera,Vespidae,Vespula,alascensis,00841_Animalia_Arthropoda_Insecta_Hymenoptera_Vespidae_Vespula_alascensis
541,843,Vespula maculifrons,Eastern Yellowjacket,Animalia,Arthropoda,Insecta,Hymenoptera,Vespidae,Vespula,maculifrons,00843_Animalia_Arthropoda_Insecta_Hymenoptera_Vespidae_Vespula_maculifrons
542,865,Apogeshna stenialis,Checkered Apogeshna,Animalia,Arthropoda,Insecta,Lepidoptera,Crambidae,Apogeshna,stenialis,00865_Animalia_Arthropoda_Insecta_Lepidoptera_Crambidae_Apogeshna_stenialis
543,877,Cydalima perspectalis,Box Tree Moth,Animalia,Arthropoda,Insecta,Lepidoptera,Crambidae,Cydalima,perspectalis,00877_Animalia_Arthropoda_Insecta_Lepidoptera_Crambidae_Cydalima_perspectalis
544,882,Diastictis fracturalis,Fractured Western Snout Moth,Animalia,Arthropoda,Insecta,Lepidoptera,Crambidae,Diastictis,fracturalis,00882_Animalia_Arthropoda_Insecta_Lepidoptera_Crambidae_Diastictis_fracturalis
545,885,Elophila icciusalis,Pondside Pyralid Moth,Animalia,Arthropoda,Insecta,Lepidoptera,Crambidae,Elophila,icciusalis,00885_Animalia_Arthropoda_Insecta_Lepidoptera_Crambidae_Elophila_icciusalis
546,887,Euchromius ocellea,Belted Grass-veneer,Animalia,Arthropoda,Insecta,Lepidoptera,Crambidae,Euchromius,ocellea,00887_Animalia_Arthropoda_Insecta_Lepidoptera_Crambidae_Euchromius_ocellea
547,903,Maruca vitrata,Mung Bean Moth,Animalia,Arthropoda,Insecta,Lepidoptera,Crambidae,Maruca,vitrata,00903_Animalia_Arthropoda_Insecta_Lepidoptera_Crambidae_Maruca_vitrata
548,904,Microcrambus biguttellus,Gold-stripe Grass-veneer,Animalia,Arthropoda,Insecta,Lepidoptera,Crambidae,Microcrambus,biguttellus,00904_Animalia_Arthropoda_Insecta_Lepidoptera_Crambidae_Microcrambus_biguttellus
549,979,Arctia villica,Cream-spot Tiger,Animalia,Arthropoda,Insecta,Lepidoptera,Erebidae,Arctia,villica,00979_Animalia_Arthropoda_Insecta_Lepidoptera_Erebidae_Arctia_villica
550,1002,Catocala neogama,The Bride,Animalia,Arthropoda,Insecta,Lepidoptera,Erebidae,Catocala,neogama,01002_Animalia_Arthropoda_Insecta_Lepidoptera_Erebidae_Catocala_neogama
551,1041,Halysidota tessellaris,Banded Tussock Moth,Animalia,Arthropoda,Insecta,Lepidoptera,Erebidae,Halysidota,tessellaris,01041_Animalia_Arthropoda_Insecta_Lepidoptera_Erebidae_Halysidota_tessellaris
552,1048,Hypena deceptalis,Deceptive Snout,Animalia,Arthropoda,Insecta,Lepidoptera,Erebidae,Hypena,deceptalis,01048_Animalia_Arthropoda_Insecta_Lepidoptera_Erebidae_Hypena_deceptalis
553,1054,Hypercompe oslari,Hypercompe oslari,Animalia,Arthropoda,Insecta,Lepidoptera,Erebidae,Hypercompe,oslari,01054_Animalia_Arthropoda_Insecta_Lepidoptera_Erebidae_Hypercompe_oslari
554,1057,Hypoprepia fucosa,Painted Lichen Moth,Animalia,Arthropoda,Insecta,Lepidoptera,Erebidae,Hypoprepia,fucosa,01057_Animalia_Arthropoda_Insecta_Lepidoptera_Erebidae_Hypoprepia_fucosa
555,1075,Lymantria monacha,Black Arches,Animalia,Arthropoda,Insecta,Lepidoptera,Erebidae,Lymantria,monacha,01075_Animalia_Arthropoda_Insecta_Lepidoptera_Erebidae_Lymantria_monacha
556,1123,Spilosoma congrua,Agreeable Tiger Moth,Animalia,Arthropoda,Insecta,Lepidoptera,Erebidae,Spilosoma,congrua,01123_Animalia_Arthropoda_Insecta_Lepidoptera_Erebidae_Spilosoma_congrua
557,1161,Camptogramma bilineata,Yellow Shell Moth,Animalia,Arthropoda,Insecta,Lepidoptera,Geometridae,Camptogramma,bilineata,01161_Animalia_Arthropoda_Insecta_Lepidoptera_Geometridae_Camptogramma_bilineata
558,1165,Chiasmia emersaria,Chiasmia emersaria,Animalia,Arthropoda,Insecta,Lepidoptera,Geometridae,Chiasmia,emersaria,01165_Animalia_Arthropoda_Insecta_Lepidoptera_Geometridae_Chiasmia_emersaria
559,1170,Chloroclystis inductata,Chloroclystis inductata,Animalia,Arthropoda,Insecta,Lepidoptera,Geometridae,Chloroclystis,inductata,01170_Animalia_Arthropoda_Insecta_Lepidoptera_Geometridae_Chloroclystis_inductata
560,1179,Costaconvexa centrostrigaria,Bent-line Carpet,Animalia,Arthropoda,Insecta,Lepidoptera,Geometridae,Costaconvexa,centrostrigaria,01179_Animalia_Arthropoda_Insecta_Lepidoptera_Geometridae_Costaconvexa_centrostrigaria
561,1182,Cyclophora linearia,Clay Triple-Lines,Animalia,Arthropoda,Insecta,Lepidoptera,Geometridae,Cyclophora,linearia,01182_Animalia_Arthropoda_Insecta_Lepidoptera_Geometridae_Cyclophora_linearia
562,1183,Cyclophora nanaria,Dwarf Tawny Wave,Animalia,Arthropoda,Insecta,Lepidoptera,Geometridae,Cyclophora,nanaria,01183_Animalia_Arthropoda_Insecta_Lepidoptera_Geometridae_Cyclophora_nanaria
563,1209,Erannis defoliaria,Mottled Umber,Animalia,Arthropoda,Insecta,Lepidoptera,Geometridae,Erannis,defoliaria,01209_Animalia_Arthropoda_Insecta_Lepidoptera_Geometridae_Erannis_defoliaria
564,1226,Hemithea aestivaria,Common Emerald,Animalia,Arthropoda,Insecta,Lepidoptera,Geometridae,Hemithea,aestivaria,01226_Animalia_Arthropoda_Insecta_Lepidoptera_Geometridae_Hemithea_aestivaria
565,1227,Heterophleps triguttaria,Three-spotted Fillip,Animalia,Arthropoda,Insecta,Lepidoptera,Geometridae,Heterophleps,triguttaria,01227_Animalia_Arthropoda_Insecta_Lepidoptera_Geometridae_Heterophleps_triguttaria
566,1256,Macaria alternata,Sharp-angled Peacock Moth,Animalia,Arthropoda,Insecta,Lepidoptera,Geometridae,Macaria,alternata,01256_Animalia_Arthropoda_Insecta_Lepidoptera_Geometridae_Macaria_alternata
567,1261,Melanodes anthracitaria,Black Geometrid,Animalia,Arthropoda,Insecta,Lepidoptera,Geometridae,Melanodes,anthracitaria,01261_Animalia_Arthropoda_Insecta_Lepidoptera_Geometridae_Melanodes_anthracitaria
568,1276,Operophtera bruceata,Bruce Spanworm,Animalia,Arthropoda,Insecta,Lepidoptera,Geometridae,Operophtera,bruceata,01276_Animalia_Arthropoda_Insecta_Lepidoptera_Geometridae_Operophtera_bruceata
569,1279,Orthonama obstipata,The Gem,Animalia,Arthropoda,Insecta,Lepidoptera,Geometridae,Orthonama,obstipata,01279_Animalia_Arthropoda_Insecta_Lepidoptera_Geometridae_Orthonama_obstipata
570,1338,Astraptes fulgerator,Two-barred Flasher,Animalia,Arthropoda,Insecta,Lepidoptera,Hesperiidae,Astraptes,fulgerator,01338_Animalia_Arthropoda_Insecta_Lepidoptera_Hesperiidae_Astraptes_fulgerator
571,1370,Hesperia colorado,Western Branded Skipper,Animalia,Arthropoda,Insecta,Lepidoptera,Hesperiidae,Hesperia,colorado,01370_Animalia_Arthropoda_Insecta_Lepidoptera_Hesperiidae_Hesperia_colorado
572,1387,Oligoria maculata,Twin-spot Skipper,Animalia,Arthropoda,Insecta,Lepidoptera,Hesperiidae,Oligoria,maculata,01387_Animalia_Arthropoda_Insecta_Lepidoptera_Hesperiidae_Oligoria_maculata
573,1429,Euclea delphinii,Spiny Oak-slug Moth,Animalia,Arthropoda,Insecta,Lepidoptera,Limacodidae,Euclea,delphinii,01429_Animalia_Arthropoda_Insecta_Lepidoptera_Limacodidae_Euclea_delphinii
574,1444,Cacyreus marshalli,Common Geranium-bronze,Animalia,Arthropoda,Insecta,Lepidoptera,Lycaenidae,Cacyreus,marshalli,01444_Animalia_Arthropoda_Insecta_Lepidoptera_Lycaenidae_Cacyreus_marshalli
575,1480,Heliophorus epicles,Purple Sapphire,Animalia,Arthropoda,Insecta,Lepidoptera,Lycaenidae,Heliophorus,epicles,01480_Animalia_Arthropoda_Insecta_Lepidoptera_Lycaenidae_Heliophorus_epicles
576,1514,Plebejus idas,Idas Blue,Animalia,Arthropoda,Insecta,Lepidoptera,Lycaenidae,Plebejus,idas,01514_Animalia_Arthropoda_Insecta_Lepidoptera_Lycaenidae_Plebejus_idas
577,1530,Satyrium liparops,Striped Hairstreak,Animalia,Arthropoda,Insecta,Lepidoptera,Lycaenidae,Satyrium,liparops,01530_Animalia_Arthropoda_Insecta_Lepidoptera_Lycaenidae_Satyrium_liparops
578,1555,Acronicta insita,Fingered Dagger,Animalia,Arthropoda,Insecta,Lepidoptera,Noctuidae,Acronicta,insita,01555_Animalia_Arthropoda_Insecta_Lepidoptera_Noctuidae_Acronicta_insita
579,1618,Elaphria grata,Grateful Midget,Animalia,Arthropoda,Insecta,Lepidoptera,Noctuidae,Elaphria,grata,01618_Animalia_Arthropoda_Insecta_Lepidoptera_Noctuidae_Elaphria_grata
580,1642,Lacinipolia renigera,bristly cutworm,Animalia,Arthropoda,Insecta,Lepidoptera,Noctuidae,Lacinipolia,renigera,01642_Animalia_Arthropoda_Insecta_Lepidoptera_Noctuidae_Lacinipolia_renigera
581,1670,Ochropleura plecta,Flame Shoulder Moth,Animalia,Arthropoda,Insecta,Lepidoptera,Noctuidae,Ochropleura,plecta,01670_Animalia_Arthropoda_Insecta_Lepidoptera_Noctuidae_Ochropleura_plecta
582,1690,Ponometia erastrioides,Small Bird-dropping Moth,Animalia,Arthropoda,Insecta,Lepidoptera,Noctuidae,Ponometia,erastrioides,01690_Animalia_Arthropoda_Insecta_Lepidoptera_Noctuidae_Ponometia_erastrioides
583,1719,Tyta luctuosa,Four-spotted Moth,Animalia,Arthropoda,Insecta,Lepidoptera,Noctuidae,Tyta,luctuosa,01719_Animalia_Arthropoda_Insecta_Lepidoptera_Noctuidae_Tyta_luctuosa
584,1741,Heterocampa umbrata,White-blotched Heterocampa,Animalia,Arthropoda,Insecta,Lepidoptera,Notodontidae,Heterocampa,umbrata,01741_Animalia_Arthropoda_Insecta_Lepidoptera_Notodontidae_Heterocampa_umbrata
585,1764,Acraea terpsicore,Tawny Coster,Animalia,Arthropoda,Insecta,Lepidoptera,Nymphalidae,Acraea,terpsicore,01764_Animalia_Arthropoda_Insecta_Lepidoptera_Nymphalidae_Acraea_terpsicore
586,1773,Anaea aidea,Tropical Leafwing Butterfly,Animalia,Arthropoda,Insecta,Lepidoptera,Nymphalidae,Anaea,aidea,01773_Animalia_Arthropoda_Insecta_Lepidoptera_Nymphalidae_Anaea_aidea
587,1809,Chlosyne ehrenbergii,White-rayed Patch,Animalia,Arthropoda,Insecta,Lepidoptera,Nymphalidae,Chlosyne,ehrenbergii,01809_Animalia_Arthropoda_Insecta_Lepidoptera_Nymphalidae_Chlosyne_ehrenbergii
588,1812,Chlosyne harrisii,Harris's Checkerspot,Animalia,Arthropoda,Insecta,Lepidoptera,Nymphalidae,Chlosyne,harrisii,01812_Animalia_Arthropoda_Insecta_Lepidoptera_Nymphalidae_Chlosyne_harrisii
589,1828,Danaus erippus,Southern Monarch,Animalia,Arthropoda,Insecta,Lepidoptera,Nymphalidae,Danaus,erippus,01828_Animalia_Arthropoda_Insecta_Lepidoptera_Nymphalidae_Danaus_erippus
590,1837,Doleschallia bisaltide,Autumn Leaf,Animalia,Arthropoda,Insecta,Lepidoptera,Nymphalidae,Doleschallia,bisaltide,01837_Animalia_Arthropoda_Insecta_Lepidoptera_Nymphalidae_Doleschallia_bisaltide
591,1842,Dynamine postverta,Mexican Sailor,Animalia,Arthropoda,Insecta,Lepidoptera,Nymphalidae,Dynamine,postverta,01842_Animalia_Arthropoda_Insecta_Lepidoptera_Nymphalidae_Dynamine_postverta
592,1864,Hamadryas amphinome,Red Cracker,Animalia,Arthropoda,Insecta,Lepidoptera,Nymphalidae,Hamadryas,amphinome,01864_Animalia_Arthropoda_Insecta_Lepidoptera_Nymphalidae_Hamadryas_amphinome
593,1872,Hestina assimilis,Red Ring Skirt,Animalia,Arthropoda,Insecta,Lepidoptera,Nymphalidae,Hestina,assimilis,01872_Animalia_Arthropoda_Insecta_Lepidoptera_Nymphalidae_Hestina_assimilis
594,1917,Mechanitis polymnia,Polymnia Tigerwing,Animalia,Arthropoda,Insecta,Lepidoptera,Nymphalidae,Mechanitis,polymnia,01917_Animalia_Arthropoda_Insecta_Lepidoptera_Nymphalidae_Mechanitis_polymnia
595,1928,Mestra amymone,Common Mestra,Animalia,Arthropoda,Insecta,Lepidoptera,Nymphalidae,Mestra,amymone,01928_Animalia_Arthropoda_Insecta_Lepidoptera_Nymphalidae_Mestra_amymone
596,1963,Pyronia bathseba,Spanish Gatekeeper,Animalia,Arthropoda,Insecta,Lepidoptera,Nymphalidae,Pyronia,bathseba,01963_Animalia_Arthropoda_Insecta_Lepidoptera_Nymphalidae_Pyronia_bathseba
597,2055,Belenois aurota,Pioneer White,Animalia,Arthropoda,Insecta,Lepidoptera,Pieridae,Belenois,aurota,02055_Animalia_Arthropoda_Insecta_Lepidoptera_Pieridae_Belenois_aurota
598,2061,Catopsilia pyranthe,Mottled Emigrant,Animalia,Arthropoda,Insecta,Lepidoptera,Pieridae,Catopsilia,pyranthe,02061_Animalia_Arthropoda_Insecta_Lepidoptera_Pieridae_Catopsilia_pyranthe
599,2062,Cepora nerissa,Common Gull,Animalia,Arthropoda,Insecta,Lepidoptera,Pieridae,Cepora,nerissa,02062_Animalia_Arthropoda_Insecta_Lepidoptera_Pieridae_Cepora_nerissa
600,2068,Delias hyparete,Painted Jezebel,Animalia,Arthropoda,Insecta,Lepidoptera,Pieridae,Delias,hyparete,02068_Animalia_Arthropoda_Insecta_Lepidoptera_Pieridae_Delias_hyparete
601,2075,Eurema mexicana,Mexican Yellow,Animalia,Arthropoda,Insecta,Lepidoptera,Pieridae,Eurema,mexicana,02075_Animalia_Arthropoda_Insecta_Lepidoptera_Pieridae_Eurema_mexicana
602,2091,Phoebis sennae,Cloudless Sulphur,Animalia,Arthropoda,Insecta,Lepidoptera,Pieridae,Phoebis,sennae,02091_Animalia_Arthropoda_Insecta_Lepidoptera_Pieridae_Phoebis_sennae
603,2119,Endotricha flammealis,Rosy Tabby,Animalia,Arthropoda,Insecta,Lepidoptera,Pyralidae,Endotricha,flammealis,02119_Animalia_Arthropoda_Insecta_Lepidoptera_Pyralidae_Endotricha_flammealis
604,2159,Eacles imperialis,Imperial Moth,Animalia,Arthropoda,Insecta,Lepidoptera,Saturniidae,Eacles,imperialis,02159_Animalia_Arthropoda_Insecta_Lepidoptera_Saturniidae_Eacles_imperialis
605,2169,Melittia cucurbitae,Squash Vine Borer,Animalia,Arthropoda,Insecta,Lepidoptera,Sesiidae,Melittia,cucurbitae,02169_Animalia_Arthropoda_Insecta_Lepidoptera_Sesiidae_Melittia_cucurbitae
606,2172,Agrius cingulata,Pink-spotted Hawkmoth,Animalia,Arthropoda,Insecta,Lepidoptera,Sphingidae,Agrius,cingulata,02172_Animalia_Arthropoda_Insecta_Lepidoptera_Sphingidae_Agrius_cingulata
607,2281,Archimantis latistyla,Stick Mantis,Animalia,Arthropoda,Insecta,Mantodea,Mantidae,Archimantis,latistyla,02281_Animalia_Arthropoda_Insecta_Mantodea_Mantidae_Archimantis_latistyla
608,2313,Aeshna palmata,Paddle-tailed Darner,Animalia,Arthropoda,Insecta,Odonata,Aeshnidae,Aeshna,palmata,02313_Animalia_Arthropoda_Insecta_Odonata_Aeshnidae_Aeshna_palmata
609,2324,Gomphaeschna furcillata,Harlequin Darner,Animalia,Arthropoda,Insecta,Odonata,Aeshnidae,Gomphaeschna,furcillata,02324_Animalia_Arthropoda_Insecta_Odonata_Aeshnidae_Gomphaeschna_furcillata
610,2328,Rhionaeschna mutata,Spatterdock Darner,Animalia,Arthropoda,Insecta,Odonata,Aeshnidae,Rhionaeschna,mutata,02328_Animalia_Arthropoda_Insecta_Odonata_Aeshnidae_Rhionaeschna_mutata
611,2331,Calopteryx haemorrhoidalis,Copper Demoiselle,Animalia,Arthropoda,Insecta,Odonata,Calopterygidae,Calopteryx,haemorrhoidalis,02331_Animalia_Arthropoda_Insecta_Odonata_Calopterygidae_Calopteryx_haemorrhoidalis
612,2346,Argia emma,Emma's Dancer,Animalia,Arthropoda,Insecta,Odonata,Coenagrionidae,Argia,emma,02346_Animalia_Arthropoda_Insecta_Odonata_Coenagrionidae_Argia_emma
613,2379,Enallagma traviatum,North American Slender Bluet,Animalia,Arthropoda,Insecta,Odonata,Coenagrionidae,Enallagma,traviatum,02379_Animalia_Arthropoda_Insecta_Odonata_Coenagrionidae_Enallagma_traviatum
614,2389,Ischnura kellicotti,Lilypad Forktail,Animalia,Arthropoda,Insecta,Odonata,Coenagrionidae,Ischnura,kellicotti,02389_Animalia_Arthropoda_Insecta_Odonata_Coenagrionidae_Ischnura_kellicotti
615,2401,Xanthagrion erythroneurum,Red and Blue Damsel,Animalia,Arthropoda,Insecta,Odonata,Coenagrionidae,Xanthagrion,erythroneurum,02401_Animalia_Arthropoda_Insecta_Odonata_Coenagrionidae_Xanthagrion_erythroneurum
616,2403,Cordulegaster boltonii,Golden-ringed Dragonfly,Animalia,Arthropoda,Insecta,Odonata,Cordulegastridae,Cordulegaster,boltonii,02403_Animalia_Arthropoda_Insecta_Odonata_Cordulegastridae_Cordulegaster_boltonii
617,2411,Epitheca canis,Beaverpond Baskettail,Animalia,Arthropoda,Insecta,Odonata,Corduliidae,Epitheca,canis,02411_Animalia_Arthropoda_Insecta_Odonata_Corduliidae_Epitheca_canis
618,2475,Celithemis eponina,Halloween Pennant,Animalia,Arthropoda,Insecta,Odonata,Libellulidae,Celithemis,eponina,02475_Animalia_Arthropoda_Insecta_Odonata_Libellulidae_Celithemis_eponina
619,2490,Erythrodiplax basifusca,Plateau Dragonlet,Animalia,Arthropoda,Insecta,Odonata,Libellulidae,Erythrodiplax,basifusca,02490_Animalia_Arthropoda_Insecta_Odonata_Libellulidae_Erythrodiplax_basifusca
620,2504,Libellula axilena,Bar-winged Skimmer,Animalia,Arthropoda,Insecta,Odonata,Libellulidae,Libellula,axilena,02504_Animalia_Arthropoda_Insecta_Odonata_Libellulidae_Libellula_axilena
621,2518,Libellula semifasciata,Painted Skimmer,Animalia,Arthropoda,Insecta,Odonata,Libellulidae,Libellula,semifasciata,02518_Animalia_Arthropoda_Insecta_Odonata_Libellulidae_Libellula_semifasciata
622,2524,Nannothemis bella,Elfin Skimmer,Animalia,Arthropoda,Insecta,Odonata,Libellulidae,Nannothemis,bella,02524_Animalia_Arthropoda_Insecta_Odonata_Libellulidae_Nannothemis_bella
623,2555,Pseudoleon superbus,Filigree Skimmer,Animalia,Arthropoda,Insecta,Odonata,Libellulidae,Pseudoleon,superbus,02555_Animalia_Arthropoda_Insecta_Odonata_Libellulidae_Pseudoleon_superbus
624,2624,Omocestus viridulus,Common Green Grasshopper,Animalia,Arthropoda,Insecta,Orthoptera,Acrididae,Omocestus,viridulus,02624_Animalia_Arthropoda_Insecta_Orthoptera_Acrididae_Omocestus_viridulus
625,2643,Hemideina thoracica,Auckland Tree Weta,Animalia,Arthropoda,Insecta,Orthoptera,Anostostomatidae,Hemideina,thoracica,02643_Animalia_Arthropoda_Insecta_Orthoptera_Anostostomatidae_Hemideina_thoracica
626,2663,Tropidacris cristata,giant red-winged grasshopper,Animalia,Arthropoda,Insecta,Orthoptera,Romaleidae,Tropidacris,cristata,02663_Animalia_Arthropoda_Insecta_Orthoptera_Romaleidae_Tropidacris_cristata
627,2669,Conocephalus melaenus,Conocephalus melaenus,Animalia,Arthropoda,Insecta,Orthoptera,Tettigoniidae,Conocephalus,melaenus,02669_Animalia_Arthropoda_Insecta_Orthoptera_Tettigoniidae_Conocephalus_melaenus
628,2697,Cerastipsocus venosus,Tree Cattle,Animalia,Arthropoda,Insecta,Psocodea,Psocidae,Cerastipsocus,venosus,02697_Animalia_Arthropoda_Insecta_Psocodea_Psocidae_Cerastipsocus_venosus
629,2783,Culaea inconstans,Brook stickleback,Animalia,Chordata,Actinopterygii,Gasterosteiformes,Gasterosteidae,Culaea,inconstans,02783_Animalia_Chordata_Actinopterygii_Gasterosteiformes_Gasterosteidae_Culaea_inconstans
630,2801,Lepomis cyanellus,Green Sunfish,Animalia,Chordata,Actinopterygii,Perciformes,Centrarchidae,Lepomis,cyanellus,02801_Animalia_Chordata_Actinopterygii_Perciformes_Centrarchidae_Lepomis_cyanellus
631,2813,Cheilodactylus fuscus,Red Morwong,Animalia,Chordata,Actinopterygii,Perciformes,Cheilodactylidae,Cheilodactylus,fuscus,02813_Animalia_Chordata_Actinopterygii_Perciformes_Cheilodactylidae_Cheilodactylus_fuscus
632,2818,Oreochromis mossambicus,Mozambique Tilapia,Animalia,Chordata,Actinopterygii,Perciformes,Cichlidae,Oreochromis,mossambicus,02818_Animalia_Chordata_Actinopterygii_Perciformes_Cichlidae_Oreochromis_mossambicus
633,2849,Lutjanus griseus,Grey Snapper,Animalia,Chordata,Actinopterygii,Perciformes,Lutjanidae,Lutjanus,griseus,02849_Animalia_Chordata_Actinopterygii_Perciformes_Lutjanidae_Lutjanus_griseus
634,2870,Hypsypops rubicundus,Garibaldi,Animalia,Chordata,Actinopterygii,Perciformes,Pomacentridae,Hypsypops,rubicundus,02870_Animalia_Chordata_Actinopterygii_Perciformes_Pomacentridae_Hypsypops_rubicundus
635,2921,Phycodurus eques,Leafy Seadragon,Animalia,Chordata,Actinopterygii,Syngnathiformes,Syngnathidae,Phycodurus,eques,02921_Animalia_Chordata_Actinopterygii_Syngnathiformes_Syngnathidae_Phycodurus_eques
636,2942,Anaxyrus americanus,American Toad,Animalia,Chordata,Amphibia,Anura,Bufonidae,Anaxyrus,americanus,02942_Animalia_Chordata_Amphibia_Anura_Bufonidae_Anaxyrus_americanus
637,2957,Bufotes viridis,Green Toad,Animalia,Chordata,Amphibia,Anura,Bufonidae,Bufotes,viridis,02957_Animalia_Chordata_Amphibia_Anura_Bufonidae_Bufotes_viridis
638,2979,Acris blanchardi,Blanchard's Cricket Frog,Animalia,Chordata,Amphibia,Anura,Hylidae,Acris,blanchardi,02979_Animalia_Chordata_Amphibia_Anura_Hylidae_Acris_blanchardi
639,3019,Agalychnis dacnicolor,Mexican Giant Tree Frog,Animalia,Chordata,Amphibia,Anura,Phyllomedusidae,Agalychnis,dacnicolor,03019_Animalia_Chordata_Amphibia_Anura_Phyllomedusidae_Agalychnis_dacnicolor
640,3032,Lithobates septentrionalis,Mink Frog,Animalia,Chordata,Amphibia,Anura,Ranidae,Lithobates,septentrionalis,03032_Animalia_Chordata_Amphibia_Anura_Ranidae_Lithobates_septentrionalis
641,3051,Kurixalus idiootocus,Temple Tree Frog,Animalia,Chordata,Amphibia,Anura,Rhacophoridae,Kurixalus,idiootocus,03051_Animalia_Chordata_Amphibia_Anura_Rhacophoridae_Kurixalus_idiootocus
642,3056,Spea hammondii,Western Spadefoot,Animalia,Chordata,Amphibia,Anura,Scaphiopodidae,Spea,hammondii,03056_Animalia_Chordata_Amphibia_Anura_Scaphiopodidae_Spea_hammondii
643,3059,Ambystoma jeffersonianum,Jefferson Salamander,Animalia,Chordata,Amphibia,Caudata,Ambystomatidae,Ambystoma,jeffersonianum,03059_Animalia_Chordata_Amphibia_Caudata_Ambystomatidae_Ambystoma_jeffersonianum
644,3092,Plethodon dorsalis,Northern Zigzag Salamander,Animalia,Chordata,Amphibia,Caudata,Plethodontidae,Plethodon,dorsalis,03092_Animalia_Chordata_Amphibia_Caudata_Plethodontidae_Plethodon_dorsalis
645,3111,Accipiter badius,Shikra,Animalia,Chordata,Aves,Accipitriformes,Accipitridae,Accipiter,badius,03111_Animalia_Chordata_Aves_Accipitriformes_Accipitridae_Accipiter_badius
646,3129,Buteo lineatus,Red-shouldered Hawk,Animalia,Chordata,Aves,Accipitriformes,Accipitridae,Buteo,lineatus,03129_Animalia_Chordata_Aves_Accipitriformes_Accipitridae_Buteo_lineatus
647,3146,Circus macrourus,Pale Harrier,Animalia,Chordata,Aves,Accipitriformes,Accipitridae,Circus,macrourus,03146_Animalia_Chordata_Aves_Accipitriformes_Accipitridae_Circus_macrourus
648,3158,Gyps africanus,White-backed Vulture,Animalia,Chordata,Aves,Accipitriformes,Accipitridae,Gyps,africanus,03158_Animalia_Chordata_Aves_Accipitriformes_Accipitridae_Gyps_africanus
649,3163,Haliaeetus vocifer,African Fish Eagle,Animalia,Chordata,Aves,Accipitriformes,Accipitridae,Haliaeetus,vocifer,03163_Animalia_Chordata_Aves_Accipitriformes_Accipitridae_Haliaeetus_vocifer
650,3169,Lophaetus occipitalis,Long-crested Eagle,Animalia,Chordata,Aves,Accipitriformes,Accipitridae,Lophaetus,occipitalis,03169_Animalia_Chordata_Aves_Accipitriformes_Accipitridae_Lophaetus_occipitalis
651,3201,Anas platyrhynchos,Mallard,Animalia,Chordata,Aves,Anseriformes,Anatidae,Anas,platyrhynchos,03201_Animalia_Chordata_Aves_Anseriformes_Anatidae_Anas_platyrhynchos
652,3221,Aythya marila,Greater Scaup,Animalia,Chordata,Aves,Anseriformes,Anatidae,Aythya,marila,03221_Animalia_Chordata_Aves_Anseriformes_Anatidae_Aythya_marila
653,3234,Cereopsis novaehollandiae,Cape Barren Goose,Animalia,Chordata,Aves,Anseriformes,Anatidae,Cereopsis,novaehollandiae,03234_Animalia_Chordata_Aves_Anseriformes_Anatidae_Cereopsis_novaehollandiae
654,3243,Cygnus melancoryphus,Black-necked Swan,Animalia,Chordata,Aves,Anseriformes,Anatidae,Cygnus,melancoryphus,03243_Animalia_Chordata_Aves_Anseriformes_Anatidae_Cygnus_melancoryphus
655,3256,Melanitta americana,Black Scoter,Animalia,Chordata,Aves,Anseriformes,Anatidae,Melanitta,americana,03256_Animalia_Chordata_Aves_Anseriformes_Anatidae_Melanitta_americana
656,3284,Phoeniculus purpureus,Green Wood Hoopoe,Animalia,Chordata,Aves,Bucerotiformes,Phoeniculidae,Phoeniculus,purpureus,03284_Animalia_Chordata_Aves_Bucerotiformes_Phoeniculidae_Phoeniculus_purpureus
657,3331,Cathartes aura,Turkey Vulture,Animalia,Chordata,Aves,Cathartiformes,Cathartidae,Cathartes,aura,03331_Animalia_Chordata_Aves_Cathartiformes_Cathartidae_Cathartes_aura
658,3381,Haematopus fuliginosus,Sooty Oystercatcher,Animalia,Chordata,Aves,Charadriiformes,Haematopodidae,Haematopus,fuliginosus,03381_Animalia_Chordata_Aves_Charadriiformes_Haematopodidae_Haematopus_fuliginosus
659,3454,Calidris alpina,Dunlin,Animalia,Chordata,Aves,Charadriiformes,Scolopacidae,Calidris,alpina,03454_Animalia_Chordata_Aves_Charadriiformes_Scolopacidae_Calidris_alpina
660,3473,Limnodromus griseus,Short-billed Dowitcher,Animalia,Chordata,Aves,Charadriiformes,Scolopacidae,Limnodromus,griseus,03473_Animalia_Chordata_Aves_Charadriiformes_Scolopacidae_Limnodromus_griseus
661,3496,Tringa solitaria,Solitary Sandpiper,Animalia,Chordata,Aves,Charadriiformes,Scolopacidae,Tringa,solitaria,03496_Animalia_Chordata_Aves_Charadriiformes_Scolopacidae_Tringa_solitaria
662,3497,Tringa stagnatilis,Marsh Sandpiper,Animalia,Chordata,Aves,Charadriiformes,Scolopacidae,Tringa,stagnatilis,03497_Animalia_Chordata_Aves_Charadriiformes_Scolopacidae_Tringa_stagnatilis
663,3505,Ciconia nigra,Black Stork,Animalia,Chordata,Aves,Ciconiiformes,Ciconiidae,Ciconia,nigra,03505_Animalia_Chordata_Aves_Ciconiiformes_Ciconiidae_Ciconia_nigra
664,3516,Columba palumbus,Wood Pigeon,Animalia,Chordata,Aves,Columbiformes,Columbidae,Columba,palumbus,03516_Animalia_Chordata_Aves_Columbiformes_Columbidae_Columba_palumbus
665,3520,Columbina talpacoti,Ruddy Ground-Dove,Animalia,Chordata,Aves,Columbiformes,Columbidae,Columbina,talpacoti,03520_Animalia_Chordata_Aves_Columbiformes_Columbidae_Columbina_talpacoti
666,3527,Patagioenas cayennensis,Pale-vented Pigeon,Animalia,Chordata,Aves,Columbiformes,Columbidae,Patagioenas,cayennensis,03527_Animalia_Chordata_Aves_Columbiformes_Columbidae_Patagioenas_cayennensis
667,3531,Patagioenas maculosa,Spot-winged Pigeon,Animalia,Chordata,Aves,Columbiformes,Columbidae,Patagioenas,maculosa,03531_Animalia_Chordata_Aves_Columbiformes_Columbidae_Patagioenas_maculosa
668,3534,Streptopelia capicola,Cape Turtle Dove,Animalia,Chordata,Aves,Columbiformes,Columbidae,Streptopelia,capicola,03534_Animalia_Chordata_Aves_Columbiformes_Columbidae_Streptopelia_capicola
669,3549,Ceryle rudis,Pied Kingfisher,Animalia,Chordata,Aves,Coraciiformes,Alcedinidae,Ceryle,rudis,03549_Animalia_Chordata_Aves_Coraciiformes_Alcedinidae_Ceryle_rudis
670,3553,Dacelo novaeguineae,Laughing Kookaburra,Animalia,Chordata,Aves,Coraciiformes,Alcedinidae,Dacelo,novaeguineae,03553_Animalia_Chordata_Aves_Coraciiformes_Alcedinidae_Dacelo_novaeguineae
671,3562,Todiramphus macleayii,Forest Kingfisher,Animalia,Chordata,Aves,Coraciiformes,Alcedinidae,Todiramphus,macleayii,03562_Animalia_Chordata_Aves_Coraciiformes_Alcedinidae_Todiramphus_macleayii
672,3576,Momotus aequatorialis,Andean Motmot,Animalia,Chordata,Aves,Coraciiformes,Momotidae,Momotus,aequatorialis,03576_Animalia_Chordata_Aves_Coraciiformes_Momotidae_Momotus_aequatorialis
673,3601,Falco peregrinus,Peregrine Falcon,Animalia,Chordata,Aves,Falconiformes,Falconidae,Falco,peregrinus,03601_Animalia_Chordata_Aves_Falconiformes_Falconidae_Falco_peregrinus
674,3631,Francolinus pondicerianus,Gray Francolin,Animalia,Chordata,Aves,Galliformes,Phasianidae,Francolinus,pondicerianus,03631_Animalia_Chordata_Aves_Galliformes_Phasianidae_Francolinus_pondicerianus
675,3651,Grus grus,Common Crane,Animalia,Chordata,Aves,Gruiformes,Gruidae,Grus,grus,03651_Animalia_Chordata_Aves_Gruiformes_Gruidae_Grus_grus
676,3675,Opisthocomus hoazin,Hoatzin,Animalia,Chordata,Aves,Opisthocomiformes,Opisthocomidae,Opisthocomus,hoazin,03675_Animalia_Chordata_Aves_Opisthocomiformes_Opisthocomidae_Opisthocomus_hoazin
677,3691,Alauda arvensis,Skylark,Animalia,Chordata,Aves,Passeriformes,Alaudidae,Alauda,arvensis,03691_Animalia_Chordata_Aves_Passeriformes_Alaudidae_Alauda_arvensis
678,3694,Lullula arborea,Woodlark,Animalia,Chordata,Aves,Passeriformes,Alaudidae,Lullula,arborea,03694_Animalia_Chordata_Aves_Passeriformes_Alaudidae_Lullula_arborea
679,3753,Corvus corone,Carrion Crow,Animalia,Chordata,Aves,Passeriformes,Corvidae,Corvus,corone,03753_Animalia_Chordata_Aves_Passeriformes_Corvidae_Corvus_corone
680,3765,Cyanocorax yucatanicus,Yucatán Jay,Animalia,Chordata,Aves,Passeriformes,Corvidae,Cyanocorax,yucatanicus,03765_Animalia_Chordata_Aves_Passeriformes_Corvidae_Cyanocorax_yucatanicus
681,3784,Dicrurus leucophaeus,Ashy Drongo,Animalia,Chordata,Aves,Passeriformes,Dicruridae,Dicrurus,leucophaeus,03784_Animalia_Chordata_Aves_Passeriformes_Dicruridae_Dicrurus_leucophaeus
682,3790,Emberiza citrinella,Yellowhammer,Animalia,Chordata,Aves,Passeriformes,Emberizidae,Emberiza,citrinella,03790_Animalia_Chordata_Aves_Passeriformes_Emberizidae_Emberiza_citrinella
683,3811,Carpodacus sibiricus,Long-tailed Rosefinch,Animalia,Chordata,Aves,Passeriformes,Fringillidae,Carpodacus,sibiricus,03811_Animalia_Chordata_Aves_Passeriformes_Fringillidae_Carpodacus_sibiricus
684,3831,Pyrrhula pyrrhula,Eurasian Bullfinch,Animalia,Chordata,Aves,Passeriformes,Fringillidae,Pyrrhula,pyrrhula,03831_Animalia_Chordata_Aves_Passeriformes_Fringillidae_Pyrrhula_pyrrhula
685,3835,Spinus pinus,Pine Siskin,Animalia,Chordata,Aves,Passeriformes,Fringillidae,Spinus,pinus,03835_Animalia_Chordata_Aves_Passeriformes_Fringillidae_Spinus_pinus
686,3853,Petrochelidon pyrrhonota,Cliff Swallow,Animalia,Chordata,Aves,Passeriformes,Hirundinidae,Petrochelidon,pyrrhonota,03853_Animalia_Chordata_Aves_Passeriformes_Hirundinidae_Petrochelidon_pyrrhonota
687,3857,Ptyonoprogne rupestris,Eurasian Crag Martin,Animalia,Chordata,Aves,Passeriformes,Hirundinidae,Ptyonoprogne,rupestris,03857_Animalia_Chordata_Aves_Passeriformes_Hirundinidae_Ptyonoprogne_rupestris
688,3875,Euphagus cyanocephalus,Brewer's Blackbird,Animalia,Chordata,Aves,Passeriformes,Icteridae,Euphagus,cyanocephalus,03875_Animalia_Chordata_Aves_Passeriformes_Icteridae_Euphagus_cyanocephalus
689,3878,Icterus chrysater,Yellow-backed Oriole,Animalia,Chordata,Aves,Passeriformes,Icteridae,Icterus,chrysater,03878_Animalia_Chordata_Aves_Passeriformes_Icteridae_Icterus_chrysater
690,3929,Gavicalis virescens,Singing Honeyeater,Animalia,Chordata,Aves,Passeriformes,Meliphagidae,Gavicalis,virescens,03929_Animalia_Chordata_Aves_Passeriformes_Meliphagidae_Gavicalis_virescens
691,3957,Anthus cinnamomeus,Grassveld Pipit,Animalia,Chordata,Aves,Passeriformes,Motacillidae,Anthus,cinnamomeus,03957_Animalia_Chordata_Aves_Passeriformes_Motacillidae_Anthus_cinnamomeus
692,3967,Motacilla aguimp,African Pied Wagtail,Animalia,Chordata,Aves,Passeriformes,Motacillidae,Motacilla,aguimp,03967_Animalia_Chordata_Aves_Passeriformes_Motacillidae_Motacilla_aguimp
693,3970,Motacilla cinerea,Grey Wagtail,Animalia,Chordata,Aves,Passeriformes,Motacillidae,Motacilla,cinerea,03970_Animalia_Chordata_Aves_Passeriformes_Motacillidae_Motacilla_cinerea
694,3973,Motacilla tschutschensis,Eastern Yellow Wagtail,Animalia,Chordata,Aves,Passeriformes,Motacillidae,Motacilla,tschutschensis,03973_Animalia_Chordata_Aves_Passeriformes_Motacillidae_Motacilla_tschutschensis
695,3996,Saxicola caprata,Pied Bushchat,Animalia,Chordata,Aves,Passeriformes,Muscicapidae,Saxicola,caprata,03996_Animalia_Chordata_Aves_Passeriformes_Muscicapidae_Saxicola_caprata
696,4002,Aethopyga siparaja,Crimson Sunbird,Animalia,Chordata,Aves,Passeriformes,Nectariniidae,Aethopyga,siparaja,04002_Animalia_Chordata_Aves_Passeriformes_Nectariniidae_Aethopyga_siparaja
697,4030,Baeolophus wollweberi,Bridled Titmouse,Animalia,Chordata,Aves,Passeriformes,Paridae,Baeolophus,wollweberi,04030_Animalia_Chordata_Aves_Passeriformes_Paridae_Baeolophus_wollweberi
698,4088,Setophaga virens,Black-throated Green Warbler,Animalia,Chordata,Aves,Passeriformes,Parulidae,Setophaga,virens,04088_Animalia_Chordata_Aves_Passeriformes_Parulidae_Setophaga_virens
699,4103,Junco hyemalis,Dark-eyed Junco,Animalia,Chordata,Aves,Passeriformes,Passerellidae,Junco,hyemalis,04103_Animalia_Chordata_Aves_Passeriformes_Passerellidae_Junco_hyemalis
700,4134,Passer hispaniolensis,Spanish Sparrow,Animalia,Chordata,Aves,Passeriformes,Passeridae,Passer,hispaniolensis,04134_Animalia_Chordata_Aves_Passeriformes_Passeridae_Passer_hispaniolensis
701,4147,Amblyospiza albifrons,Grosbeak Weaver,Animalia,Chordata,Aves,Passeriformes,Ploceidae,Amblyospiza,albifrons,04147_Animalia_Chordata_Aves_Passeriformes_Ploceidae_Amblyospiza_albifrons
702,4188,Sitta europaea,Eurasian Nuthatch,Animalia,Chordata,Aves,Passeriformes,Sittidae,Sitta,europaea,04188_Animalia_Chordata_Aves_Passeriformes_Sittidae_Sitta_europaea
703,4226,Saltator atriceps,Black-headed Saltator,Animalia,Chordata,Aves,Passeriformes,Thraupidae,Saltator,atriceps,04226_Animalia_Chordata_Aves_Passeriformes_Thraupidae_Saltator_atriceps
704,4269,Catharus ustulatus,Swainson's Thrush,Animalia,Chordata,Aves,Passeriformes,Turdidae,Catharus,ustulatus,04269_Animalia_Chordata_Aves_Passeriformes_Turdidae_Catharus_ustulatus
705,4319,Myiozetetes cayanensis,Rusty-margined Flycatcher,Animalia,Chordata,Aves,Passeriformes,Tyrannidae,Myiozetetes,cayanensis,04319_Animalia_Chordata_Aves_Passeriformes_Tyrannidae_Myiozetetes_cayanensis
706,4324,Sayornis phoebe,Eastern Phoebe,Animalia,Chordata,Aves,Passeriformes,Tyrannidae,Sayornis,phoebe,04324_Animalia_Chordata_Aves_Passeriformes_Tyrannidae_Sayornis_phoebe
707,4335,Tyrannus verticalis,Western Kingbird,Animalia,Chordata,Aves,Passeriformes,Tyrannidae,Tyrannus,verticalis,04335_Animalia_Chordata_Aves_Passeriformes_Tyrannidae_Tyrannus_verticalis
708,4348,Vireo plumbeus,Plumbeous Vireo,Animalia,Chordata,Aves,Passeriformes,Vireonidae,Vireo,plumbeus,04348_Animalia_Chordata_Aves_Passeriformes_Vireonidae_Vireo_plumbeus
709,4354,Zosterops virens,Cape White-eye,Animalia,Chordata,Aves,Passeriformes,Zosteropidae,Zosterops,virens,04354_Animalia_Chordata_Aves_Passeriformes_Zosteropidae_Zosterops_virens
710,4411,Theristicus melanopis,Black-faced Ibis,Animalia,Chordata,Aves,Pelecaniformes,Threskiornithidae,Theristicus,melanopis,04411_Animalia_Chordata_Aves_Pelecaniformes_Threskiornithidae_Theristicus_melanopis
711,4413,Threskiornis melanocephalus,Black-headed Ibis,Animalia,Chordata,Aves,Pelecaniformes,Threskiornithidae,Threskiornis,melanocephalus,04413_Animalia_Chordata_Aves_Pelecaniformes_Threskiornithidae_Threskiornis_melanocephalus
712,4431,Colaptes punctigula,Spot-breasted Woodpecker,Animalia,Chordata,Aves,Piciformes,Picidae,Colaptes,punctigula,04431_Animalia_Chordata_Aves_Piciformes_Picidae_Colaptes_punctigula
713,4448,Jynx torquilla,Eurasian Wryneck,Animalia,Chordata,Aves,Piciformes,Picidae,Jynx,torquilla,04448_Animalia_Chordata_Aves_Piciformes_Picidae_Jynx_torquilla
714,4453,Melanerpes formicivorus,Acorn Woodpecker,Animalia,Chordata,Aves,Piciformes,Picidae,Melanerpes,formicivorus,04453_Animalia_Chordata_Aves_Piciformes_Picidae_Melanerpes_formicivorus
715,4460,Picoides dorsalis,American Three-toed Woodpecker,Animalia,Chordata,Aves,Piciformes,Picidae,Picoides,dorsalis,04460_Animalia_Chordata_Aves_Piciformes_Picidae_Picoides_dorsalis
716,4473,Aechmophorus clarkii,Clark's Grebe,Animalia,Chordata,Aves,Podicipediformes,Podicipedidae,Aechmophorus,clarkii,04473_Animalia_Chordata_Aves_Podicipediformes_Podicipedidae_Aechmophorus_clarkii
717,4475,Podiceps auritus,Horned Grebe,Animalia,Chordata,Aves,Podicipediformes,Podicipedidae,Podiceps,auritus,04475_Animalia_Chordata_Aves_Podicipediformes_Podicipedidae_Podiceps_auritus
718,4479,Podiceps nigricollis,Eared Grebe,Animalia,Chordata,Aves,Podicipediformes,Podicipedidae,Podiceps,nigricollis,04479_Animalia_Chordata_Aves_Podicipediformes_Podicipedidae_Podiceps_nigricollis
719,4490,Ardenna grisea,Sooty Shearwater,Animalia,Chordata,Aves,Procellariiformes,Procellariidae,Ardenna,grisea,04490_Animalia_Chordata_Aves_Procellariiformes_Procellariidae_Ardenna_grisea
720,4508,Aratinga nenday,Nanday Parakeet,Animalia,Chordata,Aves,Psittaciformes,Psittacidae,Aratinga,nenday,04508_Animalia_Chordata_Aves_Psittaciformes_Psittacidae_Aratinga_nenday
721,4539,Spheniscus magellanicus,Magellanic Penguin,Animalia,Chordata,Aves,Sphenisciformes,Spheniscidae,Spheniscus,magellanicus,04539_Animalia_Chordata_Aves_Sphenisciformes_Spheniscidae_Spheniscus_magellanicus
722,4574,Phalacrocorax auritus,Double-crested Cormorant,Animalia,Chordata,Aves,Suliformes,Phalacrocoracidae,Phalacrocorax,auritus,04574_Animalia_Chordata_Aves_Suliformes_Phalacrocoracidae_Phalacrocorax_auritus
723,4577,Phalacrocorax carbo,Great Cormorant,Animalia,Chordata,Aves,Suliformes,Phalacrocoracidae,Phalacrocorax,carbo,04577_Animalia_Chordata_Aves_Suliformes_Phalacrocoracidae_Phalacrocorax_carbo
724,4625,Connochaetes taurinus,Blue Wildebeest,Animalia,Chordata,Mammalia,Artiodactyla,Bovidae,Connochaetes,taurinus,04625_Animalia_Chordata_Mammalia_Artiodactyla_Bovidae_Connochaetes_taurinus
725,4634,Ovis aries,Domestic Sheep,Animalia,Chordata,Mammalia,Artiodactyla,Bovidae,Ovis,aries,04634_Animalia_Chordata_Mammalia_Artiodactyla_Bovidae_Ovis_aries
726,4646,Alces alces,Elk,Animalia,Chordata,Mammalia,Artiodactyla,Cervidae,Alces,alces,04646_Animalia_Chordata_Mammalia_Artiodactyla_Cervidae_Alces_alces
727,4698,Mustela erminea,Stoat,Animalia,Chordata,Mammalia,Carnivora,Mustelidae,Mustela,erminea,04698_Animalia_Chordata_Mammalia_Carnivora_Mustelidae_Mustela_erminea
728,4712,Mirounga angustirostris,Northern Elephant Seal,Animalia,Chordata,Mammalia,Carnivora,Phocidae,Mirounga,angustirostris,04712_Animalia_Chordata_Mammalia_Carnivora_Phocidae_Mirounga_angustirostris
729,4740,Wallabia bicolor,Swamp Wallaby,Animalia,Chordata,Mammalia,Diprotodontia,Macropodidae,Wallabia,bicolor,04740_Animalia_Chordata_Mammalia_Diprotodontia_Macropodidae_Wallabia_bicolor
730,4758,Sylvilagus aquaticus,Swamp Rabbit,Animalia,Chordata,Mammalia,Lagomorpha,Leporidae,Sylvilagus,aquaticus,04758_Animalia_Chordata_Mammalia_Lagomorpha_Leporidae_Sylvilagus_aquaticus
731,4781,Cebus capucinus,White-throated Capuchin,Animalia,Chordata,Mammalia,Primates,Cebidae,Cebus,capucinus,04781_Animalia_Chordata_Mammalia_Primates_Cebidae_Cebus_capucinus
732,4804,Peromyscus leucopus,White-footed Mouse,Animalia,Chordata,Mammalia,Rodentia,Cricetidae,Peromyscus,leucopus,04804_Animalia_Chordata_Mammalia_Rodentia_Cricetidae_Peromyscus_leucopus
733,4868,Agama picticauda,African Redhead Agama,Animalia,Chordata,Reptilia,Squamata,Agamidae,Agama,picticauda,04868_Animalia_Chordata_Reptilia_Squamata_Agamidae_Agama_picticauda
734,4880,Barisia imbricata,Transvolcanic Alligator Lizard,Animalia,Chordata,Reptilia,Squamata,Anguidae,Barisia,imbricata,04880_Animalia_Chordata_Reptilia_Squamata_Anguidae_Barisia_imbricata
735,4891,Bradypodion damaranum,Knysna Dwarf Chameleon,Animalia,Chordata,Reptilia,Squamata,Chamaeleonidae,Bradypodion,damaranum,04891_Animalia_Chordata_Reptilia_Squamata_Chamaeleonidae_Bradypodion_damaranum
736,4915,Hypsiglena jani,Chihuahuan Nightsnake,Animalia,Chordata,Reptilia,Squamata,Colubridae,Hypsiglena,jani,04915_Animalia_Chordata_Reptilia_Squamata_Colubridae_Hypsiglena_jani
737,4920,Lampropeltis gentilis,Western Milksnake,Animalia,Chordata,Reptilia,Squamata,Colubridae,Lampropeltis,gentilis,04920_Animalia_Chordata_Reptilia_Squamata_Colubridae_Lampropeltis_gentilis
738,4944,Opheodrys vernalis,Smooth Greensnake,Animalia,Chordata,Reptilia,Squamata,Colubridae,Opheodrys,vernalis,04944_Animalia_Chordata_Reptilia_Squamata_Colubridae_Opheodrys_vernalis
739,4947,Pantherophis emoryi,Great Plains Ratsnake,Animalia,Chordata,Reptilia,Squamata,Colubridae,Pantherophis,emoryi,04947_Animalia_Chordata_Reptilia_Squamata_Colubridae_Pantherophis_emoryi
740,4950,Pantherophis spiloides,Gray Ratsnake,Animalia,Chordata,Reptilia,Squamata,Colubridae,Pantherophis,spiloides,04950_Animalia_Chordata_Reptilia_Squamata_Colubridae_Pantherophis_spiloides
741,4960,Sonora semiannulata,Western Groundsnake,Animalia,Chordata,Reptilia,Squamata,Colubridae,Sonora,semiannulata,04960_Animalia_Chordata_Reptilia_Squamata_Colubridae_Sonora_semiannulata
742,4980,Basiliscus plumifrons,Green Basilisk,Animalia,Chordata,Reptilia,Squamata,Corytophanidae,Basiliscus,plumifrons,04980_Animalia_Chordata_Reptilia_Squamata_Corytophanidae_Basiliscus_plumifrons
743,5020,Lacerta viridis,Green Lizard,Animalia,Chordata,Reptilia,Squamata,Lacertidae,Lacerta,viridis,05020_Animalia_Chordata_Reptilia_Squamata_Lacertidae_Lacerta_viridis
744,5046,Sceloporus cowlesi,Southwestern Fence Lizard,Animalia,Chordata,Reptilia,Squamata,Phrynosomatidae,Sceloporus,cowlesi,05046_Animalia_Chordata_Reptilia_Squamata_Phrynosomatidae_Sceloporus_cowlesi
745,5070,Eulamprus quoyii,Eastern Water Skink,Animalia,Chordata,Reptilia,Squamata,Scincidae,Eulamprus,quoyii,05070_Animalia_Chordata_Reptilia_Squamata_Scincidae_Eulamprus_quoyii
746,5115,Crotalus cerastes,Sidewinder,Animalia,Chordata,Reptilia,Squamata,Viperidae,Crotalus,cerastes,05115_Animalia_Chordata_Reptilia_Squamata_Viperidae_Crotalus_cerastes
747,5140,Emys orbicularis,European Pond Turtle,Animalia,Chordata,Reptilia,Testudines,Emydidae,Emys,orbicularis,05140_Animalia_Chordata_Reptilia_Testudines_Emydidae_Emys_orbicularis
748,5199,Coscinasterias muricata,Eleven-armed Seastar,Animalia,Echinodermata,Asteroidea,Forcipulatida,Asteriidae,Coscinasterias,muricata,05199_Animalia_Echinodermata_Asteroidea_Forcipulatida_Asteriidae_Coscinasterias_muricata
749,5205,Patiria miniata,Bat Star,Animalia,Echinodermata,Asteroidea,Valvatida,Asterinidae,Patiria,miniata,05205_Animalia_Echinodermata_Asteroidea_Valvatida_Asterinidae_Patiria_miniata
750,5212,Strongylocentrotus droebachiensis,Green Sea Urchin,Animalia,Echinodermata,Echinoidea,Camarodonta,Strongylocentrotidae,Strongylocentrotus,droebachiensis,05212_Animalia_Echinodermata_Echinoidea_Camarodonta_Strongylocentrotidae_Strongylocentrotus_droebachiensis
751,5213,Strongylocentrotus purpuratus,Pacific Purple Sea Urchin,Animalia,Echinodermata,Echinoidea,Camarodonta,Strongylocentrotidae,Strongylocentrotus,purpuratus,05213_Animalia_Echinodermata_Echinoidea_Camarodonta_Strongylocentrotidae_Strongylocentrotus_purpuratus
752,5223,Donax gouldii,Gould Beanclam,Animalia,Mollusca,Bivalvia,Cardiida,Donacidae,Donax,gouldii,05223_Animalia_Mollusca_Bivalvia_Cardiida_Donacidae_Donax_gouldii
753,5242,Elliptio complanata,Eastern Elliptio,Animalia,Mollusca,Bivalvia,Unionida,Unionidae,Elliptio,complanata,05242_Animalia_Mollusca_Bivalvia_Unionida_Unionidae_Elliptio_complanata
754,5261,Navanax inermis,California Aglaja,Animalia,Mollusca,Gastropoda,Cephalaspidea,Aglajidae,Navanax,inermis,05261_Animalia_Mollusca_Gastropoda_Cephalaspidea_Aglajidae_Navanax_inermis
755,5299,Doriprismatica atromarginata,Black-margined Nudibranch,Animalia,Mollusca,Gastropoda,Nudibranchia,Chromodorididae,Doriprismatica,atromarginata,05299_Animalia_Mollusca_Gastropoda_Nudibranchia_Chromodorididae_Doriprismatica_atromarginata
756,5317,Hermissenda crassicornis,Thick-horned Nudibranch,Animalia,Mollusca,Gastropoda,Nudibranchia,Myrrhinidae,Hermissenda,crassicornis,05317_Animalia_Mollusca_Gastropoda_Nudibranchia_Myrrhinidae_Hermissenda_crassicornis
757,5364,Euglandina rosea,Rosy Wolfsnail,Animalia,Mollusca,Gastropoda,Stylommatophora,Spiraxidae,Euglandina,rosea,05364_Animalia_Mollusca_Gastropoda_Stylommatophora_Spiraxidae_Euglandina_rosea
758,5405,Protoparmeliopsis muralis,Stonewall Rim Lichen,Fungi,Ascomycota,Lecanoromycetes,Lecanorales,Lecanoraceae,Protoparmeliopsis,muralis,05405_Fungi_Ascomycota_Lecanoromycetes_Lecanorales_Lecanoraceae_Protoparmeliopsis_muralis
759,5423,Ramalina celastri,cartilage lichen,Fungi,Ascomycota,Lecanoromycetes,Lecanorales,Ramalinaceae,Ramalina,celastri,05423_Fungi_Ascomycota_Lecanoromycetes_Lecanorales_Ramalinaceae_Ramalina_celastri
760,5424,Ramalina farinacea,Farinose Cartilage Lichen,Fungi,Ascomycota,Lecanoromycetes,Lecanorales,Ramalinaceae,Ramalina,farinacea,05424_Fungi_Ascomycota_Lecanoromycetes_Lecanorales_Ramalinaceae_Ramalina_farinacea
761,5520,Hygrocybe flavescens,Golden Waxy Cap,Fungi,Basidiomycota,Agaricomycetes,Agaricales,Hygrophoraceae,Hygrocybe,flavescens,05520_Fungi_Basidiomycota_Agaricomycetes_Agaricales_Hygrophoraceae_Hygrocybe_flavescens
762,5530,Marasmius plicatulus,red pinwheel,Fungi,Basidiomycota,Agaricomycetes,Agaricales,Marasmiaceae,Marasmius,plicatulus,05530_Fungi_Basidiomycota_Agaricomycetes_Agaricales_Marasmiaceae_Marasmius_plicatulus
763,5576,Agrocybe praecox,Spring Fieldcap,Fungi,Basidiomycota,Agaricomycetes,Agaricales,Strophariaceae,Agrocybe,praecox,05576_Fungi_Basidiomycota_Agaricomycetes_Agaricales_Strophariaceae_Agrocybe_praecox
764,5590,Tubaria furfuracea,totally tedious tubaria,Fungi,Basidiomycota,Agaricomycetes,Agaricales,Tubariaceae,Tubaria,furfuracea,05590_Fungi_Basidiomycota_Agaricomycetes_Agaricales_Tubariaceae_Tubaria_furfuracea
765,5605,Strobilomyces strobilaceus,Old-man-of-the-woods,Fungi,Basidiomycota,Agaricomycetes,Boletales,Boletaceae,Strobilomyces,strobilaceus,05605_Fungi_Basidiomycota_Agaricomycetes_Boletales_Boletaceae_Strobilomyces_strobilaceus
766,5613,Scleroderma citrinum,common earthball,Fungi,Basidiomycota,Agaricomycetes,Boletales,Sclerodermataceae,Scleroderma,citrinum,05613_Fungi_Basidiomycota_Agaricomycetes_Boletales_Sclerodermataceae_Scleroderma_citrinum
767,5627,Clavulina coralloides,White Coral Fungus,Fungi,Basidiomycota,Agaricomycetes,Cantharellales,Clavulinaceae,Clavulina,coralloides,05627_Fungi_Basidiomycota_Agaricomycetes_Cantharellales_Clavulinaceae_Clavulina_coralloides
768,5628,Clavulina rugosa,Wrinkled Club,Fungi,Basidiomycota,Agaricomycetes,Cantharellales,Clavulinaceae,Clavulina,rugosa,05628_Fungi_Basidiomycota_Agaricomycetes_Cantharellales_Clavulinaceae_Clavulina_rugosa
769,5665,Meripilus giganteus,Giant Polypore,Fungi,Basidiomycota,Agaricomycetes,Polyporales,Meripilaceae,Meripilus,giganteus,05665_Fungi_Basidiomycota_Agaricomycetes_Polyporales_Meripilaceae_Meripilus_giganteus
770,5670,Phlebia incarnata,Coral-pink Merulius,Fungi,Basidiomycota,Agaricomycetes,Polyporales,Meruliaceae,Phlebia,incarnata,05670_Fungi_Basidiomycota_Agaricomycetes_Polyporales_Meruliaceae_Phlebia_incarnata
771,5684,Lentinus arcularius,Spring Polypore,Fungi,Basidiomycota,Agaricomycetes,Polyporales,Polyporaceae,Lentinus,arcularius,05684_Fungi_Basidiomycota_Agaricomycetes_Polyporales_Polyporaceae_Lentinus_arcularius
772,5693,Trametes hirsuta,Hairy Bracket,Fungi,Basidiomycota,Agaricomycetes,Polyporales,Polyporaceae,Trametes,hirsuta,05693_Fungi_Basidiomycota_Agaricomycetes_Polyporales_Polyporaceae_Trametes_hirsuta
773,5704,Lactarius deliciosus,saffron milkcap,Fungi,Basidiomycota,Agaricomycetes,Russulales,Russulaceae,Lactarius,deliciosus,05704_Fungi_Basidiomycota_Agaricomycetes_Russulales_Russulaceae_Lactarius_deliciosus
774,5744,Kindbergia oregana,Oregon Beaked Moss,Plantae,Bryophyta,Bryopsida,Hypnales,Brachytheciaceae,Kindbergia,oregana,05744_Plantae_Bryophyta_Bryopsida_Hypnales_Brachytheciaceae_Kindbergia_oregana
775,5746,Pleurozium schreberi,Red-stemmed Feather Moss,Plantae,Bryophyta,Bryopsida,Hypnales,Hylocomiaceae,Pleurozium,schreberi,05746_Plantae_Bryophyta_Bryopsida_Hypnales_Hylocomiaceae_Pleurozium_schreberi
776,5772,Conocephalum salebrosum,cat-tongue liverwort,Plantae,Marchantiophyta,Marchantiopsida,Marchantiales,Conocephalaceae,Conocephalum,salebrosum,05772_Plantae_Marchantiophyta_Marchantiopsida_Marchantiales_Conocephalaceae_Conocephalum_salebrosum
777,5787,Alisma triviale,Northern Water Plantain,Plantae,Tracheophyta,Liliopsida,Alismatales,Alismataceae,Alisma,triviale,05787_Plantae_Tracheophyta_Liliopsida_Alismatales_Alismataceae_Alisma_triviale
778,5803,Orontium aquaticum,Golden Club,Plantae,Tracheophyta,Liliopsida,Alismatales,Araceae,Orontium,aquaticum,05803_Plantae_Tracheophyta_Liliopsida_Alismatales_Araceae_Orontium_aquaticum
779,5813,Stratiotes aloides,Water-soldier,Plantae,Tracheophyta,Liliopsida,Alismatales,Hydrocharitaceae,Stratiotes,aloides,05813_Plantae_Tracheophyta_Liliopsida_Alismatales_Hydrocharitaceae_Stratiotes_aloides
780,5817,Potamogeton nodosus,Longleaf Pondweed,Plantae,Tracheophyta,Liliopsida,Alismatales,Potamogetonaceae,Potamogeton,nodosus,05817_Plantae_Tracheophyta_Liliopsida_Alismatales_Potamogetonaceae_Potamogeton_nodosus
781,5846,Allium vineale,wild garlic,Plantae,Tracheophyta,Liliopsida,Asparagales,Amaryllidaceae,Allium,vineale,05846_Plantae_Tracheophyta_Liliopsida_Asparagales_Amaryllidaceae_Allium_vineale
782,5867,Scadoxus puniceus,Paintbrush lily,Plantae,Tracheophyta,Liliopsida,Asparagales,Amaryllidaceae,Scadoxus,puniceus,05867_Plantae_Tracheophyta_Liliopsida_Asparagales_Amaryllidaceae_Scadoxus_puniceus
783,5899,Hesperoyucca whipplei,chaparral yucca,Plantae,Tracheophyta,Liliopsida,Asparagales,Asparagaceae,Hesperoyucca,whipplei,05899_Plantae_Tracheophyta_Liliopsida_Asparagales_Asparagaceae_Hesperoyucca_whipplei
784,5904,Liriope muscari,Liriope,Plantae,Tracheophyta,Liliopsida,Asparagales,Asparagaceae,Liriope,muscari,05904_Plantae_Tracheophyta_Liliopsida_Asparagales_Asparagaceae_Liriope_muscari
785,5926,Scilla bifolia,Alpine Squill,Plantae,Tracheophyta,Liliopsida,Asparagales,Asparagaceae,Scilla,bifolia,05926_Plantae_Tracheophyta_Liliopsida_Asparagales_Asparagaceae_Scilla_bifolia
786,5927,Scilla forbesii,Forbes' Glory-of-the-snow,Plantae,Tracheophyta,Liliopsida,Asparagales,Asparagaceae,Scilla,forbesii,05927_Plantae_Tracheophyta_Liliopsida_Asparagales_Asparagaceae_Scilla_forbesii
787,5942,Yucca schidigera,Mojave yucca,Plantae,Tracheophyta,Liliopsida,Asparagales,Asparagaceae,Yucca,schidigera,05942_Plantae_Tracheophyta_Liliopsida_Asparagales_Asparagaceae_Yucca_schidigera
788,5945,Aloe ferox,Cape Aloe,Plantae,Tracheophyta,Liliopsida,Asparagales,Asphodelaceae,Aloe,ferox,05945_Plantae_Tracheophyta_Liliopsida_Asparagales_Asphodelaceae_Aloe_ferox
789,5947,Asphodelus fistulosus,Onion-Leafed Asphodel,Plantae,Tracheophyta,Liliopsida,Asparagales,Asphodelaceae,Asphodelus,fistulosus,05947_Plantae_Tracheophyta_Liliopsida_Asparagales_Asphodelaceae_Asphodelus_fistulosus
790,5956,Astelia nervosa,Mountain Astelia,Plantae,Tracheophyta,Liliopsida,Asparagales,Asteliaceae,Astelia,nervosa,05956_Plantae_Tracheophyta_Liliopsida_Asparagales_Asteliaceae_Astelia_nervosa
791,5970,Iris missouriensis,western blue flag,Plantae,Tracheophyta,Liliopsida,Asparagales,Iridaceae,Iris,missouriensis,05970_Plantae_Tracheophyta_Liliopsida_Asparagales_Iridaceae_Iris_missouriensis
792,5982,Olsynium douglasii,Douglas's blue-eyed grass,Plantae,Tracheophyta,Liliopsida,Asparagales,Iridaceae,Olsynium,douglasii,05982_Plantae_Tracheophyta_Liliopsida_Asparagales_Iridaceae_Olsynium_douglasii
793,5983,Romulea rosea,Rosy sandcrocus,Plantae,Tracheophyta,Liliopsida,Asparagales,Iridaceae,Romulea,rosea,05983_Plantae_Tracheophyta_Liliopsida_Asparagales_Iridaceae_Romulea_rosea
794,6010,Corallorhiza trifida,Yellow Coralroot,Plantae,Tracheophyta,Liliopsida,Asparagales,Orchidaceae,Corallorhiza,trifida,06010_Plantae_Tracheophyta_Liliopsida_Asparagales_Orchidaceae_Corallorhiza_trifida
795,6049,Liparis loeselii,fen orchid,Plantae,Tracheophyta,Liliopsida,Asparagales,Orchidaceae,Liparis,loeselii,06049_Plantae_Tracheophyta_Liliopsida_Asparagales_Orchidaceae_Liparis_loeselii
796,6056,Oeceoclades maculata,Monk Orchid,Plantae,Tracheophyta,Liliopsida,Asparagales,Orchidaceae,Oeceoclades,maculata,06056_Plantae_Tracheophyta_Liliopsida_Asparagales_Orchidaceae_Oeceoclades_maculata
797,6064,Ophrys tenthredinifera,Sawfly Orchid,Plantae,Tracheophyta,Liliopsida,Asparagales,Orchidaceae,Ophrys,tenthredinifera,06064_Plantae_Tracheophyta_Liliopsida_Asparagales_Orchidaceae_Ophrys_tenthredinifera
798,6066,Orchis italica,Naked-man Orchid,Plantae,Tracheophyta,Liliopsida,Asparagales,Orchidaceae,Orchis,italica,06066_Plantae_Tracheophyta_Liliopsida_Asparagales_Orchidaceae_Orchis_italica
799,6080,Platanthera orbiculata,Round-leaved Bog Orchid,Plantae,Tracheophyta,Liliopsida,Asparagales,Orchidaceae,Platanthera,orbiculata,06080_Plantae_Tracheophyta_Liliopsida_Asparagales_Orchidaceae_Platanthera_orbiculata
800,6081,Platanthera psycodes,Lesser Purple Fringed Orchid,Plantae,Tracheophyta,Liliopsida,Asparagales,Orchidaceae,Platanthera,psycodes,06081_Plantae_Tracheophyta_Liliopsida_Asparagales_Orchidaceae_Platanthera_psycodes
801,6086,Prasophyllum colensoi,Leek Orchid,Plantae,Tracheophyta,Liliopsida,Asparagales,Orchidaceae,Prasophyllum,colensoi,06086_Plantae_Tracheophyta_Liliopsida_Asparagales_Orchidaceae_Prasophyllum_colensoi
802,6090,Pterostylis nutans,Nodding Greenhood,Plantae,Tracheophyta,Liliopsida,Asparagales,Orchidaceae,Pterostylis,nutans,06090_Plantae_Tracheophyta_Liliopsida_Asparagales_Orchidaceae_Pterostylis_nutans
803,6100,Spiranthes vernalis,Spring Ladies' Tresses,Plantae,Tracheophyta,Liliopsida,Asparagales,Orchidaceae,Spiranthes,vernalis,06100_Plantae_Tracheophyta_Liliopsida_Asparagales_Orchidaceae_Spiranthes_vernalis
804,6130,Calochortus albus,White Globe Lily,Plantae,Tracheophyta,Liliopsida,Liliales,Liliaceae,Calochortus,albus,06130_Plantae_Tracheophyta_Liliopsida_Liliales_Liliaceae_Calochortus_albus
805,6160,Fritillaria affinis,checker lily,Plantae,Tracheophyta,Liliopsida,Liliales,Liliaceae,Fritillaria,affinis,06160_Plantae_Tracheophyta_Liliopsida_Liliales_Liliaceae_Fritillaria_affinis
806,6166,Gagea lutea,Yellow Star-of-Bethlehem,Plantae,Tracheophyta,Liliopsida,Liliales,Liliaceae,Gagea,lutea,06166_Plantae_Tracheophyta_Liliopsida_Liliales_Liliaceae_Gagea_lutea
807,6191,Toxicoscordion fremontii,Fremont's Deathcamas,Plantae,Tracheophyta,Liliopsida,Liliales,Melanthiaceae,Toxicoscordion,fremontii,06191_Plantae_Tracheophyta_Liliopsida_Liliales_Melanthiaceae_Toxicoscordion_fremontii
808,6199,Trillium flexipes,nodding wakerobin,Plantae,Tracheophyta,Liliopsida,Liliales,Melanthiaceae,Trillium,flexipes,06199_Plantae_Tracheophyta_Liliopsida_Liliales_Melanthiaceae_Trillium_flexipes
809,6231,Carex albursina,White Bear Sedge,Plantae,Tracheophyta,Liliopsida,Poales,Cyperaceae,Carex,albursina,06231_Plantae_Tracheophyta_Liliopsida_Poales_Cyperaceae_Carex_albursina
810,6280,Cyperus odoratus,Fragrant flatsedge,Plantae,Tracheophyta,Liliopsida,Poales,Cyperaceae,Cyperus,odoratus,06280_Plantae_Tracheophyta_Liliopsida_Poales_Cyperaceae_Cyperus_odoratus
811,6316,Achnatherum miliaceum,Smilo Grass,Plantae,Tracheophyta,Liliopsida,Poales,Poaceae,Achnatherum,miliaceum,06316_Plantae_Tracheophyta_Liliopsida_Poales_Poaceae_Achnatherum_miliaceum
812,6338,Bouteloua gracilis,blue grama,Plantae,Tracheophyta,Liliopsida,Poales,Poaceae,Bouteloua,gracilis,06338_Plantae_Tracheophyta_Liliopsida_Poales_Poaceae_Bouteloua_gracilis
813,6344,Bromus catharticus,Rescuegrass,Plantae,Tracheophyta,Liliopsida,Poales,Poaceae,Bromus,catharticus,06344_Plantae_Tracheophyta_Liliopsida_Poales_Poaceae_Bromus_catharticus
814,6365,Dichanthelium clandestinum,deertongue,Plantae,Tracheophyta,Liliopsida,Poales,Poaceae,Dichanthelium,clandestinum,06365_Plantae_Tracheophyta_Liliopsida_Poales_Poaceae_Dichanthelium_clandestinum
815,6398,Miscanthus sinensis,Chinese silver grass,Plantae,Tracheophyta,Liliopsida,Poales,Poaceae,Miscanthus,sinensis,06398_Plantae_Tracheophyta_Liliopsida_Poales_Poaceae_Miscanthus_sinensis
816,6485,Anthriscus sylvestris,Cow Parsley,Plantae,Tracheophyta,Magnoliopsida,Apiales,Apiaceae,Anthriscus,sylvestris,06485_Plantae_Tracheophyta_Magnoliopsida_Apiales_Apiaceae_Anthriscus_sylvestris
817,6487,Astrantia major,great masterwort,Plantae,Tracheophyta,Magnoliopsida,Apiales,Apiaceae,Astrantia,major,06487_Plantae_Tracheophyta_Magnoliopsida_Apiales_Apiaceae_Astrantia_major
818,6569,Schefflera arboricola,Miniature umbrella tree,Plantae,Tracheophyta,Magnoliopsida,Apiales,Araliaceae,Schefflera,arboricola,06569_Plantae_Tracheophyta_Magnoliopsida_Apiales_Araliaceae_Schefflera_arboricola
819,6576,Pittosporum eugenioides,Lemonwood,Plantae,Tracheophyta,Magnoliopsida,Apiales,Pittosporaceae,Pittosporum,eugenioides,06576_Plantae_Tracheophyta_Magnoliopsida_Apiales_Pittosporaceae_Pittosporum_eugenioides
820,6580,Ilex cassine,dahoon,Plantae,Tracheophyta,Magnoliopsida,Aquifoliales,Aquifoliaceae,Ilex,cassine,06580_Plantae_Tracheophyta_Magnoliopsida_Aquifoliales_Aquifoliaceae_Ilex_cassine
821,6593,Acmella repens,Oppositeleaf Spotflower,Plantae,Tracheophyta,Magnoliopsida,Asterales,Asteraceae,Acmella,repens,06593_Plantae_Tracheophyta_Magnoliopsida_Asterales_Asteraceae_Acmella_repens
822,6601,Ageratum houstonianum,bluemink,Plantae,Tracheophyta,Magnoliopsida,Asterales,Asteraceae,Ageratum,houstonianum,06601_Plantae_Tracheophyta_Magnoliopsida_Asterales_Asteraceae_Ageratum_houstonianum
823,6647,Bahiopsis laciniata,San Diego County Viguiera,Plantae,Tracheophyta,Magnoliopsida,Asterales,Asteraceae,Bahiopsis,laciniata,06647_Plantae_Tracheophyta_Magnoliopsida_Asterales_Asteraceae_Bahiopsis_laciniata
824,6653,Bellis perennis,lawn daisy,Plantae,Tracheophyta,Magnoliopsida,Asterales,Asteraceae,Bellis,perennis,06653_Plantae_Tracheophyta_Magnoliopsida_Asterales_Asteraceae_Bellis_perennis
825,6665,Calendula arvensis,field marigold,Plantae,Tracheophyta,Magnoliopsida,Asterales,Asteraceae,Calendula,arvensis,06665_Plantae_Tracheophyta_Magnoliopsida_Asterales_Asteraceae_Calendula_arvensis
826,6667,Calycoseris wrightii,white tack-stem,Plantae,Tracheophyta,Magnoliopsida,Asterales,Asteraceae,Calycoseris,wrightii,06667_Plantae_Tracheophyta_Magnoliopsida_Asterales_Asteraceae_Calycoseris_wrightii
827,6668,Calyptocarpus vialis,straggler daisy,Plantae,Tracheophyta,Magnoliopsida,Asterales,Asteraceae,Calyptocarpus,vialis,06668_Plantae_Tracheophyta_Magnoliopsida_Asterales_Asteraceae_Calyptocarpus_vialis
828,6677,Centaurea calcitrapa,purple star-thistle,Plantae,Tracheophyta,Magnoliopsida,Asterales,Asteraceae,Centaurea,calcitrapa,06677_Plantae_Tracheophyta_Magnoliopsida_Asterales_Asteraceae_Centaurea_calcitrapa
829,6695,Chromolaena odorata,Siam weed,Plantae,Tracheophyta,Magnoliopsida,Asterales,Asteraceae,Chromolaena,odorata,06695_Plantae_Tracheophyta_Magnoliopsida_Asterales_Asteraceae_Chromolaena_odorata
830,6703,Cirsium arizonicum,Arizona thistle,Plantae,Tracheophyta,Magnoliopsida,Asterales,Asteraceae,Cirsium,arizonicum,06703_Plantae_Tracheophyta_Magnoliopsida_Asterales_Asteraceae_Cirsium_arizonicum
831,6721,Coreopsis lanceolata,Lance-leaved Coreopsis,Plantae,Tracheophyta,Magnoliopsida,Asterales,Asteraceae,Coreopsis,lanceolata,06721_Plantae_Tracheophyta_Magnoliopsida_Asterales_Asteraceae_Coreopsis_lanceolata
832,6744,Dimorphotheca fruticosa,trailing African daisy,Plantae,Tracheophyta,Magnoliopsida,Asterales,Asteraceae,Dimorphotheca,fruticosa,06744_Plantae_Tracheophyta_Magnoliopsida_Asterales_Asteraceae_Dimorphotheca_fruticosa
833,6750,Echinacea purpurea,purple coneflower,Plantae,Tracheophyta,Magnoliopsida,Asterales,Asteraceae,Echinacea,purpurea,06750_Plantae_Tracheophyta_Magnoliopsida_Asterales_Asteraceae_Echinacea_purpurea
834,6767,Ericameria nauseosa,rubber rabbitbrush,Plantae,Tracheophyta,Magnoliopsida,Asterales,Asteraceae,Ericameria,nauseosa,06767_Plantae_Tracheophyta_Magnoliopsida_Asterales_Asteraceae_Ericameria_nauseosa
835,6772,Erigeron compositus,cut-leaf fleabane,Plantae,Tracheophyta,Magnoliopsida,Asterales,Asteraceae,Erigeron,compositus,06772_Plantae_Tracheophyta_Magnoliopsida_Asterales_Asteraceae_Erigeron_compositus
836,6782,Eriophyllum lanatum,common woolly sunflower,Plantae,Tracheophyta,Magnoliopsida,Asterales,Asteraceae,Eriophyllum,lanatum,06782_Plantae_Tracheophyta_Magnoliopsida_Asterales_Asteraceae_Eriophyllum_lanatum
837,6792,Eurybia divaricata,White Wood Aster,Plantae,Tracheophyta,Magnoliopsida,Asterales,Asteraceae,Eurybia,divaricata,06792_Plantae_Tracheophyta_Magnoliopsida_Asterales_Asteraceae_Eurybia_divaricata
838,6814,Grindelia stricta,Oregon Gumplant,Plantae,Tracheophyta,Magnoliopsida,Asterales,Asteraceae,Grindelia,stricta,06814_Plantae_Tracheophyta_Magnoliopsida_Asterales_Asteraceae_Grindelia_stricta
839,6897,Mikania micrantha,mile-a-minute,Plantae,Tracheophyta,Magnoliopsida,Asterales,Asteraceae,Mikania,micrantha,06897_Plantae_Tracheophyta_Magnoliopsida_Asterales_Asteraceae_Mikania_micrantha
840,6944,Pluchea camphorata,Camphor-weed,Plantae,Tracheophyta,Magnoliopsida,Asterales,Asteraceae,Pluchea,camphorata,06944_Plantae_Tracheophyta_Magnoliopsida_Asterales_Asteraceae_Pluchea_camphorata
841,6946,Pluchea odorata,marsh fleabane,Plantae,Tracheophyta,Magnoliopsida,Asterales,Asteraceae,Pluchea,odorata,06946_Plantae_Tracheophyta_Magnoliopsida_Asterales_Asteraceae_Pluchea_odorata
842,6973,Senecio glomeratus,Cutleaf burnweed,Plantae,Tracheophyta,Magnoliopsida,Asterales,Asteraceae,Senecio,glomeratus,06973_Plantae_Tracheophyta_Magnoliopsida_Asterales_Asteraceae_Senecio_glomeratus
843,6999,Solidago hispida,Hairy Goldenrod,Plantae,Tracheophyta,Magnoliopsida,Asterales,Asteraceae,Solidago,hispida,06999_Plantae_Tracheophyta_Magnoliopsida_Asterales_Asteraceae_Solidago_hispida
844,7040,Tarchonanthus littoralis,Coastal Camphor Bush,Plantae,Tracheophyta,Magnoliopsida,Asterales,Asteraceae,Tarchonanthus,littoralis,07040_Plantae_Tracheophyta_Magnoliopsida_Asterales_Asteraceae_Tarchonanthus_littoralis
845,7043,Thelesperma filifolium,Greenthread,Plantae,Tracheophyta,Magnoliopsida,Asterales,Asteraceae,Thelesperma,filifolium,07043_Plantae_Tracheophyta_Magnoliopsida_Asterales_Asteraceae_Thelesperma_filifolium
846,7052,Tridax procumbens,Tridax daisy,Plantae,Tracheophyta,Magnoliopsida,Asterales,Asteraceae,Tridax,procumbens,07052_Plantae_Tracheophyta_Magnoliopsida_Asterales_Asteraceae_Tridax_procumbens
847,7059,Urospermum picroides,False Hawkbit,Plantae,Tracheophyta,Magnoliopsida,Asterales,Asteraceae,Urospermum,picroides,07059_Plantae_Tracheophyta_Magnoliopsida_Asterales_Asteraceae_Urospermum_picroides
848,7069,Viguiera dentata,Golden-Eye,Plantae,Tracheophyta,Magnoliopsida,Asterales,Asteraceae,Viguiera,dentata,07069_Plantae_Tracheophyta_Magnoliopsida_Asterales_Asteraceae_Viguiera_dentata
849,7114,Triodanis biflora,Venus' looking-glass,Plantae,Tracheophyta,Magnoliopsida,Asterales,Campanulaceae,Triodanis,biflora,07114_Plantae_Tracheophyta_Magnoliopsida_Asterales_Campanulaceae_Triodanis_biflora
850,7116,Wahlenbergia albomarginata,New Zealand Harebell,Plantae,Tracheophyta,Magnoliopsida,Asterales,Campanulaceae,Wahlenbergia,albomarginata,07116_Plantae_Tracheophyta_Magnoliopsida_Asterales_Campanulaceae_Wahlenbergia_albomarginata
851,7124,Nymphoides indica,Water Snowflake,Plantae,Tracheophyta,Magnoliopsida,Asterales,Menyanthaceae,Nymphoides,indica,07124_Plantae_Tracheophyta_Magnoliopsida_Asterales_Menyanthaceae_Nymphoides_indica
852,7133,Borago officinalis,Borage,Plantae,Tracheophyta,Magnoliopsida,Boraginales,Boraginaceae,Borago,officinalis,07133_Plantae_Tracheophyta_Magnoliopsida_Boraginales_Boraginaceae_Borago_officinalis
853,7134,Buglossoides arvensis,corn gromwell,Plantae,Tracheophyta,Magnoliopsida,Boraginales,Boraginaceae,Buglossoides,arvensis,07134_Plantae_Tracheophyta_Magnoliopsida_Boraginales_Boraginaceae_Buglossoides_arvensis
854,7140,Echium vulgare,viper's-bugloss,Plantae,Tracheophyta,Magnoliopsida,Boraginales,Boraginaceae,Echium,vulgare,07140_Plantae_Tracheophyta_Magnoliopsida_Boraginales_Boraginaceae_Echium_vulgare
855,7168,Mertensia paniculata,Tall Bluebell,Plantae,Tracheophyta,Magnoliopsida,Boraginales,Boraginaceae,Mertensia,paniculata,07168_Plantae_Tracheophyta_Magnoliopsida_Boraginales_Boraginaceae_Mertensia_paniculata
856,7190,Phacelia crenulata,notch-leaf scorpion-weed,Plantae,Tracheophyta,Magnoliopsida,Boraginales,Boraginaceae,Phacelia,crenulata,07190_Plantae_Tracheophyta_Magnoliopsida_Boraginales_Boraginaceae_Phacelia_crenulata
857,7239,Cardamine pratensis,Cuckooflower,Plantae,Tracheophyta,Magnoliopsida,Brassicales,Brassicaceae,Cardamine,pratensis,07239_Plantae_Tracheophyta_Magnoliopsida_Brassicales_Brassicaceae_Cardamine_pratensis
858,7269,Raphanus sativus,wild radish,Plantae,Tracheophyta,Magnoliopsida,Brassicales,Brassicaceae,Raphanus,sativus,07269_Plantae_Tracheophyta_Magnoliopsida_Brassicales_Brassicaceae_Raphanus_sativus
859,7297,Brunia noduliflora,Cone Stompie,Plantae,Tracheophyta,Magnoliopsida,Bruniales,Bruniaceae,Brunia,noduliflora,07297_Plantae_Tracheophyta_Magnoliopsida_Bruniales_Bruniaceae_Brunia_noduliflora
860,7304,Mesembryanthemum cordifolium,heart-leaf ice plant,Plantae,Tracheophyta,Magnoliopsida,Caryophyllales,Aizoaceae,Mesembryanthemum,cordifolium,07304_Plantae_Tracheophyta_Magnoliopsida_Caryophyllales_Aizoaceae_Mesembryanthemum_cordifolium
861,7313,Amaranthus palmeri,Palmer's amaranth,Plantae,Tracheophyta,Magnoliopsida,Caryophyllales,Amaranthaceae,Amaranthus,palmeri,07313_Plantae_Tracheophyta_Magnoliopsida_Caryophyllales_Amaranthaceae_Amaranthus_palmeri
862,7365,Echinocereus fendleri,Fendler's hedgehog cactus,Plantae,Tracheophyta,Magnoliopsida,Caryophyllales,Cactaceae,Echinocereus,fendleri,07365_Plantae_Tracheophyta_Magnoliopsida_Caryophyllales_Cactaceae_Echinocereus_fendleri
863,7377,Ferocactus emoryi,Emory's barrel cactus,Plantae,Tracheophyta,Magnoliopsida,Caryophyllales,Cactaceae,Ferocactus,emoryi,07377_Plantae_Tracheophyta_Magnoliopsida_Caryophyllales_Cactaceae_Ferocactus_emoryi
864,7385,Lophocereus schottii,senita cactus,Plantae,Tracheophyta,Magnoliopsida,Caryophyllales,Cactaceae,Lophocereus,schottii,07385_Plantae_Tracheophyta_Magnoliopsida_Caryophyllales_Cactaceae_Lophocereus_schottii
865,7441,Rabelera holostea,greater stitchwort,Plantae,Tracheophyta,Magnoliopsida,Caryophyllales,Caryophyllaceae,Rabelera,holostea,07441_Plantae_Tracheophyta_Magnoliopsida_Caryophyllales_Caryophyllaceae_Rabelera_holostea
866,7445,Saponaria officinalis,common soapwort,Plantae,Tracheophyta,Magnoliopsida,Caryophyllales,Caryophyllaceae,Saponaria,officinalis,07445_Plantae_Tracheophyta_Magnoliopsida_Caryophyllales_Caryophyllaceae_Saponaria_officinalis
867,7447,Silene acaulis,Moss Campion,Plantae,Tracheophyta,Magnoliopsida,Caryophyllales,Caryophyllaceae,Silene,acaulis,07447_Plantae_Tracheophyta_Magnoliopsida_Caryophyllales_Caryophyllaceae_Silene_acaulis
868,7457,Silene stellata,starry campion,Plantae,Tracheophyta,Magnoliopsida,Caryophyllales,Caryophyllaceae,Silene,stellata,07457_Plantae_Tracheophyta_Magnoliopsida_Caryophyllales_Caryophyllaceae_Silene_stellata
869,7459,Silene virginica,fire pink,Plantae,Tracheophyta,Magnoliopsida,Caryophyllales,Caryophyllaceae,Silene,virginica,07459_Plantae_Tracheophyta_Magnoliopsida_Caryophyllales_Caryophyllaceae_Silene_virginica
870,7466,Stellaria nemorum,Wood Stitchwort,Plantae,Tracheophyta,Magnoliopsida,Caryophyllales,Caryophyllaceae,Stellaria,nemorum,07466_Plantae_Tracheophyta_Magnoliopsida_Caryophyllales_Caryophyllaceae_Stellaria_nemorum
871,7499,Abronia umbellata,Pink Sand Verbena,Plantae,Tracheophyta,Magnoliopsida,Caryophyllales,Nyctaginaceae,Abronia,umbellata,07499_Plantae_Tracheophyta_Magnoliopsida_Caryophyllales_Nyctaginaceae_Abronia_umbellata
872,7515,Plumbago auriculata,Cape leadwort,Plantae,Tracheophyta,Magnoliopsida,Caryophyllales,Plumbaginaceae,Plumbago,auriculata,07515_Plantae_Tracheophyta_Magnoliopsida_Caryophyllales_Plumbaginaceae_Plumbago_auriculata
873,7521,Chorizanthe brevicornu,sagebrush chorizanthe,Plantae,Tracheophyta,Magnoliopsida,Caryophyllales,Polygonaceae,Chorizanthe,brevicornu,07521_Plantae_Tracheophyta_Magnoliopsida_Caryophyllales_Polygonaceae_Chorizanthe_brevicornu
874,7531,Eriogonum nudum,Naked Buckwheat,Plantae,Tracheophyta,Magnoliopsida,Caryophyllales,Polygonaceae,Eriogonum,nudum,07531_Plantae_Tracheophyta_Magnoliopsida_Caryophyllales_Polygonaceae_Eriogonum_nudum
875,7542,Muehlenbeckia complexa,maidenhair vine,Plantae,Tracheophyta,Magnoliopsida,Caryophyllales,Polygonaceae,Muehlenbeckia,complexa,07542_Plantae_Tracheophyta_Magnoliopsida_Caryophyllales_Polygonaceae_Muehlenbeckia_complexa
876,7548,Persicaria hydropiper,waterpepper,Plantae,Tracheophyta,Magnoliopsida,Caryophyllales,Polygonaceae,Persicaria,hydropiper,07548_Plantae_Tracheophyta_Magnoliopsida_Caryophyllales_Polygonaceae_Persicaria_hydropiper
877,7562,Reynoutria sachalinensis,Giant Knotweed,Plantae,Tracheophyta,Magnoliopsida,Caryophyllales,Polygonaceae,Reynoutria,sachalinensis,07562_Plantae_Tracheophyta_Magnoliopsida_Caryophyllales_Polygonaceae_Reynoutria_sachalinensis
878,7648,Lonicera japonica,Japanese honeysuckle,Plantae,Tracheophyta,Magnoliopsida,Dipsacales,Caprifoliaceae,Lonicera,japonica,07648_Plantae_Tracheophyta_Magnoliopsida_Dipsacales_Caprifoliaceae_Lonicera_japonica
879,7657,Scabiosa columbaria,Small Scabious,Plantae,Tracheophyta,Magnoliopsida,Dipsacales,Caprifoliaceae,Scabiosa,columbaria,07657_Plantae_Tracheophyta_Magnoliopsida_Dipsacales_Caprifoliaceae_Scabiosa_columbaria
880,7694,Impatiens noli-tangere,Touch-me-not Balsam,Plantae,Tracheophyta,Magnoliopsida,Ericales,Balsaminaceae,Impatiens,noli-tangere,07694_Plantae_Tracheophyta_Magnoliopsida_Ericales_Balsaminaceae_Impatiens_noli-tangere
881,7735,Erica imbricata,Salt-and-Pepper Heath,Plantae,Tracheophyta,Magnoliopsida,Ericales,Ericaceae,Erica,imbricata,07735_Plantae_Tracheophyta_Magnoliopsida_Ericales_Ericaceae_Erica_imbricata
882,7771,Pyrola picta,white-veined wintergreen,Plantae,Tracheophyta,Magnoliopsida,Ericales,Ericaceae,Pyrola,picta,07771_Plantae_Tracheophyta_Magnoliopsida_Ericales_Ericaceae_Pyrola_picta
883,7803,Fouquieria splendens,ocotillo,Plantae,Tracheophyta,Magnoliopsida,Ericales,Fouquieriaceae,Fouquieria,splendens,07803_Plantae_Tracheophyta_Magnoliopsida_Ericales_Fouquieriaceae_Fouquieria_splendens
884,7833,Phlox paniculata,fall phlox,Plantae,Tracheophyta,Magnoliopsida,Ericales,Polemoniaceae,Phlox,paniculata,07833_Plantae_Tracheophyta_Magnoliopsida_Ericales_Polemoniaceae_Phlox_paniculata
885,7859,Lysimachia quadrifolia,whorled loosestrife,Plantae,Tracheophyta,Magnoliopsida,Ericales,Primulaceae,Lysimachia,quadrifolia,07859_Plantae_Tracheophyta_Magnoliopsida_Ericales_Primulaceae_Lysimachia_quadrifolia
886,7881,Sarracenia alata,pale pitcherplant,Plantae,Tracheophyta,Magnoliopsida,Ericales,Sarraceniaceae,Sarracenia,alata,07881_Plantae_Tracheophyta_Magnoliopsida_Ericales_Sarraceniaceae_Sarracenia_alata
887,7885,Sarracenia purpurea,purple pitcher plant,Plantae,Tracheophyta,Magnoliopsida,Ericales,Sarraceniaceae,Sarracenia,purpurea,07885_Plantae_Tracheophyta_Magnoliopsida_Ericales_Sarraceniaceae_Sarracenia_purpurea
888,7938,Chamaecytisus ruthenicus,Chamaecytisus ruthenicus,Plantae,Tracheophyta,Magnoliopsida,Fabales,Fabaceae,Chamaecytisus,ruthenicus,07938_Plantae_Tracheophyta_Magnoliopsida_Fabales_Fabaceae_Chamaecytisus_ruthenicus
889,7972,Hoffmannseggia microphylla,Wand Holdback,Plantae,Tracheophyta,Magnoliopsida,Fabales,Fabaceae,Hoffmannseggia,microphylla,07972_Plantae_Tracheophyta_Magnoliopsida_Fabales_Fabaceae_Hoffmannseggia_microphylla
890,8003,Lupinus concinnus,bajada lupine,Plantae,Tracheophyta,Magnoliopsida,Fabales,Fabaceae,Lupinus,concinnus,08003_Plantae_Tracheophyta_Magnoliopsida_Fabales_Fabaceae_Lupinus_concinnus
891,8029,Mimosa pudica,Sensitive Plant,Plantae,Tracheophyta,Magnoliopsida,Fabales,Fabaceae,Mimosa,pudica,08029_Plantae_Tracheophyta_Magnoliopsida_Fabales_Fabaceae_Mimosa_pudica
892,8034,Olneya tesota,ironwood,Plantae,Tracheophyta,Magnoliopsida,Fabales,Fabaceae,Olneya,tesota,08034_Plantae_Tracheophyta_Magnoliopsida_Fabales_Fabaceae_Olneya_tesota
893,8054,Psorothamnus spinosus,smoke tree,Plantae,Tracheophyta,Magnoliopsida,Fabales,Fabaceae,Psorothamnus,spinosus,08054_Plantae_Tracheophyta_Magnoliopsida_Fabales_Fabaceae_Psorothamnus_spinosus
894,8082,Tephrosia virginiana,goat's rue,Plantae,Tracheophyta,Magnoliopsida,Fabales,Fabaceae,Tephrosia,virginiana,08082_Plantae_Tracheophyta_Magnoliopsida_Fabales_Fabaceae_Tephrosia_virginiana
895,8087,Trifolium aureum,large hop clover,Plantae,Tracheophyta,Magnoliopsida,Fabales,Fabaceae,Trifolium,aureum,08087_Plantae_Tracheophyta_Magnoliopsida_Fabales_Fabaceae_Trifolium_aureum
896,8089,Trifolium depauperatum,cowbag clover,Plantae,Tracheophyta,Magnoliopsida,Fabales,Fabaceae,Trifolium,depauperatum,08089_Plantae_Tracheophyta_Magnoliopsida_Fabales_Fabaceae_Trifolium_depauperatum
897,8102,Trifolium willdenovii,tomcat clover,Plantae,Tracheophyta,Magnoliopsida,Fabales,Fabaceae,Trifolium,willdenovii,08102_Plantae_Tracheophyta_Magnoliopsida_Fabales_Fabaceae_Trifolium_willdenovii
898,8171,Quercus buckleyi,Buckley's oak,Plantae,Tracheophyta,Magnoliopsida,Fagales,Fagaceae,Quercus,buckleyi,08171_Plantae_Tracheophyta_Magnoliopsida_Fagales_Fagaceae_Quercus_buckleyi
899,8196,Quercus nigra,water oak,Plantae,Tracheophyta,Magnoliopsida,Fagales,Fagaceae,Quercus,nigra,08196_Plantae_Tracheophyta_Magnoliopsida_Fagales_Fagaceae_Quercus_nigra
900,8229,Amsonia tabernaemontana,eastern bluestar,Plantae,Tracheophyta,Magnoliopsida,Gentianales,Apocynaceae,Amsonia,tabernaemontana,08229_Plantae_Tracheophyta_Magnoliopsida_Gentianales_Apocynaceae_Amsonia_tabernaemontana
901,8232,Araujia sericifera,white bladderflower,Plantae,Tracheophyta,Magnoliopsida,Gentianales,Apocynaceae,Araujia,sericifera,08232_Plantae_Tracheophyta_Magnoliopsida_Gentianales_Apocynaceae_Araujia_sericifera
902,8244,Asclepias humistrata,Sandhill milkweed,Plantae,Tracheophyta,Magnoliopsida,Gentianales,Apocynaceae,Asclepias,humistrata,08244_Plantae_Tracheophyta_Magnoliopsida_Gentianales_Apocynaceae_Asclepias_humistrata
903,8279,Parsonsia heterophylla,New Zealand jasmine,Plantae,Tracheophyta,Magnoliopsida,Gentianales,Apocynaceae,Parsonsia,heterophylla,08279_Plantae_Tracheophyta_Magnoliopsida_Gentianales_Apocynaceae_Parsonsia_heterophylla
904,8303,Gentiana linearis,Narrowleaf Gentian,Plantae,Tracheophyta,Magnoliopsida,Gentianales,Gentianaceae,Gentiana,linearis,08303_Plantae_Tracheophyta_Magnoliopsida_Gentianales_Gentianaceae_Gentiana_linearis
905,8326,Coprosma foetidissima,Stinkwood,Plantae,Tracheophyta,Magnoliopsida,Gentianales,Rubiaceae,Coprosma,foetidissima,08326_Plantae_Tracheophyta_Magnoliopsida_Gentianales_Rubiaceae_Coprosma_foetidissima
906,8330,Coprosma repens,Mirror bush,Plantae,Tracheophyta,Magnoliopsida,Gentianales,Rubiaceae,Coprosma,repens,08330_Plantae_Tracheophyta_Magnoliopsida_Gentianales_Rubiaceae_Coprosma_repens
907,8359,Psychotria asiatica,Red Psychotria,Plantae,Tracheophyta,Magnoliopsida,Gentianales,Rubiaceae,Psychotria,asiatica,08359_Plantae_Tracheophyta_Magnoliopsida_Gentianales_Rubiaceae_Psychotria_asiatica
908,8386,Geranium sibiricum,Siberian Crane's-bill,Plantae,Tracheophyta,Magnoliopsida,Geraniales,Geraniaceae,Geranium,sibiricum,08386_Plantae_Tracheophyta_Magnoliopsida_Geraniales_Geraniaceae_Geranium_sibiricum
909,8395,Avicennia germinans,black mangrove,Plantae,Tracheophyta,Magnoliopsida,Lamiales,Acanthaceae,Avicennia,germinans,08395_Plantae_Tracheophyta_Magnoliopsida_Lamiales_Acanthaceae_Avicennia_germinans
910,8459,Marrubium vulgare,white horehound,Plantae,Tracheophyta,Magnoliopsida,Lamiales,Lamiaceae,Marrubium,vulgare,08459_Plantae_Tracheophyta_Magnoliopsida_Lamiales_Lamiaceae_Marrubium_vulgare
911,8475,Origanum vulgare,Oregano,Plantae,Tracheophyta,Magnoliopsida,Lamiales,Lamiaceae,Origanum,vulgare,08475_Plantae_Tracheophyta_Magnoliopsida_Lamiales_Lamiaceae_Origanum_vulgare
912,8511,Stachys floridana,Florida Hedgenettle,Plantae,Tracheophyta,Magnoliopsida,Lamiales,Lamiaceae,Stachys,floridana,08511_Plantae_Tracheophyta_Magnoliopsida_Lamiales_Lamiaceae_Stachys_floridana
913,8533,Utricularia gibba,humped bladderwort,Plantae,Tracheophyta,Magnoliopsida,Lamiales,Lentibulariaceae,Utricularia,gibba,08533_Plantae_Tracheophyta_Magnoliopsida_Lamiales_Lentibulariaceae_Utricularia_gibba
914,8563,Aphyllon uniflorum,one-flowered cancer-root,Plantae,Tracheophyta,Magnoliopsida,Lamiales,Orobanchaceae,Aphyllon,uniflorum,08563_Plantae_Tracheophyta_Magnoliopsida_Lamiales_Orobanchaceae_Aphyllon_uniflorum
915,8564,Bartsia alpina,Velvetbells,Plantae,Tracheophyta,Magnoliopsida,Lamiales,Orobanchaceae,Bartsia,alpina,08564_Plantae_Tracheophyta_Magnoliopsida_Lamiales_Orobanchaceae_Bartsia_alpina
916,8588,Castilleja wightii,Wight's Paintbrush,Plantae,Tracheophyta,Magnoliopsida,Lamiales,Orobanchaceae,Castilleja,wightii,08588_Plantae_Tracheophyta_Magnoliopsida_Lamiales_Orobanchaceae_Castilleja_wightii
917,8595,Lathraea squamaria,Common Toothwort,Plantae,Tracheophyta,Magnoliopsida,Lamiales,Orobanchaceae,Lathraea,squamaria,08595_Plantae_Tracheophyta_Magnoliopsida_Lamiales_Orobanchaceae_Lathraea_squamaria
918,8635,Bacopa monnieri,Herb-of-Grace,Plantae,Tracheophyta,Magnoliopsida,Lamiales,Plantaginaceae,Bacopa,monnieri,08635_Plantae_Tracheophyta_Magnoliopsida_Lamiales_Plantaginaceae_Bacopa_monnieri
919,8637,Chelone glabra,white turtlehead,Plantae,Tracheophyta,Magnoliopsida,Lamiales,Plantaginaceae,Chelone,glabra,08637_Plantae_Tracheophyta_Magnoliopsida_Lamiales_Plantaginaceae_Chelone_glabra
920,8654,Mecardonia procumbens,Yellow-flowered waterhyssop,Plantae,Tracheophyta,Magnoliopsida,Lamiales,Plantaginaceae,Mecardonia,procumbens,08654_Plantae_Tracheophyta_Magnoliopsida_Lamiales_Plantaginaceae_Mecardonia_procumbens
921,8662,Penstemon digitalis,foxglove beardtongue,Plantae,Tracheophyta,Magnoliopsida,Lamiales,Plantaginaceae,Penstemon,digitalis,08662_Plantae_Tracheophyta_Magnoliopsida_Lamiales_Plantaginaceae_Penstemon_digitalis
922,8669,Penstemon procerus,Small-flower Beardtongue,Plantae,Tracheophyta,Magnoliopsida,Lamiales,Plantaginaceae,Penstemon,procerus,08669_Plantae_Tracheophyta_Magnoliopsida_Lamiales_Plantaginaceae_Penstemon_procerus
923,8690,Veronica beccabunga,Brooklime,Plantae,Tracheophyta,Magnoliopsida,Lamiales,Plantaginaceae,Veronica,beccabunga,08690_Plantae_Tracheophyta_Magnoliopsida_Lamiales_Plantaginaceae_Veronica_beccabunga
924,8698,Veronica persica,Persian Speedwell,Plantae,Tracheophyta,Magnoliopsida,Lamiales,Plantaginaceae,Veronica,persica,08698_Plantae_Tracheophyta_Magnoliopsida_Lamiales_Plantaginaceae_Veronica_persica
925,8707,Veronicastrum virginicum,Culver's root,Plantae,Tracheophyta,Magnoliopsida,Lamiales,Plantaginaceae,Veronicastrum,virginicum,08707_Plantae_Tracheophyta_Magnoliopsida_Lamiales_Plantaginaceae_Veronicastrum_virginicum
926,8774,Croton lindheimeri,Lindheimer's Doveweed,Plantae,Tracheophyta,Magnoliopsida,Malpighiales,Euphorbiaceae,Croton,lindheimeri,08774_Plantae_Tracheophyta_Magnoliopsida_Malpighiales_Euphorbiaceae_Croton_lindheimeri
927,8797,Euphorbia marginata,snow-on-the-mountain,Plantae,Tracheophyta,Magnoliopsida,Malpighiales,Euphorbiaceae,Euphorbia,marginata,08797_Plantae_Tracheophyta_Magnoliopsida_Malpighiales_Euphorbiaceae_Euphorbia_marginata
928,8814,Jatropha dioica,Leatherstem,Plantae,Tracheophyta,Magnoliopsida,Malpighiales,Euphorbiaceae,Jatropha,dioica,08814_Plantae_Tracheophyta_Magnoliopsida_Malpighiales_Euphorbiaceae_Jatropha_dioica
929,8858,Populus deltoides,eastern cottonwood,Plantae,Tracheophyta,Magnoliopsida,Malpighiales,Salicaceae,Populus,deltoides,08858_Plantae_Tracheophyta_Magnoliopsida_Malpighiales_Salicaceae_Populus_deltoides
930,8865,Salix alba,white willow,Plantae,Tracheophyta,Magnoliopsida,Malpighiales,Salicaceae,Salix,alba,08865_Plantae_Tracheophyta_Magnoliopsida_Malpighiales_Salicaceae_Salix_alba
931,8868,Salix caprea,goat willow,Plantae,Tracheophyta,Magnoliopsida,Malpighiales,Salicaceae,Salix,caprea,08868_Plantae_Tracheophyta_Magnoliopsida_Malpighiales_Salicaceae_Salix_caprea
932,8888,Viola blanda,sweet white violet,Plantae,Tracheophyta,Magnoliopsida,Malpighiales,Violaceae,Viola,blanda,08888_Plantae_Tracheophyta_Magnoliopsida_Malpighiales_Violaceae_Viola_blanda
933,8889,Viola canadensis,Canada violet,Plantae,Tracheophyta,Magnoliopsida,Malpighiales,Violaceae,Viola,canadensis,08889_Plantae_Tracheophyta_Magnoliopsida_Malpighiales_Violaceae_Viola_canadensis
934,8892,Viola hastata,Halberd-leaved violet,Plantae,Tracheophyta,Magnoliopsida,Malpighiales,Violaceae,Viola,hastata,08892_Plantae_Tracheophyta_Magnoliopsida_Malpighiales_Violaceae_Viola_hastata
935,8910,Viola riviniana,common dog-violet,Plantae,Tracheophyta,Magnoliopsida,Malpighiales,Violaceae,Viola,riviniana,08910_Plantae_Tracheophyta_Magnoliopsida_Malpighiales_Violaceae_Viola_riviniana
936,8944,Hibiscus denudatus,Rock Hibiscus,Plantae,Tracheophyta,Magnoliopsida,Malvales,Malvaceae,Hibiscus,denudatus,08944_Plantae_Tracheophyta_Magnoliopsida_Malvales_Malvaceae_Hibiscus_denudatus
937,8950,Hibiscus trionum,flower-of-an-hour,Plantae,Tracheophyta,Magnoliopsida,Malvales,Malvaceae,Hibiscus,trionum,08950_Plantae_Tracheophyta_Magnoliopsida_Malvales_Malvaceae_Hibiscus_trionum
938,8973,Sida ciliaris,bracted fanpetals,Plantae,Tracheophyta,Magnoliopsida,Malvales,Malvaceae,Sida,ciliaris,08973_Plantae_Tracheophyta_Magnoliopsida_Malvales_Malvaceae_Sida_ciliaris
939,8985,Urena lobata,Caesar weed,Plantae,Tracheophyta,Magnoliopsida,Malvales,Malvaceae,Urena,lobata,08985_Plantae_Tracheophyta_Magnoliopsida_Malvales_Malvaceae_Urena_lobata
940,9022,Myrtus communis,myrtle,Plantae,Tracheophyta,Magnoliopsida,Myrtales,Myrtaceae,Myrtus,communis,09022_Plantae_Tracheophyta_Magnoliopsida_Myrtales_Myrtaceae_Myrtus_communis
941,9029,Chylismia brevipes,yellow cups,Plantae,Tracheophyta,Magnoliopsida,Myrtales,Onagraceae,Chylismia,brevipes,09029_Plantae_Tracheophyta_Magnoliopsida_Myrtales_Onagraceae_Chylismia_brevipes
942,9030,Chylismia claviformis,Browneyes,Plantae,Tracheophyta,Magnoliopsida,Myrtales,Onagraceae,Chylismia,claviformis,09030_Plantae_Tracheophyta_Magnoliopsida_Myrtales_Onagraceae_Chylismia_claviformis
943,9065,Oenothera glazioviana,Large-flowered Evening-primrose,Plantae,Tracheophyta,Magnoliopsida,Myrtales,Onagraceae,Oenothera,glazioviana,09065_Plantae_Tracheophyta_Magnoliopsida_Myrtales_Onagraceae_Oenothera_glazioviana
944,9077,Saltera sarcocolla,vliebos,Plantae,Tracheophyta,Magnoliopsida,Myrtales,Penaeaceae,Saltera,sarcocolla,09077_Plantae_Tracheophyta_Magnoliopsida_Myrtales_Penaeaceae_Saltera_sarcocolla
945,9078,Brasenia schreberi,Watershield,Plantae,Tracheophyta,Magnoliopsida,Nymphaeales,Cabombaceae,Brasenia,schreberi,09078_Plantae_Tracheophyta_Magnoliopsida_Nymphaeales_Cabombaceae_Brasenia_schreberi
946,9091,Oxalis acetosella,common woodsorrel,Plantae,Tracheophyta,Magnoliopsida,Oxalidales,Oxalidaceae,Oxalis,acetosella,09091_Plantae_Tracheophyta_Magnoliopsida_Oxalidales_Oxalidaceae_Oxalis_acetosella
947,9094,Oxalis debilis,Largeflower pink-sorrel,Plantae,Tracheophyta,Magnoliopsida,Oxalidales,Oxalidaceae,Oxalis,debilis,09094_Plantae_Tracheophyta_Magnoliopsida_Oxalidales_Oxalidaceae_Oxalis_debilis
948,9114,Hexastylis arifolia,little brown jug,Plantae,Tracheophyta,Magnoliopsida,Piperales,Aristolochiaceae,Hexastylis,arifolia,09114_Plantae_Tracheophyta_Magnoliopsida_Piperales_Aristolochiaceae_Hexastylis_arifolia
949,9118,Saururus cernuus,lizard's tail,Plantae,Tracheophyta,Magnoliopsida,Piperales,Saururaceae,Saururus,cernuus,09118_Plantae_Tracheophyta_Magnoliopsida_Piperales_Saururaceae_Saururus_cernuus
950,9146,Berberis repens,creeping mahonia,Plantae,Tracheophyta,Magnoliopsida,Ranunculales,Berberidaceae,Berberis,repens,09146_Plantae_Tracheophyta_Magnoliopsida_Ranunculales_Berberidaceae_Berberis_repens
951,9160,Argemone munita,flatbud prickly poppy,Plantae,Tracheophyta,Magnoliopsida,Ranunculales,Papaveraceae,Argemone,munita,09160_Plantae_Tracheophyta_Magnoliopsida_Ranunculales_Papaveraceae_Argemone_munita
952,9181,Glaucium flavum,sea poppy,Plantae,Tracheophyta,Magnoliopsida,Ranunculales,Papaveraceae,Glaucium,flavum,09181_Plantae_Tracheophyta_Magnoliopsida_Ranunculales_Papaveraceae_Glaucium_flavum
953,9200,Actaea rubra,red baneberry,Plantae,Tracheophyta,Magnoliopsida,Ranunculales,Ranunculaceae,Actaea,rubra,09200_Plantae_Tracheophyta_Magnoliopsida_Ranunculales_Ranunculaceae_Actaea_rubra
954,9227,Clematis drummondii,old man's beard,Plantae,Tracheophyta,Magnoliopsida,Ranunculales,Ranunculaceae,Clematis,drummondii,09227_Plantae_Tracheophyta_Magnoliopsida_Ranunculales_Ranunculaceae_Clematis_drummondii
955,9228,Clematis lasiantha,Pipestem Clematis,Plantae,Tracheophyta,Magnoliopsida,Ranunculales,Ranunculaceae,Clematis,lasiantha,09228_Plantae_Tracheophyta_Magnoliopsida_Ranunculales_Ranunculaceae_Clematis_lasiantha
956,9231,Clematis paniculata,Puawhananga,Plantae,Tracheophyta,Magnoliopsida,Ranunculales,Ranunculaceae,Clematis,paniculata,09231_Plantae_Tracheophyta_Magnoliopsida_Ranunculales_Ranunculaceae_Clematis_paniculata
957,9254,Nigella damascena,love-in-a-mist,Plantae,Tracheophyta,Magnoliopsida,Ranunculales,Ranunculaceae,Nigella,damascena,09254_Plantae_Tracheophyta_Magnoliopsida_Ranunculales_Ranunculaceae_Nigella_damascena
958,9287,Xanthorhiza simplicissima,Shrub Yellowroot,Plantae,Tracheophyta,Magnoliopsida,Ranunculales,Ranunculaceae,Xanthorhiza,simplicissima,09287_Plantae_Tracheophyta_Magnoliopsida_Ranunculales_Ranunculaceae_Xanthorhiza_simplicissima
959,9306,Ficus aurea,Florida Strangler Fig,Plantae,Tracheophyta,Magnoliopsida,Rosales,Moraceae,Ficus,aurea,09306_Plantae_Tracheophyta_Magnoliopsida_Rosales_Moraceae_Ficus_aurea
960,9309,Ficus petiolaris,Petiolate Fig,Plantae,Tracheophyta,Magnoliopsida,Rosales,Moraceae,Ficus,petiolaris,09309_Plantae_Tracheophyta_Magnoliopsida_Rosales_Moraceae_Ficus_petiolaris
961,9313,Morus alba,white mulberry,Plantae,Tracheophyta,Magnoliopsida,Rosales,Moraceae,Morus,alba,09313_Plantae_Tracheophyta_Magnoliopsida_Rosales_Moraceae_Morus_alba
962,9320,Ceanothus crassifolius,hoaryleaf ceanothus,Plantae,Tracheophyta,Magnoliopsida,Rosales,Rhamnaceae,Ceanothus,crassifolius,09320_Plantae_Tracheophyta_Magnoliopsida_Rosales_Rhamnaceae_Ceanothus_crassifolius
963,9332,Ceanothus velutinus,Tobacco Brush,Plantae,Tracheophyta,Magnoliopsida,Rosales,Rhamnaceae,Ceanothus,velutinus,09332_Plantae_Tracheophyta_Magnoliopsida_Rosales_Rhamnaceae_Ceanothus_velutinus
964,9339,Frangula caroliniana,Carolina buckthorn,Plantae,Tracheophyta,Magnoliopsida,Rosales,Rhamnaceae,Frangula,caroliniana,09339_Plantae_Tracheophyta_Magnoliopsida_Rosales_Rhamnaceae_Frangula_caroliniana
965,9344,Rhamnus cathartica,common buckthorn,Plantae,Tracheophyta,Magnoliopsida,Rosales,Rhamnaceae,Rhamnus,cathartica,09344_Plantae_Tracheophyta_Magnoliopsida_Rosales_Rhamnaceae_Rhamnus_cathartica
966,9371,Comarum palustre,marsh cinquefoil,Plantae,Tracheophyta,Magnoliopsida,Rosales,Rosaceae,Comarum,palustre,09371_Plantae_Tracheophyta_Magnoliopsida_Rosales_Rosaceae_Comarum_palustre
967,9386,Fragaria virginiana,Virginia strawberry,Plantae,Tracheophyta,Magnoliopsida,Rosales,Rosaceae,Fragaria,virginiana,09386_Plantae_Tracheophyta_Magnoliopsida_Rosales_Rosaceae_Fragaria_virginiana
968,9388,Geum aleppicum,Yellow Avens,Plantae,Tracheophyta,Magnoliopsida,Rosales,Rosaceae,Geum,aleppicum,09388_Plantae_Tracheophyta_Magnoliopsida_Rosales_Rosaceae_Geum_aleppicum
969,9404,Photinia serratifolia,Chinese Photinia,Plantae,Tracheophyta,Magnoliopsida,Rosales,Rosaceae,Photinia,serratifolia,09404_Plantae_Tracheophyta_Magnoliopsida_Rosales_Rosaceae_Photinia_serratifolia
970,9466,Rubus hispidus,swamp dewberry,Plantae,Tracheophyta,Magnoliopsida,Rosales,Rosaceae,Rubus,hispidus,09466_Plantae_Tracheophyta_Magnoliopsida_Rosales_Rosaceae_Rubus_hispidus
971,9481,Rubus ursinus,California Blackberry,Plantae,Tracheophyta,Magnoliopsida,Rosales,Rosaceae,Rubus,ursinus,09481_Plantae_Tracheophyta_Magnoliopsida_Rosales_Rosaceae_Rubus_ursinus
972,9482,Sanguisorba canadensis,Canadian burnet,Plantae,Tracheophyta,Magnoliopsida,Rosales,Rosaceae,Sanguisorba,canadensis,09482_Plantae_Tracheophyta_Magnoliopsida_Rosales_Rosaceae_Sanguisorba_canadensis
973,9495,Spiraea splendens,Mountain Spiraea,Plantae,Tracheophyta,Magnoliopsida,Rosales,Rosaceae,Spiraea,splendens,09495_Plantae_Tracheophyta_Magnoliopsida_Rosales_Rosaceae_Spiraea_splendens
974,9526,Phoradendron leucarpum,oak mistletoe,Plantae,Tracheophyta,Magnoliopsida,Santalales,Santalaceae,Phoradendron,leucarpum,09526_Plantae_Tracheophyta_Magnoliopsida_Santalales_Santalaceae_Phoradendron_leucarpum
975,9531,Mangifera indica,Indian Mango,Plantae,Tracheophyta,Magnoliopsida,Sapindales,Anacardiaceae,Mangifera,indica,09531_Plantae_Tracheophyta_Magnoliopsida_Sapindales_Anacardiaceae_Mangifera_indica
976,9540,Rhus ovata,sugar bush,Plantae,Tracheophyta,Magnoliopsida,Sapindales,Anacardiaceae,Rhus,ovata,09540_Plantae_Tracheophyta_Magnoliopsida_Sapindales_Anacardiaceae_Rhus_ovata
977,9563,Zanthoxylum fagara,Lime Prickly-ash,Plantae,Tracheophyta,Magnoliopsida,Sapindales,Rutaceae,Zanthoxylum,fagara,09563_Plantae_Tracheophyta_Magnoliopsida_Sapindales_Rutaceae_Zanthoxylum_fagara
978,9573,Acer nigrum,black maple,Plantae,Tracheophyta,Magnoliopsida,Sapindales,Sapindaceae,Acer,nigrum,09573_Plantae_Tracheophyta_Magnoliopsida_Sapindales_Sapindaceae_Acer_nigrum
979,9575,Acer pensylvanicum,striped maple,Plantae,Tracheophyta,Magnoliopsida,Sapindales,Sapindaceae,Acer,pensylvanicum,09575_Plantae_Tracheophyta_Magnoliopsida_Sapindales_Sapindaceae_Acer_pensylvanicum
980,9580,Acer saccharum,sugar maple,Plantae,Tracheophyta,Magnoliopsida,Sapindales,Sapindaceae,Acer,saccharum,09580_Plantae_Tracheophyta_Magnoliopsida_Sapindales_Sapindaceae_Acer_saccharum
981,9628,Ribes cereum,wax currant,Plantae,Tracheophyta,Magnoliopsida,Saxifragales,Grossulariaceae,Ribes,cereum,09628_Plantae_Tracheophyta_Magnoliopsida_Saxifragales_Grossulariaceae_Ribes_cereum
982,9692,Ipomoea batatas,sweet potato,Plantae,Tracheophyta,Magnoliopsida,Solanales,Convolvulaceae,Ipomoea,batatas,09692_Plantae_Tracheophyta_Magnoliopsida_Solanales_Convolvulaceae_Ipomoea_batatas
983,9710,Hydrolea ovata,Blue Waterleaf,Plantae,Tracheophyta,Magnoliopsida,Solanales,Hydroleaceae,Hydrolea,ovata,09710_Plantae_Tracheophyta_Magnoliopsida_Solanales_Hydroleaceae_Hydrolea_ovata
984,9719,Hyoscyamus niger,henbane,Plantae,Tracheophyta,Magnoliopsida,Solanales,Solanaceae,Hyoscyamus,niger,09719_Plantae_Tracheophyta_Magnoliopsida_Solanales_Solanaceae_Hyoscyamus_niger
985,9751,Ampelopsis arborea,pepper vine,Plantae,Tracheophyta,Magnoliopsida,Vitales,Vitaceae,Ampelopsis,arborea,09751_Plantae_Tracheophyta_Magnoliopsida_Vitales_Vitaceae_Ampelopsis_arborea
986,9763,Vitis riparia,riverbank grape,Plantae,Tracheophyta,Magnoliopsida,Vitales,Vitaceae,Vitis,riparia,09763_Plantae_Tracheophyta_Magnoliopsida_Vitales_Vitaceae_Vitis_riparia
987,9770,Guaiacum coulteri,Guaiacum coulteri,Plantae,Tracheophyta,Magnoliopsida,Zygophyllales,Zygophyllaceae,Guaiacum,coulteri,09770_Plantae_Tracheophyta_Magnoliopsida_Zygophyllales_Zygophyllaceae_Guaiacum_coulteri
988,9772,Larrea tridentata,creosote bush,Plantae,Tracheophyta,Magnoliopsida,Zygophyllales,Zygophyllaceae,Larrea,tridentata,09772_Plantae_Tracheophyta_Magnoliopsida_Zygophyllales_Zygophyllaceae_Larrea_tridentata
989,9804,Larix laricina,tamarack,Plantae,Tracheophyta,Pinopsida,Pinales,Pinaceae,Larix,laricina,09804_Plantae_Tracheophyta_Pinopsida_Pinales_Pinaceae_Larix_laricina
990,9813,Picea rubens,red spruce,Plantae,Tracheophyta,Pinopsida,Pinales,Pinaceae,Picea,rubens,09813_Plantae_Tracheophyta_Pinopsida_Pinales_Pinaceae_Picea_rubens
991,9824,Pinus jeffreyi,Jeffrey's pine,Plantae,Tracheophyta,Pinopsida,Pinales,Pinaceae,Pinus,jeffreyi,09824_Plantae_Tracheophyta_Pinopsida_Pinales_Pinaceae_Pinus_jeffreyi
992,9827,Pinus monophylla,singleleaf pinyon,Plantae,Tracheophyta,Pinopsida,Pinales,Pinaceae,Pinus,monophylla,09827_Plantae_Tracheophyta_Pinopsida_Pinales_Pinaceae_Pinus_monophylla
993,9852,Podocarpus laetus,Hall's totara,Plantae,Tracheophyta,Pinopsida,Pinales,Podocarpaceae,Podocarpus,laetus,09852_Plantae_Tracheophyta_Pinopsida_Pinales_Podocarpaceae_Podocarpus_laetus
994,9862,Cyathea smithii,soft tree fern,Plantae,Tracheophyta,Polypodiopsida,Cyatheales,Cyatheaceae,Cyathea,smithii,09862_Plantae_Tracheophyta_Polypodiopsida_Cyatheales_Cyatheaceae_Cyathea_smithii
995,9897,Asplenium hookerianum,Hooker's Spleenwort,Plantae,Tracheophyta,Polypodiopsida,Polypodiales,Aspleniaceae,Asplenium,hookerianum,09897_Plantae_Tracheophyta_Polypodiopsida_Polypodiales_Aspleniaceae_Asplenium_hookerianum
996,9898,Asplenium montanum,mountain spleenwort,Plantae,Tracheophyta,Polypodiopsida,Polypodiales,Aspleniaceae,Asplenium,montanum,09898_Plantae_Tracheophyta_Polypodiopsida_Polypodiales_Aspleniaceae_Asplenium_montanum
997,9905,Asplenium scolopendrium,Hart's-tongue fern,Plantae,Tracheophyta,Polypodiopsida,Polypodiales,Aspleniaceae,Asplenium,scolopendrium,09905_Plantae_Tracheophyta_Polypodiopsida_Polypodiales_Aspleniaceae_Asplenium_scolopendrium
998,9971,Adiantum pedatum,northern maidenhair fern,Plantae,Tracheophyta,Polypodiopsida,Polypodiales,Pteridaceae,Adiantum,pedatum,09971_Plantae_Tracheophyta_Polypodiopsida_Polypodiales_Pteridaceae_Adiantum_pedatum
999,9972,Aspidotis densa,serpentine fern,Plantae,Tracheophyta,Polypodiopsida,Polypodiales,Pteridaceae,Aspidotis,densa,09972_Plantae_Tracheophyta_Polypodiopsida_Polypodiales_Pteridaceae_Aspidotis_densa
